#usda 1.0
(
    customLayerData = {
        dictionary cameraSettings = {
            dictionary Front = {
                double3 position = (5, 0, 0)
                double radius = 5
            }
            dictionary Perspective = {
                double3 position = (0.03729476512623592, 0.4024803805588758, 0.10615415238647156)
                double3 target = (-0.028339907163696068, -0.0037584802269347017, 0.10579091320659861)
            }
            dictionary Right = {
                double3 position = (0, -5, 0)
                double radius = 5
            }
            dictionary Top = {
                double3 position = (0, 0, 5)
                double radius = 5
            }
            string boundCamera = "/OmniverseKit_Persp"
        }
        dictionary omni_layer = {
            string authoring_layer = "./lever.usd"
        }
        dictionary renderSettings = {
        }
    }
    defaultPrim = "world"
    doc = """Generated from Composed Stage of root layer /home/aida/wasman/src/wasman/assets/data/objects/ambench/lever.usd
"""
    kilogramsPerUnit = 1
    metersPerUnit = 1
    upAxis = "Z"
)

def Xform "world"
{
    quatf xformOp:orient = (1, 0, 0, 0)
    float3 xformOp:scale = (1, 1, 1)
    double3 xformOp:translate = (0, 0, 0)
    uniform token[] xformOpOrder = ["xformOp:translate", "xformOp:orient", "xformOp:scale"]

    def Xform "lever" (
        apiSchemas = ["PhysicsArticulationRootAPI", "PhysxArticulationAPI", "PhysicsFilteredPairsAPI"]
    )
    {
        custom string[] joint_names = ["lever_joint"]
        custom double[] joint_positions = [0]
        rel physics:filteredPairs = [
            </world/lever/base>,
            </world/lever/lever>,
        ]
        quatf xformOp:orient = (1, 0, 0, 0)
        double3 xformOp:translate = (0, 0, 0)
        uniform token[] xformOpOrder = ["xformOp:translate", "xformOp:orient"]

        def Xform "base" (
            apiSchemas = ["PhysicsRigidBodyAPI", "PhysxRigidBodyAPI", "PhysicsMassAPI"]
        )
        {
            quatf xformOp:orient = (1, 0, 0, 0)
            double3 xformOp:translate = (0, 0, 0)
            uniform token[] xformOpOrder = ["xformOp:translate", "xformOp:orient"]

            def Cube "base_collision" (
                apiSchemas = ["PhysicsCollisionAPI", "MaterialBindingAPI"]
            )
            {
                rel material:binding = </world/Looks/Anodized> (
                    bindMaterialAs = "weakerThanDescendants"
                )
                color3f[] primvars:displayColor = [(0.9882353, 0.007843138, 0.14901961)]
                quatf xformOp:orient = (1, 0, 0, 0)
                float3 xformOp:scale = (0.0375, 0.015, 0.015)
                double3 xformOp:translate = (0, 0, 0)
                uniform token[] xformOpOrder = ["xformOp:translate", "xformOp:orient", "xformOp:scale"]
            }

            def Cube "Mount" (
                prepend apiSchemas = ["MaterialBindingAPI"]
            )
            {
                rel material:binding = </world/Looks/Anodized>
                double size = 1
                float3 xformOp:scale = (0.09, 0.08, 0.008)
                double3 xformOp:translate = (0, 0, -0.015)
                uniform token[] xformOpOrder = ["xformOp:translate", "xformOp:scale"]
            }

            def Mesh "Bolt38" (
                prepend apiSchemas = ["MaterialBindingAPI"]
            )
            {
                int[] faceVertexCounts = [4, 4, 4, 4, 4, 4, 6, 6]
                int[] faceVertexIndices = [0, 1, 7, 6, 1, 2, 8, 7, 2, 3, 9, 8, 3, 4, 10, 9, 4, 5, 11, 10, 5, 0, 6, 11, 5, 4, 3, 2, 1, 0, 6, 7, 8, 9, 10, 11]
                rel material:binding = </world/Looks/Steel>
                point3f[] points = [(0.006, 0, -0.003), (0.003, 0.0051961523, -0.003), (-0.003, 0.0051961523, -0.003), (-0.006, 7.3478805e-19, -0.003), (-0.003, -0.0051961523, -0.003), (0.003, -0.0051961523, -0.003), (0.006, 0, 0.003), (0.003, 0.0051961523, 0.003), (-0.003, 0.0051961523, 0.003), (-0.006, 7.3478805e-19, 0.003), (-0.003, -0.0051961523, 0.003), (0.003, -0.0051961523, 0.003)]
                uniform token subdivisionScheme = "none"
                double3 xformOp:translate = (-0.035, -0.029, -0.009)
                uniform token[] xformOpOrder = ["xformOp:translate"]
            }

            def Mesh "Socket38" (
                prepend apiSchemas = ["MaterialBindingAPI"]
            )
            {
                int[] faceVertexCounts = [4, 4, 4, 4, 4, 4, 6, 6]
                int[] faceVertexIndices = [0, 1, 7, 6, 1, 2, 8, 7, 2, 3, 9, 8, 3, 4, 10, 9, 4, 5, 11, 10, 5, 0, 6, 11, 5, 4, 3, 2, 1, 0, 6, 7, 8, 9, 10, 11]
                rel material:binding = </world/Looks/Socket>
                point3f[] points = [(0.0027, 0, -0.0005), (0.00135, 0.0023382686, -0.0005), (-0.00135, 0.0023382686, -0.0005), (-0.0027, 3.3065464e-19, -0.0005), (-0.00135, -0.0023382686, -0.0005), (0.00135, -0.0023382686, -0.0005), (0.0027, 0, 0.0005), (0.00135, 0.0023382686, 0.0005), (-0.00135, 0.0023382686, 0.0005), (-0.0027, 3.3065464e-19, 0.0005), (-0.00135, -0.0023382686, 0.0005), (0.00135, -0.0023382686, 0.0005)]
                uniform token subdivisionScheme = "none"
                double3 xformOp:translate = (-0.035, -0.029, -0.0055)
                uniform token[] xformOpOrder = ["xformOp:translate"]
            }

            def Mesh "Bolt40" (
                prepend apiSchemas = ["MaterialBindingAPI"]
            )
            {
                int[] faceVertexCounts = [4, 4, 4, 4, 4, 4, 6, 6]
                int[] faceVertexIndices = [0, 1, 7, 6, 1, 2, 8, 7, 2, 3, 9, 8, 3, 4, 10, 9, 4, 5, 11, 10, 5, 0, 6, 11, 5, 4, 3, 2, 1, 0, 6, 7, 8, 9, 10, 11]
                rel material:binding = </world/Looks/Steel>
                point3f[] points = [(0.006, 0, -0.003), (0.003, 0.0051961523, -0.003), (-0.003, 0.0051961523, -0.003), (-0.006, 7.3478805e-19, -0.003), (-0.003, -0.0051961523, -0.003), (0.003, -0.0051961523, -0.003), (0.006, 0, 0.003), (0.003, 0.0051961523, 0.003), (-0.003, 0.0051961523, 0.003), (-0.006, 7.3478805e-19, 0.003), (-0.003, -0.0051961523, 0.003), (0.003, -0.0051961523, 0.003)]
                uniform token subdivisionScheme = "none"
                double3 xformOp:translate = (-0.035, 0.029, -0.009)
                uniform token[] xformOpOrder = ["xformOp:translate"]
            }

            def Mesh "Socket40" (
                prepend apiSchemas = ["MaterialBindingAPI"]
            )
            {
                int[] faceVertexCounts = [4, 4, 4, 4, 4, 4, 6, 6]
                int[] faceVertexIndices = [0, 1, 7, 6, 1, 2, 8, 7, 2, 3, 9, 8, 3, 4, 10, 9, 4, 5, 11, 10, 5, 0, 6, 11, 5, 4, 3, 2, 1, 0, 6, 7, 8, 9, 10, 11]
                rel material:binding = </world/Looks/Socket>
                point3f[] points = [(0.0027, 0, -0.0005), (0.00135, 0.0023382686, -0.0005), (-0.00135, 0.0023382686, -0.0005), (-0.0027, 3.3065464e-19, -0.0005), (-0.00135, -0.0023382686, -0.0005), (0.00135, -0.0023382686, -0.0005), (0.0027, 0, 0.0005), (0.00135, 0.0023382686, 0.0005), (-0.00135, 0.0023382686, 0.0005), (-0.0027, 3.3065464e-19, 0.0005), (-0.00135, -0.0023382686, 0.0005), (0.00135, -0.0023382686, 0.0005)]
                uniform token subdivisionScheme = "none"
                double3 xformOp:translate = (-0.035, 0.029, -0.0055)
                uniform token[] xformOpOrder = ["xformOp:translate"]
            }

            def Mesh "Bolt42" (
                prepend apiSchemas = ["MaterialBindingAPI"]
            )
            {
                int[] faceVertexCounts = [4, 4, 4, 4, 4, 4, 6, 6]
                int[] faceVertexIndices = [0, 1, 7, 6, 1, 2, 8, 7, 2, 3, 9, 8, 3, 4, 10, 9, 4, 5, 11, 10, 5, 0, 6, 11, 5, 4, 3, 2, 1, 0, 6, 7, 8, 9, 10, 11]
                rel material:binding = </world/Looks/Steel>
                point3f[] points = [(0.006, 0, -0.003), (0.003, 0.0051961523, -0.003), (-0.003, 0.0051961523, -0.003), (-0.006, 7.3478805e-19, -0.003), (-0.003, -0.0051961523, -0.003), (0.003, -0.0051961523, -0.003), (0.006, 0, 0.003), (0.003, 0.0051961523, 0.003), (-0.003, 0.0051961523, 0.003), (-0.006, 7.3478805e-19, 0.003), (-0.003, -0.0051961523, 0.003), (0.003, -0.0051961523, 0.003)]
                uniform token subdivisionScheme = "none"
                double3 xformOp:translate = (0.035, -0.029, -0.009)
                uniform token[] xformOpOrder = ["xformOp:translate"]
            }

            def Mesh "Socket42" (
                prepend apiSchemas = ["MaterialBindingAPI"]
            )
            {
                int[] faceVertexCounts = [4, 4, 4, 4, 4, 4, 6, 6]
                int[] faceVertexIndices = [0, 1, 7, 6, 1, 2, 8, 7, 2, 3, 9, 8, 3, 4, 10, 9, 4, 5, 11, 10, 5, 0, 6, 11, 5, 4, 3, 2, 1, 0, 6, 7, 8, 9, 10, 11]
                rel material:binding = </world/Looks/Socket>
                point3f[] points = [(0.0027, 0, -0.0005), (0.00135, 0.0023382686, -0.0005), (-0.00135, 0.0023382686, -0.0005), (-0.0027, 3.3065464e-19, -0.0005), (-0.00135, -0.0023382686, -0.0005), (0.00135, -0.0023382686, -0.0005), (0.0027, 0, 0.0005), (0.00135, 0.0023382686, 0.0005), (-0.00135, 0.0023382686, 0.0005), (-0.0027, 3.3065464e-19, 0.0005), (-0.00135, -0.0023382686, 0.0005), (0.00135, -0.0023382686, 0.0005)]
                uniform token subdivisionScheme = "none"
                double3 xformOp:translate = (0.035, -0.029, -0.0055)
                uniform token[] xformOpOrder = ["xformOp:translate"]
            }

            def Mesh "Bolt44" (
                prepend apiSchemas = ["MaterialBindingAPI"]
            )
            {
                int[] faceVertexCounts = [4, 4, 4, 4, 4, 4, 6, 6]
                int[] faceVertexIndices = [0, 1, 7, 6, 1, 2, 8, 7, 2, 3, 9, 8, 3, 4, 10, 9, 4, 5, 11, 10, 5, 0, 6, 11, 5, 4, 3, 2, 1, 0, 6, 7, 8, 9, 10, 11]
                rel material:binding = </world/Looks/Steel>
                point3f[] points = [(0.006, 0, -0.003), (0.003, 0.0051961523, -0.003), (-0.003, 0.0051961523, -0.003), (-0.006, 7.3478805e-19, -0.003), (-0.003, -0.0051961523, -0.003), (0.003, -0.0051961523, -0.003), (0.006, 0, 0.003), (0.003, 0.0051961523, 0.003), (-0.003, 0.0051961523, 0.003), (-0.006, 7.3478805e-19, 0.003), (-0.003, -0.0051961523, 0.003), (0.003, -0.0051961523, 0.003)]
                uniform token subdivisionScheme = "none"
                double3 xformOp:translate = (0.035, 0.029, -0.009)
                uniform token[] xformOpOrder = ["xformOp:translate"]
            }

            def Mesh "Socket44" (
                prepend apiSchemas = ["MaterialBindingAPI"]
            )
            {
                int[] faceVertexCounts = [4, 4, 4, 4, 4, 4, 6, 6]
                int[] faceVertexIndices = [0, 1, 7, 6, 1, 2, 8, 7, 2, 3, 9, 8, 3, 4, 10, 9, 4, 5, 11, 10, 5, 0, 6, 11, 5, 4, 3, 2, 1, 0, 6, 7, 8, 9, 10, 11]
                rel material:binding = </world/Looks/Socket>
                point3f[] points = [(0.0027, 0, -0.0005), (0.00135, 0.0023382686, -0.0005), (-0.00135, 0.0023382686, -0.0005), (-0.0027, 3.3065464e-19, -0.0005), (-0.00135, -0.0023382686, -0.0005), (0.00135, -0.0023382686, -0.0005), (0.0027, 0, 0.0005), (0.00135, 0.0023382686, 0.0005), (-0.00135, 0.0023382686, 0.0005), (-0.0027, 3.3065464e-19, 0.0005), (-0.00135, -0.0023382686, 0.0005), (0.00135, -0.0023382686, 0.0005)]
                uniform token subdivisionScheme = "none"
                double3 xformOp:translate = (0.035, 0.029, -0.0055)
                uniform token[] xformOpOrder = ["xformOp:translate"]
            }

            def Mesh "Bearing" (
                prepend apiSchemas = ["MaterialBindingAPI"]
            )
            {
                int[] faceVertexCounts = [4, 4, 4, 4, 4, 4, 4, 4, 4, 4, 4, 4, 4, 4, 4, 4, 4, 4, 4, 4, 4, 4, 4, 4, 4, 4, 4, 4, 4, 4, 4, 4, 4, 4, 4, 4, 4, 4, 4, 4, 4, 4, 4, 4, 4, 4, 4, 4, 4, 4, 4, 4, 4, 4, 4, 4, 4, 4, 4, 4, 4, 4, 4, 4, 64, 64]
                int[] faceVertexIndices = [0, 1, 65, 64, 1, 2, 66, 65, 2, 3, 67, 66, 3, 4, 68, 67, 4, 5, 69, 68, 5, 6, 70, 69, 6, 7, 71, 70, 7, 8, 72, 71, 8, 9, 73, 72, 9, 10, 74, 73, 10, 11, 75, 74, 11, 12, 76, 75, 12, 13, 77, 76, 13, 14, 78, 77, 14, 15, 79, 78, 15, 16, 80, 79, 16, 17, 81, 80, 17, 18, 82, 81, 18, 19, 83, 82, 19, 20, 84, 83, 20, 21, 85, 84, 21, 22, 86, 85, 22, 23, 87, 86, 23, 24, 88, 87, 24, 25, 89, 88, 25, 26, 90, 89, 26, 27, 91, 90, 27, 28, 92, 91, 28, 29, 93, 92, 29, 30, 94, 93, 30, 31, 95, 94, 31, 32, 96, 95, 32, 33, 97, 96, 33, 34, 98, 97, 34, 35, 99, 98, 35, 36, 100, 99, 36, 37, 101, 100, 37, 38, 102, 101, 38, 39, 103, 102, 39, 40, 104, 103, 40, 41, 105, 104, 41, 42, 106, 105, 42, 43, 107, 106, 43, 44, 108, 107, 44, 45, 109, 108, 45, 46, 110, 109, 46, 47, 111, 110, 47, 48, 112, 111, 48, 49, 113, 112, 49, 50, 114, 113, 50, 51, 115, 114, 51, 52, 116, 115, 52, 53, 117, 116, 53, 54, 118, 117, 54, 55, 119, 118, 55, 56, 120, 119, 56, 57, 121, 120, 57, 58, 122, 121, 58, 59, 123, 122, 59, 60, 124, 123, 60, 61, 125, 124, 61, 62, 126, 125, 62, 63, 127, 126, 63, 0, 64, 127, 63, 62, 61, 60, 59, 58, 57, 56, 55, 54, 53, 52, 51, 50, 49, 48, 47, 46, 45, 44, 43, 42, 41, 40, 39, 38, 37, 36, 35, 34, 33, 32, 31, 30, 29, 28, 27, 26, 25, 24, 23, 22, 21, 20, 19, 18, 17, 16, 15, 14, 13, 12, 11, 10, 9, 8, 7, 6, 5, 4, 3, 2, 1, 0, 64, 65, 66, 67, 68, 69, 70, 71, 72, 73, 74, 75, 76, 77, 78, 79, 80, 81, 82, 83, 84, 85, 86, 87, 88, 89, 90, 91, 92, 93, 94, 95, 96, 97, 98, 99, 100, 101, 102, 103, 104, 105, 106, 107, 108, 109, 110, 111, 112, 113, 114, 115, 116, 117, 118, 119, 120, 121, 122, 123, 124, 125, 126, 127]
                rel material:binding = </world/Looks/Steel>
                point3f[] points = [(0.023, -0.021, 0), (0.022889249, -0.021, 0.002254394), (0.022558061, -0.021, 0.0044870772), (0.022009628, -0.021, 0.0066765477), (0.02124923, -0.021, 0.008801719), (0.020284189, -0.021, 0.010842125), (0.019123802, -0.021, 0.012778115), (0.01777924, -0.021, 0.014591046), (0.016263455, -0.021, 0.016263455), (0.014591046, -0.021, 0.01777924), (0.012778115, -0.021, 0.019123802), (0.010842125, -0.021, 0.020284189), (0.008801719, -0.021, 0.02124923), (0.0066765477, -0.021, 0.022009628), (0.0044870772, -0.021, 0.022558061), (0.002254394, -0.021, 0.022889249), (1.4083439e-18, -0.021, 0.023), (-0.002254394, -0.021, 0.022889249), (-0.0044870772, -0.021, 0.022558061), (-0.0066765477, -0.021, 0.022009628), (-0.008801719, -0.021, 0.02124923), (-0.010842125, -0.021, 0.020284189), (-0.012778115, -0.021, 0.019123802), (-0.014591046, -0.021, 0.01777924), (-0.016263455, -0.021, 0.016263455), (-0.01777924, -0.021, 0.014591046), (-0.019123802, -0.021, 0.012778115), (-0.020284189, -0.021, 0.010842125), (-0.02124923, -0.021, 0.008801719), (-0.022009628, -0.021, 0.0066765477), (-0.022558061, -0.021, 0.0044870772), (-0.022889249, -0.021, 0.002254394), (-0.023, -0.021, 2.8166877e-18), (-0.022889249, -0.021, -0.002254394), (-0.022558061, -0.021, -0.0044870772), (-0.022009628, -0.021, -0.0066765477), (-0.02124923, -0.021, -0.008801719), (-0.020284189, -0.021, -0.010842125), (-0.019123802, -0.021, -0.012778115), (-0.01777924, -0.021, -0.014591046), (-0.016263455, -0.021, -0.016263455), (-0.014591046, -0.021, -0.01777924), (-0.012778115, -0.021, -0.019123802), (-0.010842125, -0.021, -0.020284189), (-0.008801719, -0.021, -0.02124923), (-0.0066765477, -0.021, -0.022009628), (-0.0044870772, -0.021, -0.022558061), (-0.002254394, -0.021, -0.022889249), (-4.2250314e-18, -0.021, -0.023), (0.002254394, -0.021, -0.022889249), (0.0044870772, -0.021, -0.022558061), (0.0066765477, -0.021, -0.022009628), (0.008801719, -0.021, -0.02124923), (0.010842125, -0.021, -0.020284189), (0.012778115, -0.021, -0.019123802), (0.014591046, -0.021, -0.01777924), (0.016263455, -0.021, -0.016263455), (0.01777924, -0.021, -0.014591046), (0.019123802, -0.021, -0.012778115), (0.020284189, -0.021, -0.010842125), (0.02124923, -0.021, -0.008801719), (0.022009628, -0.021, -0.0066765477), (0.022558061, -0.021, -0.0044870772), (0.022889249, -0.021, -0.002254394), (0.023, 0.021, 0), (0.022889249, 0.021, 0.002254394), (0.022558061, 0.021, 0.0044870772), (0.022009628, 0.021, 0.0066765477), (0.02124923, 0.021, 0.008801719), (0.020284189, 0.021, 0.010842125), (0.019123802, 0.021, 0.012778115), (0.01777924, 0.021, 0.014591046), (0.016263455, 0.021, 0.016263455), (0.014591046, 0.021, 0.01777924), (0.012778115, 0.021, 0.019123802), (0.010842125, 0.021, 0.020284189), (0.008801719, 0.021, 0.02124923), (0.0066765477, 0.021, 0.022009628), (0.0044870772, 0.021, 0.022558061), (0.002254394, 0.021, 0.022889249), (1.4083439e-18, 0.021, 0.023), (-0.002254394, 0.021, 0.022889249), (-0.0044870772, 0.021, 0.022558061), (-0.0066765477, 0.021, 0.022009628), (-0.008801719, 0.021, 0.02124923), (-0.010842125, 0.021, 0.020284189), (-0.012778115, 0.021, 0.019123802), (-0.014591046, 0.021, 0.01777924), (-0.016263455, 0.021, 0.016263455), (-0.01777924, 0.021, 0.014591046), (-0.019123802, 0.021, 0.012778115), (-0.020284189, 0.021, 0.010842125), (-0.02124923, 0.021, 0.008801719), (-0.022009628, 0.021, 0.0066765477), (-0.022558061, 0.021, 0.0044870772), (-0.022889249, 0.021, 0.002254394), (-0.023, 0.021, 2.8166877e-18), (-0.022889249, 0.021, -0.002254394), (-0.022558061, 0.021, -0.0044870772), (-0.022009628, 0.021, -0.0066765477), (-0.02124923, 0.021, -0.008801719), (-0.020284189, 0.021, -0.010842125), (-0.019123802, 0.021, -0.012778115), (-0.01777924, 0.021, -0.014591046), (-0.016263455, 0.021, -0.016263455), (-0.014591046, 0.021, -0.01777924), (-0.012778115, 0.021, -0.019123802), (-0.010842125, 0.021, -0.020284189), (-0.008801719, 0.021, -0.02124923), (-0.0066765477, 0.021, -0.022009628), (-0.0044870772, 0.021, -0.022558061), (-0.002254394, 0.021, -0.022889249), (-4.2250314e-18, 0.021, -0.023), (0.002254394, 0.021, -0.022889249), (0.0044870772, 0.021, -0.022558061), (0.0066765477, 0.021, -0.022009628), (0.008801719, 0.021, -0.02124923), (0.010842125, 0.021, -0.020284189), (0.012778115, 0.021, -0.019123802), (0.014591046, 0.021, -0.01777924), (0.016263455, 0.021, -0.016263455), (0.01777924, 0.021, -0.014591046), (0.019123802, 0.021, -0.012778115), (0.020284189, 0.021, -0.010842125), (0.02124923, 0.021, -0.008801719), (0.022009628, 0.021, -0.0066765477), (0.022558061, 0.021, -0.0044870772), (0.022889249, 0.021, -0.002254394)]
                uniform token subdivisionScheme = "none"
                double3 xformOp:translate = (0, 0, 0)
                uniform token[] xformOpOrder = ["xformOp:translate"]
            }

            def Mesh "HubA" (
                prepend apiSchemas = ["MaterialBindingAPI"]
            )
            {
                int[] faceVertexCounts = [4, 4, 4, 4, 4, 4, 4, 4, 4, 4, 4, 4, 4, 4, 4, 4, 4, 4, 4, 4, 4, 4, 4, 4, 4, 4, 4, 4, 4, 4, 4, 4, 4, 4, 4, 4, 4, 4, 4, 4, 4, 4, 4, 4, 4, 4, 4, 4, 4, 4, 4, 4, 4, 4, 4, 4, 4, 4, 4, 4, 4, 4, 4, 4, 64, 64]
                int[] faceVertexIndices = [0, 1, 65, 64, 1, 2, 66, 65, 2, 3, 67, 66, 3, 4, 68, 67, 4, 5, 69, 68, 5, 6, 70, 69, 6, 7, 71, 70, 7, 8, 72, 71, 8, 9, 73, 72, 9, 10, 74, 73, 10, 11, 75, 74, 11, 12, 76, 75, 12, 13, 77, 76, 13, 14, 78, 77, 14, 15, 79, 78, 15, 16, 80, 79, 16, 17, 81, 80, 17, 18, 82, 81, 18, 19, 83, 82, 19, 20, 84, 83, 20, 21, 85, 84, 21, 22, 86, 85, 22, 23, 87, 86, 23, 24, 88, 87, 24, 25, 89, 88, 25, 26, 90, 89, 26, 27, 91, 90, 27, 28, 92, 91, 28, 29, 93, 92, 29, 30, 94, 93, 30, 31, 95, 94, 31, 32, 96, 95, 32, 33, 97, 96, 33, 34, 98, 97, 34, 35, 99, 98, 35, 36, 100, 99, 36, 37, 101, 100, 37, 38, 102, 101, 38, 39, 103, 102, 39, 40, 104, 103, 40, 41, 105, 104, 41, 42, 106, 105, 42, 43, 107, 106, 43, 44, 108, 107, 44, 45, 109, 108, 45, 46, 110, 109, 46, 47, 111, 110, 47, 48, 112, 111, 48, 49, 113, 112, 49, 50, 114, 113, 50, 51, 115, 114, 51, 52, 116, 115, 52, 53, 117, 116, 53, 54, 118, 117, 54, 55, 119, 118, 55, 56, 120, 119, 56, 57, 121, 120, 57, 58, 122, 121, 58, 59, 123, 122, 59, 60, 124, 123, 60, 61, 125, 124, 61, 62, 126, 125, 62, 63, 127, 126, 63, 0, 64, 127, 63, 62, 61, 60, 59, 58, 57, 56, 55, 54, 53, 52, 51, 50, 49, 48, 47, 46, 45, 44, 43, 42, 41, 40, 39, 38, 37, 36, 35, 34, 33, 32, 31, 30, 29, 28, 27, 26, 25, 24, 23, 22, 21, 20, 19, 18, 17, 16, 15, 14, 13, 12, 11, 10, 9, 8, 7, 6, 5, 4, 3, 2, 1, 0, 64, 65, 66, 67, 68, 69, 70, 71, 72, 73, 74, 75, 76, 77, 78, 79, 80, 81, 82, 83, 84, 85, 86, 87, 88, 89, 90, 91, 92, 93, 94, 95, 96, 97, 98, 99, 100, 101, 102, 103, 104, 105, 106, 107, 108, 109, 110, 111, 112, 113, 114, 115, 116, 117, 118, 119, 120, 121, 122, 123, 124, 125, 126, 127]
                rel material:binding = </world/Looks/Anodized>
                point3f[] points = [(0.015, -0.0045, 0), (0.014927771, -0.0045, 0.0014702571), (0.01471178, -0.0045, 0.0029263548), (0.014354105, -0.0045, 0.00435427), (0.013858193, -0.0045, 0.0057402514), (0.013228819, -0.0045, 0.007070951), (0.012472044, -0.0045, 0.008333554), (0.011595157, -0.0045, 0.009515899), (0.010606602, -0.0045, 0.010606602), (0.009515899, -0.0045, 0.011595157), (0.008333554, -0.0045, 0.012472044), (0.007070951, -0.0045, 0.013228819), (0.0057402514, -0.0045, 0.013858193), (0.00435427, -0.0045, 0.014354105), (0.0029263548, -0.0045, 0.01471178), (0.0014702571, -0.0045, 0.014927771), (9.184851e-19, -0.0045, 0.015), (-0.0014702571, -0.0045, 0.014927771), (-0.0029263548, -0.0045, 0.01471178), (-0.00435427, -0.0045, 0.014354105), (-0.0057402514, -0.0045, 0.013858193), (-0.007070951, -0.0045, 0.013228819), (-0.008333554, -0.0045, 0.012472044), (-0.009515899, -0.0045, 0.011595157), (-0.010606602, -0.0045, 0.010606602), (-0.011595157, -0.0045, 0.009515899), (-0.012472044, -0.0045, 0.008333554), (-0.013228819, -0.0045, 0.007070951), (-0.013858193, -0.0045, 0.0057402514), (-0.014354105, -0.0045, 0.00435427), (-0.01471178, -0.0045, 0.0029263548), (-0.014927771, -0.0045, 0.0014702571), (-0.015, -0.0045, 1.8369702e-18), (-0.014927771, -0.0045, -0.0014702571), (-0.01471178, -0.0045, -0.0029263548), (-0.014354105, -0.0045, -0.00435427), (-0.013858193, -0.0045, -0.0057402514), (-0.013228819, -0.0045, -0.007070951), (-0.012472044, -0.0045, -0.008333554), (-0.011595157, -0.0045, -0.009515899), (-0.010606602, -0.0045, -0.010606602), (-0.009515899, -0.0045, -0.011595157), (-0.008333554, -0.0045, -0.012472044), (-0.007070951, -0.0045, -0.013228819), (-0.0057402514, -0.0045, -0.013858193), (-0.00435427, -0.0045, -0.014354105), (-0.0029263548, -0.0045, -0.01471178), (-0.0014702571, -0.0045, -0.014927771), (-2.7554553e-18, -0.0045, -0.015), (0.0014702571, -0.0045, -0.014927771), (0.0029263548, -0.0045, -0.01471178), (0.00435427, -0.0045, -0.014354105), (0.0057402514, -0.0045, -0.013858193), (0.007070951, -0.0045, -0.013228819), (0.008333554, -0.0045, -0.012472044), (0.009515899, -0.0045, -0.011595157), (0.010606602, -0.0045, -0.010606602), (0.011595157, -0.0045, -0.009515899), (0.012472044, -0.0045, -0.008333554), (0.013228819, -0.0045, -0.007070951), (0.013858193, -0.0045, -0.0057402514), (0.014354105, -0.0045, -0.00435427), (0.01471178, -0.0045, -0.0029263548), (0.014927771, -0.0045, -0.0014702571), (0.015, 0.0045, 0), (0.014927771, 0.0045, 0.0014702571), (0.01471178, 0.0045, 0.0029263548), (0.014354105, 0.0045, 0.00435427), (0.013858193, 0.0045, 0.0057402514), (0.013228819, 0.0045, 0.007070951), (0.012472044, 0.0045, 0.008333554), (0.011595157, 0.0045, 0.009515899), (0.010606602, 0.0045, 0.010606602), (0.009515899, 0.0045, 0.011595157), (0.008333554, 0.0045, 0.012472044), (0.007070951, 0.0045, 0.013228819), (0.0057402514, 0.0045, 0.013858193), (0.00435427, 0.0045, 0.014354105), (0.0029263548, 0.0045, 0.01471178), (0.0014702571, 0.0045, 0.014927771), (9.184851e-19, 0.0045, 0.015), (-0.0014702571, 0.0045, 0.014927771), (-0.0029263548, 0.0045, 0.01471178), (-0.00435427, 0.0045, 0.014354105), (-0.0057402514, 0.0045, 0.013858193), (-0.007070951, 0.0045, 0.013228819), (-0.008333554, 0.0045, 0.012472044), (-0.009515899, 0.0045, 0.011595157), (-0.010606602, 0.0045, 0.010606602), (-0.011595157, 0.0045, 0.009515899), (-0.012472044, 0.0045, 0.008333554), (-0.013228819, 0.0045, 0.007070951), (-0.013858193, 0.0045, 0.0057402514), (-0.014354105, 0.0045, 0.00435427), (-0.01471178, 0.0045, 0.0029263548), (-0.014927771, 0.0045, 0.0014702571), (-0.015, 0.0045, 1.8369702e-18), (-0.014927771, 0.0045, -0.0014702571), (-0.01471178, 0.0045, -0.0029263548), (-0.014354105, 0.0045, -0.00435427), (-0.013858193, 0.0045, -0.0057402514), (-0.013228819, 0.0045, -0.007070951), (-0.012472044, 0.0045, -0.008333554), (-0.011595157, 0.0045, -0.009515899), (-0.010606602, 0.0045, -0.010606602), (-0.009515899, 0.0045, -0.011595157), (-0.008333554, 0.0045, -0.012472044), (-0.007070951, 0.0045, -0.013228819), (-0.0057402514, 0.0045, -0.013858193), (-0.00435427, 0.0045, -0.014354105), (-0.0029263548, 0.0045, -0.01471178), (-0.0014702571, 0.0045, -0.014927771), (-2.7554553e-18, 0.0045, -0.015), (0.0014702571, 0.0045, -0.014927771), (0.0029263548, 0.0045, -0.01471178), (0.00435427, 0.0045, -0.014354105), (0.0057402514, 0.0045, -0.013858193), (0.007070951, 0.0045, -0.013228819), (0.008333554, 0.0045, -0.012472044), (0.009515899, 0.0045, -0.011595157), (0.010606602, 0.0045, -0.010606602), (0.011595157, 0.0045, -0.009515899), (0.012472044, 0.0045, -0.008333554), (0.013228819, 0.0045, -0.007070951), (0.013858193, 0.0045, -0.0057402514), (0.014354105, 0.0045, -0.00435427), (0.01471178, 0.0045, -0.0029263548), (0.014927771, 0.0045, -0.0014702571)]
                uniform token subdivisionScheme = "none"
                double3 xformOp:translate = (0, -0.024, 0)
                uniform token[] xformOpOrder = ["xformOp:translate"]
            }

            def Mesh "HubB" (
                prepend apiSchemas = ["MaterialBindingAPI"]
            )
            {
                int[] faceVertexCounts = [4, 4, 4, 4, 4, 4, 4, 4, 4, 4, 4, 4, 4, 4, 4, 4, 4, 4, 4, 4, 4, 4, 4, 4, 4, 4, 4, 4, 4, 4, 4, 4, 4, 4, 4, 4, 4, 4, 4, 4, 4, 4, 4, 4, 4, 4, 4, 4, 4, 4, 4, 4, 4, 4, 4, 4, 4, 4, 4, 4, 4, 4, 4, 4, 64, 64]
                int[] faceVertexIndices = [0, 1, 65, 64, 1, 2, 66, 65, 2, 3, 67, 66, 3, 4, 68, 67, 4, 5, 69, 68, 5, 6, 70, 69, 6, 7, 71, 70, 7, 8, 72, 71, 8, 9, 73, 72, 9, 10, 74, 73, 10, 11, 75, 74, 11, 12, 76, 75, 12, 13, 77, 76, 13, 14, 78, 77, 14, 15, 79, 78, 15, 16, 80, 79, 16, 17, 81, 80, 17, 18, 82, 81, 18, 19, 83, 82, 19, 20, 84, 83, 20, 21, 85, 84, 21, 22, 86, 85, 22, 23, 87, 86, 23, 24, 88, 87, 24, 25, 89, 88, 25, 26, 90, 89, 26, 27, 91, 90, 27, 28, 92, 91, 28, 29, 93, 92, 29, 30, 94, 93, 30, 31, 95, 94, 31, 32, 96, 95, 32, 33, 97, 96, 33, 34, 98, 97, 34, 35, 99, 98, 35, 36, 100, 99, 36, 37, 101, 100, 37, 38, 102, 101, 38, 39, 103, 102, 39, 40, 104, 103, 40, 41, 105, 104, 41, 42, 106, 105, 42, 43, 107, 106, 43, 44, 108, 107, 44, 45, 109, 108, 45, 46, 110, 109, 46, 47, 111, 110, 47, 48, 112, 111, 48, 49, 113, 112, 49, 50, 114, 113, 50, 51, 115, 114, 51, 52, 116, 115, 52, 53, 117, 116, 53, 54, 118, 117, 54, 55, 119, 118, 55, 56, 120, 119, 56, 57, 121, 120, 57, 58, 122, 121, 58, 59, 123, 122, 59, 60, 124, 123, 60, 61, 125, 124, 61, 62, 126, 125, 62, 63, 127, 126, 63, 0, 64, 127, 63, 62, 61, 60, 59, 58, 57, 56, 55, 54, 53, 52, 51, 50, 49, 48, 47, 46, 45, 44, 43, 42, 41, 40, 39, 38, 37, 36, 35, 34, 33, 32, 31, 30, 29, 28, 27, 26, 25, 24, 23, 22, 21, 20, 19, 18, 17, 16, 15, 14, 13, 12, 11, 10, 9, 8, 7, 6, 5, 4, 3, 2, 1, 0, 64, 65, 66, 67, 68, 69, 70, 71, 72, 73, 74, 75, 76, 77, 78, 79, 80, 81, 82, 83, 84, 85, 86, 87, 88, 89, 90, 91, 92, 93, 94, 95, 96, 97, 98, 99, 100, 101, 102, 103, 104, 105, 106, 107, 108, 109, 110, 111, 112, 113, 114, 115, 116, 117, 118, 119, 120, 121, 122, 123, 124, 125, 126, 127]
                rel material:binding = </world/Looks/Anodized>
                point3f[] points = [(0.015, -0.0045, 0), (0.014927771, -0.0045, 0.0014702571), (0.01471178, -0.0045, 0.0029263548), (0.014354105, -0.0045, 0.00435427), (0.013858193, -0.0045, 0.0057402514), (0.013228819, -0.0045, 0.007070951), (0.012472044, -0.0045, 0.008333554), (0.011595157, -0.0045, 0.009515899), (0.010606602, -0.0045, 0.010606602), (0.009515899, -0.0045, 0.011595157), (0.008333554, -0.0045, 0.012472044), (0.007070951, -0.0045, 0.013228819), (0.0057402514, -0.0045, 0.013858193), (0.00435427, -0.0045, 0.014354105), (0.0029263548, -0.0045, 0.01471178), (0.0014702571, -0.0045, 0.014927771), (9.184851e-19, -0.0045, 0.015), (-0.0014702571, -0.0045, 0.014927771), (-0.0029263548, -0.0045, 0.01471178), (-0.00435427, -0.0045, 0.014354105), (-0.0057402514, -0.0045, 0.013858193), (-0.007070951, -0.0045, 0.013228819), (-0.008333554, -0.0045, 0.012472044), (-0.009515899, -0.0045, 0.011595157), (-0.010606602, -0.0045, 0.010606602), (-0.011595157, -0.0045, 0.009515899), (-0.012472044, -0.0045, 0.008333554), (-0.013228819, -0.0045, 0.007070951), (-0.013858193, -0.0045, 0.0057402514), (-0.014354105, -0.0045, 0.00435427), (-0.01471178, -0.0045, 0.0029263548), (-0.014927771, -0.0045, 0.0014702571), (-0.015, -0.0045, 1.8369702e-18), (-0.014927771, -0.0045, -0.0014702571), (-0.01471178, -0.0045, -0.0029263548), (-0.014354105, -0.0045, -0.00435427), (-0.013858193, -0.0045, -0.0057402514), (-0.013228819, -0.0045, -0.007070951), (-0.012472044, -0.0045, -0.008333554), (-0.011595157, -0.0045, -0.009515899), (-0.010606602, -0.0045, -0.010606602), (-0.009515899, -0.0045, -0.011595157), (-0.008333554, -0.0045, -0.012472044), (-0.007070951, -0.0045, -0.013228819), (-0.0057402514, -0.0045, -0.013858193), (-0.00435427, -0.0045, -0.014354105), (-0.0029263548, -0.0045, -0.01471178), (-0.0014702571, -0.0045, -0.014927771), (-2.7554553e-18, -0.0045, -0.015), (0.0014702571, -0.0045, -0.014927771), (0.0029263548, -0.0045, -0.01471178), (0.00435427, -0.0045, -0.014354105), (0.0057402514, -0.0045, -0.013858193), (0.007070951, -0.0045, -0.013228819), (0.008333554, -0.0045, -0.012472044), (0.009515899, -0.0045, -0.011595157), (0.010606602, -0.0045, -0.010606602), (0.011595157, -0.0045, -0.009515899), (0.012472044, -0.0045, -0.008333554), (0.013228819, -0.0045, -0.007070951), (0.013858193, -0.0045, -0.0057402514), (0.014354105, -0.0045, -0.00435427), (0.01471178, -0.0045, -0.0029263548), (0.014927771, -0.0045, -0.0014702571), (0.015, 0.0045, 0), (0.014927771, 0.0045, 0.0014702571), (0.01471178, 0.0045, 0.0029263548), (0.014354105, 0.0045, 0.00435427), (0.013858193, 0.0045, 0.0057402514), (0.013228819, 0.0045, 0.007070951), (0.012472044, 0.0045, 0.008333554), (0.011595157, 0.0045, 0.009515899), (0.010606602, 0.0045, 0.010606602), (0.009515899, 0.0045, 0.011595157), (0.008333554, 0.0045, 0.012472044), (0.007070951, 0.0045, 0.013228819), (0.0057402514, 0.0045, 0.013858193), (0.00435427, 0.0045, 0.014354105), (0.0029263548, 0.0045, 0.01471178), (0.0014702571, 0.0045, 0.014927771), (9.184851e-19, 0.0045, 0.015), (-0.0014702571, 0.0045, 0.014927771), (-0.0029263548, 0.0045, 0.01471178), (-0.00435427, 0.0045, 0.014354105), (-0.0057402514, 0.0045, 0.013858193), (-0.007070951, 0.0045, 0.013228819), (-0.008333554, 0.0045, 0.012472044), (-0.009515899, 0.0045, 0.011595157), (-0.010606602, 0.0045, 0.010606602), (-0.011595157, 0.0045, 0.009515899), (-0.012472044, 0.0045, 0.008333554), (-0.013228819, 0.0045, 0.007070951), (-0.013858193, 0.0045, 0.0057402514), (-0.014354105, 0.0045, 0.00435427), (-0.01471178, 0.0045, 0.0029263548), (-0.014927771, 0.0045, 0.0014702571), (-0.015, 0.0045, 1.8369702e-18), (-0.014927771, 0.0045, -0.0014702571), (-0.01471178, 0.0045, -0.0029263548), (-0.014354105, 0.0045, -0.00435427), (-0.013858193, 0.0045, -0.0057402514), (-0.013228819, 0.0045, -0.007070951), (-0.012472044, 0.0045, -0.008333554), (-0.011595157, 0.0045, -0.009515899), (-0.010606602, 0.0045, -0.010606602), (-0.009515899, 0.0045, -0.011595157), (-0.008333554, 0.0045, -0.012472044), (-0.007070951, 0.0045, -0.013228819), (-0.0057402514, 0.0045, -0.013858193), (-0.00435427, 0.0045, -0.014354105), (-0.0029263548, 0.0045, -0.01471178), (-0.0014702571, 0.0045, -0.014927771), (-2.7554553e-18, 0.0045, -0.015), (0.0014702571, 0.0045, -0.014927771), (0.0029263548, 0.0045, -0.01471178), (0.00435427, 0.0045, -0.014354105), (0.0057402514, 0.0045, -0.013858193), (0.007070951, 0.0045, -0.013228819), (0.008333554, 0.0045, -0.012472044), (0.009515899, 0.0045, -0.011595157), (0.010606602, 0.0045, -0.010606602), (0.011595157, 0.0045, -0.009515899), (0.012472044, 0.0045, -0.008333554), (0.013228819, 0.0045, -0.007070951), (0.013858193, 0.0045, -0.0057402514), (0.014354105, 0.0045, -0.00435427), (0.01471178, 0.0045, -0.0029263548), (0.014927771, 0.0045, -0.0014702571)]
                uniform token subdivisionScheme = "none"
                double3 xformOp:translate = (0, 0.024, 0)
                uniform token[] xformOpOrder = ["xformOp:translate"]
            }
        }

        def Xform "lever" (
            apiSchemas = ["PhysicsRigidBodyAPI", "PhysxRigidBodyAPI", "PhysicsMassAPI"]
        )
        {
            quatf xformOp:orient = (1, 0, 0, 0)
            double3 xformOp:translate = (0, 0, 0)
            uniform token[] xformOpOrder = ["xformOp:translate", "xformOp:orient"]

            def Cube "lever_collision" (
                apiSchemas = ["PhysicsCollisionAPI", "MaterialBindingAPI"]
            )
            {
                rel material:binding = </world/Looks/Steel> (
                    bindMaterialAs = "weakerThanDescendants"
                )
                color3f[] primvars:displayColor = [(0.007843138, 0.85882354, 0.9882353)]
                quatf xformOp:orient = (1, 0, 0, 0)
                float3 xformOp:scale = (0.015, 0.0075, 0.075)
                double3 xformOp:translate = (0, 0, 0.075)
                uniform token[] xformOpOrder = ["xformOp:translate", "xformOp:orient", "xformOp:scale"]
            }

            def Cylinder "tip_collision" (
                apiSchemas = ["PhysicsCollisionAPI", "MaterialBindingAPI"]
            )
            {
                double height = 0.075
                rel material:binding = </world/Looks/Grip> (
                    bindMaterialAs = "weakerThanDescendants"
                )
                color3f[] primvars:displayColor = [(0.59607846, 0.007843138, 0.9882353)]
                double radius = 0.010714285714285713
                quatf xformOp:orient = (0.70710677, 0.70710677, 0, 0)
                double3 xformOp:translate = (0, 0, 0.15)
                uniform token[] xformOpOrder = ["xformOp:translate", "xformOp:orient"]
            }

            def Cube "SafetyInlay" (
                prepend apiSchemas = ["MaterialBindingAPI"]
            )
            {
                rel material:binding = </world/Looks/SafetyOchre>
                double size = 1
                float3 xformOp:scale = (0.0006, 0.009, 0.105)
                double3 xformOp:translate = (-0.0151, 0, 0.078)
                uniform token[] xformOpOrder = ["xformOp:translate", "xformOp:scale"]
            }

            def Mesh "GripRib0" (
                prepend apiSchemas = ["MaterialBindingAPI"]
            )
            {
                int[] faceVertexCounts = [4, 4, 4, 4, 4, 4, 4, 4, 4, 4, 4, 4, 4, 4, 4, 4, 4, 4, 4, 4, 4, 4, 4, 4, 4, 4, 4, 4, 4, 4, 4, 4, 4, 4, 4, 4, 4, 4, 4, 4, 4, 4, 4, 4, 4, 4, 4, 4, 4, 4, 4, 4, 4, 4, 4, 4, 4, 4, 4, 4, 4, 4, 4, 4, 64, 64]
                int[] faceVertexIndices = [0, 1, 65, 64, 1, 2, 66, 65, 2, 3, 67, 66, 3, 4, 68, 67, 4, 5, 69, 68, 5, 6, 70, 69, 6, 7, 71, 70, 7, 8, 72, 71, 8, 9, 73, 72, 9, 10, 74, 73, 10, 11, 75, 74, 11, 12, 76, 75, 12, 13, 77, 76, 13, 14, 78, 77, 14, 15, 79, 78, 15, 16, 80, 79, 16, 17, 81, 80, 17, 18, 82, 81, 18, 19, 83, 82, 19, 20, 84, 83, 20, 21, 85, 84, 21, 22, 86, 85, 22, 23, 87, 86, 23, 24, 88, 87, 24, 25, 89, 88, 25, 26, 90, 89, 26, 27, 91, 90, 27, 28, 92, 91, 28, 29, 93, 92, 29, 30, 94, 93, 30, 31, 95, 94, 31, 32, 96, 95, 32, 33, 97, 96, 33, 34, 98, 97, 34, 35, 99, 98, 35, 36, 100, 99, 36, 37, 101, 100, 37, 38, 102, 101, 38, 39, 103, 102, 39, 40, 104, 103, 40, 41, 105, 104, 41, 42, 106, 105, 42, 43, 107, 106, 43, 44, 108, 107, 44, 45, 109, 108, 45, 46, 110, 109, 46, 47, 111, 110, 47, 48, 112, 111, 48, 49, 113, 112, 49, 50, 114, 113, 50, 51, 115, 114, 51, 52, 116, 115, 52, 53, 117, 116, 53, 54, 118, 117, 54, 55, 119, 118, 55, 56, 120, 119, 56, 57, 121, 120, 57, 58, 122, 121, 58, 59, 123, 122, 59, 60, 124, 123, 60, 61, 125, 124, 61, 62, 126, 125, 62, 63, 127, 126, 63, 0, 64, 127, 63, 62, 61, 60, 59, 58, 57, 56, 55, 54, 53, 52, 51, 50, 49, 48, 47, 46, 45, 44, 43, 42, 41, 40, 39, 38, 37, 36, 35, 34, 33, 32, 31, 30, 29, 28, 27, 26, 25, 24, 23, 22, 21, 20, 19, 18, 17, 16, 15, 14, 13, 12, 11, 10, 9, 8, 7, 6, 5, 4, 3, 2, 1, 0, 64, 65, 66, 67, 68, 69, 70, 71, 72, 73, 74, 75, 76, 77, 78, 79, 80, 81, 82, 83, 84, 85, 86, 87, 88, 89, 90, 91, 92, 93, 94, 95, 96, 97, 98, 99, 100, 101, 102, 103, 104, 105, 106, 107, 108, 109, 110, 111, 112, 113, 114, 115, 116, 117, 118, 119, 120, 121, 122, 123, 124, 125, 126, 127]
                rel material:binding = </world/Looks/Grip>
                point3f[] points = [(0.0112, -0.00075, 0), (0.011146069, -0.00075, 0.001097792), (0.010984795, -0.00075, 0.0021850115), (0.010717732, -0.00075, 0.0032511884), (0.010347451, -0.00075, 0.0042860545), (0.009877518, -0.00075, 0.0052796435), (0.009312459, -0.00075, 0.0062223864), (0.008657717, -0.00075, 0.0071052047), (0.007919596, -0.00075, 0.007919596), (0.0071052047, -0.00075, 0.008657717), (0.0062223864, -0.00075, 0.009312459), (0.0052796435, -0.00075, 0.009877518), (0.0042860545, -0.00075, 0.010347451), (0.0032511884, -0.00075, 0.010717732), (0.0021850115, -0.00075, 0.010984795), (0.001097792, -0.00075, 0.011146069), (6.858022e-19, -0.00075, 0.0112), (-0.001097792, -0.00075, 0.011146069), (-0.0021850115, -0.00075, 0.010984795), (-0.0032511884, -0.00075, 0.010717732), (-0.0042860545, -0.00075, 0.010347451), (-0.0052796435, -0.00075, 0.009877518), (-0.0062223864, -0.00075, 0.009312459), (-0.0071052047, -0.00075, 0.008657717), (-0.007919596, -0.00075, 0.007919596), (-0.008657717, -0.00075, 0.0071052047), (-0.009312459, -0.00075, 0.0062223864), (-0.009877518, -0.00075, 0.0052796435), (-0.010347451, -0.00075, 0.0042860545), (-0.010717732, -0.00075, 0.0032511884), (-0.010984795, -0.00075, 0.0021850115), (-0.011146069, -0.00075, 0.001097792), (-0.0112, -0.00075, 1.3716044e-18), (-0.011146069, -0.00075, -0.001097792), (-0.010984795, -0.00075, -0.0021850115), (-0.010717732, -0.00075, -0.0032511884), (-0.010347451, -0.00075, -0.0042860545), (-0.009877518, -0.00075, -0.0052796435), (-0.009312459, -0.00075, -0.0062223864), (-0.008657717, -0.00075, -0.0071052047), (-0.007919596, -0.00075, -0.007919596), (-0.0071052047, -0.00075, -0.008657717), (-0.0062223864, -0.00075, -0.009312459), (-0.0052796435, -0.00075, -0.009877518), (-0.0042860545, -0.00075, -0.010347451), (-0.0032511884, -0.00075, -0.010717732), (-0.0021850115, -0.00075, -0.010984795), (-0.001097792, -0.00075, -0.011146069), (-2.0574066e-18, -0.00075, -0.0112), (0.001097792, -0.00075, -0.011146069), (0.0021850115, -0.00075, -0.010984795), (0.0032511884, -0.00075, -0.010717732), (0.0042860545, -0.00075, -0.010347451), (0.0052796435, -0.00075, -0.009877518), (0.0062223864, -0.00075, -0.009312459), (0.0071052047, -0.00075, -0.008657717), (0.007919596, -0.00075, -0.007919596), (0.008657717, -0.00075, -0.0071052047), (0.009312459, -0.00075, -0.0062223864), (0.009877518, -0.00075, -0.0052796435), (0.010347451, -0.00075, -0.0042860545), (0.010717732, -0.00075, -0.0032511884), (0.010984795, -0.00075, -0.0021850115), (0.011146069, -0.00075, -0.001097792), (0.0112, 0.00075, 0), (0.011146069, 0.00075, 0.001097792), (0.010984795, 0.00075, 0.0021850115), (0.010717732, 0.00075, 0.0032511884), (0.010347451, 0.00075, 0.0042860545), (0.009877518, 0.00075, 0.0052796435), (0.009312459, 0.00075, 0.0062223864), (0.008657717, 0.00075, 0.0071052047), (0.007919596, 0.00075, 0.007919596), (0.0071052047, 0.00075, 0.008657717), (0.0062223864, 0.00075, 0.009312459), (0.0052796435, 0.00075, 0.009877518), (0.0042860545, 0.00075, 0.010347451), (0.0032511884, 0.00075, 0.010717732), (0.0021850115, 0.00075, 0.010984795), (0.001097792, 0.00075, 0.011146069), (6.858022e-19, 0.00075, 0.0112), (-0.001097792, 0.00075, 0.011146069), (-0.0021850115, 0.00075, 0.010984795), (-0.0032511884, 0.00075, 0.010717732), (-0.0042860545, 0.00075, 0.010347451), (-0.0052796435, 0.00075, 0.009877518), (-0.0062223864, 0.00075, 0.009312459), (-0.0071052047, 0.00075, 0.008657717), (-0.007919596, 0.00075, 0.007919596), (-0.008657717, 0.00075, 0.0071052047), (-0.009312459, 0.00075, 0.0062223864), (-0.009877518, 0.00075, 0.0052796435), (-0.010347451, 0.00075, 0.0042860545), (-0.010717732, 0.00075, 0.0032511884), (-0.010984795, 0.00075, 0.0021850115), (-0.011146069, 0.00075, 0.001097792), (-0.0112, 0.00075, 1.3716044e-18), (-0.011146069, 0.00075, -0.001097792), (-0.010984795, 0.00075, -0.0021850115), (-0.010717732, 0.00075, -0.0032511884), (-0.010347451, 0.00075, -0.0042860545), (-0.009877518, 0.00075, -0.0052796435), (-0.009312459, 0.00075, -0.0062223864), (-0.008657717, 0.00075, -0.0071052047), (-0.007919596, 0.00075, -0.007919596), (-0.0071052047, 0.00075, -0.008657717), (-0.0062223864, 0.00075, -0.009312459), (-0.0052796435, 0.00075, -0.009877518), (-0.0042860545, 0.00075, -0.010347451), (-0.0032511884, 0.00075, -0.010717732), (-0.0021850115, 0.00075, -0.010984795), (-0.001097792, 0.00075, -0.011146069), (-2.0574066e-18, 0.00075, -0.0112), (0.001097792, 0.00075, -0.011146069), (0.0021850115, 0.00075, -0.010984795), (0.0032511884, 0.00075, -0.010717732), (0.0042860545, 0.00075, -0.010347451), (0.0052796435, 0.00075, -0.009877518), (0.0062223864, 0.00075, -0.009312459), (0.0071052047, 0.00075, -0.008657717), (0.007919596, 0.00075, -0.007919596), (0.008657717, 0.00075, -0.0071052047), (0.009312459, 0.00075, -0.0062223864), (0.009877518, 0.00075, -0.0052796435), (0.010347451, 0.00075, -0.0042860545), (0.010717732, 0.00075, -0.0032511884), (0.010984795, 0.00075, -0.0021850115), (0.011146069, 0.00075, -0.001097792)]
                uniform token subdivisionScheme = "none"
                double3 xformOp:translate = (0, -0.032, 0.15)
                uniform token[] xformOpOrder = ["xformOp:translate"]
            }

            def Mesh "GripRib1" (
                prepend apiSchemas = ["MaterialBindingAPI"]
            )
            {
                int[] faceVertexCounts = [4, 4, 4, 4, 4, 4, 4, 4, 4, 4, 4, 4, 4, 4, 4, 4, 4, 4, 4, 4, 4, 4, 4, 4, 4, 4, 4, 4, 4, 4, 4, 4, 4, 4, 4, 4, 4, 4, 4, 4, 4, 4, 4, 4, 4, 4, 4, 4, 4, 4, 4, 4, 4, 4, 4, 4, 4, 4, 4, 4, 4, 4, 4, 4, 64, 64]
                int[] faceVertexIndices = [0, 1, 65, 64, 1, 2, 66, 65, 2, 3, 67, 66, 3, 4, 68, 67, 4, 5, 69, 68, 5, 6, 70, 69, 6, 7, 71, 70, 7, 8, 72, 71, 8, 9, 73, 72, 9, 10, 74, 73, 10, 11, 75, 74, 11, 12, 76, 75, 12, 13, 77, 76, 13, 14, 78, 77, 14, 15, 79, 78, 15, 16, 80, 79, 16, 17, 81, 80, 17, 18, 82, 81, 18, 19, 83, 82, 19, 20, 84, 83, 20, 21, 85, 84, 21, 22, 86, 85, 22, 23, 87, 86, 23, 24, 88, 87, 24, 25, 89, 88, 25, 26, 90, 89, 26, 27, 91, 90, 27, 28, 92, 91, 28, 29, 93, 92, 29, 30, 94, 93, 30, 31, 95, 94, 31, 32, 96, 95, 32, 33, 97, 96, 33, 34, 98, 97, 34, 35, 99, 98, 35, 36, 100, 99, 36, 37, 101, 100, 37, 38, 102, 101, 38, 39, 103, 102, 39, 40, 104, 103, 40, 41, 105, 104, 41, 42, 106, 105, 42, 43, 107, 106, 43, 44, 108, 107, 44, 45, 109, 108, 45, 46, 110, 109, 46, 47, 111, 110, 47, 48, 112, 111, 48, 49, 113, 112, 49, 50, 114, 113, 50, 51, 115, 114, 51, 52, 116, 115, 52, 53, 117, 116, 53, 54, 118, 117, 54, 55, 119, 118, 55, 56, 120, 119, 56, 57, 121, 120, 57, 58, 122, 121, 58, 59, 123, 122, 59, 60, 124, 123, 60, 61, 125, 124, 61, 62, 126, 125, 62, 63, 127, 126, 63, 0, 64, 127, 63, 62, 61, 60, 59, 58, 57, 56, 55, 54, 53, 52, 51, 50, 49, 48, 47, 46, 45, 44, 43, 42, 41, 40, 39, 38, 37, 36, 35, 34, 33, 32, 31, 30, 29, 28, 27, 26, 25, 24, 23, 22, 21, 20, 19, 18, 17, 16, 15, 14, 13, 12, 11, 10, 9, 8, 7, 6, 5, 4, 3, 2, 1, 0, 64, 65, 66, 67, 68, 69, 70, 71, 72, 73, 74, 75, 76, 77, 78, 79, 80, 81, 82, 83, 84, 85, 86, 87, 88, 89, 90, 91, 92, 93, 94, 95, 96, 97, 98, 99, 100, 101, 102, 103, 104, 105, 106, 107, 108, 109, 110, 111, 112, 113, 114, 115, 116, 117, 118, 119, 120, 121, 122, 123, 124, 125, 126, 127]
                rel material:binding = </world/Looks/Grip>
                point3f[] points = [(0.0112, -0.00075, 0), (0.011146069, -0.00075, 0.001097792), (0.010984795, -0.00075, 0.0021850115), (0.010717732, -0.00075, 0.0032511884), (0.010347451, -0.00075, 0.0042860545), (0.009877518, -0.00075, 0.0052796435), (0.009312459, -0.00075, 0.0062223864), (0.008657717, -0.00075, 0.0071052047), (0.007919596, -0.00075, 0.007919596), (0.0071052047, -0.00075, 0.008657717), (0.0062223864, -0.00075, 0.009312459), (0.0052796435, -0.00075, 0.009877518), (0.0042860545, -0.00075, 0.010347451), (0.0032511884, -0.00075, 0.010717732), (0.0021850115, -0.00075, 0.010984795), (0.001097792, -0.00075, 0.011146069), (6.858022e-19, -0.00075, 0.0112), (-0.001097792, -0.00075, 0.011146069), (-0.0021850115, -0.00075, 0.010984795), (-0.0032511884, -0.00075, 0.010717732), (-0.0042860545, -0.00075, 0.010347451), (-0.0052796435, -0.00075, 0.009877518), (-0.0062223864, -0.00075, 0.009312459), (-0.0071052047, -0.00075, 0.008657717), (-0.007919596, -0.00075, 0.007919596), (-0.008657717, -0.00075, 0.0071052047), (-0.009312459, -0.00075, 0.0062223864), (-0.009877518, -0.00075, 0.0052796435), (-0.010347451, -0.00075, 0.0042860545), (-0.010717732, -0.00075, 0.0032511884), (-0.010984795, -0.00075, 0.0021850115), (-0.011146069, -0.00075, 0.001097792), (-0.0112, -0.00075, 1.3716044e-18), (-0.011146069, -0.00075, -0.001097792), (-0.010984795, -0.00075, -0.0021850115), (-0.010717732, -0.00075, -0.0032511884), (-0.010347451, -0.00075, -0.0042860545), (-0.009877518, -0.00075, -0.0052796435), (-0.009312459, -0.00075, -0.0062223864), (-0.008657717, -0.00075, -0.0071052047), (-0.007919596, -0.00075, -0.007919596), (-0.0071052047, -0.00075, -0.008657717), (-0.0062223864, -0.00075, -0.009312459), (-0.0052796435, -0.00075, -0.009877518), (-0.0042860545, -0.00075, -0.010347451), (-0.0032511884, -0.00075, -0.010717732), (-0.0021850115, -0.00075, -0.010984795), (-0.001097792, -0.00075, -0.011146069), (-2.0574066e-18, -0.00075, -0.0112), (0.001097792, -0.00075, -0.011146069), (0.0021850115, -0.00075, -0.010984795), (0.0032511884, -0.00075, -0.010717732), (0.0042860545, -0.00075, -0.010347451), (0.0052796435, -0.00075, -0.009877518), (0.0062223864, -0.00075, -0.009312459), (0.0071052047, -0.00075, -0.008657717), (0.007919596, -0.00075, -0.007919596), (0.008657717, -0.00075, -0.0071052047), (0.009312459, -0.00075, -0.0062223864), (0.009877518, -0.00075, -0.0052796435), (0.010347451, -0.00075, -0.0042860545), (0.010717732, -0.00075, -0.0032511884), (0.010984795, -0.00075, -0.0021850115), (0.011146069, -0.00075, -0.001097792), (0.0112, 0.00075, 0), (0.011146069, 0.00075, 0.001097792), (0.010984795, 0.00075, 0.0021850115), (0.010717732, 0.00075, 0.0032511884), (0.010347451, 0.00075, 0.0042860545), (0.009877518, 0.00075, 0.0052796435), (0.009312459, 0.00075, 0.0062223864), (0.008657717, 0.00075, 0.0071052047), (0.007919596, 0.00075, 0.007919596), (0.0071052047, 0.00075, 0.008657717), (0.0062223864, 0.00075, 0.009312459), (0.0052796435, 0.00075, 0.009877518), (0.0042860545, 0.00075, 0.010347451), (0.0032511884, 0.00075, 0.010717732), (0.0021850115, 0.00075, 0.010984795), (0.001097792, 0.00075, 0.011146069), (6.858022e-19, 0.00075, 0.0112), (-0.001097792, 0.00075, 0.011146069), (-0.0021850115, 0.00075, 0.010984795), (-0.0032511884, 0.00075, 0.010717732), (-0.0042860545, 0.00075, 0.010347451), (-0.0052796435, 0.00075, 0.009877518), (-0.0062223864, 0.00075, 0.009312459), (-0.0071052047, 0.00075, 0.008657717), (-0.007919596, 0.00075, 0.007919596), (-0.008657717, 0.00075, 0.0071052047), (-0.009312459, 0.00075, 0.0062223864), (-0.009877518, 0.00075, 0.0052796435), (-0.010347451, 0.00075, 0.0042860545), (-0.010717732, 0.00075, 0.0032511884), (-0.010984795, 0.00075, 0.0021850115), (-0.011146069, 0.00075, 0.001097792), (-0.0112, 0.00075, 1.3716044e-18), (-0.011146069, 0.00075, -0.001097792), (-0.010984795, 0.00075, -0.0021850115), (-0.010717732, 0.00075, -0.0032511884), (-0.010347451, 0.00075, -0.0042860545), (-0.009877518, 0.00075, -0.0052796435), (-0.009312459, 0.00075, -0.0062223864), (-0.008657717, 0.00075, -0.0071052047), (-0.007919596, 0.00075, -0.007919596), (-0.0071052047, 0.00075, -0.008657717), (-0.0062223864, 0.00075, -0.009312459), (-0.0052796435, 0.00075, -0.009877518), (-0.0042860545, 0.00075, -0.010347451), (-0.0032511884, 0.00075, -0.010717732), (-0.0021850115, 0.00075, -0.010984795), (-0.001097792, 0.00075, -0.011146069), (-2.0574066e-18, 0.00075, -0.0112), (0.001097792, 0.00075, -0.011146069), (0.0021850115, 0.00075, -0.010984795), (0.0032511884, 0.00075, -0.010717732), (0.0042860545, 0.00075, -0.010347451), (0.0052796435, 0.00075, -0.009877518), (0.0062223864, 0.00075, -0.009312459), (0.0071052047, 0.00075, -0.008657717), (0.007919596, 0.00075, -0.007919596), (0.008657717, 0.00075, -0.0071052047), (0.009312459, 0.00075, -0.0062223864), (0.009877518, 0.00075, -0.0052796435), (0.010347451, 0.00075, -0.0042860545), (0.010717732, 0.00075, -0.0032511884), (0.010984795, 0.00075, -0.0021850115), (0.011146069, 0.00075, -0.001097792)]
                uniform token subdivisionScheme = "none"
                double3 xformOp:translate = (0, -0.02666666666666667, 0.15)
                uniform token[] xformOpOrder = ["xformOp:translate"]
            }

            def Mesh "GripRib2" (
                prepend apiSchemas = ["MaterialBindingAPI"]
            )
            {
                int[] faceVertexCounts = [4, 4, 4, 4, 4, 4, 4, 4, 4, 4, 4, 4, 4, 4, 4, 4, 4, 4, 4, 4, 4, 4, 4, 4, 4, 4, 4, 4, 4, 4, 4, 4, 4, 4, 4, 4, 4, 4, 4, 4, 4, 4, 4, 4, 4, 4, 4, 4, 4, 4, 4, 4, 4, 4, 4, 4, 4, 4, 4, 4, 4, 4, 4, 4, 64, 64]
                int[] faceVertexIndices = [0, 1, 65, 64, 1, 2, 66, 65, 2, 3, 67, 66, 3, 4, 68, 67, 4, 5, 69, 68, 5, 6, 70, 69, 6, 7, 71, 70, 7, 8, 72, 71, 8, 9, 73, 72, 9, 10, 74, 73, 10, 11, 75, 74, 11, 12, 76, 75, 12, 13, 77, 76, 13, 14, 78, 77, 14, 15, 79, 78, 15, 16, 80, 79, 16, 17, 81, 80, 17, 18, 82, 81, 18, 19, 83, 82, 19, 20, 84, 83, 20, 21, 85, 84, 21, 22, 86, 85, 22, 23, 87, 86, 23, 24, 88, 87, 24, 25, 89, 88, 25, 26, 90, 89, 26, 27, 91, 90, 27, 28, 92, 91, 28, 29, 93, 92, 29, 30, 94, 93, 30, 31, 95, 94, 31, 32, 96, 95, 32, 33, 97, 96, 33, 34, 98, 97, 34, 35, 99, 98, 35, 36, 100, 99, 36, 37, 101, 100, 37, 38, 102, 101, 38, 39, 103, 102, 39, 40, 104, 103, 40, 41, 105, 104, 41, 42, 106, 105, 42, 43, 107, 106, 43, 44, 108, 107, 44, 45, 109, 108, 45, 46, 110, 109, 46, 47, 111, 110, 47, 48, 112, 111, 48, 49, 113, 112, 49, 50, 114, 113, 50, 51, 115, 114, 51, 52, 116, 115, 52, 53, 117, 116, 53, 54, 118, 117, 54, 55, 119, 118, 55, 56, 120, 119, 56, 57, 121, 120, 57, 58, 122, 121, 58, 59, 123, 122, 59, 60, 124, 123, 60, 61, 125, 124, 61, 62, 126, 125, 62, 63, 127, 126, 63, 0, 64, 127, 63, 62, 61, 60, 59, 58, 57, 56, 55, 54, 53, 52, 51, 50, 49, 48, 47, 46, 45, 44, 43, 42, 41, 40, 39, 38, 37, 36, 35, 34, 33, 32, 31, 30, 29, 28, 27, 26, 25, 24, 23, 22, 21, 20, 19, 18, 17, 16, 15, 14, 13, 12, 11, 10, 9, 8, 7, 6, 5, 4, 3, 2, 1, 0, 64, 65, 66, 67, 68, 69, 70, 71, 72, 73, 74, 75, 76, 77, 78, 79, 80, 81, 82, 83, 84, 85, 86, 87, 88, 89, 90, 91, 92, 93, 94, 95, 96, 97, 98, 99, 100, 101, 102, 103, 104, 105, 106, 107, 108, 109, 110, 111, 112, 113, 114, 115, 116, 117, 118, 119, 120, 121, 122, 123, 124, 125, 126, 127]
                rel material:binding = </world/Looks/Grip>
                point3f[] points = [(0.0112, -0.00075, 0), (0.011146069, -0.00075, 0.001097792), (0.010984795, -0.00075, 0.0021850115), (0.010717732, -0.00075, 0.0032511884), (0.010347451, -0.00075, 0.0042860545), (0.009877518, -0.00075, 0.0052796435), (0.009312459, -0.00075, 0.0062223864), (0.008657717, -0.00075, 0.0071052047), (0.007919596, -0.00075, 0.007919596), (0.0071052047, -0.00075, 0.008657717), (0.0062223864, -0.00075, 0.009312459), (0.0052796435, -0.00075, 0.009877518), (0.0042860545, -0.00075, 0.010347451), (0.0032511884, -0.00075, 0.010717732), (0.0021850115, -0.00075, 0.010984795), (0.001097792, -0.00075, 0.011146069), (6.858022e-19, -0.00075, 0.0112), (-0.001097792, -0.00075, 0.011146069), (-0.0021850115, -0.00075, 0.010984795), (-0.0032511884, -0.00075, 0.010717732), (-0.0042860545, -0.00075, 0.010347451), (-0.0052796435, -0.00075, 0.009877518), (-0.0062223864, -0.00075, 0.009312459), (-0.0071052047, -0.00075, 0.008657717), (-0.007919596, -0.00075, 0.007919596), (-0.008657717, -0.00075, 0.0071052047), (-0.009312459, -0.00075, 0.0062223864), (-0.009877518, -0.00075, 0.0052796435), (-0.010347451, -0.00075, 0.0042860545), (-0.010717732, -0.00075, 0.0032511884), (-0.010984795, -0.00075, 0.0021850115), (-0.011146069, -0.00075, 0.001097792), (-0.0112, -0.00075, 1.3716044e-18), (-0.011146069, -0.00075, -0.001097792), (-0.010984795, -0.00075, -0.0021850115), (-0.010717732, -0.00075, -0.0032511884), (-0.010347451, -0.00075, -0.0042860545), (-0.009877518, -0.00075, -0.0052796435), (-0.009312459, -0.00075, -0.0062223864), (-0.008657717, -0.00075, -0.0071052047), (-0.007919596, -0.00075, -0.007919596), (-0.0071052047, -0.00075, -0.008657717), (-0.0062223864, -0.00075, -0.009312459), (-0.0052796435, -0.00075, -0.009877518), (-0.0042860545, -0.00075, -0.010347451), (-0.0032511884, -0.00075, -0.010717732), (-0.0021850115, -0.00075, -0.010984795), (-0.001097792, -0.00075, -0.011146069), (-2.0574066e-18, -0.00075, -0.0112), (0.001097792, -0.00075, -0.011146069), (0.0021850115, -0.00075, -0.010984795), (0.0032511884, -0.00075, -0.010717732), (0.0042860545, -0.00075, -0.010347451), (0.0052796435, -0.00075, -0.009877518), (0.0062223864, -0.00075, -0.009312459), (0.0071052047, -0.00075, -0.008657717), (0.007919596, -0.00075, -0.007919596), (0.008657717, -0.00075, -0.0071052047), (0.009312459, -0.00075, -0.0062223864), (0.009877518, -0.00075, -0.0052796435), (0.010347451, -0.00075, -0.0042860545), (0.010717732, -0.00075, -0.0032511884), (0.010984795, -0.00075, -0.0021850115), (0.011146069, -0.00075, -0.001097792), (0.0112, 0.00075, 0), (0.011146069, 0.00075, 0.001097792), (0.010984795, 0.00075, 0.0021850115), (0.010717732, 0.00075, 0.0032511884), (0.010347451, 0.00075, 0.0042860545), (0.009877518, 0.00075, 0.0052796435), (0.009312459, 0.00075, 0.0062223864), (0.008657717, 0.00075, 0.0071052047), (0.007919596, 0.00075, 0.007919596), (0.0071052047, 0.00075, 0.008657717), (0.0062223864, 0.00075, 0.009312459), (0.0052796435, 0.00075, 0.009877518), (0.0042860545, 0.00075, 0.010347451), (0.0032511884, 0.00075, 0.010717732), (0.0021850115, 0.00075, 0.010984795), (0.001097792, 0.00075, 0.011146069), (6.858022e-19, 0.00075, 0.0112), (-0.001097792, 0.00075, 0.011146069), (-0.0021850115, 0.00075, 0.010984795), (-0.0032511884, 0.00075, 0.010717732), (-0.0042860545, 0.00075, 0.010347451), (-0.0052796435, 0.00075, 0.009877518), (-0.0062223864, 0.00075, 0.009312459), (-0.0071052047, 0.00075, 0.008657717), (-0.007919596, 0.00075, 0.007919596), (-0.008657717, 0.00075, 0.0071052047), (-0.009312459, 0.00075, 0.0062223864), (-0.009877518, 0.00075, 0.0052796435), (-0.010347451, 0.00075, 0.0042860545), (-0.010717732, 0.00075, 0.0032511884), (-0.010984795, 0.00075, 0.0021850115), (-0.011146069, 0.00075, 0.001097792), (-0.0112, 0.00075, 1.3716044e-18), (-0.011146069, 0.00075, -0.001097792), (-0.010984795, 0.00075, -0.0021850115), (-0.010717732, 0.00075, -0.0032511884), (-0.010347451, 0.00075, -0.0042860545), (-0.009877518, 0.00075, -0.0052796435), (-0.009312459, 0.00075, -0.0062223864), (-0.008657717, 0.00075, -0.0071052047), (-0.007919596, 0.00075, -0.007919596), (-0.0071052047, 0.00075, -0.008657717), (-0.0062223864, 0.00075, -0.009312459), (-0.0052796435, 0.00075, -0.009877518), (-0.0042860545, 0.00075, -0.010347451), (-0.0032511884, 0.00075, -0.010717732), (-0.0021850115, 0.00075, -0.010984795), (-0.001097792, 0.00075, -0.011146069), (-2.0574066e-18, 0.00075, -0.0112), (0.001097792, 0.00075, -0.011146069), (0.0021850115, 0.00075, -0.010984795), (0.0032511884, 0.00075, -0.010717732), (0.0042860545, 0.00075, -0.010347451), (0.0052796435, 0.00075, -0.009877518), (0.0062223864, 0.00075, -0.009312459), (0.0071052047, 0.00075, -0.008657717), (0.007919596, 0.00075, -0.007919596), (0.008657717, 0.00075, -0.0071052047), (0.009312459, 0.00075, -0.0062223864), (0.009877518, 0.00075, -0.0052796435), (0.010347451, 0.00075, -0.0042860545), (0.010717732, 0.00075, -0.0032511884), (0.010984795, 0.00075, -0.0021850115), (0.011146069, 0.00075, -0.001097792)]
                uniform token subdivisionScheme = "none"
                double3 xformOp:translate = (0, -0.021333333333333336, 0.15)
                uniform token[] xformOpOrder = ["xformOp:translate"]
            }

            def Mesh "GripRib3" (
                prepend apiSchemas = ["MaterialBindingAPI"]
            )
            {
                int[] faceVertexCounts = [4, 4, 4, 4, 4, 4, 4, 4, 4, 4, 4, 4, 4, 4, 4, 4, 4, 4, 4, 4, 4, 4, 4, 4, 4, 4, 4, 4, 4, 4, 4, 4, 4, 4, 4, 4, 4, 4, 4, 4, 4, 4, 4, 4, 4, 4, 4, 4, 4, 4, 4, 4, 4, 4, 4, 4, 4, 4, 4, 4, 4, 4, 4, 4, 64, 64]
                int[] faceVertexIndices = [0, 1, 65, 64, 1, 2, 66, 65, 2, 3, 67, 66, 3, 4, 68, 67, 4, 5, 69, 68, 5, 6, 70, 69, 6, 7, 71, 70, 7, 8, 72, 71, 8, 9, 73, 72, 9, 10, 74, 73, 10, 11, 75, 74, 11, 12, 76, 75, 12, 13, 77, 76, 13, 14, 78, 77, 14, 15, 79, 78, 15, 16, 80, 79, 16, 17, 81, 80, 17, 18, 82, 81, 18, 19, 83, 82, 19, 20, 84, 83, 20, 21, 85, 84, 21, 22, 86, 85, 22, 23, 87, 86, 23, 24, 88, 87, 24, 25, 89, 88, 25, 26, 90, 89, 26, 27, 91, 90, 27, 28, 92, 91, 28, 29, 93, 92, 29, 30, 94, 93, 30, 31, 95, 94, 31, 32, 96, 95, 32, 33, 97, 96, 33, 34, 98, 97, 34, 35, 99, 98, 35, 36, 100, 99, 36, 37, 101, 100, 37, 38, 102, 101, 38, 39, 103, 102, 39, 40, 104, 103, 40, 41, 105, 104, 41, 42, 106, 105, 42, 43, 107, 106, 43, 44, 108, 107, 44, 45, 109, 108, 45, 46, 110, 109, 46, 47, 111, 110, 47, 48, 112, 111, 48, 49, 113, 112, 49, 50, 114, 113, 50, 51, 115, 114, 51, 52, 116, 115, 52, 53, 117, 116, 53, 54, 118, 117, 54, 55, 119, 118, 55, 56, 120, 119, 56, 57, 121, 120, 57, 58, 122, 121, 58, 59, 123, 122, 59, 60, 124, 123, 60, 61, 125, 124, 61, 62, 126, 125, 62, 63, 127, 126, 63, 0, 64, 127, 63, 62, 61, 60, 59, 58, 57, 56, 55, 54, 53, 52, 51, 50, 49, 48, 47, 46, 45, 44, 43, 42, 41, 40, 39, 38, 37, 36, 35, 34, 33, 32, 31, 30, 29, 28, 27, 26, 25, 24, 23, 22, 21, 20, 19, 18, 17, 16, 15, 14, 13, 12, 11, 10, 9, 8, 7, 6, 5, 4, 3, 2, 1, 0, 64, 65, 66, 67, 68, 69, 70, 71, 72, 73, 74, 75, 76, 77, 78, 79, 80, 81, 82, 83, 84, 85, 86, 87, 88, 89, 90, 91, 92, 93, 94, 95, 96, 97, 98, 99, 100, 101, 102, 103, 104, 105, 106, 107, 108, 109, 110, 111, 112, 113, 114, 115, 116, 117, 118, 119, 120, 121, 122, 123, 124, 125, 126, 127]
                rel material:binding = </world/Looks/Grip>
                point3f[] points = [(0.0112, -0.00075, 0), (0.011146069, -0.00075, 0.001097792), (0.010984795, -0.00075, 0.0021850115), (0.010717732, -0.00075, 0.0032511884), (0.010347451, -0.00075, 0.0042860545), (0.009877518, -0.00075, 0.0052796435), (0.009312459, -0.00075, 0.0062223864), (0.008657717, -0.00075, 0.0071052047), (0.007919596, -0.00075, 0.007919596), (0.0071052047, -0.00075, 0.008657717), (0.0062223864, -0.00075, 0.009312459), (0.0052796435, -0.00075, 0.009877518), (0.0042860545, -0.00075, 0.010347451), (0.0032511884, -0.00075, 0.010717732), (0.0021850115, -0.00075, 0.010984795), (0.001097792, -0.00075, 0.011146069), (6.858022e-19, -0.00075, 0.0112), (-0.001097792, -0.00075, 0.011146069), (-0.0021850115, -0.00075, 0.010984795), (-0.0032511884, -0.00075, 0.010717732), (-0.0042860545, -0.00075, 0.010347451), (-0.0052796435, -0.00075, 0.009877518), (-0.0062223864, -0.00075, 0.009312459), (-0.0071052047, -0.00075, 0.008657717), (-0.007919596, -0.00075, 0.007919596), (-0.008657717, -0.00075, 0.0071052047), (-0.009312459, -0.00075, 0.0062223864), (-0.009877518, -0.00075, 0.0052796435), (-0.010347451, -0.00075, 0.0042860545), (-0.010717732, -0.00075, 0.0032511884), (-0.010984795, -0.00075, 0.0021850115), (-0.011146069, -0.00075, 0.001097792), (-0.0112, -0.00075, 1.3716044e-18), (-0.011146069, -0.00075, -0.001097792), (-0.010984795, -0.00075, -0.0021850115), (-0.010717732, -0.00075, -0.0032511884), (-0.010347451, -0.00075, -0.0042860545), (-0.009877518, -0.00075, -0.0052796435), (-0.009312459, -0.00075, -0.0062223864), (-0.008657717, -0.00075, -0.0071052047), (-0.007919596, -0.00075, -0.007919596), (-0.0071052047, -0.00075, -0.008657717), (-0.0062223864, -0.00075, -0.009312459), (-0.0052796435, -0.00075, -0.009877518), (-0.0042860545, -0.00075, -0.010347451), (-0.0032511884, -0.00075, -0.010717732), (-0.0021850115, -0.00075, -0.010984795), (-0.001097792, -0.00075, -0.011146069), (-2.0574066e-18, -0.00075, -0.0112), (0.001097792, -0.00075, -0.011146069), (0.0021850115, -0.00075, -0.010984795), (0.0032511884, -0.00075, -0.010717732), (0.0042860545, -0.00075, -0.010347451), (0.0052796435, -0.00075, -0.009877518), (0.0062223864, -0.00075, -0.009312459), (0.0071052047, -0.00075, -0.008657717), (0.007919596, -0.00075, -0.007919596), (0.008657717, -0.00075, -0.0071052047), (0.009312459, -0.00075, -0.0062223864), (0.009877518, -0.00075, -0.0052796435), (0.010347451, -0.00075, -0.0042860545), (0.010717732, -0.00075, -0.0032511884), (0.010984795, -0.00075, -0.0021850115), (0.011146069, -0.00075, -0.001097792), (0.0112, 0.00075, 0), (0.011146069, 0.00075, 0.001097792), (0.010984795, 0.00075, 0.0021850115), (0.010717732, 0.00075, 0.0032511884), (0.010347451, 0.00075, 0.0042860545), (0.009877518, 0.00075, 0.0052796435), (0.009312459, 0.00075, 0.0062223864), (0.008657717, 0.00075, 0.0071052047), (0.007919596, 0.00075, 0.007919596), (0.0071052047, 0.00075, 0.008657717), (0.0062223864, 0.00075, 0.009312459), (0.0052796435, 0.00075, 0.009877518), (0.0042860545, 0.00075, 0.010347451), (0.0032511884, 0.00075, 0.010717732), (0.0021850115, 0.00075, 0.010984795), (0.001097792, 0.00075, 0.011146069), (6.858022e-19, 0.00075, 0.0112), (-0.001097792, 0.00075, 0.011146069), (-0.0021850115, 0.00075, 0.010984795), (-0.0032511884, 0.00075, 0.010717732), (-0.0042860545, 0.00075, 0.010347451), (-0.0052796435, 0.00075, 0.009877518), (-0.0062223864, 0.00075, 0.009312459), (-0.0071052047, 0.00075, 0.008657717), (-0.007919596, 0.00075, 0.007919596), (-0.008657717, 0.00075, 0.0071052047), (-0.009312459, 0.00075, 0.0062223864), (-0.009877518, 0.00075, 0.0052796435), (-0.010347451, 0.00075, 0.0042860545), (-0.010717732, 0.00075, 0.0032511884), (-0.010984795, 0.00075, 0.0021850115), (-0.011146069, 0.00075, 0.001097792), (-0.0112, 0.00075, 1.3716044e-18), (-0.011146069, 0.00075, -0.001097792), (-0.010984795, 0.00075, -0.0021850115), (-0.010717732, 0.00075, -0.0032511884), (-0.010347451, 0.00075, -0.0042860545), (-0.009877518, 0.00075, -0.0052796435), (-0.009312459, 0.00075, -0.0062223864), (-0.008657717, 0.00075, -0.0071052047), (-0.007919596, 0.00075, -0.007919596), (-0.0071052047, 0.00075, -0.008657717), (-0.0062223864, 0.00075, -0.009312459), (-0.0052796435, 0.00075, -0.009877518), (-0.0042860545, 0.00075, -0.010347451), (-0.0032511884, 0.00075, -0.010717732), (-0.0021850115, 0.00075, -0.010984795), (-0.001097792, 0.00075, -0.011146069), (-2.0574066e-18, 0.00075, -0.0112), (0.001097792, 0.00075, -0.011146069), (0.0021850115, 0.00075, -0.010984795), (0.0032511884, 0.00075, -0.010717732), (0.0042860545, 0.00075, -0.010347451), (0.0052796435, 0.00075, -0.009877518), (0.0062223864, 0.00075, -0.009312459), (0.0071052047, 0.00075, -0.008657717), (0.007919596, 0.00075, -0.007919596), (0.008657717, 0.00075, -0.0071052047), (0.009312459, 0.00075, -0.0062223864), (0.009877518, 0.00075, -0.0052796435), (0.010347451, 0.00075, -0.0042860545), (0.010717732, 0.00075, -0.0032511884), (0.010984795, 0.00075, -0.0021850115), (0.011146069, 0.00075, -0.001097792)]
                uniform token subdivisionScheme = "none"
                double3 xformOp:translate = (0, -0.016, 0.15)
                uniform token[] xformOpOrder = ["xformOp:translate"]
            }

            def Mesh "GripRib4" (
                prepend apiSchemas = ["MaterialBindingAPI"]
            )
            {
                int[] faceVertexCounts = [4, 4, 4, 4, 4, 4, 4, 4, 4, 4, 4, 4, 4, 4, 4, 4, 4, 4, 4, 4, 4, 4, 4, 4, 4, 4, 4, 4, 4, 4, 4, 4, 4, 4, 4, 4, 4, 4, 4, 4, 4, 4, 4, 4, 4, 4, 4, 4, 4, 4, 4, 4, 4, 4, 4, 4, 4, 4, 4, 4, 4, 4, 4, 4, 64, 64]
                int[] faceVertexIndices = [0, 1, 65, 64, 1, 2, 66, 65, 2, 3, 67, 66, 3, 4, 68, 67, 4, 5, 69, 68, 5, 6, 70, 69, 6, 7, 71, 70, 7, 8, 72, 71, 8, 9, 73, 72, 9, 10, 74, 73, 10, 11, 75, 74, 11, 12, 76, 75, 12, 13, 77, 76, 13, 14, 78, 77, 14, 15, 79, 78, 15, 16, 80, 79, 16, 17, 81, 80, 17, 18, 82, 81, 18, 19, 83, 82, 19, 20, 84, 83, 20, 21, 85, 84, 21, 22, 86, 85, 22, 23, 87, 86, 23, 24, 88, 87, 24, 25, 89, 88, 25, 26, 90, 89, 26, 27, 91, 90, 27, 28, 92, 91, 28, 29, 93, 92, 29, 30, 94, 93, 30, 31, 95, 94, 31, 32, 96, 95, 32, 33, 97, 96, 33, 34, 98, 97, 34, 35, 99, 98, 35, 36, 100, 99, 36, 37, 101, 100, 37, 38, 102, 101, 38, 39, 103, 102, 39, 40, 104, 103, 40, 41, 105, 104, 41, 42, 106, 105, 42, 43, 107, 106, 43, 44, 108, 107, 44, 45, 109, 108, 45, 46, 110, 109, 46, 47, 111, 110, 47, 48, 112, 111, 48, 49, 113, 112, 49, 50, 114, 113, 50, 51, 115, 114, 51, 52, 116, 115, 52, 53, 117, 116, 53, 54, 118, 117, 54, 55, 119, 118, 55, 56, 120, 119, 56, 57, 121, 120, 57, 58, 122, 121, 58, 59, 123, 122, 59, 60, 124, 123, 60, 61, 125, 124, 61, 62, 126, 125, 62, 63, 127, 126, 63, 0, 64, 127, 63, 62, 61, 60, 59, 58, 57, 56, 55, 54, 53, 52, 51, 50, 49, 48, 47, 46, 45, 44, 43, 42, 41, 40, 39, 38, 37, 36, 35, 34, 33, 32, 31, 30, 29, 28, 27, 26, 25, 24, 23, 22, 21, 20, 19, 18, 17, 16, 15, 14, 13, 12, 11, 10, 9, 8, 7, 6, 5, 4, 3, 2, 1, 0, 64, 65, 66, 67, 68, 69, 70, 71, 72, 73, 74, 75, 76, 77, 78, 79, 80, 81, 82, 83, 84, 85, 86, 87, 88, 89, 90, 91, 92, 93, 94, 95, 96, 97, 98, 99, 100, 101, 102, 103, 104, 105, 106, 107, 108, 109, 110, 111, 112, 113, 114, 115, 116, 117, 118, 119, 120, 121, 122, 123, 124, 125, 126, 127]
                rel material:binding = </world/Looks/Grip>
                point3f[] points = [(0.0112, -0.00075, 0), (0.011146069, -0.00075, 0.001097792), (0.010984795, -0.00075, 0.0021850115), (0.010717732, -0.00075, 0.0032511884), (0.010347451, -0.00075, 0.0042860545), (0.009877518, -0.00075, 0.0052796435), (0.009312459, -0.00075, 0.0062223864), (0.008657717, -0.00075, 0.0071052047), (0.007919596, -0.00075, 0.007919596), (0.0071052047, -0.00075, 0.008657717), (0.0062223864, -0.00075, 0.009312459), (0.0052796435, -0.00075, 0.009877518), (0.0042860545, -0.00075, 0.010347451), (0.0032511884, -0.00075, 0.010717732), (0.0021850115, -0.00075, 0.010984795), (0.001097792, -0.00075, 0.011146069), (6.858022e-19, -0.00075, 0.0112), (-0.001097792, -0.00075, 0.011146069), (-0.0021850115, -0.00075, 0.010984795), (-0.0032511884, -0.00075, 0.010717732), (-0.0042860545, -0.00075, 0.010347451), (-0.0052796435, -0.00075, 0.009877518), (-0.0062223864, -0.00075, 0.009312459), (-0.0071052047, -0.00075, 0.008657717), (-0.007919596, -0.00075, 0.007919596), (-0.008657717, -0.00075, 0.0071052047), (-0.009312459, -0.00075, 0.0062223864), (-0.009877518, -0.00075, 0.0052796435), (-0.010347451, -0.00075, 0.0042860545), (-0.010717732, -0.00075, 0.0032511884), (-0.010984795, -0.00075, 0.0021850115), (-0.011146069, -0.00075, 0.001097792), (-0.0112, -0.00075, 1.3716044e-18), (-0.011146069, -0.00075, -0.001097792), (-0.010984795, -0.00075, -0.0021850115), (-0.010717732, -0.00075, -0.0032511884), (-0.010347451, -0.00075, -0.0042860545), (-0.009877518, -0.00075, -0.0052796435), (-0.009312459, -0.00075, -0.0062223864), (-0.008657717, -0.00075, -0.0071052047), (-0.007919596, -0.00075, -0.007919596), (-0.0071052047, -0.00075, -0.008657717), (-0.0062223864, -0.00075, -0.009312459), (-0.0052796435, -0.00075, -0.009877518), (-0.0042860545, -0.00075, -0.010347451), (-0.0032511884, -0.00075, -0.010717732), (-0.0021850115, -0.00075, -0.010984795), (-0.001097792, -0.00075, -0.011146069), (-2.0574066e-18, -0.00075, -0.0112), (0.001097792, -0.00075, -0.011146069), (0.0021850115, -0.00075, -0.010984795), (0.0032511884, -0.00075, -0.010717732), (0.0042860545, -0.00075, -0.010347451), (0.0052796435, -0.00075, -0.009877518), (0.0062223864, -0.00075, -0.009312459), (0.0071052047, -0.00075, -0.008657717), (0.007919596, -0.00075, -0.007919596), (0.008657717, -0.00075, -0.0071052047), (0.009312459, -0.00075, -0.0062223864), (0.009877518, -0.00075, -0.0052796435), (0.010347451, -0.00075, -0.0042860545), (0.010717732, -0.00075, -0.0032511884), (0.010984795, -0.00075, -0.0021850115), (0.011146069, -0.00075, -0.001097792), (0.0112, 0.00075, 0), (0.011146069, 0.00075, 0.001097792), (0.010984795, 0.00075, 0.0021850115), (0.010717732, 0.00075, 0.0032511884), (0.010347451, 0.00075, 0.0042860545), (0.009877518, 0.00075, 0.0052796435), (0.009312459, 0.00075, 0.0062223864), (0.008657717, 0.00075, 0.0071052047), (0.007919596, 0.00075, 0.007919596), (0.0071052047, 0.00075, 0.008657717), (0.0062223864, 0.00075, 0.009312459), (0.0052796435, 0.00075, 0.009877518), (0.0042860545, 0.00075, 0.010347451), (0.0032511884, 0.00075, 0.010717732), (0.0021850115, 0.00075, 0.010984795), (0.001097792, 0.00075, 0.011146069), (6.858022e-19, 0.00075, 0.0112), (-0.001097792, 0.00075, 0.011146069), (-0.0021850115, 0.00075, 0.010984795), (-0.0032511884, 0.00075, 0.010717732), (-0.0042860545, 0.00075, 0.010347451), (-0.0052796435, 0.00075, 0.009877518), (-0.0062223864, 0.00075, 0.009312459), (-0.0071052047, 0.00075, 0.008657717), (-0.007919596, 0.00075, 0.007919596), (-0.008657717, 0.00075, 0.0071052047), (-0.009312459, 0.00075, 0.0062223864), (-0.009877518, 0.00075, 0.0052796435), (-0.010347451, 0.00075, 0.0042860545), (-0.010717732, 0.00075, 0.0032511884), (-0.010984795, 0.00075, 0.0021850115), (-0.011146069, 0.00075, 0.001097792), (-0.0112, 0.00075, 1.3716044e-18), (-0.011146069, 0.00075, -0.001097792), (-0.010984795, 0.00075, -0.0021850115), (-0.010717732, 0.00075, -0.0032511884), (-0.010347451, 0.00075, -0.0042860545), (-0.009877518, 0.00075, -0.0052796435), (-0.009312459, 0.00075, -0.0062223864), (-0.008657717, 0.00075, -0.0071052047), (-0.007919596, 0.00075, -0.007919596), (-0.0071052047, 0.00075, -0.008657717), (-0.0062223864, 0.00075, -0.009312459), (-0.0052796435, 0.00075, -0.009877518), (-0.0042860545, 0.00075, -0.010347451), (-0.0032511884, 0.00075, -0.010717732), (-0.0021850115, 0.00075, -0.010984795), (-0.001097792, 0.00075, -0.011146069), (-2.0574066e-18, 0.00075, -0.0112), (0.001097792, 0.00075, -0.011146069), (0.0021850115, 0.00075, -0.010984795), (0.0032511884, 0.00075, -0.010717732), (0.0042860545, 0.00075, -0.010347451), (0.0052796435, 0.00075, -0.009877518), (0.0062223864, 0.00075, -0.009312459), (0.0071052047, 0.00075, -0.008657717), (0.007919596, 0.00075, -0.007919596), (0.008657717, 0.00075, -0.0071052047), (0.009312459, 0.00075, -0.0062223864), (0.009877518, 0.00075, -0.0052796435), (0.010347451, 0.00075, -0.0042860545), (0.010717732, 0.00075, -0.0032511884), (0.010984795, 0.00075, -0.0021850115), (0.011146069, 0.00075, -0.001097792)]
                uniform token subdivisionScheme = "none"
                double3 xformOp:translate = (0, -0.010666666666666668, 0.15)
                uniform token[] xformOpOrder = ["xformOp:translate"]
            }

            def Mesh "GripRib5" (
                prepend apiSchemas = ["MaterialBindingAPI"]
            )
            {
                int[] faceVertexCounts = [4, 4, 4, 4, 4, 4, 4, 4, 4, 4, 4, 4, 4, 4, 4, 4, 4, 4, 4, 4, 4, 4, 4, 4, 4, 4, 4, 4, 4, 4, 4, 4, 4, 4, 4, 4, 4, 4, 4, 4, 4, 4, 4, 4, 4, 4, 4, 4, 4, 4, 4, 4, 4, 4, 4, 4, 4, 4, 4, 4, 4, 4, 4, 4, 64, 64]
                int[] faceVertexIndices = [0, 1, 65, 64, 1, 2, 66, 65, 2, 3, 67, 66, 3, 4, 68, 67, 4, 5, 69, 68, 5, 6, 70, 69, 6, 7, 71, 70, 7, 8, 72, 71, 8, 9, 73, 72, 9, 10, 74, 73, 10, 11, 75, 74, 11, 12, 76, 75, 12, 13, 77, 76, 13, 14, 78, 77, 14, 15, 79, 78, 15, 16, 80, 79, 16, 17, 81, 80, 17, 18, 82, 81, 18, 19, 83, 82, 19, 20, 84, 83, 20, 21, 85, 84, 21, 22, 86, 85, 22, 23, 87, 86, 23, 24, 88, 87, 24, 25, 89, 88, 25, 26, 90, 89, 26, 27, 91, 90, 27, 28, 92, 91, 28, 29, 93, 92, 29, 30, 94, 93, 30, 31, 95, 94, 31, 32, 96, 95, 32, 33, 97, 96, 33, 34, 98, 97, 34, 35, 99, 98, 35, 36, 100, 99, 36, 37, 101, 100, 37, 38, 102, 101, 38, 39, 103, 102, 39, 40, 104, 103, 40, 41, 105, 104, 41, 42, 106, 105, 42, 43, 107, 106, 43, 44, 108, 107, 44, 45, 109, 108, 45, 46, 110, 109, 46, 47, 111, 110, 47, 48, 112, 111, 48, 49, 113, 112, 49, 50, 114, 113, 50, 51, 115, 114, 51, 52, 116, 115, 52, 53, 117, 116, 53, 54, 118, 117, 54, 55, 119, 118, 55, 56, 120, 119, 56, 57, 121, 120, 57, 58, 122, 121, 58, 59, 123, 122, 59, 60, 124, 123, 60, 61, 125, 124, 61, 62, 126, 125, 62, 63, 127, 126, 63, 0, 64, 127, 63, 62, 61, 60, 59, 58, 57, 56, 55, 54, 53, 52, 51, 50, 49, 48, 47, 46, 45, 44, 43, 42, 41, 40, 39, 38, 37, 36, 35, 34, 33, 32, 31, 30, 29, 28, 27, 26, 25, 24, 23, 22, 21, 20, 19, 18, 17, 16, 15, 14, 13, 12, 11, 10, 9, 8, 7, 6, 5, 4, 3, 2, 1, 0, 64, 65, 66, 67, 68, 69, 70, 71, 72, 73, 74, 75, 76, 77, 78, 79, 80, 81, 82, 83, 84, 85, 86, 87, 88, 89, 90, 91, 92, 93, 94, 95, 96, 97, 98, 99, 100, 101, 102, 103, 104, 105, 106, 107, 108, 109, 110, 111, 112, 113, 114, 115, 116, 117, 118, 119, 120, 121, 122, 123, 124, 125, 126, 127]
                rel material:binding = </world/Looks/Grip>
                point3f[] points = [(0.0112, -0.00075, 0), (0.011146069, -0.00075, 0.001097792), (0.010984795, -0.00075, 0.0021850115), (0.010717732, -0.00075, 0.0032511884), (0.010347451, -0.00075, 0.0042860545), (0.009877518, -0.00075, 0.0052796435), (0.009312459, -0.00075, 0.0062223864), (0.008657717, -0.00075, 0.0071052047), (0.007919596, -0.00075, 0.007919596), (0.0071052047, -0.00075, 0.008657717), (0.0062223864, -0.00075, 0.009312459), (0.0052796435, -0.00075, 0.009877518), (0.0042860545, -0.00075, 0.010347451), (0.0032511884, -0.00075, 0.010717732), (0.0021850115, -0.00075, 0.010984795), (0.001097792, -0.00075, 0.011146069), (6.858022e-19, -0.00075, 0.0112), (-0.001097792, -0.00075, 0.011146069), (-0.0021850115, -0.00075, 0.010984795), (-0.0032511884, -0.00075, 0.010717732), (-0.0042860545, -0.00075, 0.010347451), (-0.0052796435, -0.00075, 0.009877518), (-0.0062223864, -0.00075, 0.009312459), (-0.0071052047, -0.00075, 0.008657717), (-0.007919596, -0.00075, 0.007919596), (-0.008657717, -0.00075, 0.0071052047), (-0.009312459, -0.00075, 0.0062223864), (-0.009877518, -0.00075, 0.0052796435), (-0.010347451, -0.00075, 0.0042860545), (-0.010717732, -0.00075, 0.0032511884), (-0.010984795, -0.00075, 0.0021850115), (-0.011146069, -0.00075, 0.001097792), (-0.0112, -0.00075, 1.3716044e-18), (-0.011146069, -0.00075, -0.001097792), (-0.010984795, -0.00075, -0.0021850115), (-0.010717732, -0.00075, -0.0032511884), (-0.010347451, -0.00075, -0.0042860545), (-0.009877518, -0.00075, -0.0052796435), (-0.009312459, -0.00075, -0.0062223864), (-0.008657717, -0.00075, -0.0071052047), (-0.007919596, -0.00075, -0.007919596), (-0.0071052047, -0.00075, -0.008657717), (-0.0062223864, -0.00075, -0.009312459), (-0.0052796435, -0.00075, -0.009877518), (-0.0042860545, -0.00075, -0.010347451), (-0.0032511884, -0.00075, -0.010717732), (-0.0021850115, -0.00075, -0.010984795), (-0.001097792, -0.00075, -0.011146069), (-2.0574066e-18, -0.00075, -0.0112), (0.001097792, -0.00075, -0.011146069), (0.0021850115, -0.00075, -0.010984795), (0.0032511884, -0.00075, -0.010717732), (0.0042860545, -0.00075, -0.010347451), (0.0052796435, -0.00075, -0.009877518), (0.0062223864, -0.00075, -0.009312459), (0.0071052047, -0.00075, -0.008657717), (0.007919596, -0.00075, -0.007919596), (0.008657717, -0.00075, -0.0071052047), (0.009312459, -0.00075, -0.0062223864), (0.009877518, -0.00075, -0.0052796435), (0.010347451, -0.00075, -0.0042860545), (0.010717732, -0.00075, -0.0032511884), (0.010984795, -0.00075, -0.0021850115), (0.011146069, -0.00075, -0.001097792), (0.0112, 0.00075, 0), (0.011146069, 0.00075, 0.001097792), (0.010984795, 0.00075, 0.0021850115), (0.010717732, 0.00075, 0.0032511884), (0.010347451, 0.00075, 0.0042860545), (0.009877518, 0.00075, 0.0052796435), (0.009312459, 0.00075, 0.0062223864), (0.008657717, 0.00075, 0.0071052047), (0.007919596, 0.00075, 0.007919596), (0.0071052047, 0.00075, 0.008657717), (0.0062223864, 0.00075, 0.009312459), (0.0052796435, 0.00075, 0.009877518), (0.0042860545, 0.00075, 0.010347451), (0.0032511884, 0.00075, 0.010717732), (0.0021850115, 0.00075, 0.010984795), (0.001097792, 0.00075, 0.011146069), (6.858022e-19, 0.00075, 0.0112), (-0.001097792, 0.00075, 0.011146069), (-0.0021850115, 0.00075, 0.010984795), (-0.0032511884, 0.00075, 0.010717732), (-0.0042860545, 0.00075, 0.010347451), (-0.0052796435, 0.00075, 0.009877518), (-0.0062223864, 0.00075, 0.009312459), (-0.0071052047, 0.00075, 0.008657717), (-0.007919596, 0.00075, 0.007919596), (-0.008657717, 0.00075, 0.0071052047), (-0.009312459, 0.00075, 0.0062223864), (-0.009877518, 0.00075, 0.0052796435), (-0.010347451, 0.00075, 0.0042860545), (-0.010717732, 0.00075, 0.0032511884), (-0.010984795, 0.00075, 0.0021850115), (-0.011146069, 0.00075, 0.001097792), (-0.0112, 0.00075, 1.3716044e-18), (-0.011146069, 0.00075, -0.001097792), (-0.010984795, 0.00075, -0.0021850115), (-0.010717732, 0.00075, -0.0032511884), (-0.010347451, 0.00075, -0.0042860545), (-0.009877518, 0.00075, -0.0052796435), (-0.009312459, 0.00075, -0.0062223864), (-0.008657717, 0.00075, -0.0071052047), (-0.007919596, 0.00075, -0.007919596), (-0.0071052047, 0.00075, -0.008657717), (-0.0062223864, 0.00075, -0.009312459), (-0.0052796435, 0.00075, -0.009877518), (-0.0042860545, 0.00075, -0.010347451), (-0.0032511884, 0.00075, -0.010717732), (-0.0021850115, 0.00075, -0.010984795), (-0.001097792, 0.00075, -0.011146069), (-2.0574066e-18, 0.00075, -0.0112), (0.001097792, 0.00075, -0.011146069), (0.0021850115, 0.00075, -0.010984795), (0.0032511884, 0.00075, -0.010717732), (0.0042860545, 0.00075, -0.010347451), (0.0052796435, 0.00075, -0.009877518), (0.0062223864, 0.00075, -0.009312459), (0.0071052047, 0.00075, -0.008657717), (0.007919596, 0.00075, -0.007919596), (0.008657717, 0.00075, -0.0071052047), (0.009312459, 0.00075, -0.0062223864), (0.009877518, 0.00075, -0.0052796435), (0.010347451, 0.00075, -0.0042860545), (0.010717732, 0.00075, -0.0032511884), (0.010984795, 0.00075, -0.0021850115), (0.011146069, 0.00075, -0.001097792)]
                uniform token subdivisionScheme = "none"
                double3 xformOp:translate = (0, -0.005333333333333336, 0.15)
                uniform token[] xformOpOrder = ["xformOp:translate"]
            }

            def Mesh "GripRib6" (
                prepend apiSchemas = ["MaterialBindingAPI"]
            )
            {
                int[] faceVertexCounts = [4, 4, 4, 4, 4, 4, 4, 4, 4, 4, 4, 4, 4, 4, 4, 4, 4, 4, 4, 4, 4, 4, 4, 4, 4, 4, 4, 4, 4, 4, 4, 4, 4, 4, 4, 4, 4, 4, 4, 4, 4, 4, 4, 4, 4, 4, 4, 4, 4, 4, 4, 4, 4, 4, 4, 4, 4, 4, 4, 4, 4, 4, 4, 4, 64, 64]
                int[] faceVertexIndices = [0, 1, 65, 64, 1, 2, 66, 65, 2, 3, 67, 66, 3, 4, 68, 67, 4, 5, 69, 68, 5, 6, 70, 69, 6, 7, 71, 70, 7, 8, 72, 71, 8, 9, 73, 72, 9, 10, 74, 73, 10, 11, 75, 74, 11, 12, 76, 75, 12, 13, 77, 76, 13, 14, 78, 77, 14, 15, 79, 78, 15, 16, 80, 79, 16, 17, 81, 80, 17, 18, 82, 81, 18, 19, 83, 82, 19, 20, 84, 83, 20, 21, 85, 84, 21, 22, 86, 85, 22, 23, 87, 86, 23, 24, 88, 87, 24, 25, 89, 88, 25, 26, 90, 89, 26, 27, 91, 90, 27, 28, 92, 91, 28, 29, 93, 92, 29, 30, 94, 93, 30, 31, 95, 94, 31, 32, 96, 95, 32, 33, 97, 96, 33, 34, 98, 97, 34, 35, 99, 98, 35, 36, 100, 99, 36, 37, 101, 100, 37, 38, 102, 101, 38, 39, 103, 102, 39, 40, 104, 103, 40, 41, 105, 104, 41, 42, 106, 105, 42, 43, 107, 106, 43, 44, 108, 107, 44, 45, 109, 108, 45, 46, 110, 109, 46, 47, 111, 110, 47, 48, 112, 111, 48, 49, 113, 112, 49, 50, 114, 113, 50, 51, 115, 114, 51, 52, 116, 115, 52, 53, 117, 116, 53, 54, 118, 117, 54, 55, 119, 118, 55, 56, 120, 119, 56, 57, 121, 120, 57, 58, 122, 121, 58, 59, 123, 122, 59, 60, 124, 123, 60, 61, 125, 124, 61, 62, 126, 125, 62, 63, 127, 126, 63, 0, 64, 127, 63, 62, 61, 60, 59, 58, 57, 56, 55, 54, 53, 52, 51, 50, 49, 48, 47, 46, 45, 44, 43, 42, 41, 40, 39, 38, 37, 36, 35, 34, 33, 32, 31, 30, 29, 28, 27, 26, 25, 24, 23, 22, 21, 20, 19, 18, 17, 16, 15, 14, 13, 12, 11, 10, 9, 8, 7, 6, 5, 4, 3, 2, 1, 0, 64, 65, 66, 67, 68, 69, 70, 71, 72, 73, 74, 75, 76, 77, 78, 79, 80, 81, 82, 83, 84, 85, 86, 87, 88, 89, 90, 91, 92, 93, 94, 95, 96, 97, 98, 99, 100, 101, 102, 103, 104, 105, 106, 107, 108, 109, 110, 111, 112, 113, 114, 115, 116, 117, 118, 119, 120, 121, 122, 123, 124, 125, 126, 127]
                rel material:binding = </world/Looks/Grip>
                point3f[] points = [(0.0112, -0.00075, 0), (0.011146069, -0.00075, 0.001097792), (0.010984795, -0.00075, 0.0021850115), (0.010717732, -0.00075, 0.0032511884), (0.010347451, -0.00075, 0.0042860545), (0.009877518, -0.00075, 0.0052796435), (0.009312459, -0.00075, 0.0062223864), (0.008657717, -0.00075, 0.0071052047), (0.007919596, -0.00075, 0.007919596), (0.0071052047, -0.00075, 0.008657717), (0.0062223864, -0.00075, 0.009312459), (0.0052796435, -0.00075, 0.009877518), (0.0042860545, -0.00075, 0.010347451), (0.0032511884, -0.00075, 0.010717732), (0.0021850115, -0.00075, 0.010984795), (0.001097792, -0.00075, 0.011146069), (6.858022e-19, -0.00075, 0.0112), (-0.001097792, -0.00075, 0.011146069), (-0.0021850115, -0.00075, 0.010984795), (-0.0032511884, -0.00075, 0.010717732), (-0.0042860545, -0.00075, 0.010347451), (-0.0052796435, -0.00075, 0.009877518), (-0.0062223864, -0.00075, 0.009312459), (-0.0071052047, -0.00075, 0.008657717), (-0.007919596, -0.00075, 0.007919596), (-0.008657717, -0.00075, 0.0071052047), (-0.009312459, -0.00075, 0.0062223864), (-0.009877518, -0.00075, 0.0052796435), (-0.010347451, -0.00075, 0.0042860545), (-0.010717732, -0.00075, 0.0032511884), (-0.010984795, -0.00075, 0.0021850115), (-0.011146069, -0.00075, 0.001097792), (-0.0112, -0.00075, 1.3716044e-18), (-0.011146069, -0.00075, -0.001097792), (-0.010984795, -0.00075, -0.0021850115), (-0.010717732, -0.00075, -0.0032511884), (-0.010347451, -0.00075, -0.0042860545), (-0.009877518, -0.00075, -0.0052796435), (-0.009312459, -0.00075, -0.0062223864), (-0.008657717, -0.00075, -0.0071052047), (-0.007919596, -0.00075, -0.007919596), (-0.0071052047, -0.00075, -0.008657717), (-0.0062223864, -0.00075, -0.009312459), (-0.0052796435, -0.00075, -0.009877518), (-0.0042860545, -0.00075, -0.010347451), (-0.0032511884, -0.00075, -0.010717732), (-0.0021850115, -0.00075, -0.010984795), (-0.001097792, -0.00075, -0.011146069), (-2.0574066e-18, -0.00075, -0.0112), (0.001097792, -0.00075, -0.011146069), (0.0021850115, -0.00075, -0.010984795), (0.0032511884, -0.00075, -0.010717732), (0.0042860545, -0.00075, -0.010347451), (0.0052796435, -0.00075, -0.009877518), (0.0062223864, -0.00075, -0.009312459), (0.0071052047, -0.00075, -0.008657717), (0.007919596, -0.00075, -0.007919596), (0.008657717, -0.00075, -0.0071052047), (0.009312459, -0.00075, -0.0062223864), (0.009877518, -0.00075, -0.0052796435), (0.010347451, -0.00075, -0.0042860545), (0.010717732, -0.00075, -0.0032511884), (0.010984795, -0.00075, -0.0021850115), (0.011146069, -0.00075, -0.001097792), (0.0112, 0.00075, 0), (0.011146069, 0.00075, 0.001097792), (0.010984795, 0.00075, 0.0021850115), (0.010717732, 0.00075, 0.0032511884), (0.010347451, 0.00075, 0.0042860545), (0.009877518, 0.00075, 0.0052796435), (0.009312459, 0.00075, 0.0062223864), (0.008657717, 0.00075, 0.0071052047), (0.007919596, 0.00075, 0.007919596), (0.0071052047, 0.00075, 0.008657717), (0.0062223864, 0.00075, 0.009312459), (0.0052796435, 0.00075, 0.009877518), (0.0042860545, 0.00075, 0.010347451), (0.0032511884, 0.00075, 0.010717732), (0.0021850115, 0.00075, 0.010984795), (0.001097792, 0.00075, 0.011146069), (6.858022e-19, 0.00075, 0.0112), (-0.001097792, 0.00075, 0.011146069), (-0.0021850115, 0.00075, 0.010984795), (-0.0032511884, 0.00075, 0.010717732), (-0.0042860545, 0.00075, 0.010347451), (-0.0052796435, 0.00075, 0.009877518), (-0.0062223864, 0.00075, 0.009312459), (-0.0071052047, 0.00075, 0.008657717), (-0.007919596, 0.00075, 0.007919596), (-0.008657717, 0.00075, 0.0071052047), (-0.009312459, 0.00075, 0.0062223864), (-0.009877518, 0.00075, 0.0052796435), (-0.010347451, 0.00075, 0.0042860545), (-0.010717732, 0.00075, 0.0032511884), (-0.010984795, 0.00075, 0.0021850115), (-0.011146069, 0.00075, 0.001097792), (-0.0112, 0.00075, 1.3716044e-18), (-0.011146069, 0.00075, -0.001097792), (-0.010984795, 0.00075, -0.0021850115), (-0.010717732, 0.00075, -0.0032511884), (-0.010347451, 0.00075, -0.0042860545), (-0.009877518, 0.00075, -0.0052796435), (-0.009312459, 0.00075, -0.0062223864), (-0.008657717, 0.00075, -0.0071052047), (-0.007919596, 0.00075, -0.007919596), (-0.0071052047, 0.00075, -0.008657717), (-0.0062223864, 0.00075, -0.009312459), (-0.0052796435, 0.00075, -0.009877518), (-0.0042860545, 0.00075, -0.010347451), (-0.0032511884, 0.00075, -0.010717732), (-0.0021850115, 0.00075, -0.010984795), (-0.001097792, 0.00075, -0.011146069), (-2.0574066e-18, 0.00075, -0.0112), (0.001097792, 0.00075, -0.011146069), (0.0021850115, 0.00075, -0.010984795), (0.0032511884, 0.00075, -0.010717732), (0.0042860545, 0.00075, -0.010347451), (0.0052796435, 0.00075, -0.009877518), (0.0062223864, 0.00075, -0.009312459), (0.0071052047, 0.00075, -0.008657717), (0.007919596, 0.00075, -0.007919596), (0.008657717, 0.00075, -0.0071052047), (0.009312459, 0.00075, -0.0062223864), (0.009877518, 0.00075, -0.0052796435), (0.010347451, 0.00075, -0.0042860545), (0.010717732, 0.00075, -0.0032511884), (0.010984795, 0.00075, -0.0021850115), (0.011146069, 0.00075, -0.001097792)]
                uniform token subdivisionScheme = "none"
                double3 xformOp:translate = (0, 0, 0.15)
                uniform token[] xformOpOrder = ["xformOp:translate"]
            }

            def Mesh "GripRib7" (
                prepend apiSchemas = ["MaterialBindingAPI"]
            )
            {
                int[] faceVertexCounts = [4, 4, 4, 4, 4, 4, 4, 4, 4, 4, 4, 4, 4, 4, 4, 4, 4, 4, 4, 4, 4, 4, 4, 4, 4, 4, 4, 4, 4, 4, 4, 4, 4, 4, 4, 4, 4, 4, 4, 4, 4, 4, 4, 4, 4, 4, 4, 4, 4, 4, 4, 4, 4, 4, 4, 4, 4, 4, 4, 4, 4, 4, 4, 4, 64, 64]
                int[] faceVertexIndices = [0, 1, 65, 64, 1, 2, 66, 65, 2, 3, 67, 66, 3, 4, 68, 67, 4, 5, 69, 68, 5, 6, 70, 69, 6, 7, 71, 70, 7, 8, 72, 71, 8, 9, 73, 72, 9, 10, 74, 73, 10, 11, 75, 74, 11, 12, 76, 75, 12, 13, 77, 76, 13, 14, 78, 77, 14, 15, 79, 78, 15, 16, 80, 79, 16, 17, 81, 80, 17, 18, 82, 81, 18, 19, 83, 82, 19, 20, 84, 83, 20, 21, 85, 84, 21, 22, 86, 85, 22, 23, 87, 86, 23, 24, 88, 87, 24, 25, 89, 88, 25, 26, 90, 89, 26, 27, 91, 90, 27, 28, 92, 91, 28, 29, 93, 92, 29, 30, 94, 93, 30, 31, 95, 94, 31, 32, 96, 95, 32, 33, 97, 96, 33, 34, 98, 97, 34, 35, 99, 98, 35, 36, 100, 99, 36, 37, 101, 100, 37, 38, 102, 101, 38, 39, 103, 102, 39, 40, 104, 103, 40, 41, 105, 104, 41, 42, 106, 105, 42, 43, 107, 106, 43, 44, 108, 107, 44, 45, 109, 108, 45, 46, 110, 109, 46, 47, 111, 110, 47, 48, 112, 111, 48, 49, 113, 112, 49, 50, 114, 113, 50, 51, 115, 114, 51, 52, 116, 115, 52, 53, 117, 116, 53, 54, 118, 117, 54, 55, 119, 118, 55, 56, 120, 119, 56, 57, 121, 120, 57, 58, 122, 121, 58, 59, 123, 122, 59, 60, 124, 123, 60, 61, 125, 124, 61, 62, 126, 125, 62, 63, 127, 126, 63, 0, 64, 127, 63, 62, 61, 60, 59, 58, 57, 56, 55, 54, 53, 52, 51, 50, 49, 48, 47, 46, 45, 44, 43, 42, 41, 40, 39, 38, 37, 36, 35, 34, 33, 32, 31, 30, 29, 28, 27, 26, 25, 24, 23, 22, 21, 20, 19, 18, 17, 16, 15, 14, 13, 12, 11, 10, 9, 8, 7, 6, 5, 4, 3, 2, 1, 0, 64, 65, 66, 67, 68, 69, 70, 71, 72, 73, 74, 75, 76, 77, 78, 79, 80, 81, 82, 83, 84, 85, 86, 87, 88, 89, 90, 91, 92, 93, 94, 95, 96, 97, 98, 99, 100, 101, 102, 103, 104, 105, 106, 107, 108, 109, 110, 111, 112, 113, 114, 115, 116, 117, 118, 119, 120, 121, 122, 123, 124, 125, 126, 127]
                rel material:binding = </world/Looks/Grip>
                point3f[] points = [(0.0112, -0.00075, 0), (0.011146069, -0.00075, 0.001097792), (0.010984795, -0.00075, 0.0021850115), (0.010717732, -0.00075, 0.0032511884), (0.010347451, -0.00075, 0.0042860545), (0.009877518, -0.00075, 0.0052796435), (0.009312459, -0.00075, 0.0062223864), (0.008657717, -0.00075, 0.0071052047), (0.007919596, -0.00075, 0.007919596), (0.0071052047, -0.00075, 0.008657717), (0.0062223864, -0.00075, 0.009312459), (0.0052796435, -0.00075, 0.009877518), (0.0042860545, -0.00075, 0.010347451), (0.0032511884, -0.00075, 0.010717732), (0.0021850115, -0.00075, 0.010984795), (0.001097792, -0.00075, 0.011146069), (6.858022e-19, -0.00075, 0.0112), (-0.001097792, -0.00075, 0.011146069), (-0.0021850115, -0.00075, 0.010984795), (-0.0032511884, -0.00075, 0.010717732), (-0.0042860545, -0.00075, 0.010347451), (-0.0052796435, -0.00075, 0.009877518), (-0.0062223864, -0.00075, 0.009312459), (-0.0071052047, -0.00075, 0.008657717), (-0.007919596, -0.00075, 0.007919596), (-0.008657717, -0.00075, 0.0071052047), (-0.009312459, -0.00075, 0.0062223864), (-0.009877518, -0.00075, 0.0052796435), (-0.010347451, -0.00075, 0.0042860545), (-0.010717732, -0.00075, 0.0032511884), (-0.010984795, -0.00075, 0.0021850115), (-0.011146069, -0.00075, 0.001097792), (-0.0112, -0.00075, 1.3716044e-18), (-0.011146069, -0.00075, -0.001097792), (-0.010984795, -0.00075, -0.0021850115), (-0.010717732, -0.00075, -0.0032511884), (-0.010347451, -0.00075, -0.0042860545), (-0.009877518, -0.00075, -0.0052796435), (-0.009312459, -0.00075, -0.0062223864), (-0.008657717, -0.00075, -0.0071052047), (-0.007919596, -0.00075, -0.007919596), (-0.0071052047, -0.00075, -0.008657717), (-0.0062223864, -0.00075, -0.009312459), (-0.0052796435, -0.00075, -0.009877518), (-0.0042860545, -0.00075, -0.010347451), (-0.0032511884, -0.00075, -0.010717732), (-0.0021850115, -0.00075, -0.010984795), (-0.001097792, -0.00075, -0.011146069), (-2.0574066e-18, -0.00075, -0.0112), (0.001097792, -0.00075, -0.011146069), (0.0021850115, -0.00075, -0.010984795), (0.0032511884, -0.00075, -0.010717732), (0.0042860545, -0.00075, -0.010347451), (0.0052796435, -0.00075, -0.009877518), (0.0062223864, -0.00075, -0.009312459), (0.0071052047, -0.00075, -0.008657717), (0.007919596, -0.00075, -0.007919596), (0.008657717, -0.00075, -0.0071052047), (0.009312459, -0.00075, -0.0062223864), (0.009877518, -0.00075, -0.0052796435), (0.010347451, -0.00075, -0.0042860545), (0.010717732, -0.00075, -0.0032511884), (0.010984795, -0.00075, -0.0021850115), (0.011146069, -0.00075, -0.001097792), (0.0112, 0.00075, 0), (0.011146069, 0.00075, 0.001097792), (0.010984795, 0.00075, 0.0021850115), (0.010717732, 0.00075, 0.0032511884), (0.010347451, 0.00075, 0.0042860545), (0.009877518, 0.00075, 0.0052796435), (0.009312459, 0.00075, 0.0062223864), (0.008657717, 0.00075, 0.0071052047), (0.007919596, 0.00075, 0.007919596), (0.0071052047, 0.00075, 0.008657717), (0.0062223864, 0.00075, 0.009312459), (0.0052796435, 0.00075, 0.009877518), (0.0042860545, 0.00075, 0.010347451), (0.0032511884, 0.00075, 0.010717732), (0.0021850115, 0.00075, 0.010984795), (0.001097792, 0.00075, 0.011146069), (6.858022e-19, 0.00075, 0.0112), (-0.001097792, 0.00075, 0.011146069), (-0.0021850115, 0.00075, 0.010984795), (-0.0032511884, 0.00075, 0.010717732), (-0.0042860545, 0.00075, 0.010347451), (-0.0052796435, 0.00075, 0.009877518), (-0.0062223864, 0.00075, 0.009312459), (-0.0071052047, 0.00075, 0.008657717), (-0.007919596, 0.00075, 0.007919596), (-0.008657717, 0.00075, 0.0071052047), (-0.009312459, 0.00075, 0.0062223864), (-0.009877518, 0.00075, 0.0052796435), (-0.010347451, 0.00075, 0.0042860545), (-0.010717732, 0.00075, 0.0032511884), (-0.010984795, 0.00075, 0.0021850115), (-0.011146069, 0.00075, 0.001097792), (-0.0112, 0.00075, 1.3716044e-18), (-0.011146069, 0.00075, -0.001097792), (-0.010984795, 0.00075, -0.0021850115), (-0.010717732, 0.00075, -0.0032511884), (-0.010347451, 0.00075, -0.0042860545), (-0.009877518, 0.00075, -0.0052796435), (-0.009312459, 0.00075, -0.0062223864), (-0.008657717, 0.00075, -0.0071052047), (-0.007919596, 0.00075, -0.007919596), (-0.0071052047, 0.00075, -0.008657717), (-0.0062223864, 0.00075, -0.009312459), (-0.0052796435, 0.00075, -0.009877518), (-0.0042860545, 0.00075, -0.010347451), (-0.0032511884, 0.00075, -0.010717732), (-0.0021850115, 0.00075, -0.010984795), (-0.001097792, 0.00075, -0.011146069), (-2.0574066e-18, 0.00075, -0.0112), (0.001097792, 0.00075, -0.011146069), (0.0021850115, 0.00075, -0.010984795), (0.0032511884, 0.00075, -0.010717732), (0.0042860545, 0.00075, -0.010347451), (0.0052796435, 0.00075, -0.009877518), (0.0062223864, 0.00075, -0.009312459), (0.0071052047, 0.00075, -0.008657717), (0.007919596, 0.00075, -0.007919596), (0.008657717, 0.00075, -0.0071052047), (0.009312459, 0.00075, -0.0062223864), (0.009877518, 0.00075, -0.0052796435), (0.010347451, 0.00075, -0.0042860545), (0.010717732, 0.00075, -0.0032511884), (0.010984795, 0.00075, -0.0021850115), (0.011146069, 0.00075, -0.001097792)]
                uniform token subdivisionScheme = "none"
                double3 xformOp:translate = (0, 0.005333333333333329, 0.15)
                uniform token[] xformOpOrder = ["xformOp:translate"]
            }

            def Mesh "GripRib8" (
                prepend apiSchemas = ["MaterialBindingAPI"]
            )
            {
                int[] faceVertexCounts = [4, 4, 4, 4, 4, 4, 4, 4, 4, 4, 4, 4, 4, 4, 4, 4, 4, 4, 4, 4, 4, 4, 4, 4, 4, 4, 4, 4, 4, 4, 4, 4, 4, 4, 4, 4, 4, 4, 4, 4, 4, 4, 4, 4, 4, 4, 4, 4, 4, 4, 4, 4, 4, 4, 4, 4, 4, 4, 4, 4, 4, 4, 4, 4, 64, 64]
                int[] faceVertexIndices = [0, 1, 65, 64, 1, 2, 66, 65, 2, 3, 67, 66, 3, 4, 68, 67, 4, 5, 69, 68, 5, 6, 70, 69, 6, 7, 71, 70, 7, 8, 72, 71, 8, 9, 73, 72, 9, 10, 74, 73, 10, 11, 75, 74, 11, 12, 76, 75, 12, 13, 77, 76, 13, 14, 78, 77, 14, 15, 79, 78, 15, 16, 80, 79, 16, 17, 81, 80, 17, 18, 82, 81, 18, 19, 83, 82, 19, 20, 84, 83, 20, 21, 85, 84, 21, 22, 86, 85, 22, 23, 87, 86, 23, 24, 88, 87, 24, 25, 89, 88, 25, 26, 90, 89, 26, 27, 91, 90, 27, 28, 92, 91, 28, 29, 93, 92, 29, 30, 94, 93, 30, 31, 95, 94, 31, 32, 96, 95, 32, 33, 97, 96, 33, 34, 98, 97, 34, 35, 99, 98, 35, 36, 100, 99, 36, 37, 101, 100, 37, 38, 102, 101, 38, 39, 103, 102, 39, 40, 104, 103, 40, 41, 105, 104, 41, 42, 106, 105, 42, 43, 107, 106, 43, 44, 108, 107, 44, 45, 109, 108, 45, 46, 110, 109, 46, 47, 111, 110, 47, 48, 112, 111, 48, 49, 113, 112, 49, 50, 114, 113, 50, 51, 115, 114, 51, 52, 116, 115, 52, 53, 117, 116, 53, 54, 118, 117, 54, 55, 119, 118, 55, 56, 120, 119, 56, 57, 121, 120, 57, 58, 122, 121, 58, 59, 123, 122, 59, 60, 124, 123, 60, 61, 125, 124, 61, 62, 126, 125, 62, 63, 127, 126, 63, 0, 64, 127, 63, 62, 61, 60, 59, 58, 57, 56, 55, 54, 53, 52, 51, 50, 49, 48, 47, 46, 45, 44, 43, 42, 41, 40, 39, 38, 37, 36, 35, 34, 33, 32, 31, 30, 29, 28, 27, 26, 25, 24, 23, 22, 21, 20, 19, 18, 17, 16, 15, 14, 13, 12, 11, 10, 9, 8, 7, 6, 5, 4, 3, 2, 1, 0, 64, 65, 66, 67, 68, 69, 70, 71, 72, 73, 74, 75, 76, 77, 78, 79, 80, 81, 82, 83, 84, 85, 86, 87, 88, 89, 90, 91, 92, 93, 94, 95, 96, 97, 98, 99, 100, 101, 102, 103, 104, 105, 106, 107, 108, 109, 110, 111, 112, 113, 114, 115, 116, 117, 118, 119, 120, 121, 122, 123, 124, 125, 126, 127]
                rel material:binding = </world/Looks/Grip>
                point3f[] points = [(0.0112, -0.00075, 0), (0.011146069, -0.00075, 0.001097792), (0.010984795, -0.00075, 0.0021850115), (0.010717732, -0.00075, 0.0032511884), (0.010347451, -0.00075, 0.0042860545), (0.009877518, -0.00075, 0.0052796435), (0.009312459, -0.00075, 0.0062223864), (0.008657717, -0.00075, 0.0071052047), (0.007919596, -0.00075, 0.007919596), (0.0071052047, -0.00075, 0.008657717), (0.0062223864, -0.00075, 0.009312459), (0.0052796435, -0.00075, 0.009877518), (0.0042860545, -0.00075, 0.010347451), (0.0032511884, -0.00075, 0.010717732), (0.0021850115, -0.00075, 0.010984795), (0.001097792, -0.00075, 0.011146069), (6.858022e-19, -0.00075, 0.0112), (-0.001097792, -0.00075, 0.011146069), (-0.0021850115, -0.00075, 0.010984795), (-0.0032511884, -0.00075, 0.010717732), (-0.0042860545, -0.00075, 0.010347451), (-0.0052796435, -0.00075, 0.009877518), (-0.0062223864, -0.00075, 0.009312459), (-0.0071052047, -0.00075, 0.008657717), (-0.007919596, -0.00075, 0.007919596), (-0.008657717, -0.00075, 0.0071052047), (-0.009312459, -0.00075, 0.0062223864), (-0.009877518, -0.00075, 0.0052796435), (-0.010347451, -0.00075, 0.0042860545), (-0.010717732, -0.00075, 0.0032511884), (-0.010984795, -0.00075, 0.0021850115), (-0.011146069, -0.00075, 0.001097792), (-0.0112, -0.00075, 1.3716044e-18), (-0.011146069, -0.00075, -0.001097792), (-0.010984795, -0.00075, -0.0021850115), (-0.010717732, -0.00075, -0.0032511884), (-0.010347451, -0.00075, -0.0042860545), (-0.009877518, -0.00075, -0.0052796435), (-0.009312459, -0.00075, -0.0062223864), (-0.008657717, -0.00075, -0.0071052047), (-0.007919596, -0.00075, -0.007919596), (-0.0071052047, -0.00075, -0.008657717), (-0.0062223864, -0.00075, -0.009312459), (-0.0052796435, -0.00075, -0.009877518), (-0.0042860545, -0.00075, -0.010347451), (-0.0032511884, -0.00075, -0.010717732), (-0.0021850115, -0.00075, -0.010984795), (-0.001097792, -0.00075, -0.011146069), (-2.0574066e-18, -0.00075, -0.0112), (0.001097792, -0.00075, -0.011146069), (0.0021850115, -0.00075, -0.010984795), (0.0032511884, -0.00075, -0.010717732), (0.0042860545, -0.00075, -0.010347451), (0.0052796435, -0.00075, -0.009877518), (0.0062223864, -0.00075, -0.009312459), (0.0071052047, -0.00075, -0.008657717), (0.007919596, -0.00075, -0.007919596), (0.008657717, -0.00075, -0.0071052047), (0.009312459, -0.00075, -0.0062223864), (0.009877518, -0.00075, -0.0052796435), (0.010347451, -0.00075, -0.0042860545), (0.010717732, -0.00075, -0.0032511884), (0.010984795, -0.00075, -0.0021850115), (0.011146069, -0.00075, -0.001097792), (0.0112, 0.00075, 0), (0.011146069, 0.00075, 0.001097792), (0.010984795, 0.00075, 0.0021850115), (0.010717732, 0.00075, 0.0032511884), (0.010347451, 0.00075, 0.0042860545), (0.009877518, 0.00075, 0.0052796435), (0.009312459, 0.00075, 0.0062223864), (0.008657717, 0.00075, 0.0071052047), (0.007919596, 0.00075, 0.007919596), (0.0071052047, 0.00075, 0.008657717), (0.0062223864, 0.00075, 0.009312459), (0.0052796435, 0.00075, 0.009877518), (0.0042860545, 0.00075, 0.010347451), (0.0032511884, 0.00075, 0.010717732), (0.0021850115, 0.00075, 0.010984795), (0.001097792, 0.00075, 0.011146069), (6.858022e-19, 0.00075, 0.0112), (-0.001097792, 0.00075, 0.011146069), (-0.0021850115, 0.00075, 0.010984795), (-0.0032511884, 0.00075, 0.010717732), (-0.0042860545, 0.00075, 0.010347451), (-0.0052796435, 0.00075, 0.009877518), (-0.0062223864, 0.00075, 0.009312459), (-0.0071052047, 0.00075, 0.008657717), (-0.007919596, 0.00075, 0.007919596), (-0.008657717, 0.00075, 0.0071052047), (-0.009312459, 0.00075, 0.0062223864), (-0.009877518, 0.00075, 0.0052796435), (-0.010347451, 0.00075, 0.0042860545), (-0.010717732, 0.00075, 0.0032511884), (-0.010984795, 0.00075, 0.0021850115), (-0.011146069, 0.00075, 0.001097792), (-0.0112, 0.00075, 1.3716044e-18), (-0.011146069, 0.00075, -0.001097792), (-0.010984795, 0.00075, -0.0021850115), (-0.010717732, 0.00075, -0.0032511884), (-0.010347451, 0.00075, -0.0042860545), (-0.009877518, 0.00075, -0.0052796435), (-0.009312459, 0.00075, -0.0062223864), (-0.008657717, 0.00075, -0.0071052047), (-0.007919596, 0.00075, -0.007919596), (-0.0071052047, 0.00075, -0.008657717), (-0.0062223864, 0.00075, -0.009312459), (-0.0052796435, 0.00075, -0.009877518), (-0.0042860545, 0.00075, -0.010347451), (-0.0032511884, 0.00075, -0.010717732), (-0.0021850115, 0.00075, -0.010984795), (-0.001097792, 0.00075, -0.011146069), (-2.0574066e-18, 0.00075, -0.0112), (0.001097792, 0.00075, -0.011146069), (0.0021850115, 0.00075, -0.010984795), (0.0032511884, 0.00075, -0.010717732), (0.0042860545, 0.00075, -0.010347451), (0.0052796435, 0.00075, -0.009877518), (0.0062223864, 0.00075, -0.009312459), (0.0071052047, 0.00075, -0.008657717), (0.007919596, 0.00075, -0.007919596), (0.008657717, 0.00075, -0.0071052047), (0.009312459, 0.00075, -0.0062223864), (0.009877518, 0.00075, -0.0052796435), (0.010347451, 0.00075, -0.0042860545), (0.010717732, 0.00075, -0.0032511884), (0.010984795, 0.00075, -0.0021850115), (0.011146069, 0.00075, -0.001097792)]
                uniform token subdivisionScheme = "none"
                double3 xformOp:translate = (0, 0.010666666666666665, 0.15)
                uniform token[] xformOpOrder = ["xformOp:translate"]
            }

            def Mesh "GripRib9" (
                prepend apiSchemas = ["MaterialBindingAPI"]
            )
            {
                int[] faceVertexCounts = [4, 4, 4, 4, 4, 4, 4, 4, 4, 4, 4, 4, 4, 4, 4, 4, 4, 4, 4, 4, 4, 4, 4, 4, 4, 4, 4, 4, 4, 4, 4, 4, 4, 4, 4, 4, 4, 4, 4, 4, 4, 4, 4, 4, 4, 4, 4, 4, 4, 4, 4, 4, 4, 4, 4, 4, 4, 4, 4, 4, 4, 4, 4, 4, 64, 64]
                int[] faceVertexIndices = [0, 1, 65, 64, 1, 2, 66, 65, 2, 3, 67, 66, 3, 4, 68, 67, 4, 5, 69, 68, 5, 6, 70, 69, 6, 7, 71, 70, 7, 8, 72, 71, 8, 9, 73, 72, 9, 10, 74, 73, 10, 11, 75, 74, 11, 12, 76, 75, 12, 13, 77, 76, 13, 14, 78, 77, 14, 15, 79, 78, 15, 16, 80, 79, 16, 17, 81, 80, 17, 18, 82, 81, 18, 19, 83, 82, 19, 20, 84, 83, 20, 21, 85, 84, 21, 22, 86, 85, 22, 23, 87, 86, 23, 24, 88, 87, 24, 25, 89, 88, 25, 26, 90, 89, 26, 27, 91, 90, 27, 28, 92, 91, 28, 29, 93, 92, 29, 30, 94, 93, 30, 31, 95, 94, 31, 32, 96, 95, 32, 33, 97, 96, 33, 34, 98, 97, 34, 35, 99, 98, 35, 36, 100, 99, 36, 37, 101, 100, 37, 38, 102, 101, 38, 39, 103, 102, 39, 40, 104, 103, 40, 41, 105, 104, 41, 42, 106, 105, 42, 43, 107, 106, 43, 44, 108, 107, 44, 45, 109, 108, 45, 46, 110, 109, 46, 47, 111, 110, 47, 48, 112, 111, 48, 49, 113, 112, 49, 50, 114, 113, 50, 51, 115, 114, 51, 52, 116, 115, 52, 53, 117, 116, 53, 54, 118, 117, 54, 55, 119, 118, 55, 56, 120, 119, 56, 57, 121, 120, 57, 58, 122, 121, 58, 59, 123, 122, 59, 60, 124, 123, 60, 61, 125, 124, 61, 62, 126, 125, 62, 63, 127, 126, 63, 0, 64, 127, 63, 62, 61, 60, 59, 58, 57, 56, 55, 54, 53, 52, 51, 50, 49, 48, 47, 46, 45, 44, 43, 42, 41, 40, 39, 38, 37, 36, 35, 34, 33, 32, 31, 30, 29, 28, 27, 26, 25, 24, 23, 22, 21, 20, 19, 18, 17, 16, 15, 14, 13, 12, 11, 10, 9, 8, 7, 6, 5, 4, 3, 2, 1, 0, 64, 65, 66, 67, 68, 69, 70, 71, 72, 73, 74, 75, 76, 77, 78, 79, 80, 81, 82, 83, 84, 85, 86, 87, 88, 89, 90, 91, 92, 93, 94, 95, 96, 97, 98, 99, 100, 101, 102, 103, 104, 105, 106, 107, 108, 109, 110, 111, 112, 113, 114, 115, 116, 117, 118, 119, 120, 121, 122, 123, 124, 125, 126, 127]
                rel material:binding = </world/Looks/Grip>
                point3f[] points = [(0.0112, -0.00075, 0), (0.011146069, -0.00075, 0.001097792), (0.010984795, -0.00075, 0.0021850115), (0.010717732, -0.00075, 0.0032511884), (0.010347451, -0.00075, 0.0042860545), (0.009877518, -0.00075, 0.0052796435), (0.009312459, -0.00075, 0.0062223864), (0.008657717, -0.00075, 0.0071052047), (0.007919596, -0.00075, 0.007919596), (0.0071052047, -0.00075, 0.008657717), (0.0062223864, -0.00075, 0.009312459), (0.0052796435, -0.00075, 0.009877518), (0.0042860545, -0.00075, 0.010347451), (0.0032511884, -0.00075, 0.010717732), (0.0021850115, -0.00075, 0.010984795), (0.001097792, -0.00075, 0.011146069), (6.858022e-19, -0.00075, 0.0112), (-0.001097792, -0.00075, 0.011146069), (-0.0021850115, -0.00075, 0.010984795), (-0.0032511884, -0.00075, 0.010717732), (-0.0042860545, -0.00075, 0.010347451), (-0.0052796435, -0.00075, 0.009877518), (-0.0062223864, -0.00075, 0.009312459), (-0.0071052047, -0.00075, 0.008657717), (-0.007919596, -0.00075, 0.007919596), (-0.008657717, -0.00075, 0.0071052047), (-0.009312459, -0.00075, 0.0062223864), (-0.009877518, -0.00075, 0.0052796435), (-0.010347451, -0.00075, 0.0042860545), (-0.010717732, -0.00075, 0.0032511884), (-0.010984795, -0.00075, 0.0021850115), (-0.011146069, -0.00075, 0.001097792), (-0.0112, -0.00075, 1.3716044e-18), (-0.011146069, -0.00075, -0.001097792), (-0.010984795, -0.00075, -0.0021850115), (-0.010717732, -0.00075, -0.0032511884), (-0.010347451, -0.00075, -0.0042860545), (-0.009877518, -0.00075, -0.0052796435), (-0.009312459, -0.00075, -0.0062223864), (-0.008657717, -0.00075, -0.0071052047), (-0.007919596, -0.00075, -0.007919596), (-0.0071052047, -0.00075, -0.008657717), (-0.0062223864, -0.00075, -0.009312459), (-0.0052796435, -0.00075, -0.009877518), (-0.0042860545, -0.00075, -0.010347451), (-0.0032511884, -0.00075, -0.010717732), (-0.0021850115, -0.00075, -0.010984795), (-0.001097792, -0.00075, -0.011146069), (-2.0574066e-18, -0.00075, -0.0112), (0.001097792, -0.00075, -0.011146069), (0.0021850115, -0.00075, -0.010984795), (0.0032511884, -0.00075, -0.010717732), (0.0042860545, -0.00075, -0.010347451), (0.0052796435, -0.00075, -0.009877518), (0.0062223864, -0.00075, -0.009312459), (0.0071052047, -0.00075, -0.008657717), (0.007919596, -0.00075, -0.007919596), (0.008657717, -0.00075, -0.0071052047), (0.009312459, -0.00075, -0.0062223864), (0.009877518, -0.00075, -0.0052796435), (0.010347451, -0.00075, -0.0042860545), (0.010717732, -0.00075, -0.0032511884), (0.010984795, -0.00075, -0.0021850115), (0.011146069, -0.00075, -0.001097792), (0.0112, 0.00075, 0), (0.011146069, 0.00075, 0.001097792), (0.010984795, 0.00075, 0.0021850115), (0.010717732, 0.00075, 0.0032511884), (0.010347451, 0.00075, 0.0042860545), (0.009877518, 0.00075, 0.0052796435), (0.009312459, 0.00075, 0.0062223864), (0.008657717, 0.00075, 0.0071052047), (0.007919596, 0.00075, 0.007919596), (0.0071052047, 0.00075, 0.008657717), (0.0062223864, 0.00075, 0.009312459), (0.0052796435, 0.00075, 0.009877518), (0.0042860545, 0.00075, 0.010347451), (0.0032511884, 0.00075, 0.010717732), (0.0021850115, 0.00075, 0.010984795), (0.001097792, 0.00075, 0.011146069), (6.858022e-19, 0.00075, 0.0112), (-0.001097792, 0.00075, 0.011146069), (-0.0021850115, 0.00075, 0.010984795), (-0.0032511884, 0.00075, 0.010717732), (-0.0042860545, 0.00075, 0.010347451), (-0.0052796435, 0.00075, 0.009877518), (-0.0062223864, 0.00075, 0.009312459), (-0.0071052047, 0.00075, 0.008657717), (-0.007919596, 0.00075, 0.007919596), (-0.008657717, 0.00075, 0.0071052047), (-0.009312459, 0.00075, 0.0062223864), (-0.009877518, 0.00075, 0.0052796435), (-0.010347451, 0.00075, 0.0042860545), (-0.010717732, 0.00075, 0.0032511884), (-0.010984795, 0.00075, 0.0021850115), (-0.011146069, 0.00075, 0.001097792), (-0.0112, 0.00075, 1.3716044e-18), (-0.011146069, 0.00075, -0.001097792), (-0.010984795, 0.00075, -0.0021850115), (-0.010717732, 0.00075, -0.0032511884), (-0.010347451, 0.00075, -0.0042860545), (-0.009877518, 0.00075, -0.0052796435), (-0.009312459, 0.00075, -0.0062223864), (-0.008657717, 0.00075, -0.0071052047), (-0.007919596, 0.00075, -0.007919596), (-0.0071052047, 0.00075, -0.008657717), (-0.0062223864, 0.00075, -0.009312459), (-0.0052796435, 0.00075, -0.009877518), (-0.0042860545, 0.00075, -0.010347451), (-0.0032511884, 0.00075, -0.010717732), (-0.0021850115, 0.00075, -0.010984795), (-0.001097792, 0.00075, -0.011146069), (-2.0574066e-18, 0.00075, -0.0112), (0.001097792, 0.00075, -0.011146069), (0.0021850115, 0.00075, -0.010984795), (0.0032511884, 0.00075, -0.010717732), (0.0042860545, 0.00075, -0.010347451), (0.0052796435, 0.00075, -0.009877518), (0.0062223864, 0.00075, -0.009312459), (0.0071052047, 0.00075, -0.008657717), (0.007919596, 0.00075, -0.007919596), (0.008657717, 0.00075, -0.0071052047), (0.009312459, 0.00075, -0.0062223864), (0.009877518, 0.00075, -0.0052796435), (0.010347451, 0.00075, -0.0042860545), (0.010717732, 0.00075, -0.0032511884), (0.010984795, 0.00075, -0.0021850115), (0.011146069, 0.00075, -0.001097792)]
                uniform token subdivisionScheme = "none"
                double3 xformOp:translate = (0, 0.016, 0.15)
                uniform token[] xformOpOrder = ["xformOp:translate"]
            }

            def Mesh "GripRib10" (
                prepend apiSchemas = ["MaterialBindingAPI"]
            )
            {
                int[] faceVertexCounts = [4, 4, 4, 4, 4, 4, 4, 4, 4, 4, 4, 4, 4, 4, 4, 4, 4, 4, 4, 4, 4, 4, 4, 4, 4, 4, 4, 4, 4, 4, 4, 4, 4, 4, 4, 4, 4, 4, 4, 4, 4, 4, 4, 4, 4, 4, 4, 4, 4, 4, 4, 4, 4, 4, 4, 4, 4, 4, 4, 4, 4, 4, 4, 4, 64, 64]
                int[] faceVertexIndices = [0, 1, 65, 64, 1, 2, 66, 65, 2, 3, 67, 66, 3, 4, 68, 67, 4, 5, 69, 68, 5, 6, 70, 69, 6, 7, 71, 70, 7, 8, 72, 71, 8, 9, 73, 72, 9, 10, 74, 73, 10, 11, 75, 74, 11, 12, 76, 75, 12, 13, 77, 76, 13, 14, 78, 77, 14, 15, 79, 78, 15, 16, 80, 79, 16, 17, 81, 80, 17, 18, 82, 81, 18, 19, 83, 82, 19, 20, 84, 83, 20, 21, 85, 84, 21, 22, 86, 85, 22, 23, 87, 86, 23, 24, 88, 87, 24, 25, 89, 88, 25, 26, 90, 89, 26, 27, 91, 90, 27, 28, 92, 91, 28, 29, 93, 92, 29, 30, 94, 93, 30, 31, 95, 94, 31, 32, 96, 95, 32, 33, 97, 96, 33, 34, 98, 97, 34, 35, 99, 98, 35, 36, 100, 99, 36, 37, 101, 100, 37, 38, 102, 101, 38, 39, 103, 102, 39, 40, 104, 103, 40, 41, 105, 104, 41, 42, 106, 105, 42, 43, 107, 106, 43, 44, 108, 107, 44, 45, 109, 108, 45, 46, 110, 109, 46, 47, 111, 110, 47, 48, 112, 111, 48, 49, 113, 112, 49, 50, 114, 113, 50, 51, 115, 114, 51, 52, 116, 115, 52, 53, 117, 116, 53, 54, 118, 117, 54, 55, 119, 118, 55, 56, 120, 119, 56, 57, 121, 120, 57, 58, 122, 121, 58, 59, 123, 122, 59, 60, 124, 123, 60, 61, 125, 124, 61, 62, 126, 125, 62, 63, 127, 126, 63, 0, 64, 127, 63, 62, 61, 60, 59, 58, 57, 56, 55, 54, 53, 52, 51, 50, 49, 48, 47, 46, 45, 44, 43, 42, 41, 40, 39, 38, 37, 36, 35, 34, 33, 32, 31, 30, 29, 28, 27, 26, 25, 24, 23, 22, 21, 20, 19, 18, 17, 16, 15, 14, 13, 12, 11, 10, 9, 8, 7, 6, 5, 4, 3, 2, 1, 0, 64, 65, 66, 67, 68, 69, 70, 71, 72, 73, 74, 75, 76, 77, 78, 79, 80, 81, 82, 83, 84, 85, 86, 87, 88, 89, 90, 91, 92, 93, 94, 95, 96, 97, 98, 99, 100, 101, 102, 103, 104, 105, 106, 107, 108, 109, 110, 111, 112, 113, 114, 115, 116, 117, 118, 119, 120, 121, 122, 123, 124, 125, 126, 127]
                rel material:binding = </world/Looks/Grip>
                point3f[] points = [(0.0112, -0.00075, 0), (0.011146069, -0.00075, 0.001097792), (0.010984795, -0.00075, 0.0021850115), (0.010717732, -0.00075, 0.0032511884), (0.010347451, -0.00075, 0.0042860545), (0.009877518, -0.00075, 0.0052796435), (0.009312459, -0.00075, 0.0062223864), (0.008657717, -0.00075, 0.0071052047), (0.007919596, -0.00075, 0.007919596), (0.0071052047, -0.00075, 0.008657717), (0.0062223864, -0.00075, 0.009312459), (0.0052796435, -0.00075, 0.009877518), (0.0042860545, -0.00075, 0.010347451), (0.0032511884, -0.00075, 0.010717732), (0.0021850115, -0.00075, 0.010984795), (0.001097792, -0.00075, 0.011146069), (6.858022e-19, -0.00075, 0.0112), (-0.001097792, -0.00075, 0.011146069), (-0.0021850115, -0.00075, 0.010984795), (-0.0032511884, -0.00075, 0.010717732), (-0.0042860545, -0.00075, 0.010347451), (-0.0052796435, -0.00075, 0.009877518), (-0.0062223864, -0.00075, 0.009312459), (-0.0071052047, -0.00075, 0.008657717), (-0.007919596, -0.00075, 0.007919596), (-0.008657717, -0.00075, 0.0071052047), (-0.009312459, -0.00075, 0.0062223864), (-0.009877518, -0.00075, 0.0052796435), (-0.010347451, -0.00075, 0.0042860545), (-0.010717732, -0.00075, 0.0032511884), (-0.010984795, -0.00075, 0.0021850115), (-0.011146069, -0.00075, 0.001097792), (-0.0112, -0.00075, 1.3716044e-18), (-0.011146069, -0.00075, -0.001097792), (-0.010984795, -0.00075, -0.0021850115), (-0.010717732, -0.00075, -0.0032511884), (-0.010347451, -0.00075, -0.0042860545), (-0.009877518, -0.00075, -0.0052796435), (-0.009312459, -0.00075, -0.0062223864), (-0.008657717, -0.00075, -0.0071052047), (-0.007919596, -0.00075, -0.007919596), (-0.0071052047, -0.00075, -0.008657717), (-0.0062223864, -0.00075, -0.009312459), (-0.0052796435, -0.00075, -0.009877518), (-0.0042860545, -0.00075, -0.010347451), (-0.0032511884, -0.00075, -0.010717732), (-0.0021850115, -0.00075, -0.010984795), (-0.001097792, -0.00075, -0.011146069), (-2.0574066e-18, -0.00075, -0.0112), (0.001097792, -0.00075, -0.011146069), (0.0021850115, -0.00075, -0.010984795), (0.0032511884, -0.00075, -0.010717732), (0.0042860545, -0.00075, -0.010347451), (0.0052796435, -0.00075, -0.009877518), (0.0062223864, -0.00075, -0.009312459), (0.0071052047, -0.00075, -0.008657717), (0.007919596, -0.00075, -0.007919596), (0.008657717, -0.00075, -0.0071052047), (0.009312459, -0.00075, -0.0062223864), (0.009877518, -0.00075, -0.0052796435), (0.010347451, -0.00075, -0.0042860545), (0.010717732, -0.00075, -0.0032511884), (0.010984795, -0.00075, -0.0021850115), (0.011146069, -0.00075, -0.001097792), (0.0112, 0.00075, 0), (0.011146069, 0.00075, 0.001097792), (0.010984795, 0.00075, 0.0021850115), (0.010717732, 0.00075, 0.0032511884), (0.010347451, 0.00075, 0.0042860545), (0.009877518, 0.00075, 0.0052796435), (0.009312459, 0.00075, 0.0062223864), (0.008657717, 0.00075, 0.0071052047), (0.007919596, 0.00075, 0.007919596), (0.0071052047, 0.00075, 0.008657717), (0.0062223864, 0.00075, 0.009312459), (0.0052796435, 0.00075, 0.009877518), (0.0042860545, 0.00075, 0.010347451), (0.0032511884, 0.00075, 0.010717732), (0.0021850115, 0.00075, 0.010984795), (0.001097792, 0.00075, 0.011146069), (6.858022e-19, 0.00075, 0.0112), (-0.001097792, 0.00075, 0.011146069), (-0.0021850115, 0.00075, 0.010984795), (-0.0032511884, 0.00075, 0.010717732), (-0.0042860545, 0.00075, 0.010347451), (-0.0052796435, 0.00075, 0.009877518), (-0.0062223864, 0.00075, 0.009312459), (-0.0071052047, 0.00075, 0.008657717), (-0.007919596, 0.00075, 0.007919596), (-0.008657717, 0.00075, 0.0071052047), (-0.009312459, 0.00075, 0.0062223864), (-0.009877518, 0.00075, 0.0052796435), (-0.010347451, 0.00075, 0.0042860545), (-0.010717732, 0.00075, 0.0032511884), (-0.010984795, 0.00075, 0.0021850115), (-0.011146069, 0.00075, 0.001097792), (-0.0112, 0.00075, 1.3716044e-18), (-0.011146069, 0.00075, -0.001097792), (-0.010984795, 0.00075, -0.0021850115), (-0.010717732, 0.00075, -0.0032511884), (-0.010347451, 0.00075, -0.0042860545), (-0.009877518, 0.00075, -0.0052796435), (-0.009312459, 0.00075, -0.0062223864), (-0.008657717, 0.00075, -0.0071052047), (-0.007919596, 0.00075, -0.007919596), (-0.0071052047, 0.00075, -0.008657717), (-0.0062223864, 0.00075, -0.009312459), (-0.0052796435, 0.00075, -0.009877518), (-0.0042860545, 0.00075, -0.010347451), (-0.0032511884, 0.00075, -0.010717732), (-0.0021850115, 0.00075, -0.010984795), (-0.001097792, 0.00075, -0.011146069), (-2.0574066e-18, 0.00075, -0.0112), (0.001097792, 0.00075, -0.011146069), (0.0021850115, 0.00075, -0.010984795), (0.0032511884, 0.00075, -0.010717732), (0.0042860545, 0.00075, -0.010347451), (0.0052796435, 0.00075, -0.009877518), (0.0062223864, 0.00075, -0.009312459), (0.0071052047, 0.00075, -0.008657717), (0.007919596, 0.00075, -0.007919596), (0.008657717, 0.00075, -0.0071052047), (0.009312459, 0.00075, -0.0062223864), (0.009877518, 0.00075, -0.0052796435), (0.010347451, 0.00075, -0.0042860545), (0.010717732, 0.00075, -0.0032511884), (0.010984795, 0.00075, -0.0021850115), (0.011146069, 0.00075, -0.001097792)]
                uniform token subdivisionScheme = "none"
                double3 xformOp:translate = (0, 0.02133333333333333, 0.15)
                uniform token[] xformOpOrder = ["xformOp:translate"]
            }

            def Mesh "GripRib11" (
                prepend apiSchemas = ["MaterialBindingAPI"]
            )
            {
                int[] faceVertexCounts = [4, 4, 4, 4, 4, 4, 4, 4, 4, 4, 4, 4, 4, 4, 4, 4, 4, 4, 4, 4, 4, 4, 4, 4, 4, 4, 4, 4, 4, 4, 4, 4, 4, 4, 4, 4, 4, 4, 4, 4, 4, 4, 4, 4, 4, 4, 4, 4, 4, 4, 4, 4, 4, 4, 4, 4, 4, 4, 4, 4, 4, 4, 4, 4, 64, 64]
                int[] faceVertexIndices = [0, 1, 65, 64, 1, 2, 66, 65, 2, 3, 67, 66, 3, 4, 68, 67, 4, 5, 69, 68, 5, 6, 70, 69, 6, 7, 71, 70, 7, 8, 72, 71, 8, 9, 73, 72, 9, 10, 74, 73, 10, 11, 75, 74, 11, 12, 76, 75, 12, 13, 77, 76, 13, 14, 78, 77, 14, 15, 79, 78, 15, 16, 80, 79, 16, 17, 81, 80, 17, 18, 82, 81, 18, 19, 83, 82, 19, 20, 84, 83, 20, 21, 85, 84, 21, 22, 86, 85, 22, 23, 87, 86, 23, 24, 88, 87, 24, 25, 89, 88, 25, 26, 90, 89, 26, 27, 91, 90, 27, 28, 92, 91, 28, 29, 93, 92, 29, 30, 94, 93, 30, 31, 95, 94, 31, 32, 96, 95, 32, 33, 97, 96, 33, 34, 98, 97, 34, 35, 99, 98, 35, 36, 100, 99, 36, 37, 101, 100, 37, 38, 102, 101, 38, 39, 103, 102, 39, 40, 104, 103, 40, 41, 105, 104, 41, 42, 106, 105, 42, 43, 107, 106, 43, 44, 108, 107, 44, 45, 109, 108, 45, 46, 110, 109, 46, 47, 111, 110, 47, 48, 112, 111, 48, 49, 113, 112, 49, 50, 114, 113, 50, 51, 115, 114, 51, 52, 116, 115, 52, 53, 117, 116, 53, 54, 118, 117, 54, 55, 119, 118, 55, 56, 120, 119, 56, 57, 121, 120, 57, 58, 122, 121, 58, 59, 123, 122, 59, 60, 124, 123, 60, 61, 125, 124, 61, 62, 126, 125, 62, 63, 127, 126, 63, 0, 64, 127, 63, 62, 61, 60, 59, 58, 57, 56, 55, 54, 53, 52, 51, 50, 49, 48, 47, 46, 45, 44, 43, 42, 41, 40, 39, 38, 37, 36, 35, 34, 33, 32, 31, 30, 29, 28, 27, 26, 25, 24, 23, 22, 21, 20, 19, 18, 17, 16, 15, 14, 13, 12, 11, 10, 9, 8, 7, 6, 5, 4, 3, 2, 1, 0, 64, 65, 66, 67, 68, 69, 70, 71, 72, 73, 74, 75, 76, 77, 78, 79, 80, 81, 82, 83, 84, 85, 86, 87, 88, 89, 90, 91, 92, 93, 94, 95, 96, 97, 98, 99, 100, 101, 102, 103, 104, 105, 106, 107, 108, 109, 110, 111, 112, 113, 114, 115, 116, 117, 118, 119, 120, 121, 122, 123, 124, 125, 126, 127]
                rel material:binding = </world/Looks/Grip>
                point3f[] points = [(0.0112, -0.00075, 0), (0.011146069, -0.00075, 0.001097792), (0.010984795, -0.00075, 0.0021850115), (0.010717732, -0.00075, 0.0032511884), (0.010347451, -0.00075, 0.0042860545), (0.009877518, -0.00075, 0.0052796435), (0.009312459, -0.00075, 0.0062223864), (0.008657717, -0.00075, 0.0071052047), (0.007919596, -0.00075, 0.007919596), (0.0071052047, -0.00075, 0.008657717), (0.0062223864, -0.00075, 0.009312459), (0.0052796435, -0.00075, 0.009877518), (0.0042860545, -0.00075, 0.010347451), (0.0032511884, -0.00075, 0.010717732), (0.0021850115, -0.00075, 0.010984795), (0.001097792, -0.00075, 0.011146069), (6.858022e-19, -0.00075, 0.0112), (-0.001097792, -0.00075, 0.011146069), (-0.0021850115, -0.00075, 0.010984795), (-0.0032511884, -0.00075, 0.010717732), (-0.0042860545, -0.00075, 0.010347451), (-0.0052796435, -0.00075, 0.009877518), (-0.0062223864, -0.00075, 0.009312459), (-0.0071052047, -0.00075, 0.008657717), (-0.007919596, -0.00075, 0.007919596), (-0.008657717, -0.00075, 0.0071052047), (-0.009312459, -0.00075, 0.0062223864), (-0.009877518, -0.00075, 0.0052796435), (-0.010347451, -0.00075, 0.0042860545), (-0.010717732, -0.00075, 0.0032511884), (-0.010984795, -0.00075, 0.0021850115), (-0.011146069, -0.00075, 0.001097792), (-0.0112, -0.00075, 1.3716044e-18), (-0.011146069, -0.00075, -0.001097792), (-0.010984795, -0.00075, -0.0021850115), (-0.010717732, -0.00075, -0.0032511884), (-0.010347451, -0.00075, -0.0042860545), (-0.009877518, -0.00075, -0.0052796435), (-0.009312459, -0.00075, -0.0062223864), (-0.008657717, -0.00075, -0.0071052047), (-0.007919596, -0.00075, -0.007919596), (-0.0071052047, -0.00075, -0.008657717), (-0.0062223864, -0.00075, -0.009312459), (-0.0052796435, -0.00075, -0.009877518), (-0.0042860545, -0.00075, -0.010347451), (-0.0032511884, -0.00075, -0.010717732), (-0.0021850115, -0.00075, -0.010984795), (-0.001097792, -0.00075, -0.011146069), (-2.0574066e-18, -0.00075, -0.0112), (0.001097792, -0.00075, -0.011146069), (0.0021850115, -0.00075, -0.010984795), (0.0032511884, -0.00075, -0.010717732), (0.0042860545, -0.00075, -0.010347451), (0.0052796435, -0.00075, -0.009877518), (0.0062223864, -0.00075, -0.009312459), (0.0071052047, -0.00075, -0.008657717), (0.007919596, -0.00075, -0.007919596), (0.008657717, -0.00075, -0.0071052047), (0.009312459, -0.00075, -0.0062223864), (0.009877518, -0.00075, -0.0052796435), (0.010347451, -0.00075, -0.0042860545), (0.010717732, -0.00075, -0.0032511884), (0.010984795, -0.00075, -0.0021850115), (0.011146069, -0.00075, -0.001097792), (0.0112, 0.00075, 0), (0.011146069, 0.00075, 0.001097792), (0.010984795, 0.00075, 0.0021850115), (0.010717732, 0.00075, 0.0032511884), (0.010347451, 0.00075, 0.0042860545), (0.009877518, 0.00075, 0.0052796435), (0.009312459, 0.00075, 0.0062223864), (0.008657717, 0.00075, 0.0071052047), (0.007919596, 0.00075, 0.007919596), (0.0071052047, 0.00075, 0.008657717), (0.0062223864, 0.00075, 0.009312459), (0.0052796435, 0.00075, 0.009877518), (0.0042860545, 0.00075, 0.010347451), (0.0032511884, 0.00075, 0.010717732), (0.0021850115, 0.00075, 0.010984795), (0.001097792, 0.00075, 0.011146069), (6.858022e-19, 0.00075, 0.0112), (-0.001097792, 0.00075, 0.011146069), (-0.0021850115, 0.00075, 0.010984795), (-0.0032511884, 0.00075, 0.010717732), (-0.0042860545, 0.00075, 0.010347451), (-0.0052796435, 0.00075, 0.009877518), (-0.0062223864, 0.00075, 0.009312459), (-0.0071052047, 0.00075, 0.008657717), (-0.007919596, 0.00075, 0.007919596), (-0.008657717, 0.00075, 0.0071052047), (-0.009312459, 0.00075, 0.0062223864), (-0.009877518, 0.00075, 0.0052796435), (-0.010347451, 0.00075, 0.0042860545), (-0.010717732, 0.00075, 0.0032511884), (-0.010984795, 0.00075, 0.0021850115), (-0.011146069, 0.00075, 0.001097792), (-0.0112, 0.00075, 1.3716044e-18), (-0.011146069, 0.00075, -0.001097792), (-0.010984795, 0.00075, -0.0021850115), (-0.010717732, 0.00075, -0.0032511884), (-0.010347451, 0.00075, -0.0042860545), (-0.009877518, 0.00075, -0.0052796435), (-0.009312459, 0.00075, -0.0062223864), (-0.008657717, 0.00075, -0.0071052047), (-0.007919596, 0.00075, -0.007919596), (-0.0071052047, 0.00075, -0.008657717), (-0.0062223864, 0.00075, -0.009312459), (-0.0052796435, 0.00075, -0.009877518), (-0.0042860545, 0.00075, -0.010347451), (-0.0032511884, 0.00075, -0.010717732), (-0.0021850115, 0.00075, -0.010984795), (-0.001097792, 0.00075, -0.011146069), (-2.0574066e-18, 0.00075, -0.0112), (0.001097792, 0.00075, -0.011146069), (0.0021850115, 0.00075, -0.010984795), (0.0032511884, 0.00075, -0.010717732), (0.0042860545, 0.00075, -0.010347451), (0.0052796435, 0.00075, -0.009877518), (0.0062223864, 0.00075, -0.009312459), (0.0071052047, 0.00075, -0.008657717), (0.007919596, 0.00075, -0.007919596), (0.008657717, 0.00075, -0.0071052047), (0.009312459, 0.00075, -0.0062223864), (0.009877518, 0.00075, -0.0052796435), (0.010347451, 0.00075, -0.0042860545), (0.010717732, 0.00075, -0.0032511884), (0.010984795, 0.00075, -0.0021850115), (0.011146069, 0.00075, -0.001097792)]
                uniform token subdivisionScheme = "none"
                double3 xformOp:translate = (0, 0.026666666666666665, 0.15)
                uniform token[] xformOpOrder = ["xformOp:translate"]
            }

            def Mesh "GripRib12" (
                prepend apiSchemas = ["MaterialBindingAPI"]
            )
            {
                int[] faceVertexCounts = [4, 4, 4, 4, 4, 4, 4, 4, 4, 4, 4, 4, 4, 4, 4, 4, 4, 4, 4, 4, 4, 4, 4, 4, 4, 4, 4, 4, 4, 4, 4, 4, 4, 4, 4, 4, 4, 4, 4, 4, 4, 4, 4, 4, 4, 4, 4, 4, 4, 4, 4, 4, 4, 4, 4, 4, 4, 4, 4, 4, 4, 4, 4, 4, 64, 64]
                int[] faceVertexIndices = [0, 1, 65, 64, 1, 2, 66, 65, 2, 3, 67, 66, 3, 4, 68, 67, 4, 5, 69, 68, 5, 6, 70, 69, 6, 7, 71, 70, 7, 8, 72, 71, 8, 9, 73, 72, 9, 10, 74, 73, 10, 11, 75, 74, 11, 12, 76, 75, 12, 13, 77, 76, 13, 14, 78, 77, 14, 15, 79, 78, 15, 16, 80, 79, 16, 17, 81, 80, 17, 18, 82, 81, 18, 19, 83, 82, 19, 20, 84, 83, 20, 21, 85, 84, 21, 22, 86, 85, 22, 23, 87, 86, 23, 24, 88, 87, 24, 25, 89, 88, 25, 26, 90, 89, 26, 27, 91, 90, 27, 28, 92, 91, 28, 29, 93, 92, 29, 30, 94, 93, 30, 31, 95, 94, 31, 32, 96, 95, 32, 33, 97, 96, 33, 34, 98, 97, 34, 35, 99, 98, 35, 36, 100, 99, 36, 37, 101, 100, 37, 38, 102, 101, 38, 39, 103, 102, 39, 40, 104, 103, 40, 41, 105, 104, 41, 42, 106, 105, 42, 43, 107, 106, 43, 44, 108, 107, 44, 45, 109, 108, 45, 46, 110, 109, 46, 47, 111, 110, 47, 48, 112, 111, 48, 49, 113, 112, 49, 50, 114, 113, 50, 51, 115, 114, 51, 52, 116, 115, 52, 53, 117, 116, 53, 54, 118, 117, 54, 55, 119, 118, 55, 56, 120, 119, 56, 57, 121, 120, 57, 58, 122, 121, 58, 59, 123, 122, 59, 60, 124, 123, 60, 61, 125, 124, 61, 62, 126, 125, 62, 63, 127, 126, 63, 0, 64, 127, 63, 62, 61, 60, 59, 58, 57, 56, 55, 54, 53, 52, 51, 50, 49, 48, 47, 46, 45, 44, 43, 42, 41, 40, 39, 38, 37, 36, 35, 34, 33, 32, 31, 30, 29, 28, 27, 26, 25, 24, 23, 22, 21, 20, 19, 18, 17, 16, 15, 14, 13, 12, 11, 10, 9, 8, 7, 6, 5, 4, 3, 2, 1, 0, 64, 65, 66, 67, 68, 69, 70, 71, 72, 73, 74, 75, 76, 77, 78, 79, 80, 81, 82, 83, 84, 85, 86, 87, 88, 89, 90, 91, 92, 93, 94, 95, 96, 97, 98, 99, 100, 101, 102, 103, 104, 105, 106, 107, 108, 109, 110, 111, 112, 113, 114, 115, 116, 117, 118, 119, 120, 121, 122, 123, 124, 125, 126, 127]
                rel material:binding = </world/Looks/Grip>
                point3f[] points = [(0.0112, -0.00075, 0), (0.011146069, -0.00075, 0.001097792), (0.010984795, -0.00075, 0.0021850115), (0.010717732, -0.00075, 0.0032511884), (0.010347451, -0.00075, 0.0042860545), (0.009877518, -0.00075, 0.0052796435), (0.009312459, -0.00075, 0.0062223864), (0.008657717, -0.00075, 0.0071052047), (0.007919596, -0.00075, 0.007919596), (0.0071052047, -0.00075, 0.008657717), (0.0062223864, -0.00075, 0.009312459), (0.0052796435, -0.00075, 0.009877518), (0.0042860545, -0.00075, 0.010347451), (0.0032511884, -0.00075, 0.010717732), (0.0021850115, -0.00075, 0.010984795), (0.001097792, -0.00075, 0.011146069), (6.858022e-19, -0.00075, 0.0112), (-0.001097792, -0.00075, 0.011146069), (-0.0021850115, -0.00075, 0.010984795), (-0.0032511884, -0.00075, 0.010717732), (-0.0042860545, -0.00075, 0.010347451), (-0.0052796435, -0.00075, 0.009877518), (-0.0062223864, -0.00075, 0.009312459), (-0.0071052047, -0.00075, 0.008657717), (-0.007919596, -0.00075, 0.007919596), (-0.008657717, -0.00075, 0.0071052047), (-0.009312459, -0.00075, 0.0062223864), (-0.009877518, -0.00075, 0.0052796435), (-0.010347451, -0.00075, 0.0042860545), (-0.010717732, -0.00075, 0.0032511884), (-0.010984795, -0.00075, 0.0021850115), (-0.011146069, -0.00075, 0.001097792), (-0.0112, -0.00075, 1.3716044e-18), (-0.011146069, -0.00075, -0.001097792), (-0.010984795, -0.00075, -0.0021850115), (-0.010717732, -0.00075, -0.0032511884), (-0.010347451, -0.00075, -0.0042860545), (-0.009877518, -0.00075, -0.0052796435), (-0.009312459, -0.00075, -0.0062223864), (-0.008657717, -0.00075, -0.0071052047), (-0.007919596, -0.00075, -0.007919596), (-0.0071052047, -0.00075, -0.008657717), (-0.0062223864, -0.00075, -0.009312459), (-0.0052796435, -0.00075, -0.009877518), (-0.0042860545, -0.00075, -0.010347451), (-0.0032511884, -0.00075, -0.010717732), (-0.0021850115, -0.00075, -0.010984795), (-0.001097792, -0.00075, -0.011146069), (-2.0574066e-18, -0.00075, -0.0112), (0.001097792, -0.00075, -0.011146069), (0.0021850115, -0.00075, -0.010984795), (0.0032511884, -0.00075, -0.010717732), (0.0042860545, -0.00075, -0.010347451), (0.0052796435, -0.00075, -0.009877518), (0.0062223864, -0.00075, -0.009312459), (0.0071052047, -0.00075, -0.008657717), (0.007919596, -0.00075, -0.007919596), (0.008657717, -0.00075, -0.0071052047), (0.009312459, -0.00075, -0.0062223864), (0.009877518, -0.00075, -0.0052796435), (0.010347451, -0.00075, -0.0042860545), (0.010717732, -0.00075, -0.0032511884), (0.010984795, -0.00075, -0.0021850115), (0.011146069, -0.00075, -0.001097792), (0.0112, 0.00075, 0), (0.011146069, 0.00075, 0.001097792), (0.010984795, 0.00075, 0.0021850115), (0.010717732, 0.00075, 0.0032511884), (0.010347451, 0.00075, 0.0042860545), (0.009877518, 0.00075, 0.0052796435), (0.009312459, 0.00075, 0.0062223864), (0.008657717, 0.00075, 0.0071052047), (0.007919596, 0.00075, 0.007919596), (0.0071052047, 0.00075, 0.008657717), (0.0062223864, 0.00075, 0.009312459), (0.0052796435, 0.00075, 0.009877518), (0.0042860545, 0.00075, 0.010347451), (0.0032511884, 0.00075, 0.010717732), (0.0021850115, 0.00075, 0.010984795), (0.001097792, 0.00075, 0.011146069), (6.858022e-19, 0.00075, 0.0112), (-0.001097792, 0.00075, 0.011146069), (-0.0021850115, 0.00075, 0.010984795), (-0.0032511884, 0.00075, 0.010717732), (-0.0042860545, 0.00075, 0.010347451), (-0.0052796435, 0.00075, 0.009877518), (-0.0062223864, 0.00075, 0.009312459), (-0.0071052047, 0.00075, 0.008657717), (-0.007919596, 0.00075, 0.007919596), (-0.008657717, 0.00075, 0.0071052047), (-0.009312459, 0.00075, 0.0062223864), (-0.009877518, 0.00075, 0.0052796435), (-0.010347451, 0.00075, 0.0042860545), (-0.010717732, 0.00075, 0.0032511884), (-0.010984795, 0.00075, 0.0021850115), (-0.011146069, 0.00075, 0.001097792), (-0.0112, 0.00075, 1.3716044e-18), (-0.011146069, 0.00075, -0.001097792), (-0.010984795, 0.00075, -0.0021850115), (-0.010717732, 0.00075, -0.0032511884), (-0.010347451, 0.00075, -0.0042860545), (-0.009877518, 0.00075, -0.0052796435), (-0.009312459, 0.00075, -0.0062223864), (-0.008657717, 0.00075, -0.0071052047), (-0.007919596, 0.00075, -0.007919596), (-0.0071052047, 0.00075, -0.008657717), (-0.0062223864, 0.00075, -0.009312459), (-0.0052796435, 0.00075, -0.009877518), (-0.0042860545, 0.00075, -0.010347451), (-0.0032511884, 0.00075, -0.010717732), (-0.0021850115, 0.00075, -0.010984795), (-0.001097792, 0.00075, -0.011146069), (-2.0574066e-18, 0.00075, -0.0112), (0.001097792, 0.00075, -0.011146069), (0.0021850115, 0.00075, -0.010984795), (0.0032511884, 0.00075, -0.010717732), (0.0042860545, 0.00075, -0.010347451), (0.0052796435, 0.00075, -0.009877518), (0.0062223864, 0.00075, -0.009312459), (0.0071052047, 0.00075, -0.008657717), (0.007919596, 0.00075, -0.007919596), (0.008657717, 0.00075, -0.0071052047), (0.009312459, 0.00075, -0.0062223864), (0.009877518, 0.00075, -0.0052796435), (0.010347451, 0.00075, -0.0042860545), (0.010717732, 0.00075, -0.0032511884), (0.010984795, 0.00075, -0.0021850115), (0.011146069, 0.00075, -0.001097792)]
                uniform token subdivisionScheme = "none"
                double3 xformOp:translate = (0, 0.032, 0.15)
                uniform token[] xformOpOrder = ["xformOp:translate"]
            }

            def Mesh "GripCap0" (
                prepend apiSchemas = ["MaterialBindingAPI"]
            )
            {
                int[] faceVertexCounts = [4, 4, 4, 4, 4, 4, 4, 4, 4, 4, 4, 4, 4, 4, 4, 4, 4, 4, 4, 4, 4, 4, 4, 4, 4, 4, 4, 4, 4, 4, 4, 4, 4, 4, 4, 4, 4, 4, 4, 4, 4, 4, 4, 4, 4, 4, 4, 4, 4, 4, 4, 4, 4, 4, 4, 4, 4, 4, 4, 4, 4, 4, 4, 4, 64, 64]
                int[] faceVertexIndices = [0, 1, 65, 64, 1, 2, 66, 65, 2, 3, 67, 66, 3, 4, 68, 67, 4, 5, 69, 68, 5, 6, 70, 69, 6, 7, 71, 70, 7, 8, 72, 71, 8, 9, 73, 72, 9, 10, 74, 73, 10, 11, 75, 74, 11, 12, 76, 75, 12, 13, 77, 76, 13, 14, 78, 77, 14, 15, 79, 78, 15, 16, 80, 79, 16, 17, 81, 80, 17, 18, 82, 81, 18, 19, 83, 82, 19, 20, 84, 83, 20, 21, 85, 84, 21, 22, 86, 85, 22, 23, 87, 86, 23, 24, 88, 87, 24, 25, 89, 88, 25, 26, 90, 89, 26, 27, 91, 90, 27, 28, 92, 91, 28, 29, 93, 92, 29, 30, 94, 93, 30, 31, 95, 94, 31, 32, 96, 95, 32, 33, 97, 96, 33, 34, 98, 97, 34, 35, 99, 98, 35, 36, 100, 99, 36, 37, 101, 100, 37, 38, 102, 101, 38, 39, 103, 102, 39, 40, 104, 103, 40, 41, 105, 104, 41, 42, 106, 105, 42, 43, 107, 106, 43, 44, 108, 107, 44, 45, 109, 108, 45, 46, 110, 109, 46, 47, 111, 110, 47, 48, 112, 111, 48, 49, 113, 112, 49, 50, 114, 113, 50, 51, 115, 114, 51, 52, 116, 115, 52, 53, 117, 116, 53, 54, 118, 117, 54, 55, 119, 118, 55, 56, 120, 119, 56, 57, 121, 120, 57, 58, 122, 121, 58, 59, 123, 122, 59, 60, 124, 123, 60, 61, 125, 124, 61, 62, 126, 125, 62, 63, 127, 126, 63, 0, 64, 127, 63, 62, 61, 60, 59, 58, 57, 56, 55, 54, 53, 52, 51, 50, 49, 48, 47, 46, 45, 44, 43, 42, 41, 40, 39, 38, 37, 36, 35, 34, 33, 32, 31, 30, 29, 28, 27, 26, 25, 24, 23, 22, 21, 20, 19, 18, 17, 16, 15, 14, 13, 12, 11, 10, 9, 8, 7, 6, 5, 4, 3, 2, 1, 0, 64, 65, 66, 67, 68, 69, 70, 71, 72, 73, 74, 75, 76, 77, 78, 79, 80, 81, 82, 83, 84, 85, 86, 87, 88, 89, 90, 91, 92, 93, 94, 95, 96, 97, 98, 99, 100, 101, 102, 103, 104, 105, 106, 107, 108, 109, 110, 111, 112, 113, 114, 115, 116, 117, 118, 119, 120, 121, 122, 123, 124, 125, 126, 127]
                rel material:binding = </world/Looks/SafetyOchre>
                point3f[] points = [(0.011, -0.0015, 0), (0.010947032, -0.0015, 0.0010781885), (0.010788638, -0.0015, 0.0021459935), (0.010526343, -0.0015, 0.0031931314), (0.010162675, -0.0015, 0.004209518), (0.009701134, -0.0015, 0.0051853643), (0.009146166, -0.0015, 0.0061112726), (0.008503115, -0.0015, 0.006978326), (0.0077781747, -0.0015, 0.0077781747), (0.006978326, -0.0015, 0.008503115), (0.0061112726, -0.0015, 0.009146166), (0.0051853643, -0.0015, 0.009701134), (0.004209518, -0.0015, 0.010162675), (0.0031931314, -0.0015, 0.010526343), (0.0021459935, -0.0015, 0.010788638), (0.0010781885, -0.0015, 0.010947032), (6.7355575e-19, -0.0015, 0.011), (-0.0010781885, -0.0015, 0.010947032), (-0.0021459935, -0.0015, 0.010788638), (-0.0031931314, -0.0015, 0.010526343), (-0.004209518, -0.0015, 0.010162675), (-0.0051853643, -0.0015, 0.009701134), (-0.0061112726, -0.0015, 0.009146166), (-0.006978326, -0.0015, 0.008503115), (-0.0077781747, -0.0015, 0.0077781747), (-0.008503115, -0.0015, 0.006978326), (-0.009146166, -0.0015, 0.0061112726), (-0.009701134, -0.0015, 0.0051853643), (-0.010162675, -0.0015, 0.004209518), (-0.010526343, -0.0015, 0.0031931314), (-0.010788638, -0.0015, 0.0021459935), (-0.010947032, -0.0015, 0.0010781885), (-0.011, -0.0015, 1.3471115e-18), (-0.010947032, -0.0015, -0.0010781885), (-0.010788638, -0.0015, -0.0021459935), (-0.010526343, -0.0015, -0.0031931314), (-0.010162675, -0.0015, -0.004209518), (-0.009701134, -0.0015, -0.0051853643), (-0.009146166, -0.0015, -0.0061112726), (-0.008503115, -0.0015, -0.006978326), (-0.0077781747, -0.0015, -0.0077781747), (-0.006978326, -0.0015, -0.008503115), (-0.0061112726, -0.0015, -0.009146166), (-0.0051853643, -0.0015, -0.009701134), (-0.004209518, -0.0015, -0.010162675), (-0.0031931314, -0.0015, -0.010526343), (-0.0021459935, -0.0015, -0.010788638), (-0.0010781885, -0.0015, -0.010947032), (-2.0206672e-18, -0.0015, -0.011), (0.0010781885, -0.0015, -0.010947032), (0.0021459935, -0.0015, -0.010788638), (0.0031931314, -0.0015, -0.010526343), (0.004209518, -0.0015, -0.010162675), (0.0051853643, -0.0015, -0.009701134), (0.0061112726, -0.0015, -0.009146166), (0.006978326, -0.0015, -0.008503115), (0.0077781747, -0.0015, -0.0077781747), (0.008503115, -0.0015, -0.006978326), (0.009146166, -0.0015, -0.0061112726), (0.009701134, -0.0015, -0.0051853643), (0.010162675, -0.0015, -0.004209518), (0.010526343, -0.0015, -0.0031931314), (0.010788638, -0.0015, -0.0021459935), (0.010947032, -0.0015, -0.0010781885), (0.011, 0.0015, 0), (0.010947032, 0.0015, 0.0010781885), (0.010788638, 0.0015, 0.0021459935), (0.010526343, 0.0015, 0.0031931314), (0.010162675, 0.0015, 0.004209518), (0.009701134, 0.0015, 0.0051853643), (0.009146166, 0.0015, 0.0061112726), (0.008503115, 0.0015, 0.006978326), (0.0077781747, 0.0015, 0.0077781747), (0.006978326, 0.0015, 0.008503115), (0.0061112726, 0.0015, 0.009146166), (0.0051853643, 0.0015, 0.009701134), (0.004209518, 0.0015, 0.010162675), (0.0031931314, 0.0015, 0.010526343), (0.0021459935, 0.0015, 0.010788638), (0.0010781885, 0.0015, 0.010947032), (6.7355575e-19, 0.0015, 0.011), (-0.0010781885, 0.0015, 0.010947032), (-0.0021459935, 0.0015, 0.010788638), (-0.0031931314, 0.0015, 0.010526343), (-0.004209518, 0.0015, 0.010162675), (-0.0051853643, 0.0015, 0.009701134), (-0.0061112726, 0.0015, 0.009146166), (-0.006978326, 0.0015, 0.008503115), (-0.0077781747, 0.0015, 0.0077781747), (-0.008503115, 0.0015, 0.006978326), (-0.009146166, 0.0015, 0.0061112726), (-0.009701134, 0.0015, 0.0051853643), (-0.010162675, 0.0015, 0.004209518), (-0.010526343, 0.0015, 0.0031931314), (-0.010788638, 0.0015, 0.0021459935), (-0.010947032, 0.0015, 0.0010781885), (-0.011, 0.0015, 1.3471115e-18), (-0.010947032, 0.0015, -0.0010781885), (-0.010788638, 0.0015, -0.0021459935), (-0.010526343, 0.0015, -0.0031931314), (-0.010162675, 0.0015, -0.004209518), (-0.009701134, 0.0015, -0.0051853643), (-0.009146166, 0.0015, -0.0061112726), (-0.008503115, 0.0015, -0.006978326), (-0.0077781747, 0.0015, -0.0077781747), (-0.006978326, 0.0015, -0.008503115), (-0.0061112726, 0.0015, -0.009146166), (-0.0051853643, 0.0015, -0.009701134), (-0.004209518, 0.0015, -0.010162675), (-0.0031931314, 0.0015, -0.010526343), (-0.0021459935, 0.0015, -0.010788638), (-0.0010781885, 0.0015, -0.010947032), (-2.0206672e-18, 0.0015, -0.011), (0.0010781885, 0.0015, -0.010947032), (0.0021459935, 0.0015, -0.010788638), (0.0031931314, 0.0015, -0.010526343), (0.004209518, 0.0015, -0.010162675), (0.0051853643, 0.0015, -0.009701134), (0.0061112726, 0.0015, -0.009146166), (0.006978326, 0.0015, -0.008503115), (0.0077781747, 0.0015, -0.0077781747), (0.008503115, 0.0015, -0.006978326), (0.009146166, 0.0015, -0.0061112726), (0.009701134, 0.0015, -0.0051853643), (0.010162675, 0.0015, -0.004209518), (0.010526343, 0.0015, -0.0031931314), (0.010788638, 0.0015, -0.0021459935), (0.010947032, 0.0015, -0.0010781885)]
                uniform token subdivisionScheme = "none"
                double3 xformOp:translate = (0, -0.038, 0.15)
                uniform token[] xformOpOrder = ["xformOp:translate"]
            }

            def Mesh "GripCap1" (
                prepend apiSchemas = ["MaterialBindingAPI"]
            )
            {
                int[] faceVertexCounts = [4, 4, 4, 4, 4, 4, 4, 4, 4, 4, 4, 4, 4, 4, 4, 4, 4, 4, 4, 4, 4, 4, 4, 4, 4, 4, 4, 4, 4, 4, 4, 4, 4, 4, 4, 4, 4, 4, 4, 4, 4, 4, 4, 4, 4, 4, 4, 4, 4, 4, 4, 4, 4, 4, 4, 4, 4, 4, 4, 4, 4, 4, 4, 4, 64, 64]
                int[] faceVertexIndices = [0, 1, 65, 64, 1, 2, 66, 65, 2, 3, 67, 66, 3, 4, 68, 67, 4, 5, 69, 68, 5, 6, 70, 69, 6, 7, 71, 70, 7, 8, 72, 71, 8, 9, 73, 72, 9, 10, 74, 73, 10, 11, 75, 74, 11, 12, 76, 75, 12, 13, 77, 76, 13, 14, 78, 77, 14, 15, 79, 78, 15, 16, 80, 79, 16, 17, 81, 80, 17, 18, 82, 81, 18, 19, 83, 82, 19, 20, 84, 83, 20, 21, 85, 84, 21, 22, 86, 85, 22, 23, 87, 86, 23, 24, 88, 87, 24, 25, 89, 88, 25, 26, 90, 89, 26, 27, 91, 90, 27, 28, 92, 91, 28, 29, 93, 92, 29, 30, 94, 93, 30, 31, 95, 94, 31, 32, 96, 95, 32, 33, 97, 96, 33, 34, 98, 97, 34, 35, 99, 98, 35, 36, 100, 99, 36, 37, 101, 100, 37, 38, 102, 101, 38, 39, 103, 102, 39, 40, 104, 103, 40, 41, 105, 104, 41, 42, 106, 105, 42, 43, 107, 106, 43, 44, 108, 107, 44, 45, 109, 108, 45, 46, 110, 109, 46, 47, 111, 110, 47, 48, 112, 111, 48, 49, 113, 112, 49, 50, 114, 113, 50, 51, 115, 114, 51, 52, 116, 115, 52, 53, 117, 116, 53, 54, 118, 117, 54, 55, 119, 118, 55, 56, 120, 119, 56, 57, 121, 120, 57, 58, 122, 121, 58, 59, 123, 122, 59, 60, 124, 123, 60, 61, 125, 124, 61, 62, 126, 125, 62, 63, 127, 126, 63, 0, 64, 127, 63, 62, 61, 60, 59, 58, 57, 56, 55, 54, 53, 52, 51, 50, 49, 48, 47, 46, 45, 44, 43, 42, 41, 40, 39, 38, 37, 36, 35, 34, 33, 32, 31, 30, 29, 28, 27, 26, 25, 24, 23, 22, 21, 20, 19, 18, 17, 16, 15, 14, 13, 12, 11, 10, 9, 8, 7, 6, 5, 4, 3, 2, 1, 0, 64, 65, 66, 67, 68, 69, 70, 71, 72, 73, 74, 75, 76, 77, 78, 79, 80, 81, 82, 83, 84, 85, 86, 87, 88, 89, 90, 91, 92, 93, 94, 95, 96, 97, 98, 99, 100, 101, 102, 103, 104, 105, 106, 107, 108, 109, 110, 111, 112, 113, 114, 115, 116, 117, 118, 119, 120, 121, 122, 123, 124, 125, 126, 127]
                rel material:binding = </world/Looks/SafetyOchre>
                point3f[] points = [(0.011, -0.0015, 0), (0.010947032, -0.0015, 0.0010781885), (0.010788638, -0.0015, 0.0021459935), (0.010526343, -0.0015, 0.0031931314), (0.010162675, -0.0015, 0.004209518), (0.009701134, -0.0015, 0.0051853643), (0.009146166, -0.0015, 0.0061112726), (0.008503115, -0.0015, 0.006978326), (0.0077781747, -0.0015, 0.0077781747), (0.006978326, -0.0015, 0.008503115), (0.0061112726, -0.0015, 0.009146166), (0.0051853643, -0.0015, 0.009701134), (0.004209518, -0.0015, 0.010162675), (0.0031931314, -0.0015, 0.010526343), (0.0021459935, -0.0015, 0.010788638), (0.0010781885, -0.0015, 0.010947032), (6.7355575e-19, -0.0015, 0.011), (-0.0010781885, -0.0015, 0.010947032), (-0.0021459935, -0.0015, 0.010788638), (-0.0031931314, -0.0015, 0.010526343), (-0.004209518, -0.0015, 0.010162675), (-0.0051853643, -0.0015, 0.009701134), (-0.0061112726, -0.0015, 0.009146166), (-0.006978326, -0.0015, 0.008503115), (-0.0077781747, -0.0015, 0.0077781747), (-0.008503115, -0.0015, 0.006978326), (-0.009146166, -0.0015, 0.0061112726), (-0.009701134, -0.0015, 0.0051853643), (-0.010162675, -0.0015, 0.004209518), (-0.010526343, -0.0015, 0.0031931314), (-0.010788638, -0.0015, 0.0021459935), (-0.010947032, -0.0015, 0.0010781885), (-0.011, -0.0015, 1.3471115e-18), (-0.010947032, -0.0015, -0.0010781885), (-0.010788638, -0.0015, -0.0021459935), (-0.010526343, -0.0015, -0.0031931314), (-0.010162675, -0.0015, -0.004209518), (-0.009701134, -0.0015, -0.0051853643), (-0.009146166, -0.0015, -0.0061112726), (-0.008503115, -0.0015, -0.006978326), (-0.0077781747, -0.0015, -0.0077781747), (-0.006978326, -0.0015, -0.008503115), (-0.0061112726, -0.0015, -0.009146166), (-0.0051853643, -0.0015, -0.009701134), (-0.004209518, -0.0015, -0.010162675), (-0.0031931314, -0.0015, -0.010526343), (-0.0021459935, -0.0015, -0.010788638), (-0.0010781885, -0.0015, -0.010947032), (-2.0206672e-18, -0.0015, -0.011), (0.0010781885, -0.0015, -0.010947032), (0.0021459935, -0.0015, -0.010788638), (0.0031931314, -0.0015, -0.010526343), (0.004209518, -0.0015, -0.010162675), (0.0051853643, -0.0015, -0.009701134), (0.0061112726, -0.0015, -0.009146166), (0.006978326, -0.0015, -0.008503115), (0.0077781747, -0.0015, -0.0077781747), (0.008503115, -0.0015, -0.006978326), (0.009146166, -0.0015, -0.0061112726), (0.009701134, -0.0015, -0.0051853643), (0.010162675, -0.0015, -0.004209518), (0.010526343, -0.0015, -0.0031931314), (0.010788638, -0.0015, -0.0021459935), (0.010947032, -0.0015, -0.0010781885), (0.011, 0.0015, 0), (0.010947032, 0.0015, 0.0010781885), (0.010788638, 0.0015, 0.0021459935), (0.010526343, 0.0015, 0.0031931314), (0.010162675, 0.0015, 0.004209518), (0.009701134, 0.0015, 0.0051853643), (0.009146166, 0.0015, 0.0061112726), (0.008503115, 0.0015, 0.006978326), (0.0077781747, 0.0015, 0.0077781747), (0.006978326, 0.0015, 0.008503115), (0.0061112726, 0.0015, 0.009146166), (0.0051853643, 0.0015, 0.009701134), (0.004209518, 0.0015, 0.010162675), (0.0031931314, 0.0015, 0.010526343), (0.0021459935, 0.0015, 0.010788638), (0.0010781885, 0.0015, 0.010947032), (6.7355575e-19, 0.0015, 0.011), (-0.0010781885, 0.0015, 0.010947032), (-0.0021459935, 0.0015, 0.010788638), (-0.0031931314, 0.0015, 0.010526343), (-0.004209518, 0.0015, 0.010162675), (-0.0051853643, 0.0015, 0.009701134), (-0.0061112726, 0.0015, 0.009146166), (-0.006978326, 0.0015, 0.008503115), (-0.0077781747, 0.0015, 0.0077781747), (-0.008503115, 0.0015, 0.006978326), (-0.009146166, 0.0015, 0.0061112726), (-0.009701134, 0.0015, 0.0051853643), (-0.010162675, 0.0015, 0.004209518), (-0.010526343, 0.0015, 0.0031931314), (-0.010788638, 0.0015, 0.0021459935), (-0.010947032, 0.0015, 0.0010781885), (-0.011, 0.0015, 1.3471115e-18), (-0.010947032, 0.0015, -0.0010781885), (-0.010788638, 0.0015, -0.0021459935), (-0.010526343, 0.0015, -0.0031931314), (-0.010162675, 0.0015, -0.004209518), (-0.009701134, 0.0015, -0.0051853643), (-0.009146166, 0.0015, -0.0061112726), (-0.008503115, 0.0015, -0.006978326), (-0.0077781747, 0.0015, -0.0077781747), (-0.006978326, 0.0015, -0.008503115), (-0.0061112726, 0.0015, -0.009146166), (-0.0051853643, 0.0015, -0.009701134), (-0.004209518, 0.0015, -0.010162675), (-0.0031931314, 0.0015, -0.010526343), (-0.0021459935, 0.0015, -0.010788638), (-0.0010781885, 0.0015, -0.010947032), (-2.0206672e-18, 0.0015, -0.011), (0.0010781885, 0.0015, -0.010947032), (0.0021459935, 0.0015, -0.010788638), (0.0031931314, 0.0015, -0.010526343), (0.004209518, 0.0015, -0.010162675), (0.0051853643, 0.0015, -0.009701134), (0.0061112726, 0.0015, -0.009146166), (0.006978326, 0.0015, -0.008503115), (0.0077781747, 0.0015, -0.0077781747), (0.008503115, 0.0015, -0.006978326), (0.009146166, 0.0015, -0.0061112726), (0.009701134, 0.0015, -0.0051853643), (0.010162675, 0.0015, -0.004209518), (0.010526343, 0.0015, -0.0031931314), (0.010788638, 0.0015, -0.0021459935), (0.010947032, 0.0015, -0.0010781885)]
                uniform token subdivisionScheme = "none"
                double3 xformOp:translate = (0, 0.038, 0.15)
                uniform token[] xformOpOrder = ["xformOp:translate"]
            }
        }

        def PhysicsFixedJoint "world_fixed_joint" (
            apiSchemas = ["PhysxJointAPI"]
        )
        {
            rel physics:body0 = </world>
            rel physics:body1 = </world/lever/base>
            point3f physics:localPos0 = (0, 0, 0)
            point3f physics:localPos1 = (0, 0, 0)
            quatf physics:localRot0 = (1, 0, 0, 0)
            quatf physics:localRot1 = (1, 0, 0, 0)
        }

        def PhysicsRevoluteJoint "lever_joint" (
            apiSchemas = ["PhysxJointAPI"]
        )
        {
            uniform token physics:axis = "Z"
            rel physics:body0 = </world/lever/base>
            rel physics:body1 = </world/lever/lever>
            point3f physics:localPos0 = (0, 0, 0)
            point3f physics:localPos1 = (0, 0, 0)
            quatf physics:localRot0 = (0.5, -0.5, 0.5, 0.5)
            quatf physics:localRot1 = (0.5, -0.5, 0.5, 0.5)
            float physics:lowerLimit = -45
            float physics:upperLimit = 45
        }
    }

    def Scope "Looks"
    {
        def Material "Dark_Gray_Metallic"
        {
            token outputs:mdl:displacement.connect = </world/Looks/Dark_Gray_Metallic/Shader.outputs:out>
            token outputs:mdl:surface.connect = </world/Looks/Dark_Gray_Metallic/Shader.outputs:out>
            token outputs:mdl:volume.connect = </world/Looks/Dark_Gray_Metallic/Shader.outputs:out>

            def Shader "Shader"
            {
                uniform token info:implementationSource = "sourceAsset"
                uniform asset info:mdl:sourceAsset = @https://omniverse-content-production.s3.us-west-2.amazonaws.com/Materials/2023_1/vMaterials_2/Paint/Carpaint/Carpaint_Metallic.mdl@
                uniform token info:mdl:sourceAsset:subIdentifier = "Dark_Gray_Metallic"
                token outputs:out (
                    renderType = "material"
                )
            }
        }

        def Material "plastic_red"
        {
            token outputs:mdl:displacement.connect = </world/Looks/plastic_red/Shader.outputs:out>
            token outputs:mdl:surface.connect = </world/Looks/plastic_red/Shader.outputs:out>
            token outputs:mdl:volume.connect = </world/Looks/plastic_red/Shader.outputs:out>

            def Shader "Shader"
            {
                uniform token info:implementationSource = "sourceAsset"
                uniform asset info:mdl:sourceAsset = @https://omniverse-content-production.s3.us-west-2.amazonaws.com/Materials/2023_1/vMaterials_2/Plastic/Plastic_Thick_Translucent.mdl@
                uniform token info:mdl:sourceAsset:subIdentifier = "plastic_red"
                token outputs:out (
                    renderType = "material"
                )
            }
        }

        def Material "plastic_dark_gray"
        {
            token outputs:mdl:displacement.connect = </world/Looks/plastic_dark_gray/Shader.outputs:out>
            token outputs:mdl:surface.connect = </world/Looks/plastic_dark_gray/Shader.outputs:out>
            token outputs:mdl:volume.connect = </world/Looks/plastic_dark_gray/Shader.outputs:out>

            def Shader "Shader"
            {
                uniform token info:implementationSource = "sourceAsset"
                uniform asset info:mdl:sourceAsset = @https://omniverse-content-production.s3.us-west-2.amazonaws.com/Materials/2023_1/vMaterials_2/Plastic/Plastic_Thick_Translucent.mdl@
                uniform token info:mdl:sourceAsset:subIdentifier = "plastic_dark_gray"
                token outputs:out (
                    renderType = "material"
                )
            }
        }

        def Material "plastic_ivory_white"
        {
            token outputs:mdl:displacement.connect = </world/Looks/plastic_ivory_white/Shader.outputs:out>
            token outputs:mdl:surface.connect = </world/Looks/plastic_ivory_white/Shader.outputs:out>
            token outputs:mdl:volume.connect = </world/Looks/plastic_ivory_white/Shader.outputs:out>

            def Shader "Shader"
            {
                uniform token info:implementationSource = "sourceAsset"
                uniform asset info:mdl:sourceAsset = @https://omniverse-content-production.s3.us-west-2.amazonaws.com/Materials/2023_1/vMaterials_2/Plastic/Plastic_Thick_Translucent.mdl@
                uniform token info:mdl:sourceAsset:subIdentifier = "plastic_ivory_white"
                token outputs:out (
                    renderType = "material"
                )
            }
        }

        def Material "White_Silver_Metallic"
        {
            token outputs:mdl:displacement.connect = </world/Looks/White_Silver_Metallic/Shader.outputs:out>
            token outputs:mdl:surface.connect = </world/Looks/White_Silver_Metallic/Shader.outputs:out>
            token outputs:mdl:volume.connect = </world/Looks/White_Silver_Metallic/Shader.outputs:out>

            def Shader "Shader"
            {
                uniform token info:implementationSource = "sourceAsset"
                uniform asset info:mdl:sourceAsset = @https://omniverse-content-production.s3.us-west-2.amazonaws.com/Materials/2023_1/vMaterials_2/Paint/Carpaint/Carpaint_Metallic.mdl@
                uniform token info:mdl:sourceAsset:subIdentifier = "White_Silver_Metallic"
                token outputs:out (
                    renderType = "material"
                )
            }
        }

        def Material "Steel"
        {
            token outputs:surface.connect = </world/Looks/Steel/Surface.outputs:surface>

            def Shader "Surface"
            {
                uniform token info:id = "UsdPreviewSurface"
                color3f inputs:diffuseColor = (0.43, 0.49, 0.51)
                float inputs:metallic = 0.82
                float inputs:roughness = 0.29
                token outputs:surface
            }
        }

        def Material "Anodized"
        {
            token outputs:surface.connect = </world/Looks/Anodized/Surface.outputs:surface>

            def Shader "Surface"
            {
                uniform token info:id = "UsdPreviewSurface"
                color3f inputs:diffuseColor = (0.055, 0.085, 0.095)
                float inputs:metallic = 0.65
                float inputs:roughness = 0.38
                token outputs:surface
            }
        }

        def Material "Grip"
        {
            token outputs:surface.connect = </world/Looks/Grip/Surface.outputs:surface>

            def Shader "Surface"
            {
                uniform token info:id = "UsdPreviewSurface"
                color3f inputs:diffuseColor = (0.045, 0.055, 0.05)
                float inputs:metallic = 0.02
                float inputs:roughness = 0.72
                token outputs:surface
            }
        }

        def Material "SafetyOchre"
        {
            token outputs:surface.connect = </world/Looks/SafetyOchre/Surface.outputs:surface>

            def Shader "Surface"
            {
                uniform token info:id = "UsdPreviewSurface"
                color3f inputs:diffuseColor = (0.72, 0.4, 0.045)
                float inputs:metallic = 0.25
                float inputs:roughness = 0.43
                token outputs:surface
            }
        }

        def Material "Socket"
        {
            token outputs:surface.connect = </world/Looks/Socket/Surface.outputs:surface>

            def Shader "Surface"
            {
                uniform token info:id = "UsdPreviewSurface"
                color3f inputs:diffuseColor = (0.009, 0.014, 0.017)
                float inputs:metallic = 0.05
                float inputs:roughness = 0.7
                token outputs:surface
            }
        }
    }
}

def "Render"
{
    def "OmniverseKit"
    {
        def "HydraTextures"
        {
            def RenderProduct "omni_kit_widget_viewport_ViewportTexture_0" (
                apiSchemas = ["OmniRtxSettingsCommonAdvancedAPI_1", "OmniRtxSettingsRtAdvancedAPI_1", "OmniRtxSettingsPtAdvancedAPI_1", "OmniRtxPostColorGradingAPI_1", "OmniRtxPostChromaticAberrationAPI_1", "OmniRtxPostBloomPhysicalAPI_1", "OmniRtxPostMatteObjectAPI_1", "OmniRtxPostCompositingAPI_1", "OmniRtxPostDofAPI_1", "OmniRtxPostMotionBlurAPI_1", "OmniRtxPostTvNoiseAPI_1", "OmniRtxPostTonemapIrayReinhardAPI_1", "OmniRtxPostDebugSettingsAPI_1", "OmniRtxDebugSettingsAPI_1"]
            )
            {
                rel camera = </OmniverseKit_Persp>
                token omni:rtx:background:source:texture:textureMode = "repeatMirrored"
                token omni:rtx:background:source:type = "domeLight"
                bool omni:rtx:dlss:frameGeneration = 0
                bool omni:rtx:material:db:nonVisualMaterialCSV:enabled = 0
                bool omni:rtx:material:db:syncLoads = 1
                token omni:rtx:post:dlss:execMode = "performance"
                bool omni:rtx:post:registeredCompositing:invertColorCorrection = 1
                bool omni:rtx:post:registeredCompositing:invertToneMap = 1
                bool omni:rtx:pt:lightcache:cached:dontResolveConflicts = 1
                int omni:rtx:pt:maxSamplesPerLaunch = 2073600
                int omni:rtx:pt:mgpu:maxPixelsPerRegionExponent = 12
                color3f omni:rtx:rt:ambientLight:color = (0.1, 0.1, 0.1)
                bool omni:rtx:rt:demoire = 0
                bool omni:rtx:rt:lightcache:spatialCache:dontResolveConflicts = 1
                bool omni:rtx:scene:hydra:materialSyncLoads = 1
                bool omni:rtx:scene:hydra:mdlMaterialWarmup = 1
                uint omni:rtx:viewTile:limit = 4294967295
                rel orderedVars = </Render/Vars/LdrColor>
                custom bool overrideClipRange = 0
                uniform int2 resolution = (1280, 720)
            }
        }
    }

    def RenderSettings "OmniverseGlobalRenderSettings" (
        apiSchemas = ["OmniRtxSettingsGlobalRtAdvancedAPI_1", "OmniRtxSettingsGlobalPtAdvancedAPI_1"]
    )
    {
        rel products = </Render/OmniverseKit/HydraTextures/omni_kit_widget_viewport_ViewportTexture_0>
    }

    def "Vars"
    {
        def RenderVar "LdrColor"
        {
            uniform string sourceName = "LdrColor"
        }
    }
}

