# https://github.com/mikedh/trimesh
mtllib ccw_prop.mtl

o component_000
usemtl material_0
v -0.0175709706 0.0112221799 -0.0016578439
v -0.0304459892 0.0113971807 0.0066750632
v -0.0166630093 0.0126201499 -0.0033088329
v -0.0332170092 0.0169611502 0.0043050629
v -0.0321310088 0.0188621210 0.0021581035
v -0.0268039703 0.0099981422 0.0053340780
v -0.0183659699 0.0097551336 -0.0000308796
v -0.0231819693 0.0084161752 0.0041450842
v -0.0190409999 0.0082301489 0.0015621173
v -0.0195930004 0.0066571233 0.0031110635
v -0.0341899917 0.0150001603 0.0064221009
v -0.0340989791 0.0126091807 0.0081630926
v -0.0344139896 0.0127371509 0.0082740774
v -0.0347290002 0.0128631505 0.0083870869
v -0.0350449607 0.0129851603 0.0085020652
v -0.0309339706 0.0206951406 -0.0000098806
v -0.0287159607 0.0209501291 -0.0016598716
v -0.0264309607 0.0210371592 -0.0032278306
v -0.0156469904 0.0139401495 -0.0049708491
v -0.0240859892 0.0209611595 -0.0047128808
v -0.0217069909 0.0207211296 -0.0060958277
v -0.0192919895 0.0202931700 -0.0073608767
v -0.0145310098 0.0151751595 -0.0066348321
v -0.0180680100 0.0199931798 -0.0079398766
v -0.0168339591 0.0196221390 -0.0084718471
v -0.0156089598 0.0191801687 -0.0089438563
v -0.0133199599 0.0163181399 -0.0082928541
v -0.0143979704 0.0186601200 -0.0093488707
v -0.0132039702 0.0180571593 -0.0096788411
v -0.0120219504 0.0173611596 -0.0099318637
v -0.0334899984 0.0138051508 0.0096901039
v -0.0331689715 0.0136751512 0.0095781068
v -0.0332750008 0.0160711414 0.0078420618
v -0.0297369901 0.0125411708 0.0081750741
v -0.0322999917 0.0180301596 0.0057250834
v -0.0161830094 0.0133341503 -0.0013328800
v -0.0312110092 0.0199281501 0.0035790786
v -0.0147489896 0.0148111495 -0.0033898360
v -0.0253229700 0.0221031307 -0.0019308337
v -0.0228849594 0.0220081804 -0.0034618387
v -0.0204110108 0.0217341702 -0.0048828737
v -0.0137329604 0.0157001592 -0.0047268283
v -0.0178959891 0.0212521492 -0.0061728365
v -0.0166189596 0.0209111492 -0.0067558295
v -0.0153399697 0.0204941588 -0.0072828547
v -0.0126619898 0.0165211498 -0.0060498722
v -0.0140730096 0.0199961601 -0.0077398425
v -0.0128209498 0.0194111386 -0.0081228629
v -0.0115409996 0.0172721701 -0.0073528294
v -0.0115839802 0.0187291497 -0.0084218397
v -0.0103740003 0.0179491595 -0.0086298589
v -0.0263129994 0.0112431604 0.0069031102
v -0.0174659993 0.0117231599 0.0007241201
v -0.0229070093 0.0097821350 0.0057640664
v -0.0185840093 0.0099941494 0.0027620783
v -0.0195270106 0.0081631545 0.0047610983
v -0.0276999995 0.0220221206 -0.0003068807
v -0.0300039593 0.0217611698 0.0014041044
v -0.0300129596 0.0217591507 0.0014110784
v -0.0341330096 0.0140571509 0.0099230985
v -0.0338109694 0.0139331806 0.0098060946
v -0.0337420106 0.0123871507 0.0094540697
v -0.0337049887 0.0124291710 0.0095111122
v -0.0340479612 0.0125111311 0.0095620742
v -0.0340169594 0.0125561308 0.0096200695
v -0.0343539715 0.0126331409 0.0096710911
v -0.0343289897 0.0126801709 0.0097320657
v -0.0346609913 0.0127511609 0.0097841015
v -0.0346409604 0.0128011711 0.0098471027
v -0.0308429506 0.0220531803 0.0003781193
v -0.0308799706 0.0220111609 0.0003211194
v -0.0308510009 0.0220521596 0.0003841193
v 0.0185079500 0.0096061815 -0.0016578437
v 0.0220629498 0.0182131496 0.0053340774
v 0.0192649309 0.0081201789 -0.0033088326
v 0.0288019702 0.0084391222 -0.0060958268
v 0.0198999606 0.0065811268 -0.0049708486
v 0.0272239391 0.0065611595 -0.0073608756
v 0.0263519809 0.0056511744 -0.0079398756
v 0.0176349804 0.0110281697 -0.0000308797
v 0.0188829806 0.0158681798 0.0041450837
v 0.0166519806 0.0123751705 0.0015621170
v 0.0155649697 0.0136401600 0.0031110629
v 0.0301999394 0.0103791297 -0.0047128800
v 0.0250959303 0.0206681402 0.0066750625
v 0.0313009582 0.0202861394 0.0043050627
v 0.0300889593 0.0221091514 0.0064221003
v 0.0279729292 0.0232261407 0.0081630918
v 0.0282419901 0.0234351705 0.0082740766
v 0.0285079405 0.0236451614 0.0083870861
v 0.0287719294 0.0238581213 0.0085020643
v 0.0314379297 0.0123711794 -0.0032278299
v 0.0324039385 0.0183951800 0.0021581035
v 0.0325049683 0.0143941602 -0.0016598711
v 0.0333929583 0.0164421704 -0.0000098802
v 0.0254139900 0.0047681325 -0.0084718460
v 0.0204109494 0.0049971337 -0.0066348313
v 0.0244179294 0.0039281233 -0.0089438551
v 0.0233629309 0.0031391373 -0.0093488696
v 0.0207949802 0.0033771385 -0.0082928532
v 0.0222439691 0.0024071324 -0.0096788399
v 0.0210489593 0.0017311562 -0.0099318625
v 0.0287049394 0.0221011609 0.0096901033
v 0.0284309294 0.0218881301 0.0095781062
v 0.0305589400 0.0207821714 0.0078420614
v 0.0257329307 0.0194821308 0.0081750736
v 0.0317679606 0.0189581499 0.0057250834
v 0.0305049401 0.0088151691 -0.0034618377
v 0.0318069384 0.0108801702 -0.0019308329
v 0.0228969399 0.0171671496 0.0069031097
v 0.0290309694 0.0068091746 -0.0048828726
v 0.0196429398 0.0073481788 -0.0013328795
v 0.0202049594 0.0053671587 -0.0033898353
v 0.0188889503 0.0092641712 0.0007241203
v 0.0199289899 0.0149471708 0.0057640660
v 0.0179509502 0.0110981401 0.0027620782
v 0.0168369394 0.0128301302 0.0047610979
v 0.0204669796 0.0040441748 -0.0047268274
v 0.0254219696 0.0030381665 -0.0072828534
v 0.0264229700 0.0039371247 -0.0067558282
v 0.0273559596 0.0048731556 -0.0061728353
v 0.0243579708 0.0021901714 -0.0077398412
v 0.0206429306 0.0027061696 -0.0060498712
v 0.0232249405 0.0013981454 -0.0081228615
v 0.0207319800 0.0013591635 -0.0073528282
v 0.0220159795 0.0006681804 -0.0084218383
v 0.0207349602 0.0000101805 -0.0086298576
v 0.0328679606 0.0170661810 0.0035790788
v 0.0329249501 0.0129781300 -0.0003068800
v 0.0338509604 0.0151041701 0.0014041049
v 0.0338539407 0.0151121599 0.0014110789
v 0.0292439405 0.0225321602 0.0099230978
v 0.0289759599 0.0223151416 0.0098060939
v 0.0276019499 0.0230291400 0.0094540689
v 0.0276209693 0.0229751400 0.0095111114
v 0.0278629605 0.0232311401 0.0095620734
v 0.0278859697 0.0231821507 0.0096200687
v 0.0281209294 0.0234361205 0.0096710903
v 0.0281489398 0.0233901709 0.0097320649
v 0.0283769295 0.0236421812 0.0097841007
v 0.0284099504 0.0236001600 0.0098471018
v 0.0345239602 0.0156841204 0.0003781198
v 0.0345059596 0.0157381203 0.0003211198
v 0.0345269404 0.0156921707 0.0003841198
v 0.0187559705 -0.0006458198 -0.0102628404
v 0.0183739606 0.0010151268 0.0106500899
v 0.0187609699 0.0005281802 -0.0103298398
v 0.0189049803 0.0003371796 -0.0183498208
v 0.0187769495 -0.0000138196 -0.0108468505
v 0.0187929794 -0.0020827665 -0.0183498206
v 0.0183489900 -0.0013908132 0.0106500900
v 0.0180109702 -0.0037738072 0.0106500902
v 0.0183729492 -0.0044687996 -0.0183498204
v 0.0173639599 -0.0060927851 0.0106500904
v 0.0176499393 -0.0067818174 -0.0183498202
v 0.0164209604 -0.0083068005 0.0106500906
v 0.0166379791 -0.0089827780 -0.0183498201
v 0.0151959602 -0.0103787688 0.0106500907
v 0.0153529597 -0.0110368119 -0.0183498199
v 0.0137119796 -0.0122727688 0.0106500909
v 0.0138159301 -0.0129088112 -0.0183498198
v 0.0119919702 -0.0139577893 0.0106500910
v 0.0120519297 -0.0145698110 -0.0183498196
v 0.0100679304 -0.0154027894 0.0106500911
v 0.0100899301 -0.0159907914 -0.0183498195
v 0.0079719424 -0.0165848091 0.0106500912
v 0.0079629421 -0.0171498018 -0.0183498195
v 0.0057389732 -0.0174837700 0.0106500913
v 0.0057039852 -0.0180267612 -0.0183498194
v 0.0037779801 -0.0181237996 0.0042330632
v 0.0033519859 -0.0186077910 -0.0183498193
v 0.0027509329 -0.0183067896 0.0042970786
v 0.0009449870 -0.0188838220 -0.0183498193
v 0.0010179870 -0.0183727696 0.0106500913
v -0.0013879529 -0.0183477897 0.0106500913
v -0.0014770030 -0.0188487708 -0.0183498193
v -0.0037710071 -0.0180097792 0.0106500913
v -0.0038749571 -0.0185047905 -0.0183498194
v -0.0062099691 -0.0178577821 -0.0183498194
v -0.0088169565 0.0165631689 -0.0102628417
v -0.0100640003 0.0154011807 0.0106500888
v -0.0098350039 0.0159801796 -0.0103298410
v -0.0110899797 0.0153101585 -0.0183498219
v -0.0090410113 0.0166021478 -0.0183498220
v -0.0093749762 0.0162651493 -0.0108468517
v -0.0079680076 0.0165831399 0.0106500887
v -0.0099329939 -0.0159198016 -0.0102628392
v -0.0083039990 -0.0164197601 0.0106500912
v -0.0089200130 -0.0165107817 -0.0103298385
v -0.0084419837 -0.0169168110 -0.0183498195
v -0.0093969703 -0.0162547816 -0.0108468492
v -0.0105360104 -0.0156977712 -0.0183498196
v -0.0103759700 -0.0151947691 0.0106500911
v 0.0034079549 -0.0180827893 0.0106500913
v 0.0032749770 -0.0182117798 0.0047920956
v 0.0034429431 -0.0181837600 0.0046060695
v 0.0036099551 -0.0181547903 0.0044190893
v 0.0187069699 0.0027511695 -0.0183498210
v 0.0180839803 0.0034051539 0.0106500897
v 0.0182009898 0.0051211696 -0.0183498211
v 0.0174849592 0.0057361730 0.0106500895
v 0.0173969809 0.0074061738 -0.0183498213
v 0.0165859405 0.0079691418 0.0106500893
v 0.0163069293 0.0095691667 -0.0183498215
v 0.0154039804 0.0100651308 0.0106500892
v 0.0149489604 0.0115761687 -0.0183498216
v 0.0144809401 0.0115321207 0.0042970763
v 0.0138089601 0.0123301701 0.0042330609
v 0.0139589896 0.0119891706 0.0106500890
v 0.0141359502 0.0119381504 0.0047920933
v 0.0140279504 0.0120701700 0.0046060672
v 0.0139189297 0.0122011307 0.0044190870
v 0.0122739598 0.0137091213 0.0106500889
v 0.0133459503 0.0133921490 -0.0183498218
v 0.0115239602 0.0149891288 -0.0183498219
v 0.0103799701 0.0151931605 0.0106500888
v 0.0095119467 0.0163391777 -0.0183498220
v 0.0083079329 0.0164181505 0.0106500887
v 0.0073449612 0.0174211790 -0.0183498221
v 0.0060939780 0.0173611612 0.0106500886
v 0.0050569768 0.0182171394 -0.0183498221
v 0.0037749400 0.0180081715 0.0106500886
v 0.0026859641 0.0187141192 -0.0183498222
v 0.0026859641 0.0187141192 -0.0183498222
v 0.0037749400 0.0180081715 0.0106500886
v 0.0013919470 0.0183461317 0.0106500886
v 0.0002699870 0.0189031293 -0.0183498222
v -0.0010139940 0.0183711600 0.0106500886
v -0.0021489849 0.0187821281 -0.0183498222
v -0.0034039610 0.0180811201 0.0106500886
v -0.0045340061 0.0183531591 -0.0183498221
v -0.0057349801 0.0174821605 0.0106500886
v -0.0068429699 0.0176221677 -0.0183498221
v -0.0119879805 0.0139561210 0.0106500889
v -0.0129569704 0.0137661588 -0.0183498218
v -0.0137079898 0.0122711611 0.0106500890
v -0.0146110002 0.0119951288 -0.0183498217
v -0.0151919704 0.0103771611 0.0106500892
v -0.0160249993 0.0100281783 -0.0183498215
v -0.0164169595 0.0083051332 0.0106500893
v -0.0171759706 0.0078961239 -0.0183498213
v -0.0172259808 0.0067711471 0.0042970767
v -0.0180450007 0.0056351405 -0.0183498212
v -0.0175809804 0.0057911275 0.0042330614
v -0.0180069804 0.0037721399 0.0106500897
v -0.0173599701 0.0060911778 0.0106500895
v -0.0175240003 0.0059511665 0.0044190874
v -0.0174649898 0.0061111454 0.0046060677
v -0.0174049698 0.0062701706 0.0047920938
v -0.0186169706 0.0032811747 -0.0183498210
v -0.0183449909 0.0013891458 0.0106500898
v -0.0188839994 0.0008731796 -0.0183498208
v -0.0183699708 -0.0010167942 0.0106500900
v -0.0188409593 -0.0015487684 -0.0183498206
v -0.0180799905 -0.0034067623 0.0106500902
v -0.0184879806 -0.0039457683 -0.0183498205
v -0.0174809601 -0.0057377803 0.0106500904
v -0.0178319793 -0.0062778005 -0.0183498203
v -0.0165820103 -0.0079708082 0.0106500905
v -0.0168830100 -0.0085067754 -0.0183498201
v -0.0153999897 -0.0100667990 0.0106500907
v -0.0156559907 -0.0105957915 -0.0183498199
v -0.0139549896 -0.0119907792 0.0106500908
v -0.0141729703 -0.0125117809 -0.0183498198
v -0.0122699700 -0.0137107895 0.0106500910
v -0.0124570103 -0.0142217814 -0.0183498197
v -0.0060899849 -0.0173627689 0.0106500913
v 0.0199969392 -0.0005588198 -0.0107358601
v 0.0199949704 -0.0006188198 -0.0106818601
v 0.0199579503 -0.0013638143 -0.0183498206
v 0.0199849606 -0.0008738198 -0.0103968297
v 0.0199759603 -0.0010647778 -0.0100638195
v 0.0199699402 -0.0011788017 -0.0096998205
v 0.0199679695 -0.0012137888 -0.0093188276
v 0.0198329594 -0.0026147950 0.0116661100
v 0.0200039707 -0.0001088181 0.0116661098
v 0.0199769698 -0.0010437966 -0.0085758557
v 0.0199949704 -0.0006038196 -0.0079518547
v 0.0199929401 0.0006841805 -0.0066738721
v 0.0198599603 0.0023991470 0.0116661096
v 0.0199069306 0.0019691575 -0.0053708550
v 0.0197389703 0.0032451736 -0.0040478704
v 0.0194029808 0.0048691639 0.0116661094
v 0.0194899403 0.0045091498 -0.0027108783
v 0.0189529601 0.0063991541 -0.0006548795
v 0.0186389592 0.0072621707 0.0116661092
v 0.0182339493 0.0082271687 0.0014030924
v 0.0175819304 0.0095411539 0.0116661091
v 0.0173379704 0.0099761479 0.0034410941
v 0.0162469707 0.0116691505 0.0116661089
v 0.0162759405 0.0116291600 0.0054401141
v 0.0159129500 0.0121211405 0.0058420883
v 0.0156959798 0.0124011603 0.0059360852
v 0.0154649597 0.0126881501 0.0059500918
v 0.0146569600 0.0136131606 0.0116661088
v 0.0150099304 0.0132221500 0.0057451110
v 0.0146269696 0.0136451707 0.0052831158
v 0.0145899598 0.0136841502 0.0052210669
v 0.0143259699 0.0139601802 0.0045610651
v 0.0142379403 0.0140501804 0.0038090929
v 0.0143459402 0.0139401501 0.0030630809
v 0.0137729598 0.0145061589 -0.0183498218
v 0.0128349597 0.0153421713 0.0116661086
v 0.0146429501 0.0136281803 0.0024321060
v 0.0154829603 0.0126661589 -0.0183498217
v 0.0156799499 0.0124211303 0.0008841201
v 0.0166179501 0.0111351599 -0.0007088798
v 0.0169479791 0.0106261284 -0.0183498216
v 0.0174499694 0.0097791551 -0.0023368597
v 0.0181459691 0.0084181405 -0.0183498214
v 0.0181729700 0.0083611595 -0.0039878485
v 0.0187789705 0.0068931566 -0.0056498647
v 0.0190589391 0.0060781227 -0.0183498212
v 0.0192669593 0.0053811655 -0.0073138475
v 0.0196699500 0.0036411267 -0.0183498210
v 0.0196329299 0.0038351403 -0.0089708560
v 0.0198759399 0.0022651543 -0.0106108703
v 0.0199719593 0.0011471486 -0.0183498208
v 0.0199379902 0.0016311392 -0.0110568405
v 0.0199849606 0.0008781802 -0.0112408298
v 0.0200039707 0.0001101802 -0.0111318799
v -0.0095120072 0.0175941485 -0.0107358614
v -0.0094589591 0.0176221683 -0.0106818615
v -0.0095399609 0.0175791294 -0.0183498221
v -0.0092340112 0.0177421487 -0.0103968311
v -0.0090639591 0.0178291697 -0.0100638209
v -0.0089609623 0.0178811487 -0.0096998219
v -0.0089309812 0.0178961691 -0.0093188290
v -0.0072609782 0.0186361582 -0.0183498222
v -0.0084170103 0.0181431705 0.0116661084
v -0.0060769911 0.0190561404 0.0116661083
v -0.0090829730 0.0178191599 -0.0085758571
v -0.0094729662 0.0176151296 -0.0079518561
v -0.0106250001 0.0169451804 0.0116661085
v -0.0105869696 0.0169691401 -0.0066738733
v -0.0116569903 0.0162531692 -0.0053708561
v -0.0126649700 0.0154801607 0.0116661086
v -0.0126779601 0.0154691298 -0.0040478713
v -0.0136469603 0.0146211300 -0.0027108790
v -0.0145049598 0.0137701611 0.0116661087
v -0.0150159504 0.0132111301 -0.0006548800
v -0.0161169693 0.0118431411 0.0116661089
v -0.0162400007 0.0116741602 0.0014030921
v -0.0173069797 0.0100241306 0.0034410941
v -0.0174739901 0.0097301611 0.0116661091
v -0.0182070099 0.0082781310 0.0054401144
v -0.0185559895 0.0074621438 0.0116661092
v -0.0184519794 0.0077171325 0.0058420886
v -0.0185849592 0.0073891287 0.0059360856
v -0.0187180005 0.0070461635 0.0059500923
v -0.0189539697 0.0063851475 0.0057451115
v -0.0193449799 0.0050781369 0.0116661094
v -0.0191279594 0.0058411354 0.0052831164
v -0.0191439893 0.0057901744 0.0052210675
v -0.0192509796 0.0054241413 0.0045610658
v -0.0192849599 0.0053021315 0.0038090936
v -0.0196259599 0.0038531406 -0.0183498210
v -0.0192430001 0.0054501293 0.0030630816
v -0.0189880095 0.0062821484 -0.0183498212
v -0.0191209894 0.0058641431 0.0024321066
v -0.0185949802 0.0073651672 0.0008841204
v -0.0180509593 0.0086131678 -0.0183498214
v -0.0179499909 0.0088201761 -0.0007088796
v -0.0171920005 0.0102201698 -0.0023368598
v -0.0168290101 0.0108081582 -0.0183498216
v -0.0163249895 0.0115541794 -0.0039878487
v -0.0153409801 0.0128321587 -0.0183498217
v -0.0153570101 0.0128141600 -0.0056498652
v -0.0142909801 0.0139921293 -0.0073138481
v -0.0136119695 0.0146541488 -0.0183498219
v -0.0131359603 0.0150821789 -0.0089708569
v -0.0116679603 0.0162441679 -0.0183498220
v -0.0118969604 0.0160771600 -0.0106108713
v -0.0113800103 0.0164481393 -0.0110568417
v -0.0107509997 0.0168661392 -0.0112408310
v -0.0100950003 0.0172661497 -0.0111318812
v -0.0104789697 -0.0170378004 -0.0107358588
v -0.0105299903 -0.0170058001 -0.0106818589
v -0.0097289681 -0.0174767910 -0.0183498194
v -0.0107460003 -0.0168707900 -0.0103968285
v -0.0118420096 -0.0161197721 -0.0183498195
v -0.0109059801 -0.0167667799 -0.0100638183
v -0.0110020004 -0.0167037815 -0.0096998193
v -0.0110309701 -0.0166857808 -0.0093188264
v -0.0108069703 -0.0168318088 0.0116661111
v -0.0128309699 -0.0153437788 0.0116661109
v -0.0108889900 -0.0167787603 -0.0085758545
v -0.0105170002 -0.0170148002 -0.0079518534
v -0.0094000101 -0.0176557810 -0.0066738707
v -0.0086119771 -0.0180537692 0.0116661111
v -0.0082449913 -0.0182238207 -0.0053708535
v -0.0070549841 -0.0187168106 -0.0040478688
v -0.0062809582 -0.0189908082 0.0116661112
v -0.0058360090 -0.0191327894 -0.0027108765
v -0.0038520091 -0.0196288182 0.0116661113
v -0.0039309850 -0.0196127799 -0.0006548775
v -0.0019879930 -0.0199037696 0.0014030945
v -0.0013610120 -0.0199567592 0.0116661113
v -0.0000260128 -0.0200027802 0.0034410964
v 0.0011499519 -0.0199707700 0.0116661113
v 0.0019369720 -0.0199097894 0.0054401165
v 0.0025449391 -0.0198407690 0.0058420907
v 0.0036439290 -0.0196688092 0.0116661113
v 0.0028959510 -0.0197927891 0.0059360877
v 0.0032599559 -0.0197358090 0.0059500943
v 0.0039499402 -0.0196097992 0.0057451134
v 0.0045079580 -0.0194888092 0.0052831183
v 0.0045589800 -0.0194767691 0.0052210694
v 0.0049309731 -0.0193867605 0.0045610676
v 0.0060809851 -0.0190578094 0.0116661112
v 0.0050529828 -0.0193548200 0.0038090954
v 0.0072649708 -0.0186377722 -0.0183498193
v 0.0048719640 -0.0194017808 -0.0183498193
v 0.0049039721 -0.0193937996 0.0030630835
v 0.0044849510 -0.0194947699 0.0024321085
v 0.0029209850 -0.0197887997 0.0008841225
v 0.0024019470 -0.0198587715 -0.0183498192
v 0.0013389580 -0.0199587904 -0.0007088775
v -0.0001060130 -0.0200027819 -0.0183498192
v -0.0002520130 -0.0200017599 -0.0023368575
v -0.0018410080 -0.0199177808 -0.0039878463
v -0.0026119940 -0.0198317706 -0.0183498193
v -0.0034160011 -0.0197088108 -0.0056498627
v -0.0050770040 -0.0193477808 -0.0183498193
v -0.0049699540 -0.0193757998 -0.0073138456
v -0.0064919591 -0.0189198206 -0.0089708543
v -0.0074610109 -0.0185588016 -0.0183498193
v -0.0079729548 -0.0183448110 -0.0106108687
v -0.0085519552 -0.0180817814 -0.0110568391
v -0.0092290044 -0.0177457900 -0.0112408284
v -0.0099030128 -0.0173788005 -0.0111318786
v 0.0196299497 -0.0038548123 -0.0183498205
v 0.0193489697 -0.0050798040 0.0116661102
v 0.0189919397 -0.0062837615 -0.0183498203
v 0.0185599905 -0.0074638110 0.0116661103
v 0.0180549603 -0.0086147790 -0.0183498201
v 0.0174779799 -0.0097317677 0.0116661105
v 0.0168329403 -0.0108097712 -0.0183498199
v 0.0161209702 -0.0118448092 0.0116661107
v 0.0153449699 -0.0128337717 -0.0183498198
v 0.0145089598 -0.0137717687 0.0116661108
v 0.0136159603 -0.0146557609 -0.0183498196
v 0.0126689598 -0.0154817692 0.0116661110
v 0.0116719604 -0.0162457819 -0.0183498195
v 0.0106289303 -0.0169467899 0.0116661111
v 0.0095439553 -0.0175808011 -0.0183498194
v 0.0084209442 -0.0181447799 0.0116661112
v 0.0118459398 0.0161181581 -0.0183498220
v 0.0108109703 0.0168301416 0.0116661085
v 0.0097329607 0.0174751193 -0.0183498221
v 0.0086159697 0.0180521616 0.0116661084
v 0.0074649449 0.0185571280 -0.0183498221
v 0.0062849522 0.0189891410 0.0116661084
v 0.0050809379 0.0193461687 -0.0183498222
v 0.0038559430 0.0196271510 0.0116661083
v 0.0026159280 0.0198301585 -0.0183498222
v 0.0013649460 0.0199551517 0.0116661083
v 0.0001099870 0.0200011679 -0.0183498223
v -0.0011459580 0.0199691606 0.0116661083
v -0.0023979540 0.0198571594 -0.0183498222
v -0.0036399961 0.0196671402 0.0116661083
v -0.0048679700 0.0194001687 -0.0183498222
v -0.0198289696 0.0026131279 0.0116661096
v -0.0198289696 0.0026131279 0.0116661096
v -0.0196259599 0.0038531406 -0.0183498210
v -0.0199539606 0.0013621426 -0.0183498209
v -0.0199999809 0.0001071819 0.0116661098
v -0.0199679695 -0.0011487614 -0.0183498207
v -0.0198559705 -0.0024008141 0.0116661100
v -0.0196660105 -0.0036427984 -0.0183498205
v -0.0193989798 -0.0048707710 0.0116661102
v -0.0190549996 -0.0060797934 -0.0183498203
v -0.0186349694 -0.0072637783 0.0116661103
v -0.0181419794 -0.0084198122 -0.0183498201
v -0.0175780002 -0.0095427624 0.0116661105
v -0.0169439893 -0.0106278011 -0.0183498199
v -0.0162429791 -0.0116707590 0.0116661107
v -0.0154789602 -0.0126677710 -0.0183498198
v -0.0146529600 -0.0136147691 0.0116661108
v -0.0137689700 -0.0145077710 -0.0183498197
v -0.0009310130 -0.0208308102 -0.0016578414
v -0.0070889592 -0.0291628209 -0.0060958240
v -0.0025959611 -0.0207427705 -0.0033088304
v -0.0079259872 -0.0268567806 -0.0073608731
v -0.0082780123 -0.0256468008 -0.0079398732
v 0.0043049450 -0.0242857893 0.0041450867
v 0.0007369870 -0.0207857993 -0.0000308773
v 0.0023949740 -0.0206077601 0.0015621195
v 0.0040339818 -0.0202987695 0.0031110655
v -0.0061079850 -0.0313428011 -0.0047128768
v 0.0047449460 -0.0282137893 0.0053340809
v -0.0050010080 -0.0334107804 -0.0032278265
v -0.0037829869 -0.0353467987 -0.0016598674
v 0.0053549400 -0.0320677678 0.0066750665
v -0.0002670130 -0.0372598095 0.0021581077
v 0.0019219510 -0.0372508090 0.0043050670
v 0.0041059852 -0.0371118109 0.0064221048
v 0.0061319470 -0.0358377577 0.0081630963
v 0.0061779609 -0.0361747698 0.0082740811
v 0.0062269559 -0.0365107612 0.0083870906
v 0.0062789321 -0.0368447782 0.0085020689
v -0.0024529691 -0.0371397696 -0.0000098762
v -0.0042470088 -0.0205237795 -0.0049708465
v -0.0085740080 -0.0243927806 -0.0084718438
v -0.0058739781 -0.0201748000 -0.0066348294
v -0.0088039627 -0.0231108002 -0.0089438531
v -0.0089589953 -0.0218017611 -0.0093488677
v -0.0074700108 -0.0196967709 -0.0082928514
v -0.0090339771 -0.0204668015 -0.0096788382
v -0.0090219975 -0.0190948200 -0.0099318609
v 0.0047909608 -0.0359088101 0.0096901077
v 0.0047439332 -0.0355657891 0.0095781105
v 0.0027219651 -0.0368558088 0.0078420658
v 0.0040089479 -0.0320267597 0.0081750775
v 0.0005379870 -0.0369908209 0.0057250876
v -0.0016509891 -0.0369967816 0.0035790829
v -0.0052189822 -0.0350027606 -0.0003068764
v -0.0038409820 -0.0368677898 0.0014041088
v 0.0034219620 -0.0284128091 0.0069031131
v -0.0064780111 -0.0329847896 -0.0019308296
v -0.0076149702 -0.0308257903 -0.0034618347
v 0.0029839871 -0.0247318088 0.0057640690
v -0.0014169810 -0.0209897700 0.0007241226
v 0.0006389870 -0.0210937800 0.0027620806
v 0.0026959770 -0.0209957898 0.0047611005
v -0.0086149573 -0.0285457898 -0.0048828699
v -0.0034539690 -0.0206847695 -0.0013328774
v -0.0094540110 -0.0261268006 -0.0061728329
v -0.0054500098 -0.0201808198 -0.0033898334
v -0.0097979903 -0.0248507807 -0.0067558260
v -0.0100759799 -0.0235347697 -0.0072828513
v -0.0067279930 -0.0197457600 -0.0047268257
v -0.0102779800 -0.0221887814 -0.0077398393
v -0.0079739681 -0.0192297609 -0.0060498695
v -0.0103970096 -0.0208117912 -0.0081228598
v -0.0091849556 -0.0186337797 -0.0073528266
v -0.0104259802 -0.0193998205 -0.0084218368
v -0.0103549901 -0.0179618007 -0.0086298562
v -0.0038359759 -0.0368747710 0.0014110828
v 0.0048949709 -0.0365917601 0.0099231023
v 0.0048419829 -0.0362507694 0.0098060984
v 0.0061459541 -0.0354177907 0.0094540733
v 0.0060909390 -0.0354067602 0.0095111158
v 0.0061909552 -0.0357447781 0.0095620778
v 0.0061369529 -0.0357407883 0.0096200732
v 0.0062389369 -0.0360708192 0.0096710948
v 0.0061849351 -0.0360727899 0.0097320694
v 0.0062899580 -0.0363957800 0.0097841052
v 0.0062369700 -0.0364037707 0.0098471064
v -0.0036749830 -0.0377398096 0.0003781239
v -0.0036199680 -0.0377507806 0.0003211239
v -0.0036699770 -0.0377467796 0.0003841238
v -0.0001460130 0.0056411628 0.0116661094
v 0.0005059870 0.0055761336 0.0106500895
v 0.0011589520 0.0055231461 0.0116661094
v 0.0011589520 0.0055231461 0.0116661094
v 0.0005059870 0.0055761336 0.0106500895
v 0.0017789600 0.0053101777 0.0106500895
v 0.0024019470 0.0051081781 0.0116661094
v 0.0029559729 0.0047571658 0.0106500896
v 0.0035159581 0.0044161677 0.0116661095
v 0.0039729471 0.0039471387 0.0106500896
v 0.0044399491 0.0034871699 0.0116661095
v 0.0047769542 0.0029251579 0.0106500897
v 0.0051239720 0.0023701789 0.0116661096
v 0.0053229332 0.0017451648 0.0106500898
v 0.0055329790 0.0011241439 0.0116661097
v 0.0055819741 0.0004711818 0.0106500899
v 0.0056429501 -0.0001818181 0.0116661098
v 0.0055399528 -0.0008288182 0.0106500900
v 0.0054499502 -0.0014777761 0.0116661099
v 0.0051999679 -0.0020837771 0.0106500901
v 0.0049619670 -0.0026937712 0.0116661100
v 0.0045799608 -0.0032258021 0.0106500902
v 0.0042079678 -0.0037657600 0.0116661101
v 0.0037129519 -0.0041947953 0.0106500903
v 0.0032259820 -0.0046337829 0.0116661101
v 0.0026449561 -0.0049377662 0.0106500903
v 0.0020709629 -0.0052527772 0.0116661102
v 0.0014359350 -0.0054137694 0.0106500904
v 0.0008039870 -0.0055878149 0.0116661102
v 0.0001489870 -0.0055987822 0.0106500904
v -0.0005060130 -0.0056217891 0.0116661102
v -0.0011459580 -0.0054817783 0.0106500904
v -0.0017889730 -0.0053538071 0.0116661102
v -0.0023790000 -0.0050687773 0.0106500903
v -0.0029749870 -0.0047957879 0.0116661101
v -0.0034840100 -0.0043838011 0.0106500903
v -0.0040009608 -0.0039808141 0.0116661101
v -0.0044009681 -0.0034617771 0.0106500902
v -0.0048109880 -0.0029497732 0.0116661100
v -0.0050799842 -0.0023527731 0.0106500901
v -0.0053609600 -0.0017607791 0.0116661099
v -0.0054860110 -0.0011168112 0.0106500900
v -0.0056219688 -0.0004768181 0.0116661098
v -0.0055949679 0.0001781818 0.0106500899
v -0.0055800080 0.0008331819 0.0116661097
v -0.0054029818 0.0014641288 0.0106500898
v -0.0052369828 0.0020981440 0.0116661096
v -0.0049189921 0.0026711229 0.0106500897
v -0.0046119681 0.0032501819 0.0116661095
v -0.0041700001 0.0037341717 0.0106500897
v -0.0037379861 0.0042261490 0.0116661095
v -0.0031969540 0.0045961736 0.0106500896
v -0.0026620030 0.0049751410 0.0116661094
v -0.0020499821 0.0052091478 0.0106500895
v -0.0014429680 0.0054551367 0.0116661094
v -0.0007930130 0.0055421599 0.0106500895
v -0.0013879529 -0.0183477897 0.0106500913
v -0.0037710071 -0.0180097792 0.0106500913
v -0.0011459580 -0.0054817783 0.0106500904
v -0.0060899849 -0.0173627689 0.0106500913
v -0.0023790000 -0.0050687773 0.0106500903
v -0.0083039990 -0.0164197601 0.0106500912
v -0.0103759700 -0.0151947691 0.0106500911
v -0.0086809993 -0.0044767844 0.0106500903
v -0.0122699700 -0.0137107895 0.0106500910
v -0.0093709817 -0.0044887654 0.0106500903
v -0.0139549896 -0.0119907792 0.0106500908
v -0.0153999897 -0.0100667990 0.0106500907
v -0.0099979630 -0.0042008154 0.0106500903
v -0.0165820103 -0.0079708082 0.0106500905
v -0.0104370099 -0.0036697971 0.0106500902
v -0.0174809601 -0.0057377803 0.0106500904
v -0.0106030097 -0.0029997813 0.0106500902
v -0.0180799905 -0.0034067623 0.0106500902
v -0.0104609700 -0.0023247582 0.0106500901
v -0.0183699708 -0.0010167942 0.0106500900
v -0.0183449909 0.0013891458 0.0106500898
v -0.0100409901 -0.0017777672 0.0106500901
v -0.0180069804 0.0037721399 0.0106500897
v -0.0173599701 0.0060911778 0.0106500895
v -0.0164169595 0.0083051332 0.0106500893
v -0.0049189921 0.0026711229 0.0106500897
v -0.0094249845 -0.0014677632 0.0106500901
v -0.0151919704 0.0103771611 0.0106500892
v -0.0041700001 0.0037341717 0.0106500897
v -0.0137079898 0.0122711611 0.0106500890
v -0.0119879805 0.0139561210 0.0106500889
v -0.0031969540 0.0045961736 0.0106500896
v -0.0100640003 0.0154011807 0.0106500888
v -0.0079680076 0.0165831399 0.0106500887
v -0.0020499821 0.0052091478 0.0106500895
v -0.0057349801 0.0174821605 0.0106500886
v -0.0007930130 0.0055421599 0.0106500895
v -0.0034039610 0.0180811201 0.0106500886
v -0.0010139940 0.0183711600 0.0106500886
v 0.0005059870 0.0055761336 0.0106500895
v 0.0013919470 0.0183461317 0.0106500886
v 0.0037749400 0.0180081715 0.0106500886
v 0.0017789600 0.0053101777 0.0106500895
v 0.0060939780 0.0173611612 0.0106500886
v 0.0083079329 0.0164181505 0.0106500887
v 0.0029559729 0.0047571658 0.0106500896
v 0.0103799701 0.0151931605 0.0106500888
v 0.0086849332 0.0044751767 0.0106500896
v 0.0122739598 0.0137091213 0.0106500889
v 0.0093749762 0.0044871567 0.0106500896
v 0.0139589896 0.0119891706 0.0106500890
v 0.0154039804 0.0100651308 0.0106500892
v 0.0100019500 0.0041991480 0.0106500896
v 0.0165859405 0.0079691418 0.0106500893
v 0.0104409400 0.0036681298 0.0106500897
v 0.0174849592 0.0057361730 0.0106500895
v 0.0106069399 0.0029981738 0.0106500897
v 0.0180839803 0.0034051539 0.0106500897
v 0.0104649598 0.0023231507 0.0106500898
v 0.0183739606 0.0010151268 0.0106500899
v 0.0183489900 -0.0013908132 0.0106500900
v 0.0100449901 0.0017761588 0.0106500898
v 0.0180109702 -0.0037738072 0.0106500902
v 0.0173639599 -0.0060927851 0.0106500904
v 0.0164209604 -0.0083068005 0.0106500906
v 0.0051999679 -0.0020837771 0.0106500901
v 0.0094289770 0.0014661559 0.0106500898
v 0.0045799608 -0.0032258021 0.0106500902
v 0.0151959602 -0.0103787688 0.0106500907
v 0.0137119796 -0.0122727688 0.0106500909
v 0.0037129519 -0.0041947953 0.0106500903
v 0.0119919702 -0.0139577893 0.0106500910
v 0.0100679304 -0.0154027894 0.0106500911
v 0.0026449561 -0.0049377662 0.0106500903
v 0.0079719424 -0.0165848091 0.0106500912
v 0.0057389732 -0.0174837700 0.0106500913
v 0.0014359350 -0.0054137694 0.0106500904
v 0.0034079549 -0.0180827893 0.0106500913
v 0.0001489870 -0.0055987822 0.0106500904
v 0.0010179870 -0.0183727696 0.0106500913
v -0.0054029818 0.0014641288 0.0106500898
v -0.0087350011 -0.0014547692 0.0106500901
v -0.0055949679 0.0001781818 0.0106500899
v -0.0081079602 -0.0017427792 0.0106500901
v -0.0054860110 -0.0011168112 0.0106500900
v -0.0076689720 -0.0022748102 0.0106500901
v -0.0050799842 -0.0023527731 0.0106500901
v -0.0075029731 -0.0029447662 0.0106500902
v -0.0076450100 -0.0036197893 0.0106500902
v -0.0044009681 -0.0034617771 0.0106500902
v -0.0080649853 -0.0041667802 0.0106500903
v -0.0034840100 -0.0043838011 0.0106500903
v 0.0080689779 0.0041651729 0.0106500896
v 0.0039729471 0.0039471387 0.0106500896
v 0.0076489439 0.0036181809 0.0106500897
v 0.0047769542 0.0029251579 0.0106500897
v 0.0075069661 0.0029431587 0.0106500897
v 0.0053229332 0.0017451648 0.0106500898
v 0.0076729651 0.0022731429 0.0106500898
v 0.0055819741 0.0004711818 0.0106500899
v 0.0081119528 0.0017411708 0.0106500898
v 0.0055399528 -0.0008288182 0.0106500900
v 0.0087389341 0.0014531618 0.0106500898
v 0.0062849522 0.0189891410 0.0116661084
v 0.0038559430 0.0196271510 0.0116661083
v 0.0011589520 0.0055231461 0.0116661094
v 0.0013649460 0.0199551517 0.0116661083
v -0.0001460130 0.0056411628 0.0116661094
v -0.0011459580 0.0199691606 0.0116661083
v -0.0036399961 0.0196671402 0.0116661083
v -0.0014429680 0.0054551367 0.0116661094
v -0.0060769911 0.0190561404 0.0116661083
v -0.0084170103 0.0181431705 0.0116661084
v -0.0026620030 0.0049751410 0.0116661094
v -0.0106250001 0.0169451804 0.0116661085
v -0.0037379861 0.0042261490 0.0116661095
v -0.0126649700 0.0154801607 0.0116661086
v -0.0145049598 0.0137701611 0.0116661087
v -0.0046119681 0.0032501819 0.0116661095
v -0.0161169693 0.0118431411 0.0116661089
v -0.0174739901 0.0097301611 0.0116661091
v -0.0052369828 0.0020981440 0.0116661096
v -0.0185559895 0.0074621438 0.0116661092
v -0.0093889832 -0.0014137611 0.0116661099
v -0.0099939704 -0.0016847831 0.0116661099
v -0.0193449799 0.0050781369 0.0116661094
v -0.0198289696 0.0026131279 0.0116661096
v -0.0104359901 -0.0021787871 0.0116661099
v -0.0199999809 0.0001071819 0.0116661098
v -0.0198559705 -0.0024008141 0.0116661100
v -0.0106390100 -0.0028097611 0.0116661100
v -0.0193989798 -0.0048707710 0.0116661102
v -0.0105679603 -0.0034688102 0.0116661100
v -0.0186349694 -0.0072637783 0.0116661103
v -0.0102350097 -0.0040428029 0.0116661101
v -0.0175780002 -0.0095427624 0.0116661105
v -0.0162429791 -0.0116707590 0.0116661107
v -0.0096969604 -0.0044307691 0.0116661101
v -0.0146529600 -0.0136147691 0.0116661108
v -0.0090479851 -0.0045667873 0.0116661101
v -0.0128309699 -0.0153437788 0.0116661109
v -0.0108069703 -0.0168318088 0.0116661111
v -0.0083999634 -0.0044267760 0.0116661101
v -0.0086119771 -0.0180537692 0.0116661111
v -0.0029749870 -0.0047957879 0.0116661101
v -0.0017889730 -0.0053538071 0.0116661102
v -0.0062809582 -0.0189908082 0.0116661112
v -0.0038520091 -0.0196288182 0.0116661113
v -0.0005060130 -0.0056217891 0.0116661102
v -0.0013610120 -0.0199567592 0.0116661113
v 0.0011499519 -0.0199707700 0.0116661113
v 0.0008039870 -0.0055878149 0.0116661102
v 0.0036439290 -0.0196688092 0.0116661113
v 0.0060809851 -0.0190578094 0.0116661112
v 0.0020709629 -0.0052527772 0.0116661102
v 0.0084209442 -0.0181447799 0.0116661112
v 0.0032259820 -0.0046337829 0.0116661101
v 0.0106289303 -0.0169467899 0.0116661111
v 0.0126689598 -0.0154817692 0.0116661110
v 0.0042079678 -0.0037657600 0.0116661101
v 0.0145089598 -0.0137717687 0.0116661108
v 0.0161209702 -0.0118448092 0.0116661107
v 0.0049619670 -0.0026937712 0.0116661100
v 0.0174779799 -0.0097317677 0.0116661105
v 0.0185599905 -0.0074638110 0.0116661103
v 0.0097099543 0.0015161639 0.0116661097
v 0.0193489697 -0.0050798040 0.0116661102
v 0.0102449600 0.0019071699 0.0116661096
v 0.0198329594 -0.0026147950 0.0116661100
v 0.0200039707 -0.0001088181 0.0116661098
v 0.0105749303 0.0024821758 0.0116661096
v 0.0198599603 0.0023991470 0.0116661096
v 0.0106419902 0.0031421789 0.0116661095
v 0.0194029808 0.0048691639 0.0116661094
v 0.0186389592 0.0072621707 0.0116661092
v 0.0104349796 0.0037711269 0.0116661095
v 0.0175819304 0.0095411539 0.0116661091
v 0.0099899760 0.0042631630 0.0116661095
v 0.0162469707 0.0116691505 0.0116661089
v 0.0093839765 0.0045311460 0.0116661094
v 0.0146569600 0.0136131606 0.0116661088
v 0.0128349597 0.0153421713 0.0116661086
v 0.0087209344 0.0045291790 0.0116661094
v 0.0108109703 0.0168301416 0.0116661085
v 0.0086159697 0.0180521616 0.0116661084
v 0.0024019470 0.0051081781 0.0116661094
v 0.0081159472 0.0042571430 0.0116661095
v 0.0035159581 0.0044161677 0.0116661095
v 0.0076739779 0.0037631399 0.0116661095
v 0.0044399491 0.0034871699 0.0116661095
v 0.0074709649 0.0031321649 0.0116661095
v 0.0051239720 0.0023701789 0.0116661096
v 0.0075419541 0.0024731759 0.0116661096
v 0.0055329790 0.0011241439 0.0116661097
v 0.0078749647 0.0019001369 0.0116661096
v 0.0056429501 -0.0001818181 0.0116661098
v 0.0084129572 0.0015121699 0.0116661097
v 0.0054499502 -0.0014777761 0.0116661099
v 0.0090619316 0.0013761529 0.0116661097
v -0.0078650108 -0.0040357691 0.0116661101
v -0.0040009608 -0.0039808141 0.0116661101
v -0.0075349798 -0.0034607631 0.0116661100
v -0.0048109880 -0.0029497732 0.0116661100
v -0.0074679852 -0.0028007611 0.0116661100
v -0.0053609600 -0.0017607791 0.0116661099
v -0.0076749921 -0.0021708000 0.0116661099
v -0.0056219688 -0.0004768181 0.0116661098
v -0.0081200004 -0.0016797771 0.0116661099
v -0.0055800080 0.0008331819 0.0116661097
v -0.0087259999 -0.0014117942 0.0116661099
v 0.0099899760 0.0042631630 0.0116661095
v 0.0093839765 0.0045311460 0.0116661094
v 0.0093749762 0.0044871567 0.0106500896
v 0.0087209344 0.0045291790 0.0116661094
v 0.0086849332 0.0044751767 0.0106500896
v 0.0081159472 0.0042571430 0.0116661095
v 0.0080689779 0.0041651729 0.0106500896
v 0.0076739779 0.0037631399 0.0116661095
v 0.0076489439 0.0036181809 0.0106500897
v 0.0074709649 0.0031321649 0.0116661095
v 0.0075069661 0.0029431587 0.0106500897
v 0.0075419541 0.0024731759 0.0116661096
v 0.0076729651 0.0022731429 0.0106500898
v 0.0078749647 0.0019001369 0.0116661096
v 0.0081119528 0.0017411708 0.0106500898
v 0.0084129572 0.0015121699 0.0116661097
v 0.0087389341 0.0014531618 0.0106500898
v 0.0087389341 0.0014531618 0.0106500898
v 0.0084129572 0.0015121699 0.0116661097
v 0.0090619316 0.0013761529 0.0116661097
v 0.0094289770 0.0014661559 0.0106500898
v 0.0097099543 0.0015161639 0.0116661097
v 0.0100449901 0.0017761588 0.0106500898
v 0.0102449600 0.0019071699 0.0116661096
v 0.0104649598 0.0023231507 0.0106500898
v 0.0105749303 0.0024821758 0.0116661096
v 0.0106069399 0.0029981738 0.0106500897
v 0.0106419902 0.0031421789 0.0116661095
v 0.0104409400 0.0036681298 0.0106500897
v 0.0104349796 0.0037711269 0.0116661095
v 0.0100019500 0.0041991480 0.0106500896
v -0.0081200004 -0.0016797771 0.0116661099
v -0.0087259999 -0.0014117942 0.0116661099
v -0.0087350011 -0.0014547692 0.0106500901
v -0.0093889832 -0.0014137611 0.0116661099
v -0.0094249845 -0.0014677632 0.0106500901
v -0.0099939704 -0.0016847831 0.0116661099
v -0.0100409901 -0.0017777672 0.0106500901
v -0.0104359901 -0.0021787871 0.0116661099
v -0.0104609700 -0.0023247582 0.0106500901
v -0.0106390100 -0.0028097611 0.0116661100
v -0.0106030097 -0.0029997813 0.0106500902
v -0.0105679603 -0.0034688102 0.0116661100
v -0.0104370099 -0.0036697971 0.0106500902
v -0.0102350097 -0.0040428029 0.0116661101
v -0.0099979630 -0.0042008154 0.0106500903
v -0.0096969604 -0.0044307691 0.0116661101
v -0.0093709817 -0.0044887654 0.0106500903
v -0.0093709817 -0.0044887654 0.0106500903
v -0.0096969604 -0.0044307691 0.0116661101
v -0.0090479851 -0.0045667873 0.0116661101
v -0.0086809993 -0.0044767844 0.0106500903
v -0.0083999634 -0.0044267760 0.0116661101
v -0.0080649853 -0.0041667802 0.0106500903
v -0.0078650108 -0.0040357691 0.0116661101
v -0.0076450100 -0.0036197893 0.0106500902
v -0.0075349798 -0.0034607631 0.0116661100
v -0.0075029731 -0.0029447662 0.0106500902
v -0.0074679852 -0.0028007611 0.0116661100
v -0.0076689720 -0.0022748102 0.0106500901
v -0.0076749921 -0.0021708000 0.0116661099
v -0.0081079602 -0.0017427792 0.0106500901
v 0.0189919397 -0.0062837615 -0.0183498203
v 0.0183729492 -0.0044687996 -0.0183498204
v 0.0196299497 -0.0038548123 -0.0183498205
v 0.0187929794 -0.0020827665 -0.0183498206
v 0.0199579503 -0.0013638143 -0.0183498206
v 0.0189049803 0.0003371796 -0.0183498208
v 0.0199719593 0.0011471486 -0.0183498208
v 0.0187069699 0.0027511695 -0.0183498210
v 0.0196699500 0.0036411267 -0.0183498210
v 0.0182009898 0.0051211696 -0.0183498211
v 0.0190589391 0.0060781227 -0.0183498212
v 0.0173969809 0.0074061738 -0.0183498213
v 0.0181459691 0.0084181405 -0.0183498214
v 0.0163069293 0.0095691667 -0.0183498215
v 0.0169479791 0.0106261284 -0.0183498216
v 0.0149489604 0.0115761687 -0.0183498216
v 0.0154829603 0.0126661589 -0.0183498217
v 0.0133459503 0.0133921490 -0.0183498218
v 0.0137729598 0.0145061589 -0.0183498218
v 0.0115239602 0.0149891288 -0.0183498219
v 0.0118459398 0.0161181581 -0.0183498220
v 0.0095119467 0.0163391777 -0.0183498220
v 0.0097329607 0.0174751193 -0.0183498221
v 0.0073449612 0.0174211790 -0.0183498221
v 0.0074649449 0.0185571280 -0.0183498221
v 0.0050569768 0.0182171394 -0.0183498221
v 0.0050809379 0.0193461687 -0.0183498222
v 0.0026859641 0.0187141192 -0.0183498222
v 0.0026159280 0.0198301585 -0.0183498222
v 0.0002699870 0.0189031293 -0.0183498222
v 0.0001099870 0.0200011679 -0.0183498223
v -0.0021489849 0.0187821281 -0.0183498222
v -0.0023979540 0.0198571594 -0.0183498222
v -0.0045340061 0.0183531591 -0.0183498221
v -0.0048679700 0.0194001687 -0.0183498222
v -0.0068429699 0.0176221677 -0.0183498221
v -0.0072609782 0.0186361582 -0.0183498222
v -0.0095399609 0.0175791294 -0.0183498221
v -0.0090410113 0.0166021478 -0.0183498220
v -0.0116679603 0.0162441679 -0.0183498220
v -0.0110899797 0.0153101585 -0.0183498219
v -0.0136119695 0.0146541488 -0.0183498219
v -0.0129569704 0.0137661588 -0.0183498218
v -0.0153409801 0.0128321587 -0.0183498217
v -0.0146110002 0.0119951288 -0.0183498217
v -0.0168290101 0.0108081582 -0.0183498216
v -0.0160249993 0.0100281783 -0.0183498215
v -0.0180509593 0.0086131678 -0.0183498214
v -0.0171759706 0.0078961239 -0.0183498213
v -0.0189880095 0.0062821484 -0.0183498212
v -0.0180450007 0.0056351405 -0.0183498212
v -0.0196259599 0.0038531406 -0.0183498210
v -0.0186169706 0.0032811747 -0.0183498210
v -0.0199539606 0.0013621426 -0.0183498209
v -0.0188839994 0.0008731796 -0.0183498208
v -0.0199679695 -0.0011487614 -0.0183498207
v -0.0188409593 -0.0015487684 -0.0183498206
v -0.0196660105 -0.0036427984 -0.0183498205
v -0.0184879806 -0.0039457683 -0.0183498205
v -0.0190549996 -0.0060797934 -0.0183498203
v -0.0178319793 -0.0062778005 -0.0183498203
v -0.0181419794 -0.0084198122 -0.0183498201
v -0.0168830100 -0.0085067754 -0.0183498201
v -0.0169439893 -0.0106278011 -0.0183498199
v -0.0156559907 -0.0105957915 -0.0183498199
v -0.0154789602 -0.0126677710 -0.0183498198
v -0.0141729703 -0.0125117809 -0.0183498198
v -0.0137689700 -0.0145077710 -0.0183498197
v -0.0124570103 -0.0142217814 -0.0183498197
v -0.0118420096 -0.0161197721 -0.0183498195
v -0.0105360104 -0.0156977712 -0.0183498196
v -0.0097289681 -0.0174767910 -0.0183498194
v -0.0084419837 -0.0169168110 -0.0183498195
v -0.0074610109 -0.0185588016 -0.0183498193
v -0.0062099691 -0.0178577821 -0.0183498194
v -0.0050770040 -0.0193477808 -0.0183498193
v -0.0038749571 -0.0185047905 -0.0183498194
v -0.0026119940 -0.0198317706 -0.0183498193
v -0.0014770030 -0.0188487708 -0.0183498193
v -0.0001060130 -0.0200027819 -0.0183498192
v 0.0009449870 -0.0188838220 -0.0183498193
v 0.0024019470 -0.0198587715 -0.0183498192
v 0.0033519859 -0.0186077910 -0.0183498193
v 0.0048719640 -0.0194017808 -0.0183498193
v 0.0057039852 -0.0180267612 -0.0183498194
v 0.0072649708 -0.0186377722 -0.0183498193
v 0.0079629421 -0.0171498018 -0.0183498195
v 0.0095439553 -0.0175808011 -0.0183498194
v 0.0100899301 -0.0159907914 -0.0183498195
v 0.0116719604 -0.0162457819 -0.0183498195
v 0.0120519297 -0.0145698110 -0.0183498196
v 0.0136159603 -0.0146557609 -0.0183498196
v 0.0138159301 -0.0129088112 -0.0183498198
v 0.0153449699 -0.0128337717 -0.0183498198
v 0.0153529597 -0.0110368119 -0.0183498199
v 0.0168329403 -0.0108097712 -0.0183498199
v 0.0166379791 -0.0089827780 -0.0183498201
v 0.0180549603 -0.0086147790 -0.0183498201
v 0.0176499393 -0.0067818174 -0.0183498202
v -0.0036199680 -0.0377507806 0.0003211239
v -0.0036749830 -0.0377398096 0.0003781239
v -0.0050629969 -0.0357947909 -0.0014718743
v -0.0051189661 -0.0357818009 -0.0014168593
v -0.0063769808 -0.0336738194 -0.0031698314
v -0.0064349771 -0.0336598086 -0.0031168435
v -0.0075609679 -0.0314037692 -0.0047688456
v -0.0076189628 -0.0313867893 -0.0047168708
v -0.0085969558 -0.0290027806 -0.0062488286
v -0.0086559653 -0.0289837704 -0.0061968538
v -0.0094580054 -0.0264508097 -0.0075848669
v -0.0095159998 -0.0264288100 -0.0075328330
v -0.0098040104 -0.0251027911 -0.0081848483
v -0.0098629594 -0.0250787704 -0.0081328721
v -0.0100789601 -0.0237168006 -0.0087218267
v -0.0101369601 -0.0236917703 -0.0086698514
v -0.0102729704 -0.0223007712 -0.0091848357
v -0.0103309704 -0.0222737703 -0.0091328604
v -0.0103790099 -0.0208498209 -0.0095678543
v -0.0104359901 -0.0208207916 -0.0095158194
v -0.0103889704 -0.0193628006 -0.0098638520
v -0.0104439799 -0.0193318099 -0.0098108625
v -0.0102970004 -0.0178548012 -0.0100638182
v -0.0103499796 -0.0178228010 -0.0100098183
v 0.0040889378 -0.0206047796 0.0045810944
v 0.0040339818 -0.0206177790 0.0046440965
v 0.0043669338 -0.0243767999 0.0055820960
v 0.0043129320 -0.0243847887 0.0056440849
v 0.0047999620 -0.0280938088 0.0067231071
v 0.0047469730 -0.0280957794 0.0067830703
v 0.0053879609 -0.0317428106 0.0080021048
v 0.0053329458 -0.0317378001 0.0080611124
v 0.0061269398 -0.0353147902 0.0094161060
v 0.0060719838 -0.0353037708 0.0094730881
v -0.0089200130 -0.0165107817 -0.0103298385
v -0.0093969703 -0.0162547816 -0.0108468492
v -0.0090669980 -0.0163547908 -0.0105038189
v -0.0092129698 -0.0161957712 -0.0106778691
v -0.0093569746 -0.0160328102 -0.0108508390
v -0.0093969703 -0.0162547816 -0.0108468492
v -0.0099329939 -0.0159198016 -0.0102628392
v -0.0093569746 -0.0160328102 -0.0108508390
v -0.0093569746 -0.0160328102 -0.0108508390
v -0.0099329939 -0.0159198016 -0.0102628392
v -0.0092129698 -0.0161957712 -0.0106778691
v -0.0090669980 -0.0163547908 -0.0105038189
v -0.0089200130 -0.0165107817 -0.0103298385
v 0.0032749770 -0.0182117798 0.0047920956
v 0.0034429431 -0.0181837600 0.0046060695
v 0.0032689569 -0.0180237793 0.0047510871
v 0.0036099551 -0.0181547903 0.0044190893
v 0.0037779801 -0.0181237996 0.0042330632
v 0.0032689569 -0.0180237793 0.0047510871
v 0.0037779801 -0.0181237996 0.0042330632
v 0.0030969379 -0.0181208194 0.0046011214
v 0.0029239650 -0.0182148196 0.0044490704
v 0.0027509329 -0.0183067896 0.0042970786
v 0.0032689569 -0.0180237793 0.0047510871
v 0.0030969379 -0.0181208194 0.0046011214
v 0.0032749770 -0.0182117798 0.0047920956
v 0.0029239650 -0.0182148196 0.0044490704
v 0.0027509329 -0.0183067896 0.0042970786
v 0.0057579870 -0.0376638093 0.0091810851
v 0.0057039852 -0.0376718000 0.0092440872
v 0.0035289519 -0.0379367987 0.0071011210
v 0.0034759641 -0.0379418092 0.0071631098
v 0.0012879370 -0.0380787808 0.0049830699
v 0.0012349481 -0.0380808111 0.0050460720
v -0.0009580130 -0.0380887909 0.0028371239
v -0.0010100000 -0.0380877813 0.0029000659
v -0.0031999941 -0.0379657708 0.0006691239
v -0.0032509561 -0.0379617810 0.0007321239
v 0.0040339818 -0.0206177790 0.0046440965
v 0.0040889378 -0.0206047796 0.0045810944
v 0.0040219421 -0.0202487704 0.0046510707
v 0.0040489431 -0.0202277802 0.0046240693
v 0.0040989509 -0.0198848188 0.0047920957
v 0.0041249390 -0.0198787987 0.0047611004
v 0.0043049450 -0.0196148097 0.0049710875
v 0.0042879581 -0.0196117699 0.0050120955
v 0.0045589800 -0.0194767691 0.0052210694
v 0.0045079580 -0.0194888092 0.0052831183
v 0.0042519560 -0.0196267903 0.0050330764
v 0.0040719500 -0.0198907793 0.0048230897
v 0.0039949408 -0.0202397701 0.0046861187
v 0.0037629600 -0.0207737587 0.0048900854
v 0.0040339818 -0.0206177790 0.0046440965
v 0.0038439629 -0.0203278005 0.0048170696
v 0.0039949408 -0.0202397701 0.0046861187
v 0.0038899770 -0.0199477594 0.0049800883
v 0.0040719500 -0.0198907793 0.0048230897
v 0.0039549461 -0.0197907589 0.0051050797
v 0.0042519560 -0.0196267903 0.0050330764
v 0.0040409560 -0.0196688097 0.0052480703
v 0.0041419859 -0.0195887588 0.0053980957
v 0.0035649531 -0.0197037994 0.0056990996
v 0.0039499402 -0.0196097992 0.0057451134
v 0.0032599559 -0.0197358090 0.0059500943
v 0.0045079580 -0.0194888092 0.0052831183
v 0.0029279580 -0.0198087595 0.0057411204
v 0.0028959510 -0.0197927891 0.0059360877
v 0.0025449391 -0.0198407690 0.0058420907
v 0.0024699559 -0.0198708098 0.0055910955
v 0.0019369720 -0.0199097894 0.0054401165
v 0.0022299280 -0.0199747603 0.0051420933
v 0.0024839630 -0.0202118099 0.0049020654
v 0.0026649830 -0.0200337689 0.0052360907
v 0.0025669329 -0.0199267804 0.0054091226
v 0.0029659860 -0.0198717691 0.0055391203
v 0.0035239451 -0.0197758000 0.0055080667
v 0.0027559390 -0.0201887987 0.0050880915
v 0.0026499620 -0.0205758192 0.0047671205
v 0.0028869500 -0.0205907799 0.0049200665
v 0.0026959770 -0.0209957898 0.0047611005
v 0.0030289290 -0.0209888197 0.0049740688
v 0.0034129610 -0.0209097803 0.0050160896
v 0.0031439660 -0.0205557901 0.0050001155
v 0.0030569430 -0.0201457698 0.0051841146
v 0.0030099740 -0.0199847795 0.0053470746
v 0.0034939640 -0.0198957897 0.0053250795
v 0.0035009379 -0.0204607803 0.0049821145
v 0.0034799571 -0.0200588103 0.0051680814
v 0.0042429562 -0.0196378192 0.0027250655
v 0.0044849510 -0.0194947699 0.0024321085
v 0.0046109548 -0.0194767693 0.0028070815
v 0.0049039721 -0.0193937996 0.0030630835
v 0.0048039551 -0.0194308103 0.0031980884
v 0.0050529828 -0.0193548200 0.0038090954
v 0.0048979521 -0.0194077992 0.0036311155
v 0.0048889508 -0.0194107794 0.0040760646
v 0.0047589540 -0.0194837988 0.0036491166
v 0.0047459598 -0.0194907688 0.0040550833
v 0.0045209518 -0.0197077894 0.0036820775
v 0.0045019379 -0.0197308005 0.0040171157
v 0.0043719411 -0.0199998000 0.0037071115
v 0.0043579331 -0.0200418194 0.0039891015
v 0.0043369532 -0.0203337592 0.0038540965
v 0.0042809839 -0.0201067903 0.0042580977
v 0.0042699571 -0.0204507705 0.0042440907
v 0.0040489431 -0.0202277802 0.0046240693
v 0.0040889378 -0.0206047796 0.0045810944
v 0.0049309731 -0.0193867605 0.0045610676
v 0.0047839279 -0.0194387991 0.0045050984
v 0.0046419501 -0.0195217688 0.0044450765
v 0.0044069290 -0.0197758001 0.0043351064
v 0.0045589800 -0.0194767691 0.0052210694
v 0.0043049450 -0.0196148097 0.0049710875
v 0.0041249390 -0.0198787987 0.0047611004
v 0.0042629829 -0.0202777905 0.0034530765
v 0.0043179388 -0.0199837589 0.0034310826
v 0.0044579501 -0.0197088101 0.0033531195
v 0.0046769381 -0.0194997692 0.0032520905
v 0.0041979551 -0.0199937799 0.0031830674
v 0.0040339818 -0.0202987695 0.0031110655
v 0.0040829768 -0.0199238004 0.0029661065
v 0.0043159719 -0.0197327693 0.0030561095
v 0.0045019379 -0.0195397695 0.0028930915
v 0.0026499620 -0.0205758192 0.0047671205
v 0.0014309280 -0.0206878089 0.0035740746
v 0.0026959770 -0.0209957898 0.0047611005
v 0.0000069871 -0.0207018199 0.0021740805
v 0.0006389870 -0.0210937800 0.0027620806
v -0.0014140001 -0.0206177793 0.0007581226
v -0.0014169810 -0.0209897700 0.0007241226
v -0.0026329751 -0.0204678104 -0.0004718775
v -0.0040329690 -0.0202037600 -0.0019018635
v -0.0041099782 -0.0198608005 -0.0017488575
v -0.0054199691 -0.0197197704 -0.0032828435
v -0.0055599799 -0.0193387794 -0.0030368545
v -0.0042839642 -0.0196067599 -0.0015218235
v -0.0058360090 -0.0191327894 -0.0027108765
v -0.0039309850 -0.0196127799 -0.0006548775
v -0.0029230111 -0.0198597908 -0.0000888774
v -0.0017380110 -0.0200017597 0.0011430985
v -0.0015259980 -0.0202558003 0.0009061225
v -0.0001240130 -0.0203307791 0.0023201116
v 0.0012789360 -0.0203077697 0.0037170655
v 0.0024839630 -0.0202118099 0.0049020654
v 0.0022299280 -0.0199747603 0.0051420933
v 0.0010269280 -0.0200588104 0.0039660946
v 0.0019369720 -0.0199097894 0.0054401165
v -0.0000260128 -0.0200027802 0.0034410964
v -0.0003560130 -0.0200778207 0.0025631195
v -0.0019879930 -0.0199037696 0.0014030945
v -0.0054500098 -0.0201808198 -0.0033898334
v -0.0034539690 -0.0206847695 -0.0013328774
v -0.0027279849 -0.0201138202 -0.0003218775
v 0.0043129320 -0.0243847887 0.0056440849
v 0.0040339818 -0.0206177790 0.0046440965
v 0.0039159651 -0.0231788098 0.0055211199
v 0.0037629600 -0.0207737587 0.0048900854
v 0.0034129610 -0.0209097803 0.0050160896
v 0.0035369389 -0.0231857798 0.0056110638
v 0.0030289290 -0.0209888197 0.0049740688
v 0.0031559460 -0.0232337690 0.0055481208
v 0.0026959770 -0.0209957898 0.0047611005
v 0.0029839871 -0.0247318088 0.0057640690
v 0.0034059279 -0.0258247792 0.0062931199
v 0.0034219620 -0.0284128091 0.0069031131
v 0.0036919711 -0.0281157991 0.0070140970
v 0.0040879841 -0.0306918000 0.0079001202
v 0.0040699830 -0.0280448100 0.0070700662
v 0.0044649830 -0.0306097803 0.0079510822
v 0.0044479370 -0.0280237696 0.0069760701
v 0.0048409700 -0.0305808087 0.0078541064
v 0.0047469730 -0.0280957794 0.0067830703
v 0.0053329458 -0.0317378001 0.0080611124
v 0.0053089848 -0.0331007794 0.0087990786
v 0.0060719838 -0.0353037708 0.0094730881
v 0.0056499830 -0.0352907695 0.0097351101
v 0.0049339528 -0.0331377902 0.0088990942
v 0.0051639671 -0.0353868000 0.0097740906
v 0.0045589800 -0.0332317904 0.0088511125
v 0.0047439332 -0.0355657891 0.0095781105
v 0.0040089479 -0.0320267597 0.0081750775
v 0.0041639800 -0.0257498003 0.0062600990
v 0.0037859669 -0.0257648188 0.0063520680
v 0.0061269398 -0.0353147902 0.0094161060
v 0.0060719838 -0.0353037708 0.0094730881
v 0.0061349859 -0.0353487686 0.0094301131
v 0.0060789580 -0.0353377976 0.0094860819
v 0.0061409469 -0.0353827991 0.0094431069
v 0.0060849781 -0.0353717797 0.0094990757
v 0.0061459541 -0.0354177907 0.0094540733
v 0.0060909390 -0.0354067602 0.0095111158
v 0.0043049450 -0.0242857893 0.0041450867
v 0.0040339818 -0.0202987695 0.0031110655
v 0.0043799281 -0.0225718000 0.0039840949
v 0.0042629829 -0.0202777905 0.0034530765
v 0.0044649830 -0.0224687994 0.0043500679
v 0.0043369532 -0.0203337592 0.0038540965
v 0.0043919678 -0.0223767698 0.0047211068
v 0.0042699571 -0.0204507705 0.0042440907
v 0.0040889378 -0.0206047796 0.0045810944
v 0.0043669338 -0.0243767999 0.0055820960
v 0.0046299691 -0.0251107789 0.0054810657
v 0.0047039380 -0.0252118088 0.0051121130
v 0.0046199560 -0.0253267788 0.0047500739
v 0.0047449460 -0.0282137893 0.0053340809
v 0.0049419398 -0.0280507799 0.0055910961
v 0.0052939649 -0.0304177902 0.0063930764
v 0.0053749681 -0.0302798091 0.0067480821
v 0.0058499570 -0.0329217905 0.0077230955
v 0.0057729478 -0.0327978091 0.0080841208
v 0.0063719740 -0.0354328111 0.0090000647
v 0.0061269398 -0.0353147902 0.0094161060
v 0.0053879609 -0.0317428106 0.0080021048
v 0.0052999849 -0.0301638203 0.0071120872
v 0.0047999620 -0.0280938088 0.0067231071
v 0.0049499860 -0.0278137899 0.0063160670
v 0.0063729282 -0.0356237807 0.0085411099
v 0.0057709808 -0.0330727579 0.0073720833
v 0.0053549400 -0.0320677678 0.0066750665
v 0.0061319470 -0.0358377577 0.0081630963
v 0.0050249691 -0.0279227994 0.0059500949
v 0.0029209850 -0.0197887997 0.0008841225
v 0.0044849510 -0.0194947699 0.0024321085
v 0.0027809730 -0.0198597907 0.0011650924
v 0.0042429562 -0.0196378192 0.0027250655
v 0.0026089540 -0.0200427695 0.0013740665
v 0.0040829768 -0.0199238004 0.0029661065
v 0.0024969571 -0.0203047897 0.0015341055
v 0.0040339818 -0.0202987695 0.0031110655
v 0.0023949740 -0.0206077601 0.0015621195
v 0.0007369870 -0.0207857993 -0.0000308773
v 0.0009179870 -0.0204707906 0.0000111224
v 0.0010509490 -0.0202007797 -0.0001468775
v 0.0012439480 -0.0200188104 -0.0003598775
v 0.0013389580 -0.0199587904 -0.0007088775
v -0.0004220130 -0.0200567806 -0.0020408615
v -0.0002520130 -0.0200017599 -0.0023368575
v -0.0018410080 -0.0199177808 -0.0039878463
v -0.0021749730 -0.0200047999 -0.0036618685
v -0.0006380130 -0.0202357696 -0.0018228275
v -0.0024489760 -0.0203047900 -0.0034148675
v -0.0007950130 -0.0205147808 -0.0016668414
v -0.0025959611 -0.0207427705 -0.0033088304
v -0.0009310130 -0.0208308102 -0.0016578414
v -0.0067279930 -0.0197457600 -0.0047268257
v -0.0054500098 -0.0201808198 -0.0033898334
v -0.0066859722 -0.0194187708 -0.0046658497
v -0.0054199691 -0.0197197704 -0.0032828435
v -0.0067290058 -0.0190988112 -0.0045098643
v -0.0055599799 -0.0193387794 -0.0030368545
v -0.0068659778 -0.0188508000 -0.0042908764
v -0.0058360090 -0.0191327894 -0.0027108765
v -0.0070549841 -0.0187168106 -0.0040478688
v -0.0082449913 -0.0182238207 -0.0053708535
v -0.0080779791 -0.0183597807 -0.0056158286
v -0.0079579940 -0.0186038003 -0.0058318358
v -0.0079299798 -0.0189117701 -0.0059888344
v -0.0079739681 -0.0192297609 -0.0060498695
v -0.0091239801 -0.0183327706 -0.0072768317
v -0.0091849556 -0.0186337797 -0.0073528266
v -0.0103549901 -0.0179618007 -0.0086298562
v -0.0102699902 -0.0175758011 -0.0084908591
v -0.0091390014 -0.0180377910 -0.0071188198
v -0.0103269797 -0.0172387908 -0.0082498767
v -0.0092409840 -0.0177987801 -0.0069068657
v -0.0105170002 -0.0170148002 -0.0079518534
v -0.0094000101 -0.0176557810 -0.0066738707
v 0.0060909390 -0.0354067602 0.0095111158
v 0.0060849781 -0.0353717797 0.0094990757
v 0.0056659570 -0.0353807800 0.0097680705
v 0.0060789580 -0.0353377976 0.0094860819
v 0.0060719838 -0.0353037708 0.0094730881
v 0.0056499830 -0.0352907695 0.0097351101
v 0.0051729670 -0.0354387678 0.0097931045
v 0.0051639671 -0.0353868000 0.0097740906
v 0.0047439332 -0.0355657891 0.0095781105
v 0.0061319470 -0.0358377577 0.0081630963
v 0.0063729282 -0.0356237807 0.0085411099
v 0.0063829422 -0.0356758193 0.0085601238
v 0.0063879481 -0.0355218009 0.0090330857
v 0.0063719740 -0.0354328111 0.0090000647
v 0.0061459541 -0.0354177907 0.0094540733
v 0.0061269398 -0.0353147902 0.0094161060
v 0.0061349859 -0.0353487686 0.0094301131
v 0.0061409469 -0.0353827991 0.0094431069
v -0.0034160011 -0.0197088108 -0.0056498627
v -0.0018410080 -0.0199177808 -0.0039878463
v -0.0036379690 -0.0197377805 -0.0053668594
v -0.0021749730 -0.0200047999 -0.0036618685
v -0.0038989780 -0.0199058004 -0.0051378583
v -0.0024489760 -0.0203047900 -0.0034148675
v -0.0041019912 -0.0201947600 -0.0049858665
v -0.0025959611 -0.0207427705 -0.0033088304
v -0.0042470088 -0.0205237795 -0.0049708465
v -0.0058739781 -0.0201748000 -0.0066348294
v -0.0056779981 -0.0198488203 -0.0066048483
v -0.0054500098 -0.0195568209 -0.0067538595
v -0.0051679611 -0.0193977901 -0.0069878673
v -0.0067309728 -0.0189167808 -0.0086718774
v -0.0049699540 -0.0193757998 -0.0073138456
v -0.0064919591 -0.0189198206 -0.0089708543
v -0.0079729548 -0.0183448110 -0.0106108687
v -0.0082649579 -0.0183138203 -0.0103238789
v -0.0070340028 -0.0190668112 -0.0084318495
v -0.0085729947 -0.0184487708 -0.0100888587
v -0.0088419914 -0.0187258113 -0.0099498606
v -0.0072879791 -0.0193597606 -0.0082848644
v -0.0090219975 -0.0190948200 -0.0099318609
v -0.0074700108 -0.0196967709 -0.0082928514
v -0.0102970004 -0.0178548012 -0.0100638182
v -0.0103499796 -0.0178228010 -0.0100098183
v -0.0102759497 -0.0175867610 -0.0101428587
v -0.0102999797 -0.0174837716 -0.0101658689
v -0.0102909803 -0.0173457813 -0.0103038490
v -0.0103629800 -0.0171967715 -0.0104028486
v -0.0103719803 -0.0171508108 -0.0105018584
v -0.0105299903 -0.0170058001 -0.0106818589
v -0.0104789697 -0.0170378004 -0.0107358588
v -0.0103110000 -0.0172277604 -0.0104568588
v -0.0102469902 -0.0175148201 -0.0102208188
v -0.0103269797 -0.0172387908 -0.0082498767
v -0.0105170002 -0.0170148002 -0.0079518534
v -0.0106349504 -0.0169528114 -0.0083248593
v -0.0108889900 -0.0167787603 -0.0085758545
v -0.0108209802 -0.0168337810 -0.0087108599
v -0.0109189702 -0.0167697600 -0.0091418611
v -0.0107319904 -0.0169258106 -0.0087628352
v -0.0108259898 -0.0168617915 -0.0091588475
v -0.0105980001 -0.0171548098 -0.0088628518
v -0.0106819803 -0.0170868009 -0.0091908561
v -0.0105369603 -0.0174188006 -0.0089438535
v -0.0106049702 -0.0173428010 -0.0092178570
v -0.0105249798 -0.0177248108 -0.0089218594
v -0.0106049702 -0.0175898008 -0.0093008257
v -0.0106049702 -0.0173308205 -0.0095018731
v -0.0105929896 -0.0175858110 -0.0095068194
v -0.0105360104 -0.0173807710 -0.0097708689
v -0.0105419699 -0.0176298011 -0.0097028600
v -0.0104349796 -0.0174617700 -0.0099598743
v -0.0103499796 -0.0178228010 -0.0100098183
v -0.0102999797 -0.0174837716 -0.0101658689
v -0.0104779601 -0.0172197808 -0.0100878390
v -0.0103629800 -0.0171967715 -0.0104028486
v -0.0105869696 -0.0170158100 -0.0102408488
v -0.0106610004 -0.0169358205 -0.0103208391
v -0.0107290102 -0.0169237804 -0.0099618413
v -0.0108119799 -0.0168387804 -0.0100158384
v -0.0108259898 -0.0168607801 -0.0095698215
v -0.0109169995 -0.0167707808 -0.0095888354
v -0.0110309701 -0.0166857808 -0.0093188264
v -0.0110020004 -0.0167037815 -0.0096998193
v -0.0109059801 -0.0167667799 -0.0100638183
v -0.0107460003 -0.0168707900 -0.0103968285
v -0.0105299903 -0.0170058001 -0.0106818589
v -0.0104119703 -0.0175467699 -0.0087018586
v -0.0103549901 -0.0179618007 -0.0086298562
v -0.0102699902 -0.0175758011 -0.0084908591
v -0.0104439799 -0.0172737806 -0.0085728751
v -0.0105549600 -0.0170428107 -0.0084108697
v -0.0105999699 -0.0171357904 -0.0098578321
v -0.0106830001 -0.0170797713 -0.0095328666
v 0.0061369529 -0.0357407883 0.0096200732
v 0.0060909390 -0.0354067602 0.0095111158
v 0.0058679581 -0.0358827703 0.0098841217
v 0.0056659570 -0.0353807800 0.0097680705
v 0.0054909582 -0.0359057702 0.0099790719
v 0.0051729670 -0.0354387678 0.0097931045
v 0.0051129460 -0.0359797992 0.0099241155
v 0.0047909608 -0.0359088101 0.0096901077
v 0.0048419829 -0.0362507694 0.0098060984
v 0.0047439332 -0.0355657891 0.0095781105
v 0.0048949709 -0.0365917601 0.0099231023
v 0.0053219791 -0.0364497892 0.0101330829
v 0.0058129421 -0.0363807596 0.0101050725
v 0.0061849351 -0.0360727899 0.0097320694
v 0.0062369700 -0.0364037707 0.0098471064
v 0.0057039852 -0.0376718000 0.0092440872
v 0.0057579870 -0.0376638093 0.0091810851
v 0.0060179820 -0.0375378087 0.0094680805
v 0.0060589309 -0.0375217676 0.0094490666
v 0.0062449570 -0.0372238077 0.0096960692
v 0.0062709451 -0.0372198180 0.0096641211
v 0.0063539739 -0.0368177809 0.0097830919
v 0.0063279858 -0.0367997803 0.0098180799
v 0.0062899580 -0.0363957800 0.0097841052
v 0.0062369700 -0.0364037707 0.0098471064
v 0.0063009849 -0.0368257679 0.0098471064
v 0.0062189689 -0.0372277975 0.0097280769
v 0.0060059419 -0.0375297584 0.0095130830
v 0.0061779609 -0.0361747698 0.0082740811
v 0.0061319470 -0.0358377577 0.0081630963
v 0.0064059491 -0.0362247781 0.0086020845
v 0.0063829422 -0.0356758193 0.0085601238
v 0.0064869518 -0.0360928097 0.0089591163
v 0.0063879481 -0.0355218009 0.0090330857
v 0.0064129820 -0.0359808200 0.0093250898
v 0.0061909552 -0.0357447781 0.0095620778
v 0.0062389369 -0.0360708192 0.0096710948
v 0.0061459541 -0.0354177907 0.0094540733
v 0.0062899580 -0.0363957800 0.0097841052
v 0.0065319529 -0.0365037911 0.0093631167
v 0.0065279598 -0.0366687693 0.0088951019
v 0.0062789321 -0.0368447782 0.0085020689
v 0.0062269559 -0.0365107612 0.0083870906
v -0.0103110000 -0.0172277604 -0.0104568588
v -0.0104789697 -0.0170378004 -0.0107358588
v -0.0101519804 -0.0172467817 -0.0108448189
v -0.0099030128 -0.0173788005 -0.0111318786
v -0.0097909560 -0.0174558115 -0.0110158283
v -0.0094019771 -0.0176697903 -0.0110808588
v -0.0097739687 -0.0175088000 -0.0108678290
v -0.0094159842 -0.0177108002 -0.0109178383
v -0.0097829690 -0.0176827916 -0.0105898283
v -0.0094879856 -0.0178728112 -0.0106148688
v -0.0098519921 -0.0179237713 -0.0103788288
v -0.0096079698 -0.0181187902 -0.0103958189
v -0.0099899760 -0.0181627803 -0.0102548483
v -0.0096510053 -0.0184928112 -0.0102868588
v -0.0093680024 -0.0183107805 -0.0103448588
v -0.0091449609 -0.0184918016 -0.0102328588
v -0.0089259744 -0.0182247710 -0.0104278284
v -0.0088419914 -0.0187258113 -0.0099498606
v -0.0085729947 -0.0184487708 -0.0100888587
v -0.0082649579 -0.0183138203 -0.0103238789
v -0.0087149730 -0.0180817813 -0.0107308585
v -0.0086269965 -0.0180647903 -0.0108968583
v -0.0090559721 -0.0179048114 -0.0108698584
v -0.0090069771 -0.0178768010 -0.0110398490
v -0.0092290044 -0.0177457900 -0.0112408284
v -0.0085519552 -0.0180817814 -0.0110568391
v -0.0079729548 -0.0183448110 -0.0106108687
v -0.0090219975 -0.0190948200 -0.0099318609
v -0.0093159666 -0.0188108001 -0.0101748681
v -0.0100829601 -0.0177378010 -0.0102908589
v -0.0102970004 -0.0178548012 -0.0100638182
v -0.0102469902 -0.0175148201 -0.0102208188
v -0.0100629898 -0.0174977713 -0.0104798587
v -0.0101079904 -0.0173118104 -0.0107188789
v -0.0091959834 -0.0180568014 -0.0105588385
v -0.0104259802 -0.0193998205 -0.0084218368
v -0.0103549901 -0.0179618007 -0.0086298562
v -0.0106120100 -0.0187528103 -0.0088248239
v -0.0105249798 -0.0177248108 -0.0089218594
v -0.0106049702 -0.0175898008 -0.0093008257
v -0.0106979599 -0.0188047800 -0.0092008686
v -0.0105929896 -0.0175858110 -0.0095068194
v -0.0106250001 -0.0188627809 -0.0095798359
v -0.0105419699 -0.0176298011 -0.0097028600
v -0.0103499796 -0.0178228010 -0.0100098183
v -0.0104439799 -0.0193318099 -0.0098108625
v -0.0106480103 -0.0201138209 -0.0093608474
v -0.0107200099 -0.0200377709 -0.0089858755
v -0.0106340004 -0.0199617713 -0.0086138224
v -0.0103970096 -0.0208117912 -0.0081228598
v -0.0105889998 -0.0211467712 -0.0083418463
v -0.0102779800 -0.0221887814 -0.0077398393
v -0.0104820104 -0.0223067912 -0.0080128295
v -0.0100759799 -0.0235347697 -0.0072828513
v -0.0100979796 -0.0245558010 -0.0072028614
v -0.0097979903 -0.0248507807 -0.0067558260
v -0.0095250010 -0.0266978112 -0.0062278480
v -0.0094540110 -0.0261268006 -0.0061728329
v -0.0086149573 -0.0285457898 -0.0048828699
v -0.0088120103 -0.0287117906 -0.0051398246
v -0.0079889894 -0.0306247997 -0.0039638258
v -0.0080429912 -0.0308527912 -0.0042748428
v -0.0071179862 -0.0326967800 -0.0030118195
v -0.0070199962 -0.0328807796 -0.0033408376
v -0.0060009952 -0.0346428083 -0.0020018184
v -0.0064349771 -0.0336598086 -0.0031168435
v -0.0051189661 -0.0357818009 -0.0014168593
v -0.0104359901 -0.0208207916 -0.0095158194
v -0.0106019899 -0.0213378004 -0.0090798710
v -0.0106739895 -0.0212467915 -0.0087078198
v -0.0103309704 -0.0222737703 -0.0091328604
v -0.0104910098 -0.0225328214 -0.0087408406
v -0.0105649801 -0.0224277905 -0.0083728416
v -0.0101369601 -0.0236917703 -0.0086698514
v -0.0100969598 -0.0248448203 -0.0079088192
v -0.0101749804 -0.0247147611 -0.0075498200
v -0.0098629594 -0.0250787704 -0.0081328721
v -0.0095159998 -0.0264288100 -0.0075328330
v -0.0095109930 -0.0270348103 -0.0069108580
v -0.0086559653 -0.0289837704 -0.0061968538
v -0.0087850094 -0.0290858098 -0.0058038208
v -0.0079500070 -0.0310267810 -0.0046108337
v -0.0088729849 -0.0289217797 -0.0054608557
v -0.0076189628 -0.0313867893 -0.0047168708
v -0.0049799681 -0.0361887813 -0.0007018762
v -0.0036749830 -0.0377398096 0.0003781239
v -0.0039409990 -0.0375757813 0.0007641238
v -0.0050889840 -0.0359867811 -0.0003868763
v -0.0040019751 -0.0372558198 0.0011391068
v -0.0050579901 -0.0357177816 -0.0001068763
v -0.0038409820 -0.0368677898 0.0014041088
v -0.0052189822 -0.0350027606 -0.0003068764
v -0.0060659638 -0.0341928006 -0.0013888444
v -0.0064780111 -0.0329847896 -0.0019308296
v -0.0070709581 -0.0324547814 -0.0027108755
v -0.0076149702 -0.0308257903 -0.0034618347
v -0.0095939627 -0.0268858006 -0.0065608600
v -0.0061039920 -0.0344498084 -0.0016798344
v 0.0054049492 -0.0376188077 0.0095500965
v 0.0057039852 -0.0376718000 0.0092440872
v 0.0055609341 -0.0375537790 0.0097240825
v 0.0060059419 -0.0375297584 0.0095130830
v 0.0059759612 -0.0374427989 0.0097240825
v 0.0062189689 -0.0372277975 0.0097280769
v 0.0058009620 -0.0371377982 0.0100761028
v 0.0059759612 -0.0369627990 0.0100761028
v 0.0055609341 -0.0367227711 0.0102040730
v 0.0063009849 -0.0368257679 0.0098471064
v 0.0060409298 -0.0367227711 0.0100761028
v 0.0055609341 -0.0367227711 0.0102040730
v 0.0062369700 -0.0364037707 0.0098471064
v 0.0059759612 -0.0364828102 0.0100761028
v 0.0055609341 -0.0367227711 0.0102040730
v 0.0058129421 -0.0363807596 0.0101050725
v 0.0053219791 -0.0364497892 0.0101330829
v 0.0055609341 -0.0367227711 0.0102040730
v 0.0048949709 -0.0365917601 0.0099231023
v 0.0051449528 -0.0364828102 0.0100761028
v 0.0055609341 -0.0367227711 0.0102040730
v 0.0050809379 -0.0367227711 0.0100761028
v 0.0050809379 -0.0367227711 0.0100761028
v 0.0048949709 -0.0365917601 0.0099231023
v 0.0049549341 -0.0370187677 0.0099281101
v 0.0051449528 -0.0369627990 0.0100761028
v 0.0051369658 -0.0373858206 0.0097950716
v 0.0053209658 -0.0371377982 0.0100761028
v 0.0055609341 -0.0372027710 0.0100761028
v 0.0055609341 -0.0367227711 0.0102040730
v 0.0055609341 -0.0367227711 0.0102040730
v 0.0055609341 -0.0367227711 0.0102040730
v 0.0055609341 -0.0367227711 0.0102040730
v 0.0055609341 -0.0367227711 0.0102040730
v 0.0065279598 -0.0366687693 0.0088951019
v 0.0065309401 -0.0367367782 0.0089001078
v 0.0062789321 -0.0368447782 0.0085020689
v 0.0064229360 -0.0371457890 0.0089001078
v 0.0062089558 -0.0372378186 0.0086401124
v 0.0061439872 -0.0374637798 0.0089001079
v 0.0060229301 -0.0375288085 0.0088821082
v 0.0061579342 -0.0374838107 0.0093631167
v 0.0057579870 -0.0376638093 0.0091810851
v 0.0060589309 -0.0375217676 0.0094490666
v 0.0062709451 -0.0372198180 0.0096641211
v 0.0064449310 -0.0371577695 0.0093631167
v 0.0063539739 -0.0368177809 0.0097830919
v 0.0065559740 -0.0367377878 0.0093631167
v 0.0065319529 -0.0365037911 0.0093631167
v 0.0062899580 -0.0363957800 0.0097841052
v -0.0102970004 -0.0178548012 -0.0100638182
v -0.0099899760 -0.0181627803 -0.0102548483
v -0.0103889704 -0.0193628006 -0.0098638520
v -0.0101019703 -0.0197277617 -0.0100118484
v -0.0103790099 -0.0208498209 -0.0095678543
v -0.0100510102 -0.0215197809 -0.0096168493
v -0.0102729704 -0.0223007712 -0.0091848357
v -0.0098639717 -0.0232508115 -0.0090998394
v -0.0100789601 -0.0237168006 -0.0087218267
v -0.0095570078 -0.0249257616 -0.0084758382
v -0.0098040104 -0.0251027911 -0.0081848483
v -0.0092079630 -0.0263217600 -0.0078648300
v -0.0094580054 -0.0264508097 -0.0075848669
v -0.0087989559 -0.0276567904 -0.0072048281
v -0.0085969558 -0.0290027806 -0.0062488286
v -0.0078330031 -0.0301777706 -0.0057718726
v -0.0075609679 -0.0314037692 -0.0047688456
v -0.0072889919 -0.0313787986 -0.0050068465
v -0.0067079659 -0.0325468111 -0.0042118406
v -0.0063529611 -0.0324528221 -0.0043418374
v -0.0057389732 -0.0335807803 -0.0035218564
v -0.0053989878 -0.0333908203 -0.0035268634
v -0.0047569871 -0.0344707893 -0.0026888223
v -0.0050010080 -0.0334107804 -0.0032278265
v -0.0037829869 -0.0353467987 -0.0016598674
v -0.0097219944 -0.0197477907 -0.0100958286
v -0.0096510053 -0.0184928112 -0.0102868588
v -0.0093159666 -0.0188108001 -0.0101748681
v -0.0093389740 -0.0197398000 -0.0100238290
v -0.0090219975 -0.0190948200 -0.0099318609
v -0.0090339771 -0.0204668015 -0.0096788382
v -0.0092899790 -0.0214738201 -0.0096418245
v -0.0089589953 -0.0218017611 -0.0093488677
v -0.0091089597 -0.0231537807 -0.0091398332
v -0.0088039627 -0.0231108002 -0.0089438531
v -0.0085740080 -0.0243927806 -0.0084718438
v -0.0088099828 -0.0247848003 -0.0085318666
v -0.0082780123 -0.0256468008 -0.0079398732
v -0.0084689846 -0.0261477797 -0.0079348664
v -0.0079259872 -0.0268567806 -0.0073608731
v -0.0080679646 -0.0274557998 -0.0072888711
v -0.0070889592 -0.0291628209 -0.0060958240
v -0.0071169729 -0.0299367909 -0.0058788625
v -0.0061079850 -0.0313428011 -0.0047128768
v -0.0065810080 -0.0311207701 -0.0051248637
v -0.0060079689 -0.0322728086 -0.0043398704
v -0.0069310060 -0.0312917795 -0.0051328507
v -0.0037559860 -0.0359827803 -0.0014158453
v -0.0024529691 -0.0371397696 -0.0000098762
v -0.0027929540 -0.0374938212 -0.0000928761
v -0.0040829768 -0.0361937807 -0.0013938513
v -0.0032199619 -0.0377167985 0.0000281236
v -0.0044260020 -0.0363067911 -0.0012478203
v -0.0036199680 -0.0377507806 0.0003211239
v -0.0050629969 -0.0357947909 -0.0014718743
v -0.0054399958 -0.0347737597 -0.0025388563
v -0.0063769808 -0.0336738194 -0.0031698314
v -0.0060909982 -0.0336797799 -0.0033878654
v -0.0096719861 -0.0215167913 -0.0097058390
v -0.0094869733 -0.0232278116 -0.0091948482
v -0.0091829887 -0.0248857706 -0.0085768672
v -0.0088379970 -0.0262677601 -0.0079718212
v -0.0084309569 -0.0275918214 -0.0073178390
v -0.0074719782 -0.0300977812 -0.0058928696
v -0.0050919652 -0.0346687997 -0.0026778543
v -0.0038359759 -0.0368747710 0.0014110828
v -0.0038409820 -0.0368677898 0.0014041088
v -0.0039959541 -0.0372627898 0.0011460808
v -0.0040019751 -0.0372558198 0.0011391068
v -0.0039359918 -0.0375818014 0.0007701238
v -0.0039409990 -0.0375757813 0.0007641238
v -0.0036699770 -0.0377467796 0.0003841238
v -0.0036749830 -0.0377398096 0.0003781239
v 0.0034759641 -0.0379418092 0.0071631098
v 0.0057039852 -0.0376718000 0.0092440872
v 0.0032199619 -0.0378817910 0.0074670939
v 0.0054049492 -0.0376188077 0.0095500965
v 0.0029529331 -0.0376357989 0.0077210689
v 0.0051369658 -0.0373858206 0.0097950716
v 0.0049549341 -0.0370187677 0.0099281101
v 0.0027829399 -0.0372517699 0.0078600664
v 0.0048949709 -0.0365917601 0.0099231023
v 0.0027219651 -0.0368558088 0.0078420658
v 0.0006069870 -0.0373798008 0.0057550688
v 0.0005379870 -0.0369908209 0.0057250876
v -0.0016160010 -0.0373798010 0.0035780687
v -0.0016509891 -0.0369967816 0.0035790829
v -0.0038359759 -0.0368747710 0.0014110828
v -0.0038329950 -0.0372648201 0.0013750819
v -0.0014829630 -0.0377517899 0.0034331109
v 0.0007589870 -0.0377587597 0.0056120777
v 0.0010089870 -0.0380077880 0.0053641229
v -0.0037199850 -0.0376127883 0.0012320899
v -0.0035150051 -0.0378587804 0.0010051159
v -0.0012499690 -0.0380037983 0.0031890889
v -0.0032509561 -0.0379617810 0.0007321239
v -0.0010100000 -0.0380877813 0.0029000659
v 0.0012349481 -0.0380808111 0.0050460720
v 0.0041059852 -0.0371118109 0.0064221048
v 0.0062789321 -0.0368447782 0.0085020689
v 0.0046359301 -0.0371307688 0.0069490699
v 0.0062089558 -0.0372378186 0.0086401124
v 0.0045399661 -0.0375007907 0.0070911069
v 0.0060229301 -0.0375288085 0.0088821082
v 0.0043419590 -0.0377668100 0.0073270817
v 0.0057579870 -0.0376638093 0.0091810851
v 0.0035289519 -0.0379367987 0.0071011210
v 0.0026659360 -0.0379177886 0.0057351017
v 0.0012879370 -0.0380787808 0.0049830699
v 0.0013969539 -0.0379828211 0.0045201206
v 0.0001269870 -0.0380057616 0.0032960799
v 0.0016219610 -0.0377147679 0.0042821188
v 0.0003629870 -0.0377367695 0.0030570648
v 0.0017409320 -0.0373318080 0.0041480689
v 0.0004929870 -0.0373477896 0.0029261138
v 0.0019219510 -0.0372508090 0.0043050670
v -0.0002670130 -0.0372598095 0.0021581077
v -0.0007550130 -0.0373228117 0.0016970658
v -0.0024529691 -0.0371397696 -0.0000098762
v -0.0020020001 -0.0372558199 0.0004601238
v -0.0025969739 -0.0375778004 0.0000981237
v -0.0021539920 -0.0376538001 0.0005841238
v -0.0028679960 -0.0378767811 0.0003441239
v -0.0024129739 -0.0379227883 0.0008251239
v -0.0031999941 -0.0379657708 0.0006691239
v -0.0011439910 -0.0379847808 0.0020641108
v -0.0009580130 -0.0380887909 0.0028371239
v 0.0029889341 -0.0372728105 0.0053600688
v 0.0028789630 -0.0376508195 0.0054981136
v -0.0008960130 -0.0377167983 0.0018240829
v -0.0032509561 -0.0379617810 0.0007321239
v -0.0035150051 -0.0378587804 0.0010051159
v -0.0034030071 -0.0379277989 0.0006091239
v -0.0036339751 -0.0378447696 0.0007461238
v -0.0035439720 -0.0378558002 0.0004921238
v -0.0036699770 -0.0377467796 0.0003841238
v -0.0039359918 -0.0375818014 0.0007701238
v -0.0037199850 -0.0376127883 0.0012320899
v -0.0038759699 -0.0375367886 0.0011060859
v -0.0038329950 -0.0372648201 0.0013750819
v -0.0039959541 -0.0372627898 0.0011460808
v -0.0038359759 -0.0368747710 0.0014110828
v -0.0034939640 -0.0378597900 0.0004291238
v -0.0036199680 -0.0377507806 0.0003211239
v -0.0032059550 -0.0378658101 0.0002441239
v -0.0032199619 -0.0377167985 0.0000281236
v -0.0027909870 -0.0378047786 0.0002441238
v -0.0027929540 -0.0374938212 -0.0000928761
v -0.0025969739 -0.0375778004 0.0000981237
v -0.0024529691 -0.0371397696 -0.0000098762
v -0.0028679960 -0.0378767811 0.0003441239
v -0.0031999941 -0.0379657708 0.0006691239
v -0.0033519859 -0.0379328094 0.0005461238
v -0.0031999941 -0.0379657708 0.0006691239
v -0.0032509561 -0.0379617810 0.0007321239
v -0.0032449961 -0.0379617810 0.0006851239
v -0.0034030071 -0.0379277989 0.0006091239
v -0.0035369990 -0.0378447696 0.0004451239
v -0.0035439720 -0.0378558002 0.0004921238
v -0.0036699770 -0.0377467796 0.0003841238
v -0.0036199680 -0.0377507806 0.0003211239
v -0.0034939640 -0.0378597900 0.0004291238
v -0.0033519859 -0.0379328094 0.0005461238
v -0.0308799706 0.0220111609 0.0003211194
v -0.0308429506 0.0220531803 0.0003781193
v -0.0284639504 0.0222821793 -0.0014718787
v -0.0284249708 0.0223251506 -0.0014168637
v -0.0259699803 0.0223601402 -0.0031698356
v -0.0259289704 0.0224031804 -0.0031168478
v -0.0234119799 0.0222501695 -0.0047688496
v -0.0233679991 0.0222921293 -0.0047168749
v -0.0208150093 0.0219471394 -0.0062488325
v -0.0207690001 0.0219881493 -0.0061968577
v -0.0181750003 0.0214161197 -0.0075848705
v -0.0181260109 0.0214561796 -0.0075328366
v -0.0168339591 0.0210431789 -0.0081848518
v -0.0167840105 0.0210811397 -0.0081328756
v -0.0154960100 0.0205881496 -0.0087218300
v -0.0154449902 0.0206251697 -0.0086698548
v -0.0141720101 0.0200481389 -0.0091848389
v -0.0141209904 0.0200841401 -0.0091328636
v -0.0128629804 0.0194141802 -0.0095678573
v -0.0128099900 0.0194481585 -0.0095158225
v -0.0115699703 0.0186791394 -0.0098638549
v -0.0115159703 0.0187111396 -0.0098108654
v -0.0103099896 0.0178451493 -0.0100638209
v -0.0102559896 0.0178751286 -0.0100098210
v -0.0198849998 0.0067621464 0.0045810923
v -0.0198689606 0.0068151354 0.0046440945
v -0.0232919995 0.0084071750 0.0055820936
v -0.0232709609 0.0084571247 0.0056440824
v -0.0267269593 0.0098901396 0.0067231042
v -0.0267009698 0.0099371677 0.0067830674
v -0.0301799700 0.0112061507 0.0080021015
v -0.0301489793 0.0112501305 0.0080611092
v -0.0336429998 0.0123511504 0.0094161024
v -0.0336059891 0.0123941309 0.0094730845
v -0.0098350039 0.0159801796 -0.0103298410
v -0.0093749762 0.0162651493 -0.0108468517
v -0.0096259713 0.0160301301 -0.0105038214
v -0.0094149699 0.0160771600 -0.0106778716
v -0.0092029572 0.0161201294 -0.0108508415
v -0.0093749762 0.0162651493 -0.0108468517
v -0.0088169565 0.0165631689 -0.0102628417
v -0.0092029572 0.0161201294 -0.0108508415
v -0.0092029572 0.0161201294 -0.0108508415
v -0.0088169565 0.0165631689 -0.0102628417
v -0.0094149699 0.0160771600 -0.0106778716
v -0.0096259713 0.0160301301 -0.0105038214
v -0.0098350039 0.0159801796 -0.0103298410
v -0.0174049698 0.0062701706 0.0047920938
v -0.0174649898 0.0061111454 0.0046060677
v -0.0172399804 0.0061811804 0.0047510853
v -0.0175240003 0.0059511665 0.0044190874
v -0.0175809804 0.0057911275 0.0042330614
v -0.0172399804 0.0061811804 0.0047510853
v -0.0175809804 0.0057911275 0.0042330614
v -0.0172379594 0.0063791274 0.0046011195
v -0.0172330104 0.0065751675 0.0044490685
v -0.0172259808 0.0067711471 0.0042970767
v -0.0172399804 0.0061811804 0.0047510853
v -0.0172379594 0.0063791274 0.0046011195
v -0.0174049698 0.0062701706 0.0047920938
v -0.0172330104 0.0065751675 0.0044490685
v -0.0172259808 0.0067711471 0.0042970767
v 0.0345059596 0.0157381203 0.0003211198
v 0.0345239602 0.0156841204 0.0003781198
v 0.0335329697 0.0135101600 -0.0014718780
v 0.0335499607 0.0134541298 -0.0014168630
v 0.0323539302 0.0113111695 -0.0031698348
v 0.0323699713 0.0112541297 -0.0031168469
v 0.0309789702 0.0091501471 -0.0047688486
v 0.0309929792 0.0090911376 -0.0047168739
v 0.0294179898 0.0070531354 -0.0062488314
v 0.0294309799 0.0069931736 -0.0061968566
v 0.0276379492 0.0050321802 -0.0075848693
v 0.0276489798 0.0049701323 -0.0075328354
v 0.0266439896 0.0040581216 -0.0081848505
v 0.0266529899 0.0039951795 -0.0081328743
v 0.0255819503 0.0031261433 -0.0087218287
v 0.0255889799 0.0030631414 -0.0086698534
v 0.0244519692 0.0022501333 -0.0091848375
v 0.0244569704 0.0021871312 -0.0091328623
v 0.0232479498 0.0014331332 -0.0095678560
v 0.0232509300 0.0013701303 -0.0095158211
v 0.0219649598 0.0006811802 -0.0098638535
v 0.0219659805 0.0006181803 -0.0098108640
v 0.0206129495 0.0000071804 -0.0100638196
v 0.0206119400 -0.0000548196 -0.0100098196
v 0.0158019606 0.0138401299 0.0045810918
v 0.0158409402 0.0138001399 0.0046440939
v 0.0189299509 0.0159681406 0.0055820930
v 0.0189629700 0.0159251601 0.0056440818
v 0.0219319407 0.0182011710 0.0067231036
v 0.0219599605 0.0181551506 0.0067830668
v 0.0247979704 0.0205341509 0.0080021008
v 0.0248209797 0.0204851615 0.0080611085
v 0.0275219604 0.0229601811 0.0094161016
v 0.0275399592 0.0229071311 0.0094730837
v 0.0187609699 0.0005281802 -0.0103298398
v 0.0187769495 -0.0000138196 -0.0108468505
v 0.0186989903 0.0003221802 -0.0105038202
v 0.0186339598 0.0001161802 -0.0106778704
v 0.0185659509 -0.0000898196 -0.0108508402
v 0.0187769495 -0.0000138196 -0.0108468505
v 0.0187559705 -0.0006458198 -0.0102628404
v 0.0185659509 -0.0000898196 -0.0108508402
v 0.0185659509 -0.0000898196 -0.0108508402
v 0.0187559705 -0.0006458198 -0.0102628404
v 0.0186339598 0.0001161802 -0.0106778704
v 0.0186989903 0.0003221802 -0.0105038202
v 0.0187609699 0.0005281802 -0.0103298398
v 0.0141359502 0.0119381504 0.0047920933
v 0.0140279504 0.0120701700 0.0046060672
v 0.0139769902 0.0118401604 0.0047510849
v 0.0139189297 0.0122011307 0.0044190870
v 0.0138089601 0.0123301701 0.0042330609
v 0.0139769902 0.0118401604 0.0047510849
v 0.0138089601 0.0123301701 0.0042330609
v 0.0141469799 0.0117391305 0.0046011191
v 0.0143149402 0.0116371506 0.0044490682
v 0.0144809401 0.0115321207 0.0042970763
v 0.0139769902 0.0118401604 0.0047510849
v 0.0141469799 0.0117391305 0.0046011191
v 0.0141359502 0.0119381504 0.0047920933
v 0.0143149402 0.0116371506 0.0044490682
v 0.0144809401 0.0115321207 0.0042970763
v 0.0297409799 0.0238151501 0.0091810805
v 0.0297749601 0.0237731307 0.0092440826
v 0.0310919806 0.0220221212 0.0071011164
v 0.0311229806 0.0219781311 0.0071631053
v 0.0323359296 0.0201521501 0.0049830655
v 0.0323639512 0.0201071505 0.0050460676
v 0.0334669314 0.0182121305 0.0028371196
v 0.0334919617 0.0181661809 0.0029000617
v 0.0344819389 0.0162091796 0.0006691198
v 0.0345039293 0.0161621497 0.0007321198
v -0.0354930088 0.0138451408 0.0091810812
v -0.0354729816 0.0138961605 0.0092440833
v -0.0346159898 0.0159121701 0.0071011169
v -0.0345929787 0.0159611707 0.0071631057
v -0.0336179696 0.0179241210 0.0049830657
v -0.0335929915 0.0179711510 0.0050460678
v -0.0325030014 0.0198741501 0.0028371195
v -0.0324760005 0.0199191498 0.0029000616
v -0.0312759802 0.0217551496 0.0006691193
v -0.0312460009 0.0217971802 0.0007321194
v -0.0198689606 0.0068151354 0.0046440945
v -0.0198849998 0.0067621464 0.0045810923
v -0.0195429903 0.0066421622 0.0046510687
v -0.0195379797 0.0066071743 0.0046240673
v -0.0192660000 0.0063931345 0.0047920937
v -0.0192750003 0.0063671464 0.0047610984
v -0.0191360097 0.0060801505 0.0049710856
v -0.0191249792 0.0060931443 0.0050120936
v -0.0191439893 0.0057901744 0.0052210675
v -0.0191279594 0.0058411354 0.0052831164
v -0.0191199705 0.0061311726 0.0050330744
v -0.0192579608 0.0064191813 0.0048230877
v -0.0195220094 0.0066601633 0.0046861167
v -0.0198689606 0.0071281794 0.0048900833
v -0.0198689606 0.0068151354 0.0046440945
v -0.0195220094 0.0068351625 0.0048170676
v -0.0195220094 0.0066601633 0.0046861167
v -0.0192170106 0.0066051482 0.0049800863
v -0.0192579608 0.0064191813 0.0048230877
v -0.0191130005 0.0064711575 0.0051050777
v -0.0191199705 0.0061311726 0.0050330744
v -0.0190510098 0.0063351392 0.0052480684
v -0.0190319996 0.0062081813 0.0053980937
v -0.0188419800 0.0067651276 0.0056990976
v -0.0189539697 0.0063851475 0.0057451115
v -0.0187180005 0.0070461635 0.0059500923
v -0.0191279594 0.0058411354 0.0052831164
v -0.0186149999 0.0073691606 0.0057411184
v -0.0185849592 0.0073891287 0.0059360856
v -0.0184519794 0.0077171325 0.0058420886
v -0.0184400007 0.0077971816 0.0055910934
v -0.0182070099 0.0082781310 0.0054401144
v -0.0184099600 0.0080561632 0.0051420912
v -0.0187419597 0.0079551334 0.0049020633
v -0.0186780002 0.0077091455 0.0052360886
v -0.0185369793 0.0077411532 0.0054091205
v -0.0186879598 0.0073671345 0.0055391182
v -0.0188850109 0.0068371295 0.0055080647
v -0.0188580099 0.0077081322 0.0050880894
v -0.0191410091 0.0079931611 0.0047671183
v -0.0192719605 0.0077951554 0.0049200643
v -0.0195270106 0.0081631545 0.0047610983
v -0.0196880102 0.0078711504 0.0049740666
v -0.0198109709 0.0074991583 0.0050160875
v -0.0193699505 0.0075561403 0.0050001134
v -0.0189719703 0.0074261426 0.0051841125
v -0.0188089609 0.0073861474 0.0053470725
v -0.0189740006 0.0069221253 0.0053250775
v -0.0194669906 0.0071991686 0.0049821124
v -0.0191079900 0.0070161814 0.0051680793
v -0.0191249792 0.0061451790 0.0027250636
v -0.0191209894 0.0058641431 0.0024321066
v -0.0191689692 0.0057461264 0.0028070796
v -0.0192430001 0.0054501293 0.0030630816
v -0.0192260109 0.0055551522 0.0031980866
v -0.0192849599 0.0053021315 0.0038090936
v -0.0192530099 0.0054631231 0.0036311136
v -0.0192520004 0.0054721235 0.0040760628
v -0.0192489605 0.0056211350 0.0036491147
v -0.0192489605 0.0056361554 0.0040550814
v -0.0193240009 0.0059391263 0.0036820756
v -0.0193349700 0.0059671405 0.0040171137
v -0.0195029899 0.0062141412 0.0037071095
v -0.0195319597 0.0062481764 0.0039890995
v -0.0197739601 0.0064121483 0.0038540945
v -0.0195499603 0.0063471793 0.0042580957
v -0.0198429804 0.0065281394 0.0042440886
v -0.0195379797 0.0066071743 0.0046240673
v -0.0198849998 0.0067621464 0.0045810923
v -0.0192509796 0.0054241413 0.0045610658
v -0.0192229692 0.0055771473 0.0045050965
v -0.0192239806 0.0057411784 0.0044450746
v -0.0193259697 0.0060711502 0.0043351045
v -0.0191439893 0.0057901744 0.0052210675
v -0.0191360097 0.0060801505 0.0049710856
v -0.0192750003 0.0063671464 0.0047610984
v -0.0196889602 0.0064481495 0.0034530745
v -0.0194619801 0.0062531231 0.0034310806
v -0.0192930102 0.0059941414 0.0033531175
v -0.0192219596 0.0057001703 0.0032520886
v -0.0194100104 0.0063621404 0.0031830654
v -0.0195930004 0.0066571233 0.0031110635
v -0.0192919895 0.0064261553 0.0029661045
v -0.0192430001 0.0061291454 0.0030561076
v -0.0191689692 0.0058711760 0.0028930896
v -0.0191410091 0.0079931611 0.0047671183
v -0.0186279994 0.0091041320 0.0035740724
v -0.0195270106 0.0081631545 0.0047610983
v -0.0179280005 0.0103451602 0.0021740782
v -0.0185840093 0.0099941494 0.0027620783
v -0.0171449706 0.0115341498 0.0007581202
v -0.0174659993 0.0117231599 0.0007241201
v -0.0164059903 0.0125151202 -0.0004718799
v -0.0154769998 0.0135951600 -0.0019018660
v -0.0151410103 0.0134901403 -0.0017488600
v -0.0143640004 0.0145541399 -0.0032828461
v -0.0139639899 0.0144851801 -0.0030368570
v -0.0148339802 0.0135141601 -0.0015218260
v -0.0136469603 0.0146211300 -0.0027108790
v -0.0150159504 0.0132111301 -0.0006548800
v -0.0157340094 0.0124621298 -0.0000888798
v -0.0164499804 0.0115071499 0.0011430961
v -0.0167750102 0.0114501697 0.0009061201
v -0.0175409894 0.0102731503 0.0023201093
v -0.0182229802 0.0090471500 0.0037170632
v -0.0187419597 0.0079551334 0.0049020633
v -0.0184099600 0.0080561632 0.0051420912
v -0.0178809706 0.0091411474 0.0039660924
v -0.0182070099 0.0082781310 0.0054401144
v -0.0173069797 0.0100241306 0.0034410941
v -0.0172060095 0.0103481405 0.0025631172
v -0.0162400007 0.0116741602 0.0014030921
v -0.0147489896 0.0148111495 -0.0033898360
v -0.0161830094 0.0133341503 -0.0013328800
v -0.0160520002 0.0124201700 -0.0003218799
v -0.0232709609 0.0084571247 0.0056440824
v -0.0198689606 0.0068151354 0.0046440945
v -0.0220279600 0.0081981425 0.0055211176
v -0.0198689606 0.0071281794 0.0048900833
v -0.0198109709 0.0074991583 0.0050160875
v -0.0218439605 0.0085301394 0.0056110614
v -0.0196880102 0.0078711504 0.0049740666
v -0.0216950104 0.0088841314 0.0055481184
v -0.0195270106 0.0081631545 0.0047610983
v -0.0229070093 0.0097821350 0.0057640664
v -0.0240640007 0.0099631543 0.0062931172
v -0.0263129994 0.0112431604 0.0069031102
v -0.0261909906 0.0108611505 0.0070140940
v -0.0286200009 0.0118061310 0.0079001170
v -0.0263189599 0.0104981601 0.0070700633
v -0.0287369993 0.0114381310 0.0079510790
v -0.0264889505 0.0101601403 0.0069760673
v -0.0288999602 0.0110981405 0.0078541032
v -0.0267009698 0.0099371677 0.0067830674
v -0.0301489793 0.0112501305 0.0080611092
v -0.0313169882 0.0119531711 0.0087990752
v -0.0336059891 0.0123941309 0.0094730845
v -0.0333839618 0.0127531204 0.0097351065
v -0.0311610103 0.0122961409 0.0088990908
v -0.0332239792 0.0132221503 0.0097740869
v -0.0310549699 0.0126681307 0.0088511090
v -0.0331689715 0.0136751512 0.0095781068
v -0.0297369901 0.0125411708 0.0081750741
v -0.0243790094 0.0092691775 0.0062600963
v -0.0242019799 0.0096041565 0.0063520653
v -0.0336429998 0.0123511504 0.0094161024
v -0.0336059891 0.0123941309 0.0094730845
v -0.0336759612 0.0123621810 0.0094301095
v -0.0336390100 0.0124041408 0.0094860783
v -0.0337089784 0.0123741606 0.0094431033
v -0.0336719714 0.0124161809 0.0094990721
v -0.0337420106 0.0123871507 0.0094540697
v -0.0337049887 0.0124291710 0.0095111122
v -0.0231819693 0.0084161752 0.0041450842
v -0.0195930004 0.0066571233 0.0031110635
v -0.0220800005 0.0076601504 0.0040850624
v -0.0196889602 0.0064481495 0.0034530745
v -0.0220319591 0.0075351595 0.0044510955
v -0.0197739601 0.0064121483 0.0038540945
v -0.0219139997 0.0075511335 0.0048220743
v -0.0198429804 0.0065281394 0.0042440886
v -0.0198849998 0.0067621464 0.0045810923
v -0.0232919995 0.0084071750 0.0055820936
v -0.0243629795 0.0086821313 0.0055791124
v -0.0244879704 0.0086691374 0.0052111133
v -0.0245469809 0.0088001484 0.0048490751
v -0.0268039703 0.0099981422 0.0053340780
v -0.0267609898 0.0097461347 0.0055921061
v -0.0292940103 0.0107401605 0.0065081102
v -0.0292130094 0.0106011606 0.0068621022
v -0.0317399986 0.0115001710 0.0078461162
v -0.0315939710 0.0115041702 0.0082070809
v -0.0338680111 0.0121981508 0.0090000611
v -0.0336429998 0.0123511504 0.0094161024
v -0.0301799700 0.0112061507 0.0080021015
v -0.0290740095 0.0106071807 0.0072261082
v -0.0267269593 0.0098901396 0.0067231042
v -0.0265599992 0.0096211438 0.0063170783
v -0.0340340100 0.0122931504 0.0085411062
v -0.0318329893 0.0116441805 0.0074961172
v -0.0304459892 0.0113971807 0.0066750632
v -0.0340989791 0.0126091807 0.0081630926
v -0.0266919695 0.0096111293 0.0059500921
v -0.0185949802 0.0073651672 0.0008841204
v -0.0191209894 0.0058641431 0.0024321066
v -0.0185859706 0.0075221649 0.0011650904
v -0.0191249792 0.0061451790 0.0027250636
v -0.0186589900 0.0077621342 0.0013740644
v -0.0192919895 0.0064261553 0.0029661045
v -0.0188289806 0.0079901816 0.0015341034
v -0.0195930004 0.0066571233 0.0031110635
v -0.0190409999 0.0082301489 0.0015621173
v -0.0183659699 0.0097551336 -0.0000308796
v -0.0181840006 0.0094411373 0.0000111202
v -0.0180159807 0.0091901421 -0.0001468797
v -0.0179549996 0.0089321732 -0.0003598797
v -0.0179499909 0.0088201761 -0.0007088796
v -0.0171549898 0.0103951598 -0.0020408638
v -0.0171920005 0.0102201698 -0.0023368598
v -0.0163249895 0.0115541794 -0.0039878487
v -0.0162339807 0.0118871301 -0.0036618709
v -0.0172019601 0.0106711302 -0.0018228298
v -0.0163559895 0.0122741393 -0.0034148700
v -0.0173649695 0.0109461498 -0.0016668438
v -0.0166630093 0.0126201499 -0.0033088329
v -0.0175709706 0.0112221799 -0.0016578439
v -0.0137329604 0.0157001592 -0.0047268283
v -0.0147489896 0.0148111495 -0.0033898360
v -0.0134709999 0.0155001195 -0.0046658523
v -0.0143640004 0.0145541399 -0.0032828461
v -0.0131719699 0.0153771598 -0.0045098669
v -0.0139639899 0.0144851801 -0.0030368570
v -0.0128880097 0.0153721493 -0.0042908790
v -0.0136469603 0.0146211300 -0.0027108790
v -0.0126779601 0.0154691298 -0.0040478713
v -0.0116569903 0.0162531692 -0.0053708561
v -0.0118579799 0.0161761600 -0.0056158312
v -0.0121290004 0.0161941587 -0.0058318384
v -0.0124099804 0.0163241602 -0.0059888371
v -0.0126619898 0.0165211498 -0.0060498722
v -0.0113109900 0.0170691585 -0.0072768343
v -0.0115409996 0.0172721701 -0.0073528294
v -0.0103740003 0.0179491595 -0.0086298589
v -0.0100829601 0.0176821289 -0.0084908618
v -0.0110479500 0.0169341503 -0.0071188224
v -0.0097619891 0.0175631599 -0.0082498793
v -0.0107899904 0.0169031596 -0.0069068683
v -0.0094729662 0.0176151296 -0.0079518561
v -0.0105869696 0.0169691401 -0.0066738733
v -0.0337049887 0.0124291710 0.0095111122
v -0.0336719714 0.0124161809 0.0094990721
v -0.0334699713 0.0127831612 0.0097680669
v -0.0336390100 0.0124041408 0.0094860783
v -0.0336059891 0.0123941309 0.0094730845
v -0.0333839618 0.0127531204 0.0097351065
v -0.0332739912 0.0132391404 0.0097931008
v -0.0332239792 0.0132221503 0.0097740869
v -0.0331689715 0.0136751512 0.0095781068
v -0.0340989791 0.0126091807 0.0081630926
v -0.0340340100 0.0122931504 0.0085411062
v -0.0340839587 0.0123111603 0.0085601201
v -0.0339530110 0.0122291406 0.0090330821
v -0.0338680111 0.0121981508 0.0090000611
v -0.0337420106 0.0123871507 0.0094540697
v -0.0336429998 0.0123511504 0.0094161024
v -0.0336759612 0.0123621810 0.0094301095
v -0.0337089784 0.0123741606 0.0094431033
v -0.0153570101 0.0128141600 -0.0056498652
v -0.0163249895 0.0115541794 -0.0039878487
v -0.0152709996 0.0130201500 -0.0053668619
v -0.0162339807 0.0118871301 -0.0036618709
v -0.0152859604 0.0133291395 -0.0051378608
v -0.0163559895 0.0122741393 -0.0034148700
v -0.0154339597 0.0136501692 -0.0049858690
v -0.0166630093 0.0126201499 -0.0033088329
v -0.0156469904 0.0139401495 -0.0049708491
v -0.0145310098 0.0151751595 -0.0066348321
v -0.0143470103 0.0148421493 -0.0066048509
v -0.0142079499 0.0144991199 -0.0067538621
v -0.0142109897 0.0141751696 -0.0069878699
v -0.0130129997 0.0152881698 -0.0086718800
v -0.0142909801 0.0139921293 -0.0073138481
v -0.0131359603 0.0150821789 -0.0089708569
v -0.0118969604 0.0160771600 -0.0106108713
v -0.0117239896 0.0163151595 -0.0103238815
v -0.0129910102 0.0156251689 -0.0084318521
v -0.0116869798 0.0166491784 -0.0100888613
v -0.0117930099 0.0170211691 -0.0099498633
v -0.0131189805 0.0159921603 -0.0082848671
v -0.0120219504 0.0173611596 -0.0099318637
v -0.0133199599 0.0163181399 -0.0082928541
v -0.0103099896 0.0178451493 -0.0100638209
v -0.0102559896 0.0178751286 -0.0100098210
v -0.0100889802 0.0176931593 -0.0101428613
v -0.0099880090 0.0176621593 -0.0101658715
v -0.0098729720 0.0175861690 -0.0103038516
v -0.0097079873 0.0175731696 -0.0104028512
v -0.0096629849 0.0175581492 -0.0105018610
v -0.0094589591 0.0176221683 -0.0106818615
v -0.0095120072 0.0175941485 -0.0107358614
v -0.0097599616 0.0175441496 -0.0104568614
v -0.0100409901 0.0176321801 -0.0102208214
v -0.0097619891 0.0175631599 -0.0082498793
v -0.0094729662 0.0176151296 -0.0079518561
v -0.0093609691 0.0176871394 -0.0083248619
v -0.0090829730 0.0178191599 -0.0085758571
v -0.0091649881 0.0177881692 -0.0087108625
v -0.0090599647 0.0178411596 -0.0091418637
v -0.0092889657 0.0177581285 -0.0087628378
v -0.0091859689 0.0178071794 -0.0091588501
v -0.0095539680 0.0177561597 -0.0088628544
v -0.0094529977 0.0177941297 -0.0091908588
v -0.0098119974 0.0178351396 -0.0089438562
v -0.0097129941 0.0178561800 -0.0092178597
v -0.0100839697 0.0179781292 -0.0089218621
v -0.0099269738 0.0179801502 -0.0093008284
v -0.0097019672 0.0178501599 -0.0095018758
v -0.0099299550 0.0179671601 -0.0095068221
v -0.0097810021 0.0178151701 -0.0097708716
v -0.0099929571 0.0179451697 -0.0097028627
v -0.0099009871 0.0177681401 -0.0099598769
v -0.0102559896 0.0178751286 -0.0100098210
v -0.0099880090 0.0176621593 -0.0101658715
v -0.0096699586 0.0176851686 -0.0100878416
v -0.0097079873 0.0175731696 -0.0104028512
v -0.0094389906 0.0176761701 -0.0102408514
v -0.0093320012 0.0177001293 -0.0103208417
v -0.0092889657 0.0177541293 -0.0099618439
v -0.0091729760 0.0177831586 -0.0100158411
v -0.0091849556 0.0178061698 -0.0095698242
v -0.0090619922 0.0178401388 -0.0095888380
v -0.0089309812 0.0178961691 -0.0093188290
v -0.0089609623 0.0178811487 -0.0096998219
v -0.0090639591 0.0178291697 -0.0100638209
v -0.0092340112 0.0177421487 -0.0103968311
v -0.0094589591 0.0176221683 -0.0106818615
v -0.0099859834 0.0177911495 -0.0087018613
v -0.0103740003 0.0179491595 -0.0086298589
v -0.0100829601 0.0176821289 -0.0084908618
v -0.0097339740 0.0176821289 -0.0085728778
v -0.0094779721 0.0176631802 -0.0084108724
v -0.0095359683 0.0177481689 -0.0098578347
v -0.0094459653 0.0177921590 -0.0095328693
v -0.0340169594 0.0125561308 0.0096200695
v -0.0337049887 0.0124291710 0.0095111122
v -0.0340059884 0.0128601704 0.0098841181
v -0.0334699713 0.0127831612 0.0097680669
v -0.0338369608 0.0131981306 0.0099790682
v -0.0332739912 0.0132391404 0.0097931008
v -0.0337119587 0.0135621408 0.0099241118
v -0.0334899984 0.0138051508 0.0096901039
v -0.0338109694 0.0139331806 0.0098060946
v -0.0331689715 0.0136751512 0.0095781068
v -0.0341330096 0.0140571509 0.0099230985
v -0.0342239700 0.0136161408 0.0101330792
v -0.0344099887 0.0131561708 0.0101050687
v -0.0343289897 0.0126801709 0.0097320657
v -0.0346409604 0.0128011711 0.0098471027
v -0.0354729816 0.0138961605 0.0092440833
v -0.0354930088 0.0138451408 0.0091810812
v -0.0355139896 0.0135571303 0.0094680767
v -0.0355200097 0.0135141609 0.0094490628
v -0.0353559814 0.0132041506 0.0096960654
v -0.0353649817 0.0131791809 0.0096641173
v -0.0350589715 0.0129071407 0.0097830882
v -0.0350289904 0.0129201410 0.0098180761
v -0.0346609913 0.0127511609 0.0097841015
v -0.0346409604 0.0128011711 0.0098471027
v -0.0350390002 0.0129561404 0.0098471026
v -0.0353459716 0.0132291306 0.0097280731
v -0.0355009995 0.0135641608 0.0095130791
v -0.0344139896 0.0127371509 0.0082740774
v -0.0340989791 0.0126091807 0.0081630926
v -0.0345709883 0.0125651310 0.0086020808
v -0.0340839587 0.0123111603 0.0085601201
v -0.0344969593 0.0124281605 0.0089591127
v -0.0339530110 0.0122291406 0.0090330821
v -0.0343629718 0.0124371608 0.0093250861
v -0.0340479612 0.0125111311 0.0095620742
v -0.0343539715 0.0126331409 0.0096710911
v -0.0337420106 0.0123871507 0.0094540697
v -0.0346609913 0.0127511609 0.0097841015
v -0.0348759815 0.0125951709 0.0093631130
v -0.0350160003 0.0126811804 0.0088950982
v -0.0350449607 0.0129851603 0.0085020652
v -0.0347290002 0.0128631505 0.0083870869
v -0.0097599616 0.0175441496 -0.0104568614
v -0.0095120072 0.0175941485 -0.0107358614
v -0.0098559847 0.0174161690 -0.0108448215
v -0.0100950003 0.0172661497 -0.0111318812
v -0.0102179600 0.0172081488 -0.0110158309
v -0.0105980001 0.0169781401 -0.0110808614
v -0.0102729704 0.0172191794 -0.0108678317
v -0.0106269699 0.0170101497 -0.0109178409
v -0.0104190102 0.0173141296 -0.0105898310
v -0.0107309800 0.0171531394 -0.0106148714
v -0.0105929896 0.0174941394 -0.0103788315
v -0.0108839804 0.0173811290 -0.0103958216
v -0.0107299602 0.0177331485 -0.0102548510
v -0.0111860000 0.0176041696 -0.0102868615
v -0.0111699700 0.0172691300 -0.0103448614
v -0.0114380103 0.0171661295 -0.0102328615
v -0.0113170100 0.0168431393 -0.0104278311
v -0.0117930099 0.0170211691 -0.0099498633
v -0.0116869798 0.0166491784 -0.0100888613
v -0.0117239896 0.0163151595 -0.0103238815
v -0.0112979999 0.0165881488 -0.0107308611
v -0.0113269603 0.0165041584 -0.0108968609
v -0.0109739797 0.0167961690 -0.0108698610
v -0.0109739797 0.0167391292 -0.0110398516
v -0.0107509997 0.0168661392 -0.0112408310
v -0.0113800103 0.0164481393 -0.0110568417
v -0.0118969604 0.0160771600 -0.0106108713
v -0.0120219504 0.0173611596 -0.0099318637
v -0.0116289798 0.0174731586 -0.0101748709
v -0.0103160096 0.0176011298 -0.0102908615
v -0.0103099896 0.0178451493 -0.0100638209
v -0.0100409901 0.0176321801 -0.0102208214
v -0.0101180002 0.0174641601 -0.0104798613
v -0.0099349609 0.0174101490 -0.0107188815
v -0.0110359704 0.0169931586 -0.0105588412
v -0.0115839802 0.0187291497 -0.0084218397
v -0.0103740003 0.0179491595 -0.0086298589
v -0.0109310104 0.0185671386 -0.0088248267
v -0.0100839697 0.0179781292 -0.0089218621
v -0.0099269738 0.0179801502 -0.0093008284
v -0.0109329801 0.0186671589 -0.0092008715
v -0.0099299550 0.0179671601 -0.0095068221
v -0.0110200001 0.0186341398 -0.0095798387
v -0.0099929571 0.0179451697 -0.0097028627
v -0.0102559896 0.0178751286 -0.0100098210
v -0.0115159703 0.0187111396 -0.0098108654
v -0.0120909801 0.0192791794 -0.0093608504
v -0.0119900098 0.0193031386 -0.0089858785
v -0.0119669996 0.0191911397 -0.0086138254
v -0.0128209498 0.0194111386 -0.0081228629
v -0.0130149703 0.0197441497 -0.0083418494
v -0.0140730096 0.0199961601 -0.0077398425
v -0.0140730096 0.0202311197 -0.0080128327
v -0.0153399697 0.0204941588 -0.0072828547
v -0.0162129905 0.0210241595 -0.0072028648
v -0.0166189596 0.0209111492 -0.0067558295
v -0.0183550101 0.0215981598 -0.0062278516
v -0.0178959891 0.0212521492 -0.0061728365
v -0.0204110108 0.0217341702 -0.0048828737
v -0.0204560105 0.0219871398 -0.0051398285
v -0.0225239899 0.0222321690 -0.0039638298
v -0.0226939898 0.0223921497 -0.0042748468
v -0.0247539803 0.0225131491 -0.0030118237
v -0.0249620005 0.0225201805 -0.0033408418
v -0.0269979797 0.0225191692 -0.0020018228
v -0.0259289704 0.0224031804 -0.0031168478
v -0.0284249708 0.0223251506 -0.0014168637
v -0.0128099900 0.0194481585 -0.0095158225
v -0.0131739900 0.0198511400 -0.0090798741
v -0.0130589604 0.0198681292 -0.0087078229
v -0.0141209904 0.0200841401 -0.0091328636
v -0.0142649999 0.0203531285 -0.0087408439
v -0.0141369700 0.0203641591 -0.0083728448
v -0.0154449902 0.0206251697 -0.0086698548
v -0.0164639894 0.0211671492 -0.0079088227
v -0.0163119994 0.0211701294 -0.0075498235
v -0.0167840105 0.0210811397 -0.0081328756
v -0.0181260109 0.0214561796 -0.0075328366
v -0.0186539795 0.0217551491 -0.0069108617
v -0.0207690001 0.0219881493 -0.0061968577
v -0.0207929593 0.0221511699 -0.0058038247
v -0.0228919908 0.0223991197 -0.0046108377
v -0.0206069909 0.0221451498 -0.0054608596
v -0.0233679991 0.0222921293 -0.0047168749
v -0.0288469698 0.0224071703 -0.0007018807
v -0.0308429506 0.0220531803 0.0003781193
v -0.0305669904 0.0222011805 0.0007641193
v -0.0286179706 0.0224001407 -0.0003868807
v -0.0302599594 0.0220941306 0.0011391023
v -0.0284000002 0.0222401600 -0.0001068807
v -0.0300039593 0.0217611698 0.0014041044
v -0.0276999995 0.0220221206 -0.0003068807
v -0.0265759807 0.0223501305 -0.0013888487
v -0.0253229700 0.0221031307 -0.0019308337
v -0.0245670006 0.0223511400 -0.0027108796
v -0.0228849594 0.0220081804 -0.0034618387
v -0.0184829794 0.0217521689 -0.0065608637
v -0.0267779808 0.0225121303 -0.0016798387
v -0.0352779590 0.0141291607 0.0095500926
v -0.0354729816 0.0138961605 0.0092440833
v -0.0352989994 0.0139621410 0.0097240786
v -0.0355009995 0.0135641608 0.0095130791
v -0.0354110003 0.0135461612 0.0097240786
v -0.0354110003 0.0135461612 0.0097240786
v -0.0355009995 0.0135641608 0.0095130791
v -0.0353459716 0.0132291306 0.0097280731
v -0.0350589715 0.0135461612 0.0100760990
v -0.0349950083 0.0133061407 0.0100760990
v -0.0345789716 0.0135461612 0.0102040692
v -0.0350390002 0.0129561404 0.0098471026
v -0.0348189995 0.0131301208 0.0100760990
v -0.0345789716 0.0135461612 0.0102040692
v -0.0346409604 0.0128011711 0.0098471027
v -0.0345789716 0.0130661706 0.0100760990
v -0.0345789716 0.0135461612 0.0102040692
v -0.0344099887 0.0131561708 0.0101050687
v -0.0342239700 0.0136161408 0.0101330792
v -0.0345789716 0.0135461612 0.0102040692
v -0.0341330096 0.0140571509 0.0099230985
v -0.0341640115 0.0137861304 0.0100760990
v -0.0345789716 0.0135461612 0.0102040692
v -0.0343390107 0.0139621411 0.0100760990
v -0.0345329605 0.0142181505 0.0099281062
v -0.0345789716 0.0140261611 0.0100760989
v -0.0349419713 0.0142441306 0.0097950677
v -0.0348189995 0.0139621411 0.0100760990
v -0.0349950083 0.0137861304 0.0100760990
v -0.0345789716 0.0135461612 0.0102040692
v -0.0350589715 0.0135461612 0.0100760990
v -0.0345789716 0.0135461612 0.0102040692
v -0.0345789716 0.0135461612 0.0102040692
v -0.0345789716 0.0135461612 0.0102040692
v -0.0345789716 0.0135461612 0.0102040692
v -0.0350160003 0.0126811804 0.0088950982
v -0.0350769684 0.0127131303 0.0089001041
v -0.0350449607 0.0129851603 0.0085020652
v -0.0353769585 0.0130111507 0.0089001040
v -0.0353490114 0.0132421811 0.0086401086
v -0.0355119705 0.0134111603 0.0089001040
v -0.0355089903 0.0135491404 0.0088821043
v -0.0355370007 0.0134091310 0.0093631129
v -0.0354930088 0.0138451408 0.0091810812
v -0.0355200097 0.0135141609 0.0094490628
v -0.0353649817 0.0131791809 0.0096641173
v -0.0353979990 0.0129971511 0.0093631129
v -0.0350589715 0.0129071407 0.0097830882
v -0.0350899585 0.0126921504 0.0093631129
v -0.0348759815 0.0125951709 0.0093631130
v -0.0346609913 0.0127511609 0.0097841015
v -0.0103099896 0.0178451493 -0.0100638209
v -0.0107299602 0.0177331485 -0.0102548510
v -0.0115699703 0.0186791394 -0.0098638549
v -0.0120299999 0.0186131496 -0.0100118513
v -0.0128629804 0.0194141802 -0.0095678573
v -0.0136069600 0.0194641289 -0.0096168523
v -0.0141720101 0.0200481389 -0.0091848389
v -0.0151999500 0.0201681790 -0.0090998426
v -0.0154960100 0.0205881496 -0.0087218300
v -0.0168049894 0.0207401489 -0.0084758417
v -0.0168339591 0.0210431789 -0.0081848518
v -0.0181869809 0.0211361585 -0.0078648335
v -0.0181750003 0.0214161197 -0.0075848705
v -0.0195479896 0.0214481292 -0.0072048318
v -0.0208150093 0.0219471394 -0.0062488325
v -0.0222149994 0.0218731701 -0.0057718766
v -0.0234119799 0.0222501695 -0.0047688496
v -0.0235269591 0.0220021602 -0.0050068505
v -0.0248280093 0.0220831592 -0.0042118447
v -0.0249249898 0.0217291691 -0.0043418415
v -0.0262089893 0.0217611694 -0.0035218606
v -0.0262139998 0.0213711799 -0.0035268676
v -0.0274699908 0.0213561596 -0.0026888265
v -0.0264309607 0.0210371592 -0.0032278306
v -0.0287159607 0.0209501291 -0.0016598716
v -0.0122370096 0.0182941492 -0.0100958315
v -0.0111860000 0.0176041696 -0.0102868615
v -0.0116289798 0.0174731586 -0.0101748709
v -0.0124210101 0.0179581597 -0.0100238318
v -0.0120219504 0.0173611596 -0.0099318637
v -0.0132039702 0.0180571593 -0.0096788411
v -0.0139479600 0.0187831495 -0.0096418276
v -0.0143979704 0.0186601200 -0.0093488707
v -0.0154929701 0.0194661592 -0.0091398364
v -0.0156089598 0.0191801687 -0.0089438563
v -0.0168339591 0.0196221390 -0.0084718471
v -0.0170559809 0.0200221495 -0.0085318700
v -0.0180680100 0.0199931798 -0.0079398766
v -0.0184059702 0.0204091588 -0.0079348699
v -0.0192919895 0.0202931700 -0.0073608767
v -0.0197399799 0.0207151691 -0.0072888748
v -0.0217069909 0.0207211296 -0.0060958277
v -0.0223629996 0.0211321688 -0.0058788664
v -0.0240859892 0.0209611595 -0.0047128808
v -0.0236569606 0.0212601401 -0.0051248676
v -0.0249409601 0.0213401296 -0.0043398745
v -0.0236299597 0.0216481589 -0.0051328547
v -0.0292799994 0.0212451796 -0.0014158496
v -0.0309339706 0.0206951406 -0.0000098806
v -0.0310699902 0.0211661402 -0.0000928805
v -0.0292989593 0.0216331406 -0.0013938557
v -0.0310499594 0.0216471497 0.0000281192
v -0.0292259995 0.0219871401 -0.0012478247
v -0.0308799706 0.0220111609 0.0003211194
v -0.0284639504 0.0222821793 -0.0014718787
v -0.0273910109 0.0220991297 -0.0025388606
v -0.0259699803 0.0223601402 -0.0031698356
v -0.0261189900 0.0221151688 -0.0033878696
v -0.0137940003 0.0191351690 -0.0097058421
v -0.0153679801 0.0198301591 -0.0091948515
v -0.0169559699 0.0203961686 -0.0085768706
v -0.0183259808 0.0207881288 -0.0079718248
v -0.0196759701 0.0210981289 -0.0073178426
v -0.0223259907 0.0215201299 -0.0058928735
v -0.0274749901 0.0217451395 -0.0026778586
v -0.0300129596 0.0217591507 0.0014110784
v -0.0300039593 0.0217611698 0.0014041044
v -0.0302689597 0.0220931695 0.0011460763
v -0.0302599594 0.0220941306 0.0011391023
v -0.0305759907 0.0222001598 0.0007701193
v -0.0305669904 0.0222011805 0.0007641193
v -0.0308510009 0.0220521596 0.0003841193
v -0.0308429506 0.0220531803 0.0003781193
v -0.0345929787 0.0159611707 0.0071631057
v -0.0354729816 0.0138961605 0.0092440833
v -0.0344129801 0.0161521403 0.0074670899
v -0.0352779590 0.0141291607 0.0095500926
v -0.0340669714 0.0162611610 0.0077210648
v -0.0349419713 0.0142441306 0.0097950677
v -0.0345329605 0.0142181505 0.0099281062
v -0.0336489603 0.0162161501 0.0078600624
v -0.0341330096 0.0140571509 0.0099230985
v -0.0332750008 0.0160711414 0.0078420618
v -0.0326719806 0.0181651697 0.0057550646
v -0.0322999917 0.0180301596 0.0057250834
v -0.0315600000 0.0200901612 0.0035780644
v -0.0312110092 0.0199281501 0.0035790786
v -0.0300129596 0.0217591507 0.0014110784
v -0.0303519908 0.0219531600 0.0013750774
v -0.0319489799 0.0201611503 0.0034331066
v -0.0330759808 0.0182231613 0.0056120735
v -0.0334169790 0.0181301799 0.0053641186
v -0.0307099801 0.0220281408 0.0012320854
v -0.0310249906 0.0219731294 0.0010051113
v -0.0322839618 0.0200851506 0.0031890845
v -0.0312460009 0.0217971802 0.0007321194
v -0.0324760005 0.0199191498 0.0029000616
v -0.0335929915 0.0179711510 0.0050460678
v -0.0341899917 0.0150001603 0.0064221009
v -0.0350449607 0.0129851603 0.0085020652
v -0.0344709717 0.0145511605 0.0069490660
v -0.0353490114 0.0132421811 0.0086401086
v -0.0347430110 0.0148191402 0.0070911029
v -0.0355089903 0.0135491404 0.0088821043
v -0.0348739587 0.0151241409 0.0073270777
v -0.0354930088 0.0138451408 0.0091810812
v -0.0346159898 0.0159121701 0.0071011169
v -0.0341669917 0.0166511503 0.0057350976
v -0.0336179696 0.0179241210 0.0049830657
v -0.0335890017 0.0177821502 0.0045201164
v -0.0329729915 0.0188931807 0.0032960756
v -0.0334689617 0.0174531307 0.0042821146
v -0.0328589603 0.0185551608 0.0030570605
v -0.0331969783 0.0171581510 0.0041480647
v -0.0325869918 0.0182471203 0.0029261096
v -0.0332170092 0.0169611502 0.0043050629
v -0.0321310088 0.0188621210 0.0021581035
v -0.0319409892 0.0193161295 0.0016970615
v -0.0309339706 0.0206951406 -0.0000098806
v -0.0312600099 0.0203621295 0.0004601195
v -0.0312409904 0.0210381709 0.0000981193
v -0.0315289982 0.0206931793 0.0005841194
v -0.0313649699 0.0214231592 0.0003441194
v -0.0316319987 0.0210511592 0.0008251194
v -0.0312759802 0.0217551496 0.0006691193
v -0.0323209688 0.0199831707 0.0020641064
v -0.0325030014 0.0198741501 0.0028371195
v -0.0337699614 0.0160491396 0.0053600647
v -0.0340420008 0.0163321406 0.0054981095
v -0.0322120115 0.0196351410 0.0018240785
v -0.0312460009 0.0217971802 0.0007321194
v -0.0310249906 0.0219731294 0.0010051113
v -0.0311419908 0.0219111406 0.0006091193
v -0.0309539996 0.0220701602 0.0007461193
v -0.0310079996 0.0219971501 0.0004921193
v -0.0308510009 0.0220521596 0.0003841193
v -0.0305759907 0.0222001598 0.0007701193
v -0.0307099801 0.0220281408 0.0012320854
v -0.0305669904 0.0221251809 0.0011060814
v -0.0303519908 0.0219531600 0.0013750774
v -0.0302689597 0.0220931695 0.0011460763
v -0.0300129596 0.0217591507 0.0014110784
v -0.0310369693 0.0219561402 0.0004291193
v -0.0308799706 0.0220111609 0.0003211194
v -0.0311859809 0.0217101500 0.0002441194
v -0.0310499594 0.0216471497 0.0000281192
v -0.0313410088 0.0213201605 0.0002441194
v -0.0310699902 0.0211661402 -0.0000928805
v -0.0312409904 0.0210381709 0.0000981193
v -0.0309339706 0.0206951406 -0.0000098806
v -0.0313649699 0.0214231592 0.0003441194
v -0.0312759802 0.0217551496 0.0006691193
v -0.0311709605 0.0218691808 0.0005461193
v -0.0312759802 0.0217551496 0.0006691193
v -0.0312460009 0.0217971802 0.0007321194
v -0.0312489793 0.0217911602 0.0006851193
v -0.0311419908 0.0219111406 0.0006091193
v -0.0310019795 0.0219861810 0.0004451193
v -0.0310079996 0.0219971501 0.0004921193
v -0.0308510009 0.0220521596 0.0003841193
v -0.0308799706 0.0220111609 0.0003211194
v -0.0310369693 0.0219561402 0.0004291193
v -0.0311709605 0.0218691808 0.0005461193
v 0.0158409402 0.0138001399 0.0046440939
v 0.0158019606 0.0138401299 0.0045810918
v 0.0155279599 0.0136041607 0.0046510681
v 0.0154949399 0.0136171499 0.0046240668
v 0.0151739698 0.0134891201 0.0047920932
v 0.0151549503 0.0135091500 0.0047610979
v 0.0148369595 0.0135321602 0.0049710850
v 0.0148429796 0.0135171408 0.0050120930
v 0.0145899598 0.0136841502 0.0052210669
v 0.0146269696 0.0136451707 0.0052831158
v 0.0148729598 0.0134931807 0.0050330739
v 0.0151919704 0.0134691507 0.0048230872
v 0.0155329704 0.0135771608 0.0046861161
v 0.0161119606 0.0136431403 0.0048900828
v 0.0158409402 0.0138001399 0.0046440939
v 0.0156839397 0.0134891201 0.0048170671
v 0.0155329704 0.0135771608 0.0046861161
v 0.0153329298 0.0133401699 0.0049800858
v 0.0151919704 0.0134691507 0.0048230872
v 0.0151639497 0.0133171607 0.0051050772
v 0.0148729598 0.0134931807 0.0050330739
v 0.0150159504 0.0133311706 0.0052480678
v 0.0148959700 0.0133781400 0.0053980932
v 0.0152839404 0.0129361706 0.0056990971
v 0.0150099304 0.0132221500 0.0057451110
v 0.0154649597 0.0126881501 0.0059500918
v 0.0146269696 0.0136451707 0.0052831158
v 0.0156929400 0.0124371606 0.0057411180
v 0.0156959798 0.0124011603 0.0059360852
v 0.0159129500 0.0121211405 0.0058420883
v 0.0159759503 0.0120711303 0.0055910931
v 0.0162759405 0.0116291600 0.0054401141
v 0.0161859300 0.0119151402 0.0051420909
v 0.0162639599 0.0122541705 0.0049020629
v 0.0160189793 0.0123211708 0.0052360883
v 0.0159759503 0.0121831200 0.0054091201
v 0.0157279298 0.0125011806 0.0055391178
v 0.0153669696 0.0129371206 0.0055080642
v 0.0161079708 0.0124781704 0.0050880890
v 0.0164959393 0.0125801502 0.0047671180
v 0.0163909700 0.0127931800 0.0049200640
v 0.0168369394 0.0128301302 0.0047610979
v 0.0166649800 0.0131151605 0.0049740662
v 0.0164039694 0.0134071702 0.0050160870
v 0.0162319504 0.0129971508 0.0050001130
v 0.0159199797 0.0127171207 0.0051841121
v 0.0158049408 0.0125961308 0.0053470721
v 0.0154849803 0.0129711604 0.0053250771
v 0.0159719493 0.0132601805 0.0049821119
v 0.0156339407 0.0130401807 0.0051680789
v 0.0148879802 0.0134911502 0.0027250630
v 0.0146429501 0.0136281803 0.0024321060
v 0.0145639703 0.0137281401 0.0028070790
v 0.0143459402 0.0139401501 0.0030630809
v 0.0144279497 0.0138721403 0.0031980859
v 0.0142379403 0.0140501804 0.0038090929
v 0.0143609596 0.0139431304 0.0036311130
v 0.0143679297 0.0139371700 0.0040760621
v 0.0144959604 0.0138601598 0.0036491141
v 0.0145089598 0.0138521700 0.0040550808
v 0.0148089500 0.0137661605 0.0036820750
v 0.0148389302 0.0137611603 0.0040171131
v 0.0151369497 0.0137831506 0.0037071089
v 0.0151799899 0.0137921500 0.0039890989
v 0.0154429600 0.0139191703 0.0038540940
v 0.0152749401 0.0137581801 0.0042580952
v 0.0155779701 0.0139211401 0.0042440881
v 0.0154949399 0.0136171499 0.0046240668
v 0.0158019606 0.0138401299 0.0045810918
v 0.0143259699 0.0139601802 0.0045610651
v 0.0144449398 0.0138591503 0.0045050959
v 0.0145869805 0.0137781504 0.0044450740
v 0.0149249397 0.0137011403 0.0043351039
v 0.0145899598 0.0136841502 0.0052210669
v 0.0148369595 0.0135321602 0.0049710850
v 0.0151549503 0.0135091500 0.0047610979
v 0.0154319396 0.0138271407 0.0034530739
v 0.0151499500 0.0137281402 0.0034310800
v 0.0148419701 0.0137121605 0.0033531169
v 0.0145519301 0.0137971605 0.0032520880
v 0.0152189704 0.0136291303 0.0031830649
v 0.0155649697 0.0136401600 0.0031110629
v 0.0152149703 0.0134951400 0.0029661040
v 0.0149329901 0.0136011804 0.0030561070
v 0.0146729304 0.0136661504 0.0028930890
v 0.0164959393 0.0125801502 0.0047671180
v 0.0172019601 0.0115801602 0.0035740722
v 0.0168369394 0.0128301302 0.0047610979
v 0.0179269891 0.0103541605 0.0021740782
v 0.0179509502 0.0110981401 0.0027620782
v 0.0185649302 0.0090811253 0.0007581203
v 0.0188889503 0.0092641712 0.0007241203
v 0.0190449301 0.0079511404 -0.0004718796
v 0.0195159893 0.0066061610 -0.0019018655
v 0.0192569401 0.0063681597 -0.0017488594
v 0.0197899900 0.0051631329 -0.0032828454
v 0.0195309501 0.0048511617 -0.0030368563
v 0.0191249792 0.0060901641 -0.0015218254
v 0.0194899403 0.0045091498 -0.0027108783
v 0.0189529601 0.0063991541 -0.0006548795
v 0.0186629798 0.0073951478 -0.0000888795
v 0.0181939602 0.0084931255 0.0011430963
v 0.0183069706 0.0088031293 0.0009061203
v 0.0176709797 0.0100541703 0.0023201093
v 0.0169499498 0.0112581805 0.0037170631
v 0.0162639599 0.0122541705 0.0049020629
v 0.0161859300 0.0119151402 0.0051420909
v 0.0168609601 0.0109161700 0.0039660922
v 0.0162759405 0.0116291600 0.0054401141
v 0.0173379704 0.0099761479 0.0034410941
v 0.0175689403 0.0097271802 0.0025631173
v 0.0182339493 0.0082271687 0.0014030924
v 0.0202049594 0.0053671587 -0.0033898353
v 0.0196429398 0.0073481788 -0.0013328795
v 0.0187859498 0.0076911440 -0.0003218796
v 0.0189629700 0.0159251601 0.0056440818
v 0.0158409402 0.0138001399 0.0046440939
v 0.0181179605 0.0149781708 0.0055211170
v 0.0161119606 0.0136431403 0.0048900828
v 0.0164039694 0.0134071702 0.0050160870
v 0.0183129907 0.0146531402 0.0056110609
v 0.0166649800 0.0131151605 0.0049740662
v 0.0185449701 0.0143471309 0.0055481180
v 0.0168369394 0.0128301302 0.0047610979
v 0.0199289899 0.0149471708 0.0057640660
v 0.0206639692 0.0158591797 0.0062931168
v 0.0228969399 0.0171671496 0.0069031097
v 0.0225049797 0.0172521403 0.0070140935
v 0.0245379806 0.0188831600 0.0079001165
v 0.0222549401 0.0175441509 0.0070700628
v 0.0242779795 0.0191681298 0.0079510784
v 0.0220479295 0.0178601710 0.0069760667
v 0.0240649506 0.0194791505 0.0078541026
v 0.0219599605 0.0181551506 0.0067830668
v 0.0248209797 0.0204851615 0.0080611085
v 0.0260139704 0.0211451600 0.0087990745
v 0.0275399592 0.0229071311 0.0094730837
v 0.0277399402 0.0225351404 0.0097351057
v 0.0262329504 0.0208391498 0.0088990902
v 0.0280659702 0.0221621308 0.0097740863
v 0.0265019499 0.0205611500 0.0088511085
v 0.0284309294 0.0218881301 0.0095781062
v 0.0257329307 0.0194821308 0.0081750736
v 0.0202209298 0.0164781814 0.0062600958
v 0.0204219799 0.0161581603 0.0063520648
v 0.0275219604 0.0229601811 0.0094161016
v 0.0275399592 0.0229071311 0.0094730837
v 0.0275479499 0.0229841403 0.0094301087
v 0.0275659505 0.0229301404 0.0094860775
v 0.0275739394 0.0230061400 0.0094431025
v 0.0275929496 0.0229531515 0.0094990713
v 0.0276019499 0.0230291400 0.0094540689
v 0.0276209693 0.0229751400 0.0095111114
v 0.0188829806 0.0158681798 0.0041450837
v 0.0155649697 0.0136401600 0.0031110629
v 0.0173599701 0.0150761607 0.0039840921
v 0.0154319396 0.0138271407 0.0034530739
v 0.0172289591 0.0150981502 0.0043500650
v 0.0154429600 0.0139191703 0.0038540940
v 0.0171849709 0.0149891306 0.0047211040
v 0.0155779701 0.0139211401 0.0042440881
v 0.0158019606 0.0138401299 0.0045810918
v 0.0189299509 0.0159681406 0.0055820930
v 0.0194339696 0.0165621605 0.0054810626
v 0.0194839798 0.0166761208 0.0051121098
v 0.0196259599 0.0166611601 0.0047500708
v 0.0220629498 0.0182131496 0.0053340774
v 0.0218239408 0.0183021412 0.0055910926
v 0.0236979704 0.0197911808 0.0063930726
v 0.0235379897 0.0197921307 0.0067480783
v 0.0255889799 0.0215241300 0.0077230914
v 0.0255199596 0.0213951400 0.0080841168
v 0.0275019407 0.0232311401 0.0090000603
v 0.0275219604 0.0229601811 0.0094161016
v 0.0247979704 0.0205341509 0.0080021008
v 0.0234749895 0.0196681605 0.0071120834
v 0.0219319407 0.0182011710 0.0067231036
v 0.0216149595 0.0181911499 0.0063160635
v 0.0276669804 0.0233281801 0.0085411054
v 0.0257579591 0.0215311615 0.0073720792
v 0.0250959303 0.0206681402 0.0066750625
v 0.0279729292 0.0232261407 0.0081630918
v 0.0216719508 0.0183101208 0.0059500914
v 0.0156799499 0.0124211303 0.0008841201
v 0.0146429501 0.0136281803 0.0024321060
v 0.0158109609 0.0123361303 0.0011650900
v 0.0148879802 0.0134911502 0.0027250630
v 0.0160549805 0.0122781304 0.0013740640
v 0.0152149703 0.0134951400 0.0029661040
v 0.0163379908 0.0123121702 0.0015341031
v 0.0155649697 0.0136401600 0.0031110629
v 0.0166519806 0.0123751705 0.0015621170
v 0.0176349804 0.0110281697 -0.0000308797
v 0.0172719304 0.0110271499 0.0000111201
v 0.0169709902 0.0110071301 -0.0001468798
v 0.0167169496 0.0110831801 -0.0003598798
v 0.0166179501 0.0111351599 -0.0007088798
v 0.0175829493 0.0096601237 -0.0020408638
v 0.0174499694 0.0097791551 -0.0023368597
v 0.0181729700 0.0083611595 -0.0039878485
v 0.0184149705 0.0081161258 -0.0036618706
v 0.0178459808 0.0095621337 -0.0018228297
v 0.0188109800 0.0080281484 -0.0034148697
v 0.0181659404 0.0095661281 -0.0016668437
v 0.0192649309 0.0081201789 -0.0033088326
v 0.0185079500 0.0096061815 -0.0016578437
v 0.0204669796 0.0040441748 -0.0047268274
v 0.0202049594 0.0053671587 -0.0033898353
v 0.0201619808 0.0039171568 -0.0046658514
v 0.0197899900 0.0051631329 -0.0032828454
v 0.0199069306 0.0037191507 -0.0045098661
v 0.0195309501 0.0048511617 -0.0030368563
v 0.0197609607 0.0034761416 -0.0042908781
v 0.0194899403 0.0045091498 -0.0027108783
v 0.0197389703 0.0032451736 -0.0040478704
v 0.0199069306 0.0019691575 -0.0053708550
v 0.0199419800 0.0021821256 -0.0056158301
v 0.0200929604 0.0024071327 -0.0058318374
v 0.0203449707 0.0025861256 -0.0059888360
v 0.0206429306 0.0027061696 -0.0060498712
v 0.0204409305 0.0012621275 -0.0072768332
v 0.0207319800 0.0013591635 -0.0073528282
v 0.0207349602 0.0000101805 -0.0086298576
v 0.0203579608 -0.0001088196 -0.0084908605
v 0.0201929808 0.0011011354 -0.0071188212
v 0.0200949907 -0.0003268196 -0.0082498779
v 0.0200379398 0.0008931805 -0.0069068671
v 0.0199949704 -0.0006038196 -0.0079518547
v 0.0199929401 0.0006841805 -0.0066738721
v 0.0276209693 0.0229751400 0.0095111114
v 0.0275929496 0.0229531515 0.0094990713
v 0.0278099701 0.0225941509 0.0097680662
v 0.0275659505 0.0229301404 0.0094860775
v 0.0275399592 0.0229071311 0.0094730837
v 0.0277399402 0.0225351404 0.0097351057
v 0.0281059705 0.0221961707 0.0097931001
v 0.0280659702 0.0221621308 0.0097740863
v 0.0284309294 0.0218881301 0.0095781062
v 0.0279729292 0.0232261407 0.0081630918
v 0.0276669804 0.0233281801 0.0085411054
v 0.0277069807 0.0233621511 0.0085601193
v 0.0275709592 0.0232901505 0.0090330812
v 0.0275019407 0.0232311401 0.0090000603
v 0.0276019499 0.0230291400 0.0094540689
v 0.0275219604 0.0229601811 0.0094161016
v 0.0275479499 0.0229841403 0.0094301087
v 0.0275739394 0.0230061400 0.0094431025
v 0.0187789705 0.0068931566 -0.0056498647
v 0.0181729700 0.0083611595 -0.0039878485
v 0.0189149305 0.0067151776 -0.0053668614
v 0.0184149705 0.0081161258 -0.0036618706
v 0.0191899501 0.0065731398 -0.0051378603
v 0.0188109800 0.0080281484 -0.0034148697
v 0.0195419695 0.0065411316 -0.0049858685
v 0.0192649309 0.0081201789 -0.0033088326
v 0.0198999606 0.0065811268 -0.0049708486
v 0.0204109494 0.0049971337 -0.0066348313
v 0.0200309698 0.0050041666 -0.0066048502
v 0.0196639802 0.0050561414 -0.0067538614
v 0.0193849802 0.0052191605 -0.0069878692
v 0.0197499301 0.0036261664 -0.0086718791
v 0.0192669593 0.0053811655 -0.0073138475
v 0.0196329299 0.0038351403 -0.0089708560
v 0.0198759399 0.0022651543 -0.0106108703
v 0.0199949704 0.0019961583 -0.0103238804
v 0.0200309698 0.0034381734 -0.0084318512
v 0.0202659294 0.0017971382 -0.0100888602
v 0.0206399504 0.0017031423 -0.0099498622
v 0.0204129796 0.0033651584 -0.0082848661
v 0.0210489593 0.0017311562 -0.0099318625
v 0.0207949802 0.0033771385 -0.0082928532
v 0.0206129495 0.0000071804 -0.0100638196
v 0.0206119400 -0.0000548196 -0.0100098196
v 0.0203709602 -0.0001088198 -0.0101428600
v 0.0202929303 -0.0001808198 -0.0101658702
v 0.0201699696 -0.0002428198 -0.0103038503
v 0.0200759694 -0.0003788198 -0.0104028498
v 0.0200409796 -0.0004108198 -0.0105018597
v 0.0199949704 -0.0006188198 -0.0106818601
v 0.0199969392 -0.0005588198 -0.0107358601
v 0.0200779401 -0.0003188198 -0.0104568600
v 0.0202939492 -0.0001198198 -0.0102208201
v 0.0200949907 -0.0003268196 -0.0082498779
v 0.0199949704 -0.0006038196 -0.0079518547
v 0.0200019404 -0.0007368196 -0.0083248605
v 0.0199769698 -0.0010437966 -0.0085758557
v 0.0199909806 -0.0009568196 -0.0087108611
v 0.0199849606 -0.0010737777 -0.0091418623
v 0.0200269800 -0.0008338196 -0.0087628364
v 0.0200189296 -0.0009478197 -0.0091588487
v 0.0201579891 -0.0006038196 -0.0088628530
v 0.0201409403 -0.0007098197 -0.0091908574
v 0.0203559306 -0.0004198197 -0.0089438548
v 0.0203239899 -0.0005158197 -0.0092178583
v 0.0206149798 -0.0002558197 -0.0089218607
v 0.0205379706 -0.0003918197 -0.0093008270
v 0.0203129593 -0.0005218197 -0.0095018744
v 0.0205289703 -0.0003838197 -0.0095068207
v 0.0203229692 -0.0004368198 -0.0097708702
v 0.0205409508 -0.0003178197 -0.0097028613
v 0.0203429405 -0.0003088198 -0.0099598756
v 0.0206119400 -0.0000548196 -0.0100098196
v 0.0202929303 -0.0001808198 -0.0101658702
v 0.0201539304 -0.0004678197 -0.0100878402
v 0.0200759694 -0.0003788198 -0.0104028498
v 0.0200319793 -0.0006638198 -0.0102408500
v 0.0199989602 -0.0007678198 -0.0103208403
v 0.0200229809 -0.0008318198 -0.0099618425
v 0.0199909806 -0.0009478197 -0.0100158396
v 0.0200169608 -0.0009478197 -0.0095698227
v 0.0199839398 -0.0010718107 -0.0095888366
v 0.0199679695 -0.0012137888 -0.0093188276
v 0.0199699402 -0.0011788017 -0.0096998205
v 0.0199759603 -0.0010647778 -0.0100638195
v 0.0199849606 -0.0008738198 -0.0103968297
v 0.0199949704 -0.0006188198 -0.0106818601
v 0.0204039793 -0.0002468196 -0.0087018600
v 0.0207349602 0.0000101805 -0.0086298576
v 0.0203579608 -0.0001088196 -0.0084908605
v 0.0201839805 -0.0004108196 -0.0085728764
v 0.0200399701 -0.0006228196 -0.0084108710
v 0.0201419499 -0.0006148197 -0.0098578333
v 0.0201349799 -0.0007148197 -0.0095328679
v 0.0278859697 0.0231821507 0.0096200687
v 0.0276209693 0.0229751400 0.0095111114
v 0.0281429794 0.0230201416 0.0098841173
v 0.0278099701 0.0225941509 0.0097680662
v 0.0283519607 0.0227051310 0.0099790675
v 0.0281059705 0.0221961707 0.0097931001
v 0.0286049806 0.0224151600 0.0099241111
v 0.0287049394 0.0221011609 0.0096901033
v 0.0289759599 0.0223151416 0.0098060939
v 0.0284309294 0.0218881301 0.0095781062
v 0.0292439405 0.0225321602 0.0099230978
v 0.0289079491 0.0228311409 0.0101330785
v 0.0286019407 0.0232221399 0.0101050680
v 0.0281489398 0.0233901709 0.0097320649
v 0.0284099504 0.0236001600 0.0098471018
v 0.0297749601 0.0237731307 0.0092440826
v 0.0297409799 0.0238151501 0.0091810805
v 0.0295019709 0.0239771612 0.0094680759
v 0.0294669792 0.0240051716 0.0094490620
v 0.0291169807 0.0240171503 0.0096960646
v 0.0290999394 0.0240381311 0.0096641165
v 0.0287109595 0.0239081316 0.0097830874
v 0.0287079792 0.0238771409 0.0098180753
v 0.0283769295 0.0236421812 0.0097841007
v 0.0284099504 0.0236001600 0.0098471018
v 0.0287439805 0.0238671310 0.0098471018
v 0.0291329604 0.0239961713 0.0097280723
v 0.0295009594 0.0239631504 0.0095130783
v 0.0282419901 0.0234351705 0.0082740766
v 0.0279729292 0.0232261407 0.0081630918
v 0.0281709395 0.0236571400 0.0086020800
v 0.0277069807 0.0233621511 0.0085601193
v 0.0280159693 0.0236611299 0.0089591118
v 0.0275709592 0.0232901505 0.0090330812
v 0.0279559400 0.0235411513 0.0093250853
v 0.0278629605 0.0232311401 0.0095620734
v 0.0281209294 0.0234361205 0.0096710903
v 0.0276019499 0.0230291400 0.0094540689
v 0.0283769295 0.0236421812 0.0097841007
v 0.0283499304 0.0239061702 0.0093631121
v 0.0284939408 0.0239851407 0.0088950974
v 0.0287719294 0.0238581213 0.0085020643
v 0.0285079405 0.0236451614 0.0083870861
v 0.0200779401 -0.0003188198 -0.0104568600
v 0.0199969392 -0.0005588198 -0.0107358601
v 0.0200149398 -0.0001718198 -0.0108448202
v 0.0200039707 0.0001101802 -0.0111318799
v 0.0200149398 0.0002451802 -0.0110158296
v 0.0200059395 0.0006901801 -0.0110808602
v 0.0200529601 0.0002871802 -0.0108678304
v 0.0200489704 0.0006981802 -0.0109178396
v 0.0202079397 0.0003661802 -0.0105898297
v 0.0202249791 0.0007171802 -0.0106148702
v 0.0204509404 0.0004271802 -0.0103788302
v 0.0204979703 0.0007361802 -0.0103958203
v 0.0207269695 0.0004261802 -0.0102548497
v 0.0208429601 0.0008861802 -0.0102868602
v 0.0205439907 0.0010391462 -0.0103448602
v 0.0205889307 0.0013231623 -0.0102328603
v 0.0202489402 0.0013791313 -0.0104278299
v 0.0206399504 0.0017031423 -0.0099498622
v 0.0202659294 0.0017971382 -0.0100888602
v 0.0199949704 0.0019961583 -0.0103238804
v 0.0200189296 0.0014911282 -0.0107308599
v 0.0199599806 0.0015581242 -0.0108968598
v 0.0200369302 0.0011061411 -0.0108698598
v 0.0199869797 0.0011351692 -0.0110398504
v 0.0199849606 0.0008781802 -0.0112408298
v 0.0199379902 0.0016311392 -0.0110568405
v 0.0198759399 0.0022651543 -0.0106108703
v 0.0210489593 0.0017311562 -0.0099318625
v 0.0209509693 0.0013351433 -0.0101748697
v 0.0204049293 0.0001341802 -0.0102908602
v 0.0206129495 0.0000071804 -0.0100638196
v 0.0202939492 -0.0001198198 -0.0102208201
v 0.0201879703 0.0000311804 -0.0104798600
v 0.0200489704 -0.0001008198 -0.0107188802
v 0.0202379804 0.0010611402 -0.0105588400
v 0.0220159795 0.0006681804 -0.0084218383
v 0.0207349602 0.0000101805 -0.0086298576
v 0.0215489808 0.0001831803 -0.0088248253
v 0.0206149798 -0.0002558197 -0.0089218607
v 0.0205379706 -0.0003918197 -0.0093008270
v 0.0216359403 0.0001351803 -0.0092008701
v 0.0205289703 -0.0003838197 -0.0095068207
v 0.0216509607 0.0002271803 -0.0095798373
v 0.0205409508 -0.0003178197 -0.0097028613
v 0.0206119400 -0.0000548196 -0.0100098196
v 0.0219659805 0.0006181803 -0.0098108640
v 0.0227449499 0.0008321803 -0.0093608490
v 0.0227159802 0.0007321803 -0.0089858771
v 0.0226069596 0.0007681803 -0.0086138240
v 0.0232249405 0.0013981454 -0.0081228615
v 0.0236109402 0.0014001714 -0.0083418480
v 0.0243579708 0.0021901714 -0.0077398412
v 0.0245609805 0.0020721544 -0.0080128314
v 0.0254219696 0.0030381665 -0.0072828534
v 0.0263169408 0.0035291304 -0.0072028635
v 0.0264229700 0.0039371247 -0.0067558282
v 0.0278859697 0.0050971494 -0.0062278504
v 0.0273559596 0.0048731556 -0.0061728353
v 0.0290309694 0.0068091746 -0.0048828726
v 0.0292729698 0.0067221514 -0.0051398273
v 0.0305189397 0.0083911407 -0.0039638287
v 0.0307429396 0.0084581363 -0.0042748458
v 0.0318769813 0.0101811194 -0.0030118228
v 0.0319879614 0.0103581499 -0.0033408409
v 0.0330049284 0.0121211399 -0.0020018220
v 0.0323699713 0.0112541297 -0.0031168469
v 0.0335499607 0.0134541298 -0.0014168630
v 0.0232509300 0.0013701303 -0.0095158211
v 0.0237819497 0.0014841543 -0.0090798727
v 0.0237399898 0.0013761514 -0.0087078215
v 0.0244569704 0.0021871312 -0.0091328623
v 0.0247619692 0.0021781314 -0.0087408425
v 0.0247079693 0.0020611273 -0.0083728434
v 0.0255889799 0.0030631414 -0.0086698534
v 0.0265669804 0.0036751615 -0.0079088214
v 0.0264939591 0.0035421244 -0.0075498221
v 0.0266529899 0.0039951795 -0.0081328743
v 0.0276489798 0.0049701323 -0.0075328354
v 0.0281709395 0.0052781696 -0.0069108605
v 0.0294309799 0.0069931736 -0.0061968566
v 0.0295839906 0.0069321385 -0.0058038235
v 0.0308479592 0.0086261627 -0.0046108367
v 0.0294859391 0.0067741266 -0.0054608584
v 0.0309929792 0.0090911376 -0.0047168739
v 0.0338319503 0.0137781500 -0.0007018800
v 0.0345239602 0.0156841204 0.0003781198
v 0.0345139503 0.0153711402 0.0007641198
v 0.0337119587 0.0135831795 -0.0003868800
v 0.0342679583 0.0151591302 0.0011391029
v 0.0334639512 0.0134751704 -0.0001068800
v 0.0338509604 0.0151041701 0.0014041049
v 0.0329249501 0.0129781300 -0.0003068800
v 0.0326469503 0.0118401599 -0.0013888479
v 0.0318069384 0.0108801702 -0.0019308329
v 0.0316439793 0.0101001801 -0.0027108787
v 0.0305049401 0.0088151691 -0.0034618377
v 0.0280829594 0.0051311245 -0.0065608625
v 0.0328889415 0.0119351697 -0.0016798379
v 0.0298789702 0.0234871514 0.0095500919
v 0.0297749601 0.0237731307 0.0092440826
v 0.0297449809 0.0235901408 0.0097240779
v 0.0295009594 0.0239631504 0.0095130783
v 0.0294399802 0.0238941301 0.0097240778
v 0.0291329604 0.0239961713 0.0097280723
v 0.0292649809 0.0235901408 0.0100760982
v 0.0290249493 0.0236541599 0.0100760982
v 0.0290249493 0.0231741600 0.0102040685
v 0.0287439805 0.0238671310 0.0098471018
v 0.0287849903 0.0235901408 0.0100760982
v 0.0290249493 0.0231741600 0.0102040685
v 0.0284099504 0.0236001600 0.0098471018
v 0.0286089703 0.0234141302 0.0100760982
v 0.0290249493 0.0231741600 0.0102040685
v 0.0286019407 0.0232221399 0.0101050680
v 0.0286019407 0.0232221399 0.0101050680
v 0.0289079491 0.0228311409 0.0101330785
v 0.0290249493 0.0231741600 0.0102040685
v 0.0292439405 0.0225321602 0.0099230978
v 0.0290249493 0.0226941712 0.0100760983
v 0.0290249493 0.0231741600 0.0102040685
v 0.0292649809 0.0227581810 0.0100760983
v 0.0295839906 0.0227971606 0.0099281055
v 0.0294399802 0.0229341302 0.0100760983
v 0.0298109595 0.0231391702 0.0097950670
v 0.0295049492 0.0231741600 0.0100760983
v 0.0294399802 0.0234141302 0.0100760982
v 0.0290249493 0.0231741600 0.0102040685
v 0.0290249493 0.0231741600 0.0102040685
v 0.0290249493 0.0231741600 0.0102040685
v 0.0290249493 0.0231741600 0.0102040685
v 0.0290249493 0.0231741600 0.0102040685
v 0.0284939408 0.0239851407 0.0088950974
v 0.0285519306 0.0240211400 0.0089001032
v 0.0287719294 0.0238581213 0.0085020643
v 0.0289599802 0.0241331409 0.0089001032
v 0.0291469600 0.0239931314 0.0086401077
v 0.0293749496 0.0240491598 0.0089001032
v 0.0294919591 0.0239781707 0.0088821035
v 0.0293849707 0.0240721710 0.0093631121
v 0.0297409799 0.0238151501 0.0091810805
v 0.0294669792 0.0240051716 0.0094490620
v 0.0290999394 0.0240381311 0.0096641165
v 0.0289589707 0.0241571616 0.0093631121
v 0.0287109595 0.0239081316 0.0097830874
v 0.0285399500 0.0240431398 0.0093631121
v 0.0283499304 0.0239061702 0.0093631121
v 0.0283769295 0.0236421812 0.0097841007
v 0.0206129495 0.0000071804 -0.0100638196
v 0.0207269695 0.0004261802 -0.0102548497
v 0.0219649598 0.0006811802 -0.0098638535
v 0.0221379306 0.0011121622 -0.0100118500
v 0.0232479498 0.0014331332 -0.0095678560
v 0.0236639306 0.0020521274 -0.0096168510
v 0.0244519692 0.0022501333 -0.0091848375
v 0.0250699501 0.0030801282 -0.0090998414
v 0.0255819503 0.0031261433 -0.0087218287
v 0.0263669398 0.0041831725 -0.0084758404
v 0.0266439896 0.0040581216 -0.0081848505
v 0.0274009705 0.0051831592 -0.0078648323
v 0.0276379492 0.0050321802 -0.0075848693
v 0.0283529703 0.0062051405 -0.0072048306
v 0.0294179898 0.0070531354 -0.0062488314
v 0.0300539695 0.0083031650 -0.0057718755
v 0.0309789702 0.0091501471 -0.0047688486
v 0.0308219697 0.0093741404 -0.0050068495
v 0.0315419398 0.0104611494 -0.0042118438
v 0.0312839709 0.0107211393 -0.0043418406
v 0.0319539905 0.0118171496 -0.0035218598
v 0.0316189490 0.0120171297 -0.0035268669
v 0.0322329402 0.0131121201 -0.0026888259
v 0.0314379297 0.0123711794 -0.0032278299
v 0.0325049683 0.0143941602 -0.0016598711
v 0.0219649598 0.0014511332 -0.0100958302
v 0.0208429601 0.0008861802 -0.0102868602
v 0.0209509693 0.0013351433 -0.0101748697
v 0.0217669606 0.0017781242 -0.0100238306
v 0.0210489593 0.0017311562 -0.0099318625
v 0.0222439691 0.0024071324 -0.0096788399
v 0.0232439600 0.0026881683 -0.0096418264
v 0.0233629309 0.0031391373 -0.0093488696
v 0.0246079508 0.0036851752 -0.0091398352
v 0.0244179294 0.0039281233 -0.0089438551
v 0.0254139900 0.0047681325 -0.0084718460
v 0.0258719902 0.0047601455 -0.0085318688
v 0.0263519809 0.0056511744 -0.0079398756
v 0.0268819891 0.0057361716 -0.0079348688
v 0.0272239391 0.0065611595 -0.0073608756
v 0.0278139692 0.0067381253 -0.0072888737
v 0.0288019702 0.0084391222 -0.0060958268
v 0.0294869505 0.0088011618 -0.0058788655
v 0.0301999394 0.0103791297 -0.0047128800
v 0.0302439891 0.0098581310 -0.0051248668
v 0.0309549496 0.0109301793 -0.0043398737
v 0.0305669904 0.0096401568 -0.0051328538
v 0.0330429599 0.0147351603 -0.0014158491
v 0.0333929583 0.0164421704 -0.0000098802
v 0.0338689610 0.0163251702 -0.0000928801
v 0.0333889686 0.0145581298 -0.0013938551
v 0.0342759416 0.0160671398 0.0000281196
v 0.0336579606 0.0143171501 -0.0012478241
v 0.0345059596 0.0157381203 0.0003211198
v 0.0335329697 0.0135101600 -0.0014718780
v 0.0328379795 0.0126721801 -0.0025388599
v 0.0323539302 0.0113111695 -0.0031698348
v 0.0322159491 0.0115621600 -0.0033878688
v 0.0234719496 0.0023791783 -0.0097058408
v 0.0248619895 0.0033941253 -0.0091948502
v 0.0261449795 0.0044871553 -0.0085768694
v 0.0271699391 0.0054771293 -0.0079718236
v 0.0281129405 0.0064911236 -0.0073178415
v 0.0298029706 0.0085751410 -0.0058928725
v 0.0325729810 0.0129221601 -0.0026778579
v 0.0338539407 0.0151121599 0.0014110789
v 0.0338509604 0.0151041701 0.0014041049
v 0.0342709385 0.0151671703 0.0011460768
v 0.0342679583 0.0151591302 0.0011391029
v 0.0345169902 0.0153801405 0.0007701198
v 0.0345139503 0.0153711402 0.0007641198
v 0.0345269404 0.0156921707 0.0003841198
v 0.0345239602 0.0156841204 0.0003781198
v 0.0311229806 0.0219781311 0.0071631053
v 0.0297749601 0.0237731307 0.0092440826
v 0.0311989691 0.0217271397 0.0074670894
v 0.0298789702 0.0234871514 0.0095500919
v 0.0311189797 0.0213721307 0.0077210644
v 0.0298109595 0.0231391702 0.0097950670
v 0.0295839906 0.0227971606 0.0099281055
v 0.0308709703 0.0210331610 0.0078600620
v 0.0292439405 0.0225321602 0.0099230978
v 0.0305589400 0.0207821714 0.0078420614
v 0.0320709310 0.0192131404 0.0057550645
v 0.0317679606 0.0189581499 0.0057250834
v 0.0331829712 0.0172871298 0.0035780646
v 0.0328679606 0.0170661810 0.0035790788
v 0.0338539407 0.0151121599 0.0014110789
v 0.0341919586 0.0153101600 0.0013750779
v 0.0334379598 0.0175891503 0.0034331068
v 0.0323229395 0.0195331503 0.0056120734
v 0.0324129388 0.0198751599 0.0053641185
v 0.0344359800 0.0155821397 0.0012320859
v 0.0345459506 0.0158821308 0.0010051118
v 0.0335399508 0.0179171509 0.0031890846
v 0.0345039293 0.0161621497 0.0007321198
v 0.0334919617 0.0181661809 0.0029000617
v 0.0323639512 0.0201071505 0.0050460676
v 0.0300889593 0.0221091514 0.0064221003
v 0.0287719294 0.0238581213 0.0085020643
v 0.0298409406 0.0225781710 0.0069490654
v 0.0291469600 0.0239931314 0.0086401077
v 0.0302089397 0.0226791506 0.0070911023
v 0.0294919591 0.0239781707 0.0088821035
v 0.0305379592 0.0226411806 0.0073270771
v 0.0297409799 0.0238151501 0.0091810805
v 0.0310919806 0.0220221212 0.0071011164
v 0.0315069482 0.0212651402 0.0057350972
v 0.0323359296 0.0201521501 0.0049830655
v 0.0321979485 0.0201981611 0.0045201162
v 0.0328529403 0.0191091208 0.0032960756
v 0.0318529606 0.0202581197 0.0042821144
v 0.0325019285 0.0191791600 0.0030570605
v 0.0314619504 0.0201711602 0.0041480645
v 0.0320999585 0.0190981610 0.0029261095
v 0.0313009582 0.0202861394 0.0043050627
v 0.0324039385 0.0183951800 0.0021581035
v 0.0327019617 0.0180041698 0.0016970616
v 0.0333929583 0.0164421704 -0.0000098802
v 0.0332679711 0.0168911796 0.0004601197
v 0.0338439308 0.0165361706 0.0000981197
v 0.0336889587 0.0169591308 0.0005841197
v 0.0342389308 0.0164511707 0.0003441198
v 0.0340509415 0.0168691204 0.0008251197
v 0.0344819389 0.0162091796 0.0006691198
v 0.0334699713 0.0179991705 0.0020641066
v 0.0334669314 0.0182121305 0.0028371196
v 0.0307869893 0.0212221708 0.0053600644
v 0.0311689302 0.0213151504 0.0054981092
v 0.0331139490 0.0180791599 0.0018240786
v 0.0345039293 0.0161621497 0.0007321198
v 0.0345459506 0.0158821308 0.0010051118
v 0.0345499516 0.0160141495 0.0006091198
v 0.0345939286 0.0157721602 0.0007461198
v 0.0345579311 0.0158551298 0.0004921198
v 0.0345269404 0.0156921707 0.0003841198
v 0.0345169902 0.0153801405 0.0007701198
v 0.0344359800 0.0155821397 0.0012320859
v 0.0344479606 0.0154091698 0.0011060819
v 0.0341919586 0.0153101600 0.0013750779
v 0.0342709385 0.0151671703 0.0011460768
v 0.0338539407 0.0151121599 0.0014110789
v 0.0345369503 0.0159011409 0.0004291198
v 0.0345059596 0.0157381203 0.0003211198
v 0.0343979485 0.0161531493 0.0002441198
v 0.0342759416 0.0160671398 0.0000281196
v 0.0341379605 0.0164831206 0.0002441198
v 0.0338689610 0.0163251702 -0.0000928801
v 0.0338439308 0.0165361706 0.0000981197
v 0.0333929583 0.0164421704 -0.0000098802
v 0.0342389308 0.0164511707 0.0003441198
v 0.0344819389 0.0162091796 0.0006691198
v 0.0345289707 0.0160601698 0.0005461198
v 0.0344819389 0.0162091796 0.0006691198
v 0.0345039293 0.0161621497 0.0007321198
v 0.0345009491 0.0161671602 0.0006851198
v 0.0345499516 0.0160141495 0.0006091198
v 0.0345459506 0.0158561394 0.0004451198
v 0.0345579311 0.0158551298 0.0004921198
v 0.0345269404 0.0156921707 0.0003841198
v 0.0345059596 0.0157381203 0.0003211198
v 0.0345369503 0.0159011409 0.0004291198
v 0.0345289707 0.0160601698 0.0005461198
vn -0.4648703965 -0.5328784252 -0.7070615945
vn -0.4649116644 -0.5327189366 -0.7071546357
vn -0.4648852873 -0.5327493228 -0.7071490852
vn -0.4649234760 -0.5327999228 -0.7070858532
vn -0.4649088492 -0.5328333895 -0.7070702517
vn -0.4649647350 -0.5325959605 -0.7072123712
vn -0.4650155120 -0.5325249775 -0.7072324384
vn -0.4648832640 -0.5329490363 -0.7069999120
vn -0.4649542733 -0.5328456217 -0.7070311642
vn -0.4649119179 -0.5329860779 -0.7069531451
vn -0.4649015077 -0.5327228760 -0.7071583454
vn -0.4651008036 -0.5325957059 -0.7071230845
vn -0.4658801492 -0.5323222479 -0.7068158961
vn -0.4648081739 -0.5329183709 -0.7070723947
vn -0.4634843439 -0.5335873389 -0.7074367920
vn -0.4647919398 -0.5328379696 -0.7071436564
vn -0.4649636625 -0.5326330152 -0.7071851693
vn -0.4649234403 -0.5327654584 -0.7071118447
vn -0.4648795000 -0.5327174006 -0.7071769380
vn -0.4649489071 -0.5328743752 -0.7070130226
vn -0.4648459114 -0.5327441594 -0.7071788595
vn -0.4648944045 -0.5327792166 -0.7071205689
vn -0.4649269927 -0.5327755979 -0.7071018694
vn -0.4650169100 -0.5328727273 -0.7069695396
vn -0.4649014451 -0.5328424675 -0.7070682790
vn -0.4649006883 -0.5328174262 -0.7070876468
vn -0.4649950996 -0.5327560639 -0.7070718024
vn -0.4650246109 -0.5328377875 -0.7069908086
vn -0.4647330862 -0.5327034603 -0.7072836644
vn -0.4649914464 -0.5326081151 -0.7071856548
vn 0.4651380148 0.5325649812 0.7071217490
vn 0.4640894544 0.5330989130 0.7074083172
vn 0.4649178297 0.5327918856 0.7070956217
vn 0.4649177657 0.5328003668 0.7070892732
vn 0.4649145573 0.5327426401 0.7071348766
vn 0.4649357996 0.5329286522 0.7069807309
vn 0.4648673626 0.5328159076 0.7071107012
vn 0.4648565631 0.5327822212 0.7071431825
vn 0.4649295517 0.5326922277 0.7071629957
vn 0.4649347523 0.5326660415 0.7071793014
vn 0.4650027275 0.5327976630 0.7070354402
vn 0.4648589475 0.5327296511 0.7071812199
vn 0.4648887928 0.5327593323 0.7071392396
vn 0.4650380110 0.5328310012 0.7069871091
vn 0.4649002828 0.5327876345 0.7071103616
vn 0.4649541645 0.5327908912 0.7070724794
vn 0.4647530285 0.5326807082 0.7072876965
vn 0.4650143500 0.5327160716 0.7070892739
vn 0.4648864080 0.5327193189 0.7071709517
vn 0.4647639033 0.5326635171 0.7072934976
vn 0.4649261268 0.5326162120 0.7072225020
vn 0.4647843558 0.5330394272 0.7069967975
vn 0.4649875062 0.5326549899 0.7071529402
vn 0.4649715639 0.5326844785 0.7071412101
vn 0.4649066263 0.5327772777 0.7071139945
vn 0.4649683568 0.5326201262 0.7071917904
vn 0.4649290347 0.5327312096 0.7071339696
vn 0.4569121336 0.5388617793 0.7077141266
vn 0.4235251992 0.5630976548 0.7096107643
vn 0.4626765087 0.5340565987 0.7076114737
vn 0.4648255103 0.5329737924 0.7070192229
vn -0.0912562997 -0.7725685484 0.6283391806
vn -0.0907224672 -0.7713286341 0.6299377526
vn -0.0836490450 -0.7658677056 0.6375339166
vn -0.0830945189 -0.7658382889 0.6376417617
vn -0.0751023905 -0.7739904761 0.6287275832
vn -0.0736606298 -0.7744325981 0.6283536127
vn -0.0659594014 -0.7719319303 0.6322740326
vn -0.0656855362 -0.7712666939 0.6331138106
vn -0.3847813092 0.8444547742 -0.3726116993
vn -0.3847813092 0.8444547742 -0.3726116993
vn -0.3847813092 0.8444547742 -0.3726116993
vn -0.2288557587 0.6689915935 -0.7071600169
vn -0.2289371205 0.6690354773 -0.7070921616
vn -0.2289945801 0.6690198706 -0.7070883219
vn -0.2289779651 0.6689687687 -0.7071420494
vn -0.2289906973 0.6690233895 -0.7070862499
vn -0.2289453319 0.6689537368 -0.7071668353
vn -0.2288986119 0.6691379247 -0.7070076826
vn -0.2286526650 0.6689957441 -0.7072217850
vn -0.2290102695 0.6690747633 -0.7070312989
vn -0.2289520838 0.6690738635 -0.7070509942
vn -0.2289247080 0.6690674329 -0.7070659434
vn -0.2288559023 0.6690491805 -0.7071054872
vn -0.2288958885 0.6690089650 -0.7071305940
vn -0.2289326342 0.6690338421 -0.7070951613
vn -0.2289083524 0.6689466039 -0.7071855536
vn -0.2286326301 0.6690767078 -0.7071516666
vn -0.2282876363 0.6693969028 -0.7069600708
vn -0.2294940515 0.6686205963 -0.7073040213
vn -0.2305944170 0.6679004608 -0.7076264476
vn -0.2284658304 0.6690944618 -0.7071887764
vn -0.2293677406 0.6689390179 -0.7070438670
vn -0.2291962721 0.6689513528 -0.7070877997
vn -0.2290005976 0.6689857435 -0.7071186614
vn -0.2289662604 0.6690334110 -0.7070846813
vn -0.2289533617 0.6690334013 -0.7070888672
vn -0.2289960450 0.6689924810 -0.7071137615
vn -0.2288852071 0.6690222034 -0.7071215265
vn -0.2287090475 0.6691541969 -0.7070536276
vn -0.2287989249 0.6688543059 -0.7073082563
vn -0.2286643034 0.6689662863 -0.7072458866
vn 0.2286082944 -0.6692447084 0.7070005431
vn 0.2295412358 -0.6686030929 0.7073052561
vn 0.2290756978 -0.6689602649 0.7071184403
vn 0.2289807239 -0.6690083762 0.7071036845
vn 0.2289781614 -0.6689834506 0.7071280962
vn 0.2289697812 -0.6690282927 0.7070883840
vn 0.2294533480 -0.6689501050 0.7070055998
vn 0.2289650733 -0.6690024553 0.7071143543
vn 0.2289167231 -0.6690720677 0.7070641428
vn 0.2289694168 -0.6690486584 0.7070692320
vn 0.2289043832 -0.6691347476 0.7070088210
vn 0.2289569745 -0.6690046943 0.7071148583
vn 0.2289325755 -0.6690126654 0.7071152165
vn 0.2285586969 -0.6690369228 0.7072132055
vn 0.2287109104 -0.6690598482 0.7071423046
vn 0.2288379317 -0.6691125711 0.7070513194
vn 0.2289210375 -0.6690173008 0.7071145663
vn 0.2289419606 -0.6689823760 0.7071408341
vn 0.2289704150 -0.6690145048 0.7071012243
vn 0.2289474316 -0.6688769081 0.7072388249
vn 0.2287646253 -0.6690680666 0.7071171532
vn 0.2287969433 -0.6690227571 0.7071495664
vn 0.2288749928 -0.6689287767 0.7072132135
vn 0.2288699356 -0.6688891200 0.7072523579
vn 0.2287813693 -0.6689739281 0.7072007979
vn 0.2287615287 -0.6690671241 0.7071190468
vn 0.2283934005 -0.6690801740 0.7072256891
vn 0.2215322000 -0.6721699880 0.7064778777
vn 0.1897154548 -0.6848594693 0.7035449904
vn 0.2315932537 -0.6675111492 0.7076675989
vn 0.2295093111 -0.6688784771 0.7070552023
vn -0.6183846213 0.4573174880 0.6391096739
vn -0.6186939424 0.4577280393 0.6385161295
vn -0.6238428718 0.4569545995 0.6340446082
vn -0.6244276077 0.4568827542 0.6335205692
vn -0.6321346385 0.4507817308 0.6302393435
vn -0.6329802384 0.4499053247 0.6300168384
vn -0.6360947458 0.4453575192 0.6301112239
vn -0.6359934733 0.4452255396 0.6303066879
vn 0.9289297164 -0.0734129837 -0.3629051057
vn 0.9289297164 -0.0734129837 -0.3629051057
vn 0.9289297164 -0.0734129837 -0.3629051057
vn -0.9989578128 0.0423142211 -0.0171112500
vn -0.9982928154 -0.0552956463 -0.0188108029
vn 0.0597502391 -0.9979136136 0.0244607608
vn -0.9997122394 -0.0189176357 -0.0147499625
vn -0.9998522311 0.0030427939 -0.0169191446
vn -0.9936904790 0.1111595716 -0.0149258715
vn -0.9969502809 0.0757412678 -0.0187988763
vn -0.9785853873 0.2050111803 -0.0184676921
vn -0.9715310113 0.2363330862 -0.0165579713
vn -0.9434605308 0.3309734245 -0.0184070410
vn -0.9332896876 0.3587406287 -0.0165988070
vn -0.8921772841 0.4513132649 -0.0183311402
vn -0.8798343992 0.4749884086 -0.0166565806
vn -0.8255982023 0.5639625523 -0.0182715066
vn -0.8118630742 0.5836081489 -0.0167295315
vn -0.7449400433 0.6668828378 -0.0182102316
vn -0.7305704672 0.6826305157 -0.0168039151
vn -0.6514394074 0.7584836608 -0.0181448286
vn -0.6372543127 0.7704684810 -0.0168896653
vn -0.5469263577 0.8369855209 -0.0180775278
vn -0.5335140774 0.8456208580 -0.0169733239
vn -0.4331707399 0.9011320815 -0.0180022740
vn -0.4209824391 0.9069086065 -0.0170459784
vn -0.3125440798 0.9497134680 -0.0189875456
vn -0.3016616588 0.9532683731 -0.0167228133
vn -0.2258072657 0.9740066917 -0.0179455658
vn -0.1772355874 0.9840333265 -0.0163082459
vn -0.1311765289 0.9911981903 -0.0178568147
vn -0.0494811362 0.9986330671 -0.0168408546
vn -0.0536233394 0.9983671706 -0.0196857868
vn 0.0755924246 0.9969831541 -0.0176174859
vn 0.0784087164 0.9967694719 -0.0173980795
vn 0.2049917086 0.9786059595 -0.0175720055
vn 0.2048988995 0.9786277741 -0.0174390561
vn 0.3283570895 0.9443932232 -0.0174086692
vn 0.4466314940 -0.8945591628 -0.0168586128
vn 0.5470430208 -0.8368908007 -0.0189135189
vn 0.5317233247 -0.8467474080 -0.0170039094
vn 0.5873587403 -0.8091906824 -0.0148374448
vn 0.4771490501 -0.8786999374 -0.0146698349
vn 0.5000437994 -0.8658403855 -0.0166320634
vn 0.4330773760 -0.9011588426 -0.0188872125
vn 0.5279460663 0.8490983024 -0.0174649332
vn 0.4508852514 0.8923930410 -0.0183616556
vn 0.4771662655 0.8786412316 -0.0173764552
vn 0.4452076844 0.8953014692 -0.0150132233
vn 0.5018968084 0.8647971353 -0.0150169415
vn 0.5585507816 0.8293363166 -0.0149096733
vn 0.5642667137 0.8253862754 -0.0184545983
vn -0.1856459415 0.9823842445 -0.0213724251
vn -0.1726525510 0.9848225537 -0.0177661023
vn -0.1883326526 0.9819494651 -0.0174945699
vn -0.1980230131 0.9800367486 -0.0177442280
vn -0.9892165210 -0.1455381742 -0.0164108037
vn -0.9825578550 -0.1850249450 -0.0185965394
vn -0.9624809644 -0.2708550357 -0.0163689560
vn -0.9499699856 -0.3117847482 -0.0186359148
vn -0.9199361228 -0.3917276053 -0.0163405357
vn -0.9011140613 -0.4331796674 -0.0186768382
vn -0.8622767367 -0.5061744456 -0.0163174780
vn -0.8375814819 -0.5459389099 -0.0201982111
vn -0.7905770148 -0.6121519718 -0.0160607279
vn -0.7918641349 -0.6104332173 -0.0179577030
vn -0.7317103709 -0.6813751444 -0.0181065095
vn -0.7580061284 -0.6518991414 -0.0213124075
vn -0.7671481123 -0.6412288064 -0.0175895313
vn -0.7574184627 -0.6526981618 -0.0173891358
vn -0.7499943215 -0.6612081897 -0.0176705275
vn -0.6664621605 -0.7452859716 -0.0194167253
vn -0.7056857810 -0.7083432046 -0.0160462759
vn -0.6093480003 -0.7927365274 -0.0162423130
vn -0.5639447507 -0.8255995455 -0.0187538956
vn -0.5029226382 -0.8641791402 -0.0162244782
vn -0.4512927992 -0.8921786932 -0.0187613631
vn -0.3883893064 -0.9213526089 -0.0162208742
vn -0.3309550169 -0.9434596560 -0.0187790946
vn -0.2673760880 -0.9634556153 -0.0162266722
vn -0.2654280715 -0.9639496824 -0.0186801663
vn -0.2051217518 -0.9786037102 -0.0161197206
vn -0.0812068436 -0.9965644789 -0.0162692358
vn -0.1403917506 -0.9899170398 -0.0188257991
vn -0.0755487519 -0.9969652344 -0.0187805061
vn -0.0140516751 -0.9997696879 -0.0162210210
vn 0.0551507370 -0.9983018253 -0.0187579808
vn 0.1137139912 -0.9933811108 -0.0162202624
vn 0.1850329637 -0.9825534579 -0.0187484568
vn 0.2398876011 -0.9706649413 -0.0162330100
vn 0.3117957503 -0.9499644953 -0.0187314616
vn 0.3620857312 -0.9320031329 -0.0162506472
vn 0.6514606515 -0.7584521730 -0.0186901253
vn 0.6853947810 -0.7279881248 -0.0163488342
vn 0.7449576776 -0.6668511722 -0.0186433017
vn 0.7728869581 -0.6343324742 -0.0163726083
vn 0.8256125796 -0.5639309192 -0.0185953417
vn 0.8475992756 -0.5303831586 -0.0164064935
vn 0.8916050409 -0.4523640038 -0.0201806629
vn 0.9083627450 -0.4178720966 -0.0161255828
vn 0.9248411599 -0.3799232814 -0.0180867129
vn 0.9544875921 -0.2978108903 -0.0161898176
vn 0.9562287858 -0.2920735813 -0.0178754654
vn 0.9787098752 -0.2043425227 -0.0192643096
vn 0.9436130743 -0.3303580560 -0.0213990836
vn 0.9474558793 -0.3193928108 -0.0177648303
vn 0.9439469335 -0.3296335201 -0.0174908310
vn 0.9389676303 -0.3435493260 -0.0177101623
vn 0.9846994791 -0.1734725058 -0.0165597584
vn 0.9969725766 -0.0755433633 -0.0184087394
vn 0.9987895249 -0.0462959444 -0.0166183777
vn 0.9983086236 0.0551636469 -0.0183538602
vn 0.9965006383 0.0819055183 -0.0166722512
vn 0.9825569344 0.1850611109 -0.0182826681
vn 0.9778453429 0.2086587742 -0.0167332422
vn 0.9499701966 0.3118091656 -0.0182118013
vn 0.9431578569 0.3319196463 -0.0168108682
vn 0.9011139136 0.4332023912 -0.0181494623
vn 0.8928815655 0.4499748721 -0.0168856265
vn 0.8369494649 0.5469818469 -0.0180679927
vn 0.8280751214 0.5603606848 -0.0169557153
vn 0.7584550669 0.6514771470 -0.0179843939
vn 0.7497491573 0.6615026150 -0.0170438108
vn 0.6668461677 0.7449802385 -0.0179062230
vn 0.6588157575 0.7521093398 -0.0171271322
vn 0.3309326915 0.9434898401 -0.0176203116
vn 0.9996373132 -0.0268334709 -0.0022818545
vn 0.9992583706 -0.0384906774 -0.0010846785
vn 0.9975818963 -0.0694336559 -0.0030540999
vn 0.9989387557 -0.0460549043 -0.0005551246
vn 0.9986181157 -0.0525526784 -0.0002739388
vn 0.9983507025 -0.0574094985 -0.0001559062
vn 0.9962274235 -0.0867795709 0.0004761072
vn 0.9914069081 -0.1308054193 0.0015115751
vn 0.9999838205 -0.0053902149 0.0018177546
vn 0.9984209225 -0.0561610906 0.0012622857
vn 0.9994994913 -0.0316330756 0.0003396184
vn 0.9998300982 0.0184328957 -0.0000555806
vn 0.9928018887 0.1197519564 0.0019694331
vn 0.9966902928 0.0812894557 0.0006962073
vn 0.9891948375 0.1466068480 -0.0000746670
vn 0.9699501079 0.2432922250 0.0023835812
vn 0.9773550869 0.2116049591 0.0006127500
vn 0.9548621200 0.2970476246 -0.0010200755
vn 0.9318101393 0.3629331461 0.0030652371
vn 0.9206814148 0.3903114411 -0.0016466545
vn 0.8787658743 0.4772436212 0.0030106878
vn 0.8776346548 0.4793286194 -0.0012195619
vn 0.8129087490 0.5823741642 0.0044383223
vn 0.8311324758 0.5560743838 0.0002955296
vn 0.7990851500 0.6012172937 0.0008298731
vn 0.7849568800 0.6195395538 0.0036657627
vn 0.7697932972 0.6382799742 0.0041175327
vn 0.7319468235 0.6813444934 0.0048506648
vn 0.7489686059 0.6626048843 0.0008914259
vn 0.7295214663 0.6839579155 0.0000023219
vn 0.7231130762 0.6907296655 0.0000908962
vn 0.7107251349 0.7034687076 0.0012490235
vn 0.6835801028 0.7298748091 0.0010030707
vn 0.7140159442 0.7001291824 -0.0005995398
vn 0.6882835468 0.7254401161 -0.0015482577
vn 0.6410410527 0.7675034339 0.0022017568
vn 0.7315481935 0.6817893034 -0.0007657676
vn 0.7739693552 0.6332208017 -0.0016892321
vn 0.7717567293 0.6359178500 0.0001970466
vn 0.8188842644 0.5739585313 -0.0004073211
vn 0.8471590471 0.5313360086 -0.0018960008
vn 0.8627549619 0.5056219522 0.0005631467
vn 0.9069937996 0.4211372302 -0.0023834344
vn 0.8996117805 0.4366905571 0.0000412697
vn 0.9313849567 0.3640357969 -0.0000327253
vn 0.9526748164 0.3039794362 -0.0026826247
vn 0.9578920626 0.2871278825 0.0006128486
vn 0.9831598782 0.1827129765 -0.0035527740
vn 0.9771353558 0.2126175048 -0.0005413246
vn 0.9907014921 0.1360527121 -0.0004616071
vn 0.9983348037 0.0574902637 -0.0047422823
vn 0.9963316598 0.0855695397 -0.0010380399
vn 0.9990532695 0.0435032389 -0.0001811731
vn 0.9999946711 0.0015583693 -0.0028686574
vn -0.4742762276 0.8803760900 0.0000046374
vn -0.4697159118 0.8828176268 0.0000068288
vn -0.4764554673 0.8791885281 -0.0042094877
vn -0.4576849268 0.8891142367 -0.0006179076
vn -0.4478190059 0.8941233479 -0.0012556343
vn -0.3643133752 0.9312409378 -0.0081289895
vn -0.4123325482 0.9110329692 -0.0008936814
vn -0.3625381398 0.9319664065 -0.0021712368
vn -0.4208024787 0.9071508827 0.0015968199
vn -0.3039429141 0.9526894338 0.0012440365
vn -0.4522551695 0.8918883889 0.0006028988
vn -0.4714699920 0.8818816926 0.0008526162
vn -0.5310664977 0.8473275847 0.0020830649
vn -0.5153089819 0.8570044636 0.0000510397
vn -0.5694320956 0.8220383727 0.0000487805
vn -0.6331978965 0.7739861994 0.0024056229
vn -0.6214441345 0.7834584778 -0.0000362474
vn -0.6731933262 0.7394664970 -0.0002130311
vn -0.7253145996 0.6884129694 0.0025129956
vn -0.7351089102 0.6779478239 -0.0012799578
vn -0.8058947236 0.5920547661 0.0022019170
vn -0.7975893329 0.6032007285 -0.0003703418
vn -0.8518996544 0.5237047655 0.0005453377
vn -0.8731723374 0.4873999326 0.0033726702
vn -0.8981958117 0.4395955786 -0.0001049771
vn -0.9276735958 0.3733484747 0.0057110446
vn -0.9200798503 0.3917302027 0.0007192921
vn -0.9293296449 0.3692511491 -0.0000067231
vn -0.9378137254 0.3471363985 0.0013180931
vn -0.9494958230 0.3137591515 0.0035884416
vn -0.9676412505 0.2523037760 0.0036352508
vn -0.9544732943 0.2982791809 0.0032032477
vn -0.9589808450 0.2834673673 0.0014108956
vn -0.9631711655 0.2688887917 0.0003516350
vn -0.9703666739 0.2416361261 -0.0007076249
vn -0.9680728198 0.2506647591 -0.0014812520
vn -0.9642534435 0.2649743098 -0.0019778258
vn -0.9494209443 0.3140011477 -0.0017747557
vn -0.9559378988 0.2935688823 -0.0002120638
vn -0.9366675286 0.3502195181 0.0004795976
vn -0.9025537969 0.4305729734 -0.0018863270
vn -0.9058887236 0.4235157307 0.0002151180
vn -0.8702152387 0.4926716726 -0.0002477593
vn -0.8414720872 0.5402964615 -0.0021118970
vn -0.8272297835 0.5618634325 0.0006071189
vn -0.7672025624 0.6413992614 -0.0026861964
vn -0.7810523230 0.6244655783 -0.0001008376
vn -0.7285370798 0.6850063598 0.0001016927
vn -0.6805566587 0.7326891686 -0.0030358584
vn -0.6706804795 0.7417461880 0.0005357922
vn -0.5840141661 0.8117333870 -0.0040450295
vn -0.6153796655 0.7882299341 -0.0011993077
vn -0.5715231964 0.8205858200 -0.0003847381
vn -0.5372081140 0.8434460098 -0.0025041699
vn -0.5032806160 0.8641221588 -0.0012313556
vn -0.5275561478 -0.8495149156 -0.0029864629
vn -0.5337539653 -0.8456312077 -0.0038164200
vn -0.4865427136 -0.8736437154 -0.0047797980
vn -0.5460159773 -0.8377677592 -0.0034255112
vn -0.5931088429 -0.8051171368 -0.0028803689
vn -0.5536956906 -0.8327154151 -0.0024737957
vn -0.5527424417 -0.8333481280 -0.0025866351
vn -0.5726947001 -0.8197686971 0.0002523207
vn -0.5406115748 -0.8412708463 0.0015774554
vn -0.6416053469 -0.7670339195 0.0012430585
vn -0.5458517779 -0.8378817556 0.0000159206
vn -0.5267224422 -0.8500373217 0.0001435331
vn -0.4845727914 -0.8747508095 0.0004808282
vn -0.4306163588 -0.9025329000 0.0019788600
vn -0.4264694034 -0.9045019751 -0.0001582629
vn -0.3692688191 -0.9293223918 0.0006567503
vn -0.3139795438 -0.9494278983 0.0018740554
vn -0.3033555535 -0.9528773841 -0.0003148104
vn -0.1930254240 -0.9811916604 0.0020276042
vn -0.2215267560 -0.9751542820 0.0001505931
vn -0.1241793002 -0.9922596613 -0.0005156247
vn -0.0687511606 -0.9976282970 0.0033254994
vn -0.0241214538 -0.9997074374 -0.0017874711
vn 0.0568156209 -0.9983730657 0.0048173605
vn 0.0705018137 -0.9975112821 -0.0008581059
vn 0.1192092711 -0.9928594538 0.0043880181
vn 0.1823776604 -0.9832127849 0.0055685405
vn 0.1428311641 -0.9897431910 0.0027702767
vn 0.1674656072 -0.9858778710 0.0003063857
vn 0.2012765950 -0.9795342375 0.0006401892
vn 0.2297672203 -0.9732387430 0.0036569981
vn 0.2433166452 -0.9699304848 0.0056448965
vn 0.2602121676 -0.9655478197 0.0026525073
vn 0.3052180849 -0.9522776606 0.0030294945
vn 0.2870427084 -0.9579167164 -0.0014310965
vn 0.3629063604 -0.9318252192 -0.0008569971
vn 0.2437858032 -0.9698286995 -0.0008807671
vn 0.2499681888 -0.9682540495 -0.0000127588
vn 0.2223976549 -0.9749560166 -0.0002208426
vn 0.1663272729 -0.9860704542 -0.0005455232
vn 0.1201385347 -0.9927556857 -0.0016973338
vn 0.0863615092 -0.9962637290 0.0005215454
vn -0.0053534832 -0.9999834090 -0.0021265034
vn 0.0071206887 -0.9999746393 0.0001287415
vn -0.0714324176 -0.9974454296 -0.0001569071
vn -0.1305135441 -0.9914436856 -0.0023734323
vn -0.1518894851 -0.9883972897 0.0006180541
vn -0.2535077902 -0.9673284538 -0.0030761769
vn -0.2279942973 -0.9736624325 -0.0002604402
vn -0.3057580172 -0.9521092192 0.0002640180
vn -0.3727419947 -0.9279251581 -0.0042785862
vn -0.3787591445 -0.9254951236 0.0005354505
vn -0.4244939447 -0.9054270460 -0.0025990912
vn -0.4598828459 -0.8879787083 -0.0012576445
vn -0.4973083220 -0.8675738512 -0.0002133265
vn 0.9812607553 -0.1926805096 -0.0012455304
vn 0.9672212945 -0.2539318969 0.0012486956
vn 0.9493815793 -0.3141226947 -0.0012448322
vn 0.9277821896 -0.3731201493 0.0012501132
vn 0.9025680370 -0.4305454675 -0.0012405687
vn 0.8737119632 -0.4864420048 0.0012575109
vn 0.8413794527 -0.5404434039 -0.0012424748
vn 0.8058050518 -0.5921795798 0.0012504899
vn 0.7670398219 -0.6415982898 -0.0012434670
vn 0.7253059872 -0.6884254984 0.0012482173
vn 0.6805971184 -0.7326568100 -0.0012494740
vn 0.6332830050 -0.7739193065 0.0012420337
vn 0.5834144815 -0.8121736080 -0.0012543036
vn 0.5311581157 -0.8472718003 0.0012460033
vn 0.4770306421 -0.8788857849 -0.0012423921
vn 0.4210141200 -0.9070532261 0.0012473103
vn 0.5921710868 0.8058112912 -0.0012517546
vn 0.5404437729 0.8413792182 0.0012407561
vn 0.4864362114 0.8737151858 -0.0012595140
vn 0.4305444973 0.9025685029 0.0012383077
vn 0.3731257241 0.9277799450 -0.0012520942
vn 0.3141205320 0.9493822968 0.0012433366
vn 0.2539426099 0.9672184808 -0.0012495296
vn 0.1926776311 0.9812613207 0.0012453494
vn 0.1306304822 0.9914303350 -0.0012522173
vn 0.0681932342 0.9976713631 0.0012385611
vn 0.0053943643 0.9999846589 -0.0012581160
vn -0.0574305467 0.9983487376 0.0012370739
vn -0.1198730950 0.9927884347 -0.0012510080
vn -0.1820575962 0.9832870754 0.0012486299
vn -0.2435099928 0.9698975830 -0.0012497416
vn -0.9812636550 0.1926652273 0.0013226745
vn -0.9974519922 0.0713311250 0.0011806490
vn -0.9914411990 0.1305474114 -0.0013123604
vn -0.9976713636 0.0681932257 -0.0012386732
vn -0.9999846561 0.0053949033 0.0012579805
vn -0.9983494186 -0.0574187138 -0.0012367953
vn -0.9927882811 -0.1198743586 0.0012518106
vn -0.9832888315 -0.1820481199 -0.0012473880
vn -0.9698970274 -0.2435121973 0.0012514023
vn -0.9526860333 -0.3039535778 -0.0012427874
vn -0.9317251893 -0.3631619538 0.0012517697
vn -0.9070557875 -0.4210086034 -0.0012466534
vn -0.8788854052 -0.4770313389 0.0012434583
vn -0.8472675854 -0.5311648410 -0.0012451068
vn -0.8121735923 -0.5834145021 0.0012549173
vn -0.7739151702 -0.6332880605 -0.0012416669
vn -0.7326578282 -0.6805960222 0.0012495185
vn -0.6884254607 -0.7253060230 -0.0012482246
vn 0.6938306443 -0.1362777829 -0.7071261577
vn 0.6938408251 -0.1362190403 -0.7071274867
vn 0.6938855075 -0.1362116180 -0.7070850710
vn 0.6938557459 -0.1362515185 -0.7071065886
vn 0.6939129302 -0.1362993250 -0.7070412571
vn 0.6938628096 -0.1362735695 -0.7070954078
vn 0.6936443734 -0.1367031454 -0.7072267905
vn 0.6939295567 -0.1361853344 -0.7070469044
vn 0.6938984846 -0.1362184106 -0.7070710273
vn 0.6938729650 -0.1363246066 -0.7070756042
vn 0.6938625295 -0.1362635568 -0.7070976123
vn 0.6938602606 -0.1362766360 -0.7070973181
vn 0.6938450985 -0.1361506761 -0.7071364597
vn 0.6938261800 -0.1362478249 -0.7071363108
vn 0.6938700339 -0.1361452567 -0.7071130356
vn 0.6939669400 -0.1363784747 -0.7069729824
vn 0.6938363784 -0.1363835232 -0.7071001447
vn 0.6937718248 -0.1370553575 -0.7070335806
vn 0.6939011624 -0.1373072640 -0.7068577594
vn 0.6937708267 -0.1360520447 -0.7072283091
vn 0.6937424717 -0.1355390921 -0.7073546052
vn 0.6938579393 -0.1360514138 -0.7071429649
vn 0.6938457325 -0.1361325440 -0.7071393285
vn 0.6938203256 -0.1361254993 -0.7071656130
vn 0.6938879102 -0.1362235256 -0.7070804192
vn 0.6937913370 -0.1362080413 -0.7071781601
vn 0.6938677431 -0.1362644239 -0.7070923291
vn 0.6938285673 -0.1361026860 -0.7071619178
vn 0.6937629887 -0.1361274478 -0.7072214883
vn 0.6938206365 -0.1364625982 -0.7071003350
vn -0.6938762313 0.1360340959 0.7071283479
vn -0.6938927570 0.1359964888 0.7071193653
vn -0.6938789618 0.1361047639 0.7071120700
vn -0.6938700588 0.1361800441 0.7071063124
vn -0.6937745114 0.1360520821 0.7072246872
vn -0.6938710320 0.1362669241 0.7070886199
vn -0.6938917300 0.1361415476 0.7070924593
vn -0.6920533308 0.1513240720 0.7058067813
vn -0.6938565837 0.1362028028 0.7071151517
vn -0.6938499344 0.1361006803 0.7071413390
vn -0.6938685289 0.1362382469 0.7070966020
vn -0.6938437081 0.1362764583 0.7071135946
vn -0.6938561501 0.1362299416 0.7071103492
vn -0.6939046029 0.1361776520 0.7070728740
vn -0.6937520534 0.1363690565 0.7071856679
vn -0.6939072053 0.1363164154 0.7070435809
vn -0.6938522933 0.1362236426 0.7071153473
vn -0.6938714510 0.1362601827 0.7070895079
vn -0.6939288258 0.1363162603 0.7070223914
vn -0.6938163500 0.1362925449 0.7071373379
vn -0.6938772578 0.1362739736 0.7070811518
vn -0.6938016886 0.1360476459 0.7071988793
vn -0.6938905671 0.1362719042 0.7070684896
vn -0.6939657283 0.1365260459 0.7069456887
vn -0.6938123647 0.1363072644 0.7071384110
vn -0.6936923400 0.1361449356 0.7072874197
vn -0.6934373586 0.1359942317 0.7075663917
vn -0.6935754197 0.1365584334 0.7073223675
vn -0.6827757265 0.2095906900 0.6999207454
vn -0.6938369215 0.1349055363 0.7073830805
vn -0.6938730815 0.1355429938 0.7072257373
vn 0.7141078871 0.3062073052 0.6295133134
vn 0.7131394358 0.3060943899 0.6306650216
vn 0.7067512952 0.3104701802 0.6356971558
vn 0.7061359595 0.3110219568 0.6361111138
vn 0.7034913426 0.3222119658 0.6334661632
vn 0.7030948211 0.3237019210 0.6331466962
vn 0.7014363651 0.3298655291 0.6318035758
vn 0.7014421628 0.3298663115 0.6317967306
vn -0.5530665089 -0.7349715289 -0.3923446042
vn -0.5530665089 -0.7349715289 -0.3923446042
vn -0.5530665089 -0.7349715289 -0.3923446042
vn 0.0261405230 -0.9991081584 0.0331596262
vn -0.0359360117 -0.9985189156 0.0408482352
vn -0.0900675312 -0.9959179197 0.0059444975
vn -0.2572207592 -0.9652870317 0.0453698970
vn -0.2038518074 -0.9757174981 0.0801236831
vn -0.3164611729 -0.9470996721 0.0534278692
vn -0.4248762456 -0.9046505153 0.0329791017
vn -0.5269502355 -0.8482031195 0.0536182555
vn -0.6223836542 -0.7820023195 0.0333310558
vn -0.7081017852 -0.7040324234 0.0541314015
vn -0.7856933204 -0.6177034539 0.0335923994
vn -0.8514072258 -0.5217356562 0.0538297406
vn -0.9070595620 -0.4197026450 0.0330551157
vn -0.9487992437 -0.3113067597 0.0535546132
vn -0.9794166873 -0.1991192564 0.0330828421
vn -0.9950291223 -0.0839002954 0.0536450011
vn -0.9989316574 0.0320540561 0.0332878547
vn -0.9875875377 0.1474607695 0.0540941488
vn -0.9646338181 0.2614348106 0.0336665524
vn -0.9268562560 0.3715199581 0.0539481365
vn -0.8783751794 0.4768136551 0.0332533099
vn -0.8165135354 0.5747983771 0.0539673255
vn -0.7447848408 0.6664565253 0.0336339230
vn -0.6615602743 0.7479381911 0.0540968179
vn -0.5708116598 0.8203976410 0.0334926793
vn -0.4713510596 0.8802817675 0.0541496862
vn -0.3662412227 0.9299070796 0.0337666998
vn -0.2555332823 0.9652776822 0.0542377899
vn -0.1418573962 0.9893218476 0.0334478851
vn -0.0261554676 0.9982151734 0.0536876058
vn 0.0898736025 0.9954024878 0.0331152956
vn 0.2046127865 0.9773568919 0.0539176553
vn 0.3172160788 0.9477541767 0.0337042995
vn 0.4246900306 0.9037188476 0.0541352243
vn 0.5269222934 0.8492605334 0.0333083048
vn 0.6212036838 0.7818051413 0.0537280583
vn 0.7086288027 0.7047968659 0.0332655642
vn 0.7851566703 0.6169502397 0.0538646888
vn 0.8523171870 0.5219574722 0.0334037421
vn 0.9062397137 0.4193070898 0.0539550352
vn 0.9496184886 0.3116400684 0.0332444561
vn 0.9785455841 0.1989553475 0.0535285866
vn 0.9959179849 0.0840351695 0.0329462844
vn 0.9980514176 -0.0320489132 0.0535372295
vn 0.9884806773 -0.1477085149 0.0329870456
vn 0.9637682513 -0.2613295071 0.0534569597
vn 0.9277490319 -0.3717374975 0.0330600480
vn 0.8775543069 -0.4764444440 0.0538435715
vn 0.8170434126 -0.5756025123 0.0334934292
vn 0.7440821462 -0.6659139295 0.0538553453
vn 0.6624390370 -0.7483909485 0.0329470872
vn 0.5703863199 -0.8196415989 0.0533581797
vn 0.4715201120 -0.8812338457 0.0331012557
vn 0.3657079358 -0.9291660553 0.0539272415
vn 0.2558521801 -0.9661382262 0.0334154131
vn 0.1418085444 -0.9884315408 0.0537905743
vn -0.0000000000 -0.0000000755 -1.0000000000
vn -0.0000000000 -0.0000000755 -1.0000000000
vn 0.0000000000 -0.0000000755 -1.0000000000
vn 0.0000000000 -0.0000000755 -1.0000000000
vn 0.0000000000 -0.0000000755 -1.0000000000
vn 0.0000000000 -0.0000000755 -1.0000000000
vn -0.0000000000 -0.0000000755 -1.0000000000
vn 0.0000000000 -0.0000000755 -1.0000000000
vn -0.0000000000 -0.0000000755 -1.0000000000
vn 0.0000000000 -0.0000000755 -1.0000000000
vn -0.0000000000 -0.0000000755 -1.0000000000
vn 0.0000000000 -0.0000000755 -1.0000000000
vn -0.0000000000 -0.0000000755 -1.0000000000
vn -0.0000000000 -0.0000000755 -1.0000000000
vn -0.0000000000 -0.0000000755 -1.0000000000
vn -0.0000000000 -0.0000000755 -1.0000000000
vn 0.0000000000 -0.0000000755 -1.0000000000
vn 0.0000000000 -0.0000000755 -1.0000000000
vn 0.0000000000 -0.0000000755 -1.0000000000
vn 0.0000000000 -0.0000000755 -1.0000000000
vn 0.0000000000 -0.0000000755 -1.0000000000
vn -0.0000000000 -0.0000000755 -1.0000000000
vn 0.0000000000 -0.0000000755 -1.0000000000
vn -0.0000000000 -0.0000000755 -1.0000000000
vn -0.0000000000 -0.0000000755 -1.0000000000
vn -0.0000000000 -0.0000000755 -1.0000000000
vn -0.0000000000 -0.0000000755 -1.0000000000
vn 0.0000000000 -0.0000000755 -1.0000000000
vn 0.0000000000 -0.0000000755 -1.0000000000
vn 0.0000000000 -0.0000000755 -1.0000000000
vn -0.0000000000 -0.0000000755 -1.0000000000
vn -0.0000000000 -0.0000000755 -1.0000000000
vn -0.0000000000 -0.0000000755 -1.0000000000
vn 0.0000000000 -0.0000000755 -1.0000000000
vn -0.0000000000 -0.0000000755 -1.0000000000
vn -0.0000000000 -0.0000000755 -1.0000000000
vn 0.0000000000 -0.0000000755 -1.0000000000
vn -0.0000000000 -0.0000000755 -1.0000000000
vn 0.0000000000 -0.0000000755 -1.0000000000
vn 0.0000000000 -0.0000000755 -1.0000000000
vn 0.0000000000 -0.0000000755 -1.0000000000
vn 0.0000000000 -0.0000000755 -1.0000000000
vn -0.0000000000 -0.0000000755 -1.0000000000
vn -0.0000000000 -0.0000000755 -1.0000000000
vn -0.0000000000 -0.0000000755 -1.0000000000
vn -0.0000000000 -0.0000000755 -1.0000000000
vn 0.0000000000 -0.0000000755 -1.0000000000
vn 0.0000000000 -0.0000000755 -1.0000000000
vn -0.0000000000 -0.0000000755 -1.0000000000
vn 0.0000000000 -0.0000000755 -1.0000000000
vn -0.0000000000 -0.0000000755 -1.0000000000
vn 0.0000000000 -0.0000000755 -1.0000000000
vn -0.0000000000 -0.0000000755 -1.0000000000
vn 0.0000000000 -0.0000000755 -1.0000000000
vn -0.0000000000 -0.0000000755 -1.0000000000
vn -0.0000000000 -0.0000000755 -1.0000000000
vn 0.0000000000 -0.0000000755 -1.0000000000
vn -0.0000000000 -0.0000000755 -1.0000000000
vn -0.0000000000 -0.0000000755 -1.0000000000
vn -0.0000000000 -0.0000000755 -1.0000000000
vn -0.0000000000 -0.0000000755 -1.0000000000
vn -0.0000000000 -0.0000000755 -1.0000000000
vn 0.0000000000 -0.0000000755 -1.0000000000
vn -0.0000000000 -0.0000000755 -1.0000000000
vn 0.0000000000 -0.0000000755 -1.0000000000
vn 0.0000000000 -0.0000000755 -1.0000000000
vn 0.0000000000 -0.0000000755 -1.0000000000
vn -0.0000000000 -0.0000000755 -1.0000000000
vn -0.0000000000 -0.0000000755 -1.0000000000
vn -0.0000000000 -0.0000000755 -1.0000000000
vn -0.0000000000 -0.0000000755 -1.0000000000
vn -0.0000000000 -0.0000000755 -1.0000000000
vn -0.0000000000 -0.0000000755 -1.0000000000
vn 0.0000000000 -0.0000000755 -1.0000000000
vn 0.0000000000 -0.0000000755 -1.0000000000
vn 0.0000000000 -0.0000000755 -1.0000000000
vn 0.0000000000 -0.0000000755 -1.0000000000
vn 0.0000000000 -0.0000000755 -1.0000000000
vn 0.0000000000 -0.0000000755 -1.0000000000
vn -0.0000000000 -0.0000000755 -1.0000000000
vn -0.0000000000 -0.0000000755 -1.0000000000
vn 0.0000000000 -0.0000000755 -1.0000000000
vn 0.0000000000 -0.0000000755 -1.0000000000
vn -0.0000000000 -0.0000000755 -1.0000000000
vn -0.0000000000 -0.0000000755 -1.0000000000
vn -0.0000000000 -0.0000000755 -1.0000000000
vn 0.0000000000 -0.0000000755 -1.0000000000
vn 0.0000000000 -0.0000000755 -1.0000000000
vn 0.0000000000 -0.0000000755 -1.0000000000
vn 0.0000000000 -0.0000000755 -1.0000000000
vn 0.0000000000 -0.0000000755 -1.0000000000
vn 0.0000000000 -0.0000000755 -1.0000000000
vn -0.0000000000 -0.0000000755 -1.0000000000
vn 0.0000000000 -0.0000000755 -1.0000000000
vn 0.0000000000 -0.0000000755 -1.0000000000
vn -0.0000000000 -0.0000000755 -1.0000000000
vn -0.0000000000 -0.0000000755 -1.0000000000
vn -0.0000000000 -0.0000000755 -1.0000000000
vn -0.0000000000 -0.0000000755 -1.0000000000
vn -0.0000000000 -0.0000000755 -1.0000000000
vn -0.0000000000 -0.0000000755 -1.0000000000
vn -0.0000000000 -0.0000000755 -1.0000000000
vn 0.0000000000 -0.0000000755 -1.0000000000
vn -0.0000000000 0.0000000755 1.0000000000
vn 0.0000000000 0.0000000755 1.0000000000
vn 0.0000000000 0.0000000755 1.0000000000
vn -0.0000000000 0.0000000755 1.0000000000
vn 0.0000000000 0.0000000755 1.0000000000
vn 0.0000000000 0.0000000755 1.0000000000
vn 0.0000000000 0.0000000755 1.0000000000
vn 0.0000000000 0.0000000755 1.0000000000
vn -0.0000000000 0.0000000755 1.0000000000
vn 0.0000000000 0.0000000755 1.0000000000
vn 0.0000000000 0.0000000755 1.0000000000
vn 0.0000000000 0.0000000755 1.0000000000
vn -0.0000000000 0.0000000755 1.0000000000
vn -0.0000000000 0.0000000755 1.0000000000
vn 0.0000000000 0.0000000755 1.0000000000
vn 0.0000000000 0.0000000755 1.0000000000
vn -0.0000000000 0.0000000755 1.0000000000
vn 0.0000000000 0.0000000755 1.0000000000
vn 0.0000000000 0.0000000755 1.0000000000
vn -0.0000000000 0.0000000755 1.0000000000
vn 0.0000000000 0.0000000755 1.0000000000
vn 0.0000000000 0.0000000755 1.0000000000
vn -0.0000000000 0.0000000755 1.0000000000
vn -0.0000000000 0.0000000755 1.0000000000
vn -0.0000000000 0.0000000755 1.0000000000
vn 0.0000000000 0.0000000755 1.0000000000
vn 0.0000000000 0.0000000755 1.0000000000
vn 0.0000000000 0.0000000755 1.0000000000
vn 0.0000000000 0.0000000755 1.0000000000
vn -0.0000000000 0.0000000755 1.0000000000
vn -0.0000000000 0.0000000755 1.0000000000
vn 0.0000000000 0.0000000755 1.0000000000
vn -0.0000000000 0.0000000755 1.0000000000
vn -0.0000000000 0.0000000755 1.0000000000
vn 0.0000000000 0.0000000755 1.0000000000
vn 0.0000000000 0.0000000755 1.0000000000
vn 0.0000000000 0.0000000755 1.0000000000
vn -0.0000000000 0.0000000755 1.0000000000
vn -0.0000000000 0.0000000755 1.0000000000
vn -0.0000000000 0.0000000755 1.0000000000
vn 0.0000000000 0.0000000755 1.0000000000
vn 0.0000000000 0.0000000755 1.0000000000
vn 0.0000000000 0.0000000755 1.0000000000
vn 0.0000000000 0.0000000755 1.0000000000
vn 0.0000000000 0.0000000755 1.0000000000
vn -0.0000000000 0.0000000755 1.0000000000
vn -0.0000000000 0.0000000755 1.0000000000
vn 0.0000000000 0.0000000755 1.0000000000
vn -0.0000000000 0.0000000755 1.0000000000
vn 0.0000000000 0.0000000755 1.0000000000
vn -0.0000000000 0.0000000755 1.0000000000
vn 0.0000000000 0.0000000755 1.0000000000
vn -0.0000000000 0.0000000755 1.0000000000
vn 0.0000000000 0.0000000755 1.0000000000
vn -0.0000000000 0.0000000755 1.0000000000
vn -0.0000000000 0.0000000755 1.0000000000
vn -0.0000000000 0.0000000755 1.0000000000
vn 0.0000000000 0.0000000755 1.0000000000
vn 0.0000000000 0.0000000755 1.0000000000
vn 0.0000000000 0.0000000755 1.0000000000
vn -0.0000000000 0.0000000755 1.0000000000
vn -0.0000000000 0.0000000755 1.0000000000
vn 0.0000000000 0.0000000755 1.0000000000
vn -0.0000000000 0.0000000755 1.0000000000
vn 0.0000000000 0.0000000755 1.0000000000
vn 0.0000000000 0.0000000755 1.0000000000
vn -0.0000000000 0.0000000755 1.0000000000
vn -0.0000000000 0.0000000755 1.0000000000
vn -0.0000000000 0.0000000755 1.0000000000
vn -0.0000000000 0.0000000755 1.0000000000
vn 0.0000000000 0.0000000755 1.0000000000
vn 0.0000000000 0.0000000755 1.0000000000
vn 0.0000000000 0.0000000755 1.0000000000
vn 0.0000000000 0.0000000755 1.0000000000
vn -0.0000000000 0.0000000755 1.0000000000
vn -0.0000000000 0.0000000755 1.0000000000
vn -0.0000000000 0.0000000755 1.0000000000
vn 0.0000000000 0.0000000755 1.0000000000
vn 0.0000000000 0.0000000755 1.0000000000
vn 0.0000000000 0.0000000755 1.0000000000
vn 0.0000000000 0.0000000755 1.0000000000
vn -0.0000000000 0.0000000755 1.0000000000
vn -0.0000000000 0.0000000755 1.0000000000
vn 0.0000000000 0.0000000755 1.0000000000
vn -0.0000000000 0.0000000755 1.0000000000
vn -0.0000000000 0.0000000755 1.0000000000
vn -0.0000000000 0.0000000755 1.0000000000
vn 0.0000000000 0.0000000755 1.0000000000
vn 0.0000000000 0.0000000755 1.0000000000
vn -0.0000000000 0.0000000755 1.0000000000
vn -0.0000000000 0.0000000755 1.0000000000
vn -0.0000000000 0.0000000755 1.0000000000
vn -0.0000000000 0.0000000755 1.0000000000
vn 0.0000000000 0.0000000755 1.0000000000
vn 0.0000000000 0.0000000755 1.0000000000
vn 0.0000000000 0.0000000755 1.0000000000
vn -0.0000000000 0.0000000755 1.0000000000
vn 0.0000000000 0.0000000755 1.0000000000
vn 0.0000000000 0.0000000755 1.0000000000
vn 0.0000000000 0.0000000755 1.0000000000
vn 0.0000000000 0.0000000755 1.0000000000
vn 0.0000000000 0.0000000755 1.0000000000
vn 0.0000000000 0.0000000755 1.0000000000
vn -0.0000000000 0.0000000755 1.0000000000
vn -0.0000000000 0.0000000755 1.0000000000
vn 0.0000000000 0.0000000755 1.0000000000
vn -0.0000000000 0.0000000755 1.0000000000
vn -0.5826579357 -0.8116770511 0.0411107605
vn -0.2050014085 -0.9777654580 0.0441489704
vn -0.2049573151 -0.9774834867 0.0501849809
vn 0.2078069657 -0.9772939000 0.0413871724
vn 0.2376115006 -0.9699314606 0.0526662755
vn 0.5875109067 -0.8084138833 0.0360267648
vn 0.6354400231 -0.7700292315 0.0571923045
vn 0.8656889187 -0.4995418090 0.0322595282
vn 0.9065537458 -0.4176058394 0.0613650467
vn 0.9941105416 -0.1043232011 0.0293411107
vn 0.9977614161 0.0172818555 0.0646025845
vn 0.9503938712 0.3098302797 0.0275079524
vn 0.8911896942 0.4486536963 0.0670133551
vn 0.7417750318 0.6701517972 0.0258141630
vn 0.6082186604 0.7908751105 0.0677245949
vn 0.5284544267 0.8482551099 0.0346292856
vn 0.4160564859 0.9057344410 0.0808833904
vn 0.0560670666 0.9967569026 0.0577248741
vn 0.2051223666 0.9786952257 0.0089705024
vn -0.0037003599 0.9996784253 0.0250869151
vn -0.2396296137 0.9684715267 0.0681215839
vn -0.4104259026 0.9115251409 0.0259325281
vn -0.6360400206 0.7687563319 0.0668340803
vn -0.7460726933 0.6652979645 0.0274618766
vn -0.9066804375 0.4167855872 0.0649642860
vn -0.9522729876 0.3037982121 0.0297120062
vn -0.9979243630 -0.0184916678 0.0616848764
vn -0.9932951773 -0.1110085040 0.0322769714
vn -0.8909608222 -0.4504497184 0.0573050126
vn -0.8623906687 -0.5049631951 0.0359792464
vn -0.6072744792 -0.7927563468 0.0524888705
vn -0.5823226376 -0.8119585345 0.0402949629
vn -0.2050364211 -0.9778016096 0.0431749735
vn -0.2044676173 -0.9776202673 0.0495136989
vn 0.2074272319 -0.9773875290 0.0410799426
vn 0.2380413826 -0.9698113523 0.0529361992
vn 0.5870386606 -0.8087338969 0.0365389509
vn 0.6354781510 -0.7699408025 0.0579541221
vn 0.8656164253 -0.4996334783 0.0327809643
vn 0.9065761265 -0.4174917584 0.0618090480
vn 0.9940958663 -0.1044283245 0.0294641093
vn 0.9977616273 0.0173892050 0.0645705089
vn 0.9505294585 0.3094362439 0.0272572821
vn 0.8910729469 0.4488937177 0.0669584461
vn 0.7417952266 0.6701189447 0.0260852778
vn 0.6079042128 0.7910600008 0.0683852559
vn 0.5283800228 0.8482675310 0.0354506320
vn 0.4159565044 0.9057020286 0.0817558673
vn 0.0570466426 0.9966619853 0.0584000652
vn 0.2051220420 0.9786858673 0.0099459057
vn -0.0034051024 0.9996664171 0.0256019472
vn -0.2390682500 0.9685939607 0.0683528423
vn -0.4104484157 0.9115145424 0.0259487384
vn -0.6360428945 0.7687527149 0.0668483336
vn -0.7460661501 0.6653045004 0.0274812922
vn -0.9066553787 0.4168360165 0.0649904585
vn -0.9522682287 0.3038122834 0.0297206491
vn -0.9979258713 -0.0184816298 0.0616634805
vn -0.9933072176 -0.1108900083 0.0323137373
vn -0.8912382720 -0.4498685759 0.0575552521
vn -0.8623739781 -0.5049922102 0.0359720666
vn -0.6073062793 -0.7927590521 0.0520784833
vn 0.0000000000 -0.0000000755 -1.0000000000
vn -0.0000000000 -0.0000000755 -1.0000000000
vn -0.0000000000 -0.0000000755 -1.0000000000
vn -0.0000000000 -0.0000000755 -1.0000000000
vn -0.0000000000 -0.0000000755 -1.0000000000
vn -0.0000000000 -0.0000000755 -1.0000000000
vn -0.0000000000 -0.0000000755 -1.0000000000
vn 0.0000000000 -0.0000000755 -1.0000000000
vn -0.0000000000 -0.0000000755 -1.0000000000
vn -0.0000000000 -0.0000000755 -1.0000000000
vn -0.0000000000 -0.0000000755 -1.0000000000
vn -0.0000000000 -0.0000000755 -1.0000000000
vn 0.0000000000 -0.0000000755 -1.0000000000
vn 0.0000000000 -0.0000000755 -1.0000000000
vn 0.0000000000 -0.0000000755 -1.0000000000
vn -0.0000000000 -0.0000000755 -1.0000000000
vn -0.0000000000 -0.0000000755 -1.0000000000
vn -0.0000000000 -0.0000000755 -1.0000000000
vn -0.0000000000 -0.0000000755 -1.0000000000
vn -0.0000000000 -0.0000000755 -1.0000000000
vn -0.0000000000 -0.0000000755 -1.0000000000
vn 0.0000000000 -0.0000000755 -1.0000000000
vn 0.0000000000 -0.0000000755 -1.0000000000
vn 0.0000000000 -0.0000000755 -1.0000000000
vn 0.0000000000 -0.0000000755 -1.0000000000
vn 0.0000000000 -0.0000000755 -1.0000000000
vn 0.0000000000 -0.0000000755 -1.0000000000
vn 0.0000000000 -0.0000000755 -1.0000000000
vn 0.0000000000 -0.0000000755 -1.0000000000
vn -0.0000000000 -0.0000000755 -1.0000000000
vn -0.0000000000 -0.0000000755 -1.0000000000
vn -0.0000000000 -0.0000000755 -1.0000000000
vn -0.0000000000 -0.0000000755 -1.0000000000
vn -0.0000000000 -0.0000000755 -1.0000000000
vn -0.0000000000 -0.0000000755 -1.0000000000
vn 0.0000000000 -0.0000000755 -1.0000000000
vn 0.0000000000 -0.0000000755 -1.0000000000
vn 0.0000000000 -0.0000000755 -1.0000000000
vn -0.0000000000 -0.0000000755 -1.0000000000
vn -0.0000000000 -0.0000000755 -1.0000000000
vn -0.0000000000 -0.0000000755 -1.0000000000
vn -0.0000000000 -0.0000000755 -1.0000000000
vn -0.0000000000 -0.0000000755 -1.0000000000
vn 0.0000000000 -0.0000000755 -1.0000000000
vn 0.0000000000 -0.0000000755 -1.0000000000
vn 0.0000000000 -0.0000000755 -1.0000000000
vn 0.0000000000 -0.0000000755 -1.0000000000
vn -0.0000000000 -0.0000000755 -1.0000000000
vn -0.0000000000 -0.0000000755 -1.0000000000
vn -0.0000000000 -0.0000000755 -1.0000000000
vn -0.0000000000 -0.0000000755 -1.0000000000
vn 0.0000000000 -0.0000000755 -1.0000000000
vn 0.0000000000 -0.0000000755 -1.0000000000
vn -0.0000000000 -0.0000000755 -1.0000000000
vn -0.0000000000 -0.0000000755 -1.0000000000
vn -0.0000000000 -0.0000000755 -1.0000000000
vn -0.0000000000 -0.0000000755 -1.0000000000
vn -0.0000000000 -0.0000000755 -1.0000000000
vn -0.0000000000 -0.0000000755 -1.0000000000
vn -0.0000000000 -0.0000000755 -1.0000000000
vn -0.0000000000 -0.0000000755 -1.0000000000
vn -0.0000000000 -0.0000000755 -1.0000000000
vn -0.0000000000 -0.0000000755 -1.0000000000
vn 0.0000000000 -0.0000000755 -1.0000000000
vn 0.0000000000 -0.0000000755 -1.0000000000
vn -0.0000000000 -0.0000000755 -1.0000000000
vn -0.0000000000 -0.0000000755 -1.0000000000
vn 0.0000000000 -0.0000000755 -1.0000000000
vn 0.0000000000 -0.0000000755 -1.0000000000
vn 0.0000000000 -0.0000000755 -1.0000000000
vn 0.0000000000 -0.0000000755 -1.0000000000
vn -0.0000000000 -0.0000000755 -1.0000000000
vn -0.0000000000 -0.0000000755 -1.0000000000
vn -0.0000000000 -0.0000000755 -1.0000000000
vn -0.0000000000 -0.0000000755 -1.0000000000
vn -0.0000000000 -0.0000000755 -1.0000000000
vn -0.0000000000 -0.0000000755 -1.0000000000
vn 0.0000000000 -0.0000000755 -1.0000000000
vn -0.0000000000 -0.0000000755 -1.0000000000
vn 0.0000000000 -0.0000000755 -1.0000000000
vn -0.0000000000 -0.0000000755 -1.0000000000
vn -0.0000000000 -0.0000000755 -1.0000000000
vn -0.0000000000 -0.0000000755 -1.0000000000
vn 0.0000000000 -0.0000000755 -1.0000000000
vn 0.0000000000 -0.0000000755 -1.0000000000
vn 0.0000000000 -0.0000000755 -1.0000000000
vn 0.0000000000 -0.0000000755 -1.0000000000
vn 0.0000000000 -0.0000000755 -1.0000000000
vn 0.0000000000 -0.0000000755 -1.0000000000
vn -0.0000000000 -0.0000000755 -1.0000000000
vn -0.0000000000 -0.0000000755 -1.0000000000
vn -0.0000000000 -0.0000000755 -1.0000000000
vn -0.0000000000 -0.0000000755 -1.0000000000
vn -0.0000000000 -0.0000000755 -1.0000000000
vn -0.0000000000 -0.0000000755 -1.0000000000
vn -0.0000000000 -0.0000000755 -1.0000000000
vn -0.0000000000 -0.0000000755 -1.0000000000
vn 0.0000000000 -0.0000000755 -1.0000000000
vn 0.0000000000 -0.0000000755 -1.0000000000
vn -0.5429883921 -0.7488708427 -0.3799421889
vn -0.5430240179 -0.7488628397 -0.3799070456
vn -0.5617115103 -0.7238975414 -0.4005652615
vn -0.5622992188 -0.7228859206 -0.4015663510
vn -0.5800140810 -0.6748990836 -0.4561741912
vn -0.5811605044 -0.6726737461 -0.4579983618
vn -0.6174001961 -0.6174366212 -0.4874310379
vn -0.6189984020 -0.6137026292 -0.4901122945
vn -0.6441418543 -0.5519841325 -0.5295231714
vn -0.6459787378 -0.5462015791 -0.5332685115
vn -0.6804114997 -0.4753632093 -0.5577365061
vn -0.6818574732 -0.4683562903 -0.5618832366
vn -0.6915796937 -0.4087517551 -0.5955161878
vn -0.6923836756 -0.4021131227 -0.5990908799
vn -0.7044720314 -0.3437412895 -0.6209356511
vn -0.7049410639 -0.3357324439 -0.6247734169
vn -0.7092394835 -0.2716747816 -0.6505168469
vn -0.7090069599 -0.2616040858 -0.6548835264
vn -0.7129508130 -0.1904879759 -0.6748447743
vn -0.7118695075 -0.1782579660 -0.6793128158
vn -0.7187759168 -0.1009831128 -0.6878688773
vn -0.7164430865 -0.0869395689 -0.6922072054
vn -0.7258065491 -0.0453288422 -0.6864037801
vn -0.7263457643 -0.0451791504 -0.6858430396
vn 0.7096338464 0.2291135814 0.6662782983
vn 0.7097440572 0.2290955915 0.6661670836
vn 0.7136618706 0.2506033349 0.6541289651
vn 0.7115827897 0.2589263576 0.6531516476
vn 0.7087559825 0.3043120335 0.6364425689
vn 0.7073426725 0.3100785374 0.6352303869
vn 0.6978677075 0.3581067327 0.6202743190
vn 0.6973242814 0.3606857591 0.6193905308
vn 0.7005849964 0.3834680100 0.6017748318
vn 0.7007102666 0.3834458983 0.6016430548
vn 0.6942933074 -0.1343665605 -0.7070377859
vn 0.6936091607 -0.1373499921 -0.7071359924
vn 0.6941955050 -0.1347610927 -0.7070587308
vn 0.6935408421 -0.1374845867 -0.7071768440
vn 0.6935552618 -0.1376775517 -0.7071251591
vn -0.6987898259 0.1132150725 -0.7063109277
vn -0.6987898259 0.1132150725 -0.7063109277
vn -0.6987898259 0.1132150725 -0.7063109277
vn 0.4997123499 0.7983263429 0.3360991186
vn 0.4967803458 0.8047339978 0.3249807391
vn 0.4968834441 0.8035629850 0.3277092797
vn 0.4944916568 0.8104343521 0.3141244376
vn 0.4942538048 0.8119880320 0.3104651548
vn 0.7185177295 0.1701112827 0.6743844778
vn 0.7200769106 0.1742856629 0.6716500208
vn 0.7190577771 0.1703786613 0.6737410667
vn 0.7195389955 0.1608793356 0.6755601182
vn 0.7193810145 0.1587897934 0.6762224172
vn -0.1939991903 0.9100333296 -0.3663381679
vn -0.1895430836 0.9147214654 -0.3568726105
vn -0.1898582043 0.9139380880 -0.3587074483
vn -0.1859650560 0.9188413765 -0.3480625271
vn -0.1854368190 0.9199048974 -0.3455259266
vn -0.6927476731 0.1324519787 0.7089126426
vn -0.6933674685 0.1306634170 0.7086385716
vn -0.6929697678 0.1320427178 0.7087719108
vn -0.6932656929 0.1334170801 0.7082249373
vn -0.6932243722 0.1338770753 0.7081785781
vn 0.1326110704 -0.9910950599 -0.0120368708
vn 0.1321981001 -0.9911553178 -0.0116102693
vn 0.0926871205 -0.9956939273 -0.0016434101
vn 0.0931191425 -0.9956548602 -0.0004740374
vn 0.0351111879 -0.9993786899 -0.0030722284
vn 0.0358954104 -0.9993542543 -0.0016105399
vn -0.0235160061 -0.9997162742 -0.0037905841
vn -0.0224143471 -0.9997466039 -0.0020796582
vn -0.0652995072 -0.9978202006 0.0095300340
vn -0.0657662255 -0.9977850476 0.0099901085
vn 0.7554599908 0.0122675852 0.6550799254
vn 0.7493436079 0.0108761069 0.6620920386
vn 0.7599423317 -0.1450592065 0.6335972531
vn 0.7698613642 -0.2279542808 0.5961126788
vn 0.6819479946 -0.5553974890 0.4758997392
vn 0.6887094914 -0.5518394758 0.4702684652
vn 0.5257443053 -0.8033600373 0.2796525986
vn 0.4618371292 -0.8568646527 0.2291057245
vn 0.3620041905 -0.9234723210 0.1270898831
vn 0.3696899924 -0.9216264864 0.1180420644
vn 0.5106781377 -0.8082946412 0.2930317604
vn 0.6762017626 -0.5572253875 0.4819243134
vn 0.7417413965 -0.2347313896 0.6282681556
vn 0.4672110733 0.0252150098 0.8837861824
vn 0.6685777624 -0.0054632731 0.7436221677
vn 0.6055836297 -0.1738991798 0.7765484806
vn 0.6984179097 -0.2228758240 0.6801020442
vn 0.5648565260 -0.5342191125 0.6289253095
vn 0.6147552230 -0.5623303974 0.5530465984
vn 0.4832617094 -0.7323955908 0.4796403014
vn 0.4312610042 -0.8467366428 0.3115301012
vn 0.4047140488 -0.8581845601 0.3157939195
vn 0.3121412749 -0.9351204089 0.1676831695
vn 0.2292660262 -0.9534020904 0.1961161475
vn 0.2365637842 -0.9679776185 0.0840053937
vn 0.1714459966 -0.9808790281 0.0921010449
vn 0.3084015875 -0.9363644485 0.1676606109
vn 0.1200353843 -0.9739033290 0.1926234990
vn 0.1293061740 -0.9863424632 0.1020218534
vn 0.0908183421 -0.9914294342 0.0939132889
vn 0.0283313448 -0.9817383309 0.1881148174
vn 0.0161692948 -0.9804599069 0.1960533725
vn -0.1140062686 -0.9217551211 0.3706346819
vn -0.3648814742 -0.6590442947 0.6576641448
vn -0.1656431733 -0.8147500961 0.5556479282
vn -0.0675944122 -0.9269395277 0.3690719542
vn 0.0878533162 -0.9088771479 0.4077059295
vn 0.2685199458 -0.8834127729 0.3840298313
vn -0.2902175966 -0.6164227094 0.7319814137
vn -0.5236838938 -0.3013884111 0.7968188031
vn -0.3919630606 -0.2578330424 0.8831121567
vn -0.5391535390 -0.0750260665 0.8388590768
vn -0.3054177736 0.0202178257 0.9520037936
vn 0.0575736440 0.0224182241 0.9980895244
vn -0.1045382835 -0.2500861359 0.9625635937
vn -0.0077870394 -0.5827587481 0.8126079027
vn 0.0466871546 -0.7914916204 0.6093942274
vn 0.2996124847 -0.7583249594 0.5789435335
vn 0.2951088223 -0.1646374634 0.9411722949
vn 0.3163346215 -0.5528986698 0.7708666994
vn 0.5247328161 -0.8162155454 -0.2417594983
vn 0.3981483532 -0.9128985234 -0.0899676317
vn 0.3753607713 -0.9229422259 -0.0853342780
vn 0.3124095822 -0.9493704446 -0.0331060694
vn 0.3800179534 -0.9235654852 -0.0511189749
vn 0.3303395312 -0.9438603867 -0.0018342812
vn 0.4056103651 -0.9137279776 -0.0241125397
vn 0.4084031293 -0.9125391413 0.0218906265
vn 0.5745945260 -0.8173916832 -0.0413759227
vn 0.5859354103 -0.8090669304 0.0457208618
vn 0.7865416150 -0.6132610870 -0.0725474131
vn 0.8033636680 -0.5903589925 0.0779940827
vn 0.9430928536 -0.3147695681 -0.1072193474
vn 0.9507572874 -0.2852059476 0.1213183744
vn 0.9914260251 -0.1275510599 0.0283754112
vn 0.9150529703 -0.2474254667 0.3185258230
vn 0.9279263398 -0.0222210571 0.3721007022
vn 0.8598205320 -0.1807778210 0.4775228080
vn 0.8731536123 0.0372276398 0.4860214730
vn 0.3238032360 -0.9455264445 0.0336334234
vn 0.3922827088 -0.9177626520 0.0618545958
vn 0.5668435271 -0.8108022583 0.1459044674
vn 0.7801263527 -0.5727669420 0.2516761886
vn 0.3976855331 -0.9143306021 0.0764576141
vn 0.5402575716 -0.8216569515 0.1816634536
vn 0.7589323122 -0.5334773709 0.3733947511
vn 0.9131662598 -0.2269042660 -0.3385880035
vn 0.8880382717 -0.3552985553 -0.2918063819
vn 0.7367131249 -0.6409048737 -0.2156263306
vn 0.5400036954 -0.8327063186 -0.1224589562
vn 0.7908213891 -0.3975705994 -0.4653376721
vn 0.7983811911 -0.3069367992 -0.5180514211
vn 0.7174462335 -0.5121287682 -0.4722234925
vn 0.6627473243 -0.6702540220 -0.3339543833
vn 0.4886610277 -0.8534188954 -0.1813465991
vn -0.6551701545 -0.2995747880 0.6935466927
vn -0.6614620867 -0.3034186869 0.6858607791
vn -0.6931798429 -0.0856190356 0.7156612929
vn -0.6813241906 -0.2757288657 0.6780641119
vn -0.6964991176 -0.0484096983 0.7159228172
vn -0.6958330014 -0.2574733916 0.6704654255
vn -0.7087055841 -0.0590157415 0.7030316760
vn -0.7083635899 -0.2707471182 0.6518565966
vn -0.7234348584 -0.2357682972 0.6488877528
vn -0.6455766493 -0.5826495899 0.4937106898
vn -0.7096411890 -0.3452916187 0.6141523271
vn -0.5569197710 -0.7465657598 0.3639779320
vn -0.4809960492 -0.8342376061 0.2696116044
vn -0.4200697285 -0.8862886264 0.1950228036
vn -0.3111177341 -0.9419180026 0.1264762105
vn -0.4395016044 -0.8426351225 0.3111340388
vn -0.3689513288 -0.8872017349 0.2770342914
vn -0.5811745256 -0.6268069559 0.5189886423
vn -0.5465511375 -0.6461531027 0.5326988097
vn -0.5093794920 -0.6653338822 0.5457685941
vn -0.4852995926 -0.6807992338 0.5486316695
vn -0.2228673310 -0.9285711630 0.2967924324
vn -0.2674656506 -0.9132873361 0.3071943479
vn -0.0829675542 -0.9850745998 0.1508125251
vn -0.1333438513 -0.9812103475 0.1394477369
vn -0.3264180276 -0.8987611318 0.2927109481
vn -0.2377544730 -0.9619295397 0.1347752621
vn -0.7208878894 -0.1060531415 0.6848893210
vn -0.7136899768 -0.0313351583 0.6997604768
vn -0.6121574894 -0.6075481493 0.5061111088
vn 0.5859638083 0.2749401296 0.7622692048
vn 0.5657633665 0.2436883039 0.7877358844
vn 0.3791569227 0.2687567296 0.8854433061
vn 0.4562348533 0.2528790719 0.8531716906
vn 0.0691723564 0.2573604569 0.9638364904
vn 0.0133817052 0.2642343748 0.9643656595
vn -0.3551015791 0.2151591005 0.9097304161
vn -0.3710918960 0.2156181428 0.9032162649
vn -0.5328203996 0.1811788333 0.8266054997
vn -0.5497616540 0.1815226999 0.8153598182
vn -0.3722703327 0.2304260748 0.8990654167
vn -0.5465907039 0.1935180363 0.8147326998
vn -0.3779047998 0.2410484086 0.8939147761
vn -0.3753447515 0.2553827698 0.8910083941
vn 0.0075808826 0.3136593262 0.9495053224
vn 0.0056437833 0.3386942314 0.9408795701
vn 0.3954601727 0.3356110790 0.8549716109
vn 0.3674890472 0.3652082836 0.8553214073
vn 0.5618457698 0.3293828579 0.7588387601
vn 0.5731396875 0.3781740787 0.7269767980
vn 0.3586138256 0.4047488644 0.8411744652
vn 0.4915818093 0.4059674638 0.7704140076
vn 0.2549740612 0.3987815816 0.8808867568
vn -0.0011101981 0.3660195826 0.9306064864
vn -0.2548907703 0.3038665366 0.9179846530
vn -0.3799621621 0.2708081388 0.8844725588
vn -0.4933702304 0.2227981070 0.8408012960
vn -0.5531920856 0.2001445432 0.8086536207
vn 0.3723844751 0.3079919464 0.8754831601
vn 0.0113713001 0.2893698377 0.9571498266
vn 0.6951985914 0.4084581148 0.5914903947
vn 0.6918978982 0.3860437984 0.6101208767
vn 0.6940595855 0.3798749071 0.6115360551
vn 0.6922062481 0.3690133419 0.6202254941
vn 0.6988131217 0.3312803557 0.6339665187
vn 0.7011464161 0.3434451933 0.6248512642
vn 0.7051180308 0.3113348165 0.6370864891
vn 0.7098377990 0.3343471093 0.6199534737
vn 0.8136207514 -0.0886284360 -0.5746009686
vn 0.8298491228 -0.0854832555 -0.5514009851
vn 0.9140430256 -0.0412658403 -0.4035126736
vn 0.9111169672 -0.0452468452 -0.4096566795
vn 0.9974577914 0.0624956926 -0.0342380315
vn 0.9976081780 0.0508797784 -0.0467885819
vn 0.9356019610 0.1524923750 0.3184258879
vn 0.9400036274 0.1369398940 0.3124750326
vn 0.8329138941 0.1836852242 0.5220289106
vn 0.8257966740 0.2210623926 0.5188364595
vn 0.9271632650 0.1952053034 0.3197861309
vn 0.9950666563 0.0897518398 -0.0422724104
vn 0.9120394098 -0.0254712641 -0.4093107983
vn 0.8150547526 -0.0767955018 -0.5742718878
vn 0.9081586549 -0.0145094201 -0.4183746340
vn 0.9093059230 0.0013743078 -0.4161260022
vn 0.9882103661 0.1409111527 -0.0598691848
vn 0.9831033894 0.1692142385 -0.0698159530
vn 0.9136107439 0.2941287531 0.2807199408
vn 0.9494614782 0.2614244381 0.1737243924
vn 0.8498084567 0.3349101789 0.4070144457
vn 0.8058248373 0.3285488947 0.4926479020
vn 0.9241856078 0.2515966867 0.2873674817
vn 0.8247361917 0.2801188199 0.4912674026
vn 0.9207265126 0.2218027925 0.3210392660
vn 0.9487551834 0.0673963234 -0.3087415385
vn 0.9053188609 0.0167250272 -0.4244031499
vn 0.8108683514 -0.0684281508 -0.5812143364
vn 0.8499002337 -0.0393738792 -0.5254705419
vn 0.9919618657 0.1159985643 -0.0505568002
vn 0.2490582088 -0.9613549268 -0.1173316384
vn 0.3268525713 -0.9293208774 -0.1718432526
vn 0.3624196581 -0.9023965017 -0.2330934256
vn 0.4539213828 -0.8286798607 -0.3274829257
vn 0.5383604527 -0.7126484409 -0.4497779704
vn 0.6289272927 -0.5267991648 -0.5717806402
vn 0.6533718261 -0.4423153465 -0.6143796799
vn 0.6748718645 -0.3369904368 -0.6564947921
vn 0.6815957041 -0.2914911154 -0.6711633376
vn 0.6736830566 -0.2964370962 -0.6769609939
vn 0.6363644920 -0.4559490972 -0.6222143153
vn 0.4990990087 -0.7338497922 -0.4608304048
vn 0.3035749145 -0.9222418924 -0.2393995890
vn 0.1715824167 -0.9778148574 -0.1201564771
vn 0.2353065589 -0.9406185373 -0.2446785453
vn 0.1065858218 -0.9867648390 -0.1222072626
vn 0.1075716654 -0.9830320629 -0.1485809548
vn 0.2804913400 -0.9063899832 -0.3158825835
vn 0.4559510426 -0.7539853306 -0.4728792319
vn 0.5603761470 -0.5909389779 -0.5803186178
vn 0.6173229746 -0.4675720477 -0.6326837482
vn 0.6508050702 -0.3713158710 -0.6622516776
vn 0.6656385588 -0.3052869872 -0.6809736886
vn -0.7310045351 -0.0329666554 0.6815757986
vn -0.7431283143 -0.0965372952 0.6621486685
vn -0.7450712101 -0.2034103866 0.6352110725
vn -0.7418578305 -0.3357451634 0.5804499501
vn -0.6996450343 -0.5333470667 0.4754342566
vn -0.6002973988 -0.7341913900 0.3171845454
vn -0.5610445884 -0.7899164690 0.2475094783
vn -0.4679571906 -0.8709969322 0.1496008417
vn -0.4646923779 -0.8770084078 0.1221361807
vn -0.5122736411 -0.8504109732 0.1199036837
vn -0.6046985402 -0.7586128008 0.2425825507
vn -0.7267841631 -0.5057581290 0.4647510034
vn -0.7561898621 -0.1901450894 0.6261163929
vn -0.7359715584 -0.0276801268 0.6764463585
vn -0.7657278029 -0.1747723176 0.6189633017
vn -0.7395712355 -0.0200396741 0.6727799039
vn -0.7470965813 -0.0671385328 0.6613161994
vn -0.7700365342 -0.2698672374 0.5781136654
vn -0.7516529788 -0.4770787332 0.4554269227
vn -0.7048504166 -0.6267557619 0.3322094298
vn -0.6461008081 -0.7254462227 0.2372372728
vn -0.6142220776 -0.7701016441 0.1722634526
vn -0.5619717511 -0.8189406921 0.1162922771
vn 0.4992176110 0.3568425346 0.7895854497
vn 0.4958200378 0.3718333498 0.7847945273
vn 0.2649479123 0.3730258235 0.8891874598
vn 0.4906685954 0.3917033233 0.7783397947
vn 0.4900815064 0.3941579229 0.7774700309
vn 0.2659173806 0.3727268818 0.8890234070
vn -0.2425941087 0.2960277056 0.9238591321
vn -0.2400520900 0.2966207752 0.9243327917
vn -0.4888042929 0.2238514014 0.8431849817
vn 0.8501273049 -0.0285243125 -0.5258040786
vn 0.9517772355 0.0734893489 -0.2978580359
vn 0.9516042701 0.0741483043 -0.2982471159
vn 0.9521952712 0.2410485626 0.1876692731
vn 0.9523478725 0.2407083608 0.1873312969
vn 0.8716132254 0.3024144635 0.3857925319
vn 0.8721025880 0.3027082264 0.3844539058
vn 0.6363933102 -0.1607611728 -0.7544265372
vn 0.9055089998 -0.0034020700 -0.4243134185
vn -0.0410497952 -0.9905342343 -0.1309841403
vn 0.0503789659 -0.9797982185 -0.1935391713
vn 0.1057330240 -0.9595486527 -0.2609346868
vn 0.2321808048 -0.9013806921 -0.3655200703
vn 0.3718689671 -0.7858585324 -0.4941050883
vn 0.5260647923 -0.5876714128 -0.6147342067
vn 0.5795823547 -0.4885311635 -0.6522435100
vn 0.6279292305 -0.3698700936 -0.6847634594
vn 0.6475262290 -0.3170358633 -0.6929632343
vn 0.6388083692 -0.3193120531 -0.6999740568
vn 0.5588762414 -0.4969798224 -0.6638285945
vn 0.3235592751 -0.7970731142 -0.5098861109
vn 0.0391599961 -0.9617185174 -0.2712268203
vn -0.0297435246 -0.9593955256 -0.2804916189
vn -0.1182767931 -0.9836483247 -0.1358181635
vn -0.1858571540 -0.9727393878 -0.1386910301
vn -0.2310317665 -0.9633667353 -0.1361941853
vn -0.0769112045 -0.9566102785 -0.2810363706
vn 0.2759955225 -0.8045307873 -0.5258865694
vn 0.2409525414 -0.8145903036 -0.5276215595
vn 0.5180227335 -0.5207571018 -0.6785753373
vn 0.5368974799 -0.5041193764 -0.6764648922
vn 0.6212565875 -0.3356595779 -0.7080769028
vn 0.6295198971 -0.3228265138 -0.7067444666
vn -0.7673527483 -0.1251834612 -0.6288870015
vn -0.7255188652 -0.1509078288 -0.6714530538
vn -0.7593649506 -0.2048832898 -0.6175659555
vn -0.8357027033 -0.3240183784 -0.4434107375
vn -0.7459265007 -0.5143279753 -0.4231552781
vn -0.7750236494 -0.5873029030 -0.2332673210
vn -0.6368142631 -0.7521111914 -0.1696948734
vn -0.5856710150 -0.7999962469 -0.1303666643
vn -0.6278529455 -0.7735104264 -0.0865002833
vn -0.6231888327 -0.6802526359 -0.3858653005
vn -0.6801380407 -0.4203741435 -0.6005812394
vn -0.7665474020 -0.5925450870 0.2475790788
vn -0.6734391152 -0.7336160776 0.0910341080
vn -0.6490004895 -0.7563318014 0.0822226908
vn -0.5950904141 -0.8030188060 0.0320654987
vn -0.6446221641 -0.7628661687 0.0499747359
vn -0.6557323158 -0.7547247462 0.0201416851
vn -0.7577001088 -0.6419013235 0.1176997704
vn -0.7689070148 -0.6382858703 0.0370560421
vn -0.8787129037 -0.4313772214 0.2043950238
vn -0.8996295667 -0.4319402448 0.0639864653
vn -0.9452023319 -0.1660683191 0.2810940502
vn -0.9801704206 -0.1741220828 0.0945909453
vn -0.9221164417 -0.0280489348 0.3858944483
vn -0.9967224793 -0.0404992368 0.0700293582
vn -0.9770560749 -0.1809423482 -0.1123445286
vn -0.9865188130 -0.0438620402 -0.1576602454
vn -0.9307886361 -0.2088571521 -0.3000186743
vn -0.9311100454 -0.0863547894 -0.3543683587
vn -0.8633632314 -0.2348552803 -0.4465948141
vn -0.8597813924 -0.1342660602 -0.4926952226
vn -0.8302892889 -0.3126988342 -0.4613449208
vn -0.8141799403 -0.4853276277 -0.3186975345
vn -0.7421837357 -0.6288047476 -0.2318790458
vn -0.7142610178 -0.6790822210 -0.1693473814
vn -0.6320195745 -0.7713248773 -0.0748945329
vn -0.7457849734 -0.6555217606 -0.1187265553
vn -0.6403745049 -0.7662579480 -0.0526236685
vn -0.7644649723 -0.6431809050 -0.0437221862
vn -0.6504920841 -0.7592542791 -0.0198239283
vn -0.6042170686 -0.7968186018 0.0013600971
vn -0.6047340393 -0.7962376963 -0.0173859924
vn -0.5988008364 -0.8004090806 -0.0279796718
vn -0.5836378856 -0.8108785908 -0.0429270247
vn -0.6500271446 -0.7546083755 -0.0896153501
vn -0.8706723446 -0.1516070289 0.4679155663
vn -0.8565590448 -0.0282042466 0.5152777147
vn -0.8433151544 -0.2257111717 0.4877232999
vn -0.8347498000 -0.4349924212 0.3376008960
vn -0.7316919629 -0.6583074757 0.1767997140
vn -0.8612208689 -0.4630911541 -0.2093924494
vn -0.8927319589 -0.4437270360 -0.0783324138
vn 0.5675090035 0.3287256288 0.7548993257
vn 0.5240191988 0.3595492543 0.7720933966
vn 0.4101710768 0.3378022150 0.8471418720
vn 0.2627297138 0.3699284613 0.8911374928
vn 0.0084429038 0.3200785218 0.9473533962
vn -0.2630751922 0.2960994937 0.9182137731
vn -0.3955442148 0.2398902490 0.8865649680
vn -0.5243193901 0.2202446677 0.8225457212
vn -0.5188491884 0.1840055166 0.8348278203
vn -0.4870086970 0.2100300266 0.8477676079
vn -0.4875336276 0.2146343317 0.8463114472
vn -0.2565120923 0.2500408912 0.9336386342
vn 0.2794794003 0.3230271932 0.9041817833
vn 0.5398194000 0.3250243870 0.7765012320
vn 0.5001299362 0.3533966357 0.7905573128
vn 0.2984151489 -0.9432180822 0.1459042437
vn 0.3082346103 -0.9417911787 0.1342415761
vn 0.4154216448 -0.8785618511 0.2356988139
vn 0.4794897454 -0.8084608701 0.3412925514
vn 0.6909546486 -0.5253018458 0.4966282758
vn 0.6907429504 -0.5259884277 0.4961958791
vn 0.7487159808 -0.1725794464 0.6400318076
vn 0.7719064848 -0.0353918410 0.6347501841
vn 0.7566323308 0.1251882366 0.6417440466
vn 0.7469855520 0.1238027230 0.6532116586
vn 0.7892987530 -0.1652016182 0.5913678245
vn 0.6918607749 -0.5243380793 0.4963851798
vn 0.5254622927 -0.8008236381 0.2873514914
vn 0.8130427528 -0.0777720988 -0.5769861201
vn 0.8344346956 -0.0332099022 -0.5501053001
vn 0.9033546925 -0.0126360295 -0.4287080944
vn 0.9488657920 0.0689593063 -0.3080557137
vn 0.9904843378 0.1268495746 -0.0533850361
vn 0.9528418347 0.2293110589 0.1987683985
vn 0.9086021991 0.2526962396 0.3325457175
vn 0.8390545255 0.2935562022 0.4580526820
vn 0.8210457738 0.2938430116 0.4894283623
vn 0.8633226685 0.2613971663 0.4316775318
vn 0.8501924320 0.2565093350 0.4597562285
vn 0.9625542386 0.1785923355 0.2039463542
vn 0.9576661205 0.0086575623 -0.2877510177
vn 0.8423134046 -0.0867478963 -0.5319613999
vn 0.8125130874 -0.0738308683 -0.5782486366
vn -0.6448318599 -0.6893155564 -0.3302058997
vn -0.5715936914 -0.8005788550 -0.1798725909
vn -0.5651349515 -0.8100321080 -0.1564304022
vn -0.5163124150 -0.8527483186 -0.0790050329
vn -0.5175988218 -0.8417970517 -0.1531965518
vn -0.4757106365 -0.8621055200 -0.1745664992
vn -0.5421992431 -0.7696181089 -0.3372060902
vn -0.4508634349 -0.8118007896 -0.3710817174
vn -0.5348020838 -0.6084276647 -0.5863467472
vn -0.3871306171 -0.6603160358 -0.6435158260
vn -0.4546002829 -0.3618888463 -0.8138642674
vn -0.2745633632 -0.4032984489 -0.8729062497
vn -0.4310434129 -0.2329385612 -0.8717460656
vn -0.0565929558 -0.2894432489 -0.9555207183
vn -0.0414530757 -0.4775773628 -0.8776112494
vn 0.1642130483 -0.4872058339 -0.8577088959
vn -0.0312796586 -0.7626303096 -0.6460778543
vn 0.4039026980 -0.4670465978 -0.7865939779
vn 0.1332477674 -0.7573710381 -0.6392449789
vn -0.1774602563 -0.9166139907 -0.3582270922
vn -0.2370213170 -0.8989675355 -0.3683453071
vn -0.3544518430 -0.9201217303 -0.1665529718
vn -0.3505320097 -0.8539931281 -0.3844776290
vn -0.4074791444 -0.8945393646 -0.1837391415
vn -0.4568812949 -0.8847739590 -0.0918396642
vn -0.3885404977 -0.9171758086 -0.0884579995
vn -0.3157170874 -0.9299401717 -0.1885046362
vn 0.4597989036 -0.3197652598 -0.8284534669
vn 0.2649130804 -0.3081172269 -0.9137203261
vn -0.6348950231 -0.3142292503 -0.7058103767
vn -0.6501603712 -0.2211543950 -0.7268990476
vn -0.6907583532 -0.4021868533 -0.6009148297
vn -0.6528279306 -0.5631471104 -0.5066369756
vn -0.6088936572 -0.7398692089 -0.2860805270
vn -0.2245149181 -0.7112986970 -0.6660684763
vn -0.8178005200 0.1126580941 0.5643673124
vn -0.8112160569 0.1226643098 0.5717359322
vn -0.9133945143 0.0991881870 0.3948064903
vn -0.9294938000 0.1118663865 0.3514643471
vn -0.9944153960 0.0845784261 0.0631229754
vn -0.9990399820 0.0428674667 0.0090274374
vn -0.9851728241 0.0534626921 -0.1630222293
vn -0.9209709057 -0.0122875005 -0.3894375535
vn -0.9255678747 0.0246347342 -0.3777793526
vn -0.8413187304 -0.0010020588 -0.5405384258
vn -0.8393639330 -0.0693939898 -0.5391221218
vn -0.9225969823 -0.0834946877 -0.3766210899
vn -0.9998418788 -0.0063699297 0.0166024522
vn -0.9145950749 0.0706982799 0.3981426906
vn -0.8160139156 0.0968104227 0.5698675561
vn -0.9136722383 0.0435026077 0.4041170178
vn -0.8145131388 0.0806596128 0.5745105514
vn -0.9120667507 0.0131749515 0.4098300414
vn -0.8218664837 0.0628959061 0.5661974814
vn -0.9055923974 -0.0250710414 0.4234074311
vn -0.8143151148 0.0481572256 0.5784217972
vn -0.8945838416 -0.0591232816 0.4429719945
vn -0.8107423270 0.0445562424 0.5837050800
vn -0.8018137948 0.0297245793 0.5968342214
vn -0.8866218798 -0.0842239270 0.4547614456
vn -0.8773674490 -0.1021571527 0.4688179557
vn -0.9300952047 -0.3356533447 0.1491969918
vn -0.9136266398 -0.3683572803 0.1720444045
vn -0.8062851167 -0.5616405697 -0.1856453097
vn -0.7784286413 -0.6077285833 -0.1572094764
vn -0.7210312863 -0.6308273030 -0.2866544923
vn -0.6872305862 -0.6786727830 -0.2590702124
vn -0.8405502884 -0.1520625130 -0.5199540410
vn -0.9207586424 -0.1544138007 -0.3582734998
vn -0.9979202161 -0.0574568696 0.0292224316
vn -0.8326338423 -0.2315789323 -0.5030825805
vn -0.9169983929 -0.2241628355 -0.3299469210
vn -0.9923163184 -0.1156956503 0.0438502085
vn -0.8615140938 -0.2943843900 -0.4136801869
vn -0.9032634880 -0.3146285402 -0.2917600948
vn -0.9802151985 -0.1854962820 0.0690600749
vn -0.8091340349 -0.3802597962 -0.4480006707
vn -0.8209927167 -0.4106464968 -0.3966615859
vn -0.8648076803 -0.4175671663 -0.2788285097
vn -0.7677630813 -0.5084558521 -0.3898878012
vn -0.8533164096 -0.4709112620 -0.2238161932
vn -0.8348265793 -0.5112881105 -0.2040809903
vn -0.9463605841 -0.2975695368 0.1259127302
vn -0.7374586722 -0.5837379492 -0.3397126925
vn -0.7543655902 -0.6455601556 -0.1190992939
vn -0.6830613613 -0.7057119894 -0.1881429369
vn -0.8022834292 -0.5961687722 0.0303989188
vn -0.8793956688 -0.4238609481 0.2168067210
vn -0.8621879331 -0.2697995375 0.4287658774
vn -0.8484450061 -0.1486253775 0.5079877645
vn -0.8004012612 -0.0638877254 0.5960504841
vn -0.7874063400 -0.0037860072 0.6164226811
vn -0.8581522746 -0.1348762520 0.4953615550
vn -0.7943110039 0.0030707530 0.6075035799
vn -0.8678278204 -0.1189809825 0.4824089551
vn -0.7987176717 0.0133710114 0.6015573929
vn -0.9633801928 -0.2492421252 0.0988785475
vn -0.8962491626 -0.3987544814 0.1942480427
vn -0.0552890281 -0.9180105867 0.3926826787
vn 0.1607186775 -0.9462822753 0.2805697100
vn 0.0284624004 -0.8466780543 0.5313437345
vn 0.3278768304 -0.8745451305 0.3573060297
vn 0.3982468603 -0.7357784111 0.5477495487
vn 0.5581900992 -0.5093577349 0.6549645113
vn 0.2575554906 -0.4584057802 0.8506052609
vn 0.4342750845 -0.2674573397 0.8601579636
vn 0.1883035775 -0.1883035047 0.9638898033
vn 0.6603598517 -0.1358490484 0.7385593424
vn 0.4899604402 0.0045285490 0.8717329060
vn 0.2569848984 -0.0695582912 0.9639089200
vn 0.6306816639 0.2058006759 0.7482557855
vn 0.4369631011 0.2775991385 0.8555711347
vn 0.2483035579 0.0851392010 0.9649335001
vn 0.2314454105 0.2391677669 0.9429908808
vn -0.2068522319 0.1241079356 0.9704686365
vn 0.0175827415 0.2660323428 0.9638037351
vn -0.5838450123 0.2591285710 0.7694006663
vn -0.3378703175 0.8836161732 0.3241390242
vn -0.3033399914 -0.0177710673 0.9527166624
vn -0.4140593929 0.1104596709 0.9035228167
vn -0.5094999723 -0.0961734569 0.8550792036
vn -0.6681210610 -0.0851533385 0.7391638227
vn -0.5379357833 -0.3231514455 0.7785873338
vn -0.4012876896 -0.2565423949 0.8792918684
vn -0.2825701109 -0.6588413462 0.6971959645
vn -0.2491684295 -0.4449862708 0.8601757452
vn 0.0051552063 -0.5280566347 0.8491935082
vn -0.0695794595 -0.2569823518 0.9639080712
vn -0.2570024489 0.0685612234 0.9639756739
vn -0.1876409964 -0.1887279001 0.9639360125
vn -0.2570027863 -0.0685420143 0.9639769500
vn 0.0695622649 -0.2569826607 0.9639092299
vn 0.9651813656 0.0331330850 -0.2594747196
vn 0.9540081123 -0.1037145984 -0.2812682061
vn 0.8252455430 -0.2507309382 -0.5060669822
vn 0.8600610177 -0.4399108935 -0.2584055954
vn 0.7315597784 -0.4981114413 -0.4655161465
vn 0.5986264620 -0.7601777493 -0.2525394000
vn 0.4675636558 -0.8651511165 -0.1813774335
vn 0.6088678103 -0.7832994025 0.1253875418
vn 0.4173018325 -0.9085809844 -0.0184329988
vn 0.4951031299 -0.8463101563 0.1965502739
vn 0.7902003655 -0.4833694525 0.3767457428
vn 0.8782821133 -0.4516690354 0.1568936324
vn 0.8938951333 -0.0809258242 0.4409109905
vn 0.9797430439 -0.0680599020 0.1883385722
vn 0.9583457228 0.1100119940 0.2635732094
vn 0.8736468975 0.1314039086 0.4684806414
vn -0.5783039777 -0.0724834377 -0.8125950164
vn -0.4772694608 -0.0939585505 -0.8737194358
vn -0.5646213442 -0.1069962563 -0.8183853241
vn -0.4134711258 -0.1628726233 -0.8958315337
vn -0.5478518443 -0.2013433071 -0.8119847470
vn -0.4131677169 -0.2560878042 -0.8739058727
vn -0.5405757953 -0.2922525079 -0.7889019465
vn -0.4019410909 -0.3411607329 -0.8497368497
vn -0.5393351004 -0.3705977554 -0.7561580213
vn -0.3841430600 -0.4150529744 -0.8247212486
vn -0.5440054043 -0.4305749782 -0.7201828298
vn -0.3694851720 -0.4726718106 -0.8000387910
vn -0.5369457922 -0.4859090464 -0.6896242563
vn -0.3901828202 -0.5297976346 -0.7530417207
vn -0.4518254565 -0.5657011136 -0.6898086742
vn -0.3572835795 -0.5912800810 -0.7230050550
vn -0.4866197953 -0.6308890158 -0.6043014352
vn -0.3144160390 -0.6212034921 -0.7178083141
vn -0.3290121575 -0.6521543780 -0.6829682770
vn 0.0624054687 -0.5523858954 -0.8312492887
vn 0.0729437874 -0.5720797148 -0.8169479811
vn 0.4212037551 -0.3783033054 -0.8243021326
vn 0.4305764314 -0.3883262061 -0.8147433304
vn 0.5727923303 -0.2605947470 -0.7771739343
vn 0.5754699891 -0.2707210059 -0.7717152510
vn -0.0243414964 -0.1832043429 -0.9827734532
vn -0.1149804725 -0.1431265003 -0.9830026937
vn 0.2792251808 -0.1581191749 -0.9471175349
vn 0.3708021019 -0.1739092014 -0.9122836132
vn 0.5442769103 -0.1497880692 -0.8254248477
vn 0.5413561473 -0.1657938567 -0.8242850956
vn 0.3691028338 -0.2091723455 -0.9055440508
vn 0.5443542631 -0.1830639407 -0.8186366897
vn 0.3728093895 -0.2457039003 -0.8947864284
vn 0.5495146343 -0.1942214534 -0.8125956520
vn 0.5479737925 -0.2052087105 -0.8109340959
vn 0.3791619780 -0.2761930176 -0.8831498239
vn 0.5508118061 -0.2171406507 -0.8058885110
vn 0.3863273610 -0.2993414318 -0.8724367469
vn 0.5551961745 -0.2269175717 -0.8001659974
vn 0.3948302070 -0.3213987668 -0.8607043281
vn 0.5531932870 -0.2427323141 -0.7969053964
vn 0.4037701731 -0.3441006642 -0.8476817683
vn 0.5671694798 -0.2513375149 -0.7843138624
vn 0.4110765886 -0.3561228136 -0.8391618318
vn 0.4184094392 -0.3676812143 -0.8305083177
vn 0.0512542152 -0.5322680202 -0.8450229347
vn 0.4382066122 -0.4018564661 -0.8040437461
vn 0.5429359403 -0.3279798817 -0.7730781086
vn 0.3372872557 -0.5057940796 -0.7939834105
vn 0.0993286308 -0.6166703101 -0.7809299276
vn -0.1126929128 -0.7316073314 -0.6723473954
vn -0.2660449023 -0.7413928618 -0.6160817595
vn -0.3427217878 -0.7723663394 -0.5347822117
vn -0.4056229961 -0.7337569562 -0.5450419381
vn -0.2979714622 -0.7043417194 -0.6442947695
vn -0.4589765948 -0.6855987674 -0.5650617803
vn -0.2871586573 -0.6744810896 -0.6801581913
vn -0.0213725366 -0.2521435365 -0.9674537982
vn -0.0133403651 -0.3194685503 -0.9475029710
vn -0.0021349263 -0.3755642318 -0.9267939091
vn 0.0095981694 -0.4197348223 -0.9075960302
vn 0.0220818835 -0.4624613214 -0.8863644378
vn 0.0372528606 -0.5038661224 -0.8629780734
vn 0.0851169957 -0.5934001479 -0.8003945036
vn -0.8295895936 -0.0384089853 0.5570510354
vn -0.8290859335 -0.0390662683 0.5577547324
vn -0.8478479898 -0.2826380316 0.4486307271
vn -0.8480260453 -0.2859378123 0.4461965866
vn -0.7912843894 -0.6094782412 0.0490437408
vn -0.7913313696 -0.6094906532 0.0481228344
vn -0.7065383197 -0.6793499867 -0.1982099856
vn -0.7069189476 -0.6788025172 -0.1987278143
vn -0.0548829402 -0.9870914500 0.1504604010
vn -0.0239032912 -0.9883649429 0.1502110925
vn -0.2038634621 -0.9314565882 0.3013773599
vn -0.1775939267 -0.9363298753 0.3028972793
vn -0.4754125552 -0.6807390007 0.5572946395
vn -0.4517653220 -0.6948967082 0.5594878541
vn -0.6362673153 -0.3111073044 0.7059576111
vn -0.6498220605 -0.2919771211 0.7017696563
vn -0.6822820244 -0.0860329363 0.7260093477
vn -0.6883793946 -0.0729299533 0.7216751561
vn -0.6640220336 -0.2845187603 0.6914649766
vn -0.6954475729 -0.0680979723 0.7153428126
vn -0.6782593866 -0.2751862469 0.6813492013
vn -0.7017240720 -0.0659794151 0.7093870900
vn -0.7049236217 -0.0701979812 0.7058009146
vn -0.6846368267 -0.2743110127 0.6752968857
vn -0.5400795352 -0.6512107525 0.5331403676
vn -0.5079664681 -0.6675508468 0.5443766474
vn -0.2541596832 -0.9213030113 0.2942849245
vn -0.5622627651 -0.6335810699 0.5314467149
vn -0.3460678931 -0.8901399079 0.2964590321
vn -0.3031056435 -0.9085341875 0.2875632088
vn -0.2110628980 -0.9650423196 0.1553891067
vn -0.1665922930 -0.9752943753 0.1450789077
vn -0.1131285523 -0.9826627836 0.1468869782
vn 0.6917911110 -0.1698374242 -0.7018406571
vn 0.6758759210 -0.3443274720 -0.6516366560
vn 0.6778875651 -0.2922197605 -0.6745932557
vn 0.6176805719 -0.5478629516 -0.5641957970
vn 0.5857596117 -0.5986170109 -0.5463912075
vn 0.4197508604 -0.8503872868 -0.3172549096
vn 0.3759864817 -0.8796996944 -0.2911401953
vn 0.2838271503 -0.9446954024 -0.1642946910
vn 0.2400069059 -0.9575956019 -0.1593968265
vn 0.3406595845 -0.8930808402 -0.2938667392
vn 0.1852061188 -0.9707784550 -0.1526036854
vn 0.3248632007 -0.8942760051 -0.3077894208
vn 0.2936865932 -0.9069804114 -0.3018852735
vn 0.5594155615 -0.6151766373 -0.5555285182
vn 0.5469833788 -0.6218156208 -0.5604948859
vn 0.6691581707 -0.3056704455 -0.6773425436
vn 0.6665387932 -0.3054427888 -0.6800226025
vn 0.6895136591 -0.1813268284 -0.7012071700
vn 0.6872822320 -0.1877163125 -0.7017162672
vn 0.6619295573 -0.3104875618 -0.6822365683
vn 0.6283230925 -0.3572530888 -0.6910718645
vn 0.6605833863 -0.3084284032 -0.6844717013
vn 0.5348515980 -0.5931859328 -0.6017177222
vn 0.5248055785 -0.6364367627 -0.5652675046
vn 0.2568135033 -0.9045974007 -0.3402210562
vn 0.2477092643 -0.9198556624 -0.3041474654
vn 0.0873505966 -0.9827290752 -0.1631362562
vn 0.2672823793 -0.9115507487 -0.3124665778
vn 0.1344902896 -0.9778636144 -0.1602969543
vn 0.6745497282 -0.2956161959 -0.6764567457
vn 0.5719168269 -0.6089838315 -0.5495906078
vn 0.5338929233 -0.6292173884 -0.5648396451
vn -0.2833111537 -0.9551332356 0.0863440352
vn -0.4998961786 -0.8460643015 0.1851459108
vn -0.3259124141 -0.9452362536 0.0175932720
vn -0.5246518178 -0.8503141050 0.0413085101
vn -0.4937259004 -0.8586528785 -0.1376588881
vn -0.6147052776 -0.7746412923 -0.1485539966
vn -0.7011878629 -0.7004237825 0.1331994964
vn -0.6540608063 -0.6539595671 0.3801859365
vn -0.7309521061 -0.5900694767 0.3428221569
vn -0.7851182470 -0.2352823248 0.5729149727
vn -0.8198161786 -0.3144651299 0.4785531479
vn -0.8135648505 -0.0596041188 0.5784112577
vn -0.2777257473 -0.8715791005 -0.4040028228
vn -0.3167559224 -0.8128110220 -0.4888802799
vn -0.0825425182 -0.8935129122 -0.4413857818
vn -0.0113287328 -0.7989194710 -0.6013313053
vn 0.5629612764 -0.7861492480 -0.2550371761
vn 0.3814559849 -0.5935055725 -0.7086906709
vn 0.4618491194 -0.5673799118 -0.6817443997
vn 0.5634739987 -0.3676525088 -0.7398166567
vn 0.1492680980 -0.9114879479 -0.3832867801
vn 0.0037997606 -0.9734183356 -0.2290028508
vn -0.1062196490 -0.9586451506 -0.2640395071
vn -0.1143773460 -0.9906267296 -0.0746760019
vn -0.1615004110 -0.9866601266 -0.0204795443
vn -0.1477206195 -0.9875273467 -0.0544826399
vn 0.0058741635 -0.8994251740 -0.4370352967
vn -0.4125175986 -0.8693331453 -0.2721931547
vn -0.3349479594 -0.9050481347 -0.2621025341
vn -0.4682205787 -0.8277976699 -0.3090639213
vn -0.4583952984 -0.8286155277 -0.3213565897
vn -0.3879130782 -0.9000933889 -0.1983817912
vn -0.4849964658 -0.8552925039 0.1823544925
vn -0.3761211147 0.8455073345 -0.3790122087
vn -0.3762058299 0.8454157139 -0.3791324891
vn -0.3514844634 0.8422645511 -0.4087164028
vn -0.3503916945 0.8422624475 -0.4096579427
vn -0.2937038220 0.8404803994 -0.4553358795
vn -0.2912077302 0.8404101783 -0.4570654112
vn -0.2268220169 0.8425781257 -0.4884811918
vn -0.2226850582 0.8420972693 -0.4912062234
vn -0.1530271848 0.8370915957 -0.5252240865
vn -0.1470406857 0.8357390041 -0.5290740533
vn -0.0754987230 0.8231265413 -0.5628167019
vn -0.0683926841 0.8208625643 -0.5670159533
vn -0.0032401280 0.8087632434 -0.5881254268
vn 0.0030778489 0.8062505160 -0.5915662535
vn 0.0574139710 0.7855581623 -0.6161185029
vn 0.0648116615 0.7817704923 -0.6201889598
vn 0.1237446212 0.7546011109 -0.6444101428
vn 0.1320764060 0.7496577235 -0.6485130072
vn 0.1958872285 0.7175271113 -0.6684183109
vn 0.2058666694 0.7104356019 -0.6729785807
vn 0.2730485183 0.6743569136 -0.6860665126
vn 0.2839596003 0.6652707010 -0.6904939100
vn 0.3237030543 0.6512698669 -0.6863409452
vn 0.3240660353 0.6516264136 -0.6858310447
vn -0.1611379346 -0.7347112051 0.6589643474
vn -0.1611844906 -0.7347675677 0.6588901134
vn -0.1422664627 -0.7465591836 0.6499304878
vn -0.1344946370 -0.7488130207 0.6489917200
vn -0.0894404549 -0.7645007674 0.6383877988
vn -0.0842551201 -0.7660876209 0.6371897926
vn -0.0442053780 -0.7896703777 0.6119367444
vn -0.0414781801 -0.7905168968 0.6110340387
vn -0.0143692935 -0.7938227353 0.6079794308
vn -0.0143312661 -0.7937768643 0.6080402162
vn -0.4580773291 -0.5406535612 -0.7055911616
vn -0.4650934973 -0.5352080679 -0.7051527230
vn -0.4586945175 -0.5400659792 -0.7056401900
vn -0.4639092697 -0.5355928173 -0.7056405059
vn -0.4667350579 -0.5342388238 -0.7048029971
vn 0.4464021292 0.5489526025 -0.7066655356
vn 0.4464021292 0.5489526025 -0.7066655356
vn 0.4464021292 0.5489526025 -0.7066655356
vn 0.4425735586 -0.8314339257 0.3359259923
vn 0.4493520661 -0.8321438267 0.3249913420
vn 0.4481105848 -0.8315839756 0.3281234453
vn 0.4554133323 -0.8331075284 0.3138957515
vn 0.4570620560 -0.8337468574 0.3097748452
vn -0.2140508842 -0.7073142485 0.6737126782
vn -0.2136046344 -0.7078581354 0.6732829423
vn -0.2140430510 -0.7074184188 0.6736057846
vn -0.2152560045 -0.7068208700 0.6738465034
vn -0.2155090335 -0.7066501409 0.6739446823
vn 0.8850490200 -0.2868087683 -0.3666455545
vn 0.8869443839 -0.2932898302 -0.3568062994
vn 0.8864286303 -0.2926381470 -0.3586184578
vn 0.8887582136 -0.2986420824 -0.3477380398
vn 0.8894117962 -0.2996289617 -0.3452088384
vn 0.4631876306 0.5321791146 0.7086907710
vn 0.4597642753 0.5361229193 0.7079470507
vn 0.4625275406 0.5332605038 0.7083089081
vn 0.4662746226 0.5320195287 0.7067836992
vn 0.4673201740 0.5312794738 0.7066498254
vn 0.9197655389 -0.0952798990 -0.3807270600
vn 0.9197646032 -0.0952769127 -0.3807300680
vn 0.9068628872 -0.1212824676 -0.4035966636
vn 0.9061536063 -0.1226313310 -0.4047804325
vn 0.8766412426 -0.1712030200 -0.4496550431
vn 0.8752361974 -0.1734435304 -0.4515295567
vn 0.8439663164 -0.2274070587 -0.4858053997
vn 0.8414173016 -0.2307296634 -0.4886519691
vn 0.8006204804 -0.2838525441 -0.5276690057
vn 0.7966534678 -0.2881135798 -0.5313509362
vn 0.7489720889 -0.3424348776 -0.5672558194
vn 0.7437461579 -0.3471421019 -0.5712565219
vn 0.6992577048 -0.3928886514 -0.5972245556
vn 0.6941336281 -0.3969721845 -0.6004927902
vn 0.6502996801 -0.4387262010 -0.6201851713
vn 0.6434048138 -0.4433829371 -0.6240527355
vn 0.5915198916 -0.4844313289 -0.6445389867
vn 0.5826643106 -0.4893610584 -0.6488667473
vn 0.5231427877 -0.5276729830 -0.6692404999
vn 0.5119971734 -0.5327360862 -0.6738331818
vn 0.4466577483 -0.5714080549 -0.6884690920
vn 0.4334692616 -0.5762792115 -0.6928251364
vn 0.4016325556 -0.6046334756 -0.6878296667
vn 0.4017670032 -0.6051529168 -0.6872941310
vn -0.5545282975 0.5034138042 0.6626257684
vn -0.5545664169 0.5035152837 0.6625167532
vn -0.5752149723 0.4960338709 0.6504445669
vn -0.5811390066 0.4903318274 0.6495014658
vn -0.6168086847 0.4582618020 0.6399555979
vn -0.6208427640 0.4544660203 0.6387604393
vn -0.6607250329 0.4303132249 0.6150389901
vn -0.6628825032 0.4283738364 0.6140705523
vn -0.6822381821 0.4149746211 0.6019527612
vn -0.6822580071 0.4150291346 0.6018927057
vn -0.2339607531 0.6674522407 -0.7069440377
vn -0.2280632336 0.6690616551 -0.7073497460
vn -0.2330999496 0.6677017371 -0.7069927891
vn -0.2274030314 0.6693023370 -0.7073346047
vn -0.2276422213 0.6691394961 -0.7074117287
vn 0.2515702122 -0.6613368638 -0.7066441685
vn 0.2515702122 -0.6613368638 -0.7066441685
vn 0.2515702122 -0.6613368638 -0.7066441685
vn -0.9421820339 0.0308781852 0.3336758197
vn -0.9453282612 0.0266119572 0.3250327405
vn -0.9443663546 0.0273062789 0.3277599052
vn -0.9484849306 0.0228350750 0.3159982527
vn -0.9496913582 0.0218739056 0.3124225605
vn -0.5054809594 0.5375334327 0.6749420778
vn -0.5081173971 0.5370904962 0.6733130844
vn -0.5064758832 0.5373894807 0.6743105559
vn -0.5082024961 0.5373093099 0.6730742369
vn -0.5081009645 0.5373593782 0.6731109184
vn -0.6920274615 -0.6229290197 -0.3647703782
vn -0.6976690913 -0.6218799277 -0.3557009904
vn -0.6960720123 -0.6217136658 -0.3591042628
vn -0.7033495621 -0.6212186076 -0.3455240007
vn -0.7054152118 -0.6213382323 -0.3410691720
vn 0.2285852382 -0.6674152520 0.7087352611
vn 0.2344692955 -0.6662743052 0.7078860782
vn 0.2296286879 -0.6675705542 0.7082515237
vn 0.2221096854 -0.6724872074 0.7059945068
vn 0.2201416468 -0.6733848567 0.7057552622
vn 0.7893315453 0.6137485037 -0.0163855376
vn 0.7896628965 0.6133363209 -0.0158451034
vn 0.8169116877 0.5767627054 0.0002760220
vn 0.8167603015 0.5769754085 0.0014099448
vn 0.8491180824 0.5282024634 -0.0007999194
vn 0.8487015520 0.5288716434 0.0006785521
vn 0.8786643649 0.4774382580 -0.0012820476
vn 0.8781838523 0.4783230852 0.0003844114
vn 0.8983096558 0.4391588292 0.0133897375
vn 0.8985192074 0.4387149400 0.0138721091
vn -0.9251616964 0.3793468414 -0.0131076091
vn -0.9249700036 0.3798320345 -0.0125745008
vn -0.9068649073 0.4214105132 0.0030363166
vn -0.9069617416 0.4211930928 0.0040960833
vn -0.8824003282 0.4704961896 -0.0017309979
vn -0.8827721000 0.4698013437 -0.0003420343
vn -0.8546787972 0.5191342596 -0.0048758714
vn -0.8551661712 0.5183441294 -0.0031911133
vn -0.8270326026 0.5618799097 0.0175511057
vn -0.8266670226 0.5623978480 0.0181739986
vn -0.3678863171 -0.6671710982 0.6477209147
vn -0.3657725166 -0.6597796605 0.6564307014
vn -0.5052025806 -0.5879539730 0.6317281680
vn -0.5823646349 -0.5452048252 0.6029951332
vn -0.8206482123 -0.3066646889 0.4821755700
vn -0.8164695295 -0.3032489597 0.4913426257
vn -0.9589935708 -0.0533763544 0.2783564190
vn -0.9730213344 0.0289058735 0.2288972112
vn -0.9789328034 0.1539434046 0.1341342413
vn -0.9812358725 0.1464632683 0.1253980601
vn -0.9559487954 -0.0374273720 0.2911375832
vn -0.8225927754 -0.3118857595 0.4754665065
vn -0.5779667075 -0.5339926375 0.6170950884
vn -0.2111426805 -0.4174071206 0.8838495710
vn -0.3378489082 -0.5760179016 0.7443530696
vn -0.4536492484 -0.4365518792 0.7769329548
vn -0.5420435560 -0.4923222931 0.6810341717
vn -0.7446445326 -0.2231767340 0.6290442477
vn -0.7944613998 -0.2522671430 0.5524421895
vn -0.8761351910 -0.0520346399 0.4792489159
vn -0.9491049768 0.0501405049 0.3109431988
vn -0.9456646686 0.0791000764 0.3153751932
vn -0.9658668711 0.1967011616 0.1685521889
vn -0.9403477313 0.2783233625 0.1956585040
vn -0.9561915158 0.2808059832 0.0827392584
vn -0.9353977538 0.3422259704 0.0889518263
vn -0.9653257068 0.1997118502 0.1681114413
vn -0.9038276202 0.3828089121 0.1911883096
vn -0.9189048838 0.3809099652 0.1025739390
vn -0.9046812294 0.4159365102 0.0924591402
vn -0.8648177112 0.4659450825 0.1870441298
vn -0.8572544219 0.4765182445 0.1950518362
vn -0.7414842122 0.5597524651 0.3699707297
vn -0.3880515002 0.6453951129 0.6579370649
vn -0.6232219522 0.5516281559 0.5543471619
vn -0.7694927683 0.5217030802 0.3683840057
vn -0.8309988356 0.3783057013 0.4078305182
vn -0.8984717977 0.2086576113 0.3862776592
vn -0.3881074648 0.5601200208 0.7318730477
vn 0.0007990781 0.6039596321 0.7970145069
vn -0.0277439105 0.4687043987 0.8829192840
vn 0.2044827428 0.5041683475 0.8390477253
vn 0.1700316642 0.2543427355 0.9520498968
vn -0.0093575015 -0.0611176898 0.9980867022
vn -0.1647071872 0.2168757017 0.9622039662
vn -0.5002796247 0.2986513514 0.8127285325
vn -0.7074353266 0.3550306067 0.6111370771
vn -0.8066366926 0.1195338944 0.5788340818
vn -0.2896278851 -0.1736242297 0.9412599614
vn -0.6371955692 0.0022340020 0.7706989139
vn -0.9693260347 -0.0472425834 -0.2411953085
vn -0.9897233170 0.1092564947 -0.0922538568
vn -0.9871954070 0.1337378829 -0.0869448509
vn -0.9793059441 0.1991515938 -0.0360348514
vn -0.9900174712 0.1308487611 -0.0523832839
vn -0.9828184391 0.1845506687 -0.0029943860
vn -0.9939165880 0.1073673149 -0.0245372348
vn -0.9945077901 0.1022569885 0.0223106199
vn -0.9952941478 -0.0873499590 -0.0419469183
vn -0.9938613369 -0.1010294848 0.0450853211
vn -0.9239565473 -0.3753356734 -0.0736711004
vn -0.9130517500 -0.4003941555 0.0775952447
vn -0.7447388913 -0.6587738866 -0.1066815363
vn -0.7232317721 -0.6797219670 0.1221222805
vn -0.6067294784 -0.7943888988 0.0287335584
vn -0.6717690594 -0.6692285558 0.3175838013
vn -0.4822902978 -0.7935009326 0.3711500218
vn -0.5874940168 -0.6537793995 0.4768891664
vn -0.4057653859 -0.7736637912 0.4866197589
vn -0.9811657003 0.1900171558 0.0347469286
vn -0.9910196144 0.1182301598 0.0624640158
vn -0.9855958080 -0.0855909988 0.1458598097
vn -0.8867270994 -0.3881937575 0.2510391559
vn -0.9907199247 0.1128874207 0.0756998083
vn -0.9817745616 -0.0573095858 0.1812024328
vn -0.8416417855 -0.3910689821 0.3724300689
vn -0.6539268138 -0.6763458111 -0.3390222205
vn -0.7512741326 -0.5912996461 -0.2931755552
vn -0.9233674929 -0.3175111519 -0.2158220133
vn -0.9912687049 -0.0500286834 -0.1219978913
vn -0.7396039577 -0.4863250039 -0.4652676394
vn -0.6648245052 -0.5387277240 -0.5174754262
vn -0.8027600026 -0.3655954817 -0.4710799528
vn -0.9122176201 -0.2387255220 -0.3329701770
vn -0.9836384597 0.0036581260 -0.1801166252
vn 0.0681276245 0.7172076631 0.6935213009
vn 0.0681779956 0.7244410681 0.6859569227
vn 0.2728657607 0.6430416925 0.7155708619
vn 0.1019894321 0.7277416512 0.6782258067
vn 0.3065080294 0.6272466771 0.7159709729
vn 0.1251301620 0.7311974595 0.6705913195
vn 0.3035686813 0.6430254619 0.7031104544
vn 0.1199171580 0.7487796715 0.6518810311
vn 0.1577443898 0.7443238880 0.6489211487
vn -0.1818989391 0.8504852400 0.4935459781
vn 0.0556602012 0.7872413392 0.6141278497
vn -0.3680275503 0.8555910404 0.3640325451
vn -0.4819393636 0.8337307268 0.2694949444
vn -0.5568957386 0.8072313008 0.1955626839
vn -0.6597235928 0.7407387880 0.1267707733
vn -0.5097836549 0.8020589798 0.3111623660
vn -0.5840953470 0.7630170962 0.2768348544
vn -0.2530003809 0.8167190336 0.5186143340
vn -0.2869780737 0.7963384671 0.5324365042
vn -0.3224983455 0.7737812500 0.5452131641
vn -0.3469404253 0.7605008107 0.5488814610
vn -0.6928545865 0.6570856800 0.2969695796
vn -0.6573335577 0.6881317472 0.3072251494
vn -0.8119617759 0.5639518421 0.1505868330
vn -0.7834820916 0.6056860566 0.1389252065
vn -0.6157035509 0.7317941777 0.2922095461
vn -0.7136290739 0.6872873374 0.1355347214
vn 0.2687945411 0.6772090360 0.6849360672
vn 0.3295302337 0.6339183768 0.6996837261
vn -0.2197308935 0.8338780388 0.5063257359
vn -0.0546262779 -0.6444871632 0.7626613051
vn -0.0715857760 -0.6114702369 0.7880226050
vn 0.0432635826 -0.4625610941 0.8855311946
vn -0.0089610188 -0.5213366581 0.8533040426
vn 0.1883122435 -0.1885842850 0.9638332150
vn 0.2221592603 -0.1436716573 0.9643670038
vn 0.3638910145 0.1996572183 0.9097913633
vn 0.3723897841 0.2138277723 0.9031077081
vn 0.4232963598 0.3702263901 0.8268933498
vn 0.4322046963 0.3858379575 0.8150632927
vn 0.3857858081 0.2073619680 0.8989829389
vn 0.4409044486 0.3767236039 0.8146671673
vn 0.3976707636 0.2066445835 0.8939552449
vn 0.4089661044 0.1979863795 0.8908131785
vn 0.2679083335 -0.1633639742 0.9494932000
vn 0.2905690727 -0.1741073576 0.9408805674
vn 0.0930920335 -0.5100961721 0.8550647745
vn 0.1326073556 -0.5007827978 0.8553548262
vn 0.0043825196 -0.6512395467 0.7588595696
vn 0.0413327734 -0.6847456169 0.7276091272
vn 0.1711242134 -0.5129017282 0.8412183550
vn 0.1057887001 -0.6285864667 0.7705113918
vn 0.2178094982 -0.4201581734 0.8809234540
vn 0.3173779045 -0.1822969451 0.9306122122
vn 0.3905786859 0.0688791650 0.9179890799
vn 0.4246600028 0.1941620158 0.8842878454
vn 0.4396803865 0.3160797401 0.8406989685
vn 0.4501139534 0.3802236282 0.8079773645
vn 0.0805735472 -0.4763515478 0.8755553132
vn 0.2448458627 -0.1546168245 0.9571541888
vn -0.0088010782 -0.7955685258 0.6057996878
vn -0.0061833999 -0.7976518733 0.6030864405
vn -0.0249759219 -0.7912482016 0.6109848499
vn -0.0239189641 -0.7920874673 0.6099387898
vn -0.0666991409 -0.7764053685 0.6266944458
vn -0.0625294640 -0.7800089944 0.6226363583
vn -0.0871365163 -0.7698596440 0.6322367880
vn -0.0784801367 -0.7776446965 0.6237864973
vn -0.4832380595 -0.6602126464 -0.5749784687
vn -0.4886498627 -0.6760871148 -0.5514775832
vn -0.4915561333 -0.7710790327 -0.4047341017
vn -0.4940041444 -0.7670188307 -0.4094411053
vn -0.4417565243 -0.8964629917 -0.0347171113
vn -0.4533377255 -0.8900838448 -0.0472827222
vn -0.3338417177 -0.8875486041 0.3175014692
vn -0.3494564151 -0.8835803702 0.3117145221
vn -0.2536291153 -0.8125446561 0.5248270704
vn -0.2167814720 -0.8243466389 0.5229325123
vn -0.2948861853 -0.9031579019 0.3120063172
vn -0.4174370021 -0.9076838251 -0.0430862269
vn -0.4768888208 -0.7785551379 -0.4079570442
vn -0.4735563111 -0.6689528614 -0.5729279967
vn -0.4655844289 -0.7804381422 -0.4173097719
vn -0.4525331035 -0.7883331894 -0.4168267898
vn -0.3697118093 -0.9271653711 -0.0606428284
vn -0.3425077078 -0.9368210483 -0.0710970719
vn -0.2021165243 -0.9399603780 0.2749970882
vn -0.2474829688 -0.9533022381 0.1731098581
vn -0.1342385734 -0.9040407064 0.4058206581
vn -0.1142594115 -0.8617412353 0.4943145055
vn -0.2416512882 -0.9264496003 0.2886101054
vn -0.1671334321 -0.8543043372 0.4921691938
vn -0.2661417337 -0.9090324973 0.3206688269
vn -0.4159772579 -0.8552860478 -0.3089477259
vn -0.4368729372 -0.7935003229 -0.4236735469
vn -0.4643247178 -0.6679236659 -0.5816188898
vn -0.4595815071 -0.7157330168 -0.5258432152
vn -0.3940241618 -0.9176686092 -0.0512765416
vn -0.9569988517 0.2656941014 -0.1164467359
vn -0.9682740426 0.1799453715 -0.1733927381
vn -0.9626918642 0.1371536059 -0.2332665064
vn -0.9444870466 0.0205354159 -0.3279062602
vn -0.8864801192 -0.1096807100 -0.4495810717
vn -0.7711192843 -0.2809089751 -0.5713713303
vn -0.7102315188 -0.3442896005 -0.6140324590
vn -0.6291234751 -0.4161054353 -0.6565515363
vn -0.5925076664 -0.4451187215 -0.6714193839
vn -0.5937427171 -0.4350770706 -0.6768881211
vn -0.7128045649 -0.3233308155 -0.6223880108
vn -0.8849146719 -0.0655233761 -0.4611211453
vn -0.9504340475 0.1980545240 -0.2396863092
vn -0.9327909574 0.3394872916 -0.1210347415
vn -0.9323276459 0.2660487208 -0.2449147582
vn -0.9081787633 0.4001080911 -0.1229831265
vn -0.9054143271 0.3973589483 -0.1494348099
vn -0.9252340794 0.2102731103 -0.3157960061
vn -0.8810301916 -0.0177261751 -0.4727278120
vn -0.7918815796 -0.1899594672 -0.5803782945
vn -0.7134998291 -0.3009304201 -0.6327391849
vn -0.6458230922 -0.3791845423 -0.6626700661
vn -0.5970787035 -0.4240074463 -0.6809660103
vn 0.3373621079 0.6492067914 0.6817018044
vn 0.2882286676 0.6917157767 0.6621582284
vn 0.1967856058 0.7466950982 0.6353911045
vn 0.0801660897 0.8104067565 0.5803570341
vn -0.1120562373 0.8725673071 0.4754678689
vn -0.3354397647 0.8870312770 0.3172627898
vn -0.4043097502 0.8806379763 0.2470027949
vn -0.5199140967 0.8409478696 0.1499867082
vn -0.5283376874 0.8403214450 0.1213225335
vn -0.4812407019 0.8684753820 0.1189869642
vn -0.3552565026 0.9028778998 0.2420832820
vn -0.0745898906 0.8822333618 0.4648662642
vn 0.2140780584 0.7493900232 0.6265661801
vn 0.3447729055 0.6503761606 0.6768622411
vn 0.2319500511 0.7502781793 0.6190975912
vn 0.3521769568 0.6508024849 0.6726273238
vn 0.3163901670 0.6800369107 0.6613978094
vn 0.1519230751 0.8016625431 0.5781492422
vn -0.0370296924 0.8894382377 0.4555528764
vn -0.1898906602 0.9238728101 0.3322658092
vn -0.3051798902 0.9223239748 0.2370310532
vn -0.3587178498 0.9172986554 0.1728718628
vn -0.4279749592 0.8962863176 0.1162250883
vn 0.0496767429 -0.6080997492 0.7923048127
vn 0.0667244151 -0.6135002021 0.7868706084
vn 0.1936105002 -0.4186458656 0.8872714429
vn 0.0995332594 -0.6221406984 0.7765526909
vn 0.1103690504 -0.6247222203 0.7730076456
vn 0.1947478879 -0.4165911123 0.8879893611
vn 0.3724890757 0.0598238854 0.9261063606
vn 0.3736880325 0.0644562210 0.9253121905
vn 0.4287890217 0.3143458664 0.8469513865
vn -0.4581704565 -0.7191123399 -0.5224531322
vn -0.4215383080 -0.8577653734 -0.2941836485
vn -0.4216891371 -0.8570924507 -0.2959236433
vn -0.2705334394 -0.9439560689 0.1890994397
vn -0.2709202332 -0.9439231365 0.1887096702
vn -0.1763450021 -0.9016577374 0.3948617034
vn -0.1752131453 -0.9008320267 0.3972430156
vn -0.4596000768 -0.7290999666 -0.5071301688
vn -0.4469630827 -0.8019333612 -0.3963923396
vn -0.8369010770 0.5316539418 -0.1301563424
vn -0.8739228740 0.4455320081 -0.1943194278
vn -0.8836845408 0.3889857994 -0.2603683549
vn -0.8966884170 0.2496906664 -0.3655194304
vn -0.8667659757 0.0719110548 -0.4935033368
vn -0.7718290875 -0.1619403857 -0.6148619122
vn -0.7130155626 -0.2574214425 -0.6521832629
vn -0.6331106579 -0.3601369206 -0.6851804823
vn -0.5974893349 -0.4030318636 -0.6932328697
vn -0.5965336544 -0.3930629339 -0.6997493331
vn -0.7100349492 -0.2353484966 -0.6636727025
vn -0.8519633931 0.1178043204 -0.5101769486
vn -0.8524934094 0.4465563082 -0.2717396740
vn -0.8157694839 0.5060925976 -0.2799829132
vn -0.7928814562 0.5939067381 -0.1364323377
vn -0.7492202150 0.6477509650 -0.1381584481
vn -0.7190683385 0.6813774534 -0.1366217061
vn -0.7901818878 0.5445668632 -0.2811752404
vn -0.8346165105 0.1627944868 -0.5262254608
vn -0.8260280546 0.1979952167 -0.5277078237
vn -0.7098912956 -0.1886230232 -0.6785836009
vn -0.7044163319 -0.2139936823 -0.6767601756
vn -0.6015627472 -0.3698039362 -0.7080729553
vn -0.5941173727 -0.3840110145 -0.7067956481
vn 0.2751572297 0.7271621620 -0.6289067412
vn 0.2321599554 0.7038782875 -0.6713099966
vn 0.2042809413 0.7611843690 -0.6155222607
vn 0.1437593909 0.8889611267 -0.4348348569
vn -0.0702900497 0.9043078022 -0.4210542812
vn -0.1129012059 0.9670033289 -0.2283809966
vn -0.3324297768 0.9276258297 -0.1702961056
vn -0.3993588526 0.9075476560 -0.1298836362
vn -0.3547993115 0.9310074899 -0.0856884018
vn -0.2766603145 0.8790950866 -0.3881377321
vn -0.0266349867 0.7984893922 -0.6014193779
vn -0.1307610913 0.9597187720 0.2486793430
vn -0.2975374027 0.9500638656 0.0940752110
vn -0.3271800327 0.9411348690 0.0849610763
vn -0.3938729576 0.9185521342 0.0335569659
vn -0.3337855383 0.9412333127 0.0516436395
vn -0.3232099384 0.9461008493 0.0207006915
vn -0.1744807333 0.9774657773 0.1188155207
vn -0.1678747486 0.9851436217 0.0361954897
vn 0.0653030274 0.9769071549 0.2034402256
vn 0.0756940839 0.9951066663 0.0635069165
vn 0.3289205157 0.9017689609 0.2803997782
vn 0.3410077213 0.9351958400 0.0955116475
vn 0.4365899227 0.8126965223 0.3858932522
vn 0.4634781492 0.8833508945 0.0698512883
vn 0.3310019979 0.9368233000 -0.1131361212
vn 0.4541737601 0.8764992704 -0.1596096009
vn 0.2844922819 0.9104717918 -0.3001753785
vn 0.3927476080 0.8488772169 -0.3537750515
vn 0.2274971943 0.8653845247 -0.4464914904
vn 0.3138840653 0.8111516737 -0.4934670768
vn 0.1430884708 0.8751405190 -0.4622280406
vn -0.0119806533 0.9476395871 -0.3191170270
vn -0.1720602003 0.9571172136 -0.2330706480
vn -0.2290798191 0.9581610829 -0.1716093695
vn -0.3550080418 0.9319250397 -0.0740608577
vn -0.1933806942 0.9737209129 -0.1202975101
vn -0.3449250306 0.9371445654 -0.0527900253
vn -0.1755198834 0.9835082101 -0.0436391008
vn -0.3345112918 0.9422010525 -0.0189571208
vn -0.3872455576 0.9219739458 0.0022184047
vn -0.3911767538 0.9201791671 -0.0158444870
vn -0.3985854805 0.9167479283 -0.0265113325
vn -0.4176521614 0.9077613617 -0.0391916094
vn -0.3285844507 0.9404101699 -0.0875269735
vn 0.3038306667 0.8292986410 0.4689890084
vn 0.4034205470 0.7552935372 0.5165109243
vn 0.2257021816 0.8422368600 0.4895871698
vn 0.0399555745 0.9402380176 0.3381656730
vn -0.2046502490 0.9626547494 0.1772402580
vn 0.0294434861 0.9773984437 -0.2093450818
vn 0.0630404471 0.9950022902 -0.0774360672
vn 0.0015728634 -0.6557382633 0.7549866596
vn 0.0487628985 -0.6339355902 0.7718470362
vn 0.0876169792 -0.5241335942 0.8471170170
vn 0.1882127334 -0.4129252481 0.8911053285
vn 0.2729063446 -0.1672673478 0.9473878622
vn 0.3878879738 0.0795068303 0.9182709751
vn 0.4059744022 0.2223090526 0.8864330036
vn 0.4534514641 0.3435810511 0.8223951794
vn 0.4190987803 0.3566578450 0.8349559233
vn 0.4241211684 0.3162743391 0.8485822158
vn 0.4288171256 0.3147415399 0.8467901959
vn 0.3443604980 0.0967535752 0.9338386333
vn 0.1399373768 -0.4037850090 0.9040880472
vn 0.0118531087 -0.6300496120 0.7764644166
vn 0.0548485119 -0.6100740965 0.7904436966
vn -0.9663802032 0.2125131745 0.1447323511
vn -0.9701490004 0.2029514651 0.1327464495
vn -0.9700878438 0.0745922415 0.2310098979
vn -0.9433080886 -0.0184553854 0.3314049618
vn -0.8005751459 -0.3330862472 0.4981294889
vn -0.8014705200 -0.3403117272 0.4917651207
vn -0.5229668920 -0.5535220120 0.6481658832
vn -0.4141768086 -0.6553517944 0.6316419847
vn -0.2695015912 -0.7163174454 0.6436289379
vn -0.2659662682 -0.7078007544 0.6544310783
vn -0.5418912062 -0.6107910018 0.5773112444
vn -0.7975479856 -0.3286237091 0.5058889883
vn -0.9562735530 -0.0514824331 0.2879070179
vn -0.4734775758 -0.6663047811 -0.5760702422
vn -0.4450474803 -0.7071112420 -0.5494783269
vn -0.4623601467 -0.7759582926 -0.4290825362
vn -0.4136414266 -0.8564305426 -0.3089134117
vn -0.3849519365 -0.9213824941 -0.0535378935
vn -0.2769970624 -0.9401337532 0.1985476101
vn -0.2350388180 -0.9129975006 0.3334551213
vn -0.1655238292 -0.8733464100 0.4581134250
vn -0.1558789494 -0.8577381074 0.4898847745
vn -0.2036152137 -0.8786648578 0.4318436204
vn -0.2018987032 -0.8645014589 0.4602978830
vn -0.3262551572 -0.9229079204 0.2044469197
vn -0.4716853086 -0.8334063759 -0.2880048304
vn -0.4959415167 -0.6863106168 -0.5319960050
vn -0.4701382089 -0.6665867962 -0.5784739473
vn -0.2745706705 0.9031337900 -0.3300913575
vn -0.4063650771 0.8957474684 -0.1802883715
vn -0.4179005326 0.8947559534 -0.1573878287
vn -0.4788965764 0.8740435665 -0.0818896390
vn -0.4697797836 0.8692104694 -0.1542080246
vn -0.5089587259 0.8431016590 -0.1736105061
vn -0.3958961702 0.8545695730 -0.3361206142
vn -0.4782715121 0.7963800011 -0.3701827314
vn -0.2597654823 0.7674197091 -0.5861645539
vn -0.3782676066 0.6654746262 -0.6434727186
vn -0.0858599585 0.5747571067 -0.8138073088
vn -0.2113034020 0.4394998151 -0.8730353858
vn 0.0140427019 0.4902580073 -0.8714642212
vn -0.2229225661 0.1941888117 -0.9552990291
vn -0.3932952846 0.2749830415 -0.8773272742
vn -0.5039447001 0.1023921200 -0.8576453772
vn -0.6445683129 0.4078949691 -0.6466478054
vn -0.6061303032 -0.1159990851 -0.7868610219
vn -0.7230508711 0.2624713765 -0.6389884305
vn -0.7052739382 0.6115009028 -0.3586855418
vn -0.6602089045 0.6547189179 -0.3680588824
vn -0.6191023147 0.7679853827 -0.1640450424
vn -0.5643072657 0.7299088601 -0.3857335424
vn -0.5708510067 0.8007217529 -0.1815869010
vn -0.5383938309 0.8380063660 -0.0887547939
vn -0.5988825299 0.7964602853 -0.0836105812
vn -0.6476059784 0.7383242560 -0.1883714142
vn -0.5066624795 -0.2382179893 -0.8285803047
vn -0.3994024491 -0.0758612945 -0.9136316258
vn 0.0447663920 0.7070017604 -0.7057935115
vn 0.1331862378 0.6733456148 -0.7272325000
vn -0.0038192553 0.7990756371 -0.6012183791
vn -0.1616874630 0.8470109751 -0.5063887561
vn -0.3366657845 0.8973106685 -0.2854640323
vn -0.5033159663 0.5498414390 -0.6665939019
vn 0.5066002484 0.6515330870 0.5646776292
vn 0.5115939391 0.6414723506 0.5716509992
vn 0.5424350171 0.7417218518 0.3944780688
vn 0.5612454008 0.7491558521 0.3518083418
vn 0.5698063540 0.8195101562 0.0610231333
vn 0.5366265680 0.8437651282 0.0096091037
vn 0.5385471843 0.8265810626 -0.1634951903
vn 0.4500768835 0.8038943297 -0.3888247749
vn 0.4844742444 0.7894881476 -0.3768198129
vn 0.4196685801 0.7288771639 -0.5409402581
vn 0.3591616046 0.7612176476 -0.5399542896
vn 0.3888971009 0.8408155103 -0.3765479020
vn 0.4946675205 0.8689208108 0.0167531709
vn 0.5189336653 0.7567225230 0.3975913407
vn 0.4919735210 0.6589143180 0.5690289766
vn 0.4943729774 0.7696182570 0.4040830332
vn 0.4769888466 0.6658434605 0.5737021233
vn 0.4673945883 0.7833494687 0.4097632349
vn 0.4655877914 0.6799506914 0.5664760064
vn 0.4311465584 0.7965033653 0.4239045108
vn 0.4488107310 0.6802447820 0.5795135583
vn 0.3958049684 0.8044390657 0.4429629969
vn 0.4438635418 0.6813701761 0.5819964255
vn 0.4265153336 0.6801766484 0.5961915776
vn 0.3703429128 0.8100177848 0.4546617591
vn 0.3502097848 0.8110807222 0.4685095183
vn 0.1743974869 0.9733348340 0.1490128099
vn 0.1377775457 0.9754347151 0.1718850326
vn -0.0832259914 0.9790730405 -0.1857132623
vn -0.1372852406 0.9779162825 -0.1575833337
vn -0.1857640261 0.9397607747 -0.2869519350
vn -0.2433057659 0.9351793772 -0.2573748954
vn 0.2875591818 0.8031590251 -0.5217713076
vn 0.3264847491 0.8742435268 -0.3593131843
vn 0.4493718087 0.8928620365 0.0293659906
vn 0.2151229988 0.8360321679 -0.5047497496
vn 0.2641556411 0.9061383345 -0.3303560442
vn 0.3960628505 0.9171320500 0.0447551262
vn 0.1752008923 0.8930368379 -0.4144753956
vn 0.1787562363 0.9393530124 -0.2926809287
vn 0.3293375847 0.9417362806 0.0683339824
vn 0.0749176507 0.8904663962 -0.4488395513
vn 0.0547696806 0.9161418101 -0.3970950338
vn 0.0704427178 0.9576965793 -0.2790252417
vn -0.0569232660 0.9188619401 -0.3904516319
vn 0.0188382959 0.9744383569 -0.2238638141
vn -0.0254228805 0.9786120838 -0.2041373717
vn 0.2157369876 0.9682213940 0.1265104122
vn -0.1374300282 0.9301469152 -0.3404991975
vn -0.1810834411 0.9764035703 -0.1176641631
vn -0.2688477186 0.9448191359 -0.1871836119
vn -0.1146553824 0.9929315502 0.0306770255
vn 0.0719797854 0.9737163608 0.2160910903
vn 0.1971169946 0.8819318219 0.4281835494
vn 0.2945753932 0.8102384749 0.5066941399
vn 0.3443362092 0.7257453211 0.5955890394
vn 0.3902255887 0.6844453251 0.6158397413
vn 0.3122750525 0.8104688728 0.4956051834
vn 0.3994400972 0.6869368307 0.6070958732
vn 0.3309166183 0.8110238321 0.4824256787
vn 0.4111119132 0.6844658399 0.6020743383
vn 0.2659182387 0.9588303303 0.0996588584
vn 0.1030876234 0.9753801772 0.1949524350
vn -0.7678705014 0.5059910465 0.3928714216
vn -0.9000633703 0.3335672620 0.2803904620
vn -0.7471145920 0.3990299521 0.5315965422
vn -0.8989844076 0.2759857830 0.3400865808
vn -0.8098626740 0.2180521959 0.5445876322
vn -0.8318347998 -0.1639432070 0.5302579473
vn -0.9099721967 -0.1819568262 0.3726155050
vn -0.7203446797 -0.2289942128 0.6547252805
vn -0.5162889237 -0.1268058037 0.8469746368
vn -0.4487270372 -0.2423103286 0.8601916942
vn -0.2570018699 -0.0684885522 0.9639809941
vn -0.4474726610 -0.5038408039 0.7388590272
vn -0.2402636801 -0.4266242056 0.8719318501
vn -0.1880407860 -0.1880287741 0.9639947318
vn -0.1369227508 -0.6494035846 0.7480154708
vn 0.0220256959 -0.5178326889 0.8551983250
vn -0.0508466104 -0.2572781239 0.9649987509
vn 0.0911314335 -0.3201454854 0.9429750421
vn 0.2115980481 0.1165682270 0.9703803968
vn 0.2219732115 -0.1484540115 0.9636852701
vn 0.3855731347 0.5169602429 0.7642548430
vn 0.9337784649 -0.1494142458 0.3251663600
vn 0.1371033703 0.2710055488 0.9527636949
vn 0.2289655957 0.4143955257 0.8808241052
vn -0.0111355397 0.6286754956 0.7775880150
vn -0.0211383382 0.4764440974 0.8789506202
vn -0.4290280968 0.5747311329 0.6968637005
vn -0.2609384477 0.4393656883 0.8595748475
vn -0.4597666355 0.2595259886 0.8492708061
vn -0.1880506956 0.1880487784 0.9639888966
vn -0.5254326001 0.1405527231 0.8391457053
vn -0.2570016126 0.0685032484 0.9639800185
vn -0.0685470515 0.2570009090 0.9639770923
vn 0.0685661164 0.2570005715 0.9639758264
vn 0.1887447818 0.1876602636 0.9639289563
vn -0.4564467573 -0.8514583141 -0.2582152148
vn -0.5681357009 -0.7736787126 -0.2804337266
vn -0.6306724580 -0.5888161594 -0.5055173402
vn -0.8116161311 -0.5240135842 -0.2582421717
vn -0.7977101952 -0.3837218638 -0.4652053050
vn -0.9571860483 -0.1426445514 -0.2518876752
vn -0.9834528263 0.0223438322 -0.1797812324
vn -0.9827642769 -0.1353026389 0.1259665507
vn -0.9954859244 0.0933978277 -0.0168706868
vn -0.9800837683 -0.0039258308 0.1985456999
vn -0.8138268599 -0.4423669090 0.3768253705
vn -0.8299688770 -0.5354488265 0.1563528618
vn -0.5173608956 -0.7334156851 0.4409525333
vn -0.5500904775 -0.8136401220 0.1881228813
vn -0.3867916013 -0.8836937872 0.2635859399
vn -0.3232196321 -0.8216403565 0.4695063302
vn 0.2264452688 0.5369593375 -0.8126482696
vn 0.1572604746 0.4600889306 -0.8738348351
vn 0.1896240847 0.5423169332 -0.8184956020
vn 0.0656501322 0.4394540633 -0.8958628167
vn 0.0988972353 0.5745153136 -0.8124970715
vn -0.0155095819 0.4853373607 -0.8741893955
vn 0.0165048489 0.6130479113 -0.7898733116
vn -0.0948438378 0.5179479542 -0.8501379671
vn -0.0517199690 0.6515179332 -0.7568681705
vn -0.1677711862 0.5394230382 -0.8251518739
vn -0.1011741620 0.6859432021 -0.7205870610
vn -0.2245481074 0.5569752430 -0.7995978528
vn -0.1523560196 0.7088242570 -0.6887349389
vn -0.2637359421 0.6027957176 -0.7530475919
vn -0.2639973515 0.6737047112 -0.6902371770
vn -0.3334338648 0.6051307484 -0.7229375043
vn -0.3029491429 0.7372226641 -0.6039243002
vn -0.3809117703 0.5826890846 -0.7178994735
vn -0.4000449992 0.6115313278 -0.6826371172
vn -0.5095243597 0.2224323189 -0.8312092338
vn -0.5318474674 0.2225613339 -0.8170708195
vn -0.5381547172 -0.1759338877 -0.8242795445
vn -0.5516005253 -0.1787792699 -0.8147237772
vn -0.5123603650 -0.3651647337 -0.7772654460
vn -0.5223947585 -0.3621880641 -0.7719608297
vn -0.1465470851 0.1126237567 -0.9827715102
vn -0.0665850671 0.1707483371 -0.9830622738
vn -0.2767790150 -0.1625841431 -0.9470796024
vn -0.3359077219 -0.2338129246 -0.9124130198
vn -0.4021931654 -0.3960082453 -0.8254805433
vn -0.4138269493 -0.3849910961 -0.8249418840
vn -0.3655377997 -0.2145870801 -0.9057231928
vn -0.4305073893 -0.3789785102 -0.8191695042
vn -0.3990090268 -0.1994792919 -0.8949859265
vn -0.4428097420 -0.3776659535 -0.8131961387
vn -0.4515775808 -0.3726039821 -0.8107058412
vn -0.4288250193 -0.1902787490 -0.8831212264
vn -0.4637248166 -0.3682474597 -0.8058244864
vn -0.4523268913 -0.1848862212 -0.8724777754
vn -0.4738738955 -0.3676166656 -0.8001884268
vn -0.4758101211 -0.1814502244 -0.8606279944
vn -0.4869140748 -0.3578471461 -0.7967810890
vn -0.4997783296 -0.1781082114 -0.8476432541
vn -0.5014227098 -0.3647357436 -0.7845655507
vn -0.5139516895 -0.1776899105 -0.8392138920
vn -0.5275758765 -0.1783482925 -0.8305754518
vn -0.4866663584 0.2211533168 -0.8451313898
vn -0.5672743844 -0.1780237252 -0.8040567928
vn -0.5555703052 -0.3057880573 -0.7731980988
vn -0.6066154145 -0.0391730747 -0.7940297281
vn -0.5838178114 0.2218783422 -0.7809780819
vn -0.5774232981 0.4626780452 -0.6726896471
vn -0.5090544556 0.6009092757 -0.6162561186
vn -0.4980056081 0.6821265598 -0.5354379242
vn -0.4321179390 0.7191069785 -0.5442051454
vn -0.4607213062 0.6111723831 -0.6435869764
vn -0.3639747722 0.7405056099 -0.5649546946
vn -0.4403223984 0.5860445794 -0.6801969835
vn -0.2075876387 0.1449442676 -0.9674184883
vn -0.2699342939 0.1711875058 -0.9475390836
vn -0.3241294953 0.1895672278 -0.9268248683
vn -0.3683677186 0.2011887295 -0.9076498879
vn -0.4114434946 0.2129419840 -0.8862110145
vn -0.4551462315 0.2188085072 -0.8631134023
vn -0.5565752406 0.2228357547 -0.8003550637
vn 0.3122419004 0.7257052334 0.6130717004
vn 0.3129975735 0.7258632924 0.6124989794
vn 0.2217902979 0.8851402475 0.4090669946
vn 0.2251002311 0.8827293920 0.4124544902
vn -0.1043295525 0.9944663071 0.0123332282
vn -0.0920694656 0.9952550164 0.0314748440
vn -0.2553431625 0.9496481036 -0.1815718828
vn -0.2555875454 0.9496194156 -0.1813779816
vn -0.8269881898 0.5414995810 0.1512241307
vn -0.8444879944 0.5143574587 0.1492529128
vn -0.7050491638 0.6420676503 0.3010893705
vn -0.7221974717 0.6218939443 0.3027849633
vn -0.3524337920 0.7520218236 0.5570041284
vn -0.3752328150 0.7386256743 0.5600289705
vn 0.0482921554 0.7065825989 0.7059808061
vn 0.0719426971 0.7086982837 0.7018340196
vn 0.2657636879 0.6342008898 0.7260570870
vn 0.2804426590 0.6328314727 0.7217175640
vn 0.0856755420 0.7172807088 0.6914969894
vn 0.2887915800 0.6362956375 0.7153511621
vn 0.1017164625 0.7246868919 0.6815296545
vn 0.2950748520 0.6400669270 0.7093977450
vn 0.2939670829 0.6442510178 0.7060623062
vn 0.1050378255 0.7300045173 0.6753224859
vn -0.2938684841 0.7933602634 0.5331236316
vn -0.3246276412 0.7736517648 0.5441321911
vn -0.6712839329 0.6804576934 0.2938625679
vn -0.2690186511 0.8038932604 0.5304569646
vn -0.5977220023 0.7449700625 0.2962229125
vn -0.6357601593 0.7165560948 0.2869780179
vn -0.7292722084 0.6661767908 0.1561106321
vn -0.7621675505 0.6311857747 0.1438928168
vn -0.7945904138 0.5891502560 0.1467244024
vn -0.5004546917 -0.5088470747 -0.7004425431
vn -0.6375731679 -0.4119204518 -0.6510161265
vn -0.5939074934 -0.4395145432 -0.6738700584
vn -0.7832472785 -0.2611970766 -0.5641806341
vn -0.8116573075 -0.2074819478 -0.5460436398
vn -0.9463251422 0.0616835858 -0.3172756852
vn -0.9498283343 0.1139372428 -0.2912806894
vn -0.9599478804 0.2274321139 -0.1636297665
vn -0.9495078575 0.2694512374 -0.1607198157
vn -0.9436744911 0.1510027508 -0.2944089403
vn -0.9333416855 0.3247043858 -0.1531024490
vn -0.9367547994 0.1655512691 -0.3083556762
vn -0.9323890279 0.1992112119 -0.3016050294
vn -0.8124344461 -0.1768954348 -0.5555702259
vn -0.8126268185 -0.1620392819 -0.5598043631
vn -0.5982106953 -0.4277283813 -0.6776373631
vn -0.5968625839 -0.4253532509 -0.6803158589
vn -0.4996582036 -0.5082928857 -0.7014128755
vn -0.5064391703 -0.5009022683 -0.7018662867
vn -0.6004757626 -0.4173645740 -0.6820818653
vn -0.6232617516 -0.3655499504 -0.6913161525
vn -0.5957276683 -0.4196057020 -0.6848646582
vn -0.7805253058 -0.1668645438 -0.6024420893
vn -0.8137065321 -0.1360586821 -0.5651280516
vn -0.9119457902 0.2297944079 -0.3399255888
vn -0.9205059345 0.2449677922 -0.3044004031
vn -0.8950189651 0.4152125513 -0.1629097581
vn -0.9230998065 0.2242125132 -0.3124347871
vn -0.9141935772 0.3726285309 -0.1593677552
vn -0.5957079740 -0.4341408371 -0.6757616024
vn -0.8130630996 -0.1911480379 -0.5499007399
vn -0.8113649827 -0.1484870927 -0.5653657650
vn -0.6856622551 0.7223964713 0.0895020123
vn -0.4849184987 0.8540778795 0.1881622315
vn -0.6555961695 0.7548882680 0.0183675075
vn -0.4752159839 0.8788636544 0.0420528909
vn -0.4981349202 0.8557122884 -0.1400645597
vn -0.3654452682 0.9187223603 -0.1496628902
vn -0.2569811938 0.9570953430 0.1338998522
vn -0.2406454949 0.8928535046 0.3806604327
vn -0.1478526648 0.9276045713 0.3430588125
vn 0.1894606409 0.7977178698 0.5724952976
vn 0.1361480367 0.8674897180 0.4784613895
vn 0.3581576186 0.7331552337 0.5781059794
vn -0.6175252960 0.6762117905 -0.4017463419
vn -0.5465212849 0.6804664592 -0.4881392045
vn -0.7318822314 0.5187406421 -0.4418784286
vn -0.6857449277 0.4085863642 -0.6023380090
vn -0.9622708250 -0.0954244553 -0.2548117592
vn -0.7040243390 -0.0335832656 -0.7093813462
vn -0.7216340506 -0.1164341998 -0.6824129059
vn -0.5997105727 -0.3036576093 -0.7403642923
vn -0.8631044129 0.3270778083 -0.3847997917
vn -0.8429962591 0.4862676972 -0.2300022474
vn -0.7756429067 0.5735590974 -0.2634540626
vn -0.7838705834 0.6173421774 -0.0665998834
vn -0.7700369361 0.6371548871 -0.0328141246
vn -0.7719588496 0.6331294835 -0.0568030956
vn -0.7835577081 0.4299382805 -0.4485425210
vn -0.5454056680 0.7946352559 -0.2666223308
vn -0.6109354599 0.7500624563 -0.2533064853
vn -0.4817062603 0.8223717935 -0.3027601560
vn -0.4878671169 0.8136672719 -0.3161190393
vn -0.5864448856 0.7864045075 -0.1940369726
vn -0.4997269096 0.8467956617 0.1822364487
vn -0.3933104285 0.6512162386 0.6490179638
vn -0.3879102712 0.6455269802 0.6578909783
vn -0.2577773184 0.7324876240 0.6300894657
vn -0.1816041218 0.7786202783 0.6006416613
vn 0.1385043561 0.8679230382 0.4769970053
vn 0.1391514256 0.8684585360 0.4758325882
vn 0.4215642100 0.8687764123 0.2598291022
vn 0.5104941374 0.8296643148 0.2259488006
vn 0.6170477739 0.7767136679 0.1263642469
vn 0.6130570650 0.7809154424 0.1197167777
vn 0.4540131296 0.8380593437 0.3025369639
vn 0.1426192876 0.8676838441 0.4762189469
vn -0.1743910368 0.7693426386 0.6145727546
vn -0.2554637313 0.3919968789 0.8837854541
vn -0.3294270635 0.5804483561 0.7446861861
vn -0.1506579401 0.6112225476 0.7769872473
vn -0.1546860683 0.7148293469 0.6819759711
vn 0.1792508221 0.7556540212 0.6299651919
vn 0.1790196404 0.8132963943 0.5536252734
vn 0.3928828623 0.7846239696 0.4795917877
vn 0.5183343352 0.7964997699 0.3113159704
vn 0.5405919094 0.7799498309 0.3153389426
vn 0.6535183786 0.7379189650 0.1684913350
vn 0.7105893088 0.6756602232 0.1963315996
vn 0.7195615362 0.6892227843 0.0848713691
vn 0.7642061467 0.6387775862 0.0891748889
vn 0.6575570660 0.7345422663 0.1675301884
vn 0.7839677946 0.5909964615 0.1900465193
vn 0.7899537900 0.6050550122 0.0994054416
vn 0.8130746197 0.5748746023 0.0918087926
vn 0.8359953645 0.5158693977 0.1870575177
vn 0.8411808364 0.5041444944 0.1955840720
vn 0.8551701800 0.3625848817 0.3704270061
vn 0.7529976686 0.0139274715 0.6578757760
vn 0.7892416091 0.2637443850 0.5545598091
vn 0.8365077075 0.4053813794 0.3686743718
vn 0.7433041630 0.5303450642 0.4077168554
vn 0.6312040355 0.6739114406 0.3839594194
vn 0.6788997107 0.0565263216 0.7320518819
vn 0.5232527971 -0.3029668308 0.7965033646
vn 0.4190040264 -0.2110080206 0.8831258354
vn 0.3345642672 -0.4296454036 0.8387321254
vn 0.1355058598 -0.2749620722 0.9518581936
vn -0.0479323389 0.0385008067 0.9981083001
vn 0.2694634070 0.0344232689 0.9623951947
vn 0.5090639206 0.2853750492 0.8120437218
vn 0.6616153816 0.4358868342 0.6101374883
vn 0.5074046795 0.6388613737 0.5782703835
vn -0.0059716581 0.3376379406 0.9412571170
vn 0.3204629718 0.5498150859 0.7713668745
vn 0.4431928081 0.8634995121 -0.2407254193
vn 0.5896689187 0.8026410249 -0.0897660933
vn 0.6104956138 0.7873808489 -0.0855950017
vn 0.6661194450 0.7451016019 -0.0332939603
vn 0.6079652560 0.7922057513 -0.0528043102
vn 0.6500570143 0.7598821945 -0.0022200316
vn 0.5876616645 0.8087111658 -0.0252985831
vn 0.5859451169 0.8100325536 0.0227064339
vn 0.4226459681 0.9053827204 -0.0406511405
vn 0.4094819949 0.9111743811 0.0456699356
vn 0.1378219804 0.9878094812 -0.0723707857
vn 0.1090099690 0.9909657789 0.0781258716
vn -0.1984581892 0.9741610211 -0.1078176803
vn -0.2280477022 0.9661249559 0.1208172801
vn -0.3846666400 0.9226532274 0.0272506515
vn -0.2445483078 0.9157457018 0.3187568586
vn -0.4456319596 0.8143161789 0.3718888507
vn -0.2729363637 0.8348905223 0.4779786157
vn -0.4672503110 0.7373718568 0.4878113279
vn 0.6547351020 0.7550545998 0.0348496418
vn 0.5979026877 0.7991314158 0.0624608382
vn 0.4191580414 0.8961295396 0.1458025535
vn 0.1060135977 0.9618981469 0.2520179996
vn 0.5933986385 0.8013435376 0.0756742402
vn 0.4414569320 0.8787758975 0.1812972672
vn 0.0819133522 0.9244468469 0.3724086869
vn -0.2593764150 0.9044357271 -0.3387032491
vn -0.1353526766 0.9467444613 -0.2921550581
vn 0.1868769414 0.9584458604 -0.2155424353
vn 0.4491303731 0.8848787339 -0.1235780494
vn -0.0513102426 0.8840713389 -0.4645267772
vn -0.1344401534 0.8456695211 -0.5164967631
vn 0.0847741755 0.8783196898 -0.4704974620
vn 0.2496726900 0.9093429605 -0.3328046396
vn 0.4929077891 0.8508284694 -0.1820242487
vn 0.5871920292 -0.4173754431 0.6935439859
vn 0.5937457371 -0.4208313382 0.6858330587
vn 0.4206310110 -0.5575927093 0.7156534938
vn 0.5795412095 -0.4519729006 0.6781242391
vn 0.3904645176 -0.5787649837 0.7159389319
vn 0.5702351896 -0.4742482811 0.6707610576
vn 0.4045931026 -0.5846757241 0.7031775871
vn 0.5879579176 -0.4786241327 0.6520923453
vn 0.5653764657 -0.5089505365 0.6490907513
vn 0.8278129905 -0.2672375218 0.4932643912
vn 0.6538904130 -0.4417947149 0.6142025379
vn 0.9251002242 -0.1086851582 0.3638366551
vn 0.9630260234 0.0007767680 0.2694072657
vn 0.9774922551 0.0783128190 0.1958979164
vn 0.9712883000 0.2009750396 0.1273109250
vn 0.9494851981 0.0407248651 0.3111580690
vn 0.9529064260 0.1245913187 0.2764893247
vn 0.8336673851 -0.1894078150 0.5187710194
vn 0.8334927378 -0.1491581583 0.5320166349
vn 0.8315368385 -0.1071259164 0.5450417637
vn 0.8322967826 -0.0794678145 0.5486045317
vn 0.9154275231 0.2716777123 0.2969573549
vn 0.9245956553 0.2247393298 0.3075956890
vn 0.8944888551 0.4206193186 0.1515555243
vn 0.9167919505 0.3737577574 0.1407041518
vn 0.9415790554 0.1670176067 0.2924619659
vn 0.9520291893 0.2744952528 0.1352507999
vn 0.4513284840 -0.5717914700 0.6850964271
vn 0.3844861592 -0.6022526862 0.6996156769
vn 0.8321538987 -0.2263924321 0.5062275729
vn -0.5303702178 0.3686027293 0.7634392314
vn -0.4936577338 0.3673442677 0.7882640616
vn -0.4222275483 0.1936849679 0.8855563396
vn -0.4469211201 0.2681380621 0.8534421433
vn -0.2574375143 -0.0688244446 0.9638408178
vn -0.2356660451 -0.1203468154 0.9643537521
vn -0.0086549734 -0.4153038458 0.9096415817
vn -0.0012596786 -0.4291765530 0.9032197405
vn 0.1093826317 -0.5520125985 0.8266302262
vn 0.1174939836 -0.5666819590 0.8155162299
vn -0.0134268965 -0.4375901177 0.8990743058
vn 0.1060720193 -0.5704575465 0.8144488409
vn -0.0196770702 -0.4479383448 0.8938478910
vn -0.0332458321 -0.4530532160 0.8908633442
vn -0.2755999698 -0.1500924320 0.9494824477
vn -0.2960048850 -0.1647039816 0.9408792199
vn -0.4881942109 0.1741887530 0.8551752398
vn -0.4999418146 0.1353640262 0.8554149650
vn -0.5657811328 0.3208908417 0.7595530116
vn -0.6135710703 0.3062870498 0.7278178239
vn -0.5296805966 0.1080890710 0.8412818899
vn -0.5972232738 0.2224545172 0.7706090766
vn -0.4728072865 0.0213648946 0.8809068118
vn -0.3166667619 -0.1836178693 0.9305947776
vn -0.1356710420 -0.3727732926 0.9179506744
vn -0.0446730244 -0.4643454788 0.8845267646
vn 0.0538577043 -0.5388602694 0.8406717301
vn 0.1032772447 -0.5791369114 0.8086620113
vn -0.4526548952 0.1681915416 0.8756798223
vn -0.2564857747 -0.1345093495 0.9571427701
vn -0.6939229336 0.4044495474 0.5957277279
vn -0.6786065364 0.4103644949 0.6091749749
vn -0.6762568240 0.4132446568 0.6098406034
vn -0.6665589857 0.4167942446 0.6180466619
vn -0.6425361579 0.4364131395 0.6298339920
vn -0.6422772287 0.4365376213 0.6300117989
vn -0.6231762753 0.4518538901 0.6383411250
vn -0.6267959415 0.4506742500 0.6356253362
vn -0.3297027147 0.7487723868 -0.5750095935
vn -0.3415972727 0.7617101369 -0.5505533313
vn -0.4214169441 0.8122485793 -0.4033112999
vn -0.4168494619 0.8117819498 -0.4089579344
vn -0.5528543508 0.8325651149 -0.0344586152
vn -0.5424463141 0.8387028996 -0.0482642982
vn -0.5998699841 0.7342703895 0.3178096873
vn -0.5883655823 0.7462675232 0.3113048754
vn -0.5751136815 0.6284193293 0.5237684602
vn -0.6044133378 0.6051728658 0.5181219158
vn -0.6326527843 0.7056535016 0.3190667487
vn -0.5752151044 0.8169011581 -0.0424273684
vn -0.4340175891 0.8025801668 -0.4092600740
vn -0.3415061207 0.7444320049 -0.5737547905
vn -0.4418846812 0.7937877885 -0.4178981639
vn -0.4557162768 0.7867782583 -0.4162963456
vn -0.6165065994 0.7851498432 -0.0588161258
vn -0.6383735776 0.7666362380 -0.0689061246
vn -0.7114683099 0.6444253734 0.2802298736
vn -0.7011981549 0.6914769783 0.1737260375
vn -0.7150452805 0.5688627303 0.4063316884
vn -0.6875995690 0.5344544231 0.4914929322
vn -0.6799667835 0.6745829356 0.2873726437
vn -0.6549636774 0.5748836189 0.4904400128
vn -0.6523666387 0.6869380246 0.3202091800
vn -0.5328002460 0.7879554492 -0.3086261621
vn -0.4673075081 0.7757411609 -0.4240864819
vn -0.3455662428 0.7362056781 -0.5818807192
vn -0.3904076744 0.7556241910 -0.5259409946
vn -0.5963536122 0.8011116027 -0.0508189846
vn 0.7078560472 0.6964559960 -0.1178510169
vn 0.6401110277 0.7485046279 -0.1732013111
vn 0.6007101227 0.7648257384 -0.2327851762
vn 0.4904706975 0.8074931969 -0.3277090658
vn 0.3488022978 0.8224493182 -0.4493485018
vn 0.1424673444 0.8081774102 -0.5714475736
vn 0.0565752250 0.7870176023 -0.6143309675
vn -0.0454533470 0.7530257273 -0.6564192618
vn -0.0878466147 0.7362063195 -0.6710314653
vn -0.0806879754 0.7314028158 -0.6771553527
vn 0.0760267555 0.7788653609 -0.6225662069
vn 0.3856648015 0.7991144506 -0.4611710698
vn 0.6470989386 0.7238485093 -0.2393873414
vn 0.7612537637 0.6372822928 -0.1198498504
vn 0.6965690964 0.6744144115 -0.2448605634
vn 0.8001853772 0.5869045929 -0.1234761555
vn 0.7972543758 0.5850377866 -0.1487153274
vn 0.6452315073 0.6959052352 -0.3152652941
vn 0.4249693499 0.7719067725 -0.4728223622
vn 0.2320659570 0.7807487839 -0.5801523318
vn 0.0960822745 0.7683937533 -0.6327236651
vn -0.0042161357 0.7490790620 -0.6624671940
vn -0.0680463257 0.7292413436 -0.6808647152
vn 0.3930118790 -0.6171336942 0.6816800323
vn 0.4541316081 -0.5961281289 0.6621145946
vn 0.5490212370 -0.5434452493 0.6350141277
vn 0.6619889656 -0.4746209987 0.5800909559
vn 0.8125814058 -0.3383432587 0.4745896104
vn 0.9360582721 -0.1527430667 0.3169613017
vn 0.9645805083 -0.0911274612 0.2475484373
vn 0.9881911887 0.0291944684 0.1504189400
vn 0.9917867587 0.0350041780 0.1230192375
vn 0.9923693625 -0.0200150978 0.1216652957
vn 0.9590080246 -0.1449921861 0.2434766411
vn 0.8021992266 -0.3756487056 0.4640737558
vn 0.5427354307 -0.5597041462 0.6262343977
vn 0.3898450547 -0.6240934456 0.6771471070
vn 0.5339816666 -0.5758564962 0.6190742083
vn 0.3860601446 -0.6308343737 0.6730568756
vn 0.4309451223 -0.6137292173 0.6615306111
vn 0.6187631167 -0.5320129224 0.5780090448
vn 0.7900436388 -0.4115276720 0.4543963291
vn 0.8950225059 -0.2976560415 0.3321680221
vn 0.9513574792 -0.1969124355 0.2369481791
vn 0.9735325885 -0.1489484989 0.1733454464
vn 0.9899139997 -0.0789183495 0.1176527401
vn -0.5479783189 0.2635837947 0.7938786716
vn -0.5635116207 0.2494492134 0.7875466610
vn -0.4552677491 0.0437587836 0.8892786096
vn -0.5831124600 0.2303433692 0.7790518541
vn -0.5860364587 0.2274156133 0.7777167916
vn -0.4555809872 0.0439080192 0.8891108198
vn -0.1357206477 -0.3566040709 0.9243448720
vn -0.1354394472 -0.3570825727 0.9242013809
vn 0.0527540352 -0.5335119516 0.8441457275
vn -0.3936848361 0.7561430852 -0.5227426562
vn -0.5330853466 0.7927783649 -0.2955037688
vn -0.5327694150 0.7928846119 -0.2957883409
vn -0.6882861770 0.7012517927 0.1857634564
vn -0.6885162152 0.7009468056 0.1860618100
vn -0.7000568069 0.5977302910 0.3906903715
vn -0.7004008400 0.5973496274 0.3906559688
vn -0.2984081420 0.7022527423 -0.6463696054
vn -0.5791322175 0.7938134013 -0.1856506359
vn 0.8786974741 0.4591403461 -0.1306938850
vn 0.8233371979 0.5334585368 -0.1937468661
vn 0.7788668822 0.5705621986 -0.2604326352
vn 0.6651437324 0.6513160832 -0.3652001850
vn 0.4957443644 0.7146140649 -0.4935223029
vn 0.2465792159 0.7492762593 -0.6146411779
vn 0.1328804828 0.7461993334 -0.6523260934
vn 0.0057123885 0.7285157830 -0.6850051989
vn -0.0512238683 0.7188514237 -0.6932739329
vn -0.0424414000 0.7131627260 -0.6997125508
vn 0.1515671013 0.7326653657 -0.6634974572
vn 0.5275844500 0.6792262504 -0.5102022627
vn 0.8129468279 0.5151478745 -0.2715513255
vn 0.8461245017 0.4534816095 -0.2800495624
vn 0.9115742565 0.3884486374 -0.1346849323
vn 0.9353536467 0.3254438555 -0.1385635323
vn 0.9499973524 0.2812438036 -0.1356722275
vn 0.8669709422 0.4117499962 -0.2807549216
vn 0.5585672814 0.6412284125 -0.5261451465
vn 0.5846742983 0.6163540619 -0.5275070003
vn 0.1922495990 0.7091764733 -0.6783132178
vn 0.1662392757 0.7169719013 -0.6769902480
vn -0.0192725125 0.7060390192 -0.7079106396
vn -0.0371946318 0.7062480835 -0.7069867070
vn 0.4933059344 -0.5998752512 -0.6299197870
vn 0.4944109512 -0.5519261880 -0.6715171586
vn 0.5571747513 -0.5577578381 -0.6151930514
vn 0.6967897838 -0.5764533343 -0.4268319933
vn 0.8186050036 -0.3923508664 -0.4194599454
vn 0.8924185793 -0.3950175157 -0.2180601789
vn 0.9697816794 -0.1772520900 -0.1676460286
vn 0.9858541867 -0.1050522074 -0.1305969233
vn 0.9839778388 -0.1558276338 -0.0866334878
vn 0.9009153670 -0.2082620090 -0.3807603407
vn 0.7045672205 -0.3740417848 -0.6030570247
vn 0.8965982422 -0.3659596055 0.2493695234
vn 0.9713221807 -0.2176350346 0.0957507861
vn 0.9782495880 -0.1886293987 0.0862942265
vn 0.9924934123 -0.1177333842 0.0331010082
vn 0.9823022484 -0.1801425048 0.0512929895
vn 0.9807147316 -0.1943370212 0.0207782925
vn 0.9336960303 -0.3376916405 0.1190633405
vn 0.9365506533 -0.3486323921 0.0364462484
vn 0.8129828331 -0.5452102113 0.2044620714
vn 0.8244328346 -0.5624949330 0.0625296053
vn 0.6166147798 -0.7354848709 0.2807992485
vn 0.6408870728 -0.7619844696 0.0929700385
vn 0.4860957755 -0.7840792741 0.3859152614
vn 0.5336493554 -0.8428529114 0.0694070256
vn 0.6451681170 -0.7557550561 -0.1122158460
vn 0.5302175596 -0.8333430952 -0.1562325994
vn 0.6453241921 -0.7029241171 -0.2990892386
vn 0.5408787028 -0.7628482390 -0.3542778473
vn 0.6348214015 -0.6296081448 -0.4478787473
vn 0.5467050679 -0.6761140014 -0.4939467845
vn 0.6860088001 -0.5601804185 -0.4643165137
vn 0.8273110041 -0.4620596728 -0.3194641783
vn 0.9157935761 -0.3271200946 -0.2330548640
vn 0.9442263333 -0.2807478454 -0.1720967137
vn 0.9836618512 -0.1631387465 -0.0761256321
vn 0.9409639707 -0.3170935079 -0.1184842310
vn 0.9843312341 -0.1682700730 -0.0526991847
vn 0.9387407971 -0.3417067622 -0.0447459995
vn 0.9833377846 -0.1808166679 -0.0187652311
vn 0.9924367215 -0.1227556468 0.0006363526
vn 0.9930681408 -0.1167143481 -0.0139078639
vn 0.9928711911 -0.1156066008 -0.0290157139
vn 0.9939331782 -0.1010820174 -0.0433504680
vn 0.9786714398 -0.1858551650 -0.0875218289
vn 0.5665929381 -0.6773514203 0.4692200933
vn 0.4522587707 -0.7271403523 0.5164580452
vn 0.6172737380 -0.6164290532 0.4888643521
vn 0.7947686020 -0.5042877573 0.3376932441
vn 0.9360140918 -0.3041422066 0.1771302858
vn 0.8310407548 -0.5155986615 -0.2086367277
vn 0.8307392124 -0.5510710149 -0.0786962353
vn -0.5697553069 0.3258108852 0.7544707797
vn -0.5747021736 0.2736124742 0.7712675448
vn -0.4980487512 0.1857262960 0.8470260825
vn -0.4522106525 0.0424644059 0.8908997138
vn -0.2811532722 -0.1529598919 0.9473943788
vn -0.1245769837 -0.3756713688 0.9183417653
vn -0.0102917914 -0.4625274020 0.8865452506
vn 0.0712696611 -0.5643785248 0.8224338977
vn 0.0992144445 -0.5412599222 0.8349815511
vn 0.0623844846 -0.5261239879 0.8481165754
vn 0.0585788003 -0.5288288155 0.8467045577
vn -0.0881701257 -0.3469612083 0.9337258425
vn -0.4192628472 0.0804737454 0.9042912370
vn -0.5515802669 0.3048372983 0.7764234867
vn -0.5555451821 0.2573939751 0.7906439732
vn 0.6642951439 0.7340576823 0.1409655308
vn 0.6583053675 0.7415014612 0.1296519425
vn 0.5528690404 0.7999862561 0.2331476233
vn 0.4618727145 0.8173020673 0.3445154952
vn 0.1144447984 0.8569123897 0.5025968012
vn 0.1116484185 0.8569255728 0.5032029346
vn -0.2275781372 0.7404584658 0.6323997564
vn -0.3588990526 0.6903584163 0.6281693459
vn -0.4872306731 0.5939178896 0.6402091936
vn -0.4811479514 0.5860342181 0.6519666740
vn -0.2535390409 0.7698161901 0.5857482293
vn 0.1114463388 0.8557475947 0.5052482239
vn 0.4271928886 0.8592872024 0.2813036433
vn -0.3401931142 0.7429409287 -0.5764611188
vn -0.3895077247 0.7389284105 -0.5497895384
vn -0.4414332843 0.7882396068 -0.4287364900
vn -0.5344407717 0.7869199936 -0.3084314920
vn -0.6054072084 0.7941110281 -0.0535703931
vn -0.6747196468 0.7109470602 0.1982616346
vn -0.6731667430 0.6605825187 0.3323812149
vn -0.6738027266 0.5799294155 0.4578992888
vn -0.6649645034 0.5649139488 0.4885636495
vn -0.6569810094 0.6181365892 0.4316052715
vn -0.6468971986 0.6087229709 0.4593259835
vn -0.6361496995 0.7440950915 0.2040491473
vn -0.4872017581 0.8245562670 -0.2876480652
vn -0.3468373249 0.7722588471 -0.5322782572
vn -0.3427652950 0.7401531160 -0.5785199368
vn 0.9193254459 -0.2142321081 -0.3300686723
vn 0.9786735532 -0.0965686137 -0.1813079677
vn 0.9836574731 -0.0851628426 -0.1586356387
vn 0.9964180112 -0.0211862239 -0.0818675197
vn 0.9874279506 -0.0281348450 -0.1555457259
vn 0.9840266851 0.0193663034 -0.1769644861
vn 0.9369704131 -0.0854699623 -0.3387939352
vn 0.9279222657 0.0157720629 -0.3724399425
vn 0.7947963848 -0.1587356005 -0.5857488505
vn 0.7657530808 -0.0046962566 -0.6431175355
vn 0.5405351456 -0.2130010830 -0.8139117244
vn 0.4865147003 -0.0358200913 -0.8729377798
vn 0.4168617657 -0.2573717246 -0.8717717956
vn 0.2787710297 0.0962640034 -0.9555207767
vn 0.4341585822 0.2030233002 -0.8776604498
vn 0.3400825788 0.3856668695 -0.8576741254
vn 0.6759015204 0.3538776033 -0.6464733379
vn 0.2031784247 0.5827996832 -0.7868056031
vn 0.5890740487 0.4943920961 -0.6391934140
vn 0.8824502866 0.3046875758 -0.3583949956
vn 0.8965043994 0.2452370190 -0.3689697363
vn 0.9743154640 0.1526993205 -0.1655061754
vn 0.9138115230 0.1242236671 -0.3866742569
vn 0.9783352212 0.0944526358 -0.1842251190
vn 0.9946662646 0.0474387920 -0.0915892088
vn 0.9891393653 0.1201289161 -0.0846897841
vn 0.9635185609 0.1905499958 -0.1879432942
vn 0.0471406075 0.5580496762 -0.8284674538
vn 0.1336066126 0.3842669935 -0.9135032297
vn 0.5901810818 -0.3927999920 -0.7052619775
vn 0.5164703778 -0.4530611498 -0.7266319174
vn 0.6949428321 -0.3966868491 -0.5997449491
vn 0.8145402249 -0.2837065261 -0.5059988430
vn 0.9453272867 -0.1566448472 -0.2860397051
vn 0.7284953779 0.1613801549 -0.6657709290
vn 0.3105358578 -0.7641083479 0.5654254272
vn 0.2993316014 -0.7634222154 0.5723522634
vn 0.3709576746 -0.8408172429 0.3942293340
vn 0.3683296235 -0.8611101182 0.3504606295
vn 0.4241353608 -0.9033416112 0.0638993674
vn 0.4623437058 -0.8866560037 0.0089122861
vn 0.4464595715 -0.8800189990 -0.1619889266
vn 0.4712576507 -0.7916851090 -0.3887813200
vn 0.4414082983 -0.8135959627 -0.3784446111
vn 0.4214241674 -0.7278084867 -0.5410143046
vn 0.4797568208 -0.6919438056 -0.5394878708
vn 0.5335862668 -0.7569698092 -0.3772033985
vn 0.5052987542 -0.8627996276 0.0158104908
vn 0.3957333310 -0.8275984748 0.3980903104
vn 0.3249042171 -0.7555254468 0.5688748096
vn 0.4194789746 -0.8129713752 0.4038748976
vn 0.3377666888 -0.7458676130 0.5741037953
vn 0.4445710316 -0.7965013808 0.4098074528
vn 0.3560981284 -0.7430688881 0.5666063453
vn 0.4740991008 -0.7716133250 0.4240789070
vn 0.3651127040 -0.7290509965 0.5789450387
vn 0.4984976239 -0.7450950549 0.4430953375
vn 0.3667163516 -0.7243179083 0.5838515952
vn 0.3761963776 -0.7094495423 0.5959510319
vn 0.5163443874 -0.7256552162 0.4547669521
vn 0.5272114622 -0.7087688836 0.4687160588
vn 0.7555460454 -0.6378027174 0.1495254726
vn 0.7757706479 -0.6071432499 0.1719214239
vn 0.8894783341 -0.4176818250 -0.1853919798
vn 0.9155386432 -0.3701295858 -0.1574581927
vn 0.9067056809 -0.3086751372 -0.2874099301
vn 0.9315638189 -0.2564856463 -0.2576896671
vn 0.5518142238 -0.6509586520 -0.5213001974
vn 0.5939413484 -0.7196975662 -0.3595401062
vn 0.5488333099 -0.8354350662 0.0288140247
vn 0.6165288498 -0.6050690693 -0.5037693904
vn 0.6524566215 -0.6819667467 -0.3304870850
vn 0.5964317785 -0.8014781731 0.0436104525
vn 0.6857767930 -0.5999990749 -0.4119603140
vn 0.7241749392 -0.6246257461 -0.2922555982
vn 0.6509400771 -0.7560246066 0.0685843292
vn 0.7339018628 -0.5107563514 -0.4477901353
vn 0.7662114479 -0.5065382223 -0.3953973274
vn 0.7941376515 -0.5401630446 -0.2785126131
vn 0.8241721461 -0.4103477654 -0.3903267671
vn 0.8344612981 -0.5035020610 -0.2239643199
vn 0.8602460460 -0.4672284906 -0.2041427881
vn 0.7306067904 -0.6709497626 0.1266496503
vn 0.8742206581 -0.3460101164 -0.3406101000
vn 0.9361514545 -0.3311296162 -0.1182101155
vn 0.9526155807 -0.2399188860 -0.1869825758
vn 0.9172064633 -0.3972195541 0.0308046986
vn 0.8071632443 -0.5493171038 0.2161902325
vn 0.6648463610 -0.6117484266 0.4286527486
vn 0.5534003078 -0.6603983473 0.5075648945
vn 0.4555884416 -0.6611446781 0.5960930183
vn 0.3970405737 -0.6801334158 0.6162607561
vn 0.5451700525 -0.6758800925 0.4959593879
vn 0.3929752476 -0.6892885268 0.6086475019
vn 0.5366673659 -0.6921406312 0.4826276877
vn 0.3871773964 -0.6984157640 0.6019211611
vn 0.6976329055 -0.7096015943 0.0988630692
vn 0.7930657989 -0.5770713415 0.1950264224
vn 0.8237121162 0.4100061692 0.3916545555
vn 0.7389849406 0.6128720019 0.2798020137
vn 0.7192191349 0.4479725860 0.5310785236
vn 0.5925526493 0.7220622900 0.3570817935
vn 0.4364691509 0.7142207840 0.5471593478
vn 0.1615300524 0.7389465133 0.6541147396
vn 0.2687881349 0.4522320334 0.8504346691
vn 0.0141836967 0.5100739463 0.8600135999
vn 0.0685450001 0.2570009453 0.9639772285
vn -0.2121907272 0.6399203085 0.7385642112
vn -0.2486744311 0.4218654303 0.8718890905
vn -0.0685656533 0.2570005797 0.9639758572
vn -0.4931614365 0.4435847190 0.7483477765
vn -0.4582920610 0.2406091856 0.8556141693
vn -0.1971814573 0.1728130010 0.9650156162
vn -0.3489900358 0.1523026971 0.9246674231
vn -0.2389561830 -0.1179671076 0.9638380072
vn -0.0044575048 -0.2413506143 0.9704277467
vn -0.2389561830 -0.1179671076 0.9638380072
vn 0.2542715868 -0.5926198621 0.7642955313
vn -0.5969913606 -0.7337681736 0.3243232688
vn 0.1666281273 -0.2540108156 0.9527400342
vn 0.2442417330 -0.4050587830 0.8810637651
vn 0.5486238371 -0.3034057475 0.7790743467
vn 0.4224856329 -0.2189259638 0.8795324396
vn 0.7118136511 0.0844754198 0.6972698398
vn 0.5110220869 0.0067887332 0.8595407726
vn 0.4545081478 0.2673977298 0.8496592245
vn 0.2569825055 0.0695750248 0.9639083503
vn 0.2569828144 -0.0695576859 0.9639095193
vn 0.1886849621 -0.1876661799 0.9639395157
vn 0.0685365582 -0.2570065360 0.9639763382
vn 0.1887255419 0.1876411344 0.9639364473
vn -0.5035043666 0.8248651126 -0.2570620526
vn -0.3829241806 0.8802725176 -0.2801595379
vn -0.1950057791 0.8404662230 -0.5055583785
vn -0.0482003099 0.9650776271 -0.2574915606
vn 0.0673050484 0.8827148045 -0.4650640864
vn 0.3555201222 0.9003432249 -0.2509731463
vn 0.5115060716 0.8403708908 -0.1792715947
vn 0.3740613304 0.9188605699 0.1255920942
vn 0.5797072850 0.8146577994 -0.0164964709
vn 0.4868523662 0.8506201292 0.1985451318
vn 0.0220018920 0.9263097468 0.3761198875
vn -0.0486853741 0.9863667552 0.1571952882
vn -0.3767139544 0.8145798151 0.4410740543
vn -0.4305483936 0.8824959346 0.1892855152
vn -0.5731904609 0.7755910923 0.2644071728
vn -0.5492686355 0.6916606892 0.4689450470
vn 0.3523173568 -0.4659241799 -0.8116570326
vn 0.3202632461 -0.3671219595 -0.8733000172
vn 0.3752393600 -0.4359582917 -0.8180072069
vn 0.3478772635 -0.2767306912 -0.8957686833
vn 0.4482610049 -0.3736762852 -0.8120517873
vn 0.4281413554 -0.2295915044 -0.8740610510
vn 0.5229161920 -0.3212012726 -0.7895494909
vn 0.4960462488 -0.1769511500 -0.8500743553
vn 0.5899067444 -0.2803929456 -0.7572250848
vn 0.5514293027 -0.1247677022 -0.8248386173
vn 0.6449668628 -0.2554480766 -0.7202527515
vn 0.5944091870 -0.0840366820 -0.7997596854
vn 0.6893927880 -0.2221666627 -0.6894777428
vn 0.6539258025 -0.0731951536 -0.7530096376
vn 0.7157656825 -0.1085423059 -0.6898536479
vn 0.6903450706 -0.0132863887 -0.7233582483
vn 0.7900663576 -0.1063915903 -0.6037184609
vn 0.6953052766 0.0383717736 -0.7176894728
vn 0.7290034191 0.0414551028 -0.6832536055
vn 0.4475376050 0.3299444581 -0.8311719117
vn 0.4587590764 0.3492138514 -0.8170616842
vn 0.1165898382 0.5541542748 -0.8242086200
vn 0.1202369015 0.5672857020 -0.8146962746
vn -0.0612186057 0.6266999252 -0.7768522936
vn -0.0525721550 0.6335429845 -0.7719193321
vn 0.1707863319 0.0707565977 -0.9827642305
vn 0.1812014718 -0.0274598208 -0.9830625539
vn -0.0024195435 0.3212651725 -0.9469861851
vn -0.0343112936 0.4075875631 -0.9125212948
vn -0.1414842443 0.5461078129 -0.8256806073
vn -0.1263125341 0.5505448512 -0.8251942260
vn -0.0032558877 0.4240941444 -0.9056122547
vn -0.1134265665 0.5626884112 -0.8188505150
vn 0.0265195931 0.4454776338 -0.8949002117
vn -0.1061908174 0.5726712987 -0.8128782774
vn -0.0965345627 0.5773199155 -0.8107914611
vn 0.0497929601 0.4663935960 -0.8831747702
vn -0.0872006109 0.5857077325 -0.8058179109
vn 0.0660986856 0.4841646106 -0.8724767009
vn -0.0813932106 0.5942462773 -0.8001540522
vn 0.0810721671 0.5025846521 -0.8607182880
vn -0.0655474216 0.6001870209 -0.7971694145
vn 0.0964929793 0.5214350152 -0.8478175688
vn -0.0653646376 0.6166640913 -0.7845080386
vn 0.1030300199 0.5338828951 -0.8392579278
vn 0.1093478216 0.5461269130 -0.8305350377
vn 0.4350269433 0.3107710182 -0.8450875297
vn 0.1289146664 0.5804781723 -0.8040062813
vn 0.0121767479 0.6342241809 -0.7730533068
vn 0.2688896982 0.5452504287 -0.7939775187
vn 0.4845246609 0.3943631304 -0.7808415808
vn 0.6895331145 0.2686410285 -0.6725890884
vn 0.7753002117 0.1400119862 -0.6158784178
vn 0.8397886033 0.0899929937 -0.5354029910
vn 0.8385512616 0.0153643336 -0.5446060217
vn 0.7594209921 0.0936970788 -0.6438172211
vn 0.8229256526 -0.0546332079 -0.5655162092
vn 0.7273131091 0.0885809863 -0.6805652432
vn 0.2289691674 0.1076335605 -0.9674647989
vn 0.2836020288 0.1478341707 -0.9474782041
vn 0.3263875588 0.1857810847 -0.9267990883
vn 0.3589609366 0.2179198776 -0.9075560440
vn 0.3899109821 0.2499945193 -0.8862686762
vn 0.4168043613 0.2848718456 -0.8632045852
vn 0.4706615641 0.3708596418 -0.8005877954
vn 0.4568834490 -0.6755446517 0.5787028059
vn 0.4568952901 -0.6755136468 0.5787296492
vn 0.6581652153 -0.6175408757 0.4306527792
vn 0.6657073556 -0.6139879671 0.4240901943
vn 0.9344250730 -0.3520630309 0.0538646947
vn 0.9275033988 -0.3655382746 0.0782254111
vn 0.9586923937 -0.2325971997 -0.1637297684
vn 0.9586311178 -0.2327545882 -0.1638648276
vn 0.8822061020 0.4463581958 0.1499224956
vn 0.8678213431 0.4736765826 0.1500553616
vn 0.9086128854 0.2890493591 0.3014516422
vn 0.8997104579 0.3142582782 0.3029237966
vn 0.8268774908 -0.0720990748 0.5577412829
vn 0.8277414341 -0.0438483263 0.5593938170
vn 0.5874361500 -0.3957477500 0.7059054385
vn 0.5776568953 -0.4168654144 0.7018089038
vn 0.4152074652 -0.5483513556 0.7258881123
vn 0.4078814091 -0.5592753391 0.7216951234
vn 0.5783640102 -0.4326837675 0.6915777823
vn 0.4069230150 -0.5679635424 0.7154237027
vn 0.5773245448 -0.4499486510 0.6813534923
vn 0.4061944910 -0.5758616397 0.7094994062
vn 0.4121700477 -0.5761035028 0.7058474380
vn 0.5800588556 -0.4556538314 0.6752120482
vn 0.8342999053 -0.1416187991 0.5328112084
vn 0.8322405957 -0.1058206381 0.5442219983
vn 0.9249196400 0.2404843301 0.2944332633
vn 0.8304848379 -0.1690908438 0.5307572144
vn 0.9439593162 0.1450389890 0.2964869323
vn 0.9384075941 0.1923940556 0.2870116978
vn 0.9415441894 0.2984894808 0.1562004140
vn 0.9275668345 0.3450795662 0.1433173422
vn 0.9077538163 0.3925456372 0.1479558435
vn -0.2011320699 0.6827803440 -0.7023936876
vn -0.0384270886 0.7579708157 -0.6511555892
vn -0.0861381686 0.7329959067 -0.6747571539
vn 0.1658252520 0.8088669385 -0.5641243317
vn 0.2260202818 0.8065722067 -0.5462198345
vn 0.5271015415 0.7884800450 -0.3169592774
vn 0.5735710656 0.7655894986 -0.2913570874
vn 0.6775402690 0.7172198198 -0.1628954081
vn 0.7090211228 0.6868785249 -0.1596462948
vn 0.6021903110 0.7419211361 -0.2948217378
vn 0.7475279784 0.6462473780 -0.1535130217
vn 0.6109994367 0.7288512789 -0.3089587379
vn 0.6382527133 0.7080603089 -0.3021325419
vn 0.2534007964 0.7920486676 -0.5553800002
vn 0.2657581642 0.7847392934 -0.5599614625
vn -0.0734839831 0.7312015028 -0.6781920573
vn -0.0710272056 0.7292348055 -0.6805672152
vn -0.1971137805 0.6836652112 -0.7026720690
vn -0.1850944422 0.6872793014 -0.7024152685
vn -0.0631389037 0.7282091481 -0.6824404117
vn -0.0045084222 0.7224764746 -0.6913808052
vn -0.0652533489 0.7255701087 -0.6850474566
vn 0.2461625358 0.7588589437 -0.6029403864
vn 0.2887994488 0.7723995256 -0.5656799901
vn 0.6548181066 0.6743310535 -0.3413075998
vn 0.6727484160 0.6744163599 -0.3042567047
vn 0.8070114660 0.5673449955 -0.1638662558
vn 0.6553314123 0.6875495404 -0.3127560865
vn 0.7794293891 0.6056402512 -0.1602801095
vn -0.0817940006 0.7316523437 -0.6767529752
vn 0.2412033531 0.7996298819 -0.5499208984
vn 0.2773734380 0.7770288026 -0.5650577102
vn 0.9694274216 0.2296766971 0.0863660179
vn 0.9824593551 -0.0084463746 0.1862854647
vn 0.9816465683 0.1899323184 0.0171967824
vn 0.9987363443 -0.0284688795 0.0414154251
vn 0.9902555880 0.0034343158 -0.1392195244
vn 0.9782328454 -0.1442829372 -0.1491406523
vn 0.9571355399 -0.2573356339 0.1329282882
vn 0.8937101581 -0.2392561240 0.3795242553
vn 0.8769562554 -0.3374930466 0.3421201100
vn 0.5968820092 -0.5618150611 0.5727963898
vn 0.6828372154 -0.5521222072 0.4784291020
vn 0.4570925152 -0.6750294517 0.5791387328
vn 0.8937256511 0.1971262863 -0.4029834833
vn 0.8624221166 0.1338759040 -0.4881652744
vn 0.8153505471 0.3749524047 -0.4411509713
vn 0.6973989085 0.3899149823 -0.6013327440
vn 0.3917149277 0.8884079472 -0.2393548305
vn 0.3218345554 0.6277450252 -0.7087726732
vn 0.2583299726 0.6854827704 -0.6807194699
vn 0.0366216395 0.6730301984 -0.7387077958
vn 0.7159941961 0.5853930943 -0.3803514642
vn 0.8418125987 0.4879861723 -0.2306968666
vn 0.8837981603 0.3858281508 -0.2646458952
vn 0.9187962388 0.3879661171 -0.0727719970
vn 0.9366531338 0.3495587169 -0.0221271395
vn 0.9314056211 0.3598781139 -0.0545097432
vn 0.7794476850 0.4529323174 -0.4327974378
vn 0.9611297478 0.0745659415 -0.2658374094
vn 0.9593457495 0.1462229874 -0.2414012654
vn 0.9531218779 0.0020635461 -0.3025796220
vn 0.9477133026 0.0138451496 -0.3188225336
vn 0.9711331318 0.1211734571 -0.2054688143
vn 0.9845364763 0.0145845208 0.1745715285
vt 1.5608719587 1.3891110420
vt 3.0944159031 1.4098470211
vt 1.3942470551 1.5543789864
vt 3.1957619190 2.0673580170
vt 2.9870669842 2.2919399738
vt 2.7164289951 1.2445709705
vt 1.7166529894 1.2158310413
vt 2.3485090733 1.0575790405
vt 1.8606050014 1.0356349945
vt 1.9918140173 0.8496659994
vt 3.3933420181 1.8356020451
vt 3.4814550877 1.5530920029
vt 3.5138499737 1.5682380199
vt 3.5464069843 1.5830329657
vt 3.5791220665 1.5974769592
vt 2.7679851055 2.5085680485
vt 2.4920148849 2.5386879444
vt 2.2148859501 2.5489869118
vt 1.2181340456 1.7103389502
vt 1.9374129772 2.5400259495
vt 1.6626650095 2.5116009712
vt 1.3913389444 2.4610960484
vt 1.0333739519 1.8562860489
vt 1.2572720051 2.4255480766
vt 1.1248970032 2.3817880154
vt 0.9966070056 2.3295071125
vt 0.8411340117 1.9913009405
vt 0.8732309937 2.2680950165
vt 0.7552959919 2.1968588829
vt 0.6426270008 2.1145319939
vt -3.5144629478 1.5685199499
vt -3.4814550877 1.5530920029
vt -3.3949649334 1.8361870050
vt -3.1175889969 1.4191459417
vt -3.1971769333 2.0677070618
vt -1.4627159834 1.5127860308
vt -2.9882979393 2.2920389175
vt -1.2298920155 1.6873630285
vt -2.1936490536 2.5489819050
vt -1.9057480097 2.5377540588
vt -1.6209330559 2.5054309368
vt -1.0715680122 1.7923669815
vt -1.3399440050 2.4484119415
vt -1.2012679577 2.4081740379
vt -1.0654330254 2.3588740826
vt -0.9094340205 1.8894319534
vt -0.9344329834 2.3000710011
vt -0.8088189960 2.2308819294
vt -0.7441629767 1.9781550169
vt -0.6890019774 2.1503250599
vt -0.5764390230 2.0581700802
vt -2.7616519928 1.2657339573
vt -1.6828949451 1.3224200010
vt -2.4144439697 1.0930759907
vt -1.8883039951 1.1181030273
vt -2.0769619942 0.9018059969
vt -2.4814410210 2.5394370556
vt -2.7679569721 2.5085620880
vt -2.7690548897 2.5084040165
vt -3.5809769630 1.5982830524
vt -3.5476379395 1.5835850239
vt 0.0055729742 0.0079999557
vt 0.0055729742 0.0000000000
vt 0.0402099416 0.0079999557
vt 0.0408639908 0.0000000000
vt 0.0749329925 0.0079999557
vt 0.0762439892 0.0000000000
vt 0.1097379997 0.0079999557
vt 0.1117089018 0.0000000000
vt -0.0005510000 0.0001250000
vt -0.0023159981 -0.0076779719
vt 0.0005440000 -0.0001230000
vt -1.7087049484 1.2026139498
vt -1.8316359520 2.3605380058
vt -1.8315789700 1.0026650429
vt -2.8247990608 1.0455169678
vt -1.9432250261 0.7956029773
vt -2.7136979103 0.7928810120
vt -2.6484889984 0.6704649925
vt -1.5755549669 1.3938330412
vt -1.5656319857 2.0450499058
vt -1.4329719543 1.5751130581
vt -1.2818590403 1.7453060150
vt -2.9151840210 1.3065240383
vt -2.0788860321 2.6909079552
vt -2.7422029972 2.6395409107
vt -2.5616619587 2.8848040104
vt -2.3067209721 3.0350720882
vt -2.3288609982 3.0631549358
vt -2.3506970406 3.0914759636
vt -2.3722259998 3.1200299263
vt -2.9872400761 1.5746279955
vt -2.9132239819 2.3850960732
vt -3.0404660702 1.8467919827
vt -3.0741291046 2.1223518848
vt -2.5756690502 0.5515720248
vt -2.0431499481 0.5824090242
vt -2.4954869747 0.4386020005
vt -2.4075360298 0.3325000107
vt -2.1307229996 0.3644270003
vt -2.3112630844 0.2339369953
vt -2.2053930759 0.1430329978
vt 2.3292760849 3.0636870861
vt 2.3067209721 3.0350720882
vt 2.5626029968 2.8862509727
vt 2.0932600498 2.7113831043
vt 2.7428669930 2.6408400536
vt 2.9057440758 1.2762140036
vt 2.9823870659 1.5539519787
vt 1.8626559973 2.3998570442
vt 2.8092670441 1.0062940121
vt 1.8067109585 1.0788199902
vt 1.9235399961 0.8122950196
vt 1.6716250181 1.3366370201
vt 1.6153069735 2.1012229919
vt 1.5195850134 1.5832589865
vt 1.3520580530 1.8163050413
vt 1.9896349907 0.6341840029
vt 2.5397889614 0.4989089966
vt 2.6187911034 0.6199049950
vt 2.6896181107 0.7457370162
vt 2.4526369572 0.3847880065
vt 2.0471320152 0.4541749954
vt 2.3566040993 0.2782819867
vt 2.0957911015 0.2730160058
vt 2.2508249283 0.1800139993
vt 2.1354110241 0.0914559886
vt 2.9136021137 2.3862719536
vt 3.0387818813 1.8363269567
vt 3.0741178989 2.1223270893
vt 3.0742149353 2.1234319210
vt 2.3734350204 3.1216530800
vt 2.3515141010 3.0925490856
vt 0.0055729742 0.0079999557
vt 0.0055729742 0.0000000000
vt 0.0402099416 0.0079999557
vt 0.0408639908 0.0000000000
vt 0.0749329925 0.0079999557
vt 0.0762439892 0.0000000000
vt 0.1097379997 0.0079999557
vt 0.1117089018 0.0000000000
vt 0.0003790000 -0.0004190000
vt 0.0063139792 0.0049439659
vt -0.0003740000 0.0004140000
vt 2.0916299820 -3.2511579990
vt 0.0000000000 -3.4183590412
vt 2.0983009338 -3.3678109646
vt 2.9004418850 -3.3485960960
vt 2.1500399113 -3.3140180111
vt 2.9004418850 -3.1094110012
vt 0.0000000000 -3.1741900444
vt 0.0000000000 -2.9300220013
vt 2.9004418850 -2.8702249527
vt 0.0000000000 -2.6858530045
vt 2.9004418850 -2.6310400963
vt 0.0000000000 -2.4416849613
vt 2.9004418850 -2.3918550014
vt 0.0000000000 -2.1975159645
vt 2.9004418850 -2.1526689529
vt 0.0000000000 -1.9533480406
vt 2.9004418850 -1.9134839773
vt 0.0000000000 -1.7091790438
vt 2.9004418850 -1.6742980480
vt 0.0000000000 -1.4650110006
vt 2.9004418850 -1.4351129532
vt 0.0000000000 -1.2208420038
vt 2.9004418850 -1.1959270239
vt 0.0000000000 -0.9766740203
vt 2.9004418850 -0.9567419887
vt 0.6418229938 -0.7683910131
vt 2.9004418850 -0.7175559998
vt 0.6354479790 -0.6632760167
vt 2.9004418850 -0.4783709943
vt 0.0000000000 -0.4883370101
vt 0.0000000000 -0.2441679984
vt 2.9004418850 -0.2391850054
vt 0.0000000000 0.0000000000
vt 2.9004418850 0.0000000000
vt 2.9004418850 0.2391850054
vt 2.0916299820 4.5622329712
vt 0.0000000000 4.3950328827
vt 2.0983009338 4.4455809593
vt 2.9004418850 4.3053379059
vt 2.9004418850 4.5445241928
vt 2.1500399113 4.4993739128
vt 0.0000000000 4.6392011642
vt 2.0916299820 0.6555370092
vt 0.0000000000 0.4883370101
vt 2.0983009338 0.5388849974
vt 2.9004418850 0.4783709943
vt 2.1500399113 0.5926780105
vt 2.9004418850 0.7175559998
vt 0.0000000000 0.7325050235
vt 0.0000000000 -0.7325050235
vt 0.5858770013 -0.7169269919
vt 0.6045250297 -0.7340850234
vt 0.6231740117 -0.7512400150
vt 2.9004418850 -3.5877819061
vt 0.0000000000 -3.6625270844
vt 2.9004418850 -3.8269670010
vt 0.0000000000 -3.9066960812
vt 2.9004418850 -4.0661530495
vt 0.0000000000 -4.1508641243
vt 2.9004418850 -4.3053379059
vt 0.0000000000 -4.3950328827
vt 2.9004418850 -4.5445241928
vt 0.6354479790 -4.5699720383
vt 0.6418229938 -4.6750869751
vt 0.0000000000 -4.6392011642
vt 0.5858770013 -4.6236228943
vt 0.6045250297 -4.6407809258
vt 0.6231740117 -4.6579360962
vt 0.0000000000 -4.8833699226
vt 2.9004418850 -4.7837090492
vt 2.9004418850 -5.0228948593
vt 0.0000000000 -5.1275382042
vt 2.9004418850 -5.2620801926
vt 0.0000000000 -5.3717069626
vt 2.9004418850 -5.5012660027
vt 0.0000000000 -5.6158747673
vt 2.9004418850 -5.7404508591
vt 0.0000000000 -5.8600440025
vt 2.9004418850 -5.9796361923
vt 2.9004418850 5.7404508591
vt 0.0000000000 5.8600440025
vt 0.0000000000 5.6158747673
vt 2.9004418850 5.5012660027
vt 0.0000000000 5.3717069626
vt 2.9004418850 5.2620801926
vt 0.0000000000 5.1275382042
vt 2.9004418850 5.0228948593
vt 0.0000000000 4.8833699226
vt 2.9004418850 4.7837090492
vt 0.0000000000 4.1508641243
vt 2.9004418850 4.0661530495
vt 0.0000000000 3.9066960812
vt 2.9004418850 3.8269670010
vt 0.0000000000 3.6625270844
vt 2.9004418850 3.5877819061
vt 0.0000000000 3.4183590412
vt 2.9004418850 3.3485960960
vt 0.6354479790 3.2434198856
vt 2.9004418850 3.1094110012
vt 0.6418229938 3.1383049488
vt 0.0000000000 2.9300220013
vt 0.0000000000 3.1741900444
vt 0.6231740117 3.1554560661
vt 0.6045250297 3.1726100445
vt 0.5858770013 3.1897690296
vt 2.9004418850 2.8702249527
vt 0.0000000000 2.6858530045
vt 2.9004418850 2.6310400963
vt 0.0000000000 2.4416849613
vt 2.9004418850 2.3918550014
vt 0.0000000000 2.1975159645
vt 2.9004418850 2.1526689529
vt 0.0000000000 1.9533480406
vt 2.9004418850 1.9134839773
vt 0.0000000000 1.7091790438
vt 2.9004418850 1.6742980480
vt 0.0000000000 1.4650110006
vt 2.9004418850 1.4351129532
vt 0.0000000000 1.2208420038
vt 2.9004418850 1.1959270239
vt 0.0000000000 0.9766740203
vt 2.9004418850 0.9567419887
vt 0.0000000000 0.2441679984
vt -3.0386679173 -0.3319709897
vt -3.0332279205 -0.3259840012
vt -3.7999999523 -0.2513589859
vt -3.0047390461 -0.3004640043
vt -2.9714601040 -0.2813960016
vt -2.9350690842 -0.2699129879
vt -2.8969149590 -0.2664780021
vt -0.7983999848 -0.1256790012
vt -0.7983999848 -0.3770380020
vt -2.8226308823 -0.2834970057
vt -2.7601749897 -0.3275380135
vt -2.6324100494 -0.4563240111
vt -0.7983999848 -0.6283969879
vt -2.5021159649 -0.5851110220
vt -2.3698320389 -0.7138969898
vt -0.7983999848 -0.8797559738
vt -2.2361071110 -0.8426830173
vt -2.0304799080 -1.0392500162
vt -0.7983999848 -1.1311149597
vt -1.8247720003 -1.2358160019
vt -0.7983999848 -1.3824739456
vt -1.6209670305 -1.4323829412
vt -0.7983999848 -1.6338319778
vt -1.4210319519 -1.6289490461
vt -1.3808439970 -1.6901270151
vt -1.3714610338 -1.7255389690
vt -1.3700460196 -1.7623440027
vt -0.7983999848 -1.8851909637
vt -1.3905249834 -1.8325279951
vt -1.4367020130 -1.8896000385
vt -1.4429349899 -1.8949160576
vt -1.5089679956 -1.9331239462
vt -1.5841679573 -1.9457390308
vt -1.6587729454 -1.9303419590
vt -3.7999999523 -2.0108709335
vt -0.7983999848 -2.1365499496
vt -1.7217849493 -1.8872590065
vt -3.7999999523 -1.7595119476
vt -1.8766579628 -1.7280770540
vt -2.0359609127 -1.5688949823
vt -3.7999999523 -1.5081529617
vt -2.1986839771 -1.4097119570
vt -3.7999999523 -1.2567939758
vt -2.3637979031 -1.2505300045
vt -2.5299808979 -1.0916119814
vt -3.7999999523 -1.0054349899
vt -2.6964559555 -0.9326940179
vt -3.7999999523 -0.7540760040
vt -2.8621740341 -0.7737759948
vt -3.0260899067 -0.6148579717
vt -3.7999999523 -0.5027179718
vt -3.0707309246 -0.5512220263
vt -3.0891149044 -0.4757190049
vt -3.0782289505 -0.3988659978
vt -3.0386679173 -4.5212850571
vt -3.0332279205 -4.5152978897
vt -3.7999999523 -4.5244588852
vt -3.0047390461 -4.4897780418
vt -2.9714601040 -4.4707098007
vt -2.9350690842 -4.4592270851
vt -2.8969149590 -4.4557919502
vt -3.7999999523 -4.2730998993
vt -0.7983999848 -4.3987789154
vt -0.7983999848 -4.1474208832
vt -2.8226308823 -4.4728112221
vt -2.7601749897 -4.5168519020
vt -0.7983999848 -4.6501379013
vt -2.6324100494 -4.6456379890
vt -2.5021159649 -4.7744250298
vt -0.7983999848 -4.9014968872
vt -2.3698320389 -4.9032111168
vt -2.2361071110 -5.0319972038
vt -0.7983999848 -5.1528558731
vt -2.0304799080 -5.2285637856
vt -0.7983999848 -5.4042148590
vt -1.8247720003 -5.4251298904
vt -1.6209670305 -5.6216959953
vt -0.7983999848 -5.6555738449
vt -1.4210319519 -5.8182630539
vt -0.7983999848 -5.9069318771
vt -1.3808439970 -5.8794407845
vt -1.3714610338 -5.9148530960
vt -1.3700460196 -5.9516577721
vt -1.3905249834 -6.0218420029
vt -0.7983999848 -6.1582908630
vt -1.4367020130 -6.0789141655
vt -1.4429349899 -6.0842289925
vt -1.5089679956 -6.1224379539
vt -1.5841679573 -6.1350531578
vt -3.7999999523 -6.2839708328
vt -1.6587729454 -6.1196560860
vt -3.7999999523 -6.0326118469
vt -1.7217849493 -6.0765728951
vt -1.8766579628 -5.9173908234
vt -3.7999999523 -5.7812528610
vt -2.0359609127 -5.7582077980
vt -2.1986839771 -5.5990262032
vt -3.7999999523 -5.5298938751
vt -2.3637979031 -5.4398441315
vt -3.7999999523 -5.2785348892
vt -2.5299808979 -5.2809262276
vt -2.6964559555 -5.1220078468
vt -3.7999999523 -5.0271768570
vt -2.8621740341 -4.9630899429
vt -3.7999999523 -4.7758178711
vt -3.0260899067 -4.8041720390
vt -3.0707309246 -4.7405362129
vt -3.0891149044 -4.6650328636
vt -3.0782289505 -4.5881791115
vt -3.0386679173 3.8573429585
vt -3.0332279205 3.8633289337
vt -3.7999999523 3.7703819275
vt -3.0047390461 3.8888499737
vt -3.7999999523 4.0217409134
vt -2.9714601040 3.9079179764
vt -2.9350690842 3.9193999767
vt -2.8969149590 3.9228351116
vt -0.7983999848 3.8960618973
vt -0.7983999848 4.1474208832
vt -2.8226308823 3.9058170319
vt -2.7601749897 3.8617761135
vt -2.6324100494 3.7329890728
vt -0.7983999848 3.6447029114
vt -2.5021159649 3.6042029858
vt -2.3698320389 3.4754168987
vt -0.7983999848 3.3933439255
vt -2.2361071110 3.3466300964
vt -0.7983999848 3.1419849396
vt -2.0304799080 3.1500639915
vt -1.8247720003 2.9534978867
vt -0.7983999848 2.8906269073
vt -1.6209670305 2.7569310665
vt -0.7983999848 2.6392679214
vt -1.4210319519 2.5603649616
vt -1.3808439970 2.4991860390
vt -0.7983999848 2.3879089355
vt -1.3714610338 2.4637749195
vt -1.3700460196 2.4269700050
vt -1.3905249834 2.3567860126
vt -1.4367020130 2.2997140884
vt -1.4429349899 2.2943980694
vt -1.5089679956 2.2561900616
vt -0.7983999848 2.1365499496
vt -1.5841679573 2.2435739040
vt -3.7999999523 2.0108709335
vt -3.7999999523 2.2622289658
vt -1.6587729454 2.2589719296
vt -1.7217849493 2.3020548820
vt -1.8766579628 2.4612369537
vt -3.7999999523 2.5135879517
vt -2.0359609127 2.6204190254
vt -3.7999999523 2.7649469376
vt -2.1986839771 2.7796010971
vt -2.3637979031 2.9387838840
vt -3.7999999523 3.0163059235
vt -2.5299808979 3.0977020264
vt -3.7999999523 3.2676649094
vt -2.6964559555 3.2566199303
vt -2.8621740341 3.4155380726
vt -3.7999999523 3.5190238953
vt -3.0260899067 3.5744559765
vt -3.0707309246 3.6380920410
vt -3.0891149044 3.7135939598
vt -3.0782289505 3.7904479504
vt -3.7999999523 0.0000000000
vt -0.7983999848 0.1256790012
vt -3.7999999523 0.2513589859
vt -0.7983999848 0.3770380020
vt -3.7999999523 0.5027179718
vt -0.7983999848 0.6283969879
vt -3.7999999523 0.7540760040
vt -0.7983999848 0.8797559738
vt -3.7999999523 1.0054349899
vt -0.7983999848 1.1311149597
vt -3.7999999523 1.2567939758
vt -0.7983999848 1.3824739456
vt -3.7999999523 1.5081529617
vt -0.7983999848 1.6338319778
vt -3.7999999523 1.7595119476
vt -0.7983999848 1.8851909637
vt -3.7999999523 -2.2622289658
vt -0.7983999848 -2.3879089355
vt -3.7999999523 -2.5135879517
vt -0.7983999848 -2.6392679214
vt -3.7999999523 -2.7649469376
vt -0.7983999848 -2.8906269073
vt -3.7999999523 -3.0163059235
vt -0.7983999848 -3.1419849396
vt -3.7999999523 -3.2676649094
vt -0.7983999848 -3.3933439255
vt -3.7999999523 -3.5190238953
vt -0.7983999848 -3.6447029114
vt -3.7999999523 -3.7703819275
vt -0.7983999848 -3.8960618973
vt -3.7999999523 -4.0217409134
vt -0.7983999848 -6.4096498489
vt -0.7983999848 6.1582908630
vt -3.7999999523 6.2839708328
vt -3.7999999523 6.0326118469
vt -0.7983999848 5.9069318771
vt -3.7999999523 5.7812528610
vt -0.7983999848 5.6555738449
vt -3.7999999523 5.5298938751
vt -0.7983999848 5.4042148590
vt -3.7999999523 5.2785348892
vt -0.7983999848 5.1528558731
vt -3.7999999523 5.0271768570
vt -0.7983999848 4.9014968872
vt -3.7999999523 4.7758178711
vt -0.7983999848 4.6501379013
vt -3.7999999523 4.5244588852
vt -0.7983999848 4.3987789154
vt -3.7999999523 4.2730998993
vt -0.0513829514 -2.0888540745
vt 0.6990039945 -2.9298439026
vt 0.1831368953 -2.0800199509
vt 0.8474230170 -2.6971640587
vt 0.9130229950 -2.5749568939
vt -0.8314560056 -2.4376449585
vt -0.2843489945 -2.0842959881
vt -0.5142859817 -2.0663740635
vt -0.7397379875 -2.0352010727
vt 0.5321199894 -3.1499440670
vt -0.9461339712 -2.8340539932
vt 0.3491579890 -3.3587410450
vt 0.1523620039 -3.5541329384
vt -1.0836019516 -3.2231290340
vt -0.3659830093 -3.7472140789
vt -0.6725599766 -3.7462680340
vt -0.9767869711 -3.7323029041
vt -1.2433220148 -3.6037170887
vt -1.2543840408 -3.6377239227
vt -1.2658129930 -3.6716101170
vt -1.2776060104 -3.7053699493
vt -0.0581209585 -3.7351400852
vt 0.4173370004 -2.0578958988
vt 0.9714679718 -2.4483780861
vt 0.6501299739 -2.0226199627
vt 1.0209000111 -2.3189630508
vt 1.0603049994 -2.1869020462
vt 0.8800460100 -1.9744130373
vt 1.0888190269 -2.0521049500
vt 1.1056350470 -1.9135799408
vt 1.2545959949 -3.6383640766
vt 1.2433220148 -3.6037170887
vt 0.9774680138 -3.7338891029
vt 1.0926489830 -3.2464530468
vt 0.6732720137 -3.7475399971
vt 0.3667509854 -3.7481811047
vt -0.1601299942 -3.5469210148
vt 0.0581069514 -3.7351169586
vt 0.9616090059 -2.8816850185
vt -0.3636580110 -3.3432250023
vt -0.5520870090 -3.1252629757
vt 0.8505899906 -2.5101499557
vt 0.1834349930 -2.1324360371
vt 0.4729659855 -2.1429300308
vt 0.7598069906 -2.1330070496
vt -0.7229999900 -2.8951470852
vt -0.1059930027 -2.1016240120
vt -0.8732600212 -2.6509599686
vt -0.3925249875 -2.0507929325
vt -0.9385820031 -2.5221838951
vt -0.9953439832 -2.3892939091
vt -0.5773550272 -2.0068631172
vt -1.0418620110 -2.2534449100
vt -0.7589889765 -1.9547270536
vt -1.0771150589 -2.1144380569
vt -0.9366729856 -1.8946030140
vt -1.1001060009 -1.9718999863
vt -1.1096709967 -1.8267389536
vt 0.0589720011 -3.7358100414
vt 1.2782839537 -3.7072761059
vt 1.2662509680 -3.6728849411
vt 0.0055729742 0.0079999557
vt 0.0055729742 0.0000000000
vt 0.0402099416 0.0079999557
vt 0.0408639908 0.0000000000
vt 0.0749329925 0.0079999557
vt 0.0762439892 0.0000000000
vt 0.1097379997 0.0079999557
vt 0.1117089018 0.0000000000
vt -0.0001210000 0.0005510000
vt -0.0079349866 -0.0011659859
vt 0.0001200000 -0.0005450000
vt 0.1016969979 -1.6354260445
vt 0.0000000000 -1.7008429766
vt 0.1016969979 -1.7662600279
vt 0.1016969979 1.7662600279
vt 0.0000000000 1.8316769600
vt 0.0000000000 1.7008429766
vt 0.1016969979 1.6354260445
vt 0.0000000000 1.5700089931
vt 0.1016969979 1.5045919418
vt 0.0000000000 1.4391750097
vt 0.1016969979 1.3737579584
vt 0.0000000000 1.3083410263
vt 0.1016969979 1.2429239750
vt 0.0000000000 1.1775070429
vt 0.1016969979 1.1120899916
vt 0.0000000000 1.0466730595
vt 0.1016969979 0.9812549949
vt 0.0000000000 0.9158380032
vt 0.1016969979 0.8504210114
vt 0.0000000000 0.7850040197
vt 0.1016969979 0.7195870280
vt 0.0000000000 0.6541699767
vt 0.1016969979 0.5887529850
vt 0.0000000000 0.5233359933
vt 0.1016969979 0.4579190016
vt 0.0000000000 0.3925020099
vt 0.1016969979 0.3270849884
vt 0.0000000000 0.2616679966
vt 0.1016969979 0.1962510049
vt 0.0000000000 0.1308339983
vt 0.1016969979 0.0654169917
vt 0.0000000000 0.0000000000
vt 0.1016969979 -0.0654169917
vt 0.0000000000 -0.1308339983
vt 0.1016969979 -0.1962510049
vt 0.0000000000 -0.2616679966
vt 0.1016969979 -0.3270849884
vt 0.0000000000 -0.3925020099
vt 0.1016969979 -0.4579190016
vt 0.0000000000 -0.5233359933
vt 0.1016969979 -0.5887529850
vt 0.0000000000 -0.6541699767
vt 0.1016969979 -0.7195870280
vt 0.0000000000 -0.7850040197
vt 0.1016969979 -0.8504210114
vt 0.0000000000 -0.9158380032
vt 0.1016969979 -0.9812549949
vt 0.0000000000 -1.0466730595
vt 0.1016969979 -1.1120899916
vt 0.0000000000 -1.1775070429
vt 0.1016969979 -1.2429239750
vt 0.0000000000 -1.3083410263
vt 0.1016969979 -1.3737579584
vt 0.0000000000 -1.4391750097
vt 0.1016969979 -1.5045919418
vt 0.0000000000 -1.5700089931
vt 0.2538709939 -2.3828380108
vt 0.4921630025 -2.3489949703
vt 0.2296759933 -1.0961970091
vt 0.7239990234 -2.2843370438
vt 0.3529810011 -1.0549399853
vt 0.9454119802 -2.1899719238
vt 1.1526139975 -2.0675129890
vt 0.9831500053 -0.9956979752
vt 1.3420590162 -1.9190579653
vt 1.0521210432 -0.9969310164
vt 1.5105060339 -1.7471439838
vt 1.6550730467 -1.5547150373
vt 1.1147960424 -0.9681159854
vt 1.7732859850 -1.3450629711
vt 1.1587619781 -0.9149609804
vt 1.8631219864 -1.1217739582
vt 1.1753100157 -0.8479940295
vt 1.9230450392 -0.8886690140
vt 1.1611649990 -0.7804790139
vt 1.9520289898 -0.6497370005
vt 1.9495780468 -0.4090659916
vt 1.1191259623 -0.7257869840
vt 1.9157340527 -0.1707739979
vt 1.8510760069 0.0610619709
vt 1.7567110062 0.2824749947
vt 0.6069750190 -0.2808890045
vt 1.0575200319 -0.6947510242
vt 1.6342530251 0.4896770120
vt 0.5320860147 -0.1745969951
vt 1.4857970476 0.6791219711
vt 1.3138840199 0.8475689888
vt 0.4347040057 -0.0884400010
vt 1.1214549541 0.9921360016
vt 0.9118019938 1.1103490591
vt 0.3200770020 -0.0270639602
vt 0.6885129809 1.2001849413
vt 0.1943860054 0.0062229629
vt 0.4554080069 1.2601079941
vt 0.2164759934 1.2890919447
vt 0.0644069910 0.0096259713
vt -0.0241949502 1.2866410017
vt -0.2624869943 1.2527970076
vt -0.0628539920 -0.0170379803
vt -0.4943229854 1.1881389618
vt -0.7157359719 1.0937739611
vt -0.1805350035 -0.0723309517
vt -0.9229379892 0.9713159800
vt -0.7534739971 -0.1004989967
vt -1.1123830080 0.8228600025
vt -0.8224449754 -0.0992669985
vt -1.2808300257 0.6509469748
vt -1.4253970385 0.4585179985
vt -0.8851199746 -0.1280820072
vt -1.5436099768 0.2488649935
vt -0.9290850163 -0.1812359989
vt -1.6334459782 0.0255759899
vt -0.9456340075 -0.2482029945
vt -1.6933690310 -0.2075289935
vt -0.9314879775 -0.3157190084
vt -1.7223529816 -0.4464609921
vt -1.7199020386 -0.6871320009
vt -0.8894500136 -0.3704110086
vt -1.6860580444 -0.9254239798
vt -1.6213999987 -1.1572599411
vt -1.5270349979 -1.3786729574
vt -0.4049920142 -0.7563679814
vt -0.8278440237 -0.4014460146
vt -0.3429499865 -0.8706359863
vt -1.4045770168 -1.5858750343
vt -1.2561210394 -1.7753200531
vt -0.2562279999 -0.9675149918
vt -1.0842080116 -1.9437669516
vt -0.8917779922 -2.0883340836
vt -0.1495019943 -1.0417829752
vt -0.6821259856 -2.2065460682
vt -0.4588370025 -2.2963829041
vt -0.0285249893 -1.0894370079
vt -0.2257319987 -2.3563060760
vt 0.1001800001 -1.1079070568
vt 0.0131999804 -2.3852889538
vt 0.6553320289 -0.4015859962
vt 0.9885500073 -0.6935189962
vt 0.6745510101 -0.5301820040
vt 0.9258750081 -0.7223340273
vt 0.6635959744 -0.6597430110
vt 0.8819090128 -0.7754889727
vt 0.6230570078 -0.7832859755
vt 0.8653600216 -0.8424559832
vt 0.8795059919 -0.9099709988
vt 0.5551199913 -0.8941500187
vt 0.9215450287 -0.9646630287
vt 0.4634470046 -0.9863579869
vt -0.6918690205 -0.1315349042
vt -0.2822929919 -0.1532730013
vt -0.6498299837 -0.1862259954
vt -0.3626410067 -0.2555010021
vt -0.6356840134 -0.2537420094
vt -0.4172480106 -0.3735019863
vt -0.6522330046 -0.3207089901
vt -0.4431709945 -0.5009160042
vt -0.6961989999 -0.3738639951
vt -0.4390110075 -0.6308730245
vt -0.7588739991 -0.4026780128
vt 0.2181580067 -0.0587449595
vt -0.0248039905 0.0050329561
vt -0.2944389880 -1.4053000212
vt -0.2738440037 0.0378579386
vt -0.4249610007 -1.3934979439
vt -0.5250340104 0.0392099582
vt -0.7744119763 0.0090699792
vt -0.5546860099 -1.4121140242
vt -1.0180469751 -0.0520889685
vt -1.2520949841 -0.1432999074
vt -0.6766210198 -1.4601449966
vt -1.4728660583 -0.2631269991
vt -0.7841929793 -1.5350019932
vt -1.6768779755 -0.4096780121
vt -1.8609130383 -0.5806440115
vt -0.8716019988 -1.6326479912
vt -2.0220699310 -0.7733269930
vt -2.1578059196 -0.9846889973
vt -0.9341350198 -1.7478209734
vt -2.2659809589 -1.2113959789
vt -1.3492859602 -2.0990109444
vt -1.4097729921 -2.1261529922
vt -2.3448889256 -1.4498740435
vt -2.3932859898 -1.6963609457
vt -1.4539910555 -2.1755499840
vt -2.4104080200 -1.9469699860
vt -2.3959860802 -2.1977488995
vt -1.4742950201 -2.2386620045
vt -2.3502459526 -2.4447429180
vt -1.4671729803 -2.3045749664
vt -2.2739100456 -2.6840569973
vt -1.4338580370 -2.3618938923
vt -2.1681830883 -2.9119160175
vt -2.0347299576 -3.1247279644
vt -1.3801089525 -2.4007060528
vt -1.8756580353 -3.3191349506
vt -1.3152209520 -2.4143021107
vt -1.6934740543 -3.4920721054
vt -1.4910529852 -3.6408119202
vt -1.2504129410 -2.4003291130
vt -1.2715849876 -3.7630090714
vt -0.7078999877 -2.4372758865
vt -0.5892869830 -2.4930078983
vt -1.0385320187 -3.8567349911
vt -0.7955700159 -3.9205141068
vt -0.4610179961 -2.5198829174
vt -0.5465310216 -3.9533379078
vt -0.2953410149 -3.9546899796
vt -0.3300090134 -2.5164520741
vt -0.0459619686 -3.9245500565
vt 0.1976719946 -3.8633909225
vt -0.2033219039 -2.4829020500
vt 0.4317210019 -3.7721800804
vt -0.0877879784 -2.4210400581
vt 0.6524909735 -3.6523530483
vt 0.8565030098 -3.5058019161
vt 0.0103659602 -2.3342010975
vt 1.0405390263 -3.3348369598
vt 1.2016949654 -3.1421539783
vt 0.0858479664 -2.2270669937
vt 1.3374309540 -2.9307920933
vt 1.4456069469 -2.7040839195
vt 0.5605810285 -1.8060770035
vt 1.5245150328 -2.4656059742
vt 0.6141030192 -1.7669529915
vt 1.5729119778 -2.2191190720
vt 1.5900340080 -1.9685100317
vt 0.6470850110 -1.7094420195
vt 1.5756109953 -1.7177309990
vt 0.6538230181 -1.6434880495
vt 1.5298719406 -1.4707369804
vt 1.4535360336 -1.2314230204
vt 0.6331530213 -1.5804949999
vt 1.3478080034 -1.0035640001
vt 0.5886489749 -1.5313559771
vt 1.2143559456 -0.7907530069
vt 0.5280050039 -1.5045659542
vt 1.0552840233 -0.5963460207
vt 0.8730999827 -0.4234080017
vt 0.4617080092 -1.5047589540
vt 0.6706780195 -0.2746680081
vt 0.4512099922 -0.1524720043
vt -0.1701579988 -1.4468840361
vt 0.4012210071 -1.5319010019
vt -0.0588159487 -1.5160089731
vt 0.3570030034 -1.5812979937
vt 0.0335829817 -1.6089470387
vt 0.3366999924 -1.6444089413
vt 0.1020580009 -1.7206900120
vt 0.3438209891 -1.7103229761
vt 0.1429180056 -1.8452110291
vt 0.3771359921 -1.7676409483
vt 0.1539600044 -1.9757989645
vt 0.4308849871 -1.8064539433
vt 0.1345880032 -2.1054139137
vt 0.4957729876 -1.8200490475
vt -1.1968909502 -2.3612051010
vt -0.8104640245 -2.3556931019
vt -1.1639089584 -2.3036940098
vt -0.8914489746 -2.2526559830
vt -1.1571710110 -2.2377400398
vt -0.9464889765 -2.1337199211
vt -1.1778409481 -2.1747469902
vt -0.9726160169 -2.0052969456
vt -1.2223459482 -2.1256079674
vt -0.9684230089 -1.8743100166
vt -1.2829890251 -2.0988190174
vt 0.1016969979 -0.0658549592
vt 0.1016969979 0.0000000000
vt 0.0000000000 0.0000000000
vt 0.1016969979 0.0658549592
vt 0.0000000000 0.0705589578
vt 0.1016969979 0.1317110062
vt 0.0000000000 0.1411190033
vt 0.1016969979 0.1975660026
vt 0.0000000000 0.2116779983
vt 0.1016969979 0.2634209991
vt 0.0000000000 0.2822369933
vt 0.1016969979 0.3292770088
vt 0.0000000000 0.3527959883
vt 0.1016969979 0.3951320052
vt 0.0000000000 0.4233559966
vt 0.1016969979 0.4609870017
vt 0.0000000000 0.4939149916
vt 0.0000000000 -0.4939149916
vt 0.1016969979 -0.5268419981
vt 0.1016969979 -0.4609870017
vt 0.0000000000 -0.4233559966
vt 0.1016969979 -0.3951320052
vt 0.0000000000 -0.3527959883
vt 0.1016969979 -0.3292770088
vt 0.0000000000 -0.2822369933
vt 0.1016969979 -0.2634209991
vt 0.0000000000 -0.2116779983
vt 0.1016969979 -0.1975660026
vt 0.0000000000 -0.1411190033
vt 0.1016969979 -0.1317110062
vt 0.0000000000 -0.0705589578
vt 0.1016969979 -0.0658549592
vt 0.1016969979 0.0000000000
vt 0.0000000000 0.0000000000
vt 0.1016969979 0.0658549592
vt 0.0000000000 0.0705589578
vt 0.1016969979 0.1317110062
vt 0.0000000000 0.1411190033
vt 0.1016969979 0.1975660026
vt 0.0000000000 0.2116779983
vt 0.1016969979 0.2634209991
vt 0.0000000000 0.2822369933
vt 0.1016969979 0.3292770088
vt 0.0000000000 0.3527959883
vt 0.1016969979 0.3951320052
vt 0.0000000000 0.4233559966
vt 0.1016969979 0.4609870017
vt 0.0000000000 0.4939149916
vt 0.0000000000 -0.4939149916
vt 0.1016969979 -0.5268419981
vt 0.1016969979 -0.4609870017
vt 0.0000000000 -0.4233559966
vt 0.1016969979 -0.3951320052
vt 0.0000000000 -0.3527959883
vt 0.1016969979 -0.3292770088
vt 0.0000000000 -0.2822369933
vt 0.1016969979 -0.2634209991
vt 0.0000000000 -0.2116779983
vt 0.1016969979 -0.1975660026
vt 0.0000000000 -0.1411190033
vt 0.1016969979 -0.1317110062
vt 0.0000000000 -0.0705589578
vt -7.2541170120 3.8690710068
vt -7.1921839714 4.0506000519
vt -7.3178949356 4.1120328903
vt -7.2342391014 4.2891869545
vt -7.3507189751 4.3610730171
vt -7.2454400063 4.5311927795
vt -7.3520717621 4.6122632027
vt -7.2256011963 4.7726440430
vt -7.3219308853 4.8616409302
vt -7.1750488281 5.0095758438
vt -7.2607731819 5.1052761078
vt -7.0946140289 5.2380981445
vt -7.1695609093 5.3393239975
vt -6.9856162071 5.4544591904
vt -7.0497350693 5.5600948334
vt -6.8498458862 5.6551041603
vt -6.9031829834 5.7641072273
vt -6.6895332336 5.8367409706
vt -6.7322177887 5.9481420517
vt -6.5073080063 5.9963860512
vt -6.5395350456 6.1092991829
vt -6.3061652184 6.1314182281
vt -6.3281731606 6.2450351715
vt -6.0894050598 6.2396187782
vt -6.1014661789 6.3532099724
vt -5.8605890274 6.3192138672
vt -5.8629879951 6.4321179390
vt -5.6234731674 6.3688941002
vt -5.6165008545 6.4805150032
vt -5.3819499016 6.3878459930
vt -5.3658919334 6.4976367950
vt -5.1399869919 6.3757557869
vt -5.1151118279 6.4832148552
vt -4.9015569687 6.3328242302
vt -4.8681178093 6.4374752045
vt -4.6705741882 6.2597551346
vt -4.6288051605 6.3611388206
vt -4.4009461403 6.2554121017
vt -4.4508309364 6.1577482224
vt -4.1881341934 6.1219592094
vt -4.2459368706 6.0284781456
vt -3.9937269688 5.9628868103
vt -4.0592551231 5.8740692139
vt -3.8207900524 5.7807030678
vt -3.8938519955 5.6970548630
vt -3.6720499992 5.5782818794
vt -3.7524418831 5.5003428459
vt -3.5498530865 5.3588137627
vt -3.6373488903 5.2871627808
vt -3.4561269283 5.1257610321
vt -3.5504610538 5.0610151291
vt -3.3923480511 4.8827991486
vt -3.4932060242 4.8256130219
vt -3.3595240116 4.6337599754
vt -3.4665238857 4.5848221779
vt -3.3581709862 4.3825697899
vt -3.4708518982 4.3425960541
vt -3.3883121014 4.1331911087
vt -3.5061190128 4.1029119492
vt -3.4494700432 3.8895568848
vt -3.5717480183 3.8697059155
vt -3.5406820774 3.6555080414
vt -3.6666591167 3.6468060017
vt -3.6605079174 3.4347379208
vt -3.7892949581 3.4378740788
vt -3.8070600033 3.2307260036
vt -3.9376420975 3.2463390827
vt -3.9780249596 3.0466899872
vt -4.1092629433 3.0753469467
vt -4.1707081795 2.8855340481
vt -4.3013420105 2.9277060032
vt -4.3820700645 2.7497980595
vt -4.5107240677 2.8058390617
vt -4.6087779999 2.6416220665
vt -4.7339701653 2.7117469311
vt -4.8472552299 2.5627140999
vt -4.9674158096 2.6469769478
vt -5.0937428474 2.5143170357
vt -5.2072281837 2.6125900745
vt -5.3443517685 2.4971950054
vt -5.4494690895 2.6091520786
vt -5.5951309204 2.5116178989
vt -5.6901597977 2.6367199421
vt -5.8421249390 2.5573580265
vt -5.9253501892 2.6948399544
vt -6.0814390182 2.6336929798
vt -6.1511769295 2.7825579643
vt -6.3092980385 2.7394208908
vt -6.3639321327 2.8984339237
vt -6.5221090317 2.8728730679
vt -6.5601229668 3.0405659676
vt -6.7165160179 3.0319449902
vt -6.7365279198 3.2066180706
vt -6.8894529343 3.2141289711
vt -6.8902502060 3.3938660622
vt -7.0381932259 3.4165511131
vt -7.0187659264 3.5992341042
vt -7.1603899002 3.6360189915
vt -7.1199641228 3.8193500042
vt 0.0000000000 0.0079999557
vt 0.0000000000 0.0000000000
vt 0.2946839929 0.0079999557
vt 0.2949370146 0.0000000000
vt 0.5891789794 0.0079999557
vt 0.5896859765 0.0000000000
vt 0.8834270239 0.0079999557
vt 0.8841919899 0.0000000000
vt 1.1750969887 0.0079999557
vt 1.1761310101 0.0000000000
vt 1.4687780142 0.0079999557
vt 1.4700640440 0.0000000000
vt 1.6193699837 0.0079999557
vt 1.6207300425 0.0000000000
vt 1.7647949457 0.0079999557
vt 1.7663220167 0.0000000000
vt 1.9142769575 0.0079999557
vt 1.9158799648 0.0000000000
vt 2.0591650009 0.0079999557
vt 2.0609428883 0.0000000000
vt 2.2081439495 0.0079999557
vt 2.2101590633 0.0000000000
vt 2.3565359116 0.0079999557
vt 2.3585770130 0.0000000000
vt -1.5673179626 0.0079999557
vt -1.5648770332 0.0000000000
vt -1.1775890589 0.0079999557
vt -1.1756459475 0.0000000000
vt -0.7866449952 0.0079999557
vt -0.7852659822 0.0000000000
vt -0.3956199884 0.0079999557
vt -0.3949599862 0.0000000000
vt -0.0056079621 0.0079999557
vt -0.0056079621 0.0000000000
vt 1.1262129545 -1.6527689695
vt 1.1964819431 -1.6268969774
vt 1.1489969492 -1.6370110512
vt 1.1715610027 -1.6209399700
vt 1.1938999891 -1.6045570374
vt 2.6162779331 0.0836049914
vt 2.6387670040 0.0004990000
vt 2.6387670040 0.0836049914
vt 0.2000000030 4.1450691223
vt 0.1168930009 4.1450691223
vt 0.2000000030 4.1173658371
vt 0.2000000030 4.0896639824
vt 0.2000000030 4.0619611740
vt -1.8168369532 0.0000000000
vt -1.8230880499 0.0244619809
vt -1.8360409737 0.0000000000
vt -1.8294889927 0.0488860011
vt -1.8360409737 0.0732690021
vt 0.0000000000 2.0426180363
vt 0.0732690021 2.0426180363
vt 0.0000000000 2.0674560070
vt 0.0000000000 2.0922939777
vt 0.0000000000 2.1171309948
vt 0.8000270128 -1.8330190182
vt 0.7772020102 -1.8428119421
vt 0.8032940030 -1.8519419432
vt 0.7542570233 -1.8523219824
vt 0.7311949730 -1.8615460396
vt -1.0468959808 4.6682138443
vt -1.0405789614 4.6736612320
vt -1.2549649477 4.8928179741
vt -1.2486790419 4.8981938362
vt -1.4666810036 5.1174211502
vt -1.4604070187 5.1227278709
vt -1.6813089848 5.3420248032
vt -1.6750279665 5.3472619057
vt -1.8981029987 5.5666279793
vt -1.8917969465 5.5717949867
vt -1.5089780092 0.1628199965
vt -1.5172239542 0.1628199965
vt -1.5131020546 0.1221150011
vt -1.5172239542 0.1204359978
vt -1.5131020546 0.0814099908
vt -1.5172239542 0.0814099908
vt -1.5172239542 0.0423839614
vt -1.5131020546 0.0407049581
vt -1.5172239542 0.0000000000
vt -1.5089780092 0.0000000000
vt -1.5089780092 0.0423889682
vt -1.5089780092 0.0814099908
vt -1.5089780092 0.1204309985
vt -0.2857910097 0.1864358932
vt -0.3269670010 0.1864430010
vt -0.3051930070 0.1398320049
vt -0.3269670010 0.1379040033
vt -0.3051930070 0.0932210013
vt -0.3269670010 0.0932210013
vt -0.3051930070 0.0699160025
vt -0.3269670010 0.0485389791
vt -0.3051930070 0.0466109514
vt -0.3051930070 0.0233049896
vt -0.2616460025 0.0233049896
vt -0.2837249935 0.0000030000
vt -0.2399680018 0.0000040000
vt -0.3269670010 0.0000000000
vt -0.2180979997 0.0233049896
vt -0.2180030048 0.0000040000
vt -0.1961099952 0.0000020000
vt -0.1854369938 0.0233049896
vt -0.1527770013 0.0000000000
vt -0.1527770013 0.0489819609
vt -0.1527770013 0.0932210013
vt -0.1854369938 0.0699160025
vt -0.1854369938 0.0466109514
vt -0.2180979997 0.0466109514
vt -0.2616460025 0.0466109514
vt -0.1854369938 0.0932210013
vt -0.1527770013 0.1374599040
vt -0.1854369938 0.1398320049
vt -0.1527770013 0.1864420027
vt -0.1976639926 0.1864358932
vt -0.2426729947 0.1864340007
vt -0.2180979997 0.1398320049
vt -0.2180979997 0.0932210013
vt -0.2180979997 0.0699160025
vt -0.2616460025 0.0699160025
vt -0.2616460025 0.1398320049
vt -0.2616460025 0.0932210013
vt -0.2627780139 0.0459709689
vt -0.2627780139 0.0000000000
vt -0.2358690053 0.0169789698
vt -0.2084390074 0.0000000000
vt -0.2022320032 0.0169789698
vt -0.1549530029 0.0000000000
vt -0.1685950011 0.0169789698
vt -0.1349579990 0.0169789698
vt -0.1685950011 0.0339579508
vt -0.1349579990 0.0339579508
vt -0.1685950011 0.0679169819
vt -0.1349579990 0.0679169819
vt -0.1685950011 0.1018749997
vt -0.1349579990 0.1018749997
vt -0.1509400010 0.1358319968
vt -0.1013220027 0.1018749997
vt -0.0987029597 0.1358308941
vt -0.0475029908 0.1004749984
vt -0.0475029908 0.1358339936
vt -0.1015100032 0.0000000000
vt -0.1013220027 0.0169789698
vt -0.1013220027 0.0339579508
vt -0.1013220027 0.0679169819
vt -0.0475029908 0.0000000000
vt -0.0475029908 0.0353589617
vt -0.0475029908 0.0679169819
vt -0.2056230009 0.1358290017
vt -0.2022320032 0.1018749997
vt -0.2022320032 0.0679169819
vt -0.2022320032 0.0339579508
vt -0.2358690053 0.1018749997
vt -0.2627780139 0.1358339936
vt -0.2627780139 0.0898630023
vt -0.2358690053 0.0679169819
vt -0.2358690053 0.0339579508
vt -12.8594503403 0.0437689982
vt -13.0316295624 0.0416499898
vt -12.8594503403 0.0000000000
vt -13.2313404083 0.0416499898
vt -13.1452598572 0.0000000000
vt -13.4310598373 0.0416499898
vt -13.4310598373 0.0000000000
vt -13.6032400131 0.0416499898
vt -13.8029499054 0.0416499898
vt -13.8029499054 0.0832999870
vt -14.0026702881 0.0567059517
vt -14.0026702881 0.1098930016
vt -13.8029499054 0.1249490008
vt -14.0026702881 0.1665990055
vt -13.7168598175 0.1665990055
vt -13.6032400131 0.1249490008
vt -13.4310598373 0.1249490008
vt -13.4310598373 0.0832999870
vt -13.2313404083 0.0832999870
vt -13.0316295624 0.0832999870
vt -12.8594503403 0.0832999870
vt -12.8594503403 0.1228300035
vt -13.0316295624 0.1249490008
vt -12.8594503403 0.1665990055
vt -13.1452598572 0.1665990055
vt -13.2313404083 0.1249490008
vt -13.4310598373 0.1665990055
vt -14.0026702881 0.0000000000
vt -13.7168598175 0.0000000000
vt -13.6032400131 0.0832999870
vt 3.1210520267 0.0000000000
vt 3.5131909847 0.0000000000
vt 3.2437999249 0.0397650003
vt 3.4935441017 0.0383799598
vt 3.4792869091 0.0761829615
vt 3.2437999249 0.0795289800
vt 3.4747390747 0.1160420030
vt 3.2437999249 0.1192940027
vt 3.4809980392 0.1590580046
vt 3.0968821049 0.1590580046
vt 2.9744091034 0.1192940027
vt 2.7128551006 0.1590570062
vt 2.7336950302 0.1192940027
vt 2.4595990181 0.1192940027
vt 2.7336950302 0.0795289800
vt 2.4595990181 0.0795289800
vt 2.7336950302 0.0397650003
vt 2.4595990181 0.0397650003
vt 2.7289650440 0.0000000000
vt 2.3368749619 0.0000000000
vt 2.1855020523 0.0397650003
vt 1.9447879791 0.0000000000
vt 1.9447879791 0.0542519614
vt 2.1855020523 0.0795289800
vt 1.9447879791 0.1048059985
vt 2.1855020523 0.1192940027
vt 1.9447879791 0.1590580046
vt 2.3288400173 0.1590580046
vt 2.9744091034 0.0397650003
vt 2.9744091034 0.0795289800
vt -0.0539999604 -0.0541449711
vt -0.0460000001 -0.0541449711
vt -0.0539999604 -0.0504049584
vt -0.0460000001 -0.0504049584
vt -0.0539999604 -0.0466639884
vt -0.0460000001 -0.0466639884
vt -0.0539999604 -0.0429229699
vt -0.0460000001 -0.0429229699
vt 1.0055240393 0.1590580046
vt 0.5966629982 0.1590580046
vt 0.8381369710 0.1192940027
vt 0.6034920216 0.1143990010
vt 0.8381369710 0.0795289800
vt 0.6185539961 0.0754820108
vt 0.8381369710 0.0397650003
vt 0.6388319731 0.0387119614
vt 0.6608870029 0.0000000000
vt 1.0536600351 0.0000000000
vt 1.1237549782 0.0397650003
vt 1.1237549782 0.0795289800
vt 1.1237549782 0.1192940027
vt 1.4142899513 0.1590580046
vt 1.4093719721 0.1192940027
vt 1.6606570482 0.1192940027
vt 1.6606570482 0.0795289800
vt 1.9462749958 0.0795289800
vt 1.9462749958 0.0397650003
vt 2.2318921089 0.0542519614
vt 2.2318921089 0.0000000000
vt 1.8391410112 0.0000000000
vt 1.6606570482 0.0397650003
vt 1.4464019537 0.0000000000
vt 1.4093719721 0.0397650003
vt 2.2318921089 0.1048059985
vt 1.9462749958 0.1192940027
vt 1.8230609894 0.1590580046
vt 2.2318921089 0.1590580046
vt 1.4093719721 0.0795289800
vt -12.5484600067 0.0000090000
vt -12.3200502396 0.0000000000
vt -12.5398502350 0.0346989594
vt -12.3200502396 0.0469779894
vt -12.5398502350 0.0693979785
vt -12.3200502396 0.0918309614
vt -12.5398502350 0.1041029990
vt -12.3200502396 0.1388079971
vt -12.5484600067 0.1388079971
vt -12.7768602371 0.1388079971
vt -12.7596397400 0.1041029990
vt -12.7596397400 0.0693979785
vt -12.7596397400 0.0346989594
vt -12.7768602371 0.0000110000
vt -12.9966697693 0.0346989594
vt -13.0052795410 0.0000040000
vt -13.2336902618 0.0000000000
vt -13.2336902618 0.0472469889
vt -12.9966697693 0.0693979785
vt -13.2336902618 0.0915609524
vt -12.9966697693 0.1041029990
vt -13.2336902618 0.1388079971
vt -13.0052795410 0.1388079971
vt -14.0539503098 0.0000000000
vt -13.8684902191 0.0000000000
vt -14.0550498962 0.0352649614
vt -13.8684902191 0.0480119511
vt -14.0550498962 0.0705299899
vt -13.8684902191 0.0930439830
vt -14.0550498962 0.1057929024
vt -13.8684902191 0.1410560012
vt -14.0539503098 0.1410540044
vt -14.2394104004 0.1410509050
vt -14.2416000366 0.1057929024
vt -14.2416000366 0.0705299899
vt -14.2416000366 0.0352649614
vt -14.2394104004 0.0000000000
vt -14.4259595871 0.0352649614
vt -14.4248695374 0.0000000000
vt -14.6103296280 0.0000000000
vt -14.6103296280 0.0477849804
vt -14.4259595871 0.0705299899
vt -14.6103296280 0.0932699963
vt -14.4259595871 0.1057929024
vt -14.6103296280 0.1410560012
vt -14.4248695374 0.1410519928
vt -0.0663719699 0.0234099608
vt -0.0648379922 0.0260779802
vt -0.1087770015 0.0517799817
vt -0.0632069707 0.0286779907
vt -0.0614869483 0.0312079694
vt -0.1015100032 0.0603579804
vt -0.1149709970 0.1346880049
vt -0.1100260019 0.1305450052
vt -0.0753979608 0.1716489941
vt 0.0753979608 -0.0185920000
vt 0.0306199696 0.0087709418
vt 0.0286039691 0.0032839770
vt -0.0191949606 0.0189999901
vt -0.0158129893 0.0282539707
vt -0.0663719699 0.0385499485
vt -0.0614869483 0.0513919517
vt -0.0632069707 0.0472259484
vt -0.0648379922 0.0429449603
vt -13.6637697220 0.0000010000
vt -13.4323101044 0.0000000000
vt -13.6588697433 0.0409069583
vt -13.4323101044 0.0556969605
vt -13.6588697433 0.0818149969
vt -13.4323101044 0.1079349965
vt -13.6588697433 0.1227238998
vt -13.4323101044 0.1636320055
vt -13.6637697220 0.1636320055
vt -13.8952198029 0.1636320055
vt -13.8854303360 0.1227238998
vt -13.8854303360 0.0818159506
vt -13.8854303360 0.0409069583
vt -14.1217803955 0.0409069583
vt -13.8952198029 -0.0000020000
vt -14.1266698837 -0.0000020000
vt -14.3581199646 0.0000000000
vt -14.3581199646 0.0428659916
vt -14.1217803955 0.0818159506
vt -14.3581199646 0.0818159506
vt -14.3581199646 0.1207659990
vt -14.1217803955 0.1227238998
vt -14.3581199646 0.1636320055
vt -14.1266698837 0.1636320055
vt -2.4964060783 0.1173539981
vt -2.5045619011 0.1173539981
vt -2.5004849434 0.0880159736
vt -2.5045619011 0.0777219534
vt -2.5004849434 0.0586769506
vt -2.5045619011 0.0396329686
vt -2.5004849434 0.0293389503
vt -2.5045619011 0.0000000000
vt -2.4964060783 0.0000000000
vt -2.4964060783 0.0396329686
vt -2.4964060783 0.0777209923
vt -0.3718760014 0.0363899395
vt -0.3718760014 0.0000000000
vt -0.3443610072 0.0134269502
vt -0.3164770007 0.0000010000
vt -0.3099679947 0.0134269502
vt -0.2755750120 0.0134269502
vt -0.3099679947 0.0268549901
vt -0.2755750120 0.0268549901
vt -0.3099679947 0.0537099801
vt -0.2755750120 0.0537099801
vt -0.3099679947 0.0805639625
vt -0.2755750120 0.0805639625
vt -0.3217869997 0.1074180007
vt -0.2664859891 0.1074159965
vt -0.2411810011 0.0805639625
vt -0.2372300029 0.1074149981
vt -0.2067880034 0.0805639625
vt -0.2077530026 0.1074149981
vt -0.1792729944 0.0805639625
vt -0.1517580003 0.1074189991
vt -0.1517580003 0.0711419508
vt -0.1792729944 0.0537099801
vt -0.1517580003 0.0362769887
vt -0.1792729944 0.0268549901
vt -0.1792729944 0.0134269502
vt -0.2067880034 0.0268549901
vt -0.2067880034 0.0134269502
vt -0.2411810011 0.0268549901
vt -0.2411810011 0.0134269502
vt -0.2618159950 0.0000040000
vt -0.2345519960 0.0000010000
vt -0.2071709931 0.0000030000
vt -0.1795949042 0.0000010000
vt -0.1517580003 0.0000000000
vt -0.3443610072 0.0805639625
vt -0.3718760014 0.1074189991
vt -0.3718760014 0.0710290000
vt -0.3443610072 0.0537099801
vt -0.3443610072 0.0268549901
vt -0.2067880034 0.0537099801
vt -0.2411810011 0.0537099801
vt 0.7157030106 0.0000000000
vt 0.7513870001 0.0000000000
vt 0.6975700259 0.0397650003
vt 0.7513870001 0.0542519614
vt 0.6975700259 0.0795289800
vt 0.7513870001 0.1048059985
vt 0.6975700259 0.1192940027
vt 0.7156959772 0.1590580046
vt 0.6800060272 0.1590570062
vt 0.7513870001 0.1590580046
vt 0.6443229914 0.1590580046
vt 0.6443229914 0.1048059985
vt 0.6443229914 0.0542519614
vt 0.6800140142 0.0000000000
vt 0.6443229914 0.0000000000
vt 2.3635959625 0.0000000000
vt 2.3719069958 0.0000000000
vt 2.3677520752 0.0462269709
vt 2.3719069958 0.0486319587
vt 2.3677520752 0.0924539492
vt 2.3719069958 0.0924539492
vt 2.3719069958 0.1362749040
vt 2.3677520752 0.1386809051
vt 2.3719069958 0.1849070042
vt 2.3635959625 0.1849070042
vt 2.3635959625 0.1362700015
vt 2.3635959625 0.0924539492
vt 2.3635959625 0.0486369692
vt 0.6891509891 0.0000000000
vt 0.7241830230 0.0000000000
vt 0.6713590026 0.0397650003
vt 0.7241830230 0.0542519614
vt 0.6713590026 0.0795289800
vt 0.7241830230 0.1048059985
vt 0.6713590026 0.1192940027
vt 0.6891589761 0.1590580046
vt 0.6541299820 0.1590580046
vt 0.7241830230 0.1590580046
vt 0.6190969944 0.1590580046
vt 0.6190969944 0.1048059985
vt 0.6190969944 0.0542519614
vt 0.6190969944 0.0000000000
vt 0.6541219950 0.0000010000
vt -0.2715590000 0.0494859815
vt -0.2715590000 0.0000000000
vt -0.2436199933 0.0183159709
vt -0.2158180028 0.0000000000
vt -0.2086980045 0.0183159709
vt -0.1737750024 0.0183159709
vt -0.2086980045 0.0366320014
vt -0.1737750024 0.0366320014
vt -0.2086980045 0.0732640028
vt -0.1737750024 0.0732640028
vt -0.2086980045 0.1098970026
vt -0.1737750024 0.1098970026
vt -0.2132319957 0.1465280056
vt -0.1576880068 0.1465290040
vt -0.1388529986 0.1098970026
vt -0.1039298996 0.1098970026
vt -0.1039298996 0.0732640028
vt -0.0480539687 0.1081430018
vt -0.0480539687 0.0732640028
vt -0.0480539687 0.0383859798
vt -0.1039298996 0.0366320014
vt -0.1039298996 0.0183159709
vt -0.1388529986 0.0366320014
vt -0.1388529986 0.0183159709
vt -0.1596159041 0.0000000000
vt -0.1034960002 0.0000000000
vt -0.0480539687 0.0000000000
vt -0.0480539687 0.1465290040
vt -0.1030749977 0.1465270072
vt -0.2436199933 0.1098970026
vt -0.2715590000 0.1465290040
vt -0.2715590000 0.0970429704
vt -0.2436199933 0.0732640028
vt -0.2436199933 0.0366320014
vt -0.1388529986 0.0732640028
vt 2.1929159164 0.0000020000
vt 2.3397879601 0.0000000000
vt 2.2622399330 0.0397650003
vt 2.3648800850 0.0363979898
vt 2.3807730675 0.0750919506
vt 2.2622399330 0.0795289800
vt 2.3830881119 0.0956739709
vt 2.2622399330 0.1192940027
vt 2.3811380863 0.1167429984
vt 2.3673729897 0.1590580046
vt 2.2223761082 0.1590580046
vt 2.1413910389 0.1192940027
vt 2.1413910389 0.0795289800
vt 2.1413910389 0.0397650003
vt 2.0467250347 0.0000020000
vt 2.0205430984 0.0397650003
vt 1.9005639553 0.0000100000
vt 1.8996950388 0.0397650003
vt 1.7543369532 0.0000050000
vt 1.6579979658 0.0397650003
vt 1.6081349850 0.0000020000
vt 1.4163010120 0.0397650003
vt 1.4619439840 0.0000000000
vt 1.1695619822 0.0000040000
vt 1.1746050119 0.0397650003
vt 0.9329079986 0.0397650003
vt 0.9329079986 0.0795289800
vt 0.6912119985 0.0795289800
vt 0.6912119985 0.1192940027
vt 0.4495150149 0.1192940027
vt 0.5989260077 0.1590580046
vt 0.2994219959 0.1590580046
vt 2.0778799057 0.1590580046
vt 2.0205430984 0.1192940027
vt 2.0205430984 0.0795289800
vt 1.9328839779 0.1590580046
vt 1.8996950388 0.1192940027
vt 1.8996950388 0.0795289800
vt 1.7873320580 0.1590580046
vt 1.6579979658 0.1192940027
vt 1.6579979658 0.0795289800
vt 1.6409649849 0.1590580046
vt 1.4938219786 0.1590580046
vt 1.4163010120 0.1192940027
vt 1.1972789764 0.1590580046
vt 1.1746050119 0.1192940027
vt 0.9329079986 0.1192940027
vt 1.1746050119 0.0795289800
vt 0.8984150290 0.1590580046
vt 0.2247570008 0.1192940027
vt 0.0000000000 0.1590580046
vt 0.0000000000 0.1048059985
vt 0.2247570008 0.0795289800
vt 0.0000000000 0.0542519614
vt 0.2247570008 0.0397650003
vt 0.0000000000 0.0000000000
vt 0.2923899889 0.0000000000
vt 0.4495150149 0.0397650003
vt 0.5847820044 0.0000020000
vt 0.6912119985 0.0397650003
vt 0.8771679997 0.0000060000
vt 1.4163010120 0.0795289800
vt 0.4495150149 0.0795289800
vt -0.0311299507 -0.1182869971
vt 0.0000000000 -0.0964309499
vt -0.0502649508 -0.1066289991
vt -0.0271709505 -0.0724449679
vt -0.0502649508 -0.0710859820
vt -0.0506169684 -0.0444789492
vt -0.1005309969 -0.0710859820
vt -0.1005309969 -0.0355429612
vt -0.1507959068 -0.0355429612
vt -0.0651009604 -0.0094259968
vt -0.1005309969 0.0000000000
vt -0.1507959068 0.0000000000
vt -0.0650799796 0.0299279597
vt -0.1005309969 0.0355429612
vt -0.1507959068 0.0355429612
vt -0.1067759022 0.0634219572
vt -0.1136220023 0.1554310024
vt -0.1507959068 0.0710859820
vt -0.0753979608 0.2000969946
vt -0.1005309969 0.1777150035
vt -0.1507959068 0.1421719939
vt -0.1005309969 0.2132579982
vt -0.1005309969 -0.2132579982
vt -0.0753979608 -0.2264190018
vt -0.0760399625 -0.1824019998
vt -0.1005309969 -0.1777150035
vt -0.0585749708 -0.1451960057
vt -0.1005309969 -0.1421719939
vt -0.1005309969 -0.1066289991
vt -0.1507959068 -0.1066289991
vt -0.1507959068 0.2132579982
vt -0.1507959068 -0.1421719939
vt -0.1507959068 -0.1777150035
vt -0.1507959068 -0.0710859820
vt 0.0291179996 0.0048149819
vt 0.0285639707 -0.0023639789
vt 0.0753979608 -0.0185859706
vt 0.0285639707 -0.0469229817
vt 0.0575359389 -0.0691189691
vt 0.0285639707 -0.0914819837
vt 0.0304780006 -0.1059089974
vt -0.0182699505 -0.0914819837
vt 0.0000000000 -0.1360410005
vt -0.0271439496 -0.1022009999
vt -0.0505759716 -0.0627569482
vt -0.0182699505 -0.0469229817
vt -0.0650739595 -0.0133269997
vt -0.0182699505 -0.0023639789
vt -0.0183289591 0.0215869509
vt -0.0651040003 0.0421949588
vt 2.3650040627 0.0000000000
vt 2.3403329849 0.0438369513
vt 2.2200889587 0.0000000000
vt 2.1888720989 0.0397650003
vt 2.0758080482 0.0000000000
vt 2.0127410889 0.0397650003
vt 1.9309450388 0.0000000000
vt 1.8366099596 0.0397650003
vt 1.7855440378 0.0000000000
vt 1.6604779959 0.0397650003
vt 1.6393200159 0.0000000000
vt 1.5086810589 0.0397650003
vt 1.4923210144 0.0000000000
vt 1.3568830490 0.0397650003
vt 1.1960660219 0.0000000000
vt 1.0532879829 0.0397650003
vt 0.8975030184 0.0000000000
vt 0.9014909863 0.0397650003
vt 0.7496939898 0.0397650003
vt 0.7496939898 0.0795289800
vt 0.5978959799 0.0795289800
vt 0.5978959799 0.1192940027
vt 0.4460990131 0.1192940027
vt 0.5631629825 0.1590580046
vt 0.2815800011 0.1590580046
vt 2.1888720989 0.0795289800
vt 2.3116500378 0.0814849734
vt 2.2814970016 0.1184120029
vt 2.1888720989 0.1192940027
vt 2.2515039444 0.1590580046
vt 2.1108059883 0.1590570062
vt 2.0127410889 0.1192940027
vt 1.9706419706 0.1590539962
vt 1.8366099596 0.1192940027
vt 1.8301589489 0.1590459049
vt 1.6894750595 0.1590519994
vt 1.6604779959 0.1192940027
vt 1.5486929417 0.1590549052
vt 1.5086810589 0.1192940027
vt 1.4078849554 0.1590570062
vt 1.3568830490 0.1192940027
vt 1.1263220310 0.1590580046
vt 1.0532879829 0.1192940027
vt 0.8447350264 0.1590390056
vt 0.9014909863 0.1192940027
vt 0.7496939898 0.1192940027
vt 0.9014909863 0.0795289800
vt 0.2230489999 0.1192940027
vt 0.0000000000 0.1590469927
vt 0.0000000000 0.1048059985
vt 0.2230489999 0.0795289800
vt 0.0000000000 0.0542519614
vt 0.2230489999 0.0397650003
vt 0.0000000000 0.0000000000
vt 0.2991180122 0.0000000000
vt 0.4460990131 0.0397650003
vt 0.5983160138 0.0000000000
vt 0.5978959799 0.0397650003
vt 2.0127410889 0.0795289800
vt 1.8366099596 0.0795289800
vt 1.6604779959 0.0795289800
vt 1.5086810589 0.0795289800
vt 1.3568830490 0.0795289800
vt 1.0532879829 0.0795289800
vt 0.4460990131 0.0795289800
vt 0.0005590000 0.1507959068
vt -0.0005500000 0.1507959068
vt 0.0005620000 0.1005309969
vt -0.0005540000 0.1005309969
vt 0.0005620000 0.0502649508
vt -0.0005580000 0.0502659604
vt 0.0005610000 0.0000000000
vt -0.0005610000 0.0000000000
vt 23.1941795349 0.1772799939
vt 22.8854408264 0.1772840023
vt 23.1910896301 0.1329549998
vt 22.8854408264 0.1306100041
vt 23.1910896301 0.0886420012
vt 22.8854408264 0.0886420012
vt 22.8854408264 0.0466739498
vt 23.1910896301 0.0443129502
vt 22.8854408264 0.0000000000
vt 23.1941795349 0.0000200000
vt 23.4967403412 0.0443129502
vt 23.5029296875 0.0000370000
vt 23.8085899353 0.0443129502
vt 23.8116798401 0.0000210000
vt 24.1204299927 0.0000000000
vt 24.1204299927 0.0462549888
vt 23.8085899353 0.0886420012
vt 23.4967403412 0.0886420012
vt 23.4967403412 0.1329549998
vt 24.1204299927 0.0886420012
vt 24.1204299927 0.1310289949
vt 23.8085899353 0.1329549998
vt 24.1204299927 0.1772840023
vt 23.8116798401 0.1772810072
vt 23.5029296875 0.1772779971
vt 23.1485195160 0.1354019940
vt 22.8401794434 0.1354019940
vt 23.0728206635 0.1277209967
vt 22.8401794434 0.0902670026
vt 23.0728206635 0.0851469636
vt 22.8401794434 0.0451349616
vt 23.0728206635 0.0425729714
vt 22.8401794434 0.0000000000
vt 23.1485195160 0.0000000000
vt 23.3054599762 0.0425729714
vt 23.4568500519 0.0000000000
vt 23.4810791016 0.0425729714
vt 23.6566905975 0.0425729714
vt 23.4810791016 0.0851469636
vt 23.6566905975 0.0851469636
vt 23.4810791016 0.1277209967
vt 23.6566905975 0.1277209967
vt 23.4568595886 0.1354019940
vt 23.7651996613 0.1354030073
vt 23.8323001862 0.1277209967
vt 24.0735397339 0.1353839934
vt 24.0079193115 0.1277209967
vt 24.0735206604 0.0902580023
vt 24.0079193115 0.0851469636
vt 24.0735206604 0.0451279804
vt 24.0079193115 0.0425729714
vt 24.0735206604 -0.0000020000
vt 23.8323001862 0.0425729714
vt 23.7651901245 0.0000000000
vt 23.3054599762 0.1277209967
vt 23.3054599762 0.0851469636
vt 23.8323001862 0.0851469636
vt 0.0000000000 -0.1555988938
vt -0.0276329499 -0.1836650074
vt 0.0123149697 -0.1708198935
vt -0.0014039869 -0.1950370073
vt 0.0243009906 -0.1865459979
vt 0.0355929695 -0.2032900006
vt -0.0038189881 -0.2344859987
vt -0.0525310002 -0.2167208940
vt -0.0384009406 -0.2344789952
vt -0.0704450011 -0.2600460052
vt -0.0427999385 -0.2667550147
vt -0.0753979608 -0.3133490086
vt 0.0243219696 -0.1709149927
vt 0.0356269404 -0.1863179952
vt 0.0440199897 -0.1439110041
vt 0.0701819584 -0.1473460048
vt 0.0440199897 -0.1015039980
vt 0.0880389810 -0.0841199681
vt 0.0611909591 -0.0712519810
vt 0.0754140019 -0.0166909602
vt 0.0331670009 -0.1109680012
vt 0.0000000000 -0.1424620003
vt 0.0123269502 -0.1564559042
vt 2.2905340195 0.0000000000
vt 2.2986490726 0.0000000000
vt 2.2945909500 0.0024939771
vt 2.2986490726 0.0198159795
vt 2.2945909500 0.0423919484
vt 2.2986490726 0.0396359488
vt 2.2986490726 0.0594519898
vt 2.2905340195 0.0594909713
vt 2.2905340195 0.0396559797
vt 2.2905340195 0.0198259894
vt 0.0000000000 0.0079999557
vt 0.0000000000 0.0000000000
vt 0.2946839929 0.0079999557
vt 0.2949370146 0.0000000000
vt 0.5891789794 0.0079999557
vt 0.5896859765 0.0000000000
vt 0.8834270239 0.0079999557
vt 0.8841919899 0.0000000000
vt 1.1750969887 0.0079999557
vt 1.1761310101 0.0000000000
vt 1.4687780142 0.0079999557
vt 1.4700640440 0.0000000000
vt 1.6193699837 0.0079999557
vt 1.6207300425 0.0000000000
vt 1.7647949457 0.0079999557
vt 1.7663220167 0.0000000000
vt 1.9142769575 0.0079999557
vt 1.9158799648 0.0000000000
vt 2.0591650009 0.0079999557
vt 2.0609428883 0.0000000000
vt 2.2081439495 0.0079999557
vt 2.2101590633 0.0000000000
vt 2.3565359116 0.0079999557
vt 2.3585770130 0.0000000000
vt -1.5673179626 0.0079999557
vt -1.5648770332 0.0000000000
vt -1.1774870157 0.0079999557
vt -1.1756459475 0.0000000000
vt -0.7864969969 0.0079999557
vt -0.7852659822 0.0000000000
vt -0.3955749869 0.0079999557
vt -0.3949599862 0.0000000000
vt -0.0056079621 0.0079999557
vt -0.0056079621 0.0000000000
vt 0.4380660057 1.9514349699
vt 0.3711760044 1.9850920439
vt 0.4109950066 1.9573149681
vt 0.3838450015 1.9628200531
vt 0.3566220105 1.9679479599
vt 2.6162779331 0.0836049914
vt 2.6387670040 0.0004990000
vt 2.6387670040 0.0836049914
vt 0.2000000030 -1.3629230261
vt 0.1168930009 -1.3629230261
vt 0.2000000030 -1.3906259537
vt 0.2000000030 -1.4183280468
vt 0.2000000030 -1.4460309744
vt -1.8168369532 0.0000000000
vt -1.8230880499 0.0244619809
vt -1.8360409737 0.0000000000
vt -1.8294889927 0.0488860011
vt -1.8360409737 0.0732690021
vt 0.0000000000 -3.4653739929
vt 0.0732690021 -3.4653739929
vt 0.0000000000 -3.4405360222
vt 0.0000000000 -3.4156980515
vt 0.0000000000 -3.3908610344
vt -1.8853080273 0.6675429940
vt -1.8768730164 0.6909040213
vt -1.9013619423 0.6780809760
vt -1.8681479692 0.7141590118
vt -1.8591350317 0.7373030186
vt 0.0000000000 0.0079999557
vt 0.0000000000 0.0000000000
vt 0.2946839929 0.0079999557
vt 0.2949370146 0.0000000000
vt 0.5891789794 0.0079999557
vt 0.5896859765 0.0000000000
vt 0.8834270239 0.0079999557
vt 0.8841919899 0.0000000000
vt 1.1750969887 0.0079999557
vt 1.1761310101 0.0000000000
vt 1.4687780142 0.0079999557
vt 1.4700640440 0.0000000000
vt 1.6193699837 0.0079999557
vt 1.6207300425 0.0000000000
vt 1.7647949457 0.0079999557
vt 1.7663220167 0.0000000000
vt 1.9142769575 0.0079999557
vt 1.9158799648 0.0000000000
vt 2.0591650009 0.0079999557
vt 2.0609428883 0.0000000000
vt 2.2081439495 0.0079999557
vt 2.2101590633 0.0000000000
vt 2.3565359116 0.0079999557
vt 2.3585770130 0.0000000000
vt -1.5673179626 0.0079999557
vt -1.5648770332 0.0000000000
vt -1.1775890589 0.0079999557
vt -1.1756459475 0.0000000000
vt -0.7866449952 0.0079999557
vt -0.7852659822 0.0000000000
vt -0.3956199884 0.0079999557
vt -0.3949599862 0.0000000000
vt -0.0056079621 0.0079999557
vt -0.0056079621 0.0000000000
vt -1.9999109507 -0.0189029500
vt -2.0174129009 -0.0917089507
vt -1.9994570017 -0.0466009900
vt -1.9986200333 -0.0742909908
vt -1.9973989725 -0.1019660011
vt 2.6162779331 0.0836049914
vt 2.6387670040 0.0004990000
vt 2.6387670040 0.0836049914
vt 0.2000000030 3.3698749542
vt 0.1168930009 3.3698749542
vt 0.2000000030 3.3421730995
vt 0.2000000030 3.3144700527
vt 0.2000000030 3.2867679596
vt -1.8168369532 0.0000000000
vt -1.8230880499 0.0244619809
vt -1.8360409737 0.0000000000
vt -1.8294889927 0.0488860011
vt -1.8360409737 0.0732690021
vt 0.0000000000 1.2674249411
vt 0.0732690021 1.2674249411
vt 0.0000000000 1.2922630310
vt 0.0000000000 1.3171000481
vt 0.0000000000 1.3419380188
vt 1.0802340508 1.6831799746
vt 1.1010539532 1.6696350574
vt 1.0941580534 1.6964050531
vt 1.1217030287 1.6558330059
vt 1.1421790123 1.6417750120
vt -1.0468959808 -3.3114309311
vt -1.0405789614 -3.3059849739
vt -1.2549649477 -3.0868279934
vt -1.2486790419 -3.0814509392
vt -1.4666810036 -2.8622241020
vt -1.4604070187 -2.8569169044
vt -1.6813089848 -2.6376209259
vt -1.6750279665 -2.6323840618
vt -1.8981029987 -2.4130170345
vt -1.8917969465 -2.4078500271
vt -1.0468959808 -11.2910804749
vt -1.0405789614 -11.2856302261
vt -1.2549649477 -11.0664701462
vt -1.2486790419 -11.0611000061
vt -1.4666810036 -10.8418703079
vt -1.4604070187 -10.8365602493
vt -1.6813089848 -10.6172704697
vt -1.6750279665 -10.6120300293
vt -1.8981029987 -10.3926601410
vt -1.8917969465 -10.3874902725
vt -1.5089780092 0.1628199965
vt -1.5172239542 0.1628199965
vt -1.5131020546 0.1221150011
vt -1.5172239542 0.1204359978
vt -1.5131020546 0.0814099908
vt -1.5172239542 0.0814099908
vt -1.5172239542 0.0423839614
vt -1.5131020546 0.0407049581
vt -1.5172239542 0.0000000000
vt -1.5089780092 0.0000000000
vt -1.5089780092 0.0423889682
vt -1.5089780092 0.0814099908
vt -1.5089780092 0.1204309985
vt -0.1706440002 0.1864358932
vt -0.2118200064 0.1864430010
vt -0.1900459975 0.1398320049
vt -0.2118200064 0.1379040033
vt -0.1900459975 0.0932210013
vt -0.2118200064 0.0932210013
vt -0.1900459975 0.0699160025
vt -0.2118200064 0.0485389791
vt -0.1900459975 0.0466109514
vt -0.1900459975 0.0233049896
vt -0.1464989930 0.0233049896
vt -0.1685779989 0.0000030000
vt -0.1248209998 0.0000040000
vt -0.2118200064 0.0000000000
vt -0.1029509977 0.0233049896
vt -0.1028560027 0.0000040000
vt -0.0809620023 0.0000020000
vt -0.0702899620 0.0233049896
vt -0.0376289412 0.0000000000
vt -0.0376289412 0.0489819609
vt -0.0376289412 0.0932210013
vt -0.0702899620 0.0699160025
vt -0.0702899620 0.0466109514
vt -0.1029509977 0.0466109514
vt -0.1464989930 0.0466109514
vt -0.0702899620 0.0932210013
vt -0.0376289412 0.1374599040
vt -0.0702899620 0.1398320049
vt -0.0376299582 0.1864420027
vt -0.0825169608 0.1864358932
vt -0.1275260001 0.1864340007
vt -0.1029509977 0.1398320049
vt -0.1029509977 0.0932210013
vt -0.1029509977 0.0699160025
vt -0.1464989930 0.0699160025
vt -0.1464989930 0.1398320049
vt -0.1464989930 0.0932210013
vt -0.2627780139 0.0459709689
vt -0.2627780139 0.0000000000
vt -0.2358690053 0.0169789698
vt -0.2084390074 0.0000000000
vt -0.2022320032 0.0169789698
vt -0.1549530029 0.0000000000
vt -0.1685950011 0.0169789698
vt -0.1349579990 0.0169789698
vt -0.1685950011 0.0339579508
vt -0.1349579990 0.0339579508
vt -0.1685950011 0.0679169819
vt -0.1349579990 0.0679169819
vt -0.1685950011 0.1018749997
vt -0.1349579990 0.1018749997
vt -0.1509400010 0.1358319968
vt -0.1013220027 0.1018749997
vt -0.0987029597 0.1358308941
vt -0.0475029908 0.1004749984
vt -0.0475029908 0.1358339936
vt -0.1015100032 0.0000000000
vt -0.1013220027 0.0169789698
vt -0.1013220027 0.0339579508
vt -0.1013220027 0.0679169819
vt -0.0475029908 0.0000000000
vt -0.0475029908 0.0353589617
vt -0.0475029908 0.0679169819
vt -0.2056230009 0.1358290017
vt -0.2022320032 0.1018749997
vt -0.2022320032 0.0679169819
vt -0.2022320032 0.0339579508
vt -0.2358690053 0.1018749997
vt -0.2627780139 0.1358339936
vt -0.2627780139 0.0898630023
vt -0.2358690053 0.0679169819
vt -0.2358690053 0.0339579508
vt -12.8594503403 0.0437689982
vt -13.0316295624 0.0416499898
vt -12.8594503403 0.0000000000
vt -13.2313404083 0.0416499898
vt -13.1452598572 0.0000000000
vt -13.4310598373 0.0416499898
vt -13.4310598373 0.0000000000
vt -13.6032400131 0.0416499898
vt -13.8029499054 0.0416499898
vt -13.8029499054 0.0832999870
vt -14.0026702881 0.0567059517
vt -14.0026702881 0.1098930016
vt -13.8029499054 0.1249490008
vt -14.0026702881 0.1665990055
vt -13.7168598175 0.1665990055
vt -13.6032400131 0.1249490008
vt -13.4310598373 0.1249490008
vt -13.4310598373 0.0832999870
vt -13.2313404083 0.0832999870
vt -13.0316295624 0.0832999870
vt -12.8594503403 0.0832999870
vt -12.8594503403 0.1228300035
vt -13.0316295624 0.1249490008
vt -12.8594503403 0.1665990055
vt -13.1452598572 0.1665990055
vt -13.2313404083 0.1249490008
vt -13.4310598373 0.1665990055
vt -14.0026702881 0.0000000000
vt -13.7168598175 0.0000000000
vt -13.6032400131 0.0832999870
vt 3.1210520267 0.0000000000
vt 3.5131909847 0.0000000000
vt 3.2437999249 0.0397650003
vt 3.4935441017 0.0383799598
vt 3.4792869091 0.0761829615
vt 3.2437999249 0.0795289800
vt 3.4747390747 0.1160420030
vt 3.2437999249 0.1192940027
vt 3.4809980392 0.1590580046
vt 3.0968821049 0.1590580046
vt 2.9744091034 0.1192940027
vt 2.7128551006 0.1590570062
vt 2.7336950302 0.1192940027
vt 2.4595990181 0.1192940027
vt 2.7336950302 0.0795289800
vt 2.4595990181 0.0795289800
vt 2.7336950302 0.0397650003
vt 2.4595990181 0.0397650003
vt 2.7289650440 0.0000000000
vt 2.3368749619 0.0000000000
vt 2.1855020523 0.0397650003
vt 1.9447879791 0.0000000000
vt 1.9447879791 0.0542519614
vt 2.1855020523 0.0795289800
vt 1.9447879791 0.1048059985
vt 2.1855020523 0.1192940027
vt 1.9447879791 0.1590580046
vt 2.3288400173 0.1590580046
vt 2.9744091034 0.0397650003
vt 2.9744091034 0.0795289800
vt -0.0539999604 0.2846570015
vt -0.0460000001 0.2846570015
vt -0.0539999604 0.2883979976
vt -0.0460000001 0.2883979976
vt -0.0539999604 0.2921380103
vt -0.0460000001 0.2921380103
vt -0.0539999604 0.2958790064
vt -0.0460000001 0.2958790064
vt 3.1429419518 0.0000000000
vt 3.5517749786 0.0000000000
vt 3.2708570957 0.0397650003
vt 3.5449490547 0.0446589515
vt 3.2708570957 0.0795289800
vt 3.5298900604 0.0835759565
vt 3.2708570957 0.1192940027
vt 3.5096180439 0.1203460023
vt 3.4875690937 0.1590580046
vt 3.0948219299 0.1590580046
vt 2.9899389744 0.1192940027
vt 2.9899389744 0.0795289800
vt 2.9899389744 0.0397650003
vt 2.7342040539 0.0000000000
vt 2.7391390800 0.0397650003
vt 2.4533159733 0.0397650003
vt 2.4533159733 0.0795289800
vt 2.1674919128 0.0795289800
vt 2.1674919128 0.1192940027
vt 1.9166920185 0.1048059985
vt 1.9166920185 0.1590580046
vt 2.3093938828 0.1590580046
vt 2.4533159733 0.1192940027
vt 2.7020950317 0.1590580046
vt 2.7391390800 0.1192940027
vt 1.9166920185 0.0542519614
vt 2.1674919128 0.0397650003
vt 2.3254740238 0.0000000000
vt 1.9166920185 0.0000000000
vt 2.7391390800 0.0795289800
vt -12.5484600067 0.0000090000
vt -12.3200502396 0.0000000000
vt -12.5398502350 0.0346989594
vt -12.3200502396 0.0469779894
vt -12.5398502350 0.0693979785
vt -12.3200502396 0.0918309614
vt -12.5398502350 0.1041029990
vt -12.3200502396 0.1388079971
vt -12.5484600067 0.1388079971
vt -12.7768602371 0.1388079971
vt -12.7596397400 0.1041029990
vt -12.7596397400 0.0693979785
vt -12.7596397400 0.0346989594
vt -12.7768602371 0.0000110000
vt -12.9966697693 0.0346989594
vt -13.0052795410 0.0000040000
vt -13.2336902618 0.0000000000
vt -13.2336902618 0.0472469889
vt -12.9966697693 0.0693979785
vt -13.2336902618 0.0915609524
vt -12.9966697693 0.1041029990
vt -13.2336902618 0.1388079971
vt -13.0052795410 0.1388079971
vt -14.0539503098 0.0000000000
vt -13.8684902191 0.0000000000
vt -14.0550498962 0.0352649614
vt -13.8684902191 0.0480119511
vt -14.0550498962 0.0705299899
vt -13.8684902191 0.0930439830
vt -14.0550498962 0.1057929024
vt -13.8684902191 0.1410560012
vt -14.0539503098 0.1410540044
vt -14.2394104004 0.1410509050
vt -14.2416000366 0.1057929024
vt -14.2416000366 0.0705299899
vt -14.2416000366 0.0352649614
vt -14.2394104004 0.0000000000
vt -14.4259595871 0.0352649614
vt -14.4248695374 0.0000000000
vt -14.6103296280 0.0000000000
vt -14.6103296280 0.0477849804
vt -14.4259595871 0.0705299899
vt -14.6103296280 0.0932699963
vt -14.4259595871 0.1057929024
vt -14.6103296280 0.1410560012
vt -14.4248695374 0.1410519928
vt -0.0663719699 -0.0985499620
vt -0.0648379922 -0.0958809778
vt -0.1087770015 -0.0701799914
vt -0.0632069707 -0.0932819769
vt -0.0614869483 -0.0907519981
vt -0.1015100032 -0.0616009794
vt -0.1149709970 0.0127289798
vt -0.1100260019 0.0085849762
vt -0.0753979608 0.0496899411
vt 0.0753979608 -0.2194319069
vt 0.0306199696 -0.1920689046
vt 0.0286039691 -0.1975560039
vt -0.0191949606 -0.1818400025
vt -0.0158129893 -0.1725859940
vt -0.0663719699 -0.1622900069
vt -0.0614869483 -0.1494480073
vt -0.0632069707 -0.1536139995
vt -0.0648379922 -0.1578949988
vt -13.6637697220 0.0000010000
vt -13.4323101044 0.0000000000
vt -13.6588697433 0.0409069583
vt -13.4323101044 0.0556969605
vt -13.6588697433 0.0818149969
vt -13.4323101044 0.1079349965
vt -13.6588697433 0.1227238998
vt -13.4323101044 0.1636320055
vt -13.6637697220 0.1636320055
vt -13.8952198029 0.1636320055
vt -13.8854303360 0.1227238998
vt -13.8854303360 0.0818159506
vt -13.8854303360 0.0409069583
vt -14.1217803955 0.0409069583
vt -13.8952198029 -0.0000020000
vt -14.1266698837 -0.0000020000
vt -14.3581199646 0.0000000000
vt -14.3581199646 0.0428659916
vt -14.1217803955 0.0818159506
vt -14.3581199646 0.0818159506
vt -14.3581199646 0.1207659990
vt -14.1217803955 0.1227238998
vt -14.3581199646 0.1636320055
vt -14.1266698837 0.1636320055
vt -2.4964060783 0.1173539981
vt -2.5045619011 0.1173539981
vt -2.5004849434 0.0880159736
vt -2.5045619011 0.0777219534
vt -2.5004849434 0.0586769506
vt -2.5045619011 0.0396329686
vt -2.5004849434 0.0293389503
vt -2.5045619011 0.0000000000
vt -2.4964060783 0.0000000000
vt -2.4964060783 0.0396329686
vt -2.4964060783 0.0777209923
vt -0.3718760014 0.0363899395
vt -0.3718760014 0.0000000000
vt -0.3443610072 0.0134269502
vt -0.3164770007 0.0000010000
vt -0.3099679947 0.0134269502
vt -0.2755750120 0.0134269502
vt -0.3099679947 0.0268549901
vt -0.2755750120 0.0268549901
vt -0.3099679947 0.0537099801
vt -0.2755750120 0.0537099801
vt -0.3099679947 0.0805639625
vt -0.2755750120 0.0805639625
vt -0.3217869997 0.1074180007
vt -0.2664859891 0.1074159965
vt -0.2411810011 0.0805639625
vt -0.2372300029 0.1074149981
vt -0.2067880034 0.0805639625
vt -0.2077530026 0.1074149981
vt -0.1792729944 0.0805639625
vt -0.1517580003 0.1074189991
vt -0.1517580003 0.0711419508
vt -0.1792729944 0.0537099801
vt -0.1517580003 0.0362769887
vt -0.1792729944 0.0268549901
vt -0.1792729944 0.0134269502
vt -0.2067880034 0.0268549901
vt -0.2067880034 0.0134269502
vt -0.2411810011 0.0268549901
vt -0.2411810011 0.0134269502
vt -0.2618159950 0.0000040000
vt -0.2345519960 0.0000010000
vt -0.2071709931 0.0000030000
vt -0.1795949042 0.0000010000
vt -0.1517580003 0.0000000000
vt -0.3443610072 0.0805639625
vt -0.3718760014 0.1074189991
vt -0.3718760014 0.0710290000
vt -0.3443610072 0.0537099801
vt -0.3443610072 0.0268549901
vt -0.2067880034 0.0537099801
vt -0.2411810011 0.0537099801
vt 0.4032770097 0.0000000000
vt 0.4389609993 0.0000000000
vt 0.3851439953 0.0397650003
vt 0.4389609993 0.0542519614
vt 0.3851439953 0.0795289800
vt 0.4389609993 0.1048059985
vt 0.3851439953 0.1192940027
vt 0.4032700062 0.1590580046
vt 0.3675799966 0.1590570062
vt 0.4389609993 0.1590580046
vt 0.3318969905 0.1590580046
vt 0.3318969905 0.1048059985
vt 0.3318969905 0.0542519614
vt 0.3675880134 0.0000000000
vt 0.3318969905 0.0000000000
vt 2.3309059143 0.0000000000
vt 2.3392169476 0.0000000000
vt 2.3350610733 0.0462269709
vt 2.3392169476 0.0486319587
vt 2.3350610733 0.0924539492
vt 2.3392169476 0.0924539492
vt 2.3392169476 0.1362749040
vt 2.3350610733 0.1386809051
vt 2.3392169476 0.1849070042
vt 2.3309059143 0.1849070042
vt 2.3309059143 0.1362700015
vt 2.3309059143 0.0924539492
vt 2.3309059143 0.0486369692
vt 0.6891509891 0.0000000000
vt 0.7241830230 0.0000000000
vt 0.6713590026 0.0397650003
vt 0.7241830230 0.0542519614
vt 0.6713590026 0.0795289800
vt 0.7241830230 0.1048059985
vt 0.6713590026 0.1192940027
vt 0.6891589761 0.1590580046
vt 0.6541299820 0.1590580046
vt 0.7241830230 0.1590580046
vt 0.6190969944 0.1590580046
vt 0.6190969944 0.1048059985
vt 0.6190969944 0.0542519614
vt 0.6190969944 0.0000000000
vt 0.6541219950 0.0000010000
vt -0.2715590000 0.0494859815
vt -0.2715590000 0.0000000000
vt -0.2436199933 0.0183159709
vt -0.2158180028 0.0000000000
vt -0.2086980045 0.0183159709
vt -0.1737750024 0.0183159709
vt -0.2086980045 0.0366320014
vt -0.1737750024 0.0366320014
vt -0.2086980045 0.0732640028
vt -0.1737750024 0.0732640028
vt -0.2086980045 0.1098970026
vt -0.1737750024 0.1098970026
vt -0.2132319957 0.1465280056
vt -0.1576880068 0.1465290040
vt -0.1388529986 0.1098970026
vt -0.1039298996 0.1098970026
vt -0.1039298996 0.0732640028
vt -0.0480539687 0.1081430018
vt -0.0480539687 0.0732640028
vt -0.0480539687 0.0383859798
vt -0.1039298996 0.0366320014
vt -0.1039298996 0.0183159709
vt -0.1388529986 0.0366320014
vt -0.1388529986 0.0183159709
vt -0.1596159041 0.0000000000
vt -0.1034960002 0.0000000000
vt -0.0480539687 0.0000000000
vt -0.0480539687 0.1465290040
vt -0.1030749977 0.1465270072
vt -0.2436199933 0.1098970026
vt -0.2715590000 0.1465290040
vt -0.2715590000 0.0970429704
vt -0.2436199933 0.0732640028
vt -0.2436199933 0.0366320014
vt -0.1388529986 0.0732640028
vt 2.1929159164 0.0000020000
vt 2.3397879601 0.0000000000
vt 2.2622399330 0.0397650003
vt 2.3648800850 0.0363979898
vt 2.3807730675 0.0750919506
vt 2.2622399330 0.0795289800
vt 2.3830881119 0.0956739709
vt 2.2622399330 0.1192940027
vt 2.3811380863 0.1167429984
vt 2.3673729897 0.1590580046
vt 2.2223761082 0.1590580046
vt 2.1413910389 0.1192940027
vt 2.1413910389 0.0795289800
vt 2.1413910389 0.0397650003
vt 2.0467250347 0.0000020000
vt 2.0205430984 0.0397650003
vt 1.9005639553 0.0000100000
vt 1.8996950388 0.0397650003
vt 1.7543369532 0.0000050000
vt 1.6579979658 0.0397650003
vt 1.6081349850 0.0000020000
vt 1.4163010120 0.0397650003
vt 1.4619439840 0.0000000000
vt 1.1695619822 0.0000040000
vt 1.1746050119 0.0397650003
vt 0.9329079986 0.0397650003
vt 0.9329079986 0.0795289800
vt 0.6912119985 0.0795289800
vt 0.6912119985 0.1192940027
vt 0.4495150149 0.1192940027
vt 0.5989260077 0.1590580046
vt 0.2994219959 0.1590580046
vt 2.0778799057 0.1590580046
vt 2.0205430984 0.1192940027
vt 2.0205430984 0.0795289800
vt 1.9328839779 0.1590580046
vt 1.8996950388 0.1192940027
vt 1.8996950388 0.0795289800
vt 1.7873320580 0.1590580046
vt 1.6579979658 0.1192940027
vt 1.6579979658 0.0795289800
vt 1.6409649849 0.1590580046
vt 1.4938219786 0.1590580046
vt 1.4163010120 0.1192940027
vt 1.1972789764 0.1590580046
vt 1.1746050119 0.1192940027
vt 0.9329079986 0.1192940027
vt 1.1746050119 0.0795289800
vt 0.8984150290 0.1590580046
vt 0.2247570008 0.1192940027
vt 0.0000000000 0.1590580046
vt 0.0000000000 0.1048059985
vt 0.2247570008 0.0795289800
vt 0.0000000000 0.0542519614
vt 0.2247570008 0.0397650003
vt 0.0000000000 0.0000000000
vt 0.2923899889 0.0000000000
vt 0.4495150149 0.0397650003
vt 0.5847820044 0.0000020000
vt 0.6912119985 0.0397650003
vt 0.8771679997 0.0000060000
vt 1.4163010120 0.0795289800
vt 0.4495150149 0.0795289800
vt -0.0311299507 0.1660580039
vt 0.0000000000 0.1879139990
vt -0.0502649508 0.1777150035
vt -0.0271709505 0.2118989974
vt -0.0502649508 0.2132579982
vt -0.0502649508 -0.2132579982
vt -0.0271709505 -0.2146169990
vt -0.0506169684 -0.1866510063
vt -0.1005309969 -0.2132579982
vt -0.1005309969 -0.1777150035
vt -0.1507959068 -0.1777150035
vt -0.0651009604 -0.1515990049
vt -0.1005309969 -0.1421719939
vt -0.1507959068 -0.1421719939
vt -0.0650799796 -0.1122440025
vt -0.1005309969 -0.1066289991
vt -0.1507959068 -0.1066289991
vt -0.1067759022 -0.0787509605
vt -0.1136220023 0.0132589899
vt -0.1507959068 -0.0710859820
vt -0.0753979608 0.0579249784
vt -0.1005309969 0.0355429612
vt -0.1507959068 0.0000000000
vt -0.1005309969 0.0710859820
vt -0.0760399625 0.1019420028
vt -0.1005309969 0.1066289991
vt -0.0585749708 0.1391489953
vt -0.1005309969 0.1421719939
vt -0.1005309969 0.1777150035
vt -0.1507959068 0.1777150035
vt -0.1005309969 0.2132579982
vt -0.1507959068 0.2132579982
vt -0.1507959068 0.1421719939
vt -0.1507959068 0.1066289991
vt -0.1507959068 0.0710859820
vt 0.0291179996 -0.1959580034
vt 0.0285639707 -0.2031369954
vt 0.0753979608 -0.2193589956
vt 0.0285639707 -0.2476959974
vt 0.0575359389 -0.2698920071
vt 0.0285639707 -0.2922550142
vt 0.0304780006 -0.3066819906
vt -0.0182699505 -0.2922550142
vt 0.0000000000 -0.3368139863
vt -0.0271439496 -0.3029739857
vt -0.0505759716 -0.2635299861
vt -0.0182699505 -0.2476959974
vt -0.0650739595 -0.2141000032
vt -0.0182699505 -0.2031369954
vt -0.0183289591 -0.1791860014
vt -0.0651040003 -0.1585779935
vt 2.3650040627 0.0000000000
vt 2.3403329849 0.0438369513
vt 2.2200889587 0.0000000000
vt 2.1888720989 0.0397650003
vt 2.0758080482 0.0000000000
vt 2.0127410889 0.0397650003
vt 1.9309450388 0.0000000000
vt 1.8366099596 0.0397650003
vt 1.7855440378 0.0000000000
vt 1.6604779959 0.0397650003
vt 1.6393200159 0.0000000000
vt 1.5086810589 0.0397650003
vt 1.4923210144 0.0000000000
vt 1.3568830490 0.0397650003
vt 1.1960660219 0.0000000000
vt 1.0532879829 0.0397650003
vt 0.8975030184 0.0000000000
vt 0.9014909863 0.0397650003
vt 0.7496939898 0.0397650003
vt 0.7496939898 0.0795289800
vt 0.5978959799 0.0795289800
vt 0.5978959799 0.1192940027
vt 0.4460990131 0.1192940027
vt 0.5631629825 0.1590580046
vt 0.2815800011 0.1590580046
vt 2.1888720989 0.0795289800
vt 2.3116500378 0.0814849734
vt 2.2814970016 0.1184120029
vt 2.1888720989 0.1192940027
vt 2.2515039444 0.1590580046
vt 2.1108059883 0.1590570062
vt 2.0127410889 0.1192940027
vt 1.9706419706 0.1590539962
vt 1.8366099596 0.1192940027
vt 1.8301589489 0.1590459049
vt 1.6894750595 0.1590519994
vt 1.6604779959 0.1192940027
vt 1.5486929417 0.1590549052
vt 1.5086810589 0.1192940027
vt 1.4078849554 0.1590570062
vt 1.3568830490 0.1192940027
vt 1.1263220310 0.1590580046
vt 1.0532879829 0.1192940027
vt 0.8447350264 0.1590390056
vt 0.9014909863 0.1192940027
vt 0.7496939898 0.1192940027
vt 0.9014909863 0.0795289800
vt 0.2230489999 0.1192940027
vt 0.0000000000 0.1590469927
vt 0.0000000000 0.1048059985
vt 0.2230489999 0.0795289800
vt 0.0000000000 0.0542519614
vt 0.2230489999 0.0397650003
vt 0.0000000000 0.0000000000
vt 0.2991180122 0.0000000000
vt 0.4460990131 0.0397650003
vt 0.5983160138 0.0000000000
vt 0.5978959799 0.0397650003
vt 2.0127410889 0.0795289800
vt 1.8366099596 0.0795289800
vt 1.6604779959 0.0795289800
vt 1.5086810589 0.0795289800
vt 1.3568830490 0.0795289800
vt 1.0532879829 0.0795289800
vt 0.4460990131 0.0795289800
vt 0.0005590000 0.1507959068
vt -0.0005500000 0.1507959068
vt 0.0005620000 0.1005309969
vt -0.0005540000 0.1005309969
vt 0.0005620000 0.0502649508
vt -0.0005580000 0.0502659604
vt 0.0005610000 0.0000000000
vt -0.0005610000 0.0000000000
vt 23.1941795349 0.1772799939
vt 22.8854408264 0.1772840023
vt 23.1910896301 0.1329549998
vt 22.8854408264 0.1306100041
vt 23.1910896301 0.0886420012
vt 22.8854408264 0.0886420012
vt 22.8854408264 0.0466739498
vt 23.1910896301 0.0443129502
vt 22.8854408264 0.0000000000
vt 23.1941795349 0.0000200000
vt 23.4967403412 0.0443129502
vt 23.5029296875 0.0000370000
vt 23.8085899353 0.0443129502
vt 23.8116798401 0.0000210000
vt 24.1204299927 0.0000000000
vt 24.1204299927 0.0462549888
vt 23.8085899353 0.0886420012
vt 23.4967403412 0.0886420012
vt 23.4967403412 0.1329549998
vt 24.1204299927 0.0886420012
vt 24.1204299927 0.1310289949
vt 23.8085899353 0.1329549998
vt 24.1204299927 0.1772840023
vt 23.8116798401 0.1772810072
vt 23.5029296875 0.1772779971
vt 23.1485195160 0.1354019940
vt 22.8401794434 0.1354019940
vt 23.0728206635 0.1277209967
vt 22.8401794434 0.0902670026
vt 23.0728206635 0.0851469636
vt 22.8401794434 0.0451349616
vt 23.0728206635 0.0425729714
vt 22.8401794434 0.0000000000
vt 23.1485195160 0.0000000000
vt 23.3054599762 0.0425729714
vt 23.4568500519 0.0000000000
vt 23.4810791016 0.0425729714
vt 23.6566905975 0.0425729714
vt 23.4810791016 0.0851469636
vt 23.6566905975 0.0851469636
vt 23.4810791016 0.1277209967
vt 23.6566905975 0.1277209967
vt 23.4568595886 0.1354019940
vt 23.7651996613 0.1354030073
vt 23.8323001862 0.1277209967
vt 24.0735397339 0.1353839934
vt 24.0079193115 0.1277209967
vt 24.0735206604 0.0902580023
vt 24.0079193115 0.0851469636
vt 24.0735206604 0.0451279804
vt 24.0079193115 0.0425729714
vt 24.0735206604 -0.0000020000
vt 23.8323001862 0.0425729714
vt 23.7651901245 0.0000000000
vt 23.3054599762 0.1277209967
vt 23.3054599762 0.0851469636
vt 23.8323001862 0.0851469636
vt 0.0000000000 0.2379139960
vt -0.0276329499 0.2098480016
vt 0.0123149697 0.2226929963
vt -0.0014039869 0.1984760016
vt 0.0243009906 0.2069669068
vt 0.0355929695 0.1902229935
vt -0.0038189881 0.1590269953
vt -0.0525310002 0.1767919958
vt -0.0384009406 0.1590339988
vt -0.0704450011 0.1334670037
vt -0.0427999385 0.1267579943
vt -0.0753979608 0.0801639482
vt 0.0243219696 0.1896689981
vt 0.0356269404 0.1742669046
vt 0.0440199897 0.2166740000
vt 0.0701819584 0.2132389992
vt 0.0440199897 0.2590799928
vt 0.0880389810 0.2764649987
vt 0.0611909591 0.2893329859
vt 0.0754140019 0.3438940048
vt 0.0331670009 0.2496169955
vt 0.0000000000 0.2181220055
vt 0.0123269502 0.2041289955
vt 2.2995240688 0.0000000000
vt 2.3076388836 0.0000000000
vt 2.3035809994 0.0024939771
vt 2.3076388836 0.0198159795
vt 2.3035809994 0.0423919484
vt 2.3076388836 0.0396359488
vt 2.3076388836 0.0594519898
vt 2.2995240688 0.0594909713
vt 2.2995240688 0.0396559797
vt 2.2995240688 0.0198259894
vt -1.5089780092 0.1628199965
vt -1.5172239542 0.1628199965
vt -1.5131020546 0.1221150011
vt -1.5172239542 0.1204359978
vt -1.5131020546 0.0814099908
vt -1.5172239542 0.0814099908
vt -1.5172239542 0.0423839614
vt -1.5131020546 0.0407049581
vt -1.5172239542 0.0000000000
vt -1.5089780092 0.0000000000
vt -1.5089780092 0.0423889682
vt -1.5089780092 0.0814099908
vt -1.5089780092 0.1204309985
vt -0.1706440002 0.1864358932
vt -0.2118200064 0.1864430010
vt -0.1900459975 0.1398320049
vt -0.2118200064 0.1379040033
vt -0.1900459975 0.0932210013
vt -0.2118200064 0.0932210013
vt -0.1900459975 0.0699160025
vt -0.2118200064 0.0485389791
vt -0.1900459975 0.0466109514
vt -0.1900459975 0.0233049896
vt -0.1464989930 0.0233049896
vt -0.1685779989 0.0000030000
vt -0.1248209998 0.0000040000
vt -0.2118200064 0.0000000000
vt -0.1029509977 0.0233049896
vt -0.1028560027 0.0000040000
vt -0.0809620023 0.0000020000
vt -0.0702899620 0.0233049896
vt -0.0376289412 0.0000000000
vt -0.0376289412 0.0489819609
vt -0.0376289412 0.0932210013
vt -0.0702899620 0.0699160025
vt -0.0702899620 0.0466109514
vt -0.1029509977 0.0466109514
vt -0.1464989930 0.0466109514
vt -0.0702899620 0.0932210013
vt -0.0376289412 0.1374599040
vt -0.0702899620 0.1398320049
vt -0.0376299582 0.1864420027
vt -0.0825169608 0.1864358932
vt -0.1275260001 0.1864340007
vt -0.1029509977 0.1398320049
vt -0.1029509977 0.0932210013
vt -0.1029509977 0.0699160025
vt -0.1464989930 0.0699160025
vt -0.1464989930 0.1398320049
vt -0.1464989930 0.0932210013
vt -0.2627780139 0.0459709689
vt -0.2627780139 0.0000000000
vt -0.2358690053 0.0169789698
vt -0.2084390074 0.0000000000
vt -0.2022320032 0.0169789698
vt -0.1549530029 0.0000000000
vt -0.1685950011 0.0169789698
vt -0.1349579990 0.0169789698
vt -0.1685950011 0.0339579508
vt -0.1349579990 0.0339579508
vt -0.1685950011 0.0679169819
vt -0.1349579990 0.0679169819
vt -0.1685950011 0.1018749997
vt -0.1349579990 0.1018749997
vt -0.1509400010 0.1358319968
vt -0.1013220027 0.1018749997
vt -0.0987029597 0.1358308941
vt -0.0475029908 0.1004749984
vt -0.0475029908 0.1358339936
vt -0.1015100032 0.0000000000
vt -0.1013220027 0.0169789698
vt -0.1013220027 0.0339579508
vt -0.1013220027 0.0679169819
vt -0.0475029908 0.0000000000
vt -0.0475029908 0.0353589617
vt -0.0475029908 0.0679169819
vt -0.2056230009 0.1358290017
vt -0.2022320032 0.1018749997
vt -0.2022320032 0.0679169819
vt -0.2022320032 0.0339579508
vt -0.2358690053 0.1018749997
vt -0.2627780139 0.1358339936
vt -0.2627780139 0.0898630023
vt -0.2358690053 0.0679169819
vt -0.2358690053 0.0339579508
vt -12.8594503403 0.0437689982
vt -13.0316295624 0.0416499898
vt -12.8594503403 0.0000000000
vt -13.2313404083 0.0416499898
vt -13.1452598572 0.0000000000
vt -13.4310598373 0.0416499898
vt -13.4310598373 0.0000000000
vt -13.6032400131 0.0416499898
vt -13.8029499054 0.0416499898
vt -13.8029499054 0.0832999870
vt -14.0026702881 0.0567059517
vt -14.0026702881 0.1098930016
vt -13.8029499054 0.1249490008
vt -14.0026702881 0.1665990055
vt -13.7168598175 0.1665990055
vt -13.6032400131 0.1249490008
vt -13.4310598373 0.1249490008
vt -13.4310598373 0.0832999870
vt -13.2313404083 0.0832999870
vt -13.0316295624 0.0832999870
vt -12.8594503403 0.0832999870
vt -12.8594503403 0.1228300035
vt -13.0316295624 0.1249490008
vt -12.8594503403 0.1665990055
vt -13.1452598572 0.1665990055
vt -13.2313404083 0.1249490008
vt -13.4310598373 0.1665990055
vt -14.0026702881 0.0000000000
vt -13.7168598175 0.0000000000
vt -13.6032400131 0.0832999870
vt 3.1210520267 0.0000000000
vt 3.5131909847 0.0000000000
vt 3.2437999249 0.0397650003
vt 3.4935441017 0.0383799598
vt 3.4792869091 0.0761829615
vt 3.2437999249 0.0795289800
vt 3.4747390747 0.1160420030
vt 3.2437999249 0.1192940027
vt 3.4809980392 0.1590580046
vt 3.0968821049 0.1590580046
vt 2.9744091034 0.1192940027
vt 2.7128551006 0.1590570062
vt 2.7336950302 0.1192940027
vt 2.4595990181 0.1192940027
vt 2.7336950302 0.0795289800
vt 2.4595990181 0.0795289800
vt 2.7336950302 0.0397650003
vt 2.4595990181 0.0397650003
vt 2.7289650440 0.0000000000
vt 2.3368749619 0.0000000000
vt 2.1855020523 0.0397650003
vt 1.9447879791 0.0000000000
vt 1.9447879791 0.0542519614
vt 2.1855020523 0.0795289800
vt 1.9447879791 0.1048059985
vt 2.1855020523 0.1192940027
vt 1.9447879791 0.1590580046
vt 2.3288400173 0.1590580046
vt 2.9744091034 0.0397650003
vt 2.9744091034 0.0795289800
vt -0.0539999604 -0.0913549587
vt -0.0460000001 -0.0913549587
vt -0.0539999604 -0.0876139924
vt -0.0460000001 -0.0876139924
vt -0.0539999604 -0.0838729665
vt -0.0460000001 -0.0838729665
vt -0.0539999604 -0.0801320001
vt -0.0460000001 -0.0801320001
vt 1.0055240393 0.1590580046
vt 0.5966629982 0.1590580046
vt 0.8381369710 0.1192940027
vt 0.6034920216 0.1143990010
vt 0.8381369710 0.0795289800
vt 0.6185539961 0.0754820108
vt 0.8381369710 0.0397650003
vt 0.6388319731 0.0387119614
vt 0.6608870029 0.0000000000
vt 1.0536600351 0.0000000000
vt 1.1237549782 0.0397650003
vt 1.1237549782 0.0795289800
vt 1.1237549782 0.1192940027
vt 1.4142899513 0.1590580046
vt 1.4093719721 0.1192940027
vt 1.6606570482 0.1192940027
vt 1.6606570482 0.0795289800
vt 1.9462749958 0.0795289800
vt 1.9462749958 0.0397650003
vt 2.2318921089 0.0542519614
vt 2.2318921089 0.0000000000
vt 1.8391410112 0.0000000000
vt 1.6606570482 0.0397650003
vt 1.4464019537 0.0000000000
vt 1.4093719721 0.0397650003
vt 2.2318921089 0.1048059985
vt 1.9462749958 0.1192940027
vt 1.8230609894 0.1590580046
vt 2.2318921089 0.1590580046
vt 1.4093719721 0.0795289800
vt -12.5484600067 0.0000090000
vt -12.3200502396 0.0000000000
vt -12.5398502350 0.0346989594
vt -12.3200502396 0.0469779894
vt -12.5398502350 0.0693979785
vt -12.3200502396 0.0918309614
vt -12.5398502350 0.1041029990
vt -12.3200502396 0.1388079971
vt -12.5484600067 0.1388079971
vt -12.7768602371 0.1388079971
vt -12.7596397400 0.1041029990
vt -12.7596397400 0.0693979785
vt -12.7596397400 0.0346989594
vt -12.7768602371 0.0000110000
vt -12.9966697693 0.0346989594
vt -13.0052795410 0.0000040000
vt -13.2336902618 0.0000000000
vt -13.2336902618 0.0472469889
vt -12.9966697693 0.0693979785
vt -13.2336902618 0.0915609524
vt -12.9966697693 0.1041029990
vt -13.2336902618 0.1388079971
vt -13.0052795410 0.1388079971
vt -14.0539503098 0.0000000000
vt -13.8684902191 0.0000000000
vt -14.0550498962 0.0352649614
vt -13.8684902191 0.0480119511
vt -14.0550498962 0.0705299899
vt -13.8684902191 0.0930439830
vt -14.0550498962 0.1057929024
vt -13.8684902191 0.1410560012
vt -14.0539503098 0.1410540044
vt -14.2394104004 0.1410509050
vt -14.2416000366 0.1057929024
vt -14.2416000366 0.0705299899
vt -14.2416000366 0.0352649614
vt -14.2394104004 0.0000000000
vt -14.4259595871 0.0352649614
vt -14.4248695374 0.0000000000
vt -14.6103296280 0.0000000000
vt -14.6103296280 0.0477849804
vt -14.4259595871 0.0705299899
vt -14.6103296280 0.0932699963
vt -14.4259595871 0.1057929024
vt -14.6103296280 0.1410560012
vt -14.4248695374 0.1410519928
vt -0.0663719699 0.1453689039
vt -0.0648379922 0.1480379999
vt -0.1087770015 0.1737390012
vt -0.0632069707 0.1506370008
vt -0.0614869483 0.1531669945
vt -0.1015100032 0.1823170036
vt -0.1149709970 0.2566469908
vt -0.1100260019 0.2525039911
vt -0.0753979608 0.2936080098
vt 0.0753979608 0.1822479069
vt 0.0306199696 0.2096108943
vt 0.0286039691 0.2041230053
vt -0.0191949606 0.2198400050
vt -0.0158129893 0.2290930003
vt -0.0663719699 0.2393900007
vt -0.0614869483 0.2522319853
vt -0.0632069707 0.2480649054
vt -0.0648379922 0.2437849939
vt -13.6637697220 0.0000010000
vt -13.4323101044 0.0000000000
vt -13.6588697433 0.0409069583
vt -13.4323101044 0.0556969605
vt -13.6588697433 0.0818149969
vt -13.4323101044 0.1079349965
vt -13.6588697433 0.1227238998
vt -13.4323101044 0.1636320055
vt -13.6637697220 0.1636320055
vt -13.8952198029 0.1636320055
vt -13.8854303360 0.1227238998
vt -13.8854303360 0.0818159506
vt -13.8854303360 0.0409069583
vt -14.1217803955 0.0409069583
vt -13.8952198029 -0.0000020000
vt -14.1266698837 -0.0000020000
vt -14.3581199646 0.0000000000
vt -14.3581199646 0.0428659916
vt -14.1217803955 0.0818159506
vt -14.3581199646 0.0818159506
vt -14.3581199646 0.1207659990
vt -14.1217803955 0.1227238998
vt -14.3581199646 0.1636320055
vt -14.1266698837 0.1636320055
vt -2.4964060783 0.1173539981
vt -2.5045619011 0.1173539981
vt -2.5004849434 0.0880159736
vt -2.5045619011 0.0777219534
vt -2.5004849434 0.0586769506
vt -2.5045619011 0.0396329686
vt -2.5004849434 0.0293389503
vt -2.5045619011 0.0000000000
vt -2.4964060783 0.0000000000
vt -2.4964060783 0.0396329686
vt -2.4964060783 0.0777209923
vt -0.3718760014 0.0363899395
vt -0.3718760014 0.0000000000
vt -0.3443610072 0.0134269502
vt -0.3164770007 0.0000010000
vt -0.3099679947 0.0134269502
vt -0.2755750120 0.0134269502
vt -0.3099679947 0.0268549901
vt -0.2755750120 0.0268549901
vt -0.3099679947 0.0537099801
vt -0.2755750120 0.0537099801
vt -0.3099679947 0.0805639625
vt -0.2755750120 0.0805639625
vt -0.3217869997 0.1074180007
vt -0.2664859891 0.1074159965
vt -0.2411810011 0.0805639625
vt -0.2372300029 0.1074149981
vt -0.2067880034 0.0805639625
vt -0.2077530026 0.1074149981
vt -0.1792729944 0.0805639625
vt -0.1517580003 0.1074189991
vt -0.1517580003 0.0711419508
vt -0.1792729944 0.0537099801
vt -0.1517580003 0.0362769887
vt -0.1792729944 0.0268549901
vt -0.1792729944 0.0134269502
vt -0.2067880034 0.0268549901
vt -0.2067880034 0.0134269502
vt -0.2411810011 0.0268549901
vt -0.2411810011 0.0134269502
vt -0.2618159950 0.0000040000
vt -0.2345519960 0.0000010000
vt -0.2071709931 0.0000030000
vt -0.1795949042 0.0000010000
vt -0.1517580003 0.0000000000
vt -0.3443610072 0.0805639625
vt -0.3718760014 0.1074189991
vt -0.3718760014 0.0710290000
vt -0.3443610072 0.0537099801
vt -0.3443610072 0.0268549901
vt -0.2067880034 0.0537099801
vt -0.2411810011 0.0537099801
vt 0.7157030106 0.0000000000
vt 0.7513870001 0.0000000000
vt 0.6975700259 0.0397650003
vt 0.7513870001 0.0542519614
vt 0.6975700259 0.0795289800
vt 0.7513870001 0.1048059985
vt 0.6975700259 0.1192940027
vt 0.7156959772 0.1590580046
vt 0.6800060272 0.1590570062
vt 0.7513870001 0.1590580046
vt 0.6443229914 0.1590580046
vt 0.6443229914 0.1048059985
vt 0.6443229914 0.0542519614
vt 0.6800140142 0.0000000000
vt 0.6443229914 0.0000000000
vt 2.4146258831 0.0000000000
vt 2.4229359627 0.0000000000
vt 2.4187810421 0.0462269709
vt 2.4229359627 0.0486319587
vt 2.4187810421 0.0924539492
vt 2.4229359627 0.0924539492
vt 2.4229359627 0.1362749040
vt 2.4187810421 0.1386809051
vt 2.4229359627 0.1849070042
vt 2.4146258831 0.1849070042
vt 2.4146258831 0.1362700015
vt 2.4146258831 0.0924539492
vt 2.4146258831 0.0486369692
vt 0.6891509891 0.0000000000
vt 0.7241830230 0.0000000000
vt 0.6713590026 0.0397650003
vt 0.7241830230 0.0542519614
vt 0.6713590026 0.0795289800
vt 0.7241830230 0.1048059985
vt 0.6713590026 0.1192940027
vt 0.6891589761 0.1590580046
vt 0.6541299820 0.1590580046
vt 0.7241830230 0.1590580046
vt 0.6190969944 0.1590580046
vt 0.6190969944 0.1048059985
vt 0.6190969944 0.0542519614
vt 0.6190969944 0.0000000000
vt 0.6541219950 0.0000010000
vt -0.2715590000 0.0494859815
vt -0.2715590000 0.0000000000
vt -0.2436199933 0.0183159709
vt -0.2158180028 0.0000000000
vt -0.2086980045 0.0183159709
vt -0.1737750024 0.0183159709
vt -0.2086980045 0.0366320014
vt -0.1737750024 0.0366320014
vt -0.2086980045 0.0732640028
vt -0.1737750024 0.0732640028
vt -0.2086980045 0.1098970026
vt -0.1737750024 0.1098970026
vt -0.2132319957 0.1465280056
vt -0.1576880068 0.1465290040
vt -0.1388529986 0.1098970026
vt -0.1039298996 0.1098970026
vt -0.1039298996 0.0732640028
vt -0.0480539687 0.1081430018
vt -0.0480539687 0.0732640028
vt -0.0480539687 0.0383859798
vt -0.1039298996 0.0366320014
vt -0.1039298996 0.0183159709
vt -0.1388529986 0.0366320014
vt -0.1388529986 0.0183159709
vt -0.1596159041 0.0000000000
vt -0.1034960002 0.0000000000
vt -0.0480539687 0.0000000000
vt -0.0480539687 0.1465290040
vt -0.1030749977 0.1465270072
vt -0.2436199933 0.1098970026
vt -0.2715590000 0.1465290040
vt -0.2715590000 0.0970429704
vt -0.2436199933 0.0732640028
vt -0.2436199933 0.0366320014
vt -0.1388529986 0.0732640028
vt 2.1929159164 0.0000020000
vt 2.3397879601 0.0000000000
vt 2.2622399330 0.0397650003
vt 2.3648800850 0.0363979898
vt 2.3807730675 0.0750919506
vt 2.2622399330 0.0795289800
vt 2.3830881119 0.0956739709
vt 2.2622399330 0.1192940027
vt 2.3811380863 0.1167429984
vt 2.3673729897 0.1590580046
vt 2.2223761082 0.1590580046
vt 2.1413910389 0.1192940027
vt 2.1413910389 0.0795289800
vt 2.1413910389 0.0397650003
vt 2.0467250347 0.0000020000
vt 2.0205430984 0.0397650003
vt 1.9005639553 0.0000100000
vt 1.8996950388 0.0397650003
vt 1.7543369532 0.0000050000
vt 1.6579979658 0.0397650003
vt 1.6081349850 0.0000020000
vt 1.4163010120 0.0397650003
vt 1.4619439840 0.0000000000
vt 1.1695619822 0.0000040000
vt 1.1746050119 0.0397650003
vt 0.9329079986 0.0397650003
vt 0.9329079986 0.0795289800
vt 0.6912119985 0.0795289800
vt 0.6912119985 0.1192940027
vt 0.4495150149 0.1192940027
vt 0.5989260077 0.1590580046
vt 0.2994219959 0.1590580046
vt 2.0778799057 0.1590580046
vt 2.0205430984 0.1192940027
vt 2.0205430984 0.0795289800
vt 1.9328839779 0.1590580046
vt 1.8996950388 0.1192940027
vt 1.8996950388 0.0795289800
vt 1.7873320580 0.1590580046
vt 1.6579979658 0.1192940027
vt 1.6579979658 0.0795289800
vt 1.6409649849 0.1590580046
vt 1.4938219786 0.1590580046
vt 1.4163010120 0.1192940027
vt 1.1972789764 0.1590580046
vt 1.1746050119 0.1192940027
vt 0.9329079986 0.1192940027
vt 1.1746050119 0.0795289800
vt 0.8984150290 0.1590580046
vt 0.2247570008 0.1192940027
vt 0.0000000000 0.1590580046
vt 0.0000000000 0.1048059985
vt 0.2247570008 0.0795289800
vt 0.0000000000 0.0542519614
vt 0.2247570008 0.0397650003
vt 0.0000000000 0.0000000000
vt 0.2923899889 0.0000000000
vt 0.4495150149 0.0397650003
vt 0.5847820044 0.0000020000
vt 0.6912119985 0.0397650003
vt 0.8771679997 0.0000060000
vt 1.4163010120 0.0795289800
vt 0.4495150149 0.0795289800
vt -0.0311299507 0.0238849502
vt 0.0000000000 0.0457409583
vt -0.0502649508 0.0355429612
vt -0.0271709505 0.0697270036
vt -0.0502649508 0.0710859820
vt -0.0506169684 0.0976929590
vt -0.1005309969 0.0710859820
vt -0.1005309969 0.1066289991
vt -0.1507959068 0.1066289991
vt -0.0651009604 0.1327459961
vt -0.1005309969 0.1421719939
vt -0.1507959068 0.1421719939
vt -0.0650799796 0.1720999926
vt -0.1005309969 0.1777150035
vt -0.1507959068 0.1777150035
vt -0.1067759022 0.2055940032
vt -0.1067759022 -0.2209230065
vt -0.1136220023 -0.1289130002
vt -0.1507959068 -0.2132579982
vt -0.0753979608 -0.0842469931
vt -0.1005309969 -0.1066289991
vt -0.1507959068 -0.1421719939
vt -0.1005309969 -0.0710859820
vt -0.0760399625 -0.0402299687
vt -0.1005309969 -0.0355429612
vt -0.0585749708 -0.0030229681
vt -0.1005309969 0.0000000000
vt -0.1005309969 0.0355429612
vt -0.1507959068 0.0355429612
vt -0.1507959068 0.0000000000
vt -0.1507959068 -0.0355429612
vt -0.1507959068 -0.0710859820
vt -0.1507959068 0.0710859820
vt 0.0291179996 0.2055879980
vt 0.0285639707 0.1984090060
vt 0.0753979608 0.1821870059
vt 0.0285639707 0.1538500041
vt 0.0575359389 0.1316539943
vt 0.0285639707 0.1092910022
vt 0.0304780006 0.0948640108
vt -0.0182699505 0.1092910022
vt 0.0000000000 0.0647319481
vt -0.0271439496 0.0985719487
vt -0.0505759716 0.1380168945
vt -0.0182699505 0.1538500041
vt -0.0650739595 0.1874458939
vt -0.0182699505 0.1984090060
vt -0.0183289591 0.2223600000
vt -0.0651040003 0.2429679930
vt 2.3650040627 0.0000000000
vt 2.3403329849 0.0438369513
vt 2.2200889587 0.0000000000
vt 2.1888720989 0.0397650003
vt 2.0758080482 0.0000000000
vt 2.0127410889 0.0397650003
vt 1.9309450388 0.0000000000
vt 1.8366099596 0.0397650003
vt 1.7855440378 0.0000000000
vt 1.6604779959 0.0397650003
vt 1.6393200159 0.0000000000
vt 1.5086810589 0.0397650003
vt 1.4923210144 0.0000000000
vt 1.3568830490 0.0397650003
vt 1.1960660219 0.0000000000
vt 1.0532879829 0.0397650003
vt 0.8975030184 0.0000000000
vt 0.9014909863 0.0397650003
vt 0.7496939898 0.0397650003
vt 0.7496939898 0.0795289800
vt 0.5978959799 0.0795289800
vt 0.5978959799 0.1192940027
vt 0.4460990131 0.1192940027
vt 0.5631629825 0.1590580046
vt 0.2815800011 0.1590580046
vt 2.1888720989 0.0795289800
vt 2.3116500378 0.0814849734
vt 2.2814970016 0.1184120029
vt 2.1888720989 0.1192940027
vt 2.2515039444 0.1590580046
vt 2.1108059883 0.1590570062
vt 2.0127410889 0.1192940027
vt 1.9706419706 0.1590539962
vt 1.8366099596 0.1192940027
vt 1.8301589489 0.1590459049
vt 1.6894750595 0.1590519994
vt 1.6604779959 0.1192940027
vt 1.5486929417 0.1590549052
vt 1.5086810589 0.1192940027
vt 1.4078849554 0.1590570062
vt 1.3568830490 0.1192940027
vt 1.1263220310 0.1590580046
vt 1.0532879829 0.1192940027
vt 0.8447350264 0.1590390056
vt 0.9014909863 0.1192940027
vt 0.7496939898 0.1192940027
vt 0.9014909863 0.0795289800
vt 0.2230489999 0.1192940027
vt 0.0000000000 0.1590469927
vt 0.0000000000 0.1048059985
vt 0.2230489999 0.0795289800
vt 0.0000000000 0.0542519614
vt 0.2230489999 0.0397650003
vt 0.0000000000 0.0000000000
vt 0.2991180122 0.0000000000
vt 0.4460990131 0.0397650003
vt 0.5983160138 0.0000000000
vt 0.5978959799 0.0397650003
vt 2.0127410889 0.0795289800
vt 1.8366099596 0.0795289800
vt 1.6604779959 0.0795289800
vt 1.5086810589 0.0795289800
vt 1.3568830490 0.0795289800
vt 1.0532879829 0.0795289800
vt 0.4460990131 0.0795289800
vt 0.0005590000 0.1507959068
vt -0.0005500000 0.1507959068
vt 0.0005620000 0.1005309969
vt -0.0005540000 0.1005309969
vt 0.0005620000 0.0502649508
vt -0.0005580000 0.0502659604
vt 0.0005610000 0.0000000000
vt -0.0005610000 0.0000000000
vt 23.1941795349 0.1772799939
vt 22.8854408264 0.1772840023
vt 23.1910896301 0.1329549998
vt 22.8854408264 0.1306100041
vt 23.1910896301 0.0886420012
vt 22.8854408264 0.0886420012
vt 22.8854408264 0.0466739498
vt 23.1910896301 0.0443129502
vt 22.8854408264 0.0000000000
vt 23.1941795349 0.0000200000
vt 23.4967403412 0.0443129502
vt 23.5029296875 0.0000370000
vt 23.8085899353 0.0443129502
vt 23.8116798401 0.0000210000
vt 24.1204299927 0.0000000000
vt 24.1204299927 0.0462549888
vt 23.8085899353 0.0886420012
vt 23.4967403412 0.0886420012
vt 23.4967403412 0.1329549998
vt 24.1204299927 0.0886420012
vt 24.1204299927 0.1310289949
vt 23.8085899353 0.1329549998
vt 24.1204299927 0.1772840023
vt 23.8116798401 0.1772810072
vt 23.5029296875 0.1772779971
vt 23.1485195160 0.1354019940
vt 22.8401794434 0.1354019940
vt 23.0728206635 0.1277209967
vt 22.8401794434 0.0902670026
vt 23.0728206635 0.0851469636
vt 22.8401794434 0.0451349616
vt 23.0728206635 0.0425729714
vt 22.8401794434 0.0000000000
vt 23.1485195160 0.0000000000
vt 23.3054599762 0.0425729714
vt 23.4568500519 0.0000000000
vt 23.4810791016 0.0425729714
vt 23.6566905975 0.0425729714
vt 23.4810791016 0.0851469636
vt 23.6566905975 0.0851469636
vt 23.4810791016 0.1277209967
vt 23.6566905975 0.1277209967
vt 23.4568595886 0.1354019940
vt 23.7651996613 0.1354030073
vt 23.8323001862 0.1277209967
vt 24.0735397339 0.1353839934
vt 24.0079193115 0.1277209967
vt 24.0735206604 0.0902580023
vt 24.0079193115 0.0851469636
vt 24.0735206604 0.0451279804
vt 24.0079193115 0.0425729714
vt 24.0735206604 -0.0000020000
vt 23.8323001862 0.0425729714
vt 23.7651901245 0.0000000000
vt 23.3054599762 0.1277209967
vt 23.3054599762 0.0851469636
vt 23.8323001862 0.0851469636
vt 0.0000000000 0.0411569402
vt -0.0276329499 0.0130909598
vt 0.0123149697 0.0259369593
vt -0.0014039869 0.0017199510
vt 0.0243009906 0.0102109900
vt 0.0355929695 -0.0065339799
vt -0.0038189881 -0.0377299711
vt -0.0525310002 -0.0199649893
vt -0.0384009406 -0.0377219915
vt -0.0704450011 -0.0632889792
vt -0.0427999385 -0.0699979588
vt -0.0753979608 -0.1165919974
vt 0.0243219696 0.0093769431
vt 0.0356269404 -0.0060249558
vt 0.0440199897 0.0363809392
vt 0.0701819584 0.0329470001
vt 0.0440199897 0.0787879825
vt 0.0880389810 0.0961719677
vt 0.0611909591 0.1090399995
vt 0.0754140019 0.1636009961
vt 0.0331670009 0.0693249702
vt 0.0000000000 0.0378299914
vt 0.0123269502 0.0238359496
vt 2.3340001106 0.0000000000
vt 2.3421149254 0.0000000000
vt 2.3380579948 0.0024939771
vt 2.3421149254 0.0198159795
vt 2.3380579948 0.0423919484
vt 2.3421149254 0.0396359488
vt 2.3421149254 0.0594519898
vt 2.3340001106 0.0594909713
vt 2.3340001106 0.0396559797
vt 2.3340001106 0.0198259894
f 1/1/1 2/2/2 3/3/3
f 3/3/3 2/2/2 4/4/4
f 3/3/3 4/4/4 5/5/5
f 2/2/2 1/1/1 6/6/6
f 6/6/6 1/1/1 7/7/7
f 6/6/6 7/7/7 8/8/8
f 8/8/8 7/7/7 9/9/9
f 8/8/8 9/9/9 10/10/10
f 4/4/4 2/2/2 11/11/11
f 11/11/11 2/2/2 12/12/12
f 11/11/11 12/12/12 13/13/13
f 13/13/13 14/14/14 11/11/11
f 11/11/11 14/14/14 15/15/15
f 16/16/16 17/17/17 5/5/5
f 5/5/5 17/17/17 18/18/18
f 5/5/5 18/18/18 19/19/19
f 19/19/19 18/18/18 20/20/20
f 19/19/19 20/20/20 21/21/21
f 21/21/21 22/22/22 19/19/19
f 19/19/19 22/22/22 23/23/23
f 23/23/23 22/22/22 24/24/24
f 23/23/23 24/24/24 25/25/25
f 25/25/25 26/26/26 23/23/23
f 23/23/23 26/26/26 27/27/27
f 27/27/27 26/26/26 28/28/28
f 27/27/27 28/28/28 29/29/29
f 29/29/29 30/30/30 27/27/27
f 19/19/19 3/3/3 5/5/5
f 31/31/31 32/32/32 33/33/33
f 33/33/33 32/32/32 34/34/34
f 33/33/33 34/34/34 35/35/35
f 35/35/35 34/34/34 36/36/36
f 35/35/35 36/36/36 37/37/37
f 37/37/37 36/36/36 38/38/38
f 37/37/37 38/38/38 39/39/39
f 39/39/39 38/38/38 40/40/40
f 40/40/40 38/38/38 41/41/41
f 41/41/41 38/38/38 42/42/42
f 41/41/41 42/42/42 43/43/43
f 43/43/43 42/42/42 44/44/44
f 44/44/44 42/42/42 45/45/45
f 45/45/45 42/42/42 46/46/46
f 45/45/45 46/46/46 47/47/47
f 47/47/47 46/46/46 48/48/48
f 48/48/48 46/46/46 49/49/49
f 48/48/48 49/49/49 50/50/50
f 50/50/50 49/49/49 51/51/51
f 34/34/34 52/52/52 36/36/36
f 36/36/36 52/52/52 53/53/53
f 53/53/53 52/52/52 54/54/54
f 53/53/53 54/54/54 55/55/55
f 55/55/55 54/54/54 56/56/56
f 39/39/39 57/57/57 37/37/37
f 37/37/37 57/57/57 58/58/58
f 37/37/37 58/58/58 59/59/59
f 60/60/60 61/61/61 33/33/33
f 33/33/33 61/61/61 31/31/31
f 62/62/62 63/63/63 64/64/64
f 64/64/64 63/63/63 65/65/65
f 64/64/64 65/65/65 66/66/66
f 66/66/66 65/65/65 67/67/67
f 66/66/66 67/67/67 68/68/68
f 68/68/68 67/67/67 69/69/69
f 70/70/70 71/71/71 72/72/72
f 73/73/73 74/74/74 75/75/75
f 75/75/75 74/74/74 76/76/76
f 75/75/75 76/76/76 77/77/77
f 77/77/77 76/76/76 78/78/78
f 77/77/77 78/78/78 79/79/79
f 73/73/73 80/80/80 74/74/74
f 74/74/74 80/80/80 81/81/81
f 81/81/81 80/80/80 82/82/82
f 81/81/81 82/82/82 83/83/83
f 76/76/76 74/74/74 84/84/84
f 84/84/84 74/74/74 85/85/85
f 84/84/84 85/85/85 86/86/86
f 86/86/86 85/85/85 87/87/87
f 87/87/87 85/85/85 88/88/88
f 87/87/87 88/88/88 89/89/89
f 89/89/89 90/90/90 87/87/87
f 87/87/87 90/90/90 91/91/91
f 84/84/84 86/86/86 92/92/92
f 92/92/92 86/86/86 93/93/93
f 92/92/92 93/93/93 94/94/94
f 94/94/94 93/93/93 95/95/95
f 79/79/79 96/96/96 77/77/77
f 77/77/77 96/96/96 97/97/97
f 97/97/97 96/96/96 98/98/98
f 97/97/97 98/98/98 99/99/99
f 97/97/97 99/99/99 100/100/100
f 100/100/100 99/99/99 101/101/101
f 100/100/100 101/101/101 102/102/102
f 103/103/103 104/104/104 105/105/105
f 105/105/105 104/104/104 106/106/106
f 105/105/105 106/106/106 107/107/107
f 107/107/107 106/106/106 108/108/108
f 107/107/107 108/108/108 109/109/109
f 106/106/106 110/110/110 108/108/108
f 108/108/108 110/110/110 111/111/111
f 111/111/111 110/110/110 112/112/112
f 111/111/111 112/112/112 113/113/113
f 112/112/112 110/110/110 114/114/114
f 114/114/114 110/110/110 115/115/115
f 114/114/114 115/115/115 116/116/116
f 116/116/116 115/115/115 117/117/117
f 118/118/118 119/119/119 113/113/113
f 113/113/113 119/119/119 120/120/120
f 113/113/113 120/120/120 121/121/121
f 119/119/119 118/118/118 122/122/122
f 122/122/122 118/118/118 123/123/123
f 122/122/122 123/123/123 124/124/124
f 124/124/124 123/123/123 125/125/125
f 124/124/124 125/125/125 126/126/126
f 126/126/126 125/125/125 127/127/127
f 121/121/121 111/111/111 113/113/113
f 107/107/107 109/109/109 128/128/128
f 128/128/128 109/109/109 129/129/129
f 128/128/128 129/129/129 130/130/130
f 130/130/130 131/131/131 128/128/128
f 132/132/132 133/133/133 105/105/105
f 105/105/105 133/133/133 103/103/103
f 134/134/134 135/135/135 136/136/136
f 136/136/136 135/135/135 137/137/137
f 136/136/136 137/137/137 138/138/138
f 138/138/138 137/137/137 139/139/139
f 138/138/138 139/139/139 140/140/140
f 140/140/140 139/139/139 141/141/141
f 142/142/142 143/143/143 144/144/144
f 145/145/145 146/146/146 147/147/147
f 147/147/147 146/146/146 148/148/148
f 147/147/147 148/148/148 149/149/149
f 149/149/149 148/148/148 145/145/145
f 145/145/145 148/148/148 150/150/150
f 145/145/145 150/150/150 151/151/151
f 151/151/151 150/150/150 152/152/152
f 152/152/152 150/150/150 153/153/153
f 152/152/152 153/153/153 154/154/154
f 154/154/154 153/153/153 155/155/155
f 154/154/154 155/155/155 156/156/156
f 156/156/156 155/155/155 157/157/157
f 156/156/156 157/157/157 158/158/158
f 158/158/158 157/157/157 159/159/159
f 158/158/158 159/159/159 160/160/160
f 160/160/160 159/159/159 161/161/161
f 160/160/160 161/161/161 162/162/162
f 162/162/162 161/161/161 163/163/163
f 162/162/162 163/163/163 164/164/164
f 164/164/164 163/163/163 165/165/165
f 164/164/164 165/165/165 166/166/166
f 166/166/166 165/165/165 167/167/167
f 166/166/166 167/167/167 168/168/168
f 168/168/168 167/167/167 169/169/169
f 168/168/168 169/169/169 170/170/170
f 170/170/170 169/169/169 171/171/171
f 170/170/170 171/171/171 172/172/172
f 172/172/172 171/171/171 173/173/173
f 172/172/172 173/173/173 174/174/174
f 174/174/174 173/173/173 175/175/175
f 175/175/175 173/173/173 176/176/176
f 175/175/175 176/176/176 177/177/177
f 177/177/177 176/176/176 178/178/178
f 177/177/177 178/178/178 179/179/179
f 180/180/180 181/181/181 182/182/182
f 182/182/182 181/181/181 183/183/183
f 182/182/182 183/183/183 184/184/184
f 185/185/185 184/184/184 180/180/180
f 180/180/180 184/184/184 186/186/186
f 180/180/180 186/186/186 181/181/181
f 184/184/184 185/185/185 182/182/182
f 187/187/187 188/188/188 189/189/189
f 189/189/189 188/188/188 190/190/190
f 189/189/189 190/190/190 191/191/191
f 191/191/191 190/190/190 192/192/192
f 191/191/191 192/192/192 187/187/187
f 187/187/187 192/192/192 193/193/193
f 187/187/187 193/193/193 188/188/188
f 174/174/174 194/194/194 172/172/172
f 172/172/172 194/194/194 195/195/195
f 195/195/195 194/194/194 196/196/196
f 196/196/196 194/194/194 197/197/197
f 197/197/197 194/194/194 170/170/170
f 170/170/170 194/194/194 168/168/168
f 151/151/151 146/146/146 145/145/145
f 148/148/148 146/146/146 198/198/198
f 198/198/198 146/146/146 199/199/199
f 198/198/198 199/199/199 200/200/200
f 200/200/200 199/199/199 201/201/201
f 200/200/200 201/201/201 202/202/202
f 202/202/202 201/201/201 203/203/203
f 202/202/202 203/203/203 204/204/204
f 204/204/204 203/203/203 205/205/205
f 204/204/204 205/205/205 206/206/206
f 206/206/206 205/205/205 207/207/207
f 206/206/206 207/207/207 208/208/208
f 205/205/205 209/209/209 207/207/207
f 207/207/207 209/209/209 210/210/210
f 210/210/210 209/209/209 211/211/211
f 211/211/211 209/209/209 212/212/212
f 212/212/212 209/209/209 208/208/208
f 208/208/208 209/209/209 213/213/213
f 208/208/208 213/213/213 214/214/214
f 214/214/214 213/213/213 215/215/215
f 215/215/215 213/213/213 216/216/216
f 215/215/215 216/216/216 217/217/217
f 217/217/217 216/216/216 218/218/218
f 217/217/217 218/218/218 219/219/219
f 219/219/219 218/218/218 220/220/220
f 219/219/219 220/220/220 221/221/221
f 221/221/221 220/220/220 222/222/222
f 221/221/221 222/222/222 223/223/223
f 224/224/224 225/225/225 226/226/226
f 224/224/224 226/226/226 227/227/227
f 227/227/227 226/226/226 228/228/228
f 227/227/227 228/228/228 229/229/229
f 229/229/229 228/228/228 230/230/230
f 229/229/229 230/230/230 231/231/231
f 231/231/231 230/230/230 232/232/232
f 231/231/231 232/232/232 233/233/233
f 233/233/233 232/232/232 186/186/186
f 233/233/233 186/186/186 184/184/184
f 181/181/181 234/234/234 183/183/183
f 183/183/183 234/234/234 235/235/235
f 235/235/235 234/234/234 236/236/236
f 235/235/235 236/236/236 237/237/237
f 237/237/237 236/236/236 238/238/238
f 237/237/237 238/238/238 239/239/239
f 239/239/239 238/238/238 240/240/240
f 239/239/239 240/240/240 241/241/241
f 241/241/241 240/240/240 242/242/242
f 241/241/241 242/242/242 243/243/243
f 243/243/243 242/242/242 244/244/244
f 243/243/243 244/244/244 245/245/245
f 245/245/245 244/244/244 246/246/246
f 246/246/246 244/244/244 247/247/247
f 246/246/246 247/247/247 248/248/248
f 240/240/240 246/246/246 242/242/242
f 242/242/242 246/246/246 249/249/249
f 249/249/249 246/246/246 248/248/248
f 243/243/243 245/245/245 250/250/250
f 250/250/250 245/245/245 251/251/251
f 250/250/250 251/251/251 252/252/252
f 252/252/252 251/251/251 253/253/253
f 252/252/252 253/253/253 254/254/254
f 254/254/254 253/253/253 255/255/255
f 254/254/254 255/255/255 256/256/256
f 256/256/256 255/255/255 257/257/257
f 256/256/256 257/257/257 258/258/258
f 258/258/258 257/257/257 259/259/259
f 258/258/258 259/259/259 260/260/260
f 260/260/260 259/259/259 261/261/261
f 260/260/260 261/261/261 262/262/262
f 262/262/262 261/261/261 263/263/263
f 262/262/262 263/263/263 264/264/264
f 264/264/264 263/263/263 265/265/265
f 264/264/264 265/265/265 266/266/266
f 266/266/266 265/265/265 193/193/193
f 266/266/266 193/193/193 192/192/192
f 188/188/188 267/267/267 190/190/190
f 190/190/190 267/267/267 179/179/179
f 179/179/179 267/267/267 177/177/177
f 214/214/214 206/206/206 208/208/208
f 268/268/268 269/269/269 270/270/270
f 270/270/270 269/269/269 271/271/271
f 270/270/270 271/271/271 272/272/272
f 272/272/272 273/273/273 270/270/270
f 270/270/270 273/273/273 274/274/274
f 270/270/270 274/274/274 275/275/275
f 275/275/275 274/274/274 276/276/276
f 276/276/276 274/274/274 277/277/277
f 276/276/276 277/277/277 278/278/278
f 278/278/278 279/279/279 276/276/276
f 276/276/276 279/279/279 280/280/280
f 280/280/280 279/279/279 281/281/281
f 280/280/280 281/281/281 282/282/282
f 280/280/280 282/282/282 283/283/283
f 283/283/283 282/282/282 284/284/284
f 283/283/283 284/284/284 285/285/285
f 283/283/283 285/285/285 286/286/286
f 286/286/286 285/285/285 287/287/287
f 286/286/286 287/287/287 288/288/288
f 288/288/288 287/287/287 289/289/289
f 288/288/288 289/289/289 290/290/290
f 290/290/290 289/289/289 291/291/291
f 290/290/290 291/291/291 292/292/292
f 292/292/292 293/293/293 290/290/290
f 290/290/290 293/293/293 294/294/294
f 290/290/290 294/294/294 295/295/295
f 295/295/295 294/294/294 296/296/296
f 295/295/295 296/296/296 297/297/297
f 297/297/297 298/298/298 295/295/295
f 295/295/295 298/298/298 299/299/299
f 295/295/295 299/299/299 300/300/300
f 301/301/301 302/302/302 300/300/300
f 300/300/300 302/302/302 303/303/303
f 300/300/300 303/303/303 295/295/295
f 301/301/301 304/304/304 302/302/302
f 302/302/302 304/304/304 305/305/305
f 305/305/305 304/304/304 306/306/306
f 305/305/305 306/306/306 307/307/307
f 305/305/305 307/307/307 308/308/308
f 308/308/308 307/307/307 309/309/309
f 308/308/308 309/309/309 310/310/310
f 310/310/310 309/309/309 311/311/311
f 310/310/310 311/311/311 312/312/312
f 310/310/310 312/312/312 313/313/313
f 313/313/313 312/312/312 314/314/314
f 313/313/313 314/314/314 315/315/315
f 315/315/315 314/314/314 316/316/316
f 315/315/315 316/316/316 317/317/317
f 315/315/315 317/317/317 318/318/318
f 318/318/318 317/317/317 319/319/319
f 318/318/318 319/319/319 320/320/320
f 320/320/320 321/321/321 318/318/318
f 318/318/318 321/321/321 270/270/270
f 270/270/270 321/321/321 268/268/268
f 322/322/322 323/323/323 324/324/324
f 324/324/324 323/323/323 325/325/325
f 324/324/324 325/325/325 326/326/326
f 326/326/326 327/327/327 324/324/324
f 324/324/324 327/327/327 328/328/328
f 324/324/324 328/328/328 329/329/329
f 329/329/329 328/328/328 330/330/330
f 329/329/329 330/330/330 331/331/331
f 328/328/328 332/332/332 330/330/330
f 330/330/330 332/332/332 333/333/333
f 330/330/330 333/333/333 334/334/334
f 334/334/334 333/333/333 335/335/335
f 334/334/334 335/335/335 336/336/336
f 334/334/334 336/336/336 337/337/337
f 337/337/337 336/336/336 338/338/338
f 337/337/337 338/338/338 339/339/339
f 337/337/337 339/339/339 340/340/340
f 340/340/340 339/339/339 341/341/341
f 340/340/340 341/341/341 342/342/342
f 342/342/342 341/341/341 343/343/343
f 342/342/342 343/343/343 344/344/344
f 342/342/342 344/344/344 345/345/345
f 345/345/345 344/344/344 346/346/346
f 345/345/345 346/346/346 347/347/347
f 347/347/347 346/346/346 348/348/348
f 347/347/347 348/348/348 349/349/349
f 349/349/349 350/350/350 347/347/347
f 347/347/347 350/350/350 351/351/351
f 347/347/347 351/351/351 352/352/352
f 352/352/352 351/351/351 353/353/353
f 352/352/352 353/353/353 354/354/354
f 354/354/354 355/355/355 352/352/352
f 352/352/352 355/355/355 356/356/356
f 352/352/352 356/356/356 357/357/357
f 357/357/357 356/356/356 358/358/358
f 357/357/357 358/358/358 359/359/359
f 359/359/359 358/358/358 360/360/360
f 359/359/359 360/360/360 361/361/361
f 359/359/359 361/361/361 362/362/362
f 362/362/362 361/361/361 363/363/363
f 362/362/362 363/363/363 364/364/364
f 362/362/362 364/364/364 365/365/365
f 365/365/365 364/364/364 366/366/366
f 365/365/365 366/366/366 367/367/367
f 367/367/367 366/366/366 368/368/368
f 367/367/367 368/368/368 369/369/369
f 367/367/367 369/369/369 370/370/370
f 370/370/370 369/369/369 371/371/371
f 370/370/370 371/371/371 372/372/372
f 372/372/372 371/371/371 373/373/373
f 372/372/372 373/373/373 374/374/374
f 374/374/374 375/375/375 372/372/372
f 372/372/372 375/375/375 324/324/324
f 324/324/324 375/375/375 376/376/376
f 324/324/324 376/376/376 322/322/322
f 377/377/377 378/378/378 379/379/379
f 379/379/379 378/378/378 380/380/380
f 379/379/379 380/380/380 381/381/381
f 381/381/381 380/380/380 382/382/382
f 381/381/381 382/382/382 383/383/383
f 383/383/383 384/384/384 381/381/381
f 381/381/381 384/384/384 385/385/385
f 381/381/381 385/385/385 386/386/386
f 384/384/384 387/387/387 385/385/385
f 385/385/385 387/387/387 388/388/388
f 385/385/385 388/388/388 389/389/389
f 385/385/385 389/389/389 390/390/390
f 390/390/390 389/389/389 391/391/391
f 390/390/390 391/391/391 392/392/392
f 390/390/390 392/392/392 393/393/393
f 393/393/393 392/392/392 394/394/394
f 393/393/393 394/394/394 395/395/395
f 395/395/395 394/394/394 396/396/396
f 395/395/395 396/396/396 397/397/397
f 395/395/395 397/397/397 398/398/398
f 398/398/398 397/397/397 399/399/399
f 398/398/398 399/399/399 400/400/400
f 400/400/400 399/399/399 401/401/401
f 400/400/400 401/401/401 402/402/402
f 400/400/400 402/402/402 403/403/403
f 403/403/403 402/402/402 404/404/404
f 403/403/403 404/404/404 405/405/405
f 405/405/405 406/406/406 403/403/403
f 403/403/403 406/406/406 407/407/407
f 403/403/403 407/407/407 408/408/408
f 408/408/408 409/409/409 403/403/403
f 403/403/403 409/409/409 410/410/410
f 410/410/410 409/409/409 411/411/411
f 410/410/410 411/411/411 412/412/412
f 412/412/412 411/411/411 413/413/413
f 413/413/413 411/411/411 414/414/414
f 413/413/413 414/414/414 415/415/415
f 415/415/415 416/416/416 413/413/413
f 413/413/413 416/416/416 417/417/417
f 417/417/417 416/416/416 418/418/418
f 417/417/417 418/418/418 419/419/419
f 419/419/419 418/418/418 420/420/420
f 419/419/419 420/420/420 421/421/421
f 419/419/419 421/421/421 422/422/422
f 422/422/422 421/421/421 423/423/423
f 422/422/422 423/423/423 424/424/424
f 424/424/424 423/423/423 425/425/425
f 424/424/424 425/425/425 426/426/426
f 424/424/424 426/426/426 427/427/427
f 427/427/427 426/426/426 428/428/428
f 427/427/427 428/428/428 429/429/429
f 427/427/427 429/429/429 379/379/379
f 379/379/379 429/429/429 430/430/430
f 379/379/379 430/430/430 431/431/431
f 431/431/431 377/377/377 379/379/379
f 270/270/270 275/275/275 432/432/432
f 432/432/432 275/275/275 433/433/433
f 432/432/432 433/433/433 434/434/434
f 434/434/434 433/433/433 435/435/435
f 434/434/434 435/435/435 436/436/436
f 436/436/436 435/435/435 437/437/437
f 436/436/436 437/437/437 438/438/438
f 438/438/438 437/437/437 439/439/439
f 438/438/438 439/439/439 440/440/440
f 440/440/440 439/439/439 441/441/441
f 440/440/440 441/441/441 442/442/442
f 442/442/442 441/441/441 443/443/443
f 442/442/442 443/443/443 444/444/444
f 444/444/444 443/443/443 445/445/445
f 444/444/444 445/445/445 446/446/446
f 446/446/446 445/445/445 447/447/447
f 446/446/446 447/447/447 412/412/412
f 412/412/412 447/447/447 410/410/410
f 302/302/302 448/448/448 303/303/303
f 303/303/303 448/448/448 449/449/449
f 449/449/449 448/448/448 450/450/450
f 449/449/449 450/450/450 451/451/451
f 451/451/451 450/450/450 452/452/452
f 451/451/451 452/452/452 453/453/453
f 453/453/453 452/452/452 454/454/454
f 453/453/453 454/454/454 455/455/455
f 455/455/455 454/454/454 456/456/456
f 455/455/455 456/456/456 457/457/457
f 457/457/457 456/456/456 458/458/458
f 457/457/457 458/458/458 459/459/459
f 459/459/459 458/458/458 460/460/460
f 459/459/459 460/460/460 461/461/461
f 461/461/461 460/460/460 462/462/462
f 461/461/461 462/462/462 331/331/331
f 331/331/331 462/462/462 329/329/329
f 352/352/352 357/357/357 463/463/463
f 464/464/464 465/465/465 466/466/466
f 464/464/464 466/466/466 467/467/467
f 467/467/467 466/466/466 468/468/468
f 467/467/467 468/468/468 469/469/469
f 469/469/469 468/468/468 470/470/470
f 469/469/469 470/470/470 471/471/471
f 471/471/471 470/470/470 472/472/472
f 471/471/471 472/472/472 473/473/473
f 473/473/473 472/472/472 474/474/474
f 473/473/473 474/474/474 475/475/475
f 475/475/475 474/474/474 476/476/476
f 475/475/475 476/476/476 477/477/477
f 477/477/477 476/476/476 478/478/478
f 477/477/477 478/478/478 479/479/479
f 479/479/479 478/478/478 480/480/480
f 479/479/479 480/480/480 386/386/386
f 386/386/386 480/480/480 381/381/381
f 481/481/481 482/482/482 483/483/483
f 483/483/483 482/482/482 484/484/484
f 483/483/483 484/484/484 485/485/485
f 482/482/482 481/481/481 486/486/486
f 486/486/486 481/481/481 487/487/487
f 486/486/486 487/487/487 488/488/488
f 488/488/488 489/489/489 486/486/486
f 482/482/482 486/486/486 490/490/490
f 490/490/490 486/486/486 491/491/491
f 490/490/490 491/491/491 492/492/492
f 492/492/492 491/491/491 493/493/493
f 493/493/493 491/491/491 494/494/494
f 493/493/493 494/494/494 495/495/495
f 495/495/495 494/494/494 496/496/496
f 496/496/496 494/494/494 497/497/497
f 497/497/497 494/494/494 498/498/498
f 497/497/497 498/498/498 499/499/499
f 499/499/499 500/500/500 497/497/497
f 497/497/497 500/500/500 501/501/501
f 495/495/495 502/502/502 493/493/493
f 483/483/483 485/485/485 503/503/503
f 503/503/503 485/485/485 504/504/504
f 503/503/503 504/504/504 505/505/505
f 505/505/505 504/504/504 506/506/506
f 505/505/505 506/506/506 507/507/507
f 505/505/505 507/507/507 508/508/508
f 508/508/508 507/507/507 509/509/509
f 508/508/508 509/509/509 510/510/510
f 511/511/511 512/512/512 513/513/513
f 513/513/513 512/512/512 514/514/514
f 513/513/513 514/514/514 515/515/515
f 515/515/515 514/514/514 516/516/516
f 516/516/516 514/514/514 517/517/517
f 516/516/516 517/517/517 518/518/518
f 514/514/514 519/519/519 517/517/517
f 517/517/517 519/519/519 520/520/520
f 520/520/520 519/519/519 521/521/521
f 521/521/521 519/519/519 522/522/522
f 521/521/521 522/522/522 523/523/523
f 523/523/523 522/522/522 524/524/524
f 524/524/524 522/522/522 525/525/525
f 521/521/521 523/523/523 526/526/526
f 526/526/526 523/523/523 527/527/527
f 526/526/526 527/527/527 528/528/528
f 528/528/528 527/527/527 529/529/529
f 528/528/528 529/529/529 530/530/530
f 530/530/530 529/529/529 531/531/531
f 531/531/531 529/529/529 532/532/532
f 531/531/531 532/532/532 533/533/533
f 533/533/533 532/532/532 534/534/534
f 533/533/533 534/534/534 535/535/535
f 535/535/535 534/534/534 536/536/536
f 535/535/535 536/536/536 537/537/537
f 537/537/537 536/536/536 538/538/538
f 518/518/518 539/539/539 516/516/516
f 540/540/540 541/541/541 513/513/513
f 513/513/513 541/541/541 511/511/511
f 542/542/542 543/543/543 544/544/544
f 544/544/544 543/543/543 545/545/545
f 544/544/544 545/545/545 546/546/546
f 546/546/546 545/545/545 547/547/547
f 546/546/546 547/547/547 548/548/548
f 548/548/548 547/547/547 549/549/549
f 550/550/550 551/551/551 552/552/552
f 553/553/553 554/554/554 555/555/555
f 556/556/556 557/557/557 558/558/558
f 556/556/556 558/558/558 559/559/559
f 559/559/559 558/558/558 560/560/560
f 559/559/559 560/560/560 561/561/561
f 561/561/561 560/560/560 562/562/562
f 561/561/561 562/562/562 563/563/563
f 563/563/563 562/562/562 564/564/564
f 563/563/563 564/564/564 565/565/565
f 565/565/565 564/564/564 566/566/566
f 565/565/565 566/566/566 567/567/567
f 567/567/567 566/566/566 568/568/568
f 567/567/567 568/568/568 569/569/569
f 569/569/569 568/568/568 570/570/570
f 569/569/569 570/570/570 571/571/571
f 571/571/571 570/570/570 572/572/572
f 571/571/571 572/572/572 573/573/573
f 573/573/573 572/572/572 574/574/574
f 573/573/573 574/574/574 575/575/575
f 575/575/575 574/574/574 576/576/576
f 575/575/575 576/576/576 577/577/577
f 577/577/577 576/576/576 578/578/578
f 577/577/577 578/578/578 579/579/579
f 579/579/579 578/578/578 580/580/580
f 579/579/579 580/580/580 581/581/581
f 581/581/581 580/580/580 582/582/582
f 581/581/581 582/582/582 583/583/583
f 583/583/583 582/582/582 584/584/584
f 583/583/583 584/584/584 585/585/585
f 585/585/585 584/584/584 586/586/586
f 585/585/585 586/586/586 587/587/587
f 587/587/587 586/586/586 588/588/588
f 587/587/587 588/588/588 589/589/589
f 589/589/589 588/588/588 590/590/590
f 589/589/589 590/590/590 591/591/591
f 591/591/591 590/590/590 592/592/592
f 591/591/591 592/592/592 593/593/593
f 593/593/593 592/592/592 594/594/594
f 593/593/593 594/594/594 595/595/595
f 595/595/595 594/594/594 596/596/596
f 595/595/595 596/596/596 597/597/597
f 597/597/597 596/596/596 598/598/598
f 597/597/597 598/598/598 599/599/599
f 599/599/599 598/598/598 600/600/600
f 599/599/599 600/600/600 601/601/601
f 601/601/601 600/600/600 602/602/602
f 601/601/601 602/602/602 603/603/603
f 603/603/603 602/602/602 604/604/604
f 603/603/603 604/604/604 605/605/605
f 605/605/605 604/604/604 606/606/606
f 605/605/605 606/606/606 607/607/607
f 607/607/607 606/606/606 608/608/608
f 607/607/607 608/608/608 553/553/553
f 553/553/553 608/608/608 554/554/554
f 609/609/609 610/610/610 611/611/611
f 611/611/611 610/610/610 612/612/612
f 611/611/611 612/612/612 613/613/613
f 613/613/613 612/612/612 614/614/614
f 613/613/613 614/614/614 615/615/615
f 613/613/613 615/615/615 616/616/616
f 616/616/616 615/615/615 617/617/617
f 616/616/616 617/617/617 618/618/618
f 618/618/618 617/617/617 619/619/619
f 618/618/618 619/619/619 620/620/620
f 618/618/618 620/620/620 621/621/621
f 621/621/621 620/620/620 622/622/622
f 621/621/621 622/622/622 623/623/623
f 623/623/623 622/622/622 624/624/624
f 623/623/623 624/624/624 625/625/625
f 625/625/625 624/624/624 626/626/626
f 625/625/625 626/626/626 627/627/627
f 627/627/627 626/626/626 628/628/628
f 627/627/627 628/628/628 629/629/629
f 627/627/627 629/629/629 630/630/630
f 630/630/630 629/629/629 631/631/631
f 630/630/630 631/631/631 632/632/632
f 633/633/633 634/634/634 632/632/632
f 632/632/632 634/634/634 635/635/635
f 632/632/632 635/635/635 630/630/630
f 633/633/633 636/636/636 634/634/634
f 634/634/634 636/636/636 637/637/637
f 637/637/637 636/636/636 638/638/638
f 637/637/637 638/638/638 639/639/639
f 637/637/637 639/639/639 640/640/640
f 640/640/640 639/639/639 641/641/641
f 640/640/640 641/641/641 642/642/642
f 640/640/640 642/642/642 643/643/643
f 643/643/643 642/642/642 644/644/644
f 643/643/643 644/644/644 645/645/645
f 645/645/645 644/644/644 646/646/646
f 645/645/645 646/646/646 647/647/647
f 645/645/645 647/647/647 648/648/648
f 648/648/648 647/647/647 649/649/649
f 648/648/648 649/649/649 650/650/650
f 648/648/648 650/650/650 651/651/651
f 651/651/651 650/650/650 652/652/652
f 651/651/651 652/652/652 653/653/653
f 651/651/651 653/653/653 654/654/654
f 654/654/654 653/653/653 655/655/655
f 654/654/654 655/655/655 656/656/656
f 656/656/656 655/655/655 657/657/657
f 656/656/656 657/657/657 658/658/658
f 658/658/658 657/657/657 659/659/659
f 658/658/658 659/659/659 660/660/660
f 658/658/658 660/660/660 661/661/661
f 661/661/661 660/660/660 662/662/662
f 661/661/661 662/662/662 663/663/663
f 663/663/663 662/662/662 664/664/664
f 663/663/663 664/664/664 665/665/665
f 665/665/665 664/664/664 666/666/666
f 665/665/665 666/666/666 667/667/667
f 667/667/667 666/666/666 668/668/668
f 667/667/667 668/668/668 669/669/669
f 667/667/667 669/669/669 670/670/670
f 670/670/670 669/669/669 671/671/671
f 670/670/670 671/671/671 672/672/672
f 673/673/673 674/674/674 672/672/672
f 672/672/672 674/674/674 675/675/675
f 672/672/672 675/675/675 670/670/670
f 674/674/674 673/673/673 676/676/676
f 676/676/676 673/673/673 677/677/677
f 676/676/676 677/677/677 678/678/678
f 676/676/676 678/678/678 679/679/679
f 679/679/679 678/678/678 680/680/680
f 679/679/679 680/680/680 681/681/681
f 679/679/679 681/681/681 682/682/682
f 682/682/682 681/681/681 683/683/683
f 682/682/682 683/683/683 684/684/684
f 682/682/682 684/684/684 685/685/685
f 685/685/685 684/684/684 686/686/686
f 685/685/685 686/686/686 687/687/687
f 687/687/687 686/686/686 688/688/688
f 687/687/687 688/688/688 609/609/609
f 687/687/687 609/609/609 611/611/611
f 635/635/635 689/689/689 690/690/690
f 690/690/690 689/689/689 691/691/691
f 690/690/690 691/691/691 692/692/692
f 692/692/692 691/691/691 693/693/693
f 692/692/692 693/693/693 694/694/694
f 694/694/694 693/693/693 695/695/695
f 694/694/694 695/695/695 696/696/696
f 696/696/696 695/695/695 697/697/697
f 697/697/697 695/695/695 698/698/698
f 697/697/697 698/698/698 699/699/699
f 699/699/699 698/698/698 700/700/700
f 699/699/699 700/700/700 616/616/616
f 616/616/616 700/700/700 613/613/613
f 656/656/656 701/701/701 654/654/654
f 654/654/654 701/701/701 702/702/702
f 702/702/702 701/701/701 703/703/703
f 702/702/702 703/703/703 704/704/704
f 704/704/704 703/703/703 705/705/705
f 704/704/704 705/705/705 706/706/706
f 706/706/706 705/705/705 707/707/707
f 706/706/706 707/707/707 708/708/708
f 708/708/708 707/707/707 709/709/709
f 708/708/708 709/709/709 710/710/710
f 710/710/710 709/709/709 711/711/711
f 710/710/710 711/711/711 674/674/674
f 674/674/674 711/711/711 675/675/675
f 634/634/634 689/689/689 635/635/635
f 712/712/712 713/713/713 714/714/714
f 714/714/714 713/713/713 715/715/715
f 714/714/714 715/715/715 716/716/716
f 716/716/716 715/715/715 717/717/717
f 716/716/716 717/717/717 718/718/718
f 716/716/716 718/718/718 719/719/719
f 719/719/719 718/718/718 720/720/720
f 719/719/719 720/720/720 721/721/721
f 719/719/719 721/721/721 722/722/722
f 722/722/722 721/721/721 723/723/723
f 722/722/722 723/723/723 724/724/724
f 724/724/724 723/723/723 725/725/725
f 724/724/724 725/725/725 726/726/726
f 724/724/724 726/726/726 727/727/727
f 727/727/727 726/726/726 728/728/728
f 727/727/727 728/728/728 729/729/729
f 727/727/727 729/729/729 730/730/730
f 730/730/730 729/729/729 731/731/731
f 730/730/730 731/731/731 732/732/732
f 732/732/732 731/731/731 733/733/733
f 733/733/733 731/731/731 734/734/734
f 733/733/733 734/734/734 735/735/735
f 733/733/733 735/735/735 736/736/736
f 736/736/736 735/735/735 737/737/737
f 736/736/736 737/737/737 738/738/738
f 736/736/736 738/738/738 739/739/739
f 739/739/739 738/738/738 740/740/740
f 739/739/739 740/740/740 741/741/741
f 741/741/741 740/740/740 742/742/742
f 741/741/741 742/742/742 743/743/743
f 743/743/743 742/742/742 744/744/744
f 743/743/743 744/744/744 745/745/745
f 743/743/743 745/745/745 746/746/746
f 746/746/746 745/745/745 747/747/747
f 746/746/746 747/747/747 748/748/748
f 748/748/748 747/747/747 749/749/749
f 748/748/748 749/749/749 750/750/750
f 748/748/748 750/750/750 751/751/751
f 751/751/751 750/750/750 752/752/752
f 751/751/751 752/752/752 753/753/753
f 753/753/753 752/752/752 754/754/754
f 754/754/754 752/752/752 755/755/755
f 754/754/754 755/755/755 756/756/756
f 754/754/754 756/756/756 757/757/757
f 757/757/757 756/756/756 758/758/758
f 757/757/757 758/758/758 759/759/759
f 757/757/757 759/759/759 760/760/760
f 760/760/760 759/759/759 761/761/761
f 760/760/760 761/761/761 762/762/762
f 760/760/760 762/762/762 763/763/763
f 763/763/763 762/762/762 764/764/764
f 763/763/763 764/764/764 765/765/765
f 765/765/765 764/764/764 766/766/766
f 765/765/765 766/766/766 767/767/767
f 765/765/765 767/767/767 768/768/768
f 768/768/768 767/767/767 769/769/769
f 768/768/768 769/769/769 770/770/770
f 768/768/768 770/770/770 771/771/771
f 771/771/771 770/770/770 772/772/772
f 771/771/771 772/772/772 773/773/773
f 771/771/771 773/773/773 774/774/774
f 774/774/774 773/773/773 775/775/775
f 774/774/774 775/775/775 776/776/776
f 776/776/776 775/775/775 777/777/777
f 776/776/776 777/777/777 778/778/778
f 776/776/776 778/778/778 779/779/779
f 779/779/779 778/778/778 780/780/780
f 779/779/779 780/780/780 781/781/781
f 781/781/781 780/780/780 782/782/782
f 781/781/781 782/782/782 783/783/783
f 781/781/781 783/783/783 784/784/784
f 784/784/784 783/783/783 785/785/785
f 784/784/784 785/785/785 786/786/786
f 786/786/786 785/785/785 787/787/787
f 786/786/786 787/787/787 788/788/788
f 788/788/788 787/787/787 789/789/789
f 788/788/788 789/789/789 790/790/790
f 788/788/788 790/790/790 791/791/791
f 791/791/791 790/790/790 792/792/792
f 791/791/791 792/792/792 793/793/793
f 791/791/791 793/793/793 794/794/794
f 794/794/794 793/793/793 712/712/712
f 794/794/794 712/712/712 714/714/714
f 791/791/791 794/794/794 795/795/795
f 795/795/795 794/794/794 796/796/796
f 795/795/795 796/796/796 797/797/797
f 797/797/797 796/796/796 798/798/798
f 797/797/797 798/798/798 799/799/799
f 799/799/799 798/798/798 800/800/800
f 799/799/799 800/800/800 801/801/801
f 801/801/801 800/800/800 802/802/802
f 801/801/801 802/802/802 803/803/803
f 803/803/803 802/802/802 804/804/804
f 803/803/803 804/804/804 805/805/805
f 805/805/805 804/804/804 806/806/806
f 805/805/805 806/806/806 807/807/807
f 807/807/807 806/806/806 771/771/771
f 807/807/807 771/771/771 774/774/774
f 751/751/751 753/753/753 808/808/808
f 808/808/808 753/753/753 809/809/809
f 808/808/808 809/809/809 810/810/810
f 810/810/810 809/809/809 811/811/811
f 810/810/810 811/811/811 812/812/812
f 812/812/812 811/811/811 813/813/813
f 812/812/812 813/813/813 814/814/814
f 814/814/814 813/813/813 815/815/815
f 814/814/814 815/815/815 816/816/816
f 816/816/816 815/815/815 817/817/817
f 816/816/816 817/817/817 818/818/818
f 818/818/818 817/817/817 730/730/730
f 818/818/818 730/730/730 732/732/732
f 819/819/819 820/820/820 821/821/821
f 821/821/821 820/820/820 822/822/822
f 821/821/821 822/822/822 823/823/823
f 823/823/823 822/822/822 824/824/824
f 823/823/823 824/824/824 825/825/825
f 825/825/825 824/824/824 826/826/826
f 825/825/825 826/826/826 827/827/827
f 827/827/827 826/826/826 828/828/828
f 827/827/827 828/828/828 829/829/829
f 829/829/829 828/828/828 830/830/830
f 829/829/829 830/830/830 831/831/831
f 831/831/831 830/830/830 832/832/832
f 831/831/831 832/832/832 833/833/833
f 833/833/833 832/832/832 834/834/834
f 833/833/833 834/834/834 835/835/835
f 836/836/836 837/837/837 838/838/838
f 836/836/836 838/838/838 839/839/839
f 839/839/839 838/838/838 840/840/840
f 839/839/839 840/840/840 841/841/841
f 841/841/841 840/840/840 842/842/842
f 841/841/841 842/842/842 843/843/843
f 843/843/843 842/842/842 844/844/844
f 843/843/843 844/844/844 845/845/845
f 845/845/845 844/844/844 846/846/846
f 845/845/845 846/846/846 847/847/847
f 847/847/847 846/846/846 848/848/848
f 847/847/847 848/848/848 849/849/849
f 849/849/849 848/848/848 819/819/819
f 849/849/849 819/819/819 821/821/821
f 850/850/850 851/851/851 852/852/852
f 852/852/852 851/851/851 853/853/853
f 852/852/852 853/853/853 854/854/854
f 854/854/854 853/853/853 855/855/855
f 854/854/854 855/855/855 856/856/856
f 856/856/856 855/855/855 857/857/857
f 856/856/856 857/857/857 858/858/858
f 858/858/858 857/857/857 859/859/859
f 858/858/858 859/859/859 860/860/860
f 860/860/860 859/859/859 861/861/861
f 860/860/860 861/861/861 862/862/862
f 862/862/862 861/861/861 863/863/863
f 862/862/862 863/863/863 864/864/864
f 864/864/864 863/863/863 865/865/865
f 864/864/864 865/865/865 866/866/866
f 867/867/867 868/868/868 869/869/869
f 867/867/867 869/869/869 870/870/870
f 870/870/870 869/869/869 871/871/871
f 870/870/870 871/871/871 872/872/872
f 872/872/872 871/871/871 873/873/873
f 872/872/872 873/873/873 874/874/874
f 874/874/874 873/873/873 875/875/875
f 874/874/874 875/875/875 876/876/876
f 876/876/876 875/875/875 877/877/877
f 876/876/876 877/877/877 878/878/878
f 878/878/878 877/877/877 879/879/879
f 878/878/878 879/879/879 880/880/880
f 880/880/880 879/879/879 850/850/850
f 880/880/880 850/850/850 852/852/852
f 881/881/881 882/882/882 883/883/883
f 883/883/883 882/882/882 884/884/884
f 883/883/883 884/884/884 885/885/885
f 885/885/885 884/884/884 886/886/886
f 885/885/885 886/886/886 887/887/887
f 887/887/887 886/886/886 888/888/888
f 887/887/887 888/888/888 889/889/889
f 889/889/889 888/888/888 890/890/890
f 889/889/889 890/890/890 891/891/891
f 891/891/891 890/890/890 892/892/892
f 891/891/891 892/892/892 893/893/893
f 893/893/893 892/892/892 894/894/894
f 893/893/893 894/894/894 895/895/895
f 895/895/895 894/894/894 896/896/896
f 895/895/895 896/896/896 897/897/897
f 897/897/897 896/896/896 898/898/898
f 897/897/897 898/898/898 899/899/899
f 899/899/899 898/898/898 900/900/900
f 899/899/899 900/900/900 901/901/901
f 901/901/901 900/900/900 902/902/902
f 901/901/901 902/902/902 903/903/903
f 903/903/903 902/902/902 904/904/904
f 903/903/903 904/904/904 905/905/905
f 905/905/905 904/904/904 906/906/906
f 905/905/905 906/906/906 907/907/907
f 907/907/907 906/906/906 908/908/908
f 907/907/907 908/908/908 909/909/909
f 909/909/909 908/908/908 910/910/910
f 909/909/909 910/910/910 911/911/911
f 911/911/911 910/910/910 912/912/912
f 911/911/911 912/912/912 913/913/913
f 913/913/913 912/912/912 914/914/914
f 913/913/913 914/914/914 915/915/915
f 915/915/915 914/914/914 916/916/916
f 915/915/915 916/916/916 917/917/917
f 917/917/917 916/916/916 918/918/918
f 918/918/918 916/916/916 919/919/919
f 918/918/918 919/919/919 920/920/920
f 920/920/920 919/919/919 921/921/921
f 920/920/920 921/921/921 922/922/922
f 922/922/922 921/921/921 923/923/923
f 922/922/922 923/923/923 924/924/924
f 924/924/924 923/923/923 925/925/925
f 924/924/924 925/925/925 926/926/926
f 926/926/926 925/925/925 927/927/927
f 926/926/926 927/927/927 928/928/928
f 928/928/928 927/927/927 929/929/929
f 928/928/928 929/929/929 930/930/930
f 930/930/930 929/929/929 931/931/931
f 930/930/930 931/931/931 932/932/932
f 932/932/932 931/931/931 933/933/933
f 932/932/932 933/933/933 934/934/934
f 934/934/934 933/933/933 935/935/935
f 934/934/934 935/935/935 936/936/936
f 936/936/936 935/935/935 937/937/937
f 936/936/936 937/937/937 938/938/938
f 938/938/938 937/937/937 939/939/939
f 938/938/938 939/939/939 940/940/940
f 940/940/940 939/939/939 941/941/941
f 940/940/940 941/941/941 942/942/942
f 942/942/942 941/941/941 943/943/943
f 942/942/942 943/943/943 944/944/944
f 944/944/944 943/943/943 945/945/945
f 944/944/944 945/945/945 946/946/946
f 946/946/946 945/945/945 947/947/947
f 946/946/946 947/947/947 948/948/948
f 948/948/948 947/947/947 949/949/949
f 948/948/948 949/949/949 950/950/950
f 950/950/950 949/949/949 951/951/951
f 950/950/950 951/951/951 952/952/952
f 952/952/952 951/951/951 953/953/953
f 952/952/952 953/953/953 954/954/954
f 954/954/954 953/953/953 955/955/955
f 954/954/954 955/955/955 956/956/956
f 956/956/956 955/955/955 957/957/957
f 956/956/956 957/957/957 958/958/958
f 958/958/958 957/957/957 959/959/959
f 958/958/958 959/959/959 960/960/960
f 960/960/960 959/959/959 961/961/961
f 960/960/960 961/961/961 962/962/962
f 962/962/962 961/961/961 963/963/963
f 962/962/962 963/963/963 964/964/964
f 964/964/964 963/963/963 965/965/965
f 964/964/964 965/965/965 966/966/966
f 966/966/966 965/965/965 967/967/967
f 966/966/966 967/967/967 968/968/968
f 968/968/968 967/967/967 969/969/969
f 968/968/968 969/969/969 970/970/970
f 970/970/970 969/969/969 971/971/971
f 970/970/970 971/971/971 972/972/972
f 972/972/972 971/971/971 973/973/973
f 972/972/972 973/973/973 974/974/974
f 974/974/974 973/973/973 975/975/975
f 974/974/974 975/975/975 976/976/976
f 976/976/976 975/975/975 977/977/977
f 976/976/976 977/977/977 978/978/978
f 978/978/978 977/977/977 979/979/979
f 978/978/978 979/979/979 881/881/881
f 881/881/881 979/979/979 882/882/882
f 980/980/980 981/981/981 982/982/982
f 982/982/982 981/981/981 983/983/983
f 982/982/982 983/983/983 984/984/984
f 984/984/984 983/983/983 985/985/985
f 984/984/984 985/985/985 986/986/986
f 986/986/986 985/985/985 987/987/987
f 986/986/986 987/987/987 988/988/988
f 988/988/988 987/987/987 989/989/989
f 988/988/988 989/989/989 990/990/990
f 990/990/990 989/989/989 991/991/991
f 990/990/990 991/991/991 992/992/992
f 992/992/992 991/991/991 993/993/993
f 992/992/992 993/993/993 994/994/994
f 994/994/994 993/993/993 995/995/995
f 994/994/994 995/995/995 996/996/996
f 996/996/996 995/995/995 997/997/997
f 996/996/996 997/997/997 998/998/998
f 998/998/998 997/997/997 999/999/999
f 998/998/998 999/999/999 1000/1000/1000
f 1000/1000/1000 999/999/999 1001/1001/1001
f 1000/1000/1000 1001/1001/1001 1002/1002/1002
f 1002/1002/1002 1001/1001/1001 1003/1003/1003
f 1004/1004/1004 1005/1005/1005 1006/1006/1006
f 1006/1006/1006 1005/1005/1005 1007/1007/1007
f 1006/1006/1006 1007/1007/1007 1008/1008/1008
f 1008/1008/1008 1007/1007/1007 1009/1009/1009
f 1008/1008/1008 1009/1009/1009 1010/1010/1010
f 1010/1010/1010 1009/1009/1009 1011/1011/1011
f 1010/1010/1010 1011/1011/1011 1012/1012/1012
f 1012/1012/1012 1011/1011/1011 1013/1013/1013
f 1014/1014/1014 1015/1015/1015 1016/1016/1016
f 1016/1016/1016 1015/1015/1015 1017/1017/1017
f 1017/1017/1017 1015/1015/1015 1018/1018/1018
f 1019/1019/1019 1020/1020/1020 1021/1021/1021
f 1022/1022/1022 1023/1023/1023 1024/1024/1024
f 1024/1024/1024 1023/1023/1023 1025/1025/1025
f 1025/1025/1025 1023/1023/1023 1026/1026/1026
f 1027/1027/1027 1028/1028/1028 1029/1029/1029
f 1029/1029/1029 1028/1028/1028 1030/1030/1030
f 1029/1029/1029 1030/1030/1030 1031/1031/1031
f 1032/1032/1032 1033/1033/1033 1034/1034/1034
f 1034/1034/1034 1033/1033/1033 1035/1035/1035
f 1035/1035/1035 1033/1033/1033 1036/1036/1036
f 1037/1037/1037 1038/1038/1038 1039/1039/1039
f 1039/1039/1039 1038/1038/1038 1040/1040/1040
f 1039/1039/1039 1040/1040/1040 1041/1041/1041
f 1042/1042/1042 1043/1043/1043 1044/1044/1044
f 1044/1044/1044 1043/1043/1043 1045/1045/1045
f 1044/1044/1044 1045/1045/1045 1046/1046/1046
f 1046/1046/1046 1045/1045/1045 1047/1047/1047
f 1046/1046/1046 1047/1047/1047 1048/1048/1048
f 1048/1048/1048 1047/1047/1047 1049/1049/1049
f 1048/1048/1048 1049/1049/1049 1050/1050/1050
f 1050/1050/1050 1049/1049/1049 1051/1051/1051
f 1052/1052/1052 1053/1053/1053 1054/1054/1054
f 1054/1054/1054 1053/1053/1053 1055/1055/1055
f 1054/1054/1054 1055/1055/1055 1056/1056/1056
f 1056/1056/1056 1055/1055/1055 1057/1057/1057
f 1056/1056/1056 1057/1057/1057 1058/1058/1058
f 1056/1056/1056 1058/1058/1058 1059/1059/1059
f 1059/1059/1059 1058/1058/1058 1060/1060/1060
f 1059/1059/1059 1060/1060/1060 1061/1061/1061
f 1061/1061/1061 1062/1062/1062 1059/1059/1059
f 1059/1059/1059 1062/1062/1062 1056/1056/1056
f 1062/1062/1062 1063/1063/1063 1056/1056/1056
f 1056/1056/1056 1063/1063/1063 1064/1064/1064
f 1056/1056/1056 1064/1064/1064 1054/1054/1054
f 1054/1054/1054 1064/1064/1064 1052/1052/1052
f 1065/1065/1065 1066/1066/1066 1067/1067/1067
f 1067/1067/1067 1066/1066/1066 1068/1068/1068
f 1067/1067/1067 1068/1068/1068 1069/1069/1069
f 1069/1069/1069 1068/1068/1068 1070/1070/1070
f 1069/1069/1069 1070/1070/1070 1071/1071/1071
f 1071/1071/1071 1070/1070/1070 1072/1072/1072
f 1071/1071/1071 1072/1072/1072 1073/1073/1073
f 1073/1073/1073 1072/1072/1072 1074/1074/1074
f 1073/1073/1073 1074/1074/1074 1075/1075/1075
f 1075/1075/1075 1074/1074/1074 1076/1076/1076
f 1075/1075/1075 1076/1076/1076 1077/1077/1077
f 1072/1072/1072 1078/1078/1078 1074/1074/1074
f 1074/1074/1074 1078/1078/1078 1076/1076/1076
f 1075/1075/1075 1077/1077/1077 1079/1079/1079
f 1079/1079/1079 1077/1077/1077 1080/1080/1080
f 1079/1079/1079 1080/1080/1080 1081/1081/1081
f 1079/1079/1079 1081/1081/1081 1082/1082/1082
f 1082/1082/1082 1081/1081/1081 1083/1083/1083
f 1082/1082/1082 1083/1083/1083 1084/1084/1084
f 1085/1085/1085 1086/1086/1086 1084/1084/1084
f 1084/1084/1084 1086/1086/1086 1087/1087/1087
f 1084/1084/1084 1087/1087/1087 1082/1082/1082
f 1082/1082/1082 1087/1087/1087 1088/1088/1088
f 1082/1082/1082 1088/1088/1088 1079/1079/1079
f 1079/1079/1079 1088/1088/1088 1089/1089/1089
f 1079/1079/1079 1089/1089/1089 1075/1075/1075
f 1075/1075/1075 1089/1089/1089 1073/1073/1073
f 1086/1086/1086 1085/1085/1085 1090/1090/1090
f 1090/1090/1090 1085/1085/1085 1091/1091/1091
f 1090/1090/1090 1091/1091/1091 1092/1092/1092
f 1092/1092/1092 1091/1091/1091 1093/1093/1093
f 1092/1092/1092 1093/1093/1093 1094/1094/1094
f 1094/1094/1094 1095/1095/1095 1092/1092/1092
f 1092/1092/1092 1095/1095/1095 1096/1096/1096
f 1092/1092/1092 1096/1096/1096 1090/1090/1090
f 1090/1090/1090 1096/1096/1096 1097/1097/1097
f 1090/1090/1090 1097/1097/1097 1098/1098/1098
f 1098/1098/1098 1097/1097/1097 1099/1099/1099
f 1098/1098/1098 1099/1099/1099 1088/1088/1088
f 1088/1088/1088 1099/1099/1099 1089/1089/1089
f 1096/1096/1096 1095/1095/1095 1100/1100/1100
f 1100/1100/1100 1095/1095/1095 1065/1065/1065
f 1100/1100/1100 1065/1065/1065 1067/1067/1067
f 1097/1097/1097 1096/1096/1096 1100/1100/1100
f 1100/1100/1100 1067/1067/1067 1101/1101/1101
f 1101/1101/1101 1067/1067/1067 1069/1069/1069
f 1101/1101/1101 1069/1069/1069 1071/1071/1071
f 1099/1099/1099 1097/1097/1097 1101/1101/1101
f 1101/1101/1101 1097/1097/1097 1100/1100/1100
f 1099/1099/1099 1101/1101/1101 1071/1071/1071
f 1086/1086/1086 1090/1090/1090 1098/1098/1098
f 1089/1089/1089 1099/1099/1099 1071/1071/1071
f 1073/1073/1073 1089/1089/1089 1071/1071/1071
f 1087/1087/1087 1086/1086/1086 1098/1098/1098
f 1087/1087/1087 1098/1098/1098 1088/1088/1088
f 1102/1102/1102 1103/1103/1103 1104/1104/1104
f 1104/1104/1104 1103/1103/1103 1105/1105/1105
f 1104/1104/1104 1105/1105/1105 1106/1106/1106
f 1106/1106/1106 1105/1105/1105 1107/1107/1107
f 1106/1106/1106 1107/1107/1107 1108/1108/1108
f 1108/1108/1108 1107/1107/1107 1109/1109/1109
f 1108/1108/1108 1109/1109/1109 1110/1110/1110
f 1110/1110/1110 1109/1109/1109 1111/1111/1111
f 1110/1110/1110 1111/1111/1111 1112/1112/1112
f 1112/1112/1112 1111/1111/1111 1113/1113/1113
f 1112/1112/1112 1113/1113/1113 1114/1114/1114
f 1114/1114/1114 1113/1113/1113 1115/1115/1115
f 1114/1114/1114 1115/1115/1115 1116/1116/1116
f 1116/1116/1116 1115/1115/1115 1117/1117/1117
f 1116/1116/1116 1117/1117/1117 1118/1118/1118
f 1118/1118/1118 1117/1117/1117 1119/1119/1119
f 1118/1118/1118 1119/1119/1119 1120/1120/1120
f 1107/1107/1107 1121/1121/1121 1109/1109/1109
f 1109/1109/1109 1121/1121/1121 1122/1122/1122
f 1109/1109/1109 1122/1122/1122 1111/1111/1111
f 1111/1111/1111 1122/1122/1122 1123/1123/1123
f 1111/1111/1111 1123/1123/1123 1113/1113/1113
f 1113/1113/1113 1123/1123/1123 1124/1124/1124
f 1113/1113/1113 1124/1124/1124 1115/1115/1115
f 1115/1115/1115 1124/1124/1124 1117/1117/1117
f 1121/1121/1121 1125/1125/1125 1122/1122/1122
f 1122/1122/1122 1125/1125/1125 1126/1126/1126
f 1122/1122/1122 1126/1126/1126 1123/1123/1123
f 1123/1123/1123 1126/1126/1126 1124/1124/1124
f 1126/1126/1126 1127/1127/1127 1124/1124/1124
f 1124/1124/1124 1127/1127/1127 1119/1119/1119
f 1124/1124/1124 1119/1119/1119 1117/1117/1117
f 1116/1116/1116 1128/1128/1128 1114/1114/1114
f 1114/1114/1114 1128/1128/1128 1129/1129/1129
f 1114/1114/1114 1129/1129/1129 1112/1112/1112
f 1112/1112/1112 1129/1129/1129 1130/1130/1130
f 1112/1112/1112 1130/1130/1130 1110/1110/1110
f 1110/1110/1110 1130/1130/1130 1131/1131/1131
f 1110/1110/1110 1131/1131/1131 1108/1108/1108
f 1108/1108/1108 1131/1131/1131 1106/1106/1106
f 1129/1129/1129 1128/1128/1128 1132/1132/1132
f 1132/1132/1132 1128/1128/1128 1133/1133/1133
f 1132/1132/1132 1133/1133/1133 1134/1134/1134
f 1132/1132/1132 1134/1134/1134 1135/1135/1135
f 1135/1135/1135 1134/1134/1134 1102/1102/1102
f 1135/1135/1135 1102/1102/1102 1136/1136/1136
f 1136/1136/1136 1102/1102/1102 1104/1104/1104
f 1136/1136/1136 1104/1104/1104 1106/1106/1106
f 1136/1136/1136 1106/1106/1106 1131/1131/1131
f 1136/1136/1136 1131/1131/1131 1135/1135/1135
f 1135/1135/1135 1131/1131/1131 1130/1130/1130
f 1135/1135/1135 1130/1130/1130 1132/1132/1132
f 1132/1132/1132 1130/1130/1130 1129/1129/1129
f 1137/1137/1137 1138/1138/1138 1139/1139/1139
f 1139/1139/1139 1138/1138/1138 1140/1140/1140
f 1139/1139/1139 1140/1140/1140 1141/1141/1141
f 1141/1141/1141 1140/1140/1140 1142/1142/1142
f 1141/1141/1141 1142/1142/1142 1143/1143/1143
f 1143/1143/1143 1142/1142/1142 1144/1144/1144
f 1143/1143/1143 1144/1144/1144 1145/1145/1145
f 1145/1145/1145 1144/1144/1144 1146/1146/1146
f 1145/1145/1145 1146/1146/1146 1147/1147/1147
f 1147/1147/1147 1146/1146/1146 1148/1148/1148
f 1148/1148/1148 1146/1146/1146 1149/1149/1149
f 1148/1148/1148 1149/1149/1149 1150/1150/1150
f 1150/1150/1150 1149/1149/1149 1151/1151/1151
f 1151/1151/1151 1149/1149/1149 1152/1152/1152
f 1151/1151/1151 1152/1152/1152 1153/1153/1153
f 1153/1153/1153 1152/1152/1152 1154/1154/1154
f 1153/1153/1153 1154/1154/1154 1155/1155/1155
f 1155/1155/1155 1154/1154/1154 1140/1140/1140
f 1155/1155/1155 1140/1140/1140 1138/1138/1138
f 1138/1138/1138 1137/1137/1137 1156/1156/1156
f 1156/1156/1156 1137/1137/1137 1157/1157/1157
f 1156/1156/1156 1157/1157/1157 1158/1158/1158
f 1156/1156/1156 1158/1158/1158 1159/1159/1159
f 1159/1159/1159 1158/1158/1158 1160/1160/1160
f 1159/1159/1159 1160/1160/1160 1161/1161/1161
f 1159/1159/1159 1161/1161/1161 1162/1162/1162
f 1162/1162/1162 1161/1161/1161 1163/1163/1163
f 1162/1162/1162 1163/1163/1163 1153/1153/1153
f 1153/1153/1153 1163/1163/1163 1151/1151/1151
f 1147/1147/1147 1164/1164/1164 1145/1145/1145
f 1145/1145/1145 1164/1164/1164 1165/1165/1165
f 1145/1145/1145 1165/1165/1165 1143/1143/1143
f 1140/1140/1140 1154/1154/1154 1142/1142/1142
f 1142/1142/1142 1154/1154/1154 1166/1166/1166
f 1142/1142/1142 1166/1166/1166 1144/1144/1144
f 1144/1144/1144 1166/1166/1166 1146/1146/1146
f 1138/1138/1138 1156/1156/1156 1155/1155/1155
f 1155/1155/1155 1156/1156/1156 1162/1162/1162
f 1155/1155/1155 1162/1162/1162 1153/1153/1153
f 1159/1159/1159 1162/1162/1162 1156/1156/1156
f 1149/1149/1149 1146/1146/1146 1166/1166/1166
f 1149/1149/1149 1166/1166/1166 1152/1152/1152
f 1152/1152/1152 1166/1166/1166 1154/1154/1154
f 1167/1167/1167 1168/1168/1168 1169/1169/1169
f 1169/1169/1169 1168/1168/1168 1170/1170/1170
f 1169/1169/1169 1170/1170/1170 1171/1171/1171
f 1169/1169/1169 1171/1171/1171 1172/1172/1172
f 1172/1172/1172 1171/1171/1171 1173/1173/1173
f 1172/1172/1172 1173/1173/1173 1174/1174/1174
f 1174/1174/1174 1173/1173/1173 1175/1175/1175
f 1174/1174/1174 1175/1175/1175 1176/1176/1176
f 1174/1174/1174 1176/1176/1176 1177/1177/1177
f 1177/1177/1177 1176/1176/1176 1178/1178/1178
f 1177/1177/1177 1178/1178/1178 1179/1179/1179
f 1179/1179/1179 1178/1178/1178 1180/1180/1180
f 1179/1179/1179 1180/1180/1180 1181/1181/1181
f 1181/1181/1181 1180/1180/1180 1182/1182/1182
f 1181/1181/1181 1182/1182/1182 1183/1183/1183
f 1183/1183/1183 1182/1182/1182 1184/1184/1184
f 1183/1183/1183 1184/1184/1184 1185/1185/1185
f 1185/1185/1185 1184/1184/1184 1186/1186/1186
f 1186/1186/1186 1184/1184/1184 1187/1187/1187
f 1186/1186/1186 1187/1187/1187 1188/1188/1188
f 1188/1188/1188 1187/1187/1187 1189/1189/1189
f 1189/1189/1189 1187/1187/1187 1190/1190/1190
f 1189/1189/1189 1190/1190/1190 1191/1191/1191
f 1191/1191/1191 1190/1190/1190 1192/1192/1192
f 1191/1191/1191 1192/1192/1192 1193/1193/1193
f 1193/1193/1193 1192/1192/1192 1194/1194/1194
f 1194/1194/1194 1192/1192/1192 1180/1180/1180
f 1194/1194/1194 1180/1180/1180 1178/1178/1178
f 1183/1183/1183 1185/1185/1185 1195/1195/1195
f 1195/1195/1195 1185/1185/1185 1167/1167/1167
f 1195/1195/1195 1167/1167/1167 1169/1169/1169
f 1181/1181/1181 1183/1183/1183 1195/1195/1195
f 1195/1195/1195 1169/1169/1169 1196/1196/1196
f 1196/1196/1196 1169/1169/1169 1172/1172/1172
f 1196/1196/1196 1172/1172/1172 1177/1177/1177
f 1177/1177/1177 1172/1172/1172 1174/1174/1174
f 1190/1190/1190 1187/1187/1187 1184/1184/1184
f 1190/1190/1190 1184/1184/1184 1182/1182/1182
f 1179/1179/1179 1181/1181/1181 1196/1196/1196
f 1196/1196/1196 1181/1181/1181 1195/1195/1195
f 1179/1179/1179 1196/1196/1196 1177/1177/1177
f 1192/1192/1192 1190/1190/1190 1182/1182/1182
f 1192/1192/1192 1182/1182/1182 1180/1180/1180
f 1197/1197/1197 1198/1198/1198 1199/1199/1199
f 1199/1199/1199 1198/1198/1198 1200/1200/1200
f 1199/1199/1199 1200/1200/1200 1201/1201/1201
f 1201/1201/1201 1200/1200/1200 1202/1202/1202
f 1201/1201/1201 1202/1202/1202 1203/1203/1203
f 1203/1203/1203 1202/1202/1202 1204/1204/1204
f 1205/1205/1205 1206/1206/1206 1207/1207/1207
f 1207/1207/1207 1206/1206/1206 1208/1208/1208
f 1207/1207/1207 1208/1208/1208 1209/1209/1209
f 1209/1209/1209 1208/1208/1208 1210/1210/1210
f 1209/1209/1209 1210/1210/1210 1211/1211/1211
f 1211/1211/1211 1210/1210/1210 1212/1212/1212
f 1211/1211/1211 1212/1212/1212 1213/1213/1213
f 1213/1213/1213 1214/1214/1214 1211/1211/1211
f 1211/1211/1211 1214/1214/1214 1215/1215/1215
f 1211/1211/1211 1215/1215/1215 1209/1209/1209
f 1209/1209/1209 1215/1215/1215 1216/1216/1216
f 1209/1209/1209 1216/1216/1216 1207/1207/1207
f 1207/1207/1207 1216/1216/1216 1217/1217/1217
f 1207/1207/1207 1217/1217/1217 1205/1205/1205
f 1205/1205/1205 1217/1217/1217 1218/1218/1218
f 1218/1218/1218 1217/1217/1217 1219/1219/1219
f 1218/1218/1218 1219/1219/1219 1220/1220/1220
f 1220/1220/1220 1219/1219/1219 1221/1221/1221
f 1220/1220/1220 1221/1221/1221 1222/1222/1222
f 1222/1222/1222 1221/1221/1221 1223/1223/1223
f 1222/1222/1222 1223/1223/1223 1224/1224/1224
f 1224/1224/1224 1223/1223/1223 1225/1225/1225
f 1225/1225/1225 1223/1223/1223 1226/1226/1226
f 1226/1226/1226 1223/1223/1223 1227/1227/1227
f 1226/1226/1226 1227/1227/1227 1228/1228/1228
f 1228/1228/1228 1227/1227/1227 1229/1229/1229
f 1228/1228/1228 1229/1229/1229 1215/1215/1215
f 1215/1215/1215 1229/1229/1229 1216/1216/1216
f 1214/1214/1214 1228/1228/1228 1215/1215/1215
f 1224/1224/1224 1230/1230/1230 1222/1222/1222
f 1222/1222/1222 1230/1230/1230 1231/1231/1231
f 1222/1222/1222 1231/1231/1231 1220/1220/1220
f 1220/1220/1220 1231/1231/1231 1232/1232/1232
f 1220/1220/1220 1232/1232/1232 1218/1218/1218
f 1230/1230/1230 1233/1233/1233 1231/1231/1231
f 1231/1231/1231 1233/1233/1233 1232/1232/1232
f 1219/1219/1219 1217/1217/1217 1234/1234/1234
f 1234/1234/1234 1217/1217/1217 1216/1216/1216
f 1234/1234/1234 1216/1216/1216 1229/1229/1229
f 1219/1219/1219 1234/1234/1234 1221/1221/1221
f 1221/1221/1221 1234/1234/1234 1227/1227/1227
f 1221/1221/1221 1227/1227/1227 1223/1223/1223
f 1227/1227/1227 1234/1234/1234 1229/1229/1229
f 1235/1235/1235 1236/1236/1236 1237/1237/1237
f 1237/1237/1237 1236/1236/1236 1238/1238/1238
f 1237/1237/1237 1238/1238/1238 1239/1239/1239
f 1239/1239/1239 1238/1238/1238 1240/1240/1240
f 1239/1239/1239 1240/1240/1240 1241/1241/1241
f 1241/1241/1241 1240/1240/1240 1242/1242/1242
f 1241/1241/1241 1242/1242/1242 1243/1243/1243
f 1243/1243/1243 1244/1244/1244 1241/1241/1241
f 1241/1241/1241 1244/1244/1244 1245/1245/1245
f 1241/1241/1241 1245/1245/1245 1239/1239/1239
f 1239/1239/1239 1245/1245/1245 1246/1246/1246
f 1239/1239/1239 1246/1246/1246 1237/1237/1237
f 1237/1237/1237 1246/1246/1246 1247/1247/1247
f 1237/1237/1237 1247/1247/1247 1235/1235/1235
f 1235/1235/1235 1247/1247/1247 1248/1248/1248
f 1248/1248/1248 1247/1247/1247 1249/1249/1249
f 1248/1248/1248 1249/1249/1249 1250/1250/1250
f 1250/1250/1250 1249/1249/1249 1251/1251/1251
f 1251/1251/1251 1249/1249/1249 1252/1252/1252
f 1252/1252/1252 1249/1249/1249 1253/1253/1253
f 1252/1252/1252 1253/1253/1253 1254/1254/1254
f 1254/1254/1254 1253/1253/1253 1255/1255/1255
f 1254/1254/1254 1255/1255/1255 1256/1256/1256
f 1256/1256/1256 1255/1255/1255 1257/1257/1257
f 1257/1257/1257 1255/1255/1255 1245/1245/1245
f 1257/1257/1257 1245/1245/1245 1244/1244/1244
f 1253/1253/1253 1249/1249/1249 1247/1247/1247
f 1253/1253/1253 1247/1247/1247 1246/1246/1246
f 1255/1255/1255 1253/1253/1253 1246/1246/1246
f 1255/1255/1255 1246/1246/1246 1245/1245/1245
f 1258/1258/1258 1259/1259/1259 1260/1260/1260
f 1260/1260/1260 1259/1259/1259 1261/1261/1261
f 1260/1260/1260 1261/1261/1261 1262/1262/1262
f 1262/1262/1262 1261/1261/1261 1263/1263/1263
f 1262/1262/1262 1263/1263/1263 1264/1264/1264
f 1264/1264/1264 1263/1263/1263 1265/1265/1265
f 1264/1264/1264 1265/1265/1265 1266/1266/1266
f 1266/1266/1266 1267/1267/1267 1264/1264/1264
f 1264/1264/1264 1267/1267/1267 1268/1268/1268
f 1264/1264/1264 1268/1268/1268 1262/1262/1262
f 1262/1262/1262 1268/1268/1268 1269/1269/1269
f 1262/1262/1262 1269/1269/1269 1260/1260/1260
f 1260/1260/1260 1269/1269/1269 1270/1270/1270
f 1260/1260/1260 1270/1270/1270 1258/1258/1258
f 1258/1258/1258 1270/1270/1270 1271/1271/1271
f 1271/1271/1271 1270/1270/1270 1272/1272/1272
f 1271/1271/1271 1272/1272/1272 1273/1273/1273
f 1273/1273/1273 1272/1272/1272 1274/1274/1274
f 1274/1274/1274 1272/1272/1272 1275/1275/1275
f 1275/1275/1275 1272/1272/1272 1276/1276/1276
f 1275/1275/1275 1276/1276/1276 1277/1277/1277
f 1277/1277/1277 1276/1276/1276 1278/1278/1278
f 1277/1277/1277 1278/1278/1278 1279/1279/1279
f 1279/1279/1279 1278/1278/1278 1280/1280/1280
f 1280/1280/1280 1278/1278/1278 1268/1268/1268
f 1280/1280/1280 1268/1268/1268 1267/1267/1267
f 1276/1276/1276 1272/1272/1272 1270/1270/1270
f 1276/1276/1276 1270/1270/1270 1269/1269/1269
f 1278/1278/1278 1276/1276/1276 1269/1269/1269
f 1278/1278/1278 1269/1269/1269 1268/1268/1268
f 1281/1281/1281 1282/1282/1282 1283/1283/1283
f 1283/1283/1283 1282/1282/1282 1284/1284/1284
f 1283/1283/1283 1284/1284/1284 1285/1285/1285
f 1285/1285/1285 1286/1286/1286 1283/1283/1283
f 1283/1283/1283 1286/1286/1286 1287/1287/1287
f 1287/1287/1287 1286/1286/1286 1288/1288/1288
f 1287/1287/1287 1288/1288/1288 1289/1289/1289
f 1290/1290/1290 1291/1291/1291 1292/1292/1292
f 1292/1292/1292 1291/1291/1291 1293/1293/1293
f 1293/1293/1293 1291/1291/1291 1294/1294/1294
f 1293/1293/1293 1294/1294/1294 1295/1295/1295
f 1295/1295/1295 1294/1294/1294 1296/1296/1296
f 1295/1295/1295 1296/1296/1296 1297/1297/1297
f 1297/1297/1297 1298/1298/1298 1295/1295/1295
f 1299/1299/1299 1300/1300/1300 1301/1301/1301
f 1301/1301/1301 1300/1300/1300 1302/1302/1302
f 1301/1301/1301 1302/1302/1302 1303/1303/1303
f 1303/1303/1303 1302/1302/1302 1304/1304/1304
f 1303/1303/1303 1304/1304/1304 1305/1305/1305
f 1305/1305/1305 1304/1304/1304 1306/1306/1306
f 1305/1305/1305 1306/1306/1306 1307/1307/1307
f 1307/1307/1307 1308/1308/1308 1305/1305/1305
f 1305/1305/1305 1308/1308/1308 1309/1309/1309
f 1305/1305/1305 1309/1309/1309 1303/1303/1303
f 1303/1303/1303 1309/1309/1309 1310/1310/1310
f 1303/1303/1303 1310/1310/1310 1311/1311/1311
f 1311/1311/1311 1310/1310/1310 1312/1312/1312
f 1311/1311/1311 1312/1312/1312 1313/1313/1313
f 1313/1313/1313 1312/1312/1312 1314/1314/1314
f 1314/1314/1314 1312/1312/1312 1315/1315/1315
f 1315/1315/1315 1312/1312/1312 1316/1316/1316
f 1316/1316/1316 1312/1312/1312 1317/1317/1317
f 1316/1316/1316 1317/1317/1317 1318/1318/1318
f 1318/1318/1318 1317/1317/1317 1319/1319/1319
f 1319/1319/1319 1317/1317/1317 1320/1320/1320
f 1319/1319/1319 1320/1320/1320 1321/1321/1321
f 1321/1321/1321 1320/1320/1320 1322/1322/1322
f 1322/1322/1322 1320/1320/1320 1309/1309/1309
f 1322/1322/1322 1309/1309/1309 1308/1308/1308
f 1313/1313/1313 1299/1299/1299 1311/1311/1311
f 1311/1311/1311 1299/1299/1299 1301/1301/1301
f 1311/1311/1311 1301/1301/1301 1303/1303/1303
f 1317/1317/1317 1312/1312/1312 1310/1310/1310
f 1320/1320/1320 1317/1317/1317 1310/1310/1310
f 1320/1320/1320 1310/1310/1310 1309/1309/1309
f 1323/1323/1323 1324/1324/1324 1325/1325/1325
f 1325/1325/1325 1324/1324/1324 1326/1326/1326
f 1325/1325/1325 1326/1326/1326 1327/1327/1327
f 1327/1327/1327 1326/1326/1326 1328/1328/1328
f 1327/1327/1327 1328/1328/1328 1329/1329/1329
f 1329/1329/1329 1328/1328/1328 1330/1330/1330
f 1329/1329/1329 1330/1330/1330 1331/1331/1331
f 1331/1331/1331 1332/1332/1332 1329/1329/1329
f 1329/1329/1329 1332/1332/1332 1327/1327/1327
f 1332/1332/1332 1333/1333/1333 1327/1327/1327
f 1327/1327/1327 1333/1333/1333 1325/1325/1325
f 1333/1333/1333 1323/1323/1323 1325/1325/1325
f 1334/1334/1334 1335/1335/1335 1336/1336/1336
f 1336/1336/1336 1335/1335/1335 1337/1337/1337
f 1336/1336/1336 1337/1337/1337 1338/1338/1338
f 1338/1338/1338 1337/1337/1337 1339/1339/1339
f 1338/1338/1338 1339/1339/1339 1340/1340/1340
f 1340/1340/1340 1339/1339/1339 1341/1341/1341
f 1340/1340/1340 1341/1341/1341 1342/1342/1342
f 1342/1342/1342 1341/1341/1341 1343/1343/1343
f 1342/1342/1342 1343/1343/1343 1344/1344/1344
f 1344/1344/1344 1343/1343/1343 1345/1345/1345
f 1344/1344/1344 1345/1345/1345 1346/1346/1346
f 1346/1346/1346 1345/1345/1345 1347/1347/1347
f 1347/1347/1347 1345/1345/1345 1348/1348/1348
f 1347/1347/1347 1348/1348/1348 1349/1349/1349
f 1349/1349/1349 1348/1348/1348 1350/1350/1350
f 1349/1349/1349 1350/1350/1350 1351/1351/1351
f 1351/1351/1351 1350/1350/1350 1352/1352/1352
f 1351/1351/1351 1352/1352/1352 1353/1353/1353
f 1353/1353/1353 1352/1352/1352 1354/1354/1354
f 1354/1354/1354 1352/1352/1352 1355/1355/1355
f 1354/1354/1354 1355/1355/1355 1356/1356/1356
f 1356/1356/1356 1355/1355/1355 1357/1357/1357
f 1356/1356/1356 1357/1357/1357 1358/1358/1358
f 1358/1358/1358 1357/1357/1357 1359/1359/1359
f 1358/1358/1358 1359/1359/1359 1360/1360/1360
f 1360/1360/1360 1359/1359/1359 1361/1361/1361
f 1360/1360/1360 1361/1361/1361 1362/1362/1362
f 1362/1362/1362 1361/1361/1361 1341/1341/1341
f 1362/1362/1362 1341/1341/1341 1339/1339/1339
f 1337/1337/1337 1363/1363/1363 1339/1339/1339
f 1339/1339/1339 1363/1363/1363 1362/1362/1362
f 1363/1363/1363 1364/1364/1364 1362/1362/1362
f 1362/1362/1362 1364/1364/1364 1360/1360/1360
f 1364/1364/1364 1365/1365/1365 1360/1360/1360
f 1360/1360/1360 1365/1365/1365 1366/1366/1366
f 1360/1360/1360 1366/1366/1366 1358/1358/1358
f 1358/1358/1358 1366/1366/1366 1367/1367/1367
f 1358/1358/1358 1367/1367/1367 1356/1356/1356
f 1344/1344/1344 1346/1346/1346 1368/1368/1368
f 1368/1368/1368 1346/1346/1346 1369/1369/1369
f 1368/1368/1368 1369/1369/1369 1370/1370/1370
f 1368/1368/1368 1370/1370/1370 1371/1371/1371
f 1371/1371/1371 1370/1370/1370 1334/1334/1334
f 1371/1371/1371 1334/1334/1334 1372/1372/1372
f 1372/1372/1372 1334/1334/1334 1336/1336/1336
f 1372/1372/1372 1336/1336/1336 1338/1338/1338
f 1372/1372/1372 1338/1338/1338 1340/1340/1340
f 1359/1359/1359 1357/1357/1357 1373/1373/1373
f 1373/1373/1373 1357/1357/1357 1355/1355/1355
f 1373/1373/1373 1355/1355/1355 1350/1350/1350
f 1350/1350/1350 1355/1355/1355 1352/1352/1352
f 1361/1361/1361 1359/1359/1359 1374/1374/1374
f 1374/1374/1374 1359/1359/1359 1373/1373/1373
f 1374/1374/1374 1373/1373/1373 1348/1348/1348
f 1348/1348/1348 1373/1373/1373 1350/1350/1350
f 1341/1341/1341 1361/1361/1361 1343/1343/1343
f 1343/1343/1343 1361/1361/1361 1374/1374/1374
f 1343/1343/1343 1374/1374/1374 1345/1345/1345
f 1345/1345/1345 1374/1374/1374 1348/1348/1348
f 1372/1372/1372 1340/1340/1340 1371/1371/1371
f 1371/1371/1371 1340/1340/1340 1342/1342/1342
f 1371/1371/1371 1342/1342/1342 1368/1368/1368
f 1368/1368/1368 1342/1342/1342 1344/1344/1344
f 1375/1375/1375 1376/1376/1376 1377/1377/1377
f 1377/1377/1377 1376/1376/1376 1378/1378/1378
f 1377/1377/1377 1378/1378/1378 1379/1379/1379
f 1379/1379/1379 1378/1378/1378 1380/1380/1380
f 1379/1379/1379 1380/1380/1380 1381/1381/1381
f 1381/1381/1381 1380/1380/1380 1382/1382/1382
f 1381/1381/1381 1382/1382/1382 1383/1383/1383
f 1380/1380/1380 1384/1384/1384 1382/1382/1382
f 1385/1385/1385 1386/1386/1386 1383/1383/1383
f 1383/1383/1383 1386/1386/1386 1381/1381/1381
f 1381/1381/1381 1386/1386/1386 1379/1379/1379
f 1379/1379/1379 1386/1386/1386 1387/1387/1387
f 1379/1379/1379 1387/1387/1387 1377/1377/1377
f 1377/1377/1377 1387/1387/1387 1388/1388/1388
f 1377/1377/1377 1388/1388/1388 1375/1375/1375
f 1387/1387/1387 1389/1389/1389 1388/1388/1388
f 1390/1390/1390 1391/1391/1391 1392/1392/1392
f 1392/1392/1392 1391/1391/1391 1393/1393/1393
f 1392/1392/1392 1393/1393/1393 1394/1394/1394
f 1394/1394/1394 1393/1393/1393 1395/1395/1395
f 1394/1394/1394 1395/1395/1395 1396/1396/1396
f 1394/1394/1394 1396/1396/1396 1397/1397/1397
f 1397/1397/1397 1396/1396/1396 1398/1398/1398
f 1397/1397/1397 1398/1398/1398 1399/1399/1399
f 1399/1399/1399 1400/1400/1400 1397/1397/1397
f 1397/1397/1397 1400/1400/1400 1394/1394/1394
f 1400/1400/1400 1401/1401/1401 1394/1394/1394
f 1394/1394/1394 1401/1401/1401 1402/1402/1402
f 1394/1394/1394 1402/1402/1402 1392/1392/1392
f 1392/1392/1392 1402/1402/1402 1390/1390/1390
f 1403/1403/1403 1404/1404/1404 1405/1405/1405
f 1405/1405/1405 1404/1404/1404 1406/1406/1406
f 1405/1405/1405 1406/1406/1406 1407/1407/1407
f 1407/1407/1407 1406/1406/1406 1408/1408/1408
f 1407/1407/1407 1408/1408/1408 1409/1409/1409
f 1409/1409/1409 1408/1408/1408 1410/1410/1410
f 1409/1409/1409 1410/1410/1410 1411/1411/1411
f 1408/1408/1408 1412/1412/1412 1410/1410/1410
f 1411/1411/1411 1413/1413/1413 1409/1409/1409
f 1409/1409/1409 1413/1413/1413 1414/1414/1414
f 1409/1409/1409 1414/1414/1414 1407/1407/1407
f 1407/1407/1407 1414/1414/1414 1415/1415/1415
f 1407/1407/1407 1415/1415/1415 1405/1405/1405
f 1405/1405/1405 1415/1415/1415 1416/1416/1416
f 1405/1405/1405 1416/1416/1416 1417/1417/1417
f 1417/1417/1417 1403/1403/1403 1405/1405/1405
f 1418/1418/1418 1419/1419/1419 1420/1420/1420
f 1420/1420/1420 1419/1419/1419 1421/1421/1421
f 1420/1420/1420 1421/1421/1421 1422/1422/1422
f 1422/1422/1422 1421/1421/1421 1423/1423/1423
f 1422/1422/1422 1423/1423/1423 1424/1424/1424
f 1424/1424/1424 1423/1423/1423 1425/1425/1425
f 1424/1424/1424 1425/1425/1425 1426/1426/1426
f 1426/1426/1426 1425/1425/1425 1427/1427/1427
f 1426/1426/1426 1427/1427/1427 1428/1428/1428
f 1428/1428/1428 1427/1427/1427 1429/1429/1429
f 1428/1428/1428 1429/1429/1429 1430/1430/1430
f 1430/1430/1430 1429/1429/1429 1431/1431/1431
f 1431/1431/1431 1429/1429/1429 1432/1432/1432
f 1431/1431/1431 1432/1432/1432 1433/1433/1433
f 1433/1433/1433 1432/1432/1432 1434/1434/1434
f 1433/1433/1433 1434/1434/1434 1435/1435/1435
f 1435/1435/1435 1434/1434/1434 1436/1436/1436
f 1436/1436/1436 1434/1434/1434 1437/1437/1437
f 1437/1437/1437 1434/1434/1434 1438/1438/1438
f 1437/1437/1437 1438/1438/1438 1439/1439/1439
f 1439/1439/1439 1438/1438/1438 1440/1440/1440
f 1439/1439/1439 1440/1440/1440 1441/1441/1441
f 1441/1441/1441 1440/1440/1440 1425/1425/1425
f 1441/1441/1441 1425/1425/1425 1423/1423/1423
f 1421/1421/1421 1442/1442/1442 1423/1423/1423
f 1423/1423/1423 1442/1442/1442 1441/1441/1441
f 1442/1442/1442 1443/1443/1443 1441/1441/1441
f 1441/1441/1441 1443/1443/1443 1439/1439/1439
f 1443/1443/1443 1444/1444/1444 1439/1439/1439
f 1439/1439/1439 1444/1444/1444 1437/1437/1437
f 1435/1435/1435 1445/1445/1445 1433/1433/1433
f 1433/1433/1433 1445/1445/1445 1446/1446/1446
f 1433/1433/1433 1446/1446/1446 1431/1431/1431
f 1428/1428/1428 1430/1430/1430 1447/1447/1447
f 1447/1447/1447 1430/1430/1430 1448/1448/1448
f 1447/1447/1447 1448/1448/1448 1449/1449/1449
f 1447/1447/1447 1449/1449/1449 1450/1450/1450
f 1450/1450/1450 1449/1449/1449 1418/1418/1418
f 1450/1450/1450 1418/1418/1418 1451/1451/1451
f 1451/1451/1451 1418/1418/1418 1420/1420/1420
f 1451/1451/1451 1420/1420/1420 1422/1422/1422
f 1451/1451/1451 1422/1422/1422 1424/1424/1424
f 1440/1440/1440 1438/1438/1438 1452/1452/1452
f 1452/1452/1452 1438/1438/1438 1434/1434/1434
f 1452/1452/1452 1434/1434/1434 1432/1432/1432
f 1425/1425/1425 1440/1440/1440 1427/1427/1427
f 1427/1427/1427 1440/1440/1440 1452/1452/1452
f 1427/1427/1427 1452/1452/1452 1429/1429/1429
f 1429/1429/1429 1452/1452/1452 1432/1432/1432
f 1451/1451/1451 1424/1424/1424 1450/1450/1450
f 1450/1450/1450 1424/1424/1424 1426/1426/1426
f 1450/1450/1450 1426/1426/1426 1447/1447/1447
f 1447/1447/1447 1426/1426/1426 1428/1428/1428
f 1453/1453/1453 1454/1454/1454 1455/1455/1455
f 1455/1455/1455 1454/1454/1454 1456/1456/1456
f 1455/1455/1455 1456/1456/1456 1457/1457/1457
f 1455/1455/1455 1457/1457/1457 1458/1458/1458
f 1458/1458/1458 1457/1457/1457 1459/1459/1459
f 1458/1458/1458 1459/1459/1459 1460/1460/1460
f 1460/1460/1460 1459/1459/1459 1461/1461/1461
f 1460/1460/1460 1461/1461/1461 1462/1462/1462
f 1462/1462/1462 1463/1463/1463 1460/1460/1460
f 1460/1460/1460 1463/1463/1463 1464/1464/1464
f 1460/1460/1460 1464/1464/1464 1458/1458/1458
f 1458/1458/1458 1464/1464/1464 1465/1465/1465
f 1458/1458/1458 1465/1465/1465 1455/1455/1455
f 1455/1455/1455 1465/1465/1465 1466/1466/1466
f 1455/1455/1455 1466/1466/1466 1453/1453/1453
f 1453/1453/1453 1466/1466/1466 1467/1467/1467
f 1467/1467/1467 1466/1466/1466 1468/1468/1468
f 1467/1467/1467 1468/1468/1468 1469/1469/1469
f 1469/1469/1469 1468/1468/1468 1470/1470/1470
f 1469/1469/1469 1470/1470/1470 1471/1471/1471
f 1471/1471/1471 1470/1470/1470 1472/1472/1472
f 1471/1471/1471 1472/1472/1472 1473/1473/1473
f 1473/1473/1473 1472/1472/1472 1474/1474/1474
f 1473/1473/1473 1474/1474/1474 1475/1475/1475
f 1475/1475/1475 1474/1474/1474 1476/1476/1476
f 1476/1476/1476 1474/1474/1474 1477/1477/1477
f 1476/1476/1476 1477/1477/1477 1478/1478/1478
f 1478/1478/1478 1477/1477/1477 1479/1479/1479
f 1478/1478/1478 1479/1479/1479 1480/1480/1480
f 1480/1480/1480 1479/1479/1479 1481/1481/1481
f 1480/1480/1480 1481/1481/1481 1482/1482/1482
f 1482/1482/1482 1481/1481/1481 1483/1483/1483
f 1482/1482/1482 1483/1483/1483 1484/1484/1484
f 1463/1463/1463 1485/1485/1485 1464/1464/1464
f 1464/1464/1464 1485/1485/1485 1486/1486/1486
f 1464/1464/1464 1486/1486/1486 1465/1465/1465
f 1465/1465/1465 1486/1486/1486 1487/1487/1487
f 1465/1465/1465 1487/1487/1487 1466/1466/1466
f 1466/1466/1466 1487/1487/1487 1468/1468/1468
f 1485/1485/1485 1488/1488/1488 1486/1486/1486
f 1486/1486/1486 1488/1488/1488 1489/1489/1489
f 1486/1486/1486 1489/1489/1489 1487/1487/1487
f 1487/1487/1487 1489/1489/1489 1490/1490/1490
f 1487/1487/1487 1490/1490/1490 1468/1468/1468
f 1468/1468/1468 1490/1490/1490 1470/1470/1470
f 1488/1488/1488 1491/1491/1491 1489/1489/1489
f 1489/1489/1489 1491/1491/1491 1492/1492/1492
f 1489/1489/1489 1492/1492/1492 1490/1490/1490
f 1490/1490/1490 1492/1492/1492 1493/1493/1493
f 1490/1490/1490 1493/1493/1493 1470/1470/1470
f 1470/1470/1470 1493/1493/1493 1472/1472/1472
f 1491/1491/1491 1494/1494/1494 1492/1492/1492
f 1492/1492/1492 1494/1494/1494 1495/1495/1495
f 1492/1492/1492 1495/1495/1495 1496/1496/1496
f 1496/1496/1496 1495/1495/1495 1497/1497/1497
f 1496/1496/1496 1497/1497/1497 1498/1498/1498
f 1498/1498/1498 1497/1497/1497 1499/1499/1499
f 1498/1498/1498 1499/1499/1499 1500/1500/1500
f 1500/1500/1500 1499/1499/1499 1479/1479/1479
f 1500/1500/1500 1479/1479/1479 1477/1477/1477
f 1497/1497/1497 1501/1501/1501 1499/1499/1499
f 1499/1499/1499 1501/1501/1501 1481/1481/1481
f 1499/1499/1499 1481/1481/1481 1479/1479/1479
f 1501/1501/1501 1483/1483/1483 1481/1481/1481
f 1482/1482/1482 1484/1484/1484 1502/1502/1502
f 1502/1502/1502 1484/1484/1484 1503/1503/1503
f 1502/1502/1502 1503/1503/1503 1504/1504/1504
f 1502/1502/1502 1504/1504/1504 1505/1505/1505
f 1505/1505/1505 1504/1504/1504 1506/1506/1506
f 1505/1505/1505 1506/1506/1506 1507/1507/1507
f 1507/1507/1507 1506/1506/1506 1508/1508/1508
f 1507/1507/1507 1508/1508/1508 1509/1509/1509
f 1507/1507/1507 1509/1509/1509 1510/1510/1510
f 1510/1510/1510 1509/1509/1509 1511/1511/1511
f 1510/1510/1510 1511/1511/1511 1512/1512/1512
f 1512/1512/1512 1511/1511/1511 1513/1513/1513
f 1512/1512/1512 1513/1513/1513 1478/1478/1478
f 1478/1478/1478 1513/1513/1513 1476/1476/1476
f 1500/1500/1500 1477/1477/1477 1474/1474/1474
f 1474/1474/1474 1472/1472/1472 1514/1514/1514
f 1514/1514/1514 1472/1472/1472 1493/1493/1493
f 1514/1514/1514 1493/1493/1493 1496/1496/1496
f 1496/1496/1496 1493/1493/1493 1492/1492/1492
f 1478/1478/1478 1480/1480/1480 1512/1512/1512
f 1512/1512/1512 1480/1480/1480 1515/1515/1515
f 1512/1512/1512 1515/1515/1515 1510/1510/1510
f 1510/1510/1510 1515/1515/1515 1505/1505/1505
f 1510/1510/1510 1505/1505/1505 1507/1507/1507
f 1498/1498/1498 1500/1500/1500 1514/1514/1514
f 1514/1514/1514 1500/1500/1500 1474/1474/1474
f 1498/1498/1498 1514/1514/1514 1496/1496/1496
f 1502/1502/1502 1505/1505/1505 1515/1515/1515
f 1502/1502/1502 1515/1515/1515 1482/1482/1482
f 1482/1482/1482 1515/1515/1515 1480/1480/1480
f 1516/1516/1516 1517/1517/1517 1518/1518/1518
f 1518/1518/1518 1517/1517/1517 1519/1519/1519
f 1518/1518/1518 1519/1519/1519 1520/1520/1520
f 1520/1520/1520 1519/1519/1519 1521/1521/1521
f 1520/1520/1520 1521/1521/1521 1522/1522/1522
f 1522/1522/1522 1521/1521/1521 1523/1523/1523
f 1522/1522/1522 1523/1523/1523 1524/1524/1524
f 1521/1521/1521 1525/1525/1525 1523/1523/1523
f 1523/1523/1523 1525/1525/1525 1526/1526/1526
f 1523/1523/1523 1526/1526/1526 1527/1527/1527
f 1525/1525/1525 1528/1528/1528 1526/1526/1526
f 1526/1526/1526 1528/1528/1528 1529/1529/1529
f 1526/1526/1526 1529/1529/1529 1530/1530/1530
f 1530/1530/1530 1529/1529/1529 1531/1531/1531
f 1528/1528/1528 1531/1531/1531 1529/1529/1529
f 1531/1531/1531 1532/1532/1532 1533/1533/1533
f 1534/1534/1534 1535/1535/1535 1532/1532/1532
f 1532/1532/1532 1535/1535/1535 1536/1536/1536
f 1535/1535/1535 1534/1534/1534 1537/1537/1537
f 1538/1538/1538 1539/1539/1539 1540/1540/1540
f 1538/1538/1538 1540/1540/1540 1541/1541/1541
f 1541/1541/1541 1540/1540/1540 1542/1542/1542
f 1541/1541/1541 1542/1542/1542 1543/1543/1543
f 1543/1543/1543 1542/1542/1542 1544/1544/1544
f 1543/1543/1543 1544/1544/1544 1545/1545/1545
f 1544/1544/1544 1542/1542/1542 1518/1518/1518
f 1518/1518/1518 1542/1542/1542 1516/1516/1516
f 1537/1537/1537 1546/1546/1546 1535/1535/1535
f 1543/1543/1543 1547/1547/1547 1541/1541/1541
f 1541/1541/1541 1548/1548/1548 1538/1538/1538
f 1522/1522/1522 1549/1549/1549 1544/1544/1544
f 1520/1520/1520 1522/1522/1522 1518/1518/1518
f 1518/1518/1518 1522/1522/1522 1544/1544/1544
f 1550/1550/1550 1551/1551/1551 1552/1552/1552
f 1552/1552/1552 1551/1551/1551 1553/1553/1553
f 1552/1552/1552 1553/1553/1553 1554/1554/1554
f 1554/1554/1554 1553/1553/1553 1555/1555/1555
f 1554/1554/1554 1555/1555/1555 1556/1556/1556
f 1556/1556/1556 1555/1555/1555 1557/1557/1557
f 1556/1556/1556 1557/1557/1557 1558/1558/1558
f 1558/1558/1558 1557/1557/1557 1559/1559/1559
f 1559/1559/1559 1557/1557/1557 1560/1560/1560
f 1560/1560/1560 1557/1557/1557 1561/1561/1561
f 1560/1560/1560 1561/1561/1561 1562/1562/1562
f 1562/1562/1562 1561/1561/1561 1563/1563/1563
f 1562/1562/1562 1563/1563/1563 1564/1564/1564
f 1564/1564/1564 1563/1563/1563 1550/1550/1550
f 1550/1550/1550 1563/1563/1563 1551/1551/1551
f 1564/1564/1564 1565/1565/1565 1562/1562/1562
f 1551/1551/1551 1563/1563/1563 1553/1553/1553
f 1553/1553/1553 1563/1563/1563 1561/1561/1561
f 1553/1553/1553 1561/1561/1561 1555/1555/1555
f 1555/1555/1555 1561/1561/1561 1557/1557/1557
f 1566/1566/1566 1567/1567/1567 1568/1568/1568
f 1568/1568/1568 1567/1567/1567 1569/1569/1569
f 1568/1568/1568 1569/1569/1569 1570/1570/1570
f 1570/1570/1570 1569/1569/1569 1571/1571/1571
f 1570/1570/1570 1571/1571/1571 1572/1572/1572
f 1572/1572/1572 1571/1571/1571 1573/1573/1573
f 1572/1572/1572 1573/1573/1573 1574/1574/1574
f 1574/1574/1574 1573/1573/1573 1575/1575/1575
f 1574/1574/1574 1575/1575/1575 1576/1576/1576
f 1576/1576/1576 1575/1575/1575 1577/1577/1577
f 1576/1576/1576 1577/1577/1577 1578/1578/1578
f 1578/1578/1578 1577/1577/1577 1579/1579/1579
f 1578/1578/1578 1579/1579/1579 1580/1580/1580
f 1580/1580/1580 1579/1579/1579 1581/1581/1581
f 1580/1580/1580 1581/1581/1581 1582/1582/1582
f 1582/1582/1582 1581/1581/1581 1583/1583/1583
f 1582/1582/1582 1583/1583/1583 1584/1584/1584
f 1584/1584/1584 1583/1583/1583 1585/1585/1585
f 1584/1584/1584 1585/1585/1585 1586/1586/1586
f 1586/1586/1586 1585/1585/1585 1587/1587/1587
f 1586/1586/1586 1587/1587/1587 1588/1588/1588
f 1588/1588/1588 1587/1587/1587 1589/1589/1589
f 1588/1588/1588 1589/1589/1589 1590/1590/1590
f 1569/1569/1569 1567/1567/1567 1591/1591/1591
f 1591/1591/1591 1567/1567/1567 1592/1592/1592
f 1591/1591/1591 1592/1592/1592 1593/1593/1593
f 1591/1591/1591 1593/1593/1593 1594/1594/1594
f 1594/1594/1594 1593/1593/1593 1595/1595/1595
f 1594/1594/1594 1595/1595/1595 1596/1596/1596
f 1594/1594/1594 1596/1596/1596 1597/1597/1597
f 1597/1597/1597 1596/1596/1596 1598/1598/1598
f 1597/1597/1597 1598/1598/1598 1599/1599/1599
f 1599/1599/1599 1598/1598/1598 1600/1600/1600
f 1599/1599/1599 1600/1600/1600 1601/1601/1601
f 1599/1599/1599 1601/1601/1601 1602/1602/1602
f 1602/1602/1602 1601/1601/1601 1603/1603/1603
f 1602/1602/1602 1603/1603/1603 1604/1604/1604
f 1604/1604/1604 1603/1603/1603 1605/1605/1605
f 1604/1604/1604 1605/1605/1605 1606/1606/1606
f 1606/1606/1606 1605/1605/1605 1607/1607/1607
f 1606/1606/1606 1607/1607/1607 1608/1608/1608
f 1608/1608/1608 1607/1607/1607 1609/1609/1609
f 1608/1608/1608 1609/1609/1609 1610/1610/1610
f 1610/1610/1610 1609/1609/1609 1611/1611/1611
f 1610/1610/1610 1611/1611/1611 1612/1612/1612
f 1612/1612/1612 1611/1611/1611 1585/1585/1585
f 1612/1612/1612 1585/1585/1585 1583/1583/1583
f 1609/1609/1609 1589/1589/1589 1611/1611/1611
f 1611/1611/1611 1589/1589/1589 1587/1587/1587
f 1611/1611/1611 1587/1587/1587 1585/1585/1585
f 1588/1588/1588 1590/1590/1590 1613/1613/1613
f 1613/1613/1613 1590/1590/1590 1614/1614/1614
f 1613/1613/1613 1614/1614/1614 1615/1615/1615
f 1613/1613/1613 1615/1615/1615 1616/1616/1616
f 1616/1616/1616 1615/1615/1615 1617/1617/1617
f 1616/1616/1616 1617/1617/1617 1618/1618/1618
f 1618/1618/1618 1617/1617/1617 1619/1619/1619
f 1618/1618/1618 1619/1619/1619 1620/1620/1620
f 1618/1618/1618 1620/1620/1620 1621/1621/1621
f 1621/1621/1621 1620/1620/1620 1622/1622/1622
f 1621/1621/1621 1622/1622/1622 1623/1623/1623
f 1623/1623/1623 1622/1622/1622 1584/1584/1584
f 1623/1623/1623 1584/1584/1584 1586/1586/1586
f 1622/1622/1622 1582/1582/1582 1584/1584/1584
f 1571/1571/1571 1569/1569/1569 1624/1624/1624
f 1624/1624/1624 1569/1569/1569 1591/1591/1591
f 1624/1624/1624 1591/1591/1591 1597/1597/1597
f 1597/1597/1597 1591/1591/1591 1594/1594/1594
f 1573/1573/1573 1571/1571/1571 1625/1625/1625
f 1625/1625/1625 1571/1571/1571 1624/1624/1624
f 1625/1625/1625 1624/1624/1624 1599/1599/1599
f 1599/1599/1599 1624/1624/1624 1597/1597/1597
f 1575/1575/1575 1573/1573/1573 1626/1626/1626
f 1626/1626/1626 1573/1573/1573 1625/1625/1625
f 1626/1626/1626 1625/1625/1625 1602/1602/1602
f 1602/1602/1602 1625/1625/1625 1599/1599/1599
f 1577/1577/1577 1575/1575/1575 1627/1627/1627
f 1627/1627/1627 1575/1575/1575 1626/1626/1626
f 1627/1627/1627 1626/1626/1626 1604/1604/1604
f 1604/1604/1604 1626/1626/1626 1602/1602/1602
f 1579/1579/1579 1577/1577/1577 1628/1628/1628
f 1628/1628/1628 1577/1577/1577 1627/1627/1627
f 1628/1628/1628 1627/1627/1627 1606/1606/1606
f 1606/1606/1606 1627/1627/1627 1604/1604/1604
f 1612/1612/1612 1583/1583/1583 1581/1581/1581
f 1581/1581/1581 1579/1579/1579 1629/1629/1629
f 1629/1629/1629 1579/1579/1579 1628/1628/1628
f 1629/1629/1629 1628/1628/1628 1608/1608/1608
f 1608/1608/1608 1628/1628/1628 1606/1606/1606
f 1616/1616/1616 1618/1618/1618 1621/1621/1621
f 1621/1621/1621 1623/1623/1623 1630/1630/1630
f 1630/1630/1630 1623/1623/1623 1586/1586/1586
f 1630/1630/1630 1586/1586/1586 1588/1588/1588
f 1610/1610/1610 1612/1612/1612 1629/1629/1629
f 1629/1629/1629 1612/1612/1612 1581/1581/1581
f 1610/1610/1610 1629/1629/1629 1608/1608/1608
f 1613/1613/1613 1616/1616/1616 1630/1630/1630
f 1630/1630/1630 1616/1616/1616 1621/1621/1621
f 1613/1613/1613 1630/1630/1630 1588/1588/1588
f 1631/1631/1631 1632/1632/1632 1633/1633/1633
f 1633/1633/1633 1632/1632/1632 1634/1634/1634
f 1633/1633/1633 1634/1634/1634 1635/1635/1635
f 1635/1635/1635 1634/1634/1634 1636/1636/1636
f 1635/1635/1635 1636/1636/1636 1637/1637/1637
f 1637/1637/1637 1636/1636/1636 1638/1638/1638
f 1639/1639/1639 1640/1640/1640 1641/1641/1641
f 1641/1641/1641 1640/1640/1640 1642/1642/1642
f 1641/1641/1641 1642/1642/1642 1643/1643/1643
f 1643/1643/1643 1642/1642/1642 1644/1644/1644
f 1643/1643/1643 1644/1644/1644 1645/1645/1645
f 1643/1643/1643 1645/1645/1645 1646/1646/1646
f 1646/1646/1646 1645/1645/1645 1647/1647/1647
f 1646/1646/1646 1647/1647/1647 1648/1648/1648
f 1646/1646/1646 1648/1648/1648 1649/1649/1649
f 1649/1649/1649 1648/1648/1648 1650/1650/1650
f 1649/1649/1649 1650/1650/1650 1651/1651/1651
f 1651/1651/1651 1650/1650/1650 1652/1652/1652
f 1651/1651/1651 1652/1652/1652 1653/1653/1653
f 1653/1653/1653 1654/1654/1654 1651/1651/1651
f 1651/1651/1651 1654/1654/1654 1655/1655/1655
f 1651/1651/1651 1655/1655/1655 1656/1656/1656
f 1656/1656/1656 1655/1655/1655 1657/1657/1657
f 1656/1656/1656 1657/1657/1657 1641/1641/1641
f 1641/1641/1641 1657/1657/1657 1639/1639/1639
f 1654/1654/1654 1658/1658/1658 1655/1655/1655
f 1655/1655/1655 1658/1658/1658 1659/1659/1659
f 1655/1655/1655 1659/1659/1659 1660/1660/1660
f 1660/1660/1660 1659/1659/1659 1661/1661/1661
f 1660/1660/1660 1661/1661/1661 1662/1662/1662
f 1662/1662/1662 1663/1663/1663 1660/1660/1660
f 1660/1660/1660 1663/1663/1663 1657/1657/1657
f 1660/1660/1660 1657/1657/1657 1655/1655/1655
f 1663/1663/1663 1639/1639/1639 1657/1657/1657
f 1641/1641/1641 1643/1643/1643 1656/1656/1656
f 1656/1656/1656 1643/1643/1643 1649/1649/1649
f 1656/1656/1656 1649/1649/1649 1651/1651/1651
f 1646/1646/1646 1649/1649/1649 1643/1643/1643
f 1664/1664/1664 1665/1665/1665 1666/1666/1666
f 1666/1666/1666 1665/1665/1665 1667/1667/1667
f 1666/1666/1666 1667/1667/1667 1668/1668/1668
f 1668/1668/1668 1667/1667/1667 1669/1669/1669
f 1668/1668/1668 1669/1669/1669 1670/1670/1670
f 1670/1670/1670 1669/1669/1669 1671/1671/1671
f 1670/1670/1670 1671/1671/1671 1672/1672/1672
f 1670/1670/1670 1672/1672/1672 1673/1673/1673
f 1673/1673/1673 1672/1672/1672 1674/1674/1674
f 1673/1673/1673 1674/1674/1674 1675/1675/1675
f 1675/1675/1675 1674/1674/1674 1676/1676/1676
f 1675/1675/1675 1676/1676/1676 1677/1677/1677
f 1677/1677/1677 1676/1676/1676 1678/1678/1678
f 1677/1677/1677 1678/1678/1678 1679/1679/1679
f 1679/1679/1679 1678/1678/1678 1680/1680/1680
f 1679/1679/1679 1680/1680/1680 1681/1681/1681
f 1681/1681/1681 1680/1680/1680 1682/1682/1682
f 1682/1682/1682 1680/1680/1680 1683/1683/1683
f 1682/1682/1682 1683/1683/1683 1684/1684/1684
f 1684/1684/1684 1683/1683/1683 1685/1685/1685
f 1684/1684/1684 1685/1685/1685 1686/1686/1686
f 1686/1686/1686 1685/1685/1685 1687/1687/1687
f 1686/1686/1686 1687/1687/1687 1688/1688/1688
f 1688/1688/1688 1687/1687/1687 1689/1689/1689
f 1688/1688/1688 1689/1689/1689 1690/1690/1690
f 1690/1690/1690 1689/1689/1689 1691/1691/1691
f 1690/1690/1690 1691/1691/1691 1692/1692/1692
f 1692/1692/1692 1691/1691/1691 1676/1676/1676
f 1692/1692/1692 1676/1676/1676 1674/1674/1674
f 1679/1679/1679 1681/1681/1681 1693/1693/1693
f 1693/1693/1693 1681/1681/1681 1664/1664/1664
f 1693/1693/1693 1664/1664/1664 1666/1666/1666
f 1677/1677/1677 1679/1679/1679 1693/1693/1693
f 1693/1693/1693 1666/1666/1666 1694/1694/1694
f 1694/1694/1694 1666/1666/1666 1668/1668/1668
f 1694/1694/1694 1668/1668/1668 1673/1673/1673
f 1673/1673/1673 1668/1668/1668 1670/1670/1670
f 1687/1687/1687 1685/1685/1685 1683/1683/1683
f 1683/1683/1683 1680/1680/1680 1695/1695/1695
f 1695/1695/1695 1680/1680/1680 1678/1678/1678
f 1695/1695/1695 1678/1678/1678 1691/1691/1691
f 1691/1691/1691 1678/1678/1678 1676/1676/1676
f 1675/1675/1675 1677/1677/1677 1694/1694/1694
f 1694/1694/1694 1677/1677/1677 1693/1693/1693
f 1675/1675/1675 1694/1694/1694 1673/1673/1673
f 1689/1689/1689 1687/1687/1687 1695/1695/1695
f 1695/1695/1695 1687/1687/1687 1683/1683/1683
f 1689/1689/1689 1695/1695/1695 1691/1691/1691
f 1696/1696/1696 1697/1697/1697 1698/1698/1698
f 1698/1698/1698 1697/1697/1697 1699/1699/1699
f 1698/1698/1698 1699/1699/1699 1700/1700/1700
f 1700/1700/1700 1699/1699/1699 1701/1701/1701
f 1701/1701/1701 1699/1699/1699 1702/1702/1702
f 1702/1702/1702 1699/1699/1699 1703/1703/1703
f 1702/1702/1702 1703/1703/1703 1704/1704/1704
f 1704/1704/1704 1703/1703/1703 1705/1705/1705
f 1704/1704/1704 1705/1705/1705 1706/1706/1706
f 1706/1706/1706 1705/1705/1705 1707/1707/1707
f 1697/1697/1697 1703/1703/1703 1699/1699/1699
f 1706/1706/1706 1702/1702/1702 1704/1704/1704
f 1708/1708/1708 1709/1709/1709 1710/1710/1710
f 1710/1710/1710 1709/1709/1709 1711/1711/1711
f 1710/1710/1710 1711/1711/1711 1712/1712/1712
f 1712/1712/1712 1711/1711/1711 1713/1713/1713
f 1712/1712/1712 1713/1713/1713 1714/1714/1714
f 1714/1714/1714 1713/1713/1713 1715/1715/1715
f 1714/1714/1714 1716/1716/1716 1712/1712/1712
f 1712/1712/1712 1716/1716/1716 1710/1710/1710
f 1716/1716/1716 1717/1717/1717 1710/1710/1710
f 1710/1710/1710 1717/1717/1717 1718/1718/1718
f 1710/1710/1710 1718/1718/1718 1708/1708/1708
f 1719/1719/1719 1720/1720/1720 1721/1721/1721
f 1721/1721/1721 1720/1720/1720 1722/1722/1722
f 1721/1721/1721 1722/1722/1722 1723/1723/1723
f 1723/1723/1723 1722/1722/1722 1724/1724/1724
f 1723/1723/1723 1724/1724/1724 1725/1725/1725
f 1725/1725/1725 1726/1726/1726 1723/1723/1723
f 1723/1723/1723 1726/1726/1726 1727/1727/1727
f 1723/1723/1723 1727/1727/1727 1728/1728/1728
f 1723/1723/1723 1728/1728/1728 1721/1721/1721
f 1721/1721/1721 1728/1728/1728 1719/1719/1719
f 1729/1729/1729 1730/1730/1730 1731/1731/1731
f 1731/1731/1731 1730/1730/1730 1732/1732/1732
f 1731/1731/1731 1732/1732/1732 1733/1733/1733
f 1733/1733/1733 1732/1732/1732 1734/1734/1734
f 1733/1733/1733 1734/1734/1734 1735/1735/1735
f 1735/1735/1735 1734/1734/1734 1736/1736/1736
f 1735/1735/1735 1736/1736/1736 1737/1737/1737
f 1737/1737/1737 1736/1736/1736 1738/1738/1738
f 1737/1737/1737 1738/1738/1738 1739/1739/1739
f 1739/1739/1739 1738/1738/1738 1740/1740/1740
f 1739/1739/1739 1740/1740/1740 1741/1741/1741
f 1741/1741/1741 1740/1740/1740 1742/1742/1742
f 1741/1741/1741 1742/1742/1742 1743/1743/1743
f 1743/1743/1743 1742/1742/1742 1744/1744/1744
f 1743/1743/1743 1744/1744/1744 1745/1745/1745
f 1745/1745/1745 1744/1744/1744 1746/1746/1746
f 1745/1745/1745 1746/1746/1746 1747/1747/1747
f 1747/1747/1747 1746/1746/1746 1748/1748/1748
f 1747/1747/1747 1748/1748/1748 1749/1749/1749
f 1749/1749/1749 1748/1748/1748 1750/1750/1750
f 1749/1749/1749 1750/1750/1750 1751/1751/1751
f 1751/1751/1751 1750/1750/1750 1752/1752/1752
f 1753/1753/1753 1754/1754/1754 1755/1755/1755
f 1755/1755/1755 1754/1754/1754 1756/1756/1756
f 1755/1755/1755 1756/1756/1756 1757/1757/1757
f 1757/1757/1757 1756/1756/1756 1758/1758/1758
f 1757/1757/1757 1758/1758/1758 1759/1759/1759
f 1759/1759/1759 1758/1758/1758 1760/1760/1760
f 1759/1759/1759 1760/1760/1760 1761/1761/1761
f 1761/1761/1761 1760/1760/1760 1762/1762/1762
f 1763/1763/1763 1764/1764/1764 1765/1765/1765
f 1765/1765/1765 1764/1764/1764 1766/1766/1766
f 1766/1766/1766 1764/1764/1764 1767/1767/1767
f 1768/1768/1768 1769/1769/1769 1770/1770/1770
f 1771/1771/1771 1772/1772/1772 1773/1773/1773
f 1773/1773/1773 1772/1772/1772 1774/1774/1774
f 1774/1774/1774 1772/1772/1772 1775/1775/1775
f 1776/1776/1776 1777/1777/1777 1778/1778/1778
f 1778/1778/1778 1777/1777/1777 1779/1779/1779
f 1778/1778/1778 1779/1779/1779 1780/1780/1780
f 1781/1781/1781 1782/1782/1782 1783/1783/1783
f 1783/1783/1783 1782/1782/1782 1784/1784/1784
f 1784/1784/1784 1782/1782/1782 1785/1785/1785
f 1786/1786/1786 1787/1787/1787 1788/1788/1788
f 1788/1788/1788 1787/1787/1787 1789/1789/1789
f 1788/1788/1788 1789/1789/1789 1790/1790/1790
f 1791/1791/1791 1792/1792/1792 1793/1793/1793
f 1793/1793/1793 1792/1792/1792 1794/1794/1794
f 1793/1793/1793 1794/1794/1794 1795/1795/1795
f 1795/1795/1795 1794/1794/1794 1796/1796/1796
f 1795/1795/1795 1796/1796/1796 1797/1797/1797
f 1797/1797/1797 1796/1796/1796 1798/1798/1798
f 1797/1797/1797 1798/1798/1798 1799/1799/1799
f 1799/1799/1799 1798/1798/1798 1800/1800/1800
f 1799/1799/1799 1800/1800/1800 1801/1801/1801
f 1801/1801/1801 1800/1800/1800 1802/1802/1802
f 1801/1801/1801 1802/1802/1802 1803/1803/1803
f 1803/1803/1803 1802/1802/1802 1804/1804/1804
f 1803/1803/1803 1804/1804/1804 1805/1805/1805
f 1805/1805/1805 1804/1804/1804 1806/1806/1806
f 1805/1805/1805 1806/1806/1806 1807/1807/1807
f 1807/1807/1807 1806/1806/1806 1808/1808/1808
f 1807/1807/1807 1808/1808/1808 1809/1809/1809
f 1809/1809/1809 1808/1808/1808 1810/1810/1810
f 1809/1809/1809 1810/1810/1810 1811/1811/1811
f 1811/1811/1811 1810/1810/1810 1812/1812/1812
f 1811/1811/1811 1812/1812/1812 1813/1813/1813
f 1813/1813/1813 1812/1812/1812 1814/1814/1814
f 1815/1815/1815 1816/1816/1816 1817/1817/1817
f 1817/1817/1817 1816/1816/1816 1818/1818/1818
f 1817/1817/1817 1818/1818/1818 1819/1819/1819
f 1819/1819/1819 1818/1818/1818 1820/1820/1820
f 1819/1819/1819 1820/1820/1820 1821/1821/1821
f 1821/1821/1821 1820/1820/1820 1822/1822/1822
f 1821/1821/1821 1822/1822/1822 1823/1823/1823
f 1823/1823/1823 1822/1822/1822 1824/1824/1824
f 1825/1825/1825 1826/1826/1826 1827/1827/1827
f 1827/1827/1827 1826/1826/1826 1828/1828/1828
f 1828/1828/1828 1826/1826/1826 1829/1829/1829
f 1830/1830/1830 1831/1831/1831 1832/1832/1832
f 1833/1833/1833 1834/1834/1834 1835/1835/1835
f 1835/1835/1835 1834/1834/1834 1836/1836/1836
f 1836/1836/1836 1834/1834/1834 1837/1837/1837
f 1838/1838/1838 1839/1839/1839 1840/1840/1840
f 1840/1840/1840 1839/1839/1839 1841/1841/1841
f 1840/1840/1840 1841/1841/1841 1842/1842/1842
f 1843/1843/1843 1844/1844/1844 1845/1845/1845
f 1845/1845/1845 1844/1844/1844 1846/1846/1846
f 1846/1846/1846 1844/1844/1844 1847/1847/1847
f 1848/1848/1848 1849/1849/1849 1850/1850/1850
f 1850/1850/1850 1849/1849/1849 1851/1851/1851
f 1850/1850/1850 1851/1851/1851 1852/1852/1852
f 1853/1853/1853 1854/1854/1854 1855/1855/1855
f 1855/1855/1855 1854/1854/1854 1856/1856/1856
f 1855/1855/1855 1856/1856/1856 1857/1857/1857
f 1857/1857/1857 1856/1856/1856 1858/1858/1858
f 1857/1857/1857 1858/1858/1858 1859/1859/1859
f 1859/1859/1859 1858/1858/1858 1860/1860/1860
f 1859/1859/1859 1860/1860/1860 1861/1861/1861
f 1861/1861/1861 1860/1860/1860 1862/1862/1862
f 1863/1863/1863 1864/1864/1864 1865/1865/1865
f 1865/1865/1865 1864/1864/1864 1866/1866/1866
f 1865/1865/1865 1866/1866/1866 1867/1867/1867
f 1867/1867/1867 1866/1866/1866 1868/1868/1868
f 1867/1867/1867 1868/1868/1868 1869/1869/1869
f 1869/1869/1869 1868/1868/1868 1870/1870/1870
f 1869/1869/1869 1870/1870/1870 1871/1871/1871
f 1871/1871/1871 1870/1870/1870 1872/1872/1872
f 1873/1873/1873 1874/1874/1874 1875/1875/1875
f 1875/1875/1875 1874/1874/1874 1876/1876/1876
f 1875/1875/1875 1876/1876/1876 1877/1877/1877
f 1877/1877/1877 1876/1876/1876 1878/1878/1878
f 1877/1877/1877 1878/1878/1878 1879/1879/1879
f 1877/1877/1877 1879/1879/1879 1880/1880/1880
f 1880/1880/1880 1879/1879/1879 1881/1881/1881
f 1880/1880/1880 1881/1881/1881 1882/1882/1882
f 1882/1882/1882 1883/1883/1883 1880/1880/1880
f 1880/1880/1880 1883/1883/1883 1877/1877/1877
f 1883/1883/1883 1884/1884/1884 1877/1877/1877
f 1877/1877/1877 1884/1884/1884 1885/1885/1885
f 1877/1877/1877 1885/1885/1885 1875/1875/1875
f 1875/1875/1875 1885/1885/1885 1873/1873/1873
f 1886/1886/1886 1887/1887/1887 1888/1888/1888
f 1888/1888/1888 1887/1887/1887 1889/1889/1889
f 1888/1888/1888 1889/1889/1889 1890/1890/1890
f 1890/1890/1890 1889/1889/1889 1891/1891/1891
f 1890/1890/1890 1891/1891/1891 1892/1892/1892
f 1892/1892/1892 1891/1891/1891 1893/1893/1893
f 1892/1892/1892 1893/1893/1893 1894/1894/1894
f 1894/1894/1894 1893/1893/1893 1895/1895/1895
f 1894/1894/1894 1895/1895/1895 1896/1896/1896
f 1896/1896/1896 1895/1895/1895 1897/1897/1897
f 1896/1896/1896 1897/1897/1897 1898/1898/1898
f 1893/1893/1893 1899/1899/1899 1895/1895/1895
f 1895/1895/1895 1899/1899/1899 1897/1897/1897
f 1896/1896/1896 1898/1898/1898 1900/1900/1900
f 1900/1900/1900 1898/1898/1898 1901/1901/1901
f 1900/1900/1900 1901/1901/1901 1902/1902/1902
f 1900/1900/1900 1902/1902/1902 1903/1903/1903
f 1903/1903/1903 1902/1902/1902 1904/1904/1904
f 1903/1903/1903 1904/1904/1904 1905/1905/1905
f 1906/1906/1906 1907/1907/1907 1905/1905/1905
f 1905/1905/1905 1907/1907/1907 1908/1908/1908
f 1905/1905/1905 1908/1908/1908 1903/1903/1903
f 1903/1903/1903 1908/1908/1908 1909/1909/1909
f 1903/1903/1903 1909/1909/1909 1900/1900/1900
f 1900/1900/1900 1909/1909/1909 1910/1910/1910
f 1900/1900/1900 1910/1910/1910 1896/1896/1896
f 1896/1896/1896 1910/1910/1910 1894/1894/1894
f 1907/1907/1907 1906/1906/1906 1911/1911/1911
f 1911/1911/1911 1906/1906/1906 1912/1912/1912
f 1911/1911/1911 1912/1912/1912 1913/1913/1913
f 1913/1913/1913 1912/1912/1912 1914/1914/1914
f 1913/1913/1913 1914/1914/1914 1915/1915/1915
f 1915/1915/1915 1916/1916/1916 1913/1913/1913
f 1913/1913/1913 1916/1916/1916 1917/1917/1917
f 1913/1913/1913 1917/1917/1917 1911/1911/1911
f 1911/1911/1911 1917/1917/1917 1918/1918/1918
f 1911/1911/1911 1918/1918/1918 1919/1919/1919
f 1919/1919/1919 1918/1918/1918 1920/1920/1920
f 1919/1919/1919 1920/1920/1920 1909/1909/1909
f 1909/1909/1909 1920/1920/1920 1910/1910/1910
f 1917/1917/1917 1916/1916/1916 1921/1921/1921
f 1921/1921/1921 1916/1916/1916 1886/1886/1886
f 1921/1921/1921 1886/1886/1886 1888/1888/1888
f 1918/1918/1918 1917/1917/1917 1921/1921/1921
f 1921/1921/1921 1888/1888/1888 1922/1922/1922
f 1922/1922/1922 1888/1888/1888 1890/1890/1890
f 1922/1922/1922 1890/1890/1890 1892/1892/1892
f 1920/1920/1920 1918/1918/1918 1922/1922/1922
f 1922/1922/1922 1918/1918/1918 1921/1921/1921
f 1920/1920/1920 1922/1922/1922 1892/1892/1892
f 1907/1907/1907 1911/1911/1911 1919/1919/1919
f 1910/1910/1910 1920/1920/1920 1892/1892/1892
f 1894/1894/1894 1910/1910/1910 1892/1892/1892
f 1908/1908/1908 1907/1907/1907 1919/1919/1919
f 1908/1908/1908 1919/1919/1919 1909/1909/1909
f 1923/1923/1923 1924/1924/1924 1925/1925/1925
f 1925/1925/1925 1924/1924/1924 1926/1926/1926
f 1925/1925/1925 1926/1926/1926 1927/1927/1927
f 1927/1927/1927 1926/1926/1926 1928/1928/1928
f 1927/1927/1927 1928/1928/1928 1929/1929/1929
f 1929/1929/1929 1928/1928/1928 1930/1930/1930
f 1929/1929/1929 1930/1930/1930 1931/1931/1931
f 1931/1931/1931 1930/1930/1930 1932/1932/1932
f 1931/1931/1931 1932/1932/1932 1933/1933/1933
f 1933/1933/1933 1932/1932/1932 1934/1934/1934
f 1933/1933/1933 1934/1934/1934 1935/1935/1935
f 1935/1935/1935 1934/1934/1934 1936/1936/1936
f 1935/1935/1935 1936/1936/1936 1937/1937/1937
f 1937/1937/1937 1936/1936/1936 1938/1938/1938
f 1937/1937/1937 1938/1938/1938 1939/1939/1939
f 1939/1939/1939 1938/1938/1938 1940/1940/1940
f 1939/1939/1939 1940/1940/1940 1941/1941/1941
f 1928/1928/1928 1942/1942/1942 1930/1930/1930
f 1930/1930/1930 1942/1942/1942 1943/1943/1943
f 1930/1930/1930 1943/1943/1943 1932/1932/1932
f 1932/1932/1932 1943/1943/1943 1944/1944/1944
f 1932/1932/1932 1944/1944/1944 1934/1934/1934
f 1934/1934/1934 1944/1944/1944 1945/1945/1945
f 1934/1934/1934 1945/1945/1945 1936/1936/1936
f 1936/1936/1936 1945/1945/1945 1938/1938/1938
f 1942/1942/1942 1946/1946/1946 1943/1943/1943
f 1943/1943/1943 1946/1946/1946 1947/1947/1947
f 1943/1943/1943 1947/1947/1947 1944/1944/1944
f 1944/1944/1944 1947/1947/1947 1945/1945/1945
f 1947/1947/1947 1948/1948/1948 1945/1945/1945
f 1945/1945/1945 1948/1948/1948 1940/1940/1940
f 1945/1945/1945 1940/1940/1940 1938/1938/1938
f 1937/1937/1937 1949/1949/1949 1935/1935/1935
f 1935/1935/1935 1949/1949/1949 1950/1950/1950
f 1935/1935/1935 1950/1950/1950 1933/1933/1933
f 1933/1933/1933 1950/1950/1950 1951/1951/1951
f 1933/1933/1933 1951/1951/1951 1931/1931/1931
f 1931/1931/1931 1951/1951/1951 1952/1952/1952
f 1931/1931/1931 1952/1952/1952 1929/1929/1929
f 1929/1929/1929 1952/1952/1952 1927/1927/1927
f 1950/1950/1950 1949/1949/1949 1953/1953/1953
f 1953/1953/1953 1949/1949/1949 1954/1954/1954
f 1953/1953/1953 1954/1954/1954 1955/1955/1955
f 1953/1953/1953 1955/1955/1955 1956/1956/1956
f 1956/1956/1956 1955/1955/1955 1923/1923/1923
f 1956/1956/1956 1923/1923/1923 1957/1957/1957
f 1957/1957/1957 1923/1923/1923 1925/1925/1925
f 1957/1957/1957 1925/1925/1925 1927/1927/1927
f 1957/1957/1957 1927/1927/1927 1952/1952/1952
f 1957/1957/1957 1952/1952/1952 1956/1956/1956
f 1956/1956/1956 1952/1952/1952 1951/1951/1951
f 1956/1956/1956 1951/1951/1951 1953/1953/1953
f 1953/1953/1953 1951/1951/1951 1950/1950/1950
f 1958/1958/1958 1959/1959/1959 1960/1960/1960
f 1960/1960/1960 1959/1959/1959 1961/1961/1961
f 1960/1960/1960 1961/1961/1961 1962/1962/1962
f 1962/1962/1962 1961/1961/1961 1963/1963/1963
f 1962/1962/1962 1963/1963/1963 1964/1964/1964
f 1964/1964/1964 1963/1963/1963 1965/1965/1965
f 1964/1964/1964 1965/1965/1965 1966/1966/1966
f 1966/1966/1966 1965/1965/1965 1967/1967/1967
f 1966/1966/1966 1967/1967/1967 1968/1968/1968
f 1968/1968/1968 1967/1967/1967 1969/1969/1969
f 1969/1969/1969 1967/1967/1967 1970/1970/1970
f 1969/1969/1969 1970/1970/1970 1971/1971/1971
f 1971/1971/1971 1970/1970/1970 1972/1972/1972
f 1972/1972/1972 1970/1970/1970 1973/1973/1973
f 1972/1972/1972 1973/1973/1973 1974/1974/1974
f 1974/1974/1974 1973/1973/1973 1975/1975/1975
f 1974/1974/1974 1975/1975/1975 1976/1976/1976
f 1976/1976/1976 1975/1975/1975 1961/1961/1961
f 1976/1976/1976 1961/1961/1961 1959/1959/1959
f 1959/1959/1959 1958/1958/1958 1977/1977/1977
f 1977/1977/1977 1958/1958/1958 1978/1978/1978
f 1977/1977/1977 1978/1978/1978 1979/1979/1979
f 1977/1977/1977 1979/1979/1979 1980/1980/1980
f 1980/1980/1980 1979/1979/1979 1981/1981/1981
f 1980/1980/1980 1981/1981/1981 1982/1982/1982
f 1980/1980/1980 1982/1982/1982 1983/1983/1983
f 1983/1983/1983 1982/1982/1982 1984/1984/1984
f 1983/1983/1983 1984/1984/1984 1974/1974/1974
f 1974/1974/1974 1984/1984/1984 1972/1972/1972
f 1968/1968/1968 1985/1985/1985 1966/1966/1966
f 1966/1966/1966 1985/1985/1985 1986/1986/1986
f 1966/1966/1966 1986/1986/1986 1964/1964/1964
f 1961/1961/1961 1975/1975/1975 1963/1963/1963
f 1963/1963/1963 1975/1975/1975 1987/1987/1987
f 1963/1963/1963 1987/1987/1987 1965/1965/1965
f 1965/1965/1965 1987/1987/1987 1967/1967/1967
f 1959/1959/1959 1977/1977/1977 1976/1976/1976
f 1976/1976/1976 1977/1977/1977 1983/1983/1983
f 1976/1976/1976 1983/1983/1983 1974/1974/1974
f 1980/1980/1980 1983/1983/1983 1977/1977/1977
f 1970/1970/1970 1967/1967/1967 1987/1987/1987
f 1970/1970/1970 1987/1987/1987 1973/1973/1973
f 1973/1973/1973 1987/1987/1987 1975/1975/1975
f 1988/1988/1988 1989/1989/1989 1990/1990/1990
f 1990/1990/1990 1989/1989/1989 1991/1991/1991
f 1990/1990/1990 1991/1991/1991 1992/1992/1992
f 1990/1990/1990 1992/1992/1992 1993/1993/1993
f 1993/1993/1993 1992/1992/1992 1994/1994/1994
f 1993/1993/1993 1994/1994/1994 1995/1995/1995
f 1995/1995/1995 1994/1994/1994 1996/1996/1996
f 1995/1995/1995 1996/1996/1996 1997/1997/1997
f 1995/1995/1995 1997/1997/1997 1998/1998/1998
f 1998/1998/1998 1997/1997/1997 1999/1999/1999
f 1998/1998/1998 1999/1999/1999 2000/2000/2000
f 2000/2000/2000 1999/1999/1999 2001/2001/2001
f 2000/2000/2000 2001/2001/2001 2002/2002/2002
f 2002/2002/2002 2001/2001/2001 2003/2003/2003
f 2002/2002/2002 2003/2003/2003 2004/2004/2004
f 2004/2004/2004 2003/2003/2003 2005/2005/2005
f 2004/2004/2004 2005/2005/2005 2006/2006/2006
f 2006/2006/2006 2005/2005/2005 2007/2007/2007
f 2007/2007/2007 2005/2005/2005 2008/2008/2008
f 2007/2007/2007 2008/2008/2008 2009/2009/2009
f 2009/2009/2009 2008/2008/2008 2010/2010/2010
f 2010/2010/2010 2008/2008/2008 2011/2011/2011
f 2010/2010/2010 2011/2011/2011 2012/2012/2012
f 2012/2012/2012 2011/2011/2011 2013/2013/2013
f 2012/2012/2012 2013/2013/2013 2014/2014/2014
f 2014/2014/2014 2013/2013/2013 2015/2015/2015
f 2015/2015/2015 2013/2013/2013 2001/2001/2001
f 2015/2015/2015 2001/2001/2001 1999/1999/1999
f 2004/2004/2004 2006/2006/2006 2016/2016/2016
f 2016/2016/2016 2006/2006/2006 1988/1988/1988
f 2016/2016/2016 1988/1988/1988 1990/1990/1990
f 2002/2002/2002 2004/2004/2004 2016/2016/2016
f 2016/2016/2016 1990/1990/1990 2017/2017/2017
f 2017/2017/2017 1990/1990/1990 1993/1993/1993
f 2017/2017/2017 1993/1993/1993 1998/1998/1998
f 1998/1998/1998 1993/1993/1993 1995/1995/1995
f 2011/2011/2011 2008/2008/2008 2005/2005/2005
f 2011/2011/2011 2005/2005/2005 2003/2003/2003
f 2000/2000/2000 2002/2002/2002 2017/2017/2017
f 2017/2017/2017 2002/2002/2002 2016/2016/2016
f 2000/2000/2000 2017/2017/2017 1998/1998/1998
f 2013/2013/2013 2011/2011/2011 2003/2003/2003
f 2013/2013/2013 2003/2003/2003 2001/2001/2001
f 2018/2018/2018 2019/2019/2019 2020/2020/2020
f 2020/2020/2020 2019/2019/2019 2021/2021/2021
f 2020/2020/2020 2021/2021/2021 2022/2022/2022
f 2022/2022/2022 2021/2021/2021 2023/2023/2023
f 2022/2022/2022 2023/2023/2023 2024/2024/2024
f 2024/2024/2024 2023/2023/2023 2025/2025/2025
f 2026/2026/2026 2027/2027/2027 2028/2028/2028
f 2028/2028/2028 2027/2027/2027 2029/2029/2029
f 2028/2028/2028 2029/2029/2029 2030/2030/2030
f 2030/2030/2030 2029/2029/2029 2031/2031/2031
f 2030/2030/2030 2031/2031/2031 2032/2032/2032
f 2032/2032/2032 2031/2031/2031 2033/2033/2033
f 2032/2032/2032 2033/2033/2033 2034/2034/2034
f 2034/2034/2034 2035/2035/2035 2032/2032/2032
f 2032/2032/2032 2035/2035/2035 2036/2036/2036
f 2032/2032/2032 2036/2036/2036 2030/2030/2030
f 2030/2030/2030 2036/2036/2036 2037/2037/2037
f 2030/2030/2030 2037/2037/2037 2028/2028/2028
f 2028/2028/2028 2037/2037/2037 2038/2038/2038
f 2028/2028/2028 2038/2038/2038 2026/2026/2026
f 2026/2026/2026 2038/2038/2038 2039/2039/2039
f 2039/2039/2039 2038/2038/2038 2040/2040/2040
f 2039/2039/2039 2040/2040/2040 2041/2041/2041
f 2041/2041/2041 2040/2040/2040 2042/2042/2042
f 2041/2041/2041 2042/2042/2042 2043/2043/2043
f 2043/2043/2043 2042/2042/2042 2044/2044/2044
f 2043/2043/2043 2044/2044/2044 2045/2045/2045
f 2045/2045/2045 2044/2044/2044 2046/2046/2046
f 2046/2046/2046 2044/2044/2044 2047/2047/2047
f 2047/2047/2047 2044/2044/2044 2048/2048/2048
f 2047/2047/2047 2048/2048/2048 2049/2049/2049
f 2049/2049/2049 2048/2048/2048 2050/2050/2050
f 2049/2049/2049 2050/2050/2050 2036/2036/2036
f 2036/2036/2036 2050/2050/2050 2037/2037/2037
f 2035/2035/2035 2049/2049/2049 2036/2036/2036
f 2045/2045/2045 2051/2051/2051 2043/2043/2043
f 2043/2043/2043 2051/2051/2051 2052/2052/2052
f 2043/2043/2043 2052/2052/2052 2041/2041/2041
f 2041/2041/2041 2052/2052/2052 2053/2053/2053
f 2041/2041/2041 2053/2053/2053 2039/2039/2039
f 2051/2051/2051 2054/2054/2054 2052/2052/2052
f 2052/2052/2052 2054/2054/2054 2053/2053/2053
f 2040/2040/2040 2038/2038/2038 2055/2055/2055
f 2055/2055/2055 2038/2038/2038 2037/2037/2037
f 2055/2055/2055 2037/2037/2037 2050/2050/2050
f 2040/2040/2040 2055/2055/2055 2042/2042/2042
f 2042/2042/2042 2055/2055/2055 2048/2048/2048
f 2042/2042/2042 2048/2048/2048 2044/2044/2044
f 2048/2048/2048 2055/2055/2055 2050/2050/2050
f 2056/2056/2056 2057/2057/2057 2058/2058/2058
f 2058/2058/2058 2057/2057/2057 2059/2059/2059
f 2058/2058/2058 2059/2059/2059 2060/2060/2060
f 2060/2060/2060 2059/2059/2059 2061/2061/2061
f 2060/2060/2060 2061/2061/2061 2062/2062/2062
f 2062/2062/2062 2061/2061/2061 2063/2063/2063
f 2062/2062/2062 2063/2063/2063 2064/2064/2064
f 2064/2064/2064 2065/2065/2065 2062/2062/2062
f 2062/2062/2062 2065/2065/2065 2066/2066/2066
f 2062/2062/2062 2066/2066/2066 2060/2060/2060
f 2060/2060/2060 2066/2066/2066 2067/2067/2067
f 2060/2060/2060 2067/2067/2067 2058/2058/2058
f 2058/2058/2058 2067/2067/2067 2068/2068/2068
f 2058/2058/2058 2068/2068/2068 2056/2056/2056
f 2056/2056/2056 2068/2068/2068 2069/2069/2069
f 2069/2069/2069 2068/2068/2068 2070/2070/2070
f 2069/2069/2069 2070/2070/2070 2071/2071/2071
f 2071/2071/2071 2070/2070/2070 2072/2072/2072
f 2072/2072/2072 2070/2070/2070 2073/2073/2073
f 2073/2073/2073 2070/2070/2070 2074/2074/2074
f 2073/2073/2073 2074/2074/2074 2075/2075/2075
f 2075/2075/2075 2074/2074/2074 2076/2076/2076
f 2075/2075/2075 2076/2076/2076 2077/2077/2077
f 2077/2077/2077 2076/2076/2076 2078/2078/2078
f 2078/2078/2078 2076/2076/2076 2066/2066/2066
f 2078/2078/2078 2066/2066/2066 2065/2065/2065
f 2074/2074/2074 2070/2070/2070 2068/2068/2068
f 2074/2074/2074 2068/2068/2068 2067/2067/2067
f 2076/2076/2076 2074/2074/2074 2067/2067/2067
f 2076/2076/2076 2067/2067/2067 2066/2066/2066
f 2079/2079/2079 2080/2080/2080 2081/2081/2081
f 2081/2081/2081 2080/2080/2080 2082/2082/2082
f 2081/2081/2081 2082/2082/2082 2083/2083/2083
f 2083/2083/2083 2082/2082/2082 2084/2084/2084
f 2083/2083/2083 2084/2084/2084 2085/2085/2085
f 2085/2085/2085 2084/2084/2084 2086/2086/2086
f 2085/2085/2085 2086/2086/2086 2087/2087/2087
f 2087/2087/2087 2088/2088/2088 2085/2085/2085
f 2085/2085/2085 2088/2088/2088 2089/2089/2089
f 2085/2085/2085 2089/2089/2089 2083/2083/2083
f 2083/2083/2083 2089/2089/2089 2090/2090/2090
f 2083/2083/2083 2090/2090/2090 2081/2081/2081
f 2081/2081/2081 2090/2090/2090 2091/2091/2091
f 2081/2081/2081 2091/2091/2091 2079/2079/2079
f 2079/2079/2079 2091/2091/2091 2092/2092/2092
f 2092/2092/2092 2091/2091/2091 2093/2093/2093
f 2092/2092/2092 2093/2093/2093 2094/2094/2094
f 2094/2094/2094 2093/2093/2093 2095/2095/2095
f 2095/2095/2095 2093/2093/2093 2096/2096/2096
f 2096/2096/2096 2093/2093/2093 2097/2097/2097
f 2096/2096/2096 2097/2097/2097 2098/2098/2098
f 2098/2098/2098 2097/2097/2097 2099/2099/2099
f 2098/2098/2098 2099/2099/2099 2100/2100/2100
f 2100/2100/2100 2099/2099/2099 2101/2101/2101
f 2101/2101/2101 2099/2099/2099 2089/2089/2089
f 2101/2101/2101 2089/2089/2089 2088/2088/2088
f 2097/2097/2097 2093/2093/2093 2091/2091/2091
f 2097/2097/2097 2091/2091/2091 2090/2090/2090
f 2099/2099/2099 2097/2097/2097 2090/2090/2090
f 2099/2099/2099 2090/2090/2090 2089/2089/2089
f 2102/2102/2102 2103/2103/2103 2104/2104/2104
f 2104/2104/2104 2103/2103/2103 2105/2105/2105
f 2104/2104/2104 2105/2105/2105 2106/2106/2106
f 2106/2106/2106 2107/2107/2107 2104/2104/2104
f 2104/2104/2104 2107/2107/2107 2108/2108/2108
f 2108/2108/2108 2107/2107/2107 2109/2109/2109
f 2108/2108/2108 2109/2109/2109 2110/2110/2110
f 2111/2111/2111 2112/2112/2112 2113/2113/2113
f 2113/2113/2113 2112/2112/2112 2114/2114/2114
f 2114/2114/2114 2112/2112/2112 2115/2115/2115
f 2114/2114/2114 2115/2115/2115 2116/2116/2116
f 2116/2116/2116 2115/2115/2115 2117/2117/2117
f 2116/2116/2116 2117/2117/2117 2118/2118/2118
f 2118/2118/2118 2119/2119/2119 2116/2116/2116
f 2120/2120/2120 2121/2121/2121 2122/2122/2122
f 2122/2122/2122 2121/2121/2121 2123/2123/2123
f 2122/2122/2122 2123/2123/2123 2124/2124/2124
f 2124/2124/2124 2123/2123/2123 2125/2125/2125
f 2124/2124/2124 2125/2125/2125 2126/2126/2126
f 2126/2126/2126 2125/2125/2125 2127/2127/2127
f 2126/2126/2126 2127/2127/2127 2128/2128/2128
f 2128/2128/2128 2129/2129/2129 2126/2126/2126
f 2126/2126/2126 2129/2129/2129 2130/2130/2130
f 2126/2126/2126 2130/2130/2130 2124/2124/2124
f 2124/2124/2124 2130/2130/2130 2131/2131/2131
f 2124/2124/2124 2131/2131/2131 2132/2132/2132
f 2132/2132/2132 2131/2131/2131 2133/2133/2133
f 2132/2132/2132 2133/2133/2133 2134/2134/2134
f 2134/2134/2134 2133/2133/2133 2135/2135/2135
f 2135/2135/2135 2133/2133/2133 2136/2136/2136
f 2136/2136/2136 2133/2133/2133 2137/2137/2137
f 2137/2137/2137 2133/2133/2133 2138/2138/2138
f 2137/2137/2137 2138/2138/2138 2139/2139/2139
f 2139/2139/2139 2138/2138/2138 2140/2140/2140
f 2140/2140/2140 2138/2138/2138 2141/2141/2141
f 2140/2140/2140 2141/2141/2141 2142/2142/2142
f 2142/2142/2142 2141/2141/2141 2143/2143/2143
f 2143/2143/2143 2141/2141/2141 2130/2130/2130
f 2143/2143/2143 2130/2130/2130 2129/2129/2129
f 2134/2134/2134 2120/2120/2120 2132/2132/2132
f 2132/2132/2132 2120/2120/2120 2122/2122/2122
f 2132/2132/2132 2122/2122/2122 2124/2124/2124
f 2138/2138/2138 2133/2133/2133 2131/2131/2131
f 2141/2141/2141 2138/2138/2138 2131/2131/2131
f 2141/2141/2141 2131/2131/2131 2130/2130/2130
f 2144/2144/2144 2145/2145/2145 2146/2146/2146
f 2146/2146/2146 2145/2145/2145 2147/2147/2147
f 2146/2146/2146 2147/2147/2147 2148/2148/2148
f 2148/2148/2148 2147/2147/2147 2149/2149/2149
f 2148/2148/2148 2149/2149/2149 2150/2150/2150
f 2150/2150/2150 2149/2149/2149 2151/2151/2151
f 2150/2150/2150 2151/2151/2151 2152/2152/2152
f 2152/2152/2152 2153/2153/2153 2150/2150/2150
f 2150/2150/2150 2153/2153/2153 2148/2148/2148
f 2153/2153/2153 2154/2154/2154 2148/2148/2148
f 2148/2148/2148 2154/2154/2154 2146/2146/2146
f 2154/2154/2154 2144/2144/2144 2146/2146/2146
f 2155/2155/2155 2156/2156/2156 2157/2157/2157
f 2157/2157/2157 2156/2156/2156 2158/2158/2158
f 2157/2157/2157 2158/2158/2158 2159/2159/2159
f 2159/2159/2159 2158/2158/2158 2160/2160/2160
f 2159/2159/2159 2160/2160/2160 2161/2161/2161
f 2161/2161/2161 2160/2160/2160 2162/2162/2162
f 2161/2161/2161 2162/2162/2162 2163/2163/2163
f 2163/2163/2163 2162/2162/2162 2164/2164/2164
f 2163/2163/2163 2164/2164/2164 2165/2165/2165
f 2165/2165/2165 2164/2164/2164 2166/2166/2166
f 2165/2165/2165 2166/2166/2166 2167/2167/2167
f 2167/2167/2167 2166/2166/2166 2168/2168/2168
f 2168/2168/2168 2166/2166/2166 2169/2169/2169
f 2168/2168/2168 2169/2169/2169 2170/2170/2170
f 2170/2170/2170 2169/2169/2169 2171/2171/2171
f 2170/2170/2170 2171/2171/2171 2172/2172/2172
f 2172/2172/2172 2171/2171/2171 2173/2173/2173
f 2172/2172/2172 2173/2173/2173 2174/2174/2174
f 2174/2174/2174 2173/2173/2173 2175/2175/2175
f 2175/2175/2175 2173/2173/2173 2176/2176/2176
f 2175/2175/2175 2176/2176/2176 2177/2177/2177
f 2177/2177/2177 2176/2176/2176 2178/2178/2178
f 2177/2177/2177 2178/2178/2178 2179/2179/2179
f 2179/2179/2179 2178/2178/2178 2180/2180/2180
f 2179/2179/2179 2180/2180/2180 2181/2181/2181
f 2181/2181/2181 2180/2180/2180 2182/2182/2182
f 2181/2181/2181 2182/2182/2182 2183/2183/2183
f 2183/2183/2183 2182/2182/2182 2162/2162/2162
f 2183/2183/2183 2162/2162/2162 2160/2160/2160
f 2158/2158/2158 2184/2184/2184 2160/2160/2160
f 2160/2160/2160 2184/2184/2184 2183/2183/2183
f 2184/2184/2184 2185/2185/2185 2183/2183/2183
f 2183/2183/2183 2185/2185/2185 2181/2181/2181
f 2185/2185/2185 2186/2186/2186 2181/2181/2181
f 2181/2181/2181 2186/2186/2186 2187/2187/2187
f 2181/2181/2181 2187/2187/2187 2179/2179/2179
f 2179/2179/2179 2187/2187/2187 2188/2188/2188
f 2179/2179/2179 2188/2188/2188 2177/2177/2177
f 2165/2165/2165 2167/2167/2167 2189/2189/2189
f 2189/2189/2189 2167/2167/2167 2190/2190/2190
f 2189/2189/2189 2190/2190/2190 2191/2191/2191
f 2189/2189/2189 2191/2191/2191 2192/2192/2192
f 2192/2192/2192 2191/2191/2191 2155/2155/2155
f 2192/2192/2192 2155/2155/2155 2193/2193/2193
f 2193/2193/2193 2155/2155/2155 2157/2157/2157
f 2193/2193/2193 2157/2157/2157 2159/2159/2159
f 2193/2193/2193 2159/2159/2159 2161/2161/2161
f 2180/2180/2180 2178/2178/2178 2194/2194/2194
f 2194/2194/2194 2178/2178/2178 2176/2176/2176
f 2194/2194/2194 2176/2176/2176 2171/2171/2171
f 2171/2171/2171 2176/2176/2176 2173/2173/2173
f 2182/2182/2182 2180/2180/2180 2195/2195/2195
f 2195/2195/2195 2180/2180/2180 2194/2194/2194
f 2195/2195/2195 2194/2194/2194 2169/2169/2169
f 2169/2169/2169 2194/2194/2194 2171/2171/2171
f 2162/2162/2162 2182/2182/2182 2164/2164/2164
f 2164/2164/2164 2182/2182/2182 2195/2195/2195
f 2164/2164/2164 2195/2195/2195 2166/2166/2166
f 2166/2166/2166 2195/2195/2195 2169/2169/2169
f 2193/2193/2193 2161/2161/2161 2192/2192/2192
f 2192/2192/2192 2161/2161/2161 2163/2163/2163
f 2192/2192/2192 2163/2163/2163 2189/2189/2189
f 2189/2189/2189 2163/2163/2163 2165/2165/2165
f 2196/2196/2196 2197/2197/2197 2198/2198/2198
f 2198/2198/2198 2197/2197/2197 2199/2199/2199
f 2198/2198/2198 2199/2199/2199 2200/2200/2200
f 2200/2200/2200 2199/2199/2199 2201/2201/2201
f 2200/2200/2200 2201/2201/2201 2202/2202/2202
f 2202/2202/2202 2201/2201/2201 2203/2203/2203
f 2202/2202/2202 2203/2203/2203 2204/2204/2204
f 2201/2201/2201 2205/2205/2205 2203/2203/2203
f 2206/2206/2206 2207/2207/2207 2204/2204/2204
f 2204/2204/2204 2207/2207/2207 2202/2202/2202
f 2202/2202/2202 2207/2207/2207 2200/2200/2200
f 2200/2200/2200 2207/2207/2207 2208/2208/2208
f 2200/2200/2200 2208/2208/2208 2198/2198/2198
f 2198/2198/2198 2208/2208/2208 2209/2209/2209
f 2198/2198/2198 2209/2209/2209 2196/2196/2196
f 2208/2208/2208 2210/2210/2210 2209/2209/2209
f 2211/2211/2211 2212/2212/2212 2213/2213/2213
f 2213/2213/2213 2212/2212/2212 2214/2214/2214
f 2213/2213/2213 2214/2214/2214 2215/2215/2215
f 2215/2215/2215 2214/2214/2214 2216/2216/2216
f 2215/2215/2215 2216/2216/2216 2217/2217/2217
f 2215/2215/2215 2217/2217/2217 2218/2218/2218
f 2218/2218/2218 2217/2217/2217 2219/2219/2219
f 2218/2218/2218 2219/2219/2219 2220/2220/2220
f 2220/2220/2220 2221/2221/2221 2218/2218/2218
f 2218/2218/2218 2221/2221/2221 2215/2215/2215
f 2221/2221/2221 2222/2222/2222 2215/2215/2215
f 2215/2215/2215 2222/2222/2222 2223/2223/2223
f 2215/2215/2215 2223/2223/2223 2213/2213/2213
f 2213/2213/2213 2223/2223/2223 2211/2211/2211
f 2224/2224/2224 2225/2225/2225 2226/2226/2226
f 2226/2226/2226 2225/2225/2225 2227/2227/2227
f 2226/2226/2226 2227/2227/2227 2228/2228/2228
f 2228/2228/2228 2227/2227/2227 2229/2229/2229
f 2228/2228/2228 2229/2229/2229 2230/2230/2230
f 2230/2230/2230 2229/2229/2229 2231/2231/2231
f 2230/2230/2230 2231/2231/2231 2232/2232/2232
f 2229/2229/2229 2233/2233/2233 2231/2231/2231
f 2232/2232/2232 2234/2234/2234 2230/2230/2230
f 2230/2230/2230 2234/2234/2234 2235/2235/2235
f 2230/2230/2230 2235/2235/2235 2228/2228/2228
f 2228/2228/2228 2235/2235/2235 2236/2236/2236
f 2228/2228/2228 2236/2236/2236 2226/2226/2226
f 2226/2226/2226 2236/2236/2236 2237/2237/2237
f 2226/2226/2226 2237/2237/2237 2238/2238/2238
f 2238/2238/2238 2224/2224/2224 2226/2226/2226
f 2239/2239/2239 2240/2240/2240 2241/2241/2241
f 2241/2241/2241 2240/2240/2240 2242/2242/2242
f 2241/2241/2241 2242/2242/2242 2243/2243/2243
f 2243/2243/2243 2242/2242/2242 2244/2244/2244
f 2243/2243/2243 2244/2244/2244 2245/2245/2245
f 2245/2245/2245 2244/2244/2244 2246/2246/2246
f 2245/2245/2245 2246/2246/2246 2247/2247/2247
f 2247/2247/2247 2246/2246/2246 2248/2248/2248
f 2247/2247/2247 2248/2248/2248 2249/2249/2249
f 2249/2249/2249 2248/2248/2248 2250/2250/2250
f 2249/2249/2249 2250/2250/2250 2251/2251/2251
f 2251/2251/2251 2250/2250/2250 2252/2252/2252
f 2252/2252/2252 2250/2250/2250 2253/2253/2253
f 2252/2252/2252 2253/2253/2253 2254/2254/2254
f 2254/2254/2254 2253/2253/2253 2255/2255/2255
f 2254/2254/2254 2255/2255/2255 2256/2256/2256
f 2256/2256/2256 2255/2255/2255 2257/2257/2257
f 2257/2257/2257 2255/2255/2255 2258/2258/2258
f 2258/2258/2258 2255/2255/2255 2259/2259/2259
f 2258/2258/2258 2259/2259/2259 2260/2260/2260
f 2260/2260/2260 2259/2259/2259 2261/2261/2261
f 2260/2260/2260 2261/2261/2261 2262/2262/2262
f 2262/2262/2262 2261/2261/2261 2246/2246/2246
f 2262/2262/2262 2246/2246/2246 2244/2244/2244
f 2242/2242/2242 2263/2263/2263 2244/2244/2244
f 2244/2244/2244 2263/2263/2263 2262/2262/2262
f 2263/2263/2263 2264/2264/2264 2262/2262/2262
f 2262/2262/2262 2264/2264/2264 2260/2260/2260
f 2264/2264/2264 2265/2265/2265 2260/2260/2260
f 2260/2260/2260 2265/2265/2265 2258/2258/2258
f 2256/2256/2256 2266/2266/2266 2254/2254/2254
f 2254/2254/2254 2266/2266/2266 2267/2267/2267
f 2254/2254/2254 2267/2267/2267 2252/2252/2252
f 2249/2249/2249 2251/2251/2251 2268/2268/2268
f 2268/2268/2268 2251/2251/2251 2269/2269/2269
f 2268/2268/2268 2269/2269/2269 2270/2270/2270
f 2268/2268/2268 2270/2270/2270 2271/2271/2271
f 2271/2271/2271 2270/2270/2270 2239/2239/2239
f 2271/2271/2271 2239/2239/2239 2272/2272/2272
f 2272/2272/2272 2239/2239/2239 2241/2241/2241
f 2272/2272/2272 2241/2241/2241 2243/2243/2243
f 2272/2272/2272 2243/2243/2243 2245/2245/2245
f 2261/2261/2261 2259/2259/2259 2273/2273/2273
f 2273/2273/2273 2259/2259/2259 2255/2255/2255
f 2273/2273/2273 2255/2255/2255 2253/2253/2253
f 2246/2246/2246 2261/2261/2261 2248/2248/2248
f 2248/2248/2248 2261/2261/2261 2273/2273/2273
f 2248/2248/2248 2273/2273/2273 2250/2250/2250
f 2250/2250/2250 2273/2273/2273 2253/2253/2253
f 2272/2272/2272 2245/2245/2245 2271/2271/2271
f 2271/2271/2271 2245/2245/2245 2247/2247/2247
f 2271/2271/2271 2247/2247/2247 2268/2268/2268
f 2268/2268/2268 2247/2247/2247 2249/2249/2249
f 2274/2274/2274 2275/2275/2275 2276/2276/2276
f 2276/2276/2276 2275/2275/2275 2277/2277/2277
f 2276/2276/2276 2277/2277/2277 2278/2278/2278
f 2276/2276/2276 2278/2278/2278 2279/2279/2279
f 2279/2279/2279 2278/2278/2278 2280/2280/2280
f 2279/2279/2279 2280/2280/2280 2281/2281/2281
f 2281/2281/2281 2280/2280/2280 2282/2282/2282
f 2281/2281/2281 2282/2282/2282 2283/2283/2283
f 2283/2283/2283 2284/2284/2284 2281/2281/2281
f 2281/2281/2281 2284/2284/2284 2285/2285/2285
f 2281/2281/2281 2285/2285/2285 2279/2279/2279
f 2279/2279/2279 2285/2285/2285 2286/2286/2286
f 2279/2279/2279 2286/2286/2286 2276/2276/2276
f 2276/2276/2276 2286/2286/2286 2287/2287/2287
f 2276/2276/2276 2287/2287/2287 2274/2274/2274
f 2274/2274/2274 2287/2287/2287 2288/2288/2288
f 2288/2288/2288 2287/2287/2287 2289/2289/2289
f 2288/2288/2288 2289/2289/2289 2290/2290/2290
f 2290/2290/2290 2289/2289/2289 2291/2291/2291
f 2290/2290/2290 2291/2291/2291 2292/2292/2292
f 2292/2292/2292 2291/2291/2291 2293/2293/2293
f 2292/2292/2292 2293/2293/2293 2294/2294/2294
f 2294/2294/2294 2293/2293/2293 2295/2295/2295
f 2294/2294/2294 2295/2295/2295 2296/2296/2296
f 2296/2296/2296 2295/2295/2295 2297/2297/2297
f 2297/2297/2297 2295/2295/2295 2298/2298/2298
f 2297/2297/2297 2298/2298/2298 2299/2299/2299
f 2299/2299/2299 2298/2298/2298 2300/2300/2300
f 2299/2299/2299 2300/2300/2300 2301/2301/2301
f 2301/2301/2301 2300/2300/2300 2302/2302/2302
f 2301/2301/2301 2302/2302/2302 2303/2303/2303
f 2303/2303/2303 2302/2302/2302 2304/2304/2304
f 2303/2303/2303 2304/2304/2304 2305/2305/2305
f 2284/2284/2284 2306/2306/2306 2285/2285/2285
f 2285/2285/2285 2306/2306/2306 2307/2307/2307
f 2285/2285/2285 2307/2307/2307 2286/2286/2286
f 2286/2286/2286 2307/2307/2307 2308/2308/2308
f 2286/2286/2286 2308/2308/2308 2287/2287/2287
f 2287/2287/2287 2308/2308/2308 2289/2289/2289
f 2306/2306/2306 2309/2309/2309 2307/2307/2307
f 2307/2307/2307 2309/2309/2309 2310/2310/2310
f 2307/2307/2307 2310/2310/2310 2308/2308/2308
f 2308/2308/2308 2310/2310/2310 2311/2311/2311
f 2308/2308/2308 2311/2311/2311 2289/2289/2289
f 2289/2289/2289 2311/2311/2311 2291/2291/2291
f 2309/2309/2309 2312/2312/2312 2310/2310/2310
f 2310/2310/2310 2312/2312/2312 2313/2313/2313
f 2310/2310/2310 2313/2313/2313 2311/2311/2311
f 2311/2311/2311 2313/2313/2313 2314/2314/2314
f 2311/2311/2311 2314/2314/2314 2291/2291/2291
f 2291/2291/2291 2314/2314/2314 2293/2293/2293
f 2312/2312/2312 2315/2315/2315 2313/2313/2313
f 2313/2313/2313 2315/2315/2315 2316/2316/2316
f 2313/2313/2313 2316/2316/2316 2317/2317/2317
f 2317/2317/2317 2316/2316/2316 2318/2318/2318
f 2317/2317/2317 2318/2318/2318 2319/2319/2319
f 2319/2319/2319 2318/2318/2318 2320/2320/2320
f 2319/2319/2319 2320/2320/2320 2321/2321/2321
f 2321/2321/2321 2320/2320/2320 2300/2300/2300
f 2321/2321/2321 2300/2300/2300 2298/2298/2298
f 2318/2318/2318 2322/2322/2322 2320/2320/2320
f 2320/2320/2320 2322/2322/2322 2302/2302/2302
f 2320/2320/2320 2302/2302/2302 2300/2300/2300
f 2322/2322/2322 2304/2304/2304 2302/2302/2302
f 2303/2303/2303 2305/2305/2305 2323/2323/2323
f 2323/2323/2323 2305/2305/2305 2324/2324/2324
f 2323/2323/2323 2324/2324/2324 2325/2325/2325
f 2323/2323/2323 2325/2325/2325 2326/2326/2326
f 2326/2326/2326 2325/2325/2325 2327/2327/2327
f 2326/2326/2326 2327/2327/2327 2328/2328/2328
f 2328/2328/2328 2327/2327/2327 2329/2329/2329
f 2328/2328/2328 2329/2329/2329 2330/2330/2330
f 2328/2328/2328 2330/2330/2330 2331/2331/2331
f 2331/2331/2331 2330/2330/2330 2332/2332/2332
f 2331/2331/2331 2332/2332/2332 2333/2333/2333
f 2333/2333/2333 2332/2332/2332 2334/2334/2334
f 2333/2333/2333 2334/2334/2334 2299/2299/2299
f 2299/2299/2299 2334/2334/2334 2297/2297/2297
f 2321/2321/2321 2298/2298/2298 2295/2295/2295
f 2295/2295/2295 2293/2293/2293 2335/2335/2335
f 2335/2335/2335 2293/2293/2293 2314/2314/2314
f 2335/2335/2335 2314/2314/2314 2317/2317/2317
f 2317/2317/2317 2314/2314/2314 2313/2313/2313
f 2299/2299/2299 2301/2301/2301 2333/2333/2333
f 2333/2333/2333 2301/2301/2301 2336/2336/2336
f 2333/2333/2333 2336/2336/2336 2331/2331/2331
f 2331/2331/2331 2336/2336/2336 2326/2326/2326
f 2331/2331/2331 2326/2326/2326 2328/2328/2328
f 2319/2319/2319 2321/2321/2321 2335/2335/2335
f 2335/2335/2335 2321/2321/2321 2295/2295/2295
f 2319/2319/2319 2335/2335/2335 2317/2317/2317
f 2323/2323/2323 2326/2326/2326 2336/2336/2336
f 2323/2323/2323 2336/2336/2336 2303/2303/2303
f 2303/2303/2303 2336/2336/2336 2301/2301/2301
f 2337/2337/2337 2338/2338/2338 2339/2339/2339
f 2339/2339/2339 2338/2338/2338 2340/2340/2340
f 2339/2339/2339 2340/2340/2340 2341/2341/2341
f 2342/2342/2342 2343/2343/2343 2344/2344/2344
f 2342/2342/2342 2344/2344/2344 2345/2345/2345
f 2345/2345/2345 2344/2344/2344 2346/2346/2346
f 2345/2345/2345 2346/2346/2346 2347/2347/2347
f 2344/2344/2344 2348/2348/2348 2346/2346/2346
f 2346/2346/2346 2348/2348/2348 2349/2349/2349
f 2346/2346/2346 2349/2349/2349 2350/2350/2350
f 2348/2348/2348 2351/2351/2351 2349/2349/2349
f 2349/2349/2349 2351/2351/2351 2352/2352/2352
f 2349/2349/2349 2352/2352/2352 2353/2353/2353
f 2353/2353/2353 2352/2352/2352 2354/2354/2354
f 2351/2351/2351 2354/2354/2354 2352/2352/2352
f 2354/2354/2354 2355/2355/2355 2356/2356/2356
f 2357/2357/2357 2358/2358/2358 2355/2355/2355
f 2355/2355/2355 2358/2358/2358 2359/2359/2359
f 2358/2358/2358 2357/2357/2357 2360/2360/2360
f 2360/2360/2360 2357/2357/2357 2361/2361/2361
f 2360/2360/2360 2361/2361/2361 2362/2362/2362
f 2362/2362/2362 2361/2361/2361 2363/2363/2363
f 2362/2362/2362 2363/2363/2363 2364/2364/2364
f 2364/2364/2364 2363/2363/2363 2365/2365/2365
f 2364/2364/2364 2365/2365/2365 2366/2366/2366
f 2365/2365/2365 2363/2363/2363 2339/2339/2339
f 2339/2339/2339 2363/2363/2363 2337/2337/2337
f 2367/2367/2367 2368/2368/2368 2365/2365/2365
f 2364/2364/2364 2369/2369/2369 2362/2362/2362
f 2362/2362/2362 2370/2370/2370 2360/2360/2360
f 2339/2339/2339 2341/2341/2341 2367/2367/2367
f 2339/2339/2339 2367/2367/2367 2365/2365/2365
f 2360/2360/2360 2371/2371/2371 2358/2358/2358
f 2372/2372/2372 2373/2373/2373 2374/2374/2374
f 2374/2374/2374 2373/2373/2373 2375/2375/2375
f 2374/2374/2374 2375/2375/2375 2376/2376/2376
f 2376/2376/2376 2375/2375/2375 2377/2377/2377
f 2376/2376/2376 2377/2377/2377 2378/2378/2378
f 2378/2378/2378 2377/2377/2377 2379/2379/2379
f 2378/2378/2378 2379/2379/2379 2380/2380/2380
f 2380/2380/2380 2379/2379/2379 2381/2381/2381
f 2381/2381/2381 2379/2379/2379 2382/2382/2382
f 2382/2382/2382 2379/2379/2379 2383/2383/2383
f 2382/2382/2382 2383/2383/2383 2384/2384/2384
f 2384/2384/2384 2383/2383/2383 2385/2385/2385
f 2384/2384/2384 2385/2385/2385 2386/2386/2386
f 2386/2386/2386 2385/2385/2385 2372/2372/2372
f 2372/2372/2372 2385/2385/2385 2373/2373/2373
f 2386/2386/2386 2387/2387/2387 2384/2384/2384
f 2373/2373/2373 2385/2385/2385 2375/2375/2375
f 2375/2375/2375 2385/2385/2385 2383/2383/2383
f 2375/2375/2375 2383/2383/2383 2377/2377/2377
f 2377/2377/2377 2383/2383/2383 2379/2379/2379
f 2388/2388/2388 2389/2389/2389 2390/2390/2390
f 2390/2390/2390 2389/2389/2389 2391/2391/2391
f 2390/2390/2390 2391/2391/2391 2392/2392/2392
f 2392/2392/2392 2391/2391/2391 2393/2393/2393
f 2392/2392/2392 2393/2393/2393 2394/2394/2394
f 2394/2394/2394 2393/2393/2393 2395/2395/2395
f 2394/2394/2394 2395/2395/2395 2396/2396/2396
f 2396/2396/2396 2395/2395/2395 2397/2397/2397
f 2396/2396/2396 2397/2397/2397 2398/2398/2398
f 2398/2398/2398 2397/2397/2397 2399/2399/2399
f 2398/2398/2398 2399/2399/2399 2400/2400/2400
f 2400/2400/2400 2399/2399/2399 2401/2401/2401
f 2400/2400/2400 2401/2401/2401 2402/2402/2402
f 2402/2402/2402 2401/2401/2401 2403/2403/2403
f 2402/2402/2402 2403/2403/2403 2404/2404/2404
f 2404/2404/2404 2403/2403/2403 2405/2405/2405
f 2404/2404/2404 2405/2405/2405 2406/2406/2406
f 2406/2406/2406 2405/2405/2405 2407/2407/2407
f 2406/2406/2406 2407/2407/2407 2408/2408/2408
f 2408/2408/2408 2407/2407/2407 2409/2409/2409
f 2408/2408/2408 2409/2409/2409 2410/2410/2410
f 2410/2410/2410 2409/2409/2409 2411/2411/2411
f 2410/2410/2410 2411/2411/2411 2412/2412/2412
f 2391/2391/2391 2389/2389/2389 2413/2413/2413
f 2413/2413/2413 2389/2389/2389 2414/2414/2414
f 2413/2413/2413 2414/2414/2414 2415/2415/2415
f 2413/2413/2413 2415/2415/2415 2416/2416/2416
f 2416/2416/2416 2415/2415/2415 2417/2417/2417
f 2416/2416/2416 2417/2417/2417 2418/2418/2418
f 2416/2416/2416 2418/2418/2418 2419/2419/2419
f 2419/2419/2419 2418/2418/2418 2420/2420/2420
f 2419/2419/2419 2420/2420/2420 2421/2421/2421
f 2421/2421/2421 2420/2420/2420 2422/2422/2422
f 2421/2421/2421 2422/2422/2422 2423/2423/2423
f 2421/2421/2421 2423/2423/2423 2424/2424/2424
f 2424/2424/2424 2423/2423/2423 2425/2425/2425
f 2424/2424/2424 2425/2425/2425 2426/2426/2426
f 2426/2426/2426 2425/2425/2425 2427/2427/2427
f 2426/2426/2426 2427/2427/2427 2428/2428/2428
f 2428/2428/2428 2427/2427/2427 2429/2429/2429
f 2428/2428/2428 2429/2429/2429 2430/2430/2430
f 2430/2430/2430 2429/2429/2429 2431/2431/2431
f 2430/2430/2430 2431/2431/2431 2432/2432/2432
f 2432/2432/2432 2431/2431/2431 2433/2433/2433
f 2432/2432/2432 2433/2433/2433 2434/2434/2434
f 2434/2434/2434 2433/2433/2433 2407/2407/2407
f 2434/2434/2434 2407/2407/2407 2405/2405/2405
f 2431/2431/2431 2411/2411/2411 2433/2433/2433
f 2433/2433/2433 2411/2411/2411 2409/2409/2409
f 2433/2433/2433 2409/2409/2409 2407/2407/2407
f 2410/2410/2410 2412/2412/2412 2435/2435/2435
f 2435/2435/2435 2412/2412/2412 2436/2436/2436
f 2435/2435/2435 2436/2436/2436 2437/2437/2437
f 2435/2435/2435 2437/2437/2437 2438/2438/2438
f 2438/2438/2438 2437/2437/2437 2439/2439/2439
f 2438/2438/2438 2439/2439/2439 2440/2440/2440
f 2440/2440/2440 2439/2439/2439 2441/2441/2441
f 2440/2440/2440 2441/2441/2441 2442/2442/2442
f 2440/2440/2440 2442/2442/2442 2443/2443/2443
f 2443/2443/2443 2442/2442/2442 2444/2444/2444
f 2443/2443/2443 2444/2444/2444 2445/2445/2445
f 2445/2445/2445 2444/2444/2444 2406/2406/2406
f 2445/2445/2445 2406/2406/2406 2408/2408/2408
f 2444/2444/2444 2404/2404/2404 2406/2406/2406
f 2393/2393/2393 2391/2391/2391 2446/2446/2446
f 2446/2446/2446 2391/2391/2391 2413/2413/2413
f 2446/2446/2446 2413/2413/2413 2419/2419/2419
f 2419/2419/2419 2413/2413/2413 2416/2416/2416
f 2395/2395/2395 2393/2393/2393 2447/2447/2447
f 2447/2447/2447 2393/2393/2393 2446/2446/2446
f 2447/2447/2447 2446/2446/2446 2421/2421/2421
f 2421/2421/2421 2446/2446/2446 2419/2419/2419
f 2397/2397/2397 2395/2395/2395 2448/2448/2448
f 2448/2448/2448 2395/2395/2395 2447/2447/2447
f 2448/2448/2448 2447/2447/2447 2424/2424/2424
f 2424/2424/2424 2447/2447/2447 2421/2421/2421
f 2399/2399/2399 2397/2397/2397 2449/2449/2449
f 2449/2449/2449 2397/2397/2397 2448/2448/2448
f 2449/2449/2449 2448/2448/2448 2426/2426/2426
f 2426/2426/2426 2448/2448/2448 2424/2424/2424
f 2401/2401/2401 2399/2399/2399 2450/2450/2450
f 2450/2450/2450 2399/2399/2399 2449/2449/2449
f 2450/2450/2450 2449/2449/2449 2428/2428/2428
f 2428/2428/2428 2449/2449/2449 2426/2426/2426
f 2434/2434/2434 2405/2405/2405 2403/2403/2403
f 2403/2403/2403 2401/2401/2401 2451/2451/2451
f 2451/2451/2451 2401/2401/2401 2450/2450/2450
f 2451/2451/2451 2450/2450/2450 2430/2430/2430
f 2430/2430/2430 2450/2450/2450 2428/2428/2428
f 2438/2438/2438 2440/2440/2440 2443/2443/2443
f 2443/2443/2443 2445/2445/2445 2452/2452/2452
f 2452/2452/2452 2445/2445/2445 2408/2408/2408
f 2452/2452/2452 2408/2408/2408 2410/2410/2410
f 2432/2432/2432 2434/2434/2434 2451/2451/2451
f 2451/2451/2451 2434/2434/2434 2403/2403/2403
f 2432/2432/2432 2451/2451/2451 2430/2430/2430
f 2435/2435/2435 2438/2438/2438 2452/2452/2452
f 2452/2452/2452 2438/2438/2438 2443/2443/2443
f 2435/2435/2435 2452/2452/2452 2410/2410/2410
f 2453/2453/2453 2454/2454/2454 2455/2455/2455
f 2455/2455/2455 2454/2454/2454 2456/2456/2456
f 2455/2455/2455 2456/2456/2456 2457/2457/2457
f 2457/2457/2457 2456/2456/2456 2458/2458/2458
f 2457/2457/2457 2458/2458/2458 2459/2459/2459
f 2459/2459/2459 2458/2458/2458 2460/2460/2460
f 2461/2461/2461 2462/2462/2462 2463/2463/2463
f 2463/2463/2463 2462/2462/2462 2464/2464/2464
f 2463/2463/2463 2464/2464/2464 2465/2465/2465
f 2465/2465/2465 2464/2464/2464 2466/2466/2466
f 2465/2465/2465 2466/2466/2466 2467/2467/2467
f 2465/2465/2465 2467/2467/2467 2468/2468/2468
f 2468/2468/2468 2467/2467/2467 2469/2469/2469
f 2468/2468/2468 2469/2469/2469 2470/2470/2470
f 2468/2468/2468 2470/2470/2470 2471/2471/2471
f 2471/2471/2471 2470/2470/2470 2472/2472/2472
f 2471/2471/2471 2472/2472/2472 2473/2473/2473
f 2473/2473/2473 2472/2472/2472 2474/2474/2474
f 2473/2473/2473 2474/2474/2474 2475/2475/2475
f 2475/2475/2475 2476/2476/2476 2473/2473/2473
f 2473/2473/2473 2476/2476/2476 2477/2477/2477
f 2473/2473/2473 2477/2477/2477 2478/2478/2478
f 2478/2478/2478 2477/2477/2477 2479/2479/2479
f 2478/2478/2478 2479/2479/2479 2463/2463/2463
f 2463/2463/2463 2479/2479/2479 2461/2461/2461
f 2476/2476/2476 2480/2480/2480 2477/2477/2477
f 2477/2477/2477 2480/2480/2480 2481/2481/2481
f 2477/2477/2477 2481/2481/2481 2482/2482/2482
f 2482/2482/2482 2481/2481/2481 2483/2483/2483
f 2482/2482/2482 2483/2483/2483 2484/2484/2484
f 2484/2484/2484 2485/2485/2485 2482/2482/2482
f 2482/2482/2482 2485/2485/2485 2479/2479/2479
f 2482/2482/2482 2479/2479/2479 2477/2477/2477
f 2485/2485/2485 2461/2461/2461 2479/2479/2479
f 2463/2463/2463 2465/2465/2465 2478/2478/2478
f 2478/2478/2478 2465/2465/2465 2471/2471/2471
f 2478/2478/2478 2471/2471/2471 2473/2473/2473
f 2468/2468/2468 2471/2471/2471 2465/2465/2465
f 2486/2486/2486 2487/2487/2487 2488/2488/2488
f 2488/2488/2488 2487/2487/2487 2489/2489/2489
f 2488/2488/2488 2489/2489/2489 2490/2490/2490
f 2490/2490/2490 2489/2489/2489 2491/2491/2491
f 2490/2490/2490 2491/2491/2491 2492/2492/2492
f 2492/2492/2492 2491/2491/2491 2493/2493/2493
f 2492/2492/2492 2493/2493/2493 2494/2494/2494
f 2492/2492/2492 2494/2494/2494 2495/2495/2495
f 2495/2495/2495 2494/2494/2494 2496/2496/2496
f 2495/2495/2495 2496/2496/2496 2497/2497/2497
f 2497/2497/2497 2496/2496/2496 2498/2498/2498
f 2497/2497/2497 2498/2498/2498 2499/2499/2499
f 2499/2499/2499 2498/2498/2498 2500/2500/2500
f 2499/2499/2499 2500/2500/2500 2501/2501/2501
f 2501/2501/2501 2500/2500/2500 2502/2502/2502
f 2501/2501/2501 2502/2502/2502 2503/2503/2503
f 2503/2503/2503 2502/2502/2502 2504/2504/2504
f 2504/2504/2504 2502/2502/2502 2505/2505/2505
f 2504/2504/2504 2505/2505/2505 2506/2506/2506
f 2506/2506/2506 2505/2505/2505 2507/2507/2507
f 2506/2506/2506 2507/2507/2507 2508/2508/2508
f 2508/2508/2508 2507/2507/2507 2509/2509/2509
f 2508/2508/2508 2509/2509/2509 2510/2510/2510
f 2510/2510/2510 2509/2509/2509 2511/2511/2511
f 2510/2510/2510 2511/2511/2511 2512/2512/2512
f 2512/2512/2512 2511/2511/2511 2513/2513/2513
f 2512/2512/2512 2513/2513/2513 2514/2514/2514
f 2514/2514/2514 2513/2513/2513 2498/2498/2498
f 2514/2514/2514 2498/2498/2498 2496/2496/2496
f 2501/2501/2501 2503/2503/2503 2515/2515/2515
f 2515/2515/2515 2503/2503/2503 2486/2486/2486
f 2515/2515/2515 2486/2486/2486 2488/2488/2488
f 2499/2499/2499 2501/2501/2501 2515/2515/2515
f 2515/2515/2515 2488/2488/2488 2516/2516/2516
f 2516/2516/2516 2488/2488/2488 2490/2490/2490
f 2516/2516/2516 2490/2490/2490 2495/2495/2495
f 2495/2495/2495 2490/2490/2490 2492/2492/2492
f 2509/2509/2509 2507/2507/2507 2505/2505/2505
f 2505/2505/2505 2502/2502/2502 2517/2517/2517
f 2517/2517/2517 2502/2502/2502 2500/2500/2500
f 2517/2517/2517 2500/2500/2500 2513/2513/2513
f 2513/2513/2513 2500/2500/2500 2498/2498/2498
f 2497/2497/2497 2499/2499/2499 2516/2516/2516
f 2516/2516/2516 2499/2499/2499 2515/2515/2515
f 2497/2497/2497 2516/2516/2516 2495/2495/2495
f 2511/2511/2511 2509/2509/2509 2517/2517/2517
f 2517/2517/2517 2509/2509/2509 2505/2505/2505
f 2511/2511/2511 2517/2517/2517 2513/2513/2513
f 2518/2518/2518 2519/2519/2519 2520/2520/2520
f 2520/2520/2520 2519/2519/2519 2521/2521/2521
f 2520/2520/2520 2521/2521/2521 2522/2522/2522
f 2522/2522/2522 2521/2521/2521 2523/2523/2523
f 2523/2523/2523 2521/2521/2521 2524/2524/2524
f 2524/2524/2524 2521/2521/2521 2525/2525/2525
f 2524/2524/2524 2525/2525/2525 2526/2526/2526
f 2526/2526/2526 2525/2525/2525 2527/2527/2527
f 2526/2526/2526 2527/2527/2527 2528/2528/2528
f 2528/2528/2528 2527/2527/2527 2529/2529/2529
f 2519/2519/2519 2525/2525/2525 2521/2521/2521
f 2528/2528/2528 2524/2524/2524 2526/2526/2526
f 2530/2530/2530 2531/2531/2531 2532/2532/2532
f 2532/2532/2532 2531/2531/2531 2533/2533/2533
f 2532/2532/2532 2533/2533/2533 2534/2534/2534
f 2534/2534/2534 2533/2533/2533 2535/2535/2535
f 2534/2534/2534 2535/2535/2535 2536/2536/2536
f 2536/2536/2536 2535/2535/2535 2537/2537/2537
f 2536/2536/2536 2538/2538/2538 2534/2534/2534
f 2534/2534/2534 2538/2538/2538 2532/2532/2532
f 2538/2538/2538 2539/2539/2539 2532/2532/2532
f 2532/2532/2532 2539/2539/2539 2540/2540/2540
f 2532/2532/2532 2540/2540/2540 2530/2530/2530
f 2541/2541/2541 2542/2542/2542 2543/2543/2543
f 2543/2543/2543 2542/2542/2542 2544/2544/2544
f 2543/2543/2543 2544/2544/2544 2545/2545/2545
f 2545/2545/2545 2544/2544/2544 2546/2546/2546
f 2545/2545/2545 2546/2546/2546 2547/2547/2547
f 2547/2547/2547 2548/2548/2548 2545/2545/2545
f 2545/2545/2545 2548/2548/2548 2549/2549/2549
f 2545/2545/2545 2549/2549/2549 2550/2550/2550
f 2545/2545/2545 2550/2550/2550 2543/2543/2543
f 2543/2543/2543 2550/2550/2550 2541/2541/2541
f 2551/2551/2551 2552/2552/2552 2553/2553/2553
f 2553/2553/2553 2552/2552/2552 2554/2554/2554
f 2553/2553/2553 2554/2554/2554 2555/2555/2555
f 2555/2555/2555 2554/2554/2554 2556/2556/2556
f 2555/2555/2555 2556/2556/2556 2557/2557/2557
f 2555/2555/2555 2557/2557/2557 2558/2558/2558
f 2558/2558/2558 2557/2557/2557 2559/2559/2559
f 2558/2558/2558 2559/2559/2559 2560/2560/2560
f 2560/2560/2560 2561/2561/2561 2558/2558/2558
f 2558/2558/2558 2561/2561/2561 2555/2555/2555
f 2561/2561/2561 2562/2562/2562 2555/2555/2555
f 2555/2555/2555 2562/2562/2562 2563/2563/2563
f 2555/2555/2555 2563/2563/2563 2553/2553/2553
f 2553/2553/2553 2563/2563/2563 2551/2551/2551
f 2564/2564/2564 2565/2565/2565 2566/2566/2566
f 2566/2566/2566 2565/2565/2565 2567/2567/2567
f 2566/2566/2566 2567/2567/2567 2568/2568/2568
f 2568/2568/2568 2567/2567/2567 2569/2569/2569
f 2568/2568/2568 2569/2569/2569 2570/2570/2570
f 2570/2570/2570 2569/2569/2569 2571/2571/2571
f 2570/2570/2570 2571/2571/2571 2572/2572/2572
f 2572/2572/2572 2571/2571/2571 2573/2573/2573
f 2572/2572/2572 2573/2573/2573 2574/2574/2574
f 2574/2574/2574 2573/2573/2573 2575/2575/2575
f 2574/2574/2574 2575/2575/2575 2576/2576/2576
f 2571/2571/2571 2577/2577/2577 2573/2573/2573
f 2573/2573/2573 2577/2577/2577 2575/2575/2575
f 2574/2574/2574 2576/2576/2576 2578/2578/2578
f 2578/2578/2578 2576/2576/2576 2579/2579/2579
f 2578/2578/2578 2579/2579/2579 2580/2580/2580
f 2578/2578/2578 2580/2580/2580 2581/2581/2581
f 2581/2581/2581 2580/2580/2580 2582/2582/2582
f 2581/2581/2581 2582/2582/2582 2583/2583/2583
f 2584/2584/2584 2585/2585/2585 2583/2583/2583
f 2583/2583/2583 2585/2585/2585 2586/2586/2586
f 2583/2583/2583 2586/2586/2586 2581/2581/2581
f 2581/2581/2581 2586/2586/2586 2587/2587/2587
f 2581/2581/2581 2587/2587/2587 2578/2578/2578
f 2578/2578/2578 2587/2587/2587 2588/2588/2588
f 2578/2578/2578 2588/2588/2588 2574/2574/2574
f 2574/2574/2574 2588/2588/2588 2572/2572/2572
f 2585/2585/2585 2584/2584/2584 2589/2589/2589
f 2589/2589/2589 2584/2584/2584 2590/2590/2590
f 2589/2589/2589 2590/2590/2590 2591/2591/2591
f 2591/2591/2591 2590/2590/2590 2592/2592/2592
f 2591/2591/2591 2592/2592/2592 2593/2593/2593
f 2593/2593/2593 2594/2594/2594 2591/2591/2591
f 2591/2591/2591 2594/2594/2594 2595/2595/2595
f 2591/2591/2591 2595/2595/2595 2589/2589/2589
f 2589/2589/2589 2595/2595/2595 2596/2596/2596
f 2589/2589/2589 2596/2596/2596 2597/2597/2597
f 2597/2597/2597 2596/2596/2596 2598/2598/2598
f 2597/2597/2597 2598/2598/2598 2587/2587/2587
f 2587/2587/2587 2598/2598/2598 2588/2588/2588
f 2595/2595/2595 2594/2594/2594 2599/2599/2599
f 2599/2599/2599 2594/2594/2594 2564/2564/2564
f 2599/2599/2599 2564/2564/2564 2566/2566/2566
f 2596/2596/2596 2595/2595/2595 2599/2599/2599
f 2599/2599/2599 2566/2566/2566 2600/2600/2600
f 2600/2600/2600 2566/2566/2566 2568/2568/2568
f 2600/2600/2600 2568/2568/2568 2570/2570/2570
f 2598/2598/2598 2596/2596/2596 2600/2600/2600
f 2600/2600/2600 2596/2596/2596 2599/2599/2599
f 2598/2598/2598 2600/2600/2600 2570/2570/2570
f 2585/2585/2585 2589/2589/2589 2597/2597/2597
f 2588/2588/2588 2598/2598/2598 2570/2570/2570
f 2572/2572/2572 2588/2588/2588 2570/2570/2570
f 2586/2586/2586 2585/2585/2585 2597/2597/2597
f 2586/2586/2586 2597/2597/2597 2587/2587/2587
f 2601/2601/2601 2602/2602/2602 2603/2603/2603
f 2603/2603/2603 2602/2602/2602 2604/2604/2604
f 2603/2603/2603 2604/2604/2604 2605/2605/2605
f 2605/2605/2605 2604/2604/2604 2606/2606/2606
f 2605/2605/2605 2606/2606/2606 2607/2607/2607
f 2607/2607/2607 2606/2606/2606 2608/2608/2608
f 2607/2607/2607 2608/2608/2608 2609/2609/2609
f 2609/2609/2609 2608/2608/2608 2610/2610/2610
f 2609/2609/2609 2610/2610/2610 2611/2611/2611
f 2611/2611/2611 2610/2610/2610 2612/2612/2612
f 2611/2611/2611 2612/2612/2612 2613/2613/2613
f 2613/2613/2613 2612/2612/2612 2614/2614/2614
f 2613/2613/2613 2614/2614/2614 2615/2615/2615
f 2615/2615/2615 2614/2614/2614 2616/2616/2616
f 2615/2615/2615 2616/2616/2616 2617/2617/2617
f 2617/2617/2617 2616/2616/2616 2618/2618/2618
f 2617/2617/2617 2618/2618/2618 2619/2619/2619
f 2606/2606/2606 2620/2620/2620 2608/2608/2608
f 2608/2608/2608 2620/2620/2620 2621/2621/2621
f 2608/2608/2608 2621/2621/2621 2610/2610/2610
f 2610/2610/2610 2621/2621/2621 2622/2622/2622
f 2610/2610/2610 2622/2622/2622 2612/2612/2612
f 2612/2612/2612 2622/2622/2622 2623/2623/2623
f 2612/2612/2612 2623/2623/2623 2614/2614/2614
f 2614/2614/2614 2623/2623/2623 2616/2616/2616
f 2620/2620/2620 2624/2624/2624 2621/2621/2621
f 2621/2621/2621 2624/2624/2624 2625/2625/2625
f 2621/2621/2621 2625/2625/2625 2622/2622/2622
f 2622/2622/2622 2625/2625/2625 2623/2623/2623
f 2625/2625/2625 2626/2626/2626 2623/2623/2623
f 2623/2623/2623 2626/2626/2626 2618/2618/2618
f 2623/2623/2623 2618/2618/2618 2616/2616/2616
f 2615/2615/2615 2627/2627/2627 2613/2613/2613
f 2613/2613/2613 2627/2627/2627 2628/2628/2628
f 2613/2613/2613 2628/2628/2628 2611/2611/2611
f 2611/2611/2611 2628/2628/2628 2629/2629/2629
f 2611/2611/2611 2629/2629/2629 2609/2609/2609
f 2609/2609/2609 2629/2629/2629 2630/2630/2630
f 2609/2609/2609 2630/2630/2630 2607/2607/2607
f 2607/2607/2607 2630/2630/2630 2605/2605/2605
f 2628/2628/2628 2627/2627/2627 2631/2631/2631
f 2631/2631/2631 2627/2627/2627 2632/2632/2632
f 2631/2631/2631 2632/2632/2632 2633/2633/2633
f 2631/2631/2631 2633/2633/2633 2634/2634/2634
f 2634/2634/2634 2633/2633/2633 2601/2601/2601
f 2634/2634/2634 2601/2601/2601 2635/2635/2635
f 2635/2635/2635 2601/2601/2601 2603/2603/2603
f 2635/2635/2635 2603/2603/2603 2605/2605/2605
f 2635/2635/2635 2605/2605/2605 2630/2630/2630
f 2635/2635/2635 2630/2630/2630 2634/2634/2634
f 2634/2634/2634 2630/2630/2630 2629/2629/2629
f 2634/2634/2634 2629/2629/2629 2631/2631/2631
f 2631/2631/2631 2629/2629/2629 2628/2628/2628
f 2636/2636/2636 2637/2637/2637 2638/2638/2638
f 2638/2638/2638 2637/2637/2637 2639/2639/2639
f 2638/2638/2638 2639/2639/2639 2640/2640/2640
f 2640/2640/2640 2639/2639/2639 2641/2641/2641
f 2640/2640/2640 2641/2641/2641 2642/2642/2642
f 2642/2642/2642 2641/2641/2641 2643/2643/2643
f 2642/2642/2642 2643/2643/2643 2644/2644/2644
f 2644/2644/2644 2643/2643/2643 2645/2645/2645
f 2644/2644/2644 2645/2645/2645 2646/2646/2646
f 2646/2646/2646 2645/2645/2645 2647/2647/2647
f 2647/2647/2647 2645/2645/2645 2648/2648/2648
f 2647/2647/2647 2648/2648/2648 2649/2649/2649
f 2649/2649/2649 2648/2648/2648 2650/2650/2650
f 2650/2650/2650 2648/2648/2648 2651/2651/2651
f 2650/2650/2650 2651/2651/2651 2652/2652/2652
f 2652/2652/2652 2651/2651/2651 2653/2653/2653
f 2652/2652/2652 2653/2653/2653 2654/2654/2654
f 2654/2654/2654 2653/2653/2653 2639/2639/2639
f 2654/2654/2654 2639/2639/2639 2637/2637/2637
f 2637/2637/2637 2636/2636/2636 2655/2655/2655
f 2655/2655/2655 2636/2636/2636 2656/2656/2656
f 2655/2655/2655 2656/2656/2656 2657/2657/2657
f 2655/2655/2655 2657/2657/2657 2658/2658/2658
f 2658/2658/2658 2657/2657/2657 2659/2659/2659
f 2658/2658/2658 2659/2659/2659 2660/2660/2660
f 2658/2658/2658 2660/2660/2660 2661/2661/2661
f 2661/2661/2661 2660/2660/2660 2662/2662/2662
f 2661/2661/2661 2662/2662/2662 2652/2652/2652
f 2652/2652/2652 2662/2662/2662 2650/2650/2650
f 2646/2646/2646 2663/2663/2663 2644/2644/2644
f 2644/2644/2644 2663/2663/2663 2664/2664/2664
f 2644/2644/2644 2664/2664/2664 2642/2642/2642
f 2639/2639/2639 2653/2653/2653 2641/2641/2641
f 2641/2641/2641 2653/2653/2653 2665/2665/2665
f 2641/2641/2641 2665/2665/2665 2643/2643/2643
f 2643/2643/2643 2665/2665/2665 2645/2645/2645
f 2637/2637/2637 2655/2655/2655 2654/2654/2654
f 2654/2654/2654 2655/2655/2655 2661/2661/2661
f 2654/2654/2654 2661/2661/2661 2652/2652/2652
f 2658/2658/2658 2661/2661/2661 2655/2655/2655
f 2648/2648/2648 2645/2645/2645 2665/2665/2665
f 2648/2648/2648 2665/2665/2665 2651/2651/2651
f 2651/2651/2651 2665/2665/2665 2653/2653/2653
f 2666/2666/2666 2667/2667/2667 2668/2668/2668
f 2668/2668/2668 2667/2667/2667 2669/2669/2669
f 2668/2668/2668 2669/2669/2669 2670/2670/2670
f 2668/2668/2668 2670/2670/2670 2671/2671/2671
f 2671/2671/2671 2670/2670/2670 2672/2672/2672
f 2671/2671/2671 2672/2672/2672 2673/2673/2673
f 2673/2673/2673 2672/2672/2672 2674/2674/2674
f 2673/2673/2673 2674/2674/2674 2675/2675/2675
f 2673/2673/2673 2675/2675/2675 2676/2676/2676
f 2676/2676/2676 2675/2675/2675 2677/2677/2677
f 2676/2676/2676 2677/2677/2677 2678/2678/2678
f 2678/2678/2678 2677/2677/2677 2679/2679/2679
f 2678/2678/2678 2679/2679/2679 2680/2680/2680
f 2680/2680/2680 2679/2679/2679 2681/2681/2681
f 2680/2680/2680 2681/2681/2681 2682/2682/2682
f 2682/2682/2682 2681/2681/2681 2683/2683/2683
f 2682/2682/2682 2683/2683/2683 2684/2684/2684
f 2684/2684/2684 2683/2683/2683 2685/2685/2685
f 2685/2685/2685 2683/2683/2683 2686/2686/2686
f 2685/2685/2685 2686/2686/2686 2687/2687/2687
f 2687/2687/2687 2686/2686/2686 2688/2688/2688
f 2688/2688/2688 2686/2686/2686 2689/2689/2689
f 2688/2688/2688 2689/2689/2689 2690/2690/2690
f 2690/2690/2690 2689/2689/2689 2691/2691/2691
f 2690/2690/2690 2691/2691/2691 2692/2692/2692
f 2692/2692/2692 2691/2691/2691 2693/2693/2693
f 2693/2693/2693 2691/2691/2691 2679/2679/2679
f 2693/2693/2693 2679/2679/2679 2677/2677/2677
f 2682/2682/2682 2684/2684/2684 2694/2694/2694
f 2694/2694/2694 2684/2684/2684 2666/2666/2666
f 2694/2694/2694 2666/2666/2666 2668/2668/2668
f 2680/2680/2680 2682/2682/2682 2694/2694/2694
f 2694/2694/2694 2668/2668/2668 2695/2695/2695
f 2695/2695/2695 2668/2668/2668 2671/2671/2671
f 2695/2695/2695 2671/2671/2671 2676/2676/2676
f 2676/2676/2676 2671/2671/2671 2673/2673/2673
f 2689/2689/2689 2686/2686/2686 2683/2683/2683
f 2689/2689/2689 2683/2683/2683 2681/2681/2681
f 2678/2678/2678 2680/2680/2680 2695/2695/2695
f 2695/2695/2695 2680/2680/2680 2694/2694/2694
f 2678/2678/2678 2695/2695/2695 2676/2676/2676
f 2691/2691/2691 2689/2689/2689 2681/2681/2681
f 2691/2691/2691 2681/2681/2681 2679/2679/2679
f 2696/2696/2696 2697/2697/2697 2698/2698/2698
f 2698/2698/2698 2697/2697/2697 2699/2699/2699
f 2698/2698/2698 2699/2699/2699 2700/2700/2700
f 2700/2700/2700 2699/2699/2699 2701/2701/2701
f 2700/2700/2700 2701/2701/2701 2702/2702/2702
f 2702/2702/2702 2701/2701/2701 2703/2703/2703
f 2704/2704/2704 2705/2705/2705 2706/2706/2706
f 2706/2706/2706 2705/2705/2705 2707/2707/2707
f 2706/2706/2706 2707/2707/2707 2708/2708/2708
f 2708/2708/2708 2707/2707/2707 2709/2709/2709
f 2708/2708/2708 2709/2709/2709 2710/2710/2710
f 2710/2710/2710 2709/2709/2709 2711/2711/2711
f 2710/2710/2710 2711/2711/2711 2712/2712/2712
f 2712/2712/2712 2713/2713/2713 2710/2710/2710
f 2710/2710/2710 2713/2713/2713 2714/2714/2714
f 2710/2710/2710 2714/2714/2714 2708/2708/2708
f 2708/2708/2708 2714/2714/2714 2715/2715/2715
f 2708/2708/2708 2715/2715/2715 2706/2706/2706
f 2706/2706/2706 2715/2715/2715 2716/2716/2716
f 2706/2706/2706 2716/2716/2716 2704/2704/2704
f 2704/2704/2704 2716/2716/2716 2717/2717/2717
f 2717/2717/2717 2716/2716/2716 2718/2718/2718
f 2717/2717/2717 2718/2718/2718 2719/2719/2719
f 2719/2719/2719 2718/2718/2718 2720/2720/2720
f 2719/2719/2719 2720/2720/2720 2721/2721/2721
f 2721/2721/2721 2720/2720/2720 2722/2722/2722
f 2721/2721/2721 2722/2722/2722 2723/2723/2723
f 2723/2723/2723 2722/2722/2722 2724/2724/2724
f 2724/2724/2724 2722/2722/2722 2725/2725/2725
f 2725/2725/2725 2722/2722/2722 2726/2726/2726
f 2725/2725/2725 2726/2726/2726 2727/2727/2727
f 2727/2727/2727 2726/2726/2726 2728/2728/2728
f 2727/2727/2727 2728/2728/2728 2714/2714/2714
f 2714/2714/2714 2728/2728/2728 2715/2715/2715
f 2713/2713/2713 2727/2727/2727 2714/2714/2714
f 2723/2723/2723 2729/2729/2729 2721/2721/2721
f 2721/2721/2721 2729/2729/2729 2730/2730/2730
f 2721/2721/2721 2730/2730/2730 2719/2719/2719
f 2719/2719/2719 2730/2730/2730 2731/2731/2731
f 2719/2719/2719 2731/2731/2731 2717/2717/2717
f 2729/2729/2729 2732/2732/2732 2730/2730/2730
f 2730/2730/2730 2732/2732/2732 2731/2731/2731
f 2718/2718/2718 2716/2716/2716 2733/2733/2733
f 2733/2733/2733 2716/2716/2716 2715/2715/2715
f 2733/2733/2733 2715/2715/2715 2728/2728/2728
f 2718/2718/2718 2733/2733/2733 2720/2720/2720
f 2720/2720/2720 2733/2733/2733 2726/2726/2726
f 2720/2720/2720 2726/2726/2726 2722/2722/2722
f 2726/2726/2726 2733/2733/2733 2728/2728/2728
f 2734/2734/2734 2735/2735/2735 2736/2736/2736
f 2736/2736/2736 2735/2735/2735 2737/2737/2737
f 2736/2736/2736 2737/2737/2737 2738/2738/2738
f 2738/2738/2738 2737/2737/2737 2739/2739/2739
f 2738/2738/2738 2739/2739/2739 2740/2740/2740
f 2740/2740/2740 2739/2739/2739 2741/2741/2741
f 2740/2740/2740 2741/2741/2741 2742/2742/2742
f 2742/2742/2742 2743/2743/2743 2740/2740/2740
f 2740/2740/2740 2743/2743/2743 2744/2744/2744
f 2740/2740/2740 2744/2744/2744 2738/2738/2738
f 2738/2738/2738 2744/2744/2744 2745/2745/2745
f 2738/2738/2738 2745/2745/2745 2736/2736/2736
f 2736/2736/2736 2745/2745/2745 2746/2746/2746
f 2736/2736/2736 2746/2746/2746 2734/2734/2734
f 2734/2734/2734 2746/2746/2746 2747/2747/2747
f 2747/2747/2747 2746/2746/2746 2748/2748/2748
f 2747/2747/2747 2748/2748/2748 2749/2749/2749
f 2749/2749/2749 2748/2748/2748 2750/2750/2750
f 2750/2750/2750 2748/2748/2748 2751/2751/2751
f 2751/2751/2751 2748/2748/2748 2752/2752/2752
f 2751/2751/2751 2752/2752/2752 2753/2753/2753
f 2753/2753/2753 2752/2752/2752 2754/2754/2754
f 2753/2753/2753 2754/2754/2754 2755/2755/2755
f 2755/2755/2755 2754/2754/2754 2756/2756/2756
f 2756/2756/2756 2754/2754/2754 2744/2744/2744
f 2756/2756/2756 2744/2744/2744 2743/2743/2743
f 2752/2752/2752 2748/2748/2748 2746/2746/2746
f 2752/2752/2752 2746/2746/2746 2745/2745/2745
f 2754/2754/2754 2752/2752/2752 2745/2745/2745
f 2754/2754/2754 2745/2745/2745 2744/2744/2744
f 2757/2757/2757 2758/2758/2758 2759/2759/2759
f 2759/2759/2759 2758/2758/2758 2760/2760/2760
f 2759/2759/2759 2760/2760/2760 2761/2761/2761
f 2761/2761/2761 2760/2760/2760 2762/2762/2762
f 2761/2761/2761 2762/2762/2762 2763/2763/2763
f 2763/2763/2763 2762/2762/2762 2764/2764/2764
f 2763/2763/2763 2764/2764/2764 2765/2765/2765
f 2765/2765/2765 2766/2766/2766 2763/2763/2763
f 2763/2763/2763 2766/2766/2766 2767/2767/2767
f 2763/2763/2763 2767/2767/2767 2761/2761/2761
f 2761/2761/2761 2767/2767/2767 2768/2768/2768
f 2761/2761/2761 2768/2768/2768 2759/2759/2759
f 2759/2759/2759 2768/2768/2768 2769/2769/2769
f 2759/2759/2759 2769/2769/2769 2757/2757/2757
f 2757/2757/2757 2769/2769/2769 2770/2770/2770
f 2770/2770/2770 2769/2769/2769 2771/2771/2771
f 2770/2770/2770 2771/2771/2771 2772/2772/2772
f 2772/2772/2772 2771/2771/2771 2773/2773/2773
f 2773/2773/2773 2771/2771/2771 2774/2774/2774
f 2774/2774/2774 2771/2771/2771 2775/2775/2775
f 2774/2774/2774 2775/2775/2775 2776/2776/2776
f 2776/2776/2776 2775/2775/2775 2777/2777/2777
f 2776/2776/2776 2777/2777/2777 2778/2778/2778
f 2778/2778/2778 2777/2777/2777 2779/2779/2779
f 2779/2779/2779 2777/2777/2777 2767/2767/2767
f 2779/2779/2779 2767/2767/2767 2766/2766/2766
f 2775/2775/2775 2771/2771/2771 2769/2769/2769
f 2775/2775/2775 2769/2769/2769 2768/2768/2768
f 2777/2777/2777 2775/2775/2775 2768/2768/2768
f 2777/2777/2777 2768/2768/2768 2767/2767/2767
f 2780/2780/2780 2781/2781/2781 2782/2782/2782
f 2782/2782/2782 2781/2781/2781 2783/2783/2783
f 2782/2782/2782 2783/2783/2783 2784/2784/2784
f 2784/2784/2784 2785/2785/2785 2782/2782/2782
f 2782/2782/2782 2785/2785/2785 2786/2786/2786
f 2786/2786/2786 2785/2785/2785 2787/2787/2787
f 2786/2786/2786 2787/2787/2787 2788/2788/2788
f 2789/2789/2789 2790/2790/2790 2791/2791/2791
f 2791/2791/2791 2790/2790/2790 2792/2792/2792
f 2792/2792/2792 2790/2790/2790 2793/2793/2793
f 2792/2792/2792 2793/2793/2793 2794/2794/2794
f 2794/2794/2794 2793/2793/2793 2795/2795/2795
f 2794/2794/2794 2795/2795/2795 2796/2796/2796
f 2796/2796/2796 2797/2797/2797 2794/2794/2794
f 2798/2798/2798 2799/2799/2799 2800/2800/2800
f 2800/2800/2800 2799/2799/2799 2801/2801/2801
f 2800/2800/2800 2801/2801/2801 2802/2802/2802
f 2802/2802/2802 2801/2801/2801 2803/2803/2803
f 2802/2802/2802 2803/2803/2803 2804/2804/2804
f 2804/2804/2804 2803/2803/2803 2805/2805/2805
f 2804/2804/2804 2805/2805/2805 2806/2806/2806
f 2806/2806/2806 2807/2807/2807 2804/2804/2804
f 2804/2804/2804 2807/2807/2807 2808/2808/2808
f 2804/2804/2804 2808/2808/2808 2802/2802/2802
f 2802/2802/2802 2808/2808/2808 2809/2809/2809
f 2802/2802/2802 2809/2809/2809 2810/2810/2810
f 2810/2810/2810 2809/2809/2809 2811/2811/2811
f 2810/2810/2810 2811/2811/2811 2812/2812/2812
f 2812/2812/2812 2811/2811/2811 2813/2813/2813
f 2813/2813/2813 2811/2811/2811 2814/2814/2814
f 2814/2814/2814 2811/2811/2811 2815/2815/2815
f 2815/2815/2815 2811/2811/2811 2816/2816/2816
f 2815/2815/2815 2816/2816/2816 2817/2817/2817
f 2817/2817/2817 2816/2816/2816 2818/2818/2818
f 2818/2818/2818 2816/2816/2816 2819/2819/2819
f 2818/2818/2818 2819/2819/2819 2820/2820/2820
f 2820/2820/2820 2819/2819/2819 2821/2821/2821
f 2821/2821/2821 2819/2819/2819 2808/2808/2808
f 2821/2821/2821 2808/2808/2808 2807/2807/2807
f 2812/2812/2812 2798/2798/2798 2810/2810/2810
f 2810/2810/2810 2798/2798/2798 2800/2800/2800
f 2810/2810/2810 2800/2800/2800 2802/2802/2802
f 2816/2816/2816 2811/2811/2811 2809/2809/2809
f 2819/2819/2819 2816/2816/2816 2809/2809/2809
f 2819/2819/2819 2809/2809/2809 2808/2808/2808
f 2822/2822/2822 2823/2823/2823 2824/2824/2824
f 2824/2824/2824 2823/2823/2823 2825/2825/2825
f 2824/2824/2824 2825/2825/2825 2826/2826/2826
f 2826/2826/2826 2825/2825/2825 2827/2827/2827
f 2826/2826/2826 2827/2827/2827 2828/2828/2828
f 2828/2828/2828 2827/2827/2827 2829/2829/2829
f 2828/2828/2828 2829/2829/2829 2830/2830/2830
f 2830/2830/2830 2831/2831/2831 2828/2828/2828
f 2828/2828/2828 2831/2831/2831 2826/2826/2826
f 2831/2831/2831 2832/2832/2832 2826/2826/2826
f 2826/2826/2826 2832/2832/2832 2824/2824/2824
f 2832/2832/2832 2822/2822/2822 2824/2824/2824
f 2833/2833/2833 2834/2834/2834 2835/2835/2835
f 2835/2835/2835 2834/2834/2834 2836/2836/2836
f 2835/2835/2835 2836/2836/2836 2837/2837/2837
f 2837/2837/2837 2836/2836/2836 2838/2838/2838
f 2837/2837/2837 2838/2838/2838 2839/2839/2839
f 2839/2839/2839 2838/2838/2838 2840/2840/2840
f 2839/2839/2839 2840/2840/2840 2841/2841/2841
f 2841/2841/2841 2840/2840/2840 2842/2842/2842
f 2841/2841/2841 2842/2842/2842 2843/2843/2843
f 2843/2843/2843 2842/2842/2842 2844/2844/2844
f 2843/2843/2843 2844/2844/2844 2845/2845/2845
f 2845/2845/2845 2844/2844/2844 2846/2846/2846
f 2846/2846/2846 2844/2844/2844 2847/2847/2847
f 2846/2846/2846 2847/2847/2847 2848/2848/2848
f 2848/2848/2848 2847/2847/2847 2849/2849/2849
f 2848/2848/2848 2849/2849/2849 2850/2850/2850
f 2850/2850/2850 2849/2849/2849 2851/2851/2851
f 2850/2850/2850 2851/2851/2851 2852/2852/2852
f 2852/2852/2852 2851/2851/2851 2853/2853/2853
f 2853/2853/2853 2851/2851/2851 2854/2854/2854
f 2853/2853/2853 2854/2854/2854 2855/2855/2855
f 2855/2855/2855 2854/2854/2854 2856/2856/2856
f 2855/2855/2855 2856/2856/2856 2857/2857/2857
f 2857/2857/2857 2856/2856/2856 2858/2858/2858
f 2857/2857/2857 2858/2858/2858 2859/2859/2859
f 2859/2859/2859 2858/2858/2858 2860/2860/2860
f 2859/2859/2859 2860/2860/2860 2861/2861/2861
f 2861/2861/2861 2860/2860/2860 2840/2840/2840
f 2861/2861/2861 2840/2840/2840 2838/2838/2838
f 2836/2836/2836 2862/2862/2862 2838/2838/2838
f 2838/2838/2838 2862/2862/2862 2861/2861/2861
f 2862/2862/2862 2863/2863/2863 2861/2861/2861
f 2861/2861/2861 2863/2863/2863 2859/2859/2859
f 2863/2863/2863 2864/2864/2864 2859/2859/2859
f 2859/2859/2859 2864/2864/2864 2865/2865/2865
f 2859/2859/2859 2865/2865/2865 2857/2857/2857
f 2857/2857/2857 2865/2865/2865 2866/2866/2866
f 2857/2857/2857 2866/2866/2866 2855/2855/2855
f 2843/2843/2843 2845/2845/2845 2867/2867/2867
f 2867/2867/2867 2845/2845/2845 2868/2868/2868
f 2867/2867/2867 2868/2868/2868 2869/2869/2869
f 2867/2867/2867 2869/2869/2869 2870/2870/2870
f 2870/2870/2870 2869/2869/2869 2833/2833/2833
f 2870/2870/2870 2833/2833/2833 2871/2871/2871
f 2871/2871/2871 2833/2833/2833 2835/2835/2835
f 2871/2871/2871 2835/2835/2835 2837/2837/2837
f 2871/2871/2871 2837/2837/2837 2839/2839/2839
f 2858/2858/2858 2856/2856/2856 2872/2872/2872
f 2872/2872/2872 2856/2856/2856 2854/2854/2854
f 2872/2872/2872 2854/2854/2854 2849/2849/2849
f 2849/2849/2849 2854/2854/2854 2851/2851/2851
f 2860/2860/2860 2858/2858/2858 2873/2873/2873
f 2873/2873/2873 2858/2858/2858 2872/2872/2872
f 2873/2873/2873 2872/2872/2872 2847/2847/2847
f 2847/2847/2847 2872/2872/2872 2849/2849/2849
f 2840/2840/2840 2860/2860/2860 2842/2842/2842
f 2842/2842/2842 2860/2860/2860 2873/2873/2873
f 2842/2842/2842 2873/2873/2873 2844/2844/2844
f 2844/2844/2844 2873/2873/2873 2847/2847/2847
f 2871/2871/2871 2839/2839/2839 2870/2870/2870
f 2870/2870/2870 2839/2839/2839 2841/2841/2841
f 2870/2870/2870 2841/2841/2841 2867/2867/2867
f 2867/2867/2867 2841/2841/2841 2843/2843/2843
f 2874/2874/2874 2875/2875/2875 2876/2876/2876
f 2876/2876/2876 2875/2875/2875 2877/2877/2877
f 2876/2876/2876 2877/2877/2877 2878/2878/2878
f 2878/2878/2878 2877/2877/2877 2879/2879/2879
f 2878/2878/2878 2879/2879/2879 2880/2880/2880
f 2880/2880/2880 2879/2879/2879 2881/2881/2881
f 2880/2880/2880 2881/2881/2881 2882/2882/2882
f 2879/2879/2879 2883/2883/2883 2881/2881/2881
f 2884/2884/2884 2885/2885/2885 2882/2882/2882
f 2882/2882/2882 2885/2885/2885 2880/2880/2880
f 2880/2880/2880 2885/2885/2885 2878/2878/2878
f 2878/2878/2878 2885/2885/2885 2886/2886/2886
f 2878/2878/2878 2886/2886/2886 2876/2876/2876
f 2876/2876/2876 2886/2886/2886 2887/2887/2887
f 2876/2876/2876 2887/2887/2887 2874/2874/2874
f 2886/2886/2886 2888/2888/2888 2887/2887/2887
f 2889/2889/2889 2890/2890/2890 2891/2891/2891
f 2891/2891/2891 2890/2890/2890 2892/2892/2892
f 2891/2891/2891 2892/2892/2892 2893/2893/2893
f 2893/2893/2893 2892/2892/2892 2894/2894/2894
f 2893/2893/2893 2894/2894/2894 2895/2895/2895
f 2893/2893/2893 2895/2895/2895 2896/2896/2896
f 2896/2896/2896 2895/2895/2895 2897/2897/2897
f 2896/2896/2896 2897/2897/2897 2898/2898/2898
f 2898/2898/2898 2899/2899/2899 2896/2896/2896
f 2896/2896/2896 2899/2899/2899 2893/2893/2893
f 2899/2899/2899 2900/2900/2900 2893/2893/2893
f 2893/2893/2893 2900/2900/2900 2901/2901/2901
f 2893/2893/2893 2901/2901/2901 2891/2891/2891
f 2891/2891/2891 2901/2901/2901 2889/2889/2889
f 2902/2902/2902 2903/2903/2903 2904/2904/2904
f 2904/2904/2904 2903/2903/2903 2905/2905/2905
f 2904/2904/2904 2905/2905/2905 2906/2906/2906
f 2906/2906/2906 2905/2905/2905 2907/2907/2907
f 2906/2906/2906 2907/2907/2907 2908/2908/2908
f 2908/2908/2908 2907/2907/2907 2909/2909/2909
f 2908/2908/2908 2909/2909/2909 2910/2910/2910
f 2907/2907/2907 2911/2911/2911 2909/2909/2909
f 2910/2910/2910 2912/2912/2912 2908/2908/2908
f 2908/2908/2908 2912/2912/2912 2913/2913/2913
f 2908/2908/2908 2913/2913/2913 2906/2906/2906
f 2906/2906/2906 2913/2913/2913 2914/2914/2914
f 2906/2906/2906 2914/2914/2914 2904/2904/2904
f 2904/2904/2904 2914/2914/2914 2915/2915/2915
f 2904/2904/2904 2915/2915/2915 2916/2916/2916
f 2916/2916/2916 2902/2902/2902 2904/2904/2904
f 2917/2917/2917 2918/2918/2918 2919/2919/2919
f 2919/2919/2919 2918/2918/2918 2920/2920/2920
f 2919/2919/2919 2920/2920/2920 2921/2921/2921
f 2921/2921/2921 2920/2920/2920 2922/2922/2922
f 2921/2921/2921 2922/2922/2922 2923/2923/2923
f 2923/2923/2923 2922/2922/2922 2924/2924/2924
f 2923/2923/2923 2924/2924/2924 2925/2925/2925
f 2925/2925/2925 2924/2924/2924 2926/2926/2926
f 2925/2925/2925 2926/2926/2926 2927/2927/2927
f 2927/2927/2927 2926/2926/2926 2928/2928/2928
f 2927/2927/2927 2928/2928/2928 2929/2929/2929
f 2929/2929/2929 2928/2928/2928 2930/2930/2930
f 2930/2930/2930 2928/2928/2928 2931/2931/2931
f 2930/2930/2930 2931/2931/2931 2932/2932/2932
f 2932/2932/2932 2931/2931/2931 2933/2933/2933
f 2932/2932/2932 2933/2933/2933 2934/2934/2934
f 2934/2934/2934 2933/2933/2933 2935/2935/2935
f 2935/2935/2935 2933/2933/2933 2936/2936/2936
f 2936/2936/2936 2933/2933/2933 2937/2937/2937
f 2936/2936/2936 2937/2937/2937 2938/2938/2938
f 2938/2938/2938 2937/2937/2937 2939/2939/2939
f 2938/2938/2938 2939/2939/2939 2940/2940/2940
f 2940/2940/2940 2939/2939/2939 2924/2924/2924
f 2940/2940/2940 2924/2924/2924 2922/2922/2922
f 2920/2920/2920 2941/2941/2941 2922/2922/2922
f 2922/2922/2922 2941/2941/2941 2940/2940/2940
f 2941/2941/2941 2942/2942/2942 2940/2940/2940
f 2940/2940/2940 2942/2942/2942 2938/2938/2938
f 2942/2942/2942 2943/2943/2943 2938/2938/2938
f 2938/2938/2938 2943/2943/2943 2936/2936/2936
f 2934/2934/2934 2944/2944/2944 2932/2932/2932
f 2932/2932/2932 2944/2944/2944 2945/2945/2945
f 2932/2932/2932 2945/2945/2945 2930/2930/2930
f 2927/2927/2927 2929/2929/2929 2946/2946/2946
f 2946/2946/2946 2929/2929/2929 2947/2947/2947
f 2946/2946/2946 2947/2947/2947 2948/2948/2948
f 2946/2946/2946 2948/2948/2948 2949/2949/2949
f 2949/2949/2949 2948/2948/2948 2917/2917/2917
f 2949/2949/2949 2917/2917/2917 2950/2950/2950
f 2950/2950/2950 2917/2917/2917 2919/2919/2919
f 2950/2950/2950 2919/2919/2919 2921/2921/2921
f 2950/2950/2950 2921/2921/2921 2923/2923/2923
f 2939/2939/2939 2937/2937/2937 2951/2951/2951
f 2951/2951/2951 2937/2937/2937 2933/2933/2933
f 2951/2951/2951 2933/2933/2933 2931/2931/2931
f 2924/2924/2924 2939/2939/2939 2926/2926/2926
f 2926/2926/2926 2939/2939/2939 2951/2951/2951
f 2926/2926/2926 2951/2951/2951 2928/2928/2928
f 2928/2928/2928 2951/2951/2951 2931/2931/2931
f 2950/2950/2950 2923/2923/2923 2949/2949/2949
f 2949/2949/2949 2923/2923/2923 2925/2925/2925
f 2949/2949/2949 2925/2925/2925 2946/2946/2946
f 2946/2946/2946 2925/2925/2925 2927/2927/2927
f 2952/2952/2952 2953/2953/2953 2954/2954/2954
f 2954/2954/2954 2953/2953/2953 2955/2955/2955
f 2954/2954/2954 2955/2955/2955 2956/2956/2956
f 2954/2954/2954 2956/2956/2956 2957/2957/2957
f 2957/2957/2957 2956/2956/2956 2958/2958/2958
f 2957/2957/2957 2958/2958/2958 2959/2959/2959
f 2959/2959/2959 2958/2958/2958 2960/2960/2960
f 2959/2959/2959 2960/2960/2960 2961/2961/2961
f 2961/2961/2961 2962/2962/2962 2959/2959/2959
f 2959/2959/2959 2962/2962/2962 2963/2963/2963
f 2959/2959/2959 2963/2963/2963 2957/2957/2957
f 2957/2957/2957 2963/2963/2963 2964/2964/2964
f 2957/2957/2957 2964/2964/2964 2954/2954/2954
f 2954/2954/2954 2964/2964/2964 2965/2965/2965
f 2954/2954/2954 2965/2965/2965 2952/2952/2952
f 2952/2952/2952 2965/2965/2965 2966/2966/2966
f 2966/2966/2966 2965/2965/2965 2967/2967/2967
f 2966/2966/2966 2967/2967/2967 2968/2968/2968
f 2968/2968/2968 2967/2967/2967 2969/2969/2969
f 2968/2968/2968 2969/2969/2969 2970/2970/2970
f 2970/2970/2970 2969/2969/2969 2971/2971/2971
f 2970/2970/2970 2971/2971/2971 2972/2972/2972
f 2972/2972/2972 2971/2971/2971 2973/2973/2973
f 2972/2972/2972 2973/2973/2973 2974/2974/2974
f 2974/2974/2974 2973/2973/2973 2975/2975/2975
f 2975/2975/2975 2973/2973/2973 2976/2976/2976
f 2975/2975/2975 2976/2976/2976 2977/2977/2977
f 2977/2977/2977 2976/2976/2976 2978/2978/2978
f 2977/2977/2977 2978/2978/2978 2979/2979/2979
f 2979/2979/2979 2978/2978/2978 2980/2980/2980
f 2979/2979/2979 2980/2980/2980 2981/2981/2981
f 2981/2981/2981 2980/2980/2980 2982/2982/2982
f 2981/2981/2981 2982/2982/2982 2983/2983/2983
f 2962/2962/2962 2984/2984/2984 2963/2963/2963
f 2963/2963/2963 2984/2984/2984 2985/2985/2985
f 2963/2963/2963 2985/2985/2985 2964/2964/2964
f 2964/2964/2964 2985/2985/2985 2986/2986/2986
f 2964/2964/2964 2986/2986/2986 2965/2965/2965
f 2965/2965/2965 2986/2986/2986 2967/2967/2967
f 2984/2984/2984 2987/2987/2987 2985/2985/2985
f 2985/2985/2985 2987/2987/2987 2988/2988/2988
f 2985/2985/2985 2988/2988/2988 2986/2986/2986
f 2986/2986/2986 2988/2988/2988 2989/2989/2989
f 2986/2986/2986 2989/2989/2989 2967/2967/2967
f 2967/2967/2967 2989/2989/2989 2969/2969/2969
f 2987/2987/2987 2990/2990/2990 2988/2988/2988
f 2988/2988/2988 2990/2990/2990 2991/2991/2991
f 2988/2988/2988 2991/2991/2991 2989/2989/2989
f 2989/2989/2989 2991/2991/2991 2992/2992/2992
f 2989/2989/2989 2992/2992/2992 2969/2969/2969
f 2969/2969/2969 2992/2992/2992 2971/2971/2971
f 2990/2990/2990 2993/2993/2993 2991/2991/2991
f 2991/2991/2991 2993/2993/2993 2994/2994/2994
f 2991/2991/2991 2994/2994/2994 2995/2995/2995
f 2995/2995/2995 2994/2994/2994 2996/2996/2996
f 2995/2995/2995 2996/2996/2996 2997/2997/2997
f 2997/2997/2997 2996/2996/2996 2998/2998/2998
f 2997/2997/2997 2998/2998/2998 2999/2999/2999
f 2999/2999/2999 2998/2998/2998 2978/2978/2978
f 2999/2999/2999 2978/2978/2978 2976/2976/2976
f 2996/2996/2996 3000/3000/3000 2998/2998/2998
f 2998/2998/2998 3000/3000/3000 2980/2980/2980
f 2998/2998/2998 2980/2980/2980 2978/2978/2978
f 3000/3000/3000 2982/2982/2982 2980/2980/2980
f 2981/2981/2981 2983/2983/2983 3001/3001/3001
f 3001/3001/3001 2983/2983/2983 3002/3002/3002
f 3001/3001/3001 3002/3002/3002 3003/3003/3003
f 3001/3001/3001 3003/3003/3003 3004/3004/3004
f 3004/3004/3004 3003/3003/3003 3005/3005/3005
f 3004/3004/3004 3005/3005/3005 3006/3006/3006
f 3006/3006/3006 3005/3005/3005 3007/3007/3007
f 3006/3006/3006 3007/3007/3007 3008/3008/3008
f 3006/3006/3006 3008/3008/3008 3009/3009/3009
f 3009/3009/3009 3008/3008/3008 3010/3010/3010
f 3009/3009/3009 3010/3010/3010 3011/3011/3011
f 3011/3011/3011 3010/3010/3010 3012/3012/3012
f 3011/3011/3011 3012/3012/3012 2977/2977/2977
f 2977/2977/2977 3012/3012/3012 2975/2975/2975
f 2999/2999/2999 2976/2976/2976 2973/2973/2973
f 2973/2973/2973 2971/2971/2971 3013/3013/3013
f 3013/3013/3013 2971/2971/2971 2992/2992/2992
f 3013/3013/3013 2992/2992/2992 2995/2995/2995
f 2995/2995/2995 2992/2992/2992 2991/2991/2991
f 2977/2977/2977 2979/2979/2979 3011/3011/3011
f 3011/3011/3011 2979/2979/2979 3014/3014/3014
f 3011/3011/3011 3014/3014/3014 3009/3009/3009
f 3009/3009/3009 3014/3014/3014 3004/3004/3004
f 3009/3009/3009 3004/3004/3004 3006/3006/3006
f 2997/2997/2997 2999/2999/2999 3013/3013/3013
f 3013/3013/3013 2999/2999/2999 2973/2973/2973
f 2997/2997/2997 3013/3013/3013 2995/2995/2995
f 3001/3001/3001 3004/3004/3004 3014/3014/3014
f 3001/3001/3001 3014/3014/3014 2981/2981/2981
f 2981/2981/2981 3014/3014/3014 2979/2979/2979
f 3015/3015/3015 3016/3016/3016 3017/3017/3017
f 3017/3017/3017 3016/3016/3016 3018/3018/3018
f 3017/3017/3017 3018/3018/3018 3019/3019/3019
f 3019/3019/3019 3018/3018/3018 3020/3020/3020
f 3019/3019/3019 3020/3020/3020 3021/3021/3021
f 3021/3021/3021 3020/3020/3020 3022/3022/3022
f 3021/3021/3021 3022/3022/3022 3023/3023/3023
f 3020/3020/3020 3024/3024/3024 3022/3022/3022
f 3022/3022/3022 3024/3024/3024 3025/3025/3025
f 3022/3022/3022 3025/3025/3025 3026/3026/3026
f 3024/3024/3024 3027/3027/3027 3025/3025/3025
f 3025/3025/3025 3027/3027/3027 3028/3028/3028
f 3025/3025/3025 3028/3028/3028 3029/3029/3029
f 3029/3029/3029 3028/3028/3028 3030/3030/3030
f 3027/3027/3027 3030/3030/3030 3028/3028/3028
f 3031/3031/3031 3032/3032/3032 3033/3033/3033
f 3034/3034/3034 3035/3035/3035 3032/3032/3032
f 3032/3032/3032 3035/3035/3035 3036/3036/3036
f 3035/3035/3035 3034/3034/3034 3037/3037/3037
f 3037/3037/3037 3034/3034/3034 3038/3038/3038
f 3037/3037/3037 3038/3038/3038 3039/3039/3039
f 3039/3039/3039 3038/3038/3038 3040/3040/3040
f 3039/3039/3039 3040/3040/3040 3041/3041/3041
f 3041/3041/3041 3040/3040/3040 3042/3042/3042
f 3041/3041/3041 3042/3042/3042 3043/3043/3043
f 3042/3042/3042 3040/3040/3040 3017/3017/3017
f 3017/3017/3017 3040/3040/3040 3015/3015/3015
f 3041/3041/3041 3044/3044/3044 3039/3039/3039
f 3039/3039/3039 3045/3045/3045 3037/3037/3037
f 3037/3037/3037 3046/3046/3046 3035/3035/3035
f 3021/3021/3021 3047/3047/3047 3042/3042/3042
f 3019/3019/3019 3021/3021/3021 3017/3017/3017
f 3017/3017/3017 3021/3021/3021 3042/3042/3042
f 3048/3048/3048 3049/3049/3049 3050/3050/3050
f 3050/3050/3050 3049/3049/3049 3051/3051/3051
f 3050/3050/3050 3051/3051/3051 3052/3052/3052
f 3052/3052/3052 3051/3051/3051 3053/3053/3053
f 3052/3052/3052 3053/3053/3053 3054/3054/3054
f 3054/3054/3054 3053/3053/3053 3055/3055/3055
f 3054/3054/3054 3055/3055/3055 3056/3056/3056
f 3056/3056/3056 3055/3055/3055 3057/3057/3057
f 3057/3057/3057 3055/3055/3055 3058/3058/3058
f 3058/3058/3058 3055/3055/3055 3059/3059/3059
f 3058/3058/3058 3059/3059/3059 3060/3060/3060
f 3060/3060/3060 3059/3059/3059 3061/3061/3061
f 3060/3060/3060 3061/3061/3061 3062/3062/3062
f 3062/3062/3062 3061/3061/3061 3048/3048/3048
f 3048/3048/3048 3061/3061/3061 3049/3049/3049
f 3062/3062/3062 3063/3063/3063 3060/3060/3060
f 3049/3049/3049 3061/3061/3061 3051/3051/3051
f 3051/3051/3051 3061/3061/3061 3059/3059/3059
f 3051/3051/3051 3059/3059/3059 3053/3053/3053
f 3053/3053/3053 3059/3059/3059 3055/3055/3055
f 3064/3064/3064 3065/3065/3065 3066/3066/3066
f 3066/3066/3066 3065/3065/3065 3067/3067/3067
f 3066/3066/3066 3067/3067/3067 3068/3068/3068
f 3068/3068/3068 3067/3067/3067 3069/3069/3069
f 3068/3068/3068 3069/3069/3069 3070/3070/3070
f 3070/3070/3070 3069/3069/3069 3071/3071/3071
f 3070/3070/3070 3071/3071/3071 3072/3072/3072
f 3072/3072/3072 3071/3071/3071 3073/3073/3073
f 3072/3072/3072 3073/3073/3073 3074/3074/3074
f 3074/3074/3074 3073/3073/3073 3075/3075/3075
f 3074/3074/3074 3075/3075/3075 3076/3076/3076
f 3076/3076/3076 3075/3075/3075 3077/3077/3077
f 3076/3076/3076 3077/3077/3077 3078/3078/3078
f 3078/3078/3078 3077/3077/3077 3079/3079/3079
f 3078/3078/3078 3079/3079/3079 3080/3080/3080
f 3080/3080/3080 3079/3079/3079 3081/3081/3081
f 3080/3080/3080 3081/3081/3081 3082/3082/3082
f 3082/3082/3082 3081/3081/3081 3083/3083/3083
f 3082/3082/3082 3083/3083/3083 3084/3084/3084
f 3084/3084/3084 3083/3083/3083 3085/3085/3085
f 3084/3084/3084 3085/3085/3085 3086/3086/3086
f 3086/3086/3086 3085/3085/3085 3087/3087/3087
f 3086/3086/3086 3087/3087/3087 3088/3088/3088
f 3067/3067/3067 3065/3065/3065 3089/3089/3089
f 3089/3089/3089 3065/3065/3065 3090/3090/3090
f 3089/3089/3089 3090/3090/3090 3091/3091/3091
f 3089/3089/3089 3091/3091/3091 3092/3092/3092
f 3092/3092/3092 3091/3091/3091 3093/3093/3093
f 3092/3092/3092 3093/3093/3093 3094/3094/3094
f 3092/3092/3092 3094/3094/3094 3095/3095/3095
f 3095/3095/3095 3094/3094/3094 3096/3096/3096
f 3095/3095/3095 3096/3096/3096 3097/3097/3097
f 3097/3097/3097 3096/3096/3096 3098/3098/3098
f 3097/3097/3097 3098/3098/3098 3099/3099/3099
f 3097/3097/3097 3099/3099/3099 3100/3100/3100
f 3100/3100/3100 3099/3099/3099 3101/3101/3101
f 3100/3100/3100 3101/3101/3101 3102/3102/3102
f 3102/3102/3102 3101/3101/3101 3103/3103/3103
f 3102/3102/3102 3103/3103/3103 3104/3104/3104
f 3104/3104/3104 3103/3103/3103 3105/3105/3105
f 3104/3104/3104 3105/3105/3105 3106/3106/3106
f 3106/3106/3106 3105/3105/3105 3107/3107/3107
f 3106/3106/3106 3107/3107/3107 3108/3108/3108
f 3108/3108/3108 3107/3107/3107 3109/3109/3109
f 3108/3108/3108 3109/3109/3109 3110/3110/3110
f 3110/3110/3110 3109/3109/3109 3083/3083/3083
f 3110/3110/3110 3083/3083/3083 3081/3081/3081
f 3107/3107/3107 3087/3087/3087 3109/3109/3109
f 3109/3109/3109 3087/3087/3087 3085/3085/3085
f 3109/3109/3109 3085/3085/3085 3083/3083/3083
f 3086/3086/3086 3088/3088/3088 3111/3111/3111
f 3111/3111/3111 3088/3088/3088 3112/3112/3112
f 3111/3111/3111 3112/3112/3112 3113/3113/3113
f 3111/3111/3111 3113/3113/3113 3114/3114/3114
f 3114/3114/3114 3113/3113/3113 3115/3115/3115
f 3114/3114/3114 3115/3115/3115 3116/3116/3116
f 3116/3116/3116 3115/3115/3115 3117/3117/3117
f 3116/3116/3116 3117/3117/3117 3118/3118/3118
f 3116/3116/3116 3118/3118/3118 3119/3119/3119
f 3119/3119/3119 3118/3118/3118 3120/3120/3120
f 3119/3119/3119 3120/3120/3120 3121/3121/3121
f 3121/3121/3121 3120/3120/3120 3082/3082/3082
f 3121/3121/3121 3082/3082/3082 3084/3084/3084
f 3120/3120/3120 3080/3080/3080 3082/3082/3082
f 3069/3069/3069 3067/3067/3067 3122/3122/3122
f 3122/3122/3122 3067/3067/3067 3089/3089/3089
f 3122/3122/3122 3089/3089/3089 3095/3095/3095
f 3095/3095/3095 3089/3089/3089 3092/3092/3092
f 3071/3071/3071 3069/3069/3069 3123/3123/3123
f 3123/3123/3123 3069/3069/3069 3122/3122/3122
f 3123/3123/3123 3122/3122/3122 3097/3097/3097
f 3097/3097/3097 3122/3122/3122 3095/3095/3095
f 3073/3073/3073 3071/3071/3071 3124/3124/3124
f 3124/3124/3124 3071/3071/3071 3123/3123/3123
f 3124/3124/3124 3123/3123/3123 3100/3100/3100
f 3100/3100/3100 3123/3123/3123 3097/3097/3097
f 3075/3075/3075 3073/3073/3073 3125/3125/3125
f 3125/3125/3125 3073/3073/3073 3124/3124/3124
f 3125/3125/3125 3124/3124/3124 3102/3102/3102
f 3102/3102/3102 3124/3124/3124 3100/3100/3100
f 3077/3077/3077 3075/3075/3075 3126/3126/3126
f 3126/3126/3126 3075/3075/3075 3125/3125/3125
f 3126/3126/3126 3125/3125/3125 3104/3104/3104
f 3104/3104/3104 3125/3125/3125 3102/3102/3102
f 3110/3110/3110 3081/3081/3081 3079/3079/3079
f 3079/3079/3079 3077/3077/3077 3127/3127/3127
f 3127/3127/3127 3077/3077/3077 3126/3126/3126
f 3127/3127/3127 3126/3126/3126 3106/3106/3106
f 3106/3106/3106 3126/3126/3126 3104/3104/3104
f 3114/3114/3114 3116/3116/3116 3119/3119/3119
f 3119/3119/3119 3121/3121/3121 3128/3128/3128
f 3128/3128/3128 3121/3121/3121 3084/3084/3084
f 3128/3128/3128 3084/3084/3084 3086/3086/3086
f 3108/3108/3108 3110/3110/3110 3127/3127/3127
f 3127/3127/3127 3110/3110/3110 3079/3079/3079
f 3108/3108/3108 3127/3127/3127 3106/3106/3106
f 3111/3111/3111 3114/3114/3114 3128/3128/3128
f 3128/3128/3128 3114/3114/3114 3119/3119/3119
f 3111/3111/3111 3128/3128/3128 3086/3086/3086
f 3129/3129/3129 3130/3130/3130 3131/3131/3131
f 3131/3131/3131 3130/3130/3130 3132/3132/3132
f 3131/3131/3131 3132/3132/3132 3133/3133/3133
f 3133/3133/3133 3132/3132/3132 3134/3134/3134
f 3133/3133/3133 3134/3134/3134 3135/3135/3135
f 3135/3135/3135 3134/3134/3134 3136/3136/3136
f 3137/3137/3137 3138/3138/3138 3139/3139/3139
f 3139/3139/3139 3138/3138/3138 3140/3140/3140
f 3139/3139/3139 3140/3140/3140 3141/3141/3141
f 3141/3141/3141 3140/3140/3140 3142/3142/3142
f 3141/3141/3141 3142/3142/3142 3143/3143/3143
f 3141/3141/3141 3143/3143/3143 3144/3144/3144
f 3144/3144/3144 3143/3143/3143 3145/3145/3145
f 3144/3144/3144 3145/3145/3145 3146/3146/3146
f 3144/3144/3144 3146/3146/3146 3147/3147/3147
f 3147/3147/3147 3146/3146/3146 3148/3148/3148
f 3147/3147/3147 3148/3148/3148 3149/3149/3149
f 3149/3149/3149 3148/3148/3148 3150/3150/3150
f 3149/3149/3149 3150/3150/3150 3151/3151/3151
f 3151/3151/3151 3152/3152/3152 3149/3149/3149
f 3149/3149/3149 3152/3152/3152 3153/3153/3153
f 3149/3149/3149 3153/3153/3153 3154/3154/3154
f 3154/3154/3154 3153/3153/3153 3155/3155/3155
f 3154/3154/3154 3155/3155/3155 3139/3139/3139
f 3139/3139/3139 3155/3155/3155 3137/3137/3137
f 3152/3152/3152 3156/3156/3156 3153/3153/3153
f 3153/3153/3153 3156/3156/3156 3157/3157/3157
f 3153/3153/3153 3157/3157/3157 3158/3158/3158
f 3158/3158/3158 3157/3157/3157 3159/3159/3159
f 3158/3158/3158 3159/3159/3159 3160/3160/3160
f 3160/3160/3160 3161/3161/3161 3158/3158/3158
f 3158/3158/3158 3161/3161/3161 3155/3155/3155
f 3158/3158/3158 3155/3155/3155 3153/3153/3153
f 3161/3161/3161 3137/3137/3137 3155/3155/3155
f 3139/3139/3139 3141/3141/3141 3154/3154/3154
f 3154/3154/3154 3141/3141/3141 3147/3147/3147
f 3154/3154/3154 3147/3147/3147 3149/3149/3149
f 3144/3144/3144 3147/3147/3147 3141/3141/3141
f 3162/3162/3162 3163/3163/3163 3164/3164/3164
f 3164/3164/3164 3163/3163/3163 3165/3165/3165
f 3164/3164/3164 3165/3165/3165 3166/3166/3166
f 3166/3166/3166 3165/3165/3165 3167/3167/3167
f 3166/3166/3166 3167/3167/3167 3168/3168/3168
f 3168/3168/3168 3167/3167/3167 3169/3169/3169
f 3168/3168/3168 3169/3169/3169 3170/3170/3170
f 3168/3168/3168 3170/3170/3170 3171/3171/3171
f 3171/3171/3171 3170/3170/3170 3172/3172/3172
f 3171/3171/3171 3172/3172/3172 3173/3173/3173
f 3173/3173/3173 3172/3172/3172 3174/3174/3174
f 3173/3173/3173 3174/3174/3174 3175/3175/3175
f 3175/3175/3175 3174/3174/3174 3176/3176/3176
f 3175/3175/3175 3176/3176/3176 3177/3177/3177
f 3177/3177/3177 3176/3176/3176 3178/3178/3178
f 3177/3177/3177 3178/3178/3178 3179/3179/3179
f 3179/3179/3179 3178/3178/3178 3180/3180/3180
f 3180/3180/3180 3178/3178/3178 3181/3181/3181
f 3180/3180/3180 3181/3181/3181 3182/3182/3182
f 3182/3182/3182 3181/3181/3181 3183/3183/3183
f 3182/3182/3182 3183/3183/3183 3184/3184/3184
f 3184/3184/3184 3183/3183/3183 3185/3185/3185
f 3184/3184/3184 3185/3185/3185 3186/3186/3186
f 3186/3186/3186 3185/3185/3185 3187/3187/3187
f 3186/3186/3186 3187/3187/3187 3188/3188/3188
f 3188/3188/3188 3187/3187/3187 3189/3189/3189
f 3188/3188/3188 3189/3189/3189 3190/3190/3190
f 3190/3190/3190 3189/3189/3189 3174/3174/3174
f 3190/3190/3190 3174/3174/3174 3172/3172/3172
f 3177/3177/3177 3179/3179/3179 3191/3191/3191
f 3191/3191/3191 3179/3179/3179 3162/3162/3162
f 3191/3191/3191 3162/3162/3162 3164/3164/3164
f 3175/3175/3175 3177/3177/3177 3191/3191/3191
f 3191/3191/3191 3164/3164/3164 3192/3192/3192
f 3192/3192/3192 3164/3164/3164 3166/3166/3166
f 3192/3192/3192 3166/3166/3166 3171/3171/3171
f 3171/3171/3171 3166/3166/3166 3168/3168/3168
f 3185/3185/3185 3183/3183/3183 3181/3181/3181
f 3181/3181/3181 3178/3178/3178 3193/3193/3193
f 3193/3193/3193 3178/3178/3178 3176/3176/3176
f 3193/3193/3193 3176/3176/3176 3189/3189/3189
f 3189/3189/3189 3176/3176/3176 3174/3174/3174
f 3173/3173/3173 3175/3175/3175 3192/3192/3192
f 3192/3192/3192 3175/3175/3175 3191/3191/3191
f 3173/3173/3173 3192/3192/3192 3171/3171/3171
f 3187/3187/3187 3185/3185/3185 3193/3193/3193
f 3193/3193/3193 3185/3185/3185 3181/3181/3181
f 3187/3187/3187 3193/3193/3193 3189/3189/3189
f 3194/3194/3194 3195/3195/3195 3196/3196/3196
f 3196/3196/3196 3195/3195/3195 3197/3197/3197
f 3196/3196/3196 3197/3197/3197 3198/3198/3198
f 3198/3198/3198 3197/3197/3197 3199/3199/3199
f 3199/3199/3199 3197/3197/3197 3200/3200/3200
f 3200/3200/3200 3197/3197/3197 3201/3201/3201
f 3200/3200/3200 3201/3201/3201 3202/3202/3202
f 3202/3202/3202 3201/3201/3201 3203/3203/3203
f 3202/3202/3202 3203/3203/3203 3204/3204/3204
f 3204/3204/3204 3203/3203/3203 3205/3205/3205
f 3195/3195/3195 3201/3201/3201 3197/3197/3197
f 3204/3204/3204 3200/3200/3200 3202/3202/3202
f 3206/3206/3206 3207/3207/3207 3208/3208/3208
f 3208/3208/3208 3207/3207/3207 3209/3209/3209
f 3208/3208/3208 3209/3209/3209 3210/3210/3210
f 3210/3210/3210 3209/3209/3209 3211/3211/3211
f 3210/3210/3210 3211/3211/3211 3212/3212/3212
f 3212/3212/3212 3211/3211/3211 3213/3213/3213
f 3212/3212/3212 3214/3214/3214 3210/3210/3210
f 3210/3210/3210 3214/3214/3214 3208/3208/3208
f 3214/3214/3214 3215/3215/3215 3208/3208/3208
f 3208/3208/3208 3215/3215/3215 3216/3216/3216
f 3208/3208/3208 3216/3216/3216 3206/3206/3206
f 3217/3217/3217 3218/3218/3218 3219/3219/3219
f 3219/3219/3219 3218/3218/3218 3220/3220/3220
f 3219/3219/3219 3220/3220/3220 3221/3221/3221
f 3221/3221/3221 3220/3220/3220 3222/3222/3222
f 3221/3221/3221 3222/3222/3222 3223/3223/3223
f 3223/3223/3223 3224/3224/3224 3221/3221/3221
f 3221/3221/3221 3224/3224/3224 3225/3225/3225
f 3221/3221/3221 3225/3225/3225 3226/3226/3226
f 3221/3221/3221 3226/3226/3226 3219/3219/3219
f 3219/3219/3219 3226/3226/3226 3217/3217/3217

