# https://github.com/mikedh/trimesh
mtllib cw_prop.mtl

o component_000
usemtl material_0
v 0.0054019680 -0.0201469010 -0.0030695774
v 0.0070699449 -0.0281599111 -0.0043876150
v 0.0031809800 -0.0205858910 -0.0022016145
v 0.0009259880 -0.0207809192 -0.0013005714
v -0.0062400098 -0.0329918786 0.0006353805
v -0.0013380049 -0.0207279306 -0.0003766204
v -0.0078089829 -0.0306509099 0.0014603754
v -0.0091819763 -0.0281398798 0.0022193212
v 0.0088689318 -0.0361369219 -0.0057566134
v 0.0060499310 -0.0367348719 -0.0046585761
v 0.0031929610 -0.0371149110 -0.0035275782
v 0.0003149880 -0.0372729303 -0.0023705922
v -0.0025659790 -0.0372079016 -0.0011945932
v -0.0044909711 -0.0351778791 -0.0002496194
v -0.0035820000 -0.0204298999 0.0005593786
v -0.0103059998 -0.0254918893 0.0028873699
v -0.0057799811 -0.0198889299 0.0014963755
v -0.0107619697 -0.0241249201 0.0031823527
v -0.0111439796 -0.0227278990 0.0034493218
v -0.0079069734 -0.0191109104 0.0024223335
v -0.0114479596 -0.0212988795 0.0036873235
v -0.0116689801 -0.0198398788 0.0038933764
v -0.0099359751 -0.0181069297 0.0033273704
v -0.0118009998 -0.0183688902 0.0040643224
v -0.0118429596 -0.0168868803 0.0042003401
v -0.0033689730 -0.0204499306 0.0026363746
v -0.0083019733 -0.0285488904 0.0039933341
v -0.0013149970 -0.0206549092 0.0017843255
v -0.0069559808 -0.0309659203 0.0032533424
v 0.0011669390 -0.0206289198 0.0007783795
v 0.0077459812 -0.0279688800 -0.0024825909
v 0.0036279550 -0.0203068797 -0.0001966205
v 0.0060329428 -0.0196928904 -0.0011246185
v -0.0094299912 -0.0259749197 0.0046573301
v -0.0053939810 -0.0200428904 0.0034913436
v -0.0102919899 -0.0232779305 0.0052233347
v -0.0073669548 -0.0194358804 0.0043423787
v -0.0106109902 -0.0218968890 0.0054633625
v -0.0108509604 -0.0204998791 0.0056723367
v -0.0092709661 -0.0186359189 0.0051793465
v -0.0110099902 -0.0190849300 0.0058503752
v -0.0110859796 -0.0176509000 0.0059963473
v -0.0054230089 -0.0332298799 0.0024493355
v -0.0037179580 -0.0353499016 0.0015873336
v 0.0010419480 -0.0373799205 -0.0005096192
v -0.0018429750 -0.0373278781 0.0006663808
v 0.0039229388 -0.0372099207 -0.0016676152
v 0.0067819352 -0.0368168915 -0.0027976001
v 0.0096019497 -0.0362049307 -0.0038955773
v 0.0147479698 0.0147850502 -0.0030695800
v 0.0208539292 0.0202360094 -0.0043876186
v 0.0162389800 0.0130810103 -0.0022016171
v 0.0175349694 0.0112250400 -0.0013005738
v 0.0186209604 0.0092390170 -0.0003766227
v 0.0194849297 0.0071460600 0.0005593765
v 0.0289619509 0.0061520330 0.0022193186
v 0.0272309706 0.0038540363 0.0028873677
v 0.0268619601 0.0257830597 -0.0057566181
v 0.0287899300 0.0236410402 -0.0046585807
v 0.0305469595 0.0213560403 -0.0035275826
v 0.0304509401 0.0085960618 0.0014603724
v 0.0316929817 0.0111260396 0.0006353772
v 0.0321229585 0.0189430693 -0.0023705964
v 0.0327119790 0.0137320095 -0.0002496230
v 0.0335069783 0.0164150502 -0.0011945973
v 0.0201149508 0.0049720403 0.0014963736
v 0.0262749698 0.0027750132 0.0031823507
v 0.0252559707 0.0017460583 0.0034493200
v 0.0241699796 0.0007680683 0.0036873218
v 0.0205049496 0.0027420523 0.0024223319
v 0.0230179392 -0.0001519317 0.0038933749
v 0.0206499603 0.0004820682 0.0033273690
v 0.0218099300 -0.0010029067 0.0040643211
v 0.0205469709 -0.0017788997 0.0042003390
v 0.0193969607 0.0073410270 0.0026363725
v 0.0288739800 0.0071140521 0.0039943447
v 0.0185459796 0.0092220298 0.0017843233
v 0.0203499701 0.0207260193 -0.0024825946
v 0.0172829591 0.0113590304 0.0007783771
v 0.0157729294 0.0133290198 -0.0001966230
v 0.0140389800 0.0151050602 -0.0011246211
v 0.0272079706 0.0048500294 0.0046593539
v 0.0200559404 0.0053840273 0.0034913417
v 0.0253029391 0.0027560593 0.0052243469
v 0.0242679697 0.0017910595 0.0054643749
v 0.0205169898 0.0033710593 0.0043423769
v 0.0231789909 0.0008860684 0.0056733479
v 0.0207759701 0.0013230443 0.0051793450
v 0.0220339801 0.0000410685 0.0058503738
v 0.0208309796 -0.0007419316 0.0059963461
v 0.0302949492 0.0094900134 0.0032543533
v 0.0302639604 0.0220350603 -0.0016676197
v 0.0284949504 0.0243150497 -0.0027976047
v 0.0314899608 0.0119500106 0.0024493321
v 0.0318529606 0.0196260195 -0.0005096235
v 0.0324749313 0.0144870199 0.0015873299
v 0.0332499705 0.0171010402 0.0006663767
v 0.0265539791 0.0264510491 -0.0038955821
v 0.0127299400 0.0154390296 -0.0017935642
v 0.0128019396 0.0153780494 -0.0023705962
v 0.0121749602 0.0158800398 -0.0131835912
v 0.0129779503 0.0152300501 -0.0030075912
v 0.0131519400 0.0150800298 -0.0036435732
v 0.0140669299 0.0142280394 -0.0131835911
v 0.0133239599 0.0149280398 -0.0042805683
v 0.0149809700 0.0132600597 -0.0033715971
v 0.0157369301 0.0123520390 -0.0131835910
v 0.0164319798 0.0114100499 -0.0024175648
v 0.0171589796 0.0102810188 -0.0131835908
v 0.0176549498 0.0094010233 -0.0014305717
v 0.0183099508 0.0080480556 -0.0131835906
v 0.0186349694 0.0072630639 -0.0004246226
v 0.0191719495 0.0056890230 -0.0131835905
v 0.0193559509 0.0050250292 0.0005853776
v 0.0197319295 0.0032400470 -0.0131835903
v 0.0198099595 0.0027180311 0.0015863768
v 0.0199799500 0.0007410670 -0.0131835901
v 0.0199899599 0.0003730682 0.0025653240
v 0.0199129507 -0.0017709140 -0.0131835899
v 0.0198939405 -0.0019758928 0.0035073752
v 0.0198329594 -0.0025119178 0.0038203592
v 0.0197779499 -0.0029128777 0.0042983291
v 0.0197519604 -0.0030829307 0.0049003360
v 0.0195319597 -0.0042529111 -0.0131835897
v 0.0192259494 -0.0054718839 0.0168323502
v 0.0188429300 -0.0066689258 -0.0131835895
v 0.0183859393 -0.0078389027 0.0168323504
v 0.0178559404 -0.0089789043 -0.0131835893
v 0.0172559600 -0.0100828983 0.0168323506
v 0.0165879708 -0.0111469012 -0.0131835892
v 0.0158539396 -0.0121669086 0.0168323507
v 0.0150579801 -0.0131388913 -0.0131835890
v 0.0142019298 -0.0140588783 0.0168323509
v 0.0132899797 -0.0149239312 -0.0131835889
v 0.0123259397 -0.0157288896 0.0168323510
v 0.0113129597 -0.0164729311 -0.0131835888
v 0.0102549698 -0.0171509279 0.0168323511
v 0.0091569424 -0.0177618815 -0.0131835887
v 0.0080219498 -0.0183018992 0.0168323512
v 0.0069769621 -0.0187259299 -0.0017935616
v 0.0068619838 -0.0187678897 -0.0012245755
v 0.0056629772 -0.0191638979 0.0168323513
v 0.0065529342 -0.0188789294 -0.0007446206
v 0.0060859318 -0.0190338996 -0.0004316206
v 0.0037679670 -0.0196259003 0.0004963795
v 0.0032139421 -0.0197238891 0.0168323513
v 0.0013959400 -0.0199359002 0.0014713415
v 0.0007149880 -0.0199718984 0.0168323513
v -0.0009960120 -0.0199608801 0.0024773484
v -0.0017969600 -0.0199049084 0.0168323513
v -0.0029760001 -0.0197638792 0.0033293374
v -0.0042789569 -0.0195239080 0.0168323513
v -0.0049279919 -0.0193709095 0.0041843663
v -0.0066949720 -0.0188348784 0.0168323512
v -0.0068299770 -0.0187868994 0.0050353413
v -0.0086649647 -0.0180159188 0.0058723692
v -0.0090050101 -0.0178478888 0.0168323512
v -0.0104139997 -0.0170658803 0.0066893705
v -0.0111729996 -0.0165799192 0.0168323511
v -0.0109539600 -0.0167258898 0.0068293222
v -0.0114899799 -0.0163628994 0.0067563661
v -0.0119619900 -0.0160208898 0.0064643634
v -0.0131649897 -0.0150499285 0.0168323510
v -0.0122929802 -0.0157688796 0.0059653532
v -0.0123519804 -0.0157229300 0.0058133614
v -0.0124120098 -0.0156759001 0.0056623232
v -0.0124709597 -0.0156289298 0.0055103314
v -0.0125739500 -0.0155458996 0.0049003370
v -0.0121929599 -0.0158458902 -0.0131835888
v -0.0124399597 -0.0156539005 0.0042983301
v -0.0121200001 -0.0159019192 0.0038203602
v -0.0116869798 -0.0162228902 0.0035073762
v -0.0101089999 -0.0172479107 -0.0131835887
v -0.0097000003 -0.0174809003 0.0025653254
v -0.0078650108 -0.0183779011 -0.0131835886
v -0.0075799818 -0.0184978804 0.0015863784
v -0.0054979920 -0.0192179001 -0.0131835886
v -0.0053539872 -0.0192578993 0.0005853794
v -0.0030440090 -0.0197539302 -0.0131835885
v -0.0030549760 -0.0197519008 -0.0004246205
v -0.0007140120 -0.0199729205 -0.0014305695
v -0.0005420120 -0.0199779208 -0.0131835885
v 0.0016369810 -0.0199178999 -0.0024175624
v 0.0019679661 -0.0198879215 -0.0131835885
v 0.0039649601 -0.0195869210 -0.0033715946
v 0.0044469829 -0.0194829116 -0.0131835886
v 0.0062379828 -0.0189849104 -0.0042805657
v 0.0068559642 -0.0187699116 -0.0131835886
v 0.0064559570 -0.0189118910 -0.0036435707
v 0.0066729779 -0.0188369101 -0.0030075887
v 0.0068889852 -0.0187588895 -0.0023705936
v 0.0197619703 -0.0030179006 0.0168323500
v 0.0197719894 -0.0029519196 0.0055103304
v 0.0197829604 -0.0028768767 0.0056623223
v 0.0197939798 -0.0028029075 0.0058133604
v 0.0198039394 -0.0027279246 0.0059653523
v 0.0198569801 -0.0023149245 0.0064643623
v 0.0199169498 -0.0017359245 0.0067563650
v 0.0199859701 -0.0005159307 0.0168323499
v 0.0199629609 -0.0010899294 0.0068293210
v 0.0199879408 -0.0004519315 0.0066893692
v 0.0199359600 0.0015370245 0.0058723678
v 0.0198959708 0.0019940144 0.0168323497
v 0.0196859799 0.0035120243 0.0050353396
v 0.0194909498 0.0044730314 0.0168323495
v 0.0192409698 0.0054520362 0.0041843644
v 0.0187779609 0.0068820122 0.0168323493
v 0.0186059400 0.0073380473 0.0033293354
v 0.0177699905 0.0091830505 0.0168323491
v 0.0177859608 0.0091510408 0.0024773462
v 0.0165679399 0.0112110303 0.0014713391
v 0.0164809804 0.0113390613 0.0168323490
v 0.0151129300 0.0131100398 0.0004963770
v 0.0149319703 0.0133160310 0.0168323488
v 0.0134419696 0.0148210497 -0.0004316231
v 0.0131469304 0.0150840211 0.0168323487
v 0.0130739799 0.0151470303 -0.0007446232
v 0.0128239300 0.0153600498 -0.0012245781
v 0.0111549404 0.0166140118 0.0168323486
v 0.0100909397 0.0172820584 -0.0131835913
v 0.0089869490 0.0178820410 0.0168323485
v 0.0078469506 0.0184120489 -0.0131835914
v 0.0066769710 0.0188690418 0.0168323484
v 0.0054799309 0.0192520590 -0.0131835915
v 0.0042609568 0.0195580715 0.0168323483
v 0.0030259490 0.0197880184 -0.0131835915
v 0.0017789600 0.0199390607 0.0168323483
v 0.0005239880 0.0200120182 -0.0131835915
v -0.0007330120 0.0200060619 0.0168323483
v -0.0019859669 0.0199220096 -0.0131835915
v -0.0032320020 0.0197580414 0.0168323483
v -0.0044649830 0.0195170594 -0.0131835915
v -0.0056809778 0.0191980613 0.0168323484
v -0.0068739648 0.0188040686 -0.0131835914
v -0.0072039962 0.0186800308 0.0049003344
v -0.0073649879 0.0186180401 0.0042983275
v -0.0077399611 0.0184650405 0.0038203576
v -0.0082339644 0.0182500410 0.0035073736
v -0.0091750016 0.0177960293 -0.0131835914
v -0.0103169596 0.0171590393 0.0025653228
v -0.0113309603 0.0165070192 -0.0131835913
v -0.0122579904 0.0158310497 0.0015863758
v -0.0133079803 0.0149580193 -0.0131835912
v -0.0140289599 0.0142840101 0.0005853769
v -0.0150759798 0.0131730390 -0.0131835910
v -0.0156059796 0.0125400396 -0.0004246230
v -0.0166059695 0.0111810490 -0.0131835909
v -0.0169680100 0.0106230303 -0.0014305718
v -0.0178740006 0.0090130548 -0.0131835907
v -0.0180959702 0.0085590480 -0.0024175646
v -0.0188609902 0.0067030181 -0.0131835905
v -0.0189729892 0.0063770406 -0.0033715966
v -0.0195499603 0.0042870631 -0.0131835903
v -0.0195889995 0.0041080105 -0.0042805675
v -0.0196339991 0.0038830628 -0.0036435724
v -0.0196769796 0.0036570418 -0.0030075903
v -0.0197179895 0.0034310218 -0.0023705953
v -0.0197339598 0.0033380379 -0.0017935633
v -0.0199309494 0.0018050660 -0.0131835902
v -0.0197799802 0.0030520562 0.0168323496
v -0.0200039707 0.0005500693 0.0168323498
v -0.0199980102 -0.0007069330 -0.0131835900
v -0.0199139696 -0.0019599177 0.0168323500
v -0.0197499897 -0.0032058960 -0.0131835898
v -0.0195090100 -0.0044388758 0.0168323502
v -0.0191900097 -0.0056549321 -0.0131835896
v -0.0187959597 -0.0068479168 0.0168323503
v -0.0183280092 -0.0080139051 -0.0131835894
v -0.0177879892 -0.0091488935 0.0168323505
v -0.0171769802 -0.0102469307 -0.0131835893
v -0.0164989792 -0.0113049090 0.0168323507
v -0.0157549903 -0.0123178913 -0.0131835891
v -0.0149499699 -0.0132818787 0.0168323508
v -0.0140849901 -0.0141938907 -0.0131835890
v -0.0131649897 -0.0150499285 0.0168323510
v -0.0140849901 -0.0141938907 -0.0131835890
v -0.0073279729 0.0186320510 0.0055103288
v -0.0080400100 0.0183360515 0.0168323484
v -0.0073980088 0.0186050501 0.0056623206
v -0.0074679852 0.0185770304 0.0058133588
v -0.0075379610 0.0185480700 0.0059653507
v -0.0079219928 0.0183880297 0.0064643608
v -0.0084539652 0.0181490113 0.0067563635
v -0.0090360036 0.0178670199 0.0068293196
v -0.0102729704 0.0171850318 0.0168323485
v -0.0096009960 0.0175700100 0.0066893679
v -0.0112979999 0.0165290204 0.0058723666
v -0.0123439999 0.0157630419 0.0168323486
v -0.0128830001 0.0153260207 0.0050353387
v -0.0142199900 0.0140930408 0.0168323488
v -0.0143409902 0.0139710301 0.0041843638
v -0.0156559907 0.0124770405 0.0033293350
v -0.0158719998 0.0122010711 0.0168323489
v -0.0168169700 0.0108610300 0.0024773461
v -0.0172739606 0.0101170515 0.0168323491
v -0.0179919600 0.0087770225 0.0014713393
v -0.0184039995 0.0078730596 0.0168323492
v -0.0189089701 0.0065670601 0.0004963775
v -0.0192440096 0.0055060395 0.0168323494
v -0.0195549708 0.0042640562 -0.0004316223
v -0.0196539704 0.0037820329 -0.0007446223
v -0.0197129808 0.0034590358 -0.0012245772
v -0.0201769993 0.0054130547 -0.0030695793
v -0.0279510003 0.0079750406 -0.0043876177
v -0.0194469597 0.0075560210 -0.0022016166
v -0.0184879806 0.0096060633 -0.0013005737
v -0.0173109695 0.0115400497 -0.0003766229
v -0.0348669812 0.0131460397 -0.0046585799
v -0.0337669812 0.0158100703 -0.0035275822
v -0.0357579514 0.0104050595 -0.0057566169
v -0.0159299895 0.0133350399 0.0005593760
v -0.0324649811 0.0183810497 -0.0023705964
v -0.0254809801 0.0219180491 0.0006353763
v -0.0282469895 0.0214960500 -0.0002496236
v -0.0309689604 0.0208440403 -0.0011945976
v -0.0226680003 0.0221060497 0.0014603714
v -0.0143619701 0.0149680303 0.0014963729
v -0.0198069792 0.0220390504 0.0022193174
v -0.0169519708 0.0216890501 0.0028873663
v -0.0126259904 0.0164210202 0.0024223308
v -0.0155400001 0.0214010405 0.0031823493
v -0.0141389901 0.0210330396 0.0034493185
v -0.0127490098 0.0205810594 0.0036873204
v -0.0107409898 0.0176750405 0.0033273677
v -0.0113759600 0.0200430102 0.0038933734
v -0.0100349700 0.0194220509 0.0040643196
v -0.0087310066 0.0187180604 0.0042003374
v -0.0160539709 0.0131610606 0.0026363720
v -0.0329219587 0.0178060494 -0.0005096233
v -0.0172589999 0.0114840205 0.0017843231
v -0.0342139602 0.0152250499 -0.0016676192
v -0.0184769593 0.0093210331 0.0007783773
v -0.0281229597 0.0072940577 -0.0024825936
v -0.0194289591 0.0070290561 -0.0001966225
v -0.0200999901 0.0046390290 -0.0011246203
v -0.0146889603 0.0147100606 0.0034913410
v -0.0233649593 0.0215250200 0.0032543524
v -0.0260930005 0.0213290399 0.0024493314
v -0.0287829600 0.0209130609 0.0015873294
v -0.0314339884 0.0202780292 0.0006663765
v -0.0131769702 0.0161160197 0.0043423760
v -0.0178020000 0.0211710300 0.0046593526
v -0.0205969792 0.0214820507 0.0039943436
v -0.0115320003 0.0173650295 0.0051793438
v -0.0136839701 0.0201550708 0.0054643735
v -0.0150370002 0.0205680695 0.0052243456
v -0.0097720018 0.0184440599 0.0059963446
v -0.0110509899 0.0190950599 0.0058503723
v -0.0123559805 0.0196640403 0.0056733465
v -0.0353029892 0.0125530295 -0.0027976039
v -0.0361829884 0.0098050224 -0.0038955808
v 0.0033299320 -0.0045338870 -0.0131835897
v 0.0038049810 -0.0040829191 -0.0121675699
v 0.0042889710 -0.0036408909 -0.0131835897
v 0.0042889710 -0.0036408909 -0.0131835897
v 0.0038049810 -0.0040829191 -0.0121675699
v 0.0046479702 -0.0030928859 -0.0121675699
v 0.0050169821 -0.0025519140 -0.0131835898
v 0.0052399631 -0.0019348860 -0.0121675700
v 0.0054739709 -0.0013229260 -0.0131835899
v 0.0055479398 -0.0006719329 -0.0121675701
v 0.0056349630 -0.0000229329 -0.0131835900
v 0.0055579538 0.0006280671 -0.0121675702
v 0.0054919710 0.0012800081 -0.0131835901
v 0.0052669640 0.0018950091 -0.0121675703
v 0.0050529828 0.0025150161 -0.0131835902
v 0.0046909451 0.0030610550 -0.0121675704
v 0.0043399329 0.0036150200 -0.0131835903
v 0.0038619631 0.0040630093 -0.0121675705
v 0.0033929341 0.0045210108 -0.0131835904
v 0.0028249619 0.0048470479 -0.0121675705
v 0.0022629490 0.0051840529 -0.0131835904
v 0.0016349551 0.0053700190 -0.0121675706
v 0.0010099410 0.0055690388 -0.0131835904
v 0.0003559880 0.0056050401 -0.0121675706
v -0.0002980120 0.0056540351 -0.0131835905
v -0.0009430120 0.0055390583 -0.0121675706
v -0.0015899530 0.0054350481 -0.0131835904
v -0.0021910069 0.0051740389 -0.0121675706
v -0.0027970071 0.0049250111 -0.0131835904
v -0.0033209911 0.0045320382 -0.0121675705
v -0.0038529630 0.0041500311 -0.0131835903
v -0.0042729969 0.0036470280 -0.0121675705
v -0.0047029848 0.0031520109 -0.0131835903
v -0.0049960008 0.0025650251 -0.0121675704
v -0.0052989721 0.0019850120 -0.0131835902
v -0.0054489970 0.0013470631 -0.0121675703
v -0.0056099892 0.0007120670 -0.0131835901
v -0.0056089750 0.0000560672 -0.0121675702
v -0.0056200018 -0.0005989330 -0.0131835900
v -0.0054669972 -0.0012359029 -0.0121675701
v -0.0053259730 -0.0018758780 -0.0131835899
v -0.0050309892 -0.0024608970 -0.0121675700
v -0.0047459598 -0.0030509241 -0.0131835898
v -0.0043239589 -0.0035519008 -0.0121675699
v -0.0039109578 -0.0040609250 -0.0131835897
v -0.0033850069 -0.0044509177 -0.0121675698
v -0.0028649559 -0.0048509250 -0.0131835897
v -0.0022630091 -0.0051088929 -0.0121675698
v -0.0016660090 -0.0053789020 -0.0131835896
v -0.0010199540 -0.0054909000 -0.0121675698
v -0.0003770120 -0.0056148768 -0.0131835896
v 0.0002769880 -0.0055758958 -0.0121675698
v 0.0009319880 -0.0055478821 -0.0131835896
v 0.0015589590 -0.0053588748 -0.0121675698
v 0.0021899340 -0.0051808959 -0.0131835896
v 0.0027569530 -0.0048518781 -0.0121675698
v -0.0123439999 0.0136700189 -0.0121675712
v -0.0140209701 0.0119430395 -0.0121675711
v -0.0042729969 0.0036470280 -0.0121675705
v -0.0154579803 0.0100120288 -0.0121675709
v -0.0049960008 0.0025650251 -0.0121675704
v -0.0166299902 0.0079100123 -0.0121675708
v -0.0175179802 0.0056730490 -0.0121675706
v -0.0096139899 -0.0017619139 -0.0121675700
v -0.0181069896 0.0033390510 -0.0121675704
v -0.0101669999 -0.0021749139 -0.0121675700
v -0.0183849894 0.0009490671 -0.0121675703
v -0.0183499996 -0.0014579299 -0.0121675701
v -0.0104860002 -0.0027868750 -0.0121675700
v -0.0179999992 -0.0038388970 -0.0121675699
v -0.0105079999 -0.0034759049 -0.0121675699
v -0.0173429791 -0.0061548948 -0.0121675697
v -0.0102289896 -0.0041068797 -0.0121675699
v -0.0163890105 -0.0083639026 -0.0121675695
v -0.0097039929 -0.0045539150 -0.0121675698
v -0.0151549503 -0.0104309311 -0.0121675694
v -0.0136619797 -0.0123178912 -0.0121675693
v -0.0090360036 -0.0047289138 -0.0121675698
v -0.0119349901 -0.0139949312 -0.0121675691
v -0.0100039802 -0.0154318809 -0.0121675690
v -0.0079019656 -0.0166038805 -0.0121675689
v -0.0022630091 -0.0051088929 -0.0121675698
v -0.0083589554 -0.0045968899 -0.0121675698
v -0.0056650038 -0.0174919302 -0.0121675689
v -0.0010199540 -0.0054909000 -0.0121675698
v -0.0033310051 -0.0180808911 -0.0121675688
v -0.0009410120 -0.0183588816 -0.0121675688
v 0.0002769880 -0.0055758958 -0.0121675698
v 0.0014659760 -0.0183238918 -0.0121675688
v 0.0038469429 -0.0179738914 -0.0121675688
v 0.0015589590 -0.0053588748 -0.0121675698
v 0.0061629410 -0.0173169309 -0.0121675689
v 0.0027569530 -0.0048518781 -0.0121675698
v 0.0083719492 -0.0163629008 -0.0121675689
v 0.0104389703 -0.0151289105 -0.0121675690
v 0.0038049810 -0.0040829191 -0.0121675699
v 0.0123259397 -0.0136359306 -0.0121675692
v 0.0140029704 -0.0119088814 -0.0121675693
v 0.0046479702 -0.0030928859 -0.0121675699
v 0.0154399797 -0.0099778781 -0.0121675694
v 0.0166119896 -0.0078759203 -0.0121675696
v 0.0052399631 -0.0019348860 -0.0121675700
v 0.0174999796 -0.0056388979 -0.0121675698
v 0.0095959296 0.0017960650 -0.0121675703
v 0.0180889294 -0.0033048990 -0.0121675699
v 0.0101489397 0.0022090662 -0.0121675703
v 0.0183669906 -0.0009149329 -0.0121675701
v 0.0183319394 0.0014920221 -0.0121675703
v 0.0104679400 0.0028210271 -0.0121675704
v 0.0179819409 0.0038730491 -0.0121675705
v 0.0104899397 0.0035100561 -0.0121675704
v 0.0173249803 0.0061890469 -0.0121675706
v 0.0102109900 0.0041410313 -0.0121675705
v 0.0163709503 0.0083980551 -0.0121675708
v 0.0096859327 0.0045880661 -0.0121675705
v 0.0151369497 0.0104650194 -0.0121675710
v 0.0136439800 0.0123520391 -0.0121675711
v 0.0090179443 0.0047630649 -0.0121675705
v 0.0119169299 0.0140290195 -0.0121675712
v 0.0099859834 0.0154660288 -0.0121675713
v 0.0078839650 0.0166380396 -0.0121675714
v 0.0028249619 0.0048470479 -0.0121675705
v 0.0083409538 0.0046310411 -0.0121675705
v 0.0016349551 0.0053700190 -0.0121675706
v 0.0056469440 0.0175260296 -0.0121675715
v 0.0033129449 0.0181150390 -0.0121675715
v 0.0003559880 0.0056050401 -0.0121675706
v 0.0009229880 0.0183930295 -0.0121675716
v -0.0014839760 0.0183580490 -0.0121675716
v -0.0009430120 0.0055390583 -0.0121675706
v -0.0038650029 0.0180080487 -0.0121675715
v -0.0061810012 0.0173510285 -0.0121675715
v -0.0021910069 0.0051740389 -0.0121675706
v -0.0083900094 0.0163970487 -0.0121675714
v -0.0033209911 0.0045320382 -0.0121675705
v -0.0104569700 0.0151630594 -0.0121675713
v -0.0033850069 -0.0044509177 -0.0121675698
v -0.0078069558 -0.0041838889 -0.0121675699
v -0.0043239589 -0.0035519008 -0.0121675699
v -0.0074879518 -0.0035728819 -0.0121675699
v -0.0050309892 -0.0024608970 -0.0121675700
v -0.0074659581 -0.0028828978 -0.0121675700
v -0.0054669972 -0.0012359029 -0.0121675701
v -0.0077449670 -0.0022519240 -0.0121675700
v -0.0082699647 -0.0018048889 -0.0121675700
v -0.0056089750 0.0000560672 -0.0121675702
v -0.0089370012 -0.0016298899 -0.0121675701
v -0.0054489970 0.0013470631 -0.0121675703
v 0.0089189410 0.0016640411 -0.0121675703
v 0.0055479398 -0.0006719329 -0.0121675701
v 0.0082519650 0.0018390401 -0.0121675703
v 0.0055579538 0.0006280671 -0.0121675702
v 0.0077269669 0.0022860151 -0.0121675704
v 0.0052669640 0.0018950091 -0.0121675703
v 0.0074479571 0.0029170502 -0.0121675704
v 0.0046909451 0.0030610550 -0.0121675704
v 0.0074699521 0.0036070331 -0.0121675705
v 0.0038619631 0.0040630093 -0.0121675705
v 0.0077889562 0.0042180400 -0.0121675705
v -0.0123439999 0.0136700189 -0.0121675712
v -0.0126839802 0.0140450516 0.0168323488
v -0.0140209701 0.0119430395 -0.0121675711
v -0.0144059602 0.0122710414 0.0168323489
v -0.0154579803 0.0100120288 -0.0121675709
v -0.0158829596 0.0102870412 0.0168323490
v -0.0166299902 0.0079100123 -0.0121675708
v -0.0170869809 0.0081270340 0.0168323492
v -0.0175179802 0.0056730490 -0.0121675706
v -0.0179999992 0.0058290370 0.0168323494
v -0.0181069896 0.0033390510 -0.0121675704
v -0.0186039805 0.0034310232 0.0168323496
v -0.0183849894 0.0009490671 -0.0121675703
v -0.0188909695 0.0009740693 0.0168323497
v -0.0183499996 -0.0014579299 -0.0121675701
v -0.0188539606 -0.0014988767 0.0168323499
v -0.0179999992 -0.0038388970 -0.0121675699
v -0.0184949599 -0.0039448716 0.0168323501
v -0.0173429791 -0.0061548948 -0.0121675697
v -0.0178200006 -0.0063238718 0.0168323503
v -0.0163890105 -0.0083639026 -0.0121675695
v -0.0168399792 -0.0085949289 0.0168323505
v -0.0151549503 -0.0104309311 -0.0121675694
v -0.0155720096 -0.0107179188 0.0168323506
v -0.0136619797 -0.0123178912 -0.0121675693
v -0.0140370103 -0.0126578786 0.0168323508
v -0.0119349901 -0.0139949312 -0.0121675691
v -0.0122630000 -0.0143799089 0.0168323509
v -0.0100039802 -0.0154318809 -0.0121675690
v -0.0102789896 -0.0158569185 0.0168323510
v -0.0079019656 -0.0166038805 -0.0121675689
v -0.0081189871 -0.0170609286 0.0168323511
v -0.0056650038 -0.0174919302 -0.0121675689
v -0.0058209891 -0.0179738893 0.0168323512
v -0.0033310051 -0.0180808911 -0.0121675688
v -0.0034229751 -0.0185779283 0.0168323512
v -0.0009410120 -0.0183588816 -0.0121675688
v -0.0009660120 -0.0188649191 0.0168323512
v 0.0014659760 -0.0183238918 -0.0121675688
v 0.0015069840 -0.0188279083 0.0168323512
v 0.0038469429 -0.0179738914 -0.0121675688
v 0.0039529800 -0.0184689096 0.0168323512
v 0.0061629410 -0.0173169309 -0.0121675689
v 0.0063319802 -0.0177938888 0.0168323512
v 0.0083719492 -0.0163629008 -0.0121675689
v 0.0086029759 -0.0168139289 0.0168323511
v 0.0104389703 -0.0151289105 -0.0121675690
v 0.0107259704 -0.0155458987 0.0168323510
v 0.0123259397 -0.0136359306 -0.0121675692
v 0.0126659796 -0.0140108984 0.0168323509
v 0.0140029704 -0.0119088814 -0.0121675693
v 0.0143879596 -0.0122368891 0.0168323507
v 0.0140029704 -0.0119088814 -0.0121675693
v 0.0143879596 -0.0122368891 0.0168323507
v 0.0154399797 -0.0099778781 -0.0121675694
v 0.0158649608 -0.0102528889 0.0168323506
v 0.0166119896 -0.0078759203 -0.0121675696
v 0.0170689803 -0.0080928790 0.0168323504
v 0.0174999796 -0.0056388979 -0.0121675698
v 0.0179819409 -0.0057948806 0.0168323503
v 0.0180889294 -0.0033048990 -0.0121675699
v 0.0185859706 -0.0033969268 0.0168323501
v 0.0183669906 -0.0009149329 -0.0121675701
v 0.0188729707 -0.0009399307 0.0168323499
v 0.0183319394 0.0014920221 -0.0121675703
v 0.0188359600 0.0015330323 0.0168323497
v 0.0179819409 0.0038730491 -0.0121675705
v 0.0184769593 0.0039790281 0.0168323495
v 0.0173249803 0.0061890469 -0.0121675706
v 0.0178019404 0.0063580283 0.0168323493
v 0.0163709503 0.0083980551 -0.0121675708
v 0.0168219805 0.0086290253 0.0168323492
v 0.0151369497 0.0104650194 -0.0121675710
v 0.0155539503 0.0107520217 0.0168323490
v 0.0136439800 0.0123520391 -0.0121675711
v 0.0140189501 0.0126920309 0.0168323489
v 0.0119169299 0.0140290195 -0.0121675712
v 0.0122449296 0.0144140714 0.0168323487
v 0.0099859834 0.0154660288 -0.0121675713
v 0.0102609303 0.0158910112 0.0168323486
v 0.0078839650 0.0166380396 -0.0121675714
v 0.0081009855 0.0170950213 0.0168323485
v 0.0056469440 0.0175260296 -0.0121675715
v 0.0058029890 0.0180080508 0.0168323485
v 0.0033129449 0.0181150390 -0.0121675715
v 0.0034049740 0.0186120210 0.0168323484
v 0.0009229880 0.0183930295 -0.0121675716
v 0.0009479880 0.0188990211 0.0168323484
v -0.0014839760 0.0183580490 -0.0121675716
v -0.0015249840 0.0188620606 0.0168323484
v -0.0038650029 0.0180080487 -0.0121675715
v -0.0039709802 0.0185030618 0.0168323484
v -0.0061810012 0.0173510285 -0.0121675715
v -0.0063499799 0.0178280411 0.0168323485
v -0.0083900094 0.0163970487 -0.0121675714
v -0.0086209774 0.0168480215 0.0168323485
v -0.0104569700 0.0151630594 -0.0121675713
v -0.0107439701 0.0155800510 0.0168323486
v 0.0165879708 -0.0111469012 -0.0131835892
v 0.0150579801 -0.0131388913 -0.0131835890
v 0.0042889710 -0.0036408909 -0.0131835897
v 0.0132899797 -0.0149239312 -0.0131835889
v 0.0033299320 -0.0045338870 -0.0131835897
v 0.0113129597 -0.0164729311 -0.0131835888
v 0.0091569424 -0.0177618815 -0.0131835887
v 0.0021899340 -0.0051808959 -0.0131835896
v 0.0068559642 -0.0187699116 -0.0131835886
v 0.0044469829 -0.0194829116 -0.0131835886
v 0.0009319880 -0.0055478821 -0.0131835896
v 0.0019679661 -0.0198879215 -0.0131835885
v -0.0003770120 -0.0056148768 -0.0131835896
v -0.0005420120 -0.0199779208 -0.0131835885
v -0.0030440090 -0.0197539302 -0.0131835885
v -0.0016660090 -0.0053789020 -0.0131835896
v -0.0054979920 -0.0192179001 -0.0131835886
v -0.0078650108 -0.0183779011 -0.0131835886
v -0.0028649559 -0.0048509250 -0.0131835897
v -0.0101089999 -0.0172479107 -0.0131835887
v -0.0083409538 -0.0046368838 -0.0131835897
v -0.0090379706 -0.0047729021 -0.0131835897
v -0.0121929599 -0.0158458902 -0.0131835888
v -0.0140849901 -0.0141938907 -0.0131835890
v -0.0097239614 -0.0045928960 -0.0131835897
v -0.0157549903 -0.0123178913 -0.0131835891
v -0.0171769802 -0.0102469307 -0.0131835893
v -0.0102649899 -0.0041329270 -0.0131835897
v -0.0183280092 -0.0080139051 -0.0131835894
v -0.0105519798 -0.0034838920 -0.0131835898
v -0.0191900097 -0.0056549321 -0.0131835896
v -0.0197499897 -0.0032058960 -0.0131835898
v -0.0105289798 -0.0027748950 -0.0131835898
v -0.0199980102 -0.0007069330 -0.0131835900
v -0.0102009699 -0.0021458870 -0.0131835899
v -0.0199309494 0.0018050660 -0.0131835902
v -0.0195499603 0.0042870631 -0.0131835903
v -0.0096319914 -0.0017219190 -0.0131835899
v -0.0188609902 0.0067030181 -0.0131835905
v -0.0178740006 0.0090130548 -0.0131835907
v -0.0166059695 0.0111810490 -0.0131835909
v -0.0047029848 0.0031520109 -0.0131835903
v -0.0052989721 0.0019850120 -0.0131835902
v -0.0089359870 -0.0015859010 -0.0131835899
v -0.0056099892 0.0007120670 -0.0131835901
v -0.0082499981 -0.0017659070 -0.0131835899
v -0.0056200018 -0.0005989330 -0.0131835900
v -0.0077089658 -0.0022258759 -0.0131835899
v -0.0053259730 -0.0018758780 -0.0131835899
v -0.0074219699 -0.0028749109 -0.0131835898
v -0.0047459598 -0.0030509241 -0.0131835898
v -0.0074449768 -0.0035839091 -0.0131835898
v -0.0039109578 -0.0040609250 -0.0131835897
v -0.0077729821 -0.0042129160 -0.0131835897
v -0.0150759798 0.0131730390 -0.0131835910
v -0.0038529630 0.0041500311 -0.0131835903
v -0.0133079803 0.0149580193 -0.0131835912
v -0.0113309603 0.0165070192 -0.0131835913
v -0.0027970071 0.0049250111 -0.0131835904
v -0.0091750016 0.0177960293 -0.0131835914
v -0.0068739648 0.0188040686 -0.0131835914
v -0.0015899530 0.0054350481 -0.0131835904
v -0.0044649830 0.0195170594 -0.0131835915
v -0.0002980120 0.0056540351 -0.0131835905
v -0.0019859669 0.0199220096 -0.0131835915
v 0.0005239880 0.0200120182 -0.0131835915
v 0.0010099410 0.0055690388 -0.0131835904
v 0.0030259490 0.0197880184 -0.0131835915
v 0.0054799309 0.0192520590 -0.0131835915
v 0.0022629490 0.0051840529 -0.0131835904
v 0.0078469506 0.0184120489 -0.0131835914
v 0.0100909397 0.0172820584 -0.0131835913
v 0.0121749602 0.0158800398 -0.0131835912
v 0.0090199700 0.0048070531 -0.0131835904
v 0.0083229542 0.0046710362 -0.0131835904
v 0.0033929341 0.0045210108 -0.0131835904
v 0.0077549811 0.0042470078 -0.0131835903
v 0.0043399329 0.0036150200 -0.0131835903
v 0.0074269772 0.0036180601 -0.0131835903
v 0.0050529828 0.0025150161 -0.0131835902
v 0.0074039688 0.0029090631 -0.0131835902
v 0.0054919710 0.0012800081 -0.0131835901
v 0.0076909661 0.0022600281 -0.0131835902
v 0.0082319370 0.0018000590 -0.0131835902
v 0.0140669299 0.0142280394 -0.0131835911
v 0.0097059598 0.0046270470 -0.0131835904
v 0.0157369301 0.0123520390 -0.0131835910
v 0.0171589796 0.0102810188 -0.0131835908
v 0.0102469902 0.0041670189 -0.0131835903
v 0.0183099508 0.0080480556 -0.0131835906
v 0.0105339801 0.0035180430 -0.0131835903
v 0.0191719495 0.0056890230 -0.0131835905
v 0.0197319295 0.0032400470 -0.0131835903
v 0.0105109802 0.0028090460 -0.0131835902
v 0.0199799500 0.0007410670 -0.0131835901
v 0.0101829702 0.0021800380 -0.0131835902
v 0.0199129507 -0.0017709140 -0.0131835899
v 0.0195319597 -0.0042529111 -0.0131835897
v 0.0096139312 0.0017560110 -0.0131835902
v 0.0188429300 -0.0066689258 -0.0131835895
v 0.0178559404 -0.0089789043 -0.0131835893
v 0.0050169821 -0.0025519140 -0.0131835898
v 0.0054739709 -0.0013229260 -0.0131835899
v 0.0089179873 0.0016200530 -0.0131835901
v 0.0056349630 -0.0000229329 -0.0131835900
v 0.0096139312 0.0017560110 -0.0131835902
v 0.0095959296 0.0017960650 -0.0121675703
v 0.0101829702 0.0021800380 -0.0131835902
v 0.0101489397 0.0022090662 -0.0121675703
v 0.0105109802 0.0028090460 -0.0131835902
v 0.0104679400 0.0028210271 -0.0121675704
v 0.0105339801 0.0035180430 -0.0131835903
v 0.0104899397 0.0035100561 -0.0121675704
v 0.0102469902 0.0041670189 -0.0131835903
v 0.0102109900 0.0041410313 -0.0121675705
v 0.0097059598 0.0046270470 -0.0131835904
v 0.0096859327 0.0045880661 -0.0121675705
v 0.0090199700 0.0048070531 -0.0131835904
v 0.0090179443 0.0047630649 -0.0121675705
v 0.0083229542 0.0046710362 -0.0131835904
v 0.0083409538 0.0046310411 -0.0121675705
v 0.0077549811 0.0042470078 -0.0131835903
v 0.0077889562 0.0042180400 -0.0121675705
v 0.0077549811 0.0042470078 -0.0131835903
v 0.0077889562 0.0042180400 -0.0121675705
v 0.0074269772 0.0036180601 -0.0131835903
v 0.0074699521 0.0036070331 -0.0121675705
v 0.0074039688 0.0029090631 -0.0131835902
v 0.0074479571 0.0029170502 -0.0121675704
v 0.0076909661 0.0022600281 -0.0131835902
v 0.0077269669 0.0022860151 -0.0121675704
v 0.0082319370 0.0018000590 -0.0131835902
v 0.0082519650 0.0018390401 -0.0121675703
v 0.0089179873 0.0016200530 -0.0131835901
v 0.0089189410 0.0016640411 -0.0121675703
v -0.0083409538 -0.0046368838 -0.0131835897
v -0.0083589554 -0.0045968899 -0.0121675698
v -0.0077729821 -0.0042129160 -0.0131835897
v -0.0078069558 -0.0041838889 -0.0121675699
v -0.0074449768 -0.0035839091 -0.0131835898
v -0.0074879518 -0.0035728819 -0.0121675699
v -0.0074219699 -0.0028749109 -0.0131835898
v -0.0074659581 -0.0028828978 -0.0121675700
v -0.0077089658 -0.0022258759 -0.0131835899
v -0.0077449670 -0.0022519240 -0.0121675700
v -0.0082499981 -0.0017659070 -0.0131835899
v -0.0082699647 -0.0018048889 -0.0121675700
v -0.0089359870 -0.0015859010 -0.0131835899
v -0.0089370012 -0.0016298899 -0.0121675701
v -0.0096319914 -0.0017219190 -0.0131835899
v -0.0096139899 -0.0017619139 -0.0121675700
v -0.0102009699 -0.0021458870 -0.0131835899
v -0.0101669999 -0.0021749139 -0.0121675700
v -0.0102009699 -0.0021458870 -0.0131835899
v -0.0101669999 -0.0021749139 -0.0121675700
v -0.0105289798 -0.0027748950 -0.0131835898
v -0.0104860002 -0.0027868750 -0.0121675700
v -0.0105519798 -0.0034838920 -0.0131835898
v -0.0105079999 -0.0034759049 -0.0121675699
v -0.0102649899 -0.0041329270 -0.0131835897
v -0.0102289896 -0.0041068797 -0.0121675699
v -0.0097239614 -0.0045928960 -0.0131835897
v -0.0097039929 -0.0045539150 -0.0121675698
v -0.0090379706 -0.0047729021 -0.0131835897
v -0.0090360036 -0.0047289138 -0.0121675698
v 0.0111549404 0.0166140118 0.0168323486
v 0.0122449296 0.0144140714 0.0168323487
v 0.0131469304 0.0150840211 0.0168323487
v 0.0140189501 0.0126920309 0.0168323489
v 0.0149319703 0.0133160310 0.0168323488
v 0.0155539503 0.0107520217 0.0168323490
v 0.0164809804 0.0113390613 0.0168323490
v 0.0177699905 0.0091830505 0.0168323491
v 0.0168219805 0.0086290253 0.0168323492
v 0.0187779609 0.0068820122 0.0168323493
v 0.0178019404 0.0063580283 0.0168323493
v 0.0194909498 0.0044730314 0.0168323495
v 0.0184769593 0.0039790281 0.0168323495
v 0.0198959708 0.0019940144 0.0168323497
v 0.0188359600 0.0015330323 0.0168323497
v 0.0199859701 -0.0005159307 0.0168323499
v 0.0188729707 -0.0009399307 0.0168323499
v 0.0197619703 -0.0030179006 0.0168323500
v 0.0185859706 -0.0033969268 0.0168323501
v 0.0192259494 -0.0054718839 0.0168323502
v 0.0179819409 -0.0057948806 0.0168323503
v 0.0183859393 -0.0078389027 0.0168323504
v 0.0170689803 -0.0080928790 0.0168323504
v 0.0172559600 -0.0100828983 0.0168323506
v 0.0158649608 -0.0102528889 0.0168323506
v 0.0158539396 -0.0121669086 0.0168323507
v 0.0143879596 -0.0122368891 0.0168323507
v 0.0142019298 -0.0140588783 0.0168323509
v 0.0126659796 -0.0140108984 0.0168323509
v 0.0123259397 -0.0157288896 0.0168323510
v 0.0107259704 -0.0155458987 0.0168323510
v 0.0102549698 -0.0171509279 0.0168323511
v 0.0086029759 -0.0168139289 0.0168323511
v 0.0080219498 -0.0183018992 0.0168323512
v 0.0063319802 -0.0177938888 0.0168323512
v 0.0056629772 -0.0191638979 0.0168323513
v 0.0039529800 -0.0184689096 0.0168323512
v 0.0032139421 -0.0197238891 0.0168323513
v 0.0015069840 -0.0188279083 0.0168323512
v 0.0007149880 -0.0199718984 0.0168323513
v -0.0009660120 -0.0188649191 0.0168323512
v -0.0017969600 -0.0199049084 0.0168323513
v -0.0034229751 -0.0185779283 0.0168323512
v -0.0042789569 -0.0195239080 0.0168323513
v -0.0058209891 -0.0179738893 0.0168323512
v -0.0066949720 -0.0188348784 0.0168323512
v -0.0081189871 -0.0170609286 0.0168323511
v -0.0090050101 -0.0178478888 0.0168323512
v -0.0102789896 -0.0158569185 0.0168323510
v -0.0111729996 -0.0165799192 0.0168323511
v -0.0122630000 -0.0143799089 0.0168323509
v -0.0131649897 -0.0150499285 0.0168323510
v -0.0140370103 -0.0126578786 0.0168323508
v -0.0149499699 -0.0132818787 0.0168323508
v -0.0155720096 -0.0107179188 0.0168323506
v -0.0164989792 -0.0113049090 0.0168323507
v -0.0177879892 -0.0091488935 0.0168323505
v -0.0168399792 -0.0085949289 0.0168323505
v -0.0187959597 -0.0068479168 0.0168323503
v -0.0178200006 -0.0063238718 0.0168323503
v -0.0195090100 -0.0044388758 0.0168323502
v -0.0184949599 -0.0039448716 0.0168323501
v -0.0199139696 -0.0019599177 0.0168323500
v -0.0188539606 -0.0014988767 0.0168323499
v -0.0200039707 0.0005500693 0.0168323498
v -0.0188909695 0.0009740693 0.0168323497
v -0.0197799802 0.0030520562 0.0168323496
v -0.0186039805 0.0034310232 0.0168323496
v -0.0192440096 0.0055060395 0.0168323494
v -0.0179999992 0.0058290370 0.0168323494
v -0.0184039995 0.0078730596 0.0168323492
v -0.0170869809 0.0081270340 0.0168323492
v -0.0172739606 0.0101170515 0.0168323491
v -0.0158829596 0.0102870412 0.0168323490
v -0.0158719998 0.0122010711 0.0168323489
v -0.0144059602 0.0122710414 0.0168323489
v -0.0142199900 0.0140930408 0.0168323488
v -0.0126839802 0.0140450516 0.0168323488
v -0.0123439999 0.0157630419 0.0168323486
v -0.0107439701 0.0155800510 0.0168323486
v -0.0102729704 0.0171850318 0.0168323485
v -0.0086209774 0.0168480215 0.0168323485
v -0.0080400100 0.0183360515 0.0168323484
v -0.0063499799 0.0178280411 0.0168323485
v -0.0056809778 0.0191980613 0.0168323484
v -0.0039709802 0.0185030618 0.0168323484
v -0.0032320020 0.0197580414 0.0168323483
v -0.0015249840 0.0188620606 0.0168323484
v -0.0007330120 0.0200060619 0.0168323483
v 0.0009479880 0.0188990211 0.0168323484
v 0.0017789600 0.0199390607 0.0168323483
v 0.0034049740 0.0186120210 0.0168323484
v 0.0042609568 0.0195580715 0.0168323483
v 0.0058029890 0.0180080508 0.0168323485
v 0.0066769710 0.0188690418 0.0168323484
v 0.0081009855 0.0170950213 0.0168323485
v 0.0089869490 0.0178820410 0.0168323485
v 0.0102609303 0.0158910112 0.0168323486
v -0.0079529881 0.0187310506 0.0052283387
v -0.0093069673 0.0195140209 0.0051033477
v -0.0080249896 0.0187010099 0.0053793178
v -0.0080969920 0.0186720401 0.0055313688
v -0.0081679821 0.0186420609 0.0056823478
v -0.0095179668 0.0194160309 0.0055563426
v -0.0107009998 0.0202080611 0.0049403285
v -0.0108989999 0.0200970102 0.0053933243
v -0.0121349599 0.0208130408 0.0047383283
v -0.0123109799 0.0206890706 0.0051933502
v -0.0135949804 0.0213270098 0.0045013402
v -0.0137519799 0.0211930204 0.0049573754
v -0.0150679899 0.0217490106 0.0042313312
v -0.0152209904 0.0216120411 0.0046883204
v -0.0165529791 0.0220840502 0.0039313414
v -0.0167179704 0.0219470210 0.0043843363
v -0.0180500094 0.0223340302 0.0036013703
v -0.0182269793 0.0221970606 0.0040513251
v -0.0195569899 0.0225040300 0.0032443383
v -0.0197399799 0.0223650302 0.0036923263
v -0.0225899797 0.0226140602 0.0024523713
v -0.0227469802 0.0224700498 0.0029053664
v -0.0255879704 0.0224380401 0.0015803553
v -0.0257059895 0.0222950505 0.0020443184
v -0.0286219697 0.0218660199 0.0011163334
v -0.0285269599 0.0220050198 0.0006443754
v -0.0314939618 0.0211860500 0.0001213754
v -0.0314069912 0.0213190298 -0.0003536236
v -0.0362010002 0.0095310207 -0.0053386099
v -0.0309699699 0.0079200255 -0.0044155718
v -0.0363270007 0.0093870159 -0.0048766139
v -0.0309590101 0.0077330467 -0.0039296156
v -0.0257529598 0.0062490098 -0.0035156014
v -0.0256059691 0.0060160158 -0.0030075905
v -0.0202589594 0.0043000568 -0.0022795793
v -0.0202699807 0.0042370547 -0.0021085733
v -0.0202479903 0.0043630589 -0.0024505852
v -0.0205519702 0.0045190447 -0.0026385783
v -0.0204479601 0.0044850109 -0.0026245714
v -0.0203430001 0.0044540160 -0.0026195644
v -0.0202369597 0.0044260619 -0.0026205774
v -0.0369049907 0.0095210668 -0.0049915908
v -0.0368729793 0.0096420632 -0.0053476098
v -0.0367119908 0.0094770189 -0.0049526098
v -0.0362010002 0.0095310207 -0.0053386099
v -0.0365189910 0.0094320165 -0.0049145816
v -0.0363270007 0.0093870159 -0.0048766139
v -0.0368679687 0.0096560117 -0.0053886178
v -0.0368609987 0.0096690641 -0.0054286130
v -0.0368519984 0.0096820589 -0.0054686067
v -0.0360099599 0.0124890196 -0.0037056210
v -0.0368729793 0.0096420632 -0.0053476098
v -0.0369129702 0.0094890591 -0.0048645737
v -0.0369049907 0.0095210668 -0.0049915908
v -0.0369079709 0.0095080124 -0.0049495695
v -0.0359569713 0.0126400494 -0.0041865711
v -0.0348629914 0.0154050494 -0.0025075681
v -0.0347979590 0.0155520400 -0.0029866102
v -0.0334810019 0.0182170196 -0.0012785804
v -0.0334029682 0.0183590593 -0.0017555964
v -0.0318719707 0.0209060293 -0.0000266235
v -0.0317829810 0.0210420396 -0.0005016236
v -0.0369110107 0.0094970452 -0.0049076087
v -0.0363869593 0.0097020256 -0.0040045979
v -0.0367519818 0.0095230338 -0.0043615697
v -0.0364120007 0.0095210668 -0.0041735766
v -0.0367389917 0.0095120656 -0.0043755768
v -0.0364089608 0.0094000685 -0.0043916109
v -0.0367000103 0.0094300496 -0.0046656139
v -0.0363799892 0.0093540536 -0.0046346185
v -0.0365189910 0.0094320165 -0.0049145816
v -0.0363270007 0.0093870159 -0.0048766139
v -0.0368719585 0.0094790446 -0.0045995719
v -0.0369129702 0.0094890591 -0.0048645737
v -0.0369110107 0.0094970452 -0.0049076087
v -0.0369079709 0.0095080124 -0.0049495695
v -0.0367119908 0.0094770189 -0.0049526098
v -0.0369049907 0.0095210668 -0.0049915908
v -0.0361829884 0.0098050224 -0.0038955808
v -0.0353029892 0.0125530295 -0.0027976039
v -0.0363869593 0.0097020256 -0.0040045979
v -0.0360149704 0.0112150300 -0.0034565929
v -0.0367519818 0.0095230338 -0.0043615697
v -0.0361989699 0.0113380493 -0.0036165718
v -0.0363050103 0.0114590495 -0.0038375858
v -0.0354999788 0.0133560195 -0.0028015979
v -0.0356009603 0.0134870398 -0.0030245791
v -0.0347779915 0.0151270598 -0.0020576122
v -0.0348739587 0.0152660597 -0.0022816071
v -0.0338500105 0.0170930604 -0.0011965643
v -0.0339409709 0.0172410606 -0.0014235983
v -0.0328099690 0.0190020203 -0.0003236234
v -0.0328949615 0.0191600304 -0.0005516235
v -0.0318689905 0.0207390096 0.0003103764
v -0.0318719707 0.0209060293 -0.0000266235
v -0.0353180096 0.0132210197 -0.0026416190
v -0.0342139602 0.0152250499 -0.0016676192
v -0.0345989987 0.0149790597 -0.0018985872
v -0.0336750112 0.0169320702 -0.0010386113
v -0.0329219587 0.0178060494 -0.0005096233
v -0.0326399803 0.0188290402 -0.0001666234
v -0.0314339884 0.0202780292 0.0006663765
v -0.0317099616 0.0205100105 0.0005623764
v -0.0334810019 0.0182170196 -0.0012785804
v -0.0348629914 0.0154050494 -0.0025075681
v -0.0360099599 0.0124890196 -0.0037056210
v -0.0369129702 0.0094890591 -0.0048645737
v -0.0368719585 0.0094790446 -0.0045995719
v -0.0112979999 0.0165290204 0.0058723666
v -0.0096009960 0.0175700100 0.0066893679
v -0.0108339703 0.0169070312 0.0058033449
v -0.0095349550 0.0176820108 0.0064003445
v -0.0108549502 0.0171200600 0.0055563428
v -0.0095439553 0.0178920613 0.0061633569
v -0.0096279969 0.0181620703 0.0060193516
v -0.0109599801 0.0173900709 0.0054073316
v -0.0097720018 0.0184440599 0.0059963446
v -0.0115320003 0.0173650295 0.0051793438
v -0.0124120098 0.0163620695 0.0046893337
v -0.0131769702 0.0161160197 0.0043423760
v -0.0137689700 0.0152130707 0.0039583428
v -0.0146889603 0.0147100606 0.0034913410
v -0.0148620000 0.0141240305 0.0033193220
v -0.0160539709 0.0131610606 0.0026363720
v -0.0160160009 0.0127690399 0.0025793300
v -0.0172589999 0.0114840205 0.0017843231
v -0.0169819500 0.0112540705 0.0018893472
v -0.0158599596 0.0125660302 0.0027353749
v -0.0168209597 0.0110270299 0.0021413552
v -0.0157899801 0.0123910301 0.0029673560
v -0.0168169700 0.0108610300 0.0024773461
v -0.0156559907 0.0124770405 0.0033293350
v -0.0146579696 0.0137150207 0.0037093739
v -0.0143409902 0.0139710301 0.0041843638
v -0.0135869896 0.0147800402 0.0043503631
v -0.0128830001 0.0153260207 0.0050353387
v -0.0122569697 0.0159040600 0.0050823667
v -0.0122910095 0.0161080308 0.0048403718
v -0.0136349704 0.0149750703 0.0041103347
v -0.0147159602 0.0139020600 0.0034733399
v -0.0081679821 0.0186420609 0.0056823478
v -0.0095179668 0.0194160309 0.0055563426
v -0.0082969656 0.0186270405 0.0058223586
v -0.0094599724 0.0192120601 0.0058073387
v -0.0085039726 0.0186060597 0.0059493766
v -0.0095930090 0.0190000501 0.0059803705
v -0.0089179873 0.0185600505 0.0060683466
v -0.0097399950 0.0187400510 0.0060403324
v -0.0093489876 0.0185050298 0.0060793734
v -0.0097720018 0.0184440599 0.0059963446
v -0.0110509899 0.0190950599 0.0058503723
v -0.0109440004 0.0193500505 0.0059023476
v -0.0121759698 0.0198900611 0.0057353353
v -0.0120569998 0.0201620408 0.0056723336
v -0.0133299800 0.0206400104 0.0054743265
v -0.0132229896 0.0208640605 0.0052973603
v -0.0146899801 0.0213210512 0.0050403455
v -0.0137519799 0.0211930204 0.0049573754
v -0.0152209904 0.0216120411 0.0046883204
v -0.0106869899 0.0198330213 0.0056673264
v -0.0108989999 0.0200970102 0.0053933243
v -0.0119419601 0.0203830511 0.0054973344
v -0.0123109799 0.0206890706 0.0051933502
v -0.0161910001 0.0216940608 0.0047483423
v -0.0167179704 0.0219470210 0.0043843363
v -0.0177109800 0.0219800401 0.0044233182
v -0.0182269793 0.0221970606 0.0040513251
v -0.0192359593 0.0221810307 0.0040703394
v -0.0197399799 0.0223650302 0.0036923263
v -0.0207589809 0.0223000611 0.0036933403
v -0.0227469802 0.0224700498 0.0029053664
v -0.0222699605 0.0223420209 0.0032943463
v -0.0252500102 0.0222150611 0.0024423573
v -0.0223219898 0.0221090301 0.0034823394
v -0.0252879802 0.0219820703 0.0026353574
v -0.0223459601 0.0218180402 0.0035663224
v -0.0252889898 0.0216920303 0.0027253604
v -0.0233649593 0.0215250200 0.0032543524
v -0.0260930005 0.0213290399 0.0024493314
v -0.0284259897 0.0212670510 0.0017373543
v -0.0287829600 0.0209130609 0.0015873294
v -0.0314339884 0.0202780292 0.0006663765
v -0.0315329991 0.0206530598 0.0006483754
v -0.0284469705 0.0215540492 0.0016403174
v -0.0315549895 0.0209850595 0.0004483764
v -0.0284239594 0.0217850209 0.0014433244
v -0.0314939618 0.0211860500 0.0001213754
v -0.0286219697 0.0218660199 0.0011163334
v -0.0257059895 0.0222950505 0.0020443184
v -0.0205969792 0.0214820507 0.0039943436
v -0.0208550002 0.0217760208 0.0039593552
v -0.0208190009 0.0220670703 0.0038793664
v -0.0193529706 0.0216580595 0.0043313482
v -0.0178020000 0.0211710300 0.0046593526
v -0.0178509895 0.0214610606 0.0046793202
v -0.0163549706 0.0211790208 0.0049993375
v -0.0177879892 0.0217490107 0.0046053503
v -0.0162779596 0.0214650597 0.0049283484
v -0.0150370002 0.0205680695 0.0052243456
v -0.0148779703 0.0208120313 0.0052863334
v -0.0147869503 0.0210940209 0.0052193383
v -0.0136839701 0.0201550708 0.0054643735
v -0.0134359496 0.0203620106 0.0055393557
v -0.0123559805 0.0196640403 0.0056733465
v -0.0193039700 0.0219490494 0.0042543395
v -0.0108109703 0.0196160604 0.0058413725
v -0.0364120007 0.0095210668 -0.0041735766
v -0.0347549915 0.0090120423 -0.0038865807
v -0.0363869593 0.0097020256 -0.0040045979
v -0.0347099900 0.0092940328 -0.0036556127
v -0.0361829884 0.0098050224 -0.0038955808
v -0.0330519602 0.0087840545 -0.0033636097
v -0.0313969813 0.0082680581 -0.0030735737
v -0.0314449593 0.0079870222 -0.0033046006
v -0.0297920108 0.0074660180 -0.0030165916
v -0.0297799706 0.0073180187 -0.0033525825
v -0.0281299893 0.0067910550 -0.0030676125
v -0.0256059691 0.0060160158 -0.0030075905
v -0.0264809709 0.0062580097 -0.0027846096
v -0.0202699807 0.0042370547 -0.0021085733
v -0.0248329602 0.0057190650 -0.0025035734
v -0.0229539797 0.0050960177 -0.0021865963
v -0.0248419605 0.0058660496 -0.0021675825
v -0.0229609609 0.0052420491 -0.0018495914
v -0.0247889701 0.0061450599 -0.0019356015
v -0.0229069497 0.0055220117 -0.0016176104
v -0.0281229597 0.0072940577 -0.0024825936
v -0.0200999901 0.0046390290 -0.0011246203
v -0.0210279804 0.0048900241 -0.0013025993
v -0.0201439802 0.0043870210 -0.0012806053
v -0.0210829899 0.0046120280 -0.0015345813
v -0.0201869607 0.0042220348 -0.0015255803
v -0.0210759602 0.0044660558 -0.0018715854
v -0.0202299897 0.0041720270 -0.0018175844
v -0.0364089608 0.0094000685 -0.0043916109
v -0.0347409807 0.0088630306 -0.0042225716
v -0.0330859981 0.0083540666 -0.0039305689
v -0.0309590101 0.0077330467 -0.0039296156
v -0.0314319693 0.0078390238 -0.0036405927
v -0.0363799892 0.0093540536 -0.0046346185
v -0.0363270007 0.0093870159 -0.0048766139
v -0.0297430102 0.0077460397 -0.0027855636
v -0.0280900002 0.0072180618 -0.0024995805
v -0.0264390092 0.0066850179 -0.0022165776
v -0.0264899693 0.0064050549 -0.0024486184
v -0.0330989882 0.0085020659 -0.0035945777
v -0.0281399991 0.0069380396 -0.0027316216
v -0.0179919600 0.0087770225 0.0014713393
v -0.0168169700 0.0108610300 0.0024773461
v -0.0177139603 0.0094260575 0.0014803393
v -0.0168209597 0.0110270299 0.0021413552
v -0.0178039595 0.0095760218 0.0012533653
v -0.0169819500 0.0112540705 0.0018893472
v -0.0179769900 0.0097390414 0.0010953532
v -0.0172589999 0.0114840205 0.0017843231
v -0.0184769593 0.0093210331 0.0007783773
v -0.0187599603 0.0080810180 0.0003633774
v -0.0194289591 0.0070290561 -0.0001966225
v -0.0193979703 0.0063460460 -0.0003536225
v -0.0200999901 0.0046390290 -0.0011246203
v -0.0198029801 0.0045260190 -0.0009946224
v -0.0192139708 0.0062240362 -0.0001936225
v -0.0196079593 0.0043920269 -0.0007456223
v -0.0191079900 0.0061040521 0.0000273776
v -0.0195549708 0.0042640562 -0.0004316223
v -0.0189089701 0.0065670601 0.0004963775
v -0.0184819605 0.0078030220 0.0007453764
v -0.0185809694 0.0079390398 0.0005223774
v -0.0093489876 0.0185050298 0.0060793734
v -0.0097720018 0.0184440599 0.0059963446
v -0.0094450107 0.0182170202 0.0060903407
v -0.0096279969 0.0181620703 0.0060193516
v -0.0093529820 0.0179650099 0.0062503196
v -0.0095439553 0.0178920613 0.0061633569
v -0.0093289614 0.0178610613 0.0063693505
v -0.0095349550 0.0176820108 0.0064003445
v -0.0093209743 0.0177820311 0.0065033418
v -0.0093299737 0.0177300503 0.0066423398
v -0.0090119829 0.0178920613 0.0067003347
v -0.0090360036 0.0178670199 0.0068293196
v -0.0086869588 0.0180500099 0.0066883546
v -0.0084539652 0.0181490113 0.0067563635
v -0.0083659878 0.0182000310 0.0066043716
v -0.0079219928 0.0183880297 0.0064643608
v -0.0080649853 0.0183330109 0.0064473725
v -0.0078069558 0.0184440599 0.0062193256
v -0.0081250072 0.0183310514 0.0063593364
v -0.0078780046 0.0184340407 0.0061533437
v -0.0081899762 0.0183440396 0.0062733274
v -0.0079529881 0.0184360114 0.0060893274
v -0.0080299973 0.0184520413 0.0060273386
v -0.0077480068 0.0185050298 0.0058563338
v -0.0079659810 0.0185370412 0.0057593565
v -0.0096009960 0.0175700100 0.0066893679
v -0.0075379610 0.0185480700 0.0059653507
v -0.0081809750 0.0185190406 0.0059193354
v -0.0081679821 0.0186420609 0.0056823478
v -0.0082969656 0.0186270405 0.0058223586
v -0.0085039726 0.0186060597 0.0059493766
v -0.0083959689 0.0184670598 0.0060533267
v -0.0082579851 0.0183710405 0.0061913706
v -0.0085239997 0.0182750211 0.0062953215
v -0.0084649920 0.0182330613 0.0063923574
v -0.0087569952 0.0181110506 0.0064463597
v -0.0084120026 0.0182070700 0.0064973217
v -0.0087179542 0.0180700408 0.0065653306
v -0.0086469650 0.0184070398 0.0061363555
v -0.0089179873 0.0185600505 0.0060683466
v -0.0089150071 0.0183420111 0.0061673508
v -0.0091840019 0.0182780609 0.0061513768
v -0.0090839863 0.0180670605 0.0063213688
v -0.0088049760 0.0181720206 0.0063373428
v -0.0090479851 0.0179860504 0.0064373594
v -0.0090239644 0.0179270511 0.0065663439
v -0.0196079593 0.0043920269 -0.0007456223
v -0.0196269695 0.0041290521 -0.0007796223
v -0.0195549708 0.0042640562 -0.0004316223
v -0.0196669605 0.0039300317 -0.0009456223
v -0.0196539704 0.0037820329 -0.0007446223
v -0.0196979605 0.0037720200 -0.0011525753
v -0.0197129808 0.0034590358 -0.0012245772
v -0.0197200105 0.0036600229 -0.0013936162
v -0.0197339598 0.0033380379 -0.0017935633
v -0.0197349694 0.0035930268 -0.0018385643
v -0.0197179895 0.0034310218 -0.0023705953
v -0.0197489802 0.0037740458 -0.0022466183
v -0.0197699592 0.0037230250 -0.0018376112
v -0.0198299792 0.0038470618 -0.0018365973
v -0.0197539907 0.0037790529 -0.0014345643
v -0.0198099595 0.0038940309 -0.0014736053
v -0.0197319891 0.0038800229 -0.0012176033
v -0.0197889805 0.0039830198 -0.0012766123
v -0.0197029691 0.0040230150 -0.0010296104
v -0.0197609607 0.0041120638 -0.0011085863
v -0.0196660105 0.0042020669 -0.0008806223
v -0.0197279993 0.0042740101 -0.0009746223
v -0.0198029801 0.0045260190 -0.0009946224
v -0.0200999901 0.0046390290 -0.0011246203
v -0.0199059807 0.0044040670 -0.0011196133
v -0.0198090002 0.0043430318 -0.0010545844
v -0.0198389795 0.0041950339 -0.0011755823
v -0.0198649708 0.0040780300 -0.0013285873
v -0.0198860094 0.0039980410 -0.0015065673
v -0.0199109893 0.0039580458 -0.0018365973
v -0.0199489500 0.0040660499 -0.0021516083
v -0.0201439802 0.0043870210 -0.0012806053
v -0.0199329797 0.0042680501 -0.0012295843
v -0.0201869607 0.0042220348 -0.0015255803
v -0.0199570004 0.0041600460 -0.0013695953
v -0.0199790001 0.0040860170 -0.0015335673
v -0.0202299897 0.0041720270 -0.0018175844
v -0.0200089794 0.0040510291 -0.0018355842
v -0.0202699807 0.0042370547 -0.0021085733
v -0.0081679821 0.0186420609 0.0056823478
v -0.0079659810 0.0185370412 0.0057593565
v -0.0080969920 0.0186720401 0.0055313688
v -0.0077520008 0.0185550400 0.0055783377
v -0.0077529540 0.0186250195 0.0053043347
v -0.0075370069 0.0185910412 0.0054023247
v -0.0073980088 0.0186050501 0.0056623206
v -0.0073279729 0.0186320510 0.0055103288
v -0.0077480068 0.0185050298 0.0058563338
v -0.0075379610 0.0185480700 0.0059653507
v -0.0074679852 0.0185770304 0.0058133588
v -0.0079529881 0.0187310506 0.0052283387
v -0.0080249896 0.0187010099 0.0053793178
v -0.0087310066 0.0187180604 0.0042003374
v -0.0100349700 0.0194220509 0.0040643196
v -0.0083839893 0.0187390394 0.0043383227
v -0.0097929826 0.0195650406 0.0042323455
v -0.0080779791 0.0187490511 0.0045523625
v -0.0097360006 0.0197320509 0.0044803595
v -0.0079569807 0.0187490512 0.0046963678
v -0.0078819990 0.0187470302 0.0048683267
v -0.0097349882 0.0197990503 0.0047773695
v -0.0078789592 0.0187400509 0.0050563197
v -0.0093069673 0.0195140209 0.0051033477
v -0.0079529881 0.0187310506 0.0052283387
v -0.0113759600 0.0200430102 0.0038933734
v -0.0117110005 0.0204410500 0.0039833163
v -0.0116750002 0.0206170607 0.0042283515
v -0.0116879903 0.0206910301 0.0045233344
v -0.0107009998 0.0202080611 0.0049403285
v -0.0121349599 0.0208130408 0.0047383283
v -0.0137050096 0.0214110597 0.0041983703
v -0.0135949804 0.0213270098 0.0045013402
v -0.0150679899 0.0217490106 0.0042313312
v -0.0157449804 0.0219570308 0.0038133242
v -0.0165529791 0.0220840502 0.0039313414
v -0.0178030096 0.0223380311 0.0033713553
v -0.0180500094 0.0223340302 0.0036013703
v -0.0195569899 0.0225040300 0.0032443383
v -0.0198810101 0.0225650596 0.0028763394
v -0.0219599605 0.0226460604 0.0023343544
v -0.0218849704 0.0225590394 0.0020533182
v -0.0239250008 0.0225030110 0.0014793253
v -0.0238499604 0.0223080498 0.0012583713
v -0.0256850105 0.0221490209 0.0007093763
v -0.0254809801 0.0219180491 0.0006353763
v -0.0274999700 0.0218920708 0.0001343763
v -0.0282469895 0.0214960500 -0.0002496236
v -0.0292969905 0.0215370599 -0.0004656236
v -0.0309689604 0.0208440403 -0.0011945976
v -0.0311189797 0.0211610104 -0.0010275856
v -0.0127490098 0.0205810594 0.0036873204
v -0.0136929704 0.0211490302 0.0036643723
v -0.0136780096 0.0213330298 0.0039063676
v -0.0141389901 0.0210330396 0.0034493185
v -0.0156989601 0.0216850604 0.0032843333
v -0.0157049801 0.0218740704 0.0035233474
v -0.0155400001 0.0214010405 0.0031823493
v -0.0169519708 0.0216890501 0.0028873663
v -0.0177260004 0.0220610408 0.0028493383
v -0.0198069792 0.0220390504 0.0022193174
v -0.0197730009 0.0222840311 0.0023613553
v -0.0218240004 0.0223640205 0.0018273573
v -0.0198159795 0.0224790501 0.0025913694
v -0.0226680003 0.0221060497 0.0014603714
v -0.0294110104 0.0217270199 -0.0002576237
v -0.0312789604 0.0213350597 -0.0007206236
v -0.0295230094 0.0218090396 0.0000133759
v -0.0314069912 0.0213190298 -0.0003536236
v -0.0285269599 0.0220050198 0.0006443754
v -0.0277050100 0.0221680403 0.0006203763
v -0.0255879704 0.0224380401 0.0015803553
v -0.0258690100 0.0224290398 0.0012023423
v -0.0240110103 0.0225900394 0.0017583353
v -0.0257740002 0.0223430303 0.0009263763
v -0.0225899797 0.0226140602 0.0024523713
v -0.0276020095 0.0220840499 0.0003473763
v -0.0177509692 0.0222530311 0.0030833464
v -0.0202589594 0.0043000568 -0.0022795793
v -0.0201259796 0.0043960207 -0.0026496054
v -0.0202699807 0.0042370547 -0.0021085733
v -0.0200239997 0.0043650258 -0.0027136203
v -0.0199489500 0.0040660499 -0.0021516083
v -0.0198729597 0.0043110249 -0.0028935674
v -0.0196930096 0.0042250149 -0.0033316012
v -0.0202479903 0.0043630589 -0.0024505852
v -0.0202369597 0.0044260619 -0.0026205774
v -0.0195889995 0.0041080105 -0.0042805675
v -0.0196570102 0.0040240276 -0.0032355784
v -0.0197489802 0.0037740458 -0.0022466183
v -0.0196339991 0.0038830628 -0.0036435724
v -0.0196769796 0.0036570418 -0.0030075903
v -0.0197179895 0.0034310218 -0.0023705953
v -0.0079529881 0.0187310506 0.0052283387
v -0.0077529540 0.0186250195 0.0053043347
v -0.0078789592 0.0187400509 0.0050563197
v -0.0077179670 0.0186710305 0.0049163676
v -0.0078819990 0.0187470302 0.0048683267
v -0.0079569807 0.0187490512 0.0046963678
v -0.0078709722 0.0186490401 0.0045543294
v -0.0080779791 0.0187490511 0.0045523625
v -0.0081959963 0.0185890108 0.0042813406
v -0.0083839893 0.0187390394 0.0043383227
v -0.0085560083 0.0184430409 0.0040743337
v -0.0087310066 0.0187180604 0.0042003374
v -0.0075460072 0.0186340198 0.0049093347
v -0.0075370069 0.0185910412 0.0054023247
v -0.0073699951 0.0186380096 0.0049023605
v -0.0073279729 0.0186320510 0.0055103288
v -0.0072039962 0.0186800308 0.0049003344
v -0.0073649879 0.0186180401 0.0042983275
v -0.0075299731 0.0185780510 0.0043833237
v -0.0077019921 0.0185890108 0.0044753537
v -0.0077399611 0.0184650405 0.0038203576
v -0.0078830123 0.0184400606 0.0039863568
v -0.0080400100 0.0184830412 0.0041503296
v -0.0082339644 0.0182500410 0.0035073736
v -0.0083769551 0.0182750209 0.0038253647
v -0.0083769551 0.0182750209 0.0038253647
v -0.0082339644 0.0182500410 0.0035073736
v -0.0095390081 0.0176540597 0.0032133447
v -0.0103169596 0.0171590393 0.0025653228
v -0.0107029602 0.0169750398 0.0026703457
v -0.0122579904 0.0158310497 0.0015863758
v -0.0121049797 0.0160080103 0.0019683227
v -0.0134199802 0.0149250600 0.0012543189
v -0.0122699700 0.0160730408 0.0021963699
v -0.0135949804 0.0149790599 0.0014843329
v -0.0124599896 0.0162210410 0.0023533687
v -0.0138039496 0.0151170400 0.0016413318
v -0.0126259904 0.0164210202 0.0024223308
v -0.0143619701 0.0149680303 0.0014963729
v -0.0150489798 0.0139030200 0.0009203770
v -0.0159299895 0.0133350399 0.0005593760
v -0.0161870103 0.0125880204 0.0001983770
v -0.0173109695 0.0115400497 -0.0003766229
v -0.0173469707 0.0109700495 -0.0006246228
v -0.0184879806 0.0096060633 -0.0013005737
v -0.0183019601 0.0093300342 -0.0013995767
v -0.0191019699 0.0076090086 -0.0021566156
v -0.0188120008 0.0075520266 -0.0023046135
v -0.0194370095 0.0057860606 -0.0030356045
v -0.0192170106 0.0058190219 -0.0032885675
v -0.0195699893 0.0047720668 -0.0035865904
v -0.0195889995 0.0041080105 -0.0042805675
v -0.0189729892 0.0063770406 -0.0033715966
v -0.0185969993 0.0075690148 -0.0025535825
v -0.0180959702 0.0085590480 -0.0024175646
v -0.0178169608 0.0092540382 -0.0017935637
v -0.0169680100 0.0106230303 -0.0014305718
v -0.0168830100 0.0108610298 -0.0010175708
v -0.0156059796 0.0125400396 -0.0004246230
v -0.0157499891 0.0124460403 -0.0001916229
v -0.0146380002 0.0137350504 0.0005323769
v -0.0148229497 0.0137770102 0.0007653770
v -0.0140289599 0.0142840101 0.0005853769
v -0.0196889602 0.0051070449 -0.0032625794
v -0.0198159795 0.0052600496 -0.0031285884
v -0.0197379496 0.0058210490 -0.0028895735
v -0.0199130103 0.0053260319 -0.0030795934
v -0.0200189892 0.0053670399 -0.0030605795
v -0.0194469597 0.0075560210 -0.0022016166
v -0.0200719796 0.0053810466 -0.0030595664
v -0.0201249700 0.0053960679 -0.0030626053
v -0.0201769993 0.0054130547 -0.0030695793
v -0.0110269701 0.0172080307 0.0030533656
v -0.0107409898 0.0176750405 0.0033273677
v -0.0098379850 0.0178990311 0.0035953506
v -0.0087310066 0.0187180604 0.0042003374
v -0.0085560083 0.0184430409 0.0040743337
v -0.0096809864 0.0177370294 0.0034353717
v -0.0180270001 0.0092530249 -0.0015485887
v -0.0170869809 0.0108760502 -0.0007766228
v -0.0159440003 0.0124760196 0.0000443766
v -0.0108549502 0.0170510395 0.0028953537
v -0.0200929604 0.0050880306 -0.0031076073
v -0.0200189892 0.0053670399 -0.0030605795
v -0.0199749991 0.0050510156 -0.0031325814
v -0.0199130103 0.0053260319 -0.0030795934
v -0.0198159795 0.0052600496 -0.0031285884
v -0.0196889602 0.0051070449 -0.0032625794
v -0.0197600108 0.0048460357 -0.0033125874
v -0.0200589802 0.0047790397 -0.0030626053
v -0.0198320094 0.0046460617 -0.0032415983
v -0.0200929604 0.0045410388 -0.0028966063
v -0.0198500101 0.0044510358 -0.0031315683
v -0.0201259796 0.0043960207 -0.0026496054
v -0.0200239997 0.0043650258 -0.0027136203
v -0.0198729597 0.0043110249 -0.0028935674
v -0.0196930096 0.0042250149 -0.0033316012
v -0.0196679793 0.0043200247 -0.0035355683
v -0.0195979998 0.0042130348 -0.0038965944
v -0.0195879899 0.0042740099 -0.0039246086
v -0.0195889995 0.0041080105 -0.0042805675
v -0.0195699893 0.0047720668 -0.0035865904
v -0.0196149908 0.0045610659 -0.0036455983
v -0.0196529608 0.0044420359 -0.0035945774
v -0.0195719507 0.0043340318 -0.0039516095
v -0.0195889995 0.0041080105 -0.0042805675
v -0.0202369597 0.0044260619 -0.0026205774
v -0.0202109795 0.0045780528 -0.0028696064
v -0.0201599505 0.0048100350 -0.0030406114
v -0.0195889995 0.0041080105 -0.0042805675
v -0.0195889995 0.0041080105 -0.0042805675
v -0.0200189892 0.0053670399 -0.0030605795
v -0.0200929604 0.0050880306 -0.0031076073
v -0.0200719796 0.0053810466 -0.0030595664
v -0.0201749802 0.0051220648 -0.0031076073
v -0.0201249700 0.0053960679 -0.0030626053
v -0.0201769993 0.0054130547 -0.0030695793
v -0.0202949606 0.0050450556 -0.0031076073
v -0.0202630106 0.0048390620 -0.0030406114
v -0.0204319898 0.0047180646 -0.0029495953
v -0.0203419905 0.0046060679 -0.0028616184
v -0.0205519702 0.0045190447 -0.0026385783
v -0.0204479601 0.0044850109 -0.0026245714
v -0.0203430001 0.0044540160 -0.0026195644
v -0.0202109795 0.0045780528 -0.0028696064
v -0.0202369597 0.0044260619 -0.0026205774
v -0.0201599505 0.0048100350 -0.0030406114
v -0.0358729884 0.0103450395 -0.0057995919
v -0.0359479710 0.0100870696 -0.0058135989
v -0.0361739919 0.0101670600 -0.0058625940
v -0.0362529717 0.0099400278 -0.0057985785
v -0.0364710018 0.0099750157 -0.0058345798
v -0.0363419615 0.0097110267 -0.0056195858
v -0.0367099606 0.0098050223 -0.0057035687
v -0.0367959701 0.0097350465 -0.0055986049
v -0.0368519984 0.0096820589 -0.0054686067
v -0.0361239910 0.0096520172 -0.0055665968
v -0.0360360108 0.0098450180 -0.0057315829
v -0.0204319898 0.0047180646 -0.0029495953
v -0.0205519702 0.0045190447 -0.0026385783
v -0.0233479701 0.0056120145 -0.0033586025
v -0.0257529598 0.0062490098 -0.0035156014
v -0.0316079818 0.0082730647 -0.0047785637
v -0.0309699699 0.0079200255 -0.0044155718
v -0.0362010002 0.0095310207 -0.0053386099
v -0.0325139686 0.0085550534 -0.0049365756
v -0.0361239910 0.0096520172 -0.0055665968
v -0.0360360108 0.0098450180 -0.0057315829
v -0.0324129984 0.0087810146 -0.0051146147
v -0.0359479710 0.0100870696 -0.0058135989
v -0.0323139988 0.0090610372 -0.0051805975
v -0.0358729884 0.0103450395 -0.0057995919
v -0.0357579514 0.0104050595 -0.0057566169
v -0.0279510003 0.0079750406 -0.0043876177
v -0.0314069912 0.0087780343 -0.0050215728
v -0.0315059982 0.0084990259 -0.0049555895
v -0.0231400095 0.0061150186 -0.0036005974
v -0.0201769993 0.0054130547 -0.0030695793
v -0.0202949606 0.0050450556 -0.0031076073
v -0.0232439600 0.0058360088 -0.0035346155
v -0.0334029682 0.0183590593 -0.0017555964
v -0.0317829810 0.0210420396 -0.0005016236
v -0.0326939784 0.0194840393 -0.0015345824
v -0.0316699706 0.0211020707 -0.0007756236
v -0.0324869715 0.0194770599 -0.0017765775
v -0.0314739905 0.0210850201 -0.0010045776
v -0.0312269907 0.0209940597 -0.0011525766
v -0.0322199985 0.0193900390 -0.0019276154
v -0.0309689604 0.0208440403 -0.0011945976
v -0.0324649811 0.0183810497 -0.0023705964
v -0.0332729816 0.0174950303 -0.0028045782
v -0.0337669812 0.0158100703 -0.0035275822
v -0.0342149697 0.0155410093 -0.0036696203
v -0.0349429809 0.0137970398 -0.0044105650
v -0.0352360010 0.0138480595 -0.0042635800
v -0.0359579884 0.0118270494 -0.0050845751
v -0.0354529582 0.0138280296 -0.0040135981
v -0.0361769684 0.0117960494 -0.0048325657
v -0.0359569713 0.0126400494 -0.0041865711
v -0.0368679687 0.0096560117 -0.0053886178
v -0.0368729793 0.0096420632 -0.0053476098
v -0.0348669812 0.0131460397 -0.0046585799
v -0.0356579982 0.0117880698 -0.0052306060
v -0.0361739919 0.0101670600 -0.0058625940
v -0.0364710018 0.0099750157 -0.0058345798
v -0.0357579514 0.0104050595 -0.0057566169
v -0.0358729884 0.0103450395 -0.0057995919
v -0.0367099606 0.0098050223 -0.0057035687
v -0.0367959701 0.0097350465 -0.0055986049
v -0.0368519984 0.0096820589 -0.0054686067
v -0.0368609987 0.0096690641 -0.0054286130
v -0.0347979590 0.0155520400 -0.0029866102
v -0.0347149894 0.0155920300 -0.0032736072
v -0.0345010087 0.0156040096 -0.0035206082
v -0.0337600112 0.0175670290 -0.0024095782
v -0.0335499607 0.0175700093 -0.0026546134
v -0.0315539800 0.0212560203 -0.0003986236
v -0.0314069912 0.0213190298 -0.0003536236
v -0.0315430090 0.0212410595 -0.0006946236
v -0.0312789604 0.0213350597 -0.0007206236
v -0.0314569995 0.0211060605 -0.0009956236
v -0.0312330108 0.0211870595 -0.0009956236
v -0.0314739905 0.0210850201 -0.0010045776
v -0.0312269907 0.0209940597 -0.0011525766
v -0.0311189797 0.0211610104 -0.0010275856
v -0.0309689604 0.0208440403 -0.0011945976
v -0.0316699706 0.0211020707 -0.0007756236
v -0.0317829810 0.0210420396 -0.0005016236
v -0.0316810012 0.0211620293 -0.0004496236
v -0.0317699909 0.0210270192 0.0000263762
v -0.0316649601 0.0211460497 -0.0001866236
v -0.0318719707 0.0209060293 -0.0000266235
v -0.0316810012 0.0211620293 -0.0004496236
v -0.0317829810 0.0210420396 -0.0005016236
v -0.0316419601 0.0211220309 0.0000763762
v -0.0314069912 0.0213190298 -0.0003536236
v -0.0315539800 0.0212560203 -0.0003986236
v -0.0314939618 0.0211860500 0.0001213754
v -0.0315549895 0.0209850595 0.0004483764
v -0.0314939618 0.0211860500 0.0001213754
v -0.0317729712 0.0209440496 0.0002603764
v -0.0316419601 0.0211220309 0.0000763762
v -0.0317699909 0.0210270192 0.0000263762
v -0.0318719707 0.0209060293 -0.0000266235
v -0.0318689905 0.0207390096 0.0003103764
v -0.0316489898 0.0208380204 0.0005043764
v -0.0317659900 0.0205930397 0.0005043764
v -0.0315329991 0.0206530598 0.0006483754
v -0.0317099616 0.0205100105 0.0005623764
v -0.0314339884 0.0202780292 0.0006663765
v -0.0122429701 -0.0162199098 0.0052283414
v -0.0122449901 -0.0177838798 0.0051033506
v -0.0121819898 -0.0162668802 0.0053793204
v -0.0121200001 -0.0163149196 0.0055313714
v -0.0120589696 -0.0163618899 0.0056823504
v -0.0120539600 -0.0179179288 0.0055563454
v -0.0121489698 -0.0193378903 0.0049403315
v -0.0119540002 -0.0194538790 0.0053933273
v -0.0119559700 -0.0208818890 0.0047383315
v -0.0117599899 -0.0209739204 0.0051923405
v -0.0116710002 -0.0224038899 0.0045013435
v -0.0114759803 -0.0224769093 0.0049573787
v -0.0112999603 -0.0238909104 0.0042313346
v -0.0111019602 -0.0239629090 0.0046863569
v -0.0108469697 -0.0253438891 0.0039313450
v -0.0106429998 -0.0254279297 0.0043823729
v -0.0103160096 -0.0267649197 0.0036013740
v -0.0101059601 -0.0268558801 0.0040503761
v -0.0097089997 -0.0281559189 0.0032443421
v -0.0094949603 -0.0282499098 0.0036903632
v -0.0082879663 -0.0308368800 0.0024523754
v -0.0080819717 -0.0309048796 0.0029043574
v -0.0066369772 -0.0333458706 0.0015803595
v -0.0064519639 -0.0333788915 0.0020433685
v -0.0046240091 -0.0356888696 0.0011163377
v -0.0047919750 -0.0356739088 0.0006443797
v -0.0025990000 -0.0378348790 0.0001213799
v -0.0027579661 -0.0378258787 -0.0003536191
v 0.0098469853 -0.0360829201 -0.0053386065
v 0.0086269369 -0.0307469297 -0.0044155689
v 0.0100349700 -0.0361198712 -0.0048766104
v 0.0087839356 -0.0306438807 -0.0039296127
v 0.0074659581 -0.0253938998 -0.0035155990
v 0.0075939288 -0.0251508898 -0.0030075882
v 0.0064069619 -0.0196618998 -0.0022795775
v 0.0064669838 -0.0196399001 -0.0021085715
v 0.0063469401 -0.0196838902 -0.0024505834
v 0.0063639870 -0.0200248903 -0.0026385764
v 0.0063409801 -0.0199178999 -0.0026245696
v 0.0063149328 -0.0198109096 -0.0026195626
v 0.0062869778 -0.0197049307 -0.0026205756
v 0.0102079501 -0.0366879109 -0.0049915873
v 0.0100869499 -0.0367209319 -0.0053476063
v 0.0101499502 -0.0364989009 -0.0049526063
v 0.0098469853 -0.0360829201 -0.0053386065
v 0.0100919604 -0.0363098908 -0.0049145781
v 0.0100349700 -0.0361198712 -0.0048766104
v 0.0100729400 -0.0367239122 -0.0053886143
v 0.0100579802 -0.0367239122 -0.0054286095
v 0.0100429598 -0.0367218819 -0.0054686032
v 0.0201699696 -0.0024598826 0.0052283403
v 0.0215249602 -0.0016788836 0.0051033493
v 0.0201799795 -0.0023828736 0.0053793194
v 0.0201899409 -0.0023059235 0.0055313703
v 0.0201999508 -0.0022289146 0.0056823494
v 0.0215449892 -0.0014469016 0.0055563442
v 0.0228229705 -0.0008189316 0.0049403301
v 0.0228259508 -0.0005919316 0.0053933259
v 0.0240639392 0.0001200684 0.0047383299
v 0.0240439698 0.0003350684 0.0051933517
v 0.0252389908 0.0011280173 0.0045013418
v 0.0252009593 0.0013300184 0.0049573769
v 0.0263409596 0.0021930333 0.0042313326
v 0.0262989402 0.0023940204 0.0046883219
v 0.0273729507 0.0033110383 0.0039313428
v 0.0273379609 0.0035230514 0.0043843377
v 0.0283379499 0.0044820302 0.0036013717
v 0.0283079706 0.0047040585 0.0040513264
v 0.0292399507 0.0057030323 0.0032443395
v 0.0292099696 0.0059310191 0.0036923276
v 0.0308509395 0.0082740180 0.0024523724
v 0.0308049899 0.0084820383 0.0029053675
v 0.0321979485 0.0109590200 0.0015803561
v 0.0321329795 0.0111320598 0.0020443193
v 0.0332199894 0.0138720200 0.0011163340
v 0.0332919285 0.0137210405 0.0006443760
v 0.0340669714 0.0166990105 0.0001213757
v 0.0341379605 0.0165570304 -0.0003536232
v 0.0263259392 0.0266030390 -0.0053386112
v 0.0223149601 0.0228780505 -0.0044155730
v 0.0262649599 0.0267840602 -0.0048766152
v 0.0221479498 0.0229620297 -0.0039296168
v 0.0182599407 0.0191960295 -0.0035156024
v 0.0179849807 0.0191850604 -0.0030075915
v 0.0138249304 0.0154130401 -0.0022795801
v 0.0137759401 0.0154540500 -0.0021085741
v 0.0138739301 0.0153720303 -0.0024505861
v 0.0141609898 0.0155570496 -0.0026385791
v 0.0140799796 0.0154840302 -0.0026245723
v 0.0140009504 0.0154080296 -0.0026195652
v 0.0139229801 0.0153300099 -0.0026205783
v 0.0266699698 0.0272180397 -0.0049915921
v 0.0267589595 0.0271300595 -0.0053476111
v 0.0265349708 0.0270730197 -0.0049526111
v 0.0263259392 0.0266030390 -0.0053386112
v 0.0263999701 0.0269280594 -0.0049145829
v 0.0262649599 0.0267840602 -0.0048766152
v 0.0267679598 0.0271190401 -0.0053886191
v 0.0267759506 0.0271060388 -0.0054286143
v 0.0267819706 0.0270910203 -0.0054686081
v 0.0287929699 0.0249580105 -0.0037056220
v 0.0267589595 0.0271300595 -0.0053476111
v 0.0266459491 0.0272410490 -0.0048645751
v 0.0266699698 0.0272180397 -0.0049915921
v 0.0266599599 0.0272270400 -0.0049495708
v 0.0288969800 0.0248380300 -0.0041865721
v 0.0307449605 0.0225080194 -0.0025075686
v 0.0308389608 0.0223780198 -0.0029866107
v 0.0324889384 0.0199050306 -0.0012785805
v 0.0325729810 0.0197670403 -0.0017555965
v 0.0340129696 0.0171670299 -0.0000266232
v 0.0340859815 0.0170220695 -0.0005016233
v 0.0266519692 0.0272350289 -0.0049076101
v 0.0071899891 -0.0373969006 -0.0037056172
v 0.0100869499 -0.0367209319 -0.0053476063
v 0.0102399504 -0.0366789106 -0.0048645702
v 0.0102079501 -0.0366879109 -0.0049915873
v 0.0102209402 -0.0366839100 -0.0049495660
v 0.0070329299 -0.0374259319 -0.0041865674
v 0.0040919781 -0.0378618801 -0.0025075641
v 0.0039319391 -0.0378789308 -0.0029866061
v 0.0009649880 -0.0380709098 -0.0012785761
v 0.0008039880 -0.0380738900 -0.0017555921
v -0.0021669860 -0.0380219184 -0.0000266190
v -0.0023300049 -0.0380119011 -0.0005016191
v 0.0102319699 -0.0366808701 -0.0049076053
v 0.0097919703 -0.0363299216 -0.0040045945
v 0.0101299798 -0.0365558791 -0.0043615662
v 0.0099619618 -0.0362608995 -0.0041735732
v 0.0101329600 -0.0365388918 -0.0043755733
v 0.0100649502 -0.0361979011 -0.0043916074
v 0.0101849400 -0.0364639092 -0.0046656104
v 0.0100899898 -0.0361499119 -0.0046346151
v 0.0100919604 -0.0363098908 -0.0049145781
v 0.0100349700 -0.0361198712 -0.0048766104
v 0.0102279698 -0.0366378989 -0.0045995685
v 0.0102399504 -0.0366789106 -0.0048645702
v 0.0102319699 -0.0366808701 -0.0049076053
v 0.0102209402 -0.0366839100 -0.0049495660
v 0.0101499502 -0.0364989009 -0.0049526063
v 0.0102079501 -0.0366879109 -0.0049915873
v 0.0096019497 -0.0362049307 -0.0038955773
v 0.0067819352 -0.0368168915 -0.0027976001
v 0.0097919703 -0.0363299216 -0.0040045945
v 0.0082959533 -0.0367649088 -0.0034565893
v 0.0101299798 -0.0365558791 -0.0043615662
v 0.0082819462 -0.0369849208 -0.0036165682
v 0.0082289567 -0.0371369089 -0.0038375822
v 0.0061839810 -0.0373879003 -0.0028015941
v 0.0061209789 -0.0375409091 -0.0030245753
v 0.0042899838 -0.0376489089 -0.0020576082
v 0.0042179818 -0.0378019215 -0.0022816031
v 0.0021229379 -0.0378279016 -0.0011965602
v 0.0020399680 -0.0379809105 -0.0014235941
v -0.0000500116 -0.0378819108 -0.0003236191
v -0.0001440120 -0.0380338990 -0.0005516191
v -0.0020239940 -0.0379359089 0.0003103809
v -0.0021669860 -0.0380219184 -0.0000266190
v 0.0062109819 -0.0371639097 -0.0026416152
v 0.0039229388 -0.0372099207 -0.0016676152
v 0.0043279519 -0.0374199116 -0.0018985832
v 0.0021749730 -0.0375959203 -0.0010386072
v 0.0010419480 -0.0373799205 -0.0005096192
v 0.0000149884 -0.0376478993 -0.0001666192
v -0.0018429750 -0.0373278781 0.0006663808
v -0.0019059770 -0.0376839004 0.0005623808
v 0.0009649880 -0.0380709098 -0.0012785761
v 0.0040919781 -0.0378618801 -0.0025075641
v 0.0071899891 -0.0373969006 -0.0037056172
v 0.0102399504 -0.0366789106 -0.0048645702
v 0.0102279698 -0.0366378989 -0.0045995685
v -0.0086649647 -0.0180159188 0.0058723692
v -0.0104139997 -0.0170658803 0.0066893705
v -0.0092239967 -0.0178028900 0.0058033475
v -0.0105450097 -0.0170649192 0.0064003471
v -0.0093969703 -0.0179269291 0.0055563454
v -0.0107219797 -0.0171778700 0.0061633595
v -0.0109139597 -0.0173858996 0.0060193542
v -0.0095790019 -0.0181528903 0.0054073343
v -0.0110859796 -0.0176509000 0.0059963473
v -0.0092709661 -0.0186359189 0.0051793465
v -0.0079630008 -0.0188969296 0.0046893363
v -0.0073669548 -0.0194358804 0.0043423787
v -0.0062890048 -0.0194979288 0.0039583455
v -0.0053939810 -0.0200428904 0.0034913436
v -0.0047990079 -0.0198988893 0.0033193246
v -0.0033689730 -0.0204499306 0.0026363746
v -0.0030489559 -0.0202218795 0.0025793325
v -0.0013149970 -0.0206549092 0.0017843255
v -0.0012539621 -0.0202999095 0.0018893496
v -0.0029519789 -0.0199848989 0.0027353774
v -0.0011379709 -0.0200478992 0.0021413575
v -0.0028339620 -0.0198369005 0.0029673584
v -0.0009960120 -0.0199608801 0.0024773484
v -0.0029760001 -0.0197638792 0.0033293374
v -0.0045479531 -0.0195189097 0.0037093764
v -0.0049279919 -0.0193709095 0.0041843663
v -0.0060049891 -0.0191239097 0.0043503657
v -0.0068299770 -0.0187868994 0.0050353413
v -0.0076429839 -0.0185329296 0.0050823693
v -0.0078029628 -0.0186648905 0.0048403745
v -0.0061509600 -0.0192618888 0.0041103373
v -0.0046799770 -0.0196618994 0.0034733425
v -0.0120589696 -0.0163618899 0.0056823504
v -0.0120539600 -0.0179179288 0.0055563454
v -0.0119819604 -0.0164659000 0.0058223613
v -0.0119059598 -0.0177879292 0.0058053745
v -0.0118609602 -0.0166339199 0.0059493793
v -0.0116559798 -0.0177969295 0.0059783463
v -0.0116130104 -0.0169699094 0.0060683492
v -0.0113579603 -0.0177938896 0.0060383682
v -0.0113499695 -0.0173159200 0.0060793761
v -0.0110859796 -0.0176509000 0.0059963473
v -0.0110099902 -0.0190849300 0.0058503752
v -0.0112810098 -0.0191599089 0.0058973446
v -0.0108509604 -0.0204998791 0.0056723367
v -0.0111280000 -0.0205109096 0.0057273513
v -0.0109029999 -0.0218468900 0.0055293457
v -0.0111959502 -0.0218939088 0.0054643767
v -0.0107389595 -0.0238218900 0.0051243319
v -0.0109829903 -0.0238549091 0.0049453386
v -0.0103790099 -0.0257549189 0.0045483719
v -0.0106429998 -0.0254279297 0.0043823729
v -0.0101059601 -0.0268558801 0.0040503761
v -0.0118279997 -0.0191789191 0.0056623235
v -0.0119540002 -0.0194538790 0.0053933273
v -0.0116729699 -0.0205548998 0.0054893505
v -0.0117599899 -0.0209739204 0.0051923405
v -0.0114429500 -0.0219148896 0.0052873509
v -0.0114759803 -0.0224769093 0.0049573787
v -0.0111019602 -0.0239629090 0.0046863569
v -0.0096449852 -0.0275928897 0.0041023509
v -0.0094949603 -0.0282499098 0.0036903632
v -0.0087940088 -0.0293629092 0.0036153212
v -0.0080819717 -0.0309048796 0.0029043574
v -0.0078449836 -0.0310509203 0.0030943772
v -0.0068069692 -0.0326609014 0.0025443455
v -0.0076180100 -0.0309759301 0.0032843372
v -0.0065859552 -0.0325788816 0.0027363325
v -0.0073570008 -0.0308458803 0.0033693332
v -0.0063319802 -0.0324368996 0.0028253215
v -0.0069559808 -0.0309659203 0.0032533424
v -0.0054230089 -0.0332298799 0.0024493355
v -0.0052239890 -0.0339578910 0.0022533555
v -0.0037179580 -0.0353499016 0.0015873336
v -0.0040360088 -0.0354129000 0.0016543287
v -0.0018429750 -0.0373278781 0.0006663808
v -0.0021179910 -0.0376018807 0.0006483798
v -0.0042740102 -0.0355759187 0.0015573527
v -0.0023949740 -0.0377869010 0.0004483809
v -0.0044839969 -0.0356718785 0.0013593456
v -0.0025990000 -0.0378348790 0.0001213799
v -0.0046240091 -0.0356888696 0.0011163377
v -0.0056859851 -0.0342008992 0.0019653456
v -0.0064519639 -0.0333788915 0.0020433685
v -0.0082939863 -0.0291799304 0.0038823503
v -0.0083019733 -0.0285488904 0.0039933341
v -0.0091329813 -0.0274348796 0.0043633601
v -0.0094299912 -0.0259749197 0.0046573301
v -0.0098559847 -0.0256249305 0.0048013340
v -0.0102919899 -0.0232779305 0.0052233347
v -0.0104509499 -0.0237548888 0.0051933536
v -0.0106109902 -0.0218968890 0.0054633625
v -0.0054699769 -0.0341108999 0.0021603725
v -0.0085629821 -0.0292969306 0.0038023613
v -0.0094090104 -0.0275369190 0.0042863500
v -0.0101389801 -0.0257099193 0.0047293320
v -0.0114240004 -0.0205439288 0.0056643497
v -0.0115779601 -0.0191779095 0.0058363686
v 0.0099619618 -0.0362608995 -0.0041735732
v 0.0095739365 -0.0345709290 -0.0038865774
v 0.0097919703 -0.0363299216 -0.0040045945
v 0.0093069673 -0.0346729088 -0.0036556094
v 0.0096019497 -0.0362049307 -0.0038955773
v 0.0089199543 -0.0329828786 -0.0033636066
v 0.0085389614 -0.0312908816 -0.0030735708
v 0.0088069430 -0.0311918801 -0.0033045977
v 0.0084319711 -0.0294998793 -0.0030165888
v 0.0085539808 -0.0294159001 -0.0033525798
v 0.0081849694 -0.0277228898 -0.0030676099
v 0.0075939288 -0.0251508898 -0.0030075882
v 0.0078219771 -0.0260279106 -0.0027846071
v 0.0064669838 -0.0196399001 -0.0021085715
v 0.0074649449 -0.0243319200 -0.0025035711
v 0.0070649381 -0.0223929195 -0.0021865942
v 0.0073419800 -0.0244129302 -0.0021675802
v 0.0069419742 -0.0224729107 -0.0018495893
v 0.0070739379 -0.0245069192 -0.0019355992
v 0.0066729779 -0.0225658995 -0.0016176083
v 0.0077459812 -0.0279688800 -0.0024825909
v 0.0060329428 -0.0196928904 -0.0011246185
v 0.0062799449 -0.0206218903 -0.0013025974
v 0.0062739840 -0.0196049196 -0.0012806035
v 0.0065489411 -0.0205308703 -0.0015345794
v 0.0064379568 -0.0195599106 -0.0015255785
v 0.0066719651 -0.0204518998 -0.0018715835
v 0.0065029850 -0.0195719005 -0.0018175826
v 0.0100649502 -0.0361979011 -0.0043916074
v 0.0096959472 -0.0344849195 -0.0042225683
v 0.0093089342 -0.0327969085 -0.0039305658
v 0.0087839356 -0.0306438807 -0.0039296127
v 0.0089279413 -0.0311068802 -0.0036405897
v 0.0100899898 -0.0361499119 -0.0046346151
v 0.0100349700 -0.0361198712 -0.0048766104
v 0.0081639877 -0.0295979308 -0.0027855608
v 0.0077949758 -0.0279028995 -0.0024995778
v 0.0074309702 -0.0262058900 -0.0022165751
v 0.0076999660 -0.0261099303 -0.0024486160
v 0.0091869831 -0.0328819121 -0.0035945746
v 0.0080629578 -0.0278059209 -0.0027316189
v 0.0013959400 -0.0199359002 0.0014713415
v -0.0009960120 -0.0199608801 0.0024773484
v 0.0006949880 -0.0200198795 0.0014803415
v -0.0011379709 -0.0200478992 0.0021413575
v 0.0006099880 -0.0201728902 0.0012533675
v -0.0012539621 -0.0202999095 0.0018893496
v 0.0005559880 -0.0204049292 0.0010953555
v -0.0013149970 -0.0206549092 0.0017843255
v 0.0011669390 -0.0206289198 0.0007783795
v 0.0023829341 -0.0202538892 0.0003633795
v 0.0036279550 -0.0203068797 -0.0001966205
v 0.0042039752 -0.0199388806 -0.0003536205
v 0.0060329428 -0.0196928904 -0.0011246185
v 0.0059829350 -0.0193799102 -0.0009946205
v 0.0042179818 -0.0197179299 -0.0001936205
v 0.0060019488 -0.0191439298 -0.0007456205
v 0.0042689438 -0.0195668899 0.0000273796
v 0.0060859318 -0.0190338996 -0.0004316206
v 0.0037679670 -0.0196259003 0.0004963795
v 0.0024849770 -0.0198739096 0.0007453785
v 0.0024159551 -0.0200269203 0.0005223795
v -0.0113499695 -0.0173159200 0.0060793761
v -0.0110859796 -0.0176509000 0.0059963473
v -0.0110529596 -0.0172548792 0.0060903434
v -0.0109139597 -0.0173858996 0.0060193542
v -0.0108799897 -0.0170488893 0.0062503222
v -0.0107219797 -0.0171778700 0.0061633595
v -0.0108029796 -0.0169758699 0.0063693532
v -0.0105450097 -0.0170649192 0.0064003471
v -0.0107380096 -0.0169299203 0.0065033444
v -0.0106889596 -0.0169109101 0.0066423424
v -0.0109879896 -0.0167168895 0.0067003373
v -0.0109539600 -0.0167258898 0.0068293222
v -0.0112869702 -0.0165148894 0.0066883572
v -0.0114899799 -0.0163628994 0.0067563661
v -0.0115770102 -0.0163109298 0.0066043742
v -0.0119619900 -0.0160208898 0.0064643634
v -0.0118439700 -0.0161179299 0.0064473751
v -0.0120679699 -0.0159488893 0.0062193282
v -0.0118119698 -0.0161688900 0.0063593390
v -0.0120239798 -0.0160059291 0.0061533463
v -0.0117899701 -0.0162308789 0.0062733300
v -0.0119889900 -0.0160719096 0.0060893300
v -0.0119629996 -0.0161458789 0.0060273412
v -0.0121499803 -0.0159289199 0.0058563364
v -0.0120689804 -0.0161339003 0.0057593592
v -0.0104139997 -0.0170658803 0.0066893705
v -0.0122929802 -0.0157688796 0.0059653532
v -0.0119459601 -0.0163109298 0.0059193380
v -0.0120589696 -0.0163618899 0.0056823504
v -0.0119819604 -0.0164659000 0.0058223613
v -0.0118609602 -0.0166339199 0.0059493793
v -0.0117929503 -0.0164719201 0.0060533293
v -0.0117790103 -0.0163038890 0.0061913732
v -0.0115640098 -0.0164859197 0.0062953242
v -0.0115559604 -0.0164139191 0.0063923600
v -0.0113049699 -0.0166059094 0.0064463623
v -0.0115609700 -0.0163549087 0.0064973243
v -0.0112889996 -0.0165508887 0.0065653332
v -0.0116159897 -0.0166588998 0.0061363581
v -0.0116130104 -0.0169699094 0.0060683492
v -0.0114259701 -0.0168589293 0.0061673535
v -0.0112360101 -0.0170588992 0.0061513794
v -0.0111029698 -0.0168669200 0.0063213714
v -0.0113340002 -0.0166779100 0.0063373454
v -0.0110509899 -0.0167949102 0.0064373620
v -0.0110119497 -0.0167449093 0.0065663465
v 0.0060019488 -0.0191439298 -0.0007456205
v 0.0062389369 -0.0190278795 -0.0007796206
v 0.0060859318 -0.0190338996 -0.0004316206
v 0.0064309831 -0.0189639293 -0.0009456206
v 0.0065529342 -0.0188789294 -0.0007446206
v 0.0065839882 -0.0189118908 -0.0011525736
v 0.0068619838 -0.0187678897 -0.0012245755
v 0.0066919322 -0.0188748800 -0.0013936145
v 0.0069769621 -0.0187259299 -0.0017935616
v 0.0067569609 -0.0188538992 -0.0018385626
v 0.0068889852 -0.0187588895 -0.0023705936
v 0.0066069360 -0.0189568905 -0.0022466166
v 0.0066619511 -0.0189499205 -0.0018376095
v 0.0065839882 -0.0190629309 -0.0018365955
v 0.0066049690 -0.0189639294 -0.0014345626
v 0.0065339799 -0.0190688894 -0.0014736036
v 0.0065079331 -0.0189949200 -0.0012176016
v 0.0064459438 -0.0190958903 -0.0012766106
v 0.0063689351 -0.0190408808 -0.0010296086
v 0.0063209529 -0.0191369002 -0.0011085845
v 0.0061949492 -0.0190989301 -0.0008806206
v 0.0061629410 -0.0191888810 -0.0009746205
v 0.0059829350 -0.0193799102 -0.0009946205
v 0.0060329428 -0.0196928904 -0.0011246185
v 0.0061399341 -0.0194079206 -0.0011196115
v 0.0061449399 -0.0192928892 -0.0010545826
v 0.0062879319 -0.0192459208 -0.0011755805
v 0.0064019561 -0.0192089007 -0.0013285855
v 0.0064819450 -0.0191869104 -0.0015065656
v 0.0065289731 -0.0191888811 -0.0018365955
v 0.0064549441 -0.0192759001 -0.0021516065
v 0.0062739840 -0.0196049196 -0.0012806035
v 0.0062719579 -0.0193629210 -0.0012295825
v 0.0064379568 -0.0195599106 -0.0015255785
v 0.0063769808 -0.0193299000 -0.0013695935
v 0.0064519639 -0.0193118994 -0.0015335655
v 0.0065029850 -0.0195719005 -0.0018175826
v 0.0064969650 -0.0193198902 -0.0018355825
v 0.0064669838 -0.0196399001 -0.0021085715
v -0.0120589696 -0.0163618899 0.0056823504
v -0.0120689804 -0.0161339003 0.0057593592
v -0.0121200001 -0.0163149196 0.0055313714
v -0.0121920099 -0.0159569304 0.0055783403
v -0.0122519704 -0.0159928702 0.0053043373
v -0.0123309996 -0.0157899201 0.0054023273
v -0.0124120098 -0.0156759001 0.0056623232
v -0.0124709597 -0.0156289298 0.0055103314
v -0.0121499803 -0.0159289199 0.0058563364
v -0.0122929802 -0.0157688796 0.0059653532
v -0.0123519804 -0.0157229300 0.0058133614
v -0.0122429701 -0.0162199098 0.0052283414
v -0.0121819898 -0.0162668802 0.0053793204
v -0.0118429596 -0.0168868803 0.0042003401
v -0.0118009998 -0.0183688902 0.0040643224
v -0.0120350104 -0.0165969093 0.0043383253
v -0.0120459702 -0.0182298996 0.0042323484
v -0.0121969497 -0.0163359005 0.0045523651
v -0.0122190099 -0.0182639301 0.0044803624
v -0.0122579904 -0.0162318904 0.0046963704
v -0.0122929802 -0.0161659099 0.0048683293
v -0.0122779598 -0.0182968896 0.0047773723
v -0.0122889802 -0.0161598898 0.0050563224
v -0.0122449901 -0.0177838798 0.0051033506
v -0.0122429701 -0.0162199098 0.0052283414
v -0.0116689801 -0.0198398788 0.0038933764
v -0.0118460003 -0.0203289293 0.0039833194
v -0.0120159900 -0.0203859188 0.0042283546
v -0.0120739900 -0.0204339005 0.0045233375
v -0.0121489698 -0.0193378903 0.0049403315
v -0.0119559700 -0.0208818890 0.0047383315
v -0.0116889998 -0.0225409192 0.0041983736
v -0.0116710002 -0.0224038899 0.0045013435
v -0.0112999603 -0.0238909104 0.0042313346
v -0.0111420099 -0.0245798805 0.0038133277
v -0.0108469697 -0.0253438891 0.0039313450
v -0.0104419496 -0.0265539193 0.0033713590
v -0.0103160096 -0.0267649197 0.0036013740
v -0.0097089997 -0.0281559189 0.0032443421
v -0.0095999828 -0.0284668801 0.0028763433
v -0.0086299768 -0.0303078795 0.0023343584
v -0.0085929632 -0.0301989297 0.0020533222
v -0.0075249672 -0.0319378896 0.0014793294
v -0.0073939562 -0.0317748710 0.0012583754
v -0.0063379998 -0.0332848988 0.0007093805
v -0.0062400098 -0.0329918786 0.0006353805
v -0.0052079549 -0.0347288810 0.0001343806
v -0.0044909711 -0.0351778791 -0.0002496194
v -0.0040019751 -0.0361068808 -0.0004656193
v -0.0025659790 -0.0372079016 -0.0011945932
v -0.0027649989 -0.0374969208 -0.0010275811
v -0.0114479596 -0.0212988795 0.0036873235
v -0.0114679905 -0.0223988795 0.0036643756
v -0.0116339903 -0.0224779189 0.0039063709
v -0.0111439796 -0.0227278990 0.0034493218
v -0.0109289801 -0.0244048794 0.0032843367
v -0.0110899797 -0.0245038790 0.0035233509
v -0.0107619697 -0.0241249201 0.0031823527
v -0.0103059998 -0.0254918893 0.0028873699
v -0.0102409702 -0.0263479294 0.0028493420
v -0.0091819763 -0.0281398798 0.0022193212
v -0.0094109774 -0.0282329300 0.0023613591
v -0.0084539652 -0.0300488992 0.0018273612
v -0.0095579624 -0.0283679290 0.0025913732
v -0.0078089829 -0.0306509099 0.0014603754
v -0.0041089649 -0.0363008902 -0.0002576193
v -0.0028359881 -0.0377228782 -0.0007206192
v -0.0041249990 -0.0364388786 0.0000133803
v -0.0027579661 -0.0378258787 -0.0003536191
v -0.0047919750 -0.0356739088 0.0006443797
v -0.0053439732 -0.0350449010 0.0006203807
v -0.0066369772 -0.0333458706 0.0015803595
v -0.0064879651 -0.0335838682 0.0012023465
v -0.0075559611 -0.0320559105 0.0017583394
v -0.0064619770 -0.0334588810 0.0009263805
v -0.0082879663 -0.0308368800 0.0024523754
v -0.0053229919 -0.0349128805 0.0003473806
v -0.0103949904 -0.0264658907 0.0030833500
v 0.0064069619 -0.0196618998 -0.0022795775
v 0.0062569370 -0.0195949005 -0.0026496036
v 0.0064669838 -0.0196399001 -0.0021085715
v 0.0062329760 -0.0194908904 -0.0027136185
v 0.0064549441 -0.0192759001 -0.0021516065
v 0.0062039490 -0.0193328804 -0.0028935656
v 0.0061889882 -0.0191339201 -0.0033315995
v 0.0063469401 -0.0196838902 -0.0024505834
v 0.0062869778 -0.0197049307 -0.0026205756
v 0.0062379828 -0.0189849104 -0.0042805657
v 0.0063449740 -0.0190018995 -0.0032355766
v 0.0066069360 -0.0189568905 -0.0022466166
v 0.0064559570 -0.0189118910 -0.0036435707
v 0.0066729779 -0.0188369101 -0.0030075887
v 0.0068889852 -0.0187588895 -0.0023705936
v -0.0122429701 -0.0162199098 0.0052283414
v -0.0122519704 -0.0159928702 0.0053043373
v -0.0122889802 -0.0161598898 0.0050563224
v -0.0123090101 -0.0159859002 0.0049163702
v -0.0122929802 -0.0161659099 0.0048683293
v -0.0122579904 -0.0162318904 0.0046963704
v -0.0122140003 -0.0161068995 0.0045543321
v -0.0121969497 -0.0163359005 0.0045523651
v -0.0119999601 -0.0163589098 0.0042813433
v -0.0120350104 -0.0165969093 0.0043383253
v -0.0116929999 -0.0165979189 0.0040743364
v -0.0118429596 -0.0168868803 0.0042003401
v -0.0123629496 -0.0158188898 0.0049093373
v -0.0123309996 -0.0157899201 0.0054023273
v -0.0124539696 -0.0156679094 0.0049023631
v -0.0124709597 -0.0156289298 0.0055103314
v -0.0125739500 -0.0155458996 0.0049003370
v -0.0124399597 -0.0156539005 0.0042983301
v -0.0123229604 -0.0157769300 0.0043833263
v -0.0122460099 -0.0159308888 0.0044753564
v -0.0121200001 -0.0159019192 0.0038203602
v -0.0120269600 -0.0160128993 0.0039863594
v -0.0119859502 -0.0161709093 0.0041503322
v -0.0116869798 -0.0162228902 0.0035073762
v -0.0116369696 -0.0163589098 0.0038253673
v -0.0116369696 -0.0163589098 0.0038253673
v -0.0116869798 -0.0162228902 0.0035073762
v -0.0105180098 -0.0170549096 0.0032133473
v -0.0097000003 -0.0174809003 0.0025653254
v -0.0093479753 -0.0177228989 0.0026703483
v -0.0075799818 -0.0184978804 0.0015863784
v -0.0078089829 -0.0184538903 0.0019683253
v -0.0062139630 -0.0190508905 0.0012543215
v -0.0077840080 -0.0186288895 0.0021963725
v -0.0061739678 -0.0192298795 0.0014843355
v -0.0078169703 -0.0188679004 0.0023533714
v -0.0061879749 -0.0194789095 0.0016413345
v -0.0079069734 -0.0191109104 0.0024223335
v -0.0057799811 -0.0198889299 0.0014963755
v -0.0045139780 -0.0199509206 0.0009203795
v -0.0035820000 -0.0204298999 0.0005593786
v -0.0028069611 -0.0202789306 0.0001983795
v -0.0013380049 -0.0207279306 -0.0003766204
v -0.0008260120 -0.0204738901 -0.0006246204
v 0.0009259880 -0.0207809192 -0.0013005714
v 0.0010719290 -0.0204818809 -0.0013995744
v 0.0029629460 -0.0203128999 -0.0021566135
v 0.0028669829 -0.0200349001 -0.0023046114
v 0.0047089448 -0.0196918810 -0.0030356025
v 0.0045699468 -0.0195178895 -0.0032885656
v 0.0056529641 -0.0193009305 -0.0035865886
v 0.0062379828 -0.0189849104 -0.0042805657
v 0.0039649601 -0.0195869210 -0.0033715946
v 0.0027449720 -0.0198559111 -0.0025535805
v 0.0016369810 -0.0199178999 -0.0024175624
v 0.0008949880 -0.0200229195 -0.0017935615
v -0.0007140120 -0.0199729205 -0.0014305695
v -0.0009630120 -0.0200189297 -0.0010175685
v -0.0030549760 -0.0197519008 -0.0004246205
v -0.0029019711 -0.0198299196 -0.0001916205
v -0.0045739999 -0.0195109192 0.0005323794
v -0.0045189848 -0.0196928903 0.0007653795
v -0.0053539872 -0.0192578993 0.0005853794
v 0.0054229489 -0.0195708799 -0.0032625775
v 0.0053539872 -0.0197579211 -0.0031285865
v 0.0048289290 -0.0199708904 -0.0028895716
v 0.0053449860 -0.0198749306 -0.0030795914
v 0.0053629871 -0.0199869203 -0.0030605776
v 0.0031809800 -0.0205858910 -0.0022016145
v 0.0053769350 -0.0200399107 -0.0030595645
v 0.0053899880 -0.0200939106 -0.0030626034
v 0.0054019680 -0.0201469010 -0.0030695774
v -0.0093869558 -0.0181199291 0.0030533683
v -0.0099359751 -0.0181069297 0.0033273704
v -0.0105810100 -0.0174369195 0.0035953533
v -0.0118429596 -0.0168868803 0.0042003401
v -0.0116929999 -0.0165979189 0.0040743364
v -0.0105189597 -0.0172198990 0.0034353744
v 0.0010009400 -0.0202048999 -0.0015485865
v -0.0008740120 -0.0202019197 -0.0007766205
v -0.0028309820 -0.0200129095 0.0000443790
v -0.0093379607 -0.0178928895 0.0028953563
v 0.0265679304 0.0266790294 -0.0040045992
v 0.0265949294 0.0270840504 -0.0043615710
v 0.0264229700 0.0267910302 -0.0041735779
v 0.0265779402 0.0270780303 -0.0043755781
v 0.0263169408 0.0268490293 -0.0043916122
v 0.0264879409 0.0270860099 -0.0046656152
v 0.0262619797 0.0268460490 -0.0046346199
v 0.0263999701 0.0269280594 -0.0049145829
v 0.0262649599 0.0267840602 -0.0048766152
v 0.0266169906 0.0272100490 -0.0045995733
v 0.0266459491 0.0272410490 -0.0048645751
v 0.0266519692 0.0272350289 -0.0049076101
v 0.0266599599 0.0272270400 -0.0049495708
v 0.0265349708 0.0270730197 -0.0049526111
v 0.0266699698 0.0272180397 -0.0049915921
v 0.0265539791 0.0264510491 -0.0038955821
v 0.0284949504 0.0243150497 -0.0027976047
v 0.0265679304 0.0266790294 -0.0040045992
v 0.0276919603 0.0256000103 -0.0034565940
v 0.0265949294 0.0270840504 -0.0043615710
v 0.0278899595 0.0256980599 -0.0036165729
v 0.0280479696 0.0257290599 -0.0038375869
v 0.0292879902 0.0240830106 -0.0028015987
v 0.0294519607 0.0241050699 -0.0030245799
v 0.0304609500 0.0225730500 -0.0020576127
v 0.0306299906 0.0225870608 -0.0022816077
v 0.0316989385 0.0207860394 -0.0011965646
v 0.0318729803 0.0207910499 -0.0014235986
v 0.0328329802 0.0189310293 -0.0003236234
v 0.0330119692 0.0189260207 -0.0005516234
v 0.0338669382 0.0172480308 0.0003103767
v 0.0340129696 0.0171670299 -0.0000266232
v 0.0290799700 0.0239940191 -0.0026416198
v 0.0302639604 0.0220350603 -0.0016676197
v 0.0302439891 0.0224920491 -0.0018985877
v 0.0314729810 0.0207150503 -0.0010386116
v 0.0318529606 0.0196260195 -0.0005096235
v 0.0325979516 0.0188710596 -0.0001666234
v 0.0332499705 0.0171010402 0.0006663767
v 0.0335889384 0.0172240697 0.0005623767
v 0.0324889384 0.0199050306 -0.0012785805
v 0.0307449605 0.0225080194 -0.0025075686
v 0.0287929699 0.0249580105 -0.0037056220
v 0.0266459491 0.0272410490 -0.0048645751
v 0.0266169906 0.0272100490 -0.0045995733
v 0.0199359600 0.0015370245 0.0058723678
v 0.0199879408 -0.0004519315 0.0066893692
v 0.0200309698 0.0009470684 0.0058033461
v 0.0200519506 -0.0005659315 0.0064003459
v 0.0202249791 0.0008590684 0.0055563440
v 0.0202389304 -0.0006629315 0.0061633583
v 0.0205149595 -0.0007249315 0.0060193530
v 0.0205119792 0.0008140684 0.0054073328
v 0.0208309796 -0.0007419316 0.0059963461
v 0.0207759701 0.0013230443 0.0051793450
v 0.0203479491 0.0025850533 0.0046893347
v 0.0205169898 0.0033710593 0.0043423769
v 0.0200309698 0.0043360594 0.0039583437
v 0.0200559404 0.0053840273 0.0034913417
v 0.0196339395 0.0058260563 0.0033193226
v 0.0193969607 0.0073410270 0.0026363725
v 0.0190379601 0.0075040452 0.0025793304
v 0.0185459796 0.0092220298 0.0017843233
v 0.0182089806 0.0090970389 0.0018893473
v 0.0187839791 0.0074690582 0.0027353753
v 0.0179319307 0.0090720655 0.0021413553
v 0.0185979605 0.0074970124 0.0029673564
v 0.0177859608 0.0091510408 0.0024773462
v 0.0186059400 0.0073380473 0.0033293354
v 0.0191789791 0.0058540104 0.0037093745
v 0.0192409698 0.0054520362 0.0041843644
v 0.0195649806 0.0043950676 0.0043503639
v 0.0196859799 0.0035120243 0.0050353396
v 0.0198729597 0.0026810164 0.0050823677
v 0.0200669691 0.0026080603 0.0048403729
v 0.0197579805 0.0043380264 0.0041103355
v 0.0193689391 0.0058110354 0.0034733406
v 0.0201999508 -0.0022289146 0.0056823494
v 0.0215449892 -0.0014469016 0.0055563442
v 0.0202519801 -0.0021108976 0.0058223602
v 0.0213399492 -0.0013958805 0.0058073403
v 0.0203369800 -0.0019208775 0.0059493782
v 0.0212229397 -0.0011749255 0.0059803721
v 0.0205039307 -0.0015389315 0.0060683481
v 0.0210709497 -0.0009179316 0.0060403338
v 0.0206719600 -0.0011379116 0.0060793749
v 0.0208309796 -0.0007419316 0.0059963461
v 0.0220339801 0.0000410685 0.0058503738
v 0.0222009402 -0.0001789315 0.0059023490
v 0.0232849699 0.0006180684 0.0057353368
v 0.0234609805 0.0003780684 0.0056723351
v 0.0245109703 0.0012420414 0.0054743280
v 0.0246519409 0.0010380144 0.0052973618
v 0.0257819798 0.0020790104 0.0050403470
v 0.0252009593 0.0013300184 0.0049573769
v 0.0262989402 0.0023940204 0.0046883219
v 0.0224909708 -0.0006439316 0.0056673280
v 0.0228259508 -0.0005919316 0.0053933259
v 0.0235949699 0.0001680684 0.0054973359
v 0.0240439698 0.0003350684 0.0051933517
v 0.0268549901 0.0031930202 0.0047483437
v 0.0273379609 0.0035230514 0.0043843377
v 0.0278629605 0.0043660406 0.0044233195
v 0.0283079706 0.0047040585 0.0040513264
v 0.0287989303 0.0055860284 0.0040703407
v 0.0292099696 0.0059310191 0.0036923276
v 0.0296639800 0.0068450573 0.0036933415
v 0.0308049899 0.0084820383 0.0029053675
v 0.0304559395 0.0081330531 0.0032943474
v 0.0318359695 0.0107780604 0.0024423582
v 0.0302799903 0.0082950595 0.0034823404
v 0.0316529796 0.0109260606 0.0026353582
v 0.0300389491 0.0084610584 0.0035663234
v 0.0314019918 0.0110730503 0.0027253612
v 0.0302949492 0.0094900134 0.0032543533
v 0.0314899608 0.0119500106 0.0024493321
v 0.0326019488 0.0140020197 0.0017373549
v 0.0324749313 0.0144870199 0.0015873299
v 0.0332499705 0.0171010402 0.0006663767
v 0.0336239897 0.0170000103 0.0006483757
v 0.0328619406 0.0138770306 0.0016403180
v 0.0339229703 0.0168530308 0.0004483767
v 0.0330499411 0.0137420205 0.0014433250
v 0.0340669714 0.0166990105 0.0001213757
v 0.0332199894 0.0138720200 0.0011163340
v 0.0321329795 0.0111320598 0.0020443193
v 0.0288739800 0.0071140521 0.0039943447
v 0.0292579494 0.0071900485 0.0039593563
v 0.0294919591 0.0070140365 0.0038793675
v 0.0284049492 0.0059490202 0.0043313494
v 0.0272079706 0.0048500294 0.0046593539
v 0.0274829809 0.0047470335 0.0046793214
v 0.0264899693 0.0035920145 0.0049993388
v 0.0277009606 0.0045480136 0.0046053516
v 0.0266999602 0.0033830403 0.0049283497
v 0.0253029391 0.0027560593 0.0052243469
v 0.0254349709 0.0024970173 0.0052863348
v 0.0256329700 0.0022760624 0.0052193397
v 0.0242679697 0.0017910595 0.0054643749
v 0.0243239403 0.0014720554 0.0055393571
v 0.0231789909 0.0008860684 0.0056733479
v 0.0286319796 0.0057610272 0.0042543407
v 0.0223649703 -0.0004279316 0.0058413740
v 0.0264229700 0.0267910302 -0.0041735779
v 0.0251539908 0.0256100201 -0.0038865819
v 0.0265679304 0.0266790294 -0.0040045992
v 0.0253749397 0.0254300197 -0.0036556139
v 0.0265539791 0.0264510491 -0.0038955821
v 0.0241049491 0.0242500303 -0.0033636109
v 0.0228299405 0.0230740306 -0.0030735749
v 0.0226109605 0.0232560595 -0.0033046018
v 0.0213329699 0.0220850704 -0.0030165927
v 0.0211989805 0.0221490206 -0.0033525837
v 0.0199179593 0.0209830401 -0.0030676135
v 0.0179849807 0.0191850604 -0.0030075915
v 0.0186309796 0.0198220590 -0.0027846106
v 0.0137759401 0.0154540500 -0.0021085741
v 0.0173409507 0.0186640600 -0.0025035744
v 0.0158619806 0.0173480490 -0.0021865972
v 0.0174719598 0.0185990295 -0.0021675835
v 0.0159929302 0.0172820593 -0.0018495923
v 0.0176879708 0.0184130593 -0.0019356024
v 0.0162069704 0.0170950199 -0.0016176113
v 0.0203499701 0.0207260193 -0.0024825946
v 0.0140389800 0.0151050602 -0.0011246211
v 0.0147209698 0.0157830696 -0.0013026002
v 0.0138429403 0.0152690400 -0.0012806061
v 0.0145069296 0.0159700493 -0.0015345822
v 0.0137219401 0.0153890195 -0.0015255811
v 0.0143769300 0.0160380600 -0.0018715862
v 0.0136999404 0.0154520197 -0.0018175852
v 0.0263169408 0.0268490293 -0.0043916122
v 0.0250179693 0.0256720089 -0.0042225729
v 0.0237499401 0.0244940498 -0.0039305701
v 0.0221479498 0.0229620297 -0.0039296168
v 0.0224769693 0.0233190597 -0.0036405939
v 0.0262619797 0.0268460490 -0.0046346199
v 0.0262649599 0.0267840602 -0.0048766152
v 0.0215519592 0.0219020189 -0.0027855647
v 0.0202679597 0.0207350196 -0.0024995815
v 0.0189799592 0.0195720101 -0.0022165785
v 0.0187639501 0.0197560096 -0.0024486194
v 0.0238839295 0.0244310402 -0.0035945789
v 0.0200499799 0.0209190192 -0.0027316226
v 0.0165679399 0.0112110303 0.0014713391
v 0.0177859608 0.0091510408 0.0024773462
v 0.0169919692 0.0106460397 0.0014803392
v 0.0179319307 0.0090720655 0.0021413553
v 0.0171659496 0.0106480700 0.0012533652
v 0.0182089806 0.0090970389 0.0018893473
v 0.0173949506 0.0107170298 0.0010953532
v 0.0185459796 0.0092220298 0.0017843233
v 0.0172829591 0.0113590304 0.0007783771
v 0.0163509808 0.0122240102 0.0003633771
v 0.0157729294 0.0133290198 -0.0001966230
v 0.0151659800 0.0136440303 -0.0003536230
v 0.0140389800 0.0151050602 -0.0011246211
v 0.0137929898 0.0149050298 -0.0009946231
v 0.0149689903 0.0135450298 -0.0001936230
v 0.0135789504 0.0148030500 -0.0007456231
v 0.0148119899 0.0135140400 0.0000273771
v 0.0134419696 0.0148210497 -0.0004316231
v 0.0151129300 0.0131100398 0.0004963770
v 0.0159709398 0.0121220304 0.0007453761
v 0.0161369406 0.0121400301 0.0005223771
v 0.0206719600 -0.0011379116 0.0060793749
v 0.0208309796 -0.0007419316 0.0059963461
v 0.0204709694 -0.0009109316 0.0060903421
v 0.0205149595 -0.0007249315 0.0060193530
v 0.0202059709 -0.0008649316 0.0062503210
v 0.0202389304 -0.0006629315 0.0061633583
v 0.0201039892 -0.0008339315 0.0063693519
v 0.0200519506 -0.0005659315 0.0064003459
v 0.0200319793 -0.0008009315 0.0065033432
v 0.0199909806 -0.0007679315 0.0066423412
v 0.0199719593 -0.0011239044 0.0067003361
v 0.0199629609 -0.0010899294 0.0068293210
v 0.0199469905 -0.0014839165 0.0066883560
v 0.0199169498 -0.0017359245 0.0067563650
v 0.0199159309 -0.0018368945 0.0066043731
v 0.0198569801 -0.0023149245 0.0064643623
v 0.0198809505 -0.0021648996 0.0064473741
v 0.0198479798 -0.0024428954 0.0062193272
v 0.0199099705 -0.0021119106 0.0063593380
v 0.0198749807 -0.0023769136 0.0061533453
v 0.0199529491 -0.0020608895 0.0062733289
v 0.0199139696 -0.0023128975 0.0060893290
v 0.0199659392 -0.0022538896 0.0060273401
v 0.0198709294 -0.0025238986 0.0058563354
v 0.0200079605 -0.0023518796 0.0057593581
v 0.0199879408 -0.0004519315 0.0066893692
v 0.0198039394 -0.0027279246 0.0059653523
v 0.0200999305 -0.0021558996 0.0059193370
v 0.0201999508 -0.0022289146 0.0056823494
v 0.0202519801 -0.0021108976 0.0058223602
v 0.0203369800 -0.0019208775 0.0059493782
v 0.0201629400 -0.0019438856 0.0060533282
v 0.0200109407 -0.0020158875 0.0061913721
v 0.0200609509 -0.0017378916 0.0062953230
v 0.0199939609 -0.0017678725 0.0063923589
v 0.0200349595 -0.0014538755 0.0064463612
v 0.0199459698 -0.0018008935 0.0064973232
v 0.0199799500 -0.0014678825 0.0065653321
v 0.0202359501 -0.0016968836 0.0061363570
v 0.0205039307 -0.0015389315 0.0060683481
v 0.0203139707 -0.0014328945 0.0061673523
v 0.0203929506 -0.0011678925 0.0061513782
v 0.0201599505 -0.0011488785 0.0063213702
v 0.0201109592 -0.0014429085 0.0063373443
v 0.0200719796 -0.0011389245 0.0064373609
v 0.0200089794 -0.0011308775 0.0065663453
v 0.0135789504 0.0148030500 -0.0007456231
v 0.0133609697 0.0149510502 -0.0007796231
v 0.0134419696 0.0148210497 -0.0004316231
v 0.0132089797 0.0150850396 -0.0009456231
v 0.0130739799 0.0151470303 -0.0007446232
v 0.0130869700 0.0151910101 -0.0011525762
v 0.0128239300 0.0153600498 -0.0012245781
v 0.0130009605 0.0152660598 -0.0013936171
v 0.0127299400 0.0154390296 -0.0017935642
v 0.0129509503 0.0153120103 -0.0018385652
v 0.0128019396 0.0153780494 -0.0023705962
v 0.0131149804 0.0152340502 -0.0022466192
v 0.0130809499 0.0152780403 -0.0018376121
v 0.0132179800 0.0152670097 -0.0018365981
v 0.0131219598 0.0152350598 -0.0014345652
v 0.0132489800 0.0152260595 -0.0014736062
v 0.0131979501 0.0151670500 -0.0012176041
v 0.0133159701 0.0151640101 -0.0012766132
v 0.0133069698 0.0150700201 -0.0010296112
v 0.0134139601 0.0150750195 -0.0011085871
v 0.0134439403 0.0149480700 -0.0008806231
v 0.0135379396 0.0149650498 -0.0009746231
v 0.0137929898 0.0149050298 -0.0009946231
v 0.0140389800 0.0151050602 -0.0011246211
v 0.0137389796 0.0150550603 -0.0011196141
v 0.0136369402 0.0150020699 -0.0010545852
v 0.0135249402 0.0151020204 -0.0011755831
v 0.0134359496 0.0151820098 -0.0013285881
v 0.0133769503 0.0152410202 -0.0015065682
v 0.0133549497 0.0152820301 -0.0018365981
v 0.0134669496 0.0152610502 -0.0021516092
v 0.0138429403 0.0152690400 -0.0012806061
v 0.0136339599 0.0151460095 -0.0012295851
v 0.0137219401 0.0153890195 -0.0015255811
v 0.0135529600 0.0152210499 -0.0013695961
v 0.0134999696 0.0152770196 -0.0015335681
v 0.0136999404 0.0154520197 -0.0018175852
v 0.0134839397 0.0153200597 -0.0018355851
v 0.0137759401 0.0154540500 -0.0021085741
v 0.0201999508 -0.0022289146 0.0056823494
v 0.0200079605 -0.0023518796 0.0057593581
v 0.0201899409 -0.0023059235 0.0055313703
v 0.0199169498 -0.0025469056 0.0055783393
v 0.0199779794 -0.0025808805 0.0053043363
v 0.0198409501 -0.0027499186 0.0054023263
v 0.0197829604 -0.0028768767 0.0056623223
v 0.0197719894 -0.0029519196 0.0055103304
v 0.0198709294 -0.0025238986 0.0058563354
v 0.0198039394 -0.0027279246 0.0059653523
v 0.0197939798 -0.0028029075 0.0058133604
v 0.0201699696 -0.0024598826 0.0052283403
v 0.0201799795 -0.0023828736 0.0053793194
v 0.0205469709 -0.0017788997 0.0042003390
v 0.0218099300 -0.0010029067 0.0040643211
v 0.0203919392 -0.0020899166 0.0043383242
v 0.0218119603 -0.0012838837 0.0042323471
v 0.0202469807 -0.0023608796 0.0045523641
v 0.0219279509 -0.0014159076 0.0044803611
v 0.0201879703 -0.0024659027 0.0046963694
v 0.0201479699 -0.0025299185 0.0048683283
v 0.0219859406 -0.0014508957 0.0047773711
v 0.0201409403 -0.0025289046 0.0050563213
v 0.0215249602 -0.0016788836 0.0051033493
v 0.0201699696 -0.0024598826 0.0052283403
v 0.0230179392 -0.0001519317 0.0038933749
v 0.0235289894 -0.0000609316 0.0039833179
v 0.0236639306 -0.0001799317 0.0042283530
v 0.0237339698 -0.0002059317 0.0045233360
v 0.0228229705 -0.0008189316 0.0049403301
v 0.0240639392 0.0001200684 0.0047383299
v 0.0253669601 0.0011810664 0.0041983718
v 0.0252389908 0.0011280173 0.0045013418
v 0.0263409596 0.0021930333 0.0042313326
v 0.0268589798 0.0026750563 0.0038133257
v 0.0273729507 0.0033110383 0.0039313428
v 0.0282189809 0.0042670362 0.0033713567
v 0.0283379499 0.0044820302 0.0036013717
v 0.0292399507 0.0057030323 0.0032443395
v 0.0294539891 0.0059530132 0.0028763407
v 0.0305639505 0.0077130191 0.0023343555
v 0.0304509401 0.0076910250 0.0020533194
v 0.0314229690 0.0094860188 0.0014793263
v 0.0312159602 0.0095180274 0.0012583723
v 0.0319959484 0.0111870105 0.0007093771
v 0.0316929817 0.0111260396 0.0006353772
v 0.0326809809 0.0128880097 0.0001343770
v 0.0327119790 0.0137320095 -0.0002496230
v 0.0332719609 0.0146210100 -0.0004656231
v 0.0335069783 0.0164150502 -0.0011945973
v 0.0338569805 0.0163870397 -0.0010275852
v 0.0241699796 0.0007680683 0.0036873218
v 0.0251339599 0.0013010502 0.0036643738
v 0.0252849404 0.0011970403 0.0039063691
v 0.0252559707 0.0017460583 0.0034493200
v 0.0266009495 0.0027710193 0.0032843347
v 0.0267679598 0.0026810163 0.0035233489
v 0.0262749698 0.0027750132 0.0031823507
v 0.0272309706 0.0038540363 0.0028873677
v 0.0279399697 0.0043380263 0.0028493396
v 0.0289619509 0.0061520330 0.0022193186
v 0.0291569792 0.0060000412 0.0023613565
v 0.0302509591 0.0077360269 0.0018273584
v 0.0293469392 0.0059400203 0.0025913706
v 0.0304509401 0.0085960618 0.0014603724
v 0.0334929787 0.0146250697 -0.0002576231
v 0.0340879485 0.0164390206 -0.0007206233
v 0.0336209498 0.0146800196 0.0000133764
v 0.0341379605 0.0165570304 -0.0003536232
v 0.0332919285 0.0137210405 0.0006443760
v 0.0330229402 0.0129270498 0.0006203770
v 0.0321979485 0.0109590200 0.0015803561
v 0.0323299691 0.0112060300 0.0012023431
v 0.0315409787 0.0095170142 0.0017583363
v 0.0322079584 0.0111670402 0.0009263772
v 0.0308509395 0.0082740180 0.0024523724
v 0.0328979418 0.0128800199 0.0003473770
v 0.0281189606 0.0042640564 0.0030833477
v 0.0138249304 0.0154130401 -0.0022795801
v 0.0138419801 0.0152490100 -0.0026496062
v 0.0137759401 0.0154540500 -0.0021085741
v 0.0137639605 0.0151760502 -0.0027136211
v 0.0134669496 0.0152610502 -0.0021516092
v 0.0136419497 0.0150730598 -0.0028935682
v 0.0134779802 0.0149600494 -0.0033316021
v 0.0138739301 0.0153720303 -0.0024505861
v 0.0139229801 0.0153300099 -0.0026205783
v 0.0133239599 0.0149280398 -0.0042805683
v 0.0132849803 0.0150290697 -0.0032355792
v 0.0131149804 0.0152340502 -0.0022466192
v 0.0131519400 0.0150800298 -0.0036435732
v 0.0129779503 0.0152300501 -0.0030075912
v 0.0128019396 0.0153780494 -0.0023705962
v 0.0201699696 -0.0024598826 0.0052283403
v 0.0199779794 -0.0025808805 0.0053043363
v 0.0201409403 -0.0025289046 0.0050563213
v 0.0200009905 -0.0026339286 0.0049163692
v 0.0201479699 -0.0025299185 0.0048683283
v 0.0201879703 -0.0024659027 0.0046963694
v 0.0200569592 -0.0024899236 0.0045543310
v 0.0202469807 -0.0023608796 0.0045523641
v 0.0201689601 -0.0021789066 0.0042813422
v 0.0203919392 -0.0020899166 0.0043383242
v 0.0202219393 -0.0017939196 0.0040743352
v 0.0205469709 -0.0017788997 0.0042003390
v 0.0198819600 -0.0027639257 0.0049093363
v 0.0198409501 -0.0027499186 0.0054023263
v 0.0197969601 -0.0029178847 0.0049023621
v 0.0197719894 -0.0029519196 0.0055103304
v 0.0197519604 -0.0030829307 0.0049003360
v 0.0197779499 -0.0029128777 0.0042983291
v 0.0198259894 -0.0027508728 0.0043833253
v 0.0199209396 -0.0026069278 0.0044753553
v 0.0198329594 -0.0025119178 0.0038203592
v 0.0198829696 -0.0023758997 0.0039863584
v 0.0199979506 -0.0022609226 0.0041503312
v 0.0198939405 -0.0019758928 0.0035073752
v 0.0199869797 -0.0018649097 0.0038253662
v 0.0199869797 -0.0018649097 0.0038253662
v 0.0198939405 -0.0019758928 0.0035073752
v 0.0200299602 -0.0005479318 0.0032133460
v 0.0199899599 0.0003730682 0.0025653240
v 0.0200239401 0.0007990682 0.0026703469
v 0.0198099595 0.0027180311 0.0015863768
v 0.0198879801 0.0024970171 0.0019683238
v 0.0196069404 0.0041770331 0.0012543197
v 0.0200269800 0.0026070473 0.0021963709
v 0.0197419506 0.0043020240 0.0014843337
v 0.0202499591 0.0026980631 0.0023533698
v 0.0199649893 0.0044140212 0.0016413327
v 0.0205049496 0.0027420523 0.0024223319
v 0.0201149508 0.0049720403 0.0014963736
v 0.0195359495 0.0060990449 0.0009203776
v 0.0194849297 0.0071460600 0.0005593765
v 0.0189659502 0.0077420469 0.0001983774
v 0.0186209604 0.0092390170 -0.0003766227
v 0.0181459691 0.0095550408 -0.0006246227
v 0.0175349694 0.0112250400 -0.0013005738
v 0.0172029696 0.0112030496 -0.0013995768
v 0.0161119606 0.0127560402 -0.0021566160
v 0.0159179494 0.0125340194 -0.0023046138
v 0.0147009399 0.0139570197 -0.0030356051
v 0.0146189900 0.0137510195 -0.0032885681
v 0.0138899600 0.0145800698 -0.0035865912
v 0.0133239599 0.0149280398 -0.0042805683
v 0.0149809700 0.0132600597 -0.0033715971
v 0.0158249699 0.0123380402 -0.0025535829
v 0.0164319798 0.0114100499 -0.0024175648
v 0.0168939792 0.0108200301 -0.0017935638
v 0.0176549498 0.0094010233 -0.0014305717
v 0.0178199392 0.0092090358 -0.0010175707
v 0.0186349694 0.0072630639 -0.0004246226
v 0.0186249595 0.0074350228 -0.0001916226
v 0.0191849396 0.0058270093 0.0005323775
v 0.0193149392 0.0059660669 0.0007653776
v 0.0193559509 0.0050250292 0.0005853776
v 0.0142389499 0.0145150402 -0.0032625801
v 0.0144349895 0.0145490102 -0.0031285891
v 0.0148819601 0.0142010402 -0.0028895742
v 0.0145409703 0.0146000299 -0.0030795941
v 0.0146289403 0.0146710200 -0.0030605802
v 0.0162389800 0.0130810103 -0.0022016171
v 0.0146679804 0.0147100601 -0.0030595671
v 0.0147079797 0.0147480301 -0.0030626060
v 0.0147479698 0.0147850502 -0.0030695800
v 0.0203869902 0.0009640682 0.0030533668
v 0.0206499603 0.0004820682 0.0033273690
v 0.0203919392 -0.0004119317 0.0035953520
v 0.0205469709 -0.0017788997 0.0042003390
v 0.0202219393 -0.0017939196 0.0040743352
v 0.0201729499 -0.0004669317 0.0034353731
v 0.0169989392 0.0110030099 -0.0015485889
v 0.0179339591 0.0093770623 -0.0007766227
v 0.0187479798 0.0075880280 0.0000443769
v 0.0201659705 0.0008930682 0.0028953549
v 0.0056419368 -0.0199109300 -0.0031076054
v 0.0053629871 -0.0199869203 -0.0030605776
v 0.0056149359 -0.0197908806 -0.0031325795
v 0.0053449860 -0.0198749306 -0.0030795914
v 0.0053539872 -0.0197579211 -0.0031285865
v 0.0054229489 -0.0195708799 -0.0032625775
v 0.0056839581 -0.0195029306 -0.0033125856
v 0.0058919778 -0.0197278804 -0.0030626034
v 0.0058939452 -0.0194649103 -0.0032415964
v 0.0061149588 -0.0196378811 -0.0028966045
v 0.0060709710 -0.0193828906 -0.0031315665
v 0.0062569370 -0.0195949005 -0.0026496036
v 0.0062329760 -0.0194908904 -0.0027136185
v 0.0062039490 -0.0193328804 -0.0028935656
v 0.0061889882 -0.0191339201 -0.0033315995
v 0.0060939780 -0.0191599096 -0.0035355666
v 0.0061519742 -0.0190458804 -0.0038965926
v 0.0060939780 -0.0190669208 -0.0039246068
v 0.0062379828 -0.0189849104 -0.0042805657
v 0.0056529641 -0.0193009305 -0.0035865886
v 0.0058579440 -0.0192338808 -0.0036455965
v 0.0059809680 -0.0192068799 -0.0035945756
v 0.0060339570 -0.0190839100 -0.0039516077
v 0.0062379828 -0.0189849104 -0.0042805657
v 0.0062869778 -0.0197049307 -0.0026205756
v 0.0061419602 -0.0197588804 -0.0028696045
v 0.0059149861 -0.0198308809 -0.0030406095
v 0.0062379828 -0.0189849104 -0.0042805657
v 0.0062379828 -0.0189849104 -0.0042805657
v 0.0053629871 -0.0199869203 -0.0030605776
v 0.0056419368 -0.0199109300 -0.0031076054
v 0.0053769350 -0.0200399107 -0.0030595645
v 0.0056529641 -0.0199999197 -0.0031076054
v 0.0053899880 -0.0200939106 -0.0030626034
v 0.0054019680 -0.0201469010 -0.0030695774
v 0.0057799811 -0.0200659002 -0.0031076054
v 0.0059419870 -0.0199348910 -0.0030406095
v 0.0061319470 -0.0200209005 -0.0029495935
v 0.0061839810 -0.0198869111 -0.0028616166
v 0.0063639870 -0.0200248903 -0.0026385764
v 0.0063409801 -0.0199178999 -0.0026245696
v 0.0063149328 -0.0198109096 -0.0026195626
v 0.0061419602 -0.0197588804 -0.0028696045
v 0.0062869778 -0.0197049307 -0.0026205756
v 0.0059149861 -0.0198308809 -0.0030406095
v 0.0089779487 -0.0362058808 -0.0057995883
v 0.0092399707 -0.0361419287 -0.0058135954
v 0.0092839589 -0.0363778998 -0.0058625904
v 0.0095189800 -0.0363329020 -0.0057985751
v 0.0095979571 -0.0365388919 -0.0058345762
v 0.0097619891 -0.0362958912 -0.0056195823
v 0.0098649850 -0.0366608989 -0.0057035652
v 0.0099679818 -0.0366998915 -0.0055986014
v 0.0100429598 -0.0367218819 -0.0054686032
v 0.0097039342 -0.0360769000 -0.0055665933
v 0.0094929328 -0.0360969309 -0.0057315795
v 0.0061319470 -0.0200209005 -0.0029495935
v 0.0063639870 -0.0200248903 -0.0026385764
v 0.0068149562 -0.0229928999 -0.0033586003
v 0.0074659581 -0.0253938998 -0.0035155990
v 0.0086409440 -0.0314759020 -0.0047785607
v 0.0086269369 -0.0307469297 -0.0044155689
v 0.0098469853 -0.0360829201 -0.0053386065
v 0.0088489652 -0.0324019086 -0.0049365725
v 0.0097039342 -0.0360769000 -0.0055665933
v 0.0094929328 -0.0360969309 -0.0057315795
v 0.0086029759 -0.0324268904 -0.0051146116
v 0.0092399707 -0.0361419287 -0.0058135954
v 0.0083119860 -0.0324819017 -0.0051805944
v 0.0089779487 -0.0362058808 -0.0057995883
v 0.0088689318 -0.0361369219 -0.0057566134
v 0.0070699449 -0.0281599111 -0.0043876150
v 0.0081029534 -0.0315558914 -0.0050215697
v 0.0083949557 -0.0315009322 -0.0049555865
v 0.0062759509 -0.0230638909 -0.0036005952
v 0.0054019680 -0.0201469010 -0.0030695774
v 0.0057799811 -0.0200659002 -0.0031076054
v 0.0065689678 -0.0230148996 -0.0035346133
v 0.0008039880 -0.0380738900 -0.0017555921
v -0.0023300049 -0.0380119011 -0.0005016191
v -0.0005260120 -0.0380229318 -0.0015345781
v -0.0024380081 -0.0379449092 -0.0007756191
v -0.0006230120 -0.0378398785 -0.0017765732
v -0.0025219910 -0.0377669298 -0.0010045731
v -0.0025669930 -0.0375068710 -0.0011525722
v -0.0006810120 -0.0375649297 -0.0019276111
v -0.0025659790 -0.0372079016 -0.0011945932
v 0.0003149880 -0.0372729303 -0.0023705922
v 0.0014869570 -0.0375298785 -0.0028045741
v 0.0031929610 -0.0371149110 -0.0035275782
v 0.0036499500 -0.0373688902 -0.0036696163
v 0.0055249329 -0.0371268916 -0.0044105612
v 0.0056259632 -0.0374059010 -0.0042635761
v 0.0077379341 -0.0370209221 -0.0050845714
v 0.0057519670 -0.0375829305 -0.0040135942
v 0.0078739524 -0.0371949006 -0.0048325620
v 0.0070329299 -0.0374259319 -0.0041865674
v 0.0100729400 -0.0367239122 -0.0053886143
v 0.0100869499 -0.0367209319 -0.0053476063
v 0.0060499310 -0.0367348719 -0.0046585761
v 0.0076209302 -0.0367419090 -0.0052306024
v 0.0092839589 -0.0363778998 -0.0058625904
v 0.0095979571 -0.0365388919 -0.0058345762
v 0.0088689318 -0.0361369219 -0.0057566134
v 0.0089779487 -0.0362058808 -0.0057995883
v 0.0098649850 -0.0366608989 -0.0057035652
v 0.0099679818 -0.0366998915 -0.0055986014
v 0.0100429598 -0.0367218819 -0.0054686032
v 0.0100579802 -0.0367239122 -0.0054286095
v 0.0039319391 -0.0378789308 -0.0029866061
v 0.0038559430 -0.0378268885 -0.0032736032
v 0.0037379861 -0.0376468788 -0.0035206042
v 0.0016679760 -0.0379878806 -0.0024095740
v 0.0015599719 -0.0378059114 -0.0026546092
v -0.0026299951 -0.0379208885 -0.0003986191
v -0.0027579661 -0.0378258787 -0.0003536191
v -0.0026220081 -0.0379049108 -0.0006946191
v -0.0028359881 -0.0377228782 -0.0007206192
v -0.0025479789 -0.0377619193 -0.0009956192
v -0.0027309649 -0.0376089216 -0.0009956192
v -0.0025219910 -0.0377669298 -0.0010045731
v -0.0025669930 -0.0375068710 -0.0011525722
v -0.0027649989 -0.0374969208 -0.0010275811
v -0.0025659790 -0.0372079016 -0.0011945932
v -0.0024380081 -0.0379449092 -0.0007756191
v -0.0023300049 -0.0380119011 -0.0005016191
v -0.0024849770 -0.0379838907 -0.0004496191
v -0.0023239851 -0.0379939005 0.0000263807
v -0.0024789569 -0.0379619002 -0.0001866191
v -0.0021669860 -0.0380219184 -0.0000266190
v -0.0024849770 -0.0379838907 -0.0004496191
v -0.0023300049 -0.0380119011 -0.0005016191
v -0.0024699559 -0.0379308984 0.0000763807
v -0.0027579661 -0.0378258787 -0.0003536191
v -0.0026299951 -0.0379208885 -0.0003986191
v -0.0025990000 -0.0378348790 0.0001213799
v -0.0023949740 -0.0377869010 0.0004483809
v -0.0025990000 -0.0378348790 0.0001213799
v -0.0022499559 -0.0379539095 0.0002603809
v -0.0024699559 -0.0379308984 0.0000763807
v -0.0023239851 -0.0379939005 0.0000263807
v -0.0021669860 -0.0380219184 -0.0000266190
v -0.0020239940 -0.0379359089 0.0003103809
v -0.0022209880 -0.0377948805 0.0005043808
v -0.0019489520 -0.0377728901 0.0005043808
v -0.0021179910 -0.0376018807 0.0006483798
v -0.0019059770 -0.0376839004 0.0005623808
v -0.0018429750 -0.0373278781 0.0006663808
v 0.0144239599 0.0148750495 -0.0031076080
v 0.0146289403 0.0146710200 -0.0030605802
v 0.0143329501 0.0147910693 -0.0031325821
v 0.0145409703 0.0146000299 -0.0030795941
v 0.0144349895 0.0145490102 -0.0031285891
v 0.0142389499 0.0145150402 -0.0032625801
v 0.0140489899 0.0147080400 -0.0033125881
v 0.0141399503 0.0150000395 -0.0030626061
v 0.0139109399 0.0148700399 -0.0032415990
v 0.0139499903 0.0151480397 -0.0028966071
v 0.0137519799 0.0149830494 -0.0031315691
v 0.0138419801 0.0152490100 -0.0026496062
v 0.0137639605 0.0151760502 -0.0027136211
v 0.0136419497 0.0150730598 -0.0028935682
v 0.0134779802 0.0149600494 -0.0033316021
v 0.0135469399 0.0148900093 -0.0035355691
v 0.0134189697 0.0148840497 -0.0038965952
v 0.0134669496 0.0148450701 -0.0039246094
v 0.0133239599 0.0149280398 -0.0042805683
v 0.0138899600 0.0145800698 -0.0035865912
v 0.0137299802 0.0147240094 -0.0036455991
v 0.0136449896 0.0148170495 -0.0035945782
v 0.0135109397 0.0148010195 -0.0039516103
v 0.0133239599 0.0149280398 -0.0042805683
v 0.0139229801 0.0153300099 -0.0026205783
v 0.0140419602 0.0152320198 -0.0028696072
v 0.0142179700 0.0150720400 -0.0030406122
v 0.0133239599 0.0149280398 -0.0042805683
v 0.0133239599 0.0149280398 -0.0042805683
v 0.0146289403 0.0146710200 -0.0030605802
v 0.0144239599 0.0148750495 -0.0031076080
v 0.0146679804 0.0147100601 -0.0030595671
v 0.0144949500 0.0149290494 -0.0031076080
v 0.0147079797 0.0147480301 -0.0030626060
v 0.0147479698 0.0147850502 -0.0030695800
v 0.0144889299 0.0150710295 -0.0031076080
v 0.0142939603 0.0151470301 -0.0030406122
v 0.0142739397 0.0153540296 -0.0029495961
v 0.0141319605 0.0153320402 -0.0028616192
v 0.0141609898 0.0155570496 -0.0026385791
v 0.0140799796 0.0154840302 -0.0026245723
v 0.0140009504 0.0154080296 -0.0026195652
v 0.0140419602 0.0152320198 -0.0028696072
v 0.0139229801 0.0153300099 -0.0026205783
v 0.0142179700 0.0150720400 -0.0030406122
v 0.0268679801 0.0259120404 -0.0057995930
v 0.0266819503 0.0261070687 -0.0058136001
v 0.0268629696 0.0262620389 -0.0058625952
v 0.0267069899 0.0264440100 -0.0057985798
v 0.0268459897 0.0266150194 -0.0058345810
v 0.0265529696 0.0266350503 -0.0056195871
v 0.0268179700 0.0269070189 -0.0057035700
v 0.0268009901 0.0270160395 -0.0055986063
v 0.0267819706 0.0270910203 -0.0054686081
v 0.0263919793 0.0264760196 -0.0055665981
v 0.0265159607 0.0263030487 -0.0057315842
v 0.0142739397 0.0153540296 -0.0029495961
v 0.0141609898 0.0155570496 -0.0026385791
v 0.0165059492 0.0174320300 -0.0033586034
v 0.0182599407 0.0191960295 -0.0035156024
v 0.0229399800 0.0232540291 -0.0047785648
v 0.0223149601 0.0228780505 -0.0044155730
v 0.0263259392 0.0266030390 -0.0053386112
v 0.0236379504 0.0238980591 -0.0049365768
v 0.0263919793 0.0264760196 -0.0055665981
v 0.0265159607 0.0263030487 -0.0057315842
v 0.0237829592 0.0236980297 -0.0051146158
v 0.0266819503 0.0261070687 -0.0058136001
v 0.0239759609 0.0234720703 -0.0051805986
v 0.0268679801 0.0259120404 -0.0057995930
v 0.0268619601 0.0257830597 -0.0057566181
v 0.0208539292 0.0202360094 -0.0043876186
v 0.0232779309 0.0228280403 -0.0050215738
v 0.0230849292 0.0230540592 -0.0049555906
v 0.0168369394 0.0170000100 -0.0036005982
v 0.0147479698 0.0147850502 -0.0030695800
v 0.0144889299 0.0150710295 -0.0031076080
v 0.0166479908 0.0172290203 -0.0035346163
v 0.0325729810 0.0197670403 -0.0017555965
v 0.0340859815 0.0170220695 -0.0005016233
v 0.0331929885 0.0185890103 -0.0015345824
v 0.0340819284 0.0168940406 -0.0007756232
v 0.0330829583 0.0184140204 -0.0017765774
v 0.0339689814 0.0167330503 -0.0010045772
v 0.0337669812 0.0165640692 -0.0011525763
v 0.0328739807 0.0182260199 -0.0019276154
v 0.0335069783 0.0164150502 -0.0011945973
v 0.0321229585 0.0189430693 -0.0023705964
v 0.0317589603 0.0200860498 -0.0028045784
v 0.0305469595 0.0213560403 -0.0035275826
v 0.0305379592 0.0218790096 -0.0036696207
v 0.0293919407 0.0233810503 -0.0044105657
v 0.0295829698 0.0236090400 -0.0042635807
v 0.0281929299 0.0252450701 -0.0050845761
v 0.0296729803 0.0238070392 -0.0040135988
v 0.0282759592 0.0254500505 -0.0048325668
v 0.0288969800 0.0248380300 -0.0041865721
v 0.0267679598 0.0271190401 -0.0053886191
v 0.0267589595 0.0271300595 -0.0053476111
v 0.0287899300 0.0236410402 -0.0046585807
v 0.0280099493 0.0250040196 -0.0052306070
v 0.0268629696 0.0262620389 -0.0058625952
v 0.0268459897 0.0266150194 -0.0058345810
v 0.0268619601 0.0257830597 -0.0057566181
v 0.0268679801 0.0259120404 -0.0057995930
v 0.0268179700 0.0269070189 -0.0057035700
v 0.0268009901 0.0270160395 -0.0055986063
v 0.0267819706 0.0270910203 -0.0054686081
v 0.0267759506 0.0271060388 -0.0054286143
v 0.0308389608 0.0223780198 -0.0029866107
v 0.0308319908 0.0222860498 -0.0032736078
v 0.0307359602 0.0220940706 -0.0035206087
v 0.0320659801 0.0204710307 -0.0024095784
v 0.0319619700 0.0202880500 -0.0026546136
v 0.0341569707 0.0167160593 -0.0003986233
v 0.0341379605 0.0165570304 -0.0003536232
v 0.0341389701 0.0167140308 -0.0006946233
v 0.0340879485 0.0164390206 -0.0007206233
v 0.0339779817 0.0167080107 -0.0009956233
v 0.0339369699 0.0164730492 -0.0009956233
v 0.0339689814 0.0167330503 -0.0010045772
v 0.0337669812 0.0165640692 -0.0011525763
v 0.0338569805 0.0163870397 -0.0010275852
v 0.0335069783 0.0164150502 -0.0011945973
v 0.0340819284 0.0168940406 -0.0007756232
v 0.0340859815 0.0170220695 -0.0005016233
v 0.0341389701 0.0168730598 -0.0004496233
v 0.0340669714 0.0170180202 0.0000263765
v 0.0341169797 0.0168670397 -0.0001866233
v 0.0340129696 0.0171670299 -0.0000266232
v 0.0341389701 0.0168730598 -0.0004496233
v 0.0340859815 0.0170220695 -0.0005016233
v 0.0340849683 0.0168590508 0.0000763765
v 0.0341379605 0.0165570304 -0.0003536232
v 0.0341569707 0.0167160593 -0.0003986233
v 0.0340669714 0.0166990105 0.0001213757
v 0.0339229703 0.0168530308 0.0004483767
v 0.0340669714 0.0166990105 0.0001213757
v 0.0339959785 0.0170620606 0.0002603767
v 0.0340849683 0.0168590508 0.0000763765
v 0.0340669714 0.0170180202 0.0000263765
v 0.0340129696 0.0171670299 -0.0000266232
v 0.0338669382 0.0172480308 0.0003103767
v 0.0338429809 0.0170070492 0.0005043767
v 0.0336889587 0.0172320605 0.0005043767
v 0.0336239897 0.0170000103 0.0006483757
v 0.0335889384 0.0172240697 0.0005623767
v 0.0332499705 0.0171010402 0.0006663767
vn -0.3756161363 0.0737712398 -0.9238345752
vn -0.3755092108 0.0738430725 -0.9238723035
vn -0.3755678943 0.0738009852 -0.9238518124
vn -0.3754513713 0.0738305784 -0.9238968089
vn -0.3754740756 0.0737929698 -0.9238905867
vn -0.3754245472 0.0738185195 -0.9239086727
vn -0.3755537075 0.0738778677 -0.9238514347
vn -0.3754985915 0.0738295245 -0.9238777025
vn -0.3755245451 0.0738629147 -0.9238644846
vn -0.3755418201 0.0738647431 -0.9238573164
vn -0.3754985563 0.0738396117 -0.9238769106
vn -0.3754983288 0.0738764634 -0.9238740570
vn -0.3754527233 0.0740379223 -0.9238796667
vn -0.3754540761 0.0737749436 -0.9239001539
vn -0.3755431172 0.0739015938 -0.9238538421
vn -0.3754874049 0.0738812260 -0.9238781160
vn -0.3755247627 0.0739228158 -0.9238596051
vn -0.3755548522 0.0739930577 -0.9238417507
vn -0.3755315300 0.0738615657 -0.9238617532
vn -0.3754275180 0.0736435074 -0.9239214320
vn -0.3756301197 0.0737988269 -0.9238266863
vn -0.3755010696 0.0736615643 -0.9238901021
vn -0.3755147516 0.0738635755 -0.9238684125
vn -0.3754508593 0.0739123094 -0.9238904820
vn -0.3754741273 0.0741605257 -0.9238611347
vn 0.3756150608 -0.0739857970 0.9238178543
vn 0.3754488574 -0.0738177590 0.9238988548
vn 0.3754309547 -0.0738013161 0.9239074434
vn 0.3754722819 -0.0738157943 0.9238894923
vn 0.3754814088 -0.0737774926 0.9238888425
vn 0.3755201222 -0.0738397717 0.9238681323
vn 0.3755421054 -0.0737967177 0.9238626367
vn 0.3753755883 -0.0739038489 0.9239217439
vn 0.3754049271 -0.0738406458 0.9239148769
vn 0.3754062724 -0.0738581718 0.9239129294
vn 0.3754566094 -0.0739146340 0.9238879593
vn 0.3754938708 -0.0740046977 0.9238656059
vn 0.3752935783 -0.0738401670 0.9239601505
vn 0.3753356793 -0.0738198459 0.9239446727
vn 0.3753733347 -0.0738392365 0.9239278255
vn 0.3755956632 -0.0740767630 0.9238184513
vn 0.3756066241 -0.0741325640 0.9238095187
vn 0.3754824902 -0.0737841095 0.9238878745
vn 0.3754526906 -0.0738288326 0.9238964123
vn 0.3755383584 -0.0739301827 0.9238534892
vn 0.3752797013 -0.0744404509 0.9239176181
vn 0.3755567574 -0.0738937302 0.9238489263
vn 0.3754824539 -0.0738035919 0.9238863332
vn 0.3757016268 -0.0738242411 0.9237955775
vn 0.1238909434 -0.3621630499 -0.9238446619
vn 0.1238134591 -0.3621100369 -0.9238758296
vn 0.1238190918 -0.3621242908 -0.9238694878
vn 0.1238003433 -0.3621078248 -0.9238784543
vn 0.1237479885 -0.3621021980 -0.9238876737
vn 0.1237798999 -0.3621433448 -0.9238672709
vn 0.1237854846 -0.3620700843 -0.9238952364
vn 0.1237926367 -0.3620304315 -0.9239098169
vn 0.1238326779 -0.3621313938 -0.9238648827
vn 0.1238211834 -0.3621055331 -0.9238765596
vn 0.1238232930 -0.3620850981 -0.9238842860
vn 0.1237111143 -0.3621669494 -0.9238672312
vn 0.1238473167 -0.3620819783 -0.9238822886
vn 0.1238353616 -0.3620805657 -0.9238844447
vn 0.1235776352 -0.3620796173 -0.9239193248
vn 0.1237130098 -0.3620600610 -0.9239088718
vn 0.1237100597 -0.3622341276 -0.9238410350
vn 0.1236887254 -0.3621699224 -0.9238690635
vn 0.1236841705 -0.3621828082 -0.9238646218
vn 0.1237898305 -0.3621058862 -0.9238806227
vn 0.1239254557 -0.3619855161 -0.9239096101
vn 0.1239295496 -0.3619354843 -0.9239286617
vn 0.1237682792 -0.3620241556 -0.9239155393
vn 0.1235845148 -0.3619951664 -0.9239514961
vn 0.1231206124 -0.3623242570 -0.9238844341
vn -0.1237350532 0.3623189753 0.9238044148
vn -0.1238401354 0.3621549778 0.9238546384
vn -0.1236701854 0.3621911766 0.9238632133
vn -0.1237808804 0.3621112077 0.9238797362
vn -0.1235067853 0.3620896346 0.9239248728
vn -0.1238421748 0.3621399426 0.9238602588
vn -0.1236493891 0.3620406578 0.9239249919
vn -0.1237602857 0.3622066523 0.9238450805
vn -0.1238281237 0.3620279975 0.9239060151
vn -0.1237615308 0.3621413455 0.9238705155
vn -0.1236867493 0.3623060052 0.9238159701
vn -0.1238327389 0.3621621017 0.9238528372
vn -0.1239365042 0.3620481100 0.9238836014
vn -0.1240325736 0.3619416452 0.9239124234
vn -0.1239254478 0.3619944199 0.9239061226
vn -0.1236617288 0.3622245022 0.9238512796
vn -0.1238633924 0.3620259706 0.9239020817
vn -0.1238285907 0.3620585517 0.9238939795
vn -0.1238096062 0.3620651334 0.9238939444
vn -0.1233214182 0.3621642873 0.9239203737
vn -0.1242706305 0.3620145625 0.9238518642
vn -0.1237980798 0.3620172099 0.9239142683
vn -0.1233355997 0.3620872267 0.9239486837
vn -0.1239049047 0.3622731267 0.9237996299
vn 0.6032185845 0.7975743371 0.0015862477
vn 0.6397904556 0.7685480873 -0.0014178908
vn 0.6084325730 0.7936014388 -0.0025613389
vn 0.6414903496 0.7671293941 -0.0016199025
vn 0.6488700586 0.7608940618 -0.0028060126
vn 0.7037564506 0.7104327459 -0.0034888091
vn 0.6735656552 0.7391249449 -0.0019036983
vn 0.7577666473 0.6525193886 0.0028558252
vn 0.7872537066 0.6166202692 -0.0033234089
vn 0.8295727477 0.5583924781 0.0026261679
vn 0.8583895374 0.5129895420 -0.0030218964
vn 0.8895580205 0.4568163164 0.0023197378
vn 0.9159131861 0.4013675701 -0.0026663059
vn 0.9371844516 0.3488286848 0.0019627397
vn 0.9589814699 0.2834596302 -0.0022756001
vn 0.9716938819 0.2362381070 0.0015989908
vn 0.9869528090 0.1609994893 -0.0018213512
vn 0.9927018127 0.1205889474 0.0011902965
vn 0.9993520926 0.0359654213 -0.0013724376
vn 0.9999936988 0.0034723134 0.0007384647
vn 0.9960244677 -0.0890653505 -0.0016195618
vn 0.9961883374 -0.0872283925 0.0000633713
vn 0.9914471042 -0.1305051448 -0.0010231545
vn 0.9876116224 -0.1568961670 -0.0026222165
vn 0.9797850643 -0.2000506273 0.0009870771
vn 0.9769019435 -0.2136816435 -0.0016577359
vn 0.9616797537 -0.2741739552 0.0008327645
vn 0.9424829441 -0.3342518833 -0.0012564236
vn 0.9195922614 -0.3928721488 0.0012439541
vn 0.8931461407 -0.4497648460 -0.0012468580
vn 0.8631385434 -0.5049656379 0.0012487793
vn 0.8297744566 -0.5580974898 -0.0012421529
vn 0.7930490722 -0.6091564606 0.0012552102
vn 0.7532640877 -0.6577170226 -0.0012378650
vn 0.7104866098 -0.7037095980 0.0012565483
vn 0.6649262584 -0.7469079885 -0.0012359583
vn 0.6167013884 -0.7871961692 0.0012604188
vn 0.5660560140 -0.8243658579 -0.0012334520
vn 0.5131189100 -0.8583166000 0.0012642344
vn 0.4579485089 -0.8889781671 -0.0009907356
vn 0.4017252040 -0.9157587656 0.0016564025
vn 0.3926422908 -0.9196906038 -0.0011066550
vn 0.3484880147 -0.9373116012 0.0017509600
vn 0.2834689027 -0.9589797393 0.0018002074
vn 0.3340623527 -0.9425495624 0.0016330570
vn 0.2914198591 -0.9565952444 -0.0000636231
vn 0.2027181091 -0.9792363711 -0.0012238342
vn 0.1612512246 -0.9869119107 0.0017097307
vn 0.0845094298 -0.9964215324 -0.0015119528
vn 0.0362318540 -0.9993413841 0.0020126717
vn -0.0311574478 -0.9995132154 -0.0015955340
vn -0.0892089107 -0.9960098720 0.0024708531
vn -0.1363687852 -0.9906571290 -0.0014167800
vn -0.2135594201 -0.9769269424 0.0024745420
vn -0.2342146063 -0.9721843474 -0.0010549606
vn -0.3343994370 -0.9424293975 0.0019614497
vn -0.3292617616 -0.9442386812 -0.0000721907
vn -0.4210165689 -0.9070529466 0.0000271435
vn -0.4492964092 -0.8933793494 0.0024646892
vn -0.5010072690 -0.8654430496 -0.0002103210
vn -0.5580892873 -0.8297738854 0.0034126965
vn -0.5461488170 -0.8376881278 0.0002648864
vn -0.5764793418 -0.8171115474 0.0005362500
vn -0.6029502592 -0.7977736667 0.0028568569
vn -0.6128257211 -0.7902115344 0.0032197084
vn -0.6161267550 -0.7876424927 0.0026693762
vn -0.6197649545 -0.7847843929 0.0022040568
vn -0.6246278361 -0.7809208172 0.0016564030
vn -0.6302575272 -0.7763854103 0.0010696463
vn -0.6552828945 -0.7553826626 -0.0011667224
vn -0.6092784574 -0.7929548405 -0.0015434658
vn -0.6254502890 -0.7802639709 -0.0002679001
vn -0.6075014103 -0.7943185988 -0.0000106825
vn -0.5741475311 -0.8187518036 0.0003108733
vn -0.5049003497 -0.8631762705 -0.0015371782
vn -0.4966747128 -0.8679360576 0.0011088501
vn -0.3927792251 -0.9196319465 -0.0012503503
vn -0.3919118068 -0.9200024692 0.0007696500
vn -0.2742871174 -0.9616474994 -0.0008149749
vn -0.2812435003 -0.9596363744 0.0003498928
vn -0.1516685277 -0.9884311967 -0.0006535305
vn -0.1672916035 -0.9859074598 0.0000130178
vn -0.0504081476 -0.9987286649 0.0002694668
vn -0.0269636815 -0.9996357869 -0.0011195692
vn 0.0677968040 -0.9976987492 0.0008939721
vn 0.0984770035 -0.9951376711 -0.0018153020
vn 0.1854035946 -0.9826612384 0.0015484646
vn 0.2227021322 -0.9748832216 -0.0025425451
vn 0.2946169928 -0.9556153827 0.0002607104
vn 0.3440238548 -0.9389587318 -0.0020216976
vn 0.3264452156 -0.9452160479 -0.0003795344
vn 0.3384708352 -0.9409768763 -0.0001089426
vn 0.3503198810 -0.9366301126 -0.0001150730
vn 0.9882669674 -0.1527226739 0.0020459623
vn 0.9886530319 -0.1502171177 -0.0000005297
vn 0.9894145145 -0.1451169107 0.0000271255
vn 0.9894263617 -0.1450361085 0.0000444082
vn 0.9913393064 -0.1313250716 0.0003243323
vn 0.9927722379 -0.1200098370 0.0009605567
vn 0.9958992441 -0.0904450763 0.0020937579
vn 0.9996542681 -0.0261391056 0.0028445573
vn 0.9984722013 -0.0552494338 0.0008736356
vn 0.9999999256 -0.0003345598 0.0001921789
vn 0.9961729249 0.0874014243 -0.0007034272
vn 0.9951424340 0.0984157222 0.0024252214
vn 0.9824809249 0.1863568707 -0.0015326123
vn 0.9748114034 0.2230127187 0.0028381459
vn 0.9589591863 0.2835411994 -0.0012912168
vn 0.9391406399 0.3435255176 0.0022532674
vn 0.9256896040 0.3782838383 -0.0003078712
vn 0.8887093141 0.4584697563 0.0011124237
vn 0.8808038622 0.4734813096 -0.0000758816
vn 0.8204402065 0.5717322096 -0.0003847915
vn 0.8244188982 0.5659796802 0.0006941598
vn 0.7466423750 0.6652252923 -0.0006886994
vn 0.7469543639 0.6648745816 0.0009843777
vn 0.6822588978 0.7311106075 -0.0002757007
vn 0.6577407838 0.7532433377 0.0012391925
vn 0.6526060486 0.7576973969 0.0000076204
vn 0.6435148021 0.7654336440 0.0001897400
vn 0.5581061842 0.8297686069 0.0012434669
vn 0.5049670584 0.8631377137 -0.0012478573
vn 0.4497761760 0.8931404345 0.0012473116
vn 0.3928744936 0.9195912597 -0.0012439251
vn 0.3342538134 0.9424822595 0.0012564626
vn 0.2744486238 0.9616009703 -0.0012356468
vn 0.2134092315 0.9769620781 0.0012640962
vn 0.1515768918 0.9884446997 -0.0012335087
vn 0.0893652652 0.9959981302 0.0012546043
vn 0.0267184163 0.9996422334 -0.0012375234
vn -0.0361143463 0.9993468724 0.0012579917
vn -0.0987224658 0.9951142407 -0.0012339962
vn -0.1611552892 0.9869282505 0.0012653367
vn -0.2229476555 0.9748296337 -0.0012361563
vn -0.2831201658 0.9590823722 0.0019937410
vn -0.3429105702 0.9393664467 -0.0017376920
vn -0.3304823829 0.9438118534 0.0007615385
vn -0.3625964765 0.9319462022 -0.0002674007
vn -0.3836427980 0.9234808799 -0.0011260513
vn -0.4212973819 0.9069223609 -0.0005893403
vn -0.4580632263 0.8889169217 -0.0021879499
vn -0.5033759090 0.8640653630 0.0019345902
vn -0.5660187848 0.8243889763 -0.0023560770
vn -0.6011441804 0.7991380216 0.0020240570
vn -0.6649014604 0.7469270349 -0.0024601853
vn -0.6908437610 0.7230011128 0.0020709413
vn -0.7532607155 0.6577174599 -0.0024571207
vn -0.7708929164 0.6369614332 0.0020601318
vn -0.8297825750 0.5580817476 -0.0023751312
vn -0.8403387933 0.5420581301 0.0019225098
vn -0.8931695760 0.4497146100 -0.0022086259
vn -0.8983105122 0.4393580047 0.0016635099
vn -0.9425393335 0.3340900985 -0.0018468755
vn -0.9438219649 0.3304520084 0.0012524696
vn -0.9768596325 0.2138687774 -0.0023247331
vn -0.9750006051 0.2222021212 0.0001934901
vn -0.9826353814 0.1855453298 -0.0007986526
vn -0.9845010177 0.1753730266 -0.0014310097
vn -0.9888752764 0.1487036311 -0.0035941464
vn -0.9908574962 0.1349110510 -0.0006561726
vn -0.9960516666 0.0887495631 -0.0021430137
vn -0.9884899546 0.1512767638 0.0017176408
vn -0.9996422343 0.0267184409 0.0012362672
vn -0.9993472684 -0.0361033590 -0.0012588020
vn -0.9951140423 -0.0987244697 0.0012336637
vn -0.9869285611 -0.1611533859 -0.0012655276
vn -0.9748271290 -0.2229586049 0.0012365511
vn -0.9589350441 -0.2836230105 -0.0012526145
vn -0.9392594898 -0.3432055843 0.0012400108
vn -0.9158675537 -0.4014785808 -0.0012542727
vn -0.8888948010 -0.4581097094 0.0012357161
vn -0.8583148996 -0.5131217546 -0.0012641365
vn -0.8243561343 -0.5660701728 0.0012342142
vn -0.7872018100 -0.6166941921 -0.0012584852
vn -0.7469130654 -0.6649205517 0.0012379652
vn -0.7447566096 -0.6673351386 -0.0011854293
vn -0.7037287619 -0.7104675364 0.0013074303
vn -0.6577083824 -0.7532714856 -0.0013238572
vn -0.3470538322 0.9378395581 0.0032558985
vn -0.4012042334 0.9159827032 0.0032940056
vn -0.3575963961 0.9338742241 0.0019367541
vn -0.3711769894 0.9285615566 0.0010383228
vn -0.3821848673 0.9240858123 0.0003724810
vn -0.3922723524 0.9198491073 0.0001463361
vn -0.4211168215 0.9070062884 0.0004641644
vn -0.4517647640 0.8921345745 0.0021210753
vn -0.5132124278 0.8582548990 0.0033959204
vn -0.4980754409 0.8671336967 -0.0000854168
vn -0.5739785610 0.8188687008 -0.0016317007
vn -0.6169015466 0.7870351219 0.0028633157
vn -0.6531248567 0.7572497873 -0.0008252759
vn -0.7107750781 0.7034168949 0.0018602160
vn -0.7259421109 0.6877557381 0.0003103717
vn -0.7897645137 0.6134100705 -0.0003134898
vn -0.7928399590 0.6094272173 0.0018072797
vn -0.8497555897 0.5271745242 -0.0015680529
vn -0.8631372951 0.5049641831 0.0022767425
vn -0.9051026222 0.4251887433 -0.0019431235
vn -0.9196017448 0.3928455540 0.0022364353
vn -0.9493235048 0.3142946733 -0.0019343216
vn -0.9616104165 0.2744100978 0.0021225132
vn -0.9743887964 0.2248698347 0.0001759749
vn -0.9826567837 0.1854325068 0.0006563718
vn -0.9851589932 0.1716441456 0.0002132511
vn 0.2516862502 0.2884355527 -0.9238284275
vn 0.2517067678 0.2882594514 -0.9238778013
vn 0.2516882724 0.2883656934 -0.9238496850
vn 0.2517139684 0.2882260778 -0.9238862518
vn 0.2516927856 0.2881747432 -0.9239080360
vn 0.2517178839 0.2882724601 -0.9238707137
vn 0.2516983005 0.2882879141 -0.9238712270
vn 0.2517347322 0.2882730921 -0.9238659259
vn 0.2517249116 0.2882517667 -0.9238752556
vn 0.2516816586 0.2882801517 -0.9238781829
vn 0.2516724523 0.2882566120 -0.9238880356
vn 0.2516157327 0.2883470625 -0.9238752592
vn 0.2516958176 0.2882453733 -0.9238851769
vn 0.2517280317 0.2882875286 -0.9238632469
vn 0.2516987156 0.2882568262 -0.9238808141
vn 0.2517339805 0.2883022783 -0.9238570232
vn 0.2516037819 0.2881984839 -0.9239248729
vn 0.2516961684 0.2882675635 -0.9238781579
vn 0.2518039166 0.2883294457 -0.9238294855
vn 0.2518281966 0.2883273556 -0.9238235196
vn 0.2518327083 0.2883472772 -0.9238160719
vn 0.2516455060 0.2882536048 -0.9238963138
vn 0.2515137396 0.2882846015 -0.9239225224
vn 0.2515466714 0.2881059196 -0.9239692913
vn 0.2518461490 0.2879685432 -0.9239305360
vn -0.2516861274 -0.2883128807 0.9238667523
vn -0.2517334124 -0.2883263654 0.9238496610
vn -0.2517063126 -0.2882951635 0.9238667820
vn -0.2516892919 -0.2883075156 0.9238675645
vn -0.2516874988 -0.2881755711 0.9239092180
vn -0.2517348560 -0.2882808936 0.9238634578
vn -0.2517056887 -0.2883005662 0.9238652661
vn -0.2517167036 -0.2880715192 0.9239337103
vn -0.2517251576 -0.2882688453 0.9238698598
vn -0.2517762099 -0.2883238505 0.9238387832
vn -0.2516985701 -0.2882728196 0.9238758636
vn -0.2514981743 -0.2884910394 0.9238623212
vn -0.2520156260 -0.2878429752 0.9239234524
vn -0.2516541487 -0.2882803787 0.9238856058
vn -0.2518277891 -0.2883221523 0.9238252546
vn -0.2515965843 -0.2881259908 0.9239494424
vn -0.2515307984 -0.2883399404 0.9239006095
vn -0.2518187593 -0.2883541413 0.9238177318
vn -0.2517067088 -0.2881893756 0.9238996788
vn -0.2521279873 -0.2882065676 0.9237794393
vn -0.2515970195 -0.2883883408 0.9238674714
vn -0.2518493034 -0.2887429436 0.9236879564
vn -0.2516946365 -0.2882971559 0.9238693413
vn -0.2518128003 -0.2884635235 0.9237852073
vn -0.5912337694 0.8058050092 -0.0334800996
vn -0.6401016962 0.7671828519 -0.0412345774
vn -0.6814453074 0.7318426263 -0.0062179877
vn -0.7946659030 0.6053240866 -0.0457039699
vn -0.7589208113 0.6462026386 -0.0803825357
vn -0.8302520345 0.5547906830 -0.0537480906
vn -0.8898701125 0.4549991546 -0.0332708919
vn -0.9359728156 0.3479313921 -0.0538389715
vn -0.9709247695 0.2370393571 -0.0334280588
vn -0.9909561237 0.1228591936 -0.0539590526
vn -0.9994243868 0.0072402907 -0.0331432244
vn -0.9926354616 -0.1087666680 -0.0533352820
vn -0.9741454044 -0.2235249683 -0.0328225490
vn -0.9407276590 -0.3348776944 -0.0537438493
vn -0.8961976119 -0.4423787753 -0.0336282552
vn -0.8379303196 -0.5430653894 -0.0543393257
vn -0.7699768879 -0.6371751816 -0.0338139026
vn -0.6903762271 -0.7214151991 -0.0542289174
vn -0.6025259186 -0.7973934717 -0.0335584370
vn -0.5053968764 -0.8611967252 -0.0539833103
vn -0.4022729726 -0.9149057440 -0.0335251428
vn -0.2931710425 -0.9545209787 -0.0542258338
vn -0.1804555970 -0.9830041403 -0.0337437055
vn -0.0651540583 -0.9964096001 -0.0540634581
vn 0.0511984521 -0.9981378578 -0.0331592407
vn 0.1667166704 -0.9845560545 -0.0534315207
vn 0.2801426310 -0.9593897800 -0.0330356823
vn 0.3891398681 -0.9195955794 -0.0539827139
vn 0.4935934749 -0.8690363310 -0.0337836771
vn 0.5906328344 -0.8051114637 -0.0542990425
vn 0.6806018043 -0.7318824673 -0.0336041360
vn 0.7601890285 -0.6474516026 -0.0540283562
vn 0.8310736083 -0.5551576341 -0.0334164466
vn 0.8892010323 -0.4543533382 -0.0537081767
vn 0.9367938551 -0.3483307231 -0.0329086690
vn 0.9700367105 -0.2370328786 -0.0533309926
vn 0.9918422507 -0.1231527586 -0.0328990531
vn 0.9985328934 -0.0071460158 -0.0536749041
vn 0.9934714658 0.1091018818 -0.0333350564
vn 0.9731799146 0.2236760626 -0.0537575378
vn 0.9414912478 0.3354254699 -0.0329239204
vn 0.8954478479 0.4419660285 -0.0532839689
vn 0.8388465087 0.5433754588 -0.0328579621
vn 0.7695243645 0.6363689527 -0.0535425846
vn 0.6910675537 0.7220342527 -0.0330480593
vn 0.6019312189 0.7967512537 -0.0535373463
vn 0.5058068406 0.8620082591 -0.0331843538
vn 0.4021212972 0.9139911969 -0.0540236465
vn 0.2934710414 0.9553782199 -0.0335738721
vn 0.1802506782 0.9821482284 -0.0538010265
vn 0.0650662060 0.9973395414 -0.0328668228
vn -0.0510243905 0.9972774087 -0.0532379726
vn -0.1667156973 0.9854596344 -0.0327900171
vn -0.2797421302 0.9585846755 -0.0534767293
vn -0.3893442191 0.9204956393 -0.0331490143
vn -0.4931358110 0.8682816934 -0.0538885217
vn -0.0000000000 0.0000000755 1.0000000000
vn 0.0000000000 0.0000000755 1.0000000000
vn -0.0000000000 0.0000000755 1.0000000000
vn -0.0000000000 0.0000000755 1.0000000000
vn -0.0000000000 0.0000000755 1.0000000000
vn -0.0000000000 0.0000000755 1.0000000000
vn 0.0000000000 0.0000000755 1.0000000000
vn -0.0000000000 0.0000000755 1.0000000000
vn 0.0000000000 0.0000000755 1.0000000000
vn -0.0000000000 0.0000000755 1.0000000000
vn -0.0000000000 0.0000000755 1.0000000000
vn 0.0000000000 0.0000000755 1.0000000000
vn 0.0000000000 0.0000000755 1.0000000000
vn 0.0000000000 0.0000000755 1.0000000000
vn 0.0000000000 0.0000000755 1.0000000000
vn -0.0000000000 0.0000000755 1.0000000000
vn -0.0000000000 0.0000000755 1.0000000000
vn 0.0000000000 0.0000000755 1.0000000000
vn 0.0000000000 0.0000000755 1.0000000000
vn 0.0000000000 0.0000000755 1.0000000000
vn -0.0000000000 0.0000000755 1.0000000000
vn 0.0000000000 0.0000000755 1.0000000000
vn 0.0000000000 0.0000000755 1.0000000000
vn -0.0000000000 0.0000000755 1.0000000000
vn -0.0000000000 0.0000000755 1.0000000000
vn 0.0000000000 0.0000000755 1.0000000000
vn -0.0000000000 0.0000000755 1.0000000000
vn 0.0000000000 0.0000000755 1.0000000000
vn 0.0000000000 0.0000000755 1.0000000000
vn -0.0000000000 0.0000000755 1.0000000000
vn 0.0000000000 0.0000000755 1.0000000000
vn 0.0000000000 0.0000000755 1.0000000000
vn 0.0000000000 0.0000000755 1.0000000000
vn 0.0000000000 0.0000000755 1.0000000000
vn -0.0000000000 0.0000000755 1.0000000000
vn 0.0000000000 0.0000000755 1.0000000000
vn -0.0000000000 0.0000000755 1.0000000000
vn 0.0000000000 0.0000000755 1.0000000000
vn 0.0000000000 0.0000000755 1.0000000000
vn 0.0000000000 0.0000000755 1.0000000000
vn -0.0000000000 0.0000000755 1.0000000000
vn 0.0000000000 0.0000000755 1.0000000000
vn 0.0000000000 0.0000000755 1.0000000000
vn 0.0000000000 0.0000000755 1.0000000000
vn -0.0000000000 0.0000000755 1.0000000000
vn 0.0000000000 0.0000000755 1.0000000000
vn -0.0000000000 0.0000000755 1.0000000000
vn -0.0000000000 0.0000000755 1.0000000000
vn 0.0000000000 0.0000000755 1.0000000000
vn 0.0000000000 0.0000000755 1.0000000000
vn 0.0000000000 0.0000000755 1.0000000000
vn 0.0000000000 0.0000000755 1.0000000000
vn 0.0000000000 0.0000000755 1.0000000000
vn 0.0000000000 0.0000000755 1.0000000000
vn 0.0000000000 0.0000000755 1.0000000000
vn -0.0000000000 0.0000000755 1.0000000000
vn 0.0000000000 0.0000000755 1.0000000000
vn -0.0000000000 0.0000000755 1.0000000000
vn 0.0000000000 0.0000000755 1.0000000000
vn 0.0000000000 0.0000000755 1.0000000000
vn 0.0000000000 0.0000000755 1.0000000000
vn 0.0000000000 0.0000000755 1.0000000000
vn -0.0000000000 0.0000000755 1.0000000000
vn 0.0000000000 0.0000000755 1.0000000000
vn 0.0000000000 0.0000000755 1.0000000000
vn -0.0000000000 0.0000000755 1.0000000000
vn 0.0000000000 0.0000000755 1.0000000000
vn -0.0000000000 0.0000000755 1.0000000000
vn -0.0000000000 0.0000000755 1.0000000000
vn -0.0000000000 0.0000000755 1.0000000000
vn 0.0000000000 0.0000000755 1.0000000000
vn -0.0000000000 0.0000000755 1.0000000000
vn -0.0000000000 0.0000000755 1.0000000000
vn -0.0000000000 0.0000000755 1.0000000000
vn -0.0000000000 0.0000000755 1.0000000000
vn -0.0000000000 0.0000000755 1.0000000000
vn 0.0000000000 0.0000000755 1.0000000000
vn 0.0000000000 0.0000000755 1.0000000000
vn 0.0000000000 0.0000000755 1.0000000000
vn -0.0000000000 0.0000000755 1.0000000000
vn -0.0000000000 0.0000000755 1.0000000000
vn -0.0000000000 0.0000000755 1.0000000000
vn -0.0000000000 0.0000000755 1.0000000000
vn -0.0000000000 0.0000000755 1.0000000000
vn -0.0000000000 0.0000000755 1.0000000000
vn 0.0000000000 0.0000000755 1.0000000000
vn 0.0000000000 0.0000000755 1.0000000000
vn 0.0000000000 0.0000000755 1.0000000000
vn -0.0000000000 0.0000000755 1.0000000000
vn 0.0000000000 0.0000000755 1.0000000000
vn -0.0000000000 0.0000000755 1.0000000000
vn -0.0000000000 0.0000000755 1.0000000000
vn -0.0000000000 0.0000000755 1.0000000000
vn 0.0000000000 0.0000000755 1.0000000000
vn -0.0000000000 0.0000000755 1.0000000000
vn -0.0000000000 0.0000000755 1.0000000000
vn -0.0000000000 0.0000000755 1.0000000000
vn 0.0000000000 0.0000000755 1.0000000000
vn 0.0000000000 0.0000000755 1.0000000000
vn -0.0000000000 0.0000000755 1.0000000000
vn -0.0000000000 0.0000000755 1.0000000000
vn -0.0000000000 0.0000000755 1.0000000000
vn -0.0000000000 0.0000000755 1.0000000000
vn 0.6702795962 -0.7419034011 0.0174529753
vn 0.6703531526 -0.7418371285 0.0174449295
vn 0.7613467570 -0.6481101543 0.0174454416
vn 0.7613496721 -0.6481067468 0.0174448145
vn 0.8394980496 -0.5430825775 0.0174453054
vn 0.8394808843 -0.5431090207 0.0174481085
vn 0.9032227352 -0.4288173204 0.0174469579
vn 0.9031845570 -0.4288974315 0.0174542056
vn 0.9514076263 -0.3074391693 0.0174552529
vn 0.9514313360 -0.3073661345 0.0174491342
vn 0.9834270546 -0.1804630430 0.0174447233
vn 0.9834250869 -0.1804737450 0.0174449391
vn 0.9985657901 -0.0506159306 0.0174467872
vn 0.9985645907 -0.0506386999 0.0174493623
vn 0.9966294582 0.0801574855 0.0174499462
vn 0.9966217497 0.0802551214 0.0174414296
vn 0.9776347359 0.2095854772 0.0174427911
vn 0.9776542676 0.2094936807 0.0174508086
vn 0.9419272253 0.3353634386 0.0174489602
vn 0.9419675588 0.3352496220 0.0174587859
vn 0.8900990037 0.4554327152 0.0174586810
vn 0.8901206177 0.4553903045 0.0174630013
vn 0.8230607984 0.5676847827 0.0174616639
vn 0.8230071868 0.5677627557 0.0174534706
vn 0.7419106628 0.6702715373 0.0174537854
vn 0.7418378435 0.6703523619 0.0174449096
vn 0.6481092740 0.7613475067 0.0174454268
vn 0.6481122136 0.7613450030 0.0174454869
vn 0.5430733028 0.8395040331 0.0174460952
vn 0.5431080428 0.8394814828 0.0174497507
vn 0.4288263358 0.9032184208 0.0174487282
vn 0.4288872492 0.9031893920 0.0174542138
vn 0.3074397246 0.9514074500 0.0174550799
vn 0.3073654739 0.9514315555 0.0174488023
vn 0.1804524401 0.9834290029 0.0174445724
vn 0.1804848805 0.9834230125 0.0174466746
vn 0.0506138918 0.9985658622 0.0174485737
vn 0.0506386400 0.9985645596 0.0174513193
vn -0.0801574448 0.9966294248 0.0174520403
vn -0.0802550350 0.9966217198 0.0174435398
vn -0.2095737190 0.9776372145 0.0174451445
vn -0.2095037960 0.9776520910 0.0174513141
vn -0.3353643266 0.9419268984 0.0174495423
vn -0.3352557750 0.9419653673 0.0174588691
vn -0.4554318936 0.8900994171 0.0174590368
vn -0.4553923965 0.8901195452 0.0174631171
vn -0.5676763473 0.8230666169 0.0174616423
vn -0.5677663743 0.8230047175 0.0174521972
vn -0.6702788765 0.7419040536 0.0174528801
vn -0.6703533899 0.7418369185 0.0174447424
vn -0.7173176567 0.6965285752 0.0174161794
vn -0.7174422321 0.6964006340 0.0174011624
vn -0.8021150312 0.5969160047 0.0174000032
vn -0.8020134378 0.5970520815 0.0174142886
vn -0.8394944182 0.5430881890 0.0174453674
vn -0.8394808662 0.5431090645 0.0174476178
vn -0.9032222577 0.4288183426 0.0174465543
vn -0.9031894202 0.4288872488 0.0174527679
vn -0.9514128661 0.3074230349 0.0174538216
vn -0.9514312620 0.3073663645 0.0174491150
vn -0.9834266334 0.1804653314 0.0174447938
vn -0.9834224676 0.1804879089 0.0174460569
vn -0.9985657945 0.0506155159 0.0174477379
vn -0.9985645599 0.0506389689 0.0174503448
vn -0.9966286400 -0.0801673948 0.0174511539
vn -0.9966216933 -0.0802553760 0.0174434823
vn -0.9776376295 -0.2095717999 0.0174449439
vn -0.9776521075 -0.2095037506 0.0174509350
vn -0.9419268840 -0.3353643996 0.0174489139
vn -0.9419655613 -0.3352552605 0.0174582801
vn -0.8900958096 -0.4554389759 0.0174582083
vn -0.8901195277 -0.4553924377 0.0174629333
vn -0.8230670224 -0.5676757671 0.0174613861
vn -0.8230050792 -0.5677658575 0.0174519509
vn -0.7419040789 -0.6702788588 0.0174524837
vn -0.7418412592 -0.6703485833 0.0174448555
vn -0.6481101710 -0.7613467365 0.0174457176
vn -0.6481057180 -0.7613505431 0.0174450196
vn -0.5430883993 -0.8394942778 0.0174455726
vn -0.5431042638 -0.8394839786 0.0174473020
vn -0.4288135066 -0.9032245582 0.0174463210
vn -0.4289028161 -0.9031819957 0.0174544241
vn -0.3074351615 -0.9514089187 0.0174553982
vn -0.3073662120 -0.9514313017 0.0174496370
vn -0.1804615311 -0.9834273280 0.0174449498
vn -0.1804729432 -0.9834252293 0.0174452061
vn -0.0506166440 -0.9985657510 0.0174469557
vn -0.0506496124 -0.9985640194 0.0174503872
vn 0.0801533366 -0.9966297698 0.0174512054
vn 0.0802448866 -0.9966225424 0.0174432280
vn 0.2095837627 -0.9776350695 0.0174446919
vn 0.2095043491 -0.9776519665 0.0174516507
vn 0.3353659911 -0.9419263036 0.0174496585
vn 0.3352649593 -0.9419621085 0.0174583299
vn 0.4554299711 -0.8901004196 0.0174580783
vn 0.4553938223 -0.8901188416 0.0174617960
vn 0.5676824951 -0.8230624027 0.0174604123
vn 0.5677579059 -0.8230105535 0.0174524782
vn -0.0000000000 -0.0000000755 -1.0000000000
vn -0.0000000000 -0.0000000755 -1.0000000000
vn 0.0000000000 -0.0000000755 -1.0000000000
vn -0.0000000000 -0.0000000755 -1.0000000000
vn 0.0000000000 -0.0000000755 -1.0000000000
vn 0.0000000000 -0.0000000755 -1.0000000000
vn 0.0000000000 -0.0000000755 -1.0000000000
vn -0.0000000000 -0.0000000755 -1.0000000000
vn -0.0000000000 -0.0000000755 -1.0000000000
vn -0.0000000000 -0.0000000755 -1.0000000000
vn -0.0000000000 -0.0000000755 -1.0000000000
vn -0.0000000000 -0.0000000755 -1.0000000000
vn -0.0000000000 -0.0000000755 -1.0000000000
vn 0.0000000000 -0.0000000755 -1.0000000000
vn 0.0000000000 -0.0000000755 -1.0000000000
vn -0.0000000000 -0.0000000755 -1.0000000000
vn -0.0000000000 -0.0000000755 -1.0000000000
vn 0.0000000000 -0.0000000755 -1.0000000000
vn -0.0000000000 -0.0000000755 -1.0000000000
vn 0.0000000000 -0.0000000755 -1.0000000000
vn 0.0000000000 -0.0000000755 -1.0000000000
vn 0.0000000000 -0.0000000755 -1.0000000000
vn -0.0000000000 -0.0000000755 -1.0000000000
vn 0.0000000000 -0.0000000755 -1.0000000000
vn -0.0000000000 -0.0000000755 -1.0000000000
vn 0.0000000000 -0.0000000755 -1.0000000000
vn -0.0000000000 -0.0000000755 -1.0000000000
vn 0.0000000000 -0.0000000755 -1.0000000000
vn 0.0000000000 -0.0000000755 -1.0000000000
vn 0.0000000000 -0.0000000755 -1.0000000000
vn 0.0000000000 -0.0000000755 -1.0000000000
vn 0.0000000000 -0.0000000755 -1.0000000000
vn 0.0000000000 -0.0000000755 -1.0000000000
vn -0.0000000000 -0.0000000755 -1.0000000000
vn 0.0000000000 -0.0000000755 -1.0000000000
vn 0.0000000000 -0.0000000755 -1.0000000000
vn 0.0000000000 -0.0000000755 -1.0000000000
vn -0.0000000000 -0.0000000755 -1.0000000000
vn 0.0000000000 -0.0000000755 -1.0000000000
vn -0.0000000000 -0.0000000755 -1.0000000000
vn -0.0000000000 -0.0000000755 -1.0000000000
vn -0.0000000000 -0.0000000755 -1.0000000000
vn 0.0000000000 -0.0000000755 -1.0000000000
vn -0.0000000000 -0.0000000755 -1.0000000000
vn 0.0000000000 -0.0000000755 -1.0000000000
vn 0.0000000000 -0.0000000755 -1.0000000000
vn -0.0000000000 -0.0000000755 -1.0000000000
vn -0.0000000000 -0.0000000755 -1.0000000000
vn 0.0000000000 -0.0000000755 -1.0000000000
vn 0.0000000000 -0.0000000755 -1.0000000000
vn 0.0000000000 -0.0000000755 -1.0000000000
vn 0.0000000000 -0.0000000755 -1.0000000000
vn 0.0000000000 -0.0000000755 -1.0000000000
vn 0.0000000000 -0.0000000755 -1.0000000000
vn 0.0000000000 -0.0000000755 -1.0000000000
vn -0.0000000000 -0.0000000755 -1.0000000000
vn 0.0000000000 -0.0000000755 -1.0000000000
vn 0.0000000000 -0.0000000755 -1.0000000000
vn 0.0000000000 -0.0000000755 -1.0000000000
vn -0.0000000000 -0.0000000755 -1.0000000000
vn -0.0000000000 -0.0000000755 -1.0000000000
vn -0.0000000000 -0.0000000755 -1.0000000000
vn -0.0000000000 -0.0000000755 -1.0000000000
vn -0.0000000000 -0.0000000755 -1.0000000000
vn -0.0000000000 -0.0000000755 -1.0000000000
vn -0.0000000000 -0.0000000755 -1.0000000000
vn 0.0000000000 -0.0000000755 -1.0000000000
vn 0.0000000000 -0.0000000755 -1.0000000000
vn 0.0000000000 -0.0000000755 -1.0000000000
vn -0.0000000000 -0.0000000755 -1.0000000000
vn -0.0000000000 -0.0000000755 -1.0000000000
vn 0.0000000000 -0.0000000755 -1.0000000000
vn -0.0000000000 -0.0000000755 -1.0000000000
vn 0.0000000000 -0.0000000755 -1.0000000000
vn 0.0000000000 -0.0000000755 -1.0000000000
vn 0.0000000000 -0.0000000755 -1.0000000000
vn 0.0000000000 -0.0000000755 -1.0000000000
vn 0.0000000000 -0.0000000755 -1.0000000000
vn 0.0000000000 -0.0000000755 -1.0000000000
vn 0.0000000000 -0.0000000755 -1.0000000000
vn -0.0000000000 -0.0000000755 -1.0000000000
vn -0.0000000000 -0.0000000755 -1.0000000000
vn -0.0000000000 -0.0000000755 -1.0000000000
vn 0.0000000000 -0.0000000755 -1.0000000000
vn -0.0000000000 -0.0000000755 -1.0000000000
vn -0.0000000000 -0.0000000755 -1.0000000000
vn 0.0000000000 -0.0000000755 -1.0000000000
vn 0.0000000000 -0.0000000755 -1.0000000000
vn 0.0000000000 -0.0000000755 -1.0000000000
vn 0.0000000000 -0.0000000755 -1.0000000000
vn 0.0000000000 -0.0000000755 -1.0000000000
vn -0.0000000000 -0.0000000755 -1.0000000000
vn 0.0000000000 -0.0000000755 -1.0000000000
vn 0.0000000000 -0.0000000755 -1.0000000000
vn 0.0000000000 -0.0000000755 -1.0000000000
vn -0.0000000000 -0.0000000755 -1.0000000000
vn 0.0000000000 -0.0000000755 -1.0000000000
vn -0.0000000000 -0.0000000755 -1.0000000000
vn -0.0000000000 -0.0000000755 -1.0000000000
vn 0.0000000000 -0.0000000755 -1.0000000000
vn 0.0000000000 -0.0000000755 -1.0000000000
vn 0.0000000000 -0.0000000755 -1.0000000000
vn 0.0000000000 -0.0000000755 -1.0000000000
vn -0.0000000000 -0.0000000755 -1.0000000000
vn 0.0000000000 -0.0000000755 -1.0000000000
vn -0.4043077741 0.9135998044 -0.0432506785
vn -0.4044459727 0.9135309164 -0.0434133625
vn -0.7606612672 0.6476729342 -0.0437516500
vn -0.7609065244 0.6473669164 -0.0440151870
vn -0.9663222658 0.2535641938 -0.0438916654
vn -0.9664152854 0.2531842950 -0.0440364495
vn -0.9806809101 -0.1906253393 -0.0438968398
vn -0.9806227763 -0.1909042139 -0.0439835404
vn -0.8006534302 -0.5975336939 -0.0436757292
vn -0.8006799992 -0.5975101389 -0.0435106057
vn -0.4619882764 -0.8858316829 -0.0432326504
vn -0.4621279256 -0.8857614262 -0.0431795815
vn -0.0319246473 -0.9985558173 -0.0432099136
vn -0.0316643895 -0.9985615537 -0.0432688106
vn 0.4046621584 -0.9134475345 -0.0431525115
vn 0.4048515407 -0.9133540247 -0.0433549958
vn 0.5980167783 -0.8003625016 -0.0423768672
vn 0.5985243195 -0.7999593223 -0.0428219762
vn 0.8858550991 -0.4619842052 -0.0427941290
vn 0.8857325746 -0.4622368858 -0.0426012641
vn 0.9663263830 -0.2535774643 -0.0437240345
vn 0.9663163613 -0.2536110341 -0.0437508095
vn 0.9806845349 0.1906213701 -0.0438330497
vn 0.9806179693 0.1909370103 -0.0439483370
vn 0.8006507743 0.5975383307 -0.0436609779
vn 0.8006635495 0.5975321563 -0.0435109490
vn 0.4619745989 0.8858388038 -0.0432329008
vn 0.4622224714 0.8857162636 -0.0430939351
vn 0.0317367306 0.9985595851 -0.0432612401
vn 0.0319612063 0.9985555109 -0.0431899645
vn -0.4046295702 0.9134618086 -0.0431559393
vn -0.4048311781 0.9133623873 -0.0433689600
vn -0.7609346678 0.6473552506 -0.0436990949
vn -0.7610739808 0.6471826152 -0.0438298802
vn -0.9663291871 0.2535654053 -0.0437319952
vn -0.9663166229 0.2536100285 -0.0437508602
vn -0.9806845124 -0.1906214954 -0.0438330090
vn -0.9806154587 -0.1909480757 -0.0439562806
vn -0.8006255043 -0.5975701177 -0.0436893161
vn -0.8006625875 -0.5975327684 -0.0435202431
vn -0.4619733074 -0.8858395092 -0.0432322474
vn -0.4622571666 -0.8856990062 -0.0430764702
vn -0.0317145580 -0.9985605823 -0.0432544820
vn -0.0319284799 -0.9985570688 -0.0431781480
vn 0.4043231644 -0.9135948264 -0.0432119417
vn 0.4044406093 -0.9135356648 -0.0433633787
vn 0.5972942546 -0.8009008246 -0.0423962569
vn 0.5978193125 -0.8004844478 -0.0428569526
vn 0.8858689242 -0.4619556496 -0.0428161999
vn 0.8859101311 -0.4618705993 -0.0428811047
vn 0.9663242191 -0.2535667425 -0.0438338983
vn 0.9664182806 -0.2531828966 -0.0439787194
vn 0.9806863098 0.1906109736 -0.0438385507
vn 0.9806210561 0.1909207173 -0.0439502439
vn 0.8006279738 0.5975670392 -0.0436861673
vn 0.8006628264 0.5975324968 -0.0435195781
vn 0.4619744392 0.8858389408 -0.0432318001
vn 0.4621603809 0.8857457848 -0.0431530656
vn 0.0319155579 0.9985561811 -0.0432082207
vn 0.0316770457 0.9985613924 -0.0432632683
vn -0.0000000000 0.0000000755 1.0000000000
vn -0.0000000000 0.0000000755 1.0000000000
vn -0.0000000000 0.0000000755 1.0000000000
vn -0.0000000000 0.0000000755 1.0000000000
vn 0.0000000000 0.0000000755 1.0000000000
vn -0.0000000000 0.0000000755 1.0000000000
vn -0.0000000000 0.0000000755 1.0000000000
vn -0.0000000000 0.0000000755 1.0000000000
vn -0.0000000000 0.0000000755 1.0000000000
vn 0.0000000000 0.0000000755 1.0000000000
vn 0.0000000000 0.0000000755 1.0000000000
vn -0.0000000000 0.0000000755 1.0000000000
vn -0.0000000000 0.0000000755 1.0000000000
vn 0.0000000000 0.0000000755 1.0000000000
vn 0.0000000000 0.0000000755 1.0000000000
vn 0.0000000000 0.0000000755 1.0000000000
vn 0.0000000000 0.0000000755 1.0000000000
vn -0.0000000000 0.0000000755 1.0000000000
vn -0.0000000000 0.0000000755 1.0000000000
vn 0.0000000000 0.0000000755 1.0000000000
vn 0.0000000000 0.0000000755 1.0000000000
vn 0.0000000000 0.0000000755 1.0000000000
vn -0.0000000000 0.0000000755 1.0000000000
vn -0.0000000000 0.0000000755 1.0000000000
vn -0.0000000000 0.0000000755 1.0000000000
vn -0.0000000000 0.0000000755 1.0000000000
vn 0.0000000000 0.0000000755 1.0000000000
vn 0.0000000000 0.0000000755 1.0000000000
vn 0.0000000000 0.0000000755 1.0000000000
vn -0.0000000000 0.0000000755 1.0000000000
vn -0.0000000000 0.0000000755 1.0000000000
vn 0.0000000000 0.0000000755 1.0000000000
vn 0.0000000000 0.0000000755 1.0000000000
vn -0.0000000000 0.0000000755 1.0000000000
vn -0.0000000000 0.0000000755 1.0000000000
vn 0.0000000000 0.0000000755 1.0000000000
vn 0.0000000000 0.0000000755 1.0000000000
vn -0.0000000000 0.0000000755 1.0000000000
vn -0.0000000000 0.0000000755 1.0000000000
vn -0.0000000000 0.0000000755 1.0000000000
vn 0.0000000000 0.0000000755 1.0000000000
vn 0.0000000000 0.0000000755 1.0000000000
vn 0.0000000000 0.0000000755 1.0000000000
vn 0.0000000000 0.0000000755 1.0000000000
vn -0.0000000000 0.0000000755 1.0000000000
vn -0.0000000000 0.0000000755 1.0000000000
vn 0.0000000000 0.0000000755 1.0000000000
vn 0.0000000000 0.0000000755 1.0000000000
vn -0.0000000000 0.0000000755 1.0000000000
vn -0.0000000000 0.0000000755 1.0000000000
vn -0.0000000000 0.0000000755 1.0000000000
vn -0.0000000000 0.0000000755 1.0000000000
vn -0.0000000000 0.0000000755 1.0000000000
vn 0.0000000000 0.0000000755 1.0000000000
vn 0.0000000000 0.0000000755 1.0000000000
vn 0.0000000000 0.0000000755 1.0000000000
vn 0.0000000000 0.0000000755 1.0000000000
vn 0.0000000000 0.0000000755 1.0000000000
vn 0.0000000000 0.0000000755 1.0000000000
vn 0.0000000000 0.0000000755 1.0000000000
vn 0.0000000000 0.0000000755 1.0000000000
vn 0.0000000000 0.0000000755 1.0000000000
vn 0.0000000000 0.0000000755 1.0000000000
vn 0.0000000000 0.0000000755 1.0000000000
vn 0.0000000000 0.0000000755 1.0000000000
vn 0.0000000000 0.0000000755 1.0000000000
vn 0.0000000000 0.0000000755 1.0000000000
vn 0.0000000000 0.0000000755 1.0000000000
vn -0.0000000000 0.0000000755 1.0000000000
vn -0.0000000000 0.0000000755 1.0000000000
vn -0.0000000000 0.0000000755 1.0000000000
vn -0.0000000000 0.0000000755 1.0000000000
vn -0.0000000000 0.0000000755 1.0000000000
vn -0.0000000000 0.0000000755 1.0000000000
vn -0.0000000000 0.0000000755 1.0000000000
vn -0.0000000000 0.0000000755 1.0000000000
vn -0.0000000000 0.0000000755 1.0000000000
vn -0.0000000000 0.0000000755 1.0000000000
vn -0.0000000000 0.0000000755 1.0000000000
vn -0.0000000000 0.0000000755 1.0000000000
vn -0.0000000000 0.0000000755 1.0000000000
vn -0.0000000000 0.0000000755 1.0000000000
vn -0.0000000000 0.0000000755 1.0000000000
vn -0.0000000000 0.0000000755 1.0000000000
vn 0.0000000000 0.0000000755 1.0000000000
vn 0.0000000000 0.0000000755 1.0000000000
vn -0.0000000000 0.0000000755 1.0000000000
vn -0.0000000000 0.0000000755 1.0000000000
vn 0.0000000000 0.0000000755 1.0000000000
vn 0.0000000000 0.0000000755 1.0000000000
vn 0.0000000000 0.0000000755 1.0000000000
vn -0.0000000000 0.0000000755 1.0000000000
vn -0.0000000000 0.0000000755 1.0000000000
vn 0.0000000000 0.0000000755 1.0000000000
vn 0.0000000000 0.0000000755 1.0000000000
vn 0.0000000000 0.0000000755 1.0000000000
vn -0.0000000000 0.0000000755 1.0000000000
vn -0.0000000000 0.0000000755 1.0000000000
vn 0.4387042458 0.8180268900 0.3719819779
vn 0.4114319483 0.8327839824 0.3703978814
vn 0.4399033655 0.8188314509 0.3687818923
vn 0.4402750851 0.8193539419 0.3671743011
vn 0.4382216893 0.8187479997 0.3709628876
vn 0.4037081180 0.8365392131 0.3704347452
vn 0.3512153674 0.8628074271 0.3636084562
vn 0.3446521811 0.8654392303 0.3636341742
vn 0.2912232814 0.8887543674 0.3539840036
vn 0.2865731373 0.8901686554 0.3542253546
vn 0.2306916516 0.9095015594 0.3458153774
vn 0.2277338066 0.9101142973 0.3461636596
vn 0.1730724178 0.9261251750 0.3351687611
vn 0.1705586004 0.9264825429 0.3354696136
vn 0.1160666153 0.9384092020 0.3254484758
vn 0.1127448689 0.9388017512 0.3254840495
vn 0.0624011586 0.9478246382 0.3126252559
vn 0.0584994055 0.9481921826 0.3122649588
vn -0.0002016511 0.9552828747 0.2956934032
vn -0.0060252346 0.9556164636 0.2945519836
vn -0.0849546901 0.9578118214 0.2745527551
vn -0.0888615275 0.9576721598 0.2738022340
vn -0.1742320902 0.9526852933 0.2490660770
vn -0.1734355052 0.9527164854 0.2495023528
vn -0.2533808851 0.9405757104 0.2260872842
vn -0.2566754426 0.9400016260 0.2247546667
vn -0.2941646124 0.9328273757 0.2080871644
vn -0.2940876342 0.9330139218 0.2073583498
vn -0.2202528123 -0.9125755764 -0.3445207049
vn -0.2248758040 -0.9110992528 -0.3454403340
vn -0.2202379991 -0.9125476792 -0.3446040583
vn -0.2269833240 -0.9105904677 -0.3454034899
vn -0.2352719802 -0.9074428143 -0.3481301971
vn -0.2395966869 -0.9068786201 -0.3466476540
vn -0.2428004114 -0.9051359876 -0.3489653339
vn -0.2429187635 -0.9050537130 -0.3490963348
vn -0.2431192286 -0.9044995556 -0.3503906314
vn -0.2400828158 -0.9015826459 -0.3598735531
vn -0.2493194075 -0.9040674591 -0.3471337817
vn -0.2477755816 -0.9043590256 -0.3474795159
vn -0.2418274065 -0.9046228132 -0.3509659119
vn -0.1461685217 -0.9325659200 -0.3300841835
vn -0.1489768137 -0.9315064767 -0.3318156008
vn -0.1492425881 -0.9321687757 -0.3298302949
vn -0.1268170899 -0.9014859869 -0.4138120843
vn -0.1521324256 -0.9311126189 -0.3314890888
vn -0.1525871116 -0.9309317892 -0.3317878497
vn -0.1495724282 -0.9311679916 -0.3324970078
vn -0.1493234315 -0.9310331608 -0.3329861353
vn -0.1487677345 -0.9301466290 -0.3357013700
vn -0.9440704748 0.3297427234 0.0008216140
vn -0.9582725358 0.2857275786 0.0085730970
vn -0.9588878924 0.2835936340 0.0104240403
vn -0.9563483876 0.2919178213 0.0134813644
vn -0.9898922924 0.1391911873 -0.0271857083
vn -0.9442433524 0.3292429250 -0.0018941511
vn -0.9138941257 0.4059488578 0.0017469356
vn -0.9142125427 0.4052334574 -0.0011277562
vn -0.8771645677 0.4801891215 0.0008536389
vn -0.8776120907 0.4793670919 -0.0020517051
vn -0.8544021569 0.5195383173 -0.0087687580
vn -0.8537440054 0.5205791899 -0.0108848694
vn -0.9421911401 0.3345266110 0.0191781675
vn -0.3901342664 -0.5989994085 0.6992817478
vn -0.3190518205 -0.8361747113 0.4461140975
vn -0.3492583843 -0.6998971406 0.6230269445
vn -0.2905007682 -0.8905146748 0.3501327143
vn -0.2709389777 -0.9115863996 0.3091962264
vn -0.2254722050 -0.9735182700 0.0377420543
vn -0.2254649008 -0.9741369712 -0.0149244679
vn -0.1871767247 -0.9683335092 -0.1652122537
vn -0.1920627194 -0.9659025099 -0.1736210044
vn -0.2292836407 -0.9638780203 0.1355292373
vn -0.1874977690 -0.9743179895 -0.1246957978
vn -0.1633805534 -0.9610008534 -0.2231236307
vn -0.1577844222 -0.9458389818 -0.2837123484
vn -0.1525581613 -0.9325733833 -0.3271588179
vn -0.1534433918 -0.9405340028 -0.3030691588
vn -0.3576130685 -0.2454893832 0.9010260018
vn -0.4093855085 -0.2168027883 0.8862279935
vn -0.5992001901 -0.1397644494 0.7883051636
vn -0.5554101725 -0.1489894681 0.8181208216
vn -0.8516549098 0.0404150100 0.5225423826
vn -0.7931908316 0.0100137905 0.6088908183
vn -0.9433604243 0.1847735828 0.2755536842
vn -0.7894623079 0.0455186807 0.6121089071
vn -0.9293547168 0.2432870956 0.2776890336
vn -0.7825112432 0.0792193445 0.6175762704
vn -0.9095746295 0.2606157588 0.3236563295
vn -0.7737281581 0.1143313183 0.6231156290
vn -0.9014738308 0.3244679153 0.2864707738
vn -0.7636236821 0.1464696477 0.6288286845
vn -0.8782295057 0.3805658006 0.2896249415
vn -0.8382369192 0.3195406282 0.4418740253
vn -0.8695725789 0.4453335542 0.2133578112
vn -0.5486716976 -0.1329503944 0.8253990313
vn -0.4043736651 -0.2029582204 0.8917902779
vn -0.5479949413 -0.1171587527 0.8282363014
vn -0.5413266998 -0.1007320675 0.8347565242
vn -0.4076400060 -0.1882537938 0.8935267957
vn -0.5368528776 -0.0825432626 0.8396282496
vn -0.4421594260 -0.1411961091 0.8857531828
vn -0.6218552781 0.0217962781 0.7828288034
vn -0.8959630475 0.3990534195 0.1949527788
vn -0.9259401769 0.3435700759 0.1568259922
vn -0.9487535995 0.2528523547 0.1895581550
vn -0.9641137543 0.2202796540 0.1481942742
vn -0.9514982642 0.1750972035 0.2529664456
vn -0.6149386492 0.7725626220 0.1581058278
vn -0.5675188470 0.8010553704 0.1903487637
vn -0.6203335024 0.6806707844 0.3897096727
vn -0.5950200888 0.7116274296 0.3735471796
vn -0.5947729399 0.4082949093 0.6924885681
vn -0.5763797351 0.4347164685 0.6919595313
vn -0.4543920899 0.0763389538 0.8875247562
vn -0.4581416689 0.0599837556 0.8868529530
vn -0.3622230810 -0.1090437496 0.9256910393
vn -0.3633377452 -0.1280678503 0.9228132577
vn -0.4804225484 0.0381924054 0.8762051787
vn -0.3711897284 -0.1441111537 0.9173059255
vn -0.4988923436 0.0131664583 0.8665639468
vn -0.3817561527 -0.1532597910 0.9114678691
vn -0.5136388741 -0.0124475413 0.8579161764
vn -0.3883567440 -0.1682838730 0.9060130117
vn -0.5245925297 -0.0427358399 0.8502801454
vn -0.4367483600 -0.1283846475 0.8903753435
vn -0.6014309092 0.0367399910 0.7980795916
vn -0.7297731589 0.2222473222 0.6465580132
vn -0.8106842079 0.3530736576 0.4670440102
vn -0.8256545497 0.4438599296 0.3482569848
vn -0.8395823390 0.4855191003 0.2436651376
vn -0.8052835896 0.5690604956 0.1663985958
vn -0.7828535972 0.5039841538 0.3648838418
vn -0.7471560613 0.6452796256 0.1592859842
vn -0.7353030392 0.5598353747 0.3819866407
vn -0.6828609579 0.7158750231 0.1456841222
vn -0.6807846098 0.6212256791 0.3880862928
vn -0.6355721891 0.3645950397 0.6805280666
vn -0.6709453518 0.3191371689 0.6693159211
vn -0.7010944134 0.2738584174 0.6583830121
vn 0.4086137070 0.7877609172 0.4609420525
vn 0.3442176660 0.7693086240 0.5382178365
vn 0.3884197050 0.7610691079 0.5195228057
vn 0.2864581794 0.6655709681 0.6891712399
vn 0.3014302486 0.6355081699 0.7108228832
vn 0.1087526036 0.3910540049 0.9139199289
vn 0.1533298978 0.4111393106 0.8985846703
vn -0.0834488049 0.0494171397 0.9952860108
vn -0.0353242301 0.1063023982 0.9937061934
vn -0.1745244258 -0.1262510481 0.9765254209
vn -0.1802716893 -0.1232634524 0.9758628179
vn -0.0973531974 0.0574532027 0.9935901995
vn -0.1164009113 0.0670781779 0.9909345820
vn 0.0392761817 0.4215055865 0.9059748463
vn 0.0009442755 0.4364903924 0.8997084226
vn 0.1450946526 0.7358156249 0.6614551443
vn 0.0914426580 0.7521391825 0.6526292136
vn 0.1679863357 0.8304131514 0.5312199064
vn 0.1113270000 0.8460935962 0.5212791244
vn 0.2457350636 0.6906747800 0.6801342712
vn 0.2853243509 0.7938776587 0.5369807052
vn 0.1960844476 0.7145632046 0.6715283435
vn 0.2271627380 0.8145277114 0.5337993048
vn 0.0373169789 0.7655343675 0.6423118988
vn 0.0559472186 0.8597283747 0.5076780776
vn -0.0151957958 0.7747139337 0.6321292659
vn 0.0027941730 0.8687798389 0.4951906542
vn -0.0650722403 0.7807522740 0.6214430708
vn -0.0483783338 0.8781719930 0.4758923067
vn -0.1122055112 0.8101418881 0.5753955547
vn -0.1630254546 0.8629858528 0.4782030102
vn -0.1543756016 0.7933694652 0.5888404413
vn -0.2301215653 0.7916763691 0.5659439829
vn -0.2360560792 0.4771821569 0.8465073636
vn -0.2914299605 0.4751643414 0.8302333568
vn -0.2627797182 0.0903256812 0.9606185981
vn -0.2928537338 0.0908659683 0.9518298516
vn -0.2697222331 -0.0857393854 0.9591134838
vn -0.2870460132 -0.0903803649 0.9536435267
vn -0.3245933952 0.0906242618 0.9415021885
vn -0.3034094227 -0.0958219168 0.9480300008
vn -0.3226727048 -0.0425356826 0.9455543566
vn -0.3700592909 0.2212440063 0.9022788986
vn -0.3512814996 0.4666562087 0.8116854630
vn -0.3831197185 0.6662693812 0.6397690153
vn -0.3150973899 0.7725089795 0.5513107214
vn -0.3508921398 0.8263545674 0.4404688810
vn -0.3202346153 0.8559535801 0.4059473609
vn -0.2468953233 0.8571024868 0.4521261178
vn -0.2489704565 -0.1065269665 0.9626347787
vn -0.2432098557 0.0925396667 0.9655492614
vn -0.1945857169 0.4740799162 0.8587110293
vn -0.2235618322 0.0842675430 0.9710402095
vn -0.2315295786 -0.1085890654 0.9667484001
vn -0.2030333098 0.0915830519 0.9748794898
vn -0.1833377372 0.0770454174 0.9800261618
vn -0.1203047549 0.4673537847 0.8758465653
vn -0.0803478219 0.4598418013 0.8843583806
vn -0.2125479060 -0.1104787875 0.9708850731
vn -0.1591753856 0.0809484968 0.9839260833
vn -0.0396079174 0.4488591008 0.8927243251
vn -0.2019612471 -0.1110346309 0.9730791157
vn -0.1372887131 0.0742400461 0.9877450201
vn -0.1903875830 -0.1161877527 0.9748091990
vn -0.1583231565 0.4717052910 0.8674260179
vn 0.0771687984 0.4051599569 0.9109831974
vn -0.3285189706 -0.7349255549 0.5932619275
vn -0.3250986964 -0.7438590247 0.5839388572
vn -0.3049494022 -0.5519038455 0.7761494749
vn -0.2834707952 -0.4446540952 0.8496629002
vn -0.2765215917 -0.3832630041 0.8812748033
vn -0.2897400068 -0.4586495758 0.8400543406
vn -0.2947722181 -0.4789245783 0.8268860790
vn -0.3340709789 -0.7413336117 0.5820833766
vn -0.3359680802 -0.7406762820 0.5818282345
vn -0.3238900335 -0.9307151545 0.1698956954
vn -0.3247954984 -0.9340988917 0.1482131734
vn -0.2937526965 -0.9478751156 -0.1234589747
vn -0.3269197834 -0.9352316901 0.1358865008
vn -0.3112160672 -0.9382549653 -0.1510701150
vn -0.3336227036 -0.9264054994 0.1745529788
vn -0.3344169109 -0.9308281347 0.1473917005
vn -0.3418807004 -0.7387050145 0.5808893942
vn -0.3438412627 -0.7377829742 0.5809040102
vn -0.2921884983 -0.4534273617 0.8420389000
vn -0.2949533366 -0.4626800459 0.8360201579
vn -0.2588751430 -0.3165163226 0.9125793543
vn -0.2861072954 -0.4628484996 0.8389957580
vn -0.2972878189 -0.4511553446 0.8414741872
vn -0.3198754740 -0.6185460322 0.7176910806
vn -0.3548418999 -0.7344316880 0.5785303119
vn -0.3445897243 -0.8433544589 0.4123241184
vn -0.3413633434 -0.9309720772 0.1294683718
vn -0.3305581526 -0.9426785202 0.0457002766
vn -0.3282316071 -0.8946307018 0.3031499951
vn -0.3117383392 -0.9319742768 0.1850490619
vn -0.3150767534 -0.9377785814 0.1459382461
vn -0.2834118679 -0.9522151611 -0.1138595630
vn -0.3177405498 -0.9385078229 0.1350703867
vn -0.2913473090 -0.9563197164 -0.0238609633
vn -0.2592335620 -0.9477629765 -0.1858582811
vn -0.2900621069 -0.4536994504 0.8426273096
vn -0.2897658142 -0.4490838991 0.8451978612
vn -0.2912465107 -0.4526791331 0.8427675080
vn -0.3397143224 -0.7395107503 0.5811351215
vn -0.3320686810 -0.7417900945 0.5826472749
vn -0.3379697601 -0.7405902013 0.5807775779
vn -0.9155397887 0.3819556569 0.1260823993
vn -0.8883413085 0.4051683499 0.2160748202
vn -0.8791567486 0.3076475653 0.3639181048
vn -0.8559506575 0.2836021856 0.4323404588
vn -0.7681288707 0.1208332725 0.6287903930
vn -0.6314477188 -0.0099619977 0.7753544589
vn -0.5434394684 -0.0902426595 0.8345836127
vn -0.4567850098 -0.1577182358 0.8754841020
vn -0.3964061557 -0.2064646761 0.8945582694
vn -0.5555344151 -0.1192046471 0.8229044694
vn -0.4007145554 -0.2212063949 0.8890981813
vn -0.5562483502 -0.1538764806 0.8166454565
vn -0.4542359134 -0.2047958814 0.8670227113
vn -0.6363406041 -0.1151765439 0.7627614301
vn -0.7923571505 0.0025345580 0.6100522290
vn -0.8962302705 0.0800783723 0.4363012223
vn -0.9275052417 0.1397192357 0.3467168322
vn -0.9567896909 0.1743820025 0.2326895024
vn -0.9489969624 0.2887149766 0.1266823888
vn -0.9041236535 0.2170493567 0.3680353189
vn -0.7825460881 0.0613782349 0.6195597891
vn -0.1755696232 0.1846798144 0.9669894899
vn -0.2609953570 0.0236425889 0.9650504917
vn -0.3220500792 0.2293000134 0.9185342946
vn -0.3979998515 0.0984902257 0.9120832164
vn -0.4403652351 0.5133283195 0.7365952050
vn -0.4974139375 0.4562532650 0.7378430273
vn -0.4789786214 0.6830353986 0.5514001492
vn -0.4997013256 0.7663694170 0.4037034827
vn -0.5014944672 0.7852498701 0.3631610398
vn -0.4844188291 0.8513118964 0.2015104293
vn -0.4460952938 0.8780540562 0.1732629887
vn -0.4522547228 0.8866299055 0.0967113038
vn -0.4038313180 0.8975896252 0.1767855520
vn -0.4003258619 0.9125168563 0.0839773264
vn -0.3546950009 0.9233073149 0.1472924252
vn -0.3579749422 0.9320963130 0.0552304624
vn -0.3307338227 0.9359187930 0.1211245283
vn -0.2816564334 0.9537529007 0.1050002758
vn -0.2490940800 0.9402749300 0.2320241266
vn -0.2149635942 0.9618090694 0.1694519615
vn -0.1653079976 0.9253477447 0.3411815021
vn -0.1065149849 0.9601074079 0.2585504269
vn 0.0123505088 0.9333047804 0.3588727514
vn -0.1393635360 0.9697707742 0.2003058919
vn 0.1351879502 0.9203587749 0.3669658617
vn -0.4718929449 0.8583312261 0.2014560869
vn -0.2621745857 0.9581771143 0.1147218560
vn 0.2032722073 0.8530170643 0.4806685945
vn 0.3163781522 0.8347496059 0.4506639106
vn 0.3219341190 0.8001629180 0.5060609921
vn 0.1817422529 0.6800807938 0.7102533826
vn 0.1038124674 0.7596800764 0.6419572830
vn -0.0554246957 0.8790189276 0.4735544615
vn -0.1383499458 0.8065064678 0.5748100642
vn -0.2332268669 0.8794022852 0.4150383710
vn -0.3107379431 0.8232702001 0.4750453750
vn -0.3030466230 0.9116323799 0.2776493259
vn -0.3635568774 0.8747245684 0.3204423916
vn 0.0185365602 0.6608207013 0.7503148650
vn 0.0259201957 0.4662517657 0.8842722626
vn -0.1005478848 0.5108639516 0.8537611761
vn -0.2244496535 0.3521138246 0.9086463600
vn -0.3427153770 0.6192980938 0.7064106747
vn -0.2348020449 0.7193428962 0.6537689174
vn -0.3995196602 0.7566693807 0.5175282498
vn -0.4316233272 0.8312260047 0.3503778424
vn -0.9303091811 -0.0460396186 0.3638752275
vn -0.9678717289 0.0122425204 0.2511462463
vn -0.9828157842 0.0649050250 0.1728018287
vn -0.9790411770 -0.0118028419 0.2033201088
vn -0.9887786346 0.0786390496 0.1270146118
vn -0.9854876218 -0.0641449588 0.1571609736
vn -0.9974512226 0.0151139292 0.0697325446
vn -0.9909337084 -0.1006675467 0.0889743256
vn -0.9999733254 -0.0038869934 0.0061838374
vn -0.9928503668 -0.1193486286 0.0020134329
vn -0.9979785964 -0.0622274302 -0.0129022484
vn -0.9528176670 -0.3003791319 -0.0437135052
vn -0.9393985859 -0.3428064617 -0.0037452126
vn -0.8593023917 -0.5113956105 0.0085982123
vn -0.9414010497 -0.3004833937 0.1532115978
vn -0.8691177667 -0.4528165515 0.1989760748
vn -0.9344348482 -0.2408373336 0.2623526123
vn -0.8601202181 -0.3790166951 0.3413789027
vn -0.9255662250 -0.1652517925 0.3406156311
vn -0.8484904342 -0.2849064704 0.4459734142
vn -0.9092775132 -0.0806361731 0.4083040675
vn -0.8311902437 -0.1984850162 0.5193519781
vn -0.6740504103 -0.2698501634 0.6876313938
vn -0.4933071072 -0.3907654785 0.7771424829
vn -0.5638078291 -0.3785295962 0.7340545461
vn -0.7253692181 -0.2667263251 0.6345837730
vn -0.7441802561 -0.3977304102 0.5366621537
vn -0.7607581054 -0.5035211079 0.4095285080
vn -0.7675589989 -0.5946667835 0.2392166378
vn -0.7592163965 -0.6508376774 0.0008837082
vn -0.6833975613 -0.7213357871 -0.1124386744
vn -0.5018683187 -0.5543587705 0.6639386600
vn -0.5980820501 -0.5159295265 0.6132818153
vn -0.5262975652 -0.7641419039 0.3729584743
vn -0.6226633528 -0.6182242708 0.4796760366
vn -0.6121897702 -0.7412031764 0.2753934215
vn -0.4945665858 -0.8689059185 0.0201592919
vn -0.5855319456 -0.8106429454 -0.0032180415
vn -0.4817156894 -0.8666320828 -0.1299954908
vn 0.3325463922 0.8828426928 0.3316650068
vn 0.2013008331 0.9320821360 0.3011658454
vn 0.3000885796 0.8974089899 0.3234253379
vn 0.0539851150 0.9757623619 0.2120693766
vn 0.2151161677 0.9377225584 0.2727662697
vn -0.0946896631 0.9888035586 0.1153316529
vn -0.1961971100 0.9771147455 0.0821794878
vn -0.2260182096 0.9717133631 0.0684756086
vn -0.1103845480 0.9830995260 0.1460499012
vn -0.2374788158 0.9684775924 0.0751995025
vn -0.2381509078 0.9686246379 0.0710665603
vn 0.3381973987 0.8789803471 0.3361786265
vn 0.3372934476 0.8815572859 0.3302875746
vn 0.3140014928 0.4167910106 -0.8530464911
vn 0.3167093858 0.4458225076 -0.8372200766
vn 0.4050191671 0.6009449190 -0.6890752344
vn 0.3777761165 0.5889436758 -0.7144442263
vn 0.4690530404 0.7514879366 -0.4639559532
vn 0.4498050997 0.8044133094 -0.3880652006
vn 0.4907707471 0.8298408856 -0.2655337611
vn 0.4956488233 0.8656457995 -0.0706370573
vn 0.4500214888 0.8929928785 0.0066617292
vn 0.4838356076 0.8657373614 0.1280700039
vn 0.4661114803 0.8712191584 0.1540041101
vn 0.4681238374 0.8487692364 0.2458675582
vn 0.3127468570 0.4518230810 -0.8354910573
vn 0.3483648974 0.6011599443 -0.7191999859
vn 0.3945084916 0.8290664778 -0.3962471771
vn 0.3797550157 0.9250684118 -0.0058789056
vn 0.3998613642 0.9084950657 0.1214397178
vn 0.3226576963 0.9357935907 0.1420646567
vn 0.2989834593 0.9539039017 -0.0260045642
vn 0.2857739785 0.9451135924 0.1584093770
vn 0.2349986999 0.9661798317 0.1061703529
vn 0.2264216772 0.9735041422 -0.0319829528
vn 0.1649754454 0.9818246363 0.0938268939
vn 0.1594269629 0.9857153308 -0.0542985271
vn 0.0993991715 0.9873021423 0.1239124064
vn 0.0694853825 0.9920486524 0.1049345171
vn 0.0750731906 0.9958111905 -0.0521928051
vn 0.0316775037 0.9981098381 -0.0526620059
vn 0.1275381708 0.8824745807 -0.4527390302
vn 0.0852201308 0.8805185994 -0.4662880284
vn 0.1844696908 0.6227879544 -0.7603328857
vn 0.1624459640 0.6268747293 -0.7619969702
vn 0.2140009580 0.4623366432 -0.8604931251
vn 0.1469747262 0.6194960458 -0.7711180708
vn 0.1972764953 0.4629253136 -0.8641655735
vn 0.1292286605 0.6135642108 -0.7789986602
vn 0.1576456184 0.5094749014 -0.8459214998
vn 0.0519693523 0.7126902071 -0.6995511812
vn 0.2994589579 0.4621362528 -0.8347181658
vn 0.3182707670 0.6121574133 -0.7238556625
vn 0.3359785777 0.8503946365 -0.4049041337
vn 0.2845581830 0.4620807467 -0.8399452506
vn 0.2871991161 0.6217630378 -0.7286476463
vn 0.2796126323 0.8652630360 -0.4160969291
vn 0.2778528216 0.4585982180 -0.8440885522
vn 0.2665057301 0.4670129625 -0.8431331975
vn 0.2574218862 0.6209476147 -0.7403769528
vn 0.2460526272 0.4589566173 -0.8537077533
vn 0.2321510988 0.6277799718 -0.7429657962
vn 0.2084571174 0.6243097856 -0.7528498667
vn 0.1749493214 0.8807225182 -0.4401370023
vn 0.2274803474 0.4670760689 -0.8544545847
vn -0.0212557752 0.8662332527 -0.4991874838
vn -0.1535766293 0.9462160430 -0.2847620392
vn -0.1892768619 0.9766067665 -0.1020465243
vn -0.2467792316 0.9687075979 -0.0265631453
vn -0.2001419343 0.9793782090 0.0275958316
vn -0.1274532911 0.9872655805 -0.0951962819
vn -0.1175600341 0.9903994120 0.0727230582
vn -0.0893273621 0.9904304608 -0.1052051556
vn -0.0429252778 0.9977913832 -0.0506929597
vn 0.0471054198 0.8772662260 -0.4776871865
vn -0.0417486918 0.9959900651 0.0791254505
vn 0.0108288109 0.8728187868 -0.4879242792
vn 0.2256894183 0.8752833130 -0.4277188428
vn -0.3255175842 -0.8802426573 -0.3452697014
vn -0.4233093587 -0.8324293351 -0.3575899730
vn -0.4567136537 -0.8130465386 -0.3610650420
vn -0.5643522654 -0.7579419834 -0.3271551166
vn -0.6810039992 -0.6632285024 -0.3104214984
vn -0.7921897399 -0.5507127774 -0.2629654974
vn -0.9514014066 -0.2784730465 -0.1314843182
vn -0.3257947664 -0.8800552265 -0.3454859888
vn -0.3285312755 -0.8784792429 -0.3469026099
vn -0.9939185854 -0.0838130814 -0.0714227767
vn -0.9877667087 -0.1184336466 -0.1014416114
vn -0.9442590974 -0.2797782771 -0.1734902665
vn -0.9978263760 0.0193948184 -0.0629790782
vn -0.9963058229 -0.0083703638 -0.0854672121
vn -0.9946233447 -0.0591330838 -0.0850157668
vn 0.3921429205 0.8942940055 0.2155508332
vn 0.2626057675 0.9558665784 0.1317470875
vn 0.4481082860 0.8839756794 0.1333640214
vn 0.3308648047 0.9432570729 -0.0281882152
vn 0.4442737695 0.8890533436 -0.1104761057
vn 0.4667669051 0.8367403527 -0.2863463609
vn 0.3070499300 0.8836275231 -0.3534441128
vn 0.3818862644 0.7627235919 -0.5219344819
vn 0.2198997126 0.7596027980 -0.6120847210
vn 0.2948021300 0.6162380162 -0.7303029588
vn 0.1389727938 0.7091857275 -0.6911889514
vn 0.2819861492 0.5421055955 -0.7915840669
vn 0.0765701615 0.9969394115 -0.0157740346
vn -0.0714600444 0.9960612769 0.0524918544
vn -0.1556176020 0.9877868434 -0.0077662088
vn -0.2128892892 0.9767744115 0.0242878491
vn -0.2454382712 0.9694064135 -0.0033556590
vn -0.2639958545 0.9626006041 -0.0608791083
vn -0.1692798484 0.9786749102 -0.1163604444
vn 0.0638751097 0.9697261375 -0.2356929966
vn -0.2976033622 0.9479684716 -0.1130841091
vn -0.2120468123 0.9534301173 -0.2144927990
vn 0.0051757265 0.9003147359 -0.4352086721
vn -0.2720508806 0.9460543856 -0.1759812998
vn -0.1397159329 0.9186030329 -0.3696592026
vn -0.2520001117 0.8623682891 -0.4391091865
vn -0.3589769283 0.9028367531 -0.2366883228
vn -0.3031576195 0.8806871474 -0.3639857224
vn -0.4505085280 0.8785187343 -0.1588927298
vn -0.3853490119 0.8541144514 -0.3492773154
vn -0.5623934069 0.8115514316 -0.1584232611
vn -0.4357742391 0.8324425240 -0.3422575883
vn -0.4877386759 0.7878956373 -0.3759407518
vn -0.2341269307 0.7397072131 -0.6308865343
vn -0.2834464202 0.7143458659 -0.6398188109
vn 0.0164594779 0.5449285767 -0.8383209003
vn -0.0119720143 0.5378123370 -0.8429795733
vn 0.1364026943 0.4238742565 -0.8953909312
vn 0.1229674196 0.4120580666 -0.9028217784
vn -0.0410610898 0.5249405269 -0.8501478872
vn 0.1099652771 0.4029833698 -0.9085769321
vn -0.0656182736 0.5051989663 -0.8605046465
vn 0.0972424204 0.3928046158 -0.9144662079
vn -0.0892490458 0.4822465759 -0.8714773938
vn 0.0770564915 0.3830261956 -0.9205179143
vn -0.1074188656 0.4570604974 -0.8829251888
vn -0.1274147855 0.4333733912 -0.8921619675
vn -0.5052839962 0.5055783543 -0.6993415552
vn -0.5399270009 0.4482677829 -0.7124147869
vn -0.8178644789 0.4050293328 -0.4087162020
vn -0.8156102607 0.4011328804 -0.4169799934
vn -0.8687019919 0.3758912139 -0.3225874216
vn -0.9090029848 0.3818658509 -0.1670091181
vn -0.7680356618 0.4900191066 -0.4123135911
vn -0.8682488584 0.4725447052 -0.1511470193
vn -0.7197433722 0.5682878166 -0.3987711570
vn -0.8047939231 0.5690633326 -0.1687414144
vn -0.6757191133 0.6368854614 -0.3711880777
vn -0.7180959961 0.6716849545 -0.1821468154
vn -0.6339086930 0.6862648204 -0.3566516020
vn -0.5585708495 0.7371952367 -0.3801865189
vn -0.3300215938 0.6842371291 -0.6503116935
vn -0.6490675348 0.7473821828 -0.1418844889
vn -0.5306323606 0.4392145261 -0.7249275122
vn -0.3140846950 0.4135857893 -0.8545745136
vn -0.1905874631 0.4084563534 -0.8926588521
vn -0.1109055801 0.3901004287 -0.9140687107
vn 0.0204275981 0.3584360741 -0.9333307527
vn 0.0641261731 0.3639641359 -0.9292028528
vn 0.1105225466 0.3370537901 -0.9349756731
vn 0.1853131868 0.3131226257 -0.9314575911
vn 0.2222933677 0.3000068700 -0.9276753401
vn 0.0358240354 0.5580088991 -0.8290613409
vn 0.1550045293 0.4289895391 -0.8899109906
vn 0.0593547002 0.5687767956 -0.8203474729
vn 0.1256234693 0.4739775744 -0.8715296914
vn -0.0018888135 0.6403347332 -0.7680936543
vn -0.1415084419 0.7772909020 -0.6130205661
vn -0.4655640585 0.5579785529 -0.6869570888
vn -0.4230192220 0.6059119524 -0.6737398933
vn -0.3759226846 0.6483784105 -0.6620329086
vn -0.1855552543 0.7596074337 -0.6233504586
vn -0.2006528893 0.0230123561 -0.9793920816
vn -0.1071546128 0.2066615650 -0.9725270621
vn -0.3721513678 0.1108563651 -0.9215282013
vn -0.1765785593 0.2244492607 -0.9583540795
vn -0.3694041897 0.2978337294 -0.8802474733
vn -0.5273988876 0.3185908221 -0.7876231976
vn -0.7072659610 0.1858638960 -0.6820773216
vn -0.5042887218 -0.2685032647 -0.8207307000
vn -0.8036524375 -0.0947144633 -0.5875133447
vn -0.5433318999 -0.5838994697 -0.6032013394
vn -0.8313370892 -0.3434440570 -0.4369494522
vn -0.4391401452 -0.7629726740 -0.4743718284
vn -0.5155556359 -0.7712461071 -0.3733387584
vn -0.7551453261 -0.5306181113 -0.3849674746
vn -0.9171668721 -0.2969679421 -0.2657347738
vn -0.9630428359 -0.0961023057 -0.2516204347
vn -0.9491002267 0.2755977932 -0.1524946425
vn -0.9781116561 0.1368014503 -0.1567895129
vn -0.9890546681 0.1347780316 -0.0600478619
vn -0.7834797472 0.3062815804 -0.5406949965
vn -0.8901083496 0.2165720379 -0.4010033396
vn -0.9391722479 0.0455980334 -0.3404060931
vn -0.9963560040 0.0617919454 -0.0587917413
vn -0.9895614604 -0.0896156432 0.1128589944
vn -0.3468668839 -0.7840556697 -0.5147232962
vn -0.3553459594 -0.6650087193 -0.6568810033
vn -0.3003553232 -0.3483707694 -0.8879327040
vn -0.9715653053 0.2156285960 -0.0978016669
vn -0.8570205656 0.4915617804 -0.1545405003
vn 0.0234560306 0.1601126088 -0.9868200277
vn -0.0168213537 -0.0424030589 -0.9989589695
vn 0.0617770838 0.1524158873 -0.9863837941
vn -0.0026492461 0.0111801519 -0.9999339907
vn 0.1375761627 0.1360258614 -0.9811063982
vn 0.1226282445 0.1294415578 -0.9839752013
vn 0.0529609389 -0.2053991167 -0.9772442590
vn -0.1304052160 -0.3937649383 -0.9099140910
vn -0.1336348302 -0.6199987294 -0.7731386084
vn -0.2089218752 -0.7258065000 -0.6554056566
vn -0.2396249940 -0.8066238800 -0.5403126673
vn -0.2101693068 -0.8294452089 -0.5175417934
vn -0.2186261402 -0.8245128535 -0.5219014900
vn -0.1928547121 -0.7057267785 -0.6817307196
vn -0.2216765796 -0.8218852967 -0.5247514203
vn -0.1137229759 -0.4037727326 -0.9077635513
vn 0.2092341792 -0.0077230952 -0.9778350638
vn 0.1620705152 -0.1767497809 -0.9708206132
vn 0.1331288215 -0.2218029231 -0.9659607550
vn 0.0631692355 -0.4621715964 -0.8845377681
vn 0.0456298250 -0.5484318880 -0.8349493298
vn -0.0454359797 -0.7517501559 -0.6578808972
vn -0.0381310989 -0.7446590501 -0.6663549492
vn -0.0682151494 -0.8818862679 -0.4665011296
vn -0.0807022417 -0.8944742331 -0.4397760731
vn -0.0491180965 -0.7697980576 -0.6363948170
vn 0.0531923974 -0.5135986114 -0.8563801932
vn -0.0792950569 -0.6416176792 -0.7629148365
vn -0.1657532188 -0.8020387567 -0.5738115572
vn -0.1255721965 -0.7238030498 -0.6784841698
vn -0.1976622611 -0.8617718933 -0.4672032047
vn -0.1118668983 -0.7324766064 -0.6715383966
vn -0.1831762971 -0.8459568926 -0.5008027356
vn -0.1684531162 -0.8451940568 -0.5072184480
vn -0.0997496142 -0.7150003651 -0.6919714535
vn -0.1151825838 -0.7518862621 -0.6491533111
vn 0.0011088090 -0.4948349718 -0.8689862607
vn 0.0231452597 -0.4414997814 -0.8969627863
vn 0.1184385960 -0.1709741731 -0.9781309376
vn 0.1495029044 -0.0799446236 -0.9855240934
vn 0.1979184535 0.0775236932 -0.9771480762
vn 0.2407136227 0.2107583594 -0.9474375261
vn 0.2067538373 0.1238839998 -0.9705182149
vn 0.1464663245 -0.0799241723 -0.9859816137
vn 0.0170835685 -0.4383160904 -0.8986585317
vn 0.1410873404 -0.0770710528 -0.9869926115
vn 0.1865792371 0.0451505694 -0.9814018618
vn 0.1024723573 -0.2047531232 -0.9734349360
vn 0.0072763261 -0.4360055303 -0.8999145696
vn -0.8122755134 0.5448699008 -0.2081472590
vn -0.7900073810 0.5845425819 -0.1849278453
vn -0.7391116293 0.5918908106 -0.3215264650
vn -0.6937703521 0.6160344145 -0.3730741197
vn -0.4484503602 0.5833157242 -0.6772259892
vn -0.4320893477 0.5968116694 -0.6761025269
vn -0.1005718645 0.4828378262 -0.8699154750
vn -0.0953338976 0.4710976808 -0.8769141481
vn 0.0812057215 0.3920897304 -0.9163357868
vn 0.0738488586 0.3848896724 -0.9200034164
vn -0.1093303395 0.4556740384 -0.8834070679
vn 0.0697598258 0.3738317199 -0.9248694026
vn -0.1254771145 0.4399564854 -0.8892096405
vn -0.1344029449 0.4261651876 -0.8946055451
vn -0.5179337583 0.4908876203 -0.7005526149
vn -0.5377928434 0.4598871723 -0.7065993535
vn -0.8209055873 0.4609827619 -0.3370592083
vn -0.8432908660 0.4076843378 -0.3502199254
vn -0.8911653586 0.4013347308 -0.2115531554
vn -0.9498965167 0.3099628396 -0.0402448206
vn -0.9545598984 0.2976210021 -0.0153993341
vn 0.0583662638 0.3607208875 -0.9308457555
vn -0.1503593958 0.4121885908 -0.8986059301
vn -0.2822279132 0.4237307701 -0.8606971822
vn -0.5743859692 0.4389194046 -0.6909634683
vn 0.1846136082 0.3131802766 -0.9315771197
vn 0.0270708837 0.3580267683 -0.9333188097
vn -0.7685206115 0.4144707134 -0.4874321464
vn -0.8714816244 0.3779168658 -0.3125677860
vn -0.9236410860 0.3450951873 -0.1667226915
vn -0.9420902934 0.3255435116 -0.0805437842
vn -0.8660435263 0.4677653610 -0.1765337861
vn -0.7775631511 0.5081395923 -0.3703912806
vn -0.4978070071 0.5229466490 -0.6918923225
vn -0.7712646209 0.5417418423 -0.3341656189
vn -0.4751753838 0.5543979237 -0.6832651731
vn -0.4618411155 0.8848043701 -0.0618385860
vn -0.3607169296 0.9301347107 -0.0687947434
vn -0.4867313191 0.8348890106 -0.2570077100
vn -0.3008732264 0.8934087844 -0.3336106196
vn -0.3433082208 0.6713600202 -0.6568220374
vn -0.1192759689 0.7804772206 -0.6137007018
vn -0.4004919365 0.6345792736 -0.6609957294
vn 0.0017364227 0.5763057282 -0.8172323369
vn 0.0327245352 0.6808141768 -0.7317247853
vn 0.1658737310 0.5200004568 -0.8379053826
vn -0.6116893223 0.7259792487 -0.3143092481
vn -0.7207022418 0.6770623016 -0.1489124525
vn -0.6555559038 0.7464580511 -0.1142227429
vn -0.7108148577 0.7021320448 0.0418668087
vn -0.6179757679 0.7791277323 0.1051947102
vn -0.7535858889 0.6568300710 0.0261259614
vn -0.7022948599 0.7087267493 0.0669949596
vn -0.7695540689 0.6374292813 0.0383464003
vn -0.5247244339 0.8392902791 0.1423239119
vn -0.4565139183 0.8710889877 0.1811049914
vn -0.5134368329 0.8415682462 0.1677662229
vn -0.4340150155 0.8850441645 0.1683086247
vn -0.4963029498 0.6616981074 0.5619955486
vn -0.4751044017 0.7808064382 0.4057303458
vn -0.6934897360 0.6104583182 0.3826390307
vn -0.5265968636 0.7668855681 0.3668545607
vn -0.7218274546 0.6551283910 0.2230962060
vn -0.8199600477 0.5315456979 0.2124257309
vn -0.7774868639 0.4055195627 0.4806953929
vn -0.5180917309 0.4543936616 0.7246429181
vn -0.8603293697 -0.1281020117 0.4933794181
vn -0.4654651641 0.1633374834 0.8698638097
vn -0.5335699796 0.0443643879 0.8445915450
vn -0.3962156424 -0.0606294581 0.9161534989
vn -0.9298652481 -0.0281151953 0.3668244215
vn -0.9265689526 -0.0602128011 0.3712740156
vn -0.9293460841 -0.0283720860 0.3681180256
vn -0.9292511652 -0.0282656444 0.3683657495
vn -0.9287726594 -0.0289590403 0.3695168754
vn -0.9259334124 -0.0687871249 0.3713699602
vn -0.9229103723 -0.1270361222 0.3634532547
vn -0.9219013730 -0.1340835626 0.3634824023
vn -0.9148876542 -0.1923931371 0.3549161324
vn -0.9137941348 -0.1972139978 0.3550871980
vn -0.9034556506 -0.2544223615 0.3450176073
vn -0.9023974038 -0.2576645088 0.3453808428
vn -0.8880937959 -0.3135751275 0.3360952978
vn -0.8869144647 -0.3165910642 0.3363819709
vn -0.8711763472 -0.3681584274 0.3248247904
vn -0.8696320796 -0.3719119279 0.3246868708
vn -0.8520042019 -0.4198017952 0.3128183063
vn -0.8501133431 -0.4238580695 0.3124926251
vn -0.8272757850 -0.4777026082 0.2956602674
vn -0.8244242814 -0.4834029253 0.2943572933
vn -0.7869852700 -0.5522941322 0.2750006843
vn -0.7846037428 -0.5560984331 0.2741377380
vn -0.7379060252 -0.6270213631 0.2496776085
vn -0.7380520316 -0.6266302553 0.2502273402
vn -0.6886711619 -0.6897731160 0.2234839572
vn -0.6866431540 -0.6922116665 0.2221805296
vn -0.6609248796 -0.7210524405 0.2079944266
vn -0.6610425486 -0.7210681031 0.2075657479
vn 0.9002364354 0.2655254055 -0.3450661087
vn 0.9011158423 0.2608030323 -0.3463697695
vn 0.9001963077 0.2655239662 -0.3451718862
vn 0.9017405422 0.2587367562 -0.3462936406
vn 0.9038141438 0.2499681212 -0.3473268372
vn 0.9055277850 0.2458813201 -0.3457771060
vn 0.9053581041 0.2422286312 -0.3487864583
vn 0.9053554823 0.2420554174 -0.3489134931
vn 0.9050273945 0.2408610688 -0.3505871656
vn 0.9008194587 0.2432950740 -0.3596273208
vn 0.9040334160 0.2399813469 -0.3537407749
vn 0.9065143003 0.2366624625 -0.3496036358
vn 0.9069116866 0.2358874991 -0.3490963771
vn 0.8808937353 0.3385337078 -0.3307886876
vn 0.8824882698 0.3369114438 -0.3281846015
vn 0.8817245299 0.3371884251 -0.3299482071
vn 0.8441610705 0.3417060587 -0.4130727011
vn 0.8824012809 0.3347743064 -0.3305966472
vn 0.8829059843 0.3312874231 -0.3327546636
vn 0.8826120089 0.3367206314 -0.3280476461
vn 0.8845375484 0.3365196830 -0.3230291449
vn 0.8870928040 0.3363859959 -0.3160867268
vn 0.4892777970 -0.7896057790 0.3703106143
vn 0.5153609020 -0.7723417238 0.3713373163
vn 0.4893095820 -0.7900803970 0.3692547892
vn 0.4894312683 -0.7900511067 0.3691561761
vn 0.4898528015 -0.7884583319 0.3719915210
vn 0.5223931215 -0.7676208588 0.3712999378
vn 0.5713377837 -0.7357509200 0.3636532972
vn 0.5769411554 -0.7313350446 0.3637141126
vn 0.6241103735 -0.6959261313 0.3552084760
vn 0.6276366907 -0.6926428244 0.3554125803
vn 0.6723022209 -0.6547103817 0.3454910128
vn 0.6742545821 -0.6525909144 0.3456961916
vn 0.7156587993 -0.6128908430 0.3349586506
vn 0.7172215510 -0.6109195238 0.3352172165
vn 0.7546593803 -0.5702127168 0.3245715288
vn 0.7567201693 -0.5674544355 0.3246075308
vn 0.7895872915 -0.5280522451 0.3125903637
vn 0.7918666900 -0.5246909114 0.3124845481
vn 0.8272712709 -0.4767702130 0.2971740369
vn 0.8304496656 -0.4718861422 0.2961027216
vn 0.8719357154 -0.4055615700 0.2743135454
vn 0.8737865237 -0.4021394992 0.2734610286
vn 0.9121848230 -0.3255908705 0.2488160641
vn 0.9117670130 -0.3263270773 0.2493823422
vn 0.9415277139 -0.2515383450 0.2241740953
vn 0.9427007378 -0.2483697215 0.2227729793
vn 0.9550697296 -0.2122324666 0.2068796552
vn 0.9551781541 -0.2123743459 0.2062324689
vn -0.6803230649 0.6474426211 -0.3434801010
vn -0.6766503603 0.6505277200 -0.3449028492
vn -0.6803005018 0.6474064934 -0.3435928688
vn -0.6751637995 0.6520819670 -0.3448810696
vn -0.6682946868 0.6577191156 -0.3475453590
vn -0.6656154932 0.6612243763 -0.3460322809
vn -0.6624349976 0.6630327118 -0.3486653079
vn -0.6622986656 0.6631173440 -0.3487633376
vn -0.6613740445 0.6622940690 -0.3520666691
vn -0.6607139382 0.6579279421 -0.3613694990
vn -0.6593451256 0.6633852713 -0.3538134920
vn -0.6595122132 0.6628307703 -0.3545405626
vn -0.6591770519 0.6633587860 -0.3541761360
vn -0.7335211746 0.5940875442 -0.3301615913
vn -0.7334425016 0.5966335054 -0.3257154542
vn -0.7327585546 0.5954466423 -0.3294058240
vn -0.7176321640 0.5607224458 -0.4130307688
vn -0.7317600913 0.5965993354 -0.3295396816
vn -0.7304209955 0.5976601605 -0.3305866026
vn -0.7324308283 0.5954209909 -0.3301801406
vn -0.7310056239 0.5938587855 -0.3360989745
vn -0.7314843923 0.5947607478 -0.3334520007
vn 0.7572379874 0.6531357410 0.0020818718
vn 0.7264385967 0.6871653366 0.0095270913
vn 0.7230706304 0.6906919645 0.0106523990
vn 0.7322551224 0.6808620974 0.0151406743
vn 0.5594433042 0.8276892853 -0.0441999585
vn 0.7568626563 0.6535735246 -0.0007532284
vn 0.8088568773 0.5880053282 0.0005347887
vn 0.8083848518 0.5886495736 -0.0023687266
vn 0.8542965700 0.5197840001 0.0014013283
vn 0.8537685344 0.5206506796 -0.0014695447
vn 0.8772741351 0.4799059044 -0.0089674288
vn 0.8778699380 0.4787687550 -0.0111736801
vn 0.7067960799 0.7074173407 -0.0000869601
vn 0.1860825950 -0.9825340983 -0.0001164377
vn 0.2319066296 -0.9727013007 0.0084554588
vn 0.2381724855 -0.9711782450 0.0093104061
vn 0.2443906180 -0.9696505971 0.0071376063
vn 0.3907627423 -0.9198892166 -0.0332912660
vn 0.1866159751 -0.9824287952 -0.0028531083
vn 0.1053521349 -0.9944339789 0.0014104422
vn 0.1061289835 -0.9943513145 -0.0014498897
vn 0.0223094712 -0.9997511075 0.0001024424
vn 0.0232945689 -0.9997244765 -0.0028868915
vn -0.0235266251 -0.9996693474 -0.0103775596
vn -0.0248010617 -0.9996133870 -0.0125691647
vn 0.3283079147 -0.9444014978 -0.0178808331
vn 0.7126269387 -0.0404490410 0.7003761284
vn 0.8836883381 0.1403876749 0.4465268433
vn 0.7803367174 0.0462666199 0.6236457386
vn 0.9163345893 0.1930904008 0.3507805832
vn 0.9246949880 0.2223866370 0.3090038234
vn 0.9558308201 0.2916297605 0.0365995361
vn 0.9557059577 0.2938813584 -0.0161204738
vn 0.9316411244 0.3229357665 -0.1666052399
vn 0.9333244671 0.3145195216 -0.1731557382
vn 0.9502565499 0.2801025426 0.1362169411
vn 0.9373890394 0.3249633838 -0.1253019875
vn 0.9133178079 0.3404913745 -0.2234193494
vn 0.8971867319 0.3365410876 -0.2860001128
vn 0.8883088162 0.3357040921 -0.3133850819
vn 0.8901555972 0.3365141121 -0.3072153400
vn 0.3917124671 -0.1897408472 0.9003109208
vn 0.3925236848 -0.2462595795 0.8861610330
vn 0.4208215242 -0.4494406030 0.7879799421
vn 0.4068466245 -0.4068335880 0.8179011284
vn 0.3907797770 -0.7578809421 0.5224056312
vn 0.3877239462 -0.6932001149 0.6075720057
vn 0.3116108405 -0.9093332215 0.2757023328
vn 0.3549833181 -0.7076436199 0.6109233595
vn 0.2546895858 -0.9258006475 0.2793320174
vn 0.3230556923 -0.7164662317 0.6183131557
vn 0.2294886633 -0.9177590718 0.3241191748
vn 0.2878118877 -0.7271407278 0.6232420711
vn 0.1699781253 -0.9426065983 0.2874025708
vn 0.2549458641 -0.7349125705 0.6284155632
vn 0.1099462181 -0.9505518267 0.2904531871
vn 0.1427455338 -0.8857036184 0.4417610361
vn 0.0495747991 -0.9757299084 0.2132920184
vn 0.3892939826 -0.4103291575 0.8246697385
vn 0.3779174216 -0.2498514609 0.8914890184
vn 0.3754159392 -0.4163507202 0.8280790725
vn 0.3578074300 -0.4186450879 0.8346916397
vn 0.3669147464 -0.2584762192 0.8936238655
vn 0.3400727417 -0.4232603781 0.8397625752
vn 0.3435342079 -0.3115925488 0.8859426232
vn 0.2923180738 -0.5490169386 0.7830265289
vn 0.1030194421 -0.9749597384 0.1970799410
vn 0.1655195206 -0.9736677496 0.1567622460
vn 0.2561920167 -0.9473383180 0.1921347490
vn 0.2917954643 -0.9446282510 0.1501095413
vn 0.3243663904 -0.9111137007 0.2542799034
vn -0.3620307830 -0.9189650610 0.1563231555
vn -0.4094433225 -0.8919064765 0.1919869861
vn -0.2800682344 -0.8776834284 0.3888876234
vn -0.3183131007 -0.8709539835 0.3743206226
vn -0.0568551191 -0.7198237305 0.6918246110
vn -0.0880182792 -0.7164892860 0.6920230383
vn 0.1611700719 -0.4316569180 0.8875226831
vn 0.1770882173 -0.4267179660 0.8868774102
vn 0.2753719637 -0.2594620749 0.9256617705
vn 0.2927233912 -0.2502781099 0.9228617903
vn 0.2071690431 -0.4349926879 0.8762775525
vn 0.3102388728 -0.2495824919 0.9173115182
vn 0.2384994777 -0.4380348100 0.8667430441
vn 0.3235143449 -0.2544501477 0.9113690751
vn 0.2673103028 -0.4389758031 0.8578143426
vn 0.3398673216 -0.2523133317 0.9059956878
vn 0.2995696753 -0.4325038842 0.8504107242
vn 0.3296604612 -0.3143469622 0.8902302891
vn 0.2687140343 -0.5400794494 0.7975631361
vn 0.1725069993 -0.7429699831 0.6467124086
vn 0.0995069812 -0.8787032596 0.4668821502
vn 0.0284749932 -0.9370920613 0.3479190186
vn -0.0001254976 -0.9695628364 0.2448425832
vn -0.0899161568 -0.9819260948 0.1665419742
vn -0.0447882148 -0.9295839537 0.3658793364
vn -0.1833754651 -0.9693312334 0.1636166213
vn -0.1172188532 -0.9167573250 0.3818582819
vn -0.2795335788 -0.9491905248 0.1445625331
vn -0.1979481391 -0.9005132099 0.3871595189
vn 0.0025229199 -0.7322847159 0.6809939278
vn 0.0589548330 -0.7406762859 0.6692704738
vn 0.1126402918 -0.7449671114 0.6575227506
vn -0.8877547447 -0.0399926943 0.4585761634
vn -0.8391877455 -0.0864174247 0.5369319851
vn -0.8546253934 -0.0444070992 0.5173426781
vn -0.7195799813 -0.0860410262 0.6890584826
vn -0.7027953081 -0.0575239080 0.7090625889
vn -0.3931695886 -0.1020804176 0.9137818465
vn -0.4322425738 -0.0733167767 0.8987719442
vn -0.0012322975 -0.0972771440 0.9952565693
vn -0.0747893624 -0.0840014468 0.9936550247
vn 0.1970795795 -0.0879163079 0.9764375874
vn 0.1955973829 -0.0946341301 0.9761075992
vn -0.0015922051 -0.1141938429 0.9934572115
vn 0.1978941458 -0.1061115974 0.9744630501
vn 0.0014331550 -0.1352943265 0.9908044163
vn 0.0046206496 -0.1583664467 0.9873695955
vn -0.3779257821 -0.2222810542 0.8987564944
vn -0.3669073736 -0.2727785513 0.8893654149
vn -0.6837103426 -0.3144388111 0.6585350420
vn -0.6647159292 -0.3857986048 0.6397750933
vn -0.7770025509 -0.3659325670 0.5122112770
vn -0.7436451926 -0.4245047654 0.5165147933
vn -0.7199528046 -0.1339242505 0.6809788941
vn -0.8308160744 -0.1499388946 0.5359691954
vn -0.7166673797 -0.1893016964 0.6712322509
vn -0.8208024169 -0.2116391791 0.5305584325
vn -0.7073501441 -0.2460657399 0.6626518131
vn -0.7902567312 -0.2775007744 0.5463402045
vn -0.7974629799 -0.3310966858 0.5044083468
vn -0.6444939933 -0.4439679978 0.6225109714
vn -0.7251106765 -0.4823867661 0.4914443150
vn -0.6476410756 -0.5073986102 0.5684256218
vn -0.7068710871 -0.5543319977 0.4393737617
vn -0.5853659849 -0.5525230577 0.5933505999
vn -0.5869442958 -0.5912766612 0.5530716984
vn -0.2899991770 -0.4491819243 0.8450657230
vn -0.2686560390 -0.4828970817 0.8334472636
vn 0.0529971767 -0.2775332554 0.9592531425
vn 0.0690348178 -0.2940139074 0.9533047866
vn 0.2242818915 -0.1800223887 0.9577523546
vn 0.2282446264 -0.1932717254 0.9542276619
vn 0.0799769759 -0.3123447794 0.9465962297
vn 0.2410252604 -0.2065212617 0.9482909851
vn 0.0883765923 -0.3299216362 0.9398623792
vn 0.2003977102 -0.2580910815 0.9451083279
vn -0.0040384585 -0.4323323292 0.9017053000
vn -0.2218613811 -0.5448407908 0.8086569361
vn -0.3827829502 -0.6675452335 0.6386396279
vn -0.4937330460 -0.6727210533 0.5510662970
vn -0.5390336437 -0.7199552255 0.4371580998
vn -0.6013866030 -0.6974792559 0.3896881335
vn -0.5518213656 -0.6418649550 0.5324495845
vn -0.6434082605 -0.6301406089 0.4346822096
vn 0.0458113810 -0.2594699350 0.9646640193
vn 0.2109942396 -0.1654072833 0.9633908145
vn 0.0370934477 -0.2345597056 0.9713937516
vn 0.2054496818 -0.1499943782 0.9671050174
vn 0.0236975918 -0.2098528823 0.9774457488
vn 0.1984030415 -0.1269982926 0.9718578429
vn 0.0150375945 -0.1872050855 0.9822057456
vn 0.1994924326 -0.1185662001 0.9726997612
vn -0.2458069063 -0.5132161033 0.8223066315
vn -0.3104607289 -0.4115533125 0.8568768912
vn -0.3317418024 -0.3699942762 0.8677854643
vn -0.3490320226 -0.3234833791 0.8795084710
vn -0.3842066756 -0.1782268461 0.9058810196
vn -0.3892305413 -0.1370695412 0.9108850238
vn 0.8003877922 0.0829461722 0.5937165272
vn 0.8066811493 0.0904459548 0.5840248734
vn 0.6302191627 0.0119200994 0.7763257809
vn 0.5310953275 -0.0217654511 0.8470324777
vn 0.4730636093 -0.0467169716 0.8797888077
vn 0.5416798814 -0.0217727314 0.8403028349
vn 0.5685865421 -0.0136352073 0.8225104408
vn 0.8093217426 0.0812280955 0.5817218524
vn 0.8091062477 0.0792610701 0.5822926778
vn 0.9685134632 0.1853791440 0.1661813603
vn 0.9713773227 0.1859708795 0.1477867685
vn 0.9675425959 0.2196631951 -0.1249376075
vn 0.9735675691 0.1847064612 0.1343492150
vn 0.9680635980 0.2000553628 -0.1510983855
vn 0.9691260092 0.1743936764 0.1743032526
vn 0.9733202225 0.1757349308 0.1475295854
vn 0.8105674109 0.0733073133 0.5810391641
vn 0.8110060272 0.0710666148 0.5807053987
vn 0.5428246285 -0.0251744832 0.8394686820
vn 0.5448713174 -0.0251611663 0.8381420901
vn 0.4049532649 -0.0655676452 0.9119834084
vn 0.5426407017 -0.0166175931 0.8398005266
vn 0.5390886813 -0.0317743896 0.8416494412
vn 0.6953506431 0.0324001558 0.7179399091
vn 0.8130807970 0.0599665257 0.5790540850
vn 0.9026640189 0.1238621383 0.4121357054
vn 0.9769557491 0.1700389290 0.1290125070
vn 0.9815219410 0.1856238209 0.0464594076
vn 0.9391858030 0.1633660683 0.3020621711
vn 0.9630060960 0.1960228547 0.1849170071
vn 0.9694666091 0.1958377313 0.1475875226
vn 0.9666458739 0.2304751689 -0.1117002730
vn 0.9716711425 0.1938516424 0.1351914626
vn 0.9738762919 0.2258021205 -0.0240493316
vn 0.9505826317 0.2491941920 -0.1851888628
vn 0.5394024985 -0.0238198132 0.8417110912
vn 0.5340423532 -0.0263758978 0.8450461982
vn 0.5394110811 -0.0253099446 0.8416621010
vn 0.8102742294 0.0755529110 0.5811604175
vn 0.8086104370 0.0833500732 0.5824104450
vn 0.8102167257 0.0775270355 0.5809805644
vn 0.1272937945 -0.9836505360 0.1273888259
vn 0.0941101595 -0.9715991213 0.2171138534
vn 0.1734470129 -0.9150881581 0.3640464210
vn 0.1825924759 -0.8831208394 0.4321545682
vn 0.2797853168 -0.7248804495 0.6294986182
vn 0.3241316923 -0.5425756230 0.7749518304
vn 0.3498743738 -0.4252884547 0.8346961441
vn 0.3647419612 -0.3171321470 0.8754373210
vn 0.3770414222 -0.2412353164 0.8942288790
vn 0.3811287947 -0.4208787870 0.8231657722
vn 0.3920480328 -0.2369605699 0.8889027103
vn 0.4113497228 -0.4047590291 0.8166771295
vn 0.4045955090 -0.2922169198 0.8665516406
vn 0.4177666437 -0.4943708644 0.7622784792
vn 0.3937589004 -0.6880256615 0.6095692065
vn 0.3785919603 -0.8162262720 0.4363975258
vn 0.3424813365 -0.8734208298 0.3461828825
vn 0.3275277662 -0.9155608619 0.2333963805
vn 0.2245878452 -0.9660917415 0.1273854261
vn 0.2636658650 -0.8918944788 0.3674296535
vn 0.3380358057 -0.7084958778 0.6194880025
vn -0.0718669424 -0.2444285555 0.9670004260
vn 0.1101363655 -0.2382146698 0.9649475385
vn -0.0374026999 -0.3931068602 0.9187317533
vn 0.1136770547 -0.3938602596 0.9121138214
vn -0.2247979034 -0.6380150402 0.7364799462
vn -0.1464911801 -0.6584623786 0.7382192290
vn -0.3530185354 -0.7562002091 0.5509438786
vn -0.4136395699 -0.8155835850 0.4046303525
vn -0.4289549398 -0.8267615215 0.3639547310
vn -0.4943260351 -0.8454553003 0.2021066703
vn -0.5373782920 -0.8257140867 0.1715249784
vn -0.5414584646 -0.8355161729 0.0934636615
vn -0.5758423426 -0.7992723857 0.1719571164
vn -0.5898213783 -0.8042191045 0.0730915424
vn -0.6210206911 -0.7703669597 0.1444577745
vn -0.6322925037 -0.7724780966 0.0590235542
vn -0.6471055108 -0.7512249033 0.1300599959
vn -0.6840835938 -0.7220696414 0.1031749468
vn -0.6894451779 -0.6877906380 0.2271769902
vn -0.7282468171 -0.6634258889 0.1718216033
vn -0.7186705408 -0.6082433696 0.3369757516
vn -0.7774863122 -0.5745381826 0.2557751181
vn -0.8138720111 -0.4595268530 0.3555944614
vn -0.7695039103 -0.6063923544 0.2003797508
vn -0.8643222084 -0.3420136109 0.3687462679
vn -0.5068836140 -0.8378606919 0.2026288794
vn -0.6959374840 -0.7089858918 0.1140614909
vn -0.8403410054 -0.2483714945 0.4818076332
vn -0.8813530029 -0.1416202292 0.4507333968
vn -0.8542958439 -0.1182804376 0.5061505204
vn -0.6789619971 -0.1801897305 0.7117178285
vn -0.7092145854 -0.2884271764 0.6432918745
vn -0.7342939207 -0.4860398534 0.4738962955
vn -0.6298520180 -0.5208942516 0.5761558939
vn -0.6453802847 -0.6414877646 0.4147019845
vn -0.5562425410 -0.6804093049 0.4771136273
vn -0.6369003226 -0.7181813438 0.2803097152
vn -0.5760041333 -0.7521614882 0.3201130020
vn -0.5815595243 -0.3143136503 0.7503302266
vn -0.4170831304 -0.2108837344 0.8840643149
vn -0.3919041420 -0.3423461262 0.8539380969
vn -0.1922577519 -0.3704698555 0.9087293563
vn -0.3642455230 -0.6065225247 0.7067217458
vn -0.5049159231 -0.5629538988 0.6543262324
vn -0.4559413984 -0.7241628263 0.5174027853
vn -0.5048806114 -0.7893751444 0.3492598598
vn 0.5076416945 -0.7812828079 0.3631763815
vn 0.4720805296 -0.8455046723 0.2495231905
vn 0.4358191573 -0.8835406557 0.1715155150
vn 0.4974510502 -0.8433394996 0.2032755301
vn 0.4256431069 -0.8959885121 0.1266196341
vn 0.5485978131 -0.8211857493 0.1571445343
vn 0.4876804038 -0.8701852227 0.0703242627
vn 0.5824204764 -0.8080340507 0.0886981492
vn 0.5031852104 -0.8641560791 0.0062381942
vn 0.6007630249 -0.7994257527 0.0015012679
vn 0.5519470898 -0.8337937637 -0.0119318749
vn 0.7365175678 -0.6750561438 -0.0429077506
vn 0.7655298266 -0.6433854621 -0.0043853976
vn 0.8720958728 -0.4892610681 0.0085085815
vn 0.7295997085 -0.6667748904 0.1519720726
vn 0.8267491299 -0.5266351179 0.1978416758
vn 0.6740230011 -0.6910424357 0.2610619584
vn 0.7578298428 -0.5568317995 0.3400474618
vn 0.6060979624 -0.7181308892 0.3419550935
vn 0.6723057651 -0.5902296201 0.4468041559
vn 0.5255658274 -0.7458258385 0.4092974221
vn 0.5863841912 -0.6208933568 0.5202355426
vn 0.5714565120 -0.4485982342 0.6871659764
vn 0.5843846548 -0.2330630638 0.7772877096
vn 0.6087346052 -0.3004349785 0.7342894553
vn 0.5933440209 -0.4942048873 0.6353773700
vn 0.7164811544 -0.4458740755 0.5365175340
vn 0.8175183780 -0.4063143933 0.4081327179
vn 0.8986279605 -0.3677566795 0.2392129037
vn 0.9434906578 -0.3313968317 0.0012323052
vn 0.9668168768 -0.2305238937 -0.1101084068
vn 0.7307419169 -0.1587649539 0.6639351928
vn 0.7458091385 -0.2611895441 0.6128203252
vn 0.9249981393 -0.0744433615 0.3726078747
vn 0.8476283927 -0.2296061258 0.4783378878
vn 0.9480628579 -0.1599999721 0.2749123977
vn 0.9997687817 0.0069505167 0.0203487960
vn 0.9946449039 -0.1033259477 -0.0022942876
vn 0.9916419454 0.0162780525 -0.1279893635
vn -0.9318660243 -0.1521631117 0.3293510289
vn -0.9078487986 -0.2916854490 0.3012144714
vn -0.9271460273 -0.1886419914 0.3237505878
vn -0.8711985609 -0.4424480454 0.2127270426
vn -0.9192961246 -0.2843840736 0.2720667821
vn -0.8076714340 -0.5777360658 0.1178469050
vn -0.7476578766 -0.6586402592 0.0848569887
vn -0.7283397581 -0.6814333231 0.0719014802
vn -0.7962473652 -0.5870506816 0.1461561860
vn -0.7195208335 -0.6908896066 0.0704366493
vn -0.7195367184 -0.6908422336 0.0707383859
vn -0.9321642200 -0.1476058976 0.3305788347
vn -0.9315821403 -0.1469270164 0.3325164172
vn -0.5170899990 0.0636985773 -0.8535575108
vn -0.5439656296 0.0516328559 -0.8375174279
vn -0.7222211903 0.0504025823 -0.6898232614
vn -0.6988324878 0.0327718666 -0.7145342251
vn -0.8842081016 0.0304575124 -0.4660991022
vn -0.9213406072 -0.0125480958 -0.3885537682
vn -0.9646011667 0.0095108562 -0.2635415199
vn -0.9974904951 -0.0036995831 -0.0707037856
vn -0.9983706181 -0.0567216125 0.0062263633
vn -0.9914961446 -0.0136768513 0.1294153736
vn -0.9874221149 -0.0320722022 0.1548190582
vn -0.9674953811 -0.0189044199 0.2521811066
vn -0.5479699572 0.0449417512 -0.8352898689
vn -0.6952259208 0.0009312140 -0.7187906871
vn -0.9152096568 -0.0729738863 -0.3963156520
vn -0.9910075270 -0.1336625345 -0.0061974484
vn -0.9866127489 -0.1080318239 0.1221654971
vn -0.9716262878 -0.1885516208 0.1427958091
vn -0.9756347376 -0.2176960668 -0.0272998389
vn -0.9612853378 -0.2251080763 0.1589240489
vn -0.9541782325 -0.2796826880 0.1064025127
vn -0.9562194932 -0.2909301856 -0.0316845075
vn -0.9324588086 -0.3484866130 0.0952767067
vn -0.9333806147 -0.3547461319 -0.0543673614
vn -0.9051486900 -0.4071932668 0.1220634772
vn -0.8939152880 -0.4357917016 0.1048858934
vn -0.8998880190 -0.4330286559 -0.0518433830
vn -0.8801635179 -0.4717776357 -0.0523263246
vn -0.8281638035 -0.3307836609 -0.4524675505
vn -0.8056967989 -0.3673793942 -0.4646343174
vn -0.6313303735 -0.1513141808 -0.7606089522
vn -0.6238029427 -0.1724313680 -0.7623236268
vn -0.5071716916 -0.0457605085 -0.8606293343
vn -0.6099724726 -0.1826240931 -0.7710914494
vn -0.4990664455 -0.0600991986 -0.8644771653
vn -0.5960883472 -0.1950317430 -0.7788718133
vn -0.5202159944 -0.1185101708 -0.8457722262
vn -0.6432166435 -0.3112996194 -0.6995462075
vn -0.5494852286 0.0283467536 -0.8350224219
vn -0.6897094537 -0.0307438037 -0.7234332644
vn -0.9042296393 -0.1340277302 -0.4054692675
vn -0.5416145892 0.0156263492 -0.8404816798
vn -0.6816857546 -0.0618546691 -0.7290257415
vn -0.8889711843 -0.1902244077 -0.4165872156
vn -0.5352990395 0.0116681228 -0.8445820228
vn -0.5378675196 -0.0027922551 -0.8430247533
vn -0.6663516559 -0.0873787460 -0.7405001184
vn -0.5207105200 -0.0166040117 -0.8535718254
vn -0.6600696986 -0.1131933193 -0.7426272722
vn -0.6448016051 -0.1314420259 -0.7529634014
vn -0.8503502998 -0.2891369744 -0.4396637097
vn -0.5181747383 -0.0361280996 -0.8545113815
vn -0.7393628878 -0.4510973087 -0.4998537168
vn -0.7426705821 -0.6058908665 -0.2851958350
vn -0.7512456082 -0.6520554191 -0.1022436628
vn -0.7154524877 -0.6981615869 -0.0264222710
vn -0.7475133762 -0.6635656282 0.0300734004
vn -0.7911850062 -0.6041919389 -0.0947543510
vn -0.7998082903 -0.5962492399 0.0692354157
vn -0.8132554026 -0.5721869145 -0.1059140453
vn -0.8426173680 -0.5361809198 -0.0500598874
vn -0.7835661217 -0.3984334681 -0.4767335780
vn -0.8419065794 -0.5339548634 0.0780097134
vn -0.7613195499 -0.4271079628 -0.4878230530
vn -0.8709718752 -0.2423135078 -0.4274250303
vn 0.9243048709 0.1625050581 -0.3453297144
vn 0.9323951587 0.0500923925 -0.3579525391
vn 0.9322951901 0.0105350347 -0.3615448680
vn 0.9382633169 -0.1099224802 -0.3279923726
vn 0.9148217483 -0.2580135908 -0.3106930251
vn 0.8721381860 -0.4123256517 -0.2633676926
vn 0.7176978391 -0.6837734934 -0.1317710954
vn 0.9243042116 0.1622953543 -0.3454300833
vn 0.9243121859 0.1610837206 -0.3459754585
vn 0.5684890510 -0.8195753623 -0.0715291852
vn 0.5957996908 -0.7967040418 -0.1014169530
vn 0.7146323363 -0.6777360464 -0.1731313819
vn 0.4790355603 -0.8755427277 -0.0628479427
vn 0.5026894018 -0.8603113170 -0.0846628800
vn 0.5476303543 -0.8325200043 -0.0837343262
vn -0.9690218244 -0.1120799443 0.2200790540
vn -0.9585707266 -0.2525328533 0.1317927165
vn -0.9896119576 -0.0531469986 0.1335798259
vn -0.9824662438 -0.1842460093 -0.0285217082
vn -0.9922918797 -0.0593279530 -0.1087980676
vn -0.9579241069 -0.0128553522 -0.2867335789
vn -0.9190924075 -0.1745523453 -0.3532713196
vn -0.8516891016 -0.0517240491 -0.5214885396
vn -0.7681007966 -0.1899317575 -0.6115121370
vn -0.6814424473 -0.0548802394 -0.7298111745
vn -0.6835142709 -0.2349259030 -0.6910991691
vn -0.6108360941 -0.0280349649 -0.7912605809
vn -0.9021471688 -0.4311229996 -0.0162309895
vn -0.8273576986 -0.5593893687 0.0506238366
vn -0.7770637562 -0.6293705780 -0.0080370585
vn -0.7401673275 -0.6720494062 0.0224036368
vn -0.7129787110 -0.7011772038 -0.0034476723
vn -0.7019961688 -0.7095927538 -0.0606589058
vn -0.7627320689 -0.6362699473 -0.1157598601
vn -0.8715211643 -0.4302359149 -0.2352613816
vn -0.6719018457 -0.7320600436 -0.1124099743
vn -0.7198506287 -0.6602119353 -0.2143251569
vn -0.7826961486 -0.4443643232 -0.4358062496
vn -0.6837763166 -0.7084586576 -0.1747463283
vn -0.7259413596 -0.5800955160 -0.3694568105
vn -0.6208799159 -0.6495859231 -0.4388009327
vn -0.6021947192 -0.7626656631 -0.2360139963
vn -0.6110518788 -0.7025549334 -0.3647357495
vn -0.5353966152 -0.8294968412 -0.1590140083
vn -0.5470103345 -0.7606019545 -0.3496632105
vn -0.4212822099 -0.8931520772 -0.1574822741
vn -0.5029662424 -0.7936463333 -0.3422724890
vn -0.4385829110 -0.8159610099 -0.3766333238
vn -0.5236802556 -0.5720546622 -0.6312784278
vn -0.4769124673 -0.6028832724 -0.6395985135
vn -0.4802893617 -0.2583147746 -0.8382097627
vn -0.4598151348 -0.2803857771 -0.8425875965
vn -0.4354120365 -0.0941188574 -0.8952977154
vn -0.4182397411 -0.0990350285 -0.9029216921
vn -0.4341287072 -0.2989341276 -0.8498062444
vn -0.4041212271 -0.1062585094 -0.9085126103
vn -0.4047826710 -0.3094650674 -0.8604547410
vn -0.3887911467 -0.1116855899 -0.9145314501
vn -0.3730616564 -0.3180620906 -0.8715856281
vn -0.3701959720 -0.1248828335 -0.9205211677
vn -0.3421230728 -0.3215105724 -0.8829398365
vn -0.3112097451 -0.3279195592 -0.8919737985
vn -0.1851902147 -0.6901886454 -0.6995314276
vn -0.1185049206 -0.6914304670 -0.7126573462
vn 0.0589843658 -0.9113868984 -0.4073018119
vn 0.0594307917 -0.9065465222 -0.4179011655
vn 0.1086290076 -0.9403006222 -0.3225437622
vn 0.1255137703 -0.9785902989 -0.1631175050
vn -0.0404387154 -0.9101878620 -0.4122168922
vn 0.0260196376 -0.9885778919 -0.1484477351
vn -0.1321526319 -0.9076540936 -0.3983713447
vn -0.0904796143 -0.9812613871 -0.1701162235
vn -0.2133339955 -0.9038166878 -0.3709501330
vn -0.2232625250 -0.9573841924 -0.1832194124
vn -0.2776754417 -0.8917838575 -0.3572364772
vn -0.3597126193 -0.8514454193 -0.3816379561
vn -0.4277061216 -0.6276838351 -0.6504463673
vn -0.3227214125 -0.9358070853 -0.1418308463
vn -0.1152307397 -0.6793914191 -0.7246717714
vn -0.2016231819 -0.4777627466 -0.8550385082
vn -0.2585960189 -0.3690947217 -0.8926909798
vn -0.2823530239 -0.2914112701 -0.9139782501
vn -0.3207931237 -0.1612380751 -0.9333241961
vn -0.3474467554 -0.1258708794 -0.9292132553
vn -0.3478359285 -0.0701308952 -0.9349287804
vn -0.3638038415 0.0033755722 -0.9314694683
vn -0.3703036277 0.0384294046 -0.9281155123
vn -0.5009116987 -0.2478940558 -0.8292382090
vn -0.4479945089 -0.0785889063 -0.8905754902
vn -0.5222676827 -0.2327396500 -0.8204076566
vn -0.4738121983 -0.1288959156 -0.8711416898
vn -0.5539253254 -0.3221895799 -0.7676982535
vn -0.6022574716 -0.5105031846 -0.6137364552
vn -0.2508423427 -0.6814943022 -0.6874908255
vn -0.3127985639 -0.6702182815 -0.6730263840
vn -0.3734593916 -0.6498661017 -0.6619683774
vn -0.5649130858 -0.5410145915 -0.6230380544
vn -0.3223991038 0.6379041934 0.6993833411
vn -0.5515074838 0.6996496248 0.4542355092
vn -0.4305953855 0.6528261308 0.6232219965
vn -0.6182426483 0.7004945414 0.3564876229
vn -0.6544936454 0.6900548674 0.3089698175
vn -0.7300340886 0.6823944551 0.0372563693
vn -0.7318254367 0.6813006265 -0.0161550794
vn -0.7455540600 0.6453285562 -0.1664337651
vn -0.7408547284 0.6484079413 -0.1752181869
vn -0.7170322616 0.6835059816 0.1366905588
vn -0.7495839580 0.6494804622 -0.1276676118
vn -0.7505086403 0.6212318241 -0.2254058594
vn -0.7401148377 0.6099100144 -0.2832663082
vn -0.7348408911 0.6024798712 -0.3114913636
vn -0.7365936657 0.6037698173 -0.3047815273
vn -0.0332966178 0.4328194594 0.9008655010
vn 0.0172072196 0.4632128753 0.8860799872
vn 0.1792672562 0.5891222775 0.7879074774
vn 0.1491381622 0.5557934279 0.8178334024
vn 0.4608123058 0.7172830778 0.5226442434
vn 0.4054759222 0.6819974403 0.6086614560
vn 0.6317439010 0.7245117092 0.2756491007
vn 0.4347905491 0.6611283209 0.6114462542
vn 0.6745070988 0.6834710805 0.2791190708
vn 0.4593021610 0.6380355460 0.6180227883
vn 0.6798280410 0.6576136813 0.3246199021
vn 0.4858188395 0.6128703068 0.6231934228
vn 0.7307596257 0.6186791043 0.2884900958
vn 0.5089923127 0.5881762028 0.6284708268
vn 0.7682826341 0.5704683175 0.2903578703
vn 0.6954754699 0.5662986180 0.4422892109
vn 0.8204442827 0.5305111290 0.2131410823
vn 0.1600428151 0.5420342085 0.8249758870
vn 0.0257379334 0.4512408085 0.8920309925
vn 0.1725937019 0.5331780866 0.8282104455
vn 0.1839028930 0.5193835778 0.8345180795
vn 0.0401516247 0.4469912781 0.8936367519
vn 0.1969618922 0.5061971208 0.8396252068
vn 0.0987471060 0.4532845898 0.8858792749
vn 0.3292343837 0.5273971711 0.7832349229
vn 0.7926638712 0.5769371804 0.1970468911
vn 0.7603620905 0.6302065829 0.1571278273
vn 0.6931423492 0.6952231815 0.1903113544
vn 0.6726170133 0.7248503589 0.1489238415
vn 0.6271349678 0.7364574741 0.2536377752
vn 0.9767753160 0.1460584798 0.1567702220
vn 0.9775249206 0.0905184187 0.1903981237
vn 0.9001397282 0.1963037351 0.3888615607
vn 0.9135424572 0.1596183954 0.3741151516
vn 0.6517355509 0.3107389694 0.6918685313
vn 0.6638979070 0.2822743494 0.6925032569
vn 0.2934114293 0.3554669000 0.8874418382
vn 0.2806283821 0.3667784137 0.8869731148
vn 0.0873642899 0.3682893950 0.9255973219
vn 0.0694389505 0.3786854602 0.9229168730
vn 0.2728889832 0.3969716305 0.8763247842
vn 0.0608539244 0.3933398869 0.9173769854
vn 0.2605884275 0.4255148884 0.8666203039
vn 0.0573339631 0.4072589905 0.9115113446
vn 0.2457906957 0.4508981459 0.8580663120
vn 0.0480710024 0.4202522011 0.9061331393
vn 0.2241304989 0.4755549229 0.8506544744
vn 0.1072127071 0.4426714281 0.8902513365
vn 0.3331416511 0.5026028467 0.7977512261
vn 0.5575467621 0.5208604381 0.6464100959
vn 0.7113395167 0.5254379791 0.4668094066
vn 0.7981784212 0.4928580332 0.3464132894
vn 0.8398057858 0.4847128975 0.2444987712
vn 0.8958255494 0.4125781690 0.1651539873
vn 0.8279926702 0.4257274455 0.3649442153
vn 0.9317492535 0.3250569105 0.1618064694
vn 0.8525501036 0.3568918677 0.3818200043
vn 0.9616812656 0.2328859174 0.1446834228
vn 0.8787829248 0.2788707022 0.3872618011
vn 0.6335034219 0.3681713750 0.6805315959
vn 0.6118082258 0.4215085571 0.6693438811
vn 0.5888020331 0.4701220609 0.6574932804
vn 0.4790988568 -0.7507562510 0.4547849349
vn 0.4948295288 -0.6840689609 0.5359042770
vn 0.4658342717 -0.7190175150 0.5157637487
vn 0.4337531026 -0.5817203347 0.6880840779
vn 0.3992049704 -0.5778971354 0.7118077637
vn 0.2843267009 -0.2898687849 0.9138568896
vn 0.2786402133 -0.3376616076 0.8990796796
vn 0.0846343349 0.0474229586 0.9952829208
vn 0.1095402894 -0.0223161736 0.9937318116
vn -0.0218387503 0.2142873860 0.9765264897
vn -0.0167785489 0.2178127966 0.9758463332
vn 0.0982325075 0.0558379372 0.9935957424
vn 0.1160927765 0.0676648029 0.9909308461
vn 0.3454054567 -0.2446750365 0.9059962456
vn 0.3776342398 -0.2193542111 0.8995977496
vn 0.5642806875 -0.4932712218 0.6620202470
vn 0.6058979677 -0.4554466913 0.6522698553
vn 0.6345809042 -0.5607283124 0.5318748309
vn 0.6776889374 -0.5198852002 0.5200548844
vn 0.4752572317 -0.5584137392 0.6799298931
vn 0.5449090328 -0.6442687161 0.5366488306
vn 0.5212086396 -0.5273493021 0.6710024349
vn 0.5923439039 -0.6042021005 0.5329807888
vn 0.6441139941 -0.4148883070 0.6426389775
vn 0.7164132498 -0.4783790049 0.5078440540
vn 0.6787251448 -0.3742805497 0.6318593577
vn 0.7515292510 -0.4373108236 0.4939261367
vn 0.7089515217 -0.3343279029 0.6209771278
vn 0.7851831984 -0.3983604845 0.4741268495
vn 0.7580271459 -0.3085265172 0.5746357406
vn 0.8291607757 -0.2906074006 0.4775350739
vn 0.7643011422 -0.2630165364 0.5887835474
vn 0.8006459953 -0.1963939821 0.5660347993
vn 0.5306592373 -0.0335982412 0.8469190824
vn 0.5571783775 0.0147300370 0.8302621765
vn 0.2089822447 0.1828168732 0.9606791412
vn 0.2248536100 0.2083284270 0.9518613978
vn 0.0604687483 0.2764919215 0.9591119579
vn 0.0645691073 0.2940857934 0.9535954994
vn 0.2396621046 0.2362755277 0.9416665815
vn 0.0676494400 0.3109648660 0.9480107623
vn 0.1240184471 0.3008445693 0.9455749414
vn 0.3762279990 0.2100611989 0.9024005682
vn 0.5797264645 0.0709355793 0.8117175432
vn 0.7679889226 -0.0009568289 0.6404624105
vn 0.8260361279 -0.1128980101 0.5521941277
vn 0.8905703174 -0.1088718608 0.4416236266
vn 0.9003112310 -0.1493825965 0.4088086683
vn 0.8656863997 -0.2145576515 0.4522743322
vn 0.0325097212 0.2687906960 0.9626498220
vn 0.2019139628 0.1642071573 0.9655396217
vn 0.5075631416 -0.0682989712 0.8589033169
vn 0.1850288876 0.1513006673 0.9710161785
vn 0.0220296613 0.2545410508 0.9668110195
vn 0.1809378823 0.1299074254 0.9748771941
vn 0.1582106163 0.1204202799 0.9800348754
vn 0.4646542189 -0.1292967257 0.8760016059
vn 0.4380581275 -0.1598494665 0.8846203847
vn 0.0102951397 0.2396844585 0.9707962559
vn 0.1497120070 0.0974338360 0.9839171523
vn 0.4083841770 -0.1900349647 0.8928096528
vn 0.0050174360 0.2300189644 0.9731732124
vn 0.1333198295 0.0811997986 0.9877410672
vn -0.0056848945 0.2234975522 0.9746879122
vn 0.4877091798 -0.0988593482 0.8673906762
vn 0.3121744937 -0.2690917490 0.9111183875
vn -0.4722403061 0.6516593151 0.5935732729
vn -0.4819933385 0.6536837599 0.5834209147
vn -0.3258751233 0.5400972371 0.7759512732
vn -0.2464965328 0.4707348108 0.8471411908
vn -0.1950412108 0.4321508554 0.8804570201
vn -0.2507308169 0.4787918922 0.8413634063
vn -0.2563520406 0.4847703646 0.8362304257
vn -0.4751793190 0.6601782655 0.5816951715
vn -0.4730468912 0.6608984182 0.5826147265
vn -0.6445696930 0.7459779499 0.1674718162
vn -0.6464824216 0.7483327276 0.1485214036
vn -0.6739823779 0.7279071912 -0.1260907422
vn -0.6465459452 0.7507985516 0.1352030904
vn -0.6573563385 0.7382470830 -0.1512411610
vn -0.6350790800 0.7520224433 0.1764562464
vn -0.6386559675 0.7550149843 0.1485628778
vn -0.4690268372 0.6656511908 0.5804500996
vn -0.4671822801 0.6668563681 0.5805543054
vn -0.2488110954 0.4817576648 0.8402396035
vn -0.2520968380 0.4857940219 0.8369297178
vn -0.1467999499 0.3846860866 0.9112992864
vn -0.2579681677 0.4796455353 0.8386850332
vn -0.2436058218 0.4841934294 0.8403647581
vn -0.3757594870 0.5861889598 0.7177654988
vn -0.4580484201 0.6737675699 0.5798524869
vn -0.5581112315 0.7193699223 0.4135441549
vn -0.6355601149 0.7611554781 0.1292504486
vn -0.6516189784 0.7570839071 0.0470814681
vn -0.6110832318 0.7313826918 0.3027484799
vn -0.6510796462 0.7358690140 0.1859894851
vn -0.6546701993 0.7418543783 0.1451172334
vn -0.6829252041 0.7216495553 -0.1132920337
vn -0.6538746917 0.7444516585 0.1350541213
vn -0.6827626934 0.7302154280 -0.0249105043
vn -0.6911182457 0.6980448364 -0.1873205191
vn -0.2504120619 0.4801859303 0.8406635900
vn -0.2446158305 0.4761118184 0.8446778272
vn -0.2461012018 0.4784703003 0.8429118401
vn -0.4702540925 0.6637356878 0.5816494006
vn -0.4766655752 0.6587543476 0.5820933249
vn -0.4723574154 0.6631233942 0.5806426063
vn 0.7874050280 0.6027172589 0.1293260518
vn 0.7945233675 0.5669721388 0.2174286372
vn 0.7062101771 0.6075601789 0.3635076544
vn 0.6736505953 0.5995476657 0.4321313133
vn 0.4891649262 0.6048124137 0.6284263038
vn 0.3075572145 0.5519925430 0.7750566381
vn 0.1926089515 0.5152511910 0.8351155621
vn 0.0920304360 0.4743385158 0.8755189154
vn 0.0193959798 0.4465334428 0.8945566949
vn 0.1739628974 0.5404642864 0.8231860455
vn 0.0092352746 0.4579445150 0.8889328045
vn 0.1448692396 0.5586864728 0.8166286356
vn 0.0505485258 0.4963348473 0.8666582752
vn 0.2186813586 0.6086760237 0.7626873289
vn 0.3987359012 0.6849920061 0.6097504676
vn 0.5174932586 0.7360575831 0.4363713576
vn 0.5849274074 0.7333684794 0.3464543282
vn 0.6294754840 0.7414450093 0.2324218434
vn 0.7237611761 0.6779557113 0.1286305308
vn 0.6398960445 0.6744480235 0.3683108957
vn 0.4445223448 0.6471014951 0.6194025670
vn 0.2478030857 0.0597405938 0.9669667482
vn 0.1514183068 0.2141610928 0.9649909444
vn 0.3590459747 0.1641746425 0.9187669317
vn 0.2843102657 0.2949874929 0.9122225890
vn 0.6645207719 0.1238606487 0.7369332964
vn 0.6430035628 0.2014570754 0.7388920523
vn 0.8314625182 0.0729009339 0.5507772096
vn 0.9133643447 0.0498343397 0.4040818139
vn 0.9305991100 0.0424492085 0.3635702975
vn 0.9793988341 -0.0058973588 0.2018493124
vn 0.9835835022 -0.0519885242 0.1728024524
vn 0.9944069008 -0.0514704294 0.0922264088
vn 0.9796453933 -0.0983445536 0.1749950062
vn 0.9912584547 -0.1082972917 0.0753549774
vn 0.9772978184 -0.1538866213 0.1456292618
vn 0.9859691520 -0.1571933744 0.0561700490
vn 0.9748369157 -0.1837977222 0.1261403386
vn 0.9666955049 -0.2334682762 0.1048444787
vn 0.9391852891 -0.2544294294 0.2306440075
vn 0.9401296531 -0.2964658487 0.1681197072
vn 0.8851288751 -0.3189455319 0.3388519177
vn 0.8862516354 -0.3864427126 0.2553822009
vn 0.8029354725 -0.4771988731 0.3571776343
vn 0.9098291158 -0.3639342752 0.1994061771
vn 0.7291437118 -0.5770018747 0.3679922336
vn 0.9793299591 -0.0205259998 0.2012250344
vn 0.9618441280 -0.2492170259 0.1129014943
vn 0.6358939625 -0.6033777460 0.4812215333
vn 0.5624764903 -0.6930345272 0.4509138964
vn 0.5260587003 -0.6817134164 0.5084575320
vn 0.4962727632 -0.4976047898 0.7114090368
vn 0.6060274692 -0.4702085351 0.6415875934
vn 0.7871383794 -0.3937221794 0.4747589042
vn 0.7662345523 -0.2835201520 0.5766289398
vn 0.8784056293 -0.2382951138 0.4142692230
vn 0.8695255833 -0.1415100411 0.4731809044
vn 0.9407285113 -0.1932905689 0.2786909113
vn 0.9390926157 -0.1225038778 0.3210885534
vn 0.5636164986 -0.3458829266 0.7501342837
vn 0.3911076966 -0.2558995682 0.8840532680
vn 0.4920671209 -0.1688883367 0.8540179613
vn 0.4168394808 0.0182732407 0.9087964216
vn 0.7076336808 -0.0130201580 0.7064595171
vn 0.7416719447 -0.1554519960 0.6525008838
vn 0.8556503790 -0.0319978214 0.5165641957
vn 0.9350389167 -0.0410895987 0.3521560294
vn 0.4254763897 0.8289049696 0.3631616626
vn 0.4950274479 0.8318332950 0.2510003887
vn 0.5472505753 0.8188123987 0.1733870339
vn 0.4775697622 0.8544083382 0.2047279021
vn 0.5603592733 0.8181754887 0.1287880219
vn 0.4349075940 0.8865529862 0.1577313771
vn 0.5115728670 0.8563515604 0.0703932301
vn 0.4099564495 0.9077707183 0.0888145963
vn 0.4979601117 0.8671823129 0.0055284080
vn 0.3916340290 0.9201200301 0.0013847428
vn 0.4441704428 0.8958449936 -0.0132047429
vn 0.2153211708 0.9755869657 -0.0432072426
vn 0.1741079809 0.9847202280 -0.0035332030
vn -0.0109000550 0.9998968202 0.0093561561
vn 0.2122900517 0.9653081889 0.1520297152
vn 0.0390937140 0.9795193163 0.1975185829
vn 0.2579060931 0.9303612053 0.2606002202
vn 0.1047332682 0.9344967342 0.3402158084
vn 0.3214082577 0.8836683709 0.3403335748
vn 0.1773779381 0.8769913277 0.4465683355
vn 0.3864215865 0.8275061025 0.4073229773
vn 0.2431290437 0.8184773745 0.5205603285
vn 0.1026710167 0.7186347659 0.6877664834
vn -0.0909392870 0.6234058917 0.7765920037
vn -0.0450211724 0.6785197253 0.7332012523
vn 0.1301718125 0.7607560322 0.6358502644
vn 0.0254693115 0.8435087960 0.5365111605
vn -0.0557351641 0.9105205628 0.4096900002
vn -0.1327154836 0.9618322497 0.2393017423
vn -0.1851368608 0.9827125290 0.0006543616
vn -0.2833738233 0.9525515129 -0.1111075671
vn -0.2282531472 0.7124970546 0.6635122063
vn -0.1450831128 0.7773899372 0.6120586376
vn -0.3977569124 0.8378913686 0.3738014087
vn -0.2245995448 0.8486142126 0.4789665569
vn -0.3341782396 0.9012333773 0.2758682725
vn -0.5065497821 0.8619655586 0.0205595236
vn -0.4091929195 0.9124425554 -0.0031205256
vn -0.5108666916 0.8498803929 -0.1293001983
vn 0.5995516352 -0.7283403355 0.3317501956
vn 0.7069143486 -0.6390583323 0.3031114508
vn 0.6282665616 -0.7071426471 0.3243923616
vn 0.8179592330 -0.5341484593 0.2136073889
vn 0.7050376837 -0.6547504834 0.2724402120
vn 0.9030997380 -0.4131750497 0.1170352146
vn 0.9444237532 -0.3178196240 0.0839908389
vn 0.9551194871 -0.2871299263 0.0728228720
vn 0.9063174258 -0.3957438192 0.1482415368
vn 0.9584799200 -0.2756143731 0.0731639270
vn 0.9591358454 -0.2748664055 0.0671333691
vn 0.5936361643 -0.7321163830 0.3340684154
vn 0.5944008472 -0.7322604269 0.3323887786
vn 0.2028921630 -0.4798321651 -0.8535782703
vn 0.2280426723 -0.4977023855 -0.8368326446
vn 0.3166620141 -0.6503222801 -0.6905114778
vn 0.3216597476 -0.6224676009 -0.7134907796
vn 0.4151021253 -0.7802613157 -0.4678488056
vn 0.4716384260 -0.7916810128 -0.3883276569
vn 0.4736332547 -0.8395941787 -0.2659946525
vn 0.5020900743 -0.8619450833 -0.0704005017
vn 0.5482171279 -0.8363161362 0.0057707075
vn 0.5078574821 -0.8517749457 0.1286865175
vn 0.5215099086 -0.8390555939 0.1549616903
vn 0.5008326531 -0.8291964951 0.2481931225
vn 0.2353474947 -0.4971885212 -0.8351138432
vn 0.3463994665 -0.6024412704 -0.7190771344
vn 0.5207413247 -0.7561999643 -0.3962197455
vn 0.6111413528 -0.7914938595 -0.0066119010
vn 0.5868939150 -0.8005612287 0.1210671372
vn 0.6489339050 -0.7477667447 0.1404623881
vn 0.6764567417 -0.7359951753 -0.0267839241
vn 0.6757916572 -0.7196428932 0.1594356996
vn 0.7194623902 -0.6863746612 0.1061305497
vn 0.7302252035 -0.6825238625 -0.0305340674
vn 0.7676458639 -0.6339181859 0.0941677295
vn 0.7739811917 -0.6309166774 -0.0538262116
vn 0.8051755635 -0.5796412575 0.1253328549
vn 0.8243908157 -0.5565256998 0.1032420870
vn 0.8245441830 -0.5632455363 -0.0536782653
vn 0.8485760210 -0.5264586586 -0.0525358678
vn 0.7001075636 -0.5518439722 -0.4531198846
vn 0.7201548185 -0.5140003622 -0.4660264638
vn 0.4467235121 -0.4710338192 -0.7606347645
vn 0.4615436590 -0.4539594802 -0.7621668067
vn 0.2923636068 -0.4161398193 -0.8610175214
vn 0.4634381474 -0.4372070417 -0.7707626653
vn 0.3034163591 -0.4026565557 -0.8636007244
vn 0.4675470022 -0.4187094305 -0.7785128217
vn 0.3625305391 -0.3912029562 -0.8458911604
vn 0.5914719151 -0.4013615447 -0.6993353159
vn 0.2501992128 -0.4903437965 -0.8348432878
vn 0.3717377495 -0.5820638488 -0.7231961847
vn 0.5684602525 -0.7162760003 -0.4047241439
vn 0.2570441475 -0.4765625803 -0.8407237438
vn 0.3941930328 -0.5593464441 -0.7292073836
vn 0.6099155599 -0.6749374175 -0.4152860368
vn 0.2582890416 -0.4700564868 -0.8439986198
vn 0.2710193232 -0.4642793714 -0.8432041222
vn 0.4090525578 -0.5333236984 -0.7404335471
vn 0.2745244792 -0.4425265573 -0.8537016788
vn 0.4281484192 -0.5150247071 -0.7425890399
vn 0.4360254635 -0.4927193514 -0.7530666876
vn 0.6753789763 -0.5918346043 -0.4399943631
vn 0.2912441504 -0.4308669806 -0.8541255703
vn 0.7601103786 -0.4147741757 -0.5001945577
vn 0.8961186339 -0.3400506258 -0.2851963637
vn 0.9403261210 -0.3245143264 -0.1023583810
vn 0.9624052828 -0.2703043264 -0.0266766323
vn 0.9484768564 -0.3153152035 0.0311123004
vn 0.9187707989 -0.3831985250 -0.0949689930
vn 0.9164885948 -0.3935264938 0.0720107922
vn 0.9020978580 -0.4182491481 -0.1062407861
vn 0.8856940600 -0.4615542830 -0.0501365722
vn 0.7363482535 -0.4793132961 -0.4775458237
vn 0.8834090191 -0.4618638080 0.0791854020
vn 0.7498340120 -0.4459385121 -0.4887614939
vn 0.6453456798 -0.6330600096 -0.4275090382
vn -0.6062637753 0.7163067881 -0.3454689857
vn -0.5092414178 0.7819253494 -0.3595357095
vn -0.4767609291 0.8009423127 -0.3622021925
vn -0.3720218361 0.8685497671 -0.3274462634
vn -0.2334825134 0.9213302752 -0.3108640215
vn -0.0809790391 0.9614712050 -0.2627080454
vn 0.2321262645 0.9637048966 -0.1318721716
vn -0.6045996964 0.7172996668 -0.3463241186
vn -0.5964239381 0.7220611277 -0.3505798253
vn 0.4247697076 0.9024808242 -0.0714076847
vn 0.3907919210 0.9148474058 -0.1016656216
vn 0.2291940303 0.9578191136 -0.1733569790
vn 0.5185183467 0.8527744498 -0.0625656599
vn 0.4917290712 0.8665542477 -0.0853595705
vn 0.4438730383 0.8920854298 -0.0846186259
vn 0.5804970441 -0.7848293684 0.2169471004
vn 0.6961137654 -0.7057356457 0.1317680691
vn 0.5430845471 -0.8289558413 0.1337586927
vn 0.6497629652 -0.7596037530 -0.0284644974
vn 0.5502401270 -0.8278711560 -0.1089272770
vn 0.4893570285 -0.8223422834 -0.2903151177
vn 0.6123429124 -0.7065478875 -0.3547199462
vn 0.4701652901 -0.7119528439 -0.5216011388
vn 0.5477721408 -0.5706618279 -0.6117930695
vn 0.3897082441 -0.5625490445 -0.7291543437
vn 0.5452464238 -0.4749287204 -0.6907597613
vn 0.3303405737 -0.5154568992 -0.7906828001
vn 0.8228970456 -0.5679772904 -0.0155643794
vn 0.8979219499 -0.4372023613 0.0508946675
vn 0.9343339317 -0.3563165761 -0.0076551683
vn 0.9529462113 -0.3023243417 0.0222151026
vn 0.9647879627 -0.2630069910 -0.0033926009
vn 0.9653621573 -0.2537452157 -0.0607393673
vn 0.9321981564 -0.3430832338 -0.1153277581
vn 0.8097379380 -0.5378817191 -0.2345372638
vn 0.9695474633 -0.2168256260 -0.1138611628
vn 0.9321016547 -0.2924497413 -0.2136811973
vn 0.7775663902 -0.4544660456 -0.4345700430
vn 0.9553067768 -0.2372983499 -0.1762908260
vn 0.8655991737 -0.3383044391 -0.3691722863
vn 0.8728141307 -0.2128645976 -0.4391857880
vn 0.9614043724 -0.1403111425 -0.2366736488
vn 0.9141026303 -0.1778346601 -0.3644052895
vn 0.9858750627 -0.0495374307 -0.1599887609
vn 0.9320062572 -0.0937287808 -0.3501131991
vn 0.9835213960 0.0798595513 -0.1621977674
vn 0.9379069074 -0.0399308449 -0.3445811379
vn 0.9256113016 0.0277162734 -0.3774593045
vn 0.7577334487 -0.1671639800 -0.6307901588
vn 0.7602719277 -0.1116358250 -0.6399406523
vn 0.4647490270 -0.2865032747 -0.8378091761
vn 0.4727921838 -0.2580729916 -0.8425353891
vn 0.3001937432 -0.3298231358 -0.8950421306
vn 0.2956373752 -0.3124467020 -0.9027599907
vn 0.4760654772 -0.2264028164 -0.8497666893
vn 0.2936675128 -0.2968695426 -0.9086406697
vn 0.4704140407 -0.1957718666 -0.8604556970
vn 0.2919210556 -0.2806345884 -0.9143447518
vn 0.4621304853 -0.1641216479 -0.8714926845
vn 0.2925139030 -0.2586001489 -0.9206310768
vn 0.4492526606 -0.1356191987 -0.8830512329
vn 0.4389582178 -0.1063087769 -0.8921962379
vn 0.6901861764 0.1845385643 -0.6997060527
vn 0.6582430044 0.2432777578 -0.7124128576
vn 0.7597778734 0.5058068751 -0.4085302781
vn 0.7553632470 0.5046365249 -0.4180530382
vn 0.7600709049 0.5635243592 -0.3236240351
vn 0.7851768808 0.5965737109 -0.1661236686
vn 0.8083852275 0.4201007404 -0.4123453550
vn 0.8432174487 0.5165016617 -0.1490314317
vn 0.8520196462 0.3388431325 -0.3990587100
vn 0.8950075315 0.4113548783 -0.1724780642
vn 0.8891400280 0.2667787956 -0.3718320654
vn 0.9409388262 0.2863892774 -0.1805970851
vn 0.9115276159 0.2060141276 -0.3559151370
vn 0.9174303459 0.1144905063 -0.3810688710
vn 0.7573648957 -0.0564442681 -0.6505478148
vn 0.9717480265 0.1884719000 -0.1420708128
vn 0.6461965561 0.2403708810 -0.7243285515
vn 0.5148657598 0.0646700958 -0.8548280693
vn 0.4488606795 -0.0393493837 -0.8927349642
vn 0.3932272597 -0.0992619627 -0.9140674948
vn 0.3001909441 -0.1970155107 -0.9333114623
vn 0.2826932543 -0.2378998082 -0.9292406605
vn 0.2347938135 -0.2659706402 -0.9349499899
vn 0.1789140960 -0.3167754604 -0.9314735927
vn 0.1523751445 -0.3394569797 -0.9281975944
vn 0.4654506259 -0.3098061543 -0.8290813359
vn 0.2923313650 -0.3486492503 -0.8904976549
vn 0.4630221346 -0.3359085747 -0.8202291950
vn 0.3490751021 -0.3458643548 -0.8709330750
vn 0.5562994870 -0.3184839904 -0.7675277380
vn 0.7435390412 -0.2662613063 -0.6133959659
vn 0.7154878956 0.1234786862 -0.6876264141
vn 0.7367180735 0.0638960245 -0.6731744041
vn 0.7497684734 0.0016274999 -0.6616982602
vn 0.7512705557 -0.2187945548 -0.6226728635
vn 0.0813512618 -0.1860338773 -0.9791697344
vn -0.1246033688 -0.1970239259 -0.9724482367
vn 0.0903201166 -0.3781553143 -0.9213255857
vn -0.1053721516 -0.2657011385 -0.9582795076
vn -0.0726159624 -0.4682320964 -0.8806166169
vn -0.0134841890 -0.6161396605 -0.7875214889
vn 0.1914849085 -0.7051128256 -0.6827513698
vn 0.4851673892 -0.3033538978 -0.8201152462
vn 0.4848897970 -0.6478026529 -0.5875658326
vn 0.7776544125 -0.1783074621 -0.6028764913
vn 0.7132027728 -0.5481686171 -0.4368672247
vn 0.8796025490 0.0032997216 -0.4756978743
vn 0.9249466171 -0.0630760105 -0.3748268567
vn 0.8366793612 -0.3887610987 -0.3857880955
vn 0.7148058108 -0.6470347080 -0.2653276079
vn 0.5619697690 -0.7877581671 -0.2522440265
vn 0.2336315368 -0.9600363305 -0.1540991536
vn 0.3706388125 -0.9156193390 -0.1557822093
vn 0.3678715569 -0.9276096943 -0.0648904671
vn 0.1272434629 -0.8313083219 -0.5410504367
vn 0.2593230676 -0.8794447021 -0.3991598209
vn 0.4281992505 -0.8370848552 -0.3404913317
vn 0.4457871681 -0.8931538662 -0.0595816421
vn 0.5665268649 -0.8172731809 0.1054128030
vn 0.8509603942 0.0961058923 -0.5163623388
vn 0.7534884380 0.0251424646 -0.6569802358
vn 0.4517043657 -0.0886611091 -0.8877513017
vn 0.3095995736 -0.9463299668 -0.0927776808
vn 0.0101094125 -0.9879246240 -0.1546051002
vn -0.1504506158 -0.0584680359 -0.9868870761
vn 0.0462230347 0.0068132338 -0.9989079091
vn -0.1629886687 -0.0212505183 -0.9863990619
vn -0.0086055979 -0.0078875336 -0.9999318629
vn -0.1861209692 0.0509541020 -0.9812047005
vn -0.1729034439 0.0406496677 -0.9840995903
vn 0.1517049587 0.1480709290 -0.9772720223
vn 0.4057808236 0.0856567118 -0.9099477188
vn 0.6031492020 0.1947460580 -0.7734888578
vn 0.7330630095 0.1838367719 -0.6548455279
vn 0.8190464024 0.1981989825 -0.5384051951
vn 0.8241426511 0.2356453308 -0.5150341432
vn 0.8242681994 0.2217241656 -0.5209801626
vn 0.7069839068 0.1878585612 -0.6818232297
vn 0.8237662982 0.2122673917 -0.5256915829
vn 0.4052909406 0.1052129951 -0.9081131422
vn -0.0974036332 0.1848896092 -0.9779204286
vn 0.0726569009 0.2285169660 -0.9708248920
vn 0.1263757690 0.2264189863 -0.9657968770
vn 0.3689996259 0.2859106908 -0.8843609857
vn 0.4523288990 0.3147951714 -0.8344474622
vn 0.6725615521 0.3364211361 -0.6591523176
vn 0.6646126931 0.3405582837 -0.6650639244
vn 0.7961962198 0.3815821516 -0.4695387537
vn 0.8130121397 0.3771253435 -0.4436076374
vn 0.6910440600 0.3426204969 -0.6364505497
vn 0.4188074108 0.3020983525 -0.8563509433
vn 0.5954432768 0.2520334757 -0.7628410262
vn 0.7776519370 0.2573173994 -0.5736246341
vn 0.6892554691 0.2531025147 -0.6788711331
vn 0.8450972109 0.2597764668 -0.4672546323
vn 0.6913778218 0.2692624861 -0.6704434511
vn 0.8254536392 0.2642395824 -0.4988022982
vn 0.8164707546 0.2766747942 -0.5067805888
vn 0.6663168702 0.2704584549 -0.6948913963
vn 0.7091199431 0.2761903889 -0.6487432277
vn 0.4284283027 0.2484183513 -0.8687563020
vn 0.3710818374 0.2407363138 -0.8968524389
vn 0.0892735951 0.1881449205 -0.9780755155
vn -0.0050730464 0.1696206863 -0.9854963658
vn -0.1666670774 0.1325995706 -0.9770565179
vn -0.3047157179 0.1027930836 -0.9468800944
vn -0.2099146084 0.1172885578 -0.9706591840
vn -0.0040902940 0.1667824613 -0.9859852332
vn 0.3709874185 0.2337876501 -0.8987278064
vn -0.0032725861 0.1608503497 -0.9869733812
vn -0.1320021198 0.1391139682 -0.9814391190
vn 0.1259777061 0.1910848345 -0.9734558047
vn 0.3742036307 0.2243432771 -0.8998009429
vn -0.0649071148 -0.9764239582 -0.2058720969
vn -0.1104504390 -0.9769895585 -0.1824612373
vn -0.1428273986 -0.9363086689 -0.3208214625
vn -0.1860669922 -0.9095936182 -0.3715084443
vn -0.2810192560 -0.6794995599 -0.6777230451
vn -0.3006949757 -0.6726677214 -0.6760922039
vn -0.3678608429 -0.3279296217 -0.8701382439
vn -0.3602816871 -0.3180596542 -0.8769464991
vn -0.3801218376 -0.1254424414 -0.9163905185
vn -0.3701904455 -0.1290974990 -0.9199417752
vn -0.3398044934 -0.3235095101 -0.8831050352
vn -0.3586568939 -0.1263393340 -0.9248803193
vn -0.3181546509 -0.3291907358 -0.8890506609
vn -0.3018093123 -0.3294854325 -0.8946230987
vn -0.1657946767 -0.6945309567 -0.7000991897
vn -0.1291787132 -0.6961332586 -0.7061949776
vn 0.0113322714 -0.9413332853 -0.3372880454
vn 0.0685006845 -0.9342954504 -0.3498566386
vn 0.0976625279 -0.9724871330 -0.2114965881
vn 0.2067210881 -0.9775490744 -0.0407945939
vn 0.2229967036 -0.9748045687 -0.0053406966
vn -0.3417142234 -0.1299829742 -0.9307716239
vn -0.2817490866 -0.3365357156 -0.8985327842
vn -0.2256888229 -0.4564544149 -0.8606473856
vn -0.0929478626 -0.7167134688 -0.6911457868
vn -0.3638990576 0.0051733678 -0.9314240238
vn -0.3233026170 -0.1560782600 -0.9333354138
vn 0.0263283577 -0.8736754822 -0.4857962221
vn 0.1090961815 -0.9438923872 -0.3117133051
vn 0.1607168267 -0.9714698846 -0.1744028810
vn 0.1855732179 -0.9782195065 -0.0930009563
vn 0.0280263498 -0.9837871252 -0.1771367156
vn -0.0514123701 -0.9271091360 -0.3712484588
vn -0.2040635506 -0.6925779134 -0.6918770853
vn -0.0838699291 -0.9385575160 -0.3347769769
vn -0.2429188545 -0.6879124865 -0.6839348222
vn -0.5332641594 -0.8438227301 -0.0599377716
vn -0.6234713069 -0.7788779932 -0.0680632150
vn -0.4781344192 -0.8397348742 -0.2573573747
vn -0.6226356062 -0.7074789882 -0.3343626523
vn -0.4218828325 -0.6396643970 -0.6425296374
vn -0.6172621307 -0.4929366718 -0.6131891222
vn -0.3676630862 -0.6690649529 -0.6458915883
vn -0.5007971137 -0.2857622919 -0.8170325351
vn -0.6071347095 -0.3099359695 -0.7316605356
vn -0.5343552473 -0.1158700113 -0.8372804847
vn -0.3217354208 -0.8931528153 -0.3142679867
vn -0.2236087114 -0.9634654096 -0.1474230266
vn -0.3169243446 -0.9417752165 -0.1123316580
vn -0.2530425304 -0.9666737273 0.0388765068
vn -0.3647460443 -0.9253281209 0.1035769853
vn -0.1927634623 -0.9809364067 0.0246173425
vn -0.2624257309 -0.9626550707 0.0665428486
vn -0.1659779282 -0.9854655138 0.0361807757
vn -0.4638929349 -0.8747119407 0.1402938552
vn -0.5237669595 -0.8327004679 0.1796610778
vn -0.4702153561 -0.8665361871 0.1673695173
vn -0.5499163934 -0.8180384066 0.1685382022
vn -0.3237453232 -0.7626185382 0.5600017240
vn -0.4358722862 -0.8026173239 0.4072109791
vn -0.1828994078 -0.9055491445 0.3827904825
vn -0.3982982198 -0.8387310152 0.3713338286
vn -0.2044385374 -0.9521016050 0.2273926519
vn -0.0522714183 -0.9750083561 0.2159314805
vn 0.0340070849 -0.8761929990 0.4807591359
vn -0.1350300456 -0.6763358404 0.7241109844
vn 0.5448691642 -0.6796491509 0.4911156948
vn 0.0918144651 -0.4849035402 0.8697348221
vn 0.2258609470 -0.4856595022 0.8444653223
vn 0.2509523257 -0.3120789663 0.9163130737
vn 0.1196737313 0.1624389799 -0.9794344163
vn 0.2326947910 -0.0095522722 -0.9725028989
vn 0.2827643196 0.2669826210 -0.9212842231
vn 0.2822425247 0.0414886265 -0.9584455389
vn 0.4416840653 0.1716643406 -0.8805944246
vn 0.5407417341 0.2970271788 -0.7870026887
vn 0.5148020120 0.5194320873 -0.6820331335
vn 0.0194345115 0.5714269840 -0.8204227579
vn 0.3193976414 0.7441590934 -0.5866961653
vn -0.2340309063 0.7635462726 -0.6018526602
vn 0.1187931415 0.8915300980 -0.4371067077
vn -0.4426120500 0.7614421808 -0.4736036091
vn -0.4102111562 0.8323925681 -0.3726250393
vn -0.0790933998 0.9197657225 -0.3844154651
vn 0.2040951926 0.9415229456 -0.2681038891
vn 0.3996513867 0.8814859565 -0.2515179468
vn 0.7142213550 0.6831486777 -0.1523014779
vn 0.6065578848 0.7794905552 -0.1564672708
vn 0.6081603666 0.7915587632 -0.0597970976
vn 0.6570149567 0.5248980054 -0.5411223804
vn 0.6321883384 0.6629865916 -0.4009821493
vn 0.5072313570 0.7921439708 -0.3394470210
vn 0.5531788274 0.8308257563 -0.0610061271
vn 0.4201553930 0.9008773665 0.1090386005
vn -0.5071564912 0.6915042496 -0.5144066156
vn -0.3976171653 0.6409943833 -0.6565263060
vn -0.1506289451 0.4344765200 -0.8879983527
vn 0.6729359207 0.7329820899 -0.0994711144
vn 0.8566801088 0.4918110518 -0.1556312323
vn 0.1262457320 -0.1006373753 -0.9868810130
vn -0.0286195353 0.0360308814 -0.9989407879
vn 0.0998716608 -0.1304352532 -0.9864138564
vn 0.0108345027 -0.0034115129 -0.9999354855
vn 0.0487894593 -0.1865219666 -0.9812385768
vn 0.0512528839 -0.1698398574 -0.9841379805
vn -0.2027095150 0.0576152074 -0.9775425006
vn -0.2760718342 0.3096847296 -0.9098789538
vn -0.4698470120 0.4258788935 -0.7732211543
vn -0.5252882627 0.5433960492 -0.6548228575
vn -0.5803037793 0.6098705850 -0.5397271471
vn -0.6161155645 0.5947263844 -0.5164321242
vn -0.6059971118 0.6012367112 -0.5208473073
vn -0.5160172957 0.5195823934 -0.6809994766
vn -0.5988918303 0.6053209688 -0.5243234692
vn -0.2941238511 0.2980468950 -0.9081074873
vn -0.1125729639 -0.1775942148 -0.9776439140
vn -0.2351816033 -0.0520695273 -0.9705557057
vn -0.2601572843 -0.0043350652 -0.9655565207
vn -0.4325324364 0.1765754764 -0.8841588051
vn -0.4984667234 0.2346349700 -0.8345521892
vn -0.6262157822 0.4145319762 -0.6603158600
vn -0.6275535104 0.4064075098 -0.6640854821
vn -0.7281558821 0.4998491770 -0.4689774106
vn -0.7322451076 0.5166059924 -0.4437739864
vn -0.6405635053 0.4278566547 -0.6376653344
vn -0.4707935927 0.2109521399 -0.8566519642
vn -0.5157746128 0.3891945720 -0.7632195843
vn -0.6115765540 0.5444079012 -0.5741029139
vn -0.5637563851 0.4702593023 -0.6789955279
vn -0.6474783162 0.6020994773 -0.4671702576
vn -0.5784309826 0.4632504722 -0.6714287739
vn -0.6408667116 0.5812588281 -0.5014259991
vn -0.6480568561 0.5687585879 -0.5064938104
vn -0.5683547130 0.4427916818 -0.6934756281
vn -0.5934691628 0.4752580979 -0.6495568437
vn -0.4284686204 0.2455699872 -0.8695458715
vn -0.3940302232 0.2009664109 -0.8968571151
vn -0.2074269474 -0.0168876568 -0.9781047329
vn -0.1440143453 -0.0894996792 -0.9855200027
vn -0.0317313635 -0.2102764967 -0.9771268677
vn 0.0636624445 -0.3154922973 -0.9467902109
vn 0.0036462873 -0.2407175375 -0.9705883637
vn -0.1423024625 -0.0870083033 -0.9859916654
vn -0.3881495373 0.2045171856 -0.8986170806
vn -0.1375687475 -0.0833751480 -0.9869769118
vn -0.0542057125 -0.1841601734 -0.9814004133
vn -0.2282295042 0.0132455105 -0.9735172571
vn -0.3810913771 0.2115141053 -0.9000173029
vn 0.8780418744 0.4305972267 -0.2088743526
vn 0.9012374163 0.3923330991 -0.1839724404
vn 0.8820726108 0.3437436325 -0.3221617986
vn 0.8804575867 0.2930098028 -0.3727461515
vn 0.7290932464 0.0966126228 -0.6775610963
vn 0.7329254843 0.0758269149 -0.6760699028
vn 0.4683425671 -0.1543615768 -0.8699584722
vn 0.4555026122 -0.1529957499 -0.8769889799
vn 0.2984975667 -0.2665994297 -0.9164190890
vn 0.2966777125 -0.2561035857 -0.9199963523
vn 0.4497746403 -0.1327740623 -0.8832178788
vn 0.2891945565 -0.2471099752 -0.9248260208
vn 0.4437170999 -0.1114083092 -0.8892150043
vn 0.4359630995 -0.0969539217 -0.8947268371
vn 0.6844528716 0.2037945766 -0.6999943122
vn 0.6672319028 0.2359619671 -0.7064867571
vn 0.8096512859 0.4804195234 -0.3371377713
vn 0.7746793399 0.5259684958 -0.3510399718
vn 0.7933809891 0.5701342937 -0.2132920374
vn 0.7441788425 0.6665041965 -0.0443847543
vn 0.7361826437 0.6764812486 -0.0202048358
vn 0.2827555435 -0.2314268908 -0.9308549279
vn 0.4323250612 -0.0756760552 -0.8985366860
vn 0.5078911715 0.0322703331 -0.8608165795
vn 0.6673457579 0.2778484664 -0.6909774736
vn 0.1765070465 -0.3185468115 -0.9313287236
vn 0.2967712637 -0.2019798523 -0.9333439646
vn 0.7430476629 0.4577699019 -0.4881873489
vn 0.7630864608 0.5670300605 -0.3101224982
vn 0.7609315390 0.6243668525 -0.1764914346
vn 0.7543783546 0.6497989169 -0.0931378856
vn 0.8380334305 0.5160610366 -0.1771467635
vn 0.8287714105 0.4195423752 -0.3703000736
vn 0.7018104290 0.1696027932 -0.6918793351
vn 0.8545842251 0.3961880101 -0.3357392782
vn 0.7170823416 0.1333880789 -0.6841056466
vn 0.9972971550 -0.0418913490 -0.0603614076
vn 0.9858254096 -0.1534873366 -0.0677487955
vn 0.9662922240 0.0035023630 -0.2574239137
vn 0.9238362719 -0.1867875603 -0.3341211607
vn 0.7609701181 -0.0431085404 -0.6473531749
vn 0.7361565694 -0.2870678422 -0.6129156216
vn 0.7586646055 0.0204725547 -0.6511596508
vn 0.4985512373 -0.2902048931 -0.8168401213
vn 0.5726024840 -0.3703940990 -0.7313922387
vn 0.3672552138 -0.4046100322 -0.8375048238
vn 0.9346808597 0.1661821118 -0.3142533949
vn 0.9470299576 0.2853503044 -0.1473413156
vn 0.9742851352 0.1951085935 -0.1126992110
vn 0.9638389058 0.2635443953 0.0394831027
vn 0.9838451658 0.1450963673 0.1048605450
vn 0.9459551617 0.3233509434 0.0247588246
vn 0.9650438822 0.2532921445 0.0673304901
vn 0.9372187904 0.3466353990 0.0382732173
vn 0.9894163930 0.0350927358 0.1407966663
vn 0.9827110533 -0.0393514828 0.1809155786
vn 0.9853773841 0.0241737790 0.1686625009
vn 0.9840220054 -0.0639318658 0.1661728302
vn 0.8214479752 0.0996163424 0.5615156350
vn 0.9139034444 0.0235526217 0.4052477863
vn 0.8754980229 0.2950097853 0.3827171782
vn 0.9272884497 0.0738529857 0.3669902826
vn 0.9277431061 0.2973973707 0.2254939754
vn 0.8701847344 0.4438905062 0.2138685263
vn 0.7408464480 0.4694696128 0.4803590566
vn 0.6527272539 0.2198710758 0.7249854081
vn 0.3090820163 0.8174898709 0.4859821171
vn 0.3730208825 0.3216413510 0.8702886088
vn 0.3025321115 0.4410735204 0.8449428804
vn 0.1451731349 0.3742509868 0.9158935308
vt -0.6855310202 -2.0293240547
vt -0.8896800280 -2.8328690529
vt -0.4471139908 -2.0733540058
vt -0.2042240053 -2.0928618908
vt 0.5324649811 -3.3173840046
vt 0.0402469598 -2.0876169205
vt 0.7089229822 -3.0826261044
vt 0.8646410108 -2.8307919502
vt -1.1079430580 -3.6326990128
vt -0.8054239750 -3.6927130222
vt -0.4981699884 -3.7307510376
vt -0.1880100071 -3.7465860844
vt 0.1232089028 -3.7401230335
vt 0.3371739984 -3.5365080833
vt 0.2833909988 -2.0576798916
vt 0.9939540029 -2.5652689934
vt 0.5223129988 -2.0034089088
vt 1.0473279953 -2.4282019138
vt 1.0927549601 -2.2880918980
vt 0.7541700006 -1.9254490137
vt 1.1298520565 -2.1448040009
vt 1.1581000090 -1.9985729456
vt 0.9762020111 -1.8247280121
vt 1.1768159866 -1.8510160446
vt 1.1857680082 -1.7024450302
vt -0.3418740034 -2.0449469090
vt -0.8499889970 -2.8569839001
vt -0.1194619983 -2.0654389858
vt -0.6973419785 -3.0994129181
vt 0.1483670026 -2.0628309250
vt 0.8805850148 -2.7988479137
vt 0.4130530059 -2.0305299759
vt 0.6708099842 -1.9689970016
vt -0.9794679880 -2.5989160538
vt -0.5616070032 -2.0040810108
vt -1.0806000233 -2.3284890652
vt -0.7764859796 -1.9432460070
vt -1.1191680431 -2.1900119781
vt -1.1492890120 -2.0498991013
vt -0.9843829870 -1.8630440235
vt -1.1707470417 -1.9079879522
vt -1.1832410097 -1.7642689943
vt -0.5250769854 -3.3263618946
vt -0.3347109854 -3.5390279293
vt 0.1852539927 -3.7425808907
vt -0.1263508946 -3.7373619080
vt 0.4956920147 -3.7254490852
vt 0.8031100035 -3.6860659122
vt 1.1056729555 -3.6246690750
vt -1.3976440430 1.6231759787
vt -1.9853260517 2.2079749107
vt -1.5569200516 1.4403849840
vt -1.6973659992 1.2412600517
vt -1.8173129559 1.0281720161
vt -1.9153319597 0.8036559820
vt -2.8766698837 0.6969640255
vt -2.7139658928 0.4504860044
vt -2.5626249313 2.8030319214
vt -2.7682940960 2.5732059479
vt -2.9574570656 2.3281159401
vt -3.0141479969 0.9592009783
vt -3.1263699532 1.2305959463
vt -3.1289899349 2.0692210197
vt -3.2155480385 1.5102410316
vt -3.2818698883 1.7980630398
vt -1.9902559519 0.5703849792
vt -2.6231648922 0.3347649872
vt -2.5256979465 0.2243359983
vt -2.4212560654 0.1194569990
vt -2.0411949158 0.3311350048
vt -2.3097751141 0.0206979495
vt -2.0675408840 0.0887529776
vt -2.1923010349 -0.0705329701
vt -2.0689818859 -0.1538770050
vt 1.9341460466 0.7468370199
vt 2.8915500641 0.7225580215
vt 1.8385529518 0.9487000108
vt 1.9606740475 2.1828269958
vt 1.6999560595 1.1778939962
vt 1.5374020338 1.3892660141
vt 1.3532149792 1.5797929764
vt 2.7352070808 0.4795979857
vt 2.0108389854 0.5369070172
vt 2.5539369583 0.2549700141
vt 2.4545741081 0.1515090019
vt 2.0678739548 0.3209879994
vt 2.3494219780 0.0543699786
vt 2.1046850681 0.1012180001
vt 2.2382700443 -0.0362869501
vt 2.1209080219 -0.1202270016
vt 3.0225749016 0.9774410129
vt 2.9541549683 2.3232829571
vt 2.7637510300 2.5678300858
vt 3.1302669048 1.2413359880
vt 3.1269459724 2.0648100376
vt 3.2164359093 1.5135459900
vt 3.2810928822 1.7939529419
vt 2.5568699837 2.7969899178
vt -1.9373749495 0.0547829792
vt -1.8796950579 0.0453519784
vt -0.7983999848 0.1256790012
vt -1.8160599470 0.0223709904
vt -1.7524180412 -0.0005870000
vt -0.7983999848 -0.1256790012
vt -1.6887680292 -0.0235249903
vt -1.7796310186 -0.2588169873
vt -0.7983999848 -0.3770380020
vt -1.8750580549 -0.4941090047
vt -0.7983999848 -0.6283969879
vt -1.9737290144 -0.7294020057
vt -0.7983999848 -0.8797559738
vt -2.0742800236 -0.9646940231
vt -0.7983999848 -1.1311149597
vt -2.1753211021 -1.1999859810
vt -0.7983999848 -1.3824739456
vt -2.2754569054 -1.4352780581
vt -0.7983999848 -1.6338319778
vt -2.3733038902 -1.6705700159
vt -0.7983999848 -1.8851909637
vt -2.4675068855 -1.9058630466
vt -2.4988229275 -1.9597690105
vt -2.5466508865 -2.0002470016
vt -2.6067790985 -2.0174911022
vt -0.7983999848 -2.1365499496
vt -3.7999999523 -2.2622289658
vt -0.7983999848 -2.3879089355
vt -3.7999999523 -2.5135879517
vt -0.7983999848 -2.6392679214
vt -3.7999999523 -2.7649469376
vt -0.7983999848 -2.8906269073
vt -3.7999999523 -3.0163059235
vt -0.7983999848 -3.1419849396
vt -3.7999999523 -3.2676649094
vt -0.7983999848 -3.3933439255
vt -3.7999999523 -3.5190238953
vt -0.7983999848 -3.6447029114
vt -3.7999999523 -3.7703819275
vt -0.7983999848 -3.8960618973
vt -3.7999999523 -4.0217409134
vt -1.9373749495 -4.1345310211
vt -1.9943009615 -4.1467871666
vt -3.7999999523 -4.2730998993
vt -2.0423378944 -4.1796531677
vt -2.0735940933 -4.2287869453
vt -2.1664340496 -4.4681649208
vt -3.7999999523 -4.5244588852
vt -2.2638831139 -4.7075419426
vt -3.7999999523 -4.7758178711
vt -2.3645470142 -4.9469199181
vt -3.7999999523 -5.0271768570
vt -2.4496910572 -5.1460280418
vt -3.7999999523 -5.2785348892
vt -2.5352199078 -5.3451361656
vt -3.7999999523 -5.5298938751
vt -2.6202878952 -5.5442438126
vt -2.7040529251 -5.7433509827
vt -3.7999999523 -5.7812528610
vt -2.7856841087 -5.9424591064
vt -3.7999999523 -6.0326118469
vt -2.7997450829 -6.0062952042
vt -2.7923910618 -6.0710191727
vt -2.7632300854 -6.1292781830
vt -3.7999999523 -6.2839708328
vt -2.7133109570 -6.1708960533
vt -2.6981511116 -6.1784257889
vt -2.6829969883 -6.1859679222
vt -2.6678481102 -6.1935219765
vt -2.6067790985 -6.2068037987
vt -0.7983999848 -6.1582908630
vt -2.5466508865 -6.1895608902
vt -2.4988229275 -6.1490831375
vt -2.4675068855 -6.0951762199
vt -0.7983999848 -5.9069318771
vt -2.3733038902 -5.8598837852
vt -0.7983999848 -5.6555738449
vt -2.2754569054 -5.6245918274
vt -0.7983999848 -5.4042148590
vt -2.1753211021 -5.3892998695
vt -0.7983999848 -5.1528558731
vt -2.0742800236 -5.1540079117
vt -1.9737290144 -4.9187150002
vt -0.7983999848 -4.9014968872
vt -1.8750580549 -4.6834230423
vt -0.7983999848 -4.6501379013
vt -1.7796310186 -4.4481310844
vt -0.7983999848 -4.3987789154
vt -1.6887680292 -4.2128391266
vt -0.7983999848 -4.1474208832
vt -1.7524180412 -4.1899008751
vt -1.8160599470 -4.1669430733
vt -1.8796950579 -4.1439609528
vt -3.7999999523 -2.0108709335
vt -2.6678481102 -2.0042080879
vt -2.6829969883 -1.9966540337
vt -2.6981511116 -1.9891120195
vt -2.7133109570 -1.9815829992
vt -2.7632300854 -1.9399640560
vt -2.7923910618 -1.8817050457
vt -3.7999999523 -1.7595119476
vt -2.7997450829 -1.8169809580
vt -2.7856841087 -1.7531449795
vt -2.7040529251 -1.5540380478
vt -3.7999999523 -1.5081529617
vt -2.6202878952 -1.3549300432
vt -3.7999999523 -1.2567939758
vt -2.5352199078 -1.1558220387
vt -3.7999999523 -1.0054349899
vt -2.4496910572 -0.9567139745
vt -3.7999999523 -0.7540760040
vt -2.3645470142 -0.7576060295
vt -2.2638831139 -0.5182290077
vt -3.7999999523 -0.5027179718
vt -2.1664340496 -0.2788510025
vt -3.7999999523 -0.2513589859
vt -2.0735940933 -0.0394729897
vt -3.7999999523 0.0000000000
vt -2.0423378944 0.0096609592
vt -1.9943009615 0.0425259396
vt -3.7999999523 0.2513589859
vt -0.7983999848 0.3770380020
vt -3.7999999523 0.5027179718
vt -0.7983999848 0.6283969879
vt -3.7999999523 0.7540760040
vt -0.7983999848 0.8797559738
vt -3.7999999523 1.0054349899
vt -0.7983999848 1.1311149597
vt -3.7999999523 1.2567939758
vt -0.7983999848 1.3824739456
vt -3.7999999523 1.5081529617
vt -0.7983999848 1.6338319778
vt -3.7999999523 1.7595119476
vt -0.7983999848 1.8851909637
vt -3.7999999523 2.0108709335
vt -0.7983999848 2.1365499496
vt -2.6067790985 2.1718230247
vt -2.5466508865 2.1890668869
vt -2.4988229275 2.2295451164
vt -2.4675068855 2.2834510803
vt -0.7983999848 2.3879089355
vt -2.3733038902 2.5187430382
vt -0.7983999848 2.6392679214
vt -2.2754569054 2.7540359497
vt -0.7983999848 2.8906269073
vt -2.1753211021 2.9893279076
vt -0.7983999848 3.1419849396
vt -2.0742800236 3.2246201038
vt -0.7983999848 3.3933439255
vt -1.9737290144 3.4599120617
vt -0.7983999848 3.6447029114
vt -1.8750580549 3.6952040195
vt -0.7983999848 3.8960618973
vt -1.7796310186 3.9304969311
vt -0.7983999848 4.1474208832
vt -1.6887680292 4.1657891273
vt -1.7524180412 4.1887259483
vt -1.8160599470 4.2116851807
vt -1.8796950579 4.2346658707
vt -1.9373749495 4.2440972328
vt -0.7983999848 4.3987789154
vt -3.7999999523 4.2730998993
vt -3.7999999523 4.5244588852
vt -0.7983999848 4.6501379013
vt -3.7999999523 4.7758178711
vt -0.7983999848 4.9014968872
vt -3.7999999523 5.0271768570
vt -0.7983999848 5.1528558731
vt -3.7999999523 5.2785348892
vt -0.7983999848 5.4042148590
vt -3.7999999523 5.5298938751
vt -0.7983999848 5.6555738449
vt -3.7999999523 5.7812528610
vt -0.7983999848 5.9069318771
vt -3.7999999523 6.0326118469
vt -0.7983999848 6.1582908630
vt -3.7999999523 6.2839708328
vt -0.7983999848 -6.4096498489
vt -2.6678481102 2.1851060390
vt -3.7999999523 2.2622289658
vt -2.6829969883 2.1926600933
vt -2.6981511116 2.2002010345
vt -2.7133109570 2.2077310085
vt -2.7632300854 2.2493500710
vt -2.7923910618 2.3076090813
vt -2.7997450829 2.3723330498
vt -3.7999999523 2.5135879517
vt -2.7856841087 2.4361679554
vt -2.7040529251 2.6352760792
vt -3.7999999523 2.7649469376
vt -2.6202878952 2.8343839645
vt -3.7999999523 3.0163059235
vt -2.5352199078 3.0334920883
vt -2.4496910572 3.2325999737
vt -3.7999999523 3.2676649094
vt -2.3645470142 3.4317069054
vt -3.7999999523 3.5190238953
vt -2.2638831139 3.6710848808
vt -3.7999999523 3.7703819275
vt -2.1664340496 3.9104630947
vt -3.7999999523 4.0217409134
vt -2.0735940933 4.1498408318
vt -2.0423378944 4.1989750862
vt -1.9943009615 4.2318401337
vt 2.0745100975 0.5334039927
vt 2.8592090607 0.8010010123
vt 1.9812510014 0.7571989894
vt 1.8650059700 0.9713550210
vt 1.7271579504 1.1733239889
vt 3.5336430073 1.3409730196
vt 3.3977870941 1.6191730499
vt 3.6484999657 1.0547440052
vt 1.5693459511 1.3607029915
vt 3.2417418957 1.8876869678
vt 2.4888329506 2.2570478916
vt 2.7790350914 2.2130379677
vt 3.0664370060 2.1449170113
vt 2.1958129406 2.2767429352
vt 1.3934500217 1.5312600136
vt 1.8998069763 2.2697401047
vt 1.6067470312 2.2331399918
vt 1.2015630007 1.6829659939
vt 1.4627670050 2.2030370235
vt 1.3205770254 2.1646139622
vt 1.1802710295 2.1174769402
vt 0.9959679842 1.8140150309
vt 1.0423300266 2.0613191128
vt 0.9084820151 1.9964510202
vt 0.7791129947 1.9228490591
vt -1.5267519951 1.4027520418
vt -3.2368819714 1.8878109455
vt -1.6653330326 1.2275890112
vt -3.3919920921 1.6183550358
vt -1.8093520403 1.0017629862
vt -2.8257389069 0.7900490165
vt -1.9267770052 0.7623599768
vt -2.0159280300 0.5128059983
vt -1.3725630045 1.5645489693
vt -2.2158980370 2.2762129307
vt -2.5001881123 2.2557809353
vt -2.7823920250 2.2123699188
vt -3.0624079704 2.1460421085
vt -1.2042920589 1.7113779783
vt -1.6422580481 2.2392768860
vt -1.9293450117 2.2717349529
vt -1.0236049891 1.8417860270
vt -1.2237700224 2.1331379414
vt -1.3605539799 2.1763489246
vt -0.8322920203 1.9544810057
vt -0.9595549703 2.0224800110
vt -1.0900870562 2.0819339752
vt -3.5268099308 1.3392829895
vt -3.6405329704 1.0522619486
vt 0.1016969979 -1.6354260445
vt 0.0000000000 -1.7008429766
vt 0.1016969979 -1.7662600279
vt 0.1016969979 1.7662600279
vt 0.0000000000 1.8316769600
vt 0.0000000000 1.7008429766
vt 0.1016969979 1.6354260445
vt 0.0000000000 1.5700089931
vt 0.1016969979 1.5045919418
vt 0.0000000000 1.4391750097
vt 0.1016969979 1.3737579584
vt 0.0000000000 1.3083410263
vt 0.1016969979 1.2429239750
vt 0.0000000000 1.1775070429
vt 0.1016969979 1.1120899916
vt 0.0000000000 1.0466730595
vt 0.1016969979 0.9812549949
vt 0.0000000000 0.9158380032
vt 0.1016969979 0.8504210114
vt 0.0000000000 0.7850040197
vt 0.1016969979 0.7195870280
vt 0.0000000000 0.6541699767
vt 0.1016969979 0.5887529850
vt 0.0000000000 0.5233359933
vt 0.1016969979 0.4579190016
vt 0.0000000000 0.3925020099
vt 0.1016969979 0.3270849884
vt 0.0000000000 0.2616679966
vt 0.1016969979 0.1962510049
vt 0.0000000000 0.1308339983
vt 0.1016969979 0.0654169917
vt 0.0000000000 0.0000000000
vt 0.1016969979 -0.0654169917
vt 0.0000000000 -0.1308339983
vt 0.1016969979 -0.1962510049
vt 0.0000000000 -0.2616679966
vt 0.1016969979 -0.3270849884
vt 0.0000000000 -0.3925020099
vt 0.1016969979 -0.4579190016
vt 0.0000000000 -0.5233359933
vt 0.1016969979 -0.5887529850
vt 0.0000000000 -0.6541699767
vt 0.1016969979 -0.7195870280
vt 0.0000000000 -0.7850040197
vt 0.1016969979 -0.8504210114
vt 0.0000000000 -0.9158380032
vt 0.1016969979 -0.9812549949
vt 0.0000000000 -1.0466730595
vt 0.1016969979 -1.1120899916
vt 0.0000000000 -1.1775070429
vt 0.1016969979 -1.2429239750
vt 0.0000000000 -1.3083410263
vt 0.1016969979 -1.3737579584
vt 0.0000000000 -1.4391750097
vt 0.1016969979 -1.5045919418
vt 0.0000000000 -1.5700089931
vt -1.6599849463 1.7282420397
vt -1.8276369572 1.5555529594
vt -0.8528969884 0.7259250283
vt -1.9713139534 1.3624579906
vt -0.9251070023 0.6177949905
vt -2.0885570049 1.1522619724
vt -2.1773619652 0.9285609722
vt -1.3869969845 0.1850360036
vt -2.2362079620 0.6951820254
vt -1.4422760010 0.1437720060
vt -2.2640891075 0.4561190009
vt -2.2605268955 0.2154610008
vt -1.4741760492 0.0826089904
vt -2.2255830765 -0.0226719901
vt -1.4763790369 0.0136629902
vt -2.1598560810 -0.2542069852
vt -1.4484499693 -0.0494119488
vt -2.0644700527 -0.4751819968
vt -1.3959189653 -0.0941219926
vt -1.9410569668 -0.6818159819
vt -1.7917280197 -0.8705739975
vt -1.3291920424 -0.1116119996
vt -1.6190390587 -1.0382260084
vt -1.4259439707 -1.1819030046
vt -1.2157479525 -1.2991470098
vt -0.6518560052 -0.1496700048
vt -1.2614840269 -0.0984179899
vt -0.9920470119 -1.3879510164
vt -0.5275589824 -0.1878339946
vt -0.7586680055 -1.4467970133
vt -0.5196049809 -1.4746780396
vt -0.3978109956 -0.1963050067
vt -0.2789480090 -1.4711159468
vt -0.0408139788 -1.4361729622
vt -0.2696070075 -0.1746259034
vt 0.1907210052 -1.3704450130
vt -0.1498578936 -0.1239650026
vt 0.4116959870 -1.2750589848
vt 0.6183300018 -1.1516460180
vt -0.0450209901 -0.0470529683
vt 0.8070880175 -1.0023169518
vt 0.9747400284 -0.8296279907
vt 0.0392539501 0.0519619510
vt 1.1184170246 -0.6365339756
vt 1.2356599569 -0.4263370037
vt 0.0984219909 0.1677429974
vt 1.3244650364 -0.2026360035
vt 0.5340999961 0.5408890247
vt 1.3833110332 0.0307429992
vt 0.5893779993 0.5821530223
vt 1.4111920595 0.2698059976
vt 1.4076299667 0.5104629993
vt 0.6212779880 0.6433150172
vt 1.3726860285 0.7485970259
vt 0.6234819889 0.7122619748
vt 1.3069590330 0.9801319838
vt 0.5955529809 0.7753360271
vt 1.2115730047 1.2011070251
vt 0.5430219769 0.8200460076
vt 1.0881589651 1.4077409506
vt 0.9388309717 1.5964989662
vt 0.4762949944 0.8375369906
vt 0.7661420107 1.7641500235
vt 0.5730469823 1.9078270197
vt 0.3628509939 2.0250709057
vt -0.1430529058 0.8459600210
vt 0.4085870087 0.8243430257
vt -0.2620779872 0.8982959986
vt 0.1391499937 2.1138761044
vt -0.0942289829 2.1727221012
vt -0.3899660110 0.9217730165
vt -0.3332920074 2.2006030083
vt -0.5739489794 2.1970410347
vt -0.5198190212 0.9151229858
vt -0.8120830059 2.1620969772
vt -1.0436179638 2.0963699818
vt -0.6446400285 0.8787069917
vt -1.2645930052 2.0009839535
vt -0.7576969862 0.8144869804
vt -1.4712270498 1.8775700331
vt -0.7640010118 -0.0838689804
vt -1.2062059641 -0.0571539886
vt -0.8579490185 0.0060199490
vt -1.1743060350 0.0040079951
vt -0.9286339879 0.1151520014
vt -1.1721019745 0.0729549527
vt -0.9722459912 0.2376440018
vt -1.2000310421 0.1360290051
vt -1.2525620461 0.1807390004
vt -0.9864349961 0.3668920100
vt -1.3192889690 0.1982299984
vt -0.9704340100 0.4959270060
vt 0.4663920105 0.5276950002
vt 0.1292950064 0.2940489948
vt 0.3996649981 0.5451850295
vt 0.1302070022 0.4240700006
vt 0.3471339941 0.5898950100
vt 0.1011099964 0.5507959723
vt 0.3192049861 0.6529700160
vt 0.0435719416 0.6673970222
vt 0.3214089870 0.7219160199
vt -0.0393049717 0.7675849795
vt 0.3533090055 0.7830790281
vt 0.0000000000 -0.2441679984
vt 2.9004418850 -0.2441679984
vt 0.0000000000 0.0000000000
vt 2.9004418850 0.0000000000
vt 0.0000000000 0.2441679984
vt 2.9004418850 0.2441679984
vt 0.0000000000 0.4883370101
vt 2.9004418850 0.4883370101
vt 0.0000000000 0.7325050235
vt 2.9004418850 0.7325050235
vt 0.0000000000 0.9766740203
vt 2.9004418850 0.9766740203
vt 0.0000000000 1.2208420038
vt 2.9004418850 1.2208420038
vt 0.0000000000 1.4650110006
vt 2.9004418850 1.4650110006
vt 0.0000000000 1.7091790438
vt 2.9004418850 1.7091790438
vt 0.0000000000 1.9533480406
vt 2.9004418850 1.9533480406
vt 0.0000000000 2.1975159645
vt 2.9004418850 2.1975159645
vt 0.0000000000 2.4416849613
vt 2.9004418850 2.4416849613
vt 0.0000000000 2.6858530045
vt 2.9004418850 2.6858530045
vt 0.0000000000 2.9300220013
vt 2.9004418850 2.9300220013
vt 0.0000000000 3.1741900444
vt 2.9004418850 3.1741900444
vt 0.0000000000 3.4183590412
vt 2.9004418850 3.4183590412
vt 0.0000000000 3.6625270844
vt 2.9004418850 3.6625270844
vt 0.0000000000 3.9066960812
vt 2.9004418850 3.9066960812
vt 0.0000000000 4.1508641243
vt 2.9004418850 4.1508641243
vt 0.0000000000 4.3950328827
vt 2.9004418850 4.3950328827
vt 0.0000000000 4.6392011642
vt 2.9004418850 4.6392011642
vt 0.0000000000 4.8833699226
vt 2.9004418850 4.8833699226
vt 0.0000000000 5.1275382042
vt 2.9004418850 5.1275382042
vt 0.0000000000 5.3717069626
vt 2.9004418850 5.3717069626
vt 0.0000000000 5.6158747673
vt 2.9004418850 5.6158747673
vt 0.0000000000 5.8600440025
vt 2.9004418850 5.8600440025
vt 0.0000000000 -5.8600440025
vt 2.9004418850 -5.8600440025
vt 0.0000000000 -5.6158747673
vt 2.9004418850 -5.6158747673
vt 0.0000000000 -5.3717069626
vt 2.9004418850 -5.3717069626
vt 0.0000000000 -5.1275382042
vt 2.9004418850 -5.1275382042
vt 0.0000000000 -4.8833699226
vt 2.9004418850 -4.8833699226
vt 0.0000000000 -4.6392011642
vt 2.9004418850 -4.6392011642
vt 0.0000000000 -4.3950328827
vt 2.9004418850 -4.3950328827
vt 0.0000000000 -4.1508641243
vt 2.9004418850 -4.1508641243
vt 0.0000000000 -3.9066960812
vt 2.9004418850 -3.9066960812
vt 0.0000000000 -3.6625270844
vt 2.9004418850 -3.6625270844
vt 0.0000000000 -3.4183590412
vt 2.9004418850 -3.4183590412
vt 0.0000000000 -3.1741900444
vt 2.9004418850 -3.1741900444
vt 0.0000000000 -2.9300220013
vt 2.9004418850 -2.9300220013
vt 0.0000000000 -2.6858530045
vt 2.9004418850 -2.6858530045
vt 0.0000000000 -2.4416849613
vt 2.9004418850 -2.4416849613
vt 0.0000000000 -2.1975159645
vt 2.9004418850 -2.1975159645
vt 0.0000000000 -1.9533480406
vt 2.9004418850 -1.9533480406
vt 0.0000000000 -1.7091790438
vt 2.9004418850 -1.7091790438
vt 0.0000000000 -1.4650110006
vt 2.9004418850 -1.4650110006
vt 0.0000000000 -1.2208420038
vt 2.9004418850 -1.2208420038
vt 0.0000000000 -0.9766740203
vt 2.9004418850 -0.9766740203
vt 0.0000000000 -0.7325050235
vt 2.9004418850 -0.7325050235
vt 0.0000000000 -0.4883370101
vt 2.9004418850 -0.4883370101
vt -0.1364849955 0.1800439060
vt 0.0165259801 -0.0191699807
vt 1.0933940411 0.9306179881
vt 0.1932979971 -0.1976339966
vt 1.1893479824 0.8413550258
vt 0.3910439909 -0.3525370061
vt 0.6066449881 -0.4814330041
vt 1.3033009768 0.7766259909
vt 0.8367009759 -0.5822910070
vt 1.0775840282 -0.6535210013
vt 1.4291100502 0.7399209738
vt 1.3254950047 -0.6939970255
vt 1.5599930286 0.7332190275
vt 1.5765240192 -0.7030839920
vt 1.8267129660 -0.6806359887
vt 1.6888929605 0.7568809986
vt 2.0721149445 -0.6270089746
vt 2.3088610172 -0.5430470109
vt 1.8088619709 0.8096320033
vt 2.5332169533 -0.4300749898
vt 2.3564600945 0.8310189843
vt 2.4261059761 0.8174480200
vt 2.7416439056 -0.2898750007
vt 2.9308559895 -0.1246569976
vt 2.4947431087 0.8354390264
vt 3.0978701115 0.0629720017
vt 3.2400488853 0.2700540125
vt 2.5487771034 0.8814280033
vt 3.3551540375 0.4933240116
vt 2.5775060654 0.9463080168
vt 3.4413681030 0.7292590141
vt 3.4973309040 0.9741389751
vt 2.5752389431 1.0172280073
vt 3.5221619606 1.2241020203
vt 2.5424261093 1.0801399946
vt 3.5154678822 1.4752060175
vt 3.4773550034 1.7234909534
vt 2.4855659008 1.1225860119
vt 3.4084250927 1.9650419950
vt 3.3097629547 2.1960489750
vt 3.1829268932 2.4128680229
vt 1.9926120043 1.6099200249
vt 2.0522499084 1.4932210445
vt 2.4159200191 1.1361570358
vt 2.0833671093 1.3659149408
vt 2.3472828865 1.1181659698
vt 2.0842859745 1.2348639965
vt 2.2932488918 1.0721759796
vt 2.0549590588 1.1071339846
vt 2.2645208836 1.0072970390
vt 1.9969650507 0.9896100163
vt 2.2667870522 0.9363769889
vt 1.9134320021 0.8886280060
vt 2.2995998859 0.8734650016
vt 3.0299160480 2.6120810509
vt 1.9076700211 1.7097200155
vt 2.8531439304 2.7905459404
vt 2.6553978920 2.9454479218
vt 1.8020019531 1.7872400284
vt 2.4397969246 3.0743451118
vt 2.2097399235 3.1752030849
vt 1.6813050508 1.8383020163
vt 1.9688580036 3.2464320660
vt 1.5520850420 1.8601529598
vt 1.7209470272 3.2869091034
vt 1.4699180126 3.2959959507
vt 1.4213099480 1.8516149521
vt 1.2197289467 3.2735478878
vt 0.9743270278 3.2199199200
vt 1.2960280180 1.8131489754
vt 0.7375810146 3.1359589100
vt 0.5132250190 3.0229868889
vt 0.3047980070 2.8827869892
vt 0.6203359962 1.7754640579
vt 0.6899809837 1.7618930340
vt 1.1829949617 1.7468270063
vt 0.7468420267 1.7194470167
vt 1.0883029699 1.6562249660
vt 0.7796549797 1.6565350294
vt 1.0170580149 1.5462290049
vt 0.7819210291 1.5856150389
vt 0.9731000066 1.4227670431
vt 0.7531930208 1.5207350254
vt 0.6991590261 1.4747459888
vt 0.1155849993 2.7175691128
vt 0.5516989827 1.7574729919
vt -0.0514279604 2.5299398899
vt -0.1936080009 2.3228569031
vt 0.4976649880 1.7114830017
vt -0.3087120056 2.0995879173
vt 0.4689359963 1.6466039419
vt -0.3949260116 1.8636529446
vt -0.4508889914 1.6187729836
vt 0.4712029994 1.5756839514
vt -0.4757199883 1.3688100576
vt 0.5040159822 1.5127710104
vt -0.4690259993 1.1177059412
vt -0.4309130013 0.8694199920
vt 0.5608760118 1.4703259468
vt -0.3619830012 0.6278700233
vt -0.2633210123 0.3968630135
vt 1.0206120014 1.0396050215
vt 0.9749259949 1.1624369621
vt 0.6305220127 1.4567550421
vt 0.9587990046 1.2924950123
vt 0.1016969979 0.0705589578
vt 0.0000000000 0.0705589578
vt 0.1016969979 0.0000000000
vt 0.0000000000 0.0000000000
vt 0.1016969979 -0.0705589578
vt 0.0000000000 -0.0705589578
vt 0.1016969979 -0.1411190033
vt 0.0000000000 -0.1411190033
vt 0.1016969979 -0.2116779983
vt 0.0000000000 -0.2116779983
vt 0.1016969979 -0.2822369933
vt 0.0000000000 -0.2822369933
vt 0.1016969979 -0.3527959883
vt 0.0000000000 -0.3527959883
vt 0.1016969979 -0.4233559966
vt 0.0000000000 -0.4233559966
vt 0.1016969979 -0.4939149916
vt 0.0000000000 -0.4939149916
vt 0.1016969979 0.4939149916
vt 0.0000000000 0.4939149916
vt 0.1016969979 0.4233559966
vt 0.0000000000 0.4233559966
vt 0.1016969979 0.3527959883
vt 0.0000000000 0.3527959883
vt 0.1016969979 0.2822369933
vt 0.0000000000 0.2822369933
vt 0.1016969979 0.2116779983
vt 0.0000000000 0.2116779983
vt 0.1016969979 0.1411190033
vt 0.0000000000 0.1411190033
vt 0.1016969979 0.0705589578
vt 0.0000000000 0.0705589578
vt 0.1016969979 0.0000000000
vt 0.0000000000 0.0000000000
vt 0.1016969979 -0.0705589578
vt 0.0000000000 -0.0705589578
vt 0.1016969979 -0.1411190033
vt 0.0000000000 -0.1411190033
vt 0.1016969979 -0.2116779983
vt 0.0000000000 -0.2116779983
vt 0.1016969979 -0.2822369933
vt 0.0000000000 -0.2822369933
vt 0.1016969979 -0.3527959883
vt 0.0000000000 -0.3527959883
vt 0.1016969979 -0.4233559966
vt 0.0000000000 -0.4233559966
vt 0.1016969979 -0.4939149916
vt 0.0000000000 -0.4939149916
vt 0.1016969979 0.4939149916
vt 0.0000000000 0.4939149916
vt 0.1016969979 0.4233559966
vt 0.0000000000 0.4233559966
vt 0.1016969979 0.3527959883
vt 0.0000000000 0.3527959883
vt 0.1016969979 0.2822369933
vt 0.0000000000 0.2822369933
vt 0.1016969979 0.2116779983
vt 0.0000000000 0.2116779983
vt 0.1016969979 0.1411190033
vt 0.0000000000 0.1411190033
vt 8.1041183472 1.3839110136
vt 8.2131052017 1.1639410257
vt 8.3033313751 1.2309000492
vt 8.3905439377 0.9916769862
vt 8.4817962646 1.0541269779
vt 8.5439805984 0.7977259755
vt 8.6366968155 0.8563809991
vt 8.7655935287 0.6407799721
vt 8.6707887650 0.5854070187
vt 8.8664531708 0.4107240140
vt 8.7687997818 0.3583529890
vt 8.9376821518 0.1698410064
vt 8.8363361359 0.1204480007
vt 8.9781579971 -0.0780689716
vt 8.8722410202 -0.1242370009
vt 8.9872436523 -0.3290989995
vt 8.8759012222 -0.3715139925
vt 8.9647970200 -0.5792869925
vt 8.8472518921 -0.6171540022
vt 8.9111700058 -0.8246889710
vt 8.7867870331 -0.8569539785
vt 8.8272075653 -1.0614349842
vt 8.6955413818 -1.0868090391
vt 8.7142372131 -1.2857910395
vt 8.5750713348 -1.3027880192
vt 8.5740356445 -1.4942179918
vt 8.4274406433 -1.5011949539
vt 8.4088191986 -1.6834310293
vt 8.2551765442 -1.6786340475
vt 8.2211875916 -1.8504439592
vt 8.0612258911 -1.8320709467
vt 8.0141057968 -1.9926240444
vt 7.8489069939 -1.9588799477
vt 7.7908368111 -2.1077280045
vt 7.6218528748 -2.0568900108
vt 7.5549020767 -2.1939420700
vt 7.3839478493 -2.1244258881
vt 7.3100218773 -2.2499060631
vt 7.1392641068 -2.1603300571
vt 7.0600590706 -2.2747359276
vt 6.8919858932 -2.1639900208
vt 6.8089551926 -2.2680420876
vt 6.6463460922 -2.1353430748
vt 6.5606689453 -2.2299299240
vt 6.4065461159 -2.0748779774
vt 6.3191189766 -2.1609990597
vt 6.1766910553 -1.9836299419
vt 6.0881118774 -2.0623369217
vt 5.9607119560 -1.8631609678
vt 5.8712921143 -1.9355009794
vt 5.7623047829 -1.7155309916
vt 5.6720790863 -1.7824900150
vt 5.5848660469 -1.5432670116
vt 5.4936151505 -1.6057180166
vt 5.4314289093 -1.3493169546
vt 5.3387122154 -1.4079719782
vt 5.2098159790 -1.1923710108
vt 5.3046197891 -1.1369980574
vt 5.1089577675 -0.9623150229
vt 5.2066102028 -0.9099429846
vt 5.0377278328 -0.7214319706
vt 5.1390748024 -0.6720389724
vt 4.9972510338 -0.4735209942
vt 5.1031699181 -0.4273540080
vt 4.9881649017 -0.2224919945
vt 5.0995101929 -0.1800760031
vt 5.0106129646 0.0276959501
vt 5.1281571388 0.0655639693
vt 5.0642399788 0.2730990052
vt 5.1886219978 0.3053629994
vt 5.1482019424 0.5098440051
vt 5.2798700333 0.5352190137
vt 5.2611742020 0.7342000008
vt 5.4003391266 0.7511969805
vt 5.4013738632 0.9426280260
vt 5.5479688644 0.9496039748
vt 5.5665922165 1.1318399906
vt 5.7202329636 1.1270439625
vt 5.7542209625 1.2988530397
vt 5.9141840935 1.2804809809
vt 5.9613032341 1.4410330057
vt 6.1265020370 1.4072890282
vt 6.1845722198 1.5561380386
vt 6.3535571098 1.5053000450
vt 6.4205069542 1.6423519850
vt 6.5914611816 1.5728349686
vt 6.6653881073 1.6983150244
vt 6.8361458778 1.6087399721
vt 6.9153509140 1.7231459618
vt 7.0834240913 1.6124000549
vt 7.1664547920 1.7164520025
vt 7.3290638924 1.5837520361
vt 7.4147400856 1.6783390045
vt 7.5688629150 1.5232870579
vt 7.6562910080 1.6094080210
vt 7.7987189293 1.4320390224
vt 7.8872981071 1.5107469559
vt 8.0146980286 1.3115700483
vt -2.4955871105 0.0000000000
vt -2.3399009705 0.0000000000
vt -2.4920799732 0.0166599695
vt -2.4886031151 0.0333269797
vt -2.4851560593 0.0499999486
vt -2.3302719593 0.0499999486
vt -2.1848599911 0.0000000000
vt -2.1769919395 0.0499999486
vt -2.0305840969 0.0000000000
vt -2.0252621174 0.0499999486
vt -1.8756179810 0.0000000000
vt -1.8723030090 0.0499999486
vt -1.7181529999 0.0000000000
vt -1.7152639627 0.0499999486
vt -1.5630990267 0.0000000000
vt -1.5590139627 0.0499999486
vt -1.4102640152 0.0000000000
vt -1.4050649405 0.0499999486
vt -1.2583210468 0.0000000000
vt -1.2524429560 0.0499999486
vt -0.9482629895 0.0000000000
vt -0.9449359775 0.0499999486
vt -0.6363520026 0.0000000000
vt -0.6371859908 0.0499999486
vt -0.3285309970 0.0499999486
vt -0.3252590001 0.0000000000
vt -0.0177369695 0.0499999486
vt -0.0138239805 0.0000000000
vt 0.0000000000 0.0039389720
vt 0.5550889969 0.0039389720
vt 0.0000000000 0.0539389811
vt 0.5696079731 0.0539389811
vt 1.1101980209 0.0039389720
vt 1.1392270327 0.0539389811
vt 1.7051470280 0.0360699818
vt 1.7087830305 0.0539389811
vt 1.7015310526 0.0181979500
vt 1.6652510166 0.0039389720
vt 1.6762249470 0.0035379520
vt 1.6871390343 0.0023299451
vt 1.6979349852 0.0003220000
vt -0.0604229495 0.0499999486
vt -0.0669260025 0.0128039699
vt -0.0402689502 0.0499999486
vt 0.0000000000 0.0000000000
vt -0.0201279502 0.0499999486
vt 0.0000000000 0.0499999486
vt -0.0675399825 0.0085589876
vt -0.0679099485 0.0042869439
vt -0.0680329725 0.0000000000
vt -3.0537550449 4.5205631256
vt -3.2180159092 4.2229771614
vt -3.1696391106 4.2071599960
vt -3.1823940277 4.2104539871
vt -3.1782069206 4.2091140747
vt -3.1018710136 4.5364980698
vt -2.9339480400 4.8339672089
vt -2.9818398952 4.8500189781
vt -2.8110289574 5.1473698616
vt -2.8587379456 5.1635408401
vt -2.6858301163 5.4607729912
vt -2.7333950996 5.4770622253
vt -3.1739509106 4.2080149651
vt -0.0035049911 0.0198609792
vt 0.0337539911 0.0600439906
vt -0.0021119709 0.0457369611
vt 0.0325169489 0.0618579909
vt -0.0009790000 0.0706920028
vt 0.0325169489 0.0927869603
vt -0.0002440000 0.0961700007
vt 0.0200619604 0.1237158999
vt 0.0000100000 0.1237158999
vt 0.0488449894 0.0825769901
vt 0.0581009910 0.1090700030
vt 0.0589109585 0.1138480008
vt 0.0597029887 0.1187250018
vt 0.0402639508 0.1237158999
vt 0.0604739711 0.1237158999
vt 20.9619693756 0.1143520027
vt 20.6479701996 0.1143459976
vt 20.9804401398 0.0942170024
vt 20.8133106232 0.0857669711
vt 21.0184001923 0.0523859784
vt 20.8133106232 0.0571799800
vt 20.8133106232 0.0285109803
vt 20.5837802887 0.0571799800
vt 20.5837802887 0.0285269599
vt 20.3783302307 0.0571799800
vt 20.3783302307 0.0285419803
vt 20.1447601318 0.0571799800
vt 20.1447601318 0.0285589602
vt 19.9111804962 0.0571799800
vt 19.9111804962 0.0285749994
vt 19.7059402466 0.0389449485
vt 19.7059402466 0.0000000000
vt 20.5837802887 0.0857669711
vt 20.3339595795 0.1143539995
vt 20.3783302307 0.0857669711
vt 20.1447601318 0.0857669711
vt 20.0199508667 0.1143459976
vt 19.9111804962 0.0857669711
vt 19.7059402466 0.1143539995
vt 19.7059402466 0.0754089877
vt 20.0401706696 0.0000000000
vt 20.3743991852 0.0000000000
vt 20.7086200714 0.0000000000
vt 21.0428504944 0.0000000000
vt 21.0335807800 0.0284949504
vt -2.8910288811 -0.0000020000
vt -2.6726000309 0.0000000000
vt -2.8376550674 0.0319409892
vt -2.6726000309 0.0334360003
vt -2.8376550674 0.0638849735
vt -2.6726000309 0.0638849735
vt -2.6726000309 0.0943349525
vt -2.8376550674 0.0958269835
vt -2.6726000309 0.1277710050
vt -2.8910288811 0.1277710050
vt -3.0281670094 0.0958269835
vt -3.1094589233 0.1277710050
vt -3.2186779976 0.0958269835
vt -3.3278961182 0.1277710050
vt -3.3837730885 0.0958269835
vt -3.5463259220 0.1277710050
vt -3.5742640495 0.0958269835
vt -3.7647559643 0.1277710050
vt -3.7647559643 0.0842599794
vt -3.5742640495 0.0638839602
vt -3.7647559643 0.0435109697
vt -3.5742640495 0.0319409892
vt -3.7647559643 0.0000000000
vt -3.5463259220 0.0000000000
vt -3.3837730885 0.0319409892
vt -3.3278961182 0.0000000000
vt -3.2186779976 0.0319409892
vt -3.1094589233 -0.0000010000
vt -3.0281670094 0.0319409892
vt -3.0281670094 0.0638849735
vt -3.2186779976 0.0638849735
vt -3.3837730885 0.0638849735
vt 0.3088850081 0.0000000000
vt 0.4658510089 0.0000000000
vt 0.3181129992 0.0187059604
vt 0.4487119913 0.0310660005
vt 0.3338420093 0.0384369418
vt 0.4487119913 0.0621320009
vt 0.3665330112 0.0677799508
vt 0.4487119913 0.0931980014
vt 0.4016680121 0.0949829817
vt 0.4374470115 0.1242640018
vt 0.5879430175 0.1242630035
vt 0.5885390043 0.0931980014
vt 0.7283660173 0.0931980014
vt 0.7283660173 0.0621320009
vt 0.8681929708 0.0621320009
vt 0.8681929708 0.0310660005
vt 1.0248069763 0.0310660005
vt 0.9337210059 0.0000000000
vt 1.0888309479 0.0000000000
vt 0.5885390043 0.0310660005
vt 0.6222590208 0.0000000000
vt 0.7283660173 0.0310660005
vt 0.7781969905 0.0000000000
vt 1.1814219952 0.0310660005
vt 1.2436310053 0.0000000000
vt 1.3380359411 0.0310660005
vt 1.3985049725 0.0000000000
vt 1.4946509600 0.0310660005
vt 1.5536290407 0.0000000000
vt 1.6512650251 0.0310660005
vt 1.8643980026 0.0000000000
vt 1.8078800440 0.0310660005
vt 2.1211090088 0.0310660005
vt 1.8078800440 0.0621320009
vt 2.1211090088 0.0621320009
vt 1.8078800440 0.0931980014
vt 2.1211090088 0.0931980014
vt 1.9174580574 0.1242609993
vt 2.2115550041 0.1242579967
vt 2.4604399204 0.0931980014
vt 2.5056629181 0.1242559999
vt 2.7997710705 0.1242640018
vt 2.7997710705 0.0818799734
vt 2.4604399204 0.0621320009
vt 2.7997710705 0.0423839614
vt 2.4604399204 0.0310660005
vt 2.7997710705 0.0000000000
vt 2.4878160954 0.0000000000
vt 2.1759119034 0.0000000000
vt 1.6234029531 0.1242590025
vt 1.6512650251 0.0931980014
vt 1.6512650251 0.0621320009
vt 1.4946509600 0.0931980014
vt 1.3292030096 0.1242609993
vt 1.3380359411 0.0931980014
vt 1.1814219952 0.0931980014
vt 1.3380359411 0.0621320009
vt 1.1814219952 0.0621320009
vt 1.0347559452 0.1242489964
vt 1.0248069763 0.0931980014
vt 1.0248069763 0.0621320009
vt 0.8865299821 0.1242429987
vt 0.8681929708 0.0931980014
vt 0.7376189828 0.1242550015
vt 1.4946509600 0.0621320009
vt 0.5885390043 0.0621320009
vt 1.8286900520 0.0750879571
vt 2.0043189526 0.0741579533
vt 1.8286700249 0.1001299992
vt 2.0043189526 0.1112369969
vt 1.8468350172 0.1178110018
vt 2.1799690723 0.1112369969
vt 2.3556189537 0.1112369969
vt 2.3556189537 0.0741579533
vt 2.5312690735 0.0741579533
vt 2.5312690735 0.0370789692
vt 2.7069180012 0.0370789692
vt 2.9684720039 0.0000000000
vt 2.8825678825 0.0370789692
vt 3.5383551121 0.0000000000
vt 3.0582180023 0.0370789692
vt 3.2587931156 0.0370789692
vt 3.0582180023 0.0741579533
vt 3.2587931156 0.0741579533
vt 3.0582180023 0.1112369969
vt 3.2587931156 0.1112369969
vt 2.7018280029 0.1179409996
vt 3.5568211079 0.1178070009
vt 3.4593679905 0.1112369969
vt 3.5583050251 0.0876849815
vt 3.4593679905 0.0741579533
vt 3.5556969643 0.0576949716
vt 3.4593679905 0.0370789692
vt 3.5487079620 0.0284119807
vt 1.8286960125 0.0500589609
vt 2.0043189526 0.0370789692
vt 2.1799690723 0.0370789692
vt 2.3985829353 0.0000000000
vt 2.3556189537 0.0370789692
vt 1.8286999464 0.0250289999
vt 1.8287030458 0.0000000000
vt 2.5312690735 0.1112369969
vt 2.7069180012 0.1112369969
vt 2.8825678825 0.1112369969
vt 2.8825678825 0.0741579533
vt 2.1799690723 0.0741579533
vt 2.7069180012 0.0741579533
vt -4.0062570572 0.0000080000
vt -3.7450180054 0.0000000000
vt -3.9401180744 0.0284090005
vt -3.7450180054 0.0387019515
vt -3.9401180744 0.0568189584
vt -3.7450180054 0.0749479532
vt -3.9401180744 0.0852339789
vt -3.7450180054 0.1136500016
vt -4.0062570572 0.1136500016
vt -4.1352171898 0.0852339789
vt -4.2674832344 0.1136500016
vt -4.3319668770 0.0852339789
vt -4.5287160873 0.1136500016
vt -4.5287160873 0.0750849769
vt -4.3319668770 0.0568189584
vt -4.5287160873 0.0385649800
vt -4.3319668770 0.0284090005
vt -4.5287160873 0.0000000000
vt -4.2674841881 0.0000120000
vt -4.1352171898 0.0284090005
vt -4.1352171898 0.0568189584
vt -0.2498359978 0.1014870033
vt -0.2980119884 0.1014870033
vt -0.2745299935 0.0761129782
vt -0.2980119884 0.0749289915
vt -0.2745299935 0.0507429801
vt -0.2980119884 0.0507439896
vt -0.2745299935 0.0380539782
vt -0.2980119884 0.0265579801
vt -0.2745299935 0.0253689792
vt -0.2745299935 0.0126839802
vt -0.2442138940 0.0126839802
vt -0.2464410067 0.0000000000
vt -0.2138970047 0.0126839802
vt -0.1950639933 0.0000010000
vt -0.1835799962 0.0126839802
vt -0.1440159976 -0.0000020000
vt -0.1532640010 0.0126839802
vt -0.1234619990 0.0126839802
vt -0.1532640010 0.0253689792
vt -0.1234619990 0.0253689792
vt -0.1532640010 0.0380539782
vt -0.1234619990 0.0380539782
vt -0.1234619990 0.0507399999
vt -0.0936610103 0.0341229998
vt -0.0936610103 0.0673639700
vt -0.2980119884 0.0000000000
vt -0.0936610103 0.0000000000
vt -0.1234619990 0.0761129782
vt -0.0936610103 0.1014870033
vt -0.1198820025 0.1014069989
vt -0.1507489979 0.1014819965
vt -0.1532640010 0.0761129782
vt -0.1532640010 0.0507409498
vt -0.1835799962 0.0507409498
vt -0.1835799962 0.0380539782
vt -0.2138970047 0.0380539782
vt -0.1835799962 0.0253689792
vt -0.2138970047 0.0253689792
vt -0.1835799962 0.0761129782
vt -0.2014870048 0.1014859974
vt -0.2138970047 0.0761129782
vt -0.2442138940 0.0761129782
vt -0.2442138940 0.0507429801
vt -0.2138970047 0.0507419705
vt -0.2442138940 0.0380539782
vt -0.2442138940 0.0253689792
vt -0.1033099964 0.0361819789
vt -0.1250779927 0.0266569797
vt -0.1033099964 0.0000000000
vt -0.1468469948 0.0266569797
vt -0.1440970004 0.0000010000
vt -0.1686159074 0.0266569797
vt -0.1843139976 0.0000010000
vt -0.1903840005 0.0266569797
vt -0.2241400033 0.0000040000
vt -0.2272229940 0.0266569797
vt -0.2640630007 0.0000000000
vt -0.2640630007 0.0362729989
vt -0.2272229940 0.0399859510
vt -0.2272229940 0.0533139706
vt -0.1903840005 0.0399859510
vt -0.1903840005 0.0533139706
vt -0.1686159074 0.0399859510
vt -0.1686159074 0.0533139706
vt -0.1468469948 0.0399859510
vt -0.1468469948 0.0533139706
vt -0.1250779927 0.0399859510
vt -0.1250779927 0.0533139706
vt -0.1033099964 0.0704439804
vt -0.1033089980 0.1066249982
vt -0.1250779927 0.0799700022
vt -0.1250779927 0.0666419789
vt -0.1468469948 0.0666419789
vt -0.1686159074 0.0666419789
vt -0.1903840005 0.0666419789
vt -0.2272229940 0.0666419789
vt -0.2640630007 0.0703519508
vt -0.1441420019 0.1066259965
vt -0.1468469948 0.0799700022
vt -0.1848659962 0.1066249982
vt -0.1686159074 0.0799700022
vt -0.1903840005 0.0799700022
vt -0.2248899043 0.1066249982
vt -0.2272229940 0.0799700022
vt -0.2640630007 0.1066249982
vt -3.6037979126 0.0000000000
vt -3.6037979126 0.0247739498
vt -3.6207718849 0.0000000000
vt -3.6293079853 0.0368409716
vt -3.6547119617 0.0247719791
vt -3.6547119617 0.0489099585
vt -3.6377420425 0.0736809894
vt -3.6547119617 0.0736809894
vt -3.6037979126 0.0489069782
vt -3.6037979126 0.0736809894
vt -3.6207718849 0.0736809894
vt -3.6547119617 0.0000000000
vt -3.6377420425 0.0000000000
vt 2.4355990887 0.1242640018
vt 2.2829260826 0.1242569983
vt 2.4660120010 0.0990709588
vt 2.3000559807 0.0931980014
vt 2.4934899807 0.0725150108
vt 2.3000559807 0.0621320009
vt 2.5047020912 0.0573619604
vt 2.5123438835 0.0400729701
vt 2.3000559807 0.0310660005
vt 2.5142009258 0.0204159599
vt 2.3537709713 0.0000000000
vt 2.5095529556 0.0000000000
vt 2.1309869289 0.1242590025
vt 2.0859110355 0.0931980014
vt 2.0859110355 0.0621320009
vt 2.0859110355 0.0310660005
vt 2.1985659599 0.0000000000
vt 2.0439240932 0.0000000000
vt 1.8717659712 0.0310660005
vt 1.8894020319 0.0000000000
vt 1.7347229719 0.0000000000
vt 1.6576199532 0.0310660005
vt 1.5799299479 0.0000000000
vt 1.4434750080 0.0310660005
vt 1.4248559475 0.0000000000
vt 1.2696510553 0.0000000000
vt 1.2293299437 0.0310660005
vt 1.0151849985 0.0310660005
vt 1.0151849985 0.0621320009
vt 0.8010399938 0.0621320009
vt 0.8010399938 0.0931980014
vt 0.6046310067 0.0931980014
vt 0.6198139787 0.1242590025
vt 0.4082230031 0.0931980014
vt 0.3176099956 0.1242370009
vt 0.2118148953 0.0931980014
vt 0.0154059501 0.1242640018
vt 0.0154059501 0.0818799734
vt 1.9797320366 0.1242619976
vt 1.8717659712 0.0931980014
vt 1.8717659712 0.0621320009
vt 1.8286210299 0.1242609993
vt 1.6576199532 0.0931980014
vt 1.6576199532 0.0621320009
vt 1.6775269508 0.1242600009
vt 1.5264110565 0.1242619976
vt 1.4434750080 0.0931980014
vt 1.2242640257 0.1242569983
vt 1.2293299437 0.0931980014
vt 1.0151849985 0.0931980014
vt 1.2293299437 0.0621320009
vt 0.9220179915 0.1242619976
vt 0.2118148953 0.0621320009
vt 0.0154059501 0.0423839614
vt 0.2118148953 0.0310660005
vt 0.0154059501 0.0000000000
vt 0.3286339939 0.0000000000
vt 0.4082230031 0.0310660005
vt 0.6427839994 0.0000000000
vt 0.6046310067 0.0310660005
vt 0.8010399938 0.0310660005
vt 0.6046310067 0.0621320009
vt 0.9575260282 0.0000000000
vt 0.4082230031 0.0621320009
vt 1.4434750080 0.0621320009
vt -3.6671130657 0.0000000000
vt -3.6284320354 0.0130249802
vt -3.6852838993 0.0000000000
vt -3.6228570938 0.0250359699
vt -3.6852838993 0.0400629602
vt -3.6069619656 0.0436729714
vt -3.5677180290 0.0715339705
vt -3.6489410400 0.0000000000
vt -3.6307671070 0.0000000000
vt -3.4820179939 0.1177629977
vt -3.5834109783 0.0883219764
vt -3.6852838993 0.0777009726
vt -3.5497999191 0.1177629977
vt -3.6175549030 0.1177629977
vt -3.6852838993 0.1177629977
vt -0.3039860129 0.0789169595
vt -0.3039860129 0.0523849688
vt -0.2766399980 0.0788829923
vt -0.2564809918 0.0591869913
vt -0.2485910058 0.0789119601
vt -0.2224750072 0.0789139792
vt -0.2089760005 0.0591869913
vt -0.1983589977 0.0789159536
vt -0.1614699066 0.0591869913
vt -0.1546979994 0.0789169595
vt -0.1139649972 0.0521189496
vt -0.1139649972 0.0789169595
vt -0.2564809918 0.0394579694
vt -0.3039860129 0.0265319906
vt -0.2564809918 0.0197289493
vt -0.3039860129 0.0000000000
vt -0.2568849921 0.0000040000
vt -0.2098259032 0.0000000000
vt -0.2089760005 0.0197289493
vt -0.2089760005 0.0394579694
vt -0.1621710062 0.0000000000
vt -0.1614699066 0.0197289493
vt -0.1614699066 0.0394579694
vt -0.1139649972 0.0000000000
vt -0.1139649972 0.0267969891
vt -2.5075759888 0.0829870105
vt -2.5075759888 0.1256549060
vt -2.6548459530 0.0942440033
vt -2.7659599781 0.1256529987
vt -2.8021171093 0.0942440033
vt -3.0243489742 0.1256549060
vt -2.9884181023 0.0942440033
vt -3.1747200489 0.0942440033
vt -2.9884181023 0.0628309771
vt -3.1747200489 0.0628309771
vt -2.9884181023 0.0314069912
vt -3.1747200489 0.0314069912
vt -2.9870750904 -0.0000020000
vt -3.2268269062 -0.0000160000
vt -3.3610219955 0.0314069912
vt -3.4665749073 -0.0000060000
vt -3.5473229885 0.0314069912
vt -3.7063269615 -0.0000140000
vt -3.7606320381 0.0314069912
vt -3.9460749626 -0.0000100000
vt -3.9641408920 0.0314069912
vt -4.1676502228 0.0314069912
vt -4.1676502228 0.0628309771
vt -4.3711590767 0.0628309771
vt -4.3711590767 0.0942440033
vt -4.4874367714 0.0818469524
vt -4.5746679306 0.1256549060
vt -4.3162841797 0.1256580055
vt -4.1676502228 0.0942440033
vt -4.0578951836 0.1256549060
vt -3.9641408920 0.0942440033
vt -3.7995090485 0.1256559938
vt -3.7606320381 0.0942440033
vt -3.5411219597 0.1256549060
vt -3.5473229885 0.0942440033
vt -3.3610219955 0.0942440033
vt -3.3610219955 0.0628309771
vt -3.2827360630 0.1256549060
vt -4.4479207993 0.0562970005
vt -4.4323220253 0.0394609496
vt -4.3711590767 0.0314069912
vt -4.4270858765 0.0284850001
vt -4.4254050255 0.0172949992
vt -4.1858291626 -0.0000090000
vt -4.4254598618 0.0116949603
vt -4.4255180359 0.0059369798
vt -4.4255781174 -0.0000140000
vt -2.8021171093 0.0314069912
vt -2.7473239899 -0.0000160000
vt -2.6548459530 0.0314069912
vt -2.5075759888 0.0000000000
vt -2.5075759888 0.0426679812
vt -2.6548459530 0.0628309771
vt -3.9641408920 0.0628309771
vt -3.7606320381 0.0628309771
vt -3.5473229885 0.0628309771
vt -2.8021171093 0.0628309771
vt 0.0000000000 0.0189149901
vt 0.0000000000 0.0000000000
vt 0.0228309594 0.0181939602
vt 0.0150089804 0.0000340000
vt 0.0307099801 0.0000040000
vt 0.0568909608 0.0000030000
vt 0.0684939623 0.0181939602
vt 0.0228309594 0.0363869593
vt 0.0684939623 0.0363869593
vt 0.0228309594 0.0545809790
vt 0.0684939623 0.0545809790
vt 0.0152669502 0.0727479979
vt 0.0304479506 0.0727729723
vt 0.0563929603 0.0727719590
vt 0.1013929993 0.0727729723
vt 0.1141569987 0.0545809790
vt 0.1484050006 0.0545809790
vt 0.1484050006 0.0363869593
vt 0.1826519072 0.0363869593
vt 0.1019299999 0.0000020000
vt 0.1141569987 0.0181939602
vt 0.1141569987 0.0363869593
vt 0.1484050006 0.0181939602
vt 0.1826519072 0.0000020000
vt 0.0000000000 0.0727749988
vt 0.0000000000 0.0538599417
vt 0.0000000000 0.0363869593
vt 0.1826519072 0.0181939602
vt 0.1826519072 0.0545809790
vt 0.0000000000 0.1243169978
vt 0.0000000000 0.0920069814
vt 0.0070769782 0.1243169978
vt 0.0106859803 0.0932379887
vt 0.0141739799 0.1243169978
vt 0.0212679505 0.1243169978
vt 0.0212679505 0.0819149613
vt 0.0106859803 0.0621590018
vt 0.0212679505 0.0424019583
vt 0.0106859803 0.0310789905
vt 0.0212679505 0.0000000000
vt 0.0141849499 0.0000000000
vt 0.0070829978 0.0000000000
vt 0.0000000000 0.0323109590
vt 0.0000000000 0.0000000000
vt 0.0000000000 0.0621590018
vt -0.0040149679 0.1131950021
vt -0.0024509421 0.0844869614
vt 0.0216919705 0.0871250033
vt 0.0229319893 0.0620499812
vt 0.0452439710 0.0603549406
vt 0.0229319893 0.0310249906
vt 0.0618519709 0.0323770009
vt 0.0665499493 0.0169969704
vt 0.0682239532 0.0000000000
vt -0.0002860000 0.0297899805
vt -0.0011449450 0.0573089682
vt 0.0000000000 0.0423839614
vt 0.0000000000 0.0000000000
vt 0.3075670004 0.0310660005
vt 0.5553460121 0.0000000000
vt 1.1872060299 0.0310660005
vt 1.1107150316 0.0000000000
vt 1.6660560369 0.0000000000
vt 1.2834409475 0.0310660005
vt 1.6660560369 0.0298329499
vt 1.6660560369 0.0574079715
vt 1.2834409475 0.0621320009
vt 1.6660560369 0.0846689865
vt 1.2834409475 0.0931980014
vt 1.6660749912 0.1134850010
vt 1.6562459469 0.1242640018
vt 0.8281210065 0.1242640018
vt 1.1872060299 0.0931980014
vt 1.1872060299 0.0621320009
vt 0.3075670004 0.0931980014
vt 0.0000000000 0.1242640018
vt 0.0000000000 0.0818799734
vt 0.3075670004 0.0621320009
vt 20.0541496277 0.1342709959
vt 19.7192707062 0.1342719942
vt 19.9236106873 0.1007020026
vt 19.7192707062 0.0992859602
vt 19.9236106873 0.0671349689
vt 19.7192707062 0.0671359822
vt 19.7192707062 0.0349859484
vt 19.9236106873 0.0335669518
vt 19.7192707062 0.0000000000
vt 20.0333690643 0.0000090000
vt 20.1583099365 0.0335669518
vt 20.3474597931 0.0000010000
vt 20.3930206299 0.0335669518
vt 20.5975608826 0.0335669518
vt 20.5975608826 0.0671339631
vt 20.8282203674 0.0671339631
vt 20.5975608826 0.1007020026
vt 20.8282203674 0.1007020026
vt 20.7238903046 0.1342709959
vt 21.0588302612 0.1293178946
vt 21.0587692261 0.1342719942
vt 20.6615600586 0.0000080000
vt 20.8282203674 0.0335669518
vt 21.0119094849 0.0366509482
vt 21.0357704163 0.0626449510
vt 20.9756603241 0.0000010000
vt 20.9856491089 0.0108019700
vt 21.0524902344 0.0893589780
vt 21.0571994781 0.1038639992
vt 21.0588798523 0.1197609976
vt 21.0588703156 0.1244850010
vt 20.3890209198 0.1342719942
vt 20.3930206299 0.1007020026
vt 20.3930206299 0.0671349689
vt 20.1583099365 0.1007020026
vt 20.1583099365 0.0671349689
vt -0.0103059998 0.1412049979
vt -0.0148749901 0.1268790066
vt 0.0195359495 0.1411280036
vt 0.0221689902 0.1152449995
vt 0.0539469682 0.1410389990
vt 0.0539469682 0.1128360033
vt 0.0551210009 0.1440629065
vt 0.0787670016 0.1164000034
vt 0.0583219491 0.0991629884
vt 0.0883569717 0.0564499386
vt 0.0280099493 0.1585289985
vt 0.0000000000 0.1692218930
vt -0.0052699442 0.1552810073
vt 4.1732711792 0.0336509906
vt 4.1985011101 0.0252909604
vt 4.1732711792 0.0505819917
vt 4.2235031128 0.0336519405
vt 4.2235031128 0.0505819917
vt 4.1732711792 0.0169309899
vt 4.2235031128 0.0000000000
vt 4.2235031128 0.0169299804
vt 4.1732711792 0.0000000000
vt -0.0513879582 0.1330849975
vt -0.0148949604 0.1195089966
vt -0.0294519607 0.1519079953
vt -0.0103269797 0.1331149042
vt -0.0052829981 0.1464840025
vt 0.0000000000 0.1597238928
vt -0.0348809883 0.1726550013
vt -0.0589050017 0.1519079953
vt -0.0589050017 0.1843059957
vt -0.0837689564 0.1645130068
vt -0.0676459596 0.1937610060
vt -0.0883569717 0.2491029948
vt -2.4955871105 0.0000000000
vt -2.3399009705 0.0000000000
vt -2.4920799732 0.0166599695
vt -2.4886031151 0.0333269797
vt -2.4851560593 0.0499999486
vt -2.3302190304 0.0499999486
vt -2.1848599911 0.0000000000
vt -2.1769831181 0.0499999486
vt -2.0305840969 0.0000000000
vt -2.0251030922 0.0499999486
vt -1.8756179810 0.0000000000
vt -1.8718140125 0.0499999486
vt -1.7181529999 0.0000000000
vt -1.7143720388 0.0499999486
vt -1.5630990267 0.0000000000
vt -1.5580589771 0.0499999486
vt -1.4102640152 0.0000000000
vt -1.4043940306 0.0499999486
vt -1.2583210468 0.0000000000
vt -1.2518069744 0.0499999486
vt -0.9482629895 0.0000000000
vt -0.9444559813 0.0499999486
vt -0.6363520026 0.0000000000
vt -0.6368740201 0.0499999486
vt -0.3283750117 0.0499999486
vt -0.3252590001 0.0000000000
vt -0.0177369695 0.0499999486
vt -0.0138239805 0.0000000000
vt 0.0000000000 0.0039389720
vt 0.5550889969 0.0039389720
vt 0.0000000000 0.0539389811
vt 0.5696079731 0.0539389811
vt 1.1101980209 0.0039389720
vt 1.1392270327 0.0539389811
vt 1.7051470280 0.0360699818
vt 1.7087830305 0.0539389811
vt 1.7015310526 0.0181979500
vt 1.6652510166 0.0039389720
vt 1.6762249470 0.0035379520
vt 1.6871390343 0.0023299451
vt 1.6979349852 0.0003220000
vt -0.0604229495 0.0499999486
vt -0.0669260025 0.0128039699
vt -0.0402689502 0.0499999486
vt 0.0000000000 0.0000000000
vt -0.0201279502 0.0499999486
vt 0.0000000000 0.0499999486
vt -0.0675399825 0.0085589876
vt -0.0679099485 0.0042869439
vt -0.0680329725 0.0000000000
vt -2.4955871105 0.0000000000
vt -2.3399009705 0.0000000000
vt -2.4920799732 0.0166599695
vt -2.4886031151 0.0333269797
vt -2.4851560593 0.0499999486
vt -2.3302719593 0.0499999486
vt -2.1848599911 0.0000000000
vt -2.1769919395 0.0499999486
vt -2.0305840969 0.0000000000
vt -2.0252621174 0.0499999486
vt -1.8756179810 0.0000000000
vt -1.8723030090 0.0499999486
vt -1.7181529999 0.0000000000
vt -1.7152639627 0.0499999486
vt -1.5630990267 0.0000000000
vt -1.5590139627 0.0499999486
vt -1.4102640152 0.0000000000
vt -1.4050649405 0.0499999486
vt -1.2583210468 0.0000000000
vt -1.2524429560 0.0499999486
vt -0.9482629895 0.0000000000
vt -0.9449359775 0.0499999486
vt -0.6363520026 0.0000000000
vt -0.6371859908 0.0499999486
vt -0.3285309970 0.0499999486
vt -0.3252590001 0.0000000000
vt -0.0177369695 0.0499999486
vt -0.0138239805 0.0000000000
vt 0.0000000000 0.0039389720
vt 0.5550889969 0.0039389720
vt 0.0000000000 0.0539389811
vt 0.5696079731 0.0539389811
vt 1.1101980209 0.0039389720
vt 1.1392270327 0.0539389811
vt 1.7051470280 0.0360699818
vt 1.7087830305 0.0539389811
vt 1.7015310526 0.0181979500
vt 1.6652510166 0.0039389720
vt 1.6762249470 0.0035379520
vt 1.6871390343 0.0023299451
vt 1.6979349852 0.0003220000
vt -0.0604229495 0.0499999486
vt -0.0669260025 0.0128039699
vt -0.0402689502 0.0499999486
vt 0.0000000000 0.0000000000
vt -0.0201279502 0.0499999486
vt 0.0000000000 0.0499999486
vt -0.0675399825 0.0085589876
vt -0.0679099485 0.0042869439
vt -0.0680329725 0.0000000000
vt -3.0537550449 -11.4387302399
vt -3.2180159092 -11.7363100052
vt -3.1696391106 -11.7521295547
vt -3.1823940277 -11.7488403320
vt -3.1782069206 -11.7501802444
vt -3.1018710136 -11.4227895737
vt -2.9339480400 -11.1253204346
vt -2.9818398952 -11.1092700958
vt -2.8110289574 -10.8119201660
vt -2.8587379456 -10.7957496643
vt -2.6858301163 -10.4985198975
vt -2.7333950996 -10.4822301865
vt -3.1739509106 -11.7512702942
vt -3.0537550449 -3.4590818882
vt -3.2180159092 -3.7566690445
vt -3.1696391106 -3.7724850178
vt -3.1823940277 -3.7691919804
vt -3.1782069206 -3.7705309391
vt -3.1018710136 -3.4431469440
vt -2.9339480400 -3.1456789970
vt -2.9818398952 -3.1296260357
vt -2.8110289574 -2.8322749138
vt -2.8587379456 -2.8161048889
vt -2.6858301163 -2.5188720226
vt -2.7333950996 -2.5025830269
vt -3.1739509106 -3.7716300488
vt -0.0035049911 0.0198609792
vt 0.0337539911 0.0600439906
vt -0.0021119709 0.0457369611
vt 0.0325169489 0.0618579909
vt -0.0009790000 0.0706920028
vt 0.0325169489 0.0927869603
vt -0.0002440000 0.0961700007
vt 0.0200619604 0.1237158999
vt 0.0000100000 0.1237158999
vt 0.0488449894 0.0825769901
vt 0.0581009910 0.1090700030
vt 0.0589109585 0.1138480008
vt 0.0597029887 0.1187250018
vt 0.0402639508 0.1237158999
vt 0.0604739711 0.1237158999
vt 20.9619693756 0.1143520027
vt 20.6479701996 0.1143459976
vt 20.9804401398 0.0942170024
vt 20.8133106232 0.0857669711
vt 21.0184001923 0.0523859784
vt 20.8133106232 0.0571799800
vt 20.8133106232 0.0285109803
vt 20.5837802887 0.0571799800
vt 20.5837802887 0.0285269599
vt 20.3783302307 0.0571799800
vt 20.3783302307 0.0285419803
vt 20.1447601318 0.0571799800
vt 20.1447601318 0.0285589602
vt 19.9111804962 0.0571799800
vt 19.9111804962 0.0285749994
vt 19.7059402466 0.0389449485
vt 19.7059402466 0.0000000000
vt 20.5837802887 0.0857669711
vt 20.3339595795 0.1143539995
vt 20.3783302307 0.0857669711
vt 20.1447601318 0.0857669711
vt 20.0199508667 0.1143459976
vt 19.9111804962 0.0857669711
vt 19.7059402466 0.1143539995
vt 19.7059402466 0.0754089877
vt 20.0401706696 0.0000000000
vt 20.3743991852 0.0000000000
vt 20.7086200714 0.0000000000
vt 21.0428504944 0.0000000000
vt 21.0335807800 0.0284949504
vt -2.8910288811 -0.0000020000
vt -2.6726000309 0.0000000000
vt -2.8376550674 0.0319409892
vt -2.6726000309 0.0334360003
vt -2.8376550674 0.0638849735
vt -2.6726000309 0.0638849735
vt -2.6726000309 0.0943349525
vt -2.8376550674 0.0958269835
vt -2.6726000309 0.1277710050
vt -2.8910288811 0.1277710050
vt -3.0281670094 0.0958269835
vt -3.1094589233 0.1277710050
vt -3.2186779976 0.0958269835
vt -3.3278961182 0.1277710050
vt -3.3837730885 0.0958269835
vt -3.5463259220 0.1277710050
vt -3.5742640495 0.0958269835
vt -3.7647559643 0.1277710050
vt -3.7647559643 0.0842599794
vt -3.5742640495 0.0638839602
vt -3.7647559643 0.0435109697
vt -3.5742640495 0.0319409892
vt -3.7647559643 0.0000000000
vt -3.5463259220 0.0000000000
vt -3.3837730885 0.0319409892
vt -3.3278961182 0.0000000000
vt -3.2186779976 0.0319409892
vt -3.1094589233 -0.0000010000
vt -3.0281670094 0.0319409892
vt -3.0281670094 0.0638849735
vt -3.2186779976 0.0638849735
vt -3.3837730885 0.0638849735
vt 3.0160229206 0.0000000000
vt 3.1698279381 0.0000000000
vt 3.0250720978 0.0187059604
vt 3.1552441120 0.0310660005
vt 3.0404870510 0.0384359919
vt 3.1552441120 0.0621320009
vt 3.0725049973 0.0677779913
vt 3.1552441120 0.0931980014
vt 3.1069009304 0.0949800014
vt 3.1419370174 0.1242630035
vt 3.2896869183 0.1242630035
vt 3.2944650650 0.0931980014
vt 3.4372949600 0.1242590025
vt 3.4336850643 0.0931980014
vt 3.5729060173 0.0931980014
vt 3.5729060173 0.0621320009
vt 3.7743239403 0.0621320009
vt 3.7743239403 0.0310660005
vt 3.9757409096 0.0310660005
vt 3.9406158924 0.0000000000
vt 4.0954351425 0.0000000000
vt 3.2944650650 0.0310660005
vt 3.3235080242 0.0000000000
vt 3.4336850643 0.0310660005
vt 3.4774610996 0.0000000000
vt 3.5729060173 0.0310660005
vt 3.6316239834 0.0000000000
vt 3.7860128880 0.0000000000
vt 4.1771578789 0.0310660005
vt 4.2504811287 0.0000000000
vt 4.3785758018 0.0310660005
vt 4.5611319542 0.0000000000
vt 4.5799927711 0.0310660005
vt 4.7814111710 0.0310660005
vt 4.5799927711 0.0621320009
vt 4.7814111710 0.0621320009
vt 4.5799927711 0.0931980014
vt 4.7814111710 0.0931980014
vt 4.6140317917 0.1242609993
vt 4.9080548286 0.1242579967
vt 4.9828281403 0.0931980014
vt 5.2020859718 0.1242559999
vt 5.1842460632 0.0931980014
vt 5.4961180687 0.1242640018
vt 5.4961180687 0.0818799734
vt 5.1842460632 0.0621320009
vt 5.4961180687 0.0423839614
vt 5.1842460632 0.0310660005
vt 5.4961180687 0.0000000000
vt 5.1842918396 0.0000000000
vt 4.9828281403 0.0310660005
vt 4.8725190163 0.0000000000
vt 4.3785758018 0.0931980014
vt 4.3200430870 0.1242600009
vt 4.1771578789 0.0931980014
vt 4.0259637833 0.1242640018
vt 3.9757409096 0.0931980014
vt 3.7318899632 0.1242590025
vt 3.7743239403 0.0931980014
vt 3.5846450329 0.1242529973
vt 4.9828281403 0.0621320009
vt 4.3785758018 0.0621320009
vt 4.1771578789 0.0621320009
vt 3.9757409096 0.0621320009
vt 3.4336850643 0.0621320009
vt 3.2944650650 0.0621320009
vt 1.8286900520 0.0750879571
vt 2.0043189526 0.0741579533
vt 1.8286700249 0.1001299992
vt 2.0043189526 0.1112369969
vt 1.8468350172 0.1178110018
vt 2.1799690723 0.1112369969
vt 2.3556189537 0.1112369969
vt 2.3556189537 0.0741579533
vt 2.5312690735 0.0741579533
vt 2.5312690735 0.0370789692
vt 2.7069180012 0.0370789692
vt 2.9684720039 0.0000000000
vt 2.8825678825 0.0370789692
vt 3.5383551121 0.0000000000
vt 3.0582180023 0.0370789692
vt 3.2587931156 0.0370789692
vt 3.0582180023 0.0741579533
vt 3.2587931156 0.0741579533
vt 3.0582180023 0.1112369969
vt 3.2587931156 0.1112369969
vt 2.7018280029 0.1179409996
vt 3.5568211079 0.1178070009
vt 3.4593679905 0.1112369969
vt 3.5583050251 0.0876849815
vt 3.4593679905 0.0741579533
vt 3.5556969643 0.0576949716
vt 3.4593679905 0.0370789692
vt 3.5487079620 0.0284119807
vt 1.8286960125 0.0500589609
vt 2.0043189526 0.0370789692
vt 2.1799690723 0.0370789692
vt 2.3985829353 0.0000000000
vt 2.3556189537 0.0370789692
vt 1.8286999464 0.0250289999
vt 1.8287030458 0.0000000000
vt 2.5312690735 0.1112369969
vt 2.7069180012 0.1112369969
vt 2.8825678825 0.1112369969
vt 2.8825678825 0.0741579533
vt 2.1799690723 0.0741579533
vt 2.7069180012 0.0741579533
vt -4.0062570572 0.0000080000
vt -3.7450180054 0.0000000000
vt -3.9401180744 0.0284090005
vt -3.7450180054 0.0387019515
vt -3.9401180744 0.0568189584
vt -3.7450180054 0.0749479532
vt -3.9401180744 0.0852339789
vt -3.7450180054 0.1136500016
vt -4.0062570572 0.1136500016
vt -4.1352171898 0.0852339789
vt -4.2674832344 0.1136500016
vt -4.3319668770 0.0852339789
vt -4.5287160873 0.1136500016
vt -4.5287160873 0.0750849769
vt -4.3319668770 0.0568189584
vt -4.5287160873 0.0385649800
vt -4.3319668770 0.0284090005
vt -4.5287160873 0.0000000000
vt -4.2674841881 0.0000120000
vt -4.1352171898 0.0284090005
vt -4.1352171898 0.0568189584
vt -0.2498359978 0.1014870033
vt -0.2980119884 0.1014870033
vt -0.2745299935 0.0761129782
vt -0.2980119884 0.0749289915
vt -0.2745299935 0.0507429801
vt -0.2980119884 0.0507439896
vt -0.2745299935 0.0380539782
vt -0.2980119884 0.0265579801
vt -0.2745299935 0.0253689792
vt -0.2745299935 0.0126839802
vt -0.2442138940 0.0126839802
vt -0.2464410067 0.0000000000
vt -0.2138970047 0.0126839802
vt -0.1950639933 0.0000010000
vt -0.1835799962 0.0126839802
vt -0.1440159976 -0.0000020000
vt -0.1532640010 0.0126839802
vt -0.1234619990 0.0126839802
vt -0.1532640010 0.0253689792
vt -0.1234619990 0.0253689792
vt -0.1532640010 0.0380539782
vt -0.1234619990 0.0380539782
vt -0.1234619990 0.0507399999
vt -0.0936610103 0.0341229998
vt -0.0936610103 0.0673639700
vt -0.2980119884 0.0000000000
vt -0.0936610103 0.0000000000
vt -0.1234619990 0.0761129782
vt -0.0936610103 0.1014870033
vt -0.1198820025 0.1014069989
vt -0.1507489979 0.1014819965
vt -0.1532640010 0.0761129782
vt -0.1532640010 0.0507409498
vt -0.1835799962 0.0507409498
vt -0.1835799962 0.0380539782
vt -0.2138970047 0.0380539782
vt -0.1835799962 0.0253689792
vt -0.2138970047 0.0253689792
vt -0.1835799962 0.0761129782
vt -0.2014870048 0.1014859974
vt -0.2138970047 0.0761129782
vt -0.2442138940 0.0761129782
vt -0.2442138940 0.0507429801
vt -0.2138970047 0.0507419705
vt -0.2442138940 0.0380539782
vt -0.2442138940 0.0253689792
vt -0.0687490106 0.0361819789
vt -0.0905179903 0.0266569797
vt -0.0687490106 0.0000000000
vt -0.1122869998 0.0266569797
vt -0.1095369980 0.0000010000
vt -0.1340550035 0.0266569797
vt -0.1497540027 0.0000010000
vt -0.1558240056 0.0266569797
vt -0.1895799935 0.0000040000
vt -0.1926629990 0.0266569797
vt -0.2295020074 0.0000000000
vt -0.2295020074 0.0362729989
vt -0.1926629990 0.0399859510
vt -0.1926629990 0.0533139706
vt -0.1558240056 0.0399859510
vt -0.1558240056 0.0533139706
vt -0.1340550035 0.0399859510
vt -0.1340550035 0.0533139706
vt -0.1122869998 0.0399859510
vt -0.1122869998 0.0533139706
vt -0.0905179903 0.0399859510
vt -0.0905179903 0.0533139706
vt -0.0687490106 0.0704439804
vt -0.0687490106 0.1066249982
vt -0.0905179903 0.0799700022
vt -0.0905179903 0.0666419789
vt -0.1122869998 0.0666419789
vt -0.1340550035 0.0666419789
vt -0.1558240056 0.0666419789
vt -0.1926629990 0.0666419789
vt -0.2295020074 0.0703519508
vt -0.1095810011 0.1066259965
vt -0.1122869998 0.0799700022
vt -0.1503060013 0.1066249982
vt -0.1340550035 0.0799700022
vt -0.1558240056 0.0799700022
vt -0.1903290004 0.1066249982
vt -0.1926629990 0.0799700022
vt -0.2295020074 0.1066249982
vt -3.6037979126 0.0000000000
vt -3.6037979126 0.0247739498
vt -3.6207718849 0.0000000000
vt -3.6293079853 0.0368409716
vt -3.6547119617 0.0247719791
vt -3.6547119617 0.0489099585
vt -3.6377420425 0.0736809894
vt -3.6547119617 0.0736809894
vt -3.6037979126 0.0489069782
vt -3.6037979126 0.0736809894
vt -3.6207718849 0.0736809894
vt -3.6547119617 0.0000000000
vt -3.6377420425 0.0000000000
vt 2.4355990887 0.1242640018
vt 2.2829260826 0.1242569983
vt 2.4660120010 0.0990709588
vt 2.3000559807 0.0931980014
vt 2.4934899807 0.0725150108
vt 2.3000559807 0.0621320009
vt 2.5047020912 0.0573619604
vt 2.5123438835 0.0400729701
vt 2.3000559807 0.0310660005
vt 2.5142009258 0.0204159599
vt 2.3537709713 0.0000000000
vt 2.5095529556 0.0000000000
vt 2.1309869289 0.1242590025
vt 2.0859110355 0.0931980014
vt 2.0859110355 0.0621320009
vt 2.0859110355 0.0310660005
vt 2.1985659599 0.0000000000
vt 2.0439240932 0.0000000000
vt 1.8717659712 0.0310660005
vt 1.8894020319 0.0000000000
vt 1.7347229719 0.0000000000
vt 1.6576199532 0.0310660005
vt 1.5799299479 0.0000000000
vt 1.4434750080 0.0310660005
vt 1.4248559475 0.0000000000
vt 1.2696510553 0.0000000000
vt 1.2293299437 0.0310660005
vt 1.0151849985 0.0310660005
vt 1.0151849985 0.0621320009
vt 0.8010399938 0.0621320009
vt 0.8010399938 0.0931980014
vt 0.6046310067 0.0931980014
vt 0.6198139787 0.1242590025
vt 0.4082230031 0.0931980014
vt 0.3176099956 0.1242370009
vt 0.2118148953 0.0931980014
vt 0.0154059501 0.1242640018
vt 0.0154059501 0.0818799734
vt 1.9797320366 0.1242619976
vt 1.8717659712 0.0931980014
vt 1.8717659712 0.0621320009
vt 1.8286210299 0.1242609993
vt 1.6576199532 0.0931980014
vt 1.6576199532 0.0621320009
vt 1.6775269508 0.1242600009
vt 1.5264110565 0.1242619976
vt 1.4434750080 0.0931980014
vt 1.2242640257 0.1242569983
vt 1.2293299437 0.0931980014
vt 1.0151849985 0.0931980014
vt 1.2293299437 0.0621320009
vt 0.9220179915 0.1242619976
vt 0.2118148953 0.0621320009
vt 0.0154059501 0.0423839614
vt 0.2118148953 0.0310660005
vt 0.0154059501 0.0000000000
vt 0.3286339939 0.0000000000
vt 0.4082230031 0.0310660005
vt 0.6427839994 0.0000000000
vt 0.6046310067 0.0310660005
vt 0.8010399938 0.0310660005
vt 0.6046310067 0.0621320009
vt 0.9575260282 0.0000000000
vt 0.4082230031 0.0621320009
vt 1.4434750080 0.0621320009
vt -3.6671130657 0.0000000000
vt -3.6284320354 0.0130249802
vt -3.6852838993 0.0000000000
vt -3.6228570938 0.0250359699
vt -3.6852838993 0.0400629602
vt -3.6069619656 0.0436729714
vt -3.5677180290 0.0715339705
vt -3.6489410400 0.0000000000
vt -3.6307671070 0.0000000000
vt -3.4820179939 0.1177629977
vt -3.5834109783 0.0883219764
vt -3.6852838993 0.0777009726
vt -3.5497999191 0.1177629977
vt -3.6175549030 0.1177629977
vt -3.6852838993 0.1177629977
vt -0.2471670061 0.0789169595
vt -0.2471670061 0.0523849688
vt -0.2198199928 0.0788829923
vt -0.1996619999 0.0591869913
vt -0.1917719990 0.0789119601
vt -0.1656560004 0.0789139792
vt -0.1521559060 0.0591869913
vt -0.1415400058 0.0789159536
vt -0.1046499982 0.0591869913
vt -0.0978779718 0.0789169595
vt -0.0571449883 0.0521189496
vt -0.0571449883 0.0789169595
vt -0.1996619999 0.0394579694
vt -0.2471670061 0.0265319906
vt -0.1996619999 0.0197289493
vt -0.2471670061 0.0000000000
vt -0.2000650018 0.0000040000
vt -0.1530060023 0.0000000000
vt -0.1521559060 0.0197289493
vt -0.1521559060 0.0394579694
vt -0.1053510010 0.0000000000
vt -0.1046499982 0.0197289493
vt -0.1046499982 0.0394579694
vt -0.0571449883 0.0000000000
vt -0.0571449883 0.0267969891
vt -2.5075759888 0.0829870105
vt -2.5075759888 0.1256549060
vt -2.6548459530 0.0942440033
vt -2.7659599781 0.1256529987
vt -2.8021171093 0.0942440033
vt -3.0243489742 0.1256549060
vt -2.9884181023 0.0942440033
vt -3.1747200489 0.0942440033
vt -2.9884181023 0.0628309771
vt -3.1747200489 0.0628309771
vt -2.9884181023 0.0314069912
vt -3.1747200489 0.0314069912
vt -2.9870750904 -0.0000020000
vt -3.2268269062 -0.0000160000
vt -3.3610219955 0.0314069912
vt -3.4665749073 -0.0000060000
vt -3.5473229885 0.0314069912
vt -3.7063269615 -0.0000140000
vt -3.7606320381 0.0314069912
vt -3.9460749626 -0.0000100000
vt -3.9641408920 0.0314069912
vt -4.1676502228 0.0314069912
vt -4.1676502228 0.0628309771
vt -4.3711590767 0.0628309771
vt -4.3711590767 0.0942440033
vt -4.4874367714 0.0818469524
vt -4.5746679306 0.1256549060
vt -4.3162841797 0.1256580055
vt -4.1676502228 0.0942440033
vt -4.0578951836 0.1256549060
vt -3.9641408920 0.0942440033
vt -3.7995090485 0.1256559938
vt -3.7606320381 0.0942440033
vt -3.5411219597 0.1256549060
vt -3.5473229885 0.0942440033
vt -3.3610219955 0.0942440033
vt -3.3610219955 0.0628309771
vt -3.2827360630 0.1256549060
vt -4.4479207993 0.0562970005
vt -4.4323220253 0.0394609496
vt -4.3711590767 0.0314069912
vt -4.4270858765 0.0284850001
vt -4.4254050255 0.0172949992
vt -4.1858291626 -0.0000090000
vt -4.4254598618 0.0116949603
vt -4.4255180359 0.0059369798
vt -4.4255781174 -0.0000140000
vt -2.8021171093 0.0314069912
vt -2.7473239899 -0.0000160000
vt -2.6548459530 0.0314069912
vt -2.5075759888 0.0000000000
vt -2.5075759888 0.0426679812
vt -2.6548459530 0.0628309771
vt -3.9641408920 0.0628309771
vt -3.7606320381 0.0628309771
vt -3.5473229885 0.0628309771
vt -2.8021171093 0.0628309771
vt -0.0035049911 0.0198609792
vt 0.0337539911 0.0600439906
vt -0.0021119709 0.0457369611
vt 0.0325169489 0.0618579909
vt -0.0009790000 0.0706920028
vt 0.0325169489 0.0927869603
vt -0.0002440000 0.0961700007
vt 0.0200619604 0.1237158999
vt 0.0000100000 0.1237158999
vt 0.0488449894 0.0825769901
vt 0.0581009910 0.1090700030
vt 0.0589109585 0.1138480008
vt 0.0597029887 0.1187250018
vt 0.0402639508 0.1237158999
vt 0.0604739711 0.1237158999
vt 20.9619693756 0.1143520027
vt 20.6479701996 0.1143459976
vt 20.9804401398 0.0942170024
vt 20.8133106232 0.0857669711
vt 21.0184001923 0.0523859784
vt 20.8133106232 0.0571799800
vt 20.8133106232 0.0285109803
vt 20.5837802887 0.0571799800
vt 20.5837802887 0.0285269599
vt 20.3783302307 0.0571799800
vt 20.3783302307 0.0285419803
vt 20.1447601318 0.0571799800
vt 20.1447601318 0.0285589602
vt 19.9111804962 0.0571799800
vt 19.9111804962 0.0285749994
vt 19.7059402466 0.0389449485
vt 19.7059402466 0.0000000000
vt 20.5837802887 0.0857669711
vt 20.3339595795 0.1143539995
vt 20.3783302307 0.0857669711
vt 20.1447601318 0.0857669711
vt 20.0199508667 0.1143459976
vt 19.9111804962 0.0857669711
vt 19.7059402466 0.1143539995
vt 19.7059402466 0.0754089877
vt 20.0401706696 0.0000000000
vt 20.3743991852 0.0000000000
vt 20.7086200714 0.0000000000
vt 21.0428504944 0.0000000000
vt 21.0335807800 0.0284949504
vt -2.8910288811 -0.0000020000
vt -2.6726000309 0.0000000000
vt -2.8376550674 0.0319409892
vt -2.6726000309 0.0334360003
vt -2.8376550674 0.0638849735
vt -2.6726000309 0.0638849735
vt -2.6726000309 0.0943349525
vt -2.8376550674 0.0958269835
vt -2.6726000309 0.1277710050
vt -2.8910288811 0.1277710050
vt -3.0281670094 0.0958269835
vt -3.1094589233 0.1277710050
vt -3.2186779976 0.0958269835
vt -3.3278961182 0.1277710050
vt -3.3837730885 0.0958269835
vt -3.5463259220 0.1277710050
vt -3.5742640495 0.0958269835
vt -3.7647559643 0.1277710050
vt -3.7647559643 0.0842599794
vt -3.5742640495 0.0638839602
vt -3.7647559643 0.0435109697
vt -3.5742640495 0.0319409892
vt -3.7647559643 0.0000000000
vt -3.5463259220 0.0000000000
vt -3.3837730885 0.0319409892
vt -3.3278961182 0.0000000000
vt -3.2186779976 0.0319409892
vt -3.1094589233 -0.0000010000
vt -3.0281670094 0.0319409892
vt -3.0281670094 0.0638849735
vt -3.2186779976 0.0638849735
vt -3.3837730885 0.0638849735
vt 0.3088850081 0.0000000000
vt 0.4658510089 0.0000000000
vt 0.3181129992 0.0187059604
vt 0.4487119913 0.0310660005
vt 0.3338420093 0.0384369418
vt 0.4487119913 0.0621320009
vt 0.3665330112 0.0677799508
vt 0.4487119913 0.0931980014
vt 0.4016680121 0.0949829817
vt 0.4374470115 0.1242640018
vt 0.5879430175 0.1242630035
vt 0.5885390043 0.0931980014
vt 0.7283660173 0.0931980014
vt 0.7283660173 0.0621320009
vt 0.8681929708 0.0621320009
vt 0.8681929708 0.0310660005
vt 1.0248069763 0.0310660005
vt 0.9337210059 0.0000000000
vt 1.0888309479 0.0000000000
vt 0.5885390043 0.0310660005
vt 0.6222590208 0.0000000000
vt 0.7283660173 0.0310660005
vt 0.7781969905 0.0000000000
vt 1.1814219952 0.0310660005
vt 1.2436310053 0.0000000000
vt 1.3380359411 0.0310660005
vt 1.3985049725 0.0000000000
vt 1.4946509600 0.0310660005
vt 1.5536290407 0.0000000000
vt 1.6512650251 0.0310660005
vt 1.8643980026 0.0000000000
vt 1.8078800440 0.0310660005
vt 2.1211090088 0.0310660005
vt 1.8078800440 0.0621320009
vt 2.1211090088 0.0621320009
vt 1.8078800440 0.0931980014
vt 2.1211090088 0.0931980014
vt 1.9174580574 0.1242609993
vt 2.2115550041 0.1242579967
vt 2.4604399204 0.0931980014
vt 2.5056629181 0.1242559999
vt 2.7997710705 0.1242640018
vt 2.7997710705 0.0818799734
vt 2.4604399204 0.0621320009
vt 2.7997710705 0.0423839614
vt 2.4604399204 0.0310660005
vt 2.7997710705 0.0000000000
vt 2.4878160954 0.0000000000
vt 2.1759119034 0.0000000000
vt 1.6234029531 0.1242590025
vt 1.6512650251 0.0931980014
vt 1.6512650251 0.0621320009
vt 1.4946509600 0.0931980014
vt 1.3292030096 0.1242609993
vt 1.3380359411 0.0931980014
vt 1.1814219952 0.0931980014
vt 1.3380359411 0.0621320009
vt 1.1814219952 0.0621320009
vt 1.0347559452 0.1242489964
vt 1.0248069763 0.0931980014
vt 1.0248069763 0.0621320009
vt 0.8865299821 0.1242429987
vt 0.8681929708 0.0931980014
vt 0.7376189828 0.1242550015
vt 1.4946509600 0.0621320009
vt 0.5885390043 0.0621320009
vt 1.8286900520 0.0750879571
vt 2.0043189526 0.0741579533
vt 1.8286700249 0.1001299992
vt 2.0043189526 0.1112369969
vt 1.8468350172 0.1178110018
vt 2.1799690723 0.1112369969
vt 2.3556189537 0.1112369969
vt 2.3556189537 0.0741579533
vt 2.5312690735 0.0741579533
vt 2.5312690735 0.0370789692
vt 2.7069180012 0.0370789692
vt 2.9684720039 0.0000000000
vt 2.8825678825 0.0370789692
vt 3.5383551121 0.0000000000
vt 3.0582180023 0.0370789692
vt 3.2587931156 0.0370789692
vt 3.0582180023 0.0741579533
vt 3.2587931156 0.0741579533
vt 3.0582180023 0.1112369969
vt 3.2587931156 0.1112369969
vt 2.7018280029 0.1179409996
vt 3.5568211079 0.1178070009
vt 3.4593679905 0.1112369969
vt 3.5583050251 0.0876849815
vt 3.4593679905 0.0741579533
vt 3.5556969643 0.0576949716
vt 3.4593679905 0.0370789692
vt 3.5487079620 0.0284119807
vt 1.8286960125 0.0500589609
vt 2.0043189526 0.0370789692
vt 2.1799690723 0.0370789692
vt 2.3985829353 0.0000000000
vt 2.3556189537 0.0370789692
vt 1.8286999464 0.0250289999
vt 1.8287030458 0.0000000000
vt 2.5312690735 0.1112369969
vt 2.7069180012 0.1112369969
vt 2.8825678825 0.1112369969
vt 2.8825678825 0.0741579533
vt 2.1799690723 0.0741579533
vt 2.7069180012 0.0741579533
vt -4.0062570572 0.0000080000
vt -3.7450180054 0.0000000000
vt -3.9401180744 0.0284090005
vt -3.7450180054 0.0387019515
vt -3.9401180744 0.0568189584
vt -3.7450180054 0.0749479532
vt -3.9401180744 0.0852339789
vt -3.7450180054 0.1136500016
vt -4.0062570572 0.1136500016
vt -4.1352171898 0.0852339789
vt -4.2674832344 0.1136500016
vt -4.3319668770 0.0852339789
vt -4.5287160873 0.1136500016
vt -4.5287160873 0.0750849769
vt -4.3319668770 0.0568189584
vt -4.5287160873 0.0385649800
vt -4.3319668770 0.0284090005
vt -4.5287160873 0.0000000000
vt -4.2674841881 0.0000120000
vt -4.1352171898 0.0284090005
vt -4.1352171898 0.0568189584
vt -0.2498359978 0.1014870033
vt -0.2980119884 0.1014870033
vt -0.2745299935 0.0761129782
vt -0.2980119884 0.0749289915
vt -0.2745299935 0.0507429801
vt -0.2980119884 0.0507439896
vt -0.2745299935 0.0380539782
vt -0.2980119884 0.0265579801
vt -0.2745299935 0.0253689792
vt -0.2745299935 0.0126839802
vt -0.2442138940 0.0126839802
vt -0.2464410067 0.0000000000
vt -0.2138970047 0.0126839802
vt -0.1950639933 0.0000010000
vt -0.1835799962 0.0126839802
vt -0.1440159976 -0.0000020000
vt -0.1532640010 0.0126839802
vt -0.1234619990 0.0126839802
vt -0.1532640010 0.0253689792
vt -0.1234619990 0.0253689792
vt -0.1532640010 0.0380539782
vt -0.1234619990 0.0380539782
vt -0.1234619990 0.0507399999
vt -0.0936610103 0.0341229998
vt -0.0936610103 0.0673639700
vt -0.2980119884 0.0000000000
vt -0.0936610103 0.0000000000
vt -0.1234619990 0.0761129782
vt -0.0936610103 0.1014870033
vt -0.1198820025 0.1014069989
vt -0.1507489979 0.1014819965
vt -0.1532640010 0.0761129782
vt -0.1532640010 0.0507409498
vt -0.1835799962 0.0507409498
vt -0.1835799962 0.0380539782
vt -0.2138970047 0.0380539782
vt -0.1835799962 0.0253689792
vt -0.2138970047 0.0253689792
vt -0.1835799962 0.0761129782
vt -0.2014870048 0.1014859974
vt -0.2138970047 0.0761129782
vt -0.2442138940 0.0761129782
vt -0.2442138940 0.0507429801
vt -0.2138970047 0.0507419705
vt -0.2442138940 0.0380539782
vt -0.2442138940 0.0253689792
vt -0.0687490106 0.0361819789
vt -0.0905179903 0.0266569797
vt -0.0687490106 0.0000000000
vt -0.1122869998 0.0266569797
vt -0.1095369980 0.0000010000
vt -0.1340550035 0.0266569797
vt -0.1497540027 0.0000010000
vt -0.1558240056 0.0266569797
vt -0.1895799935 0.0000040000
vt -0.1926629990 0.0266569797
vt -0.2295020074 0.0000000000
vt -0.2295020074 0.0362729989
vt -0.1926629990 0.0399859510
vt -0.1926629990 0.0533139706
vt -0.1558240056 0.0399859510
vt -0.1558240056 0.0533139706
vt -0.1340550035 0.0399859510
vt -0.1340550035 0.0533139706
vt -0.1122869998 0.0399859510
vt -0.1122869998 0.0533139706
vt -0.0905179903 0.0399859510
vt -0.0905179903 0.0533139706
vt -0.0687490106 0.0704439804
vt -0.0687490106 0.1066249982
vt -0.0905179903 0.0799700022
vt -0.0905179903 0.0666419789
vt -0.1122869998 0.0666419789
vt -0.1340550035 0.0666419789
vt -0.1558240056 0.0666419789
vt -0.1926629990 0.0666419789
vt -0.2295020074 0.0703519508
vt -0.1095810011 0.1066259965
vt -0.1122869998 0.0799700022
vt -0.1503060013 0.1066249982
vt -0.1340550035 0.0799700022
vt -0.1558240056 0.0799700022
vt -0.1903290004 0.1066249982
vt -0.1926629990 0.0799700022
vt -0.2295020074 0.1066249982
vt -3.6037979126 0.0000000000
vt -3.6037979126 0.0247739498
vt -3.6207718849 0.0000000000
vt -3.6293079853 0.0368409716
vt -3.6547119617 0.0247719791
vt -3.6547119617 0.0489099585
vt -3.6377420425 0.0736809894
vt -3.6547119617 0.0736809894
vt -3.6037979126 0.0489069782
vt -3.6037979126 0.0736809894
vt -3.6207718849 0.0736809894
vt -3.6547119617 0.0000000000
vt -3.6377420425 0.0000000000
vt 2.4355990887 0.1242640018
vt 2.2829260826 0.1242569983
vt 2.4660120010 0.0990709588
vt 2.3000559807 0.0931980014
vt 2.4934899807 0.0725150108
vt 2.3000559807 0.0621320009
vt 2.5047020912 0.0573619604
vt 2.5123438835 0.0400729701
vt 2.3000559807 0.0310660005
vt 2.5142009258 0.0204159599
vt 2.3537709713 0.0000000000
vt 2.5095529556 0.0000000000
vt 2.1309869289 0.1242590025
vt 2.0859110355 0.0931980014
vt 2.0859110355 0.0621320009
vt 2.0859110355 0.0310660005
vt 2.1985659599 0.0000000000
vt 2.0439240932 0.0000000000
vt 1.8717659712 0.0310660005
vt 1.8894020319 0.0000000000
vt 1.7347229719 0.0000000000
vt 1.6576199532 0.0310660005
vt 1.5799299479 0.0000000000
vt 1.4434750080 0.0310660005
vt 1.4248559475 0.0000000000
vt 1.2696510553 0.0000000000
vt 1.2293299437 0.0310660005
vt 1.0151849985 0.0310660005
vt 1.0151849985 0.0621320009
vt 0.8010399938 0.0621320009
vt 0.8010399938 0.0931980014
vt 0.6046310067 0.0931980014
vt 0.6198139787 0.1242590025
vt 0.4082230031 0.0931980014
vt 0.3176099956 0.1242370009
vt 0.2118148953 0.0931980014
vt 0.0154059501 0.1242640018
vt 0.0154059501 0.0818799734
vt 1.9797320366 0.1242619976
vt 1.8717659712 0.0931980014
vt 1.8717659712 0.0621320009
vt 1.8286210299 0.1242609993
vt 1.6576199532 0.0931980014
vt 1.6576199532 0.0621320009
vt 1.6775269508 0.1242600009
vt 1.5264110565 0.1242619976
vt 1.4434750080 0.0931980014
vt 1.2242640257 0.1242569983
vt 1.2293299437 0.0931980014
vt 1.0151849985 0.0931980014
vt 1.2293299437 0.0621320009
vt 0.9220179915 0.1242619976
vt 0.2118148953 0.0621320009
vt 0.0154059501 0.0423839614
vt 0.2118148953 0.0310660005
vt 0.0154059501 0.0000000000
vt 0.3286339939 0.0000000000
vt 0.4082230031 0.0310660005
vt 0.6427839994 0.0000000000
vt 0.6046310067 0.0310660005
vt 0.8010399938 0.0310660005
vt 0.6046310067 0.0621320009
vt 0.9575260282 0.0000000000
vt 0.4082230031 0.0621320009
vt 1.4434750080 0.0621320009
vt -3.6671130657 0.0000000000
vt -3.6284320354 0.0130249802
vt -3.6852838993 0.0000000000
vt -3.6228570938 0.0250359699
vt -3.6852838993 0.0400629602
vt -3.6069619656 0.0436729714
vt -3.5677180290 0.0715339705
vt -3.6489410400 0.0000000000
vt -3.6307671070 0.0000000000
vt -3.4820179939 0.1177629977
vt -3.5834109783 0.0883219764
vt -3.6852838993 0.0777009726
vt -3.5497999191 0.1177629977
vt -3.6175549030 0.1177629977
vt -3.6852838993 0.1177629977
vt -0.2471670061 0.0789169595
vt -0.2471670061 0.0523849688
vt -0.2198199928 0.0788829923
vt -0.1996619999 0.0591869913
vt -0.1917719990 0.0789119601
vt -0.1656560004 0.0789139792
vt -0.1521559060 0.0591869913
vt -0.1415400058 0.0789159536
vt -0.1046499982 0.0591869913
vt -0.0978779718 0.0789169595
vt -0.0571449883 0.0521189496
vt -0.0571449883 0.0789169595
vt -0.1996619999 0.0394579694
vt -0.2471670061 0.0265319906
vt -0.1996619999 0.0197289493
vt -0.2471670061 0.0000000000
vt -0.2000650018 0.0000040000
vt -0.1530060023 0.0000000000
vt -0.1521559060 0.0197289493
vt -0.1521559060 0.0394579694
vt -0.1053510010 0.0000000000
vt -0.1046499982 0.0197289493
vt -0.1046499982 0.0394579694
vt -0.0571449883 0.0000000000
vt -0.0571449883 0.0267969891
vt -2.5075759888 0.0829870105
vt -2.5075759888 0.1256549060
vt -2.6548459530 0.0942440033
vt -2.7659599781 0.1256529987
vt -2.8021171093 0.0942440033
vt -3.0243489742 0.1256549060
vt -2.9884181023 0.0942440033
vt -3.1747200489 0.0942440033
vt -2.9884181023 0.0628309771
vt -3.1747200489 0.0628309771
vt -2.9884181023 0.0314069912
vt -3.1747200489 0.0314069912
vt -2.9870750904 -0.0000020000
vt -3.2268269062 -0.0000160000
vt -3.3610219955 0.0314069912
vt -3.4665749073 -0.0000060000
vt -3.5473229885 0.0314069912
vt -3.7063269615 -0.0000140000
vt -3.7606320381 0.0314069912
vt -3.9460749626 -0.0000100000
vt -3.9641408920 0.0314069912
vt -4.1676502228 0.0314069912
vt -4.1676502228 0.0628309771
vt -4.3711590767 0.0628309771
vt -4.3711590767 0.0942440033
vt -4.4874367714 0.0818469524
vt -4.5746679306 0.1256549060
vt -4.3162841797 0.1256580055
vt -4.1676502228 0.0942440033
vt -4.0578951836 0.1256549060
vt -3.9641408920 0.0942440033
vt -3.7995090485 0.1256559938
vt -3.7606320381 0.0942440033
vt -3.5411219597 0.1256549060
vt -3.5473229885 0.0942440033
vt -3.3610219955 0.0942440033
vt -3.3610219955 0.0628309771
vt -3.2827360630 0.1256549060
vt -4.4479207993 0.0562970005
vt -4.4323220253 0.0394609496
vt -4.3711590767 0.0314069912
vt -4.4270858765 0.0284850001
vt -4.4254050255 0.0172949992
vt -4.1858291626 -0.0000090000
vt -4.4254598618 0.0116949603
vt -4.4255180359 0.0059369798
vt -4.4255781174 -0.0000140000
vt -2.8021171093 0.0314069912
vt -2.7473239899 -0.0000160000
vt -2.6548459530 0.0314069912
vt -2.5075759888 0.0000000000
vt -2.5075759888 0.0426679812
vt -2.6548459530 0.0628309771
vt -3.9641408920 0.0628309771
vt -3.7606320381 0.0628309771
vt -3.5473229885 0.0628309771
vt -2.8021171093 0.0628309771
vt 0.0000000000 0.0189149901
vt 0.0000000000 0.0000000000
vt 0.0228309594 0.0181939602
vt 0.0150089804 0.0000340000
vt 0.0307099801 0.0000040000
vt 0.0568909608 0.0000030000
vt 0.0684939623 0.0181939602
vt 0.0228309594 0.0363869593
vt 0.0684939623 0.0363869593
vt 0.0228309594 0.0545809790
vt 0.0684939623 0.0545809790
vt 0.0152669502 0.0727479979
vt 0.0304479506 0.0727729723
vt 0.0563929603 0.0727719590
vt 0.1013929993 0.0727729723
vt 0.1141569987 0.0545809790
vt 0.1484050006 0.0545809790
vt 0.1484050006 0.0363869593
vt 0.1826519072 0.0363869593
vt 0.1019299999 0.0000020000
vt 0.1141569987 0.0181939602
vt 0.1141569987 0.0363869593
vt 0.1484050006 0.0181939602
vt 0.1826519072 0.0000020000
vt 0.0000000000 0.0727749988
vt 0.0000000000 0.0538599417
vt 0.0000000000 0.0363869593
vt 0.1826519072 0.0181939602
vt 0.1826519072 0.0545809790
vt 0.0000000000 0.1243169978
vt 0.0000000000 0.0920069814
vt 0.0070769782 0.1243169978
vt 0.0106859803 0.0932379887
vt 0.0141739799 0.1243169978
vt 0.0212679505 0.1243169978
vt 0.0212679505 0.0819149613
vt 0.0106859803 0.0621590018
vt 0.0212679505 0.0424019583
vt 0.0106859803 0.0310789905
vt 0.0212679505 0.0000000000
vt 0.0141849499 0.0000000000
vt 0.0070829978 0.0000000000
vt 0.0000000000 0.0323109590
vt 0.0000000000 0.0000000000
vt 0.0000000000 0.0621590018
vt -0.0040149679 0.1131950021
vt -0.0024509421 0.0844869614
vt 0.0216919705 0.0871250033
vt 0.0229319893 0.0620499812
vt 0.0452439710 0.0603549406
vt 0.0229319893 0.0310249906
vt 0.0618519709 0.0323770009
vt 0.0665499493 0.0169969704
vt 0.0682239532 0.0000000000
vt -0.0002860000 0.0297899805
vt -0.0011449450 0.0573089682
vt 0.0000000000 0.0423839614
vt 0.0000000000 0.0000000000
vt 0.3075670004 0.0310660005
vt 0.5553460121 0.0000000000
vt 1.1872060299 0.0310660005
vt 1.1107150316 0.0000000000
vt 1.6660560369 0.0000000000
vt 1.2834409475 0.0310660005
vt 1.6660560369 0.0298329499
vt 1.6660560369 0.0574079715
vt 1.2834409475 0.0621320009
vt 1.6660560369 0.0846689865
vt 1.2834409475 0.0931980014
vt 1.6660749912 0.1134850010
vt 1.6562459469 0.1242640018
vt 0.8281210065 0.1242640018
vt 1.1872060299 0.0931980014
vt 1.1872060299 0.0621320009
vt 0.3075670004 0.0931980014
vt 0.0000000000 0.1242640018
vt 0.0000000000 0.0818799734
vt 0.3075670004 0.0621320009
vt 20.0541496277 0.1342709959
vt 19.7192707062 0.1342719942
vt 19.9236106873 0.1007020026
vt 19.7192707062 0.0992859602
vt 19.9236106873 0.0671349689
vt 19.7192707062 0.0671359822
vt 19.7192707062 0.0349859484
vt 19.9236106873 0.0335669518
vt 19.7192707062 0.0000000000
vt 20.0333690643 0.0000090000
vt 20.1583099365 0.0335669518
vt 20.3474597931 0.0000010000
vt 20.3930206299 0.0335669518
vt 20.5975608826 0.0335669518
vt 20.5975608826 0.0671339631
vt 20.8282203674 0.0671339631
vt 20.5975608826 0.1007020026
vt 20.8282203674 0.1007020026
vt 20.7238903046 0.1342709959
vt 21.0588302612 0.1293178946
vt 21.0587692261 0.1342719942
vt 20.6615600586 0.0000080000
vt 20.8282203674 0.0335669518
vt 21.0119094849 0.0366509482
vt 21.0357704163 0.0626449510
vt 20.9756603241 0.0000010000
vt 20.9856491089 0.0108019700
vt 21.0524902344 0.0893589780
vt 21.0571994781 0.1038639992
vt 21.0588798523 0.1197609976
vt 21.0588703156 0.1244850010
vt 20.3890209198 0.1342719942
vt 20.3930206299 0.1007020026
vt 20.3930206299 0.0671349689
vt 20.1583099365 0.1007020026
vt 20.1583099365 0.0671349689
vt -0.0103059998 -0.1360049993
vt -0.0148749901 -0.1503310055
vt 0.0195359495 -0.1360819042
vt 0.0221689902 -0.1619649976
vt 0.0539469682 -0.1361709982
vt 0.0539469682 -0.1643739045
vt 0.0551210009 -0.1331470013
vt 0.0787670016 -0.1608110070
vt 0.0583219491 -0.1780479997
vt 0.0883569717 -0.2207600027
vt 0.0280099493 -0.1186809987
vt 0.0000000000 -0.1079879031
vt -0.0052699442 -0.1219289973
vt 4.1094441414 0.0336509906
vt 4.1346740723 0.0252909604
vt 4.1094441414 0.0505819917
vt 4.1596770287 0.0336519405
vt 4.1596770287 0.0505819917
vt 4.1094441414 0.0169309899
vt 4.1596770287 0.0000000000
vt 4.1596770287 0.0169299804
vt 4.1094441414 0.0000000000
vt -0.0513879582 -0.1281290054
vt -0.0148949604 -0.1417050064
vt -0.0294519607 -0.1093060002
vt -0.0103269797 -0.1280979961
vt -0.0052829981 -0.1147300005
vt 0.0000000000 -0.1014899984
vt -0.0348809883 -0.0885579512
vt -0.0589050017 -0.1093060002
vt -0.0589050017 -0.0769079924
vt -0.0837689564 -0.0967009589
vt -0.0676459596 -0.0674529597
vt -0.0883569717 -0.0121109402
vt 0.0000000000 0.0189149901
vt 0.0000000000 0.0000000000
vt 0.0228309594 0.0181939602
vt 0.0150089804 0.0000340000
vt 0.0307099801 0.0000040000
vt 0.0568909608 0.0000030000
vt 0.0684939623 0.0181939602
vt 0.0228309594 0.0363869593
vt 0.0684939623 0.0363869593
vt 0.0228309594 0.0545809790
vt 0.0684939623 0.0545809790
vt 0.0152669502 0.0727479979
vt 0.0304479506 0.0727729723
vt 0.0563929603 0.0727719590
vt 0.1013929993 0.0727729723
vt 0.1141569987 0.0545809790
vt 0.1484050006 0.0545809790
vt 0.1484050006 0.0363869593
vt 0.1826519072 0.0363869593
vt 0.1019299999 0.0000020000
vt 0.1141569987 0.0181939602
vt 0.1141569987 0.0363869593
vt 0.1484050006 0.0181939602
vt 0.1826519072 0.0000020000
vt 0.0000000000 0.0727749988
vt 0.0000000000 0.0538599417
vt 0.0000000000 0.0363869593
vt 0.1826519072 0.0181939602
vt 0.1826519072 0.0545809790
vt 0.0000000000 0.1243169978
vt 0.0000000000 0.0920069814
vt 0.0070769782 0.1243169978
vt 0.0106859803 0.0932379887
vt 0.0141739799 0.1243169978
vt 0.0212679505 0.1243169978
vt 0.0212679505 0.0819149613
vt 0.0106859803 0.0621590018
vt 0.0212679505 0.0424019583
vt 0.0106859803 0.0310789905
vt 0.0212679505 0.0000000000
vt 0.0141849499 0.0000000000
vt 0.0070829978 0.0000000000
vt 0.0000000000 0.0323109590
vt 0.0000000000 0.0000000000
vt 0.0000000000 0.0621590018
vt -0.0040149679 0.1131950021
vt -0.0024509421 0.0844869614
vt 0.0216919705 0.0871250033
vt 0.0229319893 0.0620499812
vt 0.0452439710 0.0603549406
vt 0.0229319893 0.0310249906
vt 0.0618519709 0.0323770009
vt 0.0665499493 0.0169969704
vt 0.0682239532 0.0000000000
vt -0.0002860000 0.0297899805
vt -0.0011449450 0.0573089682
vt 0.0000000000 0.0423839614
vt 0.0000000000 0.0000000000
vt 0.3075670004 0.0310660005
vt 0.5553460121 0.0000000000
vt 1.1872060299 0.0310660005
vt 1.1107150316 0.0000000000
vt 1.6660560369 0.0000000000
vt 1.2834409475 0.0310660005
vt 1.6660560369 0.0298329499
vt 1.6660560369 0.0574079715
vt 1.2834409475 0.0621320009
vt 1.6660560369 0.0846689865
vt 1.2834409475 0.0931980014
vt 1.6660749912 0.1134850010
vt 1.6562459469 0.1242640018
vt 0.8281210065 0.1242640018
vt 1.1872060299 0.0931980014
vt 1.1872060299 0.0621320009
vt 0.3075670004 0.0931980014
vt 0.0000000000 0.1242640018
vt 0.0000000000 0.0818799734
vt 0.3075670004 0.0621320009
vt 20.0541496277 0.1342709959
vt 19.7192707062 0.1342719942
vt 19.9236106873 0.1007020026
vt 19.7192707062 0.0992859602
vt 19.9236106873 0.0671349689
vt 19.7192707062 0.0671359822
vt 19.7192707062 0.0349859484
vt 19.9236106873 0.0335669518
vt 19.7192707062 0.0000000000
vt 20.0333690643 0.0000090000
vt 20.1583099365 0.0335669518
vt 20.3474597931 0.0000010000
vt 20.3930206299 0.0335669518
vt 20.5975608826 0.0335669518
vt 20.5975608826 0.0671339631
vt 20.8282203674 0.0671339631
vt 20.5975608826 0.1007020026
vt 20.8282203674 0.1007020026
vt 20.7238903046 0.1342709959
vt 21.0588302612 0.1293178946
vt 21.0587692261 0.1342719942
vt 20.6615600586 0.0000080000
vt 20.8282203674 0.0335669518
vt 21.0119094849 0.0366509482
vt 21.0357704163 0.0626449510
vt 20.9756603241 0.0000010000
vt 20.9856491089 0.0108019700
vt 21.0524902344 0.0893589780
vt 21.0571994781 0.1038639992
vt 21.0588798523 0.1197609976
vt 21.0588703156 0.1244850010
vt 20.3890209198 0.1342719942
vt 20.3930206299 0.1007020026
vt 20.3930206299 0.0671349689
vt 20.1583099365 0.1007020026
vt 20.1583099365 0.0671349689
vt -0.0103059998 0.0025999539
vt -0.0148749901 -0.0117259603
vt 0.0195359495 0.0025229449
vt 0.0221689902 -0.0233599506
vt 0.0539469682 0.0024339550
vt 0.0539469682 -0.0257689897
vt 0.0551210009 0.0054579969
vt 0.0787670016 -0.0222059395
vt 0.0583219491 -0.0394429490
vt 0.0883569717 -0.0821549818
vt 0.0280099493 0.0199239794
vt 0.0000000000 0.0306169894
vt -0.0052699442 0.0166759398
vt 4.0093998909 0.0336509906
vt 4.0346288681 0.0252909604
vt 4.0093998909 0.0505819917
vt 4.0596318245 0.0336519405
vt 4.0596318245 0.0505819917
vt 4.0093998909 0.0169309899
vt 4.0596318245 0.0000000000
vt 4.0596318245 0.0169299804
vt 4.0093998909 0.0000000000
vt -0.0513879582 0.0024779430
vt -0.0148949604 -0.0110979602
vt -0.0294519607 0.0213009696
vt -0.0103269797 0.0025089970
vt -0.0052829981 0.0158769395
vt 0.0000000000 0.0291169807
vt -0.0348809883 0.0420489907
vt -0.0589050017 0.0213009696
vt -0.0589050017 0.0536989495
vt -0.0837689564 0.0339059792
vt -0.0676459596 0.0631539822
vt -0.0883569717 0.1184960008
f 1/1/1 2/2/2 3/3/3
f 3/3/3 2/2/2 4/4/4
f 4/4/4 2/2/2 5/5/5
f 4/4/4 5/5/5 6/6/6
f 6/6/6 5/5/5 7/7/7
f 6/6/6 7/7/7 8/8/8
f 9/9/9 10/10/10 2/2/2
f 2/2/2 10/10/10 11/11/11
f 2/2/2 11/11/11 12/12/12
f 13/13/13 14/14/14 12/12/12
f 12/12/12 14/14/14 2/2/2
f 14/14/14 5/5/5 2/2/2
f 6/6/6 8/8/8 15/15/15
f 15/15/15 8/8/8 16/16/16
f 15/15/15 16/16/16 17/17/17
f 17/17/17 16/16/16 18/18/18
f 17/17/17 18/18/18 19/19/19
f 17/17/17 19/19/19 20/20/20
f 20/20/20 19/19/19 21/21/21
f 20/20/20 21/21/21 22/22/22
f 20/20/20 22/22/22 23/23/23
f 23/23/23 22/22/22 24/24/24
f 23/23/23 24/24/24 25/25/25
f 26/26/26 27/27/27 28/28/28
f 28/28/28 27/27/27 29/29/29
f 28/28/28 29/29/29 30/30/30
f 30/30/30 29/29/29 31/31/31
f 30/30/30 31/31/31 32/32/32
f 32/32/32 31/31/31 33/33/33
f 27/27/27 26/26/26 34/34/34
f 34/34/34 26/26/26 35/35/35
f 34/34/34 35/35/35 36/36/36
f 36/36/36 35/35/35 37/37/37
f 36/36/36 37/37/37 38/38/38
f 38/38/38 37/37/37 39/39/39
f 39/39/39 37/37/37 40/40/40
f 39/39/39 40/40/40 41/41/41
f 41/41/41 40/40/40 42/42/42
f 29/29/29 43/43/43 31/31/31
f 31/31/31 43/43/43 44/44/44
f 31/31/31 44/44/44 45/45/45
f 45/45/45 44/44/44 46/46/46
f 45/45/45 47/47/47 31/31/31
f 31/31/31 47/47/47 48/48/48
f 31/31/31 48/48/48 49/49/49
f 50/50/50 51/51/51 52/52/52
f 52/52/52 51/51/51 53/53/53
f 53/53/53 51/51/51 54/54/54
f 54/54/54 51/51/51 55/55/55
f 55/55/55 51/51/51 56/56/56
f 55/55/55 56/56/56 57/57/57
f 58/58/58 59/59/59 51/51/51
f 51/51/51 59/59/59 60/60/60
f 51/51/51 60/60/60 61/61/61
f 61/61/61 60/60/60 62/62/62
f 62/62/62 60/60/60 63/63/63
f 62/62/62 63/63/63 64/64/64
f 64/64/64 63/63/63 65/65/65
f 61/61/61 56/56/56 51/51/51
f 55/55/55 57/57/57 66/66/66
f 66/66/66 57/57/57 67/67/67
f 66/66/66 67/67/67 68/68/68
f 68/68/68 69/69/69 66/66/66
f 66/66/66 69/69/69 70/70/70
f 70/70/70 69/69/69 71/71/71
f 70/70/70 71/71/71 72/72/72
f 72/72/72 71/71/71 73/73/73
f 72/72/72 73/73/73 74/74/74
f 75/75/75 76/76/76 77/77/77
f 77/77/77 76/76/76 78/78/78
f 77/77/77 78/78/78 79/79/79
f 79/79/79 78/78/78 80/80/80
f 80/80/80 78/78/78 81/81/81
f 76/76/76 75/75/75 82/82/82
f 82/82/82 75/75/75 83/83/83
f 82/82/82 83/83/83 84/84/84
f 84/84/84 83/83/83 85/85/85
f 85/85/85 83/83/83 86/86/86
f 85/85/85 86/86/86 87/87/87
f 87/87/87 86/86/86 88/88/88
f 87/87/87 88/88/88 89/89/89
f 89/89/89 88/88/88 90/90/90
f 76/76/76 91/91/91 78/78/78
f 78/78/78 91/91/91 92/92/92
f 78/78/78 92/92/92 93/93/93
f 91/91/91 94/94/94 92/92/92
f 92/92/92 94/94/94 95/95/95
f 95/95/95 94/94/94 96/96/96
f 95/95/95 96/96/96 97/97/97
f 93/93/93 98/98/98 78/78/78
f 99/99/99 100/100/100 101/101/101
f 101/101/101 100/100/100 102/102/102
f 101/101/101 102/102/102 103/103/103
f 101/101/101 103/103/103 104/104/104
f 104/104/104 103/103/103 105/105/105
f 104/104/104 105/105/105 106/106/106
f 104/104/104 106/106/106 107/107/107
f 107/107/107 106/106/106 108/108/108
f 107/107/107 108/108/108 109/109/109
f 109/109/109 108/108/108 110/110/110
f 109/109/109 110/110/110 111/111/111
f 111/111/111 110/110/110 112/112/112
f 111/111/111 112/112/112 113/113/113
f 113/113/113 112/112/112 114/114/114
f 113/113/113 114/114/114 115/115/115
f 115/115/115 114/114/114 116/116/116
f 115/115/115 116/116/116 117/117/117
f 117/117/117 116/116/116 118/118/118
f 117/117/117 118/118/118 119/119/119
f 119/119/119 118/118/118 120/120/120
f 119/119/119 120/120/120 121/121/121
f 121/121/121 122/122/122 119/119/119
f 119/119/119 122/122/122 123/123/123
f 119/119/119 123/123/123 124/124/124
f 124/124/124 123/123/123 125/125/125
f 124/124/124 125/125/125 126/126/126
f 126/126/126 125/125/125 127/127/127
f 126/126/126 127/127/127 128/128/128
f 128/128/128 127/127/127 129/129/129
f 128/128/128 129/129/129 130/130/130
f 130/130/130 129/129/129 131/131/131
f 130/130/130 131/131/131 132/132/132
f 132/132/132 131/131/131 133/133/133
f 132/132/132 133/133/133 134/134/134
f 134/134/134 133/133/133 135/135/135
f 134/134/134 135/135/135 136/136/136
f 136/136/136 135/135/135 137/137/137
f 136/136/136 137/137/137 138/138/138
f 138/138/138 137/137/137 139/139/139
f 138/138/138 139/139/139 140/140/140
f 140/140/140 139/139/139 141/141/141
f 141/141/141 139/139/139 142/142/142
f 141/141/141 142/142/142 143/143/143
f 143/143/143 142/142/142 144/144/144
f 144/144/144 142/142/142 145/145/145
f 145/145/145 142/142/142 146/146/146
f 145/145/145 146/146/146 147/147/147
f 147/147/147 146/146/146 148/148/148
f 147/147/147 148/148/148 149/149/149
f 149/149/149 148/148/148 150/150/150
f 149/149/149 150/150/150 151/151/151
f 151/151/151 150/150/150 152/152/152
f 151/151/151 152/152/152 153/153/153
f 153/153/153 152/152/152 154/154/154
f 153/153/153 154/154/154 155/155/155
f 155/155/155 154/154/154 156/156/156
f 156/156/156 154/154/154 157/157/157
f 156/156/156 157/157/157 158/158/158
f 158/158/158 157/157/157 159/159/159
f 158/158/158 159/159/159 160/160/160
f 160/160/160 159/159/159 161/161/161
f 161/161/161 159/159/159 162/162/162
f 162/162/162 159/159/159 163/163/163
f 162/162/162 163/163/163 164/164/164
f 164/164/164 163/163/163 165/165/165
f 165/165/165 163/163/163 166/166/166
f 166/166/166 163/163/163 167/167/167
f 167/167/167 163/163/163 168/168/168
f 168/168/168 163/163/163 169/169/169
f 168/168/168 169/169/169 170/170/170
f 170/170/170 169/169/169 171/171/171
f 171/171/171 169/169/169 172/172/172
f 172/172/172 169/169/169 173/173/173
f 172/172/172 173/173/173 174/174/174
f 174/174/174 173/173/173 175/175/175
f 174/174/174 175/175/175 176/176/176
f 176/176/176 175/175/175 177/177/177
f 176/176/176 177/177/177 178/178/178
f 178/178/178 177/177/177 179/179/179
f 178/178/178 179/179/179 180/180/180
f 180/180/180 179/179/179 181/181/181
f 181/181/181 179/179/179 182/182/182
f 181/181/181 182/182/182 183/183/183
f 183/183/183 182/182/182 184/184/184
f 183/183/183 184/184/184 185/185/185
f 185/185/185 184/184/184 186/186/186
f 185/185/185 186/186/186 187/187/187
f 187/187/187 186/186/186 188/188/188
f 187/187/187 188/188/188 189/189/189
f 189/189/189 188/188/188 190/190/190
f 190/190/190 188/188/188 191/191/191
f 191/191/191 188/188/188 140/140/140
f 140/140/140 188/188/188 138/138/138
f 125/125/125 123/123/123 192/192/192
f 192/192/192 123/123/123 193/193/193
f 192/192/192 193/193/193 194/194/194
f 194/194/194 195/195/195 192/192/192
f 192/192/192 195/195/195 196/196/196
f 192/192/192 196/196/196 197/197/197
f 197/197/197 198/198/198 192/192/192
f 192/192/192 198/198/198 199/199/199
f 199/199/199 198/198/198 200/200/200
f 199/199/199 200/200/200 201/201/201
f 201/201/201 202/202/202 199/199/199
f 199/199/199 202/202/202 203/203/203
f 203/203/203 202/202/202 204/204/204
f 203/203/203 204/204/204 205/205/205
f 205/205/205 204/204/204 206/206/206
f 205/205/205 206/206/206 207/207/207
f 207/207/207 206/206/206 208/208/208
f 207/207/207 208/208/208 209/209/209
f 209/209/209 208/208/208 210/210/210
f 209/209/209 210/210/210 211/211/211
f 209/209/209 211/211/211 212/212/212
f 212/212/212 211/211/211 213/213/213
f 212/212/212 213/213/213 214/214/214
f 214/214/214 213/213/213 215/215/215
f 214/214/214 215/215/215 216/216/216
f 216/216/216 215/215/215 217/217/217
f 216/216/216 217/217/217 218/218/218
f 218/218/218 99/99/99 216/216/216
f 216/216/216 99/99/99 101/101/101
f 216/216/216 101/101/101 219/219/219
f 219/219/219 101/101/101 220/220/220
f 219/219/219 220/220/220 221/221/221
f 221/221/221 220/220/220 222/222/222
f 221/221/221 222/222/222 223/223/223
f 223/223/223 222/222/222 224/224/224
f 223/223/223 224/224/224 225/225/225
f 225/225/225 224/224/224 226/226/226
f 225/225/225 226/226/226 227/227/227
f 227/227/227 226/226/226 228/228/228
f 227/227/227 228/228/228 229/229/229
f 229/229/229 228/228/228 230/230/230
f 229/229/229 230/230/230 231/231/231
f 231/231/231 230/230/230 232/232/232
f 231/231/231 232/232/232 233/233/233
f 233/233/233 232/232/232 234/234/234
f 233/233/233 234/234/234 235/235/235
f 235/235/235 234/234/234 236/236/236
f 236/236/236 234/234/234 237/237/237
f 237/237/237 234/234/234 238/238/238
f 238/238/238 234/234/234 239/239/239
f 238/238/238 239/239/239 240/240/240
f 240/240/240 239/239/239 241/241/241
f 240/240/240 241/241/241 242/242/242
f 242/242/242 241/241/241 243/243/243
f 242/242/242 243/243/243 244/244/244
f 244/244/244 243/243/243 245/245/245
f 244/244/244 245/245/245 246/246/246
f 246/246/246 245/245/245 247/247/247
f 246/246/246 247/247/247 248/248/248
f 248/248/248 247/247/247 249/249/249
f 248/248/248 249/249/249 250/250/250
f 250/250/250 249/249/249 251/251/251
f 250/250/250 251/251/251 252/252/252
f 252/252/252 251/251/251 253/253/253
f 252/252/252 253/253/253 254/254/254
f 254/254/254 253/253/253 255/255/255
f 255/255/255 253/253/253 256/256/256
f 256/256/256 253/253/253 257/257/257
f 257/257/257 253/253/253 258/258/258
f 258/258/258 253/253/253 259/259/259
f 258/258/258 259/259/259 260/260/260
f 260/260/260 259/259/259 261/261/261
f 261/261/261 259/259/259 262/262/262
f 261/261/261 262/262/262 263/263/263
f 263/263/263 262/262/262 264/264/264
f 263/263/263 264/264/264 265/265/265
f 265/265/265 264/264/264 266/266/266
f 265/265/265 266/266/266 267/267/267
f 267/267/267 266/266/266 268/268/268
f 267/267/267 268/268/268 269/269/269
f 269/269/269 268/268/268 270/270/270
f 269/269/269 270/270/270 271/271/271
f 271/271/271 270/270/270 272/272/272
f 271/271/271 272/272/272 273/273/273
f 273/273/273 272/272/272 274/274/274
f 273/273/273 274/274/274 275/275/275
f 163/163/163 276/276/276 169/169/169
f 235/235/235 277/277/277 233/233/233
f 233/233/233 277/277/277 278/278/278
f 278/278/278 277/277/277 279/279/279
f 278/278/278 279/279/279 280/280/280
f 280/280/280 281/281/281 278/278/278
f 278/278/278 281/281/281 282/282/282
f 278/278/278 282/282/282 283/283/283
f 283/283/283 284/284/284 278/278/278
f 278/278/278 284/284/284 285/285/285
f 285/285/285 284/284/284 286/286/286
f 285/285/285 286/286/286 287/287/287
f 285/285/285 287/287/287 288/288/288
f 288/288/288 287/287/287 289/289/289
f 288/288/288 289/289/289 290/290/290
f 290/290/290 289/289/289 291/291/291
f 290/290/290 291/291/291 292/292/292
f 290/290/290 292/292/292 293/293/293
f 293/293/293 292/292/292 294/294/294
f 293/293/293 294/294/294 295/295/295
f 295/295/295 294/294/294 296/296/296
f 295/295/295 296/296/296 297/297/297
f 297/297/297 296/296/296 298/298/298
f 297/297/297 298/298/298 299/299/299
f 299/299/299 298/298/298 300/300/300
f 299/299/299 300/300/300 260/260/260
f 260/260/260 300/300/300 301/301/301
f 260/260/260 301/301/301 302/302/302
f 302/302/302 258/258/258 260/260/260
f 303/303/303 304/304/304 305/305/305
f 305/305/305 304/304/304 306/306/306
f 306/306/306 304/304/304 307/307/307
f 307/307/307 304/304/304 308/308/308
f 307/307/307 308/308/308 309/309/309
f 304/304/304 310/310/310 308/308/308
f 307/307/307 309/309/309 311/311/311
f 311/311/311 309/309/309 312/312/312
f 311/311/311 312/312/312 313/313/313
f 313/313/313 312/312/312 314/314/314
f 314/314/314 312/312/312 315/315/315
f 313/313/313 316/316/316 311/311/311
f 311/311/311 316/316/316 317/317/317
f 317/317/317 316/316/316 318/318/318
f 317/317/317 318/318/318 319/319/319
f 317/317/317 319/319/319 320/320/320
f 320/320/320 319/319/319 321/321/321
f 320/320/320 321/321/321 322/322/322
f 322/322/322 323/323/323 320/320/320
f 320/320/320 323/323/323 324/324/324
f 324/324/324 323/323/323 325/325/325
f 324/324/324 325/325/325 326/326/326
f 326/326/326 327/327/327 324/324/324
f 328/328/328 329/329/329 330/330/330
f 330/330/330 329/329/329 331/331/331
f 330/330/330 331/331/331 332/332/332
f 332/332/332 331/331/331 333/333/333
f 332/332/332 333/333/333 334/334/334
f 334/334/334 333/333/333 335/335/335
f 336/336/336 337/337/337 328/328/328
f 328/328/328 337/337/337 338/338/338
f 328/328/328 338/338/338 329/329/329
f 329/329/329 338/338/338 339/339/339
f 329/329/329 339/339/339 340/340/340
f 341/341/341 342/342/342 336/336/336
f 336/336/336 342/342/342 343/343/343
f 336/336/336 343/343/343 337/337/337
f 344/344/344 345/345/345 341/341/341
f 341/341/341 345/345/345 346/346/346
f 341/341/341 346/346/346 342/342/342
f 347/347/347 348/348/348 344/344/344
f 344/344/344 348/348/348 349/349/349
f 344/344/344 349/349/349 345/345/345
f 331/331/331 350/350/350 333/333/333
f 333/333/333 350/350/350 351/351/351
f 352/352/352 353/353/353 354/354/354
f 355/355/355 356/356/356 357/357/357
f 355/355/355 357/357/357 358/358/358
f 358/358/358 357/357/357 359/359/359
f 358/358/358 359/359/359 360/360/360
f 360/360/360 359/359/359 361/361/361
f 360/360/360 361/361/361 362/362/362
f 362/362/362 361/361/361 363/363/363
f 362/362/362 363/363/363 364/364/364
f 364/364/364 363/363/363 365/365/365
f 364/364/364 365/365/365 366/366/366
f 366/366/366 365/365/365 367/367/367
f 366/366/366 367/367/367 368/368/368
f 368/368/368 367/367/367 369/369/369
f 368/368/368 369/369/369 370/370/370
f 370/370/370 369/369/369 371/371/371
f 370/370/370 371/371/371 372/372/372
f 372/372/372 371/371/371 373/373/373
f 372/372/372 373/373/373 374/374/374
f 374/374/374 373/373/373 375/375/375
f 374/374/374 375/375/375 376/376/376
f 376/376/376 375/375/375 377/377/377
f 376/376/376 377/377/377 378/378/378
f 378/378/378 377/377/377 379/379/379
f 378/378/378 379/379/379 380/380/380
f 380/380/380 379/379/379 381/381/381
f 380/380/380 381/381/381 382/382/382
f 382/382/382 381/381/381 383/383/383
f 382/382/382 383/383/383 384/384/384
f 384/384/384 383/383/383 385/385/385
f 384/384/384 385/385/385 386/386/386
f 386/386/386 385/385/385 387/387/387
f 386/386/386 387/387/387 388/388/388
f 388/388/388 387/387/387 389/389/389
f 388/388/388 389/389/389 390/390/390
f 390/390/390 389/389/389 391/391/391
f 390/390/390 391/391/391 392/392/392
f 392/392/392 391/391/391 393/393/393
f 392/392/392 393/393/393 394/394/394
f 394/394/394 393/393/393 395/395/395
f 394/394/394 395/395/395 396/396/396
f 396/396/396 395/395/395 397/397/397
f 396/396/396 397/397/397 398/398/398
f 398/398/398 397/397/397 399/399/399
f 398/398/398 399/399/399 400/400/400
f 400/400/400 399/399/399 401/401/401
f 400/400/400 401/401/401 402/402/402
f 402/402/402 401/401/401 403/403/403
f 402/402/402 403/403/403 404/404/404
f 404/404/404 403/403/403 405/405/405
f 404/404/404 405/405/405 406/406/406
f 406/406/406 405/405/405 407/407/407
f 406/406/406 407/407/407 352/352/352
f 352/352/352 407/407/407 353/353/353
f 408/408/408 409/409/409 410/410/410
f 410/410/410 409/409/409 411/411/411
f 410/410/410 411/411/411 412/412/412
f 412/412/412 411/411/411 413/413/413
f 412/412/412 413/413/413 414/414/414
f 412/412/412 414/414/414 415/415/415
f 415/415/415 414/414/414 416/416/416
f 415/415/415 416/416/416 417/417/417
f 417/417/417 416/416/416 418/418/418
f 417/417/417 418/418/418 419/419/419
f 417/417/417 419/419/419 420/420/420
f 420/420/420 419/419/419 421/421/421
f 420/420/420 421/421/421 422/422/422
f 422/422/422 421/421/421 423/423/423
f 422/422/422 423/423/423 424/424/424
f 424/424/424 423/423/423 425/425/425
f 424/424/424 425/425/425 426/426/426
f 426/426/426 425/425/425 427/427/427
f 426/426/426 427/427/427 428/428/428
f 426/426/426 428/428/428 429/429/429
f 429/429/429 428/428/428 430/430/430
f 429/429/429 430/430/430 431/431/431
f 432/432/432 433/433/433 431/431/431
f 431/431/431 433/433/433 434/434/434
f 431/431/431 434/434/434 429/429/429
f 432/432/432 435/435/435 433/433/433
f 433/433/433 435/435/435 436/436/436
f 436/436/436 435/435/435 437/437/437
f 436/436/436 437/437/437 438/438/438
f 436/436/436 438/438/438 439/439/439
f 439/439/439 438/438/438 440/440/440
f 439/439/439 440/440/440 441/441/441
f 439/439/439 441/441/441 442/442/442
f 442/442/442 441/441/441 443/443/443
f 442/442/442 443/443/443 444/444/444
f 444/444/444 443/443/443 445/445/445
f 444/444/444 445/445/445 446/446/446
f 444/444/444 446/446/446 447/447/447
f 447/447/447 446/446/446 448/448/448
f 447/447/447 448/448/448 449/449/449
f 447/447/447 449/449/449 450/450/450
f 450/450/450 449/449/449 451/451/451
f 450/450/450 451/451/451 452/452/452
f 450/450/450 452/452/452 453/453/453
f 453/453/453 452/452/452 454/454/454
f 453/453/453 454/454/454 455/455/455
f 455/455/455 454/454/454 456/456/456
f 455/455/455 456/456/456 457/457/457
f 457/457/457 456/456/456 458/458/458
f 457/457/457 458/458/458 459/459/459
f 457/457/457 459/459/459 460/460/460
f 460/460/460 459/459/459 461/461/461
f 460/460/460 461/461/461 462/462/462
f 462/462/462 461/461/461 463/463/463
f 462/462/462 463/463/463 464/464/464
f 464/464/464 463/463/463 465/465/465
f 464/464/464 465/465/465 466/466/466
f 466/466/466 465/465/465 467/467/467
f 466/466/466 467/467/467 468/468/468
f 466/466/466 468/468/468 469/469/469
f 469/469/469 468/468/468 470/470/470
f 469/469/469 470/470/470 471/471/471
f 472/472/472 473/473/473 471/471/471
f 471/471/471 473/473/473 474/474/474
f 471/471/471 474/474/474 469/469/469
f 473/473/473 472/472/472 475/475/475
f 475/475/475 472/472/472 476/476/476
f 475/475/475 476/476/476 477/477/477
f 475/475/475 477/477/477 478/478/478
f 478/478/478 477/477/477 479/479/479
f 478/478/478 479/479/479 480/480/480
f 478/478/478 480/480/480 481/481/481
f 481/481/481 480/480/480 482/482/482
f 481/481/481 482/482/482 483/483/483
f 481/481/481 483/483/483 484/484/484
f 484/484/484 483/483/483 485/485/485
f 484/484/484 485/485/485 486/486/486
f 486/486/486 485/485/485 487/487/487
f 486/486/486 487/487/487 408/408/408
f 486/486/486 408/408/408 410/410/410
f 434/434/434 488/488/488 489/489/489
f 489/489/489 488/488/488 490/490/490
f 489/489/489 490/490/490 491/491/491
f 491/491/491 490/490/490 492/492/492
f 491/491/491 492/492/492 493/493/493
f 493/493/493 492/492/492 494/494/494
f 493/493/493 494/494/494 495/495/495
f 495/495/495 494/494/494 496/496/496
f 496/496/496 494/494/494 497/497/497
f 496/496/496 497/497/497 498/498/498
f 498/498/498 497/497/497 499/499/499
f 498/498/498 499/499/499 415/415/415
f 415/415/415 499/499/499 412/412/412
f 455/455/455 500/500/500 453/453/453
f 453/453/453 500/500/500 501/501/501
f 501/501/501 500/500/500 502/502/502
f 501/501/501 502/502/502 503/503/503
f 503/503/503 502/502/502 504/504/504
f 503/503/503 504/504/504 505/505/505
f 505/505/505 504/504/504 506/506/506
f 505/505/505 506/506/506 507/507/507
f 507/507/507 506/506/506 508/508/508
f 507/507/507 508/508/508 509/509/509
f 509/509/509 508/508/508 510/510/510
f 509/509/509 510/510/510 473/473/473
f 473/473/473 510/510/510 474/474/474
f 433/433/433 488/488/488 434/434/434
f 511/511/511 512/512/512 513/513/513
f 513/513/513 512/512/512 514/514/514
f 513/513/513 514/514/514 515/515/515
f 515/515/515 514/514/514 516/516/516
f 515/515/515 516/516/516 517/517/517
f 517/517/517 516/516/516 518/518/518
f 517/517/517 518/518/518 519/519/519
f 519/519/519 518/518/518 520/520/520
f 519/519/519 520/520/520 521/521/521
f 521/521/521 520/520/520 522/522/522
f 521/521/521 522/522/522 523/523/523
f 523/523/523 522/522/522 524/524/524
f 523/523/523 524/524/524 525/525/525
f 525/525/525 524/524/524 526/526/526
f 525/525/525 526/526/526 527/527/527
f 527/527/527 526/526/526 528/528/528
f 527/527/527 528/528/528 529/529/529
f 529/529/529 528/528/528 530/530/530
f 529/529/529 530/530/530 531/531/531
f 531/531/531 530/530/530 532/532/532
f 531/531/531 532/532/532 533/533/533
f 533/533/533 532/532/532 534/534/534
f 533/533/533 534/534/534 535/535/535
f 535/535/535 534/534/534 536/536/536
f 535/535/535 536/536/536 537/537/537
f 537/537/537 536/536/536 538/538/538
f 537/537/537 538/538/538 539/539/539
f 539/539/539 538/538/538 540/540/540
f 539/539/539 540/540/540 541/541/541
f 541/541/541 540/540/540 542/542/542
f 541/541/541 542/542/542 543/543/543
f 543/543/543 542/542/542 544/544/544
f 543/543/543 544/544/544 545/545/545
f 545/545/545 544/544/544 546/546/546
f 545/545/545 546/546/546 547/547/547
f 547/547/547 546/546/546 548/548/548
f 547/547/547 548/548/548 549/549/549
f 549/549/549 548/548/548 550/550/550
f 549/549/549 550/550/550 551/551/551
f 551/551/551 550/550/550 552/552/552
f 551/551/551 552/552/552 553/553/553
f 553/553/553 552/552/552 554/554/554
f 553/553/553 554/554/554 555/555/555
f 555/555/555 554/554/554 556/556/556
f 555/555/555 556/556/556 557/557/557
f 557/557/557 556/556/556 558/558/558
f 557/557/557 558/558/558 559/559/559
f 559/559/559 558/558/558 560/560/560
f 559/559/559 560/560/560 561/561/561
f 561/561/561 560/560/560 562/562/562
f 563/563/563 564/564/564 565/565/565
f 565/565/565 564/564/564 566/566/566
f 565/565/565 566/566/566 567/567/567
f 567/567/567 566/566/566 568/568/568
f 567/567/567 568/568/568 569/569/569
f 569/569/569 568/568/568 570/570/570
f 569/569/569 570/570/570 571/571/571
f 571/571/571 570/570/570 572/572/572
f 571/571/571 572/572/572 573/573/573
f 573/573/573 572/572/572 574/574/574
f 573/573/573 574/574/574 575/575/575
f 575/575/575 574/574/574 576/576/576
f 575/575/575 576/576/576 577/577/577
f 577/577/577 576/576/576 578/578/578
f 577/577/577 578/578/578 579/579/579
f 579/579/579 578/578/578 580/580/580
f 579/579/579 580/580/580 581/581/581
f 581/581/581 580/580/580 582/582/582
f 581/581/581 582/582/582 583/583/583
f 583/583/583 582/582/582 584/584/584
f 583/583/583 584/584/584 585/585/585
f 585/585/585 584/584/584 586/586/586
f 585/585/585 586/586/586 587/587/587
f 587/587/587 586/586/586 588/588/588
f 587/587/587 588/588/588 589/589/589
f 589/589/589 588/588/588 590/590/590
f 589/589/589 590/590/590 591/591/591
f 591/591/591 590/590/590 592/592/592
f 591/591/591 592/592/592 593/593/593
f 593/593/593 592/592/592 594/594/594
f 593/593/593 594/594/594 595/595/595
f 595/595/595 594/594/594 596/596/596
f 595/595/595 596/596/596 597/597/597
f 597/597/597 596/596/596 598/598/598
f 597/597/597 598/598/598 599/599/599
f 599/599/599 598/598/598 600/600/600
f 599/599/599 600/600/600 601/601/601
f 601/601/601 600/600/600 602/602/602
f 601/601/601 602/602/602 603/603/603
f 603/603/603 602/602/602 604/604/604
f 603/603/603 604/604/604 605/605/605
f 605/605/605 604/604/604 606/606/606
f 605/605/605 606/606/606 607/607/607
f 607/607/607 606/606/606 608/608/608
f 607/607/607 608/608/608 511/511/511
f 511/511/511 608/608/608 512/512/512
f 609/609/609 610/610/610 611/611/611
f 611/611/611 610/610/610 612/612/612
f 611/611/611 612/612/612 613/613/613
f 613/613/613 612/612/612 614/614/614
f 613/613/613 614/614/614 615/615/615
f 613/613/613 615/615/615 616/616/616
f 616/616/616 615/615/615 617/617/617
f 616/616/616 617/617/617 618/618/618
f 616/616/616 618/618/618 619/619/619
f 619/619/619 618/618/618 620/620/620
f 619/619/619 620/620/620 621/621/621
f 621/621/621 620/620/620 622/622/622
f 621/621/621 622/622/622 623/623/623
f 621/621/621 623/623/623 624/624/624
f 624/624/624 623/623/623 625/625/625
f 624/624/624 625/625/625 626/626/626
f 624/624/624 626/626/626 627/627/627
f 627/627/627 626/626/626 628/628/628
f 627/627/627 628/628/628 629/629/629
f 629/629/629 628/628/628 630/630/630
f 630/630/630 628/628/628 631/631/631
f 630/630/630 631/631/631 632/632/632
f 630/630/630 632/632/632 633/633/633
f 633/633/633 632/632/632 634/634/634
f 633/633/633 634/634/634 635/635/635
f 633/633/633 635/635/635 636/636/636
f 636/636/636 635/635/635 637/637/637
f 636/636/636 637/637/637 638/638/638
f 638/638/638 637/637/637 639/639/639
f 638/638/638 639/639/639 640/640/640
f 638/638/638 640/640/640 641/641/641
f 641/641/641 640/640/640 642/642/642
f 641/641/641 642/642/642 643/643/643
f 643/643/643 642/642/642 644/644/644
f 643/643/643 644/644/644 645/645/645
f 643/643/643 645/645/645 646/646/646
f 646/646/646 645/645/645 647/647/647
f 646/646/646 647/647/647 648/648/648
f 649/649/649 650/650/650 648/648/648
f 648/648/648 650/650/650 651/651/651
f 648/648/648 651/651/651 646/646/646
f 646/646/646 651/651/651 652/652/652
f 652/652/652 651/651/651 653/653/653
f 652/652/652 653/653/653 654/654/654
f 654/654/654 653/653/653 655/655/655
f 654/654/654 655/655/655 656/656/656
f 656/656/656 655/655/655 657/657/657
f 656/656/656 657/657/657 658/658/658
f 658/658/658 657/657/657 659/659/659
f 658/658/658 659/659/659 660/660/660
f 660/660/660 659/659/659 661/661/661
f 660/660/660 661/661/661 662/662/662
f 662/662/662 661/661/661 627/627/627
f 662/662/662 627/627/627 629/629/629
f 649/649/649 663/663/663 650/650/650
f 650/650/650 663/663/663 664/664/664
f 664/664/664 663/663/663 665/665/665
f 664/664/664 665/665/665 666/666/666
f 664/664/664 666/666/666 667/667/667
f 667/667/667 666/666/666 668/668/668
f 667/667/667 668/668/668 669/669/669
f 667/667/667 669/669/669 670/670/670
f 670/670/670 669/669/669 671/671/671
f 670/670/670 671/671/671 672/672/672
f 672/672/672 671/671/671 673/673/673
f 672/672/672 673/673/673 674/674/674
f 672/672/672 674/674/674 675/675/675
f 675/675/675 674/674/674 676/676/676
f 675/675/675 676/676/676 677/677/677
f 675/675/675 677/677/677 678/678/678
f 678/678/678 677/677/677 679/679/679
f 678/678/678 679/679/679 680/680/680
f 681/681/681 682/682/682 680/680/680
f 680/680/680 682/682/682 683/683/683
f 680/680/680 683/683/683 678/678/678
f 678/678/678 683/683/683 684/684/684
f 684/684/684 683/683/683 685/685/685
f 684/684/684 685/685/685 686/686/686
f 686/686/686 685/685/685 687/687/687
f 686/686/686 687/687/687 688/688/688
f 688/688/688 687/687/687 689/689/689
f 688/688/688 689/689/689 690/690/690
f 690/690/690 689/689/689 691/691/691
f 690/690/690 691/691/691 692/692/692
f 681/681/681 693/693/693 682/682/682
f 682/682/682 693/693/693 694/694/694
f 694/694/694 693/693/693 695/695/695
f 694/694/694 695/695/695 696/696/696
f 694/694/694 696/696/696 697/697/697
f 697/697/697 696/696/696 698/698/698
f 697/697/697 698/698/698 699/699/699
f 699/699/699 698/698/698 700/700/700
f 699/699/699 700/700/700 701/701/701
f 699/699/699 701/701/701 702/702/702
f 702/702/702 701/701/701 703/703/703
f 702/702/702 703/703/703 704/704/704
f 704/704/704 703/703/703 705/705/705
f 704/704/704 705/705/705 706/706/706
f 704/704/704 706/706/706 707/707/707
f 707/707/707 706/706/706 708/708/708
f 707/707/707 708/708/708 709/709/709
f 707/707/707 709/709/709 710/710/710
f 710/710/710 709/709/709 609/609/609
f 710/710/710 609/609/609 611/611/611
f 710/710/710 711/711/711 707/707/707
f 707/707/707 711/711/711 712/712/712
f 712/712/712 711/711/711 713/713/713
f 712/712/712 713/713/713 692/692/692
f 692/692/692 713/713/713 690/690/690
f 714/714/714 715/715/715 716/716/716
f 716/716/716 715/715/715 717/717/717
f 716/716/716 717/717/717 718/718/718
f 718/718/718 717/717/717 719/719/719
f 718/718/718 719/719/719 720/720/720
f 720/720/720 719/719/719 721/721/721
f 720/720/720 721/721/721 722/722/722
f 722/722/722 721/721/721 723/723/723
f 722/722/722 723/723/723 724/724/724
f 724/724/724 723/723/723 725/725/725
f 724/724/724 725/725/725 726/726/726
f 726/726/726 725/725/725 727/727/727
f 726/726/726 727/727/727 728/728/728
f 728/728/728 727/727/727 729/729/729
f 728/728/728 729/729/729 730/730/730
f 730/730/730 729/729/729 731/731/731
f 732/732/732 733/733/733 734/734/734
f 734/734/734 733/733/733 735/735/735
f 734/734/734 735/735/735 736/736/736
f 736/736/736 735/735/735 737/737/737
f 736/736/736 737/737/737 738/738/738
f 738/738/738 737/737/737 739/739/739
f 738/738/738 739/739/739 740/740/740
f 740/740/740 739/739/739 741/741/741
f 740/740/740 741/741/741 742/742/742
f 742/742/742 741/741/741 743/743/743
f 742/742/742 743/743/743 714/714/714
f 714/714/714 743/743/743 715/715/715
f 744/744/744 745/745/745 746/746/746
f 746/746/746 745/745/745 747/747/747
f 746/746/746 747/747/747 748/748/748
f 748/748/748 747/747/747 749/749/749
f 748/748/748 749/749/749 750/750/750
f 750/750/750 749/749/749 751/751/751
f 750/750/750 751/751/751 752/752/752
f 752/752/752 751/751/751 753/753/753
f 752/752/752 753/753/753 754/754/754
f 754/754/754 753/753/753 755/755/755
f 754/754/754 755/755/755 756/756/756
f 756/756/756 755/755/755 757/757/757
f 756/756/756 757/757/757 758/758/758
f 758/758/758 757/757/757 759/759/759
f 758/758/758 759/759/759 760/760/760
f 760/760/760 759/759/759 761/761/761
f 762/762/762 763/763/763 764/764/764
f 764/764/764 763/763/763 765/765/765
f 764/764/764 765/765/765 766/766/766
f 766/766/766 765/765/765 767/767/767
f 766/766/766 767/767/767 768/768/768
f 768/768/768 767/767/767 769/769/769
f 768/768/768 769/769/769 770/770/770
f 770/770/770 769/769/769 771/771/771
f 770/770/770 771/771/771 772/772/772
f 772/772/772 771/771/771 773/773/773
f 772/772/772 773/773/773 744/744/744
f 744/744/744 773/773/773 745/745/745
f 774/774/774 775/775/775 776/776/776
f 776/776/776 775/775/775 777/777/777
f 776/776/776 777/777/777 778/778/778
f 778/778/778 777/777/777 779/779/779
f 778/778/778 779/779/779 780/780/780
f 780/780/780 779/779/779 781/781/781
f 781/781/781 779/779/779 782/782/782
f 781/781/781 782/782/782 783/783/783
f 783/783/783 782/782/782 784/784/784
f 783/783/783 784/784/784 785/785/785
f 785/785/785 784/784/784 786/786/786
f 785/785/785 786/786/786 787/787/787
f 787/787/787 786/786/786 788/788/788
f 787/787/787 788/788/788 789/789/789
f 789/789/789 788/788/788 790/790/790
f 789/789/789 790/790/790 791/791/791
f 791/791/791 790/790/790 792/792/792
f 791/791/791 792/792/792 793/793/793
f 793/793/793 792/792/792 794/794/794
f 793/793/793 794/794/794 795/795/795
f 795/795/795 794/794/794 796/796/796
f 795/795/795 796/796/796 797/797/797
f 797/797/797 796/796/796 798/798/798
f 797/797/797 798/798/798 799/799/799
f 799/799/799 798/798/798 800/800/800
f 799/799/799 800/800/800 801/801/801
f 801/801/801 800/800/800 802/802/802
f 801/801/801 802/802/802 803/803/803
f 803/803/803 802/802/802 804/804/804
f 803/803/803 804/804/804 805/805/805
f 805/805/805 804/804/804 806/806/806
f 805/805/805 806/806/806 807/807/807
f 807/807/807 806/806/806 808/808/808
f 807/807/807 808/808/808 809/809/809
f 809/809/809 808/808/808 810/810/810
f 809/809/809 810/810/810 811/811/811
f 811/811/811 810/810/810 812/812/812
f 811/811/811 812/812/812 813/813/813
f 813/813/813 812/812/812 814/814/814
f 813/813/813 814/814/814 815/815/815
f 815/815/815 814/814/814 816/816/816
f 815/815/815 816/816/816 817/817/817
f 817/817/817 816/816/816 818/818/818
f 817/817/817 818/818/818 819/819/819
f 819/819/819 818/818/818 820/820/820
f 819/819/819 820/820/820 821/821/821
f 821/821/821 820/820/820 822/822/822
f 821/821/821 822/822/822 823/823/823
f 823/823/823 822/822/822 824/824/824
f 823/823/823 824/824/824 825/825/825
f 825/825/825 824/824/824 826/826/826
f 825/825/825 826/826/826 827/827/827
f 827/827/827 826/826/826 828/828/828
f 827/827/827 828/828/828 829/829/829
f 829/829/829 828/828/828 830/830/830
f 830/830/830 828/828/828 831/831/831
f 830/830/830 831/831/831 832/832/832
f 832/832/832 831/831/831 833/833/833
f 832/832/832 833/833/833 834/834/834
f 834/834/834 833/833/833 835/835/835
f 834/834/834 835/835/835 836/836/836
f 836/836/836 835/835/835 837/837/837
f 836/836/836 837/837/837 838/838/838
f 838/838/838 837/837/837 839/839/839
f 838/838/838 839/839/839 840/840/840
f 840/840/840 839/839/839 841/841/841
f 840/840/840 841/841/841 842/842/842
f 842/842/842 841/841/841 843/843/843
f 842/842/842 843/843/843 844/844/844
f 844/844/844 843/843/843 845/845/845
f 844/844/844 845/845/845 846/846/846
f 846/846/846 845/845/845 847/847/847
f 846/846/846 847/847/847 848/848/848
f 848/848/848 847/847/847 849/849/849
f 848/848/848 849/849/849 850/850/850
f 850/850/850 849/849/849 851/851/851
f 850/850/850 851/851/851 852/852/852
f 852/852/852 851/851/851 853/853/853
f 852/852/852 853/853/853 854/854/854
f 854/854/854 853/853/853 855/855/855
f 854/854/854 855/855/855 856/856/856
f 856/856/856 855/855/855 857/857/857
f 856/856/856 857/857/857 858/858/858
f 858/858/858 857/857/857 859/859/859
f 858/858/858 859/859/859 860/860/860
f 860/860/860 859/859/859 861/861/861
f 860/860/860 861/861/861 862/862/862
f 862/862/862 861/861/861 863/863/863
f 862/862/862 863/863/863 864/864/864
f 864/864/864 863/863/863 865/865/865
f 864/864/864 865/865/865 866/866/866
f 866/866/866 865/865/865 867/867/867
f 866/866/866 867/867/867 868/868/868
f 868/868/868 867/867/867 869/869/869
f 868/868/868 869/869/869 870/870/870
f 870/870/870 869/869/869 871/871/871
f 870/870/870 871/871/871 774/774/774
f 774/774/774 871/871/871 775/775/775
f 872/872/872 873/873/873 874/874/874
f 874/874/874 873/873/873 875/875/875
f 875/875/875 873/873/873 876/876/876
f 876/876/876 873/873/873 877/877/877
f 877/877/877 873/873/873 878/878/878
f 877/877/877 878/878/878 879/879/879
f 879/879/879 878/878/878 880/880/880
f 879/879/879 880/880/880 881/881/881
f 881/881/881 880/880/880 882/882/882
f 881/881/881 882/882/882 883/883/883
f 883/883/883 882/882/882 884/884/884
f 883/883/883 884/884/884 885/885/885
f 885/885/885 884/884/884 886/886/886
f 885/885/885 886/886/886 887/887/887
f 887/887/887 886/886/886 888/888/888
f 887/887/887 888/888/888 889/889/889
f 889/889/889 888/888/888 890/890/890
f 889/889/889 890/890/890 891/891/891
f 891/891/891 890/890/890 892/892/892
f 891/891/891 892/892/892 893/893/893
f 893/893/893 892/892/892 894/894/894
f 893/893/893 894/894/894 895/895/895
f 895/895/895 894/894/894 896/896/896
f 896/896/896 894/894/894 897/897/897
f 896/896/896 897/897/897 898/898/898
f 898/898/898 897/897/897 899/899/899
f 900/900/900 901/901/901 902/902/902
f 902/902/902 901/901/901 903/903/903
f 903/903/903 901/901/901 904/904/904
f 903/903/903 904/904/904 905/905/905
f 905/905/905 904/904/904 906/906/906
f 905/905/905 906/906/906 907/907/907
f 906/906/906 904/904/904 908/908/908
f 908/908/908 904/904/904 909/909/909
f 908/908/908 909/909/909 910/910/910
f 910/910/910 911/911/911 908/908/908
f 908/908/908 911/911/911 912/912/912
f 913/913/913 914/914/914 915/915/915
f 915/915/915 914/914/914 916/916/916
f 915/915/915 916/916/916 917/917/917
f 917/917/917 916/916/916 918/918/918
f 914/914/914 919/919/919 916/916/916
f 916/916/916 919/919/919 920/920/920
f 916/916/916 920/920/920 921/921/921
f 922/922/922 923/923/923 924/924/924
f 924/924/924 923/923/923 925/925/925
f 924/924/924 925/925/925 926/926/926
f 923/923/923 922/922/922 927/927/927
f 927/927/927 922/922/922 928/928/928
f 927/927/927 928/928/928 929/929/929
f 929/929/929 928/928/928 930/930/930
f 929/929/929 930/930/930 931/931/931
f 931/931/931 930/930/930 932/932/932
f 931/931/931 932/932/932 933/933/933
f 926/926/926 934/934/934 924/924/924
f 935/935/935 936/936/936 937/937/937
f 937/937/937 936/936/936 938/938/938
f 937/937/937 938/938/938 939/939/939
f 939/939/939 938/938/938 940/940/940
f 939/939/939 940/940/940 941/941/941
f 941/941/941 940/940/940 942/942/942
f 941/941/941 942/942/942 943/943/943
f 936/936/936 944/944/944 938/938/938
f 938/938/938 944/944/944 940/940/940
f 944/944/944 945/945/945 940/940/940
f 940/940/940 945/945/945 942/942/942
f 945/945/945 946/946/946 942/942/942
f 942/942/942 946/946/946 947/947/947
f 942/942/942 947/947/947 948/948/948
f 948/948/948 947/947/947 949/949/949
f 950/950/950 951/951/951 952/952/952
f 952/952/952 951/951/951 953/953/953
f 952/952/952 953/953/953 954/954/954
f 954/954/954 953/953/953 955/955/955
f 954/954/954 955/955/955 956/956/956
f 956/956/956 955/955/955 957/957/957
f 956/956/956 957/957/957 958/958/958
f 958/958/958 957/957/957 959/959/959
f 958/958/958 959/959/959 960/960/960
f 960/960/960 959/959/959 961/961/961
f 960/960/960 961/961/961 962/962/962
f 962/962/962 961/961/961 963/963/963
f 962/962/962 963/963/963 964/964/964
f 964/964/964 963/963/963 965/965/965
f 964/964/964 965/965/965 966/966/966
f 953/953/953 951/951/951 967/967/967
f 967/967/967 951/951/951 968/968/968
f 967/967/967 968/968/968 969/969/969
f 969/969/969 968/968/968 970/970/970
f 969/969/969 970/970/970 959/959/959
f 959/959/959 970/970/970 961/961/961
f 968/968/968 971/971/971 970/970/970
f 970/970/970 971/971/971 972/972/972
f 970/970/970 972/972/972 961/961/961
f 961/961/961 972/972/972 963/963/963
f 971/971/971 973/973/973 972/972/972
f 972/972/972 973/973/973 974/974/974
f 972/972/972 974/974/974 963/963/963
f 963/963/963 974/974/974 965/965/965
f 966/966/966 975/975/975 964/964/964
f 964/964/964 975/975/975 962/962/962
f 975/975/975 976/976/976 962/962/962
f 962/962/962 976/976/976 960/960/960
f 960/960/960 976/976/976 958/958/958
f 958/958/958 976/976/976 977/977/977
f 958/958/958 977/977/977 956/956/956
f 956/956/956 977/977/977 978/978/978
f 956/956/956 978/978/978 979/979/979
f 979/979/979 954/954/954 956/956/956
f 955/955/955 953/953/953 967/967/967
f 959/959/959 957/957/957 969/969/969
f 969/969/969 957/957/957 967/967/967
f 957/957/957 955/955/955 967/967/967
f 980/980/980 981/981/981 982/982/982
f 982/982/982 981/981/981 983/983/983
f 982/982/982 983/983/983 984/984/984
f 984/984/984 983/983/983 985/985/985
f 984/984/984 985/985/985 986/986/986
f 984/984/984 986/986/986 987/987/987
f 987/987/987 986/986/986 988/988/988
f 987/987/987 988/988/988 989/989/989
f 987/987/987 989/989/989 990/990/990
f 990/990/990 989/989/989 991/991/991
f 990/990/990 991/991/991 992/992/992
f 992/992/992 991/991/991 993/993/993
f 992/992/992 993/993/993 994/994/994
f 994/994/994 993/993/993 995/995/995
f 994/994/994 995/995/995 996/996/996
f 996/996/996 995/995/995 997/997/997
f 996/996/996 997/997/997 998/998/998
f 996/996/996 998/998/998 999/999/999
f 999/999/999 998/998/998 1000/1000/1000
f 999/999/999 1000/1000/1000 1001/1001/1001
f 1001/1001/1001 1000/1000/1000 1002/1002/1002
f 1001/1001/1001 1002/1002/1002 1003/1003/1003
f 1001/1001/1001 1003/1003/1003 1004/1004/1004
f 1004/1004/1004 1003/1003/1003 1005/1005/1005
f 1004/1004/1004 1005/1005/1005 1006/1006/1006
f 1006/1006/1006 1005/1005/1005 1007/1007/1007
f 1006/1006/1006 1007/1007/1007 1008/1008/1008
f 1008/1008/1008 1007/1007/1007 980/980/980
f 1008/1008/1008 980/980/980 982/982/982
f 1008/1008/1008 982/982/982 1009/1009/1009
f 1009/1009/1009 982/982/982 984/984/984
f 1009/1009/1009 984/984/984 990/990/990
f 990/990/990 984/984/984 987/987/987
f 1006/1006/1006 1008/1008/1008 1010/1010/1010
f 1010/1010/1010 1008/1008/1008 1009/1009/1009
f 1010/1010/1010 1009/1009/1009 992/992/992
f 992/992/992 1009/1009/1009 990/990/990
f 999/999/999 1001/1001/1001 1004/1004/1004
f 1004/1004/1004 1006/1006/1006 1011/1011/1011
f 1011/1011/1011 1006/1006/1006 1010/1010/1010
f 1011/1011/1011 1010/1010/1010 994/994/994
f 994/994/994 1010/1010/1010 992/992/992
f 996/996/996 999/999/999 1011/1011/1011
f 1011/1011/1011 999/999/999 1004/1004/1004
f 996/996/996 1011/1011/1011 994/994/994
f 1012/1012/1012 1013/1013/1013 1014/1014/1014
f 1014/1014/1014 1013/1013/1013 1015/1015/1015
f 1014/1014/1014 1015/1015/1015 1016/1016/1016
f 1016/1016/1016 1015/1015/1015 1017/1017/1017
f 1016/1016/1016 1017/1017/1017 1018/1018/1018
f 1018/1018/1018 1017/1017/1017 1019/1019/1019
f 1018/1018/1018 1019/1019/1019 1020/1020/1020
f 1020/1020/1020 1019/1019/1019 1021/1021/1021
f 1021/1021/1021 1019/1019/1019 1022/1022/1022
f 1022/1022/1022 1019/1019/1019 1023/1023/1023
f 1022/1022/1022 1023/1023/1023 1024/1024/1024
f 1024/1024/1024 1023/1023/1023 1025/1025/1025
f 1024/1024/1024 1025/1025/1025 1026/1026/1026
f 1026/1026/1026 1025/1025/1025 1027/1027/1027
f 1026/1026/1026 1027/1027/1027 1028/1028/1028
f 1028/1028/1028 1027/1027/1027 1029/1029/1029
f 1028/1028/1028 1029/1029/1029 1030/1030/1030
f 1015/1015/1015 1013/1013/1013 1031/1031/1031
f 1031/1031/1031 1013/1013/1013 1032/1032/1032
f 1031/1031/1031 1032/1032/1032 1033/1033/1033
f 1033/1033/1033 1032/1032/1032 1034/1034/1034
f 1033/1033/1033 1034/1034/1034 1027/1027/1027
f 1027/1027/1027 1034/1034/1034 1029/1029/1029
f 1028/1028/1028 1030/1030/1030 1035/1035/1035
f 1035/1035/1035 1030/1030/1030 1036/1036/1036
f 1035/1035/1035 1036/1036/1036 1037/1037/1037
f 1037/1037/1037 1036/1036/1036 1038/1038/1038
f 1037/1037/1037 1038/1038/1038 1039/1039/1039
f 1039/1039/1039 1038/1038/1038 1040/1040/1040
f 1039/1039/1039 1040/1040/1040 1041/1041/1041
f 1041/1041/1041 1040/1040/1040 1042/1042/1042
f 1041/1041/1041 1042/1042/1042 1043/1043/1043
f 1043/1043/1043 1042/1042/1042 1044/1044/1044
f 1043/1043/1043 1044/1044/1044 1045/1045/1045
f 1045/1045/1045 1044/1044/1044 1046/1046/1046
f 1045/1045/1045 1046/1046/1046 1047/1047/1047
f 1047/1047/1047 1046/1046/1046 1048/1048/1048
f 1047/1047/1047 1048/1048/1048 1049/1049/1049
f 1049/1049/1049 1048/1048/1048 1050/1050/1050
f 1050/1050/1050 1048/1048/1048 1051/1051/1051
f 1050/1050/1050 1051/1051/1051 1052/1052/1052
f 1052/1052/1052 1051/1051/1051 1053/1053/1053
f 1053/1053/1053 1051/1051/1051 1054/1054/1054
f 1054/1054/1054 1051/1051/1051 1055/1055/1055
f 1054/1054/1054 1055/1055/1055 1056/1056/1056
f 1056/1056/1056 1055/1055/1055 1057/1057/1057
f 1056/1056/1056 1057/1057/1057 1058/1058/1058
f 1058/1058/1058 1057/1057/1057 1059/1059/1059
f 1059/1059/1059 1057/1057/1057 1060/1060/1060
f 1060/1060/1060 1057/1057/1057 1044/1044/1044
f 1060/1060/1060 1044/1044/1044 1042/1042/1042
f 1049/1049/1049 1061/1061/1061 1047/1047/1047
f 1047/1047/1047 1061/1061/1061 1062/1062/1062
f 1047/1047/1047 1062/1062/1062 1045/1045/1045
f 1045/1045/1045 1062/1062/1062 1063/1063/1063
f 1045/1045/1045 1063/1063/1063 1043/1043/1043
f 1043/1043/1043 1063/1063/1063 1041/1041/1041
f 1062/1062/1062 1061/1061/1061 1064/1064/1064
f 1064/1064/1064 1061/1061/1061 1065/1065/1065
f 1064/1064/1064 1065/1065/1065 1066/1066/1066
f 1066/1066/1066 1065/1065/1065 1067/1067/1067
f 1066/1066/1066 1067/1067/1067 1068/1068/1068
f 1068/1068/1068 1067/1067/1067 1069/1069/1069
f 1068/1068/1068 1069/1069/1069 1037/1037/1037
f 1037/1037/1037 1069/1069/1069 1035/1035/1035
f 1065/1065/1065 1070/1070/1070 1067/1067/1067
f 1067/1067/1067 1070/1070/1070 1071/1071/1071
f 1067/1067/1067 1071/1071/1071 1069/1069/1069
f 1069/1069/1069 1071/1071/1071 1072/1072/1072
f 1069/1069/1069 1072/1072/1072 1035/1035/1035
f 1035/1035/1035 1072/1072/1072 1028/1028/1028
f 1070/1070/1070 1073/1073/1073 1071/1071/1071
f 1071/1071/1071 1073/1073/1073 1074/1074/1074
f 1071/1071/1071 1074/1074/1074 1072/1072/1072
f 1072/1072/1072 1074/1074/1074 1026/1026/1026
f 1072/1072/1072 1026/1026/1026 1028/1028/1028
f 1073/1073/1073 1075/1075/1075 1074/1074/1074
f 1074/1074/1074 1075/1075/1075 1024/1024/1024
f 1074/1074/1074 1024/1024/1024 1026/1026/1026
f 1075/1075/1075 1022/1022/1022 1024/1024/1024
f 1046/1046/1046 1044/1044/1044 1057/1057/1057
f 1068/1068/1068 1037/1037/1037 1039/1039/1039
f 1039/1039/1039 1041/1041/1041 1076/1076/1076
f 1076/1076/1076 1041/1041/1041 1063/1063/1063
f 1076/1076/1076 1063/1063/1063 1064/1064/1064
f 1064/1064/1064 1063/1063/1063 1062/1062/1062
f 1027/1027/1027 1025/1025/1025 1033/1033/1033
f 1033/1033/1033 1025/1025/1025 1077/1077/1077
f 1033/1033/1033 1077/1077/1077 1031/1031/1031
f 1031/1031/1031 1077/1077/1077 1017/1017/1017
f 1031/1031/1031 1017/1017/1017 1015/1015/1015
f 1048/1048/1048 1046/1046/1046 1055/1055/1055
f 1055/1055/1055 1046/1046/1046 1057/1057/1057
f 1051/1051/1051 1048/1048/1048 1055/1055/1055
f 1066/1066/1066 1068/1068/1068 1076/1076/1076
f 1076/1076/1076 1068/1068/1068 1039/1039/1039
f 1066/1066/1066 1076/1076/1076 1064/1064/1064
f 1019/1019/1019 1017/1017/1017 1077/1077/1077
f 1019/1019/1019 1077/1077/1077 1023/1023/1023
f 1023/1023/1023 1077/1077/1077 1025/1025/1025
f 1078/1078/1078 1079/1079/1079 1080/1080/1080
f 1080/1080/1080 1079/1079/1079 1081/1081/1081
f 1080/1080/1080 1081/1081/1081 1082/1082/1082
f 1082/1082/1082 1081/1081/1081 1083/1083/1083
f 1082/1082/1082 1083/1083/1083 1084/1084/1084
f 1084/1084/1084 1083/1083/1083 1085/1085/1085
f 1084/1084/1084 1085/1085/1085 1086/1086/1086
f 1086/1086/1086 1085/1085/1085 1087/1087/1087
f 1086/1086/1086 1087/1087/1087 1088/1088/1088
f 1088/1088/1088 1087/1087/1087 1089/1089/1089
f 1088/1088/1088 1089/1089/1089 1090/1090/1090
f 1090/1090/1090 1089/1089/1089 1091/1091/1091
f 1090/1090/1090 1091/1091/1091 1092/1092/1092
f 1092/1092/1092 1091/1091/1091 1093/1093/1093
f 1092/1092/1092 1093/1093/1093 1094/1094/1094
f 1094/1094/1094 1093/1093/1093 1095/1095/1095
f 1094/1094/1094 1095/1095/1095 1096/1096/1096
f 1096/1096/1096 1095/1095/1095 1097/1097/1097
f 1096/1096/1096 1097/1097/1097 1098/1098/1098
f 1098/1098/1098 1097/1097/1097 1099/1099/1099
f 1099/1099/1099 1097/1097/1097 1100/1100/1100
f 1099/1099/1099 1100/1100/1100 1101/1101/1101
f 1101/1101/1101 1100/1100/1100 1102/1102/1102
f 1101/1101/1101 1102/1102/1102 1103/1103/1103
f 1103/1103/1103 1102/1102/1102 1104/1104/1104
f 1103/1103/1103 1104/1104/1104 1105/1105/1105
f 1105/1105/1105 1104/1104/1104 1091/1091/1091
f 1091/1091/1091 1104/1104/1104 1093/1093/1093
f 1078/1078/1078 1106/1106/1106 1079/1079/1079
f 1079/1079/1079 1106/1106/1106 1107/1107/1107
f 1079/1079/1079 1107/1107/1107 1108/1108/1108
f 1108/1108/1108 1107/1107/1107 1109/1109/1109
f 1108/1108/1108 1109/1109/1109 1110/1110/1110
f 1110/1110/1110 1109/1109/1109 1089/1089/1089
f 1110/1110/1110 1089/1089/1089 1087/1087/1087
f 1106/1106/1106 1111/1111/1111 1107/1107/1107
f 1107/1107/1107 1111/1111/1111 1109/1109/1109
f 1111/1111/1111 1112/1112/1112 1109/1109/1109
f 1082/1082/1082 1113/1113/1113 1098/1098/1098
f 1098/1098/1098 1113/1113/1113 1114/1114/1114
f 1098/1098/1098 1114/1114/1114 1115/1115/1115
f 1115/1115/1115 1114/1114/1114 1116/1116/1116
f 1115/1115/1115 1116/1116/1116 1094/1094/1094
f 1094/1094/1094 1116/1116/1116 1092/1092/1092
f 1083/1083/1083 1081/1081/1081 1117/1117/1117
f 1117/1117/1117 1081/1081/1081 1079/1079/1079
f 1117/1117/1117 1079/1079/1079 1108/1108/1108
f 1083/1083/1083 1117/1117/1117 1085/1085/1085
f 1085/1085/1085 1117/1117/1117 1110/1110/1110
f 1085/1085/1085 1110/1110/1110 1087/1087/1087
f 1110/1110/1110 1117/1117/1117 1108/1108/1108
f 1114/1114/1114 1113/1113/1113 1118/1118/1118
f 1118/1118/1118 1113/1113/1113 1086/1086/1086
f 1118/1118/1118 1086/1086/1086 1088/1088/1088
f 1114/1114/1114 1118/1118/1118 1116/1116/1116
f 1116/1116/1116 1118/1118/1118 1090/1090/1090
f 1116/1116/1116 1090/1090/1090 1092/1092/1092
f 1090/1090/1090 1118/1118/1118 1088/1088/1088
f 1115/1115/1115 1094/1094/1094 1096/1096/1096
f 1100/1100/1100 1097/1097/1097 1102/1102/1102
f 1102/1102/1102 1097/1097/1097 1095/1095/1095
f 1102/1102/1102 1095/1095/1095 1104/1104/1104
f 1104/1104/1104 1095/1095/1095 1093/1093/1093
f 1098/1098/1098 1115/1115/1115 1096/1096/1096
f 1082/1082/1082 1084/1084/1084 1113/1113/1113
f 1113/1113/1113 1084/1084/1084 1086/1086/1086
f 1119/1119/1119 1120/1120/1120 1121/1121/1121
f 1121/1121/1121 1120/1120/1120 1122/1122/1122
f 1121/1121/1121 1122/1122/1122 1123/1123/1123
f 1123/1123/1123 1122/1122/1122 1124/1124/1124
f 1123/1123/1123 1124/1124/1124 1125/1125/1125
f 1125/1125/1125 1124/1124/1124 1126/1126/1126
f 1125/1125/1125 1126/1126/1126 1127/1127/1127
f 1125/1125/1125 1127/1127/1127 1128/1128/1128
f 1128/1128/1128 1127/1127/1127 1129/1129/1129
f 1128/1128/1128 1129/1129/1129 1130/1130/1130
f 1130/1130/1130 1129/1129/1129 1131/1131/1131
f 1130/1130/1130 1131/1131/1131 1132/1132/1132
f 1130/1130/1130 1132/1132/1132 1133/1133/1133
f 1133/1133/1133 1132/1132/1132 1134/1134/1134
f 1133/1133/1133 1134/1134/1134 1135/1135/1135
f 1135/1135/1135 1134/1134/1134 1136/1136/1136
f 1135/1135/1135 1136/1136/1136 1137/1137/1137
f 1135/1135/1135 1137/1137/1137 1138/1138/1138
f 1138/1138/1138 1137/1137/1137 1119/1119/1119
f 1138/1138/1138 1119/1119/1119 1121/1121/1121
f 1133/1133/1133 1135/1135/1135 1138/1138/1138
f 1138/1138/1138 1121/1121/1121 1139/1139/1139
f 1139/1139/1139 1121/1121/1121 1123/1123/1123
f 1139/1139/1139 1123/1123/1123 1128/1128/1128
f 1128/1128/1128 1123/1123/1123 1125/1125/1125
f 1130/1130/1130 1133/1133/1133 1139/1139/1139
f 1139/1139/1139 1133/1133/1133 1138/1138/1138
f 1130/1130/1130 1139/1139/1139 1128/1128/1128
f 1140/1140/1140 1141/1141/1141 1142/1142/1142
f 1142/1142/1142 1141/1141/1141 1143/1143/1143
f 1142/1142/1142 1143/1143/1143 1144/1144/1144
f 1144/1144/1144 1143/1143/1143 1145/1145/1145
f 1144/1144/1144 1145/1145/1145 1146/1146/1146
f 1146/1146/1146 1145/1145/1145 1147/1147/1147
f 1146/1146/1146 1147/1147/1147 1148/1148/1148
f 1148/1148/1148 1147/1147/1147 1149/1149/1149
f 1148/1148/1148 1149/1149/1149 1150/1150/1150
f 1150/1150/1150 1149/1149/1149 1151/1151/1151
f 1150/1150/1150 1151/1151/1151 1152/1152/1152
f 1152/1152/1152 1151/1151/1151 1153/1153/1153
f 1152/1152/1152 1153/1153/1153 1154/1154/1154
f 1154/1154/1154 1153/1153/1153 1155/1155/1155
f 1154/1154/1154 1155/1155/1155 1156/1156/1156
f 1156/1156/1156 1155/1155/1155 1157/1157/1157
f 1156/1156/1156 1157/1157/1157 1158/1158/1158
f 1158/1158/1158 1157/1157/1157 1159/1159/1159
f 1158/1158/1158 1159/1159/1159 1160/1160/1160
f 1160/1160/1160 1159/1159/1159 1161/1161/1161
f 1160/1160/1160 1161/1161/1161 1162/1162/1162
f 1162/1162/1162 1161/1161/1161 1163/1163/1163
f 1162/1162/1162 1163/1163/1163 1164/1164/1164
f 1147/1147/1147 1165/1165/1165 1149/1149/1149
f 1149/1149/1149 1165/1165/1165 1151/1151/1151
f 1155/1155/1155 1166/1166/1166 1157/1157/1157
f 1157/1157/1157 1166/1166/1166 1163/1163/1163
f 1157/1157/1157 1163/1163/1163 1159/1159/1159
f 1159/1159/1159 1163/1163/1163 1161/1161/1161
f 1162/1162/1162 1164/1164/1164 1167/1167/1167
f 1167/1167/1167 1164/1164/1164 1168/1168/1168
f 1167/1167/1167 1168/1168/1168 1169/1169/1169
f 1169/1169/1169 1170/1170/1170 1167/1167/1167
f 1167/1167/1167 1170/1170/1170 1171/1171/1171
f 1167/1167/1167 1171/1171/1171 1172/1172/1172
f 1172/1172/1172 1171/1171/1171 1173/1173/1173
f 1172/1172/1172 1173/1173/1173 1174/1174/1174
f 1174/1174/1174 1173/1173/1173 1175/1175/1175
f 1174/1174/1174 1175/1175/1175 1176/1176/1176
f 1176/1176/1176 1175/1175/1175 1177/1177/1177
f 1176/1176/1176 1177/1177/1177 1154/1154/1154
f 1154/1154/1154 1177/1177/1177 1152/1152/1152
f 1171/1171/1171 1170/1170/1170 1178/1178/1178
f 1178/1178/1178 1170/1170/1170 1179/1179/1179
f 1178/1178/1178 1179/1179/1179 1180/1180/1180
f 1180/1180/1180 1179/1179/1179 1140/1140/1140
f 1180/1180/1180 1140/1140/1140 1181/1181/1181
f 1181/1181/1181 1140/1140/1140 1142/1142/1142
f 1181/1181/1181 1142/1142/1142 1144/1144/1144
f 1180/1180/1180 1181/1181/1181 1182/1182/1182
f 1182/1182/1182 1181/1181/1181 1144/1144/1144
f 1182/1182/1182 1144/1144/1144 1146/1146/1146
f 1173/1173/1173 1171/1171/1171 1178/1178/1178
f 1178/1178/1178 1180/1180/1180 1183/1183/1183
f 1183/1183/1183 1180/1180/1180 1182/1182/1182
f 1183/1183/1183 1182/1182/1182 1184/1184/1184
f 1184/1184/1184 1182/1182/1182 1146/1146/1146
f 1184/1184/1184 1146/1146/1146 1185/1185/1185
f 1185/1185/1185 1146/1146/1146 1148/1148/1148
f 1185/1185/1185 1148/1148/1148 1150/1150/1150
f 1162/1162/1162 1167/1167/1167 1172/1172/1172
f 1175/1175/1175 1173/1173/1173 1183/1183/1183
f 1183/1183/1183 1173/1173/1173 1178/1178/1178
f 1175/1175/1175 1183/1183/1183 1184/1184/1184
f 1160/1160/1160 1162/1162/1162 1172/1172/1172
f 1160/1160/1160 1172/1172/1172 1174/1174/1174
f 1177/1177/1177 1175/1175/1175 1184/1184/1184
f 1177/1177/1177 1184/1184/1184 1185/1185/1185
f 1158/1158/1158 1160/1160/1160 1174/1174/1174
f 1158/1158/1158 1174/1174/1174 1176/1176/1176
f 1152/1152/1152 1177/1177/1177 1185/1185/1185
f 1152/1152/1152 1185/1185/1185 1150/1150/1150
f 1156/1156/1156 1158/1158/1158 1176/1176/1176
f 1156/1156/1156 1176/1176/1176 1154/1154/1154
f 1186/1186/1186 1187/1187/1187 1188/1188/1188
f 1188/1188/1188 1187/1187/1187 1189/1189/1189
f 1188/1188/1188 1189/1189/1189 1190/1190/1190
f 1190/1190/1190 1189/1189/1189 1191/1191/1191
f 1190/1190/1190 1191/1191/1191 1192/1192/1192
f 1192/1192/1192 1191/1191/1191 1193/1193/1193
f 1192/1192/1192 1193/1193/1193 1194/1194/1194
f 1194/1194/1194 1193/1193/1193 1195/1195/1195
f 1194/1194/1194 1195/1195/1195 1196/1196/1196
f 1196/1196/1196 1195/1195/1195 1197/1197/1197
f 1197/1197/1197 1195/1195/1195 1198/1198/1198
f 1197/1197/1197 1198/1198/1198 1199/1199/1199
f 1199/1199/1199 1198/1198/1198 1200/1200/1200
f 1199/1199/1199 1200/1200/1200 1201/1201/1201
f 1201/1201/1201 1200/1200/1200 1202/1202/1202
f 1201/1201/1201 1202/1202/1202 1203/1203/1203
f 1203/1203/1203 1202/1202/1202 1204/1204/1204
f 1203/1203/1203 1204/1204/1204 1205/1205/1205
f 1205/1205/1205 1204/1204/1204 1206/1206/1206
f 1205/1205/1205 1206/1206/1206 1207/1207/1207
f 1207/1207/1207 1206/1206/1206 1186/1186/1186
f 1207/1207/1207 1186/1186/1186 1208/1208/1208
f 1209/1209/1209 1210/1210/1210 1208/1208/1208
f 1208/1208/1208 1210/1210/1210 1211/1211/1211
f 1208/1208/1208 1211/1211/1211 1207/1207/1207
f 1207/1207/1207 1211/1211/1211 1212/1212/1212
f 1207/1207/1207 1212/1212/1212 1205/1205/1205
f 1205/1205/1205 1212/1212/1212 1213/1213/1213
f 1205/1205/1205 1213/1213/1213 1203/1203/1203
f 1203/1203/1203 1213/1213/1213 1214/1214/1214
f 1203/1203/1203 1214/1214/1214 1201/1201/1201
f 1201/1201/1201 1214/1214/1214 1215/1215/1215
f 1201/1201/1201 1215/1215/1215 1199/1199/1199
f 1199/1199/1199 1215/1215/1215 1216/1216/1216
f 1199/1199/1199 1216/1216/1216 1197/1197/1197
f 1209/1209/1209 1217/1217/1217 1210/1210/1210
f 1210/1210/1210 1217/1217/1217 1218/1218/1218
f 1210/1210/1210 1218/1218/1218 1211/1211/1211
f 1211/1211/1211 1218/1218/1218 1212/1212/1212
f 1217/1217/1217 1219/1219/1219 1218/1218/1218
f 1218/1218/1218 1219/1219/1219 1220/1220/1220
f 1218/1218/1218 1220/1220/1220 1212/1212/1212
f 1212/1212/1212 1220/1220/1220 1213/1213/1213
f 1220/1220/1220 1219/1219/1219 1221/1221/1221
f 1221/1221/1221 1219/1219/1219 1222/1222/1222
f 1221/1221/1221 1222/1222/1222 1223/1223/1223
f 1223/1223/1223 1222/1222/1222 1224/1224/1224
f 1223/1223/1223 1224/1224/1224 1216/1216/1216
f 1206/1206/1206 1204/1204/1204 1187/1187/1187
f 1187/1187/1187 1204/1204/1204 1189/1189/1189
f 1204/1204/1204 1202/1202/1202 1189/1189/1189
f 1189/1189/1189 1202/1202/1202 1191/1191/1191
f 1198/1198/1198 1195/1195/1195 1193/1193/1193
f 1202/1202/1202 1200/1200/1200 1191/1191/1191
f 1191/1191/1191 1200/1200/1200 1193/1193/1193
f 1200/1200/1200 1198/1198/1198 1193/1193/1193
f 1186/1186/1186 1206/1206/1206 1187/1187/1187
f 1214/1214/1214 1213/1213/1213 1221/1221/1221
f 1221/1221/1221 1213/1213/1213 1220/1220/1220
f 1215/1215/1215 1214/1214/1214 1223/1223/1223
f 1223/1223/1223 1214/1214/1214 1221/1221/1221
f 1216/1216/1216 1215/1215/1215 1223/1223/1223
f 1225/1225/1225 1226/1226/1226 1227/1227/1227
f 1227/1227/1227 1226/1226/1226 1228/1228/1228
f 1227/1227/1227 1228/1228/1228 1229/1229/1229
f 1229/1229/1229 1228/1228/1228 1230/1230/1230
f 1230/1230/1230 1228/1228/1228 1231/1231/1231
f 1230/1230/1230 1231/1231/1231 1232/1232/1232
f 1226/1226/1226 1233/1233/1233 1228/1228/1228
f 1228/1228/1228 1233/1233/1233 1231/1231/1231
f 1234/1234/1234 1235/1235/1235 1233/1233/1233
f 1233/1233/1233 1235/1235/1235 1231/1231/1231
f 1236/1236/1236 1237/1237/1237 1229/1229/1229
f 1229/1229/1229 1237/1237/1237 1227/1227/1227
f 1238/1238/1238 1239/1239/1239 1240/1240/1240
f 1240/1240/1240 1239/1239/1239 1241/1241/1241
f 1240/1240/1240 1241/1241/1241 1242/1242/1242
f 1242/1242/1242 1241/1241/1241 1243/1243/1243
f 1242/1242/1242 1243/1243/1243 1244/1244/1244
f 1244/1244/1244 1243/1243/1243 1245/1245/1245
f 1245/1245/1245 1243/1243/1243 1246/1246/1246
f 1245/1245/1245 1246/1246/1246 1247/1247/1247
f 1247/1247/1247 1246/1246/1246 1248/1248/1248
f 1247/1247/1247 1248/1248/1248 1249/1249/1249
f 1239/1239/1239 1250/1250/1250 1241/1241/1241
f 1241/1241/1241 1250/1250/1250 1251/1251/1251
f 1241/1241/1241 1251/1251/1251 1243/1243/1243
f 1243/1243/1243 1251/1251/1251 1252/1252/1252
f 1243/1243/1243 1252/1252/1252 1246/1246/1246
f 1246/1246/1246 1252/1252/1252 1253/1253/1253
f 1246/1246/1246 1253/1253/1253 1254/1254/1254
f 1254/1254/1254 1253/1253/1253 1255/1255/1255
f 1255/1255/1255 1253/1253/1253 1256/1256/1256
f 1255/1255/1255 1256/1256/1256 1257/1257/1257
f 1257/1257/1257 1256/1256/1256 1258/1258/1258
f 1258/1258/1258 1256/1256/1256 1259/1259/1259
f 1258/1258/1258 1259/1259/1259 1260/1260/1260
f 1260/1260/1260 1259/1259/1259 1261/1261/1261
f 1260/1260/1260 1261/1261/1261 1262/1262/1262
f 1262/1262/1262 1261/1261/1261 1263/1263/1263
f 1263/1263/1263 1261/1261/1261 1264/1264/1264
f 1263/1263/1263 1264/1264/1264 1265/1265/1265
f 1265/1265/1265 1264/1264/1264 1266/1266/1266
f 1265/1265/1265 1266/1266/1266 1267/1267/1267
f 1267/1267/1267 1266/1266/1266 1268/1268/1268
f 1267/1267/1267 1268/1268/1268 1269/1269/1269
f 1269/1269/1269 1268/1268/1268 1270/1270/1270
f 1269/1269/1269 1270/1270/1270 1271/1271/1271
f 1271/1271/1271 1270/1270/1270 1272/1272/1272
f 1271/1271/1271 1272/1272/1272 1273/1273/1273
f 1273/1273/1273 1272/1272/1272 1274/1274/1274
f 1273/1273/1273 1274/1274/1274 1275/1275/1275
f 1250/1250/1250 1276/1276/1276 1251/1251/1251
f 1251/1251/1251 1276/1276/1276 1277/1277/1277
f 1251/1251/1251 1277/1277/1277 1252/1252/1252
f 1252/1252/1252 1277/1277/1277 1278/1278/1278
f 1252/1252/1252 1278/1278/1278 1253/1253/1253
f 1253/1253/1253 1278/1278/1278 1256/1256/1256
f 1276/1276/1276 1279/1279/1279 1277/1277/1277
f 1277/1277/1277 1279/1279/1279 1280/1280/1280
f 1277/1277/1277 1280/1280/1280 1278/1278/1278
f 1278/1278/1278 1280/1280/1280 1281/1281/1281
f 1278/1278/1278 1281/1281/1281 1256/1256/1256
f 1256/1256/1256 1281/1281/1281 1259/1259/1259
f 1279/1279/1279 1282/1282/1282 1280/1280/1280
f 1280/1280/1280 1282/1282/1282 1283/1283/1283
f 1280/1280/1280 1283/1283/1283 1284/1284/1284
f 1284/1284/1284 1283/1283/1283 1285/1285/1285
f 1284/1284/1284 1285/1285/1285 1286/1286/1286
f 1286/1286/1286 1285/1285/1285 1287/1287/1287
f 1286/1286/1286 1287/1287/1287 1288/1288/1288
f 1288/1288/1288 1287/1287/1287 1266/1266/1266
f 1288/1288/1288 1266/1266/1266 1264/1264/1264
f 1285/1285/1285 1289/1289/1289 1287/1287/1287
f 1287/1287/1287 1289/1289/1289 1268/1268/1268
f 1287/1287/1287 1268/1268/1268 1266/1266/1266
f 1289/1289/1289 1270/1270/1270 1268/1268/1268
f 1273/1273/1273 1275/1275/1275 1290/1290/1290
f 1290/1290/1290 1275/1275/1275 1291/1291/1291
f 1290/1290/1290 1291/1291/1291 1292/1292/1292
f 1292/1292/1292 1291/1291/1291 1293/1293/1293
f 1292/1292/1292 1293/1293/1293 1294/1294/1294
f 1292/1292/1292 1294/1294/1294 1295/1295/1295
f 1295/1295/1295 1294/1294/1294 1296/1296/1296
f 1295/1295/1295 1296/1296/1296 1297/1297/1297
f 1297/1297/1297 1296/1296/1296 1298/1298/1298
f 1297/1297/1297 1298/1298/1298 1299/1299/1299
f 1299/1299/1299 1298/1298/1298 1267/1267/1267
f 1299/1299/1299 1267/1267/1267 1269/1269/1269
f 1296/1296/1296 1300/1300/1300 1298/1298/1298
f 1298/1298/1298 1300/1300/1300 1265/1265/1265
f 1298/1298/1298 1265/1265/1265 1267/1267/1267
f 1300/1300/1300 1263/1263/1263 1265/1265/1265
f 1254/1254/1254 1248/1248/1248 1246/1246/1246
f 1299/1299/1299 1269/1269/1269 1271/1271/1271
f 1271/1271/1271 1273/1273/1273 1301/1301/1301
f 1301/1301/1301 1273/1273/1273 1290/1290/1290
f 1301/1301/1301 1290/1290/1290 1295/1295/1295
f 1295/1295/1295 1290/1290/1290 1292/1292/1292
f 1281/1281/1281 1280/1280/1280 1284/1284/1284
f 1284/1284/1284 1286/1286/1286 1302/1302/1302
f 1302/1302/1302 1286/1286/1286 1288/1288/1288
f 1302/1302/1302 1288/1288/1288 1261/1261/1261
f 1261/1261/1261 1288/1288/1288 1264/1264/1264
f 1297/1297/1297 1299/1299/1299 1301/1301/1301
f 1301/1301/1301 1299/1299/1299 1271/1271/1271
f 1297/1297/1297 1301/1301/1301 1295/1295/1295
f 1259/1259/1259 1281/1281/1281 1302/1302/1302
f 1302/1302/1302 1281/1281/1281 1284/1284/1284
f 1259/1259/1259 1302/1302/1302 1261/1261/1261
f 1303/1303/1303 1304/1304/1304 1305/1305/1305
f 1305/1305/1305 1304/1304/1304 1306/1306/1306
f 1305/1305/1305 1306/1306/1306 1307/1307/1307
f 1307/1307/1307 1306/1306/1306 1308/1308/1308
f 1307/1307/1307 1308/1308/1308 1309/1309/1309
f 1303/1303/1303 1310/1310/1310 1304/1304/1304
f 1304/1304/1304 1310/1310/1310 1311/1311/1311
f 1312/1312/1312 1313/1313/1313 1309/1309/1309
f 1309/1309/1309 1313/1313/1313 1314/1314/1314
f 1309/1309/1309 1314/1314/1314 1307/1307/1307
f 1312/1312/1312 1315/1315/1315 1313/1313/1313
f 1313/1313/1313 1315/1315/1315 1316/1316/1316
f 1313/1313/1313 1316/1316/1316 1314/1314/1314
f 1314/1314/1314 1316/1316/1316 1317/1317/1317
f 1318/1318/1318 1319/1319/1319 1320/1320/1320
f 1320/1320/1320 1319/1319/1319 1321/1321/1321
f 1320/1320/1320 1321/1321/1321 1322/1322/1322
f 1322/1322/1322 1321/1321/1321 1323/1323/1323
f 1323/1323/1323 1321/1321/1321 1324/1324/1324
f 1323/1323/1323 1324/1324/1324 1325/1325/1325
f 1325/1325/1325 1324/1324/1324 1326/1326/1326
f 1325/1325/1325 1326/1326/1326 1327/1327/1327
f 1327/1327/1327 1326/1326/1326 1328/1328/1328
f 1327/1327/1327 1328/1328/1328 1329/1329/1329
f 1321/1321/1321 1319/1319/1319 1330/1330/1330
f 1330/1330/1330 1319/1319/1319 1331/1331/1331
f 1330/1330/1330 1331/1331/1331 1332/1332/1332
f 1332/1332/1332 1331/1331/1331 1333/1333/1333
f 1332/1332/1332 1333/1333/1333 1334/1334/1334
f 1334/1334/1334 1335/1335/1335 1332/1332/1332
f 1332/1332/1332 1335/1335/1335 1336/1336/1336
f 1332/1332/1332 1336/1336/1336 1330/1330/1330
f 1330/1330/1330 1336/1336/1336 1337/1337/1337
f 1330/1330/1330 1337/1337/1337 1321/1321/1321
f 1321/1321/1321 1337/1337/1337 1324/1324/1324
f 1335/1335/1335 1338/1338/1338 1336/1336/1336
f 1336/1336/1336 1338/1338/1338 1339/1339/1339
f 1336/1336/1336 1339/1339/1339 1337/1337/1337
f 1337/1337/1337 1339/1339/1339 1340/1340/1340
f 1337/1337/1337 1340/1340/1340 1324/1324/1324
f 1324/1324/1324 1340/1340/1340 1326/1326/1326
f 1338/1338/1338 1341/1341/1341 1339/1339/1339
f 1339/1339/1339 1341/1341/1341 1342/1342/1342
f 1339/1339/1339 1342/1342/1342 1340/1340/1340
f 1340/1340/1340 1342/1342/1342 1328/1328/1328
f 1340/1340/1340 1328/1328/1328 1326/1326/1326
f 1343/1343/1343 1344/1344/1344 1345/1345/1345
f 1345/1345/1345 1344/1344/1344 1346/1346/1346
f 1345/1345/1345 1346/1346/1346 1347/1347/1347
f 1347/1347/1347 1346/1346/1346 1348/1348/1348
f 1347/1347/1347 1348/1348/1348 1349/1349/1349
f 1349/1349/1349 1348/1348/1348 1350/1350/1350
f 1349/1349/1349 1350/1350/1350 1351/1351/1351
f 1351/1351/1351 1350/1350/1350 1352/1352/1352
f 1351/1351/1351 1352/1352/1352 1353/1353/1353
f 1353/1353/1353 1352/1352/1352 1354/1354/1354
f 1353/1353/1353 1354/1354/1354 1355/1355/1355
f 1355/1355/1355 1354/1354/1354 1356/1356/1356
f 1356/1356/1356 1354/1354/1354 1357/1357/1357
f 1356/1356/1356 1357/1357/1357 1358/1358/1358
f 1358/1358/1358 1357/1357/1357 1359/1359/1359
f 1358/1358/1358 1359/1359/1359 1360/1360/1360
f 1360/1360/1360 1359/1359/1359 1361/1361/1361
f 1360/1360/1360 1361/1361/1361 1362/1362/1362
f 1362/1362/1362 1361/1361/1361 1363/1363/1363
f 1362/1362/1362 1363/1363/1363 1364/1364/1364
f 1364/1364/1364 1363/1363/1363 1365/1365/1365
f 1364/1364/1364 1365/1365/1365 1366/1366/1366
f 1366/1366/1366 1365/1365/1365 1367/1367/1367
f 1366/1366/1366 1367/1367/1367 1368/1368/1368
f 1368/1368/1368 1367/1367/1367 1369/1369/1369
f 1369/1369/1369 1367/1367/1367 1370/1370/1370
f 1370/1370/1370 1367/1367/1367 1371/1371/1371
f 1370/1370/1370 1371/1371/1371 1372/1372/1372
f 1372/1372/1372 1371/1371/1371 1373/1373/1373
f 1372/1372/1372 1373/1373/1373 1374/1374/1374
f 1374/1374/1374 1373/1373/1373 1375/1375/1375
f 1374/1374/1374 1375/1375/1375 1376/1376/1376
f 1376/1376/1376 1375/1375/1375 1377/1377/1377
f 1376/1376/1376 1377/1377/1377 1378/1378/1378
f 1378/1378/1378 1377/1377/1377 1379/1379/1379
f 1378/1378/1378 1379/1379/1379 1352/1352/1352
f 1352/1352/1352 1379/1379/1379 1354/1354/1354
f 1348/1348/1348 1380/1380/1380 1350/1350/1350
f 1350/1350/1350 1380/1380/1380 1378/1378/1378
f 1350/1350/1350 1378/1378/1378 1352/1352/1352
f 1380/1380/1380 1376/1376/1376 1378/1378/1378
f 1368/1368/1368 1381/1381/1381 1366/1366/1366
f 1366/1366/1366 1381/1381/1381 1382/1382/1382
f 1366/1366/1366 1382/1382/1382 1383/1383/1383
f 1383/1383/1383 1382/1382/1382 1384/1384/1384
f 1383/1383/1383 1384/1384/1384 1385/1385/1385
f 1383/1383/1383 1385/1385/1385 1386/1386/1386
f 1386/1386/1386 1385/1385/1385 1387/1387/1387
f 1386/1386/1386 1387/1387/1387 1388/1388/1388
f 1388/1388/1388 1389/1389/1389 1386/1386/1386
f 1383/1383/1383 1386/1386/1386 1364/1364/1364
f 1364/1364/1364 1386/1386/1386 1362/1362/1362
f 1353/1353/1353 1355/1355/1355 1390/1390/1390
f 1390/1390/1390 1355/1355/1355 1391/1391/1391
f 1390/1390/1390 1391/1391/1391 1392/1392/1392
f 1392/1392/1392 1391/1391/1391 1393/1393/1393
f 1392/1392/1392 1393/1393/1393 1394/1394/1394
f 1392/1392/1392 1394/1394/1394 1395/1395/1395
f 1395/1395/1395 1394/1394/1394 1343/1343/1343
f 1395/1395/1395 1343/1343/1343 1345/1345/1345
f 1367/1367/1367 1365/1365/1365 1371/1371/1371
f 1371/1371/1371 1365/1365/1365 1396/1396/1396
f 1371/1371/1371 1396/1396/1396 1373/1373/1373
f 1373/1373/1373 1396/1396/1396 1397/1397/1397
f 1373/1373/1373 1397/1397/1397 1375/1375/1375
f 1375/1375/1375 1397/1397/1397 1398/1398/1398
f 1375/1375/1375 1398/1398/1398 1377/1377/1377
f 1377/1377/1377 1398/1398/1398 1379/1379/1379
f 1395/1395/1395 1345/1345/1345 1347/1347/1347
f 1347/1347/1347 1349/1349/1349 1399/1399/1399
f 1399/1399/1399 1349/1349/1349 1351/1351/1351
f 1399/1399/1399 1351/1351/1351 1390/1390/1390
f 1390/1390/1390 1351/1351/1351 1353/1353/1353
f 1383/1383/1383 1364/1364/1364 1366/1366/1366
f 1365/1365/1365 1363/1363/1363 1396/1396/1396
f 1396/1396/1396 1363/1363/1363 1361/1361/1361
f 1396/1396/1396 1361/1361/1361 1397/1397/1397
f 1397/1397/1397 1361/1361/1361 1359/1359/1359
f 1397/1397/1397 1359/1359/1359 1398/1398/1398
f 1398/1398/1398 1359/1359/1359 1357/1357/1357
f 1398/1398/1398 1357/1357/1357 1379/1379/1379
f 1379/1379/1379 1357/1357/1357 1354/1354/1354
f 1392/1392/1392 1395/1395/1395 1399/1399/1399
f 1399/1399/1399 1395/1395/1395 1347/1347/1347
f 1392/1392/1392 1399/1399/1399 1390/1390/1390
f 1400/1400/1400 1401/1401/1401 1402/1402/1402
f 1402/1402/1402 1401/1401/1401 1403/1403/1403
f 1402/1402/1402 1403/1403/1403 1404/1404/1404
f 1404/1404/1404 1405/1405/1405 1402/1402/1402
f 1402/1402/1402 1405/1405/1405 1406/1406/1406
f 1402/1402/1402 1406/1406/1406 1407/1407/1407
f 1407/1407/1407 1406/1406/1406 1408/1408/1408
f 1407/1407/1407 1408/1408/1408 1409/1409/1409
f 1409/1409/1409 1408/1408/1408 1410/1410/1410
f 1409/1409/1409 1410/1410/1410 1411/1411/1411
f 1411/1411/1411 1410/1410/1410 1412/1412/1412
f 1412/1412/1412 1410/1410/1410 1413/1413/1413
f 1413/1413/1413 1410/1410/1410 1414/1414/1414
f 1414/1414/1414 1410/1410/1410 1415/1415/1415
f 1414/1414/1414 1415/1415/1415 1416/1416/1416
f 1416/1416/1416 1415/1415/1415 1417/1417/1417
f 1416/1416/1416 1417/1417/1417 1418/1418/1418
f 1405/1405/1405 1419/1419/1419 1406/1406/1406
f 1406/1406/1406 1419/1419/1419 1420/1420/1420
f 1406/1406/1406 1420/1420/1420 1408/1408/1408
f 1408/1408/1408 1420/1420/1420 1421/1421/1421
f 1408/1408/1408 1421/1421/1421 1410/1410/1410
f 1410/1410/1410 1421/1421/1421 1415/1415/1415
f 1420/1420/1420 1419/1419/1419 1422/1422/1422
f 1422/1422/1422 1419/1419/1419 1423/1423/1423
f 1424/1424/1424 1425/1425/1425 1411/1411/1411
f 1411/1411/1411 1425/1425/1425 1409/1409/1409
f 1409/1409/1409 1425/1425/1425 1407/1407/1407
f 1407/1407/1407 1425/1425/1425 1426/1426/1426
f 1407/1407/1407 1426/1426/1426 1400/1400/1400
f 1407/1407/1407 1400/1400/1400 1402/1402/1402
f 1422/1422/1422 1427/1427/1427 1417/1417/1417
f 1421/1421/1421 1420/1420/1420 1422/1422/1422
f 1421/1421/1421 1422/1422/1422 1417/1417/1417
f 1428/1428/1428 1414/1414/1414 1416/1416/1416
f 1417/1417/1417 1415/1415/1415 1421/1421/1421
f 1429/1429/1429 1430/1430/1430 1431/1431/1431
f 1431/1431/1431 1430/1430/1430 1432/1432/1432
f 1431/1431/1431 1432/1432/1432 1433/1433/1433
f 1433/1433/1433 1432/1432/1432 1434/1434/1434
f 1434/1434/1434 1432/1432/1432 1435/1435/1435
f 1435/1435/1435 1432/1432/1432 1436/1436/1436
f 1435/1435/1435 1436/1436/1436 1437/1437/1437
f 1437/1437/1437 1436/1436/1436 1438/1438/1438
f 1437/1437/1437 1438/1438/1438 1439/1439/1439
f 1439/1439/1439 1438/1438/1438 1440/1440/1440
f 1440/1440/1440 1438/1438/1438 1441/1441/1441
f 1441/1441/1441 1438/1438/1438 1442/1442/1442
f 1441/1441/1441 1442/1442/1442 1443/1443/1443
f 1432/1432/1432 1430/1430/1430 1436/1436/1436
f 1436/1436/1436 1430/1430/1430 1444/1444/1444
f 1436/1436/1436 1444/1444/1444 1442/1442/1442
f 1436/1436/1436 1442/1442/1442 1438/1438/1438
f 1445/1445/1445 1446/1446/1446 1447/1447/1447
f 1447/1447/1447 1446/1446/1446 1448/1448/1448
f 1447/1447/1447 1448/1448/1448 1449/1449/1449
f 1449/1449/1449 1448/1448/1448 1450/1450/1450
f 1449/1449/1449 1450/1450/1450 1451/1451/1451
f 1451/1451/1451 1450/1450/1450 1452/1452/1452
f 1452/1452/1452 1450/1450/1450 1453/1453/1453
f 1453/1453/1453 1450/1450/1450 1454/1454/1454
f 1453/1453/1453 1454/1454/1454 916/916/916
f 1446/1446/1446 1455/1455/1455 1448/1448/1448
f 1448/1448/1448 1455/1455/1455 1450/1450/1450
f 1455/1455/1455 1454/1454/1454 1450/1450/1450
f 1456/1456/1456 1457/1457/1457 1458/1458/1458
f 1458/1458/1458 1457/1457/1457 1459/1459/1459
f 1458/1458/1458 1459/1459/1459 1460/1460/1460
f 1460/1460/1460 1459/1459/1459 1461/1461/1461
f 1460/1460/1460 1461/1461/1461 1462/1462/1462
f 1460/1460/1460 1462/1462/1462 1463/1463/1463
f 1463/1463/1463 1462/1462/1462 1464/1464/1464
f 1463/1463/1463 1464/1464/1464 1465/1465/1465
f 1463/1463/1463 1465/1465/1465 1466/1466/1466
f 1466/1466/1466 1465/1465/1465 1467/1467/1467
f 1466/1466/1466 1467/1467/1467 1468/1468/1468
f 1468/1468/1468 1467/1467/1467 1469/1469/1469
f 1468/1468/1468 1469/1469/1469 1470/1470/1470
f 1470/1470/1470 1471/1471/1471 1468/1468/1468
f 1468/1468/1468 1471/1471/1471 1472/1472/1472
f 1468/1468/1468 1472/1472/1472 1466/1466/1466
f 1466/1466/1466 1472/1472/1472 1473/1473/1473
f 1466/1466/1466 1473/1473/1473 1463/1463/1463
f 1463/1463/1463 1473/1473/1473 1460/1460/1460
f 1472/1472/1472 1471/1471/1471 1474/1474/1474
f 1474/1474/1474 1471/1471/1471 1475/1475/1475
f 1474/1474/1474 1475/1475/1475 1476/1476/1476
f 1474/1474/1474 1476/1476/1476 1477/1477/1477
f 1477/1477/1477 1476/1476/1476 1456/1456/1456
f 1477/1477/1477 1456/1456/1456 1458/1458/1458
f 1477/1477/1477 1458/1458/1458 1460/1460/1460
f 1477/1477/1477 1460/1460/1460 1473/1473/1473
f 1474/1474/1474 1477/1477/1477 1473/1473/1473
f 1474/1474/1474 1473/1473/1473 1472/1472/1472
f 1478/1478/1478 1479/1479/1479 1480/1480/1480
f 1480/1480/1480 1479/1479/1479 1481/1481/1481
f 1480/1480/1480 1481/1481/1481 1482/1482/1482
f 1482/1482/1482 1481/1481/1481 1483/1483/1483
f 1482/1482/1482 1483/1483/1483 1484/1484/1484
f 1482/1482/1482 1484/1484/1484 1485/1485/1485
f 1485/1485/1485 1484/1484/1484 1486/1486/1486
f 1485/1485/1485 1486/1486/1486 1487/1487/1487
f 1485/1485/1485 1487/1487/1487 1488/1488/1488
f 1488/1488/1488 1487/1487/1487 1489/1489/1489
f 1488/1488/1488 1489/1489/1489 1490/1490/1490
f 1490/1490/1490 1489/1489/1489 1491/1491/1491
f 1490/1490/1490 1491/1491/1491 1492/1492/1492
f 1492/1492/1492 1491/1491/1491 1493/1493/1493
f 1492/1492/1492 1493/1493/1493 1494/1494/1494
f 1494/1494/1494 1493/1493/1493 1495/1495/1495
f 1494/1494/1494 1495/1495/1495 1496/1496/1496
f 1496/1496/1496 1495/1495/1495 1497/1497/1497
f 1496/1496/1496 1497/1497/1497 1498/1498/1498
f 1489/1489/1489 1499/1499/1499 1491/1491/1491
f 1491/1491/1491 1499/1499/1499 1500/1500/1500
f 1491/1491/1491 1500/1500/1500 1493/1493/1493
f 1493/1493/1493 1500/1500/1500 1501/1501/1501
f 1493/1493/1493 1501/1501/1501 1502/1502/1502
f 1503/1503/1503 1504/1504/1504 1499/1499/1499
f 1499/1499/1499 1504/1504/1504 1500/1500/1500
f 1504/1504/1504 1501/1501/1501 1500/1500/1500
f 1502/1502/1502 1505/1505/1505 1493/1493/1493
f 1493/1493/1493 1505/1505/1505 1495/1495/1495
f 1505/1505/1505 1506/1506/1506 1495/1495/1495
f 1495/1495/1495 1506/1506/1506 1507/1507/1507
f 1495/1495/1495 1507/1507/1507 1508/1508/1508
f 1508/1508/1508 1497/1497/1497 1495/1495/1495
f 1496/1496/1496 1509/1509/1509 1494/1494/1494
f 1494/1494/1494 1509/1509/1509 1510/1510/1510
f 1494/1494/1494 1510/1510/1510 1492/1492/1492
f 1492/1492/1492 1510/1510/1510 1511/1511/1511
f 1492/1492/1492 1511/1511/1511 1490/1490/1490
f 1490/1490/1490 1511/1511/1511 1488/1488/1488
f 1510/1510/1510 1509/1509/1509 1512/1512/1512
f 1512/1512/1512 1509/1509/1509 1478/1478/1478
f 1512/1512/1512 1478/1478/1478 1480/1480/1480
f 1511/1511/1511 1510/1510/1510 1512/1512/1512
f 1512/1512/1512 1480/1480/1480 1513/1513/1513
f 1513/1513/1513 1480/1480/1480 1482/1482/1482
f 1513/1513/1513 1482/1482/1482 1485/1485/1485
f 1488/1488/1488 1511/1511/1511 1513/1513/1513
f 1513/1513/1513 1511/1511/1511 1512/1512/1512
f 1488/1488/1488 1513/1513/1513 1485/1485/1485
f 1514/1514/1514 1515/1515/1515 1516/1516/1516
f 1516/1516/1516 1515/1515/1515 1517/1517/1517
f 1516/1516/1516 1517/1517/1517 1518/1518/1518
f 1518/1518/1518 1517/1517/1517 1519/1519/1519
f 1518/1518/1518 1519/1519/1519 1520/1520/1520
f 1520/1520/1520 1519/1519/1519 1521/1521/1521
f 1521/1521/1521 1519/1519/1519 1522/1522/1522
f 1521/1521/1521 1522/1522/1522 1523/1523/1523
f 1517/1517/1517 1522/1522/1522 1519/1519/1519
f 1520/1520/1520 1524/1524/1524 1518/1518/1518
f 1518/1518/1518 1524/1524/1524 1516/1516/1516
f 1525/1525/1525 1526/1526/1526 1524/1524/1524
f 1524/1524/1524 1526/1526/1526 1516/1516/1516
f 1526/1526/1526 1514/1514/1514 1516/1516/1516
f 1527/1527/1527 1528/1528/1528 1529/1529/1529
f 1529/1529/1529 1528/1528/1528 1530/1530/1530
f 1529/1529/1529 1530/1530/1530 1531/1531/1531
f 1527/1527/1527 1532/1532/1532 1528/1528/1528
f 1528/1528/1528 1532/1532/1532 1533/1533/1533
f 1528/1528/1528 1533/1533/1533 1534/1534/1534
f 1532/1532/1532 1535/1535/1535 1533/1533/1533
f 1534/1534/1534 1530/1530/1530 1528/1528/1528
f 1536/1536/1536 1537/1537/1537 1538/1538/1538
f 1538/1538/1538 1537/1537/1537 1539/1539/1539
f 1538/1538/1538 1539/1539/1539 1540/1540/1540
f 1540/1540/1540 1541/1541/1541 1538/1538/1538
f 1538/1538/1538 1541/1541/1541 1542/1542/1542
f 1538/1538/1538 1542/1542/1542 1543/1543/1543
f 1543/1543/1543 1542/1542/1542 1544/1544/1544
f 1543/1543/1543 1544/1544/1544 1545/1545/1545
f 1545/1545/1545 1544/1544/1544 1546/1546/1546
f 1545/1545/1545 1546/1546/1546 1547/1547/1547
f 1542/1542/1542 1546/1546/1546 1544/1544/1544
f 1545/1545/1545 1536/1536/1536 1543/1543/1543
f 1543/1543/1543 1536/1536/1536 1538/1538/1538
f 1548/1548/1548 1549/1549/1549 1550/1550/1550
f 1550/1550/1550 1549/1549/1549 1551/1551/1551
f 1551/1551/1551 1549/1549/1549 1552/1552/1552
f 1552/1552/1552 1549/1549/1549 1553/1553/1553
f 1553/1553/1553 1549/1549/1549 1554/1554/1554
f 1553/1553/1553 1554/1554/1554 1555/1555/1555
f 1555/1555/1555 1554/1554/1554 1556/1556/1556
f 1555/1555/1555 1556/1556/1556 1557/1557/1557
f 1557/1557/1557 1556/1556/1556 1558/1558/1558
f 1557/1557/1557 1558/1558/1558 1559/1559/1559
f 1559/1559/1559 1558/1558/1558 1560/1560/1560
f 1559/1559/1559 1560/1560/1560 1561/1561/1561
f 1561/1561/1561 1560/1560/1560 1562/1562/1562
f 1561/1561/1561 1562/1562/1562 1563/1563/1563
f 1563/1563/1563 1562/1562/1562 1564/1564/1564
f 1563/1563/1563 1564/1564/1564 1565/1565/1565
f 1565/1565/1565 1564/1564/1564 1566/1566/1566
f 1565/1565/1565 1566/1566/1566 1567/1567/1567
f 1567/1567/1567 1566/1566/1566 1568/1568/1568
f 1567/1567/1567 1568/1568/1568 1569/1569/1569
f 1569/1569/1569 1568/1568/1568 1570/1570/1570
f 1569/1569/1569 1570/1570/1570 1571/1571/1571
f 1571/1571/1571 1570/1570/1570 1572/1572/1572
f 1572/1572/1572 1570/1570/1570 1573/1573/1573
f 1572/1572/1572 1573/1573/1573 1574/1574/1574
f 1574/1574/1574 1573/1573/1573 1575/1575/1575
f 1576/1576/1576 1577/1577/1577 1578/1578/1578
f 1578/1578/1578 1577/1577/1577 1579/1579/1579
f 1579/1579/1579 1577/1577/1577 1580/1580/1580
f 1579/1579/1579 1580/1580/1580 1581/1581/1581
f 1581/1581/1581 1580/1580/1580 1582/1582/1582
f 1581/1581/1581 1582/1582/1582 1583/1583/1583
f 1582/1582/1582 1580/1580/1580 1584/1584/1584
f 1584/1584/1584 1580/1580/1580 1585/1585/1585
f 1584/1584/1584 1585/1585/1585 1586/1586/1586
f 1586/1586/1586 1587/1587/1587 1584/1584/1584
f 1584/1584/1584 1587/1587/1587 1588/1588/1588
f 1589/1589/1589 1590/1590/1590 1591/1591/1591
f 1591/1591/1591 1590/1590/1590 1592/1592/1592
f 1591/1591/1591 1592/1592/1592 1593/1593/1593
f 1593/1593/1593 1592/1592/1592 1594/1594/1594
f 1590/1590/1590 1595/1595/1595 1592/1592/1592
f 1592/1592/1592 1595/1595/1595 1596/1596/1596
f 1592/1592/1592 1596/1596/1596 1597/1597/1597
f 1598/1598/1598 1599/1599/1599 1600/1600/1600
f 1600/1600/1600 1599/1599/1599 1601/1601/1601
f 1601/1601/1601 1599/1599/1599 1602/1602/1602
f 1602/1602/1602 1599/1599/1599 1603/1603/1603
f 1603/1603/1603 1599/1599/1599 1604/1604/1604
f 1603/1603/1603 1604/1604/1604 1605/1605/1605
f 1605/1605/1605 1604/1604/1604 1606/1606/1606
f 1605/1605/1605 1606/1606/1606 1607/1607/1607
f 1607/1607/1607 1606/1606/1606 1608/1608/1608
f 1607/1607/1607 1608/1608/1608 1609/1609/1609
f 1609/1609/1609 1608/1608/1608 1610/1610/1610
f 1609/1609/1609 1610/1610/1610 1611/1611/1611
f 1611/1611/1611 1610/1610/1610 1612/1612/1612
f 1611/1611/1611 1612/1612/1612 1613/1613/1613
f 1613/1613/1613 1612/1612/1612 1614/1614/1614
f 1613/1613/1613 1614/1614/1614 1615/1615/1615
f 1615/1615/1615 1614/1614/1614 1616/1616/1616
f 1615/1615/1615 1616/1616/1616 1617/1617/1617
f 1617/1617/1617 1616/1616/1616 1618/1618/1618
f 1617/1617/1617 1618/1618/1618 1619/1619/1619
f 1619/1619/1619 1618/1618/1618 1620/1620/1620
f 1619/1619/1619 1620/1620/1620 1621/1621/1621
f 1621/1621/1621 1620/1620/1620 1622/1622/1622
f 1622/1622/1622 1620/1620/1620 1623/1623/1623
f 1622/1622/1622 1623/1623/1623 1624/1624/1624
f 1624/1624/1624 1623/1623/1623 1625/1625/1625
f 1626/1626/1626 1627/1627/1627 1628/1628/1628
f 1628/1628/1628 1627/1627/1627 1629/1629/1629
f 1629/1629/1629 1627/1627/1627 1630/1630/1630
f 1629/1629/1629 1630/1630/1630 1631/1631/1631
f 1631/1631/1631 1630/1630/1630 1632/1632/1632
f 1631/1631/1631 1632/1632/1632 1633/1633/1633
f 1632/1632/1632 1630/1630/1630 1634/1634/1634
f 1634/1634/1634 1630/1630/1630 1635/1635/1635
f 1634/1634/1634 1635/1635/1635 1636/1636/1636
f 1636/1636/1636 1637/1637/1637 1634/1634/1634
f 1634/1634/1634 1637/1637/1637 1638/1638/1638
f 1639/1639/1639 1640/1640/1640 1641/1641/1641
f 1641/1641/1641 1640/1640/1640 1642/1642/1642
f 1641/1641/1641 1642/1642/1642 1643/1643/1643
f 1643/1643/1643 1642/1642/1642 1644/1644/1644
f 1640/1640/1640 1645/1645/1645 1642/1642/1642
f 1642/1642/1642 1645/1645/1645 1646/1646/1646
f 1642/1642/1642 1646/1646/1646 1647/1647/1647
f 1648/1648/1648 1649/1649/1649 1650/1650/1650
f 1650/1650/1650 1649/1649/1649 1651/1651/1651
f 1650/1650/1650 1651/1651/1651 1652/1652/1652
f 1649/1649/1649 1648/1648/1648 1653/1653/1653
f 1653/1653/1653 1648/1648/1648 1654/1654/1654
f 1653/1653/1653 1654/1654/1654 1655/1655/1655
f 1655/1655/1655 1654/1654/1654 1656/1656/1656
f 1655/1655/1655 1656/1656/1656 1657/1657/1657
f 1657/1657/1657 1656/1656/1656 1658/1658/1658
f 1657/1657/1657 1658/1658/1658 1659/1659/1659
f 1652/1652/1652 1660/1660/1660 1650/1650/1650
f 1661/1661/1661 1662/1662/1662 1663/1663/1663
f 1663/1663/1663 1662/1662/1662 1664/1664/1664
f 1663/1663/1663 1664/1664/1664 1665/1665/1665
f 1662/1662/1662 1661/1661/1661 1666/1666/1666
f 1666/1666/1666 1661/1661/1661 1667/1667/1667
f 1666/1666/1666 1667/1667/1667 1668/1668/1668
f 1668/1668/1668 1667/1667/1667 1669/1669/1669
f 1668/1668/1668 1669/1669/1669 1670/1670/1670
f 1670/1670/1670 1669/1669/1669 1671/1671/1671
f 1670/1670/1670 1671/1671/1671 1672/1672/1672
f 1665/1665/1665 1673/1673/1673 1663/1663/1663
f 1674/1674/1674 1675/1675/1675 1676/1676/1676
f 1676/1676/1676 1675/1675/1675 1677/1677/1677
f 1676/1676/1676 1677/1677/1677 1678/1678/1678
f 1678/1678/1678 1677/1677/1677 1679/1679/1679
f 1678/1678/1678 1679/1679/1679 1680/1680/1680
f 1680/1680/1680 1679/1679/1679 1681/1681/1681
f 1680/1680/1680 1681/1681/1681 1682/1682/1682
f 1675/1675/1675 1683/1683/1683 1677/1677/1677
f 1677/1677/1677 1683/1683/1683 1679/1679/1679
f 1683/1683/1683 1684/1684/1684 1679/1679/1679
f 1679/1679/1679 1684/1684/1684 1681/1681/1681
f 1684/1684/1684 1685/1685/1685 1681/1681/1681
f 1681/1681/1681 1685/1685/1685 1686/1686/1686
f 1681/1681/1681 1686/1686/1686 1687/1687/1687
f 1687/1687/1687 1686/1686/1686 1688/1688/1688
f 1689/1689/1689 1690/1690/1690 1691/1691/1691
f 1691/1691/1691 1690/1690/1690 1692/1692/1692
f 1691/1691/1691 1692/1692/1692 1693/1693/1693
f 1693/1693/1693 1692/1692/1692 1694/1694/1694
f 1693/1693/1693 1694/1694/1694 1695/1695/1695
f 1695/1695/1695 1694/1694/1694 1696/1696/1696
f 1695/1695/1695 1696/1696/1696 1697/1697/1697
f 1697/1697/1697 1696/1696/1696 1698/1698/1698
f 1697/1697/1697 1698/1698/1698 1699/1699/1699
f 1699/1699/1699 1698/1698/1698 1700/1700/1700
f 1699/1699/1699 1700/1700/1700 1701/1701/1701
f 1701/1701/1701 1700/1700/1700 1702/1702/1702
f 1701/1701/1701 1702/1702/1702 1703/1703/1703
f 1703/1703/1703 1702/1702/1702 1704/1704/1704
f 1703/1703/1703 1704/1704/1704 1705/1705/1705
f 1692/1692/1692 1690/1690/1690 1706/1706/1706
f 1706/1706/1706 1690/1690/1690 1707/1707/1707
f 1706/1706/1706 1707/1707/1707 1708/1708/1708
f 1708/1708/1708 1707/1707/1707 1709/1709/1709
f 1708/1708/1708 1709/1709/1709 1698/1698/1698
f 1698/1698/1698 1709/1709/1709 1700/1700/1700
f 1707/1707/1707 1710/1710/1710 1709/1709/1709
f 1709/1709/1709 1710/1710/1710 1711/1711/1711
f 1709/1709/1709 1711/1711/1711 1700/1700/1700
f 1700/1700/1700 1711/1711/1711 1702/1702/1702
f 1710/1710/1710 1712/1712/1712 1711/1711/1711
f 1711/1711/1711 1712/1712/1712 1713/1713/1713
f 1711/1711/1711 1713/1713/1713 1702/1702/1702
f 1702/1702/1702 1713/1713/1713 1704/1704/1704
f 1705/1705/1705 1714/1714/1714 1703/1703/1703
f 1703/1703/1703 1714/1714/1714 1701/1701/1701
f 1714/1714/1714 1715/1715/1715 1701/1701/1701
f 1701/1701/1701 1715/1715/1715 1699/1699/1699
f 1699/1699/1699 1715/1715/1715 1697/1697/1697
f 1697/1697/1697 1715/1715/1715 1716/1716/1716
f 1697/1697/1697 1716/1716/1716 1695/1695/1695
f 1695/1695/1695 1716/1716/1716 1717/1717/1717
f 1695/1695/1695 1717/1717/1717 1718/1718/1718
f 1718/1718/1718 1693/1693/1693 1695/1695/1695
f 1694/1694/1694 1692/1692/1692 1706/1706/1706
f 1698/1698/1698 1696/1696/1696 1708/1708/1708
f 1708/1708/1708 1696/1696/1696 1706/1706/1706
f 1696/1696/1696 1694/1694/1694 1706/1706/1706
f 1719/1719/1719 1720/1720/1720 1721/1721/1721
f 1721/1721/1721 1720/1720/1720 1722/1722/1722
f 1721/1721/1721 1722/1722/1722 1723/1723/1723
f 1723/1723/1723 1722/1722/1722 1724/1724/1724
f 1723/1723/1723 1724/1724/1724 1725/1725/1725
f 1723/1723/1723 1725/1725/1725 1726/1726/1726
f 1726/1726/1726 1725/1725/1725 1727/1727/1727
f 1726/1726/1726 1727/1727/1727 1728/1728/1728
f 1726/1726/1726 1728/1728/1728 1729/1729/1729
f 1729/1729/1729 1728/1728/1728 1730/1730/1730
f 1729/1729/1729 1730/1730/1730 1731/1731/1731
f 1731/1731/1731 1730/1730/1730 1732/1732/1732
f 1731/1731/1731 1732/1732/1732 1733/1733/1733
f 1733/1733/1733 1732/1732/1732 1734/1734/1734
f 1733/1733/1733 1734/1734/1734 1735/1735/1735
f 1735/1735/1735 1734/1734/1734 1736/1736/1736
f 1735/1735/1735 1736/1736/1736 1737/1737/1737
f 1735/1735/1735 1737/1737/1737 1738/1738/1738
f 1738/1738/1738 1737/1737/1737 1739/1739/1739
f 1738/1738/1738 1739/1739/1739 1740/1740/1740
f 1740/1740/1740 1739/1739/1739 1741/1741/1741
f 1740/1740/1740 1741/1741/1741 1742/1742/1742
f 1740/1740/1740 1742/1742/1742 1743/1743/1743
f 1743/1743/1743 1742/1742/1742 1744/1744/1744
f 1743/1743/1743 1744/1744/1744 1745/1745/1745
f 1745/1745/1745 1744/1744/1744 1746/1746/1746
f 1745/1745/1745 1746/1746/1746 1747/1747/1747
f 1747/1747/1747 1746/1746/1746 1719/1719/1719
f 1747/1747/1747 1719/1719/1719 1721/1721/1721
f 1747/1747/1747 1721/1721/1721 1748/1748/1748
f 1748/1748/1748 1721/1721/1721 1723/1723/1723
f 1748/1748/1748 1723/1723/1723 1729/1729/1729
f 1729/1729/1729 1723/1723/1723 1726/1726/1726
f 1745/1745/1745 1747/1747/1747 1749/1749/1749
f 1749/1749/1749 1747/1747/1747 1748/1748/1748
f 1749/1749/1749 1748/1748/1748 1731/1731/1731
f 1731/1731/1731 1748/1748/1748 1729/1729/1729
f 1738/1738/1738 1740/1740/1740 1743/1743/1743
f 1743/1743/1743 1745/1745/1745 1750/1750/1750
f 1750/1750/1750 1745/1745/1745 1749/1749/1749
f 1750/1750/1750 1749/1749/1749 1733/1733/1733
f 1733/1733/1733 1749/1749/1749 1731/1731/1731
f 1735/1735/1735 1738/1738/1738 1750/1750/1750
f 1750/1750/1750 1738/1738/1738 1743/1743/1743
f 1735/1735/1735 1750/1750/1750 1733/1733/1733
f 1751/1751/1751 1752/1752/1752 1753/1753/1753
f 1753/1753/1753 1752/1752/1752 1754/1754/1754
f 1753/1753/1753 1754/1754/1754 1755/1755/1755
f 1755/1755/1755 1754/1754/1754 1756/1756/1756
f 1755/1755/1755 1756/1756/1756 1757/1757/1757
f 1757/1757/1757 1756/1756/1756 1758/1758/1758
f 1757/1757/1757 1758/1758/1758 1759/1759/1759
f 1759/1759/1759 1758/1758/1758 1760/1760/1760
f 1760/1760/1760 1758/1758/1758 1761/1761/1761
f 1761/1761/1761 1758/1758/1758 1762/1762/1762
f 1761/1761/1761 1762/1762/1762 1763/1763/1763
f 1763/1763/1763 1762/1762/1762 1764/1764/1764
f 1763/1763/1763 1764/1764/1764 1765/1765/1765
f 1765/1765/1765 1764/1764/1764 1766/1766/1766
f 1765/1765/1765 1766/1766/1766 1767/1767/1767
f 1767/1767/1767 1766/1766/1766 1768/1768/1768
f 1767/1767/1767 1768/1768/1768 1769/1769/1769
f 1769/1769/1769 1768/1768/1768 1770/1770/1770
f 1769/1769/1769 1770/1770/1770 1771/1771/1771
f 1754/1754/1754 1752/1752/1752 1772/1772/1772
f 1772/1772/1772 1752/1752/1752 1773/1773/1773
f 1772/1772/1772 1773/1773/1773 1774/1774/1774
f 1774/1774/1774 1773/1773/1773 1775/1775/1775
f 1774/1774/1774 1775/1775/1775 1776/1776/1776
f 1776/1776/1776 1775/1775/1775 1777/1777/1777
f 1776/1776/1776 1777/1777/1777 1768/1768/1768
f 1768/1768/1768 1777/1777/1777 1778/1778/1778
f 1768/1768/1768 1778/1778/1778 1770/1770/1770
f 1769/1769/1769 1771/1771/1771 1779/1779/1779
f 1779/1779/1779 1771/1771/1771 1780/1780/1780
f 1779/1779/1779 1780/1780/1780 1781/1781/1781
f 1781/1781/1781 1780/1780/1780 1782/1782/1782
f 1781/1781/1781 1782/1782/1782 1783/1783/1783
f 1783/1783/1783 1782/1782/1782 1784/1784/1784
f 1783/1783/1783 1784/1784/1784 1785/1785/1785
f 1785/1785/1785 1784/1784/1784 1786/1786/1786
f 1785/1785/1785 1786/1786/1786 1787/1787/1787
f 1787/1787/1787 1786/1786/1786 1788/1788/1788
f 1787/1787/1787 1788/1788/1788 1789/1789/1789
f 1789/1789/1789 1788/1788/1788 1790/1790/1790
f 1790/1790/1790 1788/1788/1788 1791/1791/1791
f 1790/1790/1790 1791/1791/1791 1792/1792/1792
f 1792/1792/1792 1791/1791/1791 1793/1793/1793
f 1792/1792/1792 1793/1793/1793 1794/1794/1794
f 1794/1794/1794 1793/1793/1793 1795/1795/1795
f 1795/1795/1795 1793/1793/1793 1796/1796/1796
f 1795/1795/1795 1796/1796/1796 1797/1797/1797
f 1797/1797/1797 1796/1796/1796 1798/1798/1798
f 1797/1797/1797 1798/1798/1798 1799/1799/1799
f 1799/1799/1799 1798/1798/1798 1800/1800/1800
f 1800/1800/1800 1798/1798/1798 1801/1801/1801
f 1800/1800/1800 1801/1801/1801 1802/1802/1802
f 1802/1802/1802 1801/1801/1801 1784/1784/1784
f 1802/1802/1802 1784/1784/1784 1782/1782/1782
f 1787/1787/1787 1789/1789/1789 1803/1803/1803
f 1803/1803/1803 1789/1789/1789 1804/1804/1804
f 1803/1803/1803 1804/1804/1804 1805/1805/1805
f 1805/1805/1805 1804/1804/1804 1806/1806/1806
f 1805/1805/1805 1806/1806/1806 1807/1807/1807
f 1807/1807/1807 1806/1806/1806 1808/1808/1808
f 1807/1807/1807 1808/1808/1808 1809/1809/1809
f 1809/1809/1809 1808/1808/1808 1765/1765/1765
f 1809/1809/1809 1765/1765/1765 1767/1767/1767
f 1808/1808/1808 1810/1810/1810 1765/1765/1765
f 1765/1765/1765 1810/1810/1810 1763/1763/1763
f 1786/1786/1786 1784/1784/1784 1801/1801/1801
f 1801/1801/1801 1798/1798/1798 1811/1811/1811
f 1811/1811/1811 1798/1798/1798 1796/1796/1796
f 1811/1811/1811 1796/1796/1796 1791/1791/1791
f 1791/1791/1791 1796/1796/1796 1793/1793/1793
f 1781/1781/1781 1783/1783/1783 1812/1812/1812
f 1812/1812/1812 1783/1783/1783 1785/1785/1785
f 1812/1812/1812 1785/1785/1785 1803/1803/1803
f 1803/1803/1803 1785/1785/1785 1787/1787/1787
f 1779/1779/1779 1781/1781/1781 1813/1813/1813
f 1813/1813/1813 1781/1781/1781 1812/1812/1812
f 1813/1813/1813 1812/1812/1812 1805/1805/1805
f 1805/1805/1805 1812/1812/1812 1803/1803/1803
f 1769/1769/1769 1779/1779/1779 1814/1814/1814
f 1814/1814/1814 1779/1779/1779 1813/1813/1813
f 1814/1814/1814 1813/1813/1813 1807/1807/1807
f 1807/1807/1807 1813/1813/1813 1805/1805/1805
f 1768/1768/1768 1766/1766/1766 1776/1776/1776
f 1776/1776/1776 1766/1766/1766 1815/1815/1815
f 1776/1776/1776 1815/1815/1815 1774/1774/1774
f 1774/1774/1774 1815/1815/1815 1816/1816/1816
f 1774/1774/1774 1816/1816/1816 1772/1772/1772
f 1772/1772/1772 1816/1816/1816 1756/1756/1756
f 1772/1772/1772 1756/1756/1756 1754/1754/1754
f 1788/1788/1788 1786/1786/1786 1811/1811/1811
f 1811/1811/1811 1786/1786/1786 1801/1801/1801
f 1788/1788/1788 1811/1811/1811 1791/1791/1791
f 1809/1809/1809 1767/1767/1767 1814/1814/1814
f 1814/1814/1814 1767/1767/1767 1769/1769/1769
f 1809/1809/1809 1814/1814/1814 1807/1807/1807
f 1766/1766/1766 1764/1764/1764 1815/1815/1815
f 1815/1815/1815 1764/1764/1764 1762/1762/1762
f 1815/1815/1815 1762/1762/1762 1816/1816/1816
f 1816/1816/1816 1762/1762/1762 1758/1758/1758
f 1816/1816/1816 1758/1758/1758 1756/1756/1756
f 1817/1817/1817 1818/1818/1818 1819/1819/1819
f 1819/1819/1819 1818/1818/1818 1820/1820/1820
f 1819/1819/1819 1820/1820/1820 1821/1821/1821
f 1821/1821/1821 1820/1820/1820 1822/1822/1822
f 1821/1821/1821 1822/1822/1822 1823/1823/1823
f 1823/1823/1823 1822/1822/1822 1824/1824/1824
f 1823/1823/1823 1824/1824/1824 1825/1825/1825
f 1825/1825/1825 1824/1824/1824 1826/1826/1826
f 1825/1825/1825 1826/1826/1826 1827/1827/1827
f 1827/1827/1827 1826/1826/1826 1828/1828/1828
f 1827/1827/1827 1828/1828/1828 1829/1829/1829
f 1829/1829/1829 1828/1828/1828 1830/1830/1830
f 1829/1829/1829 1830/1830/1830 1831/1831/1831
f 1831/1831/1831 1830/1830/1830 1832/1832/1832
f 1831/1831/1831 1832/1832/1832 1833/1833/1833
f 1833/1833/1833 1832/1832/1832 1834/1834/1834
f 1833/1833/1833 1834/1834/1834 1835/1835/1835
f 1835/1835/1835 1834/1834/1834 1836/1836/1836
f 1835/1835/1835 1836/1836/1836 1837/1837/1837
f 1837/1837/1837 1836/1836/1836 1838/1838/1838
f 1838/1838/1838 1836/1836/1836 1839/1839/1839
f 1838/1838/1838 1839/1839/1839 1840/1840/1840
f 1840/1840/1840 1839/1839/1839 1841/1841/1841
f 1840/1840/1840 1841/1841/1841 1842/1842/1842
f 1842/1842/1842 1841/1841/1841 1843/1843/1843
f 1842/1842/1842 1843/1843/1843 1844/1844/1844
f 1844/1844/1844 1843/1843/1843 1830/1830/1830
f 1830/1830/1830 1843/1843/1843 1832/1832/1832
f 1817/1817/1817 1845/1845/1845 1818/1818/1818
f 1818/1818/1818 1845/1845/1845 1846/1846/1846
f 1818/1818/1818 1846/1846/1846 1847/1847/1847
f 1847/1847/1847 1846/1846/1846 1848/1848/1848
f 1847/1847/1847 1848/1848/1848 1849/1849/1849
f 1849/1849/1849 1848/1848/1848 1828/1828/1828
f 1849/1849/1849 1828/1828/1828 1826/1826/1826
f 1845/1845/1845 1850/1850/1850 1846/1846/1846
f 1846/1846/1846 1850/1850/1850 1848/1848/1848
f 1850/1850/1850 1851/1851/1851 1848/1848/1848
f 1821/1821/1821 1852/1852/1852 1837/1837/1837
f 1837/1837/1837 1852/1852/1852 1853/1853/1853
f 1837/1837/1837 1853/1853/1853 1854/1854/1854
f 1854/1854/1854 1853/1853/1853 1855/1855/1855
f 1854/1854/1854 1855/1855/1855 1833/1833/1833
f 1833/1833/1833 1855/1855/1855 1831/1831/1831
f 1822/1822/1822 1820/1820/1820 1856/1856/1856
f 1856/1856/1856 1820/1820/1820 1818/1818/1818
f 1856/1856/1856 1818/1818/1818 1847/1847/1847
f 1822/1822/1822 1856/1856/1856 1824/1824/1824
f 1824/1824/1824 1856/1856/1856 1849/1849/1849
f 1824/1824/1824 1849/1849/1849 1826/1826/1826
f 1849/1849/1849 1856/1856/1856 1847/1847/1847
f 1853/1853/1853 1852/1852/1852 1857/1857/1857
f 1857/1857/1857 1852/1852/1852 1825/1825/1825
f 1857/1857/1857 1825/1825/1825 1827/1827/1827
f 1853/1853/1853 1857/1857/1857 1855/1855/1855
f 1855/1855/1855 1857/1857/1857 1829/1829/1829
f 1855/1855/1855 1829/1829/1829 1831/1831/1831
f 1829/1829/1829 1857/1857/1857 1827/1827/1827
f 1854/1854/1854 1833/1833/1833 1835/1835/1835
f 1839/1839/1839 1836/1836/1836 1841/1841/1841
f 1841/1841/1841 1836/1836/1836 1834/1834/1834
f 1841/1841/1841 1834/1834/1834 1843/1843/1843
f 1843/1843/1843 1834/1834/1834 1832/1832/1832
f 1837/1837/1837 1854/1854/1854 1835/1835/1835
f 1821/1821/1821 1823/1823/1823 1852/1852/1852
f 1852/1852/1852 1823/1823/1823 1825/1825/1825
f 1858/1858/1858 1859/1859/1859 1860/1860/1860
f 1860/1860/1860 1859/1859/1859 1861/1861/1861
f 1860/1860/1860 1861/1861/1861 1862/1862/1862
f 1862/1862/1862 1861/1861/1861 1863/1863/1863
f 1862/1862/1862 1863/1863/1863 1864/1864/1864
f 1864/1864/1864 1863/1863/1863 1865/1865/1865
f 1864/1864/1864 1865/1865/1865 1866/1866/1866
f 1864/1864/1864 1866/1866/1866 1867/1867/1867
f 1867/1867/1867 1866/1866/1866 1868/1868/1868
f 1867/1867/1867 1868/1868/1868 1869/1869/1869
f 1869/1869/1869 1868/1868/1868 1870/1870/1870
f 1869/1869/1869 1870/1870/1870 1871/1871/1871
f 1869/1869/1869 1871/1871/1871 1872/1872/1872
f 1872/1872/1872 1871/1871/1871 1873/1873/1873
f 1872/1872/1872 1873/1873/1873 1874/1874/1874
f 1874/1874/1874 1873/1873/1873 1875/1875/1875
f 1874/1874/1874 1875/1875/1875 1876/1876/1876
f 1874/1874/1874 1876/1876/1876 1877/1877/1877
f 1877/1877/1877 1876/1876/1876 1858/1858/1858
f 1877/1877/1877 1858/1858/1858 1860/1860/1860
f 1872/1872/1872 1874/1874/1874 1877/1877/1877
f 1877/1877/1877 1860/1860/1860 1878/1878/1878
f 1878/1878/1878 1860/1860/1860 1862/1862/1862
f 1878/1878/1878 1862/1862/1862 1867/1867/1867
f 1867/1867/1867 1862/1862/1862 1864/1864/1864
f 1869/1869/1869 1872/1872/1872 1878/1878/1878
f 1878/1878/1878 1872/1872/1872 1877/1877/1877
f 1869/1869/1869 1878/1878/1878 1867/1867/1867
f 1879/1879/1879 1880/1880/1880 1881/1881/1881
f 1881/1881/1881 1880/1880/1880 1882/1882/1882
f 1881/1881/1881 1882/1882/1882 1883/1883/1883
f 1883/1883/1883 1882/1882/1882 1884/1884/1884
f 1883/1883/1883 1884/1884/1884 1885/1885/1885
f 1885/1885/1885 1884/1884/1884 1886/1886/1886
f 1885/1885/1885 1886/1886/1886 1887/1887/1887
f 1887/1887/1887 1886/1886/1886 1888/1888/1888
f 1887/1887/1887 1888/1888/1888 1889/1889/1889
f 1889/1889/1889 1888/1888/1888 1890/1890/1890
f 1889/1889/1889 1890/1890/1890 1891/1891/1891
f 1891/1891/1891 1890/1890/1890 1892/1892/1892
f 1891/1891/1891 1892/1892/1892 1893/1893/1893
f 1893/1893/1893 1892/1892/1892 1894/1894/1894
f 1893/1893/1893 1894/1894/1894 1895/1895/1895
f 1895/1895/1895 1894/1894/1894 1896/1896/1896
f 1895/1895/1895 1896/1896/1896 1897/1897/1897
f 1897/1897/1897 1896/1896/1896 1898/1898/1898
f 1897/1897/1897 1898/1898/1898 1899/1899/1899
f 1899/1899/1899 1898/1898/1898 1900/1900/1900
f 1899/1899/1899 1900/1900/1900 1901/1901/1901
f 1901/1901/1901 1900/1900/1900 1902/1902/1902
f 1901/1901/1901 1902/1902/1902 1903/1903/1903
f 1886/1886/1886 1904/1904/1904 1888/1888/1888
f 1888/1888/1888 1904/1904/1904 1890/1890/1890
f 1894/1894/1894 1905/1905/1905 1896/1896/1896
f 1896/1896/1896 1905/1905/1905 1902/1902/1902
f 1896/1896/1896 1902/1902/1902 1898/1898/1898
f 1898/1898/1898 1902/1902/1902 1900/1900/1900
f 1901/1901/1901 1903/1903/1903 1906/1906/1906
f 1906/1906/1906 1903/1903/1903 1907/1907/1907
f 1906/1906/1906 1907/1907/1907 1908/1908/1908
f 1908/1908/1908 1909/1909/1909 1906/1906/1906
f 1906/1906/1906 1909/1909/1909 1910/1910/1910
f 1906/1906/1906 1910/1910/1910 1911/1911/1911
f 1911/1911/1911 1910/1910/1910 1912/1912/1912
f 1911/1911/1911 1912/1912/1912 1913/1913/1913
f 1913/1913/1913 1912/1912/1912 1914/1914/1914
f 1913/1913/1913 1914/1914/1914 1915/1915/1915
f 1915/1915/1915 1914/1914/1914 1916/1916/1916
f 1915/1915/1915 1916/1916/1916 1893/1893/1893
f 1893/1893/1893 1916/1916/1916 1891/1891/1891
f 1910/1910/1910 1909/1909/1909 1917/1917/1917
f 1917/1917/1917 1909/1909/1909 1918/1918/1918
f 1917/1917/1917 1918/1918/1918 1919/1919/1919
f 1919/1919/1919 1918/1918/1918 1879/1879/1879
f 1919/1919/1919 1879/1879/1879 1920/1920/1920
f 1920/1920/1920 1879/1879/1879 1881/1881/1881
f 1920/1920/1920 1881/1881/1881 1883/1883/1883
f 1919/1919/1919 1920/1920/1920 1921/1921/1921
f 1921/1921/1921 1920/1920/1920 1883/1883/1883
f 1921/1921/1921 1883/1883/1883 1885/1885/1885
f 1912/1912/1912 1910/1910/1910 1917/1917/1917
f 1917/1917/1917 1919/1919/1919 1922/1922/1922
f 1922/1922/1922 1919/1919/1919 1921/1921/1921
f 1922/1922/1922 1921/1921/1921 1923/1923/1923
f 1923/1923/1923 1921/1921/1921 1885/1885/1885
f 1923/1923/1923 1885/1885/1885 1924/1924/1924
f 1924/1924/1924 1885/1885/1885 1887/1887/1887
f 1924/1924/1924 1887/1887/1887 1889/1889/1889
f 1901/1901/1901 1906/1906/1906 1911/1911/1911
f 1914/1914/1914 1912/1912/1912 1922/1922/1922
f 1922/1922/1922 1912/1912/1912 1917/1917/1917
f 1914/1914/1914 1922/1922/1922 1923/1923/1923
f 1899/1899/1899 1901/1901/1901 1911/1911/1911
f 1899/1899/1899 1911/1911/1911 1913/1913/1913
f 1916/1916/1916 1914/1914/1914 1923/1923/1923
f 1916/1916/1916 1923/1923/1923 1924/1924/1924
f 1897/1897/1897 1899/1899/1899 1913/1913/1913
f 1897/1897/1897 1913/1913/1913 1915/1915/1915
f 1891/1891/1891 1916/1916/1916 1924/1924/1924
f 1891/1891/1891 1924/1924/1924 1889/1889/1889
f 1895/1895/1895 1897/1897/1897 1915/1915/1915
f 1895/1895/1895 1915/1915/1915 1893/1893/1893
f 1925/1925/1925 1926/1926/1926 1927/1927/1927
f 1927/1927/1927 1926/1926/1926 1928/1928/1928
f 1927/1927/1927 1928/1928/1928 1929/1929/1929
f 1929/1929/1929 1928/1928/1928 1930/1930/1930
f 1929/1929/1929 1930/1930/1930 1931/1931/1931
f 1931/1931/1931 1930/1930/1930 1932/1932/1932
f 1931/1931/1931 1932/1932/1932 1933/1933/1933
f 1933/1933/1933 1932/1932/1932 1934/1934/1934
f 1933/1933/1933 1934/1934/1934 1935/1935/1935
f 1935/1935/1935 1934/1934/1934 1936/1936/1936
f 1936/1936/1936 1934/1934/1934 1937/1937/1937
f 1936/1936/1936 1937/1937/1937 1938/1938/1938
f 1938/1938/1938 1937/1937/1937 1939/1939/1939
f 1938/1938/1938 1939/1939/1939 1940/1940/1940
f 1940/1940/1940 1939/1939/1939 1941/1941/1941
f 1940/1940/1940 1941/1941/1941 1942/1942/1942
f 1942/1942/1942 1941/1941/1941 1943/1943/1943
f 1942/1942/1942 1943/1943/1943 1944/1944/1944
f 1944/1944/1944 1943/1943/1943 1945/1945/1945
f 1944/1944/1944 1945/1945/1945 1946/1946/1946
f 1946/1946/1946 1945/1945/1945 1925/1925/1925
f 1946/1946/1946 1925/1925/1925 1947/1947/1947
f 1948/1948/1948 1949/1949/1949 1947/1947/1947
f 1947/1947/1947 1949/1949/1949 1950/1950/1950
f 1947/1947/1947 1950/1950/1950 1946/1946/1946
f 1946/1946/1946 1950/1950/1950 1951/1951/1951
f 1946/1946/1946 1951/1951/1951 1944/1944/1944
f 1944/1944/1944 1951/1951/1951 1952/1952/1952
f 1944/1944/1944 1952/1952/1952 1942/1942/1942
f 1942/1942/1942 1952/1952/1952 1953/1953/1953
f 1942/1942/1942 1953/1953/1953 1940/1940/1940
f 1940/1940/1940 1953/1953/1953 1954/1954/1954
f 1940/1940/1940 1954/1954/1954 1938/1938/1938
f 1938/1938/1938 1954/1954/1954 1955/1955/1955
f 1938/1938/1938 1955/1955/1955 1936/1936/1936
f 1948/1948/1948 1956/1956/1956 1949/1949/1949
f 1949/1949/1949 1956/1956/1956 1957/1957/1957
f 1949/1949/1949 1957/1957/1957 1950/1950/1950
f 1950/1950/1950 1957/1957/1957 1951/1951/1951
f 1956/1956/1956 1958/1958/1958 1957/1957/1957
f 1957/1957/1957 1958/1958/1958 1959/1959/1959
f 1957/1957/1957 1959/1959/1959 1951/1951/1951
f 1951/1951/1951 1959/1959/1959 1952/1952/1952
f 1959/1959/1959 1958/1958/1958 1960/1960/1960
f 1960/1960/1960 1958/1958/1958 1961/1961/1961
f 1960/1960/1960 1961/1961/1961 1962/1962/1962
f 1962/1962/1962 1961/1961/1961 1963/1963/1963
f 1962/1962/1962 1963/1963/1963 1955/1955/1955
f 1945/1945/1945 1943/1943/1943 1926/1926/1926
f 1926/1926/1926 1943/1943/1943 1928/1928/1928
f 1943/1943/1943 1941/1941/1941 1928/1928/1928
f 1928/1928/1928 1941/1941/1941 1930/1930/1930
f 1937/1937/1937 1934/1934/1934 1932/1932/1932
f 1941/1941/1941 1939/1939/1939 1930/1930/1930
f 1930/1930/1930 1939/1939/1939 1932/1932/1932
f 1939/1939/1939 1937/1937/1937 1932/1932/1932
f 1925/1925/1925 1945/1945/1945 1926/1926/1926
f 1953/1953/1953 1952/1952/1952 1960/1960/1960
f 1960/1960/1960 1952/1952/1952 1959/1959/1959
f 1954/1954/1954 1953/1953/1953 1962/1962/1962
f 1962/1962/1962 1953/1953/1953 1960/1960/1960
f 1955/1955/1955 1954/1954/1954 1962/1962/1962
f 1964/1964/1964 1965/1965/1965 1966/1966/1966
f 1966/1966/1966 1965/1965/1965 1967/1967/1967
f 1966/1966/1966 1967/1967/1967 1968/1968/1968
f 1968/1968/1968 1967/1967/1967 1969/1969/1969
f 1969/1969/1969 1967/1967/1967 1970/1970/1970
f 1969/1969/1969 1970/1970/1970 1971/1971/1971
f 1965/1965/1965 1972/1972/1972 1967/1967/1967
f 1967/1967/1967 1972/1972/1972 1970/1970/1970
f 1973/1973/1973 1974/1974/1974 1972/1972/1972
f 1972/1972/1972 1974/1974/1974 1970/1970/1970
f 1975/1975/1975 1976/1976/1976 1968/1968/1968
f 1968/1968/1968 1976/1976/1976 1966/1966/1966
f 1977/1977/1977 1978/1978/1978 1979/1979/1979
f 1979/1979/1979 1978/1978/1978 1980/1980/1980
f 1979/1979/1979 1980/1980/1980 1981/1981/1981
f 1981/1981/1981 1980/1980/1980 1982/1982/1982
f 1981/1981/1981 1982/1982/1982 1983/1983/1983
f 1983/1983/1983 1982/1982/1982 1984/1984/1984
f 1984/1984/1984 1982/1982/1982 1985/1985/1985
f 1984/1984/1984 1985/1985/1985 1986/1986/1986
f 1986/1986/1986 1985/1985/1985 1987/1987/1987
f 1986/1986/1986 1987/1987/1987 1988/1988/1988
f 1978/1978/1978 1989/1989/1989 1980/1980/1980
f 1980/1980/1980 1989/1989/1989 1990/1990/1990
f 1980/1980/1980 1990/1990/1990 1982/1982/1982
f 1982/1982/1982 1990/1990/1990 1991/1991/1991
f 1982/1982/1982 1991/1991/1991 1985/1985/1985
f 1985/1985/1985 1991/1991/1991 1992/1992/1992
f 1985/1985/1985 1992/1992/1992 1993/1993/1993
f 1993/1993/1993 1992/1992/1992 1994/1994/1994
f 1994/1994/1994 1992/1992/1992 1995/1995/1995
f 1994/1994/1994 1995/1995/1995 1996/1996/1996
f 1996/1996/1996 1995/1995/1995 1997/1997/1997
f 1997/1997/1997 1995/1995/1995 1998/1998/1998
f 1997/1997/1997 1998/1998/1998 1999/1999/1999
f 1999/1999/1999 1998/1998/1998 2000/2000/2000
f 1999/1999/1999 2000/2000/2000 2001/2001/2001
f 2001/2001/2001 2000/2000/2000 2002/2002/2002
f 2002/2002/2002 2000/2000/2000 2003/2003/2003
f 2002/2002/2002 2003/2003/2003 2004/2004/2004
f 2004/2004/2004 2003/2003/2003 2005/2005/2005
f 2004/2004/2004 2005/2005/2005 2006/2006/2006
f 2006/2006/2006 2005/2005/2005 2007/2007/2007
f 2006/2006/2006 2007/2007/2007 2008/2008/2008
f 2008/2008/2008 2007/2007/2007 2009/2009/2009
f 2008/2008/2008 2009/2009/2009 2010/2010/2010
f 2010/2010/2010 2009/2009/2009 2011/2011/2011
f 2010/2010/2010 2011/2011/2011 2012/2012/2012
f 2012/2012/2012 2011/2011/2011 2013/2013/2013
f 2012/2012/2012 2013/2013/2013 2014/2014/2014
f 1989/1989/1989 2015/2015/2015 1990/1990/1990
f 1990/1990/1990 2015/2015/2015 2016/2016/2016
f 1990/1990/1990 2016/2016/2016 1991/1991/1991
f 1991/1991/1991 2016/2016/2016 2017/2017/2017
f 1991/1991/1991 2017/2017/2017 1992/1992/1992
f 1992/1992/1992 2017/2017/2017 1995/1995/1995
f 2015/2015/2015 2018/2018/2018 2016/2016/2016
f 2016/2016/2016 2018/2018/2018 2019/2019/2019
f 2016/2016/2016 2019/2019/2019 2017/2017/2017
f 2017/2017/2017 2019/2019/2019 2020/2020/2020
f 2017/2017/2017 2020/2020/2020 1995/1995/1995
f 1995/1995/1995 2020/2020/2020 1998/1998/1998
f 2018/2018/2018 2021/2021/2021 2019/2019/2019
f 2019/2019/2019 2021/2021/2021 2022/2022/2022
f 2019/2019/2019 2022/2022/2022 2023/2023/2023
f 2023/2023/2023 2022/2022/2022 2024/2024/2024
f 2023/2023/2023 2024/2024/2024 2025/2025/2025
f 2025/2025/2025 2024/2024/2024 2026/2026/2026
f 2025/2025/2025 2026/2026/2026 2027/2027/2027
f 2027/2027/2027 2026/2026/2026 2005/2005/2005
f 2027/2027/2027 2005/2005/2005 2003/2003/2003
f 2024/2024/2024 2028/2028/2028 2026/2026/2026
f 2026/2026/2026 2028/2028/2028 2007/2007/2007
f 2026/2026/2026 2007/2007/2007 2005/2005/2005
f 2028/2028/2028 2009/2009/2009 2007/2007/2007
f 2012/2012/2012 2014/2014/2014 2029/2029/2029
f 2029/2029/2029 2014/2014/2014 2030/2030/2030
f 2029/2029/2029 2030/2030/2030 2031/2031/2031
f 2031/2031/2031 2030/2030/2030 2032/2032/2032
f 2031/2031/2031 2032/2032/2032 2033/2033/2033
f 2031/2031/2031 2033/2033/2033 2034/2034/2034
f 2034/2034/2034 2033/2033/2033 2035/2035/2035
f 2034/2034/2034 2035/2035/2035 2036/2036/2036
f 2036/2036/2036 2035/2035/2035 2037/2037/2037
f 2036/2036/2036 2037/2037/2037 2038/2038/2038
f 2038/2038/2038 2037/2037/2037 2006/2006/2006
f 2038/2038/2038 2006/2006/2006 2008/2008/2008
f 2035/2035/2035 2039/2039/2039 2037/2037/2037
f 2037/2037/2037 2039/2039/2039 2004/2004/2004
f 2037/2037/2037 2004/2004/2004 2006/2006/2006
f 2039/2039/2039 2002/2002/2002 2004/2004/2004
f 1993/1993/1993 1987/1987/1987 1985/1985/1985
f 2038/2038/2038 2008/2008/2008 2010/2010/2010
f 2010/2010/2010 2012/2012/2012 2040/2040/2040
f 2040/2040/2040 2012/2012/2012 2029/2029/2029
f 2040/2040/2040 2029/2029/2029 2034/2034/2034
f 2034/2034/2034 2029/2029/2029 2031/2031/2031
f 2020/2020/2020 2019/2019/2019 2023/2023/2023
f 2023/2023/2023 2025/2025/2025 2041/2041/2041
f 2041/2041/2041 2025/2025/2025 2027/2027/2027
f 2041/2041/2041 2027/2027/2027 2000/2000/2000
f 2000/2000/2000 2027/2027/2027 2003/2003/2003
f 2036/2036/2036 2038/2038/2038 2040/2040/2040
f 2040/2040/2040 2038/2038/2038 2010/2010/2010
f 2036/2036/2036 2040/2040/2040 2034/2034/2034
f 1998/1998/1998 2020/2020/2020 2041/2041/2041
f 2041/2041/2041 2020/2020/2020 2023/2023/2023
f 1998/1998/1998 2041/2041/2041 2000/2000/2000
f 2042/2042/2042 2043/2043/2043 2044/2044/2044
f 2044/2044/2044 2043/2043/2043 2045/2045/2045
f 2044/2044/2044 2045/2045/2045 2046/2046/2046
f 2046/2046/2046 2045/2045/2045 2047/2047/2047
f 2046/2046/2046 2047/2047/2047 2048/2048/2048
f 2042/2042/2042 2049/2049/2049 2043/2043/2043
f 2043/2043/2043 2049/2049/2049 2050/2050/2050
f 2051/2051/2051 2052/2052/2052 2048/2048/2048
f 2048/2048/2048 2052/2052/2052 2053/2053/2053
f 2048/2048/2048 2053/2053/2053 2046/2046/2046
f 2051/2051/2051 2054/2054/2054 2052/2052/2052
f 2052/2052/2052 2054/2054/2054 2055/2055/2055
f 2052/2052/2052 2055/2055/2055 2053/2053/2053
f 2053/2053/2053 2055/2055/2055 2056/2056/2056
f 2057/2057/2057 2058/2058/2058 2059/2059/2059
f 2059/2059/2059 2058/2058/2058 2060/2060/2060
f 2059/2059/2059 2060/2060/2060 2061/2061/2061
f 2061/2061/2061 2060/2060/2060 2062/2062/2062
f 2062/2062/2062 2060/2060/2060 2063/2063/2063
f 2062/2062/2062 2063/2063/2063 2064/2064/2064
f 2064/2064/2064 2063/2063/2063 2065/2065/2065
f 2064/2064/2064 2065/2065/2065 2066/2066/2066
f 2066/2066/2066 2065/2065/2065 2067/2067/2067
f 2066/2066/2066 2067/2067/2067 2068/2068/2068
f 2060/2060/2060 2058/2058/2058 2069/2069/2069
f 2069/2069/2069 2058/2058/2058 2070/2070/2070
f 2069/2069/2069 2070/2070/2070 2071/2071/2071
f 2071/2071/2071 2070/2070/2070 2072/2072/2072
f 2071/2071/2071 2072/2072/2072 2073/2073/2073
f 2073/2073/2073 2074/2074/2074 2071/2071/2071
f 2071/2071/2071 2074/2074/2074 2075/2075/2075
f 2071/2071/2071 2075/2075/2075 2069/2069/2069
f 2069/2069/2069 2075/2075/2075 2076/2076/2076
f 2069/2069/2069 2076/2076/2076 2060/2060/2060
f 2060/2060/2060 2076/2076/2076 2063/2063/2063
f 2074/2074/2074 2077/2077/2077 2075/2075/2075
f 2075/2075/2075 2077/2077/2077 2078/2078/2078
f 2075/2075/2075 2078/2078/2078 2076/2076/2076
f 2076/2076/2076 2078/2078/2078 2079/2079/2079
f 2076/2076/2076 2079/2079/2079 2063/2063/2063
f 2063/2063/2063 2079/2079/2079 2065/2065/2065
f 2077/2077/2077 2080/2080/2080 2078/2078/2078
f 2078/2078/2078 2080/2080/2080 2081/2081/2081
f 2078/2078/2078 2081/2081/2081 2079/2079/2079
f 2079/2079/2079 2081/2081/2081 2067/2067/2067
f 2079/2079/2079 2067/2067/2067 2065/2065/2065
f 2082/2082/2082 2083/2083/2083 2084/2084/2084
f 2084/2084/2084 2083/2083/2083 2085/2085/2085
f 2084/2084/2084 2085/2085/2085 2086/2086/2086
f 2086/2086/2086 2085/2085/2085 2087/2087/2087
f 2086/2086/2086 2087/2087/2087 2088/2088/2088
f 2088/2088/2088 2087/2087/2087 2089/2089/2089
f 2088/2088/2088 2089/2089/2089 2090/2090/2090
f 2090/2090/2090 2089/2089/2089 2091/2091/2091
f 2090/2090/2090 2091/2091/2091 2092/2092/2092
f 2092/2092/2092 2091/2091/2091 2093/2093/2093
f 2092/2092/2092 2093/2093/2093 2094/2094/2094
f 2094/2094/2094 2093/2093/2093 2095/2095/2095
f 2095/2095/2095 2093/2093/2093 2096/2096/2096
f 2095/2095/2095 2096/2096/2096 2097/2097/2097
f 2097/2097/2097 2096/2096/2096 2098/2098/2098
f 2097/2097/2097 2098/2098/2098 2099/2099/2099
f 2099/2099/2099 2098/2098/2098 2100/2100/2100
f 2099/2099/2099 2100/2100/2100 2101/2101/2101
f 2101/2101/2101 2100/2100/2100 2102/2102/2102
f 2101/2101/2101 2102/2102/2102 2103/2103/2103
f 2103/2103/2103 2102/2102/2102 2104/2104/2104
f 2103/2103/2103 2104/2104/2104 2105/2105/2105
f 2105/2105/2105 2104/2104/2104 2106/2106/2106
f 2105/2105/2105 2106/2106/2106 2107/2107/2107
f 2107/2107/2107 2106/2106/2106 2108/2108/2108
f 2108/2108/2108 2106/2106/2106 2109/2109/2109
f 2109/2109/2109 2106/2106/2106 2110/2110/2110
f 2109/2109/2109 2110/2110/2110 2111/2111/2111
f 2111/2111/2111 2110/2110/2110 2112/2112/2112
f 2111/2111/2111 2112/2112/2112 2113/2113/2113
f 2113/2113/2113 2112/2112/2112 2114/2114/2114
f 2113/2113/2113 2114/2114/2114 2115/2115/2115
f 2115/2115/2115 2114/2114/2114 2116/2116/2116
f 2115/2115/2115 2116/2116/2116 2117/2117/2117
f 2117/2117/2117 2116/2116/2116 2118/2118/2118
f 2117/2117/2117 2118/2118/2118 2091/2091/2091
f 2091/2091/2091 2118/2118/2118 2093/2093/2093
f 2087/2087/2087 2119/2119/2119 2089/2089/2089
f 2089/2089/2089 2119/2119/2119 2117/2117/2117
f 2089/2089/2089 2117/2117/2117 2091/2091/2091
f 2119/2119/2119 2115/2115/2115 2117/2117/2117
f 2107/2107/2107 2120/2120/2120 2105/2105/2105
f 2105/2105/2105 2120/2120/2120 2121/2121/2121
f 2105/2105/2105 2121/2121/2121 2122/2122/2122
f 2122/2122/2122 2121/2121/2121 2123/2123/2123
f 2122/2122/2122 2123/2123/2123 2124/2124/2124
f 2122/2122/2122 2124/2124/2124 2125/2125/2125
f 2125/2125/2125 2124/2124/2124 2126/2126/2126
f 2125/2125/2125 2126/2126/2126 2127/2127/2127
f 2127/2127/2127 2128/2128/2128 2125/2125/2125
f 2122/2122/2122 2125/2125/2125 2103/2103/2103
f 2103/2103/2103 2125/2125/2125 2101/2101/2101
f 2092/2092/2092 2094/2094/2094 2129/2129/2129
f 2129/2129/2129 2094/2094/2094 2130/2130/2130
f 2129/2129/2129 2130/2130/2130 2131/2131/2131
f 2131/2131/2131 2130/2130/2130 2132/2132/2132
f 2131/2131/2131 2132/2132/2132 2133/2133/2133
f 2131/2131/2131 2133/2133/2133 2134/2134/2134
f 2134/2134/2134 2133/2133/2133 2082/2082/2082
f 2134/2134/2134 2082/2082/2082 2084/2084/2084
f 2106/2106/2106 2104/2104/2104 2110/2110/2110
f 2110/2110/2110 2104/2104/2104 2135/2135/2135
f 2110/2110/2110 2135/2135/2135 2112/2112/2112
f 2112/2112/2112 2135/2135/2135 2136/2136/2136
f 2112/2112/2112 2136/2136/2136 2114/2114/2114
f 2114/2114/2114 2136/2136/2136 2137/2137/2137
f 2114/2114/2114 2137/2137/2137 2116/2116/2116
f 2116/2116/2116 2137/2137/2137 2118/2118/2118
f 2134/2134/2134 2084/2084/2084 2086/2086/2086
f 2086/2086/2086 2088/2088/2088 2138/2138/2138
f 2138/2138/2138 2088/2088/2088 2090/2090/2090
f 2138/2138/2138 2090/2090/2090 2129/2129/2129
f 2129/2129/2129 2090/2090/2090 2092/2092/2092
f 2122/2122/2122 2103/2103/2103 2105/2105/2105
f 2104/2104/2104 2102/2102/2102 2135/2135/2135
f 2135/2135/2135 2102/2102/2102 2100/2100/2100
f 2135/2135/2135 2100/2100/2100 2136/2136/2136
f 2136/2136/2136 2100/2100/2100 2098/2098/2098
f 2136/2136/2136 2098/2098/2098 2137/2137/2137
f 2137/2137/2137 2098/2098/2098 2096/2096/2096
f 2137/2137/2137 2096/2096/2096 2118/2118/2118
f 2118/2118/2118 2096/2096/2096 2093/2093/2093
f 2131/2131/2131 2134/2134/2134 2138/2138/2138
f 2138/2138/2138 2134/2134/2134 2086/2086/2086
f 2131/2131/2131 2138/2138/2138 2129/2129/2129
f 2139/2139/2139 2140/2140/2140 2141/2141/2141
f 2141/2141/2141 2140/2140/2140 2142/2142/2142
f 2141/2141/2141 2142/2142/2142 2143/2143/2143
f 2143/2143/2143 2142/2142/2142 2144/2144/2144
f 2143/2143/2143 2144/2144/2144 2145/2145/2145
f 2145/2145/2145 2144/2144/2144 2146/2146/2146
f 2145/2145/2145 2146/2146/2146 2147/2147/2147
f 2140/2140/2140 2148/2148/2148 2142/2142/2142
f 2142/2142/2142 2148/2148/2148 2144/2144/2144
f 2148/2148/2148 2149/2149/2149 2144/2144/2144
f 2144/2144/2144 2149/2149/2149 2146/2146/2146
f 2149/2149/2149 2150/2150/2150 2146/2146/2146
f 2146/2146/2146 2150/2150/2150 2151/2151/2151
f 2146/2146/2146 2151/2151/2151 2152/2152/2152
f 2152/2152/2152 2151/2151/2151 2153/2153/2153
f 2154/2154/2154 2155/2155/2155 2156/2156/2156
f 2156/2156/2156 2155/2155/2155 2157/2157/2157
f 2156/2156/2156 2157/2157/2157 2158/2158/2158
f 2158/2158/2158 2157/2157/2157 2159/2159/2159
f 2158/2158/2158 2159/2159/2159 2160/2160/2160
f 2160/2160/2160 2159/2159/2159 2161/2161/2161
f 2160/2160/2160 2161/2161/2161 2162/2162/2162
f 2162/2162/2162 2161/2161/2161 2163/2163/2163
f 2162/2162/2162 2163/2163/2163 2164/2164/2164
f 2164/2164/2164 2163/2163/2163 2165/2165/2165
f 2164/2164/2164 2165/2165/2165 2166/2166/2166
f 2166/2166/2166 2165/2165/2165 2167/2167/2167
f 2166/2166/2166 2167/2167/2167 2168/2168/2168
f 2168/2168/2168 2167/2167/2167 2169/2169/2169
f 2168/2168/2168 2169/2169/2169 2170/2170/2170
f 2157/2157/2157 2155/2155/2155 2171/2171/2171
f 2171/2171/2171 2155/2155/2155 2172/2172/2172
f 2171/2171/2171 2172/2172/2172 2173/2173/2173
f 2173/2173/2173 2172/2172/2172 2174/2174/2174
f 2173/2173/2173 2174/2174/2174 2163/2163/2163
f 2163/2163/2163 2174/2174/2174 2165/2165/2165
f 2172/2172/2172 2175/2175/2175 2174/2174/2174
f 2174/2174/2174 2175/2175/2175 2176/2176/2176
f 2174/2174/2174 2176/2176/2176 2165/2165/2165
f 2165/2165/2165 2176/2176/2176 2167/2167/2167
f 2175/2175/2175 2177/2177/2177 2176/2176/2176
f 2176/2176/2176 2177/2177/2177 2178/2178/2178
f 2176/2176/2176 2178/2178/2178 2167/2167/2167
f 2167/2167/2167 2178/2178/2178 2169/2169/2169
f 2170/2170/2170 2179/2179/2179 2168/2168/2168
f 2168/2168/2168 2179/2179/2179 2166/2166/2166
f 2179/2179/2179 2180/2180/2180 2166/2166/2166
f 2166/2166/2166 2180/2180/2180 2164/2164/2164
f 2164/2164/2164 2180/2180/2180 2162/2162/2162
f 2162/2162/2162 2180/2180/2180 2181/2181/2181
f 2162/2162/2162 2181/2181/2181 2160/2160/2160
f 2160/2160/2160 2181/2181/2181 2182/2182/2182
f 2160/2160/2160 2182/2182/2182 2183/2183/2183
f 2183/2183/2183 2158/2158/2158 2160/2160/2160
f 2159/2159/2159 2157/2157/2157 2171/2171/2171
f 2163/2163/2163 2161/2161/2161 2173/2173/2173
f 2173/2173/2173 2161/2161/2161 2171/2171/2171
f 2161/2161/2161 2159/2159/2159 2171/2171/2171
f 2184/2184/2184 2185/2185/2185 2186/2186/2186
f 2186/2186/2186 2185/2185/2185 2187/2187/2187
f 2186/2186/2186 2187/2187/2187 2188/2188/2188
f 2188/2188/2188 2187/2187/2187 2189/2189/2189
f 2188/2188/2188 2189/2189/2189 2190/2190/2190
f 2188/2188/2188 2190/2190/2190 2191/2191/2191
f 2191/2191/2191 2190/2190/2190 2192/2192/2192
f 2191/2191/2191 2192/2192/2192 2193/2193/2193
f 2191/2191/2191 2193/2193/2193 2194/2194/2194
f 2194/2194/2194 2193/2193/2193 2195/2195/2195
f 2194/2194/2194 2195/2195/2195 2196/2196/2196
f 2196/2196/2196 2195/2195/2195 2197/2197/2197
f 2196/2196/2196 2197/2197/2197 2198/2198/2198
f 2198/2198/2198 2197/2197/2197 2199/2199/2199
f 2198/2198/2198 2199/2199/2199 2200/2200/2200
f 2200/2200/2200 2199/2199/2199 2201/2201/2201
f 2200/2200/2200 2201/2201/2201 2202/2202/2202
f 2200/2200/2200 2202/2202/2202 2203/2203/2203
f 2203/2203/2203 2202/2202/2202 2204/2204/2204
f 2203/2203/2203 2204/2204/2204 2205/2205/2205
f 2205/2205/2205 2204/2204/2204 2206/2206/2206
f 2205/2205/2205 2206/2206/2206 2207/2207/2207
f 2205/2205/2205 2207/2207/2207 2208/2208/2208
f 2208/2208/2208 2207/2207/2207 2209/2209/2209
f 2208/2208/2208 2209/2209/2209 2210/2210/2210
f 2210/2210/2210 2209/2209/2209 2211/2211/2211
f 2210/2210/2210 2211/2211/2211 2212/2212/2212
f 2212/2212/2212 2211/2211/2211 2184/2184/2184
f 2212/2212/2212 2184/2184/2184 2186/2186/2186
f 2212/2212/2212 2186/2186/2186 2213/2213/2213
f 2213/2213/2213 2186/2186/2186 2188/2188/2188
f 2213/2213/2213 2188/2188/2188 2194/2194/2194
f 2194/2194/2194 2188/2188/2188 2191/2191/2191
f 2210/2210/2210 2212/2212/2212 2214/2214/2214
f 2214/2214/2214 2212/2212/2212 2213/2213/2213
f 2214/2214/2214 2213/2213/2213 2196/2196/2196
f 2196/2196/2196 2213/2213/2213 2194/2194/2194
f 2203/2203/2203 2205/2205/2205 2208/2208/2208
f 2208/2208/2208 2210/2210/2210 2215/2215/2215
f 2215/2215/2215 2210/2210/2210 2214/2214/2214
f 2215/2215/2215 2214/2214/2214 2198/2198/2198
f 2198/2198/2198 2214/2214/2214 2196/2196/2196
f 2200/2200/2200 2203/2203/2203 2215/2215/2215
f 2215/2215/2215 2203/2203/2203 2208/2208/2208
f 2200/2200/2200 2215/2215/2215 2198/2198/2198
f 2216/2216/2216 2217/2217/2217 2218/2218/2218
f 2218/2218/2218 2217/2217/2217 2219/2219/2219
f 2218/2218/2218 2219/2219/2219 2220/2220/2220
f 2220/2220/2220 2219/2219/2219 2221/2221/2221
f 2220/2220/2220 2221/2221/2221 2222/2222/2222
f 2222/2222/2222 2221/2221/2221 2223/2223/2223
f 2222/2222/2222 2223/2223/2223 2224/2224/2224
f 2224/2224/2224 2223/2223/2223 2225/2225/2225
f 2225/2225/2225 2223/2223/2223 2226/2226/2226
f 2226/2226/2226 2223/2223/2223 2227/2227/2227
f 2226/2226/2226 2227/2227/2227 2228/2228/2228
f 2228/2228/2228 2227/2227/2227 2229/2229/2229
f 2228/2228/2228 2229/2229/2229 2230/2230/2230
f 2230/2230/2230 2229/2229/2229 2231/2231/2231
f 2230/2230/2230 2231/2231/2231 2232/2232/2232
f 2232/2232/2232 2231/2231/2231 2233/2233/2233
f 2232/2232/2232 2233/2233/2233 2234/2234/2234
f 2219/2219/2219 2217/2217/2217 2235/2235/2235
f 2235/2235/2235 2217/2217/2217 2236/2236/2236
f 2235/2235/2235 2236/2236/2236 2237/2237/2237
f 2237/2237/2237 2236/2236/2236 2238/2238/2238
f 2237/2237/2237 2238/2238/2238 2231/2231/2231
f 2231/2231/2231 2238/2238/2238 2233/2233/2233
f 2232/2232/2232 2234/2234/2234 2239/2239/2239
f 2239/2239/2239 2234/2234/2234 2240/2240/2240
f 2239/2239/2239 2240/2240/2240 2241/2241/2241
f 2241/2241/2241 2240/2240/2240 2242/2242/2242
f 2241/2241/2241 2242/2242/2242 2243/2243/2243
f 2243/2243/2243 2242/2242/2242 2244/2244/2244
f 2243/2243/2243 2244/2244/2244 2245/2245/2245
f 2245/2245/2245 2244/2244/2244 2246/2246/2246
f 2245/2245/2245 2246/2246/2246 2247/2247/2247
f 2247/2247/2247 2246/2246/2246 2248/2248/2248
f 2247/2247/2247 2248/2248/2248 2249/2249/2249
f 2249/2249/2249 2248/2248/2248 2250/2250/2250
f 2249/2249/2249 2250/2250/2250 2251/2251/2251
f 2251/2251/2251 2250/2250/2250 2252/2252/2252
f 2251/2251/2251 2252/2252/2252 2253/2253/2253
f 2253/2253/2253 2252/2252/2252 2254/2254/2254
f 2254/2254/2254 2252/2252/2252 2255/2255/2255
f 2254/2254/2254 2255/2255/2255 2256/2256/2256
f 2256/2256/2256 2255/2255/2255 2257/2257/2257
f 2257/2257/2257 2255/2255/2255 2258/2258/2258
f 2258/2258/2258 2255/2255/2255 2259/2259/2259
f 2258/2258/2258 2259/2259/2259 2260/2260/2260
f 2260/2260/2260 2259/2259/2259 2261/2261/2261
f 2260/2260/2260 2261/2261/2261 2262/2262/2262
f 2262/2262/2262 2261/2261/2261 2263/2263/2263
f 2263/2263/2263 2261/2261/2261 2264/2264/2264
f 2264/2264/2264 2261/2261/2261 2248/2248/2248
f 2264/2264/2264 2248/2248/2248 2246/2246/2246
f 2253/2253/2253 2265/2265/2265 2251/2251/2251
f 2251/2251/2251 2265/2265/2265 2266/2266/2266
f 2251/2251/2251 2266/2266/2266 2249/2249/2249
f 2249/2249/2249 2266/2266/2266 2267/2267/2267
f 2249/2249/2249 2267/2267/2267 2247/2247/2247
f 2247/2247/2247 2267/2267/2267 2245/2245/2245
f 2266/2266/2266 2265/2265/2265 2268/2268/2268
f 2268/2268/2268 2265/2265/2265 2269/2269/2269
f 2268/2268/2268 2269/2269/2269 2270/2270/2270
f 2270/2270/2270 2269/2269/2269 2271/2271/2271
f 2270/2270/2270 2271/2271/2271 2272/2272/2272
f 2272/2272/2272 2271/2271/2271 2273/2273/2273
f 2272/2272/2272 2273/2273/2273 2241/2241/2241
f 2241/2241/2241 2273/2273/2273 2239/2239/2239
f 2269/2269/2269 2274/2274/2274 2271/2271/2271
f 2271/2271/2271 2274/2274/2274 2275/2275/2275
f 2271/2271/2271 2275/2275/2275 2273/2273/2273
f 2273/2273/2273 2275/2275/2275 2276/2276/2276
f 2273/2273/2273 2276/2276/2276 2239/2239/2239
f 2239/2239/2239 2276/2276/2276 2232/2232/2232
f 2274/2274/2274 2277/2277/2277 2275/2275/2275
f 2275/2275/2275 2277/2277/2277 2278/2278/2278
f 2275/2275/2275 2278/2278/2278 2276/2276/2276
f 2276/2276/2276 2278/2278/2278 2230/2230/2230
f 2276/2276/2276 2230/2230/2230 2232/2232/2232
f 2277/2277/2277 2279/2279/2279 2278/2278/2278
f 2278/2278/2278 2279/2279/2279 2228/2228/2228
f 2278/2278/2278 2228/2228/2228 2230/2230/2230
f 2279/2279/2279 2226/2226/2226 2228/2228/2228
f 2250/2250/2250 2248/2248/2248 2261/2261/2261
f 2272/2272/2272 2241/2241/2241 2243/2243/2243
f 2243/2243/2243 2245/2245/2245 2280/2280/2280
f 2280/2280/2280 2245/2245/2245 2267/2267/2267
f 2280/2280/2280 2267/2267/2267 2268/2268/2268
f 2268/2268/2268 2267/2267/2267 2266/2266/2266
f 2231/2231/2231 2229/2229/2229 2237/2237/2237
f 2237/2237/2237 2229/2229/2229 2281/2281/2281
f 2237/2237/2237 2281/2281/2281 2235/2235/2235
f 2235/2235/2235 2281/2281/2281 2221/2221/2221
f 2235/2235/2235 2221/2221/2221 2219/2219/2219
f 2252/2252/2252 2250/2250/2250 2259/2259/2259
f 2259/2259/2259 2250/2250/2250 2261/2261/2261
f 2255/2255/2255 2252/2252/2252 2259/2259/2259
f 2270/2270/2270 2272/2272/2272 2280/2280/2280
f 2280/2280/2280 2272/2272/2272 2243/2243/2243
f 2270/2270/2270 2280/2280/2280 2268/2268/2268
f 2223/2223/2223 2221/2221/2221 2281/2281/2281
f 2223/2223/2223 2281/2281/2281 2227/2227/2227
f 2227/2227/2227 2281/2281/2281 2229/2229/2229
f 2282/2282/2282 2283/2283/2283 2284/2284/2284
f 2284/2284/2284 2283/2283/2283 2285/2285/2285
f 2284/2284/2284 2285/2285/2285 2286/2286/2286
f 2286/2286/2286 2285/2285/2285 2287/2287/2287
f 2286/2286/2286 2287/2287/2287 2288/2288/2288
f 2288/2288/2288 2287/2287/2287 2289/2289/2289
f 2288/2288/2288 2289/2289/2289 2290/2290/2290
f 2290/2290/2290 2289/2289/2289 2291/2291/2291
f 2290/2290/2290 2291/2291/2291 2292/2292/2292
f 2292/2292/2292 2291/2291/2291 2293/2293/2293
f 2292/2292/2292 2293/2293/2293 2294/2294/2294
f 2294/2294/2294 2293/2293/2293 2295/2295/2295
f 2294/2294/2294 2295/2295/2295 2296/2296/2296
f 2296/2296/2296 2295/2295/2295 2297/2297/2297
f 2296/2296/2296 2297/2297/2297 2298/2298/2298
f 2298/2298/2298 2297/2297/2297 2299/2299/2299
f 2298/2298/2298 2299/2299/2299 2300/2300/2300
f 2300/2300/2300 2299/2299/2299 2301/2301/2301
f 2300/2300/2300 2301/2301/2301 2302/2302/2302
f 2302/2302/2302 2301/2301/2301 2303/2303/2303
f 2303/2303/2303 2301/2301/2301 2304/2304/2304
f 2303/2303/2303 2304/2304/2304 2305/2305/2305
f 2305/2305/2305 2304/2304/2304 2306/2306/2306
f 2305/2305/2305 2306/2306/2306 2307/2307/2307
f 2307/2307/2307 2306/2306/2306 2308/2308/2308
f 2307/2307/2307 2308/2308/2308 2309/2309/2309
f 2309/2309/2309 2308/2308/2308 2295/2295/2295
f 2295/2295/2295 2308/2308/2308 2297/2297/2297
f 2282/2282/2282 2310/2310/2310 2283/2283/2283
f 2283/2283/2283 2310/2310/2310 2311/2311/2311
f 2283/2283/2283 2311/2311/2311 2312/2312/2312
f 2312/2312/2312 2311/2311/2311 2313/2313/2313
f 2312/2312/2312 2313/2313/2313 2314/2314/2314
f 2314/2314/2314 2313/2313/2313 2293/2293/2293
f 2314/2314/2314 2293/2293/2293 2291/2291/2291
f 2310/2310/2310 2315/2315/2315 2311/2311/2311
f 2311/2311/2311 2315/2315/2315 2313/2313/2313
f 2315/2315/2315 2316/2316/2316 2313/2313/2313
f 2286/2286/2286 2317/2317/2317 2302/2302/2302
f 2302/2302/2302 2317/2317/2317 2318/2318/2318
f 2302/2302/2302 2318/2318/2318 2319/2319/2319
f 2319/2319/2319 2318/2318/2318 2320/2320/2320
f 2319/2319/2319 2320/2320/2320 2298/2298/2298
f 2298/2298/2298 2320/2320/2320 2296/2296/2296
f 2287/2287/2287 2285/2285/2285 2321/2321/2321
f 2321/2321/2321 2285/2285/2285 2283/2283/2283
f 2321/2321/2321 2283/2283/2283 2312/2312/2312
f 2287/2287/2287 2321/2321/2321 2289/2289/2289
f 2289/2289/2289 2321/2321/2321 2314/2314/2314
f 2289/2289/2289 2314/2314/2314 2291/2291/2291
f 2314/2314/2314 2321/2321/2321 2312/2312/2312
f 2318/2318/2318 2317/2317/2317 2322/2322/2322
f 2322/2322/2322 2317/2317/2317 2290/2290/2290
f 2322/2322/2322 2290/2290/2290 2292/2292/2292
f 2318/2318/2318 2322/2322/2322 2320/2320/2320
f 2320/2320/2320 2322/2322/2322 2294/2294/2294
f 2320/2320/2320 2294/2294/2294 2296/2296/2296
f 2294/2294/2294 2322/2322/2322 2292/2292/2292
f 2319/2319/2319 2298/2298/2298 2300/2300/2300
f 2304/2304/2304 2301/2301/2301 2306/2306/2306
f 2306/2306/2306 2301/2301/2301 2299/2299/2299
f 2306/2306/2306 2299/2299/2299 2308/2308/2308
f 2308/2308/2308 2299/2299/2299 2297/2297/2297
f 2302/2302/2302 2319/2319/2319 2300/2300/2300
f 2286/2286/2286 2288/2288/2288 2317/2317/2317
f 2317/2317/2317 2288/2288/2288 2290/2290/2290
f 2323/2323/2323 2324/2324/2324 2325/2325/2325
f 2325/2325/2325 2324/2324/2324 2326/2326/2326
f 2325/2325/2325 2326/2326/2326 2327/2327/2327
f 2327/2327/2327 2326/2326/2326 2328/2328/2328
f 2327/2327/2327 2328/2328/2328 2329/2329/2329
f 2329/2329/2329 2328/2328/2328 2330/2330/2330
f 2329/2329/2329 2330/2330/2330 2331/2331/2331
f 2329/2329/2329 2331/2331/2331 2332/2332/2332
f 2332/2332/2332 2331/2331/2331 2333/2333/2333
f 2332/2332/2332 2333/2333/2333 2334/2334/2334
f 2334/2334/2334 2333/2333/2333 2335/2335/2335
f 2334/2334/2334 2335/2335/2335 2336/2336/2336
f 2334/2334/2334 2336/2336/2336 2337/2337/2337
f 2337/2337/2337 2336/2336/2336 2338/2338/2338
f 2337/2337/2337 2338/2338/2338 2339/2339/2339
f 2339/2339/2339 2338/2338/2338 2340/2340/2340
f 2339/2339/2339 2340/2340/2340 2341/2341/2341
f 2339/2339/2339 2341/2341/2341 2342/2342/2342
f 2342/2342/2342 2341/2341/2341 2323/2323/2323
f 2342/2342/2342 2323/2323/2323 2325/2325/2325
f 2337/2337/2337 2339/2339/2339 2342/2342/2342
f 2342/2342/2342 2325/2325/2325 2343/2343/2343
f 2343/2343/2343 2325/2325/2325 2327/2327/2327
f 2343/2343/2343 2327/2327/2327 2332/2332/2332
f 2332/2332/2332 2327/2327/2327 2329/2329/2329
f 2334/2334/2334 2337/2337/2337 2343/2343/2343
f 2343/2343/2343 2337/2337/2337 2342/2342/2342
f 2334/2334/2334 2343/2343/2343 2332/2332/2332
f 2344/2344/2344 2345/2345/2345 2346/2346/2346
f 2346/2346/2346 2345/2345/2345 2347/2347/2347
f 2346/2346/2346 2347/2347/2347 2348/2348/2348
f 2348/2348/2348 2347/2347/2347 2349/2349/2349
f 2348/2348/2348 2349/2349/2349 2350/2350/2350
f 2350/2350/2350 2349/2349/2349 2351/2351/2351
f 2350/2350/2350 2351/2351/2351 2352/2352/2352
f 2352/2352/2352 2351/2351/2351 2353/2353/2353
f 2352/2352/2352 2353/2353/2353 2354/2354/2354
f 2354/2354/2354 2353/2353/2353 2355/2355/2355
f 2354/2354/2354 2355/2355/2355 2356/2356/2356
f 2356/2356/2356 2355/2355/2355 2357/2357/2357
f 2356/2356/2356 2357/2357/2357 2358/2358/2358
f 2358/2358/2358 2357/2357/2357 2359/2359/2359
f 2358/2358/2358 2359/2359/2359 2360/2360/2360
f 2360/2360/2360 2359/2359/2359 2361/2361/2361
f 2360/2360/2360 2361/2361/2361 2362/2362/2362
f 2362/2362/2362 2361/2361/2361 2363/2363/2363
f 2362/2362/2362 2363/2363/2363 2364/2364/2364
f 2364/2364/2364 2363/2363/2363 2365/2365/2365
f 2364/2364/2364 2365/2365/2365 2366/2366/2366
f 2366/2366/2366 2365/2365/2365 2367/2367/2367
f 2366/2366/2366 2367/2367/2367 2368/2368/2368
f 2351/2351/2351 2369/2369/2369 2353/2353/2353
f 2353/2353/2353 2369/2369/2369 2355/2355/2355
f 2359/2359/2359 2370/2370/2370 2361/2361/2361
f 2361/2361/2361 2370/2370/2370 2367/2367/2367
f 2361/2361/2361 2367/2367/2367 2363/2363/2363
f 2363/2363/2363 2367/2367/2367 2365/2365/2365
f 2366/2366/2366 2368/2368/2368 2371/2371/2371
f 2371/2371/2371 2368/2368/2368 2372/2372/2372
f 2371/2371/2371 2372/2372/2372 2373/2373/2373
f 2373/2373/2373 2374/2374/2374 2371/2371/2371
f 2371/2371/2371 2374/2374/2374 2375/2375/2375
f 2371/2371/2371 2375/2375/2375 2376/2376/2376
f 2376/2376/2376 2375/2375/2375 2377/2377/2377
f 2376/2376/2376 2377/2377/2377 2378/2378/2378
f 2378/2378/2378 2377/2377/2377 2379/2379/2379
f 2378/2378/2378 2379/2379/2379 2380/2380/2380
f 2380/2380/2380 2379/2379/2379 2381/2381/2381
f 2380/2380/2380 2381/2381/2381 2358/2358/2358
f 2358/2358/2358 2381/2381/2381 2356/2356/2356
f 2375/2375/2375 2374/2374/2374 2382/2382/2382
f 2382/2382/2382 2374/2374/2374 2383/2383/2383
f 2382/2382/2382 2383/2383/2383 2384/2384/2384
f 2384/2384/2384 2383/2383/2383 2344/2344/2344
f 2384/2384/2384 2344/2344/2344 2385/2385/2385
f 2385/2385/2385 2344/2344/2344 2346/2346/2346
f 2385/2385/2385 2346/2346/2346 2348/2348/2348
f 2384/2384/2384 2385/2385/2385 2386/2386/2386
f 2386/2386/2386 2385/2385/2385 2348/2348/2348
f 2386/2386/2386 2348/2348/2348 2350/2350/2350
f 2377/2377/2377 2375/2375/2375 2382/2382/2382
f 2382/2382/2382 2384/2384/2384 2387/2387/2387
f 2387/2387/2387 2384/2384/2384 2386/2386/2386
f 2387/2387/2387 2386/2386/2386 2388/2388/2388
f 2388/2388/2388 2386/2386/2386 2350/2350/2350
f 2388/2388/2388 2350/2350/2350 2389/2389/2389
f 2389/2389/2389 2350/2350/2350 2352/2352/2352
f 2389/2389/2389 2352/2352/2352 2354/2354/2354
f 2366/2366/2366 2371/2371/2371 2376/2376/2376
f 2379/2379/2379 2377/2377/2377 2387/2387/2387
f 2387/2387/2387 2377/2377/2377 2382/2382/2382
f 2379/2379/2379 2387/2387/2387 2388/2388/2388
f 2364/2364/2364 2366/2366/2366 2376/2376/2376
f 2364/2364/2364 2376/2376/2376 2378/2378/2378
f 2381/2381/2381 2379/2379/2379 2388/2388/2388
f 2381/2381/2381 2388/2388/2388 2389/2389/2389
f 2362/2362/2362 2364/2364/2364 2378/2378/2378
f 2362/2362/2362 2378/2378/2378 2380/2380/2380
f 2356/2356/2356 2381/2381/2381 2389/2389/2389
f 2356/2356/2356 2389/2389/2389 2354/2354/2354
f 2360/2360/2360 2362/2362/2362 2380/2380/2380
f 2360/2360/2360 2380/2380/2380 2358/2358/2358
f 2390/2390/2390 2391/2391/2391 2392/2392/2392
f 2392/2392/2392 2391/2391/2391 2393/2393/2393
f 2392/2392/2392 2393/2393/2393 2394/2394/2394
f 2394/2394/2394 2393/2393/2393 2395/2395/2395
f 2394/2394/2394 2395/2395/2395 2396/2396/2396
f 2396/2396/2396 2395/2395/2395 2397/2397/2397
f 2396/2396/2396 2397/2397/2397 2398/2398/2398
f 2398/2398/2398 2397/2397/2397 2399/2399/2399
f 2398/2398/2398 2399/2399/2399 2400/2400/2400
f 2400/2400/2400 2399/2399/2399 2401/2401/2401
f 2401/2401/2401 2399/2399/2399 2402/2402/2402
f 2401/2401/2401 2402/2402/2402 2403/2403/2403
f 2403/2403/2403 2402/2402/2402 2404/2404/2404
f 2403/2403/2403 2404/2404/2404 2405/2405/2405
f 2405/2405/2405 2404/2404/2404 2406/2406/2406
f 2405/2405/2405 2406/2406/2406 2407/2407/2407
f 2407/2407/2407 2406/2406/2406 2408/2408/2408
f 2407/2407/2407 2408/2408/2408 2409/2409/2409
f 2409/2409/2409 2408/2408/2408 2410/2410/2410
f 2409/2409/2409 2410/2410/2410 2411/2411/2411
f 2411/2411/2411 2410/2410/2410 2390/2390/2390
f 2411/2411/2411 2390/2390/2390 2412/2412/2412
f 2413/2413/2413 2414/2414/2414 2412/2412/2412
f 2412/2412/2412 2414/2414/2414 2415/2415/2415
f 2412/2412/2412 2415/2415/2415 2411/2411/2411
f 2411/2411/2411 2415/2415/2415 2416/2416/2416
f 2411/2411/2411 2416/2416/2416 2409/2409/2409
f 2409/2409/2409 2416/2416/2416 2417/2417/2417
f 2409/2409/2409 2417/2417/2417 2407/2407/2407
f 2407/2407/2407 2417/2417/2417 2418/2418/2418
f 2407/2407/2407 2418/2418/2418 2405/2405/2405
f 2405/2405/2405 2418/2418/2418 2419/2419/2419
f 2405/2405/2405 2419/2419/2419 2403/2403/2403
f 2403/2403/2403 2419/2419/2419 2420/2420/2420
f 2403/2403/2403 2420/2420/2420 2401/2401/2401
f 2413/2413/2413 2421/2421/2421 2414/2414/2414
f 2414/2414/2414 2421/2421/2421 2422/2422/2422
f 2414/2414/2414 2422/2422/2422 2415/2415/2415
f 2415/2415/2415 2422/2422/2422 2416/2416/2416
f 2421/2421/2421 2423/2423/2423 2422/2422/2422
f 2422/2422/2422 2423/2423/2423 2424/2424/2424
f 2422/2422/2422 2424/2424/2424 2416/2416/2416
f 2416/2416/2416 2424/2424/2424 2417/2417/2417
f 2424/2424/2424 2423/2423/2423 2425/2425/2425
f 2425/2425/2425 2423/2423/2423 2426/2426/2426
f 2425/2425/2425 2426/2426/2426 2427/2427/2427
f 2427/2427/2427 2426/2426/2426 2428/2428/2428
f 2427/2427/2427 2428/2428/2428 2420/2420/2420
f 2410/2410/2410 2408/2408/2408 2391/2391/2391
f 2391/2391/2391 2408/2408/2408 2393/2393/2393
f 2408/2408/2408 2406/2406/2406 2393/2393/2393
f 2393/2393/2393 2406/2406/2406 2395/2395/2395
f 2402/2402/2402 2399/2399/2399 2397/2397/2397
f 2406/2406/2406 2404/2404/2404 2395/2395/2395
f 2395/2395/2395 2404/2404/2404 2397/2397/2397
f 2404/2404/2404 2402/2402/2402 2397/2397/2397
f 2390/2390/2390 2410/2410/2410 2391/2391/2391
f 2418/2418/2418 2417/2417/2417 2425/2425/2425
f 2425/2425/2425 2417/2417/2417 2424/2424/2424
f 2419/2419/2419 2418/2418/2418 2427/2427/2427
f 2427/2427/2427 2418/2418/2418 2425/2425/2425
f 2420/2420/2420 2419/2419/2419 2427/2427/2427
f 2429/2429/2429 2430/2430/2430 2431/2431/2431
f 2431/2431/2431 2430/2430/2430 2432/2432/2432
f 2431/2431/2431 2432/2432/2432 2433/2433/2433
f 2433/2433/2433 2432/2432/2432 2434/2434/2434
f 2434/2434/2434 2432/2432/2432 2435/2435/2435
f 2434/2434/2434 2435/2435/2435 2436/2436/2436
f 2430/2430/2430 2437/2437/2437 2432/2432/2432
f 2432/2432/2432 2437/2437/2437 2435/2435/2435
f 2438/2438/2438 2439/2439/2439 2437/2437/2437
f 2437/2437/2437 2439/2439/2439 2435/2435/2435
f 2440/2440/2440 2441/2441/2441 2433/2433/2433
f 2433/2433/2433 2441/2441/2441 2431/2431/2431
f 2442/2442/2442 2443/2443/2443 2444/2444/2444
f 2444/2444/2444 2443/2443/2443 2445/2445/2445
f 2444/2444/2444 2445/2445/2445 2446/2446/2446
f 2446/2446/2446 2445/2445/2445 2447/2447/2447
f 2446/2446/2446 2447/2447/2447 2448/2448/2448
f 2448/2448/2448 2447/2447/2447 2449/2449/2449
f 2449/2449/2449 2447/2447/2447 2450/2450/2450
f 2449/2449/2449 2450/2450/2450 2451/2451/2451
f 2451/2451/2451 2450/2450/2450 2452/2452/2452
f 2451/2451/2451 2452/2452/2452 2453/2453/2453
f 2443/2443/2443 2454/2454/2454 2445/2445/2445
f 2445/2445/2445 2454/2454/2454 2455/2455/2455
f 2445/2445/2445 2455/2455/2455 2447/2447/2447
f 2447/2447/2447 2455/2455/2455 2456/2456/2456
f 2447/2447/2447 2456/2456/2456 2450/2450/2450
f 2450/2450/2450 2456/2456/2456 2457/2457/2457
f 2450/2450/2450 2457/2457/2457 2458/2458/2458
f 2458/2458/2458 2457/2457/2457 2459/2459/2459
f 2459/2459/2459 2457/2457/2457 2460/2460/2460
f 2459/2459/2459 2460/2460/2460 2461/2461/2461
f 2461/2461/2461 2460/2460/2460 2462/2462/2462
f 2462/2462/2462 2460/2460/2460 2463/2463/2463
f 2462/2462/2462 2463/2463/2463 2464/2464/2464
f 2464/2464/2464 2463/2463/2463 2465/2465/2465
f 2464/2464/2464 2465/2465/2465 2466/2466/2466
f 2466/2466/2466 2465/2465/2465 2467/2467/2467
f 2467/2467/2467 2465/2465/2465 2468/2468/2468
f 2467/2467/2467 2468/2468/2468 2469/2469/2469
f 2469/2469/2469 2468/2468/2468 2470/2470/2470
f 2469/2469/2469 2470/2470/2470 2471/2471/2471
f 2471/2471/2471 2470/2470/2470 2472/2472/2472
f 2471/2471/2471 2472/2472/2472 2473/2473/2473
f 2473/2473/2473 2472/2472/2472 2474/2474/2474
f 2473/2473/2473 2474/2474/2474 2475/2475/2475
f 2475/2475/2475 2474/2474/2474 2476/2476/2476
f 2475/2475/2475 2476/2476/2476 2477/2477/2477
f 2477/2477/2477 2476/2476/2476 2478/2478/2478
f 2477/2477/2477 2478/2478/2478 2479/2479/2479
f 2454/2454/2454 2480/2480/2480 2455/2455/2455
f 2455/2455/2455 2480/2480/2480 2481/2481/2481
f 2455/2455/2455 2481/2481/2481 2456/2456/2456
f 2456/2456/2456 2481/2481/2481 2482/2482/2482
f 2456/2456/2456 2482/2482/2482 2457/2457/2457
f 2457/2457/2457 2482/2482/2482 2460/2460/2460
f 2480/2480/2480 2483/2483/2483 2481/2481/2481
f 2481/2481/2481 2483/2483/2483 2484/2484/2484
f 2481/2481/2481 2484/2484/2484 2482/2482/2482
f 2482/2482/2482 2484/2484/2484 2485/2485/2485
f 2482/2482/2482 2485/2485/2485 2460/2460/2460
f 2460/2460/2460 2485/2485/2485 2463/2463/2463
f 2483/2483/2483 2486/2486/2486 2484/2484/2484
f 2484/2484/2484 2486/2486/2486 2487/2487/2487
f 2484/2484/2484 2487/2487/2487 2488/2488/2488
f 2488/2488/2488 2487/2487/2487 2489/2489/2489
f 2488/2488/2488 2489/2489/2489 2490/2490/2490
f 2490/2490/2490 2489/2489/2489 2491/2491/2491
f 2490/2490/2490 2491/2491/2491 2492/2492/2492
f 2492/2492/2492 2491/2491/2491 2470/2470/2470
f 2492/2492/2492 2470/2470/2470 2468/2468/2468
f 2489/2489/2489 2493/2493/2493 2491/2491/2491
f 2491/2491/2491 2493/2493/2493 2472/2472/2472
f 2491/2491/2491 2472/2472/2472 2470/2470/2470
f 2493/2493/2493 2474/2474/2474 2472/2472/2472
f 2477/2477/2477 2479/2479/2479 2494/2494/2494
f 2494/2494/2494 2479/2479/2479 2495/2495/2495
f 2494/2494/2494 2495/2495/2495 2496/2496/2496
f 2496/2496/2496 2495/2495/2495 2497/2497/2497
f 2496/2496/2496 2497/2497/2497 2498/2498/2498
f 2496/2496/2496 2498/2498/2498 2499/2499/2499
f 2499/2499/2499 2498/2498/2498 2500/2500/2500
f 2499/2499/2499 2500/2500/2500 2501/2501/2501
f 2501/2501/2501 2500/2500/2500 2502/2502/2502
f 2501/2501/2501 2502/2502/2502 2503/2503/2503
f 2503/2503/2503 2502/2502/2502 2471/2471/2471
f 2503/2503/2503 2471/2471/2471 2473/2473/2473
f 2500/2500/2500 2504/2504/2504 2502/2502/2502
f 2502/2502/2502 2504/2504/2504 2469/2469/2469
f 2502/2502/2502 2469/2469/2469 2471/2471/2471
f 2504/2504/2504 2467/2467/2467 2469/2469/2469
f 2458/2458/2458 2452/2452/2452 2450/2450/2450
f 2503/2503/2503 2473/2473/2473 2475/2475/2475
f 2475/2475/2475 2477/2477/2477 2505/2505/2505
f 2505/2505/2505 2477/2477/2477 2494/2494/2494
f 2505/2505/2505 2494/2494/2494 2499/2499/2499
f 2499/2499/2499 2494/2494/2494 2496/2496/2496
f 2485/2485/2485 2484/2484/2484 2488/2488/2488
f 2488/2488/2488 2490/2490/2490 2506/2506/2506
f 2506/2506/2506 2490/2490/2490 2492/2492/2492
f 2506/2506/2506 2492/2492/2492 2465/2465/2465
f 2465/2465/2465 2492/2492/2492 2468/2468/2468
f 2501/2501/2501 2503/2503/2503 2505/2505/2505
f 2505/2505/2505 2503/2503/2503 2475/2475/2475
f 2501/2501/2501 2505/2505/2505 2499/2499/2499
f 2463/2463/2463 2485/2485/2485 2506/2506/2506
f 2506/2506/2506 2485/2485/2485 2488/2488/2488
f 2463/2463/2463 2506/2506/2506 2465/2465/2465
f 2507/2507/2507 2508/2508/2508 2509/2509/2509
f 2509/2509/2509 2508/2508/2508 2510/2510/2510
f 2509/2509/2509 2510/2510/2510 2511/2511/2511
f 2511/2511/2511 2510/2510/2510 2512/2512/2512
f 2511/2511/2511 2512/2512/2512 2513/2513/2513
f 2507/2507/2507 2514/2514/2514 2508/2508/2508
f 2508/2508/2508 2514/2514/2514 2515/2515/2515
f 2516/2516/2516 2517/2517/2517 2513/2513/2513
f 2513/2513/2513 2517/2517/2517 2518/2518/2518
f 2513/2513/2513 2518/2518/2518 2511/2511/2511
f 2516/2516/2516 2519/2519/2519 2517/2517/2517
f 2517/2517/2517 2519/2519/2519 2520/2520/2520
f 2517/2517/2517 2520/2520/2520 2518/2518/2518
f 2518/2518/2518 2520/2520/2520 2521/2521/2521
f 2522/2522/2522 2523/2523/2523 2524/2524/2524
f 2524/2524/2524 2523/2523/2523 2525/2525/2525
f 2524/2524/2524 2525/2525/2525 2526/2526/2526
f 2526/2526/2526 2525/2525/2525 2527/2527/2527
f 2527/2527/2527 2525/2525/2525 2528/2528/2528
f 2527/2527/2527 2528/2528/2528 2529/2529/2529
f 2529/2529/2529 2528/2528/2528 2530/2530/2530
f 2529/2529/2529 2530/2530/2530 2531/2531/2531
f 2531/2531/2531 2530/2530/2530 2532/2532/2532
f 2531/2531/2531 2532/2532/2532 2533/2533/2533
f 2525/2525/2525 2523/2523/2523 2534/2534/2534
f 2534/2534/2534 2523/2523/2523 2535/2535/2535
f 2534/2534/2534 2535/2535/2535 2536/2536/2536
f 2536/2536/2536 2535/2535/2535 2537/2537/2537
f 2536/2536/2536 2537/2537/2537 2538/2538/2538
f 2538/2538/2538 2539/2539/2539 2536/2536/2536
f 2536/2536/2536 2539/2539/2539 2540/2540/2540
f 2536/2536/2536 2540/2540/2540 2534/2534/2534
f 2534/2534/2534 2540/2540/2540 2541/2541/2541
f 2534/2534/2534 2541/2541/2541 2525/2525/2525
f 2525/2525/2525 2541/2541/2541 2528/2528/2528
f 2539/2539/2539 2542/2542/2542 2540/2540/2540
f 2540/2540/2540 2542/2542/2542 2543/2543/2543
f 2540/2540/2540 2543/2543/2543 2541/2541/2541
f 2541/2541/2541 2543/2543/2543 2544/2544/2544
f 2541/2541/2541 2544/2544/2544 2528/2528/2528
f 2528/2528/2528 2544/2544/2544 2530/2530/2530
f 2542/2542/2542 2545/2545/2545 2543/2543/2543
f 2543/2543/2543 2545/2545/2545 2546/2546/2546
f 2543/2543/2543 2546/2546/2546 2544/2544/2544
f 2544/2544/2544 2546/2546/2546 2532/2532/2532
f 2544/2544/2544 2532/2532/2532 2530/2530/2530
f 2547/2547/2547 2548/2548/2548 2549/2549/2549
f 2549/2549/2549 2548/2548/2548 2550/2550/2550
f 2549/2549/2549 2550/2550/2550 2551/2551/2551
f 2551/2551/2551 2550/2550/2550 2552/2552/2552
f 2551/2551/2551 2552/2552/2552 2553/2553/2553
f 2553/2553/2553 2552/2552/2552 2554/2554/2554
f 2553/2553/2553 2554/2554/2554 2555/2555/2555
f 2555/2555/2555 2554/2554/2554 2556/2556/2556
f 2555/2555/2555 2556/2556/2556 2557/2557/2557
f 2557/2557/2557 2556/2556/2556 2558/2558/2558
f 2557/2557/2557 2558/2558/2558 2559/2559/2559
f 2559/2559/2559 2558/2558/2558 2560/2560/2560
f 2560/2560/2560 2558/2558/2558 2561/2561/2561
f 2560/2560/2560 2561/2561/2561 2562/2562/2562
f 2562/2562/2562 2561/2561/2561 2563/2563/2563
f 2562/2562/2562 2563/2563/2563 2564/2564/2564
f 2564/2564/2564 2563/2563/2563 2565/2565/2565
f 2564/2564/2564 2565/2565/2565 2566/2566/2566
f 2566/2566/2566 2565/2565/2565 2567/2567/2567
f 2566/2566/2566 2567/2567/2567 2568/2568/2568
f 2568/2568/2568 2567/2567/2567 2569/2569/2569
f 2568/2568/2568 2569/2569/2569 2570/2570/2570
f 2570/2570/2570 2569/2569/2569 2571/2571/2571
f 2570/2570/2570 2571/2571/2571 2572/2572/2572
f 2572/2572/2572 2571/2571/2571 2573/2573/2573
f 2573/2573/2573 2571/2571/2571 2574/2574/2574
f 2574/2574/2574 2571/2571/2571 2575/2575/2575
f 2574/2574/2574 2575/2575/2575 2576/2576/2576
f 2576/2576/2576 2575/2575/2575 2577/2577/2577
f 2576/2576/2576 2577/2577/2577 2578/2578/2578
f 2578/2578/2578 2577/2577/2577 2579/2579/2579
f 2578/2578/2578 2579/2579/2579 2580/2580/2580
f 2580/2580/2580 2579/2579/2579 2581/2581/2581
f 2580/2580/2580 2581/2581/2581 2582/2582/2582
f 2582/2582/2582 2581/2581/2581 2583/2583/2583
f 2582/2582/2582 2583/2583/2583 2556/2556/2556
f 2556/2556/2556 2583/2583/2583 2558/2558/2558
f 2552/2552/2552 2584/2584/2584 2554/2554/2554
f 2554/2554/2554 2584/2584/2584 2582/2582/2582
f 2554/2554/2554 2582/2582/2582 2556/2556/2556
f 2584/2584/2584 2580/2580/2580 2582/2582/2582
f 2572/2572/2572 2585/2585/2585 2570/2570/2570
f 2570/2570/2570 2585/2585/2585 2586/2586/2586
f 2570/2570/2570 2586/2586/2586 2587/2587/2587
f 2587/2587/2587 2586/2586/2586 2588/2588/2588
f 2587/2587/2587 2588/2588/2588 2589/2589/2589
f 2587/2587/2587 2589/2589/2589 2590/2590/2590
f 2590/2590/2590 2589/2589/2589 2591/2591/2591
f 2590/2590/2590 2591/2591/2591 2592/2592/2592
f 2592/2592/2592 2593/2593/2593 2590/2590/2590
f 2587/2587/2587 2590/2590/2590 2568/2568/2568
f 2568/2568/2568 2590/2590/2590 2566/2566/2566
f 2557/2557/2557 2559/2559/2559 2594/2594/2594
f 2594/2594/2594 2559/2559/2559 2595/2595/2595
f 2594/2594/2594 2595/2595/2595 2596/2596/2596
f 2596/2596/2596 2595/2595/2595 2597/2597/2597
f 2596/2596/2596 2597/2597/2597 2598/2598/2598
f 2596/2596/2596 2598/2598/2598 2599/2599/2599
f 2599/2599/2599 2598/2598/2598 2547/2547/2547
f 2599/2599/2599 2547/2547/2547 2549/2549/2549
f 2571/2571/2571 2569/2569/2569 2575/2575/2575
f 2575/2575/2575 2569/2569/2569 2600/2600/2600
f 2575/2575/2575 2600/2600/2600 2577/2577/2577
f 2577/2577/2577 2600/2600/2600 2601/2601/2601
f 2577/2577/2577 2601/2601/2601 2579/2579/2579
f 2579/2579/2579 2601/2601/2601 2602/2602/2602
f 2579/2579/2579 2602/2602/2602 2581/2581/2581
f 2581/2581/2581 2602/2602/2602 2583/2583/2583
f 2599/2599/2599 2549/2549/2549 2551/2551/2551
f 2551/2551/2551 2553/2553/2553 2603/2603/2603
f 2603/2603/2603 2553/2553/2553 2555/2555/2555
f 2603/2603/2603 2555/2555/2555 2594/2594/2594
f 2594/2594/2594 2555/2555/2555 2557/2557/2557
f 2587/2587/2587 2568/2568/2568 2570/2570/2570
f 2569/2569/2569 2567/2567/2567 2600/2600/2600
f 2600/2600/2600 2567/2567/2567 2565/2565/2565
f 2600/2600/2600 2565/2565/2565 2601/2601/2601
f 2601/2601/2601 2565/2565/2565 2563/2563/2563
f 2601/2601/2601 2563/2563/2563 2602/2602/2602
f 2602/2602/2602 2563/2563/2563 2561/2561/2561
f 2602/2602/2602 2561/2561/2561 2583/2583/2583
f 2583/2583/2583 2561/2561/2561 2558/2558/2558
f 2596/2596/2596 2599/2599/2599 2603/2603/2603
f 2603/2603/2603 2599/2599/2599 2551/2551/2551
f 2596/2596/2596 2603/2603/2603 2594/2594/2594
f 2604/2604/2604 2605/2605/2605 2606/2606/2606
f 2606/2606/2606 2605/2605/2605 2607/2607/2607
f 2606/2606/2606 2607/2607/2607 2608/2608/2608
f 2608/2608/2608 2609/2609/2609 2606/2606/2606
f 2606/2606/2606 2609/2609/2609 2610/2610/2610
f 2606/2606/2606 2610/2610/2610 2611/2611/2611
f 2611/2611/2611 2610/2610/2610 2612/2612/2612
f 2611/2611/2611 2612/2612/2612 2613/2613/2613
f 2613/2613/2613 2612/2612/2612 2614/2614/2614
f 2613/2613/2613 2614/2614/2614 2615/2615/2615
f 2615/2615/2615 2614/2614/2614 2616/2616/2616
f 2616/2616/2616 2614/2614/2614 2617/2617/2617
f 2617/2617/2617 2614/2614/2614 2618/2618/2618
f 2618/2618/2618 2614/2614/2614 2619/2619/2619
f 2618/2618/2618 2619/2619/2619 2620/2620/2620
f 2620/2620/2620 2619/2619/2619 2621/2621/2621
f 2620/2620/2620 2621/2621/2621 2622/2622/2622
f 2609/2609/2609 2623/2623/2623 2610/2610/2610
f 2610/2610/2610 2623/2623/2623 2624/2624/2624
f 2610/2610/2610 2624/2624/2624 2612/2612/2612
f 2612/2612/2612 2624/2624/2624 2625/2625/2625
f 2612/2612/2612 2625/2625/2625 2614/2614/2614
f 2614/2614/2614 2625/2625/2625 2619/2619/2619
f 2624/2624/2624 2623/2623/2623 2626/2626/2626
f 2626/2626/2626 2623/2623/2623 2627/2627/2627
f 2628/2628/2628 2629/2629/2629 2615/2615/2615
f 2615/2615/2615 2629/2629/2629 2613/2613/2613
f 2613/2613/2613 2629/2629/2629 2611/2611/2611
f 2611/2611/2611 2629/2629/2629 2630/2630/2630
f 2611/2611/2611 2630/2630/2630 2604/2604/2604
f 2611/2611/2611 2604/2604/2604 2606/2606/2606
f 2626/2626/2626 2631/2631/2631 2621/2621/2621
f 2625/2625/2625 2624/2624/2624 2626/2626/2626
f 2625/2625/2625 2626/2626/2626 2621/2621/2621
f 2632/2632/2632 2618/2618/2618 2620/2620/2620
f 2621/2621/2621 2619/2619/2619 2625/2625/2625
f 2633/2633/2633 2634/2634/2634 2635/2635/2635
f 2635/2635/2635 2634/2634/2634 2636/2636/2636
f 2635/2635/2635 2636/2636/2636 2637/2637/2637
f 2637/2637/2637 2636/2636/2636 2638/2638/2638
f 2638/2638/2638 2636/2636/2636 2639/2639/2639
f 2639/2639/2639 2636/2636/2636 2640/2640/2640
f 2639/2639/2639 2640/2640/2640 2641/2641/2641
f 2641/2641/2641 2640/2640/2640 2642/2642/2642
f 2641/2641/2641 2642/2642/2642 2643/2643/2643
f 2643/2643/2643 2642/2642/2642 2644/2644/2644
f 2644/2644/2644 2642/2642/2642 2645/2645/2645
f 2645/2645/2645 2642/2642/2642 2646/2646/2646
f 2645/2645/2645 2646/2646/2646 2647/2647/2647
f 2636/2636/2636 2634/2634/2634 2640/2640/2640
f 2640/2640/2640 2634/2634/2634 2648/2648/2648
f 2640/2640/2640 2648/2648/2648 2646/2646/2646
f 2640/2640/2640 2646/2646/2646 2642/2642/2642
f 2649/2649/2649 2650/2650/2650 2651/2651/2651
f 2651/2651/2651 2650/2650/2650 2652/2652/2652
f 2651/2651/2651 2652/2652/2652 2653/2653/2653
f 2653/2653/2653 2652/2652/2652 2654/2654/2654
f 2653/2653/2653 2654/2654/2654 2655/2655/2655
f 2655/2655/2655 2654/2654/2654 2656/2656/2656
f 2656/2656/2656 2654/2654/2654 2657/2657/2657
f 2657/2657/2657 2654/2654/2654 2658/2658/2658
f 2657/2657/2657 2658/2658/2658 1592/1592/1592
f 2650/2650/2650 2659/2659/2659 2652/2652/2652
f 2652/2652/2652 2659/2659/2659 2654/2654/2654
f 2659/2659/2659 2658/2658/2658 2654/2654/2654
f 2660/2660/2660 2661/2661/2661 2662/2662/2662
f 2662/2662/2662 2661/2661/2661 2663/2663/2663
f 2662/2662/2662 2663/2663/2663 2664/2664/2664
f 2664/2664/2664 2663/2663/2663 2665/2665/2665
f 2664/2664/2664 2665/2665/2665 2666/2666/2666
f 2664/2664/2664 2666/2666/2666 2667/2667/2667
f 2667/2667/2667 2666/2666/2666 2668/2668/2668
f 2667/2667/2667 2668/2668/2668 2669/2669/2669
f 2667/2667/2667 2669/2669/2669 2670/2670/2670
f 2670/2670/2670 2669/2669/2669 2671/2671/2671
f 2670/2670/2670 2671/2671/2671 2672/2672/2672
f 2672/2672/2672 2671/2671/2671 2673/2673/2673
f 2672/2672/2672 2673/2673/2673 2674/2674/2674
f 2674/2674/2674 2675/2675/2675 2672/2672/2672
f 2672/2672/2672 2675/2675/2675 2676/2676/2676
f 2672/2672/2672 2676/2676/2676 2670/2670/2670
f 2670/2670/2670 2676/2676/2676 2677/2677/2677
f 2670/2670/2670 2677/2677/2677 2667/2667/2667
f 2667/2667/2667 2677/2677/2677 2664/2664/2664
f 2676/2676/2676 2675/2675/2675 2678/2678/2678
f 2678/2678/2678 2675/2675/2675 2679/2679/2679
f 2678/2678/2678 2679/2679/2679 2680/2680/2680
f 2678/2678/2678 2680/2680/2680 2681/2681/2681
f 2681/2681/2681 2680/2680/2680 2660/2660/2660
f 2681/2681/2681 2660/2660/2660 2662/2662/2662
f 2681/2681/2681 2662/2662/2662 2664/2664/2664
f 2681/2681/2681 2664/2664/2664 2677/2677/2677
f 2678/2678/2678 2681/2681/2681 2677/2677/2677
f 2678/2678/2678 2677/2677/2677 2676/2676/2676
f 2682/2682/2682 2683/2683/2683 2684/2684/2684
f 2684/2684/2684 2683/2683/2683 2685/2685/2685
f 2684/2684/2684 2685/2685/2685 2686/2686/2686
f 2686/2686/2686 2685/2685/2685 2687/2687/2687
f 2686/2686/2686 2687/2687/2687 2688/2688/2688
f 2686/2686/2686 2688/2688/2688 2689/2689/2689
f 2689/2689/2689 2688/2688/2688 2690/2690/2690
f 2689/2689/2689 2690/2690/2690 2691/2691/2691
f 2689/2689/2689 2691/2691/2691 2692/2692/2692
f 2692/2692/2692 2691/2691/2691 2693/2693/2693
f 2692/2692/2692 2693/2693/2693 2694/2694/2694
f 2694/2694/2694 2693/2693/2693 2695/2695/2695
f 2694/2694/2694 2695/2695/2695 2696/2696/2696
f 2696/2696/2696 2695/2695/2695 2697/2697/2697
f 2696/2696/2696 2697/2697/2697 2698/2698/2698
f 2698/2698/2698 2697/2697/2697 2699/2699/2699
f 2698/2698/2698 2699/2699/2699 2700/2700/2700
f 2700/2700/2700 2699/2699/2699 2701/2701/2701
f 2700/2700/2700 2701/2701/2701 2702/2702/2702
f 2693/2693/2693 2703/2703/2703 2695/2695/2695
f 2695/2695/2695 2703/2703/2703 2704/2704/2704
f 2695/2695/2695 2704/2704/2704 2697/2697/2697
f 2697/2697/2697 2704/2704/2704 2705/2705/2705
f 2697/2697/2697 2705/2705/2705 2706/2706/2706
f 2707/2707/2707 2708/2708/2708 2703/2703/2703
f 2703/2703/2703 2708/2708/2708 2704/2704/2704
f 2708/2708/2708 2705/2705/2705 2704/2704/2704
f 2706/2706/2706 2709/2709/2709 2697/2697/2697
f 2697/2697/2697 2709/2709/2709 2699/2699/2699
f 2709/2709/2709 2710/2710/2710 2699/2699/2699
f 2699/2699/2699 2710/2710/2710 2711/2711/2711
f 2699/2699/2699 2711/2711/2711 2712/2712/2712
f 2712/2712/2712 2701/2701/2701 2699/2699/2699
f 2700/2700/2700 2713/2713/2713 2698/2698/2698
f 2698/2698/2698 2713/2713/2713 2714/2714/2714
f 2698/2698/2698 2714/2714/2714 2696/2696/2696
f 2696/2696/2696 2714/2714/2714 2715/2715/2715
f 2696/2696/2696 2715/2715/2715 2694/2694/2694
f 2694/2694/2694 2715/2715/2715 2692/2692/2692
f 2714/2714/2714 2713/2713/2713 2716/2716/2716
f 2716/2716/2716 2713/2713/2713 2682/2682/2682
f 2716/2716/2716 2682/2682/2682 2684/2684/2684
f 2715/2715/2715 2714/2714/2714 2716/2716/2716
f 2716/2716/2716 2684/2684/2684 2717/2717/2717
f 2717/2717/2717 2684/2684/2684 2686/2686/2686
f 2717/2717/2717 2686/2686/2686 2689/2689/2689
f 2692/2692/2692 2715/2715/2715 2717/2717/2717
f 2717/2717/2717 2715/2715/2715 2716/2716/2716
f 2692/2692/2692 2717/2717/2717 2689/2689/2689
f 2718/2718/2718 2719/2719/2719 2720/2720/2720
f 2720/2720/2720 2719/2719/2719 2721/2721/2721
f 2720/2720/2720 2721/2721/2721 2722/2722/2722
f 2722/2722/2722 2721/2721/2721 2723/2723/2723
f 2722/2722/2722 2723/2723/2723 2724/2724/2724
f 2724/2724/2724 2723/2723/2723 2725/2725/2725
f 2725/2725/2725 2723/2723/2723 2726/2726/2726
f 2725/2725/2725 2726/2726/2726 2727/2727/2727
f 2721/2721/2721 2726/2726/2726 2723/2723/2723
f 2724/2724/2724 2728/2728/2728 2722/2722/2722
f 2722/2722/2722 2728/2728/2728 2720/2720/2720
f 2729/2729/2729 2730/2730/2730 2728/2728/2728
f 2728/2728/2728 2730/2730/2730 2720/2720/2720
f 2730/2730/2730 2718/2718/2718 2720/2720/2720
f 2731/2731/2731 2732/2732/2732 2733/2733/2733
f 2733/2733/2733 2732/2732/2732 2734/2734/2734
f 2733/2733/2733 2734/2734/2734 2735/2735/2735
f 2731/2731/2731 2736/2736/2736 2732/2732/2732
f 2732/2732/2732 2736/2736/2736 2737/2737/2737
f 2732/2732/2732 2737/2737/2737 2738/2738/2738
f 2736/2736/2736 2739/2739/2739 2737/2737/2737
f 2738/2738/2738 2734/2734/2734 2732/2732/2732
f 2740/2740/2740 2741/2741/2741 2742/2742/2742
f 2742/2742/2742 2741/2741/2741 2743/2743/2743
f 2742/2742/2742 2743/2743/2743 2744/2744/2744
f 2744/2744/2744 2745/2745/2745 2742/2742/2742
f 2742/2742/2742 2745/2745/2745 2746/2746/2746
f 2742/2742/2742 2746/2746/2746 2747/2747/2747
f 2747/2747/2747 2746/2746/2746 2748/2748/2748
f 2747/2747/2747 2748/2748/2748 2749/2749/2749
f 2749/2749/2749 2748/2748/2748 2750/2750/2750
f 2749/2749/2749 2750/2750/2750 2751/2751/2751
f 2746/2746/2746 2750/2750/2750 2748/2748/2748
f 2749/2749/2749 2740/2740/2740 2747/2747/2747
f 2747/2747/2747 2740/2740/2740 2742/2742/2742
f 2752/2752/2752 2753/2753/2753 2754/2754/2754
f 2754/2754/2754 2753/2753/2753 2755/2755/2755
f 2754/2754/2754 2755/2755/2755 2756/2756/2756
f 2756/2756/2756 2757/2757/2757 2754/2754/2754
f 2754/2754/2754 2757/2757/2757 2758/2758/2758
f 2754/2754/2754 2758/2758/2758 2759/2759/2759
f 2759/2759/2759 2758/2758/2758 2760/2760/2760
f 2759/2759/2759 2760/2760/2760 2761/2761/2761
f 2761/2761/2761 2760/2760/2760 2762/2762/2762
f 2761/2761/2761 2762/2762/2762 2763/2763/2763
f 2763/2763/2763 2762/2762/2762 2764/2764/2764
f 2764/2764/2764 2762/2762/2762 2765/2765/2765
f 2765/2765/2765 2762/2762/2762 2766/2766/2766
f 2766/2766/2766 2762/2762/2762 2767/2767/2767
f 2766/2766/2766 2767/2767/2767 2768/2768/2768
f 2768/2768/2768 2767/2767/2767 2769/2769/2769
f 2768/2768/2768 2769/2769/2769 2770/2770/2770
f 2757/2757/2757 2771/2771/2771 2758/2758/2758
f 2758/2758/2758 2771/2771/2771 2772/2772/2772
f 2758/2758/2758 2772/2772/2772 2760/2760/2760
f 2760/2760/2760 2772/2772/2772 2773/2773/2773
f 2760/2760/2760 2773/2773/2773 2762/2762/2762
f 2762/2762/2762 2773/2773/2773 2767/2767/2767
f 2772/2772/2772 2771/2771/2771 2774/2774/2774
f 2774/2774/2774 2771/2771/2771 2775/2775/2775
f 2776/2776/2776 2777/2777/2777 2763/2763/2763
f 2763/2763/2763 2777/2777/2777 2761/2761/2761
f 2761/2761/2761 2777/2777/2777 2759/2759/2759
f 2759/2759/2759 2777/2777/2777 2778/2778/2778
f 2759/2759/2759 2778/2778/2778 2752/2752/2752
f 2759/2759/2759 2752/2752/2752 2754/2754/2754
f 2774/2774/2774 2779/2779/2779 2769/2769/2769
f 2773/2773/2773 2772/2772/2772 2774/2774/2774
f 2773/2773/2773 2774/2774/2774 2769/2769/2769
f 2780/2780/2780 2766/2766/2766 2768/2768/2768
f 2769/2769/2769 2767/2767/2767 2773/2773/2773
f 2781/2781/2781 2782/2782/2782 2783/2783/2783
f 2783/2783/2783 2782/2782/2782 2784/2784/2784
f 2783/2783/2783 2784/2784/2784 2785/2785/2785
f 2785/2785/2785 2784/2784/2784 2786/2786/2786
f 2786/2786/2786 2784/2784/2784 2787/2787/2787
f 2787/2787/2787 2784/2784/2784 2788/2788/2788
f 2787/2787/2787 2788/2788/2788 2789/2789/2789
f 2789/2789/2789 2788/2788/2788 2790/2790/2790
f 2789/2789/2789 2790/2790/2790 2791/2791/2791
f 2791/2791/2791 2790/2790/2790 2792/2792/2792
f 2792/2792/2792 2790/2790/2790 2793/2793/2793
f 2793/2793/2793 2790/2790/2790 2794/2794/2794
f 2793/2793/2793 2794/2794/2794 2795/2795/2795
f 2784/2784/2784 2782/2782/2782 2788/2788/2788
f 2788/2788/2788 2782/2782/2782 2796/2796/2796
f 2788/2788/2788 2796/2796/2796 2794/2794/2794
f 2788/2788/2788 2794/2794/2794 2790/2790/2790
f 2797/2797/2797 2798/2798/2798 2799/2799/2799
f 2799/2799/2799 2798/2798/2798 2800/2800/2800
f 2799/2799/2799 2800/2800/2800 2801/2801/2801
f 2801/2801/2801 2800/2800/2800 2802/2802/2802
f 2801/2801/2801 2802/2802/2802 2803/2803/2803
f 2803/2803/2803 2802/2802/2802 2804/2804/2804
f 2804/2804/2804 2802/2802/2802 2805/2805/2805
f 2805/2805/2805 2802/2802/2802 2806/2806/2806
f 2805/2805/2805 2806/2806/2806 1642/1642/1642
f 2798/2798/2798 2807/2807/2807 2800/2800/2800
f 2800/2800/2800 2807/2807/2807 2802/2802/2802
f 2807/2807/2807 2806/2806/2806 2802/2802/2802
f 2808/2808/2808 2809/2809/2809 2810/2810/2810
f 2810/2810/2810 2809/2809/2809 2811/2811/2811
f 2810/2810/2810 2811/2811/2811 2812/2812/2812
f 2812/2812/2812 2811/2811/2811 2813/2813/2813
f 2812/2812/2812 2813/2813/2813 2814/2814/2814
f 2812/2812/2812 2814/2814/2814 2815/2815/2815
f 2815/2815/2815 2814/2814/2814 2816/2816/2816
f 2815/2815/2815 2816/2816/2816 2817/2817/2817
f 2815/2815/2815 2817/2817/2817 2818/2818/2818
f 2818/2818/2818 2817/2817/2817 2819/2819/2819
f 2818/2818/2818 2819/2819/2819 2820/2820/2820
f 2820/2820/2820 2819/2819/2819 2821/2821/2821
f 2820/2820/2820 2821/2821/2821 2822/2822/2822
f 2822/2822/2822 2823/2823/2823 2820/2820/2820
f 2820/2820/2820 2823/2823/2823 2824/2824/2824
f 2820/2820/2820 2824/2824/2824 2818/2818/2818
f 2818/2818/2818 2824/2824/2824 2825/2825/2825
f 2818/2818/2818 2825/2825/2825 2815/2815/2815
f 2815/2815/2815 2825/2825/2825 2812/2812/2812
f 2824/2824/2824 2823/2823/2823 2826/2826/2826
f 2826/2826/2826 2823/2823/2823 2827/2827/2827
f 2826/2826/2826 2827/2827/2827 2828/2828/2828
f 2826/2826/2826 2828/2828/2828 2829/2829/2829
f 2829/2829/2829 2828/2828/2828 2808/2808/2808
f 2829/2829/2829 2808/2808/2808 2810/2810/2810
f 2829/2829/2829 2810/2810/2810 2812/2812/2812
f 2829/2829/2829 2812/2812/2812 2825/2825/2825
f 2826/2826/2826 2829/2829/2829 2825/2825/2825
f 2826/2826/2826 2825/2825/2825 2824/2824/2824
f 2830/2830/2830 2831/2831/2831 2832/2832/2832
f 2832/2832/2832 2831/2831/2831 2833/2833/2833
f 2832/2832/2832 2833/2833/2833 2834/2834/2834
f 2834/2834/2834 2833/2833/2833 2835/2835/2835
f 2834/2834/2834 2835/2835/2835 2836/2836/2836
f 2834/2834/2834 2836/2836/2836 2837/2837/2837
f 2837/2837/2837 2836/2836/2836 2838/2838/2838
f 2837/2837/2837 2838/2838/2838 2839/2839/2839
f 2837/2837/2837 2839/2839/2839 2840/2840/2840
f 2840/2840/2840 2839/2839/2839 2841/2841/2841
f 2840/2840/2840 2841/2841/2841 2842/2842/2842
f 2842/2842/2842 2841/2841/2841 2843/2843/2843
f 2842/2842/2842 2843/2843/2843 2844/2844/2844
f 2844/2844/2844 2843/2843/2843 2845/2845/2845
f 2844/2844/2844 2845/2845/2845 2846/2846/2846
f 2846/2846/2846 2845/2845/2845 2847/2847/2847
f 2846/2846/2846 2847/2847/2847 2848/2848/2848
f 2848/2848/2848 2847/2847/2847 2849/2849/2849
f 2848/2848/2848 2849/2849/2849 2850/2850/2850
f 2841/2841/2841 2851/2851/2851 2843/2843/2843
f 2843/2843/2843 2851/2851/2851 2852/2852/2852
f 2843/2843/2843 2852/2852/2852 2845/2845/2845
f 2845/2845/2845 2852/2852/2852 2853/2853/2853
f 2845/2845/2845 2853/2853/2853 2854/2854/2854
f 2855/2855/2855 2856/2856/2856 2851/2851/2851
f 2851/2851/2851 2856/2856/2856 2852/2852/2852
f 2856/2856/2856 2853/2853/2853 2852/2852/2852
f 2854/2854/2854 2857/2857/2857 2845/2845/2845
f 2845/2845/2845 2857/2857/2857 2847/2847/2847
f 2857/2857/2857 2858/2858/2858 2847/2847/2847
f 2847/2847/2847 2858/2858/2858 2859/2859/2859
f 2847/2847/2847 2859/2859/2859 2860/2860/2860
f 2860/2860/2860 2849/2849/2849 2847/2847/2847
f 2848/2848/2848 2861/2861/2861 2846/2846/2846
f 2846/2846/2846 2861/2861/2861 2862/2862/2862
f 2846/2846/2846 2862/2862/2862 2844/2844/2844
f 2844/2844/2844 2862/2862/2862 2863/2863/2863
f 2844/2844/2844 2863/2863/2863 2842/2842/2842
f 2842/2842/2842 2863/2863/2863 2840/2840/2840
f 2862/2862/2862 2861/2861/2861 2864/2864/2864
f 2864/2864/2864 2861/2861/2861 2830/2830/2830
f 2864/2864/2864 2830/2830/2830 2832/2832/2832
f 2863/2863/2863 2862/2862/2862 2864/2864/2864
f 2864/2864/2864 2832/2832/2832 2865/2865/2865
f 2865/2865/2865 2832/2832/2832 2834/2834/2834
f 2865/2865/2865 2834/2834/2834 2837/2837/2837
f 2840/2840/2840 2863/2863/2863 2865/2865/2865
f 2865/2865/2865 2863/2863/2863 2864/2864/2864
f 2840/2840/2840 2865/2865/2865 2837/2837/2837
f 2866/2866/2866 2867/2867/2867 2868/2868/2868
f 2868/2868/2868 2867/2867/2867 2869/2869/2869
f 2868/2868/2868 2869/2869/2869 2870/2870/2870
f 2870/2870/2870 2869/2869/2869 2871/2871/2871
f 2870/2870/2870 2871/2871/2871 2872/2872/2872
f 2872/2872/2872 2871/2871/2871 2873/2873/2873
f 2873/2873/2873 2871/2871/2871 2874/2874/2874
f 2873/2873/2873 2874/2874/2874 2875/2875/2875
f 2869/2869/2869 2874/2874/2874 2871/2871/2871
f 2872/2872/2872 2876/2876/2876 2870/2870/2870
f 2870/2870/2870 2876/2876/2876 2868/2868/2868
f 2877/2877/2877 2878/2878/2878 2876/2876/2876
f 2876/2876/2876 2878/2878/2878 2868/2868/2868
f 2878/2878/2878 2866/2866/2866 2868/2868/2868
f 2879/2879/2879 2880/2880/2880 2881/2881/2881
f 2881/2881/2881 2880/2880/2880 2882/2882/2882
f 2881/2881/2881 2882/2882/2882 2883/2883/2883
f 2879/2879/2879 2884/2884/2884 2880/2880/2880
f 2880/2880/2880 2884/2884/2884 2885/2885/2885
f 2880/2880/2880 2885/2885/2885 2886/2886/2886
f 2884/2884/2884 2887/2887/2887 2885/2885/2885
f 2886/2886/2886 2882/2882/2882 2880/2880/2880
f 2888/2888/2888 2889/2889/2889 2890/2890/2890
f 2890/2890/2890 2889/2889/2889 2891/2891/2891
f 2890/2890/2890 2891/2891/2891 2892/2892/2892
f 2892/2892/2892 2893/2893/2893 2890/2890/2890
f 2890/2890/2890 2893/2893/2893 2894/2894/2894
f 2890/2890/2890 2894/2894/2894 2895/2895/2895
f 2895/2895/2895 2894/2894/2894 2896/2896/2896
f 2895/2895/2895 2896/2896/2896 2897/2897/2897
f 2897/2897/2897 2896/2896/2896 2898/2898/2898
f 2897/2897/2897 2898/2898/2898 2899/2899/2899
f 2894/2894/2894 2898/2898/2898 2896/2896/2896
f 2897/2897/2897 2888/2888/2888 2895/2895/2895
f 2895/2895/2895 2888/2888/2888 2890/2890/2890

