# https://github.com/mikedh/trimesh
mtllib Base.mtl

o part_000
usemtl material_0
v -0.04394567 0.07783502 0.06416971
v -0.05787557 0.08640957 0.06416972
v -0.05890365 0.08556581 0.06416972
v -0.05890365 0.08556581 0.04765973
v -0.04394567 0.07783502 0.04765970
v -0.06007660 0.08493886 0.04765973
v -0.14710731 0.03805421 0.06416974
v -0.18179169 0.03151350 0.04765974
v -0.18179169 0.03151350 0.06416974
v -0.18179169 0.03151350 0.06416974
v -0.22098526 0.02367018 0.04765974
v -0.22098526 0.02367018 0.06416974
v -0.18192706 -0.04865159 0.06416974
v -0.14724267 -0.04865159 0.04765974
v -0.14724267 -0.04865159 0.06416974
v -0.25116048 -0.04811018 0.06416974
v -0.25116045 -0.08712148 0.04765974
v -0.25116045 -0.08712148 0.06416974
v -0.21333375 -0.07262882 0.06416974
v -0.21013955 -0.06070788 0.04766024
v -0.21013955 -0.06070788 0.06416974
v -0.20141282 -0.05198116 0.06416974
v -0.21013955 -0.06070788 0.04766024
v -0.20141282 -0.05198116 0.04765974
v -0.20141282 -0.05198116 0.06416974
v -0.18949192 -0.04878695 0.04765974
v -0.18949192 -0.04878695 0.06416974
v -0.18949192 -0.04878695 0.06416974
v -0.18192706 -0.04865159 0.04765974
v -0.18192706 -0.04865159 0.06416974
v -0.08253162 0.07746404 0.06416974
v -0.08807080 0.06046713 0.04765974
v -0.08807080 0.06046713 0.06416974
v -0.08807080 0.06046713 0.06416974
v -0.10181728 0.04771241 0.04765974
v -0.10181728 0.04771241 0.06416974
v -0.10181728 0.04771241 0.06416974
v -0.11924372 0.04261748 0.04766024
v -0.11924372 0.04261748 0.06416974
v -0.14710731 0.03805421 0.06416974
v -0.11924372 0.04261748 0.04766024
v -0.14710731 0.03805421 0.04765974
v -0.07074389 0.11101155 0.06416974
v -0.07663776 0.10943228 0.04765974
v -0.07663776 0.10943228 0.06416974
v -0.07663776 0.10943228 0.06416974
v -0.08095238 0.10511765 0.04766025
v -0.08095238 0.10511765 0.06416974
v -0.08253162 0.09922377 0.06416974
v -0.08095238 0.10511765 0.04766025
v -0.08253162 0.09922377 0.04765974
v -0.04394570 0.11101158 0.06416972
v -0.07074389 0.11101155 0.04765973
v -0.07074389 0.11101155 0.06416974
v -0.08253162 0.09922377 0.06416974
v -0.08253162 0.07746404 0.04765974
v -0.08253162 0.07746404 0.06416974
v -0.10535371 -0.04865156 0.06416974
v -0.09396895 -0.05237156 0.04765974
v -0.09396895 -0.05237156 0.06416974
v -0.08566500 -0.06067551 0.06416974
v -0.09396895 -0.05237156 0.04765974
v -0.08566500 -0.06067551 0.04765973
v -0.08566500 -0.06067551 0.06416974
v -0.08253155 -0.07079690 0.04766024
v -0.08253155 -0.07079690 0.06416972
v -0.10535371 -0.04865156 0.04765974
v -0.10535371 -0.04865156 0.06416974
v -0.08088840 -0.08098903 0.06416972
v -0.08253155 -0.07485673 0.04766024
v -0.08088840 -0.08098903 0.04765973
v -0.08088840 -0.08098903 0.06416972
v -0.07639922 -0.08547820 0.04766022
v -0.07639922 -0.08547820 0.06416972
v -0.07026690 -0.08712132 0.06416972
v -0.07639922 -0.08547820 0.04766022
v -0.07026690 -0.08712132 0.04765972
v -0.04394557 -0.08712132 0.06416970
v -0.07026690 -0.08712132 0.04765972
v -0.04394557 -0.08712132 0.04765969
v -0.08253155 -0.07079690 0.06416972
v -0.08253155 -0.07485673 0.04766024
v -0.08253155 -0.07485673 0.06416972
v -0.24810222 0.00978327 0.06416974
v -0.25161167 -0.00331405 0.04765974
v -0.25161167 -0.00331405 0.06416974
v -0.23851436 0.01937117 0.06416974
v -0.24810222 0.00978327 0.04765974
v -0.24810222 0.00978327 0.06416974
v -0.22541702 0.02288059 0.06416974
v -0.23851436 0.01937117 0.04765974
v -0.23851436 0.01937117 0.06416974
v -0.25161167 -0.00331405 0.06416974
v -0.25116048 -0.04811018 0.04765974
v -0.25116048 -0.04811018 0.06416974
v -0.22098526 0.02367018 0.06416974
v -0.22541702 0.02288059 0.04765974
v -0.22541702 0.02288059 0.06416974
v -0.22523011 -0.08712145 0.06416974
v -0.21937038 -0.08555805 0.04765974
v -0.21937038 -0.08555805 0.06416974
v -0.21937038 -0.08555805 0.06416974
v -0.21503209 -0.08128676 0.04765974
v -0.21503209 -0.08128676 0.06416974
v -0.21503209 -0.08128676 0.06416974
v -0.21337769 -0.07545208 0.04765974
v -0.21337769 -0.07545208 0.06416974
v -0.25116045 -0.08712148 0.06416974
v -0.22523011 -0.08712145 0.04765974
v -0.22523011 -0.08712145 0.06416974
v -0.21337769 -0.07545208 0.06416974
v -0.21333375 -0.07262882 0.04765974
v -0.21333375 -0.07262882 0.06416974
v -0.00708630 0.04097569 0.06416967
v -0.02244838 0.04993294 0.04766019
v -0.02244838 0.04993294 0.06416968
v -0.03639130 0.06134953 0.06416970
v -0.02244838 0.04993294 0.04766019
v -0.03639130 0.06134953 0.04765969
v -0.03639130 0.06134953 0.06416970
v -0.04394567 0.07783502 0.04765970
v -0.04394567 0.07783502 0.06416971
v -0.04394567 0.07783502 0.06416971
v -0.04394570 0.11101158 0.04765970
v -0.04394570 0.11101158 0.06416972
v 0.02228258 0.02269414 0.06416963
v 0.00810165 0.03208752 0.04765964
v 0.00810165 0.03208752 0.06416964
v -0.04394557 -0.07740147 0.06416970
v -0.03589220 -0.06102272 0.04766019
v -0.03589220 -0.06102272 0.06416970
v -0.02115138 -0.04953033 0.06416968
v -0.03589220 -0.06102272 0.04766019
v -0.02115138 -0.04953033 0.04765968
v -0.00607138 -0.04050180 0.06416967
v -0.02115138 -0.04953033 0.04765968
v -0.00607138 -0.04050180 0.04765967
v -0.04394557 -0.08712132 0.06416970
v -0.04394557 -0.07740147 0.04765969
v -0.04394557 -0.07740147 0.06416970
v 0.01180471 -0.03026732 0.06416964
v -0.00254007 -0.03867119 0.04765965
v 0.01180471 -0.03026732 0.04765964
v 0.02446414 -0.01971977 0.06416963
v 0.01180471 -0.03026732 0.04765964
v 0.02446414 -0.01971977 0.04765963
v 0.02446414 -0.01971977 0.06416963
v 0.03040759 -0.00632778 0.04765963
v 0.03040759 -0.00632778 0.06416963
v 0.03040759 -0.00632778 0.06416963
v 0.03047528 0.00790347 0.04765963
v 0.03047528 0.00790347 0.06416963
v -0.00254007 -0.03867119 0.06416967
v -0.00607138 -0.04050180 0.04765967
v -0.00254007 -0.03867119 0.04765965
v 0.03047528 0.00790347 0.06416963
v 0.02228258 0.02269414 0.04765963
v 0.02228258 0.02269414 0.06416963
v 0.00810165 0.03208752 0.06416964
v -0.00708630 0.04097569 0.04765967
v -0.00708630 0.04097569 0.06416967
v -0.22402735 -0.06723177 0.04765974
v -0.22415774 -0.06855534 0.06416974
v -0.22402735 -0.06723177 0.06416974
v -0.22517071 -0.07100098 0.04765974
v -0.22601447 -0.07202908 0.06416974
v -0.22517071 -0.07100098 0.06416974
v -0.22454378 -0.06982803 0.04765974
v -0.22517071 -0.07100098 0.06416974
v -0.22454378 -0.06982803 0.06416974
v -0.23759618 -0.06723177 0.04765974
v -0.23746583 -0.06590821 0.06416974
v -0.23759618 -0.06723177 0.06416974
v -0.22454376 -0.06463546 0.04765976
v -0.22415774 -0.06590818 0.06416974
v -0.22454376 -0.06463549 0.06416974
v -0.22415774 -0.06590818 0.06416974
v -0.22402735 -0.06723177 0.04765974
v -0.22402735 -0.06723177 0.06416974
v -0.22601444 -0.06243445 0.04765981
v -0.22517071 -0.06346254 0.06416974
v -0.22601444 -0.06243445 0.06416974
v -0.23213531 -0.06057771 0.06416974
v -0.23081174 -0.06044733 0.04765976
v -0.23081174 -0.06044733 0.06416974
v -0.23081176 -0.07401619 0.04765974
v -0.23213534 -0.07388584 0.06416974
v -0.23081176 -0.07401619 0.06416974
v -0.22948820 -0.07388584 0.06416974
v -0.23081176 -0.07401619 0.06416974
v -0.22523011 -0.08712145 0.06416974
v -0.23707973 -0.06463549 0.04765974
v -0.23645278 -0.06346255 0.06416974
v -0.23707973 -0.06463549 0.06416974
v -0.22948820 -0.07388584 0.04765974
v -0.23081176 -0.07401619 0.06416974
v -0.22948820 -0.07388584 0.06416974
v -0.23340803 -0.06096377 0.04765974
v -0.23213531 -0.06057771 0.06416974
v -0.23340803 -0.06096377 0.06416974
v -0.22704254 -0.06159074 0.04765981
v -0.22601444 -0.06243445 0.06416974
v -0.22704254 -0.06159074 0.06416974
v -0.23340805 -0.07349976 0.04765974
v -0.23458100 -0.07287281 0.06416974
v -0.23340805 -0.07349976 0.06416974
v -0.22821548 -0.06096379 0.06416974
v -0.22704254 -0.06159074 0.04765981
v -0.22704254 -0.06159074 0.06416974
v -0.22601447 -0.07202908 0.06416974
v -0.22704256 -0.07287281 0.04765974
v -0.22704256 -0.07287281 0.06416974
v -0.23560907 -0.06243445 0.06416974
v -0.23458097 -0.06159072 0.04765974
v -0.23458097 -0.06159074 0.06416974
v -0.23746583 -0.06590821 0.04765974
v -0.23707973 -0.06463549 0.06416974
v -0.23746583 -0.06590821 0.06416974
v -0.23081176 -0.07401619 0.04765974
v -0.22523011 -0.08712145 0.04765974
v -0.23213534 -0.07388584 0.04765974
v -0.22704256 -0.07287281 0.04765974
v -0.22821548 -0.07349976 0.06416974
v -0.22704256 -0.07287281 0.06416974
v -0.23458100 -0.07287281 0.04765974
v -0.23560910 -0.07202908 0.06416974
v -0.23458100 -0.07287281 0.06416974
v -0.23645281 -0.07100098 0.06416974
v -0.23707975 -0.06982806 0.04765974
v -0.23707978 -0.06982806 0.06416974
v -0.23081174 -0.06044733 0.06416974
v -0.22948820 -0.06057771 0.04765979
v -0.22948820 -0.06057771 0.06416974
v -0.22517071 -0.06346254 0.04765979
v -0.22454376 -0.06463549 0.06416974
v -0.22517071 -0.06346254 0.06416974
v -0.23746583 -0.06855534 0.04765974
v -0.23759618 -0.06723177 0.06416974
v -0.23746583 -0.06855534 0.06416974
v -0.22415774 -0.06855534 0.04765974
v -0.22454378 -0.06982803 0.06416974
v -0.22415774 -0.06855534 0.06416974
v -0.23213534 -0.07388584 0.04765974
v -0.23340805 -0.07349976 0.06416974
v -0.23213534 -0.07388584 0.06416974
v -0.23458097 -0.06159072 0.04765974
v -0.23340803 -0.06096377 0.06416974
v -0.23458097 -0.06159074 0.06416974
v -0.22948820 -0.06057771 0.06416974
v -0.22821548 -0.06096379 0.04765981
v -0.22821548 -0.06096379 0.06416974
v -0.22821548 -0.07349976 0.04765974
v -0.22948820 -0.07388584 0.06416974
v -0.22821548 -0.07349976 0.06416974
v -0.23707975 -0.06982806 0.04765974
v -0.23746583 -0.06855534 0.06416974
v -0.23707978 -0.06982806 0.06416974
v -0.23645278 -0.06346255 0.06416974
v -0.23560910 -0.06243445 0.04765974
v -0.23560907 -0.06243445 0.06416974
v -0.23560910 -0.07202908 0.04765974
v -0.23645281 -0.07100098 0.06416974
v -0.23560910 -0.07202908 0.06416974
v -0.05588845 -0.06723172 0.04765970
v -0.05601880 -0.06855529 0.06416971
v -0.05588845 -0.06723172 0.06416971
v -0.05703183 -0.07100093 0.04765970
v -0.05787557 -0.07202905 0.06416971
v -0.05703183 -0.07100093 0.06416971
v -0.05640488 -0.06982801 0.06416971
v -0.05703183 -0.07100093 0.04765970
v -0.05703183 -0.07100093 0.06416971
v -0.06945728 -0.06723172 0.04765973
v -0.06932693 -0.06590816 0.06416972
v -0.06945728 -0.06723172 0.06416972
v -0.05640488 -0.06463544 0.04765970
v -0.05601883 -0.06590813 0.06416971
v -0.05640488 -0.06463544 0.06416971
v -0.05601883 -0.06590813 0.04765970
v -0.05588845 -0.06723172 0.06416971
v -0.05601883 -0.06590813 0.06416971
v -0.05787557 -0.06243443 0.04765970
v -0.05703183 -0.06346252 0.06416971
v -0.05787557 -0.06243440 0.06416971
v -0.06399646 -0.06057766 0.04765972
v -0.06267286 -0.06044731 0.06416972
v -0.06399646 -0.06057766 0.06416972
v -0.06267286 -0.07401617 0.04765970
v -0.06399646 -0.07388579 0.06416972
v -0.06267286 -0.07401614 0.06416972
v -0.06267286 -0.07401614 0.06416972
v -0.07026690 -0.08712132 0.06416972
v -0.06134929 -0.07388579 0.06416971
v -0.06894085 -0.06463544 0.06416972
v -0.06831392 -0.06346252 0.04765978
v -0.06831392 -0.06346252 0.06416972
v -0.06134929 -0.07388579 0.06416971
v -0.06267286 -0.07401617 0.04765970
v -0.06267286 -0.07401614 0.06416972
v -0.06526915 -0.06096374 0.04765973
v -0.06399646 -0.06057766 0.06416972
v -0.06526915 -0.06096374 0.06416972
v -0.05890365 -0.06159069 0.04765970
v -0.05787557 -0.06243440 0.06416971
v -0.05890365 -0.06159069 0.06416971
v -0.06526915 -0.07349971 0.04765972
v -0.06644209 -0.07287276 0.06416972
v -0.06526915 -0.07349971 0.06416972
v -0.06007658 -0.06096374 0.04765970
v -0.05890365 -0.06159069 0.06416971
v -0.06007660 -0.06096374 0.06416971
v -0.05787557 -0.07202905 0.06416971
v -0.05890363 -0.07287276 0.04765970
v -0.05890363 -0.07287276 0.06416971
v -0.06747019 -0.06243440 0.04765978
v -0.06644210 -0.06159069 0.06416972
v -0.06747019 -0.06243440 0.06416972
v -0.06932693 -0.06590816 0.06416972
v -0.06894085 -0.06463544 0.04765976
v -0.06894085 -0.06463544 0.06416972
v -0.06399646 -0.07388579 0.04765970
v -0.06267286 -0.07401617 0.04765970
v -0.07026690 -0.08712132 0.04765972
v -0.05890363 -0.07287276 0.04765970
v -0.06007658 -0.07349971 0.06416971
v -0.05890363 -0.07287276 0.06416971
v -0.06644209 -0.07287276 0.06416972
v -0.06747019 -0.07202905 0.04765973
v -0.06747016 -0.07202905 0.06416972
v -0.06831390 -0.07100096 0.04765973
v -0.06894085 -0.06982801 0.06416972
v -0.06831390 -0.07100096 0.06416972
v -0.06267286 -0.06044731 0.04765972
v -0.06134930 -0.06057766 0.06416972
v -0.06267286 -0.06044731 0.06416972
v -0.05703183 -0.06346252 0.06416971
v -0.05640488 -0.06463544 0.04765970
v -0.05640488 -0.06463544 0.06416971
v -0.06932693 -0.06855532 0.04765973
v -0.06945728 -0.06723172 0.06416972
v -0.06932693 -0.06855532 0.06416972
v -0.05601880 -0.06855529 0.04765970
v -0.05640488 -0.06982801 0.06416971
v -0.05601880 -0.06855529 0.06416971
v -0.06399646 -0.07388579 0.06416972
v -0.06526915 -0.07349971 0.04765972
v -0.06526915 -0.07349971 0.06416972
v -0.06644210 -0.06159069 0.04765975
v -0.06526915 -0.06096374 0.06416972
v -0.06644210 -0.06159069 0.06416972
v -0.06134930 -0.06057766 0.04765970
v -0.06007660 -0.06096374 0.06416971
v -0.06134930 -0.06057766 0.06416972
v -0.06007658 -0.07349971 0.04765970
v -0.06134929 -0.07388579 0.06416971
v -0.06007658 -0.07349971 0.06416971
v -0.06894085 -0.06982801 0.04765973
v -0.06932693 -0.06855532 0.06416972
v -0.06894085 -0.06982801 0.06416972
v -0.06831392 -0.06346252 0.04765978
v -0.06747019 -0.06243440 0.06416972
v -0.06831392 -0.06346252 0.06416972
v -0.06747019 -0.07202905 0.04765973
v -0.06831390 -0.07100096 0.06416972
v -0.06747016 -0.07202905 0.06416972
v -0.05588847 0.09120687 0.06416972
v -0.05601882 0.08988330 0.04765973
v -0.05601882 0.08988330 0.06416972
v -0.05703185 0.08743764 0.04765973
v -0.05787557 0.08640957 0.06416972
v -0.05703183 0.08743764 0.06416972
v -0.05640490 0.08861061 0.04765973
v -0.05703183 0.08743764 0.06416972
v -0.05640490 0.08861059 0.06416972
v -0.06945730 0.09120687 0.04765973
v -0.06932695 0.09253044 0.06416972
v -0.06945730 0.09120687 0.06416972
v -0.05640490 0.09380316 0.04765973
v -0.05601882 0.09253044 0.06416972
v -0.05640490 0.09380316 0.06416972
v -0.05601882 0.09253044 0.04765973
v -0.05588847 0.09120687 0.06416972
v -0.05601882 0.09253044 0.06416972
v -0.05787559 0.09600417 0.04765972
v -0.05703185 0.09497610 0.06416972
v -0.05787559 0.09600417 0.06416972
v -0.06399646 0.09786090 0.04765973
v -0.06267289 0.09799129 0.06416972
v -0.06399646 0.09786090 0.06416972
v -0.06267289 0.08442245 0.04765973
v -0.06399646 0.08455281 0.06416972
v -0.06267289 0.08442245 0.06416972
v -0.06399646 0.09786090 0.06416972
v -0.06267289 0.09799129 0.06416972
v -0.07074389 0.11101155 0.06416974
v -0.06894087 0.09380316 0.06416972
v -0.06831392 0.09497607 0.04765973
v -0.06831392 0.09497610 0.06416972
v -0.06134932 0.08455281 0.04765973
v -0.06267289 0.08442245 0.06416972
v -0.06134932 0.08455281 0.06416972
v -0.06526918 0.09747485 0.04765973
v -0.06399646 0.09786090 0.06416972
v -0.06526918 0.09747485 0.06416972
v -0.05890368 0.09684790 0.04765973
v -0.05787559 0.09600417 0.06416972
v -0.05890368 0.09684790 0.06416972
v -0.06526917 0.08493886 0.04765973
v -0.06644212 0.08556581 0.06416972
v -0.06526917 0.08493886 0.06416972
v -0.06007660 0.09747485 0.04765973
v -0.05890368 0.09684790 0.06416972
v -0.06007660 0.09747485 0.06416972
v -0.05787557 0.08640955 0.04765973
v -0.05890365 0.08556581 0.06416972
v -0.05787557 0.08640957 0.06416972
v -0.06747019 0.09600419 0.06416972
v -0.06644210 0.09684790 0.04765973
v -0.06644210 0.09684790 0.06416972
v -0.06932695 0.09253044 0.04765973
v -0.06894087 0.09380316 0.06416972
v -0.06932695 0.09253044 0.06416972
v -0.06267289 0.09799129 0.04765973
v -0.07074389 0.11101155 0.04765973
v -0.06134932 0.09786093 0.04765973
v -0.05890365 0.08556581 0.04765973
v -0.06007660 0.08493886 0.06416972
v -0.05890365 0.08556581 0.06416972
v -0.06644212 0.08556581 0.06416972
v -0.06747018 0.08640954 0.04765973
v -0.06747018 0.08640954 0.06416972
v -0.06831392 0.08743764 0.06416972
v -0.06894087 0.08861058 0.04765973
v -0.06894087 0.08861058 0.06416972
v -0.06267289 0.09799129 0.04765973
v -0.06134932 0.09786093 0.06416972
v -0.06267289 0.09799129 0.06416972
v -0.05703185 0.09497610 0.06416972
v -0.05640490 0.09380316 0.04765973
v -0.05640490 0.09380316 0.06416972
v -0.06932695 0.08988327 0.04765973
v -0.06945730 0.09120687 0.06416972
v -0.06932695 0.08988327 0.06416972
v -0.05601882 0.08988330 0.06416972
v -0.05640490 0.08861061 0.04765973
v -0.05640490 0.08861059 0.06416972
v -0.06399646 0.08455281 0.06416972
v -0.06526917 0.08493886 0.04765973
v -0.06526917 0.08493886 0.06416972
v -0.06644210 0.09684790 0.04765973
v -0.06526918 0.09747485 0.06416972
v -0.06644210 0.09684790 0.06416972
v -0.06134932 0.09786093 0.04765973
v -0.06007660 0.09747485 0.06416972
v -0.06134932 0.09786093 0.06416972
v -0.06007660 0.08493886 0.04765973
v -0.06134932 0.08455281 0.06416972
v -0.06007660 0.08493886 0.06416972
v -0.06894087 0.08861058 0.04765973
v -0.06932695 0.08988327 0.06416972
v -0.06894087 0.08861058 0.06416972
v -0.06831392 0.09497610 0.06416972
v -0.06747021 0.09600417 0.04765973
v -0.06747019 0.09600419 0.06416972
v -0.06747018 0.08640954 0.06416972
v -0.06831392 0.08743764 0.04765973
v -0.06831392 0.08743764 0.06416972
v -0.01841460 -0.00013785 0.06416968
v -0.01806123 0.00344979 0.04765993
v -0.01806123 0.00344979 0.06416968
v -0.22704254 -0.06159074 0.06416974
v -0.22601444 -0.06243445 0.06416974
v -0.21013955 -0.06070788 0.06416974
v -0.01531539 0.01007889 0.04765996
v -0.01302840 0.01286559 0.06416967
v -0.01531539 0.01007889 0.06416968
v -0.01701477 0.00689956 0.06416968
v -0.01531539 0.01007889 0.04765996
v -0.01531539 0.01007889 0.06416968
v 0.01836466 -0.00013781 0.04765973
v 0.01801132 -0.00372546 0.06416964
v 0.01836466 -0.00013781 0.06416964
v -0.01701475 -0.00717525 0.06416968
v -0.01806123 -0.00372548 0.04765990
v -0.01806123 -0.00372548 0.06416968
v -0.01806123 -0.00372548 0.06416968
v -0.01841460 -0.00013785 0.04765992
v -0.01841460 -0.00013785 0.06416968
v -0.01302837 -0.01314126 0.06416967
v -0.01531536 -0.01035457 0.04765985
v -0.01531536 -0.01035457 0.06416968
v 0.00356266 -0.01817409 0.06416966
v -0.00002494 -0.01852744 0.04765975
v -0.00002494 -0.01852744 0.06416966
v -0.00002497 0.01825180 0.04765992
v 0.00356265 0.01789845 0.06416966
v -0.00002497 0.01825180 0.06416966
v 0.01696484 -0.00717522 0.04765973
v 0.01526545 -0.01035455 0.06416964
v 0.01696484 -0.00717522 0.06416964
v -0.00361261 0.01789845 0.04765995
v -0.00002497 0.01825180 0.06416966
v -0.00361261 0.01789845 0.06416967
v 0.00701243 -0.01712761 0.04765973
v 0.00356266 -0.01817409 0.06416966
v 0.00701243 -0.01712761 0.06416966
v -0.01024169 -0.01542825 0.06416967
v -0.01302837 -0.01314126 0.04765984
v -0.01302837 -0.01314126 0.06416967
v 0.00701243 0.01685198 0.04765985
v 0.01019175 0.01515260 0.06416964
v 0.00701243 0.01685198 0.06416966
v -0.00706234 -0.01712762 0.06416967
v -0.01024169 -0.01542825 0.04765980
v -0.01024169 -0.01542825 0.06416967
v -0.01302840 0.01286559 0.04765996
v -0.01024171 0.01515258 0.06416967
v -0.01302840 0.01286559 0.06416967
v 0.01297846 -0.01314125 0.06416964
v 0.01019176 -0.01542823 0.04765972
v 0.01019176 -0.01542823 0.06416964
v 0.01801129 -0.00372546 0.04765973
v 0.01696484 -0.00717522 0.06416964
v 0.01801132 -0.00372546 0.06416964
v -0.06747019 -0.06243440 0.04765978
v -0.06831392 -0.06346252 0.04765978
v -0.08566500 -0.06067551 0.04765973
v -0.01024171 0.01515258 0.04765996
v -0.00706239 0.01685197 0.06416967
v -0.01024171 0.01515258 0.06416967
v 0.01019175 0.01515260 0.04765982
v 0.01297845 0.01286562 0.06416964
v 0.01019175 0.01515260 0.06416964
v 0.01526545 0.01007892 0.04765976
v 0.01696484 0.00689959 0.06416964
v 0.01526545 0.01007892 0.06416964
v -0.01531536 -0.01035457 0.06416968
v -0.01701475 -0.00717525 0.04765987
v -0.01701475 -0.00717525 0.06416968
v -0.00002494 -0.01852744 0.06416966
v -0.00361258 -0.01817409 0.04765976
v -0.00361258 -0.01817409 0.06416967
v 0.01801129 0.00344982 0.04765974
v 0.01836466 -0.00013781 0.06416964
v 0.01801129 0.00344982 0.06416964
v -0.01806123 0.00344979 0.06416968
v -0.01701477 0.00689956 0.04765995
v -0.01701477 0.00689956 0.06416968
v 0.00356265 0.01789845 0.04765990
v 0.00701243 0.01685198 0.06416966
v 0.00356265 0.01789845 0.06416966
v 0.01019176 -0.01542823 0.06416964
v 0.00701243 -0.01712761 0.04765973
v 0.00701243 -0.01712761 0.06416966
v -0.00361258 -0.01817409 0.06416967
v -0.00706234 -0.01712762 0.04765978
v -0.00706234 -0.01712762 0.06416967
v -0.00706239 0.01685197 0.04765995
v -0.00361261 0.01789845 0.06416967
v -0.00706239 0.01685197 0.06416967
v 0.01696484 0.00689959 0.04765975
v 0.01801129 0.00344982 0.06416964
v 0.01696484 0.00689959 0.06416964
v 0.01526545 -0.01035455 0.04765973
v 0.01297846 -0.01314125 0.06416964
v 0.01526545 -0.01035455 0.06416964
v 0.01297845 0.01286562 0.04765980
v 0.01526545 0.01007892 0.06416964
v 0.01297845 0.01286562 0.06416964
v -0.14710731 0.03805421 0.06416974
v -0.01841460 -0.00013785 0.06416968
v -0.11924372 0.04261748 0.06416974
v -0.22098526 0.02367018 0.06416974
v -0.22541702 0.02288059 0.06416974
v -0.24810222 0.00978327 0.06416974
v -0.23851436 0.01937117 0.06416974
v -0.18179169 0.03151350 0.06416974
v -0.01806123 0.00344979 0.06416968
v -0.01701477 0.00689956 0.06416968
v -0.10181728 0.04771241 0.06416974
v -0.08807080 0.06046713 0.06416974
v -0.03639130 0.06134953 0.06416970
v -0.02244838 0.04993294 0.06416968
v -0.06267289 0.08442245 0.06416972
v -0.06399646 0.08455281 0.06416972
v -0.01531539 0.01007889 0.06416968
v -0.06945730 0.09120687 0.06416972
v -0.08253162 0.09922377 0.06416974
v -0.06932695 0.08988327 0.06416972
v -0.08253162 0.07746404 0.06416974
v -0.01302840 0.01286559 0.06416967
v -0.06894087 0.08861058 0.06416972
v -0.01024171 0.01515258 0.06416967
v -0.00708630 0.04097569 0.06416967
v -0.06831392 0.08743764 0.06416972
v -0.06747018 0.08640954 0.06416972
v -0.00706239 0.01685197 0.06416967
v -0.00361261 0.01789845 0.06416967
v -0.06644212 0.08556581 0.06416972
v -0.06526917 0.08493886 0.06416972
v 0.00810165 0.03208752 0.06416964
v -0.00002497 0.01825180 0.06416966
v -0.06134932 0.08455281 0.06416972
v 0.01801129 0.00344982 0.06416964
v 0.01836466 -0.00013781 0.06416964
v 0.03047528 0.00790347 0.06416963
v 0.03040759 -0.00632778 0.06416963
v 0.02228258 0.02269414 0.06416963
v 0.01019175 0.01515260 0.06416964
v 0.01297845 0.01286562 0.06416964
v 0.01696484 0.00689959 0.06416964
v 0.01526545 0.01007892 0.06416964
v 0.00701243 0.01685198 0.06416966
v -0.05588847 0.09120687 0.06416972
v -0.05601882 0.08988330 0.06416972
v 0.00356265 0.01789845 0.06416966
v -0.05640490 0.08861059 0.06416972
v -0.06007660 0.08493886 0.06416972
v -0.05703183 0.08743764 0.06416972
v -0.22098526 0.02367018 0.04765974
v -0.18179169 0.03151350 0.04765974
v -0.24810222 0.00978327 0.04765974
v -0.14710731 0.03805421 0.04765974
v -0.01841460 -0.00013785 0.04765992
v -0.23851436 0.01937117 0.04765974
v -0.22541702 0.02288059 0.04765974
v -0.01806123 0.00344979 0.04765993
v -0.10181728 0.04771241 0.04765974
v -0.11924372 0.04261748 0.04766024
v -0.01701477 0.00689956 0.04765995
v -0.01531539 0.01007889 0.04765996
v -0.02244838 0.04993294 0.04766019
v -0.08807080 0.06046713 0.04765974
v -0.01302840 0.01286559 0.04765996
v -0.08253162 0.07746404 0.04765974
v -0.08253162 0.09922377 0.04765974
v -0.06932695 0.08988327 0.04765973
v -0.03639130 0.06134953 0.04765969
v -0.01024171 0.01515258 0.04765996
v -0.06945730 0.09120687 0.04765973
v -0.06894087 0.08861058 0.04765973
v -0.00706239 0.01685197 0.04765995
v -0.00708630 0.04097569 0.04765967
v -0.00361261 0.01789845 0.04765995
v -0.06831392 0.08743764 0.04765973
v -0.06747018 0.08640954 0.04765973
v -0.00002497 0.01825180 0.04765992
v 0.00810165 0.03208752 0.04765964
v 0.00356265 0.01789845 0.04765990
v -0.06644212 0.08556581 0.04765973
v -0.06526917 0.08493886 0.04765973
v 0.00701243 0.01685198 0.04765985
v 0.01019175 0.01515260 0.04765982
v -0.06399646 0.08455281 0.04765973
v -0.06267289 0.08442245 0.04765973
v 0.01297845 0.01286562 0.04765980
v 0.02228258 0.02269414 0.04765963
v 0.03040759 -0.00632778 0.04765963
v 0.01836466 -0.00013781 0.04765973
v 0.03047528 0.00790347 0.04765963
v 0.01526545 0.01007892 0.04765976
v 0.01801129 0.00344982 0.04765974
v 0.01696484 0.00689959 0.04765975
v -0.05601882 0.08988330 0.04765973
v -0.05588847 0.09120687 0.04765972
v -0.05640490 0.08861061 0.04765973
v -0.05703185 0.08743764 0.04765973
v -0.06134932 0.08455281 0.04765973
v -0.05787557 0.08640955 0.04765973
v -0.14710731 0.03805421 0.04765974
v -0.18179169 0.03151350 0.04765974
v -0.18192706 -0.04865159 0.04765974
v -0.25116048 -0.04811018 0.04765974
v -0.21333375 -0.07262882 0.04765974
v -0.21013955 -0.06070788 0.06416974
v -0.20141282 -0.05198116 0.04765974
v -0.18949192 -0.04878695 0.04765974
v -0.08253162 0.07746404 0.04765974
v -0.08807080 0.06046713 0.04765974
v -0.10181728 0.04771241 0.04765974
v -0.11924372 0.04261748 0.06416974
v -0.07074389 0.11101155 0.04765973
v -0.07663776 0.10943228 0.04765974
v -0.08095238 0.10511765 0.06416974
v -0.04394570 0.11101158 0.04765970
v -0.08253162 0.09922377 0.04765974
v -0.10535371 -0.04865156 0.04765974
v -0.09396895 -0.05237156 0.06416974
v -0.08566500 -0.06067551 0.04765973
v -0.08253155 -0.07485673 0.06416972
v -0.08088840 -0.08098903 0.04765973
v -0.07639922 -0.08547820 0.06416972
v -0.07026690 -0.08712132 0.06416972
v -0.08253155 -0.07079690 0.04766024
v -0.24810222 0.00978327 0.04765974
v -0.23851436 0.01937117 0.04765974
v -0.22541702 0.02288059 0.04765974
v -0.25161167 -0.00331405 0.04765974
v -0.22098526 0.02367018 0.04765974
v -0.22523011 -0.08712145 0.04765974
v -0.21937038 -0.08555805 0.04765974
v -0.21503209 -0.08128676 0.04765974
v -0.25116045 -0.08712148 0.04765974
v -0.21337769 -0.07545208 0.04765974
v -0.00708630 0.04097569 0.04765967
v -0.02244838 0.04993294 0.06416968
v -0.03639130 0.06134953 0.04765969
v -0.04394567 0.07783502 0.04765970
v 0.02228258 0.02269414 0.04765963
v -0.04394557 -0.07740147 0.04765969
v -0.03589220 -0.06102272 0.06416970
v -0.02115138 -0.04953033 0.06416968
v -0.04394557 -0.08712132 0.04765969
v -0.00254007 -0.03867119 0.06416967
v 0.01180471 -0.03026732 0.06416964
v 0.02446414 -0.01971977 0.04765963
v 0.03040759 -0.00632778 0.04765963
v -0.00607138 -0.04050180 0.06416967
v 0.03047528 0.00790347 0.04765963
v 0.00810165 0.03208752 0.04765964
v -0.22415774 -0.06855534 0.04765974
v -0.22601447 -0.07202908 0.04765974
v -0.22517071 -0.07100098 0.04765974
v -0.23746583 -0.06590821 0.04765974
v -0.22415774 -0.06590818 0.04765974
v -0.22415774 -0.06590818 0.04765974
v -0.22517071 -0.06346254 0.04765979
v -0.23213531 -0.06057771 0.04765974
v -0.23213534 -0.07388584 0.04765974
v -0.21337769 -0.07545208 0.06416974
v -0.21333375 -0.07262882 0.06416974
v -0.22517071 -0.07100098 0.06416974
v -0.22402735 -0.06723177 0.06416974
v -0.22415774 -0.06855534 0.06416974
v -0.21937038 -0.08555805 0.06416974
v -0.21503209 -0.08128676 0.06416974
v -0.22704256 -0.07287281 0.06416974
v -0.25116045 -0.08712148 0.06416974
v -0.23340805 -0.07349976 0.06416974
v -0.23759618 -0.06723177 0.06416974
v -0.25116048 -0.04811018 0.06416974
v -0.23746583 -0.06855534 0.06416974
v -0.22454378 -0.06982803 0.06416974
v -0.23707978 -0.06982806 0.06416974
v -0.23645281 -0.07100098 0.06416974
v -0.22601447 -0.07202908 0.06416974
v -0.23560910 -0.07202908 0.06416974
v -0.23458100 -0.07287281 0.06416974
v -0.22821548 -0.07349976 0.06416974
v -0.23213534 -0.07388584 0.06416974
v -0.23645278 -0.06346255 0.04765974
v -0.23081176 -0.07401619 0.04765974
v -0.23213531 -0.06057771 0.04765974
v -0.22601444 -0.06243445 0.04765981
v -0.23458100 -0.07287281 0.04765974
v -0.22821548 -0.06096379 0.04765981
v -0.22601447 -0.07202908 0.04765974
v -0.23560910 -0.06243445 0.04765974
v -0.23707973 -0.06463549 0.04765974
v -0.25116045 -0.08712148 0.04765974
v -0.25116048 -0.04811018 0.04765974
v -0.23759618 -0.06723177 0.04765974
v -0.23746583 -0.06855534 0.04765974
v -0.21937038 -0.08555805 0.04765974
v -0.22704256 -0.07287281 0.04765974
v -0.21337769 -0.07545208 0.04765974
v -0.21503209 -0.08128676 0.04765974
v -0.22601447 -0.07202908 0.04765974
v -0.22402735 -0.06723177 0.04765974
v -0.21333375 -0.07262882 0.04765974
v -0.22415774 -0.06855534 0.04765974
v -0.22454378 -0.06982803 0.04765974
v -0.23707975 -0.06982806 0.04765974
v -0.23645281 -0.07100098 0.04765974
v -0.22517071 -0.07100098 0.04765974
v -0.23560910 -0.07202908 0.04765974
v -0.23458100 -0.07287281 0.04765974
v -0.23340805 -0.07349976 0.04765974
v -0.22821548 -0.07349976 0.04765974
v -0.22948820 -0.07388584 0.04765974
v -0.22821548 -0.07349976 0.04765974
v -0.23560910 -0.07202908 0.04765974
v -0.23645281 -0.07100098 0.04765974
v -0.23081174 -0.06044733 0.04765976
v -0.22454376 -0.06463546 0.04765976
v -0.23759618 -0.06723177 0.04765974
v -0.22454378 -0.06982803 0.04765974
v -0.23340805 -0.07349976 0.04765974
v -0.23340803 -0.06096377 0.04765974
v -0.22948820 -0.06057771 0.04765979
v -0.22948820 -0.07388584 0.04765974
v -0.23746583 -0.06855534 0.04765974
v -0.23645278 -0.06346255 0.04765974
v -0.23645281 -0.07100098 0.04765974
v -0.05601880 -0.06855529 0.04765970
v -0.05787557 -0.07202905 0.04765970
v -0.05640488 -0.06982801 0.04765970
v -0.06932693 -0.06590816 0.04765973
v -0.05601883 -0.06590813 0.04765970
v -0.05588845 -0.06723172 0.04765970
v -0.05703183 -0.06346252 0.04765970
v -0.06267286 -0.06044731 0.04765972
v -0.06399646 -0.07388579 0.04765970
v -0.04394557 -0.08712132 0.06416970
v -0.04394557 -0.07740147 0.06416970
v -0.05890363 -0.07287276 0.06416971
v -0.05588845 -0.06723172 0.06416971
v -0.05601880 -0.06855529 0.06416971
v -0.07639922 -0.08547820 0.06416972
v -0.06644209 -0.07287276 0.06416972
v -0.08253155 -0.07485673 0.06416972
v -0.08088840 -0.08098903 0.06416972
v -0.06831390 -0.07100096 0.06416972
v -0.06945728 -0.06723172 0.06416972
v -0.08253155 -0.07079690 0.06416972
v -0.06932693 -0.06855532 0.06416972
v -0.06894085 -0.06982801 0.06416972
v -0.06747016 -0.07202905 0.06416972
v -0.05640488 -0.06982801 0.06416971
v -0.05703183 -0.07100093 0.06416971
v -0.05787557 -0.07202905 0.06416971
v -0.06007658 -0.07349971 0.06416971
v -0.06526915 -0.07349971 0.06416972
v -0.06399646 -0.07388579 0.06416972
v -0.06894085 -0.06463544 0.04765976
v -0.06134929 -0.07388579 0.04765970
v -0.06399646 -0.06057766 0.04765972
v -0.05787557 -0.06243443 0.04765970
v -0.06644209 -0.07287276 0.04765972
v -0.05890365 -0.06159069 0.04765970
v -0.05787557 -0.07202905 0.04765970
v -0.06644210 -0.06159069 0.04765975
v -0.06932693 -0.06590816 0.04765973
v -0.08253155 -0.07485673 0.04766024
v -0.08253155 -0.07079690 0.04766024
v -0.06894085 -0.06982801 0.04765973
v -0.06945728 -0.06723172 0.04765973
v -0.06932693 -0.06855532 0.04765973
v -0.07639922 -0.08547820 0.04766022
v -0.06747019 -0.07202905 0.04765973
v -0.06644209 -0.07287276 0.04765972
v -0.04394557 -0.08712132 0.04765969
v -0.06134929 -0.07388579 0.04765970
v -0.05588845 -0.06723172 0.04765970
v -0.04394557 -0.07740147 0.04765969
v -0.05601880 -0.06855529 0.04765970
v -0.05640488 -0.06982801 0.04765970
v -0.06831390 -0.07100096 0.04765973
v -0.05703183 -0.07100093 0.04765970
v -0.05787557 -0.07202905 0.04765970
v -0.08088840 -0.08098903 0.04765973
v -0.05890363 -0.07287276 0.04765970
v -0.06526915 -0.07349971 0.04765972
v -0.06007658 -0.07349971 0.04765970
v -0.06007658 -0.07349971 0.04765970
v -0.06644209 -0.07287276 0.04765972
v -0.06894085 -0.06982801 0.04765973
v -0.06134930 -0.06057766 0.04765970
v -0.05703183 -0.06346252 0.04765970
v -0.06945728 -0.06723172 0.04765973
v -0.05640488 -0.06982801 0.04765970
v -0.06399646 -0.07388579 0.04765970
v -0.06526915 -0.06096374 0.04765973
v -0.06007658 -0.06096374 0.04765970
v -0.06134929 -0.07388579 0.04765970
v -0.06932693 -0.06855532 0.04765973
v -0.06747019 -0.06243440 0.04765978
v -0.06831390 -0.07100096 0.04765973
v -0.05588847 0.09120687 0.04765972
v -0.05787557 0.08640955 0.04765973
v -0.05703185 0.08743764 0.04765973
v -0.06932695 0.09253044 0.04765973
v -0.05601882 0.09253044 0.04765973
v -0.05588847 0.09120687 0.04765972
v -0.05703185 0.09497608 0.04765972
v -0.06267289 0.09799129 0.04765973
v -0.06399646 0.08455281 0.04765973
v -0.08095238 0.10511765 0.06416974
v -0.06831392 0.09497610 0.06416972
v -0.06932695 0.09253044 0.06416972
v -0.07663776 0.10943228 0.06416974
v -0.06644210 0.09684790 0.06416972
v -0.05601882 0.09253044 0.06416972
v -0.04394570 0.11101158 0.06416972
v -0.06134932 0.09786093 0.06416972
v -0.06894087 0.09380316 0.06416972
v -0.05640490 0.09380316 0.06416972
v -0.05703185 0.09497610 0.06416972
v -0.06747019 0.09600419 0.06416972
v -0.05787559 0.09600417 0.06416972
v -0.05890368 0.09684790 0.06416972
v -0.06526918 0.09747485 0.06416972
v -0.06007660 0.09747485 0.06416972
v -0.06894087 0.09380316 0.04765973
v -0.06267289 0.08442245 0.04765973
v -0.06399646 0.09786090 0.04765973
v -0.05787559 0.09600417 0.04765972
v -0.06644212 0.08556581 0.04765973
v -0.05890368 0.09684790 0.04765973
v -0.05890365 0.08556581 0.04765973
v -0.06747021 0.09600417 0.04765973
v -0.06894087 0.09380316 0.04765973
v -0.04394570 0.11101158 0.04765970
v -0.05601882 0.09253044 0.04765973
v -0.07663776 0.10943228 0.04765974
v -0.06644210 0.09684790 0.04765973
v -0.08095238 0.10511765 0.04766025
v -0.06831392 0.09497607 0.04765973
v -0.06932695 0.09253044 0.04765973
v -0.06894087 0.09380316 0.04765973
v -0.06747021 0.09600417 0.04765973
v -0.05640490 0.09380316 0.04765973
v -0.05703185 0.09497608 0.04765972
v -0.05787559 0.09600417 0.04765972
v -0.05890368 0.09684790 0.04765973
v -0.06526918 0.09747485 0.04765973
v -0.06007660 0.09747485 0.04765973
v -0.06399646 0.09786090 0.04765973
v -0.06007660 0.08493886 0.04765973
v -0.06644212 0.08556581 0.04765973
v -0.06831392 0.08743764 0.04765973
v -0.06134932 0.09786093 0.04765973
v -0.05703185 0.09497608 0.04765972
v -0.06945730 0.09120687 0.04765973
v -0.05601882 0.08988330 0.04765973
v -0.06399646 0.08455281 0.04765973
v -0.06526918 0.09747485 0.04765973
v -0.06007660 0.09747485 0.04765973
v -0.06134932 0.08455281 0.04765973
v -0.06932695 0.08988327 0.04765973
v -0.06831392 0.09497607 0.04765973
v -0.06747018 0.08640954 0.04765973
v -0.01841460 -0.00013785 0.04765992
v 0.02446414 -0.01971977 0.06416963
v 0.01696484 -0.00717522 0.06416964
v 0.01801132 -0.00372546 0.06416964
v -0.00254007 -0.03867119 0.06416967
v 0.01180471 -0.03026732 0.06416964
v -0.00002494 -0.01852744 0.06416966
v -0.00607138 -0.04050180 0.06416967
v -0.00706234 -0.01712762 0.06416967
v 0.01526545 -0.01035455 0.06416964
v -0.02115138 -0.04953033 0.06416968
v -0.01024169 -0.01542825 0.06416967
v -0.03589220 -0.06102272 0.06416970
v -0.05601883 -0.06590813 0.06416971
v -0.05640488 -0.06463544 0.06416971
v 0.01297846 -0.01314125 0.06416964
v 0.01019176 -0.01542823 0.06416964
v -0.05703183 -0.06346252 0.06416971
v -0.05787557 -0.06243440 0.06416971
v 0.00701243 -0.01712761 0.06416966
v -0.05890365 -0.06159069 0.06416971
v -0.06007660 -0.06096374 0.06416971
v 0.00356266 -0.01817409 0.06416966
v -0.00361258 -0.01817409 0.06416967
v -0.01701475 -0.00717525 0.06416968
v -0.06134930 -0.06057766 0.06416972
v -0.06267286 -0.06044731 0.06416972
v -0.01302837 -0.01314126 0.06416967
v -0.06399646 -0.06057766 0.06416972
v -0.09396895 -0.05237156 0.06416974
v -0.01531536 -0.01035457 0.06416968
v -0.06526915 -0.06096374 0.06416972
v -0.06644210 -0.06159069 0.06416972
v -0.08566500 -0.06067551 0.06416974
v -0.01806123 -0.00372548 0.06416968
v -0.06747019 -0.06243440 0.06416972
v -0.14724267 -0.04865159 0.06416974
v -0.10535371 -0.04865156 0.06416974
v -0.25161167 -0.00331405 0.06416974
v -0.20141282 -0.05198116 0.06416974
v -0.23746583 -0.06590821 0.06416974
v -0.06932693 -0.06590816 0.06416972
v -0.06894085 -0.06463544 0.06416972
v -0.06831392 -0.06346252 0.06416972
v -0.18192706 -0.04865159 0.06416974
v -0.23707973 -0.06463549 0.06416974
v -0.23645278 -0.06346255 0.06416974
v -0.23560907 -0.06243445 0.06416974
v -0.23458097 -0.06159074 0.06416974
v -0.18949192 -0.04878695 0.06416974
v -0.23340803 -0.06096377 0.06416974
v -0.23213531 -0.06057771 0.06416974
v -0.22415774 -0.06590818 0.06416974
v -0.22821548 -0.06096379 0.06416974
v -0.23081174 -0.06044733 0.06416974
v -0.22948820 -0.06057771 0.06416974
v -0.22454376 -0.06463549 0.06416974
v -0.22517071 -0.06346254 0.06416974
v -0.01302840 0.01286559 0.04765996
v -0.01701477 0.00689956 0.04765995
v 0.01801129 -0.00372546 0.04765973
v -0.01701475 -0.00717525 0.04765987
v -0.01806123 -0.00372548 0.04765990
v -0.01302837 -0.01314126 0.04765984
v 0.00356266 -0.01817409 0.04765973
v 0.00356265 0.01789845 0.04765990
v 0.01526545 -0.01035455 0.04765973
v -0.00002497 0.01825180 0.04765992
v 0.00356266 -0.01817409 0.04765973
v -0.01024169 -0.01542825 0.04765980
v 0.01019175 0.01515260 0.04765982
v -0.00706234 -0.01712762 0.04765978
v -0.01024171 0.01515258 0.04765996
v 0.01297846 -0.01314125 0.04765972
v 0.01696484 -0.00717522 0.04765973
v -0.25161167 -0.00331405 0.04765974
v -0.20141282 -0.05198116 0.04765974
v -0.14724267 -0.04865159 0.04765974
v -0.23746583 -0.06590821 0.04765974
v -0.23707973 -0.06463549 0.04765974
v -0.09396895 -0.05237156 0.04765974
v -0.10535371 -0.04865156 0.04765974
v -0.01806123 -0.00372548 0.04765990
v -0.23645278 -0.06346255 0.04765974
v -0.23560910 -0.06243445 0.04765974
v -0.06399646 -0.06057766 0.04765972
v -0.06267286 -0.06044731 0.04765972
v -0.23458097 -0.06159072 0.04765974
v -0.23340803 -0.06096377 0.04765974
v -0.01701475 -0.00717525 0.04765987
v -0.06134930 -0.06057766 0.04765970
v -0.23213531 -0.06057771 0.04765974
v -0.23081174 -0.06044733 0.04765976
v -0.06007658 -0.06096374 0.04765970
v -0.22948820 -0.06057771 0.04765979
v -0.22821548 -0.06096379 0.04765981
v -0.22704254 -0.06159074 0.04765981
v -0.21013955 -0.06070788 0.04766024
v -0.22601444 -0.06243445 0.04765981
v -0.22517071 -0.06346254 0.04765979
v -0.22454376 -0.06463546 0.04765976
v -0.22415774 -0.06590818 0.04765974
v 0.01801129 -0.00372546 0.04765973
v 0.02446414 -0.01971977 0.04765963
v 0.01696484 -0.00717522 0.04765973
v 0.01180471 -0.03026732 0.04765964
v 0.00356266 -0.01817409 0.04765973
v 0.00701243 -0.01712761 0.04765973
v 0.01019176 -0.01542823 0.04765972
v 0.01526545 -0.01035455 0.04765973
v -0.00002494 -0.01852744 0.04765975
v -0.03589220 -0.06102272 0.04766019
v -0.00254007 -0.03867119 0.04765965
v 0.01297846 -0.01314125 0.04765972
v -0.02115138 -0.04953033 0.04765968
v -0.05601883 -0.06590813 0.04765970
v -0.00361258 -0.01817409 0.04765976
v -0.05640488 -0.06463544 0.04765970
v -0.00706234 -0.01712762 0.04765978
v -0.05703183 -0.06346252 0.04765970
v -0.00607138 -0.04050180 0.04765967
v -0.05787557 -0.06243443 0.04765970
v -0.05890365 -0.06159069 0.04765970
v -0.18949192 -0.04878695 0.04765974
v -0.18192706 -0.04865159 0.04765974
v -0.01024169 -0.01542825 0.04765980
v -0.01531536 -0.01035457 0.04765985
v -0.01302837 -0.01314126 0.04765984
v -0.06932693 -0.06590816 0.04765973
v -0.06526915 -0.06096374 0.04765973
v -0.06644210 -0.06159069 0.04765975
v -0.06894085 -0.06463544 0.04765976
v -0.00706239 0.01685197 0.04765995
v 0.01297845 0.01286562 0.04765980
v 0.01696484 0.00689959 0.04765975
v -0.01531536 -0.01035457 0.04765985
v -0.00002494 -0.01852744 0.04765975
v 0.01836466 -0.00013781 0.04765973
v -0.01806123 0.00344979 0.04765993
v 0.00701243 0.01685198 0.04765985
v 0.01019176 -0.01542823 0.04765972
v -0.00361258 -0.01817409 0.04765976
v -0.00361261 0.01789845 0.04765995
v 0.01801129 0.00344982 0.04765974
v 0.01297846 -0.01314125 0.04765972
v 0.01526545 0.01007892 0.04765976
vn 0.00000053 -0.00000042 1.00000000
vn 0.00000053 -0.00000055 1.00000000
vn 0.00000044 -0.00000071 1.00000000
vn -0.00000094 0.00000151 -1.00000000
vn -0.00000151 0.00000012 -1.00000000
vn -0.00000071 0.00000201 -1.00000000
vn -0.18531171 0.98267979 0.00000000
vn -0.18531171 0.98267979 0.00000000
vn -0.18531171 0.98267979 0.00000000
vn -0.19622701 0.98055849 0.00000000
vn -0.19622701 0.98055849 0.00000000
vn -0.19622701 0.98055849 0.00000000
vn 0.00000015 -1.00000000 0.00000000
vn 0.00000044 -1.00000000 0.00000000
vn 0.00000044 -1.00000000 0.00000000
vn -1.00000000 -0.00000077 0.00000000
vn -1.00000000 -0.00000077 0.00000000
vn -1.00000000 -0.00000077 0.00000000
vn 0.96592591 -0.25881875 0.00000000
vn 0.96592591 -0.25881875 0.00000000
vn 0.96592591 -0.25881875 0.00000000
vn 0.70710689 -0.70710667 0.00000000
vn 0.70710689 -0.70710667 0.00000000
vn 0.70710689 -0.70710667 0.00000000
vn 0.25881966 -0.96592566 0.00000000
vn 0.25881966 -0.96592566 0.00000000
vn 0.25881966 -0.96592566 0.00000000
vn 0.01789014 -0.99983996 0.00000000
vn 0.01789014 -0.99983996 0.00000000
vn 0.01789014 -0.99983996 0.00000000
vn -0.95078405 0.30985429 0.00000000
vn -0.95078405 0.30985429 0.00000000
vn -0.95078405 0.30985429 0.00000000
vn -0.68016840 0.73305590 0.00000000
vn -0.68016840 0.73305590 0.00000000
vn -0.68016840 0.73305590 0.00000000
vn -0.28062036 0.95981885 0.00000000
vn -0.28062036 0.95981885 0.00000000
vn -0.28062036 0.95981885 0.00000000
vn -0.16161868 0.98685328 0.00000000
vn -0.16161868 0.98685328 0.00000000
vn -0.16161868 0.98685328 0.00000000
vn -0.25882207 0.96592502 0.00000000
vn -0.25882207 0.96592502 0.00000000
vn -0.25882207 0.96592502 0.00000000
vn -0.70710714 0.70710643 0.00000000
vn -0.70710714 0.70710643 0.00000000
vn -0.70710714 0.70710643 0.00000000
vn -0.96592653 0.25881640 0.00000000
vn -0.96592653 0.25881640 0.00000000
vn -0.96592653 0.25881640 0.00000000
vn -0.00000105 1.00000000 0.00000000
vn -0.00000105 1.00000000 0.00000000
vn -0.00000105 1.00000000 0.00000000
vn -1.00000000 -0.00000015 0.00000000
vn -1.00000000 -0.00000015 0.00000000
vn -1.00000000 -0.00000015 0.00000000
vn -0.31059288 -0.95054304 0.00000000
vn -0.31059288 -0.95054304 0.00000000
vn -0.31059288 -0.95054304 0.00000000
vn -0.70710661 -0.70710695 0.00000000
vn -0.70710661 -0.70710695 0.00000000
vn -0.70710661 -0.70710695 0.00000000
vn -0.95526879 -0.29573896 0.00000000
vn -0.95526879 -0.29573896 0.00000000
vn -0.95526879 -0.29573896 0.00000000
vn 0.00000073 -1.00000000 0.00000000
vn 0.00000073 -1.00000000 0.00000000
vn -0.96592551 -0.25882024 0.00000000
vn -0.96592551 -0.25882024 0.00000000
vn -0.96592551 -0.25882024 0.00000000
vn -0.70710667 -0.70710689 0.00000000
vn -0.70710667 -0.70710689 0.00000000
vn -0.70710667 -0.70710689 0.00000000
vn -0.25881564 -0.96592674 0.00000000
vn -0.25881564 -0.96592674 0.00000000
vn -0.25881564 -0.96592674 0.00000000
vn 0.00000015 -1.00000000 0.00000000
vn 0.00000015 -1.00000000 0.00000000
vn 0.00000015 -1.00000000 0.00000000
vn -1.00000000 -0.00000015 0.00000000
vn -1.00000000 -0.00000015 0.00000000
vn -1.00000000 -0.00000015 0.00000000
vn -0.96592517 0.25882148 0.00000000
vn -0.96592517 0.25882148 0.00000000
vn -0.96592517 0.25882148 0.00000000
vn -0.70710851 0.70710506 0.00000000
vn -0.70710851 0.70710506 0.00000000
vn -0.70710851 0.70710506 0.00000000
vn -0.25881914 0.96592580 0.00000000
vn -0.25881914 0.96592580 0.00000000
vn -0.25881914 0.96592580 0.00000000
vn -0.99994928 -0.01007157 0.00000000
vn -0.99994928 -0.01007157 0.00000000
vn -0.99994928 -0.01007157 0.00000000
vn -0.17540255 0.98449680 0.00000000
vn -0.17540255 0.98449680 0.00000000
vn -0.17540255 0.98449680 0.00000000
vn 0.25778635 -0.96620195 0.00000000
vn 0.25778635 -0.96620195 0.00000000
vn 0.25778635 -0.96620195 0.00000000
vn 0.70158277 -0.71258797 0.00000000
vn 0.70158277 -0.71258797 0.00000000
vn 0.70158277 -0.71258797 0.00000000
vn 0.96207295 -0.27279231 0.00000000
vn 0.96207295 -0.27279231 0.00000000
vn 0.96207295 -0.27279231 0.00000000
vn 0.00000109 -1.00000000 0.00000000
vn 0.00000109 -1.00000000 0.00000000
vn 0.00000109 -1.00000000 0.00000000
vn 0.99987891 -0.01556193 0.00000000
vn 0.99987891 -0.01556193 0.00000000
vn 0.99987891 -0.01556193 0.00000000
vn 0.50370522 0.86387560 0.00000000
vn 0.50370522 0.86387560 0.00000000
vn 0.50370522 0.86387560 0.00000000
vn 0.63352819 0.77371961 0.00000000
vn 0.63352819 0.77371961 0.00000000
vn 0.63352819 0.77371961 0.00000000
vn 0.90909574 0.41658726 0.00000000
vn 0.90909574 0.41658726 0.00000000
vn 0.90909574 0.41658726 0.00000000
vn 1.00000000 0.00000088 0.00000000
vn 1.00000000 0.00000088 0.00000000
vn 1.00000000 0.00000088 0.00000000
vn 0.55223214 0.83369039 0.00000000
vn 0.55223214 0.83369039 0.00000000
vn 0.55223214 0.83369039 0.00000000
vn 0.89738793 -0.44124245 0.00000000
vn 0.89738793 -0.44124245 0.00000000
vn 0.89738793 -0.44124245 0.00000000
vn 0.61485050 -0.78864369 0.00000000
vn 0.61485050 -0.78864369 0.00000000
vn 0.61485050 -0.78864369 0.00000000
vn 0.51368123 -0.85798112 0.00000000
vn 0.51368123 -0.85798112 0.00000000
vn 0.51368123 -0.85798112 0.00000000
vn 1.00000000 0.00000015 0.00000000
vn 1.00000000 0.00000015 0.00000000
vn 1.00000000 0.00000015 0.00000000
vn 0.50548961 -0.86283269 0.00000000
vn 0.50548961 -0.86283269 0.00000000
vn 0.50548961 -0.86283269 0.00000000
vn 0.64011343 -0.76828042 0.00000000
vn 0.64011343 -0.76828042 0.00000000
vn 0.64011343 -0.76828042 0.00000000
vn 0.91402803 -0.40565104 0.00000000
vn 0.91402803 -0.40565104 0.00000000
vn 0.91402803 -0.40565104 0.00000000
vn 0.99998869 -0.00475638 0.00000000
vn 0.99998869 -0.00475638 0.00000000
vn 0.99998869 -0.00475638 0.00000000
vn 0.46022835 -0.88780058 0.00000000
vn 0.46022835 -0.88780058 0.00000000
vn 0.46022835 -0.88780058 0.00000000
vn 0.87476787 0.48454224 0.00000000
vn 0.87476787 0.48454224 0.00000000
vn 0.87476787 0.48454224 0.00000000
vn 0.50508012 0.86307246 0.00000000
vn 0.50508012 0.86307246 0.00000000
vn 0.50508012 0.86307246 0.00000000
vn -0.99518313 0.09803332 0.00000000
vn -0.99518313 0.09803332 0.00000000
vn -0.99518313 0.09803332 0.00000000
vn -0.77300121 0.63440455 0.00000000
vn -0.77300121 0.63440455 0.00000000
vn -0.77300121 0.63440455 0.00000000
vn -0.88193066 0.47137915 0.00000000
vn -0.88193066 0.47137915 0.00000000
vn -0.88193066 0.47137915 0.00000000
vn 0.99518491 -0.09801528 0.00000000
vn 0.99518491 -0.09801528 0.00000000
vn 0.99518491 -0.09801528 0.00000000
vn -0.95695103 -0.29024942 -0.00000002
vn -0.95694965 -0.29025396 -0.00000040
vn -0.95694957 -0.29025422 -0.00000043
vn -0.99518328 -0.09803184 0.00000000
vn -0.99518328 -0.09803184 0.00000000
vn -0.99518328 -0.09803184 0.00000000
vn -0.77300995 -0.63439390 0.00000000
vn -0.77300995 -0.63439390 0.00000000
vn -0.77300995 -0.63439390 0.00000000
vn 0.09802866 -0.99518359 0.00000000
vn 0.09802866 -0.99518359 0.00000000
vn 0.09802866 -0.99518359 0.00000000
vn 0.09801483 0.99518495 0.00000000
vn 0.09801483 0.99518495 0.00000000
vn 0.09801483 0.99518495 0.00000000
vn 0.00000000 0.00000000 1.00000000
vn 0.00000000 0.00000000 1.00000000
vn 0.00000000 0.00000000 1.00000000
vn 0.88192208 -0.47139521 0.00000000
vn 0.88192208 -0.47139521 0.00000000
vn 0.88192208 -0.47139521 0.00000000
vn -0.09801602 0.99518484 0.00000000
vn -0.09801602 0.99518484 0.00000000
vn -0.09801602 0.99518484 0.00000000
vn 0.29027418 -0.95694352 0.00000000
vn 0.29027418 -0.95694352 0.00000000
vn 0.29027418 -0.95694352 0.00000000
vn -0.63438055 -0.77302091 0.00000000
vn -0.63438055 -0.77302091 0.00000000
vn -0.63438055 -0.77302091 0.00000000
vn 0.47139521 0.88192208 0.00000000
vn 0.47139521 0.88192208 0.00000000
vn 0.47139521 0.88192208 0.00000000
vn -0.47139521 -0.88192208 0.00000000
vn -0.47139521 -0.88192208 0.00000000
vn -0.47139521 -0.88192208 0.00000000
vn -0.63439166 0.77301178 0.00000000
vn -0.63439166 0.77301178 0.00000000
vn -0.63439166 0.77301178 0.00000000
vn 0.63438088 -0.77302063 -0.00000112
vn 0.63438263 -0.77301919 -0.00000094
vn 0.63438078 -0.77302071 -0.00000113
vn 0.95693602 -0.29029891 0.00000000
vn 0.95693602 -0.29029891 0.00000000
vn 0.95693602 -0.29029891 0.00000000
vn 0.00000000 0.00000000 -1.00000000
vn 0.00000000 0.00000000 -1.00000000
vn 0.00000000 0.00000000 -1.00000000
vn -0.47140305 0.88191789 0.00000000
vn -0.47140305 0.88191789 0.00000000
vn -0.47140305 0.88191789 0.00000000
vn 0.63439143 0.77301197 0.00000000
vn 0.63439143 0.77301197 0.00000000
vn 0.63439143 0.77301197 0.00000000
vn 0.88191172 0.47141460 0.00000123
vn 0.88191851 0.47140188 0.00000007
vn 0.88191133 0.47141532 0.00000129
vn -0.09803103 -0.99518336 0.00000000
vn -0.09803103 -0.99518336 0.00000000
vn -0.09803103 -0.99518336 0.00000000
vn -0.88191810 -0.47140266 -0.00000066
vn -0.88192173 -0.47139587 -0.00000004
vn -0.88192194 -0.47139548 0.00000000
vn 0.99518488 0.09801558 0.00000000
vn 0.99518488 0.09801558 0.00000000
vn 0.99518488 0.09801558 0.00000000
vn -0.95694460 0.29027061 0.00000000
vn -0.95694460 0.29027061 0.00000000
vn -0.95694460 0.29027061 0.00000000
vn 0.29028640 0.95693981 0.00000000
vn 0.29028640 0.95693981 0.00000000
vn 0.29028640 0.95693981 0.00000000
vn 0.47139620 -0.88192155 -0.00000007
vn 0.47140892 -0.88191475 -0.00000123
vn 0.47140964 -0.88191436 -0.00000129
vn -0.29029057 -0.95693855 0.00000000
vn -0.29029057 -0.95693855 0.00000000
vn -0.29029057 -0.95693855 0.00000000
vn -0.29028669 0.95693973 0.00000000
vn -0.29028669 0.95693973 0.00000000
vn -0.29028669 0.95693973 0.00000000
vn 0.95694125 0.29028166 0.00000007
vn 0.95694579 0.29026669 0.00000133
vn 0.95694605 0.29026584 0.00000140
vn 0.77301953 -0.63438222 -0.00000108
vn 0.77302755 -0.63437245 -0.00000006
vn 0.77301907 -0.63438278 -0.00000113
vn 0.77301888 0.63438301 0.00000000
vn 0.77301888 0.63438301 0.00000000
vn 0.77301888 0.63438301 0.00000000
vn -0.99518535 0.09801077 0.00000000
vn -0.99518535 0.09801077 0.00000000
vn -0.99518535 0.09801077 0.00000000
vn -0.77301524 0.63438745 0.00000000
vn -0.77301524 0.63438745 0.00000000
vn -0.77301524 0.63438745 0.00000000
vn -0.88191904 0.47140089 0.00000000
vn -0.88191904 0.47140089 0.00000000
vn -0.88191904 0.47140089 0.00000000
vn 0.99518535 -0.09801077 0.00000000
vn 0.99518535 -0.09801077 0.00000000
vn 0.99518535 -0.09801077 0.00000000
vn -0.95694325 -0.29027507 0.00000000
vn -0.95694325 -0.29027507 0.00000000
vn -0.95694325 -0.29027507 0.00000000
vn -0.99518372 -0.09802733 0.00000000
vn -0.99518372 -0.09802733 0.00000000
vn -0.99518372 -0.09802733 0.00000000
vn -0.77300809 -0.63439616 0.00000005
vn -0.77301467 -0.63438814 0.00000088
vn -0.77301505 -0.63438769 0.00000093
vn 0.09800929 -0.99518550 0.00000000
vn 0.09800929 -0.99518550 0.00000000
vn 0.09800929 -0.99518550 0.00000000
vn 0.09803039 0.99518342 -0.00000009
vn 0.09801015 0.99518542 -0.00000173
vn 0.09800899 0.99518553 -0.00000183
vn 0.00000638 -0.00000370 1.00000000
vn 0.00000052 -0.00000002 1.00000000
vn 0.00000300 -0.00000149 1.00000000
vn 0.88192560 -0.47138862 0.00000000
vn 0.88192560 -0.47138862 0.00000000
vn 0.88192560 -0.47138862 0.00000000
vn -0.09801222 0.99518521 -0.00000173
vn -0.09803246 0.99518322 -0.00000009
vn -0.09801107 0.99518532 -0.00000183
vn 0.29029592 -0.95693693 0.00000000
vn 0.29029592 -0.95693693 0.00000000
vn 0.29029592 -0.95693693 0.00000000
vn -0.63439534 -0.77300877 0.00000108
vn -0.63438557 -0.77301678 0.00000006
vn -0.63438501 -0.77301724 0.00000000
vn 0.47139427 0.88192259 0.00000000
vn 0.47139427 0.88192259 0.00000000
vn 0.47139427 0.88192259 0.00000000
vn -0.47140050 -0.88191925 -0.00000004
vn -0.47139371 -0.88192288 -0.00000066
vn -0.47139332 -0.88192309 -0.00000069
vn -0.63439418 0.77300972 0.00000000
vn -0.63439418 0.77300972 0.00000000
vn -0.63439418 0.77300972 0.00000000
vn 0.63438301 -0.77301888 0.00000000
vn 0.63438301 -0.77301888 0.00000000
vn 0.63438301 -0.77301888 0.00000000
vn 0.95693918 -0.29028848 0.00000000
vn 0.95693918 -0.29028848 0.00000000
vn 0.95693918 -0.29028848 0.00000000
vn -0.00000393 0.00000089 -1.00000000
vn 0.00000004 -0.00000100 -1.00000000
vn -0.00004274 0.00001124 -1.00000000
vn -0.47139359 0.88192295 0.00000000
vn -0.47139359 0.88192295 0.00000000
vn -0.47139359 0.88192295 0.00000000
vn 0.63439231 0.77301125 -0.00000099
vn 0.63438329 0.77301865 -0.00000005
vn 0.63439283 0.77301083 -0.00000105
vn 0.88192295 0.47139359 0.00000000
vn 0.88192295 0.47139359 0.00000000
vn 0.88192295 0.47139359 0.00000000
vn -0.09801077 -0.99518535 0.00000000
vn -0.09801077 -0.99518535 0.00000000
vn -0.09801077 -0.99518535 0.00000000
vn -0.88191789 -0.47140305 0.00000000
vn -0.88191789 -0.47140305 0.00000000
vn -0.88191789 -0.47140305 0.00000000
vn 0.99518550 0.09800929 0.00000000
vn 0.99518550 0.09800929 0.00000000
vn 0.99518550 0.09800929 0.00000000
vn -0.95693981 0.29028640 0.00000000
vn -0.95693981 0.29028640 0.00000000
vn -0.95693981 0.29028640 0.00000000
vn 0.29029146 0.95693828 0.00000000
vn 0.29029146 0.95693828 0.00000000
vn 0.29029146 0.95693828 0.00000000
vn 0.47139453 -0.88192244 0.00000000
vn 0.47139453 -0.88192244 0.00000000
vn 0.47139453 -0.88192244 0.00000000
vn -0.29029083 -0.95693847 -0.00000040
vn -0.29029537 -0.95693709 -0.00000002
vn -0.29029563 -0.95693701 0.00000000
vn -0.29028669 0.95693973 0.00000000
vn -0.29028669 0.95693973 0.00000000
vn -0.29028669 0.95693973 0.00000000
vn 0.95693756 0.29029383 0.00000000
vn 0.95693756 0.29029383 0.00000000
vn 0.95693756 0.29029383 0.00000000
vn 0.77301747 -0.63438473 0.00000000
vn 0.77301747 -0.63438473 0.00000000
vn 0.77301747 -0.63438473 0.00000000
vn 0.77301837 0.63438364 -0.00000007
vn 0.77300935 0.63439463 -0.00000121
vn 0.77300883 0.63439526 -0.00000128
vn -0.99518535 0.09801077 0.00000000
vn -0.99518535 0.09801077 0.00000000
vn -0.99518535 0.09801077 0.00000000
vn -0.77301601 0.63438652 -0.00000083
vn -0.77300141 0.63440430 0.00000103
vn -0.77300058 0.63440532 0.00000113
vn -0.88192732 0.47138541 0.00000126
vn -0.88193048 0.47137949 0.00000072
vn -0.88193066 0.47137915 0.00000069
vn 0.99518535 -0.09801077 0.00000000
vn 0.99518535 -0.09801077 0.00000000
vn 0.99518535 -0.09801077 0.00000000
vn -0.95693973 -0.29028669 0.00000000
vn -0.95693973 -0.29028669 0.00000000
vn -0.95693973 -0.29028669 0.00000000
vn -0.99518532 -0.09801107 0.00000000
vn -0.99518532 -0.09801107 0.00000000
vn -0.99518532 -0.09801107 0.00000000
vn -0.77300734 -0.63439707 0.00000088
vn -0.77300076 -0.63440509 0.00000005
vn -0.77300039 -0.63440555 0.00000000
vn 0.09803362 -0.99518310 0.00000000
vn 0.09803362 -0.99518310 0.00000000
vn 0.09803362 -0.99518310 0.00000000
vn 0.09801528 0.99518491 0.00000000
vn 0.09801528 0.99518491 0.00000000
vn 0.09801528 0.99518491 0.00000000
vn 0.00000030 -0.00000169 1.00000000
vn -0.00000007 -0.00000191 1.00000000
vn 0.00000057 -0.00000147 1.00000000
vn 0.88192187 -0.47139560 0.00000066
vn 0.88191824 -0.47140240 0.00000004
vn 0.88192208 -0.47139521 0.00000069
vn -0.09801558 0.99518488 0.00000000
vn -0.09801558 0.99518488 0.00000000
vn -0.09801558 0.99518488 0.00000000
vn 0.29027001 -0.95694479 0.00000000
vn 0.29027001 -0.95694479 0.00000000
vn 0.29027001 -0.95694479 0.00000000
vn -0.63439590 -0.77300831 0.00000000
vn -0.63439590 -0.77300831 0.00000000
vn -0.63439590 -0.77300831 0.00000000
vn 0.47139427 0.88192259 0.00000000
vn 0.47139427 0.88192259 0.00000000
vn 0.47139427 0.88192259 0.00000000
vn -0.47140089 -0.88191904 0.00000000
vn -0.47140089 -0.88191904 0.00000000
vn -0.47140089 -0.88191904 0.00000000
vn -0.63439669 0.77300766 -0.00000006
vn -0.63440646 0.77299964 -0.00000108
vn -0.63440701 0.77299919 -0.00000113
vn 0.63438417 -0.77301793 0.00000000
vn 0.63438492 -0.77301732 0.00000008
vn 0.63438413 -0.77301797 0.00000000
vn 0.95693918 -0.29028848 0.00000000
vn 0.95693918 -0.29028848 0.00000000
vn 0.95693918 -0.29028848 0.00000000
vn 0.00000000 0.00000000 -1.00000000
vn -0.00000138 -0.00000055 -1.00000000
vn -0.00000056 -0.00000071 -1.00000000
vn -0.47139359 0.88192295 0.00000000
vn -0.47139359 0.88192295 0.00000000
vn -0.47139359 0.88192295 0.00000000
vn 0.63440371 0.77300190 0.00000000
vn 0.63440371 0.77300190 0.00000000
vn 0.63440371 0.77300190 0.00000000
vn 0.88192295 0.47139359 0.00000000
vn 0.88192295 0.47139359 0.00000000
vn 0.88192295 0.47139359 0.00000000
vn -0.09801528 -0.99518491 0.00000000
vn -0.09801528 -0.99518491 0.00000000
vn -0.09801528 -0.99518491 0.00000000
vn -0.88192173 -0.47139587 0.00000004
vn -0.88191810 -0.47140266 0.00000066
vn -0.88192194 -0.47139548 0.00000000
vn 0.99518554 0.09800885 0.00000000
vn 0.99518554 0.09800885 0.00000000
vn 0.99518554 0.09800885 0.00000000
vn -0.95693973 0.29028666 0.00000040
vn -0.95693836 0.29029120 0.00000002
vn -0.95693981 0.29028640 0.00000043
vn 0.29026972 0.95694487 0.00000000
vn 0.29026972 0.95694487 0.00000000
vn 0.29026972 0.95694487 0.00000000
vn 0.47140210 -0.88191840 0.00000000
vn 0.47140210 -0.88191840 0.00000000
vn 0.47140210 -0.88191840 0.00000000
vn -0.29028640 -0.95693981 0.00000000
vn -0.29028640 -0.95693981 0.00000000
vn -0.29028640 -0.95693981 0.00000000
vn -0.29027001 0.95694479 0.00000000
vn -0.29027001 0.95694479 0.00000000
vn -0.29027001 0.95694479 0.00000000
vn 0.95693717 0.29029510 0.00000000
vn 0.95693717 0.29029510 0.00000000
vn 0.95693717 0.29029510 0.00000000
vn 0.77300954 -0.63439440 -0.00000028
vn 0.77301856 -0.63438341 0.00000087
vn 0.77300903 -0.63439502 -0.00000035
vn 0.77300883 0.63439526 0.00000000
vn 0.77300883 0.63439526 0.00000000
vn 0.77300883 0.63439526 0.00000000
vn 0.99518425 -0.09802203 0.00000000
vn 0.99518425 -0.09802203 0.00000000
vn 0.99518425 -0.09802203 0.00000000
vn 0.00000000 0.00000000 1.00000000
vn 0.00000000 0.00000000 1.00000000
vn 0.00000000 0.00000000 1.00000000
vn 0.77300999 -0.63439385 0.00000000
vn 0.77300999 -0.63439385 0.00000000
vn 0.77300999 -0.63439385 0.00000000
vn 0.88192121 -0.47139684 0.00000000
vn 0.88192121 -0.47139684 0.00000000
vn 0.88192121 -0.47139684 0.00000000
vn -0.99518439 0.09802061 0.00000189
vn -0.99518510 0.09801336 0.00000030
vn -0.99518523 0.09801199 0.00000000
vn 0.95693997 0.29028587 0.00000000
vn 0.95693997 0.29028587 0.00000000
vn 0.95693997 0.29028587 0.00000000
vn 0.99518421 0.09802235 0.00000000
vn 0.99518421 0.09802235 0.00000000
vn 0.99518421 0.09802235 0.00000000
vn 0.77300904 0.63439501 0.00000000
vn 0.77300904 0.63439501 0.00000000
vn 0.77300904 0.63439501 0.00000000
vn -0.09801725 0.99518472 0.00000000
vn -0.09801725 0.99518472 0.00000000
vn -0.09801725 0.99518472 0.00000000
vn -0.09801671 -0.99518477 0.00000000
vn -0.09801671 -0.99518477 0.00000000
vn -0.09801671 -0.99518477 0.00000000
vn -0.88192102 0.47139719 0.00000000
vn -0.88192102 0.47139719 0.00000000
vn -0.88192102 0.47139719 0.00000000
vn 0.09801760 -0.99518468 0.00000000
vn 0.09801760 -0.99518468 0.00000000
vn 0.09801760 -0.99518468 0.00000000
vn -0.29028470 0.95694033 0.00000000
vn -0.29028470 0.95694033 0.00000000
vn -0.29028470 0.95694033 0.00000000
vn 0.63439565 0.77300852 0.00000000
vn 0.63439565 0.77300852 0.00000000
vn 0.63439565 0.77300852 0.00000000
vn -0.47139643 -0.88192143 0.00000001
vn -0.47139667 -0.88192130 0.00000007
vn -0.47139671 -0.88192128 0.00000008
vn 0.47139261 0.88192347 0.00000000
vn 0.47139261 0.88192347 0.00000000
vn 0.47139261 0.88192347 0.00000000
vn 0.63439651 -0.77300781 0.00000000
vn 0.63439651 -0.77300781 0.00000000
vn 0.63439651 -0.77300781 0.00000000
vn -0.63439384 0.77301000 0.00000012
vn -0.63439348 0.77301030 0.00000002
vn -0.63439391 0.77300994 0.00000014
vn -0.95694207 0.29027898 0.00000029
vn -0.95694003 0.29028568 0.00000182
vn -0.95693965 0.29028694 0.00000211
vn 0.00000056 -0.00002131 -1.00000000
vn 0.00000303 0.00000178 -1.00000000
vn -0.00000442 -0.00001383 -1.00000000
vn 0.47139731 -0.88192096 0.00000000
vn 0.47139731 -0.88192096 0.00000000
vn 0.47139731 -0.88192096 0.00000000
vn -0.63439305 -0.77301065 0.00000000
vn -0.63439305 -0.77301065 0.00000000
vn -0.63439305 -0.77301065 0.00000000
vn -0.88192074 -0.47139772 0.00000000
vn -0.88192074 -0.47139772 0.00000000
vn -0.88192074 -0.47139772 0.00000000
vn 0.88192060 0.47139798 0.00000000
vn 0.88192060 0.47139798 0.00000000
vn 0.88192060 0.47139798 0.00000000
vn 0.09801563 0.99518488 0.00000000
vn 0.09801563 0.99518488 0.00000000
vn 0.09801563 0.99518488 0.00000000
vn -0.99518421 -0.09802234 0.00000000
vn -0.99518421 -0.09802234 0.00000000
vn -0.99518421 -0.09802234 0.00000000
vn 0.95694203 -0.29027908 0.00000000
vn 0.95694203 -0.29027908 0.00000000
vn 0.95694203 -0.29027908 0.00000000
vn -0.29028282 -0.95694090 0.00000008
vn -0.29028254 -0.95694098 0.00000001
vn -0.29028249 -0.95694100 0.00000000
vn -0.47139576 0.88192178 0.00000002
vn -0.47139624 0.88192153 0.00000014
vn -0.47139567 0.88192183 0.00000000
vn 0.29028436 0.95694043 0.00000000
vn 0.29028436 0.95694043 0.00000000
vn 0.29028436 0.95694043 0.00000000
vn 0.29028547 -0.95694010 0.00000000
vn 0.29028547 -0.95694010 0.00000000
vn 0.29028547 -0.95694010 0.00000000
vn -0.95694248 -0.29027759 0.00000000
vn -0.95694248 -0.29027759 0.00000000
vn -0.95694248 -0.29027759 0.00000000
vn -0.77300900 0.63439506 0.00000000
vn -0.77300900 0.63439506 0.00000000
vn -0.77300900 0.63439506 0.00000000
vn -0.77300881 -0.63439529 0.00000000
vn -0.77300881 -0.63439529 0.00000000
vn -0.77300881 -0.63439529 0.00000000
vn 0.00000018 -0.00000095 1.00000000
vn 0.00000053 0.00000001 1.00000000
vn 0.00000018 -0.00000096 1.00000000
vn 0.00000000 0.00000000 1.00000000
vn 0.00000000 0.00000000 1.00000000
vn 0.00000008 -0.00000001 1.00000000
vn 0.00000000 0.00000000 1.00000000
vn 0.00000021 -0.00000070 1.00000000
vn 0.00000064 -0.00000011 1.00000000
vn 0.00000056 -0.00000010 1.00000000
vn 0.00000032 -0.00000070 1.00000000
vn 0.00000076 -0.00000026 1.00000000
vn 0.00000087 0.00000003 1.00000000
vn 0.00000099 0.00000008 1.00000000
vn 0.00000055 0.00000002 1.00000000
vn 0.00000036 0.00000093 1.00000000
vn 0.00000127 0.00000023 1.00000000
vn 0.00000190 0.00000007 1.00000000
vn 0.00000167 -0.00000027 1.00000000
vn 0.00000173 0.00000019 1.00000000
vn 0.00000152 -0.00000020 1.00000000
vn 0.00000332 0.00000048 1.00000000
vn 0.00000135 0.00000053 1.00000000
vn 0.00000026 -0.00000019 1.00000000
vn 0.00000105 0.00000002 1.00000000
vn 0.00000116 0.00000077 1.00000000
vn 0.00000100 0.00000103 1.00000000
vn 0.00000000 0.00000000 1.00000000
vn 0.00000128 -0.00000018 1.00000000
vn 0.00000083 0.00000134 1.00000000
vn 0.00000063 0.00000178 1.00000000
vn 0.00000154 0.00000027 1.00000000
vn 0.00000233 -0.00000038 1.00000000
vn 0.00000017 -0.00000135 1.00000000
vn 0.00000068 0.00000013 1.00000000
vn 0.00000072 -0.00000000 1.00000000
vn 0.00000069 0.00000018 1.00000000
vn 0.00000072 -0.00000015 1.00000000
vn 0.00000064 0.00000026 1.00000000
vn 0.00000171 0.00000039 1.00000000
vn 0.00000048 0.00000047 1.00000000
vn 0.00000065 0.00000029 1.00000000
vn 0.00000060 0.00000038 1.00000000
vn 0.00000284 0.00000069 1.00000000
vn 0.00000108 0.00000006 1.00000000
vn 0.00000087 -0.00000014 1.00000000
vn 0.00000017 0.00000091 1.00000000
vn 0.00000073 -0.00000028 1.00000000
vn 0.00000033 -0.00000094 1.00000000
vn 0.00000062 -0.00000041 1.00000000
vn 0.00000000 0.00000000 -1.00000000
vn 0.00000065 -0.00000214 -1.00000000
vn 0.00000025 -0.00000002 -1.00000000
vn 0.00000220 0.00000267 -1.00000000
vn 0.00000063 0.00000322 -1.00000000
vn 0.00000000 0.00000000 -1.00000000
vn 0.00000000 0.00000000 -1.00000000
vn 0.00000380 0.00000284 -1.00000000
vn -0.00001113 -0.00002343 -1.00000000
vn 0.00000565 0.00002069 -1.00000000
vn 0.00000431 0.00000209 -1.00000000
vn -0.00000324 0.00000516 -1.00000000
vn 0.00002394 0.00000702 -1.00000000
vn 0.00000033 -0.00000160 -1.00000000
vn -0.00000521 0.00000484 -1.00000000
vn -0.00000076 0.00000010 -1.00000000
vn 0.00001240 0.00004445 -1.00000000
vn -0.00000087 -0.00000010 -1.00000000
vn 0.00000595 -0.00000082 -1.00000000
vn -0.00000700 -0.00000131 -1.00000000
vn -0.00000095 -0.00000004 -1.00000000
vn -0.00000067 -0.00000026 -1.00000000
vn 0.00000266 -0.00001158 -1.00000000
vn -0.00002623 -0.00000906 -1.00000000
vn -0.00000180 -0.00001332 -1.00000000
vn -0.00000058 -0.00000039 -1.00000000
vn -0.00000050 -0.00000052 -1.00000000
vn -0.00000623 -0.00001636 -1.00000000
vn -0.00000985 -0.00001315 -1.00000000
vn -0.00001247 -0.00001388 -1.00000000
vn -0.00000041 -0.00000067 -1.00000000
vn -0.00000032 -0.00000089 -1.00000000
vn -0.00001588 -0.00001238 -1.00000000
vn -0.00001187 -0.00000957 -1.00000000
vn -0.00000018 -0.00000047 -1.00000000
vn -0.00000067 0.00000052 -1.00000000
vn -0.00001508 -0.00000305 -1.00000000
vn -0.00001017 -0.00000761 -1.00000000
vn -0.00000768 0.00000162 -1.00000000
vn -0.00000841 0.00000107 -1.00000000
vn -0.00000883 -0.00000161 -1.00000000
vn -0.00001215 -0.00000235 -1.00000000
vn -0.00000928 0.00000149 -1.00000000
vn -0.00000883 -0.00000024 -1.00000000
vn -0.00000782 -0.00000570 -1.00000000
vn 0.00000562 0.00000598 -1.00000000
vn -0.00000155 0.00000060 -1.00000000
vn -0.00000132 0.00000088 -1.00000000
vn -0.00000037 0.00000287 -1.00000000
vn -0.00000113 0.00000117 -1.00000000
vn -0.18531171 0.98267979 0.00000000
vn -0.19622701 0.98055849 0.00000000
vn 0.00000015 -1.00000000 0.00000000
vn -1.00000000 -0.00000077 0.00000000
vn 0.96592591 -0.25881875 0.00000000
vn 0.70710689 -0.70710667 0.00000000
vn 0.25881966 -0.96592566 0.00000000
vn 0.01789014 -0.99983996 0.00000000
vn -0.95078405 0.30985429 0.00000000
vn -0.68016840 0.73305590 0.00000000
vn -0.28062036 0.95981885 0.00000000
vn -0.16161868 0.98685328 0.00000000
vn -0.25882207 0.96592502 0.00000000
vn -0.70710714 0.70710643 0.00000000
vn -0.96592653 0.25881640 0.00000000
vn -0.00000105 1.00000000 0.00000000
vn -1.00000000 -0.00000015 0.00000000
vn -0.31059288 -0.95054304 0.00000000
vn -0.70710661 -0.70710695 0.00000000
vn -0.95526879 -0.29573896 0.00000000
vn -0.96592551 -0.25882024 0.00000000
vn -0.70710667 -0.70710689 0.00000000
vn -0.25881564 -0.96592674 0.00000000
vn 0.00000015 -1.00000000 0.00000000
vn -1.00000000 -0.00000015 0.00000000
vn -0.96592517 0.25882148 0.00000000
vn -0.70710851 0.70710506 0.00000000
vn -0.25881914 0.96592580 0.00000000
vn -0.99994928 -0.01007157 0.00000000
vn -0.17540255 0.98449680 0.00000000
vn 0.25778635 -0.96620195 0.00000000
vn 0.70158277 -0.71258797 0.00000000
vn 0.96207295 -0.27279231 0.00000000
vn 0.00000109 -1.00000000 0.00000000
vn 0.99987891 -0.01556193 0.00000000
vn 0.50370522 0.86387560 0.00000000
vn 0.63352819 0.77371961 0.00000000
vn 0.90909574 0.41658726 0.00000000
vn 1.00000000 0.00000088 0.00000000
vn 0.55223214 0.83369039 0.00000000
vn 0.89738793 -0.44124245 0.00000000
vn 0.61485050 -0.78864369 0.00000000
vn 0.51368123 -0.85798112 0.00000000
vn 1.00000000 0.00000015 0.00000000
vn 0.50548961 -0.86283269 0.00000000
vn 0.64011343 -0.76828042 0.00000000
vn 0.91402803 -0.40565104 0.00000000
vn 0.99998869 -0.00475638 0.00000000
vn 0.46022835 -0.88780058 0.00000000
vn 0.87476787 0.48454224 0.00000000
vn 0.50508012 0.86307246 0.00000000
vn -0.99518313 0.09803332 0.00000000
vn -0.77300121 0.63440455 0.00000000
vn -0.88193066 0.47137915 0.00000000
vn 0.99518491 -0.09801528 0.00000000
vn -0.95695111 -0.29024916 0.00000000
vn -0.99518328 -0.09803184 0.00000000
vn -0.77300995 -0.63439390 0.00000000
vn 0.09802866 -0.99518359 0.00000000
vn 0.09801483 0.99518495 0.00000000
vn 0.00000000 0.00000000 1.00000000
vn 0.00000000 0.00000000 1.00000000
vn 0.00000000 0.00000000 1.00000000
vn 0.00000000 0.00000000 1.00000000
vn 0.00000000 0.00000000 1.00000000
vn 0.00000000 0.00000000 1.00000000
vn 0.00000000 0.00000000 1.00000000
vn 0.00000000 0.00000000 1.00000000
vn 0.00000000 0.00000000 1.00000000
vn 0.00000000 0.00000000 1.00000000
vn 0.00000000 0.00000000 1.00000000
vn 0.00000000 0.00000000 1.00000000
vn 0.00000000 0.00000000 1.00000000
vn 0.00000000 0.00000000 1.00000000
vn 0.00000000 0.00000000 1.00000000
vn 0.00000000 0.00000000 1.00000000
vn 0.00000000 0.00000000 1.00000000
vn 0.00000000 0.00000000 1.00000000
vn 0.00000000 0.00000000 1.00000000
vn 0.00000000 0.00000000 1.00000000
vn 0.00000000 0.00000000 1.00000000
vn 0.88192208 -0.47139521 0.00000000
vn -0.09801602 0.99518484 0.00000000
vn 0.29027418 -0.95694352 0.00000000
vn -0.63438055 -0.77302091 0.00000000
vn 0.47139521 0.88192208 0.00000000
vn -0.47139521 -0.88192208 0.00000000
vn -0.63439166 0.77301178 0.00000000
vn 0.63438273 -0.77301911 -0.00000093
vn 0.95693602 -0.29029891 0.00000000
vn 0.00000000 0.00000000 -1.00000000
vn 0.00000028 -0.00000012 -1.00000000
vn 0.00000000 0.00000000 -1.00000000
vn 0.00000000 0.00000000 -1.00000000
vn 0.00000000 0.00000000 -1.00000000
vn 0.00000000 0.00000000 -1.00000000
vn 0.00000000 0.00000000 -1.00000000
vn 0.00000000 0.00000000 -1.00000000
vn 0.00000000 0.00000000 -1.00000000
vn 0.00000000 0.00000000 -1.00000000
vn 0.00000835 0.00001344 -1.00000000
vn 0.00000000 0.00000000 -1.00000000
vn 0.00000000 0.00000000 -1.00000000
vn 0.00000000 0.00000000 -1.00000000
vn 0.00000000 0.00000000 -1.00000000
vn 0.00000000 0.00000000 -1.00000000
vn 0.00000000 0.00000000 -1.00000000
vn 0.00000000 0.00000000 -1.00000000
vn 0.00000000 0.00000000 -1.00000000
vn 0.00000000 0.00000000 -1.00000000
vn 0.00000000 0.00000000 -1.00000000
vn -0.47140305 0.88191789 0.00000000
vn 0.63439143 0.77301197 0.00000000
vn 0.88191890 0.47140116 0.00000000
vn -0.09803103 -0.99518336 0.00000000
vn -0.88191789 -0.47140305 -0.00000069
vn 0.99518488 0.09801558 0.00000000
vn -0.95694460 0.29027061 0.00000000
vn 0.29028640 0.95693981 0.00000000
vn 0.47139548 -0.88192194 0.00000000
vn -0.29029057 -0.95693855 0.00000000
vn -0.29028669 0.95693973 0.00000000
vn 0.95694099 0.29028252 0.00000000
vn 0.77302801 -0.63437190 0.00000000
vn 0.77301888 0.63438301 0.00000000
vn -0.99518535 0.09801077 0.00000000
vn -0.77301524 0.63438745 0.00000000
vn -0.88191904 0.47140089 0.00000000
vn 0.99518535 -0.09801077 0.00000000
vn -0.95694325 -0.29027507 0.00000000
vn -0.99518372 -0.09802733 0.00000000
vn -0.77300772 -0.63439662 0.00000000
vn 0.09800929 -0.99518550 0.00000000
vn 0.09803154 0.99518331 0.00000000
vn 0.00000074 0.00000010 1.00000000
vn 0.00000067 -0.00000015 1.00000000
vn 0.00000040 -0.00000046 1.00000000
vn 0.00000064 -0.00000010 1.00000000
vn 0.00000078 -0.00000013 1.00000000
vn 0.00000000 0.00000000 1.00000000
vn 0.00000000 0.00000000 1.00000000
vn 0.00000000 0.00000000 1.00000000
vn 0.00000000 0.00000000 1.00000000
vn 0.00000000 0.00000000 1.00000000
vn 0.00000000 0.00000000 1.00000000
vn 0.00000035 -0.00000095 1.00000000
vn 0.00000000 0.00000000 1.00000000
vn 0.00000000 0.00000000 1.00000000
vn 0.00000000 0.00000000 1.00000000
vn 0.00000068 -0.00000027 1.00000000
vn 0.00000061 -0.00000041 1.00000000
vn 0.00000054 -0.00000057 1.00000000
vn 0.00000020 -0.00000054 1.00000000
vn 0.00000000 0.00000000 1.00000000
vn 0.00000000 0.00000000 1.00000000
vn 0.88192560 -0.47138862 0.00000000
vn -0.09803362 0.99518310 0.00000000
vn 0.29029592 -0.95693693 0.00000000
vn -0.63439590 -0.77300831 0.00000113
vn 0.47139427 0.88192259 0.00000000
vn -0.47140089 -0.88191904 0.00000000
vn -0.63439418 0.77300972 0.00000000
vn 0.63438301 -0.77301888 0.00000000
vn 0.95693918 -0.29028848 0.00000000
vn -0.00004640 0.00003680 -1.00000000
vn -0.00002882 -0.00002486 -1.00000000
vn -0.00003390 -0.00001301 -1.00000000
vn -0.00003904 0.00000071 -1.00000000
vn -0.00003720 -0.00000747 -1.00000000
vn -0.00001210 -0.00002600 -1.00000000
vn -0.00000694 -0.00001597 -1.00000000
vn -0.00002258 -0.00000626 -1.00000000
vn -0.00000071 -0.00000013 -1.00000000
vn -0.00000041 -0.00000030 -1.00000000
vn 0.00001472 0.00000748 -1.00000000
vn 0.00000604 0.00000797 -1.00000000
vn -0.00000073 0.00000012 -1.00000000
vn -0.00000063 0.00000026 -1.00000000
vn -0.00001918 0.00000160 -1.00000000
vn -0.00000056 0.00000038 -1.00000000
vn -0.00000050 0.00000053 -1.00000000
vn -0.00000089 -0.00000441 -1.00000000
vn -0.00000037 0.00000042 -1.00000000
vn -0.00000444 0.00000163 -1.00000000
vn -0.00000019 0.00000050 -1.00000000
vn -0.47139359 0.88192295 0.00000000
vn 0.63438278 0.77301907 0.00000000
vn 0.88192295 0.47139359 0.00000000
vn -0.09801077 -0.99518535 0.00000000
vn -0.88191789 -0.47140305 0.00000000
vn 0.99518550 0.09800929 0.00000000
vn -0.95693981 0.29028640 0.00000000
vn 0.29029146 0.95693828 0.00000000
vn 0.47139453 -0.88192244 0.00000000
vn -0.29029057 -0.95693855 -0.00000043
vn -0.29028669 0.95693973 0.00000000
vn 0.95693756 0.29029383 0.00000000
vn 0.77301747 -0.63438473 0.00000000
vn 0.77301888 0.63438301 0.00000000
vn -0.99518535 0.09801077 0.00000000
vn -0.77301684 0.63438550 -0.00000093
vn -0.88192714 0.47138575 0.00000129
vn 0.99518535 -0.09801077 0.00000000
vn -0.95693973 -0.29028669 0.00000000
vn -0.99518532 -0.09801107 0.00000000
vn -0.77300772 -0.63439662 0.00000093
vn 0.09803362 -0.99518310 0.00000000
vn 0.09801528 0.99518491 0.00000000
vn 0.00000130 -0.00000078 1.00000000
vn 0.00000133 -0.00000082 1.00000000
vn 0.00000168 -0.00000030 1.00000000
vn 0.00000078 -0.00000130 1.00000000
vn 0.00000082 -0.00000134 1.00000000
vn 0.00000052 -0.00000019 1.00000000
vn 0.00000058 -0.00000063 1.00000000
vn 0.00000037 -0.00000106 1.00000000
vn 0.00000153 -0.00000063 1.00000000
vn 0.00000000 0.00000000 1.00000000
vn 0.00000000 0.00000000 1.00000000
vn 0.00000105 -0.00000105 1.00000000
vn 0.00000000 0.00000000 1.00000000
vn 0.00000000 0.00000000 1.00000000
vn 0.00000064 -0.00000153 1.00000000
vn 0.00000000 0.00000000 1.00000000
vn 0.88191803 -0.47140278 0.00000000
vn -0.09801558 0.99518488 0.00000000
vn 0.29027001 -0.95694479 0.00000000
vn -0.63439590 -0.77300831 0.00000000
vn 0.47139427 0.88192259 0.00000000
vn -0.47140089 -0.88191904 0.00000000
vn -0.63439613 0.77300812 0.00000000
vn 0.63438497 -0.77301728 0.00000009
vn 0.95693918 -0.29028848 0.00000000
vn -0.00000131 -0.00000041 -1.00000000
vn 0.00000037 0.00000179 -1.00000000
vn -0.00003813 -0.00002521 -1.00000000
vn -0.00000044 0.00000021 -1.00000000
vn -0.00002775 0.00001108 -1.00000000
vn -0.00000939 0.00001906 -1.00000000
vn -0.00000084 0.00000015 -1.00000000
vn -0.00000076 0.00000032 -1.00000000
vn -0.00001917 0.00000393 -1.00000000
vn 0.00000155 -0.00000262 -1.00000000
vn 0.00000423 -0.00000426 -1.00000000
vn -0.00000392 0.00000278 -1.00000000
vn -0.00000360 0.00000199 -1.00000000
vn 0.00000000 0.00000000 -1.00000000
vn -0.00000049 -0.00000131 -1.00000000
vn 0.00000000 0.00000000 -1.00000000
vn -0.47139359 0.88192295 0.00000000
vn 0.63440371 0.77300190 0.00000000
vn 0.88192295 0.47139359 0.00000000
vn -0.09801528 -0.99518491 0.00000000
vn -0.88191789 -0.47140305 0.00000069
vn 0.99518554 0.09800885 0.00000000
vn -0.95693828 0.29029146 0.00000000
vn 0.29026972 0.95694487 0.00000000
vn 0.47140210 -0.88191840 0.00000000
vn -0.29028640 -0.95693981 0.00000000
vn -0.29027001 0.95694479 0.00000000
vn 0.95693717 0.29029510 0.00000000
vn 0.77301907 -0.63438278 0.00000093
vn 0.77300883 0.63439526 0.00000000
vn 0.99518425 -0.09802203 0.00000000
vn 0.00000064 -0.00000021 1.00000000
vn 0.00000068 -0.00000028 1.00000000
vn 0.00000070 -0.00000014 1.00000000
vn 0.00000066 0.00000013 1.00000000
vn 0.00000126 0.00000009 1.00000000
vn 0.00000202 -0.00000008 1.00000000
vn 0.00000050 0.00000008 1.00000000
vn 0.00000000 0.00000000 1.00000000
vn 0.00000059 -0.00000039 1.00000000
vn 0.00000071 0.00000004 1.00000000
vn 0.00000027 0.00000020 1.00000000
vn 0.00000048 0.00000029 1.00000000
vn 0.00000050 0.00000010 1.00000000
vn 0.00000048 0.00000021 1.00000000
vn 0.00000050 -0.00000051 1.00000000
vn 0.00000181 0.00000002 1.00000000
vn 0.00000046 0.00000033 1.00000000
vn 0.00000045 0.00000050 1.00000000
vn 0.00000222 -0.00000023 1.00000000
vn 0.00000044 0.00000076 1.00000000
vn 0.00000475 -0.00000323 1.00000000
vn 0.00000017 -0.00000101 1.00000000
vn 0.00000144 0.00000008 1.00000000
vn 0.00000051 0.00000007 1.00000000
vn 0.00000276 -0.00000164 1.00000000
vn 0.00000051 -0.00000005 1.00000000
vn 0.00000346 -0.00000040 1.00000000
vn 0.00000025 -0.00000204 1.00000000
vn 0.00000051 0.00000062 1.00000000
vn 0.00000126 -0.00000019 1.00000000
vn 0.00000060 -0.00000130 1.00000000
vn 0.00000116 -0.00000201 1.00000000
vn 0.00000110 0.00000014 1.00000000
vn 0.00000069 0.00000009 1.00000000
vn 0.00000120 -0.00000132 1.00000000
vn 0.00000020 0.00000048 1.00000000
vn 0.00000006 0.00000111 1.00000000
vn 0.00000000 0.00000000 1.00000000
vn 0.00000000 0.00000000 1.00000000
vn 0.00000000 0.00000000 1.00000000
vn 0.00000079 -0.00000062 1.00000000
vn 0.00000132 -0.00000056 1.00000000
vn 0.00000125 -0.00000089 1.00000000
vn 0.00000000 0.00000000 1.00000000
vn 0.00000000 0.00000000 1.00000000
vn 0.00000000 0.00000000 1.00000000
vn 0.00000000 0.00000000 1.00000000
vn 0.00000000 0.00000000 1.00000000
vn 0.00000000 0.00000000 1.00000000
vn 0.00000000 0.00000000 1.00000000
vn 0.00000000 0.00000000 1.00000000
vn 0.00000000 0.00000000 1.00000000
vn 0.00000000 0.00000000 1.00000000
vn 0.00000000 0.00000000 1.00000000
vn 0.00000000 0.00000000 1.00000000
vn 0.00000000 0.00000000 1.00000000
vn 0.00000000 0.00000000 1.00000000
vn 0.77300999 -0.63439385 0.00000000
vn 0.88192121 -0.47139684 0.00000000
vn -0.99518425 0.09802197 0.00000219
vn 0.95693997 0.29028587 0.00000000
vn 0.99518421 0.09802235 0.00000000
vn 0.77300904 0.63439501 0.00000000
vn -0.09801725 0.99518472 0.00000000
vn -0.09801671 -0.99518477 0.00000000
vn -0.88192102 0.47139719 0.00000000
vn 0.09801760 -0.99518468 0.00000000
vn -0.29028470 0.95694033 0.00000000
vn 0.63439565 0.77300852 0.00000000
vn -0.47139639 -0.88192145 0.00000000
vn 0.47139261 0.88192347 0.00000000
vn 0.63439651 -0.77300781 0.00000000
vn -0.63439341 0.77301035 0.00000000
vn -0.95694245 0.29027771 0.00000000
vn 0.00000000 0.00000000 -1.00000000
vn 0.00000313 -0.00001096 -1.00000000
vn 0.00000061 0.00000148 -1.00000000
vn 0.00000000 0.00000000 -1.00000000
vn 0.00000000 0.00000000 -1.00000000
vn 0.00000043 0.00000234 -1.00000000
vn 0.00000018 0.00000340 -1.00000000
vn -0.00000228 0.00000596 -1.00000000
vn 0.00000000 0.00000000 -1.00000000
vn 0.00000000 0.00000000 -1.00000000
vn -0.00000106 -0.00000084 -1.00000000
vn -0.00000256 0.00000521 -1.00000000
vn 0.00000000 0.00000000 -1.00000000
vn 0.00000000 0.00000000 -1.00000000
vn -0.00000347 0.00000568 -1.00000000
vn -0.00000537 0.00000765 -1.00000000
vn 0.00001137 0.00001736 -1.00000000
vn 0.00002098 0.00003271 -1.00000000
vn 0.00000476 0.00000186 -1.00000000
vn 0.00000403 -0.00000439 -1.00000000
vn 0.00001187 -0.00002534 -1.00000000
vn 0.00002305 0.00003971 -1.00000000
vn 0.00002391 -0.00004029 -1.00000000
vn 0.00002324 0.00003224 -1.00000000
vn 0.00002281 0.00003796 -1.00000000
vn 0.00002452 0.00003034 -1.00000000
vn 0.00001764 0.00002159 -1.00000000
vn -0.00000750 0.00000149 -1.00000000
vn -0.00000563 0.00000426 -1.00000000
vn -0.00000721 0.00000301 -1.00000000
vn -0.00000426 0.00000472 -1.00000000
vn -0.00000474 0.00000372 -1.00000000
vn -0.00000406 0.00000492 -1.00000000
vn -0.00000510 0.00000451 -1.00000000
vn -0.00000522 0.00000522 -1.00000000
vn -0.00000419 0.00000450 -1.00000000
vn 0.00001953 -0.00004202 -1.00000000
vn -0.00000493 0.00000476 -1.00000000
vn -0.00000383 0.00000608 -1.00000000
vn 0.00000001 -0.00000380 -1.00000000
vn 0.00002301 0.00000451 -1.00000000
vn -0.00000241 0.00000523 -1.00000000
vn 0.00002198 0.00000949 -1.00000000
vn -0.00000452 0.00000469 -1.00000000
vn 0.00002120 0.00001518 -1.00000000
vn -0.00000457 0.00000462 -1.00000000
vn 0.00002061 0.00002275 -1.00000000
vn 0.00002022 0.00003499 -1.00000000
vn 0.00000000 0.00000000 -1.00000000
vn 0.00000000 0.00000000 -1.00000000
vn -0.00000664 0.00000543 -1.00000000
vn -0.00000314 0.00000481 -1.00000000
vn -0.00000276 0.00000494 -1.00000000
vn -0.00001312 0.00000210 -1.00000000
vn -0.00000408 -0.00001753 -1.00000000
vn -0.00000044 -0.00003398 -1.00000000
vn 0.00000591 0.00001599 -1.00000000
vn 0.47139731 -0.88192096 0.00000000
vn -0.63439305 -0.77301065 0.00000000
vn -0.88192074 -0.47139772 0.00000000
vn 0.88192060 0.47139798 0.00000000
vn 0.09801563 0.99518488 0.00000000
vn -0.99518421 -0.09802234 0.00000000
vn 0.95694203 -0.29027908 0.00000000
vn -0.29028287 -0.95694088 0.00000009
vn -0.47139633 0.88192148 0.00000016
vn 0.29028436 0.95694043 0.00000000
vn 0.29028547 -0.95694010 0.00000000
vn -0.95694248 -0.29027759 0.00000000
vn -0.77300900 0.63439506 0.00000000
vn -0.77300881 -0.63439529 0.00000000
vt 0.00000000 0.00000000
vt 0.00000000 0.00000000
vt 0.00000000 0.00000000
vt 0.00000000 0.00000000
vt 0.00000000 0.00000000
vt 0.00000000 0.00000000
vt 0.00000000 0.00000000
vt 0.00000000 0.00000000
vt 0.00000000 0.00000000
vt 0.00000000 0.00000000
vt 0.00000000 0.00000000
vt 0.00000000 0.00000000
vt 0.00000000 0.00000000
vt 0.00000000 0.00000000
vt 0.00000000 0.00000000
vt 0.00000000 0.00000000
vt 0.00000000 0.00000000
vt 0.00000000 0.00000000
vt 0.00000000 0.00000000
vt 0.00000000 0.00000000
vt 0.00000000 0.00000000
vt 0.00000000 0.00000000
vt 0.00000000 0.00000000
vt 0.00000000 0.00000000
vt 0.00000000 0.00000000
vt 0.00000000 0.00000000
vt 0.00000000 0.00000000
vt 0.00000000 0.00000000
vt 0.00000000 0.00000000
vt 0.00000000 0.00000000
vt 0.00000000 0.00000000
vt 0.00000000 0.00000000
vt 0.00000000 0.00000000
vt 0.00000000 0.00000000
vt 0.00000000 0.00000000
vt 0.00000000 0.00000000
vt 0.00000000 0.00000000
vt 0.00000000 0.00000000
vt 0.00000000 0.00000000
vt 0.00000000 0.00000000
vt 0.00000000 0.00000000
vt 0.00000000 0.00000000
vt 0.00000000 0.00000000
vt 0.00000000 0.00000000
vt 0.00000000 0.00000000
vt 0.00000000 0.00000000
vt 0.00000000 0.00000000
vt 0.00000000 0.00000000
vt 0.00000000 0.00000000
vt 0.00000000 0.00000000
vt 0.00000000 0.00000000
vt 0.00000000 0.00000000
vt 0.00000000 0.00000000
vt 0.00000000 0.00000000
vt 0.00000000 0.00000000
vt 0.00000000 0.00000000
vt 0.00000000 0.00000000
vt 0.00000000 0.00000000
vt 0.00000000 0.00000000
vt 0.00000000 0.00000000
vt 0.00000000 0.00000000
vt 0.00000000 0.00000000
vt 0.00000000 0.00000000
vt 0.00000000 0.00000000
vt 0.00000000 0.00000000
vt 0.00000000 0.00000000
vt 0.00000000 0.00000000
vt 0.00000000 0.00000000
vt 0.00000000 0.00000000
vt 0.00000000 0.00000000
vt 0.00000000 0.00000000
vt 0.00000000 0.00000000
vt 0.00000000 0.00000000
vt 0.00000000 0.00000000
vt 0.00000000 0.00000000
vt 0.00000000 0.00000000
vt 0.00000000 0.00000000
vt 0.00000000 0.00000000
vt 0.00000000 0.00000000
vt 0.00000000 0.00000000
vt 0.00000000 0.00000000
vt 0.00000000 0.00000000
vt 0.00000000 0.00000000
vt 0.00000000 0.00000000
vt 0.00000000 0.00000000
vt 0.00000000 0.00000000
vt 0.00000000 0.00000000
vt 0.00000000 0.00000000
vt 0.00000000 0.00000000
vt 0.00000000 0.00000000
vt 0.00000000 0.00000000
vt 0.00000000 0.00000000
vt 0.00000000 0.00000000
vt 0.00000000 0.00000000
vt 0.00000000 0.00000000
vt 0.00000000 0.00000000
vt 0.00000000 0.00000000
vt 0.00000000 0.00000000
vt 0.00000000 0.00000000
vt 0.00000000 0.00000000
vt 0.00000000 0.00000000
vt 0.00000000 0.00000000
vt 0.00000000 0.00000000
vt 0.00000000 0.00000000
vt 0.00000000 0.00000000
vt 0.00000000 0.00000000
vt 0.00000000 0.00000000
vt 0.00000000 0.00000000
vt 0.00000000 0.00000000
vt 0.00000000 0.00000000
vt 0.00000000 0.00000000
vt 0.00000000 0.00000000
vt 0.00000000 0.00000000
vt 0.00000000 0.00000000
vt 0.00000000 0.00000000
vt 0.00000000 0.00000000
vt 0.00000000 0.00000000
vt 0.00000000 0.00000000
vt 0.00000000 0.00000000
vt 0.00000000 0.00000000
vt 0.00000000 0.00000000
vt 0.00000000 0.00000000
vt 0.00000000 0.00000000
vt 0.00000000 0.00000000
vt 0.00000000 0.00000000
vt 0.00000000 0.00000000
vt 0.00000000 0.00000000
vt 0.00000000 0.00000000
vt 0.00000000 0.00000000
vt 0.00000000 0.00000000
vt 0.00000000 0.00000000
vt 0.00000000 0.00000000
vt 0.00000000 0.00000000
vt 0.00000000 0.00000000
vt 0.00000000 0.00000000
vt 0.00000000 0.00000000
vt 0.00000000 0.00000000
vt 0.00000000 0.00000000
vt 0.00000000 0.00000000
vt 0.00000000 0.00000000
vt 0.00000000 0.00000000
vt 0.00000000 0.00000000
vt 0.00000000 0.00000000
vt 0.00000000 0.00000000
vt 0.00000000 0.00000000
vt 0.00000000 0.00000000
vt 0.00000000 0.00000000
vt 0.00000000 0.00000000
vt 0.00000000 0.00000000
vt 0.00000000 0.00000000
vt 0.00000000 0.00000000
vt 0.00000000 0.00000000
vt 0.00000000 0.00000000
vt 0.00000000 0.00000000
vt 0.00000000 0.00000000
vt 0.00000000 0.00000000
vt 0.00000000 0.00000000
vt 0.00000000 0.00000000
vt 0.00000000 0.00000000
vt 0.00000000 0.00000000
vt 0.00000000 0.00000000
vt 0.00000000 0.00000000
vt 0.00000000 0.00000000
vt 0.00000000 0.00000000
vt 0.00000000 0.00000000
vt 0.00000000 0.00000000
vt 0.00000000 0.00000000
vt 0.00000000 0.00000000
vt 0.00000000 0.00000000
vt 0.00000000 0.00000000
vt 0.00000000 0.00000000
vt 0.00000000 0.00000000
vt 0.00000000 0.00000000
vt 0.00000000 0.00000000
vt 0.00000000 0.00000000
vt 0.00000000 0.00000000
vt 0.00000000 0.00000000
vt 0.00000000 0.00000000
vt 0.00000000 0.00000000
vt 0.00000000 0.00000000
vt 0.00000000 0.00000000
vt 0.00000000 0.00000000
vt 0.00000000 0.00000000
vt 0.00000000 0.00000000
vt 0.00000000 0.00000000
vt 0.00000000 0.00000000
vt 0.00000000 0.00000000
vt 0.00000000 0.00000000
vt 0.00000000 0.00000000
vt 0.00000000 0.00000000
vt 0.00000000 0.00000000
vt 0.00000000 0.00000000
vt 0.00000000 0.00000000
vt 0.00000000 0.00000000
vt 0.00000000 0.00000000
vt 0.00000000 0.00000000
vt 0.00000000 0.00000000
vt 0.00000000 0.00000000
vt 0.00000000 0.00000000
vt 0.00000000 0.00000000
vt 0.00000000 0.00000000
vt 0.00000000 0.00000000
vt 0.00000000 0.00000000
vt 0.00000000 0.00000000
vt 0.00000000 0.00000000
vt 0.00000000 0.00000000
vt 0.00000000 0.00000000
vt 0.00000000 0.00000000
vt 0.00000000 0.00000000
vt 0.00000000 0.00000000
vt 0.00000000 0.00000000
vt 0.00000000 0.00000000
vt 0.00000000 0.00000000
vt 0.00000000 0.00000000
vt 0.00000000 0.00000000
vt 0.00000000 0.00000000
vt 0.00000000 0.00000000
vt 0.00000000 0.00000000
vt 0.00000000 0.00000000
vt 0.00000000 0.00000000
vt 0.00000000 0.00000000
vt 0.00000000 0.00000000
vt 0.00000000 0.00000000
vt 0.00000000 0.00000000
vt 0.00000000 0.00000000
vt 0.00000000 0.00000000
vt 0.00000000 0.00000000
vt 0.00000000 0.00000000
vt 0.00000000 0.00000000
vt 0.00000000 0.00000000
vt 0.00000000 0.00000000
vt 0.00000000 0.00000000
vt 0.00000000 0.00000000
vt 0.00000000 0.00000000
vt 0.00000000 0.00000000
vt 0.00000000 0.00000000
vt 0.00000000 0.00000000
vt 0.00000000 0.00000000
vt 0.00000000 0.00000000
vt 0.00000000 0.00000000
vt 0.00000000 0.00000000
vt 0.00000000 0.00000000
vt 0.00000000 0.00000000
vt 0.00000000 0.00000000
vt 0.00000000 0.00000000
vt 0.00000000 0.00000000
vt 0.00000000 0.00000000
vt 0.00000000 0.00000000
vt 0.00000000 0.00000000
vt 0.00000000 0.00000000
vt 0.00000000 0.00000000
vt 0.00000000 0.00000000
vt 0.00000000 0.00000000
vt 0.00000000 0.00000000
vt 0.00000000 0.00000000
vt 0.00000000 0.00000000
vt 0.00000000 0.00000000
vt 0.00000000 0.00000000
vt 0.00000000 0.00000000
vt 0.00000000 0.00000000
vt 0.00000000 0.00000000
vt 0.00000000 0.00000000
vt 0.00000000 0.00000000
vt 0.00000000 0.00000000
vt 0.00000000 0.00000000
vt 0.00000000 0.00000000
vt 0.00000000 0.00000000
vt 0.00000000 0.00000000
vt 0.00000000 0.00000000
vt 0.00000000 0.00000000
vt 0.00000000 0.00000000
vt 0.00000000 0.00000000
vt 0.00000000 0.00000000
vt 0.00000000 0.00000000
vt 0.00000000 0.00000000
vt 0.00000000 0.00000000
vt 0.00000000 0.00000000
vt 0.00000000 0.00000000
vt 0.00000000 0.00000000
vt 0.00000000 0.00000000
vt 0.00000000 0.00000000
vt 0.00000000 0.00000000
vt 0.00000000 0.00000000
vt 0.00000000 0.00000000
vt 0.00000000 0.00000000
vt 0.00000000 0.00000000
vt 0.00000000 0.00000000
vt 0.00000000 0.00000000
vt 0.00000000 0.00000000
vt 0.00000000 0.00000000
vt 0.00000000 0.00000000
vt 0.00000000 0.00000000
vt 0.00000000 0.00000000
vt 0.00000000 0.00000000
vt 0.00000000 0.00000000
vt 0.00000000 0.00000000
vt 0.00000000 0.00000000
vt 0.00000000 0.00000000
vt 0.00000000 0.00000000
vt 0.00000000 0.00000000
vt 0.00000000 0.00000000
vt 0.00000000 0.00000000
vt 0.00000000 0.00000000
vt 0.00000000 0.00000000
vt 0.00000000 0.00000000
vt 0.00000000 0.00000000
vt 0.00000000 0.00000000
vt 0.00000000 0.00000000
vt 0.00000000 0.00000000
vt 0.00000000 0.00000000
vt 0.00000000 0.00000000
vt 0.00000000 0.00000000
vt 0.00000000 0.00000000
vt 0.00000000 0.00000000
vt 0.00000000 0.00000000
vt 0.00000000 0.00000000
vt 0.00000000 0.00000000
vt 0.00000000 0.00000000
vt 0.00000000 0.00000000
vt 0.00000000 0.00000000
vt 0.00000000 0.00000000
vt 0.00000000 0.00000000
vt 0.00000000 0.00000000
vt 0.00000000 0.00000000
vt 0.00000000 0.00000000
vt 0.00000000 0.00000000
vt 0.00000000 0.00000000
vt 0.00000000 0.00000000
vt 0.00000000 0.00000000
vt 0.00000000 0.00000000
vt 0.00000000 0.00000000
vt 0.00000000 0.00000000
vt 0.00000000 0.00000000
vt 0.00000000 0.00000000
vt 0.00000000 0.00000000
vt 0.00000000 0.00000000
vt 0.00000000 0.00000000
vt 0.00000000 0.00000000
vt 0.00000000 0.00000000
vt 0.00000000 0.00000000
vt 0.00000000 0.00000000
vt 0.00000000 0.00000000
vt 0.00000000 0.00000000
vt 0.00000000 0.00000000
vt 0.00000000 0.00000000
vt 0.00000000 0.00000000
vt 0.00000000 0.00000000
vt 0.00000000 0.00000000
vt 0.00000000 0.00000000
vt 0.00000000 0.00000000
vt 0.00000000 0.00000000
vt 0.00000000 0.00000000
vt 0.00000000 0.00000000
vt 0.00000000 0.00000000
vt 0.00000000 0.00000000
vt 0.00000000 0.00000000
vt 0.00000000 0.00000000
vt 0.00000000 0.00000000
vt 0.00000000 0.00000000
vt 0.00000000 0.00000000
vt 0.00000000 0.00000000
vt 0.00000000 0.00000000
vt 0.00000000 0.00000000
vt 0.00000000 0.00000000
vt 0.00000000 0.00000000
vt 0.00000000 0.00000000
vt 0.00000000 0.00000000
vt 0.00000000 0.00000000
vt 0.00000000 0.00000000
vt 0.00000000 0.00000000
vt 0.00000000 0.00000000
vt 0.00000000 0.00000000
vt 0.00000000 0.00000000
vt 0.00000000 0.00000000
vt 0.00000000 0.00000000
vt 0.00000000 0.00000000
vt 0.00000000 0.00000000
vt 0.00000000 0.00000000
vt 0.00000000 0.00000000
vt 0.00000000 0.00000000
vt 0.00000000 0.00000000
vt 0.00000000 0.00000000
vt 0.00000000 0.00000000
vt 0.00000000 0.00000000
vt 0.00000000 0.00000000
vt 0.00000000 0.00000000
vt 0.00000000 0.00000000
vt 0.00000000 0.00000000
vt 0.00000000 0.00000000
vt 0.00000000 0.00000000
vt 0.00000000 0.00000000
vt 0.00000000 0.00000000
vt 0.00000000 0.00000000
vt 0.00000000 0.00000000
vt 0.00000000 0.00000000
vt 0.00000000 0.00000000
vt 0.00000000 0.00000000
vt 0.00000000 0.00000000
vt 0.00000000 0.00000000
vt 0.00000000 0.00000000
vt 0.00000000 0.00000000
vt 0.00000000 0.00000000
vt 0.00000000 0.00000000
vt 0.00000000 0.00000000
vt 0.00000000 0.00000000
vt 0.00000000 0.00000000
vt 0.00000000 0.00000000
vt 0.00000000 0.00000000
vt 0.00000000 0.00000000
vt 0.00000000 0.00000000
vt 0.00000000 0.00000000
vt 0.00000000 0.00000000
vt 0.00000000 0.00000000
vt 0.00000000 0.00000000
vt 0.00000000 0.00000000
vt 0.00000000 0.00000000
vt 0.00000000 0.00000000
vt 0.00000000 0.00000000
vt 0.00000000 0.00000000
vt 0.00000000 0.00000000
vt 0.00000000 0.00000000
vt 0.00000000 0.00000000
vt 0.00000000 0.00000000
vt 0.00000000 0.00000000
vt 0.00000000 0.00000000
vt 0.00000000 0.00000000
vt 0.00000000 0.00000000
vt 0.00000000 0.00000000
vt 0.00000000 0.00000000
vt 0.00000000 0.00000000
vt 0.00000000 0.00000000
vt 0.00000000 0.00000000
vt 0.00000000 0.00000000
vt 0.00000000 0.00000000
vt 0.00000000 0.00000000
vt 0.00000000 0.00000000
vt 0.00000000 0.00000000
vt 0.00000000 0.00000000
vt 0.00000000 0.00000000
vt 0.00000000 0.00000000
vt 0.00000000 0.00000000
vt 0.00000000 0.00000000
vt 0.00000000 0.00000000
vt 0.00000000 0.00000000
vt 0.00000000 0.00000000
vt 0.00000000 0.00000000
vt 0.00000000 0.00000000
vt 0.00000000 0.00000000
vt 0.00000000 0.00000000
vt 0.00000000 0.00000000
vt 0.00000000 0.00000000
vt 0.00000000 0.00000000
vt 0.00000000 0.00000000
vt 0.00000000 0.00000000
vt 0.00000000 0.00000000
vt 0.00000000 0.00000000
vt 0.00000000 0.00000000
vt 0.00000000 0.00000000
vt 0.00000000 0.00000000
vt 0.00000000 0.00000000
vt 0.00000000 0.00000000
vt 0.00000000 0.00000000
vt 0.00000000 0.00000000
vt 0.00000000 0.00000000
vt 0.00000000 0.00000000
vt 0.00000000 0.00000000
vt 0.00000000 0.00000000
vt 0.00000000 0.00000000
vt 0.00000000 0.00000000
vt 0.00000000 0.00000000
vt 0.00000000 0.00000000
vt 0.00000000 0.00000000
vt 0.00000000 0.00000000
vt 0.00000000 0.00000000
vt 0.00000000 0.00000000
vt 0.00000000 0.00000000
vt 0.00000000 0.00000000
vt 0.00000000 0.00000000
vt 0.00000000 0.00000000
vt 0.00000000 0.00000000
vt 0.00000000 0.00000000
vt 0.00000000 0.00000000
vt 0.00000000 0.00000000
vt 0.00000000 0.00000000
vt 0.00000000 0.00000000
vt 0.00000000 0.00000000
vt 0.00000000 0.00000000
vt 0.00000000 0.00000000
vt 0.00000000 0.00000000
vt 0.00000000 0.00000000
vt 0.00000000 0.00000000
vt 0.00000000 0.00000000
vt 0.00000000 0.00000000
vt 0.00000000 0.00000000
vt 0.00000000 0.00000000
vt 0.00000000 0.00000000
vt 0.00000000 0.00000000
vt 0.00000000 0.00000000
vt 0.00000000 0.00000000
vt 0.00000000 0.00000000
vt 0.00000000 0.00000000
vt 0.00000000 0.00000000
vt 0.00000000 0.00000000
vt 0.00000000 0.00000000
vt 0.00000000 0.00000000
vt 0.00000000 0.00000000
vt 0.00000000 0.00000000
vt 0.00000000 0.00000000
vt 0.00000000 0.00000000
vt 0.00000000 0.00000000
vt 0.00000000 0.00000000
vt 0.00000000 0.00000000
vt 0.00000000 0.00000000
vt 0.00000000 0.00000000
vt 0.00000000 0.00000000
vt 0.00000000 0.00000000
vt 0.00000000 0.00000000
vt 0.00000000 0.00000000
vt 0.00000000 0.00000000
vt 0.00000000 0.00000000
vt 0.00000000 0.00000000
vt 0.00000000 0.00000000
vt 0.00000000 0.00000000
vt 0.00000000 0.00000000
vt 0.00000000 0.00000000
vt 0.00000000 0.00000000
vt 0.00000000 0.00000000
vt 0.00000000 0.00000000
vt 0.00000000 0.00000000
vt 0.00000000 0.00000000
vt 0.00000000 0.00000000
vt 0.00000000 0.00000000
vt 0.00000000 0.00000000
vt 0.00000000 0.00000000
vt 0.00000000 0.00000000
vt 0.00000000 0.00000000
vt 0.00000000 0.00000000
vt 0.00000000 0.00000000
vt 0.00000000 0.00000000
vt 0.00000000 0.00000000
vt 0.00000000 0.00000000
vt 0.00000000 0.00000000
vt 0.00000000 0.00000000
vt 0.00000000 0.00000000
vt 0.00000000 0.00000000
vt 0.00000000 0.00000000
vt 0.00000000 0.00000000
vt 0.00000000 0.00000000
vt 0.00000000 0.00000000
vt 0.00000000 0.00000000
vt 0.00000000 0.00000000
vt 0.00000000 0.00000000
vt 0.00000000 0.00000000
vt 0.00000000 0.00000000
vt 0.00000000 0.00000000
vt 0.00000000 0.00000000
vt 0.00000000 0.00000000
vt 0.00000000 0.00000000
vt 0.00000000 0.00000000
vt 0.00000000 0.00000000
vt 0.00000000 0.00000000
vt 0.00000000 0.00000000
vt 0.00000000 0.00000000
vt 0.00000000 0.00000000
vt 0.00000000 0.00000000
vt 0.00000000 0.00000000
vt 0.00000000 0.00000000
vt 0.00000000 0.00000000
vt 0.00000000 0.00000000
vt 0.00000000 0.00000000
vt 0.00000000 0.00000000
vt 0.00000000 0.00000000
vt 0.00000000 0.00000000
vt 0.00000000 0.00000000
vt 0.00000000 0.00000000
vt 0.00000000 0.00000000
vt 0.00000000 0.00000000
vt 0.00000000 0.00000000
vt 0.00000000 0.00000000
vt 0.00000000 0.00000000
vt 0.00000000 0.00000000
vt 0.00000000 0.00000000
vt 0.00000000 0.00000000
vt 0.00000000 0.00000000
vt 0.00000000 0.00000000
vt 0.00000000 0.00000000
vt 0.00000000 0.00000000
vt 0.00000000 0.00000000
vt 0.00000000 0.00000000
vt 0.00000000 0.00000000
vt 0.00000000 0.00000000
vt 0.00000000 0.00000000
vt 0.00000000 0.00000000
vt 0.00000000 0.00000000
vt 0.00000000 0.00000000
vt 0.00000000 0.00000000
vt 0.00000000 0.00000000
vt 0.00000000 0.00000000
vt 0.00000000 0.00000000
vt 0.00000000 0.00000000
vt 0.00000000 0.00000000
vt 0.00000000 0.00000000
vt 0.00000000 0.00000000
vt 0.00000000 0.00000000
vt 0.00000000 0.00000000
vt 0.00000000 0.00000000
vt 0.00000000 0.00000000
vt 0.00000000 0.00000000
vt 0.00000000 0.00000000
vt 0.00000000 0.00000000
vt 0.00000000 0.00000000
vt 0.00000000 0.00000000
vt 0.00000000 0.00000000
vt 0.00000000 0.00000000
vt 0.00000000 0.00000000
vt 0.00000000 0.00000000
vt 0.00000000 0.00000000
vt 0.00000000 0.00000000
vt 0.00000000 0.00000000
vt 0.00000000 0.00000000
vt 0.00000000 0.00000000
vt 0.00000000 0.00000000
vt 0.00000000 0.00000000
vt 0.00000000 0.00000000
vt 0.00000000 0.00000000
vt 0.00000000 0.00000000
vt 0.00000000 0.00000000
vt 0.00000000 0.00000000
vt 0.00000000 0.00000000
vt 0.00000000 0.00000000
vt 0.00000000 0.00000000
vt 0.00000000 0.00000000
vt 0.00000000 0.00000000
vt 0.00000000 0.00000000
vt 0.00000000 0.00000000
vt 0.00000000 0.00000000
vt 0.00000000 0.00000000
vt 0.00000000 0.00000000
vt 0.00000000 0.00000000
vt 0.00000000 0.00000000
vt 0.00000000 0.00000000
vt 0.00000000 0.00000000
vt 0.00000000 0.00000000
vt 0.00000000 0.00000000
vt 0.00000000 0.00000000
vt 0.00000000 0.00000000
vt 0.00000000 0.00000000
vt 0.00000000 0.00000000
vt 0.00000000 0.00000000
vt 0.00000000 0.00000000
vt 0.00000000 0.00000000
vt 0.00000000 0.00000000
vt 0.00000000 0.00000000
vt 0.00000000 0.00000000
vt 0.00000000 0.00000000
vt 0.00000000 0.00000000
vt 0.00000000 0.00000000
vt 0.00000000 0.00000000
vt 0.00000000 0.00000000
vt 0.00000000 0.00000000
vt 0.00000000 0.00000000
vt 0.00000000 0.00000000
vt 0.00000000 0.00000000
vt 0.00000000 0.00000000
vt 0.00000000 0.00000000
vt 0.00000000 0.00000000
vt 0.00000000 0.00000000
vt 0.00000000 0.00000000
vt 0.00000000 0.00000000
vt 0.00000000 0.00000000
vt 0.00000000 0.00000000
vt 0.00000000 0.00000000
vt 0.00000000 0.00000000
vt 0.00000000 0.00000000
vt 0.00000000 0.00000000
vt 0.00000000 0.00000000
vt 0.00000000 0.00000000
vt 0.00000000 0.00000000
vt 0.00000000 0.00000000
vt 0.00000000 0.00000000
vt 0.00000000 0.00000000
vt 0.00000000 0.00000000
vt 0.00000000 0.00000000
vt 0.00000000 0.00000000
vt 0.00000000 0.00000000
vt 0.00000000 0.00000000
vt 0.00000000 0.00000000
vt 0.00000000 0.00000000
vt 0.00000000 0.00000000
vt 0.00000000 0.00000000
vt 0.00000000 0.00000000
vt 0.00000000 0.00000000
vt 0.00000000 0.00000000
vt 0.00000000 0.00000000
vt 0.00000000 0.00000000
vt 0.00000000 0.00000000
vt 0.00000000 0.00000000
vt 0.00000000 0.00000000
vt 0.00000000 0.00000000
vt 0.00000000 0.00000000
vt 0.00000000 0.00000000
vt 0.00000000 0.00000000
vt 0.00000000 0.00000000
vt 0.00000000 0.00000000
vt 0.00000000 0.00000000
vt 0.00000000 0.00000000
vt 0.00000000 0.00000000
vt 0.00000000 0.00000000
vt 0.00000000 0.00000000
vt 0.00000000 0.00000000
vt 0.00000000 0.00000000
vt 0.00000000 0.00000000
vt 0.00000000 0.00000000
vt 0.00000000 0.00000000
vt 0.00000000 0.00000000
vt 0.00000000 0.00000000
vt 0.00000000 0.00000000
vt 0.00000000 0.00000000
vt 0.00000000 0.00000000
vt 0.00000000 0.00000000
vt 0.00000000 0.00000000
vt 0.00000000 0.00000000
vt 0.00000000 0.00000000
vt 0.00000000 0.00000000
vt 0.00000000 0.00000000
vt 0.00000000 0.00000000
vt 0.00000000 0.00000000
vt 0.00000000 0.00000000
vt 0.00000000 0.00000000
vt 0.00000000 0.00000000
vt 0.00000000 0.00000000
vt 0.00000000 0.00000000
vt 0.00000000 0.00000000
vt 0.00000000 0.00000000
vt 0.00000000 0.00000000
vt 0.00000000 0.00000000
vt 0.00000000 0.00000000
vt 0.00000000 0.00000000
vt 0.00000000 0.00000000
vt 0.00000000 0.00000000
vt 0.00000000 0.00000000
vt 0.00000000 0.00000000
vt 0.00000000 0.00000000
vt 0.00000000 0.00000000
vt 0.00000000 0.00000000
vt 0.00000000 0.00000000
vt 0.00000000 0.00000000
vt 0.00000000 0.00000000
vt 0.00000000 0.00000000
vt 0.00000000 0.00000000
vt 0.00000000 0.00000000
vt 0.00000000 0.00000000
vt 0.00000000 0.00000000
vt 0.00000000 0.00000000
vt 0.00000000 0.00000000
vt 0.00000000 0.00000000
vt 0.00000000 0.00000000
vt 0.00000000 0.00000000
vt 0.00000000 0.00000000
vt 0.00000000 0.00000000
vt 0.00000000 0.00000000
vt 0.00000000 0.00000000
vt 0.00000000 0.00000000
vt 0.00000000 0.00000000
vt 0.00000000 0.00000000
vt 0.00000000 0.00000000
vt 0.00000000 0.00000000
vt 0.00000000 0.00000000
vt 0.00000000 0.00000000
vt 0.00000000 0.00000000
vt 0.00000000 0.00000000
vt 0.00000000 0.00000000
vt 0.00000000 0.00000000
vt 0.00000000 0.00000000
vt 0.00000000 0.00000000
vt 0.00000000 0.00000000
vt 0.00000000 0.00000000
vt 0.00000000 0.00000000
vt 0.00000000 0.00000000
vt 0.00000000 0.00000000
vt 0.00000000 0.00000000
vt 0.00000000 0.00000000
vt 0.00000000 0.00000000
vt 0.00000000 0.00000000
vt 0.00000000 0.00000000
vt 0.00000000 0.00000000
vt 0.00000000 0.00000000
vt 0.00000000 0.00000000
vt 0.00000000 0.00000000
vt 0.00000000 0.00000000
vt 0.00000000 0.00000000
vt 0.00000000 0.00000000
vt 0.00000000 0.00000000
vt 0.00000000 0.00000000
vt 0.00000000 0.00000000
vt 0.00000000 0.00000000
vt 0.00000000 0.00000000
vt 0.00000000 0.00000000
vt 0.00000000 0.00000000
vt 0.00000000 0.00000000
vt 0.00000000 0.00000000
vt 0.00000000 0.00000000
vt 0.00000000 0.00000000
vt 0.00000000 0.00000000
vt 0.00000000 0.00000000
vt 0.00000000 0.00000000
vt 0.00000000 0.00000000
vt 0.00000000 0.00000000
vt 0.00000000 0.00000000
vt 0.00000000 0.00000000
vt 0.00000000 0.00000000
vt 0.00000000 0.00000000
vt 0.00000000 0.00000000
vt 0.00000000 0.00000000
vt 0.00000000 0.00000000
vt 0.00000000 0.00000000
vt 0.00000000 0.00000000
vt 0.00000000 0.00000000
vt 0.00000000 0.00000000
vt 0.00000000 0.00000000
vt 0.00000000 0.00000000
vt 0.00000000 0.00000000
vt 0.00000000 0.00000000
vt 0.00000000 0.00000000
vt 0.00000000 0.00000000
vt 0.00000000 0.00000000
vt 0.00000000 0.00000000
vt 0.00000000 0.00000000
vt 0.00000000 0.00000000
vt 0.00000000 0.00000000
vt 0.00000000 0.00000000
vt 0.00000000 0.00000000
vt 0.00000000 0.00000000
vt 0.00000000 0.00000000
vt 0.00000000 0.00000000
vt 0.00000000 0.00000000
vt 0.00000000 0.00000000
vt 0.00000000 0.00000000
vt 0.00000000 0.00000000
vt 0.00000000 0.00000000
vt 0.00000000 0.00000000
vt 0.00000000 0.00000000
vt 0.00000000 0.00000000
vt 0.00000000 0.00000000
vt 0.00000000 0.00000000
vt 0.00000000 0.00000000
vt 0.00000000 0.00000000
vt 0.00000000 0.00000000
vt 0.00000000 0.00000000
vt 0.00000000 0.00000000
vt 0.00000000 0.00000000
vt 0.00000000 0.00000000
vt 0.00000000 0.00000000
vt 0.00000000 0.00000000
vt 0.00000000 0.00000000
vt 0.00000000 0.00000000
vt 0.00000000 0.00000000
vt 0.00000000 0.00000000
vt 0.00000000 0.00000000
vt 0.00000000 0.00000000
vt 0.00000000 0.00000000
vt 0.00000000 0.00000000
vt 0.00000000 0.00000000
vt 0.00000000 0.00000000
vt 0.00000000 0.00000000
vt 0.00000000 0.00000000
vt 0.00000000 0.00000000
vt 0.00000000 0.00000000
vt 0.00000000 0.00000000
vt 0.00000000 0.00000000
vt 0.00000000 0.00000000
vt 0.00000000 0.00000000
vt 0.00000000 0.00000000
vt 0.00000000 0.00000000
vt 0.00000000 0.00000000
vt 0.00000000 0.00000000
vt 0.00000000 0.00000000
vt 0.00000000 0.00000000
vt 0.00000000 0.00000000
vt 0.00000000 0.00000000
vt 0.00000000 0.00000000
vt 0.00000000 0.00000000
vt 0.00000000 0.00000000
vt 0.00000000 0.00000000
vt 0.00000000 0.00000000
vt 0.00000000 0.00000000
vt 0.00000000 0.00000000
vt 0.00000000 0.00000000
vt 0.00000000 0.00000000
vt 0.00000000 0.00000000
vt 0.00000000 0.00000000
vt 0.00000000 0.00000000
vt 0.00000000 0.00000000
vt 0.00000000 0.00000000
vt 0.00000000 0.00000000
vt 0.00000000 0.00000000
vt 0.00000000 0.00000000
vt 0.00000000 0.00000000
vt 0.00000000 0.00000000
vt 0.00000000 0.00000000
vt 0.00000000 0.00000000
vt 0.00000000 0.00000000
vt 0.00000000 0.00000000
vt 0.00000000 0.00000000
vt 0.00000000 0.00000000
vt 0.00000000 0.00000000
vt 0.00000000 0.00000000
vt 0.00000000 0.00000000
vt 0.00000000 0.00000000
vt 0.00000000 0.00000000
vt 0.00000000 0.00000000
vt 0.00000000 0.00000000
vt 0.00000000 0.00000000
vt 0.00000000 0.00000000
vt 0.00000000 0.00000000
vt 0.00000000 0.00000000
vt 0.00000000 0.00000000
vt 0.00000000 0.00000000
vt 0.00000000 0.00000000
vt 0.00000000 0.00000000
vt 0.00000000 0.00000000
vt 0.00000000 0.00000000
vt 0.00000000 0.00000000
vt 0.00000000 0.00000000
vt 0.00000000 0.00000000
vt 0.00000000 0.00000000
vt 0.00000000 0.00000000
vt 0.00000000 0.00000000
vt 0.00000000 0.00000000
vt 0.00000000 0.00000000
vt 0.00000000 0.00000000
vt 0.00000000 0.00000000
vt 0.00000000 0.00000000
vt 0.00000000 0.00000000
vt 0.00000000 0.00000000
vt 0.00000000 0.00000000
vt 0.00000000 0.00000000
vt 0.00000000 0.00000000
vt 0.00000000 0.00000000
vt 0.00000000 0.00000000
vt 0.00000000 0.00000000
vt 0.00000000 0.00000000
vt 0.00000000 0.00000000
vt 0.00000000 0.00000000
vt 0.00000000 0.00000000
vt 0.00000000 0.00000000
vt 0.00000000 0.00000000
vt 0.00000000 0.00000000
vt 0.00000000 0.00000000
vt 0.00000000 0.00000000
vt 0.00000000 0.00000000
vt 0.00000000 0.00000000
vt 0.00000000 0.00000000
vt 0.00000000 0.00000000
vt 0.00000000 0.00000000
vt 0.00000000 0.00000000
vt 0.00000000 0.00000000
vt 0.00000000 0.00000000
vt 0.00000000 0.00000000
vt 0.00000000 0.00000000
vt 0.00000000 0.00000000
vt 0.00000000 0.00000000
vt 0.00000000 0.00000000
vt 0.00000000 0.00000000
vt 0.00000000 0.00000000
vt 0.00000000 0.00000000
vt 0.00000000 0.00000000
vt 0.00000000 0.00000000
vt 0.00000000 0.00000000
vt 0.00000000 0.00000000
vt 0.00000000 0.00000000
vt 0.00000000 0.00000000
vt 0.00000000 0.00000000
vt 0.00000000 0.00000000
vt 0.00000000 0.00000000
vt 0.00000000 0.00000000
vt 0.00000000 0.00000000
vt 0.00000000 0.00000000
vt 0.00000000 0.00000000
vt 0.00000000 0.00000000
vt 0.00000000 0.00000000
vt 0.00000000 0.00000000
vt 0.00000000 0.00000000
vt 0.00000000 0.00000000
vt 0.00000000 0.00000000
vt 0.00000000 0.00000000
vt 0.00000000 0.00000000
vt 0.00000000 0.00000000
vt 0.00000000 0.00000000
vt 0.00000000 0.00000000
vt 0.00000000 0.00000000
vt 0.00000000 0.00000000
vt 0.00000000 0.00000000
vt 0.00000000 0.00000000
vt 0.00000000 0.00000000
vt 0.00000000 0.00000000
vt 0.00000000 0.00000000
vt 0.00000000 0.00000000
vt 0.00000000 0.00000000
vt 0.00000000 0.00000000
vt 0.00000000 0.00000000
vt 0.00000000 0.00000000
vt 0.00000000 0.00000000
vt 0.00000000 0.00000000
vt 0.00000000 0.00000000
vt 0.00000000 0.00000000
vt 0.00000000 0.00000000
vt 0.00000000 0.00000000
vt 0.00000000 0.00000000
vt 0.00000000 0.00000000
vt 0.00000000 0.00000000
vt 0.00000000 0.00000000
vt 0.00000000 0.00000000
vt 0.00000000 0.00000000
vt 0.00000000 0.00000000
vt 0.00000000 0.00000000
vt 0.00000000 0.00000000
vt 0.00000000 0.00000000
vt 0.00000000 0.00000000
vt 0.00000000 0.00000000
vt 0.00000000 0.00000000
vt 0.00000000 0.00000000
vt 0.00000000 0.00000000
vt 0.00000000 0.00000000
vt 0.00000000 0.00000000
vt 0.00000000 0.00000000
vt 0.00000000 0.00000000
vt 0.00000000 0.00000000
vt 0.00000000 0.00000000
vt 0.00000000 0.00000000
vt 0.00000000 0.00000000
vt 0.00000000 0.00000000
vt 0.00000000 0.00000000
vt 0.00000000 0.00000000
vt 0.00000000 0.00000000
vt 0.00000000 0.00000000
vt 0.00000000 0.00000000
vt 0.00000000 0.00000000
vt 0.00000000 0.00000000
vt 0.00000000 0.00000000
vt 0.00000000 0.00000000
vt 0.00000000 0.00000000
vt 0.00000000 0.00000000
vt 0.00000000 0.00000000
vt 0.00000000 0.00000000
vt 0.00000000 0.00000000
vt 0.00000000 0.00000000
vt 0.00000000 0.00000000
vt 0.00000000 0.00000000
vt 0.00000000 0.00000000
vt 0.00000000 0.00000000
vt 0.00000000 0.00000000
vt 0.00000000 0.00000000
vt 0.00000000 0.00000000
vt 0.00000000 0.00000000
vt 0.00000000 0.00000000
vt 0.00000000 0.00000000
vt 0.00000000 0.00000000
vt 0.00000000 0.00000000
vt 0.00000000 0.00000000
vt 0.00000000 0.00000000
vt 0.00000000 0.00000000
vt 0.00000000 0.00000000
vt 0.00000000 0.00000000
vt 0.00000000 0.00000000
vt 0.00000000 0.00000000
vt 0.00000000 0.00000000
vt 0.00000000 0.00000000
vt 0.00000000 0.00000000
vt 0.00000000 0.00000000
vt 0.00000000 0.00000000
vt 0.00000000 0.00000000
vt 0.00000000 0.00000000
vt 0.00000000 0.00000000
vt 0.00000000 0.00000000
vt 0.00000000 0.00000000
vt 0.00000000 0.00000000
vt 0.00000000 0.00000000
f 1/1/1 2/2/2 3/3/3
f 4/4/4 5/5/5 6/6/6
f 7/7/7 8/8/8 9/9/9
f 10/10/10 11/11/11 12/12/12
f 13/13/13 14/14/14 15/15/15
f 16/16/16 17/17/17 18/18/18
f 19/19/19 20/20/20 21/21/21
f 22/22/22 23/23/23 24/24/24
f 25/25/25 26/26/26 27/27/27
f 28/28/28 29/29/29 30/30/30
f 31/31/31 32/32/32 33/33/33
f 34/34/34 35/35/35 36/36/36
f 37/37/37 38/38/38 39/39/39
f 40/40/40 41/41/41 42/42/42
f 43/43/43 44/44/44 45/45/45
f 46/46/46 47/47/47 48/48/48
f 49/49/49 50/50/50 51/51/51
f 52/52/52 53/53/53 54/54/54
f 55/55/55 56/56/56 57/57/57
f 58/58/58 59/59/59 60/60/60
f 61/61/61 62/62/62 63/63/63
f 64/64/64 65/65/65 66/66/66
f 15/15/15 67/67/67 68/68/68
f 69/69/69 70/70/70 71/71/71
f 72/72/72 73/73/73 74/74/74
f 75/75/75 76/76/76 77/77/77
f 78/78/78 79/79/79 80/80/80
f 81/81/81 82/82/82 83/83/83
f 84/84/84 85/85/85 86/86/86
f 87/87/87 88/88/88 89/89/89
f 90/90/90 91/91/91 92/92/92
f 93/93/93 94/94/94 95/95/95
f 96/96/96 97/97/97 98/98/98
f 99/99/99 100/100/100 101/101/101
f 102/102/102 103/103/103 104/104/104
f 105/105/105 106/106/106 107/107/107
f 108/108/108 109/109/109 110/110/110
f 111/111/111 112/112/112 113/113/113
f 114/114/114 115/115/115 116/116/116
f 117/117/117 118/118/118 119/119/119
f 120/120/120 121/121/121 122/122/122
f 123/123/123 124/124/124 125/125/125
f 126/126/126 127/127/127 128/128/128
f 129/129/129 130/130/130 131/131/131
f 132/132/132 133/133/133 134/134/134
f 135/135/135 136/136/136 137/137/137
f 138/138/138 139/139/139 140/140/140
f 141/141/141 142/142/142 143/143/143
f 144/144/144 145/145/145 146/146/146
f 147/147/147 148/148/148 149/149/149
f 150/150/150 151/151/151 152/152/152
f 153/153/153 154/154/154 155/155/155
f 156/156/156 157/157/157 158/158/158
f 159/159/159 160/160/160 161/161/161
f 162/162/162 163/163/163 164/164/164
f 165/165/165 166/166/166 167/167/167
f 168/168/168 169/169/169 170/170/170
f 171/171/171 172/172/172 173/173/173
f 174/174/174 175/175/175 176/176/176
f 177/177/177 178/178/178 179/179/179
f 180/180/180 181/181/181 182/182/182
f 183/183/183 184/184/184 185/185/185
f 186/186/186 187/187/187 188/188/188
f 189/189/189 190/190/190 191/191/191
f 192/192/192 193/193/193 194/194/194
f 195/195/195 196/196/196 197/197/197
f 198/198/198 199/199/199 200/200/200
f 201/201/201 202/202/202 203/203/203
f 204/204/204 205/205/205 206/206/206
f 207/207/207 208/208/208 209/209/209
f 210/210/210 211/211/211 212/212/212
f 213/213/213 214/214/214 215/215/215
f 216/216/216 217/217/217 218/218/218
f 219/219/219 220/220/220 221/221/221
f 222/222/222 223/223/223 224/224/224
f 225/225/225 226/226/226 227/227/227
f 228/228/228 229/229/229 230/230/230
f 231/231/231 232/232/232 233/233/233
f 234/234/234 235/235/235 236/236/236
f 237/237/237 238/238/238 239/239/239
f 240/240/240 241/241/241 242/242/242
f 243/243/243 244/244/244 245/245/245
f 246/246/246 247/247/247 248/248/248
f 249/249/249 250/250/250 251/251/251
f 252/252/252 253/253/253 254/254/254
f 255/255/255 256/256/256 257/257/257
f 258/258/258 259/259/259 260/260/260
f 261/261/261 262/262/262 263/263/263
f 264/264/264 265/265/265 266/266/266
f 267/267/267 268/268/268 269/269/269
f 270/270/270 271/271/271 272/272/272
f 273/273/273 274/274/274 275/275/275
f 276/276/276 277/277/277 278/278/278
f 279/279/279 280/280/280 281/281/281
f 282/282/282 283/283/283 284/284/284
f 285/285/285 286/286/286 287/287/287
f 288/288/288 289/289/289 290/290/290
f 291/291/291 292/292/292 293/293/293
f 294/294/294 295/295/295 296/296/296
f 297/297/297 298/298/298 299/299/299
f 300/300/300 301/301/301 302/302/302
f 303/303/303 304/304/304 305/305/305
f 306/306/306 307/307/307 308/308/308
f 309/309/309 310/310/310 311/311/311
f 312/312/312 313/313/313 314/314/314
f 315/315/315 316/316/316 317/317/317
f 318/318/318 319/319/319 320/320/320
f 321/321/321 322/322/322 323/323/323
f 324/324/324 325/325/325 326/326/326
f 327/327/327 328/328/328 329/329/329
f 330/330/330 331/331/331 332/332/332
f 333/333/333 334/334/334 335/335/335
f 336/336/336 337/337/337 338/338/338
f 339/339/339 340/340/340 341/341/341
f 342/342/342 343/343/343 344/344/344
f 345/345/345 346/346/346 347/347/347
f 348/348/348 349/349/349 350/350/350
f 351/351/351 352/352/352 353/353/353
f 354/354/354 355/355/355 356/356/356
f 357/357/357 358/358/358 359/359/359
f 360/360/360 361/361/361 362/362/362
f 363/363/363 364/364/364 365/365/365
f 366/366/366 367/367/367 368/368/368
f 369/369/369 370/370/370 371/371/371
f 372/372/372 373/373/373 374/374/374
f 375/375/375 376/376/376 377/377/377
f 378/378/378 379/379/379 380/380/380
f 381/381/381 382/382/382 383/383/383
f 384/384/384 385/385/385 386/386/386
f 387/387/387 388/388/388 389/389/389
f 390/390/390 391/391/391 392/392/392
f 393/393/393 394/394/394 395/395/395
f 396/396/396 397/397/397 398/398/398
f 399/399/399 400/400/400 401/401/401
f 402/402/402 403/403/403 404/404/404
f 405/405/405 406/406/406 407/407/407
f 408/408/408 409/409/409 410/410/410
f 411/411/411 412/412/412 413/413/413
f 414/414/414 415/415/415 416/416/416
f 417/417/417 418/418/418 419/419/419
f 420/420/420 421/421/421 422/422/422
f 423/423/423 424/424/424 425/425/425
f 426/426/426 427/427/427 428/428/428
f 429/429/429 430/430/430 431/431/431
f 432/432/432 433/433/433 434/434/434
f 435/435/435 436/436/436 437/437/437
f 438/438/438 439/439/439 440/440/440
f 441/441/441 442/442/442 443/443/443
f 444/444/444 445/445/445 446/446/446
f 447/447/447 448/448/448 449/449/449
f 450/450/450 451/451/451 452/452/452
f 453/453/453 454/454/454 455/455/455
f 456/456/456 457/457/457 458/458/458
f 459/459/459 460/460/460 461/461/461
f 462/462/462 463/463/463 464/464/464
f 465/465/465 466/466/466 467/467/467
f 468/468/468 469/469/469 470/470/470
f 471/471/471 472/472/472 473/473/473
f 474/474/474 475/475/475 476/476/476
f 477/477/477 478/478/478 479/479/479
f 480/480/480 481/481/481 482/482/482
f 483/483/483 484/484/484 485/485/485
f 486/486/486 487/487/487 488/488/488
f 489/489/489 490/490/490 491/491/491
f 492/492/492 493/493/493 494/494/494
f 495/495/495 496/496/496 497/497/497
f 498/498/498 499/499/499 500/500/500
f 501/501/501 502/502/502 503/503/503
f 504/504/504 505/505/505 506/506/506
f 507/507/507 508/508/508 509/509/509
f 510/510/510 511/511/511 512/512/512
f 513/513/513 514/514/514 515/515/515
f 516/516/516 517/517/517 518/518/518
f 519/519/519 520/520/520 521/521/521
f 522/522/522 523/523/523 524/524/524
f 525/525/525 526/526/526 527/527/527
f 528/528/528 529/529/529 530/530/530
f 531/531/531 532/532/532 533/533/533
f 534/534/534 535/535/535 536/536/536
f 537/537/537 538/538/538 539/539/539
f 540/540/540 541/541/541 542/542/542
f 543/543/543 544/544/544 545/545/545
f 546/546/546 547/547/547 548/548/548
f 549/549/549 550/550/550 551/551/551
f 552/552/552 553/553/553 554/554/554
f 555/555/555 556/556/556 557/557/557
f 558/558/558 559/559/559 560/560/560
f 561/561/561 562/562/562 563/563/563
f 564/564/564 565/565/565 566/566/566
f 567/567/567 568/568/568 569/569/569
f 570/570/570 571/571/571 572/572/572
f 573/573/573 574/574/574 575/575/575
f 576/576/576 575/575/575 574/574/574
f 575/575/575 577/577/577 573/573/573
f 577/577/577 571/571/571 570/570/570
f 578/578/578 579/579/579 580/580/580
f 571/571/571 577/577/577 575/575/575
f 580/580/580 572/572/572 571/571/571
f 578/578/578 580/580/580 571/571/571
f 579/579/579 581/581/581 580/580/580
f 579/579/579 582/582/582 581/581/581
f 583/583/583 582/582/582 579/579/579
f 581/581/581 584/584/584 585/585/585
f 583/583/583 579/579/579 586/586/586
f 587/587/587 588/588/588 589/589/589
f 590/590/590 581/581/581 585/585/585
f 583/583/583 586/586/586 591/591/591
f 589/589/589 588/588/588 590/590/590
f 592/592/592 589/589/589 590/590/590
f 583/583/583 591/591/591 593/593/593
f 583/583/583 593/593/593 594/594/594
f 595/595/595 592/592/592 590/590/590
f 596/596/596 595/595/595 590/590/590
f 593/593/593 597/597/597 594/594/594
f 597/597/597 598/598/598 594/594/594
f 599/599/599 596/596/596 590/590/590
f 600/600/600 599/599/599 590/590/590
f 600/600/600 590/590/590 585/585/585
f 594/594/594 598/598/598 601/601/601
f 598/598/598 602/602/602 601/601/601
f 584/584/584 581/581/581 582/582/582
f 603/603/603 584/584/584 1/1/1
f 604/604/604 605/605/605 606/606/606
f 607/607/607 606/606/606 605/605/605
f 608/608/608 609/609/609 610/610/610
f 601/601/601 609/609/609 608/608/608
f 604/604/604 606/606/606 611/611/611
f 611/611/611 606/606/606 612/612/612
f 612/612/612 606/606/606 608/608/608
f 610/610/610 612/612/612 608/608/608
f 601/601/601 613/613/613 609/609/609
f 1/1/1 614/614/614 615/615/615
f 616/616/616 613/613/613 601/601/601
f 582/582/582 1/1/1 584/584/584
f 1/1/1 615/615/615 617/617/617
f 602/602/602 616/616/616 601/601/601
f 618/618/618 603/603/603 1/1/1
f 1/1/1 617/617/617 619/619/619
f 1/1/1 619/619/619 2/2/2
f 3/3/3 618/618/618 1/1/1
f 620/620/620 621/621/621 622/622/622
f 621/621/621 623/623/623 624/624/624
f 625/625/625 626/626/626 622/622/622
f 624/624/624 622/622/622 621/621/621
f 627/627/627 624/624/624 628/628/628
f 626/626/626 620/620/620 622/622/622
f 624/624/624 623/623/623 629/629/629
f 630/630/630 627/627/627 628/628/628
f 624/624/624 629/629/629 628/628/628
f 631/631/631 630/630/630 632/632/632
f 630/630/630 628/628/628 633/633/633
f 634/634/634 631/631/631 632/632/632
f 635/635/635 636/636/636 637/637/637
f 630/630/630 633/633/633 638/638/638
f 639/639/639 634/634/634 632/632/632
f 636/636/636 640/640/640 637/637/637
f 635/635/635 637/637/637 641/641/641
f 642/642/642 639/639/639 643/643/643
f 644/644/644 642/642/642 643/643/643
f 635/635/635 641/641/641 645/645/645
f 635/635/635 645/645/645 646/646/646
f 647/647/647 644/644/644 648/648/648
f 649/649/649 647/647/647 648/648/648
f 635/635/635 646/646/646 650/650/650
f 635/635/635 650/650/650 651/651/651
f 652/652/652 649/649/649 648/648/648
f 653/653/653 652/652/652 648/648/648
f 635/635/635 651/651/651 654/654/654
f 635/635/635 654/654/654 633/633/633
f 633/633/633 654/654/654 655/655/655
f 633/633/633 655/655/655 638/638/638
f 656/656/656 653/653/653 657/657/657
f 658/658/658 659/659/659 660/660/660
f 657/657/657 660/660/660 661/661/661
f 643/643/643 648/648/648 644/644/644
f 632/632/632 643/643/643 639/639/639
f 660/660/660 659/659/659 662/662/662
f 660/660/660 662/662/662 663/663/663
f 660/660/660 663/663/663 661/661/661
f 657/657/657 661/661/661 656/656/656
f 648/648/648 657/657/657 653/653/653
f 664/664/664 665/665/665 5/5/5
f 638/638/638 632/632/632 630/630/630
f 664/664/664 5/5/5 666/666/666
f 666/666/666 5/5/5 667/667/667
f 638/638/638 655/655/655 5/5/5
f 655/655/655 668/668/668 5/5/5
f 667/667/667 5/5/5 669/669/669
f 669/669/669 5/5/5 4/4/4
f 668/668/668 6/6/6 5/5/5
f 7/7/7 670/670/670 8/8/8
f 10/10/10 671/671/671 11/11/11
f 13/13/13 672/672/672 14/14/14
f 16/16/16 673/673/673 17/17/17
f 19/19/19 674/674/674 20/20/20
f 22/22/22 675/675/675 23/23/23
f 25/25/25 676/676/676 26/26/26
f 28/28/28 677/677/677 29/29/29
f 31/31/31 678/678/678 32/32/32
f 34/34/34 679/679/679 35/35/35
f 37/37/37 680/680/680 38/38/38
f 40/40/40 681/681/681 41/41/41
f 43/43/43 682/682/682 44/44/44
f 46/46/46 683/683/683 47/47/47
f 49/49/49 684/684/684 50/50/50
f 52/52/52 685/685/685 53/53/53
f 55/55/55 686/686/686 56/56/56
f 58/58/58 687/687/687 59/59/59
f 61/61/61 688/688/688 62/62/62
f 64/64/64 689/689/689 65/65/65
f 15/15/15 14/14/14 67/67/67
f 69/69/69 690/690/690 70/70/70
f 72/72/72 691/691/691 73/73/73
f 75/75/75 692/692/692 76/76/76
f 78/78/78 693/693/693 79/79/79
f 81/81/81 694/694/694 82/82/82
f 84/84/84 695/695/695 85/85/85
f 87/87/87 696/696/696 88/88/88
f 90/90/90 697/697/697 91/91/91
f 93/93/93 698/698/698 94/94/94
f 96/96/96 699/699/699 97/97/97
f 99/99/99 700/700/700 100/100/100
f 102/102/102 701/701/701 103/103/103
f 105/105/105 702/702/702 106/106/106
f 108/108/108 703/703/703 109/109/109
f 111/111/111 704/704/704 112/112/112
f 114/114/114 705/705/705 115/115/115
f 117/117/117 706/706/706 118/118/118
f 120/120/120 707/707/707 121/121/121
f 123/123/123 708/708/708 124/124/124
f 126/126/126 709/709/709 127/127/127
f 129/129/129 710/710/710 130/130/130
f 132/132/132 711/711/711 133/133/133
f 135/135/135 712/712/712 136/136/136
f 138/138/138 713/713/713 139/139/139
f 141/141/141 714/714/714 142/142/142
f 144/144/144 715/715/715 145/145/145
f 147/147/147 716/716/716 148/148/148
f 150/150/150 717/717/717 151/151/151
f 153/153/153 718/718/718 154/154/154
f 156/156/156 719/719/719 157/157/157
f 159/159/159 720/720/720 160/160/160
f 162/162/162 721/721/721 163/163/163
f 165/165/165 722/722/722 166/166/166
f 168/168/168 723/723/723 169/169/169
f 171/171/171 724/724/724 172/172/172
f 174/174/174 725/725/725 175/175/175
f 177/177/177 726/726/726 178/178/178
f 180/180/180 727/727/727 181/181/181
f 183/183/183 728/728/728 184/184/184
f 186/186/186 729/729/729 187/187/187
f 730/730/730 731/731/731 732/732/732
f 731/731/731 733/733/733 734/734/734
f 735/735/735 736/736/736 737/737/737
f 738/738/738 191/191/191 739/739/739
f 740/740/740 741/741/741 738/738/738
f 742/742/742 740/740/740 738/738/738
f 191/191/191 735/735/735 737/737/737
f 731/731/731 734/734/734 743/743/743
f 731/731/731 743/743/743 732/732/732
f 744/744/744 742/742/742 738/738/738
f 745/745/745 744/744/744 738/738/738
f 730/730/730 732/732/732 746/746/746
f 730/730/730 746/746/746 736/736/736
f 747/747/747 745/745/745 738/738/738
f 748/748/748 747/747/747 738/738/738
f 736/736/736 746/746/746 737/737/737
f 191/191/191 737/737/737 749/749/749
f 739/739/739 748/748/748 738/738/738
f 750/750/750 739/739/739 191/191/191
f 191/191/191 749/749/749 189/189/189
f 190/190/190 750/750/750 191/191/191
f 192/192/192 751/751/751 193/193/193
f 195/195/195 752/752/752 196/196/196
f 198/198/198 753/753/753 199/199/199
f 201/201/201 754/754/754 202/202/202
f 204/204/204 755/755/755 205/205/205
f 207/207/207 756/756/756 208/208/208
f 210/210/210 757/757/757 211/211/211
f 213/213/213 758/758/758 214/214/214
f 216/216/216 759/759/759 217/217/217
f 760/760/760 761/761/761 762/762/762
f 760/760/760 762/762/762 763/763/763
f 764/764/764 220/220/220 765/765/765
f 766/766/766 767/767/767 768/768/768
f 769/769/769 770/770/770 771/771/771
f 771/771/771 770/770/770 772/772/772
f 767/767/767 764/764/764 765/765/765
f 760/760/760 763/763/763 773/773/773
f 760/760/760 773/773/773 774/774/774
f 772/772/772 770/770/770 775/775/775
f 775/775/775 770/770/770 766/766/766
f 760/760/760 774/774/774 776/776/776
f 760/760/760 776/776/776 777/777/777
f 768/768/768 775/775/775 766/766/766
f 765/765/765 768/768/768 767/767/767
f 760/760/760 777/777/777 778/778/778
f 760/760/760 778/778/778 220/220/220
f 765/765/765 220/220/220 779/779/779
f 779/779/779 220/220/220 780/780/780
f 778/778/778 221/221/221 220/220/220
f 780/780/780 220/220/220 219/219/219
f 222/222/222 781/781/781 223/223/223
f 225/225/225 782/782/782 226/226/226
f 228/228/228 783/783/783 229/229/229
f 231/231/231 784/784/784 232/232/232
f 234/234/234 785/785/785 235/235/235
f 237/237/237 786/786/786 238/238/238
f 240/240/240 787/787/787 241/241/241
f 243/243/243 788/788/788 244/244/244
f 246/246/246 789/789/789 247/247/247
f 249/249/249 790/790/790 250/250/250
f 252/252/252 791/791/791 253/253/253
f 255/255/255 792/792/792 256/256/256
f 258/258/258 793/793/793 259/259/259
f 261/261/261 794/794/794 262/262/262
f 264/264/264 795/795/795 265/265/265
f 267/267/267 796/796/796 268/268/268
f 270/270/270 797/797/797 271/271/271
f 273/273/273 798/798/798 274/274/274
f 276/276/276 799/799/799 277/277/277
f 279/279/279 800/800/800 280/280/280
f 282/282/282 801/801/801 283/283/283
f 285/285/285 802/802/802 286/286/286
f 288/288/288 803/803/803 289/289/289
f 804/804/804 805/805/805 806/806/806
f 805/805/805 807/807/807 808/808/808
f 809/809/809 292/292/292 810/810/810
f 811/811/811 812/812/812 813/813/813
f 814/814/814 815/815/815 816/816/816
f 816/816/816 815/815/815 817/817/817
f 812/812/812 809/809/809 818/818/818
f 805/805/805 808/808/808 819/819/819
f 805/805/805 819/819/819 820/820/820
f 817/817/817 815/815/815 811/811/811
f 813/813/813 817/817/817 811/811/811
f 805/805/805 820/820/820 821/821/821
f 805/805/805 821/821/821 806/806/806
f 818/818/818 813/813/813 812/812/812
f 810/810/810 818/818/818 809/809/809
f 804/804/804 806/806/806 822/822/822
f 804/804/804 822/822/822 293/293/293
f 810/810/810 292/292/292 823/823/823
f 823/823/823 292/292/292 824/824/824
f 804/804/804 293/293/293 292/292/292
f 824/824/824 292/292/292 291/291/291
f 294/294/294 825/825/825 295/295/295
f 297/297/297 826/826/826 298/298/298
f 300/300/300 827/827/827 301/301/301
f 303/303/303 828/828/828 304/304/304
f 306/306/306 829/829/829 307/307/307
f 309/309/309 830/830/830 310/310/310
f 312/312/312 831/831/831 313/313/313
f 315/315/315 832/832/832 316/316/316
f 318/318/318 833/833/833 319/319/319
f 834/834/834 835/835/835 836/836/836
f 835/835/835 837/837/837 838/838/838
f 839/839/839 840/840/840 841/841/841
f 842/842/842 323/323/323 843/843/843
f 844/844/844 845/845/845 846/846/846
f 846/846/846 845/845/845 847/847/847
f 323/323/323 839/839/839 841/841/841
f 835/835/835 838/838/838 836/836/836
f 834/834/834 836/836/836 848/848/848
f 847/847/847 845/845/845 849/849/849
f 849/849/849 845/845/845 850/850/850
f 834/834/834 848/848/848 851/851/851
f 848/848/848 840/840/840 851/851/851
f 850/850/850 845/845/845 852/852/852
f 852/852/852 845/845/845 842/842/842
f 851/851/851 840/840/840 839/839/839
f 323/323/323 841/841/841 853/853/853
f 854/854/854 852/852/852 842/842/842
f 843/843/843 854/854/854 842/842/842
f 323/323/323 853/853/853 321/321/321
f 322/322/322 843/843/843 323/323/323
f 324/324/324 855/855/855 325/325/325
f 327/327/327 856/856/856 328/328/328
f 330/330/330 857/857/857 331/331/331
f 333/333/333 858/858/858 334/334/334
f 336/336/336 859/859/859 337/337/337
f 339/339/339 860/860/860 340/340/340
f 342/342/342 861/861/861 343/343/343
f 345/345/345 862/862/862 346/346/346
f 348/348/348 863/863/863 349/349/349
f 351/351/351 864/864/864 352/352/352
f 354/354/354 865/865/865 355/355/355
f 357/357/357 866/866/866 358/358/358
f 360/360/360 867/867/867 361/361/361
f 363/363/363 868/868/868 364/364/364
f 366/366/366 869/869/869 367/367/367
f 369/369/369 870/870/870 370/370/370
f 372/372/372 871/871/871 373/373/373
f 375/375/375 872/872/872 376/376/376
f 378/378/378 873/873/873 379/379/379
f 381/381/381 874/874/874 382/382/382
f 384/384/384 875/875/875 385/385/385
f 387/387/387 876/876/876 388/388/388
f 390/390/390 877/877/877 391/391/391
f 878/878/878 588/588/588 879/879/879
f 588/588/588 587/587/587 880/880/880
f 395/395/395 881/881/881 882/882/882
f 614/614/614 1/1/1 883/883/883
f 883/883/883 1/1/1 884/884/884
f 884/884/884 395/395/395 885/885/885
f 588/588/588 880/880/880 886/886/886
f 588/588/588 886/886/886 879/879/879
f 887/887/887 883/883/883 884/884/884
f 888/888/888 887/887/887 884/884/884
f 878/878/878 879/879/879 889/889/889
f 878/878/878 889/889/889 881/881/881
f 890/890/890 888/888/888 884/884/884
f 891/891/891 890/890/890 884/884/884
f 881/881/881 889/889/889 882/882/882
f 395/395/395 882/882/882 892/892/892
f 893/893/893 891/891/891 884/884/884
f 885/885/885 893/893/893 884/884/884
f 395/395/395 892/892/892 393/393/393
f 394/394/394 885/885/885 395/395/395
f 396/396/396 894/894/894 397/397/397
f 399/399/399 895/895/895 400/400/400
f 402/402/402 896/896/896 403/403/403
f 405/405/405 897/897/897 406/406/406
f 408/408/408 898/898/898 409/409/409
f 411/411/411 899/899/899 412/412/412
f 414/414/414 900/900/900 415/415/415
f 417/417/417 901/901/901 418/418/418
f 420/420/420 902/902/902 421/421/421
f 903/903/903 5/5/5 904/904/904
f 5/5/5 665/665/665 904/904/904
f 905/905/905 424/424/424 906/906/906
f 636/636/636 907/907/907 908/908/908
f 909/909/909 640/640/640 636/636/636
f 910/910/910 909/909/909 636/636/636
f 907/907/907 905/905/905 911/911/911
f 903/903/903 904/904/904 912/912/912
f 903/903/903 912/912/912 913/913/913
f 908/908/908 910/910/910 636/636/636
f 911/911/911 908/908/908 907/907/907
f 903/903/903 913/913/913 914/914/914
f 903/903/903 914/914/914 915/915/915
f 906/906/906 911/911/911 905/905/905
f 916/916/916 906/906/906 424/424/424
f 903/903/903 915/915/915 917/917/917
f 903/903/903 917/917/917 425/425/425
f 916/916/916 424/424/424 918/918/918
f 918/918/918 424/424/424 423/423/423
f 903/903/903 425/425/425 424/424/424
f 426/426/426 919/919/919 427/427/427
f 429/429/429 920/920/920 430/430/430
f 432/432/432 921/921/921 433/433/433
f 435/435/435 922/922/922 436/436/436
f 438/438/438 923/923/923 439/439/439
f 441/441/441 924/924/924 442/442/442
f 444/444/444 925/925/925 445/445/445
f 447/447/447 926/926/926 448/448/448
f 450/450/450 927/927/927 451/451/451
f 453/453/453 928/928/928 454/454/454
f 456/456/456 929/929/929 457/457/457
f 459/459/459 930/930/930 460/460/460
f 462/462/462 931/931/931 463/463/463
f 465/465/465 932/932/932 466/466/466
f 468/468/468 933/933/933 469/469/469
f 934/934/934 607/607/607 935/935/935
f 607/607/607 605/605/605 936/936/936
f 937/937/937 938/938/938 939/939/939
f 940/940/940 937/937/937 941/941/941
f 607/607/607 936/936/936 935/935/935
f 934/934/934 935/935/935 942/942/942
f 943/943/943 940/940/940 944/944/944
f 807/807/807 805/805/805 945/945/945
f 807/807/807 945/945/945 946/946/946
f 946/946/946 945/945/945 947/947/947
f 934/934/934 942/942/942 948/948/948
f 934/934/934 948/948/948 949/949/949
f 945/945/945 950/950/950 947/947/947
f 945/945/945 951/951/951 950/950/950
f 934/934/934 949/949/949 938/938/938
f 949/949/949 952/952/952 938/938/938
f 945/945/945 953/953/953 951/951/951
f 945/945/945 954/954/954 953/953/953
f 952/952/952 955/955/955 938/938/938
f 938/938/938 955/955/955 939/939/939
f 945/945/945 943/943/943 954/954/954
f 937/937/937 939/939/939 956/956/956
f 954/954/954 957/957/957 958/958/958
f 937/937/937 956/956/956 941/941/941
f 954/954/954 943/943/943 957/957/957
f 940/940/940 941/941/941 944/944/944
f 959/959/959 958/958/958 957/957/957
f 943/943/943 944/944/944 960/960/960
f 961/961/961 959/959/959 962/962/962
f 943/943/943 960/960/960 963/963/963
f 964/964/964 961/961/961 962/962/962
f 943/943/943 963/963/963 957/957/957
f 965/965/965 964/964/964 966/966/966
f 967/967/967 571/571/571 962/962/962
f 959/959/959 957/957/957 967/967/967
f 968/968/968 965/965/965 966/966/966
f 571/571/571 969/969/969 970/970/970
f 971/971/971 741/741/741 972/972/972
f 741/741/741 740/740/740 973/973/973
f 815/815/815 814/814/814 974/974/974
f 966/966/966 815/815/815 974/974/974
f 966/966/966 974/974/974 975/975/975
f 962/962/962 966/966/966 964/964/964
f 966/966/966 975/975/975 976/976/976
f 977/977/977 969/969/969 575/575/575
f 966/966/966 976/976/976 968/968/968
f 962/962/962 959/959/959 967/967/967
f 741/741/741 973/973/973 978/978/978
f 741/741/741 978/978/978 979/979/979
f 970/970/970 962/962/962 571/571/571
f 969/969/969 571/571/571 575/575/575
f 741/741/741 979/979/979 980/980/980
f 741/741/741 980/980/980 981/981/981
f 977/977/977 575/575/575 982/982/982
f 982/982/982 575/575/575 972/972/972
f 741/741/741 981/981/981 983/983/983
f 741/741/741 983/983/983 984/984/984
f 972/972/972 575/575/575 971/971/971
f 733/733/733 731/731/731 985/985/985
f 473/473/473 972/972/972 986/986/986
f 741/741/741 984/984/984 987/987/987
f 741/741/741 987/987/987 988/988/988
f 985/985/985 731/731/731 473/473/473
f 989/989/989 985/985/985 473/473/473
f 972/972/972 741/741/741 988/988/988
f 972/972/972 988/988/988 986/986/986
f 990/990/990 989/989/989 473/473/473
f 472/472/472 990/990/990 473/473/473
f 473/473/473 986/986/986 471/471/471
f 474/474/474 991/991/991 475/475/475
f 477/477/477 992/992/992 478/478/478
f 480/480/480 993/993/993 481/481/481
f 483/483/483 994/994/994 484/484/484
f 486/486/486 995/995/995 487/487/487
f 489/489/489 996/996/996 490/490/490
f 492/492/492 997/997/997 493/493/493
f 495/495/495 998/998/998 496/496/496
f 498/498/498 999/999/999 499/499/499
f 501/501/501 1000/1000/1000 502/502/502
f 504/504/504 1001/1001/1001 505/505/505
f 507/507/507 1002/1002/1002 508/508/508
f 510/510/510 1003/1003/1003 511/511/511
f 513/513/513 1004/1004/1004 514/514/514
f 516/516/516 1005/1005/1005 517/517/517
f 519/519/519 1006/1006/1006 520/520/520
f 522/522/522 1007/1007/1007 523/523/523
f 1008/1008/1008 622/622/622 1009/1009/1009
f 622/622/622 624/624/624 1010/1010/1010
f 762/762/762 761/761/761 1011/1011/1011
f 1011/1011/1011 761/761/761 1012/1012/1012
f 624/624/624 1013/1013/1013 1014/1014/1014
f 1015/1015/1015 1013/1013/1013 624/624/624
f 1012/1012/1012 761/761/761 1016/1016/1016
f 1016/1016/1016 761/761/761 1017/1017/1017
f 1018/1018/1018 1013/1013/1013 1019/1019/1019
f 1013/1013/1013 1015/1015/1015 1019/1019/1019
f 1017/1017/1017 761/761/761 1020/1020/1020
f 1020/1020/1020 761/761/761 1021/1021/1021
f 1015/1015/1015 1022/1022/1022 1019/1019/1019
f 1022/1022/1022 1023/1023/1023 1019/1019/1019
f 1021/1021/1021 761/761/761 1024/1024/1024
f 1024/1024/1024 761/761/761 1025/1025/1025
f 1026/1026/1026 1023/1023/1023 1022/1022/1022
f 1025/1025/1025 761/761/761 1027/1027/1027
f 1027/1027/1027 761/761/761 1009/1009/1009
f 1028/1028/1028 1027/1027/1027 1009/1009/1009
f 1029/1029/1029 1028/1028/1028 1030/1030/1030
f 1031/1031/1031 1029/1029/1029 1030/1030/1030
f 1032/1032/1032 1031/1031/1031 1030/1030/1030
f 1033/1033/1033 1032/1032/1032 1030/1030/1030
f 770/770/770 769/769/769 1034/1034/1034
f 770/770/770 1034/1034/1034 1030/1030/1030
f 1030/1030/1030 1034/1034/1034 1033/1033/1033
f 1035/1035/1035 659/659/659 658/658/658
f 658/658/658 1036/1036/1036 1037/1037/1037
f 1038/1038/1038 1039/1039/1039 1040/1040/1040
f 1036/1036/1036 1038/1038/1038 1041/1041/1041
f 1037/1037/1037 1035/1035/1035 658/658/658
f 1042/1042/1042 1037/1037/1037 1036/1036/1036
f 1043/1043/1043 1039/1039/1039 1038/1038/1038
f 1044/1044/1044 845/845/845 844/844/844
f 1043/1043/1043 1038/1038/1038 1045/1045/1045
f 1046/1046/1046 1042/1042/1042 1036/1036/1036
f 1041/1041/1041 1046/1046/1046 1036/1036/1036
f 1047/1047/1047 1044/1044/1044 1026/1026/1026
f 1044/1044/1044 844/844/844 1048/1048/1048
f 1040/1040/1040 1041/1041/1041 1038/1038/1038
f 1049/1049/1049 1043/1043/1043 1045/1045/1045
f 1044/1044/1044 1048/1048/1048 1050/1050/1050
f 1051/1051/1051 1049/1049/1049 1045/1045/1045
f 1044/1044/1044 1050/1050/1050 1052/1052/1052
f 1053/1053/1053 1051/1051/1051 1045/1045/1045
f 1044/1044/1044 1052/1052/1052 1054/1054/1054
f 1030/1030/1030 1028/1028/1028 1009/1009/1009
f 1009/1009/1009 761/761/761 1008/1008/1008
f 1044/1044/1044 1054/1054/1054 1055/1055/1055
f 1044/1044/1044 1055/1055/1055 1026/1026/1026
f 1056/1056/1056 1009/1009/1009 622/622/622
f 1014/1014/1014 1010/1010/1010 624/624/624
f 1057/1057/1057 1056/1056/1056 622/622/622
f 1047/1047/1047 1026/1026/1026 1022/1022/1022
f 1058/1058/1058 1051/1051/1051 1053/1053/1053
f 1057/1057/1057 622/622/622 1010/1010/1010
f 1059/1059/1059 1047/1047/1047 1022/1022/1022
f 1058/1058/1058 1053/1053/1053 1047/1047/1047
f 1058/1058/1058 1047/1047/1047 1060/1060/1060
f 1059/1059/1059 1060/1060/1060 1047/1047/1047
f 837/837/837 835/835/835 1061/1061/1061
f 527/527/527 1062/1062/1062 1063/1063/1063
f 1018/1018/1018 1062/1062/1062 1013/1013/1013
f 1013/1013/1013 1062/1062/1062 527/527/527
f 1061/1061/1061 835/835/835 527/527/527
f 1064/1064/1064 1061/1061/1061 527/527/527
f 527/527/527 1063/1063/1063 525/525/525
f 526/526/526 1064/1064/1064 527/527/527
f 528/528/528 1065/1065/1065 529/529/529
f 531/531/531 1066/1066/1066 532/532/532
f 534/534/534 1067/1067/1067 535/535/535
f 537/537/537 1068/1068/1068 538/538/538
f 540/540/540 1069/1069/1069 541/541/541
f 543/543/543 1070/1070/1070 544/544/544
f 546/546/546 1071/1071/1071 547/547/547
f 549/549/549 1072/1072/1072 550/550/550
f 552/552/552 1073/1073/1073 553/553/553
f 555/555/555 1074/1074/1074 556/556/556
f 558/558/558 1075/1075/1075 559/559/559
f 561/561/561 1076/1076/1076 562/562/562
f 564/564/564 1077/1077/1077 565/565/565
f 567/567/567 1078/1078/1078 568/568/568

o part_001
usemtl material_0
v -0.04394567 0.07783502 -0.03861514
v -0.05787557 0.08640955 -0.03861512
v -0.05890365 0.08556581 -0.03861512
v -0.05890365 0.08556581 -0.06404050
v -0.04394567 0.07783502 -0.06404054
v -0.06007660 0.08493886 -0.06404050
v -0.14710731 0.03805421 -0.03861509
v -0.18179169 0.03151350 -0.06404049
v -0.18179169 0.03151350 -0.03861509
v -0.18179169 0.03151350 -0.03861509
v -0.22098526 0.02367018 -0.06404049
v -0.22098526 0.02367018 -0.03861509
v -0.18192706 -0.04865159 -0.03861509
v -0.14724267 -0.04865159 -0.06404049
v -0.14724267 -0.04865159 -0.03861509
v -0.25116048 -0.04811017 -0.03861509
v -0.25116045 -0.08712148 -0.06404049
v -0.25116045 -0.08712148 -0.03861509
v -0.21333375 -0.07262882 -0.03861509
v -0.21013955 -0.06070788 -0.06403971
v -0.21013955 -0.06070788 -0.03861509
v -0.20141282 -0.05198115 -0.03861509
v -0.21013955 -0.06070788 -0.06403971
v -0.20141282 -0.05198115 -0.06404049
v -0.20141282 -0.05198115 -0.03861509
v -0.18949192 -0.04878695 -0.06404049
v -0.18949192 -0.04878695 -0.03861509
v -0.18949192 -0.04878695 -0.03861509
v -0.18192706 -0.04865159 -0.06404049
v -0.18192706 -0.04865159 -0.03861509
v -0.08253162 0.07746404 -0.03861509
v -0.08807080 0.06046713 -0.06404049
v -0.08807080 0.06046713 -0.03861509
v -0.08807080 0.06046713 -0.03861509
v -0.10181728 0.04771241 -0.06404049
v -0.10181728 0.04771241 -0.03861509
v -0.10181728 0.04771241 -0.03861509
v -0.11924372 0.04261748 -0.06403971
v -0.11924372 0.04261748 -0.03861509
v -0.14710731 0.03805421 -0.03861509
v -0.11924372 0.04261748 -0.06403971
v -0.14710731 0.03805421 -0.06404049
v -0.07074389 0.11101156 -0.03861509
v -0.07663776 0.10943228 -0.06404049
v -0.07663776 0.10943228 -0.03861509
v -0.07663776 0.10943228 -0.03861509
v -0.08095238 0.10511766 -0.06403970
v -0.08095238 0.10511766 -0.03861507
v -0.08253162 0.09922377 -0.03861507
v -0.08095238 0.10511766 -0.06403970
v -0.08253162 0.09922377 -0.06404048
v -0.04394570 0.11101158 -0.03861512
v -0.07074389 0.11101156 -0.06404049
v -0.07074389 0.11101156 -0.03861509
v -0.08253162 0.07746404 -0.03861509
v -0.08253162 0.09922377 -0.06404048
v -0.08253162 0.07746404 -0.06404049
v -0.10535371 -0.04865156 -0.03861509
v -0.09396895 -0.05237156 -0.06404049
v -0.09396895 -0.05237156 -0.03861509
v -0.08566500 -0.06067551 -0.03861509
v -0.09396895 -0.05237156 -0.06404049
v -0.08566500 -0.06067551 -0.06404049
v -0.08566500 -0.06067551 -0.03861509
v -0.08253155 -0.07079690 -0.06403972
v -0.08253155 -0.07079690 -0.03861509
v -0.10535371 -0.04865156 -0.06404049
v -0.10535371 -0.04865156 -0.03861509
v -0.08088840 -0.08098902 -0.03861509
v -0.08253155 -0.07485673 -0.06403972
v -0.08088840 -0.08098902 -0.06404050
v -0.08088840 -0.08098902 -0.03861509
v -0.07639922 -0.08547819 -0.06403973
v -0.07639922 -0.08547819 -0.03861512
v -0.07026690 -0.08712132 -0.03861512
v -0.07639922 -0.08547819 -0.06403973
v -0.07026690 -0.08712132 -0.06404052
v -0.04394557 -0.08712132 -0.03861517
v -0.07026690 -0.08712132 -0.06404052
v -0.04394557 -0.08712132 -0.06404056
v -0.08253155 -0.07079690 -0.03861509
v -0.08253155 -0.07485673 -0.06403972
v -0.08253155 -0.07485673 -0.03861509
v -0.24810222 0.00978327 -0.03861509
v -0.25161167 -0.00331405 -0.06404049
v -0.25161167 -0.00331405 -0.03861509
v -0.23851436 0.01937117 -0.03861509
v -0.24810222 0.00978327 -0.06404049
v -0.24810222 0.00978327 -0.03861509
v -0.22541702 0.02288059 -0.03861509
v -0.23851436 0.01937117 -0.06404049
v -0.23851436 0.01937117 -0.03861509
v -0.25161167 -0.00331405 -0.03861509
v -0.25116048 -0.04811017 -0.06404049
v -0.25116048 -0.04811017 -0.03861509
v -0.22098526 0.02367018 -0.03861509
v -0.22541702 0.02288059 -0.06404049
v -0.22541702 0.02288059 -0.03861509
v -0.22523011 -0.08712145 -0.03861509
v -0.21937038 -0.08555805 -0.06404049
v -0.21937038 -0.08555805 -0.03861509
v -0.21937038 -0.08555805 -0.03861509
v -0.21503209 -0.08128676 -0.06404049
v -0.21503209 -0.08128676 -0.03861509
v -0.21503209 -0.08128676 -0.03861509
v -0.21337769 -0.07545208 -0.06404049
v -0.21337769 -0.07545208 -0.03861509
v -0.25116045 -0.08712148 -0.03861509
v -0.22523011 -0.08712145 -0.06404049
v -0.22523011 -0.08712145 -0.03861509
v -0.21337769 -0.07545208 -0.03861509
v -0.21333375 -0.07262882 -0.06404049
v -0.21333375 -0.07262882 -0.03861509
v -0.00708630 0.04097569 -0.03861520
v -0.02244838 0.04993295 -0.06403980
v -0.02244838 0.04993295 -0.03861517
v -0.03639130 0.06134953 -0.03861514
v -0.02244838 0.04993295 -0.06403980
v -0.03639130 0.06134953 -0.06404055
v -0.03639130 0.06134953 -0.03861514
v -0.04394567 0.07783502 -0.06404054
v -0.04394567 0.07783502 -0.03861514
v -0.04394567 0.07783502 -0.03861514
v -0.04394570 0.11101158 -0.06404053
v -0.04394570 0.11101158 -0.03861512
v 0.02228258 0.02269414 -0.03861524
v 0.00810165 0.03208752 -0.06404063
v 0.00810165 0.03208752 -0.03861522
v -0.04394557 -0.07740147 -0.03861514
v -0.03589220 -0.06102272 -0.06403978
v -0.03589220 -0.06102272 -0.03861517
v -0.02115138 -0.04953033 -0.03861517
v -0.03589220 -0.06102272 -0.06403978
v -0.02115138 -0.04953033 -0.06404058
v -0.00607138 -0.04050180 -0.03861520
v -0.02115138 -0.04953033 -0.06404058
v -0.00607138 -0.04050180 -0.06404060
v -0.04394557 -0.08712132 -0.03861517
v -0.04394557 -0.07740147 -0.06404055
v -0.04394557 -0.07740147 -0.03861514
v 0.01180471 -0.03026732 -0.03861522
v -0.00254007 -0.03867119 -0.06404060
v 0.01180471 -0.03026732 -0.06404063
v 0.02446414 -0.01971977 -0.03861524
v 0.01180471 -0.03026732 -0.06404063
v 0.02446414 -0.01971977 -0.06404065
v 0.03040759 -0.00632778 -0.03861527
v 0.02446414 -0.01971977 -0.06404065
v 0.03040759 -0.00632778 -0.06404066
v 0.03040759 -0.00632778 -0.03861527
v 0.03047528 0.00790347 -0.06404066
v 0.03047528 0.00790347 -0.03861527
v -0.00254007 -0.03867119 -0.03861520
v -0.00607138 -0.04050180 -0.06404060
v -0.00254007 -0.03867119 -0.06404060
v 0.03047528 0.00790347 -0.03861527
v 0.02228258 0.02269414 -0.06404065
v 0.02228258 0.02269414 -0.03861524
v 0.00810165 0.03208752 -0.03861522
v -0.00708630 0.04097569 -0.06404060
v -0.00708630 0.04097569 -0.03861520
v -0.22402735 -0.06723175 -0.06404049
v -0.22415774 -0.06855534 -0.03861507
v -0.22402735 -0.06723175 -0.03861507
v -0.22517071 -0.07100098 -0.06404049
v -0.22601447 -0.07202907 -0.03861507
v -0.22517071 -0.07100098 -0.03861507
v -0.22454378 -0.06982803 -0.06404049
v -0.22517071 -0.07100098 -0.03861507
v -0.22454378 -0.06982803 -0.03861507
v -0.23759618 -0.06723177 -0.06404049
v -0.23746583 -0.06590820 -0.03861509
v -0.23759618 -0.06723177 -0.03861509
v -0.22454376 -0.06463546 -0.06404045
v -0.22415774 -0.06590818 -0.03861507
v -0.22454376 -0.06463546 -0.03861507
v -0.22415774 -0.06590818 -0.06404049
v -0.22402735 -0.06723175 -0.03861507
v -0.22415774 -0.06590818 -0.03861507
v -0.22601444 -0.06243445 -0.06404038
v -0.22517071 -0.06346254 -0.03861507
v -0.22601444 -0.06243445 -0.03861507
v -0.23213531 -0.06057771 -0.03861509
v -0.23081174 -0.06044733 -0.06404045
v -0.23081174 -0.06044733 -0.03861509
v -0.23081176 -0.07401619 -0.06404049
v -0.23213534 -0.07388583 -0.03861509
v -0.23081176 -0.07401619 -0.03861509
v -0.22948820 -0.07388583 -0.03861509
v -0.23081176 -0.07401619 -0.03861509
v -0.22523011 -0.08712145 -0.03861509
v -0.23707973 -0.06463549 -0.06404049
v -0.23645278 -0.06346254 -0.03861509
v -0.23707973 -0.06463549 -0.03861509
v -0.22948820 -0.07388583 -0.06404049
v -0.23081176 -0.07401619 -0.03861509
v -0.22948820 -0.07388583 -0.03861509
v -0.23340803 -0.06096377 -0.06404049
v -0.23213531 -0.06057771 -0.03861509
v -0.23340803 -0.06096377 -0.03861509
v -0.22704254 -0.06159074 -0.06404036
v -0.22601444 -0.06243445 -0.03861507
v -0.22704254 -0.06159074 -0.03861507
v -0.23340805 -0.07349976 -0.06404049
v -0.23458100 -0.07287281 -0.03861509
v -0.23340805 -0.07349976 -0.03861509
v -0.22821548 -0.06096379 -0.06404036
v -0.22704254 -0.06159074 -0.03861507
v -0.22821548 -0.06096379 -0.03861507
v -0.22601447 -0.07202907 -0.06404049
v -0.22704256 -0.07287281 -0.03861509
v -0.22601447 -0.07202907 -0.03861507
v -0.23560907 -0.06243445 -0.06404049
v -0.23458097 -0.06159072 -0.03861509
v -0.23560907 -0.06243445 -0.03861509
v -0.23746583 -0.06590820 -0.06404049
v -0.23707973 -0.06463549 -0.03861509
v -0.23746583 -0.06590820 -0.03861509
v -0.23081176 -0.07401619 -0.06404049
v -0.22523011 -0.08712145 -0.06404049
v -0.23213534 -0.07388583 -0.06404049
v -0.22704256 -0.07287281 -0.06404049
v -0.22821548 -0.07349976 -0.03861509
v -0.22704256 -0.07287281 -0.03861509
v -0.23458100 -0.07287281 -0.03861509
v -0.23560910 -0.07202907 -0.06404049
v -0.23560910 -0.07202907 -0.03861507
v -0.23645281 -0.07100098 -0.06404049
v -0.23707975 -0.06982806 -0.03861507
v -0.23645281 -0.07100098 -0.03861507
v -0.23081174 -0.06044733 -0.03861509
v -0.22948820 -0.06057771 -0.06404041
v -0.22948820 -0.06057771 -0.03861509
v -0.22517071 -0.06346254 -0.06404041
v -0.22454376 -0.06463546 -0.03861507
v -0.22517071 -0.06346254 -0.03861507
v -0.23746583 -0.06855534 -0.06404049
v -0.23759618 -0.06723177 -0.03861509
v -0.23746583 -0.06855534 -0.03861509
v -0.22415774 -0.06855534 -0.06404049
v -0.22454378 -0.06982803 -0.03861507
v -0.22415774 -0.06855534 -0.03861507
v -0.23213534 -0.07388583 -0.06404049
v -0.23340805 -0.07349976 -0.03861509
v -0.23213534 -0.07388583 -0.03861509
v -0.23458097 -0.06159072 -0.06404049
v -0.23340803 -0.06096377 -0.03861509
v -0.23458097 -0.06159072 -0.03861509
v -0.22948820 -0.06057771 -0.03861509
v -0.22821548 -0.06096379 -0.06404036
v -0.22821548 -0.06096379 -0.03861507
v -0.22821548 -0.07349976 -0.06404049
v -0.22948820 -0.07388583 -0.03861509
v -0.22821548 -0.07349976 -0.03861509
v -0.23707975 -0.06982806 -0.06404049
v -0.23746583 -0.06855534 -0.03861509
v -0.23707975 -0.06982806 -0.03861507
v -0.23645278 -0.06346254 -0.06404049
v -0.23560907 -0.06243445 -0.03861509
v -0.23645278 -0.06346254 -0.03861509
v -0.23560910 -0.07202907 -0.06404049
v -0.23645281 -0.07100098 -0.03861507
v -0.23560910 -0.07202907 -0.03861507
v -0.05588845 -0.06723172 -0.03861514
v -0.05601880 -0.06855529 -0.06404053
v -0.05601880 -0.06855529 -0.03861512
v -0.05703183 -0.07100096 -0.06404053
v -0.05787557 -0.07202905 -0.03861512
v -0.05703183 -0.07100096 -0.03861512
v -0.05640488 -0.06982801 -0.03861512
v -0.05703183 -0.07100096 -0.06404053
v -0.05703183 -0.07100096 -0.03861512
v -0.06945728 -0.06723175 -0.06404049
v -0.06932693 -0.06590815 -0.03861512
v -0.06945728 -0.06723175 -0.03861514
v -0.05640488 -0.06463543 -0.03861514
v -0.05601883 -0.06590813 -0.06404052
v -0.05601883 -0.06590813 -0.03861514
v -0.05601883 -0.06590813 -0.06404052
v -0.05588845 -0.06723172 -0.03861514
v -0.05601883 -0.06590813 -0.03861514
v -0.05787557 -0.06243442 -0.06404056
v -0.05703183 -0.06346252 -0.03861514
v -0.05787557 -0.06243442 -0.03861514
v -0.06399646 -0.06057766 -0.06404057
v -0.06267289 -0.06044731 -0.03861514
v -0.06399643 -0.06057766 -0.03861514
v -0.06267286 -0.07401617 -0.03861514
v -0.06399646 -0.07388579 -0.06404058
v -0.06399643 -0.07388579 -0.03861514
v -0.06267286 -0.07401617 -0.03861514
v -0.07026690 -0.08712132 -0.03861512
v -0.06134929 -0.07388578 -0.03861512
v -0.06894085 -0.06463546 -0.03861512
v -0.06831392 -0.06346252 -0.06404054
v -0.06831392 -0.06346252 -0.03861512
v -0.06134929 -0.07388578 -0.06404052
v -0.06267286 -0.07401617 -0.03861514
v -0.06134929 -0.07388578 -0.03861512
v -0.06526915 -0.06096374 -0.06404052
v -0.06399643 -0.06057766 -0.03861514
v -0.06526915 -0.06096374 -0.03861512
v -0.05890365 -0.06159069 -0.03861514
v -0.05787557 -0.06243442 -0.06404056
v -0.05787557 -0.06243442 -0.03861514
v -0.06526915 -0.07349971 -0.03861512
v -0.06644209 -0.07287276 -0.06404055
v -0.06644209 -0.07287276 -0.03861512
v -0.06007660 -0.06096374 -0.06404060
v -0.05890365 -0.06159069 -0.03861514
v -0.06007660 -0.06096374 -0.03861514
v -0.05787557 -0.07202905 -0.06404053
v -0.05890363 -0.07287276 -0.03861512
v -0.05787557 -0.07202905 -0.03861512
v -0.06747019 -0.06243443 -0.06404054
v -0.06644210 -0.06159069 -0.03861512
v -0.06747019 -0.06243443 -0.03861512
v -0.06932693 -0.06590815 -0.03861512
v -0.06894085 -0.06463544 -0.06404056
v -0.06894085 -0.06463546 -0.03861512
v -0.06399646 -0.07388579 -0.06404058
v -0.06267286 -0.07401617 -0.06404059
v -0.07026690 -0.08712132 -0.06404052
v -0.05890363 -0.07287276 -0.03861512
v -0.06007658 -0.07349973 -0.06404052
v -0.06007658 -0.07349971 -0.03861512
v -0.06644209 -0.07287276 -0.03861512
v -0.06747019 -0.07202905 -0.06404054
v -0.06747016 -0.07202905 -0.03861512
v -0.06831390 -0.07100096 -0.03861512
v -0.06894085 -0.06982803 -0.06404051
v -0.06894085 -0.06982803 -0.03861514
v -0.06267286 -0.06044731 -0.06404059
v -0.06134930 -0.06057768 -0.03861514
v -0.06267289 -0.06044731 -0.03861514
v -0.05703183 -0.06346252 -0.06404058
v -0.05640488 -0.06463543 -0.03861514
v -0.05703183 -0.06346252 -0.03861514
v -0.06932693 -0.06855532 -0.03861514
v -0.06945728 -0.06723175 -0.06404049
v -0.06945728 -0.06723175 -0.03861514
v -0.05601880 -0.06855529 -0.06404053
v -0.05640488 -0.06982801 -0.03861512
v -0.05601880 -0.06855529 -0.03861512
v -0.06399643 -0.07388579 -0.03861514
v -0.06526915 -0.07349971 -0.06404056
v -0.06526915 -0.07349971 -0.03861512
v -0.06644210 -0.06159069 -0.03861512
v -0.06526915 -0.06096374 -0.06404052
v -0.06526915 -0.06096374 -0.03861512
v -0.06134930 -0.06057768 -0.06404060
v -0.06007660 -0.06096374 -0.03861514
v -0.06134930 -0.06057768 -0.03861514
v -0.06007658 -0.07349973 -0.06404052
v -0.06134929 -0.07388578 -0.03861512
v -0.06007658 -0.07349971 -0.03861512
v -0.06894085 -0.06982803 -0.03861514
v -0.06932693 -0.06855532 -0.06404050
v -0.06932693 -0.06855532 -0.03861514
v -0.06831392 -0.06346252 -0.06404054
v -0.06747019 -0.06243443 -0.03861512
v -0.06831392 -0.06346252 -0.03861512
v -0.06747016 -0.07202905 -0.03861512
v -0.06831390 -0.07100096 -0.06404053
v -0.06831390 -0.07100096 -0.03861512
v -0.05588847 0.09120687 -0.06404052
v -0.05601882 0.08988331 -0.03861512
v -0.05588847 0.09120687 -0.03861512
v -0.05703185 0.08743764 -0.06404050
v -0.05787557 0.08640955 -0.03861512
v -0.05703185 0.08743764 -0.03861509
v -0.05640490 0.08861059 -0.03861512
v -0.05703185 0.08743764 -0.06404050
v -0.05703185 0.08743764 -0.03861509
v -0.06945730 0.09120687 -0.06404049
v -0.06932695 0.09253044 -0.03861509
v -0.06945730 0.09120684 -0.03861509
v -0.05640490 0.09380316 -0.06404053
v -0.05601882 0.09253047 -0.03861512
v -0.05640490 0.09380316 -0.03861512
v -0.05601882 0.09253047 -0.03861512
v -0.05588847 0.09120687 -0.06404052
v -0.05588847 0.09120687 -0.03861512
v -0.05787559 0.09600417 -0.03861512
v -0.05703185 0.09497608 -0.06404053
v -0.05703185 0.09497608 -0.03861512
v -0.06399646 0.09786091 -0.06404050
v -0.06267289 0.09799129 -0.03861512
v -0.06399646 0.09786091 -0.03861512
v -0.06267289 0.08442245 -0.03861512
v -0.06399646 0.08455281 -0.06404050
v -0.06399646 0.08455281 -0.03861509
v -0.06399646 0.09786091 -0.03861512
v -0.06267289 0.09799129 -0.03861512
v -0.07074389 0.11101156 -0.03861509
v -0.06894087 0.09380316 -0.06404049
v -0.06831392 0.09497608 -0.03861509
v -0.06894087 0.09380316 -0.03861509
v -0.06134932 0.08455281 -0.06404050
v -0.06267289 0.08442245 -0.03861512
v -0.06134932 0.08455281 -0.03861512
v -0.06526918 0.09747485 -0.06404049
v -0.06399646 0.09786091 -0.03861512
v -0.06526918 0.09747485 -0.03861509
v -0.05890368 0.09684791 -0.06404052
v -0.05787559 0.09600417 -0.03861512
v -0.05890368 0.09684791 -0.03861512
v -0.06526917 0.08493886 -0.03861509
v -0.06644212 0.08556581 -0.06404049
v -0.06644212 0.08556581 -0.03861509
v -0.06007660 0.09747485 -0.06404050
v -0.05890368 0.09684791 -0.03861512
v -0.06007660 0.09747485 -0.03861512
v -0.05787557 0.08640955 -0.06404050
v -0.05890365 0.08556581 -0.03861512
v -0.05787557 0.08640955 -0.03861512
v -0.06747021 0.09600417 -0.03861509
v -0.06644210 0.09684790 -0.06404049
v -0.06644210 0.09684790 -0.03861509
v -0.06932695 0.09253044 -0.03861509
v -0.06894087 0.09380316 -0.06404049
v -0.06894087 0.09380316 -0.03861509
v -0.06267289 0.09799129 -0.06404050
v -0.07074389 0.11101156 -0.06404049
v -0.06134932 0.09786093 -0.06404050
v -0.05890365 0.08556581 -0.03861512
v -0.06007660 0.08493886 -0.06404050
v -0.06007660 0.08493886 -0.03861512
v -0.06644212 0.08556581 -0.06404049
v -0.06747018 0.08640955 -0.03861509
v -0.06644212 0.08556581 -0.03861509
v -0.06831392 0.08743764 -0.06404049
v -0.06894087 0.08861059 -0.03861509
v -0.06831392 0.08743764 -0.03861509
v -0.06267289 0.09799129 -0.06404050
v -0.06134932 0.09786093 -0.03861512
v -0.06267289 0.09799129 -0.03861512
v -0.05703185 0.09497608 -0.06404053
v -0.05640490 0.09380316 -0.03861512
v -0.05703185 0.09497608 -0.03861512
v -0.06932695 0.08988327 -0.06404049
v -0.06945730 0.09120684 -0.03861509
v -0.06932695 0.08988327 -0.03861509
v -0.05601882 0.08988331 -0.03861512
v -0.05640490 0.08861059 -0.06404050
v -0.05640490 0.08861059 -0.03861512
v -0.06399646 0.08455281 -0.06404050
v -0.06526917 0.08493886 -0.03861509
v -0.06399646 0.08455281 -0.03861509
v -0.06644210 0.09684790 -0.06404049
v -0.06526918 0.09747485 -0.03861509
v -0.06644210 0.09684790 -0.03861509
v -0.06134932 0.09786093 -0.06404050
v -0.06007660 0.09747485 -0.03861512
v -0.06134932 0.09786093 -0.03861512
v -0.06007660 0.08493886 -0.06404050
v -0.06134932 0.08455281 -0.03861512
v -0.06007660 0.08493886 -0.03861512
v -0.06894087 0.08861059 -0.06404049
v -0.06932695 0.08988327 -0.03861509
v -0.06894087 0.08861059 -0.03861509
v -0.06831392 0.09497608 -0.06404049
v -0.06747021 0.09600417 -0.03861509
v -0.06831392 0.09497608 -0.03861509
v -0.06747018 0.08640955 -0.03861509
v -0.06831392 0.08743764 -0.06404049
v -0.06831392 0.08743764 -0.03861509
v -0.01841460 -0.00013784 -0.03861517
v -0.01806123 0.00344980 -0.06404017
v -0.01806123 0.00344980 -0.03861517
v -0.22704254 -0.06159074 -0.03861507
v -0.22601444 -0.06243445 -0.03861507
v -0.21013955 -0.06070788 -0.03861509
v -0.01531539 0.01007889 -0.06404013
v -0.01302840 0.01286559 -0.03861520
v -0.01531539 0.01007889 -0.03861517
v -0.01701477 0.00689956 -0.03861517
v -0.01531539 0.01007889 -0.06404013
v -0.01531539 0.01007889 -0.03861517
v 0.01836466 -0.00013781 -0.06404050
v 0.01801129 -0.00372545 -0.03861524
v 0.01836466 -0.00013781 -0.03861524
v -0.01701475 -0.00717524 -0.03861517
v -0.01806123 -0.00372548 -0.06404022
v -0.01806123 -0.00372548 -0.03861517
v -0.01806123 -0.00372548 -0.03861517
v -0.01841460 -0.00013784 -0.06404020
v -0.01841460 -0.00013784 -0.03861517
v -0.01302837 -0.01314126 -0.03861517
v -0.01531536 -0.01035456 -0.06404030
v -0.01531536 -0.01035456 -0.03861517
v 0.00356266 -0.01817409 -0.03861522
v -0.00002494 -0.01852744 -0.06404047
v -0.00002494 -0.01852744 -0.03861522
v -0.00002497 0.01825180 -0.06404020
v 0.00356265 0.01789845 -0.03861522
v -0.00002497 0.01825180 -0.03861520
v 0.01696484 -0.00717522 -0.06404048
v 0.01526545 -0.01035455 -0.03861524
v 0.01696484 -0.00717522 -0.03861524
v -0.00361261 0.01789845 -0.06404017
v -0.00002497 0.01825180 -0.03861520
v -0.00361261 0.01789845 -0.03861522
v 0.00701243 -0.01712761 -0.03861522
v 0.00356266 -0.01817409 -0.06404051
v 0.00356266 -0.01817409 -0.03861522
v -0.01024169 -0.01542825 -0.03861520
v -0.01302837 -0.01314126 -0.06404034
v -0.01302837 -0.01314126 -0.03861517
v 0.00701243 0.01685198 -0.06404029
v 0.01019175 0.01515260 -0.03861522
v 0.00701243 0.01685198 -0.03861522
v -0.00706234 -0.01712762 -0.03861520
v -0.01024169 -0.01542825 -0.06404039
v -0.01024169 -0.01542825 -0.03861520
v -0.01302840 0.01286559 -0.06404014
v -0.01024171 0.01515258 -0.03861520
v -0.01302840 0.01286559 -0.03861520
v 0.01297846 -0.01314125 -0.03861524
v 0.01019176 -0.01542823 -0.06404051
v 0.01019176 -0.01542823 -0.03861522
v 0.01801129 -0.00372545 -0.03861524
v 0.01696484 -0.00717522 -0.06404048
v 0.01696484 -0.00717522 -0.03861524
v -0.06747019 -0.06243443 -0.06404054
v -0.06831392 -0.06346252 -0.06404054
v -0.08566500 -0.06067551 -0.06404049
v -0.01024171 0.01515258 -0.03861520
v -0.00706239 0.01685197 -0.06404013
v -0.00706239 0.01685197 -0.03861522
v 0.01019175 0.01515260 -0.06404034
v 0.01297845 0.01286562 -0.03861524
v 0.01019175 0.01515260 -0.03861522
v 0.01526545 0.01007892 -0.06404043
v 0.01696484 0.00689959 -0.03861522
v 0.01526545 0.01007892 -0.03861522
v -0.01531536 -0.01035456 -0.03861517
v -0.01701475 -0.00717524 -0.06404025
v -0.01701475 -0.00717524 -0.03861517
v -0.00002494 -0.01852744 -0.03861522
v -0.00361258 -0.01817409 -0.06404044
v -0.00361258 -0.01817409 -0.03861522
v 0.01801129 0.00344983 -0.06404049
v 0.01836466 -0.00013781 -0.03861524
v 0.01801129 0.00344983 -0.03861524
v -0.01806123 0.00344980 -0.03861517
v -0.01701477 0.00689956 -0.06404015
v -0.01701477 0.00689956 -0.03861517
v 0.00356265 0.01789845 -0.06404023
v 0.00701243 0.01685198 -0.03861522
v 0.00356265 0.01789845 -0.03861522
v 0.01019176 -0.01542823 -0.03861522
v 0.00701243 -0.01712761 -0.06404051
v 0.00701243 -0.01712761 -0.03861522
v -0.00361258 -0.01817409 -0.03861522
v -0.00706234 -0.01712762 -0.06404040
v -0.00706234 -0.01712762 -0.03861520
v -0.00706239 0.01685197 -0.06404013
v -0.00361261 0.01789845 -0.03861522
v -0.00706239 0.01685197 -0.03861522
v 0.01696484 0.00689959 -0.06404046
v 0.01801129 0.00344983 -0.03861524
v 0.01696484 0.00689959 -0.03861522
v 0.01526545 -0.01035455 -0.06404051
v 0.01297846 -0.01314125 -0.03861524
v 0.01526545 -0.01035455 -0.03861524
v 0.01297845 0.01286562 -0.06404041
v 0.01526545 0.01007892 -0.03861522
v 0.01297845 0.01286562 -0.03861524
v -0.14710731 0.03805421 -0.03861509
v -0.01841460 -0.00013784 -0.03861517
v -0.11924372 0.04261748 -0.03861509
v -0.22098526 0.02367018 -0.03861509
v -0.22541702 0.02288059 -0.03861509
v -0.24810222 0.00978327 -0.03861509
v -0.23851436 0.01937117 -0.03861509
v -0.18179169 0.03151350 -0.03861509
v -0.01806123 0.00344980 -0.03861517
v -0.01701477 0.00689956 -0.03861517
v -0.10181728 0.04771241 -0.03861509
v -0.08807080 0.06046713 -0.03861509
v -0.03639130 0.06134953 -0.03861514
v -0.02244838 0.04993295 -0.03861517
v -0.06267289 0.08442245 -0.03861512
v -0.06399646 0.08455281 -0.03861509
v -0.01531539 0.01007889 -0.03861517
v -0.06945730 0.09120684 -0.03861509
v -0.08253162 0.09922377 -0.03861507
v -0.06932695 0.08988327 -0.03861509
v -0.08253162 0.07746404 -0.03861509
v -0.01302840 0.01286559 -0.03861520
v -0.06894087 0.08861059 -0.03861509
v -0.01024171 0.01515258 -0.03861520
v -0.00708630 0.04097569 -0.03861520
v -0.06831392 0.08743764 -0.03861509
v -0.06747018 0.08640955 -0.03861509
v -0.00706239 0.01685197 -0.03861522
v -0.00361261 0.01789845 -0.03861522
v -0.06644212 0.08556581 -0.03861509
v -0.06526917 0.08493886 -0.03861509
v 0.00810165 0.03208752 -0.03861522
v -0.00002497 0.01825180 -0.03861520
v -0.06134932 0.08455281 -0.03861512
v 0.01801129 0.00344983 -0.03861524
v 0.01836466 -0.00013781 -0.03861524
v 0.03047528 0.00790347 -0.03861527
v 0.03040759 -0.00632778 -0.03861527
v 0.02228258 0.02269414 -0.03861524
v 0.01019175 0.01515260 -0.03861522
v 0.01297845 0.01286562 -0.03861524
v 0.01696484 0.00689959 -0.03861522
v 0.01526545 0.01007892 -0.03861522
v 0.00701243 0.01685198 -0.03861522
v -0.05588847 0.09120687 -0.03861512
v -0.05601882 0.08988331 -0.03861512
v 0.00356265 0.01789845 -0.03861522
v -0.05640490 0.08861059 -0.03861512
v -0.06007660 0.08493886 -0.03861512
v -0.05703185 0.08743764 -0.03861509
v -0.22098526 0.02367018 -0.06404049
v -0.18179169 0.03151350 -0.06404049
v -0.24810222 0.00978327 -0.06404049
v -0.14710731 0.03805421 -0.06404049
v -0.01841460 -0.00013784 -0.06404020
v -0.23851436 0.01937117 -0.06404049
v -0.22541702 0.02288059 -0.06404049
v -0.01806123 0.00344980 -0.06404017
v -0.10181728 0.04771241 -0.06404049
v -0.11924372 0.04261748 -0.06403971
v -0.01701477 0.00689956 -0.06404015
v -0.01531539 0.01007889 -0.06404013
v -0.02244838 0.04993295 -0.06403980
v -0.08807080 0.06046713 -0.06404049
v -0.01302840 0.01286559 -0.06404014
v -0.08253162 0.07746404 -0.06404049
v -0.08253162 0.09922377 -0.06404048
v -0.06932695 0.08988327 -0.06404049
v -0.03639130 0.06134953 -0.06404055
v -0.01024171 0.01515258 -0.06404014
v -0.06945730 0.09120687 -0.06404049
v -0.06894087 0.08861059 -0.06404049
v -0.00706239 0.01685197 -0.06404013
v -0.00708630 0.04097569 -0.06404060
v -0.00361261 0.01789845 -0.06404017
v -0.06831392 0.08743764 -0.06404049
v -0.06747018 0.08640955 -0.06404049
v -0.00002497 0.01825180 -0.06404020
v 0.00810165 0.03208752 -0.06404063
v 0.00356265 0.01789845 -0.06404023
v -0.06644212 0.08556581 -0.06404049
v -0.06526917 0.08493886 -0.06404050
v 0.00701243 0.01685198 -0.06404029
v 0.01019175 0.01515260 -0.06404034
v -0.06399646 0.08455281 -0.06404050
v -0.06267289 0.08442245 -0.06404050
v 0.01297845 0.01286562 -0.06404041
v 0.02228258 0.02269414 -0.06404065
v 0.03040759 -0.00632778 -0.06404066
v 0.01836466 -0.00013781 -0.06404050
v 0.03047528 0.00790347 -0.06404066
v 0.01526545 0.01007892 -0.06404043
v 0.01801129 0.00344983 -0.06404049
v 0.01696484 0.00689959 -0.06404046
v -0.05601882 0.08988331 -0.06404052
v -0.05588847 0.09120687 -0.06404052
v -0.05640490 0.08861059 -0.06404050
v -0.05703185 0.08743764 -0.06404050
v -0.06134932 0.08455281 -0.06404050
v -0.05787557 0.08640955 -0.06404050
v -0.14710731 0.03805421 -0.06404049
v -0.18179169 0.03151350 -0.06404049
v -0.18192706 -0.04865159 -0.06404049
v -0.25116048 -0.04811017 -0.06404049
v -0.21333375 -0.07262882 -0.06404049
v -0.21013955 -0.06070788 -0.03861509
v -0.20141282 -0.05198115 -0.06404049
v -0.18949192 -0.04878695 -0.06404049
v -0.08253162 0.07746404 -0.06404049
v -0.08807080 0.06046713 -0.06404049
v -0.10181728 0.04771241 -0.06404049
v -0.11924372 0.04261748 -0.03861509
v -0.07074389 0.11101156 -0.06404049
v -0.07663776 0.10943228 -0.06404049
v -0.08095238 0.10511766 -0.03861507
v -0.04394570 0.11101158 -0.06404053
v -0.08253162 0.09922377 -0.03861507
v -0.10535371 -0.04865156 -0.06404049
v -0.09396895 -0.05237156 -0.03861509
v -0.08566500 -0.06067551 -0.06404049
v -0.08253155 -0.07485673 -0.03861509
v -0.08088840 -0.08098902 -0.06404050
v -0.07639922 -0.08547819 -0.03861512
v -0.07026690 -0.08712132 -0.03861512
v -0.08253155 -0.07079690 -0.06403972
v -0.24810222 0.00978327 -0.06404049
v -0.23851436 0.01937117 -0.06404049
v -0.22541702 0.02288059 -0.06404049
v -0.25161167 -0.00331405 -0.06404049
v -0.22098526 0.02367018 -0.06404049
v -0.22523011 -0.08712145 -0.06404049
v -0.21937038 -0.08555805 -0.06404049
v -0.21503209 -0.08128676 -0.06404049
v -0.25116045 -0.08712148 -0.06404049
v -0.21337769 -0.07545208 -0.06404049
v -0.00708630 0.04097569 -0.06404060
v -0.02244838 0.04993295 -0.03861517
v -0.03639130 0.06134953 -0.06404055
v -0.04394567 0.07783502 -0.06404054
v 0.02228258 0.02269414 -0.06404065
v -0.04394557 -0.07740147 -0.06404055
v -0.03589220 -0.06102272 -0.03861517
v -0.02115138 -0.04953033 -0.03861517
v -0.04394557 -0.08712132 -0.06404056
v -0.00254007 -0.03867119 -0.03861520
v 0.01180471 -0.03026732 -0.03861522
v 0.02446414 -0.01971977 -0.03861524
v 0.03040759 -0.00632778 -0.06404066
v -0.00607138 -0.04050180 -0.03861520
v 0.03047528 0.00790347 -0.06404066
v 0.00810165 0.03208752 -0.06404063
v -0.22415774 -0.06855534 -0.06404049
v -0.22601447 -0.07202907 -0.06404049
v -0.22517071 -0.07100098 -0.06404049
v -0.23746583 -0.06590820 -0.06404049
v -0.22415774 -0.06590818 -0.06404049
v -0.22402735 -0.06723175 -0.06404049
v -0.22517071 -0.06346254 -0.06404041
v -0.23213531 -0.06057771 -0.06404049
v -0.23213534 -0.07388583 -0.06404049
v -0.21337769 -0.07545208 -0.03861509
v -0.21333375 -0.07262882 -0.03861509
v -0.22517071 -0.07100098 -0.03861507
v -0.22402735 -0.06723175 -0.03861507
v -0.22415774 -0.06855534 -0.03861507
v -0.21937038 -0.08555805 -0.03861509
v -0.21503209 -0.08128676 -0.03861509
v -0.22704256 -0.07287281 -0.03861509
v -0.25116045 -0.08712148 -0.03861509
v -0.23340805 -0.07349976 -0.03861509
v -0.23759618 -0.06723177 -0.03861509
v -0.25116048 -0.04811017 -0.03861509
v -0.23746583 -0.06855534 -0.03861509
v -0.22454378 -0.06982803 -0.03861507
v -0.23707975 -0.06982806 -0.03861507
v -0.23645281 -0.07100098 -0.03861507
v -0.22601447 -0.07202907 -0.03861507
v -0.23560910 -0.07202907 -0.03861507
v -0.23458100 -0.07287281 -0.03861509
v -0.22821548 -0.07349976 -0.03861509
v -0.23213534 -0.07388583 -0.03861509
v -0.23645278 -0.06346254 -0.06404049
v -0.23081176 -0.07401619 -0.06404049
v -0.23213531 -0.06057771 -0.06404049
v -0.22601444 -0.06243445 -0.06404038
v -0.23458100 -0.07287281 -0.06404049
v -0.22704254 -0.06159074 -0.06404036
v -0.22704256 -0.07287281 -0.06404049
v -0.23458097 -0.06159072 -0.06404049
v -0.23707973 -0.06463549 -0.06404049
v -0.25116045 -0.08712148 -0.06404049
v -0.25116048 -0.04811017 -0.06404049
v -0.23759618 -0.06723177 -0.06404049
v -0.23746583 -0.06855534 -0.06404049
v -0.21937038 -0.08555805 -0.06404049
v -0.22704256 -0.07287281 -0.06404049
v -0.21337769 -0.07545208 -0.06404049
v -0.21503209 -0.08128676 -0.06404049
v -0.22601447 -0.07202907 -0.06404049
v -0.22402735 -0.06723175 -0.06404049
v -0.21333375 -0.07262882 -0.06404049
v -0.22415774 -0.06855534 -0.06404049
v -0.22454378 -0.06982803 -0.06404049
v -0.23707975 -0.06982806 -0.06404049
v -0.23645281 -0.07100098 -0.06404049
v -0.22517071 -0.07100098 -0.06404049
v -0.23560910 -0.07202907 -0.06404049
v -0.23458100 -0.07287281 -0.06404049
v -0.23340805 -0.07349976 -0.06404049
v -0.22821548 -0.07349976 -0.06404049
v -0.22948820 -0.07388583 -0.06404049
v -0.22821548 -0.07349976 -0.06404049
v -0.23458100 -0.07287281 -0.06404049
v -0.23707975 -0.06982806 -0.06404049
v -0.23081174 -0.06044733 -0.06404045
v -0.22454376 -0.06463546 -0.06404045
v -0.23759618 -0.06723177 -0.06404049
v -0.22454378 -0.06982803 -0.06404049
v -0.23340805 -0.07349976 -0.06404049
v -0.23340803 -0.06096377 -0.06404049
v -0.22948820 -0.06057771 -0.06404041
v -0.22948820 -0.07388583 -0.06404049
v -0.23746583 -0.06855534 -0.06404049
v -0.23560907 -0.06243445 -0.06404049
v -0.23645281 -0.07100098 -0.06404049
v -0.05588845 -0.06723172 -0.06404053
v -0.05787557 -0.07202905 -0.06404053
v -0.05640488 -0.06982801 -0.06404053
v -0.06932693 -0.06590815 -0.06404062
v -0.05640488 -0.06463543 -0.06404059
v -0.05588845 -0.06723172 -0.06404053
v -0.05703183 -0.06346252 -0.06404058
v -0.06267286 -0.06044731 -0.06404059
v -0.06267286 -0.07401617 -0.06404059
v -0.04394557 -0.08712132 -0.03861517
v -0.04394557 -0.07740147 -0.03861514
v -0.05890363 -0.07287276 -0.03861512
v -0.05588845 -0.06723172 -0.03861514
v -0.05601880 -0.06855529 -0.03861512
v -0.07639922 -0.08547819 -0.03861512
v -0.06644209 -0.07287276 -0.03861512
v -0.08253155 -0.07485673 -0.03861509
v -0.08088840 -0.08098902 -0.03861509
v -0.06831390 -0.07100096 -0.03861512
v -0.06945728 -0.06723175 -0.03861514
v -0.08253155 -0.07079690 -0.03861509
v -0.06932693 -0.06855532 -0.03861514
v -0.06894085 -0.06982803 -0.03861514
v -0.06747016 -0.07202905 -0.03861512
v -0.05640488 -0.06982801 -0.03861512
v -0.05703183 -0.07100096 -0.03861512
v -0.05787557 -0.07202905 -0.03861512
v -0.06007658 -0.07349971 -0.03861512
v -0.06526915 -0.07349971 -0.03861512
v -0.06399643 -0.07388579 -0.03861514
v -0.06894085 -0.06463544 -0.06404056
v -0.06267286 -0.07401617 -0.06404059
v -0.06399646 -0.06057766 -0.06404057
v -0.05890365 -0.06159069 -0.06404062
v -0.06526915 -0.07349971 -0.06404056
v -0.05890365 -0.06159069 -0.06404062
v -0.05890363 -0.07287276 -0.06404053
v -0.06644210 -0.06159069 -0.06404058
v -0.06932693 -0.06590815 -0.06404062
v -0.08253155 -0.07485673 -0.06403972
v -0.08253155 -0.07079690 -0.06403972
v -0.06894085 -0.06982803 -0.06404051
v -0.06945728 -0.06723175 -0.06404049
v -0.06932693 -0.06855532 -0.06404050
v -0.07639922 -0.08547819 -0.06403973
v -0.06747019 -0.07202905 -0.06404054
v -0.06644209 -0.07287276 -0.06404055
v -0.04394557 -0.08712132 -0.06404056
v -0.06134929 -0.07388578 -0.06404052
v -0.05588845 -0.06723172 -0.06404053
v -0.04394557 -0.07740147 -0.06404055
v -0.05601880 -0.06855529 -0.06404053
v -0.05640488 -0.06982801 -0.06404053
v -0.06831390 -0.07100096 -0.06404053
v -0.05703183 -0.07100096 -0.06404053
v -0.05787557 -0.07202905 -0.06404053
v -0.08088840 -0.08098902 -0.06404050
v -0.05890363 -0.07287276 -0.06404053
v -0.06526915 -0.07349971 -0.06404056
v -0.06007658 -0.07349973 -0.06404052
v -0.05890363 -0.07287276 -0.06404053
v -0.06644209 -0.07287276 -0.06404055
v -0.06831390 -0.07100096 -0.06404053
v -0.06134930 -0.06057768 -0.06404060
v -0.05640488 -0.06463543 -0.06404059
v -0.06932693 -0.06855532 -0.06404050
v -0.05640488 -0.06982801 -0.06404053
v -0.06399646 -0.07388579 -0.06404058
v -0.06644210 -0.06159069 -0.06404058
v -0.06007660 -0.06096374 -0.06404060
v -0.06134929 -0.07388578 -0.06404052
v -0.06894085 -0.06982803 -0.06404051
v -0.06747019 -0.06243443 -0.06404054
v -0.06747019 -0.07202905 -0.06404054
v -0.05601882 0.08988331 -0.06404052
v -0.05787557 0.08640955 -0.06404050
v -0.05640490 0.08861059 -0.06404050
v -0.06932695 0.09253044 -0.06404049
v -0.05601882 0.09253044 -0.06404053
v -0.05601882 0.09253044 -0.06404053
v -0.05787559 0.09600417 -0.06404053
v -0.06267289 0.09799129 -0.06404050
v -0.06267289 0.08442245 -0.06404050
v -0.08095238 0.10511766 -0.03861507
v -0.06831392 0.09497608 -0.03861509
v -0.06932695 0.09253044 -0.03861509
v -0.07663776 0.10943228 -0.03861509
v -0.06644210 0.09684790 -0.03861509
v -0.05601882 0.09253047 -0.03861512
v -0.04394570 0.11101158 -0.03861512
v -0.06134932 0.09786093 -0.03861512
v -0.06894087 0.09380316 -0.03861509
v -0.05640490 0.09380316 -0.03861512
v -0.05703185 0.09497608 -0.03861512
v -0.06747021 0.09600417 -0.03861509
v -0.05787559 0.09600417 -0.03861512
v -0.05890368 0.09684791 -0.03861512
v -0.06526918 0.09747485 -0.03861509
v -0.06007660 0.09747485 -0.03861512
v -0.06831392 0.09497608 -0.06404049
v -0.06267289 0.08442245 -0.06404050
v -0.06399646 0.09786091 -0.06404050
v -0.05787559 0.09600417 -0.06404053
v -0.06526917 0.08493886 -0.06404050
v -0.05890368 0.09684791 -0.06404052
v -0.05890365 0.08556581 -0.06404050
v -0.06747021 0.09600417 -0.06404049
v -0.06932695 0.09253044 -0.06404049
v -0.04394570 0.11101158 -0.06404053
v -0.05601882 0.09253044 -0.06404053
v -0.07663776 0.10943228 -0.06404049
v -0.06644210 0.09684790 -0.06404049
v -0.08095238 0.10511766 -0.06403970
v -0.06831392 0.09497608 -0.06404049
v -0.06932695 0.09253044 -0.06404049
v -0.06894087 0.09380316 -0.06404049
v -0.06747021 0.09600417 -0.06404049
v -0.05640490 0.09380316 -0.06404053
v -0.05703185 0.09497608 -0.06404053
v -0.05787559 0.09600417 -0.06404053
v -0.05890368 0.09684791 -0.06404052
v -0.06526918 0.09747485 -0.06404049
v -0.06007660 0.09747485 -0.06404050
v -0.06399646 0.09786091 -0.06404050
v -0.05890365 0.08556581 -0.06404050
v -0.06747018 0.08640955 -0.06404049
v -0.06894087 0.08861059 -0.06404049
v -0.06134932 0.09786093 -0.06404050
v -0.05640490 0.09380316 -0.06404053
v -0.06945730 0.09120687 -0.06404049
v -0.05601882 0.08988331 -0.06404052
v -0.06526917 0.08493886 -0.06404050
v -0.06526918 0.09747485 -0.06404049
v -0.06007660 0.09747485 -0.06404050
v -0.06134932 0.08455281 -0.06404050
v -0.06932695 0.08988327 -0.06404049
v -0.06747021 0.09600417 -0.06404049
v -0.06747018 0.08640955 -0.06404049
v -0.01841460 -0.00013784 -0.06404020
v 0.02446414 -0.01971977 -0.03861524
v 0.01696484 -0.00717522 -0.03861524
v 0.01801129 -0.00372545 -0.03861524
v -0.00254007 -0.03867119 -0.03861520
v 0.01180471 -0.03026732 -0.03861522
v -0.00002494 -0.01852744 -0.03861522
v -0.00607138 -0.04050180 -0.03861520
v -0.00706234 -0.01712762 -0.03861520
v 0.01526545 -0.01035455 -0.03861524
v -0.02115138 -0.04953033 -0.03861517
v -0.01024169 -0.01542825 -0.03861520
v -0.03589220 -0.06102272 -0.03861517
v -0.05601883 -0.06590813 -0.03861514
v -0.05640488 -0.06463543 -0.03861514
v 0.01297846 -0.01314125 -0.03861524
v 0.01019176 -0.01542823 -0.03861522
v -0.05703183 -0.06346252 -0.03861514
v -0.05787557 -0.06243442 -0.03861514
v 0.00701243 -0.01712761 -0.03861522
v -0.05890365 -0.06159069 -0.03861514
v -0.06007660 -0.06096374 -0.03861514
v 0.00356266 -0.01817409 -0.03861522
v -0.00361258 -0.01817409 -0.03861522
v -0.01701475 -0.00717524 -0.03861517
v -0.06134930 -0.06057768 -0.03861514
v -0.06267289 -0.06044731 -0.03861514
v -0.01302837 -0.01314126 -0.03861517
v -0.06399643 -0.06057766 -0.03861514
v -0.09396895 -0.05237156 -0.03861509
v -0.01531536 -0.01035456 -0.03861517
v -0.06526915 -0.06096374 -0.03861512
v -0.06644210 -0.06159069 -0.03861512
v -0.08566500 -0.06067551 -0.03861509
v -0.01806123 -0.00372548 -0.03861517
v -0.06747019 -0.06243443 -0.03861512
v -0.14724267 -0.04865159 -0.03861509
v -0.10535371 -0.04865156 -0.03861509
v -0.25161167 -0.00331405 -0.03861509
v -0.20141282 -0.05198115 -0.03861509
v -0.23746583 -0.06590820 -0.03861509
v -0.06932693 -0.06590815 -0.03861512
v -0.06894085 -0.06463546 -0.03861512
v -0.06831392 -0.06346252 -0.03861512
v -0.18192706 -0.04865159 -0.03861509
v -0.23707973 -0.06463549 -0.03861509
v -0.23645278 -0.06346254 -0.03861509
v -0.23560907 -0.06243445 -0.03861509
v -0.23458097 -0.06159072 -0.03861509
v -0.18949192 -0.04878695 -0.03861509
v -0.23340803 -0.06096377 -0.03861509
v -0.23213531 -0.06057771 -0.03861509
v -0.22415774 -0.06590818 -0.03861507
v -0.22821548 -0.06096379 -0.03861507
v -0.23081174 -0.06044733 -0.03861509
v -0.22948820 -0.06057771 -0.03861509
v -0.22454376 -0.06463546 -0.03861507
v -0.22517071 -0.06346254 -0.03861507
v -0.01302840 0.01286559 -0.06404014
v -0.01701477 0.00689956 -0.06404015
v 0.01801129 -0.00372545 -0.06404051
v -0.01701475 -0.00717524 -0.06404025
v -0.01806123 -0.00372548 -0.06404022
v -0.01302837 -0.01314126 -0.06404034
v 0.00356266 -0.01817409 -0.06404051
v 0.00356265 0.01789845 -0.06404023
v 0.01526545 -0.01035455 -0.06404051
v -0.00002497 0.01825180 -0.06404020
v 0.00701243 -0.01712761 -0.06404051
v -0.01024169 -0.01542825 -0.06404039
v 0.01019175 0.01515260 -0.06404034
v -0.00706234 -0.01712762 -0.06404040
v -0.01024171 0.01515258 -0.06404014
v 0.01297846 -0.01314125 -0.06404051
v 0.01801129 -0.00372545 -0.06404051
v -0.25161167 -0.00331405 -0.06404049
v -0.20141282 -0.05198115 -0.06404049
v -0.14724267 -0.04865159 -0.06404049
v -0.23746583 -0.06590820 -0.06404049
v -0.23707973 -0.06463549 -0.06404049
v -0.09396895 -0.05237156 -0.06404049
v -0.10535371 -0.04865156 -0.06404049
v -0.01806123 -0.00372548 -0.06404022
v -0.23645278 -0.06346254 -0.06404049
v -0.23560907 -0.06243445 -0.06404049
v -0.06399646 -0.06057766 -0.06404057
v -0.06267286 -0.06044731 -0.06404059
v -0.23458097 -0.06159072 -0.06404049
v -0.23340803 -0.06096377 -0.06404049
v -0.01701475 -0.00717524 -0.06404025
v -0.06134930 -0.06057768 -0.06404060
v -0.23213531 -0.06057771 -0.06404049
v -0.23081174 -0.06044733 -0.06404045
v -0.06007660 -0.06096374 -0.06404060
v -0.22948820 -0.06057771 -0.06404041
v -0.22821548 -0.06096379 -0.06404036
v -0.22704254 -0.06159074 -0.06404036
v -0.21013955 -0.06070788 -0.06403971
v -0.22601444 -0.06243445 -0.06404038
v -0.22517071 -0.06346254 -0.06404041
v -0.22454376 -0.06463546 -0.06404045
v -0.22415774 -0.06590818 -0.06404049
v 0.01801129 -0.00372545 -0.06404051
v 0.02446414 -0.01971977 -0.06404065
v 0.01696484 -0.00717522 -0.06404048
v 0.01180471 -0.03026732 -0.06404063
v 0.00356266 -0.01817409 -0.06404051
v 0.00701243 -0.01712761 -0.06404051
v 0.01019176 -0.01542823 -0.06404051
v 0.01526545 -0.01035455 -0.06404051
v -0.00002494 -0.01852744 -0.06404047
v -0.03589220 -0.06102272 -0.06403978
v -0.00254007 -0.03867119 -0.06404060
v 0.01297846 -0.01314125 -0.06404051
v -0.02115138 -0.04953033 -0.06404058
v -0.05601883 -0.06590813 -0.06404052
v -0.00361258 -0.01817409 -0.06404044
v -0.05640488 -0.06463543 -0.06404059
v -0.00706234 -0.01712762 -0.06404040
v -0.05703183 -0.06346252 -0.06404058
v -0.00607138 -0.04050180 -0.06404060
v -0.05787557 -0.06243442 -0.06404056
v -0.05890365 -0.06159069 -0.06404062
v -0.18949192 -0.04878695 -0.06404049
v -0.18192706 -0.04865159 -0.06404049
v -0.01024169 -0.01542825 -0.06404039
v -0.01531536 -0.01035456 -0.06404030
v -0.01302837 -0.01314126 -0.06404034
v -0.06932693 -0.06590815 -0.06404062
v -0.06526915 -0.06096374 -0.06404052
v -0.06644210 -0.06159069 -0.06404058
v -0.06894085 -0.06463544 -0.06404056
v -0.01024171 0.01515258 -0.06404014
v 0.01297845 0.01286562 -0.06404041
v 0.01696484 0.00689959 -0.06404046
v -0.01531536 -0.01035456 -0.06404030
v -0.00002494 -0.01852744 -0.06404047
v 0.01836466 -0.00013781 -0.06404050
v -0.01806123 0.00344980 -0.06404017
v 0.00701243 0.01685198 -0.06404029
v 0.01019176 -0.01542823 -0.06404051
v -0.00361258 -0.01817409 -0.06404044
v -0.00361261 0.01789845 -0.06404017
v 0.01801129 0.00344983 -0.06404049
v 0.01297846 -0.01314125 -0.06404051
v 0.01526545 0.01007892 -0.06404043
vn 0.00000164 0.00000015 1.00000000
vn -0.00000295 -0.00000797 1.00000000
vn 0.00000099 -0.00000160 1.00000000
vn -0.00000138 0.00000223 -1.00000000
vn -0.00000201 -0.00000006 -1.00000000
vn -0.00000105 0.00000295 -1.00000000
vn -0.18531171 0.98267979 0.00000000
vn -0.18531171 0.98267979 0.00000000
vn -0.18531171 0.98267979 0.00000000
vn -0.19622701 0.98055849 0.00000000
vn -0.19622701 0.98055849 0.00000000
vn -0.19622701 0.98055849 0.00000000
vn 0.00000015 -1.00000000 0.00000000
vn 0.00000044 -1.00000000 0.00000000
vn 0.00000044 -1.00000000 0.00000000
vn -1.00000000 -0.00000077 0.00000000
vn -1.00000000 -0.00000077 0.00000000
vn -1.00000000 -0.00000077 0.00000000
vn 0.96592591 -0.25881875 0.00000000
vn 0.96592591 -0.25881875 0.00000000
vn 0.96592591 -0.25881875 0.00000000
vn 0.70710689 -0.70710667 0.00000000
vn 0.70710689 -0.70710667 0.00000000
vn 0.70710689 -0.70710667 0.00000000
vn 0.25881966 -0.96592566 0.00000000
vn 0.25881966 -0.96592566 0.00000000
vn 0.25881966 -0.96592566 0.00000000
vn 0.01789014 -0.99983996 0.00000000
vn 0.01789014 -0.99983996 0.00000000
vn 0.01789014 -0.99983996 0.00000000
vn -0.95078405 0.30985429 0.00000000
vn -0.95078405 0.30985429 0.00000000
vn -0.95078405 0.30985429 0.00000000
vn -0.68016840 0.73305590 0.00000000
vn -0.68016840 0.73305590 0.00000000
vn -0.68016840 0.73305590 0.00000000
vn -0.28062036 0.95981885 0.00000000
vn -0.28062036 0.95981885 0.00000000
vn -0.28062036 0.95981885 0.00000000
vn -0.16161868 0.98685328 0.00000000
vn -0.16161868 0.98685328 0.00000000
vn -0.16161868 0.98685328 0.00000000
vn -0.25882207 0.96592502 0.00000000
vn -0.25882207 0.96592502 0.00000000
vn -0.25882207 0.96592502 0.00000000
vn -0.70710714 0.70710643 0.00000000
vn -0.70710714 0.70710643 0.00000000
vn -0.70710714 0.70710643 0.00000000
vn -0.96592653 0.25881640 0.00000000
vn -0.96592653 0.25881640 0.00000000
vn -0.96592653 0.25881640 0.00000000
vn -0.00000105 1.00000000 0.00000000
vn -0.00000105 1.00000000 0.00000000
vn -0.00000105 1.00000000 0.00000000
vn -1.00000000 -0.00000015 0.00000000
vn -1.00000000 -0.00000015 0.00000000
vn -1.00000000 -0.00000015 0.00000000
vn -0.31059288 -0.95054304 0.00000000
vn -0.31059288 -0.95054304 0.00000000
vn -0.31059288 -0.95054304 0.00000000
vn -0.70710661 -0.70710695 0.00000000
vn -0.70710661 -0.70710695 0.00000000
vn -0.70710661 -0.70710695 0.00000000
vn -0.95526879 -0.29573896 0.00000000
vn -0.95526879 -0.29573896 0.00000000
vn -0.95526879 -0.29573896 0.00000000
vn 0.00000073 -1.00000000 0.00000000
vn 0.00000073 -1.00000000 0.00000000
vn -0.96592551 -0.25882024 0.00000000
vn -0.96592551 -0.25882024 0.00000000
vn -0.96592551 -0.25882024 0.00000000
vn -0.70710667 -0.70710689 0.00000000
vn -0.70710667 -0.70710689 0.00000000
vn -0.70710667 -0.70710689 0.00000000
vn -0.25881564 -0.96592674 0.00000000
vn -0.25881564 -0.96592674 0.00000000
vn -0.25881564 -0.96592674 0.00000000
vn 0.00000015 -1.00000000 0.00000000
vn 0.00000015 -1.00000000 0.00000000
vn 0.00000015 -1.00000000 0.00000000
vn -1.00000000 -0.00000015 0.00000000
vn -1.00000000 -0.00000015 0.00000000
vn -1.00000000 -0.00000015 0.00000000
vn -0.96592518 0.25882146 0.00000000
vn -0.96592518 0.25882146 0.00000000
vn -0.96592518 0.25882146 0.00000000
vn -0.70710840 0.70710517 0.00000000
vn -0.70710840 0.70710517 0.00000000
vn -0.70710840 0.70710517 0.00000000
vn -0.25881935 0.96592574 0.00000000
vn -0.25881935 0.96592574 0.00000000
vn -0.25881935 0.96592574 0.00000000
vn -0.99994928 -0.01007158 0.00000000
vn -0.99994928 -0.01007158 0.00000000
vn -0.99994928 -0.01007158 0.00000000
vn -0.17540255 0.98449680 0.00000000
vn -0.17540255 0.98449680 0.00000000
vn -0.17540255 0.98449680 0.00000000
vn 0.25778635 -0.96620195 0.00000000
vn 0.25778635 -0.96620195 0.00000000
vn 0.25778635 -0.96620195 0.00000000
vn 0.70158277 -0.71258797 0.00000000
vn 0.70158277 -0.71258797 0.00000000
vn 0.70158277 -0.71258797 0.00000000
vn 0.96207295 -0.27279231 0.00000000
vn 0.96207295 -0.27279231 0.00000000
vn 0.96207295 -0.27279231 0.00000000
vn 0.00000109 -1.00000000 0.00000000
vn 0.00000109 -1.00000000 0.00000000
vn 0.00000109 -1.00000000 0.00000000
vn 0.99987891 -0.01556193 0.00000000
vn 0.99987891 -0.01556193 0.00000000
vn 0.99987891 -0.01556193 0.00000000
vn 0.50370522 0.86387560 0.00000000
vn 0.50370522 0.86387560 0.00000000
vn 0.50370522 0.86387560 0.00000000
vn 0.63352819 0.77371961 0.00000000
vn 0.63352819 0.77371961 0.00000000
vn 0.63352819 0.77371961 0.00000000
vn 0.90909574 0.41658726 0.00000000
vn 0.90909574 0.41658726 0.00000000
vn 0.90909574 0.41658726 0.00000000
vn 1.00000000 0.00000088 0.00000000
vn 1.00000000 0.00000088 0.00000000
vn 1.00000000 0.00000088 0.00000000
vn 0.55223214 0.83369039 0.00000000
vn 0.55223214 0.83369039 0.00000000
vn 0.55223214 0.83369039 0.00000000
vn 0.89738793 -0.44124245 0.00000000
vn 0.89738793 -0.44124245 0.00000000
vn 0.89738793 -0.44124245 0.00000000
vn 0.61485050 -0.78864369 0.00000000
vn 0.61485050 -0.78864369 0.00000000
vn 0.61485050 -0.78864369 0.00000000
vn 0.51368123 -0.85798112 0.00000000
vn 0.51368123 -0.85798112 0.00000000
vn 0.51368123 -0.85798112 0.00000000
vn 1.00000000 0.00000015 0.00000000
vn 1.00000000 0.00000015 0.00000000
vn 1.00000000 0.00000015 0.00000000
vn 0.50548961 -0.86283269 0.00000000
vn 0.50548961 -0.86283269 0.00000000
vn 0.50548961 -0.86283269 0.00000000
vn 0.64011343 -0.76828042 0.00000000
vn 0.64011343 -0.76828042 0.00000000
vn 0.64011343 -0.76828042 0.00000000
vn 0.91402803 -0.40565104 0.00000000
vn 0.91402803 -0.40565104 0.00000000
vn 0.91402803 -0.40565104 0.00000000
vn 0.99998869 -0.00475638 0.00000000
vn 0.99998869 -0.00475638 0.00000000
vn 0.99998869 -0.00475638 0.00000000
vn 0.46022835 -0.88780058 0.00000000
vn 0.46022835 -0.88780058 0.00000000
vn 0.46022835 -0.88780058 0.00000000
vn 0.87476787 0.48454224 0.00000000
vn 0.87476787 0.48454224 0.00000000
vn 0.87476787 0.48454224 0.00000000
vn 0.50508012 0.86307246 0.00000000
vn 0.50508012 0.86307246 0.00000000
vn 0.50508012 0.86307246 0.00000000
vn -0.99518331 0.09803154 0.00000000
vn -0.99518331 0.09803154 0.00000000
vn -0.99518331 0.09803154 0.00000000
vn -0.77300121 0.63440455 0.00000000
vn -0.77300121 0.63440455 0.00000000
vn -0.77300121 0.63440455 0.00000000
vn -0.88193066 0.47137915 0.00000000
vn -0.88193066 0.47137915 0.00000000
vn -0.88193066 0.47137915 0.00000000
vn 0.99518491 -0.09801528 0.00000000
vn 0.99518491 -0.09801528 0.00000000
vn 0.99518491 -0.09801528 0.00000000
vn -0.95695111 -0.29024916 0.00000000
vn -0.95695111 -0.29024916 0.00000000
vn -0.95695111 -0.29024916 0.00000000
vn -0.99518310 -0.09803362 0.00000000
vn -0.99518310 -0.09803362 0.00000000
vn -0.99518310 -0.09803362 0.00000000
vn -0.77300995 -0.63439390 0.00000000
vn -0.77300995 -0.63439390 0.00000000
vn -0.77300995 -0.63439390 0.00000000
vn 0.09802866 -0.99518359 0.00000000
vn 0.09802866 -0.99518359 0.00000000
vn 0.09802866 -0.99518359 0.00000000
vn 0.09801483 0.99518495 0.00000000
vn 0.09801483 0.99518495 0.00000000
vn 0.09801483 0.99518495 0.00000000
vn 0.00000000 0.00000000 1.00000000
vn 0.00000000 0.00000000 1.00000000
vn 0.00000000 0.00000000 1.00000000
vn 0.88192208 -0.47139521 0.00000000
vn 0.88192208 -0.47139521 0.00000000
vn 0.88192208 -0.47139521 0.00000000
vn -0.09801602 0.99518484 0.00000000
vn -0.09801602 0.99518484 0.00000000
vn -0.09801602 0.99518484 0.00000000
vn 0.29027418 -0.95694352 0.00000000
vn 0.29027418 -0.95694352 0.00000000
vn 0.29027418 -0.95694352 0.00000000
vn -0.63438055 -0.77302091 0.00000000
vn -0.63438055 -0.77302091 0.00000000
vn -0.63438055 -0.77302091 0.00000000
vn 0.47139521 0.88192208 0.00000000
vn 0.47139521 0.88192208 0.00000000
vn 0.47139521 0.88192208 0.00000000
vn -0.47139521 -0.88192208 0.00000000
vn -0.47139521 -0.88192208 0.00000000
vn -0.47139521 -0.88192208 0.00000000
vn -0.63439166 0.77301178 0.00000000
vn -0.63439166 0.77301178 0.00000000
vn -0.63439166 0.77301178 0.00000000
vn 0.63439166 -0.77301178 0.00000000
vn 0.63439166 -0.77301178 0.00000000
vn 0.63439166 -0.77301178 0.00000000
vn 0.95693602 -0.29029891 0.00000000
vn 0.95693602 -0.29029891 0.00000000
vn 0.95693602 -0.29029891 0.00000000
vn -0.00000001 -0.00000035 -1.00000000
vn 0.00000005 -0.00000032 -1.00000000
vn -0.00000010 -0.00000039 -1.00000000
vn -0.47140305 0.88191789 0.00000000
vn -0.47140305 0.88191789 0.00000000
vn -0.47140305 0.88191789 0.00000000
vn 0.63439143 0.77301197 0.00000000
vn 0.63439143 0.77301197 0.00000000
vn 0.63439143 0.77301197 0.00000000
vn 0.88191890 0.47140116 0.00000000
vn 0.88191890 0.47140116 0.00000000
vn 0.88191890 0.47140116 0.00000000
vn -0.09803103 -0.99518336 0.00000000
vn -0.09803103 -0.99518336 0.00000000
vn -0.09803103 -0.99518336 0.00000000
vn -0.88191789 -0.47140305 0.00000000
vn -0.88191789 -0.47140305 0.00000000
vn -0.88191789 -0.47140305 0.00000000
vn 0.99518488 0.09801558 0.00000000
vn 0.99518488 0.09801558 0.00000000
vn 0.99518488 0.09801558 0.00000000
vn -0.95694460 0.29027061 0.00000000
vn -0.95694460 0.29027061 0.00000000
vn -0.95694460 0.29027061 0.00000000
vn 0.29028640 0.95693981 0.00000000
vn 0.29028640 0.95693981 0.00000000
vn 0.29028640 0.95693981 0.00000000
vn 0.47139548 -0.88192194 0.00000000
vn 0.47139548 -0.88192194 0.00000000
vn 0.47139548 -0.88192194 0.00000000
vn -0.29029057 -0.95693855 0.00000000
vn -0.29029057 -0.95693855 0.00000000
vn -0.29029057 -0.95693855 0.00000000
vn -0.29028669 0.95693973 0.00000000
vn -0.29028669 0.95693973 0.00000000
vn -0.29028669 0.95693973 0.00000000
vn 0.95694099 0.29028252 0.00000000
vn 0.95694099 0.29028252 0.00000000
vn 0.95694099 0.29028252 0.00000000
vn 0.77301907 -0.63438278 0.00000000
vn 0.77301907 -0.63438278 0.00000000
vn 0.77301907 -0.63438278 0.00000000
vn 0.77301888 0.63438301 0.00000000
vn 0.77301888 0.63438301 0.00000000
vn 0.77301888 0.63438301 0.00000000
vn -0.99518535 0.09801077 0.00000000
vn -0.99518535 0.09801077 0.00000000
vn -0.99518535 0.09801077 0.00000000
vn -0.77300791 0.63439638 0.00000000
vn -0.77300791 0.63439638 0.00000000
vn -0.77300791 0.63439638 0.00000000
vn -0.88192309 0.47139332 0.00000000
vn -0.88192309 0.47139332 0.00000000
vn -0.88192309 0.47139332 0.00000000
vn 0.99518553 -0.09800899 0.00000000
vn 0.99518553 -0.09800899 0.00000000
vn 0.99518553 -0.09800899 0.00000000
vn -0.95694325 -0.29027507 0.00000000
vn -0.95694325 -0.29027507 0.00000000
vn -0.95694325 -0.29027507 0.00000000
vn -0.99518372 -0.09802733 0.00000000
vn -0.99518372 -0.09802733 0.00000000
vn -0.99518372 -0.09802733 0.00000000
vn -0.77300772 -0.63439662 0.00000000
vn -0.77300772 -0.63439662 0.00000000
vn -0.77300772 -0.63439662 0.00000000
vn 0.09800941 -0.99518549 0.00000009
vn 0.09801273 -0.99518516 -0.00000009
vn 0.09801285 -0.99518515 -0.00000009
vn 0.09803326 0.99518314 -0.00000009
vn 0.09803160 0.99518330 -0.00000000
vn 0.09803332 0.99518313 -0.00000009
vn -0.00001443 0.00001044 1.00000000
vn 0.00000076 -0.00000026 1.00000000
vn -0.00000469 0.00000253 1.00000000
vn 0.88192952 -0.47138130 -0.00000001
vn 0.88192574 -0.47138837 -0.00000043
vn 0.88192965 -0.47138105 0.00000000
vn -0.09803362 0.99518310 0.00000000
vn -0.09803362 0.99518310 0.00000000
vn -0.09803362 0.99518310 0.00000000
vn 0.29029575 -0.95693698 -0.00000027
vn 0.29029103 -0.95693841 -0.00000001
vn 0.29029086 -0.95693846 0.00000000
vn -0.63439590 -0.77300831 0.00000000
vn -0.63439590 -0.77300831 0.00000000
vn -0.63439590 -0.77300831 0.00000000
vn 0.47139427 0.88192259 0.00000000
vn 0.47139427 0.88192259 0.00000000
vn 0.47139427 0.88192259 0.00000000
vn -0.47139332 -0.88192309 0.00000000
vn -0.47139332 -0.88192309 0.00000000
vn -0.47139332 -0.88192309 0.00000000
vn -0.63439418 0.77300972 0.00000000
vn -0.63439418 0.77300972 0.00000000
vn -0.63439418 0.77300972 0.00000000
vn 0.63439390 -0.77300995 0.00000000
vn 0.63439390 -0.77300995 0.00000000
vn 0.63439390 -0.77300995 0.00000000
vn 0.95693770 -0.29029337 -0.00000027
vn 0.95693913 -0.29028865 -0.00000001
vn 0.95693765 -0.29029354 -0.00000028
vn -0.00000999 0.00000039 -1.00000000
vn 0.00003507 -0.00002552 -1.00000000
vn -0.00006560 0.00001584 -1.00000000
vn -0.47139406 0.88192270 -0.00000081
vn -0.47140728 0.88191563 -0.00000003
vn -0.47139359 0.88192295 -0.00000084
vn 0.63439249 0.77301110 -0.00000066
vn 0.63438311 0.77301880 -0.00000002
vn 0.63439283 0.77301083 -0.00000068
vn 0.88191890 0.47140116 0.00000000
vn 0.88191890 0.47140116 0.00000000
vn 0.88191890 0.47140116 0.00000000
vn -0.09802875 -0.99518358 -0.00000000
vn -0.09802709 -0.99518375 -0.00000009
vn -0.09802703 -0.99518375 -0.00000009
vn -0.88191789 -0.47140305 0.00000000
vn -0.88191789 -0.47140305 0.00000000
vn -0.88191789 -0.47140305 0.00000000
vn 0.99518532 0.09801107 0.00000000
vn 0.99518532 0.09801107 0.00000000
vn 0.99518532 0.09801107 0.00000000
vn -0.95693981 0.29028640 0.00000000
vn -0.95693981 0.29028640 0.00000000
vn -0.95693981 0.29028640 0.00000000
vn 0.29028657 0.95693976 -0.00000001
vn 0.29029129 0.95693833 -0.00000027
vn 0.29028640 0.95693981 0.00000000
vn 0.47139453 -0.88192244 0.00000000
vn 0.47139453 -0.88192244 0.00000000
vn 0.47139453 -0.88192244 0.00000000
vn -0.29027895 -0.95694207 0.00000000
vn -0.29027895 -0.95694207 0.00000000
vn -0.29027895 -0.95694207 0.00000000
vn -0.29027056 0.95694462 -0.00000003
vn -0.29028613 0.95693989 -0.00000088
vn -0.29028669 0.95693973 -0.00000091
vn 0.95693909 0.29028877 0.00000000
vn 0.95693909 0.29028877 0.00000000
vn 0.95693909 0.29028877 0.00000000
vn 0.77301014 -0.63439366 0.00000000
vn 0.77301014 -0.63439366 0.00000000
vn 0.77301014 -0.63439366 0.00000000
vn 0.77300917 0.63439485 -0.00000003
vn 0.77301855 0.63438342 -0.00000080
vn 0.77300883 0.63439526 0.00000000
vn -0.99518535 0.09801077 0.00000000
vn -0.99518535 0.09801077 0.00000000
vn -0.99518535 0.09801077 0.00000000
vn -0.77301684 0.63438550 0.00000000
vn -0.77301684 0.63438550 0.00000000
vn -0.77301684 0.63438550 0.00000000
vn -0.88192309 0.47139332 0.00000000
vn -0.88192309 0.47139332 0.00000000
vn -0.88192309 0.47139332 0.00000000
vn 0.99518536 -0.09801069 -0.00000000
vn 0.99518557 -0.09800862 -0.00000011
vn 0.99518557 -0.09800855 -0.00000012
vn -0.95693967 -0.29028686 0.00000027
vn -0.95693824 -0.29029158 0.00000001
vn -0.95693819 -0.29029175 0.00000000
vn -0.99518549 -0.09800935 0.00000000
vn -0.99518533 -0.09801101 0.00000009
vn -0.99518550 -0.09800929 0.00000000
vn -0.77300772 -0.63439662 0.00000000
vn -0.77300772 -0.63439662 0.00000000
vn -0.77300772 -0.63439662 0.00000000
vn 0.09803362 -0.99518310 0.00000000
vn 0.09803362 -0.99518310 0.00000000
vn 0.09803362 -0.99518310 0.00000000
vn 0.09801528 0.99518491 0.00000000
vn 0.09801528 0.99518491 0.00000000
vn 0.09801528 0.99518491 0.00000000
vn 0.00000717 0.00000184 1.00000000
vn -0.00000007 -0.00000191 1.00000000
vn 0.00000083 -0.00000028 1.00000000
vn 0.88191803 -0.47140278 0.00000000
vn 0.88191803 -0.47140278 0.00000000
vn 0.88191803 -0.47140278 0.00000000
vn -0.09801558 0.99518488 0.00000000
vn -0.09801558 0.99518488 0.00000000
vn -0.09801558 0.99518488 0.00000000
vn 0.29027001 -0.95694479 0.00000000
vn 0.29027001 -0.95694479 0.00000000
vn 0.29027001 -0.95694479 0.00000000
vn -0.63439590 -0.77300831 0.00000000
vn -0.63439590 -0.77300831 0.00000000
vn -0.63439590 -0.77300831 0.00000000
vn 0.47139427 0.88192259 0.00000000
vn 0.47139427 0.88192259 0.00000000
vn 0.47139427 0.88192259 0.00000000
vn -0.47140089 -0.88191904 0.00000000
vn -0.47140089 -0.88191904 0.00000000
vn -0.47140089 -0.88191904 0.00000000
vn -0.63439613 0.77300812 0.00000000
vn -0.63439613 0.77300812 0.00000000
vn -0.63439613 0.77300812 0.00000000
vn 0.63438497 -0.77301728 0.00000000
vn 0.63438497 -0.77301728 0.00000000
vn 0.63438497 -0.77301728 0.00000000
vn 0.95693918 -0.29028848 0.00000000
vn 0.95693918 -0.29028848 0.00000000
vn 0.95693918 -0.29028848 0.00000000
vn 0.00000003 0.00000083 -1.00000000
vn -0.00000142 -0.00000056 -1.00000000
vn -0.00000079 -0.00000033 -1.00000000
vn -0.47139359 0.88192295 0.00000000
vn -0.47139359 0.88192295 0.00000000
vn -0.47139359 0.88192295 0.00000000
vn 0.63440371 0.77300190 0.00000000
vn 0.63440371 0.77300190 0.00000000
vn 0.63440371 0.77300190 0.00000000
vn 0.88192295 0.47139359 0.00000000
vn 0.88192295 0.47139359 0.00000000
vn 0.88192295 0.47139359 0.00000000
vn -0.09801528 -0.99518491 0.00000000
vn -0.09801528 -0.99518491 0.00000000
vn -0.09801528 -0.99518491 0.00000000
vn -0.88191789 -0.47140305 0.00000000
vn -0.88191789 -0.47140305 0.00000000
vn -0.88191789 -0.47140305 0.00000000
vn 0.99518554 0.09800892 0.00000011
vn 0.99518533 0.09801100 0.00000000
vn 0.99518532 0.09801107 0.00000000
vn -0.95693981 0.29028640 0.00000000
vn -0.95693981 0.29028640 0.00000000
vn -0.95693981 0.29028640 0.00000000
vn 0.29026972 0.95694487 0.00000000
vn 0.29026972 0.95694487 0.00000000
vn 0.29026972 0.95694487 0.00000000
vn 0.47140210 -0.88191840 0.00000000
vn 0.47140210 -0.88191840 0.00000000
vn 0.47140210 -0.88191840 0.00000000
vn -0.29028640 -0.95693981 0.00000000
vn -0.29028640 -0.95693981 0.00000000
vn -0.29028640 -0.95693981 0.00000000
vn -0.29027001 0.95694479 0.00000000
vn -0.29027001 0.95694479 0.00000000
vn -0.29027001 0.95694479 0.00000000
vn 0.95693717 0.29029510 0.00000000
vn 0.95693717 0.29029510 0.00000000
vn 0.95693717 0.29029510 0.00000000
vn 0.77301907 -0.63438278 0.00000000
vn 0.77301907 -0.63438278 0.00000000
vn 0.77301907 -0.63438278 0.00000000
vn 0.77300883 0.63439526 0.00000000
vn 0.77300883 0.63439526 0.00000000
vn 0.77300883 0.63439526 0.00000000
vn 0.99518425 -0.09802203 0.00000000
vn 0.99518425 -0.09802203 0.00000000
vn 0.99518425 -0.09802203 0.00000000
vn 0.00000131 0.00000227 1.00000000
vn 0.00000136 0.00000150 1.00000000
vn 0.00000151 -0.00000091 1.00000000
vn 0.77301016 -0.63439364 0.00000000
vn 0.77301016 -0.63439364 0.00000000
vn 0.77301016 -0.63439364 0.00000000
vn 0.88192116 -0.47139693 0.00000000
vn 0.88192116 -0.47139693 0.00000000
vn 0.88192116 -0.47139693 0.00000000
vn -0.99518424 0.09802204 0.00000000
vn -0.99518424 0.09802204 0.00000000
vn -0.99518424 0.09802204 0.00000000
vn 0.95693997 0.29028587 0.00000000
vn 0.95693997 0.29028587 0.00000000
vn 0.95693997 0.29028587 0.00000000
vn 0.99518421 0.09802235 0.00000000
vn 0.99518421 0.09802235 0.00000000
vn 0.99518421 0.09802235 0.00000000
vn 0.77300963 0.63439429 0.00000000
vn 0.77300963 0.63439429 0.00000000
vn 0.77300963 0.63439429 0.00000000
vn -0.09801808 0.99518463 0.00000000
vn -0.09801808 0.99518463 0.00000000
vn -0.09801808 0.99518463 0.00000000
vn -0.09801712 -0.99518473 0.00000000
vn -0.09801712 -0.99518473 0.00000000
vn -0.09801712 -0.99518473 0.00000000
vn -0.88192121 0.47139684 0.00000000
vn -0.88192121 0.47139684 0.00000000
vn -0.88192121 0.47139684 0.00000000
vn 0.09801718 -0.99518472 0.00000000
vn 0.09801718 -0.99518472 0.00000000
vn 0.09801718 -0.99518472 0.00000000
vn -0.29028393 0.95694056 0.00000000
vn -0.29028393 0.95694056 0.00000000
vn -0.29028393 0.95694056 0.00000000
vn 0.63439514 0.77300893 0.00000000
vn 0.63439514 0.77300893 0.00000000
vn 0.63439514 0.77300893 0.00000000
vn -0.47139671 -0.88192128 0.00000000
vn -0.47139671 -0.88192128 0.00000000
vn -0.47139671 -0.88192128 0.00000000
vn 0.47139278 0.88192338 0.00000000
vn 0.47139278 0.88192338 0.00000000
vn 0.47139278 0.88192338 0.00000000
vn 0.63439626 -0.77300801 0.00000000
vn 0.63439626 -0.77300801 0.00000000
vn 0.63439626 -0.77300801 0.00000000
vn -0.63439341 0.77301035 0.00000000
vn -0.63439341 0.77301035 0.00000000
vn -0.63439341 0.77301035 0.00000000
vn -0.95694245 0.29027771 0.00000000
vn -0.95694245 0.29027771 0.00000000
vn -0.95694245 0.29027771 0.00000000
vn -0.00000525 -0.00002935 -1.00000000
vn -0.00000107 0.00000912 -1.00000000
vn -0.00001034 -0.00002192 -1.00000000
vn 0.47139763 -0.88192078 0.00000000
vn 0.47139763 -0.88192078 0.00000000
vn 0.47139763 -0.88192078 0.00000000
vn -0.63439280 -0.77301085 0.00000000
vn -0.63439280 -0.77301085 0.00000000
vn -0.63439280 -0.77301085 0.00000000
vn -0.88192088 -0.47139746 0.00000000
vn -0.88192088 -0.47139746 0.00000000
vn -0.88192088 -0.47139746 0.00000000
vn 0.88192060 0.47139798 0.00000000
vn 0.88192060 0.47139798 0.00000000
vn 0.88192060 0.47139798 0.00000000
vn 0.09801563 0.99518488 0.00000000
vn 0.09801563 0.99518488 0.00000000
vn 0.09801563 0.99518488 0.00000000
vn -0.99518422 -0.09802228 0.00000000
vn -0.99518422 -0.09802228 0.00000000
vn -0.99518422 -0.09802228 0.00000000
vn 0.95694198 -0.29027925 0.00000000
vn 0.95694198 -0.29027925 0.00000000
vn 0.95694198 -0.29027925 0.00000000
vn -0.29028210 -0.95694112 0.00000000
vn -0.29028210 -0.95694112 0.00000000
vn -0.29028210 -0.95694112 0.00000000
vn -0.47139633 0.88192148 0.00000000
vn -0.47139633 0.88192148 0.00000000
vn -0.47139633 0.88192148 0.00000000
vn 0.29028436 0.95694043 0.00000000
vn 0.29028436 0.95694043 0.00000000
vn 0.29028436 0.95694043 0.00000000
vn 0.29028585 -0.95693998 0.00000000
vn 0.29028585 -0.95693998 0.00000000
vn 0.29028585 -0.95693998 0.00000000
vn -0.95694243 -0.29027777 0.00000000
vn -0.95694243 -0.29027777 0.00000000
vn -0.95694243 -0.29027777 0.00000000
vn -0.77300900 0.63439506 0.00000000
vn -0.77300900 0.63439506 0.00000000
vn -0.77300900 0.63439506 0.00000000
vn -0.77300881 -0.63439529 0.00000000
vn -0.77300881 -0.63439529 0.00000000
vn -0.77300881 -0.63439529 0.00000000
vn 0.00000023 -0.00000122 1.00000000
vn 0.00000068 0.00000002 1.00000000
vn 0.00000023 -0.00000123 1.00000000
vn 0.00000000 0.00000000 1.00000000
vn 0.00000000 0.00000000 1.00000000
vn 0.00000011 -0.00000001 1.00000000
vn 0.00000000 0.00000000 1.00000000
vn 0.00000027 -0.00000089 1.00000000
vn 0.00000083 -0.00000015 1.00000000
vn 0.00000074 -0.00000016 1.00000000
vn 0.00000041 -0.00000089 1.00000000
vn 0.00000080 -0.00000046 1.00000000
vn 0.00000123 0.00000007 1.00000000
vn 0.00000198 0.00000016 1.00000000
vn 0.00000500 -0.00000462 1.00000000
vn 0.00001127 -0.00001126 1.00000000
vn 0.00000253 0.00000045 1.00000000
vn 0.00000190 0.00000007 1.00000000
vn 0.00000141 -0.00000064 1.00000000
vn 0.00000094 -0.00000041 1.00000000
vn 0.00000025 -0.00000026 1.00000000
vn 0.00000663 0.00000095 1.00000000
vn 0.00000000 0.00000000 1.00000000
vn 0.00000286 -0.00000066 1.00000000
vn 0.00000168 -0.00000047 1.00000000
vn 0.00000000 0.00000000 1.00000000
vn 0.00000000 0.00000000 1.00000000
vn 0.00000515 -0.00000100 1.00000000
vn -0.00000130 0.00000068 1.00000000
vn 0.00000000 0.00000000 1.00000000
vn 0.00000000 0.00000000 1.00000000
vn 0.00000110 -0.00000018 1.00000000
vn -0.00000261 0.00000329 1.00000000
vn 0.00000039 -0.00000304 1.00000000
vn 0.00000308 -0.00000250 1.00000000
vn 0.00000217 -0.00000001 1.00000000
vn 0.00000296 -0.00000040 1.00000000
vn 0.00000211 0.00000038 1.00000000
vn 0.00000210 0.00000011 1.00000000
vn 0.00000246 -0.00000165 1.00000000
vn -0.00000009 0.00000009 1.00000000
vn 0.00000390 -0.00000115 1.00000000
vn 0.00000049 0.00000223 1.00000000
vn 0.00000000 0.00000000 1.00000000
vn 0.00000244 0.00000014 1.00000000
vn 0.00000195 -0.00000031 1.00000000
vn 0.00000349 -0.00000112 1.00000000
vn 0.00000657 0.00000507 1.00000000
vn 0.00000075 -0.00000213 1.00000000
vn 0.00000298 -0.00000130 1.00000000
vn 0.00000000 0.00000000 -1.00000000
vn 0.00000105 -0.00000345 -1.00000000
vn 0.00000041 -0.00000003 -1.00000000
vn 0.00000347 0.00000404 -1.00000000
vn 0.00000189 0.00000446 -1.00000000
vn 0.00000000 0.00000000 -1.00000000
vn 0.00000000 0.00000000 -1.00000000
vn 0.00000671 0.00000557 -1.00000000
vn -0.00001735 -0.00003680 -1.00000000
vn 0.00000887 0.00003226 -1.00000000
vn 0.00000684 0.00000374 -1.00000000
vn -0.00000665 0.00000720 -1.00000000
vn 0.00003592 0.00001022 -1.00000000
vn 0.00000073 -0.00000258 -1.00000000
vn -0.00000947 0.00000682 -1.00000000
vn -0.00000061 0.00000039 -1.00000000
vn 0.00001963 0.00006804 -1.00000000
vn -0.00000041 0.00000018 -1.00000000
vn 0.00000915 -0.00000142 -1.00000000
vn -0.00000799 -0.00000264 -1.00000000
vn -0.00000083 -0.00000003 -1.00000000
vn 0.00000000 0.00000000 -1.00000000
vn 0.00000558 -0.00001939 -1.00000000
vn -0.00004052 -0.00001424 -1.00000000
vn -0.00000736 -0.00002198 -1.00000000
vn 0.00000000 0.00000000 -1.00000000
vn 0.00000000 0.00000000 -1.00000000
vn -0.00000626 -0.00002751 -1.00000000
vn -0.00001472 -0.00002077 -1.00000000
vn -0.00001731 -0.00002252 -1.00000000
vn -0.00000287 0.00000570 -1.00000000
vn -0.00000137 0.00000174 -1.00000000
vn -0.00002515 -0.00002036 -1.00000000
vn -0.00002178 -0.00001225 -1.00000000
vn -0.00000016 -0.00000041 -1.00000000
vn -0.00000092 0.00000092 -1.00000000
vn -0.00002147 -0.00000401 -1.00000000
vn -0.00001637 -0.00001199 -1.00000000
vn -0.00001324 0.00000202 -1.00000000
vn -0.00001298 0.00000143 -1.00000000
vn -0.00001489 -0.00000220 -1.00000000
vn -0.00001646 -0.00000540 -1.00000000
vn -0.00001456 0.00000268 -1.00000000
vn -0.00001523 0.00000288 -1.00000000
vn -0.00000476 -0.00000301 -1.00000000
vn -0.00000948 -0.00000688 -1.00000000
vn -0.00000762 -0.00000529 -1.00000000
vn -0.00000194 0.00000129 -1.00000000
vn -0.00000054 0.00000422 -1.00000000
vn -0.00000166 0.00000172 -1.00000000
vn -0.18531171 0.98267979 0.00000000
vn -0.19622701 0.98055849 0.00000000
vn 0.00000015 -1.00000000 0.00000000
vn -1.00000000 -0.00000077 0.00000000
vn 0.96592591 -0.25881875 0.00000000
vn 0.70710689 -0.70710667 0.00000000
vn 0.25881966 -0.96592566 0.00000000
vn 0.01789014 -0.99983996 0.00000000
vn -0.95078405 0.30985429 0.00000000
vn -0.68016840 0.73305590 0.00000000
vn -0.28062036 0.95981885 0.00000000
vn -0.16161868 0.98685328 0.00000000
vn -0.25882207 0.96592502 0.00000000
vn -0.70710714 0.70710643 0.00000000
vn -0.96592653 0.25881640 0.00000000
vn -0.00000105 1.00000000 0.00000000
vn -1.00000000 -0.00000015 0.00000000
vn -0.31059288 -0.95054304 0.00000000
vn -0.70710661 -0.70710695 0.00000000
vn -0.95526879 -0.29573896 0.00000000
vn -0.96592551 -0.25882024 0.00000000
vn -0.70710667 -0.70710689 0.00000000
vn -0.25881564 -0.96592674 0.00000000
vn 0.00000015 -1.00000000 0.00000000
vn -1.00000000 -0.00000015 0.00000000
vn -0.96592518 0.25882146 0.00000000
vn -0.70710840 0.70710517 0.00000000
vn -0.25881935 0.96592574 0.00000000
vn -0.99994928 -0.01007158 0.00000000
vn -0.17540255 0.98449680 0.00000000
vn 0.25778635 -0.96620195 0.00000000
vn 0.70158277 -0.71258797 0.00000000
vn 0.96207295 -0.27279231 0.00000000
vn 0.00000109 -1.00000000 0.00000000
vn 0.99987891 -0.01556193 0.00000000
vn 0.50370522 0.86387560 0.00000000
vn 0.63352819 0.77371961 0.00000000
vn 0.90909574 0.41658726 0.00000000
vn 1.00000000 0.00000088 0.00000000
vn 0.55223214 0.83369039 0.00000000
vn 0.89738793 -0.44124245 0.00000000
vn 0.61485050 -0.78864369 0.00000000
vn 0.51368123 -0.85798112 0.00000000
vn 1.00000000 0.00000015 0.00000000
vn 0.50548961 -0.86283269 0.00000000
vn 0.64011343 -0.76828042 0.00000000
vn 0.91402803 -0.40565104 0.00000000
vn 0.99998869 -0.00475638 0.00000000
vn 0.46022835 -0.88780058 0.00000000
vn 0.87476787 0.48454224 0.00000000
vn 0.50508012 0.86307246 0.00000000
vn -0.99518331 0.09803154 0.00000000
vn -0.77300121 0.63440455 0.00000000
vn -0.88193066 0.47137915 0.00000000
vn 0.99518491 -0.09801528 0.00000000
vn -0.95695111 -0.29024916 0.00000000
vn -0.99518310 -0.09803362 0.00000000
vn -0.77300995 -0.63439390 0.00000000
vn 0.09802866 -0.99518359 0.00000000
vn 0.09801483 0.99518495 0.00000000
vn 0.00000188 -0.00000033 1.00000000
vn 0.00000200 -0.00000026 1.00000000
vn 0.00000172 -0.00000110 1.00000000
vn 0.00000230 0.00000007 1.00000000
vn 0.00000209 -0.00000039 1.00000000
vn 0.00000000 0.00000000 1.00000000
vn 0.00000041 -0.00000075 1.00000000
vn -0.00000422 -0.00000602 1.00000000
vn -0.00000016 -0.00000018 1.00000000
vn 0.00000000 0.00000000 1.00000000
vn 0.00000000 0.00000000 1.00000000
vn 0.00000000 0.00000000 1.00000000
vn -0.00000509 0.00000376 1.00000000
vn 0.00000195 -0.00000083 1.00000000
vn -0.00001222 0.00000855 1.00000000
vn -0.00000097 -0.00000062 1.00000000
vn -0.00000493 -0.00000865 1.00000000
vn 0.00000565 -0.00000743 1.00000000
vn 0.00000504 -0.00000587 1.00000000
vn 0.00000000 0.00000000 1.00000000
vn 0.00000000 0.00000000 1.00000000
vn 0.88192208 -0.47139521 0.00000000
vn -0.09801602 0.99518484 0.00000000
vn 0.29027418 -0.95694352 0.00000000
vn -0.63438055 -0.77302091 0.00000000
vn 0.47139521 0.88192208 0.00000000
vn -0.47139521 -0.88192208 0.00000000
vn -0.63439166 0.77301178 0.00000000
vn 0.63439166 -0.77301178 0.00000000
vn 0.95693602 -0.29029891 0.00000000
vn -0.00000011 -0.00000011 -1.00000000
vn 0.00000043 -0.00000013 -1.00000000
vn -0.00000032 0.00000000 -1.00000000
vn 0.00000132 -0.00000121 -1.00000000
vn 0.00000015 -0.00000027 -1.00000000
vn 0.00000017 -0.00000027 -1.00000000
vn 0.00000035 -0.00000006 -1.00000000
vn 0.00000027 -0.00000017 -1.00000000
vn 0.00000025 -0.00000023 -1.00000000
vn 0.00000043 0.00000001 -1.00000000
vn 0.00001345 0.00002100 -1.00000000
vn 0.00000039 -0.00000007 -1.00000000
vn 0.00000037 -0.00000016 -1.00000000
vn 0.00000360 -0.00000275 -1.00000000
vn 0.00000012 0.00000008 -1.00000000
vn 0.00000032 -0.00000021 -1.00000000
vn -0.00000191 0.00000217 -1.00000000
vn -0.00000169 0.00000165 -1.00000000
vn -0.00000006 -0.00000030 -1.00000000
vn 0.00000013 -0.00000030 -1.00000000
vn 0.00000006 -0.00000032 -1.00000000
vn -0.47140305 0.88191789 0.00000000
vn 0.63439143 0.77301197 0.00000000
vn 0.88191890 0.47140116 0.00000000
vn -0.09803103 -0.99518336 0.00000000
vn -0.88191789 -0.47140305 0.00000000
vn 0.99518488 0.09801558 0.00000000
vn -0.95694460 0.29027061 0.00000000
vn 0.29028640 0.95693981 0.00000000
vn 0.47139548 -0.88192194 0.00000000
vn -0.29029057 -0.95693855 0.00000000
vn -0.29028669 0.95693973 0.00000000
vn 0.95694099 0.29028252 0.00000000
vn 0.77301907 -0.63438278 0.00000000
vn 0.77301888 0.63438301 0.00000000
vn -0.99518535 0.09801077 0.00000000
vn -0.77300791 0.63439638 0.00000000
vn -0.88192309 0.47139332 0.00000000
vn 0.99518553 -0.09800899 0.00000000
vn -0.95694325 -0.29027507 0.00000000
vn -0.99518372 -0.09802733 0.00000000
vn -0.77300772 -0.63439662 0.00000000
vn 0.09800929 -0.99518550 0.00000009
vn 0.09803154 0.99518331 0.00000000
vn 0.00000143 -0.00000201 1.00000000
vn 0.00000136 -0.00000062 1.00000000
vn 0.00000124 -0.00000214 1.00000000
vn 0.00000542 0.00000585 1.00000000
vn 0.00001088 0.00001177 1.00000000
vn 0.00000170 -0.00000113 1.00000000
vn 0.00000000 0.00000000 1.00000000
vn 0.00000234 0.00000089 1.00000000
vn 0.00000244 -0.00000091 1.00000000
vn -0.00000087 0.00000900 1.00000000
vn 0.00000730 -0.00001234 1.00000000
vn 0.00000300 -0.00000029 1.00000000
vn 0.00000377 0.00000076 1.00000000
vn -0.00000024 0.00001124 1.00000000
vn 0.00000090 0.00000017 1.00000000
vn 0.00000176 -0.00000071 1.00000000
vn 0.00000156 -0.00000106 1.00000000
vn 0.00000139 -0.00000147 1.00000000
vn 0.00000098 -0.00000261 1.00000000
vn 0.00000940 -0.00000345 1.00000000
vn 0.00000832 -0.00000188 1.00000000
vn 0.88192560 -0.47138862 -0.00000045
vn -0.09803362 0.99518310 0.00000000
vn 0.29029592 -0.95693693 -0.00000028
vn -0.63439590 -0.77300831 0.00000000
vn 0.47139427 0.88192259 0.00000000
vn -0.47139332 -0.88192309 0.00000000
vn -0.63439418 0.77300972 0.00000000
vn 0.63439390 -0.77300995 0.00000000
vn 0.95693918 -0.29028848 0.00000000
vn -0.00007276 0.00005700 -1.00000000
vn -0.00004771 -0.00004136 -1.00000000
vn -0.00005525 -0.00001124 -1.00000000
vn -0.00004413 -0.00005518 -1.00000000
vn -0.00005817 -0.00000585 -1.00000000
vn -0.00001971 -0.00004225 -1.00000000
vn -0.00001370 -0.00002367 -1.00000000
vn -0.00003790 -0.00001134 -1.00000000
vn -0.00000172 0.00000050 -1.00000000
vn 0.00001439 -0.00000907 -1.00000000
vn 0.00002145 0.00001406 -1.00000000
vn 0.00000860 0.00001271 -1.00000000
vn -0.00000212 0.00000036 -1.00000000
vn -0.00000186 0.00000075 -1.00000000
vn -0.00003470 0.00001011 -1.00000000
vn -0.00000165 0.00000112 -1.00000000
vn -0.00000147 0.00000155 -1.00000000
vn -0.00000278 -0.00000794 -1.00000000
vn -0.00000343 -0.00000116 -1.00000000
vn -0.00000959 0.00000052 -1.00000000
vn -0.00000213 0.00000025 -1.00000000
vn -0.47140775 0.88191538 0.00000000
vn 0.63438278 0.77301907 0.00000000
vn 0.88191890 0.47140116 0.00000000
vn -0.09802881 -0.99518358 0.00000000
vn -0.88191789 -0.47140305 0.00000000
vn 0.99518532 0.09801107 0.00000000
vn -0.95693981 0.29028640 0.00000000
vn 0.29029146 0.95693828 -0.00000028
vn 0.47139453 -0.88192244 0.00000000
vn -0.29027895 -0.95694207 0.00000000
vn -0.29027001 0.95694479 0.00000000
vn 0.95693909 0.29028877 0.00000000
vn 0.77301014 -0.63439366 0.00000000
vn 0.77301888 0.63438301 -0.00000083
vn -0.99518535 0.09801077 0.00000000
vn -0.77301684 0.63438550 0.00000000
vn -0.88192309 0.47139332 0.00000000
vn 0.99518535 -0.09801077 0.00000000
vn -0.95693973 -0.29028669 0.00000028
vn -0.99518532 -0.09801107 0.00000009
vn -0.77300772 -0.63439662 0.00000000
vn 0.09803362 -0.99518310 0.00000000
vn 0.09801528 0.99518491 0.00000000
vn 0.00000249 0.00000098 1.00000000
vn 0.00000133 -0.00000082 1.00000000
vn 0.00000168 -0.00000030 1.00000000
vn 0.00000176 0.00000120 1.00000000
vn 0.00000000 0.00000000 1.00000000
vn 0.00000116 -0.00000042 1.00000000
vn 0.00000084 -0.00000080 1.00000000
vn 0.00000037 -0.00000106 1.00000000
vn 0.00000153 -0.00000063 1.00000000
vn 0.00000000 0.00000000 1.00000000
vn 0.00000000 0.00000000 1.00000000
vn 0.00000089 -0.00000016 1.00000000
vn 0.00000000 0.00000000 1.00000000
vn 0.00000000 0.00000000 1.00000000
vn 0.00000843 0.00000341 1.00000000
vn 0.00000000 0.00000000 1.00000000
vn 0.88191803 -0.47140278 0.00000000
vn -0.09801558 0.99518488 0.00000000
vn 0.29027001 -0.95694479 0.00000000
vn -0.63439590 -0.77300831 0.00000000
vn 0.47139427 0.88192259 0.00000000
vn -0.47140089 -0.88191904 0.00000000
vn -0.63439613 0.77300812 0.00000000
vn 0.63438497 -0.77301728 0.00000000
vn 0.95693918 -0.29028848 0.00000000
vn -0.00000139 0.00000037 -1.00000000
vn -0.00000262 -0.00000157 -1.00000000
vn -0.00005768 -0.00003921 -1.00000000
vn -0.00000012 -0.00000012 -1.00000000
vn -0.00004238 0.00001614 -1.00000000
vn -0.00001393 0.00002887 -1.00000000
vn -0.00000074 0.00000013 -1.00000000
vn -0.00000067 0.00000028 -1.00000000
vn -0.00002891 0.00000539 -1.00000000
vn -0.00000032 -0.00000012 -1.00000000
vn 0.00000122 -0.00000137 -1.00000000
vn -0.00000114 0.00000106 -1.00000000
vn -0.00000829 0.00000801 -1.00000000
vn -0.00000515 -0.00000242 -1.00000000
vn -0.00000392 0.00000255 -1.00000000
vn -0.00000442 -0.00000146 -1.00000000
vn -0.47139359 0.88192295 0.00000000
vn 0.63440371 0.77300190 0.00000000
vn 0.88192295 0.47139359 0.00000000
vn -0.09801528 -0.99518491 0.00000000
vn -0.88191789 -0.47140305 0.00000000
vn 0.99518554 0.09800885 0.00000012
vn -0.95693981 0.29028640 0.00000000
vn 0.29026972 0.95694487 0.00000000
vn 0.47140210 -0.88191840 0.00000000
vn -0.29028640 -0.95693981 0.00000000
vn -0.29027001 0.95694479 0.00000000
vn 0.95693717 0.29029510 0.00000000
vn 0.77301907 -0.63438278 0.00000000
vn 0.77300883 0.63439526 0.00000000
vn 0.99518425 -0.09802203 0.00000000
vn 0.00000165 0.00000102 1.00000000
vn 0.00000139 0.00000016 1.00000000
vn 0.00000211 -0.00000042 1.00000000
vn 0.00000070 0.00000046 1.00000000
vn 0.00000105 0.00000053 1.00000000
vn 0.00000034 0.00000084 1.00000000
vn 0.00000100 0.00000017 1.00000000
vn 0.00000240 0.00000050 1.00000000
vn 0.00000000 0.00000000 1.00000000
vn 0.00000109 -0.00000018 1.00000000
vn 0.00000506 -0.00000104 1.00000000
vn 0.00000098 -0.00000059 1.00000000
vn 0.00000115 0.00000023 1.00000000
vn 0.00000110 0.00000047 1.00000000
vn 0.00000207 0.00000361 1.00000000
vn 0.00000166 0.00000190 1.00000000
vn 0.00000106 0.00000076 1.00000000
vn 0.00000103 0.00000114 1.00000000
vn 0.00000000 0.00000000 1.00000000
vn 0.00000101 0.00000175 1.00000000
vn 0.00000041 0.00000037 1.00000000
vn 0.00000000 0.00000000 1.00000000
vn 0.00000436 0.00000141 1.00000000
vn 0.00000036 0.00000007 1.00000000
vn 0.00000007 0.00000040 1.00000000
vn 0.00000093 -0.00000079 1.00000000
vn 0.00000273 -0.00000061 1.00000000
vn 0.00000224 0.00000191 1.00000000
vn 0.00000078 0.00000081 1.00000000
vn 0.00000000 0.00000000 1.00000000
vn 0.00000874 0.00002590 1.00000000
vn 0.00000116 -0.00000201 1.00000000
vn 0.00000133 0.00000084 1.00000000
vn 0.00000083 0.00000002 1.00000000
vn 0.00000120 -0.00000132 1.00000000
vn 0.00000026 0.00000062 1.00000000
vn 0.00000008 0.00000142 1.00000000
vn 0.00000000 0.00000000 1.00000000
vn 0.00000010 0.00000005 1.00000000
vn 0.00000000 0.00000000 1.00000000
vn 0.00000424 -0.00000731 1.00000000
vn 0.00000132 -0.00000056 1.00000000
vn 0.00000125 -0.00000089 1.00000000
vn 0.00000000 0.00000000 1.00000000
vn 0.00000000 0.00000000 1.00000000
vn 0.00000000 0.00000000 1.00000000
vn 0.00000000 0.00000000 1.00000000
vn 0.00000000 0.00000000 1.00000000
vn 0.00000000 0.00000000 1.00000000
vn 0.00000000 0.00000000 1.00000000
vn 0.00000000 0.00000000 1.00000000
vn 0.00000188 0.00000014 1.00000000
vn -0.00000691 0.00002385 1.00000000
vn 0.00000000 0.00000000 1.00000000
vn -0.00000169 0.00000553 1.00000000
vn 0.00000151 0.00000064 1.00000000
vn 0.00000143 0.00000101 1.00000000
vn 0.77301016 -0.63439364 0.00000000
vn 0.88192116 -0.47139693 0.00000000
vn -0.99518424 0.09802204 0.00000000
vn 0.95693997 0.29028587 0.00000000
vn 0.99518421 0.09802235 0.00000000
vn 0.77300963 0.63439429 0.00000000
vn -0.09801808 0.99518463 0.00000000
vn -0.09801712 -0.99518473 0.00000000
vn -0.88192121 0.47139684 0.00000000
vn 0.09801718 -0.99518472 0.00000000
vn -0.29028393 0.95694056 0.00000000
vn 0.63439514 0.77300893 0.00000000
vn -0.47139671 -0.88192128 0.00000000
vn 0.47139278 0.88192338 0.00000000
vn 0.63439626 -0.77300801 0.00000000
vn -0.63439341 0.77301035 0.00000000
vn -0.95694245 0.29027771 0.00000000
vn 0.00000000 0.00000000 -1.00000000
vn 0.00000483 -0.00001720 -1.00000000
vn 0.00000099 0.00000239 -1.00000000
vn -0.00000028 0.00000004 -1.00000000
vn -0.00000022 0.00000008 -1.00000000
vn 0.00000010 0.00000346 -1.00000000
vn 0.00000030 0.00000549 -1.00000000
vn -0.00000136 0.00000742 -1.00000000
vn -0.00000018 0.00000012 -1.00000000
vn -0.00000015 0.00000015 -1.00000000
vn -0.00001317 -0.00003813 -1.00000000
vn -0.00000338 0.00000412 -1.00000000
vn -0.00000012 0.00000019 -1.00000000
vn -0.00000009 0.00000023 -1.00000000
vn -0.00000377 0.00000824 -1.00000000
vn -0.00000417 0.00000992 -1.00000000
vn 0.00002050 0.00003165 -1.00000000
vn 0.00003704 0.00005803 -1.00000000
vn 0.00000575 0.00001066 -1.00000000
vn 0.00000728 -0.00000798 -1.00000000
vn 0.00002039 -0.00004673 -1.00000000
vn 0.00003518 0.00006550 -1.00000000
vn 0.00003703 -0.00006241 -1.00000000
vn 0.00003559 0.00006120 -1.00000000
vn 0.00003622 0.00005465 -1.00000000
vn 0.00003730 0.00005130 -1.00000000
vn 0.00002732 0.00003565 -1.00000000
vn -0.00001239 0.00000034 -1.00000000
vn -0.00000905 0.00000667 -1.00000000
vn -0.00001008 0.00000407 -1.00000000
vn -0.00000650 0.00000714 -1.00000000
vn -0.00000770 0.00000502 -1.00000000
vn -0.00000445 0.00000783 -1.00000000
vn -0.00000668 0.00000745 -1.00000000
vn -0.00000510 0.00000905 -1.00000000
vn -0.00000753 0.00000632 -1.00000000
vn 0.00003239 -0.00006898 -1.00000000
vn -0.00000613 0.00000807 -1.00000000
vn -0.00000719 0.00000746 -1.00000000
vn 0.00000098 -0.00000604 -1.00000000
vn 0.00004037 -0.00001569 -1.00000000
vn -0.00000902 0.00000743 -1.00000000
vn 0.00003980 -0.00000261 -1.00000000
vn -0.00000294 0.00000827 -1.00000000
vn 0.00003335 0.00003747 -1.00000000
vn -0.00000555 0.00000790 -1.00000000
vn 0.00003590 -0.00000675 -1.00000000
vn 0.00003485 0.00006751 -1.00000000
vn 0.00000000 0.00000000 -1.00000000
vn 0.00000000 0.00000000 -1.00000000
vn -0.00000637 0.00000864 -1.00000000
vn -0.00001059 0.00000869 -1.00000000
vn -0.00000781 0.00000836 -1.00000000
vn -0.00001522 -0.00002805 -1.00000000
vn -0.00001588 -0.00003552 -1.00000000
vn -0.00000135 0.00006587 -1.00000000
vn 0.00000350 0.00003236 -1.00000000
vn 0.47139763 -0.88192078 0.00000000
vn -0.63439280 -0.77301085 0.00000000
vn -0.88192088 -0.47139746 0.00000000
vn 0.88192060 0.47139798 0.00000000
vn 0.09801563 0.99518488 0.00000000
vn -0.99518422 -0.09802228 0.00000000
vn 0.95694198 -0.29027925 0.00000000
vn -0.29028210 -0.95694112 0.00000000
vn -0.47139633 0.88192148 0.00000000
vn 0.29028436 0.95694043 0.00000000
vn 0.29028585 -0.95693998 0.00000000
vn -0.95694243 -0.29027777 0.00000000
vn -0.77300900 0.63439506 0.00000000
vn -0.77300881 -0.63439529 0.00000000
vt 0.00000000 0.00000000
vt 0.00000000 0.00000000
vt 0.00000000 0.00000000
vt 0.00000000 0.00000000
vt 0.00000000 0.00000000
vt 0.00000000 0.00000000
vt 0.00000000 0.00000000
vt 0.00000000 0.00000000
vt 0.00000000 0.00000000
vt 0.00000000 0.00000000
vt 0.00000000 0.00000000
vt 0.00000000 0.00000000
vt 0.00000000 0.00000000
vt 0.00000000 0.00000000
vt 0.00000000 0.00000000
vt 0.00000000 0.00000000
vt 0.00000000 0.00000000
vt 0.00000000 0.00000000
vt 0.00000000 0.00000000
vt 0.00000000 0.00000000
vt 0.00000000 0.00000000
vt 0.00000000 0.00000000
vt 0.00000000 0.00000000
vt 0.00000000 0.00000000
vt 0.00000000 0.00000000
vt 0.00000000 0.00000000
vt 0.00000000 0.00000000
vt 0.00000000 0.00000000
vt 0.00000000 0.00000000
vt 0.00000000 0.00000000
vt 0.00000000 0.00000000
vt 0.00000000 0.00000000
vt 0.00000000 0.00000000
vt 0.00000000 0.00000000
vt 0.00000000 0.00000000
vt 0.00000000 0.00000000
vt 0.00000000 0.00000000
vt 0.00000000 0.00000000
vt 0.00000000 0.00000000
vt 0.00000000 0.00000000
vt 0.00000000 0.00000000
vt 0.00000000 0.00000000
vt 0.00000000 0.00000000
vt 0.00000000 0.00000000
vt 0.00000000 0.00000000
vt 0.00000000 0.00000000
vt 0.00000000 0.00000000
vt 0.00000000 0.00000000
vt 0.00000000 0.00000000
vt 0.00000000 0.00000000
vt 0.00000000 0.00000000
vt 0.00000000 0.00000000
vt 0.00000000 0.00000000
vt 0.00000000 0.00000000
vt 0.00000000 0.00000000
vt 0.00000000 0.00000000
vt 0.00000000 0.00000000
vt 0.00000000 0.00000000
vt 0.00000000 0.00000000
vt 0.00000000 0.00000000
vt 0.00000000 0.00000000
vt 0.00000000 0.00000000
vt 0.00000000 0.00000000
vt 0.00000000 0.00000000
vt 0.00000000 0.00000000
vt 0.00000000 0.00000000
vt 0.00000000 0.00000000
vt 0.00000000 0.00000000
vt 0.00000000 0.00000000
vt 0.00000000 0.00000000
vt 0.00000000 0.00000000
vt 0.00000000 0.00000000
vt 0.00000000 0.00000000
vt 0.00000000 0.00000000
vt 0.00000000 0.00000000
vt 0.00000000 0.00000000
vt 0.00000000 0.00000000
vt 0.00000000 0.00000000
vt 0.00000000 0.00000000
vt 0.00000000 0.00000000
vt 0.00000000 0.00000000
vt 0.00000000 0.00000000
vt 0.00000000 0.00000000
vt 0.00000000 0.00000000
vt 0.00000000 0.00000000
vt 0.00000000 0.00000000
vt 0.00000000 0.00000000
vt 0.00000000 0.00000000
vt 0.00000000 0.00000000
vt 0.00000000 0.00000000
vt 0.00000000 0.00000000
vt 0.00000000 0.00000000
vt 0.00000000 0.00000000
vt 0.00000000 0.00000000
vt 0.00000000 0.00000000
vt 0.00000000 0.00000000
vt 0.00000000 0.00000000
vt 0.00000000 0.00000000
vt 0.00000000 0.00000000
vt 0.00000000 0.00000000
vt 0.00000000 0.00000000
vt 0.00000000 0.00000000
vt 0.00000000 0.00000000
vt 0.00000000 0.00000000
vt 0.00000000 0.00000000
vt 0.00000000 0.00000000
vt 0.00000000 0.00000000
vt 0.00000000 0.00000000
vt 0.00000000 0.00000000
vt 0.00000000 0.00000000
vt 0.00000000 0.00000000
vt 0.00000000 0.00000000
vt 0.00000000 0.00000000
vt 0.00000000 0.00000000
vt 0.00000000 0.00000000
vt 0.00000000 0.00000000
vt 0.00000000 0.00000000
vt 0.00000000 0.00000000
vt 0.00000000 0.00000000
vt 0.00000000 0.00000000
vt 0.00000000 0.00000000
vt 0.00000000 0.00000000
vt 0.00000000 0.00000000
vt 0.00000000 0.00000000
vt 0.00000000 0.00000000
vt 0.00000000 0.00000000
vt 0.00000000 0.00000000
vt 0.00000000 0.00000000
vt 0.00000000 0.00000000
vt 0.00000000 0.00000000
vt 0.00000000 0.00000000
vt 0.00000000 0.00000000
vt 0.00000000 0.00000000
vt 0.00000000 0.00000000
vt 0.00000000 0.00000000
vt 0.00000000 0.00000000
vt 0.00000000 0.00000000
vt 0.00000000 0.00000000
vt 0.00000000 0.00000000
vt 0.00000000 0.00000000
vt 0.00000000 0.00000000
vt 0.00000000 0.00000000
vt 0.00000000 0.00000000
vt 0.00000000 0.00000000
vt 0.00000000 0.00000000
vt 0.00000000 0.00000000
vt 0.00000000 0.00000000
vt 0.00000000 0.00000000
vt 0.00000000 0.00000000
vt 0.00000000 0.00000000
vt 0.00000000 0.00000000
vt 0.00000000 0.00000000
vt 0.00000000 0.00000000
vt 0.00000000 0.00000000
vt 0.00000000 0.00000000
vt 0.00000000 0.00000000
vt 0.00000000 0.00000000
vt 0.00000000 0.00000000
vt 0.00000000 0.00000000
vt 0.00000000 0.00000000
vt 0.00000000 0.00000000
vt 0.00000000 0.00000000
vt 0.00000000 0.00000000
vt 0.00000000 0.00000000
vt 0.00000000 0.00000000
vt 0.00000000 0.00000000
vt 0.00000000 0.00000000
vt 0.00000000 0.00000000
vt 0.00000000 0.00000000
vt 0.00000000 0.00000000
vt 0.00000000 0.00000000
vt 0.00000000 0.00000000
vt 0.00000000 0.00000000
vt 0.00000000 0.00000000
vt 0.00000000 0.00000000
vt 0.00000000 0.00000000
vt 0.00000000 0.00000000
vt 0.00000000 0.00000000
vt 0.00000000 0.00000000
vt 0.00000000 0.00000000
vt 0.00000000 0.00000000
vt 0.00000000 0.00000000
vt 0.00000000 0.00000000
vt 0.00000000 0.00000000
vt 0.00000000 0.00000000
vt 0.00000000 0.00000000
vt 0.00000000 0.00000000
vt 0.00000000 0.00000000
vt 0.00000000 0.00000000
vt 0.00000000 0.00000000
vt 0.00000000 0.00000000
vt 0.00000000 0.00000000
vt 0.00000000 0.00000000
vt 0.00000000 0.00000000
vt 0.00000000 0.00000000
vt 0.00000000 0.00000000
vt 0.00000000 0.00000000
vt 0.00000000 0.00000000
vt 0.00000000 0.00000000
vt 0.00000000 0.00000000
vt 0.00000000 0.00000000
vt 0.00000000 0.00000000
vt 0.00000000 0.00000000
vt 0.00000000 0.00000000
vt 0.00000000 0.00000000
vt 0.00000000 0.00000000
vt 0.00000000 0.00000000
vt 0.00000000 0.00000000
vt 0.00000000 0.00000000
vt 0.00000000 0.00000000
vt 0.00000000 0.00000000
vt 0.00000000 0.00000000
vt 0.00000000 0.00000000
vt 0.00000000 0.00000000
vt 0.00000000 0.00000000
vt 0.00000000 0.00000000
vt 0.00000000 0.00000000
vt 0.00000000 0.00000000
vt 0.00000000 0.00000000
vt 0.00000000 0.00000000
vt 0.00000000 0.00000000
vt 0.00000000 0.00000000
vt 0.00000000 0.00000000
vt 0.00000000 0.00000000
vt 0.00000000 0.00000000
vt 0.00000000 0.00000000
vt 0.00000000 0.00000000
vt 0.00000000 0.00000000
vt 0.00000000 0.00000000
vt 0.00000000 0.00000000
vt 0.00000000 0.00000000
vt 0.00000000 0.00000000
vt 0.00000000 0.00000000
vt 0.00000000 0.00000000
vt 0.00000000 0.00000000
vt 0.00000000 0.00000000
vt 0.00000000 0.00000000
vt 0.00000000 0.00000000
vt 0.00000000 0.00000000
vt 0.00000000 0.00000000
vt 0.00000000 0.00000000
vt 0.00000000 0.00000000
vt 0.00000000 0.00000000
vt 0.00000000 0.00000000
vt 0.00000000 0.00000000
vt 0.00000000 0.00000000
vt 0.00000000 0.00000000
vt 0.00000000 0.00000000
vt 0.00000000 0.00000000
vt 0.00000000 0.00000000
vt 0.00000000 0.00000000
vt 0.00000000 0.00000000
vt 0.00000000 0.00000000
vt 0.00000000 0.00000000
vt 0.00000000 0.00000000
vt 0.00000000 0.00000000
vt 0.00000000 0.00000000
vt 0.00000000 0.00000000
vt 0.00000000 0.00000000
vt 0.00000000 0.00000000
vt 0.00000000 0.00000000
vt 0.00000000 0.00000000
vt 0.00000000 0.00000000
vt 0.00000000 0.00000000
vt 0.00000000 0.00000000
vt 0.00000000 0.00000000
vt 0.00000000 0.00000000
vt 0.00000000 0.00000000
vt 0.00000000 0.00000000
vt 0.00000000 0.00000000
vt 0.00000000 0.00000000
vt 0.00000000 0.00000000
vt 0.00000000 0.00000000
vt 0.00000000 0.00000000
vt 0.00000000 0.00000000
vt 0.00000000 0.00000000
vt 0.00000000 0.00000000
vt 0.00000000 0.00000000
vt 0.00000000 0.00000000
vt 0.00000000 0.00000000
vt 0.00000000 0.00000000
vt 0.00000000 0.00000000
vt 0.00000000 0.00000000
vt 0.00000000 0.00000000
vt 0.00000000 0.00000000
vt 0.00000000 0.00000000
vt 0.00000000 0.00000000
vt 0.00000000 0.00000000
vt 0.00000000 0.00000000
vt 0.00000000 0.00000000
vt 0.00000000 0.00000000
vt 0.00000000 0.00000000
vt 0.00000000 0.00000000
vt 0.00000000 0.00000000
vt 0.00000000 0.00000000
vt 0.00000000 0.00000000
vt 0.00000000 0.00000000
vt 0.00000000 0.00000000
vt 0.00000000 0.00000000
vt 0.00000000 0.00000000
vt 0.00000000 0.00000000
vt 0.00000000 0.00000000
vt 0.00000000 0.00000000
vt 0.00000000 0.00000000
vt 0.00000000 0.00000000
vt 0.00000000 0.00000000
vt 0.00000000 0.00000000
vt 0.00000000 0.00000000
vt 0.00000000 0.00000000
vt 0.00000000 0.00000000
vt 0.00000000 0.00000000
vt 0.00000000 0.00000000
vt 0.00000000 0.00000000
vt 0.00000000 0.00000000
vt 0.00000000 0.00000000
vt 0.00000000 0.00000000
vt 0.00000000 0.00000000
vt 0.00000000 0.00000000
vt 0.00000000 0.00000000
vt 0.00000000 0.00000000
vt 0.00000000 0.00000000
vt 0.00000000 0.00000000
vt 0.00000000 0.00000000
vt 0.00000000 0.00000000
vt 0.00000000 0.00000000
vt 0.00000000 0.00000000
vt 0.00000000 0.00000000
vt 0.00000000 0.00000000
vt 0.00000000 0.00000000
vt 0.00000000 0.00000000
vt 0.00000000 0.00000000
vt 0.00000000 0.00000000
vt 0.00000000 0.00000000
vt 0.00000000 0.00000000
vt 0.00000000 0.00000000
vt 0.00000000 0.00000000
vt 0.00000000 0.00000000
vt 0.00000000 0.00000000
vt 0.00000000 0.00000000
vt 0.00000000 0.00000000
vt 0.00000000 0.00000000
vt 0.00000000 0.00000000
vt 0.00000000 0.00000000
vt 0.00000000 0.00000000
vt 0.00000000 0.00000000
vt 0.00000000 0.00000000
vt 0.00000000 0.00000000
vt 0.00000000 0.00000000
vt 0.00000000 0.00000000
vt 0.00000000 0.00000000
vt 0.00000000 0.00000000
vt 0.00000000 0.00000000
vt 0.00000000 0.00000000
vt 0.00000000 0.00000000
vt 0.00000000 0.00000000
vt 0.00000000 0.00000000
vt 0.00000000 0.00000000
vt 0.00000000 0.00000000
vt 0.00000000 0.00000000
vt 0.00000000 0.00000000
vt 0.00000000 0.00000000
vt 0.00000000 0.00000000
vt 0.00000000 0.00000000
vt 0.00000000 0.00000000
vt 0.00000000 0.00000000
vt 0.00000000 0.00000000
vt 0.00000000 0.00000000
vt 0.00000000 0.00000000
vt 0.00000000 0.00000000
vt 0.00000000 0.00000000
vt 0.00000000 0.00000000
vt 0.00000000 0.00000000
vt 0.00000000 0.00000000
vt 0.00000000 0.00000000
vt 0.00000000 0.00000000
vt 0.00000000 0.00000000
vt 0.00000000 0.00000000
vt 0.00000000 0.00000000
vt 0.00000000 0.00000000
vt 0.00000000 0.00000000
vt 0.00000000 0.00000000
vt 0.00000000 0.00000000
vt 0.00000000 0.00000000
vt 0.00000000 0.00000000
vt 0.00000000 0.00000000
vt 0.00000000 0.00000000
vt 0.00000000 0.00000000
vt 0.00000000 0.00000000
vt 0.00000000 0.00000000
vt 0.00000000 0.00000000
vt 0.00000000 0.00000000
vt 0.00000000 0.00000000
vt 0.00000000 0.00000000
vt 0.00000000 0.00000000
vt 0.00000000 0.00000000
vt 0.00000000 0.00000000
vt 0.00000000 0.00000000
vt 0.00000000 0.00000000
vt 0.00000000 0.00000000
vt 0.00000000 0.00000000
vt 0.00000000 0.00000000
vt 0.00000000 0.00000000
vt 0.00000000 0.00000000
vt 0.00000000 0.00000000
vt 0.00000000 0.00000000
vt 0.00000000 0.00000000
vt 0.00000000 0.00000000
vt 0.00000000 0.00000000
vt 0.00000000 0.00000000
vt 0.00000000 0.00000000
vt 0.00000000 0.00000000
vt 0.00000000 0.00000000
vt 0.00000000 0.00000000
vt 0.00000000 0.00000000
vt 0.00000000 0.00000000
vt 0.00000000 0.00000000
vt 0.00000000 0.00000000
vt 0.00000000 0.00000000
vt 0.00000000 0.00000000
vt 0.00000000 0.00000000
vt 0.00000000 0.00000000
vt 0.00000000 0.00000000
vt 0.00000000 0.00000000
vt 0.00000000 0.00000000
vt 0.00000000 0.00000000
vt 0.00000000 0.00000000
vt 0.00000000 0.00000000
vt 0.00000000 0.00000000
vt 0.00000000 0.00000000
vt 0.00000000 0.00000000
vt 0.00000000 0.00000000
vt 0.00000000 0.00000000
vt 0.00000000 0.00000000
vt 0.00000000 0.00000000
vt 0.00000000 0.00000000
vt 0.00000000 0.00000000
vt 0.00000000 0.00000000
vt 0.00000000 0.00000000
vt 0.00000000 0.00000000
vt 0.00000000 0.00000000
vt 0.00000000 0.00000000
vt 0.00000000 0.00000000
vt 0.00000000 0.00000000
vt 0.00000000 0.00000000
vt 0.00000000 0.00000000
vt 0.00000000 0.00000000
vt 0.00000000 0.00000000
vt 0.00000000 0.00000000
vt 0.00000000 0.00000000
vt 0.00000000 0.00000000
vt 0.00000000 0.00000000
vt 0.00000000 0.00000000
vt 0.00000000 0.00000000
vt 0.00000000 0.00000000
vt 0.00000000 0.00000000
vt 0.00000000 0.00000000
vt 0.00000000 0.00000000
vt 0.00000000 0.00000000
vt 0.00000000 0.00000000
vt 0.00000000 0.00000000
vt 0.00000000 0.00000000
vt 0.00000000 0.00000000
vt 0.00000000 0.00000000
vt 0.00000000 0.00000000
vt 0.00000000 0.00000000
vt 0.00000000 0.00000000
vt 0.00000000 0.00000000
vt 0.00000000 0.00000000
vt 0.00000000 0.00000000
vt 0.00000000 0.00000000
vt 0.00000000 0.00000000
vt 0.00000000 0.00000000
vt 0.00000000 0.00000000
vt 0.00000000 0.00000000
vt 0.00000000 0.00000000
vt 0.00000000 0.00000000
vt 0.00000000 0.00000000
vt 0.00000000 0.00000000
vt 0.00000000 0.00000000
vt 0.00000000 0.00000000
vt 0.00000000 0.00000000
vt 0.00000000 0.00000000
vt 0.00000000 0.00000000
vt 0.00000000 0.00000000
vt 0.00000000 0.00000000
vt 0.00000000 0.00000000
vt 0.00000000 0.00000000
vt 0.00000000 0.00000000
vt 0.00000000 0.00000000
vt 0.00000000 0.00000000
vt 0.00000000 0.00000000
vt 0.00000000 0.00000000
vt 0.00000000 0.00000000
vt 0.00000000 0.00000000
vt 0.00000000 0.00000000
vt 0.00000000 0.00000000
vt 0.00000000 0.00000000
vt 0.00000000 0.00000000
vt 0.00000000 0.00000000
vt 0.00000000 0.00000000
vt 0.00000000 0.00000000
vt 0.00000000 0.00000000
vt 0.00000000 0.00000000
vt 0.00000000 0.00000000
vt 0.00000000 0.00000000
vt 0.00000000 0.00000000
vt 0.00000000 0.00000000
vt 0.00000000 0.00000000
vt 0.00000000 0.00000000
vt 0.00000000 0.00000000
vt 0.00000000 0.00000000
vt 0.00000000 0.00000000
vt 0.00000000 0.00000000
vt 0.00000000 0.00000000
vt 0.00000000 0.00000000
vt 0.00000000 0.00000000
vt 0.00000000 0.00000000
vt 0.00000000 0.00000000
vt 0.00000000 0.00000000
vt 0.00000000 0.00000000
vt 0.00000000 0.00000000
vt 0.00000000 0.00000000
vt 0.00000000 0.00000000
vt 0.00000000 0.00000000
vt 0.00000000 0.00000000
vt 0.00000000 0.00000000
vt 0.00000000 0.00000000
vt 0.00000000 0.00000000
vt 0.00000000 0.00000000
vt 0.00000000 0.00000000
vt 0.00000000 0.00000000
vt 0.00000000 0.00000000
vt 0.00000000 0.00000000
vt 0.00000000 0.00000000
vt 0.00000000 0.00000000
vt 0.00000000 0.00000000
vt 0.00000000 0.00000000
vt 0.00000000 0.00000000
vt 0.00000000 0.00000000
vt 0.00000000 0.00000000
vt 0.00000000 0.00000000
vt 0.00000000 0.00000000
vt 0.00000000 0.00000000
vt 0.00000000 0.00000000
vt 0.00000000 0.00000000
vt 0.00000000 0.00000000
vt 0.00000000 0.00000000
vt 0.00000000 0.00000000
vt 0.00000000 0.00000000
vt 0.00000000 0.00000000
vt 0.00000000 0.00000000
vt 0.00000000 0.00000000
vt 0.00000000 0.00000000
vt 0.00000000 0.00000000
vt 0.00000000 0.00000000
vt 0.00000000 0.00000000
vt 0.00000000 0.00000000
vt 0.00000000 0.00000000
vt 0.00000000 0.00000000
vt 0.00000000 0.00000000
vt 0.00000000 0.00000000
vt 0.00000000 0.00000000
vt 0.00000000 0.00000000
vt 0.00000000 0.00000000
vt 0.00000000 0.00000000
vt 0.00000000 0.00000000
vt 0.00000000 0.00000000
vt 0.00000000 0.00000000
vt 0.00000000 0.00000000
vt 0.00000000 0.00000000
vt 0.00000000 0.00000000
vt 0.00000000 0.00000000
vt 0.00000000 0.00000000
vt 0.00000000 0.00000000
vt 0.00000000 0.00000000
vt 0.00000000 0.00000000
vt 0.00000000 0.00000000
vt 0.00000000 0.00000000
vt 0.00000000 0.00000000
vt 0.00000000 0.00000000
vt 0.00000000 0.00000000
vt 0.00000000 0.00000000
vt 0.00000000 0.00000000
vt 0.00000000 0.00000000
vt 0.00000000 0.00000000
vt 0.00000000 0.00000000
vt 0.00000000 0.00000000
vt 0.00000000 0.00000000
vt 0.00000000 0.00000000
vt 0.00000000 0.00000000
vt 0.00000000 0.00000000
vt 0.00000000 0.00000000
vt 0.00000000 0.00000000
vt 0.00000000 0.00000000
vt 0.00000000 0.00000000
vt 0.00000000 0.00000000
vt 0.00000000 0.00000000
vt 0.00000000 0.00000000
vt 0.00000000 0.00000000
vt 0.00000000 0.00000000
vt 0.00000000 0.00000000
vt 0.00000000 0.00000000
vt 0.00000000 0.00000000
vt 0.00000000 0.00000000
vt 0.00000000 0.00000000
vt 0.00000000 0.00000000
vt 0.00000000 0.00000000
vt 0.00000000 0.00000000
vt 0.00000000 0.00000000
vt 0.00000000 0.00000000
vt 0.00000000 0.00000000
vt 0.00000000 0.00000000
vt 0.00000000 0.00000000
vt 0.00000000 0.00000000
vt 0.00000000 0.00000000
vt 0.00000000 0.00000000
vt 0.00000000 0.00000000
vt 0.00000000 0.00000000
vt 0.00000000 0.00000000
vt 0.00000000 0.00000000
vt 0.00000000 0.00000000
vt 0.00000000 0.00000000
vt 0.00000000 0.00000000
vt 0.00000000 0.00000000
vt 0.00000000 0.00000000
vt 0.00000000 0.00000000
vt 0.00000000 0.00000000
vt 0.00000000 0.00000000
vt 0.00000000 0.00000000
vt 0.00000000 0.00000000
vt 0.00000000 0.00000000
vt 0.00000000 0.00000000
vt 0.00000000 0.00000000
vt 0.00000000 0.00000000
vt 0.00000000 0.00000000
vt 0.00000000 0.00000000
vt 0.00000000 0.00000000
vt 0.00000000 0.00000000
vt 0.00000000 0.00000000
vt 0.00000000 0.00000000
vt 0.00000000 0.00000000
vt 0.00000000 0.00000000
vt 0.00000000 0.00000000
vt 0.00000000 0.00000000
vt 0.00000000 0.00000000
vt 0.00000000 0.00000000
vt 0.00000000 0.00000000
vt 0.00000000 0.00000000
vt 0.00000000 0.00000000
vt 0.00000000 0.00000000
vt 0.00000000 0.00000000
vt 0.00000000 0.00000000
vt 0.00000000 0.00000000
vt 0.00000000 0.00000000
vt 0.00000000 0.00000000
vt 0.00000000 0.00000000
vt 0.00000000 0.00000000
vt 0.00000000 0.00000000
vt 0.00000000 0.00000000
vt 0.00000000 0.00000000
vt 0.00000000 0.00000000
vt 0.00000000 0.00000000
vt 0.00000000 0.00000000
vt 0.00000000 0.00000000
vt 0.00000000 0.00000000
vt 0.00000000 0.00000000
vt 0.00000000 0.00000000
vt 0.00000000 0.00000000
vt 0.00000000 0.00000000
vt 0.00000000 0.00000000
vt 0.00000000 0.00000000
vt 0.00000000 0.00000000
vt 0.00000000 0.00000000
vt 0.00000000 0.00000000
vt 0.00000000 0.00000000
vt 0.00000000 0.00000000
vt 0.00000000 0.00000000
vt 0.00000000 0.00000000
vt 0.00000000 0.00000000
vt 0.00000000 0.00000000
vt 0.00000000 0.00000000
vt 0.00000000 0.00000000
vt 0.00000000 0.00000000
vt 0.00000000 0.00000000
vt 0.00000000 0.00000000
vt 0.00000000 0.00000000
vt 0.00000000 0.00000000
vt 0.00000000 0.00000000
vt 0.00000000 0.00000000
vt 0.00000000 0.00000000
vt 0.00000000 0.00000000
vt 0.00000000 0.00000000
vt 0.00000000 0.00000000
vt 0.00000000 0.00000000
vt 0.00000000 0.00000000
vt 0.00000000 0.00000000
vt 0.00000000 0.00000000
vt 0.00000000 0.00000000
vt 0.00000000 0.00000000
vt 0.00000000 0.00000000
vt 0.00000000 0.00000000
vt 0.00000000 0.00000000
vt 0.00000000 0.00000000
vt 0.00000000 0.00000000
vt 0.00000000 0.00000000
vt 0.00000000 0.00000000
vt 0.00000000 0.00000000
vt 0.00000000 0.00000000
vt 0.00000000 0.00000000
vt 0.00000000 0.00000000
vt 0.00000000 0.00000000
vt 0.00000000 0.00000000
vt 0.00000000 0.00000000
vt 0.00000000 0.00000000
vt 0.00000000 0.00000000
vt 0.00000000 0.00000000
vt 0.00000000 0.00000000
vt 0.00000000 0.00000000
vt 0.00000000 0.00000000
vt 0.00000000 0.00000000
vt 0.00000000 0.00000000
vt 0.00000000 0.00000000
vt 0.00000000 0.00000000
vt 0.00000000 0.00000000
vt 0.00000000 0.00000000
vt 0.00000000 0.00000000
vt 0.00000000 0.00000000
vt 0.00000000 0.00000000
vt 0.00000000 0.00000000
vt 0.00000000 0.00000000
vt 0.00000000 0.00000000
vt 0.00000000 0.00000000
vt 0.00000000 0.00000000
vt 0.00000000 0.00000000
vt 0.00000000 0.00000000
vt 0.00000000 0.00000000
vt 0.00000000 0.00000000
vt 0.00000000 0.00000000
vt 0.00000000 0.00000000
vt 0.00000000 0.00000000
vt 0.00000000 0.00000000
vt 0.00000000 0.00000000
vt 0.00000000 0.00000000
vt 0.00000000 0.00000000
vt 0.00000000 0.00000000
vt 0.00000000 0.00000000
vt 0.00000000 0.00000000
vt 0.00000000 0.00000000
vt 0.00000000 0.00000000
vt 0.00000000 0.00000000
vt 0.00000000 0.00000000
vt 0.00000000 0.00000000
vt 0.00000000 0.00000000
vt 0.00000000 0.00000000
vt 0.00000000 0.00000000
vt 0.00000000 0.00000000
vt 0.00000000 0.00000000
vt 0.00000000 0.00000000
vt 0.00000000 0.00000000
vt 0.00000000 0.00000000
vt 0.00000000 0.00000000
vt 0.00000000 0.00000000
vt 0.00000000 0.00000000
vt 0.00000000 0.00000000
vt 0.00000000 0.00000000
vt 0.00000000 0.00000000
vt 0.00000000 0.00000000
vt 0.00000000 0.00000000
vt 0.00000000 0.00000000
vt 0.00000000 0.00000000
vt 0.00000000 0.00000000
vt 0.00000000 0.00000000
vt 0.00000000 0.00000000
vt 0.00000000 0.00000000
vt 0.00000000 0.00000000
vt 0.00000000 0.00000000
vt 0.00000000 0.00000000
vt 0.00000000 0.00000000
vt 0.00000000 0.00000000
vt 0.00000000 0.00000000
vt 0.00000000 0.00000000
vt 0.00000000 0.00000000
vt 0.00000000 0.00000000
vt 0.00000000 0.00000000
vt 0.00000000 0.00000000
vt 0.00000000 0.00000000
vt 0.00000000 0.00000000
vt 0.00000000 0.00000000
vt 0.00000000 0.00000000
vt 0.00000000 0.00000000
vt 0.00000000 0.00000000
vt 0.00000000 0.00000000
vt 0.00000000 0.00000000
vt 0.00000000 0.00000000
vt 0.00000000 0.00000000
vt 0.00000000 0.00000000
vt 0.00000000 0.00000000
vt 0.00000000 0.00000000
vt 0.00000000 0.00000000
vt 0.00000000 0.00000000
vt 0.00000000 0.00000000
vt 0.00000000 0.00000000
vt 0.00000000 0.00000000
vt 0.00000000 0.00000000
vt 0.00000000 0.00000000
vt 0.00000000 0.00000000
vt 0.00000000 0.00000000
vt 0.00000000 0.00000000
vt 0.00000000 0.00000000
vt 0.00000000 0.00000000
vt 0.00000000 0.00000000
vt 0.00000000 0.00000000
vt 0.00000000 0.00000000
vt 0.00000000 0.00000000
vt 0.00000000 0.00000000
vt 0.00000000 0.00000000
vt 0.00000000 0.00000000
vt 0.00000000 0.00000000
vt 0.00000000 0.00000000
vt 0.00000000 0.00000000
vt 0.00000000 0.00000000
vt 0.00000000 0.00000000
vt 0.00000000 0.00000000
vt 0.00000000 0.00000000
vt 0.00000000 0.00000000
vt 0.00000000 0.00000000
vt 0.00000000 0.00000000
vt 0.00000000 0.00000000
vt 0.00000000 0.00000000
vt 0.00000000 0.00000000
vt 0.00000000 0.00000000
vt 0.00000000 0.00000000
vt 0.00000000 0.00000000
vt 0.00000000 0.00000000
vt 0.00000000 0.00000000
vt 0.00000000 0.00000000
vt 0.00000000 0.00000000
vt 0.00000000 0.00000000
vt 0.00000000 0.00000000
vt 0.00000000 0.00000000
vt 0.00000000 0.00000000
vt 0.00000000 0.00000000
vt 0.00000000 0.00000000
vt 0.00000000 0.00000000
vt 0.00000000 0.00000000
vt 0.00000000 0.00000000
vt 0.00000000 0.00000000
vt 0.00000000 0.00000000
vt 0.00000000 0.00000000
vt 0.00000000 0.00000000
vt 0.00000000 0.00000000
vt 0.00000000 0.00000000
vt 0.00000000 0.00000000
vt 0.00000000 0.00000000
vt 0.00000000 0.00000000
vt 0.00000000 0.00000000
vt 0.00000000 0.00000000
vt 0.00000000 0.00000000
vt 0.00000000 0.00000000
vt 0.00000000 0.00000000
vt 0.00000000 0.00000000
vt 0.00000000 0.00000000
vt 0.00000000 0.00000000
vt 0.00000000 0.00000000
vt 0.00000000 0.00000000
vt 0.00000000 0.00000000
vt 0.00000000 0.00000000
vt 0.00000000 0.00000000
vt 0.00000000 0.00000000
vt 0.00000000 0.00000000
vt 0.00000000 0.00000000
vt 0.00000000 0.00000000
vt 0.00000000 0.00000000
vt 0.00000000 0.00000000
vt 0.00000000 0.00000000
vt 0.00000000 0.00000000
vt 0.00000000 0.00000000
vt 0.00000000 0.00000000
vt 0.00000000 0.00000000
vt 0.00000000 0.00000000
vt 0.00000000 0.00000000
vt 0.00000000 0.00000000
vt 0.00000000 0.00000000
vt 0.00000000 0.00000000
vt 0.00000000 0.00000000
vt 0.00000000 0.00000000
vt 0.00000000 0.00000000
vt 0.00000000 0.00000000
vt 0.00000000 0.00000000
vt 0.00000000 0.00000000
vt 0.00000000 0.00000000
vt 0.00000000 0.00000000
vt 0.00000000 0.00000000
vt 0.00000000 0.00000000
vt 0.00000000 0.00000000
vt 0.00000000 0.00000000
vt 0.00000000 0.00000000
vt 0.00000000 0.00000000
vt 0.00000000 0.00000000
vt 0.00000000 0.00000000
vt 0.00000000 0.00000000
vt 0.00000000 0.00000000
vt 0.00000000 0.00000000
vt 0.00000000 0.00000000
vt 0.00000000 0.00000000
vt 0.00000000 0.00000000
vt 0.00000000 0.00000000
vt 0.00000000 0.00000000
vt 0.00000000 0.00000000
vt 0.00000000 0.00000000
vt 0.00000000 0.00000000
vt 0.00000000 0.00000000
vt 0.00000000 0.00000000
vt 0.00000000 0.00000000
vt 0.00000000 0.00000000
vt 0.00000000 0.00000000
vt 0.00000000 0.00000000
vt 0.00000000 0.00000000
vt 0.00000000 0.00000000
vt 0.00000000 0.00000000
vt 0.00000000 0.00000000
vt 0.00000000 0.00000000
vt 0.00000000 0.00000000
vt 0.00000000 0.00000000
vt 0.00000000 0.00000000
vt 0.00000000 0.00000000
vt 0.00000000 0.00000000
vt 0.00000000 0.00000000
vt 0.00000000 0.00000000
vt 0.00000000 0.00000000
vt 0.00000000 0.00000000
vt 0.00000000 0.00000000
vt 0.00000000 0.00000000
vt 0.00000000 0.00000000
vt 0.00000000 0.00000000
vt 0.00000000 0.00000000
vt 0.00000000 0.00000000
vt 0.00000000 0.00000000
vt 0.00000000 0.00000000
vt 0.00000000 0.00000000
vt 0.00000000 0.00000000
vt 0.00000000 0.00000000
vt 0.00000000 0.00000000
vt 0.00000000 0.00000000
vt 0.00000000 0.00000000
vt 0.00000000 0.00000000
vt 0.00000000 0.00000000
vt 0.00000000 0.00000000
vt 0.00000000 0.00000000
vt 0.00000000 0.00000000
vt 0.00000000 0.00000000
vt 0.00000000 0.00000000
vt 0.00000000 0.00000000
vt 0.00000000 0.00000000
vt 0.00000000 0.00000000
vt 0.00000000 0.00000000
vt 0.00000000 0.00000000
vt 0.00000000 0.00000000
vt 0.00000000 0.00000000
vt 0.00000000 0.00000000
vt 0.00000000 0.00000000
vt 0.00000000 0.00000000
vt 0.00000000 0.00000000
vt 0.00000000 0.00000000
vt 0.00000000 0.00000000
vt 0.00000000 0.00000000
vt 0.00000000 0.00000000
vt 0.00000000 0.00000000
vt 0.00000000 0.00000000
vt 0.00000000 0.00000000
vt 0.00000000 0.00000000
vt 0.00000000 0.00000000
vt 0.00000000 0.00000000
vt 0.00000000 0.00000000
vt 0.00000000 0.00000000
vt 0.00000000 0.00000000
vt 0.00000000 0.00000000
vt 0.00000000 0.00000000
vt 0.00000000 0.00000000
vt 0.00000000 0.00000000
vt 0.00000000 0.00000000
vt 0.00000000 0.00000000
vt 0.00000000 0.00000000
vt 0.00000000 0.00000000
vt 0.00000000 0.00000000
vt 0.00000000 0.00000000
vt 0.00000000 0.00000000
vt 0.00000000 0.00000000
vt 0.00000000 0.00000000
vt 0.00000000 0.00000000
vt 0.00000000 0.00000000
vt 0.00000000 0.00000000
vt 0.00000000 0.00000000
vt 0.00000000 0.00000000
vt 0.00000000 0.00000000
vt 0.00000000 0.00000000
vt 0.00000000 0.00000000
vt 0.00000000 0.00000000
vt 0.00000000 0.00000000
vt 0.00000000 0.00000000
vt 0.00000000 0.00000000
vt 0.00000000 0.00000000
vt 0.00000000 0.00000000
vt 0.00000000 0.00000000
vt 0.00000000 0.00000000
vt 0.00000000 0.00000000
vt 0.00000000 0.00000000
vt 0.00000000 0.00000000
vt 0.00000000 0.00000000
vt 0.00000000 0.00000000
vt 0.00000000 0.00000000
vt 0.00000000 0.00000000
vt 0.00000000 0.00000000
vt 0.00000000 0.00000000
vt 0.00000000 0.00000000
vt 0.00000000 0.00000000
vt 0.00000000 0.00000000
vt 0.00000000 0.00000000
vt 0.00000000 0.00000000
vt 0.00000000 0.00000000
vt 0.00000000 0.00000000
vt 0.00000000 0.00000000
vt 0.00000000 0.00000000
vt 0.00000000 0.00000000
vt 0.00000000 0.00000000
vt 0.00000000 0.00000000
vt 0.00000000 0.00000000
vt 0.00000000 0.00000000
vt 0.00000000 0.00000000
vt 0.00000000 0.00000000
vt 0.00000000 0.00000000
vt 0.00000000 0.00000000
vt 0.00000000 0.00000000
vt 0.00000000 0.00000000
vt 0.00000000 0.00000000
vt 0.00000000 0.00000000
vt 0.00000000 0.00000000
vt 0.00000000 0.00000000
vt 0.00000000 0.00000000
vt 0.00000000 0.00000000
vt 0.00000000 0.00000000
vt 0.00000000 0.00000000
vt 0.00000000 0.00000000
vt 0.00000000 0.00000000
vt 0.00000000 0.00000000
vt 0.00000000 0.00000000
vt 0.00000000 0.00000000
vt 0.00000000 0.00000000
vt 0.00000000 0.00000000
vt 0.00000000 0.00000000
vt 0.00000000 0.00000000
vt 0.00000000 0.00000000
vt 0.00000000 0.00000000
vt 0.00000000 0.00000000
vt 0.00000000 0.00000000
vt 0.00000000 0.00000000
vt 0.00000000 0.00000000
vt 0.00000000 0.00000000
vt 0.00000000 0.00000000
vt 0.00000000 0.00000000
vt 0.00000000 0.00000000
vt 0.00000000 0.00000000
vt 0.00000000 0.00000000
vt 0.00000000 0.00000000
vt 0.00000000 0.00000000
vt 0.00000000 0.00000000
vt 0.00000000 0.00000000
vt 0.00000000 0.00000000
vt 0.00000000 0.00000000
vt 0.00000000 0.00000000
vt 0.00000000 0.00000000
vt 0.00000000 0.00000000
vt 0.00000000 0.00000000
vt 0.00000000 0.00000000
vt 0.00000000 0.00000000
vt 0.00000000 0.00000000
vt 0.00000000 0.00000000
vt 0.00000000 0.00000000
f 1079/1079/1079 1080/1080/1080 1081/1081/1081
f 1082/1082/1082 1083/1083/1083 1084/1084/1084
f 1085/1085/1085 1086/1086/1086 1087/1087/1087
f 1088/1088/1088 1089/1089/1089 1090/1090/1090
f 1091/1091/1091 1092/1092/1092 1093/1093/1093
f 1094/1094/1094 1095/1095/1095 1096/1096/1096
f 1097/1097/1097 1098/1098/1098 1099/1099/1099
f 1100/1100/1100 1101/1101/1101 1102/1102/1102
f 1103/1103/1103 1104/1104/1104 1105/1105/1105
f 1106/1106/1106 1107/1107/1107 1108/1108/1108
f 1109/1109/1109 1110/1110/1110 1111/1111/1111
f 1112/1112/1112 1113/1113/1113 1114/1114/1114
f 1115/1115/1115 1116/1116/1116 1117/1117/1117
f 1118/1118/1118 1119/1119/1119 1120/1120/1120
f 1121/1121/1121 1122/1122/1122 1123/1123/1123
f 1124/1124/1124 1125/1125/1125 1126/1126/1126
f 1127/1127/1127 1128/1128/1128 1129/1129/1129
f 1130/1130/1130 1131/1131/1131 1132/1132/1132
f 1133/1133/1133 1134/1134/1134 1135/1135/1135
f 1136/1136/1136 1137/1137/1137 1138/1138/1138
f 1139/1139/1139 1140/1140/1140 1141/1141/1141
f 1142/1142/1142 1143/1143/1143 1144/1144/1144
f 1093/1093/1093 1145/1145/1145 1146/1146/1146
f 1147/1147/1147 1148/1148/1148 1149/1149/1149
f 1150/1150/1150 1151/1151/1151 1152/1152/1152
f 1153/1153/1153 1154/1154/1154 1155/1155/1155
f 1156/1156/1156 1157/1157/1157 1158/1158/1158
f 1159/1159/1159 1160/1160/1160 1161/1161/1161
f 1162/1162/1162 1163/1163/1163 1164/1164/1164
f 1165/1165/1165 1166/1166/1166 1167/1167/1167
f 1168/1168/1168 1169/1169/1169 1170/1170/1170
f 1171/1171/1171 1172/1172/1172 1173/1173/1173
f 1174/1174/1174 1175/1175/1175 1176/1176/1176
f 1177/1177/1177 1178/1178/1178 1179/1179/1179
f 1180/1180/1180 1181/1181/1181 1182/1182/1182
f 1183/1183/1183 1184/1184/1184 1185/1185/1185
f 1186/1186/1186 1187/1187/1187 1188/1188/1188
f 1189/1189/1189 1190/1190/1190 1191/1191/1191
f 1192/1192/1192 1193/1193/1193 1194/1194/1194
f 1195/1195/1195 1196/1196/1196 1197/1197/1197
f 1198/1198/1198 1199/1199/1199 1200/1200/1200
f 1201/1201/1201 1202/1202/1202 1203/1203/1203
f 1204/1204/1204 1205/1205/1205 1206/1206/1206
f 1207/1207/1207 1208/1208/1208 1209/1209/1209
f 1210/1210/1210 1211/1211/1211 1212/1212/1212
f 1213/1213/1213 1214/1214/1214 1215/1215/1215
f 1216/1216/1216 1217/1217/1217 1218/1218/1218
f 1219/1219/1219 1220/1220/1220 1221/1221/1221
f 1222/1222/1222 1223/1223/1223 1224/1224/1224
f 1225/1225/1225 1226/1226/1226 1227/1227/1227
f 1228/1228/1228 1229/1229/1229 1230/1230/1230
f 1231/1231/1231 1232/1232/1232 1233/1233/1233
f 1234/1234/1234 1235/1235/1235 1236/1236/1236
f 1237/1237/1237 1238/1238/1238 1239/1239/1239
f 1240/1240/1240 1241/1241/1241 1242/1242/1242
f 1243/1243/1243 1244/1244/1244 1245/1245/1245
f 1246/1246/1246 1247/1247/1247 1248/1248/1248
f 1249/1249/1249 1250/1250/1250 1251/1251/1251
f 1252/1252/1252 1253/1253/1253 1254/1254/1254
f 1255/1255/1255 1256/1256/1256 1257/1257/1257
f 1258/1258/1258 1259/1259/1259 1260/1260/1260
f 1261/1261/1261 1262/1262/1262 1263/1263/1263
f 1264/1264/1264 1265/1265/1265 1266/1266/1266
f 1267/1267/1267 1268/1268/1268 1269/1269/1269
f 1270/1270/1270 1271/1271/1271 1272/1272/1272
f 1273/1273/1273 1274/1274/1274 1275/1275/1275
f 1276/1276/1276 1277/1277/1277 1278/1278/1278
f 1279/1279/1279 1280/1280/1280 1281/1281/1281
f 1282/1282/1282 1283/1283/1283 1284/1284/1284
f 1285/1285/1285 1286/1286/1286 1287/1287/1287
f 1288/1288/1288 1289/1289/1289 1290/1290/1290
f 1291/1291/1291 1292/1292/1292 1293/1293/1293
f 1294/1294/1294 1295/1295/1295 1296/1296/1296
f 1297/1297/1297 1298/1298/1298 1299/1299/1299
f 1300/1300/1300 1301/1301/1301 1302/1302/1302
f 1303/1303/1303 1304/1304/1304 1305/1305/1305
f 1306/1306/1306 1307/1307/1307 1308/1308/1308
f 1309/1309/1309 1310/1310/1310 1311/1311/1311
f 1312/1312/1312 1313/1313/1313 1314/1314/1314
f 1315/1315/1315 1316/1316/1316 1317/1317/1317
f 1318/1318/1318 1319/1319/1319 1320/1320/1320
f 1321/1321/1321 1322/1322/1322 1323/1323/1323
f 1324/1324/1324 1325/1325/1325 1326/1326/1326
f 1327/1327/1327 1328/1328/1328 1329/1329/1329
f 1330/1330/1330 1331/1331/1331 1332/1332/1332
f 1333/1333/1333 1334/1334/1334 1335/1335/1335
f 1336/1336/1336 1337/1337/1337 1338/1338/1338
f 1339/1339/1339 1340/1340/1340 1341/1341/1341
f 1342/1342/1342 1343/1343/1343 1344/1344/1344
f 1345/1345/1345 1346/1346/1346 1347/1347/1347
f 1348/1348/1348 1349/1349/1349 1350/1350/1350
f 1351/1351/1351 1352/1352/1352 1353/1353/1353
f 1354/1354/1354 1355/1355/1355 1356/1356/1356
f 1357/1357/1357 1358/1358/1358 1359/1359/1359
f 1360/1360/1360 1361/1361/1361 1362/1362/1362
f 1363/1363/1363 1364/1364/1364 1365/1365/1365
f 1366/1366/1366 1367/1367/1367 1368/1368/1368
f 1369/1369/1369 1370/1370/1370 1371/1371/1371
f 1372/1372/1372 1373/1373/1373 1374/1374/1374
f 1375/1375/1375 1376/1376/1376 1377/1377/1377
f 1378/1378/1378 1379/1379/1379 1380/1380/1380
f 1381/1381/1381 1382/1382/1382 1383/1383/1383
f 1384/1384/1384 1385/1385/1385 1386/1386/1386
f 1387/1387/1387 1388/1388/1388 1389/1389/1389
f 1390/1390/1390 1391/1391/1391 1392/1392/1392
f 1393/1393/1393 1394/1394/1394 1395/1395/1395
f 1396/1396/1396 1397/1397/1397 1398/1398/1398
f 1399/1399/1399 1400/1400/1400 1401/1401/1401
f 1402/1402/1402 1403/1403/1403 1404/1404/1404
f 1405/1405/1405 1406/1406/1406 1407/1407/1407
f 1408/1408/1408 1409/1409/1409 1410/1410/1410
f 1411/1411/1411 1412/1412/1412 1413/1413/1413
f 1414/1414/1414 1415/1415/1415 1416/1416/1416
f 1417/1417/1417 1418/1418/1418 1419/1419/1419
f 1420/1420/1420 1421/1421/1421 1422/1422/1422
f 1423/1423/1423 1424/1424/1424 1425/1425/1425
f 1426/1426/1426 1427/1427/1427 1428/1428/1428
f 1429/1429/1429 1430/1430/1430 1431/1431/1431
f 1432/1432/1432 1433/1433/1433 1434/1434/1434
f 1435/1435/1435 1436/1436/1436 1437/1437/1437
f 1438/1438/1438 1439/1439/1439 1440/1440/1440
f 1441/1441/1441 1442/1442/1442 1443/1443/1443
f 1444/1444/1444 1445/1445/1445 1446/1446/1446
f 1447/1447/1447 1448/1448/1448 1449/1449/1449
f 1450/1450/1450 1451/1451/1451 1452/1452/1452
f 1453/1453/1453 1454/1454/1454 1455/1455/1455
f 1456/1456/1456 1457/1457/1457 1458/1458/1458
f 1459/1459/1459 1460/1460/1460 1461/1461/1461
f 1462/1462/1462 1463/1463/1463 1464/1464/1464
f 1465/1465/1465 1466/1466/1466 1467/1467/1467
f 1468/1468/1468 1469/1469/1469 1470/1470/1470
f 1471/1471/1471 1472/1472/1472 1473/1473/1473
f 1474/1474/1474 1475/1475/1475 1476/1476/1476
f 1477/1477/1477 1478/1478/1478 1479/1479/1479
f 1480/1480/1480 1481/1481/1481 1482/1482/1482
f 1483/1483/1483 1484/1484/1484 1485/1485/1485
f 1486/1486/1486 1487/1487/1487 1488/1488/1488
f 1489/1489/1489 1490/1490/1490 1491/1491/1491
f 1492/1492/1492 1493/1493/1493 1494/1494/1494
f 1495/1495/1495 1496/1496/1496 1497/1497/1497
f 1498/1498/1498 1499/1499/1499 1500/1500/1500
f 1501/1501/1501 1502/1502/1502 1503/1503/1503
f 1504/1504/1504 1505/1505/1505 1506/1506/1506
f 1507/1507/1507 1508/1508/1508 1509/1509/1509
f 1510/1510/1510 1511/1511/1511 1512/1512/1512
f 1513/1513/1513 1514/1514/1514 1515/1515/1515
f 1516/1516/1516 1517/1517/1517 1518/1518/1518
f 1519/1519/1519 1520/1520/1520 1521/1521/1521
f 1522/1522/1522 1523/1523/1523 1524/1524/1524
f 1525/1525/1525 1526/1526/1526 1527/1527/1527
f 1528/1528/1528 1529/1529/1529 1530/1530/1530
f 1531/1531/1531 1532/1532/1532 1533/1533/1533
f 1534/1534/1534 1535/1535/1535 1536/1536/1536
f 1537/1537/1537 1538/1538/1538 1539/1539/1539
f 1540/1540/1540 1541/1541/1541 1542/1542/1542
f 1543/1543/1543 1544/1544/1544 1545/1545/1545
f 1546/1546/1546 1547/1547/1547 1548/1548/1548
f 1549/1549/1549 1550/1550/1550 1551/1551/1551
f 1552/1552/1552 1553/1553/1553 1554/1554/1554
f 1555/1555/1555 1556/1556/1556 1557/1557/1557
f 1558/1558/1558 1559/1559/1559 1560/1560/1560
f 1561/1561/1561 1562/1562/1562 1563/1563/1563
f 1564/1564/1564 1565/1565/1565 1566/1566/1566
f 1567/1567/1567 1568/1568/1568 1569/1569/1569
f 1570/1570/1570 1571/1571/1571 1572/1572/1572
f 1573/1573/1573 1574/1574/1574 1575/1575/1575
f 1576/1576/1576 1577/1577/1577 1578/1578/1578
f 1579/1579/1579 1580/1580/1580 1581/1581/1581
f 1582/1582/1582 1583/1583/1583 1584/1584/1584
f 1585/1585/1585 1586/1586/1586 1587/1587/1587
f 1588/1588/1588 1589/1589/1589 1590/1590/1590
f 1591/1591/1591 1592/1592/1592 1593/1593/1593
f 1594/1594/1594 1595/1595/1595 1596/1596/1596
f 1597/1597/1597 1598/1598/1598 1599/1599/1599
f 1600/1600/1600 1601/1601/1601 1602/1602/1602
f 1603/1603/1603 1604/1604/1604 1605/1605/1605
f 1606/1606/1606 1607/1607/1607 1608/1608/1608
f 1609/1609/1609 1610/1610/1610 1611/1611/1611
f 1612/1612/1612 1613/1613/1613 1614/1614/1614
f 1615/1615/1615 1616/1616/1616 1617/1617/1617
f 1618/1618/1618 1619/1619/1619 1620/1620/1620
f 1621/1621/1621 1622/1622/1622 1623/1623/1623
f 1624/1624/1624 1625/1625/1625 1626/1626/1626
f 1627/1627/1627 1628/1628/1628 1629/1629/1629
f 1630/1630/1630 1631/1631/1631 1632/1632/1632
f 1633/1633/1633 1634/1634/1634 1635/1635/1635
f 1636/1636/1636 1637/1637/1637 1638/1638/1638
f 1639/1639/1639 1640/1640/1640 1641/1641/1641
f 1642/1642/1642 1643/1643/1643 1644/1644/1644
f 1645/1645/1645 1646/1646/1646 1647/1647/1647
f 1648/1648/1648 1649/1649/1649 1650/1650/1650
f 1651/1651/1651 1652/1652/1652 1653/1653/1653
f 1654/1654/1654 1653/1653/1653 1652/1652/1652
f 1653/1653/1653 1655/1655/1655 1651/1651/1651
f 1655/1655/1655 1649/1649/1649 1648/1648/1648
f 1656/1656/1656 1657/1657/1657 1658/1658/1658
f 1649/1649/1649 1655/1655/1655 1653/1653/1653
f 1658/1658/1658 1650/1650/1650 1649/1649/1649
f 1656/1656/1656 1658/1658/1658 1649/1649/1649
f 1657/1657/1657 1659/1659/1659 1658/1658/1658
f 1657/1657/1657 1660/1660/1660 1659/1659/1659
f 1661/1661/1661 1660/1660/1660 1657/1657/1657
f 1659/1659/1659 1662/1662/1662 1663/1663/1663
f 1661/1661/1661 1657/1657/1657 1664/1664/1664
f 1665/1665/1665 1666/1666/1666 1667/1667/1667
f 1668/1668/1668 1659/1659/1659 1663/1663/1663
f 1661/1661/1661 1664/1664/1664 1669/1669/1669
f 1667/1667/1667 1666/1666/1666 1668/1668/1668
f 1670/1670/1670 1667/1667/1667 1668/1668/1668
f 1661/1661/1661 1669/1669/1669 1671/1671/1671
f 1661/1661/1661 1671/1671/1671 1672/1672/1672
f 1673/1673/1673 1670/1670/1670 1668/1668/1668
f 1674/1674/1674 1673/1673/1673 1668/1668/1668
f 1671/1671/1671 1675/1675/1675 1672/1672/1672
f 1675/1675/1675 1676/1676/1676 1672/1672/1672
f 1677/1677/1677 1674/1674/1674 1668/1668/1668
f 1678/1678/1678 1677/1677/1677 1668/1668/1668
f 1678/1678/1678 1668/1668/1668 1663/1663/1663
f 1672/1672/1672 1676/1676/1676 1679/1679/1679
f 1676/1676/1676 1680/1680/1680 1679/1679/1679
f 1662/1662/1662 1659/1659/1659 1660/1660/1660
f 1681/1681/1681 1662/1662/1662 1079/1079/1079
f 1682/1682/1682 1683/1683/1683 1684/1684/1684
f 1685/1685/1685 1684/1684/1684 1683/1683/1683
f 1686/1686/1686 1687/1687/1687 1688/1688/1688
f 1679/1679/1679 1687/1687/1687 1686/1686/1686
f 1682/1682/1682 1684/1684/1684 1689/1689/1689
f 1689/1689/1689 1684/1684/1684 1690/1690/1690
f 1690/1690/1690 1684/1684/1684 1686/1686/1686
f 1688/1688/1688 1690/1690/1690 1686/1686/1686
f 1679/1679/1679 1691/1691/1691 1687/1687/1687
f 1079/1079/1079 1692/1692/1692 1693/1693/1693
f 1694/1694/1694 1691/1691/1691 1679/1679/1679
f 1660/1660/1660 1079/1079/1079 1662/1662/1662
f 1079/1079/1079 1693/1693/1693 1695/1695/1695
f 1680/1680/1680 1694/1694/1694 1679/1679/1679
f 1696/1696/1696 1681/1681/1681 1079/1079/1079
f 1079/1079/1079 1695/1695/1695 1697/1697/1697
f 1079/1079/1079 1697/1697/1697 1080/1080/1080
f 1081/1081/1081 1696/1696/1696 1079/1079/1079
f 1698/1698/1698 1699/1699/1699 1700/1700/1700
f 1699/1699/1699 1701/1701/1701 1702/1702/1702
f 1703/1703/1703 1704/1704/1704 1700/1700/1700
f 1702/1702/1702 1700/1700/1700 1699/1699/1699
f 1705/1705/1705 1702/1702/1702 1706/1706/1706
f 1704/1704/1704 1698/1698/1698 1700/1700/1700
f 1702/1702/1702 1701/1701/1701 1707/1707/1707
f 1708/1708/1708 1705/1705/1705 1706/1706/1706
f 1702/1702/1702 1707/1707/1707 1706/1706/1706
f 1709/1709/1709 1708/1708/1708 1710/1710/1710
f 1708/1708/1708 1706/1706/1706 1711/1711/1711
f 1712/1712/1712 1709/1709/1709 1710/1710/1710
f 1713/1713/1713 1714/1714/1714 1715/1715/1715
f 1708/1708/1708 1711/1711/1711 1716/1716/1716
f 1717/1717/1717 1712/1712/1712 1710/1710/1710
f 1714/1714/1714 1718/1718/1718 1715/1715/1715
f 1713/1713/1713 1715/1715/1715 1719/1719/1719
f 1720/1720/1720 1717/1717/1717 1721/1721/1721
f 1722/1722/1722 1720/1720/1720 1721/1721/1721
f 1713/1713/1713 1719/1719/1719 1723/1723/1723
f 1713/1713/1713 1723/1723/1723 1724/1724/1724
f 1725/1725/1725 1722/1722/1722 1726/1726/1726
f 1727/1727/1727 1725/1725/1725 1726/1726/1726
f 1713/1713/1713 1724/1724/1724 1728/1728/1728
f 1713/1713/1713 1728/1728/1728 1729/1729/1729
f 1730/1730/1730 1727/1727/1727 1726/1726/1726
f 1731/1731/1731 1730/1730/1730 1726/1726/1726
f 1713/1713/1713 1729/1729/1729 1732/1732/1732
f 1713/1713/1713 1732/1732/1732 1711/1711/1711
f 1711/1711/1711 1732/1732/1732 1733/1733/1733
f 1711/1711/1711 1733/1733/1733 1716/1716/1716
f 1734/1734/1734 1731/1731/1731 1735/1735/1735
f 1736/1736/1736 1737/1737/1737 1738/1738/1738
f 1735/1735/1735 1738/1738/1738 1739/1739/1739
f 1721/1721/1721 1726/1726/1726 1722/1722/1722
f 1710/1710/1710 1721/1721/1721 1717/1717/1717
f 1738/1738/1738 1737/1737/1737 1740/1740/1740
f 1738/1738/1738 1740/1740/1740 1741/1741/1741
f 1738/1738/1738 1741/1741/1741 1739/1739/1739
f 1735/1735/1735 1739/1739/1739 1734/1734/1734
f 1726/1726/1726 1735/1735/1735 1731/1731/1731
f 1742/1742/1742 1743/1743/1743 1083/1083/1083
f 1716/1716/1716 1710/1710/1710 1708/1708/1708
f 1742/1742/1742 1083/1083/1083 1744/1744/1744
f 1744/1744/1744 1083/1083/1083 1745/1745/1745
f 1716/1716/1716 1733/1733/1733 1083/1083/1083
f 1733/1733/1733 1746/1746/1746 1083/1083/1083
f 1745/1745/1745 1083/1083/1083 1747/1747/1747
f 1747/1747/1747 1083/1083/1083 1082/1082/1082
f 1746/1746/1746 1084/1084/1084 1083/1083/1083
f 1085/1085/1085 1748/1748/1748 1086/1086/1086
f 1088/1088/1088 1749/1749/1749 1089/1089/1089
f 1091/1091/1091 1750/1750/1750 1092/1092/1092
f 1094/1094/1094 1751/1751/1751 1095/1095/1095
f 1097/1097/1097 1752/1752/1752 1098/1098/1098
f 1100/1100/1100 1753/1753/1753 1101/1101/1101
f 1103/1103/1103 1754/1754/1754 1104/1104/1104
f 1106/1106/1106 1755/1755/1755 1107/1107/1107
f 1109/1109/1109 1756/1756/1756 1110/1110/1110
f 1112/1112/1112 1757/1757/1757 1113/1113/1113
f 1115/1115/1115 1758/1758/1758 1116/1116/1116
f 1118/1118/1118 1759/1759/1759 1119/1119/1119
f 1121/1121/1121 1760/1760/1760 1122/1122/1122
f 1124/1124/1124 1761/1761/1761 1125/1125/1125
f 1127/1127/1127 1762/1762/1762 1128/1128/1128
f 1130/1130/1130 1763/1763/1763 1131/1131/1131
f 1133/1133/1133 1764/1764/1764 1134/1134/1134
f 1136/1136/1136 1765/1765/1765 1137/1137/1137
f 1139/1139/1139 1766/1766/1766 1140/1140/1140
f 1142/1142/1142 1767/1767/1767 1143/1143/1143
f 1093/1093/1093 1092/1092/1092 1145/1145/1145
f 1147/1147/1147 1768/1768/1768 1148/1148/1148
f 1150/1150/1150 1769/1769/1769 1151/1151/1151
f 1153/1153/1153 1770/1770/1770 1154/1154/1154
f 1156/1156/1156 1771/1771/1771 1157/1157/1157
f 1159/1159/1159 1772/1772/1772 1160/1160/1160
f 1162/1162/1162 1773/1773/1773 1163/1163/1163
f 1165/1165/1165 1774/1774/1774 1166/1166/1166
f 1168/1168/1168 1775/1775/1775 1169/1169/1169
f 1171/1171/1171 1776/1776/1776 1172/1172/1172
f 1174/1174/1174 1777/1777/1777 1175/1175/1175
f 1177/1177/1177 1778/1778/1778 1178/1178/1178
f 1180/1180/1180 1779/1779/1779 1181/1181/1181
f 1183/1183/1183 1780/1780/1780 1184/1184/1184
f 1186/1186/1186 1781/1781/1781 1187/1187/1187
f 1189/1189/1189 1782/1782/1782 1190/1190/1190
f 1192/1192/1192 1783/1783/1783 1193/1193/1193
f 1195/1195/1195 1784/1784/1784 1196/1196/1196
f 1198/1198/1198 1785/1785/1785 1199/1199/1199
f 1201/1201/1201 1786/1786/1786 1202/1202/1202
f 1204/1204/1204 1787/1787/1787 1205/1205/1205
f 1207/1207/1207 1788/1788/1788 1208/1208/1208
f 1210/1210/1210 1789/1789/1789 1211/1211/1211
f 1213/1213/1213 1790/1790/1790 1214/1214/1214
f 1216/1216/1216 1791/1791/1791 1217/1217/1217
f 1219/1219/1219 1792/1792/1792 1220/1220/1220
f 1222/1222/1222 1793/1793/1793 1223/1223/1223
f 1225/1225/1225 1794/1794/1794 1226/1226/1226
f 1228/1228/1228 1795/1795/1795 1229/1229/1229
f 1231/1231/1231 1796/1796/1796 1232/1232/1232
f 1234/1234/1234 1797/1797/1797 1235/1235/1235
f 1237/1237/1237 1798/1798/1798 1238/1238/1238
f 1240/1240/1240 1799/1799/1799 1241/1241/1241
f 1243/1243/1243 1800/1800/1800 1244/1244/1244
f 1246/1246/1246 1801/1801/1801 1247/1247/1247
f 1249/1249/1249 1802/1802/1802 1250/1250/1250
f 1252/1252/1252 1803/1803/1803 1253/1253/1253
f 1255/1255/1255 1804/1804/1804 1256/1256/1256
f 1258/1258/1258 1805/1805/1805 1259/1259/1259
f 1261/1261/1261 1806/1806/1806 1262/1262/1262
f 1264/1264/1264 1807/1807/1807 1265/1265/1265
f 1808/1808/1808 1809/1809/1809 1810/1810/1810
f 1809/1809/1809 1811/1811/1811 1812/1812/1812
f 1813/1813/1813 1814/1814/1814 1815/1815/1815
f 1816/1816/1816 1269/1269/1269 1817/1817/1817
f 1818/1818/1818 1819/1819/1819 1816/1816/1816
f 1820/1820/1820 1818/1818/1818 1816/1816/1816
f 1269/1269/1269 1813/1813/1813 1815/1815/1815
f 1809/1809/1809 1812/1812/1812 1821/1821/1821
f 1809/1809/1809 1821/1821/1821 1810/1810/1810
f 1822/1822/1822 1820/1820/1820 1816/1816/1816
f 1823/1823/1823 1822/1822/1822 1816/1816/1816
f 1808/1808/1808 1810/1810/1810 1824/1824/1824
f 1808/1808/1808 1824/1824/1824 1814/1814/1814
f 1825/1825/1825 1823/1823/1823 1816/1816/1816
f 1826/1826/1826 1825/1825/1825 1816/1816/1816
f 1814/1814/1814 1824/1824/1824 1815/1815/1815
f 1269/1269/1269 1815/1815/1815 1827/1827/1827
f 1817/1817/1817 1826/1826/1826 1816/1816/1816
f 1828/1828/1828 1817/1817/1817 1269/1269/1269
f 1269/1269/1269 1827/1827/1827 1267/1267/1267
f 1268/1268/1268 1828/1828/1828 1269/1269/1269
f 1270/1270/1270 1829/1829/1829 1271/1271/1271
f 1273/1273/1273 1830/1830/1830 1274/1274/1274
f 1276/1276/1276 1831/1831/1831 1277/1277/1277
f 1279/1279/1279 1832/1832/1832 1280/1280/1280
f 1282/1282/1282 1833/1833/1833 1283/1283/1283
f 1285/1285/1285 1834/1834/1834 1286/1286/1286
f 1288/1288/1288 1835/1835/1835 1289/1289/1289
f 1291/1291/1291 1836/1836/1836 1292/1292/1292
f 1294/1294/1294 1837/1837/1837 1295/1295/1295
f 1838/1838/1838 1839/1839/1839 1840/1840/1840
f 1838/1838/1838 1840/1840/1840 1841/1841/1841
f 1842/1842/1842 1298/1298/1298 1843/1843/1843
f 1844/1844/1844 1845/1845/1845 1846/1846/1846
f 1847/1847/1847 1848/1848/1848 1849/1849/1849
f 1849/1849/1849 1848/1848/1848 1850/1850/1850
f 1845/1845/1845 1842/1842/1842 1843/1843/1843
f 1838/1838/1838 1841/1841/1841 1851/1851/1851
f 1838/1838/1838 1851/1851/1851 1852/1852/1852
f 1850/1850/1850 1848/1848/1848 1853/1853/1853
f 1853/1853/1853 1848/1848/1848 1844/1844/1844
f 1838/1838/1838 1852/1852/1852 1854/1854/1854
f 1838/1838/1838 1854/1854/1854 1855/1855/1855
f 1846/1846/1846 1853/1853/1853 1844/1844/1844
f 1843/1843/1843 1846/1846/1846 1845/1845/1845
f 1838/1838/1838 1855/1855/1855 1856/1856/1856
f 1838/1838/1838 1856/1856/1856 1298/1298/1298
f 1843/1843/1843 1298/1298/1298 1857/1857/1857
f 1857/1857/1857 1298/1298/1298 1858/1858/1858
f 1856/1856/1856 1299/1299/1299 1298/1298/1298
f 1858/1858/1858 1298/1298/1298 1297/1297/1297
f 1300/1300/1300 1859/1859/1859 1301/1301/1301
f 1303/1303/1303 1860/1860/1860 1304/1304/1304
f 1306/1306/1306 1861/1861/1861 1307/1307/1307
f 1309/1309/1309 1862/1862/1862 1310/1310/1310
f 1312/1312/1312 1863/1863/1863 1313/1313/1313
f 1315/1315/1315 1864/1864/1864 1316/1316/1316
f 1318/1318/1318 1865/1865/1865 1319/1319/1319
f 1321/1321/1321 1866/1866/1866 1322/1322/1322
f 1324/1324/1324 1867/1867/1867 1325/1325/1325
f 1327/1327/1327 1868/1868/1868 1328/1328/1328
f 1330/1330/1330 1869/1869/1869 1331/1331/1331
f 1333/1333/1333 1870/1870/1870 1334/1334/1334
f 1336/1336/1336 1871/1871/1871 1337/1337/1337
f 1339/1339/1339 1872/1872/1872 1340/1340/1340
f 1342/1342/1342 1873/1873/1873 1343/1343/1343
f 1345/1345/1345 1874/1874/1874 1346/1346/1346
f 1348/1348/1348 1875/1875/1875 1349/1349/1349
f 1351/1351/1351 1876/1876/1876 1352/1352/1352
f 1354/1354/1354 1877/1877/1877 1355/1355/1355
f 1357/1357/1357 1878/1878/1878 1358/1358/1358
f 1360/1360/1360 1879/1879/1879 1361/1361/1361
f 1363/1363/1363 1880/1880/1880 1364/1364/1364
f 1366/1366/1366 1881/1881/1881 1367/1367/1367
f 1882/1882/1882 1883/1883/1883 1884/1884/1884
f 1883/1883/1883 1885/1885/1885 1886/1886/1886
f 1887/1887/1887 1370/1370/1370 1888/1888/1888
f 1889/1889/1889 1890/1890/1890 1891/1891/1891
f 1892/1892/1892 1893/1893/1893 1894/1894/1894
f 1894/1894/1894 1893/1893/1893 1895/1895/1895
f 1890/1890/1890 1887/1887/1887 1896/1896/1896
f 1883/1883/1883 1886/1886/1886 1897/1897/1897
f 1883/1883/1883 1897/1897/1897 1898/1898/1898
f 1895/1895/1895 1893/1893/1893 1889/1889/1889
f 1891/1891/1891 1895/1895/1895 1889/1889/1889
f 1883/1883/1883 1898/1898/1898 1899/1899/1899
f 1883/1883/1883 1899/1899/1899 1884/1884/1884
f 1896/1896/1896 1891/1891/1891 1890/1890/1890
f 1888/1888/1888 1896/1896/1896 1887/1887/1887
f 1882/1882/1882 1884/1884/1884 1900/1900/1900
f 1882/1882/1882 1900/1900/1900 1371/1371/1371
f 1888/1888/1888 1370/1370/1370 1901/1901/1901
f 1901/1901/1901 1370/1370/1370 1902/1902/1902
f 1882/1882/1882 1371/1371/1371 1370/1370/1370
f 1902/1902/1902 1370/1370/1370 1369/1369/1369
f 1372/1372/1372 1903/1903/1903 1373/1373/1373
f 1375/1375/1375 1904/1904/1904 1376/1376/1376
f 1378/1378/1378 1905/1905/1905 1379/1379/1379
f 1381/1381/1381 1906/1906/1906 1382/1382/1382
f 1384/1384/1384 1907/1907/1907 1385/1385/1385
f 1387/1387/1387 1908/1908/1908 1388/1388/1388
f 1390/1390/1390 1909/1909/1909 1391/1391/1391
f 1393/1393/1393 1910/1910/1910 1394/1394/1394
f 1396/1396/1396 1911/1911/1911 1397/1397/1397
f 1912/1912/1912 1913/1913/1913 1914/1914/1914
f 1913/1913/1913 1915/1915/1915 1916/1916/1916
f 1917/1917/1917 1918/1918/1918 1919/1919/1919
f 1920/1920/1920 1401/1401/1401 1921/1921/1921
f 1922/1922/1922 1923/1923/1923 1924/1924/1924
f 1924/1924/1924 1923/1923/1923 1925/1925/1925
f 1401/1401/1401 1917/1917/1917 1919/1919/1919
f 1913/1913/1913 1916/1916/1916 1914/1914/1914
f 1912/1912/1912 1914/1914/1914 1926/1926/1926
f 1925/1925/1925 1923/1923/1923 1927/1927/1927
f 1927/1927/1927 1923/1923/1923 1928/1928/1928
f 1912/1912/1912 1926/1926/1926 1929/1929/1929
f 1926/1926/1926 1918/1918/1918 1929/1929/1929
f 1928/1928/1928 1923/1923/1923 1930/1930/1930
f 1930/1930/1930 1923/1923/1923 1920/1920/1920
f 1929/1929/1929 1918/1918/1918 1917/1917/1917
f 1401/1401/1401 1919/1919/1919 1931/1931/1931
f 1932/1932/1932 1930/1930/1930 1920/1920/1920
f 1921/1921/1921 1932/1932/1932 1920/1920/1920
f 1401/1401/1401 1931/1931/1931 1399/1399/1399
f 1400/1400/1400 1921/1921/1921 1401/1401/1401
f 1402/1402/1402 1933/1933/1933 1403/1403/1403
f 1405/1405/1405 1934/1934/1934 1406/1406/1406
f 1408/1408/1408 1935/1935/1935 1409/1409/1409
f 1411/1411/1411 1936/1936/1936 1412/1412/1412
f 1414/1414/1414 1937/1937/1937 1415/1415/1415
f 1417/1417/1417 1938/1938/1938 1418/1418/1418
f 1420/1420/1420 1939/1939/1939 1421/1421/1421
f 1423/1423/1423 1940/1940/1940 1424/1424/1424
f 1426/1426/1426 1941/1941/1941 1427/1427/1427
f 1429/1429/1429 1942/1942/1942 1430/1430/1430
f 1432/1432/1432 1943/1943/1943 1433/1433/1433
f 1435/1435/1435 1944/1944/1944 1436/1436/1436
f 1438/1438/1438 1945/1945/1945 1439/1439/1439
f 1441/1441/1441 1946/1946/1946 1442/1442/1442
f 1444/1444/1444 1947/1947/1947 1445/1445/1445
f 1447/1447/1447 1948/1948/1948 1448/1448/1448
f 1450/1450/1450 1949/1949/1949 1451/1451/1451
f 1453/1453/1453 1950/1950/1950 1454/1454/1454
f 1456/1456/1456 1951/1951/1951 1457/1457/1457
f 1459/1459/1459 1952/1952/1952 1460/1460/1460
f 1462/1462/1462 1953/1953/1953 1463/1463/1463
f 1465/1465/1465 1954/1954/1954 1466/1466/1466
f 1468/1468/1468 1955/1955/1955 1469/1469/1469
f 1956/1956/1956 1666/1666/1666 1957/1957/1957
f 1666/1666/1666 1665/1665/1665 1958/1958/1958
f 1473/1473/1473 1959/1959/1959 1960/1960/1960
f 1692/1692/1692 1079/1079/1079 1961/1961/1961
f 1961/1961/1961 1079/1079/1079 1962/1962/1962
f 1962/1962/1962 1473/1473/1473 1963/1963/1963
f 1666/1666/1666 1958/1958/1958 1964/1964/1964
f 1666/1666/1666 1964/1964/1964 1957/1957/1957
f 1965/1965/1965 1961/1961/1961 1962/1962/1962
f 1966/1966/1966 1965/1965/1965 1962/1962/1962
f 1956/1956/1956 1957/1957/1957 1967/1967/1967
f 1956/1956/1956 1967/1967/1967 1959/1959/1959
f 1968/1968/1968 1966/1966/1966 1962/1962/1962
f 1969/1969/1969 1968/1968/1968 1962/1962/1962
f 1959/1959/1959 1967/1967/1967 1960/1960/1960
f 1473/1473/1473 1960/1960/1960 1970/1970/1970
f 1971/1971/1971 1969/1969/1969 1962/1962/1962
f 1963/1963/1963 1971/1971/1971 1962/1962/1962
f 1473/1473/1473 1970/1970/1970 1471/1471/1471
f 1472/1472/1472 1963/1963/1963 1473/1473/1473
f 1474/1474/1474 1972/1972/1972 1475/1475/1475
f 1477/1477/1477 1973/1973/1973 1478/1478/1478
f 1480/1480/1480 1974/1974/1974 1481/1481/1481
f 1483/1483/1483 1975/1975/1975 1484/1484/1484
f 1486/1486/1486 1976/1976/1976 1487/1487/1487
f 1489/1489/1489 1977/1977/1977 1490/1490/1490
f 1492/1492/1492 1978/1978/1978 1493/1493/1493
f 1495/1495/1495 1979/1979/1979 1496/1496/1496
f 1498/1498/1498 1980/1980/1980 1499/1499/1499
f 1981/1981/1981 1083/1083/1083 1982/1982/1982
f 1083/1083/1083 1743/1743/1743 1982/1982/1982
f 1983/1983/1983 1502/1502/1502 1984/1984/1984
f 1714/1714/1714 1985/1985/1985 1986/1986/1986
f 1987/1987/1987 1718/1718/1718 1714/1714/1714
f 1988/1988/1988 1987/1987/1987 1714/1714/1714
f 1985/1985/1985 1983/1983/1983 1989/1989/1989
f 1981/1981/1981 1982/1982/1982 1990/1990/1990
f 1981/1981/1981 1990/1990/1990 1991/1991/1991
f 1986/1986/1986 1988/1988/1988 1714/1714/1714
f 1989/1989/1989 1986/1986/1986 1985/1985/1985
f 1981/1981/1981 1991/1991/1991 1992/1992/1992
f 1981/1981/1981 1992/1992/1992 1993/1993/1993
f 1984/1984/1984 1989/1989/1989 1983/1983/1983
f 1994/1994/1994 1984/1984/1984 1502/1502/1502
f 1981/1981/1981 1993/1993/1993 1995/1995/1995
f 1981/1981/1981 1995/1995/1995 1503/1503/1503
f 1994/1994/1994 1502/1502/1502 1996/1996/1996
f 1996/1996/1996 1502/1502/1502 1501/1501/1501
f 1981/1981/1981 1503/1503/1503 1502/1502/1502
f 1504/1504/1504 1997/1997/1997 1505/1505/1505
f 1507/1507/1507 1998/1998/1998 1508/1508/1508
f 1510/1510/1510 1999/1999/1999 1511/1511/1511
f 1513/1513/1513 2000/2000/2000 1514/1514/1514
f 1516/1516/1516 2001/2001/2001 1517/1517/1517
f 1519/1519/1519 2002/2002/2002 1520/1520/1520
f 1522/1522/1522 2003/2003/2003 1523/1523/1523
f 1525/1525/1525 2004/2004/2004 1526/1526/1526
f 1528/1528/1528 2005/2005/2005 1529/1529/1529
f 1531/1531/1531 2006/2006/2006 1532/1532/1532
f 1534/1534/1534 2007/2007/2007 1535/1535/1535
f 1537/1537/1537 2008/2008/2008 1538/1538/1538
f 1540/1540/1540 2009/2009/2009 1541/1541/1541
f 1543/1543/1543 2010/2010/2010 1544/1544/1544
f 1546/1546/1546 2011/2011/2011 1547/1547/1547
f 2012/2012/2012 1685/1685/1685 2013/2013/2013
f 1685/1685/1685 1683/1683/1683 2014/2014/2014
f 2015/2015/2015 2016/2016/2016 2017/2017/2017
f 2018/2018/2018 2015/2015/2015 2019/2019/2019
f 1685/1685/1685 2014/2014/2014 2013/2013/2013
f 2012/2012/2012 2013/2013/2013 2020/2020/2020
f 2021/2021/2021 2018/2018/2018 2022/2022/2022
f 1885/1885/1885 1883/1883/1883 2023/2023/2023
f 1885/1885/1885 2023/2023/2023 2024/2024/2024
f 2024/2024/2024 2023/2023/2023 2025/2025/2025
f 2012/2012/2012 2020/2020/2020 2026/2026/2026
f 2012/2012/2012 2026/2026/2026 2027/2027/2027
f 2023/2023/2023 2028/2028/2028 2025/2025/2025
f 2023/2023/2023 2029/2029/2029 2028/2028/2028
f 2012/2012/2012 2027/2027/2027 2016/2016/2016
f 2027/2027/2027 2030/2030/2030 2016/2016/2016
f 2023/2023/2023 2031/2031/2031 2029/2029/2029
f 2023/2023/2023 2032/2032/2032 2031/2031/2031
f 2030/2030/2030 2033/2033/2033 2016/2016/2016
f 2016/2016/2016 2033/2033/2033 2017/2017/2017
f 2023/2023/2023 2021/2021/2021 2032/2032/2032
f 2015/2015/2015 2017/2017/2017 2034/2034/2034
f 2032/2032/2032 2035/2035/2035 2036/2036/2036
f 2015/2015/2015 2034/2034/2034 2019/2019/2019
f 2032/2032/2032 2021/2021/2021 2035/2035/2035
f 2018/2018/2018 2019/2019/2019 2022/2022/2022
f 2037/2037/2037 2036/2036/2036 2035/2035/2035
f 2021/2021/2021 2022/2022/2022 2038/2038/2038
f 2039/2039/2039 2037/2037/2037 2040/2040/2040
f 2021/2021/2021 2038/2038/2038 2041/2041/2041
f 2042/2042/2042 2039/2039/2039 2040/2040/2040
f 2021/2021/2021 2041/2041/2041 2035/2035/2035
f 2043/2043/2043 2042/2042/2042 2044/2044/2044
f 2045/2045/2045 1649/1649/1649 2040/2040/2040
f 2037/2037/2037 2035/2035/2035 2045/2045/2045
f 2046/2046/2046 2043/2043/2043 2044/2044/2044
f 1649/1649/1649 2047/2047/2047 2048/2048/2048
f 2049/2049/2049 1819/1819/1819 2050/2050/2050
f 1819/1819/1819 1818/1818/1818 2051/2051/2051
f 1893/1893/1893 1892/1892/1892 2052/2052/2052
f 2044/2044/2044 1893/1893/1893 2052/2052/2052
f 2044/2044/2044 2052/2052/2052 2053/2053/2053
f 2040/2040/2040 2044/2044/2044 2042/2042/2042
f 2044/2044/2044 2053/2053/2053 2054/2054/2054
f 2055/2055/2055 2047/2047/2047 1653/1653/1653
f 2044/2044/2044 2054/2054/2054 2046/2046/2046
f 2040/2040/2040 2037/2037/2037 2045/2045/2045
f 1819/1819/1819 2051/2051/2051 2056/2056/2056
f 1819/1819/1819 2056/2056/2056 2057/2057/2057
f 2048/2048/2048 2040/2040/2040 1649/1649/1649
f 2047/2047/2047 1649/1649/1649 1653/1653/1653
f 1819/1819/1819 2057/2057/2057 2058/2058/2058
f 1819/1819/1819 2058/2058/2058 2059/2059/2059
f 2055/2055/2055 1653/1653/1653 2060/2060/2060
f 2060/2060/2060 1653/1653/1653 2050/2050/2050
f 1819/1819/1819 2059/2059/2059 2061/2061/2061
f 1819/1819/1819 2061/2061/2061 2062/2062/2062
f 2050/2050/2050 1653/1653/1653 2049/2049/2049
f 1811/1811/1811 1809/1809/1809 2063/2063/2063
f 1551/1551/1551 2050/2050/2050 2064/2064/2064
f 1819/1819/1819 2062/2062/2062 2065/2065/2065
f 1819/1819/1819 2065/2065/2065 2066/2066/2066
f 2063/2063/2063 1809/1809/1809 1551/1551/1551
f 2067/2067/2067 2063/2063/2063 1551/1551/1551
f 2050/2050/2050 1819/1819/1819 2066/2066/2066
f 2050/2050/2050 2066/2066/2066 2064/2064/2064
f 2068/2068/2068 2067/2067/2067 1551/1551/1551
f 1550/1550/1550 2068/2068/2068 1551/1551/1551
f 1551/1551/1551 2064/2064/2064 1549/1549/1549
f 1552/1552/1552 2069/2069/2069 1553/1553/1553
f 1555/1555/1555 2070/2070/2070 1556/1556/1556
f 1558/1558/1558 2071/2071/2071 1559/1559/1559
f 1561/1561/1561 2072/2072/2072 1562/1562/1562
f 1564/1564/1564 2073/2073/2073 1565/1565/1565
f 1567/1567/1567 2074/2074/2074 1568/1568/1568
f 1570/1570/1570 2075/2075/2075 1571/1571/1571
f 1573/1573/1573 2076/2076/2076 1574/1574/1574
f 1576/1576/1576 2077/2077/2077 1577/1577/1577
f 1579/1579/1579 2078/2078/2078 1580/1580/1580
f 1582/1582/1582 2079/2079/2079 1583/1583/1583
f 1585/1585/1585 2080/2080/2080 1586/1586/1586
f 1588/1588/1588 2081/2081/2081 1589/1589/1589
f 1591/1591/1591 2082/2082/2082 1592/1592/1592
f 1594/1594/1594 2083/2083/2083 1595/1595/1595
f 1597/1597/1597 2084/2084/2084 1598/1598/1598
f 1600/1600/1600 2085/2085/2085 1601/1601/1601
f 2086/2086/2086 1700/1700/1700 2087/2087/2087
f 1700/1700/1700 1702/1702/1702 2088/2088/2088
f 1840/1840/1840 1839/1839/1839 2089/2089/2089
f 2089/2089/2089 1839/1839/1839 2090/2090/2090
f 1702/1702/1702 2091/2091/2091 2092/2092/2092
f 2093/2093/2093 2091/2091/2091 1702/1702/1702
f 2090/2090/2090 1839/1839/1839 2094/2094/2094
f 2094/2094/2094 1839/1839/1839 2095/2095/2095
f 2096/2096/2096 2091/2091/2091 2097/2097/2097
f 2091/2091/2091 2093/2093/2093 2097/2097/2097
f 2095/2095/2095 1839/1839/1839 2098/2098/2098
f 2098/2098/2098 1839/1839/1839 2099/2099/2099
f 2093/2093/2093 2100/2100/2100 2097/2097/2097
f 2100/2100/2100 2101/2101/2101 2097/2097/2097
f 2099/2099/2099 1839/1839/1839 2102/2102/2102
f 2102/2102/2102 1839/1839/1839 2103/2103/2103
f 2104/2104/2104 2101/2101/2101 2100/2100/2100
f 2103/2103/2103 1839/1839/1839 2105/2105/2105
f 2105/2105/2105 1839/1839/1839 2087/2087/2087
f 2106/2106/2106 2105/2105/2105 2087/2087/2087
f 2107/2107/2107 2106/2106/2106 2108/2108/2108
f 2109/2109/2109 2107/2107/2107 2108/2108/2108
f 2110/2110/2110 2109/2109/2109 2108/2108/2108
f 2111/2111/2111 2110/2110/2110 2108/2108/2108
f 1848/1848/1848 1847/1847/1847 2112/2112/2112
f 1848/1848/1848 2112/2112/2112 2108/2108/2108
f 2108/2108/2108 2112/2112/2112 2111/2111/2111
f 2113/2113/2113 1737/1737/1737 1736/1736/1736
f 1736/1736/1736 2114/2114/2114 2115/2115/2115
f 2116/2116/2116 2117/2117/2117 2118/2118/2118
f 2114/2114/2114 2116/2116/2116 2119/2119/2119
f 2115/2115/2115 2113/2113/2113 1736/1736/1736
f 2120/2120/2120 2115/2115/2115 2114/2114/2114
f 2121/2121/2121 2117/2117/2117 2116/2116/2116
f 2122/2122/2122 1923/1923/1923 1922/1922/1922
f 2121/2121/2121 2116/2116/2116 2123/2123/2123
f 2124/2124/2124 2120/2120/2120 2114/2114/2114
f 2119/2119/2119 2124/2124/2124 2114/2114/2114
f 2125/2125/2125 2122/2122/2122 2104/2104/2104
f 2122/2122/2122 1922/1922/1922 2126/2126/2126
f 2118/2118/2118 2119/2119/2119 2116/2116/2116
f 2127/2127/2127 2121/2121/2121 2123/2123/2123
f 2122/2122/2122 2126/2126/2126 2128/2128/2128
f 2129/2129/2129 2127/2127/2127 2123/2123/2123
f 2122/2122/2122 2128/2128/2128 2130/2130/2130
f 2131/2131/2131 2129/2129/2129 2123/2123/2123
f 2122/2122/2122 2130/2130/2130 2132/2132/2132
f 2108/2108/2108 2106/2106/2106 2087/2087/2087
f 2087/2087/2087 1839/1839/1839 2086/2086/2086
f 2122/2122/2122 2132/2132/2132 2133/2133/2133
f 2122/2122/2122 2133/2133/2133 2104/2104/2104
f 2134/2134/2134 2087/2087/2087 1700/1700/1700
f 2092/2092/2092 2088/2088/2088 1702/1702/1702
f 2135/2135/2135 2134/2134/2134 1700/1700/1700
f 2125/2125/2125 2104/2104/2104 2100/2100/2100
f 2136/2136/2136 2129/2129/2129 2131/2131/2131
f 2135/2135/2135 1700/1700/1700 2088/2088/2088
f 2137/2137/2137 2125/2125/2125 2100/2100/2100
f 2136/2136/2136 2131/2131/2131 2125/2125/2125
f 2136/2136/2136 2125/2125/2125 2138/2138/2138
f 2137/2137/2137 2138/2138/2138 2125/2125/2125
f 1915/1915/1915 1913/1913/1913 2139/2139/2139
f 1605/1605/1605 2140/2140/2140 2141/2141/2141
f 2096/2096/2096 2140/2140/2140 2091/2091/2091
f 2091/2091/2091 2140/2140/2140 1605/1605/1605
f 2139/2139/2139 1913/1913/1913 1605/1605/1605
f 2142/2142/2142 2139/2139/2139 1605/1605/1605
f 1605/1605/1605 2141/2141/2141 1603/1603/1603
f 1604/1604/1604 2142/2142/2142 1605/1605/1605
f 1606/1606/1606 2143/2143/2143 1607/1607/1607
f 1609/1609/1609 2144/2144/2144 1610/1610/1610
f 1612/1612/1612 2145/2145/2145 1613/1613/1613
f 1615/1615/1615 2146/2146/2146 1616/1616/1616
f 1618/1618/1618 2147/2147/2147 1619/1619/1619
f 1621/1621/1621 2148/2148/2148 1622/1622/1622
f 1624/1624/1624 2149/2149/2149 1625/1625/1625
f 1627/1627/1627 2150/2150/2150 1628/1628/1628
f 1630/1630/1630 2151/2151/2151 1631/1631/1631
f 1633/1633/1633 2152/2152/2152 1634/1634/1634
f 1636/1636/1636 2153/2153/2153 1637/1637/1637
f 1639/1639/1639 2154/2154/2154 1640/1640/1640
f 1642/1642/1642 2155/2155/2155 1643/1643/1643
f 1645/1645/1645 2156/2156/2156 1646/1646/1646

o part_002
usemtl material_0
v -0.22948822 -0.06057769 0.06429596
v -0.23081178 -0.06044732 -0.08153537
v -0.23081178 -0.06044732 0.06429596
v -0.22821550 -0.06096376 0.06429596
v -0.22948822 -0.06057769 -0.08153537
v -0.22948822 -0.06057769 0.06429596
v -0.22704256 -0.06159071 0.06429596
v -0.22821550 -0.06096376 -0.08153537
v -0.22821550 -0.06096376 0.06429596
v -0.22601447 -0.06243444 0.06429596
v -0.22704256 -0.06159071 -0.08153537
v -0.22704256 -0.06159071 0.06429596
v -0.22517075 -0.06346252 0.06429596
v -0.22601447 -0.06243444 -0.08153537
v -0.22601447 -0.06243444 0.06429596
v -0.22454380 -0.06463546 0.06429596
v -0.22517075 -0.06346252 -0.08153537
v -0.22517075 -0.06346252 0.06429596
v -0.22415775 -0.06590817 0.06429596
v -0.22454380 -0.06463546 -0.08153537
v -0.22454380 -0.06463546 0.06429596
v -0.22402738 -0.06723174 0.06429596
v -0.22415775 -0.06590817 -0.08153537
v -0.22415775 -0.06590817 0.06429596
v -0.22415775 -0.06855531 0.06429596
v -0.22402738 -0.06723174 -0.08153537
v -0.22402738 -0.06723174 0.06429596
v -0.22454382 -0.06982802 0.06429596
v -0.22415775 -0.06855531 -0.08153537
v -0.22415775 -0.06855531 0.06429596
v -0.22517074 -0.07100096 0.06429596
v -0.22454382 -0.06982802 -0.08153537
v -0.22454382 -0.06982802 0.06429596
v -0.22601449 -0.07202905 0.06429596
v -0.22517074 -0.07100096 -0.08153537
v -0.22517074 -0.07100096 0.06429596
v -0.22704257 -0.07287279 0.06429596
v -0.22601449 -0.07202905 -0.08153537
v -0.22601449 -0.07202905 0.06429596
v -0.22821551 -0.07349973 0.06429596
v -0.22704257 -0.07287279 -0.08153537
v -0.22704257 -0.07287279 0.06429596
v -0.22948821 -0.07388581 0.06429596
v -0.22821551 -0.07349973 -0.08153537
v -0.22821551 -0.07349973 0.06429596
v -0.23081179 -0.07401617 0.06429596
v -0.22948821 -0.07388581 -0.08153537
v -0.22948821 -0.07388581 0.06429596
v -0.23213535 -0.07388581 0.06429596
v -0.23081179 -0.07401617 -0.08153537
v -0.23081179 -0.07401617 0.06429596
v -0.23340807 -0.07349974 0.06429596
v -0.23213535 -0.07388581 -0.08153537
v -0.23213535 -0.07388581 0.06429596
v -0.23458102 -0.07287279 0.06429596
v -0.23340807 -0.07349974 -0.08153537
v -0.23340807 -0.07349974 0.06429596
v -0.23560910 -0.07202907 0.06429596
v -0.23458102 -0.07287279 -0.08153537
v -0.23458102 -0.07287279 0.06429596
v -0.23645283 -0.07100097 0.06429596
v -0.23560910 -0.07202907 -0.08153537
v -0.23560910 -0.07202907 0.06429596
v -0.23707978 -0.06982804 0.06429596
v -0.23645283 -0.07100097 -0.08153537
v -0.23645283 -0.07100097 0.06429596
v -0.23746585 -0.06855532 0.06429596
v -0.23707978 -0.06982804 -0.08153537
v -0.23707978 -0.06982804 0.06429596
v -0.23759622 -0.06723175 0.06429596
v -0.23746585 -0.06855532 -0.08153537
v -0.23746585 -0.06855532 0.06429596
v -0.23746585 -0.06590818 0.06429596
v -0.23759622 -0.06723175 -0.08153537
v -0.23759622 -0.06723175 0.06429596
v -0.23707975 -0.06463547 0.06429596
v -0.23746585 -0.06590818 -0.08153537
v -0.23746585 -0.06590818 0.06429596
v -0.23645281 -0.06346253 0.06429596
v -0.23707975 -0.06463547 -0.08153537
v -0.23707975 -0.06463547 0.06429596
v -0.23560909 -0.06243444 0.06429596
v -0.23645281 -0.06346253 -0.08153537
v -0.23645281 -0.06346253 0.06429596
v -0.23458100 -0.06159071 0.06429596
v -0.23560909 -0.06243444 -0.08153537
v -0.23560909 -0.06243444 0.06429596
v -0.23340806 -0.06096376 0.06429596
v -0.23458100 -0.06159071 -0.08153537
v -0.23458100 -0.06159071 0.06429596
v -0.23081179 -0.07401617 -0.08153537
v -0.23560909 -0.06243444 -0.08153537
v -0.23081178 -0.06044732 -0.08153537
v -0.23213534 -0.06057768 0.06429596
v -0.23340806 -0.06096376 -0.08153537
v -0.23340806 -0.06096376 0.06429596
v -0.23081178 -0.06044732 0.06429596
v -0.23213534 -0.06057768 -0.08153537
v -0.23213534 -0.06057768 0.06429596
v -0.22948822 -0.06057769 0.06429596
v -0.22623036 -0.05617113 0.06429593
v -0.22821550 -0.06096376 0.06429596
v -0.23927721 -0.05876633 0.07407953
v -0.23746302 -0.05727747 0.06429593
v -0.23927721 -0.05876633 0.06429593
v -0.21975118 -0.07181319 0.06429593
v -0.22517074 -0.07100096 0.06429596
v -0.22454382 -0.06982802 0.06429596
v -0.23458102 -0.07287279 0.06429596
v -0.23927722 -0.07569718 0.06429593
v -0.23560910 -0.07202907 0.06429596
v -0.23927721 -0.05876633 0.06429593
v -0.23458100 -0.06159071 0.06429596
v -0.23560909 -0.06243444 0.06429596
v -0.22454380 -0.06463546 0.06429596
v -0.21906993 -0.06489613 0.06429593
v -0.22415775 -0.06590817 0.06429596
v -0.22948821 -0.07388581 0.06429596
v -0.23081179 -0.07920367 0.06429593
v -0.23081179 -0.07401617 0.06429596
v -0.23759622 -0.06723175 0.06429596
v -0.24255367 -0.06489615 0.06429593
v -0.23746585 -0.06590818 0.06429596
v -0.22416057 -0.05727745 0.06429593
v -0.22704256 -0.06159071 0.06429596
v -0.22234637 -0.07569716 0.06429593
v -0.22601449 -0.07202905 0.06429596
v -0.24076608 -0.07388299 0.06429593
v -0.23645283 -0.07100097 0.06429596
v -0.23539324 -0.05617114 0.06429593
v -0.23340806 -0.06096376 0.06429596
v -0.22402738 -0.06723174 0.06429596
v -0.23314738 -0.07897363 0.06429593
v -0.23213535 -0.07388581 0.06429596
v -0.24187239 -0.06265030 0.06429593
v -0.23707975 -0.06463547 0.06429596
v -0.22601447 -0.06243444 0.06429596
v -0.22704257 -0.07287279 0.06429596
v -0.23707978 -0.06982804 0.06429596
v -0.23314737 -0.05548987 0.06429593
v -0.23213534 -0.06057768 0.06429596
v -0.21906993 -0.06956734 0.06429593
v -0.22415775 -0.06855531 0.06429596
v -0.23340807 -0.07349974 0.06429596
v -0.24076607 -0.06058051 0.06429593
v -0.23645281 -0.06346253 0.06429596
v -0.22085750 -0.06058050 0.06429593
v -0.22517075 -0.06346252 0.06429596
v -0.22623034 -0.07829236 0.06429593
v -0.22821551 -0.07349973 0.06429596
v -0.23081178 -0.06044732 0.06429596
v -0.22847620 -0.05548987 0.06429593
v -0.24255367 -0.06956736 0.06429593
v -0.23746585 -0.06855532 0.06429596
v -0.23081181 -0.05525983 0.06429593
v -0.23539324 -0.07829236 0.06429593
v -0.23314738 -0.07897363 0.07407953
v -0.21906993 -0.06956734 0.07407953
v -0.24255367 -0.06489615 0.07407953
v -0.22847618 -0.07897363 0.07407953
v -0.23081179 -0.07920367 0.06429593
v -0.22847618 -0.07897363 0.06429593
v -0.22623036 -0.05617113 0.07407953
v -0.22416057 -0.05727745 0.06429593
v -0.22623036 -0.05617113 0.06429593
v -0.23746302 -0.05727747 0.07407953
v -0.23539324 -0.05617114 0.06429593
v -0.23746302 -0.05727747 0.06429593
v -0.23081179 -0.07920367 0.07407953
v -0.23314738 -0.07897363 0.06429593
v -0.23081179 -0.07920367 0.06429593
v -0.22416057 -0.05727745 0.07407953
v -0.22234636 -0.05876632 0.06429593
v -0.22416057 -0.05727745 0.06429593
v -0.23539324 -0.05617114 0.07407953
v -0.23314737 -0.05548987 0.06429593
v -0.23539324 -0.05617114 0.06429593
v -0.23314738 -0.07897363 0.07407953
v -0.23539324 -0.07829236 0.06429593
v -0.23314738 -0.07897363 0.06429593
v -0.22234636 -0.05876632 0.07407953
v -0.22085750 -0.06058050 0.06429593
v -0.22234636 -0.05876632 0.06429593
v -0.23314737 -0.05548987 0.07407953
v -0.23081181 -0.05525983 0.06429593
v -0.23314737 -0.05548987 0.06429593
v -0.23539324 -0.07829236 0.07407953
v -0.23746303 -0.07718604 0.06429593
v -0.23539324 -0.07829236 0.06429593
v -0.22085750 -0.06058050 0.07407953
v -0.21975117 -0.06265028 0.06429593
v -0.22085750 -0.06058050 0.06429593
v -0.23746303 -0.07718604 0.07407953
v -0.23927722 -0.07569718 0.06429593
v -0.23746303 -0.07718604 0.06429593
v -0.21975117 -0.06265028 0.07407953
v -0.21906993 -0.06489613 0.06429593
v -0.21975117 -0.06265028 0.06429593
v -0.23927722 -0.07569718 0.07407953
v -0.24076608 -0.07388299 0.06429593
v -0.23927722 -0.07569718 0.06429593
v -0.21906993 -0.06489613 0.07407953
v -0.21883988 -0.06723174 0.06429593
v -0.21906993 -0.06489613 0.06429593
v -0.24076608 -0.07388299 0.07407953
v -0.24187241 -0.07181321 0.06429593
v -0.24076608 -0.07388299 0.06429593
v -0.21883988 -0.06723174 0.07407953
v -0.21906993 -0.06956734 0.06429593
v -0.21883988 -0.06723174 0.06429593
v -0.24187241 -0.07181321 0.07407953
v -0.24255367 -0.06956736 0.06429593
v -0.24187241 -0.07181321 0.06429593
v -0.21906993 -0.06956734 0.07407953
v -0.21975118 -0.07181319 0.06429593
v -0.21906993 -0.06956734 0.06429593
v -0.24255367 -0.06956736 0.07407953
v -0.24278372 -0.06723176 0.06429593
v -0.24255367 -0.06956736 0.06429593
v -0.21975118 -0.07181319 0.07407953
v -0.22085751 -0.07388297 0.06429593
v -0.21975118 -0.07181319 0.06429593
v -0.24278372 -0.06723176 0.07407953
v -0.24255367 -0.06489615 0.06429593
v -0.24278372 -0.06723176 0.06429593
v -0.22085751 -0.07388297 0.07407953
v -0.22234637 -0.07569716 0.06429593
v -0.22085751 -0.07388297 0.06429593
v -0.24255367 -0.06489615 0.07407953
v -0.24187239 -0.06265030 0.06429593
v -0.24255367 -0.06489615 0.06429593
v -0.22234637 -0.07569716 0.07407953
v -0.22416055 -0.07718603 0.06429593
v -0.22234637 -0.07569716 0.06429593
v -0.24187239 -0.06265030 0.07407953
v -0.24076607 -0.06058051 0.06429593
v -0.24187239 -0.06265030 0.06429593
v -0.22416055 -0.07718603 0.07407953
v -0.22623034 -0.07829236 0.06429593
v -0.22416055 -0.07718603 0.06429593
v -0.23081181 -0.05525983 0.07407953
v -0.22847620 -0.05548987 0.06429593
v -0.23081181 -0.05525983 0.06429593
v -0.24076607 -0.06058051 0.07407953
v -0.23927721 -0.05876633 0.06429593
v -0.24076607 -0.06058051 0.06429593
v -0.22623034 -0.07829236 0.07407953
v -0.22847618 -0.07897363 0.06429593
v -0.22623034 -0.07829236 0.06429593
v -0.22847620 -0.05548987 0.07407953
v -0.22623036 -0.05617113 0.06429593
v -0.22847620 -0.05548987 0.06429593
v -0.22948822 -0.06057769 -0.08153537
v -0.22821550 -0.06096376 -0.08153537
v -0.22704256 -0.06159071 -0.08153537
v -0.22601447 -0.06243444 -0.08153537
v -0.22517075 -0.06346252 -0.08153537
v -0.22454380 -0.06463546 -0.08153537
v -0.22415775 -0.06590817 -0.08153537
v -0.22402738 -0.06723174 -0.08153537
v -0.22415775 -0.06855531 -0.08153537
v -0.22454382 -0.06982802 -0.08153537
v -0.22517074 -0.07100096 -0.08153537
v -0.22601449 -0.07202905 -0.08153537
v -0.22704257 -0.07287279 -0.08153537
v -0.22821551 -0.07349973 -0.08153537
v -0.22948821 -0.07388581 -0.08153537
v -0.23081179 -0.07401617 -0.08153537
v -0.23213535 -0.07388581 -0.08153537
v -0.23340807 -0.07349974 -0.08153537
v -0.23458102 -0.07287279 -0.08153537
v -0.23560910 -0.07202907 -0.08153537
v -0.23645283 -0.07100097 -0.08153537
v -0.23707978 -0.06982804 -0.08153537
v -0.23746585 -0.06855532 -0.08153537
v -0.23759622 -0.06723175 -0.08153537
v -0.23746585 -0.06590818 -0.08153537
v -0.23707975 -0.06463547 -0.08153537
v -0.23645281 -0.06346253 -0.08153537
v -0.23560909 -0.06243444 -0.08153537
v -0.23458100 -0.06159071 -0.08153537
v -0.23340806 -0.06096376 -0.08153537
v -0.22948822 -0.06057769 -0.08153537
v -0.22821550 -0.06096376 -0.08153537
v -0.22704256 -0.06159071 -0.08153537
v -0.22601447 -0.06243444 -0.08153537
v -0.22517075 -0.06346252 -0.08153537
v -0.22454380 -0.06463546 -0.08153537
v -0.22415775 -0.06590817 -0.08153537
v -0.22402738 -0.06723174 -0.08153537
v -0.22415775 -0.06855531 -0.08153537
v -0.22454382 -0.06982802 -0.08153537
v -0.22517074 -0.07100096 -0.08153537
v -0.22601449 -0.07202905 -0.08153537
v -0.22704257 -0.07287279 -0.08153537
v -0.22821551 -0.07349973 -0.08153537
v -0.22948821 -0.07388581 -0.08153537
v -0.23213535 -0.07388581 -0.08153537
v -0.23560910 -0.07202907 -0.08153537
v -0.23340807 -0.07349974 -0.08153537
v -0.23458102 -0.07287279 -0.08153537
v -0.23645283 -0.07100097 -0.08153537
v -0.23707978 -0.06982804 -0.08153537
v -0.23746585 -0.06855532 -0.08153537
v -0.23759622 -0.06723175 -0.08153537
v -0.23746585 -0.06590818 -0.08153537
v -0.23707975 -0.06463547 -0.08153537
v -0.23645281 -0.06346253 -0.08153537
v -0.23458100 -0.06159071 -0.08153537
v -0.23340806 -0.06096376 -0.08153537
v -0.23213534 -0.06057768 -0.08153537
v -0.23213534 -0.06057768 -0.08153537
v -0.23081178 -0.06044732 -0.08153537
v -0.23746302 -0.05727747 0.07407953
v -0.22085751 -0.07388297 0.06429593
v -0.23746303 -0.07718604 0.06429593
v -0.23746302 -0.05727747 0.06429593
v -0.21975117 -0.06265028 0.06429593
v -0.22847618 -0.07897363 0.06429593
v -0.24278372 -0.06723176 0.06429593
v -0.21883988 -0.06723174 0.06429593
v -0.22234636 -0.05876632 0.06429593
v -0.22416055 -0.07718603 0.06429593
v -0.24187241 -0.07181321 0.06429593
v -0.22847620 -0.05548987 0.07407953
v -0.23081181 -0.05525983 0.07407953
v -0.23314737 -0.05548987 0.07407953
v -0.23539324 -0.05617114 0.07407953
v -0.23746302 -0.05727747 0.07407953
v -0.23927721 -0.05876633 0.07407953
v -0.24076607 -0.06058051 0.07407953
v -0.24187239 -0.06265030 0.07407953
v -0.24278372 -0.06723176 0.07407953
v -0.24255367 -0.06956736 0.07407953
v -0.24187241 -0.07181321 0.07407953
v -0.24076608 -0.07388299 0.07407953
v -0.23927722 -0.07569718 0.07407953
v -0.23746303 -0.07718604 0.07407953
v -0.23539324 -0.07829236 0.07407953
v -0.23081179 -0.07920367 0.07407953
v -0.22416055 -0.07718603 0.07407953
v -0.22847618 -0.07897363 0.07407953
v -0.22623034 -0.07829236 0.07407953
v -0.22234637 -0.07569716 0.07407953
v -0.22085751 -0.07388297 0.07407953
v -0.21975118 -0.07181319 0.07407953
v -0.21883988 -0.06723174 0.07407953
v -0.21906993 -0.06489613 0.07407953
v -0.21975117 -0.06265028 0.07407953
v -0.22085750 -0.06058050 0.07407953
v -0.22234636 -0.05876632 0.07407953
v -0.22416057 -0.05727745 0.07407953
v -0.22623036 -0.05617113 0.07407953
v -0.23081179 -0.07920367 0.07407953
v -0.22416057 -0.05727745 0.07407953
v -0.23539324 -0.05617114 0.07407953
v -0.23314738 -0.07897363 0.07407953
v -0.22234636 -0.05876632 0.07407953
v -0.23314737 -0.05548987 0.07407953
v -0.23539324 -0.07829236 0.07407953
v -0.22085750 -0.06058050 0.07407953
v -0.23081181 -0.05525983 0.07407953
v -0.23746303 -0.07718604 0.07407953
v -0.21975117 -0.06265028 0.07407953
v -0.23927722 -0.07569718 0.07407953
v -0.21906993 -0.06489613 0.07407953
v -0.24076608 -0.07388299 0.07407953
v -0.21883988 -0.06723174 0.07407953
v -0.24187241 -0.07181321 0.07407953
v -0.21906993 -0.06956734 0.07407953
v -0.24255367 -0.06956736 0.07407953
v -0.21975118 -0.07181319 0.07407953
v -0.24278372 -0.06723176 0.07407953
v -0.22085751 -0.07388297 0.07407953
v -0.24255367 -0.06489615 0.07407953
v -0.22234637 -0.07569716 0.07407953
v -0.24187239 -0.06265030 0.07407953
v -0.22416055 -0.07718603 0.07407953
v -0.24076607 -0.06058051 0.07407953
v -0.22623034 -0.07829236 0.07407953
v -0.22847620 -0.05548987 0.07407953
v -0.23927721 -0.05876633 0.07407953
v -0.22847618 -0.07897363 0.07407953
v -0.22623036 -0.05617113 0.07407953
vn 0.09802074 0.99518437 0.00000000
vn 0.09802074 0.99518437 0.00000000
vn 0.09802074 0.99518437 0.00000000
vn 0.29028431 0.95694045 0.00000000
vn 0.29028431 0.95694045 0.00000000
vn 0.29028431 0.95694045 0.00000000
vn 0.47139329 0.88192311 0.00000000
vn 0.47139329 0.88192311 0.00000000
vn 0.47139329 0.88192311 0.00000000
vn 0.63439247 0.77301112 0.00000000
vn 0.63439247 0.77301112 0.00000000
vn 0.63439247 0.77301112 0.00000000
vn 0.77301212 0.63439125 0.00000000
vn 0.77301212 0.63439125 0.00000000
vn 0.77301212 0.63439125 0.00000000
vn 0.88192155 0.47139620 0.00000000
vn 0.88192155 0.47139620 0.00000000
vn 0.88192155 0.47139620 0.00000000
vn 0.95694435 0.29027143 0.00000000
vn 0.95694435 0.29027143 0.00000000
vn 0.95694435 0.29027143 0.00000000
vn 0.99518392 0.09802535 0.00000000
vn 0.99518392 0.09802535 0.00000000
vn 0.99518392 0.09802535 0.00000000
vn 0.99518406 -0.09802390 0.00000000
vn 0.99518406 -0.09802390 0.00000000
vn 0.99518406 -0.09802390 0.00000000
vn 0.95694042 -0.29028440 0.00000000
vn 0.95694042 -0.29028440 0.00000000
vn 0.95694042 -0.29028440 0.00000000
vn 0.88192938 -0.47138156 0.00000000
vn 0.88192938 -0.47138156 0.00000000
vn 0.88192938 -0.47138156 0.00000000
vn 0.77300376 -0.63440144 0.00000000
vn 0.77300376 -0.63440144 0.00000000
vn 0.77300376 -0.63440144 0.00000000
vn 0.63439703 -0.77300738 0.00000000
vn 0.63439703 -0.77300738 0.00000000
vn 0.63439703 -0.77300738 0.00000000
vn 0.47139615 -0.88192158 0.00000000
vn 0.47139615 -0.88192158 0.00000000
vn 0.47139615 -0.88192158 0.00000000
vn 0.29028902 -0.95693902 0.00000000
vn 0.29028902 -0.95693902 0.00000000
vn 0.29028902 -0.95693902 0.00000000
vn 0.09801488 -0.99518495 0.00000000
vn 0.09801488 -0.99518495 0.00000000
vn 0.09801488 -0.99518495 0.00000000
vn -0.09801533 -0.99518490 0.00000000
vn -0.09801533 -0.99518490 0.00000000
vn -0.09801533 -0.99518490 0.00000000
vn -0.29028186 -0.95694119 0.00000000
vn -0.29028186 -0.95694119 0.00000000
vn -0.29028186 -0.95694119 0.00000000
vn -0.47139484 -0.88192228 0.00000000
vn -0.47139484 -0.88192228 0.00000000
vn -0.47139484 -0.88192228 0.00000000
vn -0.63439226 -0.77301129 0.00000000
vn -0.63439226 -0.77301129 0.00000000
vn -0.63439226 -0.77301129 0.00000000
vn -0.77301355 -0.63438951 0.00000000
vn -0.77301355 -0.63438951 0.00000000
vn -0.77301355 -0.63438951 0.00000000
vn -0.88192069 -0.47139781 0.00000000
vn -0.88192069 -0.47139781 0.00000000
vn -0.88192069 -0.47139781 0.00000000
vn -0.95694021 -0.29028509 0.00000000
vn -0.95694021 -0.29028509 0.00000000
vn -0.95694021 -0.29028509 0.00000000
vn -0.99518391 -0.09802545 0.00000000
vn -0.99518391 -0.09802545 0.00000000
vn -0.99518391 -0.09802545 0.00000000
vn -0.99518407 0.09802380 0.00000000
vn -0.99518407 0.09802380 0.00000000
vn -0.99518407 0.09802380 0.00000000
vn -0.95693469 0.29030330 0.00000000
vn -0.95693469 0.29030330 0.00000000
vn -0.95693469 0.29030330 0.00000000
vn -0.88192229 0.47139482 0.00000000
vn -0.88192229 0.47139482 0.00000000
vn -0.88192229 0.47139482 0.00000000
vn -0.77301311 0.63439005 0.00000000
vn -0.77301311 0.63439005 0.00000000
vn -0.77301311 0.63439005 0.00000000
vn -0.63439589 0.77300832 0.00000000
vn -0.63439589 0.77300832 0.00000000
vn -0.63439589 0.77300832 0.00000000
vn -0.47139621 0.88192155 0.00000000
vn -0.47139621 0.88192155 0.00000000
vn -0.47139621 0.88192155 0.00000000
vn 0.00000000 0.00000000 -1.00000000
vn 0.00000000 0.00000000 -1.00000000
vn 0.00000000 0.00000000 -1.00000000
vn -0.29028580 0.95693999 0.00000000
vn -0.29028580 0.95693999 0.00000000
vn -0.29028580 0.95693999 0.00000000
vn -0.09801665 0.99518477 0.00000000
vn -0.09801665 0.99518477 0.00000000
vn -0.09801665 0.99518477 0.00000000
vn -0.00000091 -0.00000458 -1.00000000
vn -0.00000179 -0.00000431 -1.00000000
vn -0.00000179 -0.00000431 -1.00000000
vn -0.63439462 0.77300935 0.00000000
vn -0.63439462 0.77300935 0.00000000
vn -0.63439462 0.77300935 0.00000000
vn -0.00000431 0.00000179 -1.00000000
vn -0.00000388 0.00000259 -1.00000000
vn -0.00000431 0.00000179 -1.00000000
vn 0.00000259 0.00000388 -1.00000000
vn 0.00000330 0.00000330 -1.00000000
vn 0.00000330 0.00000330 -1.00000000
vn 0.00000330 -0.00000330 -1.00000000
vn 0.00000259 -0.00000388 -1.00000000
vn 0.00000330 -0.00000330 -1.00000000
vn -0.00000431 -0.00000179 -1.00000000
vn -0.00000458 -0.00000091 -1.00000000
vn -0.00000458 -0.00000091 -1.00000000
vn -0.00000091 0.00000458 -1.00000000
vn 0.00000000 0.00000467 -1.00000000
vn 0.00000000 0.00000467 -1.00000000
vn 0.00000467 0.00000000 -1.00000000
vn 0.00000458 -0.00000091 -1.00000000
vn 0.00000458 -0.00000091 -1.00000000
vn -0.00000259 -0.00000388 -1.00000000
vn -0.00000259 -0.00000388 -1.00000000
vn -0.00000330 0.00000330 -1.00000000
vn -0.00000330 0.00000330 -1.00000000
vn 0.00000388 0.00000259 -1.00000000
vn 0.00000388 0.00000259 -1.00000000
vn 0.00000179 -0.00000431 -1.00000000
vn 0.00000179 -0.00000431 -1.00000000
vn -0.00000467 -0.00000000 -1.00000000
vn 0.00000091 0.00000458 -1.00000000
vn 0.00000091 0.00000458 -1.00000000
vn 0.00000431 -0.00000179 -1.00000000
vn 0.00000431 -0.00000179 -1.00000000
vn -0.00000330 -0.00000330 -1.00000000
vn -0.00000259 0.00000388 -1.00000000
vn 0.00000431 0.00000179 -1.00000000
vn 0.00000091 -0.00000458 -1.00000000
vn 0.00000091 -0.00000458 -1.00000000
vn -0.00000458 0.00000091 -1.00000000
vn -0.00000458 0.00000091 -1.00000000
vn 0.00000179 0.00000431 -1.00000000
vn 0.00000388 -0.00000259 -1.00000000
vn 0.00000388 -0.00000259 -1.00000000
vn -0.00000388 -0.00000259 -1.00000000
vn -0.00000388 -0.00000259 -1.00000000
vn -0.00000179 0.00000431 -1.00000000
vn -0.00000179 0.00000431 -1.00000000
vn -0.00000000 -0.00000467 -1.00000000
vn -0.00000091 -0.00000458 -1.00000000
vn 0.00000458 0.00000091 -1.00000000
vn 0.00000458 0.00000091 -1.00000000
vn 0.00000000 -0.00000467 -1.00000000
vn 0.00000179 0.00000431 -1.00000000
vn 0.00000000 0.00000000 1.00000000
vn 0.00000000 0.00000000 1.00000000
vn 0.00000000 0.00000000 1.00000000
vn 0.09801591 -0.99518485 0.00000000
vn 0.09801591 -0.99518485 0.00000000
vn 0.09801591 -0.99518485 0.00000000
vn 0.47139532 0.88192202 0.00000000
vn 0.47139532 0.88192202 0.00000000
vn 0.47139532 0.88192202 0.00000000
vn -0.47139676 0.88192125 0.00000000
vn -0.47139676 0.88192125 0.00000000
vn -0.47139676 0.88192125 0.00000000
vn -0.09801728 -0.99518471 0.00000000
vn -0.09801728 -0.99518471 0.00000000
vn -0.09801728 -0.99518471 0.00000000
vn 0.63438820 0.77301463 0.00000000
vn 0.63438820 0.77301463 0.00000000
vn 0.63438820 0.77301463 0.00000000
vn -0.29028252 0.95694099 0.00000000
vn -0.29028252 0.95694099 0.00000000
vn -0.29028252 0.95694099 0.00000000
vn -0.29028146 -0.95694131 0.00000000
vn -0.29028146 -0.95694131 0.00000000
vn -0.29028146 -0.95694131 0.00000000
vn 0.77300960 0.63439433 0.00000000
vn 0.77300960 0.63439433 0.00000000
vn 0.77300960 0.63439433 0.00000000
vn -0.09801888 0.99518456 0.00000000
vn -0.09801888 0.99518456 0.00000000
vn -0.09801888 0.99518456 0.00000000
vn -0.47139492 -0.88192224 0.00000000
vn -0.47139492 -0.88192224 0.00000000
vn -0.47139492 -0.88192224 0.00000000
vn 0.88191981 0.47139946 0.00000000
vn 0.88191981 0.47139946 0.00000000
vn 0.88191981 0.47139946 0.00000000
vn -0.63439328 -0.77301046 0.00000000
vn -0.63439328 -0.77301046 0.00000000
vn -0.63439328 -0.77301046 0.00000000
vn 0.95694467 0.29027039 0.00000000
vn 0.95694467 0.29027039 0.00000000
vn 0.95694467 0.29027039 0.00000000
vn -0.77301065 -0.63439304 0.00000000
vn -0.77301065 -0.63439304 0.00000000
vn -0.77301065 -0.63439304 0.00000000
vn 0.99518413 0.09802318 0.00000000
vn 0.99518413 0.09802318 0.00000000
vn 0.99518413 0.09802318 0.00000000
vn -0.88192031 -0.47139852 0.00000000
vn -0.88192031 -0.47139852 0.00000000
vn -0.88192031 -0.47139852 0.00000000
vn 0.99518428 -0.09802164 0.00000000
vn 0.99518428 -0.09802164 0.00000000
vn 0.99518428 -0.09802164 0.00000000
vn -0.95694205 -0.29027902 0.00000000
vn -0.95694205 -0.29027902 0.00000000
vn -0.95694205 -0.29027902 0.00000000
vn 0.95694201 -0.29027917 0.00000000
vn 0.95694201 -0.29027917 0.00000000
vn 0.95694201 -0.29027917 0.00000000
vn -0.99518408 -0.09802376 0.00000000
vn -0.99518408 -0.09802376 0.00000000
vn -0.99518408 -0.09802376 0.00000000
vn 0.88192105 -0.47139715 0.00000000
vn 0.88192105 -0.47139715 0.00000000
vn 0.88192105 -0.47139715 0.00000000
vn -0.99518425 0.09802195 0.00000000
vn -0.99518425 0.09802195 0.00000000
vn -0.99518425 0.09802195 0.00000000
vn 0.77301112 -0.63439247 0.00000000
vn 0.77301112 -0.63439247 0.00000000
vn 0.77301112 -0.63439247 0.00000000
vn -0.95693948 0.29028751 0.00000000
vn -0.95693948 0.29028751 0.00000000
vn -0.95693948 0.29028751 0.00000000
vn 0.63439497 -0.77300907 0.00000000
vn 0.63439497 -0.77300907 0.00000000
vn 0.63439497 -0.77300907 0.00000000
vn -0.88192105 0.47139715 0.00000000
vn -0.88192105 0.47139715 0.00000000
vn -0.88192105 0.47139715 0.00000000
vn 0.47139820 -0.88192048 0.00000000
vn 0.47139820 -0.88192048 0.00000000
vn 0.47139820 -0.88192048 0.00000000
vn 0.09801531 0.99518491 0.00000000
vn 0.09801531 0.99518491 0.00000000
vn 0.09801531 0.99518491 0.00000000
vn -0.77300968 0.63439423 0.00000000
vn -0.77300968 0.63439423 0.00000000
vn -0.77300968 0.63439423 0.00000000
vn 0.29028759 -0.95693945 0.00000000
vn 0.29028759 -0.95693945 0.00000000
vn 0.29028759 -0.95693945 0.00000000
vn 0.29028403 0.95694053 0.00000000
vn 0.29028403 0.95694053 0.00000000
vn 0.29028403 0.95694053 0.00000000
vn 0.09802074 0.99518437 0.00000000
vn 0.29028431 0.95694045 0.00000000
vn 0.47139329 0.88192311 0.00000000
vn 0.63439247 0.77301112 0.00000000
vn 0.77301212 0.63439125 0.00000000
vn 0.88192155 0.47139620 0.00000000
vn 0.95694435 0.29027143 0.00000000
vn 0.99518392 0.09802535 0.00000000
vn 0.99518406 -0.09802390 0.00000000
vn 0.95694042 -0.29028440 0.00000000
vn 0.88192938 -0.47138156 0.00000000
vn 0.77300376 -0.63440144 0.00000000
vn 0.63439703 -0.77300738 0.00000000
vn 0.47139615 -0.88192158 0.00000000
vn 0.29028902 -0.95693902 0.00000000
vn 0.09801488 -0.99518495 0.00000000
vn -0.09801533 -0.99518490 0.00000000
vn -0.29028186 -0.95694119 0.00000000
vn -0.47139484 -0.88192228 0.00000000
vn -0.63439226 -0.77301129 0.00000000
vn -0.77301355 -0.63438951 0.00000000
vn -0.88192069 -0.47139781 0.00000000
vn -0.95694021 -0.29028509 0.00000000
vn -0.99518391 -0.09802545 0.00000000
vn -0.99518407 0.09802380 0.00000000
vn -0.95693469 0.29030330 0.00000000
vn -0.88192229 0.47139482 0.00000000
vn -0.77301311 0.63439005 0.00000000
vn -0.63439589 0.77300832 0.00000000
vn -0.47139621 0.88192155 0.00000000
vn 0.00000000 0.00000000 -1.00000000
vn 0.00000000 0.00000000 -1.00000000
vn 0.00000000 0.00000000 -1.00000000
vn 0.00000000 0.00000000 -1.00000000
vn 0.00000000 0.00000000 -1.00000000
vn 0.00000000 0.00000000 -1.00000000
vn 0.00000000 0.00000000 -1.00000000
vn 0.00000000 0.00000000 -1.00000000
vn 0.00000000 0.00000000 -1.00000000
vn 0.00000000 0.00000000 -1.00000000
vn 0.00000000 0.00000000 -1.00000000
vn 0.00000000 0.00000000 -1.00000000
vn 0.00000000 0.00000000 -1.00000000
vn 0.00000000 0.00000000 -1.00000000
vn 0.00000000 0.00000000 -1.00000000
vn 0.00000000 0.00000000 -1.00000000
vn 0.00000000 0.00000000 -1.00000000
vn 0.00000000 0.00000000 -1.00000000
vn 0.00000000 0.00000000 -1.00000000
vn 0.00000000 0.00000000 -1.00000000
vn 0.00000000 0.00000000 -1.00000000
vn 0.00000000 0.00000000 -1.00000000
vn 0.00000000 0.00000000 -1.00000000
vn 0.00000000 0.00000000 -1.00000000
vn 0.00000000 0.00000000 -1.00000000
vn 0.00000000 0.00000000 -1.00000000
vn 0.00000000 0.00000000 -1.00000000
vn 0.00000000 0.00000000 -1.00000000
vn 0.00000000 0.00000000 -1.00000000
vn -0.29028580 0.95693999 0.00000000
vn -0.09801665 0.99518477 0.00000000
vn -0.63439462 0.77300935 0.00000000
vn -0.00000388 0.00000259 -1.00000000
vn 0.00000259 0.00000388 -1.00000000
vn 0.00000259 -0.00000388 -1.00000000
vn -0.00000431 -0.00000179 -1.00000000
vn -0.00000091 0.00000458 -1.00000000
vn 0.00000467 0.00000000 -1.00000000
vn -0.00000467 -0.00000000 -1.00000000
vn -0.00000330 -0.00000330 -1.00000000
vn -0.00000259 0.00000388 -1.00000000
vn 0.00000431 0.00000179 -1.00000000
vn 0.00000000 0.00000000 1.00000000
vn 0.00000000 0.00000000 1.00000000
vn 0.00000000 0.00000000 1.00000000
vn 0.00000000 0.00000000 1.00000000
vn 0.00000000 0.00000000 1.00000000
vn 0.00000000 0.00000000 1.00000000
vn 0.00000000 0.00000000 1.00000000
vn 0.00000000 0.00000000 1.00000000
vn 0.00000000 0.00000000 1.00000000
vn 0.00000000 0.00000000 1.00000000
vn 0.00000000 0.00000000 1.00000000
vn 0.00000000 0.00000000 1.00000000
vn 0.00000000 0.00000000 1.00000000
vn 0.00000000 0.00000000 1.00000000
vn 0.00000000 0.00000000 1.00000000
vn 0.00000000 0.00000000 1.00000000
vn 0.00000000 0.00000000 1.00000000
vn 0.00000000 0.00000000 1.00000000
vn 0.00000000 0.00000000 1.00000000
vn 0.00000000 0.00000000 1.00000000
vn 0.00000000 0.00000000 1.00000000
vn 0.00000000 0.00000000 1.00000000
vn 0.00000000 0.00000000 1.00000000
vn 0.00000000 0.00000000 1.00000000
vn 0.00000000 0.00000000 1.00000000
vn 0.00000000 0.00000000 1.00000000
vn 0.00000000 0.00000000 1.00000000
vn 0.00000000 0.00000000 1.00000000
vn 0.00000000 0.00000000 1.00000000
vn 0.09801591 -0.99518485 0.00000000
vn 0.47139532 0.88192202 0.00000000
vn -0.47139676 0.88192125 0.00000000
vn -0.09801728 -0.99518471 0.00000000
vn 0.63438820 0.77301463 0.00000000
vn -0.29028252 0.95694099 0.00000000
vn -0.29028146 -0.95694131 0.00000000
vn 0.77300960 0.63439433 0.00000000
vn -0.09801888 0.99518456 0.00000000
vn -0.47139492 -0.88192224 0.00000000
vn 0.88191981 0.47139946 0.00000000
vn -0.63439328 -0.77301046 0.00000000
vn 0.95694467 0.29027039 0.00000000
vn -0.77301065 -0.63439304 0.00000000
vn 0.99518413 0.09802318 0.00000000
vn -0.88192031 -0.47139852 0.00000000
vn 0.99518428 -0.09802164 0.00000000
vn -0.95694205 -0.29027902 0.00000000
vn 0.95694201 -0.29027917 0.00000000
vn -0.99518408 -0.09802376 0.00000000
vn 0.88192105 -0.47139715 0.00000000
vn -0.99518425 0.09802195 0.00000000
vn 0.77301112 -0.63439247 0.00000000
vn -0.95693948 0.29028751 0.00000000
vn 0.63439497 -0.77300907 0.00000000
vn -0.88192105 0.47139715 0.00000000
vn 0.47139820 -0.88192048 0.00000000
vn 0.09801531 0.99518491 0.00000000
vn -0.77300968 0.63439423 0.00000000
vn 0.29028759 -0.95693945 0.00000000
vn 0.29028403 0.95694053 0.00000000
vt 0.00000000 0.00000000
vt 0.00000000 0.00000000
vt 0.00000000 0.00000000
vt 0.00000000 0.00000000
vt 0.00000000 0.00000000
vt 0.00000000 0.00000000
vt 0.00000000 0.00000000
vt 0.00000000 0.00000000
vt 0.00000000 0.00000000
vt 0.00000000 0.00000000
vt 0.00000000 0.00000000
vt 0.00000000 0.00000000
vt 0.00000000 0.00000000
vt 0.00000000 0.00000000
vt 0.00000000 0.00000000
vt 0.00000000 0.00000000
vt 0.00000000 0.00000000
vt 0.00000000 0.00000000
vt 0.00000000 0.00000000
vt 0.00000000 0.00000000
vt 0.00000000 0.00000000
vt 0.00000000 0.00000000
vt 0.00000000 0.00000000
vt 0.00000000 0.00000000
vt 0.00000000 0.00000000
vt 0.00000000 0.00000000
vt 0.00000000 0.00000000
vt 0.00000000 0.00000000
vt 0.00000000 0.00000000
vt 0.00000000 0.00000000
vt 0.00000000 0.00000000
vt 0.00000000 0.00000000
vt 0.00000000 0.00000000
vt 0.00000000 0.00000000
vt 0.00000000 0.00000000
vt 0.00000000 0.00000000
vt 0.00000000 0.00000000
vt 0.00000000 0.00000000
vt 0.00000000 0.00000000
vt 0.00000000 0.00000000
vt 0.00000000 0.00000000
vt 0.00000000 0.00000000
vt 0.00000000 0.00000000
vt 0.00000000 0.00000000
vt 0.00000000 0.00000000
vt 0.00000000 0.00000000
vt 0.00000000 0.00000000
vt 0.00000000 0.00000000
vt 0.00000000 0.00000000
vt 0.00000000 0.00000000
vt 0.00000000 0.00000000
vt 0.00000000 0.00000000
vt 0.00000000 0.00000000
vt 0.00000000 0.00000000
vt 0.00000000 0.00000000
vt 0.00000000 0.00000000
vt 0.00000000 0.00000000
vt 0.00000000 0.00000000
vt 0.00000000 0.00000000
vt 0.00000000 0.00000000
vt 0.00000000 0.00000000
vt 0.00000000 0.00000000
vt 0.00000000 0.00000000
vt 0.00000000 0.00000000
vt 0.00000000 0.00000000
vt 0.00000000 0.00000000
vt 0.00000000 0.00000000
vt 0.00000000 0.00000000
vt 0.00000000 0.00000000
vt 0.00000000 0.00000000
vt 0.00000000 0.00000000
vt 0.00000000 0.00000000
vt 0.00000000 0.00000000
vt 0.00000000 0.00000000
vt 0.00000000 0.00000000
vt 0.00000000 0.00000000
vt 0.00000000 0.00000000
vt 0.00000000 0.00000000
vt 0.00000000 0.00000000
vt 0.00000000 0.00000000
vt 0.00000000 0.00000000
vt 0.00000000 0.00000000
vt 0.00000000 0.00000000
vt 0.00000000 0.00000000
vt 0.00000000 0.00000000
vt 0.00000000 0.00000000
vt 0.00000000 0.00000000
vt 0.00000000 0.00000000
vt 0.00000000 0.00000000
vt 0.00000000 0.00000000
vt 0.00000000 0.00000000
vt 0.00000000 0.00000000
vt 0.00000000 0.00000000
vt 0.00000000 0.00000000
vt 0.00000000 0.00000000
vt 0.00000000 0.00000000
vt 0.00000000 0.00000000
vt 0.00000000 0.00000000
vt 0.00000000 0.00000000
vt 0.00000000 0.00000000
vt 0.00000000 0.00000000
vt 0.00000000 0.00000000
vt 0.00000000 0.00000000
vt 0.00000000 0.00000000
vt 0.00000000 0.00000000
vt 0.00000000 0.00000000
vt 0.00000000 0.00000000
vt 0.00000000 0.00000000
vt 0.00000000 0.00000000
vt 0.00000000 0.00000000
vt 0.00000000 0.00000000
vt 0.00000000 0.00000000
vt 0.00000000 0.00000000
vt 0.00000000 0.00000000
vt 0.00000000 0.00000000
vt 0.00000000 0.00000000
vt 0.00000000 0.00000000
vt 0.00000000 0.00000000
vt 0.00000000 0.00000000
vt 0.00000000 0.00000000
vt 0.00000000 0.00000000
vt 0.00000000 0.00000000
vt 0.00000000 0.00000000
vt 0.00000000 0.00000000
vt 0.00000000 0.00000000
vt 0.00000000 0.00000000
vt 0.00000000 0.00000000
vt 0.00000000 0.00000000
vt 0.00000000 0.00000000
vt 0.00000000 0.00000000
vt 0.00000000 0.00000000
vt 0.00000000 0.00000000
vt 0.00000000 0.00000000
vt 0.00000000 0.00000000
vt 0.00000000 0.00000000
vt 0.00000000 0.00000000
vt 0.00000000 0.00000000
vt 0.00000000 0.00000000
vt 0.00000000 0.00000000
vt 0.00000000 0.00000000
vt 0.00000000 0.00000000
vt 0.00000000 0.00000000
vt 0.00000000 0.00000000
vt 0.00000000 0.00000000
vt 0.00000000 0.00000000
vt 0.00000000 0.00000000
vt 0.00000000 0.00000000
vt 0.00000000 0.00000000
vt 0.00000000 0.00000000
vt 0.00000000 0.00000000
vt 0.00000000 0.00000000
vt 0.00000000 0.00000000
vt 0.00000000 0.00000000
vt 0.00000000 0.00000000
vt 0.00000000 0.00000000
vt 0.00000000 0.00000000
vt 0.00000000 0.00000000
vt 0.00000000 0.00000000
vt 0.00000000 0.00000000
vt 0.00000000 0.00000000
vt 0.00000000 0.00000000
vt 0.00000000 0.00000000
vt 0.00000000 0.00000000
vt 0.00000000 0.00000000
vt 0.00000000 0.00000000
vt 0.00000000 0.00000000
vt 0.00000000 0.00000000
vt 0.00000000 0.00000000
vt 0.00000000 0.00000000
vt 0.00000000 0.00000000
vt 0.00000000 0.00000000
vt 0.00000000 0.00000000
vt 0.00000000 0.00000000
vt 0.00000000 0.00000000
vt 0.00000000 0.00000000
vt 0.00000000 0.00000000
vt 0.00000000 0.00000000
vt 0.00000000 0.00000000
vt 0.00000000 0.00000000
vt 0.00000000 0.00000000
vt 0.00000000 0.00000000
vt 0.00000000 0.00000000
vt 0.00000000 0.00000000
vt 0.00000000 0.00000000
vt 0.00000000 0.00000000
vt 0.00000000 0.00000000
vt 0.00000000 0.00000000
vt 0.00000000 0.00000000
vt 0.00000000 0.00000000
vt 0.00000000 0.00000000
vt 0.00000000 0.00000000
vt 0.00000000 0.00000000
vt 0.00000000 0.00000000
vt 0.00000000 0.00000000
vt 0.00000000 0.00000000
vt 0.00000000 0.00000000
vt 0.00000000 0.00000000
vt 0.00000000 0.00000000
vt 0.00000000 0.00000000
vt 0.00000000 0.00000000
vt 0.00000000 0.00000000
vt 0.00000000 0.00000000
vt 0.00000000 0.00000000
vt 0.00000000 0.00000000
vt 0.00000000 0.00000000
vt 0.00000000 0.00000000
vt 0.00000000 0.00000000
vt 0.00000000 0.00000000
vt 0.00000000 0.00000000
vt 0.00000000 0.00000000
vt 0.00000000 0.00000000
vt 0.00000000 0.00000000
vt 0.00000000 0.00000000
vt 0.00000000 0.00000000
vt 0.00000000 0.00000000
vt 0.00000000 0.00000000
vt 0.00000000 0.00000000
vt 0.00000000 0.00000000
vt 0.00000000 0.00000000
vt 0.00000000 0.00000000
vt 0.00000000 0.00000000
vt 0.00000000 0.00000000
vt 0.00000000 0.00000000
vt 0.00000000 0.00000000
vt 0.00000000 0.00000000
vt 0.00000000 0.00000000
vt 0.00000000 0.00000000
vt 0.00000000 0.00000000
vt 0.00000000 0.00000000
vt 0.00000000 0.00000000
vt 0.00000000 0.00000000
vt 0.00000000 0.00000000
vt 0.00000000 0.00000000
vt 0.00000000 0.00000000
vt 0.00000000 0.00000000
vt 0.00000000 0.00000000
vt 0.00000000 0.00000000
vt 0.00000000 0.00000000
vt 0.00000000 0.00000000
vt 0.00000000 0.00000000
vt 0.00000000 0.00000000
vt 0.00000000 0.00000000
vt 0.00000000 0.00000000
vt 0.00000000 0.00000000
vt 0.00000000 0.00000000
vt 0.00000000 0.00000000
vt 0.00000000 0.00000000
vt 0.00000000 0.00000000
vt 0.00000000 0.00000000
vt 0.00000000 0.00000000
vt 0.00000000 0.00000000
vt 0.00000000 0.00000000
vt 0.00000000 0.00000000
vt 0.00000000 0.00000000
vt 0.00000000 0.00000000
vt 0.00000000 0.00000000
vt 0.00000000 0.00000000
vt 0.00000000 0.00000000
vt 0.00000000 0.00000000
vt 0.00000000 0.00000000
vt 0.00000000 0.00000000
vt 0.00000000 0.00000000
vt 0.00000000 0.00000000
vt 0.00000000 0.00000000
vt 0.00000000 0.00000000
vt 0.00000000 0.00000000
vt 0.00000000 0.00000000
vt 0.00000000 0.00000000
vt 0.00000000 0.00000000
vt 0.00000000 0.00000000
vt 0.00000000 0.00000000
vt 0.00000000 0.00000000
vt 0.00000000 0.00000000
vt 0.00000000 0.00000000
vt 0.00000000 0.00000000
vt 0.00000000 0.00000000
vt 0.00000000 0.00000000
vt 0.00000000 0.00000000
vt 0.00000000 0.00000000
vt 0.00000000 0.00000000
vt 0.00000000 0.00000000
vt 0.00000000 0.00000000
vt 0.00000000 0.00000000
vt 0.00000000 0.00000000
vt 0.00000000 0.00000000
vt 0.00000000 0.00000000
vt 0.00000000 0.00000000
vt 0.00000000 0.00000000
vt 0.00000000 0.00000000
vt 0.00000000 0.00000000
vt 0.00000000 0.00000000
vt 0.00000000 0.00000000
vt 0.00000000 0.00000000
vt 0.00000000 0.00000000
vt 0.00000000 0.00000000
vt 0.00000000 0.00000000
vt 0.00000000 0.00000000
vt 0.00000000 0.00000000
vt 0.00000000 0.00000000
vt 0.00000000 0.00000000
vt 0.00000000 0.00000000
vt 0.00000000 0.00000000
vt 0.00000000 0.00000000
vt 0.00000000 0.00000000
vt 0.00000000 0.00000000
vt 0.00000000 0.00000000
vt 0.00000000 0.00000000
vt 0.00000000 0.00000000
vt 0.00000000 0.00000000
vt 0.00000000 0.00000000
vt 0.00000000 0.00000000
vt 0.00000000 0.00000000
vt 0.00000000 0.00000000
vt 0.00000000 0.00000000
vt 0.00000000 0.00000000
vt 0.00000000 0.00000000
vt 0.00000000 0.00000000
vt 0.00000000 0.00000000
vt 0.00000000 0.00000000
vt 0.00000000 0.00000000
vt 0.00000000 0.00000000
vt 0.00000000 0.00000000
vt 0.00000000 0.00000000
vt 0.00000000 0.00000000
vt 0.00000000 0.00000000
vt 0.00000000 0.00000000
vt 0.00000000 0.00000000
vt 0.00000000 0.00000000
vt 0.00000000 0.00000000
vt 0.00000000 0.00000000
vt 0.00000000 0.00000000
vt 0.00000000 0.00000000
vt 0.00000000 0.00000000
vt 0.00000000 0.00000000
vt 0.00000000 0.00000000
vt 0.00000000 0.00000000
vt 0.00000000 0.00000000
vt 0.00000000 0.00000000
vt 0.00000000 0.00000000
vt 0.00000000 0.00000000
vt 0.00000000 0.00000000
vt 0.00000000 0.00000000
vt 0.00000000 0.00000000
vt 0.00000000 0.00000000
vt 0.00000000 0.00000000
vt 0.00000000 0.00000000
vt 0.00000000 0.00000000
vt 0.00000000 0.00000000
vt 0.00000000 0.00000000
vt 0.00000000 0.00000000
vt 0.00000000 0.00000000
vt 0.00000000 0.00000000
vt 0.00000000 0.00000000
vt 0.00000000 0.00000000
vt 0.00000000 0.00000000
vt 0.00000000 0.00000000
vt 0.00000000 0.00000000
vt 0.00000000 0.00000000
vt 0.00000000 0.00000000
vt 0.00000000 0.00000000
vt 0.00000000 0.00000000
vt 0.00000000 0.00000000
vt 0.00000000 0.00000000
vt 0.00000000 0.00000000
vt 0.00000000 0.00000000
vt 0.00000000 0.00000000
vt 0.00000000 0.00000000
vt 0.00000000 0.00000000
vt 0.00000000 0.00000000
vt 0.00000000 0.00000000
vt 0.00000000 0.00000000
vt 0.00000000 0.00000000
vt 0.00000000 0.00000000
vt 0.00000000 0.00000000
vt 0.00000000 0.00000000
vt 0.00000000 0.00000000
vt 0.00000000 0.00000000
vt 0.00000000 0.00000000
vt 0.00000000 0.00000000
vt 0.00000000 0.00000000
vt 0.00000000 0.00000000
vt 0.00000000 0.00000000
vt 0.00000000 0.00000000
vt 0.00000000 0.00000000
f 2157/2157/2157 2158/2158/2158 2159/2159/2159
f 2160/2160/2160 2161/2161/2161 2162/2162/2162
f 2163/2163/2163 2164/2164/2164 2165/2165/2165
f 2166/2166/2166 2167/2167/2167 2168/2168/2168
f 2169/2169/2169 2170/2170/2170 2171/2171/2171
f 2172/2172/2172 2173/2173/2173 2174/2174/2174
f 2175/2175/2175 2176/2176/2176 2177/2177/2177
f 2178/2178/2178 2179/2179/2179 2180/2180/2180
f 2181/2181/2181 2182/2182/2182 2183/2183/2183
f 2184/2184/2184 2185/2185/2185 2186/2186/2186
f 2187/2187/2187 2188/2188/2188 2189/2189/2189
f 2190/2190/2190 2191/2191/2191 2192/2192/2192
f 2193/2193/2193 2194/2194/2194 2195/2195/2195
f 2196/2196/2196 2197/2197/2197 2198/2198/2198
f 2199/2199/2199 2200/2200/2200 2201/2201/2201
f 2202/2202/2202 2203/2203/2203 2204/2204/2204
f 2205/2205/2205 2206/2206/2206 2207/2207/2207
f 2208/2208/2208 2209/2209/2209 2210/2210/2210
f 2211/2211/2211 2212/2212/2212 2213/2213/2213
f 2214/2214/2214 2215/2215/2215 2216/2216/2216
f 2217/2217/2217 2218/2218/2218 2219/2219/2219
f 2220/2220/2220 2221/2221/2221 2222/2222/2222
f 2223/2223/2223 2224/2224/2224 2225/2225/2225
f 2226/2226/2226 2227/2227/2227 2228/2228/2228
f 2229/2229/2229 2230/2230/2230 2231/2231/2231
f 2232/2232/2232 2233/2233/2233 2234/2234/2234
f 2235/2235/2235 2236/2236/2236 2237/2237/2237
f 2238/2238/2238 2239/2239/2239 2240/2240/2240
f 2241/2241/2241 2242/2242/2242 2243/2243/2243
f 2244/2244/2244 2245/2245/2245 2246/2246/2246
f 2247/2247/2247 2248/2248/2248 2249/2249/2249
f 2250/2250/2250 2251/2251/2251 2252/2252/2252
f 2253/2253/2253 2254/2254/2254 2255/2255/2255
f 2256/2256/2256 2257/2257/2257 2258/2258/2258
f 2259/2259/2259 2260/2260/2260 2261/2261/2261
f 2262/2262/2262 2263/2263/2263 2264/2264/2264
f 2265/2265/2265 2266/2266/2266 2267/2267/2267
f 2268/2268/2268 2269/2269/2269 2270/2270/2270
f 2271/2271/2271 2272/2272/2272 2273/2273/2273
f 2274/2274/2274 2275/2275/2275 2276/2276/2276
f 2277/2277/2277 2278/2278/2278 2279/2279/2279
f 2258/2258/2258 2280/2280/2280 2281/2281/2281
f 2263/2263/2263 2282/2282/2282 2283/2283/2283
f 2267/2267/2267 2284/2284/2284 2285/2285/2285
f 2269/2269/2269 2286/2286/2286 2287/2287/2287
f 2272/2272/2272 2288/2288/2288 2273/2273/2273
f 2276/2276/2276 2289/2289/2289 2290/2290/2290
f 2279/2279/2279 2291/2291/2291 2292/2292/2292
f 2280/2280/2280 2293/2293/2293 2281/2281/2281
f 2282/2282/2282 2294/2294/2294 2283/2283/2283
f 2284/2284/2284 2295/2295/2295 2285/2285/2285
f 2287/2287/2287 2296/2296/2296 2297/2297/2297
f 2288/2288/2288 2298/2298/2298 2299/2299/2299
f 2289/2289/2289 2300/2300/2300 2290/2290/2290
f 2292/2292/2292 2301/2301/2301 2302/2302/2302
f 2293/2293/2293 2303/2303/2303 2304/2304/2304
f 2294/2294/2294 2305/2305/2305 2306/2306/2306
f 2307/2307/2307 2308/2308/2308 2256/2256/2256
f 2295/2295/2295 2309/2309/2309 2310/2310/2310
f 2297/2297/2297 2311/2311/2311 2307/2307/2307
f 2298/2298/2298 2264/2264/2264 2299/2299/2299
f 2312/2312/2312 2265/2265/2265 2300/2300/2300
f 2302/2302/2302 2268/2268/2268 2270/2270/2270
f 2303/2303/2303 2271/2271/2271 2304/2304/2304
f 2305/2305/2305 2274/2274/2274 2306/2306/2306
f 2309/2309/2309 2277/2277/2277 2310/2310/2310
f 2313/2313/2313 2314/2314/2314 2315/2315/2315
f 2316/2316/2316 2317/2317/2317 2318/2318/2318
f 2319/2319/2319 2320/2320/2320 2321/2321/2321
f 2322/2322/2322 2323/2323/2323 2324/2324/2324
f 2325/2325/2325 2326/2326/2326 2327/2327/2327
f 2328/2328/2328 2329/2329/2329 2330/2330/2330
f 2331/2331/2331 2332/2332/2332 2333/2333/2333
f 2334/2334/2334 2335/2335/2335 2336/2336/2336
f 2337/2337/2337 2338/2338/2338 2339/2339/2339
f 2340/2340/2340 2341/2341/2341 2342/2342/2342
f 2343/2343/2343 2344/2344/2344 2345/2345/2345
f 2346/2346/2346 2347/2347/2347 2348/2348/2348
f 2349/2349/2349 2350/2350/2350 2351/2351/2351
f 2352/2352/2352 2353/2353/2353 2354/2354/2354
f 2355/2355/2355 2356/2356/2356 2357/2357/2357
f 2358/2358/2358 2359/2359/2359 2360/2360/2360
f 2361/2361/2361 2362/2362/2362 2363/2363/2363
f 2364/2364/2364 2365/2365/2365 2366/2366/2366
f 2367/2367/2367 2368/2368/2368 2369/2369/2369
f 2370/2370/2370 2371/2371/2371 2372/2372/2372
f 2373/2373/2373 2374/2374/2374 2375/2375/2375
f 2376/2376/2376 2377/2377/2377 2378/2378/2378
f 2379/2379/2379 2380/2380/2380 2381/2381/2381
f 2382/2382/2382 2383/2383/2383 2384/2384/2384
f 2385/2385/2385 2386/2386/2386 2387/2387/2387
f 2388/2388/2388 2389/2389/2389 2390/2390/2390
f 2391/2391/2391 2392/2392/2392 2393/2393/2393
f 2394/2394/2394 2395/2395/2395 2396/2396/2396
f 2397/2397/2397 2398/2398/2398 2399/2399/2399
f 2400/2400/2400 2401/2401/2401 2402/2402/2402
f 2403/2403/2403 2404/2404/2404 2405/2405/2405
f 2406/2406/2406 2407/2407/2407 2408/2408/2408
f 2157/2157/2157 2409/2409/2409 2158/2158/2158
f 2160/2160/2160 2410/2410/2410 2161/2161/2161
f 2163/2163/2163 2411/2411/2411 2164/2164/2164
f 2166/2166/2166 2412/2412/2412 2167/2167/2167
f 2169/2169/2169 2413/2413/2413 2170/2170/2170
f 2172/2172/2172 2414/2414/2414 2173/2173/2173
f 2175/2175/2175 2415/2415/2415 2176/2176/2176
f 2178/2178/2178 2416/2416/2416 2179/2179/2179
f 2181/2181/2181 2417/2417/2417 2182/2182/2182
f 2184/2184/2184 2418/2418/2418 2185/2185/2185
f 2187/2187/2187 2419/2419/2419 2188/2188/2188
f 2190/2190/2190 2420/2420/2420 2191/2191/2191
f 2193/2193/2193 2421/2421/2421 2194/2194/2194
f 2196/2196/2196 2422/2422/2422 2197/2197/2197
f 2199/2199/2199 2423/2423/2423 2200/2200/2200
f 2202/2202/2202 2424/2424/2424 2203/2203/2203
f 2205/2205/2205 2425/2425/2425 2206/2206/2206
f 2208/2208/2208 2426/2426/2426 2209/2209/2209
f 2211/2211/2211 2427/2427/2427 2212/2212/2212
f 2214/2214/2214 2428/2428/2428 2215/2215/2215
f 2217/2217/2217 2429/2429/2429 2218/2218/2218
f 2220/2220/2220 2430/2430/2430 2221/2221/2221
f 2223/2223/2223 2431/2431/2431 2224/2224/2224
f 2226/2226/2226 2432/2432/2432 2227/2227/2227
f 2229/2229/2229 2433/2433/2433 2230/2230/2230
f 2232/2232/2232 2434/2434/2434 2233/2233/2233
f 2235/2235/2235 2435/2435/2435 2236/2236/2236
f 2238/2238/2238 2436/2436/2436 2239/2239/2239
f 2241/2241/2241 2437/2437/2437 2242/2242/2242
f 2244/2244/2244 2438/2438/2438 2245/2245/2245
f 2249/2249/2249 2439/2439/2439 2440/2440/2440
f 2440/2440/2440 2441/2441/2441 2442/2442/2442
f 2442/2442/2442 2443/2443/2443 2444/2444/2444
f 2444/2444/2444 2445/2445/2445 2442/2442/2442
f 2446/2446/2446 2447/2447/2447 2448/2448/2448
f 2448/2448/2448 2449/2449/2449 2450/2450/2450
f 2450/2450/2450 2451/2451/2451 2452/2452/2452
f 2452/2452/2452 2453/2453/2453 2247/2247/2247
f 2247/2247/2247 2454/2454/2454 2455/2455/2455
f 2456/2456/2456 2457/2457/2457 2455/2455/2455
f 2455/2455/2455 2458/2458/2458 2459/2459/2459
f 2459/2459/2459 2460/2460/2460 2461/2461/2461
f 2461/2461/2461 2462/2462/2462 2463/2463/2463
f 2463/2463/2463 2464/2464/2464 2248/2248/2248
f 2248/2248/2248 2465/2465/2465 2466/2466/2466
f 2466/2466/2466 2467/2467/2467 2248/2248/2248
f 2249/2249/2249 2440/2440/2440 2446/2446/2446
f 2442/2442/2442 2445/2445/2445 2446/2446/2446
f 2446/2446/2446 2448/2448/2448 2247/2247/2247
f 2450/2450/2450 2452/2452/2452 2247/2247/2247
f 2454/2454/2454 2456/2456/2456 2455/2455/2455
f 2455/2455/2455 2459/2459/2459 2247/2247/2247
f 2461/2461/2461 2463/2463/2463 2248/2248/2248
f 2248/2248/2248 2467/2467/2467 2249/2249/2249
f 2440/2440/2440 2442/2442/2442 2446/2446/2446
f 2448/2448/2448 2450/2450/2450 2247/2247/2247
f 2247/2247/2247 2459/2459/2459 2461/2461/2461
f 2461/2461/2461 2248/2248/2248 2247/2247/2247
f 2249/2249/2249 2446/2446/2446 2247/2247/2247
f 2250/2250/2250 2468/2468/2468 2251/2251/2251
f 2253/2253/2253 2469/2469/2469 2254/2254/2254
f 2256/2256/2256 2308/2308/2308 2257/2257/2257
f 2259/2259/2259 2470/2470/2470 2260/2260/2260
f 2262/2262/2262 2471/2471/2471 2263/2263/2263
f 2265/2265/2265 2472/2472/2472 2266/2266/2266
f 2268/2268/2268 2473/2473/2473 2269/2269/2269
f 2271/2271/2271 2474/2474/2474 2272/2272/2272
f 2274/2274/2274 2475/2475/2475 2275/2275/2275
f 2277/2277/2277 2476/2476/2476 2278/2278/2278
f 2258/2258/2258 2257/2257/2257 2280/2280/2280
f 2263/2263/2263 2471/2471/2471 2282/2282/2282
f 2267/2267/2267 2266/2266/2266 2284/2284/2284
f 2269/2269/2269 2473/2473/2473 2286/2286/2286
f 2272/2272/2272 2477/2477/2477 2288/2288/2288
f 2276/2276/2276 2275/2275/2275 2289/2289/2289
f 2279/2279/2279 2278/2278/2278 2291/2291/2291
f 2280/2280/2280 2478/2478/2478 2293/2293/2293
f 2282/2282/2282 2479/2479/2479 2294/2294/2294
f 2284/2284/2284 2480/2480/2480 2295/2295/2295
f 2287/2287/2287 2286/2286/2286 2296/2296/2296
f 2288/2288/2288 2477/2477/2477 2298/2298/2298
f 2289/2289/2289 2312/2312/2312 2300/2300/2300
f 2292/2292/2292 2291/2291/2291 2301/2301/2301
f 2293/2293/2293 2478/2478/2478 2303/2303/2303
f 2294/2294/2294 2479/2479/2479 2305/2305/2305
f 2307/2307/2307 2311/2311/2311 2308/2308/2308
f 2295/2295/2295 2480/2480/2480 2309/2309/2309
f 2297/2297/2297 2296/2296/2296 2311/2311/2311
f 2298/2298/2298 2262/2262/2262 2264/2264/2264
f 2312/2312/2312 2472/2472/2472 2265/2265/2265
f 2302/2302/2302 2301/2301/2301 2268/2268/2268
f 2303/2303/2303 2474/2474/2474 2271/2271/2271
f 2305/2305/2305 2475/2475/2475 2274/2274/2274
f 2309/2309/2309 2476/2476/2476 2277/2277/2277
f 2481/2481/2481 2482/2482/2482 2483/2483/2483
f 2483/2483/2483 2484/2484/2484 2485/2485/2485
f 2485/2485/2485 2486/2486/2486 2487/2487/2487
f 2487/2487/2487 2488/2488/2488 2315/2315/2315
f 2315/2315/2315 2489/2489/2489 2490/2490/2490
f 2490/2490/2490 2491/2491/2491 2492/2492/2492
f 2492/2492/2492 2493/2493/2493 2313/2313/2313
f 2494/2494/2494 2495/2495/2495 2313/2313/2313
f 2313/2313/2313 2496/2496/2496 2497/2497/2497
f 2498/2498/2498 2499/2499/2499 2497/2497/2497
f 2497/2497/2497 2500/2500/2500 2314/2314/2314
f 2501/2501/2501 2502/2502/2502 2314/2314/2314
f 2314/2314/2314 2503/2503/2503 2504/2504/2504
f 2504/2504/2504 2505/2505/2505 2506/2506/2506
f 2506/2506/2506 2507/2507/2507 2508/2508/2508
f 2508/2508/2508 2509/2509/2509 2481/2481/2481
f 2481/2481/2481 2483/2483/2483 2485/2485/2485
f 2485/2485/2485 2487/2487/2487 2481/2481/2481
f 2315/2315/2315 2490/2490/2490 2313/2313/2313
f 2493/2493/2493 2494/2494/2494 2313/2313/2313
f 2496/2496/2496 2498/2498/2498 2497/2497/2497
f 2500/2500/2500 2501/2501/2501 2314/2314/2314
f 2314/2314/2314 2504/2504/2504 2481/2481/2481
f 2506/2506/2506 2508/2508/2508 2481/2481/2481
f 2481/2481/2481 2487/2487/2487 2315/2315/2315
f 2490/2490/2490 2492/2492/2492 2313/2313/2313
f 2313/2313/2313 2497/2497/2497 2314/2314/2314
f 2504/2504/2504 2506/2506/2506 2481/2481/2481
f 2481/2481/2481 2315/2315/2315 2314/2314/2314
f 2316/2316/2316 2510/2510/2510 2317/2317/2317
f 2319/2319/2319 2511/2511/2511 2320/2320/2320
f 2322/2322/2322 2512/2512/2512 2323/2323/2323
f 2325/2325/2325 2513/2513/2513 2326/2326/2326
f 2328/2328/2328 2514/2514/2514 2329/2329/2329
f 2331/2331/2331 2515/2515/2515 2332/2332/2332
f 2334/2334/2334 2516/2516/2516 2335/2335/2335
f 2337/2337/2337 2517/2517/2517 2338/2338/2338
f 2340/2340/2340 2518/2518/2518 2341/2341/2341
f 2343/2343/2343 2519/2519/2519 2344/2344/2344
f 2346/2346/2346 2520/2520/2520 2347/2347/2347
f 2349/2349/2349 2521/2521/2521 2350/2350/2350
f 2352/2352/2352 2522/2522/2522 2353/2353/2353
f 2355/2355/2355 2523/2523/2523 2356/2356/2356
f 2358/2358/2358 2524/2524/2524 2359/2359/2359
f 2361/2361/2361 2525/2525/2525 2362/2362/2362
f 2364/2364/2364 2526/2526/2526 2365/2365/2365
f 2367/2367/2367 2527/2527/2527 2368/2368/2368
f 2370/2370/2370 2528/2528/2528 2371/2371/2371
f 2373/2373/2373 2529/2529/2529 2374/2374/2374
f 2376/2376/2376 2530/2530/2530 2377/2377/2377
f 2379/2379/2379 2531/2531/2531 2380/2380/2380
f 2382/2382/2382 2532/2532/2532 2383/2383/2383
f 2385/2385/2385 2533/2533/2533 2386/2386/2386
f 2388/2388/2388 2534/2534/2534 2389/2389/2389
f 2391/2391/2391 2535/2535/2535 2392/2392/2392
f 2394/2394/2394 2536/2536/2536 2395/2395/2395
f 2397/2397/2397 2537/2537/2537 2398/2398/2398
f 2400/2400/2400 2538/2538/2538 2401/2401/2401
f 2403/2403/2403 2539/2539/2539 2404/2404/2404
f 2406/2406/2406 2540/2540/2540 2407/2407/2407

o part_003
usemtl material_0
v -0.06134934 -0.06057765 0.06429593
v -0.06267292 -0.06044730 -0.08153537
v -0.06267292 -0.06044729 0.06429593
v -0.06007663 -0.06096372 0.06429593
v -0.06134934 -0.06057766 -0.08153537
v -0.06134934 -0.06057765 0.06429593
v -0.05890370 -0.06159066 0.06429593
v -0.06007663 -0.06096373 -0.08153537
v -0.06007663 -0.06096372 0.06429593
v -0.05787562 -0.06243439 0.06429593
v -0.05890370 -0.06159068 -0.08153537
v -0.05890370 -0.06159066 0.06429593
v -0.05703188 -0.06346248 0.06429593
v -0.05787562 -0.06243440 -0.08153537
v -0.05787562 -0.06243439 0.06429593
v -0.05640493 -0.06463541 0.06429593
v -0.05703188 -0.06346249 -0.08153537
v -0.05703188 -0.06346248 0.06429593
v -0.05601886 -0.06590813 0.06429593
v -0.05640493 -0.06463542 -0.08153537
v -0.05640493 -0.06463541 0.06429593
v -0.05588849 -0.06723170 0.06429593
v -0.05601886 -0.06590813 -0.08153537
v -0.05601886 -0.06590813 0.06429593
v -0.05601885 -0.06855527 0.06429593
v -0.05588849 -0.06723170 -0.08153537
v -0.05588849 -0.06723170 0.06429593
v -0.05640492 -0.06982798 0.06429593
v -0.05601885 -0.06855528 -0.08153537
v -0.05601885 -0.06855527 0.06429593
v -0.05703187 -0.07100092 0.06429593
v -0.05640492 -0.06982799 -0.08153537
v -0.05640492 -0.06982798 0.06429593
v -0.05787559 -0.07202901 0.06429593
v -0.05703187 -0.07100093 -0.08153537
v -0.05703187 -0.07100092 0.06429593
v -0.05890368 -0.07287274 0.06429593
v -0.05787559 -0.07202902 -0.08153537
v -0.05787559 -0.07202901 0.06429593
v -0.06007662 -0.07349969 0.06429593
v -0.05890368 -0.07287275 -0.08153537
v -0.05890368 -0.07287274 0.06429593
v -0.06134933 -0.07388577 0.06429593
v -0.06007662 -0.07349970 -0.08153537
v -0.06007662 -0.07349969 0.06429593
v -0.06267291 -0.07401613 0.06429593
v -0.06134933 -0.07388578 -0.08153537
v -0.06134933 -0.07388577 0.06429593
v -0.06399648 -0.07388577 0.06429593
v -0.06267291 -0.07401614 -0.08153537
v -0.06267291 -0.07401613 0.06429593
v -0.06526919 -0.07349969 0.06429593
v -0.06399648 -0.07388577 -0.08153537
v -0.06399648 -0.07388577 0.06429593
v -0.06644213 -0.07287275 0.06429593
v -0.06526919 -0.07349970 -0.08153537
v -0.06526919 -0.07349969 0.06429593
v -0.06747022 -0.07202902 0.06429593
v -0.06644213 -0.07287276 -0.08153537
v -0.06644213 -0.07287275 0.06429593
v -0.06831395 -0.07100093 0.06429593
v -0.06747022 -0.07202903 -0.08153537
v -0.06747022 -0.07202902 0.06429593
v -0.06894090 -0.06982800 0.06429593
v -0.06831395 -0.07100094 -0.08153537
v -0.06831395 -0.07100093 0.06429593
v -0.06932697 -0.06855529 0.06429593
v -0.06894090 -0.06982801 -0.08153537
v -0.06894090 -0.06982800 0.06429593
v -0.06945733 -0.06723171 0.06429593
v -0.06932697 -0.06855529 -0.08153537
v -0.06932697 -0.06855529 0.06429593
v -0.06932698 -0.06590814 0.06429593
v -0.06945733 -0.06723172 -0.08153537
v -0.06945733 -0.06723171 0.06429593
v -0.06894090 -0.06463543 0.06429593
v -0.06932698 -0.06590815 -0.08153537
v -0.06932698 -0.06590814 0.06429593
v -0.06831395 -0.06346249 0.06429593
v -0.06894090 -0.06463543 -0.08153537
v -0.06894090 -0.06463543 0.06429593
v -0.06747022 -0.06243440 0.06429593
v -0.06831395 -0.06346250 -0.08153537
v -0.06831395 -0.06346249 0.06429593
v -0.06644213 -0.06159067 0.06429593
v -0.06747022 -0.06243441 -0.08153537
v -0.06747022 -0.06243440 0.06429593
v -0.06526919 -0.06096372 0.06429593
v -0.06644213 -0.06159067 -0.08153537
v -0.06644213 -0.06159067 0.06429593
v -0.06747022 -0.07202903 -0.08153537
v -0.06945733 -0.06723172 -0.08153537
v -0.06267292 -0.06044730 -0.08153537
v -0.06399649 -0.06057765 0.06429593
v -0.06526919 -0.06096373 -0.08153537
v -0.06526919 -0.06096372 0.06429593
v -0.06267292 -0.06044729 0.06429593
v -0.06399649 -0.06057765 -0.08153537
v -0.06399649 -0.06057765 0.06429593
v -0.06134934 -0.06057765 0.06429593
v -0.05809147 -0.05617110 0.06429593
v -0.06007663 -0.06096372 0.06429593
v -0.07113834 -0.05876629 0.07407951
v -0.06932415 -0.05727743 0.06429593
v -0.07113834 -0.05876629 0.06429593
v -0.05640492 -0.06982798 0.06429593
v -0.05271862 -0.07388294 0.06429593
v -0.05703187 -0.07100092 0.06429593
v -0.06644213 -0.07287275 0.06429593
v -0.07113833 -0.07569714 0.06429593
v -0.06747022 -0.07202902 0.06429593
v -0.06747022 -0.06243440 0.06429593
v -0.06932415 -0.05727743 0.06429593
v -0.06644213 -0.06159067 0.06429593
v -0.05161231 -0.06265025 0.06429593
v -0.05601886 -0.06590813 0.06429593
v -0.05640493 -0.06463541 0.06429593
v -0.06134933 -0.07388577 0.06429593
v -0.06267290 -0.07920363 0.06429593
v -0.06267291 -0.07401613 0.06429593
v -0.07464483 -0.06723171 0.06429593
v -0.06932698 -0.06590814 0.06429593
v -0.06945733 -0.06723171 0.06429593
v -0.05890370 -0.06159066 0.06429593
v -0.05787559 -0.07202901 0.06429593
v -0.06831395 -0.07100093 0.06429593
v -0.06526919 -0.06096372 0.06429593
v -0.05093104 -0.06489609 0.06429593
v -0.05588849 -0.06723170 0.06429593
v -0.06500850 -0.07897359 0.06429593
v -0.06399648 -0.07388577 0.06429593
v -0.07373352 -0.06265026 0.06429593
v -0.06894090 -0.06463543 0.06429593
v -0.05420750 -0.05876627 0.06429593
v -0.05787562 -0.06243439 0.06429593
v -0.05420748 -0.07569712 0.06429593
v -0.05890368 -0.07287274 0.06429593
v -0.07373352 -0.07181316 0.06429593
v -0.06894090 -0.06982800 0.06429593
v -0.06725436 -0.05617110 0.06429593
v -0.06399649 -0.06057765 0.06429593
v -0.05070100 -0.06723169 0.06429593
v -0.05601885 -0.06855527 0.06429593
v -0.06526919 -0.07349969 0.06429593
v -0.06831395 -0.06346249 0.06429593
v -0.05271864 -0.06058046 0.06429593
v -0.05703188 -0.06346248 0.06429593
v -0.05602166 -0.07718598 0.06429593
v -0.06007662 -0.07349969 0.06429593
v -0.06267292 -0.06044729 0.06429593
v -0.06033733 -0.05548983 0.06429593
v -0.06932697 -0.06855529 0.06429593
v -0.06267293 -0.05525980 0.06429593
v -0.05093103 -0.06956730 0.06429593
v -0.06725436 -0.07829232 0.06429593
v -0.07113834 -0.05876629 0.06429593
v -0.05809145 -0.07829231 0.06429593
v -0.07441479 -0.06956732 0.06429593
v -0.06500850 -0.07897359 0.07407951
v -0.05271864 -0.06058046 0.07407951
v -0.06033733 -0.05548983 0.07407951
v -0.06033730 -0.07897359 0.07407951
v -0.06267290 -0.07920363 0.06429593
v -0.06033730 -0.07897359 0.06429593
v -0.05809147 -0.05617110 0.07407951
v -0.05602169 -0.05727742 0.06429593
v -0.05809147 -0.05617110 0.06429593
v -0.06932415 -0.05727743 0.07407951
v -0.06725436 -0.05617110 0.06429593
v -0.06932415 -0.05727743 0.06429593
v -0.06267290 -0.07920363 0.07407951
v -0.06500850 -0.07897359 0.06429593
v -0.06267290 -0.07920363 0.06429593
v -0.05602169 -0.05727742 0.07407951
v -0.05420750 -0.05876627 0.06429593
v -0.05602169 -0.05727742 0.06429593
v -0.06725436 -0.05617110 0.07407951
v -0.06500852 -0.05548983 0.06429593
v -0.06725436 -0.05617110 0.06429593
v -0.06500850 -0.07897359 0.07407951
v -0.06725436 -0.07829232 0.06429593
v -0.06500850 -0.07897359 0.06429593
v -0.05420750 -0.05876627 0.07407951
v -0.05271864 -0.06058046 0.06429593
v -0.05420750 -0.05876627 0.06429593
v -0.06500852 -0.05548983 0.07407951
v -0.06267293 -0.05525980 0.06429593
v -0.06500852 -0.05548983 0.06429593
v -0.06725436 -0.07829232 0.07407951
v -0.06932415 -0.07718600 0.06429593
v -0.06725436 -0.07829232 0.06429593
v -0.05271864 -0.06058046 0.07407951
v -0.05161231 -0.06265025 0.06429593
v -0.05271864 -0.06058046 0.06429593
v -0.06932415 -0.07718600 0.07407951
v -0.07113833 -0.07569714 0.06429593
v -0.06932415 -0.07718600 0.06429593
v -0.05161231 -0.06265025 0.07407951
v -0.05093104 -0.06489609 0.06429593
v -0.05161231 -0.06265025 0.06429593
v -0.07113833 -0.07569714 0.07407951
v -0.07262720 -0.07388295 0.06429593
v -0.07113833 -0.07569714 0.06429593
v -0.05093104 -0.06489609 0.07407951
v -0.05070100 -0.06723169 0.06429593
v -0.05093104 -0.06489609 0.06429593
v -0.07262720 -0.07388295 0.07407951
v -0.07373352 -0.07181316 0.06429593
v -0.07262720 -0.07388295 0.06429593
v -0.05070100 -0.06723169 0.07407951
v -0.05093103 -0.06956730 0.06429593
v -0.05070100 -0.06723169 0.06429593
v -0.07373352 -0.07181316 0.07407951
v -0.07441479 -0.06956732 0.06429593
v -0.07373352 -0.07181316 0.06429593
v -0.05093103 -0.06956730 0.07407951
v -0.05161230 -0.07181315 0.06429593
v -0.05093103 -0.06956730 0.06429593
v -0.07441479 -0.06956732 0.07407951
v -0.07464483 -0.06723171 0.06429593
v -0.07441479 -0.06956732 0.06429593
v -0.05161230 -0.07181315 0.07407951
v -0.05271862 -0.07388294 0.06429593
v -0.05161230 -0.07181315 0.06429593
v -0.07464483 -0.06723171 0.07407951
v -0.07441480 -0.06489610 0.06429593
v -0.07464483 -0.06723171 0.06429593
v -0.05271862 -0.07388294 0.07407951
v -0.05420748 -0.07569712 0.06429593
v -0.05271862 -0.07388294 0.06429593
v -0.07441480 -0.06489610 0.07407951
v -0.07373352 -0.06265026 0.06429593
v -0.07441480 -0.06489610 0.06429593
v -0.05420748 -0.07569712 0.07407951
v -0.05602166 -0.07718598 0.06429593
v -0.05420748 -0.07569712 0.06429593
v -0.07373352 -0.06265026 0.07407951
v -0.07262720 -0.06058047 0.06429593
v -0.07373352 -0.06265026 0.06429593
v -0.05602166 -0.07718598 0.07407951
v -0.05809145 -0.07829231 0.06429593
v -0.05602166 -0.07718598 0.06429593
v -0.06267293 -0.05525980 0.07407951
v -0.06033733 -0.05548983 0.06429593
v -0.06267293 -0.05525980 0.06429593
v -0.07262720 -0.06058047 0.07407951
v -0.07113834 -0.05876629 0.06429593
v -0.07262720 -0.06058047 0.06429593
v -0.05809145 -0.07829231 0.07407951
v -0.06033730 -0.07897359 0.06429593
v -0.05809145 -0.07829231 0.06429593
v -0.06033733 -0.05548983 0.07407951
v -0.05809147 -0.05617110 0.06429593
v -0.06033733 -0.05548983 0.06429593
v -0.06134934 -0.06057766 -0.08153537
v -0.06007663 -0.06096373 -0.08153537
v -0.05890370 -0.06159068 -0.08153537
v -0.05787562 -0.06243440 -0.08153537
v -0.05703188 -0.06346249 -0.08153537
v -0.05640493 -0.06463542 -0.08153537
v -0.05601886 -0.06590813 -0.08153537
v -0.05588849 -0.06723170 -0.08153537
v -0.05601885 -0.06855528 -0.08153537
v -0.05640492 -0.06982799 -0.08153537
v -0.05703187 -0.07100093 -0.08153537
v -0.05787559 -0.07202902 -0.08153537
v -0.05890368 -0.07287275 -0.08153537
v -0.06007662 -0.07349970 -0.08153537
v -0.06134933 -0.07388578 -0.08153537
v -0.06267291 -0.07401614 -0.08153537
v -0.06399648 -0.07388577 -0.08153537
v -0.06526919 -0.07349970 -0.08153537
v -0.06644213 -0.07287276 -0.08153537
v -0.06747022 -0.07202903 -0.08153537
v -0.06831395 -0.07100094 -0.08153537
v -0.06894090 -0.06982801 -0.08153537
v -0.06932697 -0.06855529 -0.08153537
v -0.06945733 -0.06723172 -0.08153537
v -0.06932698 -0.06590815 -0.08153537
v -0.06894090 -0.06463543 -0.08153537
v -0.06831395 -0.06346250 -0.08153537
v -0.06747022 -0.06243441 -0.08153537
v -0.06644213 -0.06159067 -0.08153537
v -0.06526919 -0.06096373 -0.08153537
v -0.06134934 -0.06057766 -0.08153537
v -0.05787562 -0.06243440 -0.08153537
v -0.06007663 -0.06096373 -0.08153537
v -0.05890370 -0.06159068 -0.08153537
v -0.05703188 -0.06346249 -0.08153537
v -0.05640493 -0.06463542 -0.08153537
v -0.05601886 -0.06590813 -0.08153537
v -0.05588849 -0.06723170 -0.08153537
v -0.05601885 -0.06855528 -0.08153537
v -0.05640492 -0.06982799 -0.08153537
v -0.05703187 -0.07100093 -0.08153537
v -0.05787559 -0.07202902 -0.08153537
v -0.05890368 -0.07287275 -0.08153537
v -0.06007662 -0.07349970 -0.08153537
v -0.06134933 -0.07388578 -0.08153537
v -0.06267291 -0.07401614 -0.08153537
v -0.06399648 -0.07388577 -0.08153537
v -0.06526919 -0.07349970 -0.08153537
v -0.06644213 -0.07287276 -0.08153537
v -0.06831395 -0.07100094 -0.08153537
v -0.06894090 -0.06982801 -0.08153537
v -0.06932697 -0.06855529 -0.08153537
v -0.06932698 -0.06590815 -0.08153537
v -0.06894090 -0.06463543 -0.08153537
v -0.06831395 -0.06346250 -0.08153537
v -0.06747022 -0.06243441 -0.08153537
v -0.06644213 -0.06159067 -0.08153537
v -0.06526919 -0.06096373 -0.08153537
v -0.06399649 -0.06057765 -0.08153537
v -0.06399649 -0.06057765 -0.08153537
v -0.06267292 -0.06044730 -0.08153537
v -0.06932415 -0.05727743 0.07407951
v -0.05161230 -0.07181315 0.06429593
v -0.06932415 -0.07718600 0.06429593
v -0.06033730 -0.07897359 0.06429593
v -0.07441480 -0.06489610 0.06429593
v -0.05602169 -0.05727742 0.06429593
v -0.07262720 -0.07388295 0.06429593
v -0.06500852 -0.05548983 0.06429593
v -0.07262720 -0.06058047 0.06429593
v -0.06267293 -0.05525980 0.07407951
v -0.06932415 -0.05727743 0.07407951
v -0.06500852 -0.05548983 0.07407951
v -0.06725436 -0.05617110 0.07407951
v -0.07113834 -0.05876629 0.07407951
v -0.07441480 -0.06489610 0.07407951
v -0.07262720 -0.06058047 0.07407951
v -0.07373352 -0.06265026 0.07407951
v -0.07464483 -0.06723171 0.07407951
v -0.07441479 -0.06956732 0.07407951
v -0.07373352 -0.07181316 0.07407951
v -0.07262720 -0.07388295 0.07407951
v -0.07113833 -0.07569714 0.07407951
v -0.06932415 -0.07718600 0.07407951
v -0.06725436 -0.07829232 0.07407951
v -0.06267290 -0.07920363 0.07407951
v -0.06033730 -0.07897359 0.07407951
v -0.05809145 -0.07829231 0.07407951
v -0.05602166 -0.07718598 0.07407951
v -0.05420748 -0.07569712 0.07407951
v -0.05093103 -0.06956730 0.07407951
v -0.05271862 -0.07388294 0.07407951
v -0.05161230 -0.07181315 0.07407951
v -0.05070100 -0.06723169 0.07407951
v -0.05093104 -0.06489609 0.07407951
v -0.05161231 -0.06265025 0.07407951
v -0.05420750 -0.05876627 0.07407951
v -0.05602169 -0.05727742 0.07407951
v -0.05809147 -0.05617110 0.07407951
v -0.06267290 -0.07920363 0.07407951
v -0.05602169 -0.05727742 0.07407951
v -0.06725436 -0.05617110 0.07407951
v -0.06500850 -0.07897359 0.07407951
v -0.05420750 -0.05876627 0.07407951
v -0.06500852 -0.05548983 0.07407951
v -0.06725436 -0.07829232 0.07407951
v -0.05271864 -0.06058046 0.07407951
v -0.06267293 -0.05525980 0.07407951
v -0.06932415 -0.07718600 0.07407951
v -0.05161231 -0.06265025 0.07407951
v -0.07113833 -0.07569714 0.07407951
v -0.05093104 -0.06489609 0.07407951
v -0.07262720 -0.07388295 0.07407951
v -0.05070100 -0.06723169 0.07407951
v -0.07373352 -0.07181316 0.07407951
v -0.05093103 -0.06956730 0.07407951
v -0.07441479 -0.06956732 0.07407951
v -0.05161230 -0.07181315 0.07407951
v -0.07464483 -0.06723171 0.07407951
v -0.05271862 -0.07388294 0.07407951
v -0.07441480 -0.06489610 0.07407951
v -0.05420748 -0.07569712 0.07407951
v -0.07373352 -0.06265026 0.07407951
v -0.05602166 -0.07718598 0.07407951
v -0.07262720 -0.06058047 0.07407951
v -0.05809145 -0.07829231 0.07407951
v -0.06033733 -0.05548983 0.07407951
v -0.07113834 -0.05876629 0.07407951
v -0.06033730 -0.07897359 0.07407951
v -0.05809147 -0.05617110 0.07407951
vn 0.09801814 0.99518463 -0.00000007
vn 0.09801424 0.99518501 -0.00000004
vn 0.09801816 0.99518463 -0.00000007
vn 0.29028376 0.95694061 -0.00000003
vn 0.29028556 0.95694007 -0.00000005
vn 0.29028375 0.95694062 -0.00000003
vn 0.47139351 0.88192299 -0.00000005
vn 0.47139636 0.88192147 -0.00000008
vn 0.47139350 0.88192300 -0.00000005
vn 0.63439505 0.77300900 -0.00000007
vn 0.63439505 0.77300900 -0.00000007
vn 0.63439505 0.77300900 -0.00000007
vn 0.77300893 0.63439513 -0.00000006
vn 0.77300735 0.63439707 -0.00000003
vn 0.77300894 0.63439512 -0.00000006
vn 0.88192067 0.47139785 -0.00000002
vn 0.88192111 0.47139703 -0.00000003
vn 0.88192067 0.47139785 -0.00000002
vn 0.95693978 0.29028650 -0.00000002
vn 0.95693942 0.29028771 -0.00000001
vn 0.95693979 0.29028649 -0.00000002
vn 0.99518428 0.09802163 -0.00000000
vn 0.99518430 0.09802151 -0.00000000
vn 0.99518428 0.09802163 -0.00000000
vn 0.99518501 -0.09801422 0.00000000
vn 0.99518501 -0.09801422 0.00000000
vn 0.99518501 -0.09801422 0.00000000
vn 0.95694012 -0.29028538 0.00000001
vn 0.95694006 -0.29028557 0.00000001
vn 0.95694012 -0.29028538 0.00000001
vn 0.88192143 -0.47139642 0.00000002
vn 0.88192228 -0.47139485 0.00000003
vn 0.88192143 -0.47139643 0.00000002
vn 0.77301289 -0.63439031 0.00000004
vn 0.77301210 -0.63439128 0.00000003
vn 0.77301290 -0.63439030 0.00000004
vn 0.63439367 -0.77301014 0.00000004
vn 0.63439249 -0.77301110 0.00000003
vn 0.63439368 -0.77301013 0.00000004
vn 0.47139706 -0.88192109 0.00000003
vn 0.47140319 -0.88191782 0.00000009
vn 0.47139703 -0.88192111 0.00000003
vn 0.29029066 -0.95693852 0.00000010
vn 0.29028370 -0.95694063 0.00000004
vn 0.29029070 -0.95693851 0.00000010
vn 0.09801579 -0.99518486 0.00000004
vn 0.09801969 -0.99518448 0.00000007
vn 0.09801577 -0.99518486 0.00000004
vn -0.09801997 -0.99518445 0.00000007
vn -0.09802220 -0.99518423 0.00000005
vn -0.09801996 -0.99518445 0.00000007
vn -0.29028623 -0.95693987 0.00000005
vn -0.29028623 -0.95693987 0.00000005
vn -0.29028623 -0.95693987 0.00000005
vn -0.47139327 -0.88192312 0.00000005
vn -0.47139021 -0.88192476 0.00000008
vn -0.47139329 -0.88192311 0.00000005
vn -0.63439346 -0.77301031 0.00000007
vn -0.63439582 -0.77300838 0.00000004
vn -0.63439345 -0.77301032 0.00000007
vn -0.77300919 -0.63439482 0.00000003
vn -0.77300999 -0.63439385 0.00000002
vn -0.77300919 -0.63439482 0.00000003
vn -0.88192072 -0.47139775 0.00000002
vn -0.88192028 -0.47139857 0.00000002
vn -0.88192072 -0.47139775 0.00000002
vn -0.95694017 -0.29028524 0.00000002
vn -0.95694025 -0.29028495 0.00000001
vn -0.95694016 -0.29028524 0.00000002
vn -0.99518447 -0.09801971 0.00000000
vn -0.99518447 -0.09801971 0.00000000
vn -0.99518447 -0.09801971 0.00000000
vn -0.99518500 0.09801432 -0.00000000
vn -0.99518502 0.09801421 -0.00000000
vn -0.99518500 0.09801432 -0.00000000
vn -0.95693964 0.29028698 -0.00000001
vn -0.95693960 0.29028710 -0.00000001
vn -0.95693964 0.29028698 -0.00000001
vn -0.88192230 0.47139479 -0.00000002
vn -0.88192102 0.47139719 -0.00000004
vn -0.88192231 0.47139478 -0.00000002
vn -0.77301098 0.63439264 -0.00000006
vn -0.77301098 0.63439264 -0.00000006
vn -0.77301098 0.63439264 -0.00000006
vn -0.63439069 0.77301258 -0.00000007
vn -0.63439422 0.77300968 -0.00000003
vn -0.63439067 0.77301260 -0.00000007
vn -0.47139621 0.88192155 -0.00000003
vn -0.47139621 0.88192155 -0.00000003
vn -0.47139621 0.88192155 -0.00000003
vn 0.00000000 0.00000000 -1.00000000
vn 0.00000000 0.00000000 -1.00000000
vn 0.00000000 0.00000000 -1.00000000
vn -0.29028678 0.95693970 -0.00000003
vn -0.29028653 0.95693977 -0.00000003
vn -0.29028679 0.95693970 -0.00000003
vn -0.09801618 0.99518482 -0.00000004
vn -0.09801228 0.99518521 -0.00000007
vn -0.09801620 0.99518482 -0.00000004
vn 0.00000000 0.00000000 -1.00000000
vn 0.00000000 0.00000000 -1.00000000
vn 0.00000000 0.00000000 -1.00000000
vn -0.63439371 0.77301010 0.00000000
vn -0.63439371 0.77301010 0.00000000
vn -0.63439371 0.77301010 0.00000000
vn 0.00000000 0.00000000 -1.00000000
vn 0.00000000 0.00000000 -1.00000000
vn 0.00000000 0.00000000 -1.00000000
vn 0.00000000 0.00000000 -1.00000000
vn 0.00000000 0.00000000 -1.00000000
vn 0.00000000 0.00000000 -1.00000000
vn 0.00000000 0.00000000 -1.00000000
vn 0.00000000 0.00000000 -1.00000000
vn 0.00000000 0.00000000 -1.00000000
vn 0.00000000 0.00000000 -1.00000000
vn 0.00000000 0.00000000 -1.00000000
vn 0.00000000 0.00000000 -1.00000000
vn 0.00000000 0.00000000 -1.00000000
vn 0.00000000 0.00000000 -1.00000000
vn 0.00000000 0.00000000 -1.00000000
vn 0.00000000 0.00000000 -1.00000000
vn 0.00000000 0.00000000 -1.00000000
vn 0.00000000 0.00000000 -1.00000000
vn 0.00000000 0.00000000 -1.00000000
vn 0.00000000 0.00000000 -1.00000000
vn 0.00000000 0.00000000 -1.00000000
vn 0.00000000 0.00000000 -1.00000000
vn 0.00000000 0.00000000 -1.00000000
vn 0.00000000 0.00000000 -1.00000000
vn 0.00000000 0.00000000 -1.00000000
vn 0.00000000 0.00000000 -1.00000000
vn 0.00000000 0.00000000 -1.00000000
vn 0.00000000 0.00000000 -1.00000000
vn 0.00000000 0.00000000 -1.00000000
vn 0.00000000 0.00000000 -1.00000000
vn 0.00000000 0.00000000 -1.00000000
vn 0.00000000 0.00000000 -1.00000000
vn 0.00000000 0.00000000 -1.00000000
vn 0.00000000 0.00000000 -1.00000000
vn 0.00000000 0.00000000 -1.00000000
vn 0.00000000 0.00000000 -1.00000000
vn 0.00000000 0.00000000 -1.00000000
vn 0.00000000 0.00000000 -1.00000000
vn 0.00000000 0.00000000 -1.00000000
vn 0.00000000 0.00000000 -1.00000000
vn 0.00000000 0.00000000 -1.00000000
vn 0.00000000 0.00000000 -1.00000000
vn 0.00000000 0.00000000 -1.00000000
vn 0.00000000 0.00000000 -1.00000000
vn 0.00000000 0.00000000 -1.00000000
vn 0.00000000 0.00000000 -1.00000000
vn 0.00000000 0.00000000 -1.00000000
vn 0.00000000 0.00000000 -1.00000000
vn 0.00000000 0.00000000 -1.00000000
vn 0.00000000 0.00000000 -1.00000000
vn 0.00000000 0.00000000 -1.00000000
vn 0.00000000 0.00000000 -1.00000000
vn 0.00000000 0.00000000 -1.00000000
vn 0.00000000 0.00000000 1.00000000
vn 0.00000000 0.00000000 1.00000000
vn 0.00000000 0.00000000 1.00000000
vn 0.09801807 -0.99518464 0.00000000
vn 0.09801807 -0.99518464 0.00000000
vn 0.09801807 -0.99518464 0.00000000
vn 0.47139445 0.88192249 0.00000000
vn 0.47139445 0.88192249 0.00000000
vn 0.47139445 0.88192249 0.00000000
vn -0.47139787 0.88192066 0.00000000
vn -0.47139787 0.88192066 0.00000000
vn -0.47139787 0.88192066 0.00000000
vn -0.09801901 -0.99518454 0.00000000
vn -0.09801901 -0.99518454 0.00000000
vn -0.09801901 -0.99518454 0.00000000
vn 0.63439149 0.77301192 0.00000000
vn 0.63439149 0.77301192 0.00000000
vn 0.63439149 0.77301192 0.00000000
vn -0.29028517 0.95694019 0.00000000
vn -0.29028517 0.95694019 0.00000000
vn -0.29028517 0.95694019 0.00000000
vn -0.29028255 -0.95694098 0.00000000
vn -0.29028255 -0.95694098 0.00000000
vn -0.29028255 -0.95694098 0.00000000
vn 0.77301113 0.63439246 0.00000000
vn 0.77301113 0.63439246 0.00000000
vn 0.77301113 0.63439246 0.00000000
vn -0.09801563 0.99518488 0.00000000
vn -0.09801563 0.99518488 0.00000000
vn -0.09801563 0.99518488 0.00000000
vn -0.47139539 -0.88192198 0.00000000
vn -0.47139539 -0.88192198 0.00000000
vn -0.47139539 -0.88192198 0.00000000
vn 0.88192125 0.47139676 0.00000000
vn 0.88192125 0.47139676 0.00000000
vn 0.88192125 0.47139676 0.00000000
vn -0.63439358 -0.77301021 0.00000000
vn -0.63439358 -0.77301021 0.00000000
vn -0.63439358 -0.77301021 0.00000000
vn 0.95693941 0.29028771 0.00000000
vn 0.95693941 0.29028771 0.00000000
vn 0.95693941 0.29028771 0.00000000
vn -0.77300916 -0.63439487 0.00000000
vn -0.77300916 -0.63439487 0.00000000
vn -0.77300916 -0.63439487 0.00000000
vn 0.99518470 0.09801737 0.00000000
vn 0.99518470 0.09801737 0.00000000
vn 0.99518470 0.09801737 0.00000000
vn -0.88192256 -0.47139432 0.00000000
vn -0.88192256 -0.47139432 0.00000000
vn -0.88192256 -0.47139432 0.00000000
vn 0.99518510 -0.09801332 0.00000000
vn 0.99518510 -0.09801332 0.00000000
vn 0.99518510 -0.09801332 0.00000000
vn -0.95693996 -0.29028592 0.00000000
vn -0.95693996 -0.29028592 0.00000000
vn -0.95693996 -0.29028592 0.00000000
vn 0.95694068 -0.29028354 0.00000000
vn 0.95694068 -0.29028354 0.00000000
vn 0.95694068 -0.29028354 0.00000000
vn -0.99518442 -0.09802030 0.00000000
vn -0.99518442 -0.09802030 0.00000000
vn -0.99518442 -0.09802030 0.00000000
vn 0.88192114 -0.47139696 0.00000000
vn 0.88192114 -0.47139696 0.00000000
vn 0.88192114 -0.47139696 0.00000000
vn -0.99518479 0.09801652 0.00000000
vn -0.99518479 0.09801652 0.00000000
vn -0.99518479 0.09801652 0.00000000
vn 0.77301034 -0.63439342 0.00000000
vn 0.77301034 -0.63439342 0.00000000
vn 0.77301034 -0.63439342 0.00000000
vn -0.95693983 0.29028634 0.00000000
vn -0.95693983 0.29028634 0.00000000
vn -0.95693983 0.29028634 0.00000000
vn 0.63439452 -0.77300944 0.00000000
vn 0.63439452 -0.77300944 0.00000000
vn 0.63439452 -0.77300944 0.00000000
vn -0.88192105 0.47139715 0.00000000
vn -0.88192105 0.47139715 0.00000000
vn -0.88192105 0.47139715 0.00000000
vn 0.47139887 -0.88192012 0.00000000
vn 0.47139887 -0.88192012 0.00000000
vn 0.47139887 -0.88192012 0.00000000
vn 0.09801582 0.99518486 0.00000000
vn 0.09801582 0.99518486 0.00000000
vn 0.09801582 0.99518486 0.00000000
vn -0.77300955 0.63439439 0.00000000
vn -0.77300955 0.63439439 0.00000000
vn -0.77300955 0.63439439 0.00000000
vn 0.29028694 -0.95693965 0.00000000
vn 0.29028694 -0.95693965 0.00000000
vn 0.29028694 -0.95693965 0.00000000
vn 0.29028369 0.95694064 0.00000000
vn 0.29028369 0.95694064 0.00000000
vn 0.29028369 0.95694064 0.00000000
vn 0.09801422 0.99518501 -0.00000004
vn 0.29028557 0.95694006 -0.00000005
vn 0.47139637 0.88192146 -0.00000008
vn 0.63439505 0.77300900 -0.00000007
vn 0.77300734 0.63439708 -0.00000003
vn 0.88192111 0.47139703 -0.00000003
vn 0.95693941 0.29028772 -0.00000001
vn 0.99518430 0.09802151 -0.00000000
vn 0.99518501 -0.09801422 0.00000000
vn 0.95694006 -0.29028557 0.00000001
vn 0.88192228 -0.47139484 0.00000003
vn 0.77301210 -0.63439128 0.00000003
vn 0.63439249 -0.77301111 0.00000003
vn 0.47140322 -0.88191780 0.00000009
vn 0.29028366 -0.95694064 0.00000003
vn 0.09801971 -0.99518447 0.00000007
vn -0.09802221 -0.99518423 0.00000005
vn -0.29028623 -0.95693987 0.00000005
vn -0.47139019 -0.88192476 0.00000008
vn -0.63439583 -0.77300836 0.00000004
vn -0.77300999 -0.63439385 0.00000002
vn -0.88192028 -0.47139858 0.00000002
vn -0.95694025 -0.29028494 0.00000001
vn -0.99518447 -0.09801971 0.00000000
vn -0.99518502 0.09801421 -0.00000000
vn -0.95693960 0.29028710 -0.00000001
vn -0.88192102 0.47139720 -0.00000004
vn -0.77301098 0.63439264 -0.00000006
vn -0.63439424 0.77300967 -0.00000003
vn -0.47139621 0.88192155 -0.00000003
vn 0.00000000 0.00000000 -1.00000000
vn 0.00000000 0.00000000 -1.00000000
vn 0.00000000 0.00000000 -1.00000000
vn 0.00000000 0.00000000 -1.00000000
vn 0.00000000 0.00000000 -1.00000000
vn 0.00000000 0.00000000 -1.00000000
vn 0.00000000 0.00000000 -1.00000000
vn 0.00000000 0.00000000 -1.00000000
vn 0.00000000 0.00000000 -1.00000000
vn 0.00000000 0.00000000 -1.00000000
vn 0.00000000 0.00000000 -1.00000000
vn 0.00000000 0.00000000 -1.00000000
vn 0.00000000 0.00000000 -1.00000000
vn 0.00000000 0.00000000 -1.00000000
vn 0.00000000 0.00000000 -1.00000000
vn 0.00000000 0.00000000 -1.00000000
vn 0.00000000 0.00000000 -1.00000000
vn 0.00000000 0.00000000 -1.00000000
vn 0.00000000 0.00000000 -1.00000000
vn 0.00000000 0.00000000 -1.00000000
vn 0.00000000 0.00000000 -1.00000000
vn 0.00000000 0.00000000 -1.00000000
vn 0.00000000 0.00000000 -1.00000000
vn 0.00000000 0.00000000 -1.00000000
vn 0.00000000 0.00000000 -1.00000000
vn 0.00000000 0.00000000 -1.00000000
vn 0.00000000 0.00000000 -1.00000000
vn 0.00000000 0.00000000 -1.00000000
vn 0.00000000 0.00000000 -1.00000000
vn -0.29028653 0.95693977 -0.00000003
vn -0.09801226 0.99518521 -0.00000007
vn -0.63439371 0.77301010 0.00000000
vn 0.00000000 0.00000000 -1.00000000
vn 0.00000000 0.00000000 -1.00000000
vn 0.00000000 0.00000000 -1.00000000
vn 0.00000000 0.00000000 -1.00000000
vn 0.00000000 0.00000000 -1.00000000
vn 0.00000000 0.00000000 -1.00000000
vn 0.00000000 0.00000000 -1.00000000
vn 0.00000000 0.00000000 -1.00000000
vn 0.00000000 0.00000000 1.00000000
vn 0.00000000 0.00000000 1.00000000
vn 0.00000000 0.00000000 1.00000000
vn 0.00000000 0.00000000 1.00000000
vn 0.00000000 0.00000000 1.00000000
vn 0.00000000 0.00000000 1.00000000
vn 0.00000000 0.00000000 1.00000000
vn 0.00000000 0.00000000 1.00000000
vn 0.00000000 0.00000000 1.00000000
vn 0.00000000 0.00000000 1.00000000
vn 0.00000000 0.00000000 1.00000000
vn 0.00000000 0.00000000 1.00000000
vn 0.00000000 0.00000000 1.00000000
vn 0.00000000 0.00000000 1.00000000
vn 0.00000000 0.00000000 1.00000000
vn 0.00000000 0.00000000 1.00000000
vn 0.00000000 0.00000000 1.00000000
vn 0.00000000 0.00000000 1.00000000
vn 0.00000000 0.00000000 1.00000000
vn 0.00000000 0.00000000 1.00000000
vn 0.00000000 0.00000000 1.00000000
vn 0.00000000 0.00000000 1.00000000
vn 0.00000000 0.00000000 1.00000000
vn 0.00000000 0.00000000 1.00000000
vn 0.00000000 0.00000000 1.00000000
vn 0.00000000 0.00000000 1.00000000
vn 0.00000000 0.00000000 1.00000000
vn 0.00000000 0.00000000 1.00000000
vn 0.00000000 0.00000000 1.00000000
vn 0.09801807 -0.99518464 0.00000000
vn 0.47139445 0.88192249 0.00000000
vn -0.47139787 0.88192066 0.00000000
vn -0.09801901 -0.99518454 0.00000000
vn 0.63439149 0.77301192 0.00000000
vn -0.29028517 0.95694019 0.00000000
vn -0.29028255 -0.95694098 0.00000000
vn 0.77301113 0.63439246 0.00000000
vn -0.09801563 0.99518488 0.00000000
vn -0.47139539 -0.88192198 0.00000000
vn 0.88192125 0.47139676 0.00000000
vn -0.63439358 -0.77301021 0.00000000
vn 0.95693941 0.29028771 0.00000000
vn -0.77300916 -0.63439487 0.00000000
vn 0.99518470 0.09801737 0.00000000
vn -0.88192256 -0.47139432 0.00000000
vn 0.99518510 -0.09801332 0.00000000
vn -0.95693996 -0.29028592 0.00000000
vn 0.95694068 -0.29028354 0.00000000
vn -0.99518442 -0.09802030 0.00000000
vn 0.88192114 -0.47139696 0.00000000
vn -0.99518479 0.09801652 0.00000000
vn 0.77301034 -0.63439342 0.00000000
vn -0.95693983 0.29028634 0.00000000
vn 0.63439452 -0.77300944 0.00000000
vn -0.88192105 0.47139715 0.00000000
vn 0.47139887 -0.88192012 0.00000000
vn 0.09801582 0.99518486 0.00000000
vn -0.77300955 0.63439439 0.00000000
vn 0.29028694 -0.95693965 0.00000000
vn 0.29028369 0.95694064 0.00000000
vt 0.00000000 0.00000000
vt 0.00000000 0.00000000
vt 0.00000000 0.00000000
vt 0.00000000 0.00000000
vt 0.00000000 0.00000000
vt 0.00000000 0.00000000
vt 0.00000000 0.00000000
vt 0.00000000 0.00000000
vt 0.00000000 0.00000000
vt 0.00000000 0.00000000
vt 0.00000000 0.00000000
vt 0.00000000 0.00000000
vt 0.00000000 0.00000000
vt 0.00000000 0.00000000
vt 0.00000000 0.00000000
vt 0.00000000 0.00000000
vt 0.00000000 0.00000000
vt 0.00000000 0.00000000
vt 0.00000000 0.00000000
vt 0.00000000 0.00000000
vt 0.00000000 0.00000000
vt 0.00000000 0.00000000
vt 0.00000000 0.00000000
vt 0.00000000 0.00000000
vt 0.00000000 0.00000000
vt 0.00000000 0.00000000
vt 0.00000000 0.00000000
vt 0.00000000 0.00000000
vt 0.00000000 0.00000000
vt 0.00000000 0.00000000
vt 0.00000000 0.00000000
vt 0.00000000 0.00000000
vt 0.00000000 0.00000000
vt 0.00000000 0.00000000
vt 0.00000000 0.00000000
vt 0.00000000 0.00000000
vt 0.00000000 0.00000000
vt 0.00000000 0.00000000
vt 0.00000000 0.00000000
vt 0.00000000 0.00000000
vt 0.00000000 0.00000000
vt 0.00000000 0.00000000
vt 0.00000000 0.00000000
vt 0.00000000 0.00000000
vt 0.00000000 0.00000000
vt 0.00000000 0.00000000
vt 0.00000000 0.00000000
vt 0.00000000 0.00000000
vt 0.00000000 0.00000000
vt 0.00000000 0.00000000
vt 0.00000000 0.00000000
vt 0.00000000 0.00000000
vt 0.00000000 0.00000000
vt 0.00000000 0.00000000
vt 0.00000000 0.00000000
vt 0.00000000 0.00000000
vt 0.00000000 0.00000000
vt 0.00000000 0.00000000
vt 0.00000000 0.00000000
vt 0.00000000 0.00000000
vt 0.00000000 0.00000000
vt 0.00000000 0.00000000
vt 0.00000000 0.00000000
vt 0.00000000 0.00000000
vt 0.00000000 0.00000000
vt 0.00000000 0.00000000
vt 0.00000000 0.00000000
vt 0.00000000 0.00000000
vt 0.00000000 0.00000000
vt 0.00000000 0.00000000
vt 0.00000000 0.00000000
vt 0.00000000 0.00000000
vt 0.00000000 0.00000000
vt 0.00000000 0.00000000
vt 0.00000000 0.00000000
vt 0.00000000 0.00000000
vt 0.00000000 0.00000000
vt 0.00000000 0.00000000
vt 0.00000000 0.00000000
vt 0.00000000 0.00000000
vt 0.00000000 0.00000000
vt 0.00000000 0.00000000
vt 0.00000000 0.00000000
vt 0.00000000 0.00000000
vt 0.00000000 0.00000000
vt 0.00000000 0.00000000
vt 0.00000000 0.00000000
vt 0.00000000 0.00000000
vt 0.00000000 0.00000000
vt 0.00000000 0.00000000
vt 0.00000000 0.00000000
vt 0.00000000 0.00000000
vt 0.00000000 0.00000000
vt 0.00000000 0.00000000
vt 0.00000000 0.00000000
vt 0.00000000 0.00000000
vt 0.00000000 0.00000000
vt 0.00000000 0.00000000
vt 0.00000000 0.00000000
vt 0.00000000 0.00000000
vt 0.00000000 0.00000000
vt 0.00000000 0.00000000
vt 0.00000000 0.00000000
vt 0.00000000 0.00000000
vt 0.00000000 0.00000000
vt 0.00000000 0.00000000
vt 0.00000000 0.00000000
vt 0.00000000 0.00000000
vt 0.00000000 0.00000000
vt 0.00000000 0.00000000
vt 0.00000000 0.00000000
vt 0.00000000 0.00000000
vt 0.00000000 0.00000000
vt 0.00000000 0.00000000
vt 0.00000000 0.00000000
vt 0.00000000 0.00000000
vt 0.00000000 0.00000000
vt 0.00000000 0.00000000
vt 0.00000000 0.00000000
vt 0.00000000 0.00000000
vt 0.00000000 0.00000000
vt 0.00000000 0.00000000
vt 0.00000000 0.00000000
vt 0.00000000 0.00000000
vt 0.00000000 0.00000000
vt 0.00000000 0.00000000
vt 0.00000000 0.00000000
vt 0.00000000 0.00000000
vt 0.00000000 0.00000000
vt 0.00000000 0.00000000
vt 0.00000000 0.00000000
vt 0.00000000 0.00000000
vt 0.00000000 0.00000000
vt 0.00000000 0.00000000
vt 0.00000000 0.00000000
vt 0.00000000 0.00000000
vt 0.00000000 0.00000000
vt 0.00000000 0.00000000
vt 0.00000000 0.00000000
vt 0.00000000 0.00000000
vt 0.00000000 0.00000000
vt 0.00000000 0.00000000
vt 0.00000000 0.00000000
vt 0.00000000 0.00000000
vt 0.00000000 0.00000000
vt 0.00000000 0.00000000
vt 0.00000000 0.00000000
vt 0.00000000 0.00000000
vt 0.00000000 0.00000000
vt 0.00000000 0.00000000
vt 0.00000000 0.00000000
vt 0.00000000 0.00000000
vt 0.00000000 0.00000000
vt 0.00000000 0.00000000
vt 0.00000000 0.00000000
vt 0.00000000 0.00000000
vt 0.00000000 0.00000000
vt 0.00000000 0.00000000
vt 0.00000000 0.00000000
vt 0.00000000 0.00000000
vt 0.00000000 0.00000000
vt 0.00000000 0.00000000
vt 0.00000000 0.00000000
vt 0.00000000 0.00000000
vt 0.00000000 0.00000000
vt 0.00000000 0.00000000
vt 0.00000000 0.00000000
vt 0.00000000 0.00000000
vt 0.00000000 0.00000000
vt 0.00000000 0.00000000
vt 0.00000000 0.00000000
vt 0.00000000 0.00000000
vt 0.00000000 0.00000000
vt 0.00000000 0.00000000
vt 0.00000000 0.00000000
vt 0.00000000 0.00000000
vt 0.00000000 0.00000000
vt 0.00000000 0.00000000
vt 0.00000000 0.00000000
vt 0.00000000 0.00000000
vt 0.00000000 0.00000000
vt 0.00000000 0.00000000
vt 0.00000000 0.00000000
vt 0.00000000 0.00000000
vt 0.00000000 0.00000000
vt 0.00000000 0.00000000
vt 0.00000000 0.00000000
vt 0.00000000 0.00000000
vt 0.00000000 0.00000000
vt 0.00000000 0.00000000
vt 0.00000000 0.00000000
vt 0.00000000 0.00000000
vt 0.00000000 0.00000000
vt 0.00000000 0.00000000
vt 0.00000000 0.00000000
vt 0.00000000 0.00000000
vt 0.00000000 0.00000000
vt 0.00000000 0.00000000
vt 0.00000000 0.00000000
vt 0.00000000 0.00000000
vt 0.00000000 0.00000000
vt 0.00000000 0.00000000
vt 0.00000000 0.00000000
vt 0.00000000 0.00000000
vt 0.00000000 0.00000000
vt 0.00000000 0.00000000
vt 0.00000000 0.00000000
vt 0.00000000 0.00000000
vt 0.00000000 0.00000000
vt 0.00000000 0.00000000
vt 0.00000000 0.00000000
vt 0.00000000 0.00000000
vt 0.00000000 0.00000000
vt 0.00000000 0.00000000
vt 0.00000000 0.00000000
vt 0.00000000 0.00000000
vt 0.00000000 0.00000000
vt 0.00000000 0.00000000
vt 0.00000000 0.00000000
vt 0.00000000 0.00000000
vt 0.00000000 0.00000000
vt 0.00000000 0.00000000
vt 0.00000000 0.00000000
vt 0.00000000 0.00000000
vt 0.00000000 0.00000000
vt 0.00000000 0.00000000
vt 0.00000000 0.00000000
vt 0.00000000 0.00000000
vt 0.00000000 0.00000000
vt 0.00000000 0.00000000
vt 0.00000000 0.00000000
vt 0.00000000 0.00000000
vt 0.00000000 0.00000000
vt 0.00000000 0.00000000
vt 0.00000000 0.00000000
vt 0.00000000 0.00000000
vt 0.00000000 0.00000000
vt 0.00000000 0.00000000
vt 0.00000000 0.00000000
vt 0.00000000 0.00000000
vt 0.00000000 0.00000000
vt 0.00000000 0.00000000
vt 0.00000000 0.00000000
vt 0.00000000 0.00000000
vt 0.00000000 0.00000000
vt 0.00000000 0.00000000
vt 0.00000000 0.00000000
vt 0.00000000 0.00000000
vt 0.00000000 0.00000000
vt 0.00000000 0.00000000
vt 0.00000000 0.00000000
vt 0.00000000 0.00000000
vt 0.00000000 0.00000000
vt 0.00000000 0.00000000
vt 0.00000000 0.00000000
vt 0.00000000 0.00000000
vt 0.00000000 0.00000000
vt 0.00000000 0.00000000
vt 0.00000000 0.00000000
vt 0.00000000 0.00000000
vt 0.00000000 0.00000000
vt 0.00000000 0.00000000
vt 0.00000000 0.00000000
vt 0.00000000 0.00000000
vt 0.00000000 0.00000000
vt 0.00000000 0.00000000
vt 0.00000000 0.00000000
vt 0.00000000 0.00000000
vt 0.00000000 0.00000000
vt 0.00000000 0.00000000
vt 0.00000000 0.00000000
vt 0.00000000 0.00000000
vt 0.00000000 0.00000000
vt 0.00000000 0.00000000
vt 0.00000000 0.00000000
vt 0.00000000 0.00000000
vt 0.00000000 0.00000000
vt 0.00000000 0.00000000
vt 0.00000000 0.00000000
vt 0.00000000 0.00000000
vt 0.00000000 0.00000000
vt 0.00000000 0.00000000
vt 0.00000000 0.00000000
vt 0.00000000 0.00000000
vt 0.00000000 0.00000000
vt 0.00000000 0.00000000
vt 0.00000000 0.00000000
vt 0.00000000 0.00000000
vt 0.00000000 0.00000000
vt 0.00000000 0.00000000
vt 0.00000000 0.00000000
vt 0.00000000 0.00000000
vt 0.00000000 0.00000000
vt 0.00000000 0.00000000
vt 0.00000000 0.00000000
vt 0.00000000 0.00000000
vt 0.00000000 0.00000000
vt 0.00000000 0.00000000
vt 0.00000000 0.00000000
vt 0.00000000 0.00000000
vt 0.00000000 0.00000000
vt 0.00000000 0.00000000
vt 0.00000000 0.00000000
vt 0.00000000 0.00000000
vt 0.00000000 0.00000000
vt 0.00000000 0.00000000
vt 0.00000000 0.00000000
vt 0.00000000 0.00000000
vt 0.00000000 0.00000000
vt 0.00000000 0.00000000
vt 0.00000000 0.00000000
vt 0.00000000 0.00000000
vt 0.00000000 0.00000000
vt 0.00000000 0.00000000
vt 0.00000000 0.00000000
vt 0.00000000 0.00000000
vt 0.00000000 0.00000000
vt 0.00000000 0.00000000
vt 0.00000000 0.00000000
vt 0.00000000 0.00000000
vt 0.00000000 0.00000000
vt 0.00000000 0.00000000
vt 0.00000000 0.00000000
vt 0.00000000 0.00000000
vt 0.00000000 0.00000000
vt 0.00000000 0.00000000
vt 0.00000000 0.00000000
vt 0.00000000 0.00000000
vt 0.00000000 0.00000000
vt 0.00000000 0.00000000
vt 0.00000000 0.00000000
vt 0.00000000 0.00000000
vt 0.00000000 0.00000000
vt 0.00000000 0.00000000
vt 0.00000000 0.00000000
vt 0.00000000 0.00000000
vt 0.00000000 0.00000000
vt 0.00000000 0.00000000
vt 0.00000000 0.00000000
vt 0.00000000 0.00000000
vt 0.00000000 0.00000000
vt 0.00000000 0.00000000
vt 0.00000000 0.00000000
vt 0.00000000 0.00000000
vt 0.00000000 0.00000000
vt 0.00000000 0.00000000
vt 0.00000000 0.00000000
vt 0.00000000 0.00000000
vt 0.00000000 0.00000000
vt 0.00000000 0.00000000
vt 0.00000000 0.00000000
vt 0.00000000 0.00000000
vt 0.00000000 0.00000000
vt 0.00000000 0.00000000
vt 0.00000000 0.00000000
vt 0.00000000 0.00000000
vt 0.00000000 0.00000000
vt 0.00000000 0.00000000
vt 0.00000000 0.00000000
vt 0.00000000 0.00000000
vt 0.00000000 0.00000000
vt 0.00000000 0.00000000
vt 0.00000000 0.00000000
vt 0.00000000 0.00000000
vt 0.00000000 0.00000000
vt 0.00000000 0.00000000
vt 0.00000000 0.00000000
vt 0.00000000 0.00000000
vt 0.00000000 0.00000000
vt 0.00000000 0.00000000
vt 0.00000000 0.00000000
vt 0.00000000 0.00000000
vt 0.00000000 0.00000000
vt 0.00000000 0.00000000
vt 0.00000000 0.00000000
vt 0.00000000 0.00000000
vt 0.00000000 0.00000000
vt 0.00000000 0.00000000
vt 0.00000000 0.00000000
vt 0.00000000 0.00000000
vt 0.00000000 0.00000000
vt 0.00000000 0.00000000
vt 0.00000000 0.00000000
vt 0.00000000 0.00000000
f 2541/2541/2541 2542/2542/2542 2543/2543/2543
f 2544/2544/2544 2545/2545/2545 2546/2546/2546
f 2547/2547/2547 2548/2548/2548 2549/2549/2549
f 2550/2550/2550 2551/2551/2551 2552/2552/2552
f 2553/2553/2553 2554/2554/2554 2555/2555/2555
f 2556/2556/2556 2557/2557/2557 2558/2558/2558
f 2559/2559/2559 2560/2560/2560 2561/2561/2561
f 2562/2562/2562 2563/2563/2563 2564/2564/2564
f 2565/2565/2565 2566/2566/2566 2567/2567/2567
f 2568/2568/2568 2569/2569/2569 2570/2570/2570
f 2571/2571/2571 2572/2572/2572 2573/2573/2573
f 2574/2574/2574 2575/2575/2575 2576/2576/2576
f 2577/2577/2577 2578/2578/2578 2579/2579/2579
f 2580/2580/2580 2581/2581/2581 2582/2582/2582
f 2583/2583/2583 2584/2584/2584 2585/2585/2585
f 2586/2586/2586 2587/2587/2587 2588/2588/2588
f 2589/2589/2589 2590/2590/2590 2591/2591/2591
f 2592/2592/2592 2593/2593/2593 2594/2594/2594
f 2595/2595/2595 2596/2596/2596 2597/2597/2597
f 2598/2598/2598 2599/2599/2599 2600/2600/2600
f 2601/2601/2601 2602/2602/2602 2603/2603/2603
f 2604/2604/2604 2605/2605/2605 2606/2606/2606
f 2607/2607/2607 2608/2608/2608 2609/2609/2609
f 2610/2610/2610 2611/2611/2611 2612/2612/2612
f 2613/2613/2613 2614/2614/2614 2615/2615/2615
f 2616/2616/2616 2617/2617/2617 2618/2618/2618
f 2619/2619/2619 2620/2620/2620 2621/2621/2621
f 2622/2622/2622 2623/2623/2623 2624/2624/2624
f 2625/2625/2625 2626/2626/2626 2627/2627/2627
f 2628/2628/2628 2629/2629/2629 2630/2630/2630
f 2631/2631/2631 2632/2632/2632 2633/2633/2633
f 2634/2634/2634 2635/2635/2635 2636/2636/2636
f 2637/2637/2637 2638/2638/2638 2639/2639/2639
f 2640/2640/2640 2641/2641/2641 2642/2642/2642
f 2643/2643/2643 2644/2644/2644 2645/2645/2645
f 2646/2646/2646 2647/2647/2647 2648/2648/2648
f 2649/2649/2649 2650/2650/2650 2651/2651/2651
f 2652/2652/2652 2653/2653/2653 2654/2654/2654
f 2655/2655/2655 2656/2656/2656 2657/2657/2657
f 2658/2658/2658 2659/2659/2659 2660/2660/2660
f 2661/2661/2661 2662/2662/2662 2663/2663/2663
f 2641/2641/2641 2664/2664/2664 2642/2642/2642
f 2647/2647/2647 2665/2665/2665 2648/2648/2648
f 2650/2650/2650 2666/2666/2666 2651/2651/2651
f 2653/2653/2653 2667/2667/2667 2654/2654/2654
f 2668/2668/2668 2669/2669/2669 2656/2656/2656
f 2660/2660/2660 2670/2670/2670 2671/2671/2671
f 2662/2662/2662 2672/2672/2672 2673/2673/2673
f 2664/2664/2664 2674/2674/2674 2675/2675/2675
f 2676/2676/2676 2677/2677/2677 2665/2665/2665
f 2666/2666/2666 2678/2678/2678 2679/2679/2679
f 2680/2680/2680 2681/2681/2681 2667/2667/2667
f 2682/2682/2682 2683/2683/2683 2669/2669/2669
f 2670/2670/2670 2684/2684/2684 2671/2671/2671
f 2672/2672/2672 2685/2685/2685 2673/2673/2673
f 2675/2675/2675 2686/2686/2686 2687/2687/2687
f 2688/2688/2688 2689/2689/2689 2677/2677/2677
f 2690/2690/2690 2691/2691/2691 2640/2640/2640
f 2678/2678/2678 2692/2692/2692 2679/2679/2679
f 2681/2681/2681 2693/2693/2693 2690/2690/2690
f 2694/2694/2694 2646/2646/2646 2683/2683/2683
f 2695/2695/2695 2649/2649/2649 2684/2684/2684
f 2685/2685/2685 2696/2696/2696 2652/2652/2652
f 2686/2686/2686 2657/2657/2657 2687/2687/2687
f 2697/2697/2697 2658/2658/2658 2689/2689/2689
f 2698/2698/2698 2663/2663/2663 2692/2692/2692
f 2699/2699/2699 2700/2700/2700 2701/2701/2701
f 2702/2702/2702 2703/2703/2703 2704/2704/2704
f 2705/2705/2705 2706/2706/2706 2707/2707/2707
f 2708/2708/2708 2709/2709/2709 2710/2710/2710
f 2711/2711/2711 2712/2712/2712 2713/2713/2713
f 2714/2714/2714 2715/2715/2715 2716/2716/2716
f 2717/2717/2717 2718/2718/2718 2719/2719/2719
f 2720/2720/2720 2721/2721/2721 2722/2722/2722
f 2723/2723/2723 2724/2724/2724 2725/2725/2725
f 2726/2726/2726 2727/2727/2727 2728/2728/2728
f 2729/2729/2729 2730/2730/2730 2731/2731/2731
f 2732/2732/2732 2733/2733/2733 2734/2734/2734
f 2735/2735/2735 2736/2736/2736 2737/2737/2737
f 2738/2738/2738 2739/2739/2739 2740/2740/2740
f 2741/2741/2741 2742/2742/2742 2743/2743/2743
f 2744/2744/2744 2745/2745/2745 2746/2746/2746
f 2747/2747/2747 2748/2748/2748 2749/2749/2749
f 2750/2750/2750 2751/2751/2751 2752/2752/2752
f 2753/2753/2753 2754/2754/2754 2755/2755/2755
f 2756/2756/2756 2757/2757/2757 2758/2758/2758
f 2759/2759/2759 2760/2760/2760 2761/2761/2761
f 2762/2762/2762 2763/2763/2763 2764/2764/2764
f 2765/2765/2765 2766/2766/2766 2767/2767/2767
f 2768/2768/2768 2769/2769/2769 2770/2770/2770
f 2771/2771/2771 2772/2772/2772 2773/2773/2773
f 2774/2774/2774 2775/2775/2775 2776/2776/2776
f 2777/2777/2777 2778/2778/2778 2779/2779/2779
f 2780/2780/2780 2781/2781/2781 2782/2782/2782
f 2783/2783/2783 2784/2784/2784 2785/2785/2785
f 2786/2786/2786 2787/2787/2787 2788/2788/2788
f 2789/2789/2789 2790/2790/2790 2791/2791/2791
f 2792/2792/2792 2793/2793/2793 2794/2794/2794
f 2541/2541/2541 2795/2795/2795 2542/2542/2542
f 2544/2544/2544 2796/2796/2796 2545/2545/2545
f 2547/2547/2547 2797/2797/2797 2548/2548/2548
f 2550/2550/2550 2798/2798/2798 2551/2551/2551
f 2553/2553/2553 2799/2799/2799 2554/2554/2554
f 2556/2556/2556 2800/2800/2800 2557/2557/2557
f 2559/2559/2559 2801/2801/2801 2560/2560/2560
f 2562/2562/2562 2802/2802/2802 2563/2563/2563
f 2565/2565/2565 2803/2803/2803 2566/2566/2566
f 2568/2568/2568 2804/2804/2804 2569/2569/2569
f 2571/2571/2571 2805/2805/2805 2572/2572/2572
f 2574/2574/2574 2806/2806/2806 2575/2575/2575
f 2577/2577/2577 2807/2807/2807 2578/2578/2578
f 2580/2580/2580 2808/2808/2808 2581/2581/2581
f 2583/2583/2583 2809/2809/2809 2584/2584/2584
f 2586/2586/2586 2810/2810/2810 2587/2587/2587
f 2589/2589/2589 2811/2811/2811 2590/2590/2590
f 2592/2592/2592 2812/2812/2812 2593/2593/2593
f 2595/2595/2595 2813/2813/2813 2596/2596/2596
f 2598/2598/2598 2814/2814/2814 2599/2599/2599
f 2601/2601/2601 2815/2815/2815 2602/2602/2602
f 2604/2604/2604 2816/2816/2816 2605/2605/2605
f 2607/2607/2607 2817/2817/2817 2608/2608/2608
f 2610/2610/2610 2818/2818/2818 2611/2611/2611
f 2613/2613/2613 2819/2819/2819 2614/2614/2614
f 2616/2616/2616 2820/2820/2820 2617/2617/2617
f 2619/2619/2619 2821/2821/2821 2620/2620/2620
f 2622/2622/2622 2822/2822/2822 2623/2623/2623
f 2625/2625/2625 2823/2823/2823 2626/2626/2626
f 2628/2628/2628 2824/2824/2824 2629/2629/2629
f 2633/2633/2633 2825/2825/2825 2826/2826/2826
f 2827/2827/2827 2828/2828/2828 2826/2826/2826
f 2826/2826/2826 2829/2829/2829 2830/2830/2830
f 2830/2830/2830 2831/2831/2831 2826/2826/2826
f 2832/2832/2832 2833/2833/2833 2834/2834/2834
f 2834/2834/2834 2835/2835/2835 2836/2836/2836
f 2836/2836/2836 2837/2837/2837 2838/2838/2838
f 2838/2838/2838 2839/2839/2839 2836/2836/2836
f 2840/2840/2840 2841/2841/2841 2631/2631/2631
f 2842/2842/2842 2843/2843/2843 2631/2631/2631
f 2631/2631/2631 2844/2844/2844 2845/2845/2845
f 2845/2845/2845 2846/2846/2846 2631/2631/2631
f 2632/2632/2632 2847/2847/2847 2848/2848/2848
f 2848/2848/2848 2849/2849/2849 2850/2850/2850
f 2850/2850/2850 2851/2851/2851 2852/2852/2852
f 2852/2852/2852 2853/2853/2853 2633/2633/2633
f 2825/2825/2825 2827/2827/2827 2826/2826/2826
f 2826/2826/2826 2831/2831/2831 2832/2832/2832
f 2832/2832/2832 2834/2834/2834 2836/2836/2836
f 2836/2836/2836 2839/2839/2839 2840/2840/2840
f 2841/2841/2841 2842/2842/2842 2631/2631/2631
f 2631/2631/2631 2846/2846/2846 2632/2632/2632
f 2632/2632/2632 2848/2848/2848 2633/2633/2633
f 2850/2850/2850 2852/2852/2852 2633/2633/2633
f 2633/2633/2633 2826/2826/2826 2840/2840/2840
f 2832/2832/2832 2836/2836/2836 2840/2840/2840
f 2840/2840/2840 2631/2631/2631 2633/2633/2633
f 2848/2848/2848 2850/2850/2850 2633/2633/2633
f 2826/2826/2826 2832/2832/2832 2840/2840/2840
f 2634/2634/2634 2854/2854/2854 2635/2635/2635
f 2637/2637/2637 2855/2855/2855 2638/2638/2638
f 2640/2640/2640 2691/2691/2691 2641/2641/2641
f 2643/2643/2643 2856/2856/2856 2644/2644/2644
f 2646/2646/2646 2857/2857/2857 2647/2647/2647
f 2649/2649/2649 2858/2858/2858 2650/2650/2650
f 2652/2652/2652 2696/2696/2696 2653/2653/2653
f 2655/2655/2655 2668/2668/2668 2656/2656/2656
f 2658/2658/2658 2859/2859/2859 2659/2659/2659
f 2661/2661/2661 2860/2860/2860 2662/2662/2662
f 2641/2641/2641 2861/2861/2861 2664/2664/2664
f 2647/2647/2647 2676/2676/2676 2665/2665/2665
f 2650/2650/2650 2862/2862/2862 2666/2666/2666
f 2653/2653/2653 2680/2680/2680 2667/2667/2667
f 2668/2668/2668 2682/2682/2682 2669/2669/2669
f 2660/2660/2660 2659/2659/2659 2670/2670/2670
f 2662/2662/2662 2860/2860/2860 2672/2672/2672
f 2664/2664/2664 2861/2861/2861 2674/2674/2674
f 2676/2676/2676 2688/2688/2688 2677/2677/2677
f 2666/2666/2666 2862/2862/2862 2678/2678/2678
f 2680/2680/2680 2863/2863/2863 2681/2681/2681
f 2682/2682/2682 2694/2694/2694 2683/2683/2683
f 2670/2670/2670 2695/2695/2695 2684/2684/2684
f 2672/2672/2672 2864/2864/2864 2685/2685/2685
f 2675/2675/2675 2674/2674/2674 2686/2686/2686
f 2688/2688/2688 2697/2697/2697 2689/2689/2689
f 2690/2690/2690 2693/2693/2693 2691/2691/2691
f 2678/2678/2678 2698/2698/2698 2692/2692/2692
f 2681/2681/2681 2863/2863/2863 2693/2693/2693
f 2694/2694/2694 2857/2857/2857 2646/2646/2646
f 2695/2695/2695 2858/2858/2858 2649/2649/2649
f 2685/2685/2685 2864/2864/2864 2696/2696/2696
f 2686/2686/2686 2655/2655/2655 2657/2657/2657
f 2697/2697/2697 2859/2859/2859 2658/2658/2658
f 2698/2698/2698 2661/2661/2661 2663/2663/2663
f 2701/2701/2701 2865/2865/2865 2866/2866/2866
f 2867/2867/2867 2868/2868/2868 2866/2866/2866
f 2866/2866/2866 2869/2869/2869 2870/2870/2870
f 2871/2871/2871 2872/2872/2872 2870/2870/2870
f 2870/2870/2870 2873/2873/2873 2874/2874/2874
f 2874/2874/2874 2875/2875/2875 2876/2876/2876
f 2876/2876/2876 2877/2877/2877 2699/2699/2699
f 2878/2878/2878 2879/2879/2879 2699/2699/2699
f 2699/2699/2699 2880/2880/2880 2881/2881/2881
f 2881/2881/2881 2882/2882/2882 2699/2699/2699
f 2883/2883/2883 2884/2884/2884 2885/2885/2885
f 2886/2886/2886 2887/2887/2887 2885/2885/2885
f 2885/2885/2885 2888/2888/2888 2889/2889/2889
f 2889/2889/2889 2890/2890/2890 2885/2885/2885
f 2700/2700/2700 2891/2891/2891 2892/2892/2892
f 2892/2892/2892 2893/2893/2893 2701/2701/2701
f 2865/2865/2865 2867/2867/2867 2866/2866/2866
f 2869/2869/2869 2871/2871/2871 2870/2870/2870
f 2870/2870/2870 2874/2874/2874 2699/2699/2699
f 2877/2877/2877 2878/2878/2878 2699/2699/2699
f 2699/2699/2699 2882/2882/2882 2883/2883/2883
f 2884/2884/2884 2886/2886/2886 2885/2885/2885
f 2885/2885/2885 2890/2890/2890 2700/2700/2700
f 2700/2700/2700 2892/2892/2892 2701/2701/2701
f 2701/2701/2701 2866/2866/2866 2699/2699/2699
f 2874/2874/2874 2876/2876/2876 2699/2699/2699
f 2699/2699/2699 2883/2883/2883 2885/2885/2885
f 2885/2885/2885 2700/2700/2700 2699/2699/2699
f 2866/2866/2866 2870/2870/2870 2699/2699/2699
f 2702/2702/2702 2894/2894/2894 2703/2703/2703
f 2705/2705/2705 2895/2895/2895 2706/2706/2706
f 2708/2708/2708 2896/2896/2896 2709/2709/2709
f 2711/2711/2711 2897/2897/2897 2712/2712/2712
f 2714/2714/2714 2898/2898/2898 2715/2715/2715
f 2717/2717/2717 2899/2899/2899 2718/2718/2718
f 2720/2720/2720 2900/2900/2900 2721/2721/2721
f 2723/2723/2723 2901/2901/2901 2724/2724/2724
f 2726/2726/2726 2902/2902/2902 2727/2727/2727
f 2729/2729/2729 2903/2903/2903 2730/2730/2730
f 2732/2732/2732 2904/2904/2904 2733/2733/2733
f 2735/2735/2735 2905/2905/2905 2736/2736/2736
f 2738/2738/2738 2906/2906/2906 2739/2739/2739
f 2741/2741/2741 2907/2907/2907 2742/2742/2742
f 2744/2744/2744 2908/2908/2908 2745/2745/2745
f 2747/2747/2747 2909/2909/2909 2748/2748/2748
f 2750/2750/2750 2910/2910/2910 2751/2751/2751
f 2753/2753/2753 2911/2911/2911 2754/2754/2754
f 2756/2756/2756 2912/2912/2912 2757/2757/2757
f 2759/2759/2759 2913/2913/2913 2760/2760/2760
f 2762/2762/2762 2914/2914/2914 2763/2763/2763
f 2765/2765/2765 2915/2915/2915 2766/2766/2766
f 2768/2768/2768 2916/2916/2916 2769/2769/2769
f 2771/2771/2771 2917/2917/2917 2772/2772/2772
f 2774/2774/2774 2918/2918/2918 2775/2775/2775
f 2777/2777/2777 2919/2919/2919 2778/2778/2778
f 2780/2780/2780 2920/2920/2920 2781/2781/2781
f 2783/2783/2783 2921/2921/2921 2784/2784/2784
f 2786/2786/2786 2922/2922/2922 2787/2787/2787
f 2789/2789/2789 2923/2923/2923 2790/2790/2790
f 2792/2792/2792 2924/2924/2924 2793/2793/2793

o part_004
usemtl material_0
v -0.06134936 0.09786094 0.06429596
v -0.06267294 0.09799130 -0.08153535
v -0.06267294 0.09799130 0.06429596
v -0.06007665 0.09747487 0.06429596
v -0.06134936 0.09786094 -0.08153535
v -0.06134936 0.09786094 0.06429596
v -0.05890371 0.09684792 0.06429596
v -0.06007665 0.09747487 -0.08153535
v -0.06007665 0.09747487 0.06429596
v -0.05787563 0.09600420 0.06429596
v -0.05890371 0.09684792 -0.08153535
v -0.05890371 0.09684792 0.06429596
v -0.05703190 0.09497611 0.06429596
v -0.05787563 0.09600420 -0.08153535
v -0.05787563 0.09600420 0.06429596
v -0.05640495 0.09380317 0.06429596
v -0.05703190 0.09497611 -0.08153535
v -0.05703190 0.09497611 0.06429596
v -0.05601887 0.09253046 0.06429596
v -0.05640495 0.09380317 -0.08153535
v -0.05640495 0.09380317 0.06429596
v -0.05588851 0.09120689 0.06429596
v -0.05601887 0.09253046 -0.08153535
v -0.05601887 0.09253046 0.06429596
v -0.05601887 0.08988331 0.06429596
v -0.05588851 0.09120689 -0.08153535
v -0.05588851 0.09120689 0.06429596
v -0.05640494 0.08861061 0.06429596
v -0.05601887 0.08988331 -0.08153535
v -0.05601887 0.08988331 0.06429596
v -0.05703188 0.08743767 0.06429596
v -0.05640494 0.08861061 -0.08153535
v -0.05640494 0.08861061 0.06429596
v -0.05787561 0.08640958 0.06429596
v -0.05703188 0.08743767 -0.08153535
v -0.05703188 0.08743767 0.06429596
v -0.05890371 0.08556585 0.06429596
v -0.05787561 0.08640958 -0.08153535
v -0.05787561 0.08640958 0.06429596
v -0.06007664 0.08493890 0.06429596
v -0.05890371 0.08556585 -0.08153535
v -0.05890371 0.08556585 0.06429596
v -0.06134935 0.08455282 0.06429596
v -0.06007664 0.08493890 -0.08153535
v -0.06007664 0.08493890 0.06429596
v -0.06267293 0.08442246 0.06429596
v -0.06134935 0.08455282 -0.08153535
v -0.06134935 0.08455282 0.06429596
v -0.06399650 0.08455283 0.06429596
v -0.06267293 0.08442246 -0.08153535
v -0.06267293 0.08442246 0.06429596
v -0.06526921 0.08493889 0.06429596
v -0.06399650 0.08455283 -0.08153535
v -0.06399650 0.08455283 0.06429596
v -0.06644215 0.08556584 0.06429596
v -0.06526921 0.08493889 -0.08153535
v -0.06526921 0.08493889 0.06429596
v -0.06747023 0.08640957 0.06429596
v -0.06644215 0.08556584 -0.08153535
v -0.06644215 0.08556584 0.06429596
v -0.06831396 0.08743766 0.06429596
v -0.06747023 0.08640957 -0.08153535
v -0.06747023 0.08640957 0.06429596
v -0.06894091 0.08861059 0.06429596
v -0.06831396 0.08743766 -0.08153535
v -0.06831396 0.08743766 0.06429596
v -0.06932699 0.08988330 0.06429596
v -0.06894091 0.08861059 -0.08153535
v -0.06894091 0.08861059 0.06429596
v -0.06945735 0.09120688 0.06429596
v -0.06932699 0.08988330 -0.08153535
v -0.06932699 0.08988330 0.06429596
v -0.06932699 0.09253045 0.06429596
v -0.06945735 0.09120688 -0.08153535
v -0.06945735 0.09120688 0.06429596
v -0.06894092 0.09380316 0.06429596
v -0.06932699 0.09253045 -0.08153535
v -0.06932699 0.09253045 0.06429596
v -0.06831397 0.09497610 0.06429596
v -0.06894092 0.09380316 -0.08153535
v -0.06894092 0.09380316 0.06429596
v -0.06747024 0.09600419 0.06429596
v -0.06831397 0.09497610 -0.08153535
v -0.06831397 0.09497610 0.06429596
v -0.06644215 0.09684792 0.06429596
v -0.06747024 0.09600419 -0.08153535
v -0.06747024 0.09600419 0.06429596
v -0.06526921 0.09747487 0.06429596
v -0.06644215 0.09684792 -0.08153535
v -0.06644215 0.09684792 0.06429596
v -0.06267293 0.08442246 -0.08153535
v -0.06945735 0.09120688 -0.08153535
v -0.06267294 0.09799130 -0.08153535
v -0.06399650 0.09786094 0.06429596
v -0.06526921 0.09747487 -0.08153535
v -0.06526921 0.09747487 0.06429596
v -0.06267294 0.09799130 0.06429596
v -0.06399650 0.09786094 -0.08153535
v -0.06399650 0.09786094 0.06429596
v -0.06134936 0.09786094 0.06429596
v -0.05809149 0.10226749 0.06429593
v -0.06007665 0.09747487 0.06429596
v -0.07113835 0.09967230 0.07407953
v -0.06932417 0.10116117 0.06429593
v -0.07113835 0.09967230 0.06429593
v -0.05640494 0.08861061 0.06429596
v -0.05271864 0.08455566 0.06429593
v -0.05703188 0.08743767 0.06429596
v -0.06644215 0.08556584 0.06429596
v -0.07113835 0.08274145 0.06429593
v -0.06747023 0.08640957 0.06429596
v -0.06747024 0.09600419 0.06429596
v -0.06932417 0.10116117 0.06429593
v -0.06644215 0.09684792 0.06429596
v -0.05640495 0.09380317 0.06429596
v -0.05093106 0.09354251 0.06429593
v -0.05601887 0.09253046 0.06429596
v -0.06134935 0.08455282 0.06429596
v -0.06267292 0.07923496 0.06429593
v -0.06267293 0.08442246 0.06429596
v -0.07464485 0.09120687 0.06429593
v -0.06932699 0.09253045 0.06429596
v -0.06945735 0.09120688 0.06429596
v -0.05602170 0.10116118 0.06429593
v -0.05890371 0.09684792 0.06429596
v -0.05787561 0.08640958 0.06429596
v -0.06831396 0.08743766 0.06429596
v -0.06526921 0.09747487 0.06429596
v -0.05070102 0.09120689 0.06429593
v -0.05588851 0.09120689 0.06429596
v -0.06500852 0.07946500 0.06429593
v -0.06399650 0.08455283 0.06429596
v -0.07373354 0.09578834 0.06429593
v -0.06894092 0.09380316 0.06429596
v -0.05420752 0.09967231 0.06429593
v -0.05787563 0.09600420 0.06429596
v -0.05420750 0.08274147 0.06429593
v -0.05890371 0.08556585 0.06429596
v -0.07373353 0.08662542 0.06429593
v -0.06894091 0.08861059 0.06429596
v -0.06725438 0.10226749 0.06429593
v -0.06399650 0.09786094 0.06429596
v -0.05601887 0.08988331 0.06429596
v -0.06526921 0.08493889 0.06429596
v -0.07262722 0.09785812 0.06429593
v -0.06831397 0.09497610 0.06429596
v -0.05703190 0.09497611 0.06429596
v -0.05602168 0.08125260 0.06429593
v -0.06007664 0.08493890 0.06429596
v -0.06267294 0.09799130 0.06429596
v -0.06033734 0.10294876 0.06429593
v -0.07441481 0.08887127 0.06429593
v -0.06932699 0.08988330 0.06429596
v -0.06500853 0.10294876 0.06429593
v -0.05161231 0.08662545 0.06429593
v -0.06725438 0.08014627 0.06429593
v -0.05161233 0.09578835 0.06429593
v -0.06033731 0.07946500 0.06429593
v -0.06500852 0.07946500 0.07407953
v -0.05093104 0.08887129 0.07407953
v -0.06033734 0.10294876 0.07407953
v -0.06033731 0.07946500 0.07407953
v -0.06267292 0.07923496 0.06429593
v -0.06033731 0.07946500 0.06429593
v -0.05809149 0.10226749 0.07407953
v -0.05602170 0.10116118 0.06429593
v -0.05809149 0.10226749 0.06429593
v -0.06932417 0.10116117 0.07407953
v -0.06725438 0.10226749 0.06429593
v -0.06932417 0.10116117 0.06429593
v -0.06267292 0.07923496 0.07407953
v -0.06500852 0.07946500 0.06429593
v -0.06267292 0.07923496 0.06429593
v -0.05602170 0.10116118 0.07407953
v -0.05420752 0.09967231 0.06429593
v -0.05602170 0.10116118 0.06429593
v -0.06725438 0.10226749 0.07407953
v -0.06500853 0.10294876 0.06429593
v -0.06725438 0.10226749 0.06429593
v -0.06500852 0.07946500 0.07407953
v -0.06725438 0.08014627 0.06429593
v -0.06500852 0.07946500 0.06429593
v -0.05420752 0.09967231 0.07407953
v -0.05271865 0.09785813 0.06429593
v -0.05420752 0.09967231 0.06429593
v -0.06500853 0.10294876 0.07407953
v -0.06267295 0.10317880 0.06429593
v -0.06500853 0.10294876 0.06429593
v -0.06725438 0.08014627 0.07407953
v -0.06932416 0.08125259 0.06429593
v -0.06725438 0.08014627 0.06429593
v -0.05271865 0.09785813 0.07407953
v -0.05161233 0.09578835 0.06429593
v -0.05271865 0.09785813 0.06429593
v -0.06932416 0.08125259 0.07407953
v -0.07113835 0.08274145 0.06429593
v -0.06932416 0.08125259 0.06429593
v -0.05161233 0.09578835 0.07407953
v -0.05093106 0.09354251 0.06429593
v -0.05161233 0.09578835 0.06429593
v -0.07113835 0.08274145 0.07407953
v -0.07262722 0.08455563 0.06429593
v -0.07113835 0.08274145 0.06429593
v -0.05093106 0.09354251 0.07407953
v -0.05070102 0.09120689 0.06429593
v -0.05093106 0.09354251 0.06429593
v -0.07262722 0.08455563 0.07407953
v -0.07373353 0.08662542 0.06429593
v -0.07262722 0.08455563 0.06429593
v -0.05070102 0.09120689 0.07407953
v -0.05093104 0.08887129 0.06429593
v -0.05070102 0.09120689 0.06429593
v -0.07373353 0.08662542 0.07407953
v -0.07441481 0.08887127 0.06429593
v -0.07373353 0.08662542 0.06429593
v -0.05093104 0.08887129 0.07407953
v -0.05161231 0.08662545 0.06429593
v -0.05093104 0.08887129 0.06429593
v -0.07441481 0.08887127 0.07407953
v -0.07464485 0.09120687 0.06429593
v -0.07441481 0.08887127 0.06429593
v -0.05161231 0.08662545 0.07407953
v -0.05271864 0.08455566 0.06429593
v -0.05161231 0.08662545 0.06429593
v -0.07464485 0.09120687 0.07407953
v -0.07441482 0.09354248 0.06429593
v -0.07464485 0.09120687 0.06429593
v -0.05271864 0.08455566 0.07407953
v -0.05420750 0.08274147 0.06429593
v -0.05271864 0.08455566 0.06429593
v -0.07441482 0.09354248 0.07407953
v -0.07373354 0.09578834 0.06429593
v -0.07441482 0.09354248 0.06429593
v -0.05420750 0.08274147 0.07407953
v -0.05602168 0.08125260 0.06429593
v -0.05420750 0.08274147 0.06429593
v -0.07373354 0.09578834 0.07407953
v -0.07262722 0.09785812 0.06429593
v -0.07373354 0.09578834 0.06429593
v -0.05602168 0.08125260 0.07407953
v -0.05809147 0.08014627 0.06429593
v -0.05602168 0.08125260 0.06429593
v -0.06267295 0.10317880 0.07407953
v -0.06033734 0.10294876 0.06429593
v -0.06267295 0.10317880 0.06429593
v -0.07262722 0.09785812 0.07407953
v -0.07113835 0.09967230 0.06429593
v -0.07262722 0.09785812 0.06429593
v -0.05809147 0.08014627 0.07407953
v -0.06033731 0.07946500 0.06429593
v -0.05809147 0.08014627 0.06429593
v -0.06033734 0.10294876 0.07407953
v -0.05809149 0.10226749 0.06429593
v -0.06033734 0.10294876 0.06429593
v -0.06134936 0.09786094 -0.08153535
v -0.06007665 0.09747487 -0.08153535
v -0.05890371 0.09684792 -0.08153535
v -0.05787563 0.09600420 -0.08153535
v -0.05703190 0.09497611 -0.08153535
v -0.05640495 0.09380317 -0.08153535
v -0.05601887 0.09253046 -0.08153535
v -0.05588851 0.09120689 -0.08153535
v -0.05601887 0.08988331 -0.08153535
v -0.05640494 0.08861061 -0.08153535
v -0.05703188 0.08743767 -0.08153535
v -0.05787561 0.08640958 -0.08153535
v -0.05890371 0.08556585 -0.08153535
v -0.06007664 0.08493890 -0.08153535
v -0.06134935 0.08455282 -0.08153535
v -0.06267293 0.08442246 -0.08153535
v -0.06399650 0.08455283 -0.08153535
v -0.06526921 0.08493889 -0.08153535
v -0.06644215 0.08556584 -0.08153535
v -0.06747023 0.08640957 -0.08153535
v -0.06831396 0.08743766 -0.08153535
v -0.06894091 0.08861059 -0.08153535
v -0.06932699 0.08988330 -0.08153535
v -0.06945735 0.09120688 -0.08153535
v -0.06932699 0.09253045 -0.08153535
v -0.06894092 0.09380316 -0.08153535
v -0.06831397 0.09497610 -0.08153535
v -0.06747024 0.09600419 -0.08153535
v -0.06644215 0.09684792 -0.08153535
v -0.06526921 0.09747487 -0.08153535
v -0.06134936 0.09786094 -0.08153535
v -0.05787563 0.09600420 -0.08153535
v -0.06007665 0.09747487 -0.08153535
v -0.05890371 0.09684792 -0.08153535
v -0.05703190 0.09497611 -0.08153535
v -0.05640495 0.09380317 -0.08153535
v -0.05601887 0.09253046 -0.08153535
v -0.05588851 0.09120689 -0.08153535
v -0.05601887 0.08988331 -0.08153535
v -0.05640494 0.08861061 -0.08153535
v -0.05703188 0.08743767 -0.08153535
v -0.05787561 0.08640958 -0.08153535
v -0.05890371 0.08556585 -0.08153535
v -0.06007664 0.08493890 -0.08153535
v -0.06134935 0.08455282 -0.08153535
v -0.06399650 0.08455283 -0.08153535
v -0.06747023 0.08640957 -0.08153535
v -0.06526921 0.08493889 -0.08153535
v -0.06644215 0.08556584 -0.08153535
v -0.06831396 0.08743766 -0.08153535
v -0.06894091 0.08861059 -0.08153535
v -0.06932699 0.08988330 -0.08153535
v -0.06932699 0.09253045 -0.08153535
v -0.06894092 0.09380316 -0.08153535
v -0.06831397 0.09497610 -0.08153535
v -0.06747024 0.09600419 -0.08153535
v -0.06644215 0.09684792 -0.08153535
v -0.06526921 0.09747487 -0.08153535
v -0.06399650 0.09786094 -0.08153535
v -0.06399650 0.09786094 -0.08153535
v -0.06267294 0.09799130 -0.08153535
v -0.06932417 0.10116117 0.07407953
v -0.06932416 0.08125259 0.06429593
v -0.07113835 0.09967230 0.06429593
v -0.07441482 0.09354248 0.06429593
v -0.07262722 0.08455563 0.06429593
v -0.05093104 0.08887129 0.06429593
v -0.05271865 0.09785813 0.06429593
v -0.05809147 0.08014627 0.06429593
v -0.06267295 0.10317880 0.06429593
v -0.06267295 0.10317880 0.07407953
v -0.06500853 0.10294876 0.07407953
v -0.06725438 0.10226749 0.07407953
v -0.06932417 0.10116117 0.07407953
v -0.07113835 0.09967230 0.07407953
v -0.07262722 0.09785812 0.07407953
v -0.07373354 0.09578834 0.07407953
v -0.07441482 0.09354248 0.07407953
v -0.07464485 0.09120687 0.07407953
v -0.07441481 0.08887127 0.07407953
v -0.07373353 0.08662542 0.07407953
v -0.07262722 0.08455563 0.07407953
v -0.07113835 0.08274145 0.07407953
v -0.06932416 0.08125259 0.07407953
v -0.06725438 0.08014627 0.07407953
v -0.06267292 0.07923496 0.07407953
v -0.05602168 0.08125260 0.07407953
v -0.06033731 0.07946500 0.07407953
v -0.05809147 0.08014627 0.07407953
v -0.05420750 0.08274147 0.07407953
v -0.05271864 0.08455566 0.07407953
v -0.05161231 0.08662545 0.07407953
v -0.05070102 0.09120689 0.07407953
v -0.05093106 0.09354251 0.07407953
v -0.05161233 0.09578835 0.07407953
v -0.05271865 0.09785813 0.07407953
v -0.05420752 0.09967231 0.07407953
v -0.05602170 0.10116118 0.07407953
v -0.05809149 0.10226749 0.07407953
v -0.06267292 0.07923496 0.07407953
v -0.05602170 0.10116118 0.07407953
v -0.06725438 0.10226749 0.07407953
v -0.06500852 0.07946500 0.07407953
v -0.05420752 0.09967231 0.07407953
v -0.06500853 0.10294876 0.07407953
v -0.06725438 0.08014627 0.07407953
v -0.05271865 0.09785813 0.07407953
v -0.06267295 0.10317880 0.07407953
v -0.06932416 0.08125259 0.07407953
v -0.05161233 0.09578835 0.07407953
v -0.07113835 0.08274145 0.07407953
v -0.05093106 0.09354251 0.07407953
v -0.07262722 0.08455563 0.07407953
v -0.05070102 0.09120689 0.07407953
v -0.07373353 0.08662542 0.07407953
v -0.05093104 0.08887129 0.07407953
v -0.07441481 0.08887127 0.07407953
v -0.05161231 0.08662545 0.07407953
v -0.07464485 0.09120687 0.07407953
v -0.05271864 0.08455566 0.07407953
v -0.07441482 0.09354248 0.07407953
v -0.05420750 0.08274147 0.07407953
v -0.07373354 0.09578834 0.07407953
v -0.05602168 0.08125260 0.07407953
v -0.07262722 0.09785812 0.07407953
v -0.05809147 0.08014627 0.07407953
v -0.06033734 0.10294876 0.07407953
v -0.07113835 0.09967230 0.07407953
v -0.06033731 0.07946500 0.07407953
v -0.05809149 0.10226749 0.07407953
vn 0.09801816 0.99518463 0.00000000
vn 0.09801816 0.99518463 0.00000000
vn 0.09801816 0.99518463 0.00000000
vn 0.29028345 0.95694071 0.00000000
vn 0.29028345 0.95694071 0.00000000
vn 0.29028345 0.95694071 0.00000000
vn 0.47139720 0.88192102 0.00000000
vn 0.47139720 0.88192102 0.00000000
vn 0.47139720 0.88192102 0.00000000
vn 0.63439543 0.77300869 0.00000000
vn 0.63439543 0.77300869 0.00000000
vn 0.63439543 0.77300869 0.00000000
vn 0.77300752 0.63439686 0.00000000
vn 0.77300752 0.63439686 0.00000000
vn 0.77300752 0.63439686 0.00000000
vn 0.88192069 0.47139781 0.00000000
vn 0.88192069 0.47139781 0.00000000
vn 0.88192069 0.47139781 0.00000000
vn 0.95693974 0.29028665 0.00000000
vn 0.95693974 0.29028665 0.00000000
vn 0.95693974 0.29028665 0.00000000
vn 0.99518446 0.09801982 0.00000000
vn 0.99518446 0.09801982 0.00000000
vn 0.99518446 0.09801982 0.00000000
vn 0.99518501 -0.09801422 0.00000000
vn 0.99518501 -0.09801422 0.00000000
vn 0.99518501 -0.09801422 0.00000000
vn 0.95694029 -0.29028482 0.00000000
vn 0.95694029 -0.29028482 0.00000000
vn 0.95694029 -0.29028482 0.00000000
vn 0.88192231 -0.47139478 0.00000000
vn 0.88192231 -0.47139478 0.00000000
vn 0.88192231 -0.47139478 0.00000000
vn 0.77301018 -0.63439362 0.00000000
vn 0.77301018 -0.63439362 0.00000000
vn 0.77301018 -0.63439362 0.00000000
vn 0.63439407 -0.77300981 0.00000000
vn 0.63439407 -0.77300981 0.00000000
vn 0.63439407 -0.77300981 0.00000000
vn 0.47139858 -0.88192028 0.00000000
vn 0.47139858 -0.88192028 0.00000000
vn 0.47139858 -0.88192028 0.00000000
vn 0.29028677 -0.95693970 0.00000000
vn 0.29028677 -0.95693970 0.00000000
vn 0.29028677 -0.95693970 0.00000000
vn 0.09801576 -0.99518486 0.00000000
vn 0.09801576 -0.99518486 0.00000000
vn 0.09801576 -0.99518486 0.00000000
vn -0.09801985 -0.99518446 0.00000000
vn -0.09801985 -0.99518446 0.00000000
vn -0.09801985 -0.99518446 0.00000000
vn -0.29028007 -0.95694173 0.00000000
vn -0.29028007 -0.95694173 0.00000000
vn -0.29028007 -0.95694173 0.00000000
vn -0.47139484 -0.88192228 0.00000000
vn -0.47139484 -0.88192228 0.00000000
vn -0.47139484 -0.88192228 0.00000000
vn -0.63439407 -0.77300981 0.00000000
vn -0.63439407 -0.77300981 0.00000000
vn -0.63439407 -0.77300981 0.00000000
vn -0.77301260 -0.63439067 0.00000000
vn -0.77301260 -0.63439067 0.00000000
vn -0.77301260 -0.63439067 0.00000000
vn -0.88192072 -0.47139775 0.00000000
vn -0.88192072 -0.47139775 0.00000000
vn -0.88192072 -0.47139775 0.00000000
vn -0.95693961 -0.29028707 0.00000000
vn -0.95693961 -0.29028707 0.00000000
vn -0.95693961 -0.29028707 0.00000000
vn -0.99518447 -0.09801971 0.00000000
vn -0.99518447 -0.09801971 0.00000000
vn -0.99518447 -0.09801971 0.00000000
vn -0.99518500 0.09801432 0.00000000
vn -0.99518500 0.09801432 0.00000000
vn -0.99518500 0.09801432 0.00000000
vn -0.95693908 0.29028881 0.00000000
vn -0.95693908 0.29028881 0.00000000
vn -0.95693908 0.29028881 0.00000000
vn -0.88192143 0.47139643 0.00000000
vn -0.88192143 0.47139643 0.00000000
vn -0.88192143 0.47139643 0.00000000
vn -0.77301129 0.63439226 0.00000000
vn -0.77301129 0.63439226 0.00000000
vn -0.77301129 0.63439226 0.00000000
vn -0.63439203 0.77301148 0.00000000
vn -0.63439203 0.77301148 0.00000000
vn -0.63439203 0.77301148 0.00000000
vn -0.47139775 0.88192072 0.00000000
vn -0.47139775 0.88192072 0.00000000
vn -0.47139775 0.88192072 0.00000000
vn 0.00000000 0.00000000 -1.00000000
vn 0.00000000 0.00000000 -1.00000000
vn 0.00000000 0.00000000 -1.00000000
vn -0.29028524 0.95694016 0.00000000
vn -0.29028524 0.95694016 0.00000000
vn -0.29028524 0.95694016 0.00000000
vn -0.09802016 0.99518443 0.00000000
vn -0.09802016 0.99518443 0.00000000
vn -0.09802016 0.99518443 0.00000000
vn -0.00000091 -0.00000458 -1.00000000
vn -0.00000179 -0.00000431 -1.00000000
vn -0.00000179 -0.00000431 -1.00000000
vn -0.63439371 0.77301010 0.00000000
vn -0.63439371 0.77301010 0.00000000
vn -0.63439371 0.77301010 0.00000000
vn -0.00000431 0.00000179 -1.00000000
vn -0.00000388 0.00000259 -1.00000000
vn -0.00000388 0.00000259 -1.00000000
vn 0.00000259 0.00000388 -1.00000000
vn 0.00000330 0.00000330 -1.00000000
vn 0.00000330 0.00000330 -1.00000000
vn 0.00000330 -0.00000330 -1.00000000
vn 0.00000259 -0.00000388 -1.00000000
vn 0.00000259 -0.00000388 -1.00000000
vn -0.00000431 -0.00000179 -1.00000000
vn -0.00000458 -0.00000091 -1.00000000
vn -0.00000458 -0.00000091 -1.00000000
vn -0.00000091 0.00000458 -1.00000000
vn -0.00000000 0.00000467 -1.00000000
vn 0.00000000 0.00000467 -1.00000000
vn 0.00000467 0.00000000 -1.00000000
vn 0.00000458 -0.00000091 -1.00000000
vn 0.00000467 0.00000000 -1.00000000
vn -0.00000259 -0.00000388 -1.00000000
vn -0.00000259 -0.00000388 -1.00000000
vn -0.00000330 0.00000330 -1.00000000
vn 0.00000388 0.00000259 -1.00000000
vn 0.00000179 -0.00000431 -1.00000000
vn -0.00000467 -0.00000000 -1.00000000
vn -0.00000467 -0.00000000 -1.00000000
vn 0.00000091 0.00000458 -1.00000000
vn 0.00000091 0.00000458 -1.00000000
vn 0.00000431 -0.00000179 -1.00000000
vn 0.00000431 -0.00000179 -1.00000000
vn -0.00000330 -0.00000330 -1.00000000
vn -0.00000330 -0.00000330 -1.00000000
vn -0.00000330 0.00000330 -1.00000000
vn -0.00000259 0.00000388 -1.00000000
vn 0.00000431 0.00000179 -1.00000000
vn 0.00000431 0.00000179 -1.00000000
vn 0.00000179 -0.00000431 -1.00000000
vn 0.00000091 -0.00000458 -1.00000000
vn -0.00000458 0.00000091 -1.00000000
vn 0.00000179 0.00000431 -1.00000000
vn 0.00000388 -0.00000259 -1.00000000
vn 0.00000388 -0.00000259 -1.00000000
vn -0.00000388 -0.00000259 -1.00000000
vn -0.00000259 0.00000388 -1.00000000
vn -0.00000179 0.00000431 -1.00000000
vn 0.00000000 -0.00000467 -1.00000000
vn -0.00000091 -0.00000458 -1.00000000
vn 0.00000458 0.00000091 -1.00000000
vn 0.00000458 0.00000091 -1.00000000
vn 0.00000091 -0.00000458 -1.00000000
vn -0.00000431 0.00000179 -1.00000000
vn 0.00000179 0.00000431 -1.00000000
vn -0.00000431 -0.00000179 -1.00000000
vn -0.00000091 0.00000458 -1.00000000
vn 0.00000000 0.00000000 1.00000000
vn 0.00000000 0.00000000 1.00000000
vn 0.00000000 0.00000000 1.00000000
vn 0.09801807 -0.99518463 0.00000000
vn 0.09801807 -0.99518463 0.00000000
vn 0.09801807 -0.99518463 0.00000000
vn 0.47139398 0.88192274 0.00000000
vn 0.47139398 0.88192274 0.00000000
vn 0.47139398 0.88192274 0.00000000
vn -0.47139583 0.88192175 0.00000000
vn -0.47139583 0.88192175 0.00000000
vn -0.47139583 0.88192175 0.00000000
vn -0.09801677 -0.99518476 0.00000000
vn -0.09801677 -0.99518476 0.00000000
vn -0.09801677 -0.99518476 0.00000000
vn 0.63439409 0.77300980 0.00000000
vn 0.63439409 0.77300980 0.00000000
vn 0.63439409 0.77300980 0.00000000
vn -0.29028592 0.95693996 0.00000000
vn -0.29028592 0.95693996 0.00000000
vn -0.29028592 0.95693996 0.00000000
vn -0.29028278 -0.95694091 0.00000000
vn -0.29028278 -0.95694091 0.00000000
vn -0.29028278 -0.95694091 0.00000000
vn 0.77300828 0.63439594 0.00000000
vn 0.77300828 0.63439594 0.00000000
vn 0.77300828 0.63439594 0.00000000
vn -0.09801786 0.99518466 0.00000000
vn -0.09801786 0.99518466 0.00000000
vn -0.09801786 0.99518466 0.00000000
vn -0.47139539 -0.88192198 0.00000000
vn -0.47139539 -0.88192198 0.00000000
vn -0.47139539 -0.88192198 0.00000000
vn 0.88192125 0.47139676 0.00000000
vn 0.88192125 0.47139676 0.00000000
vn 0.88192125 0.47139676 0.00000000
vn -0.63439265 -0.77301098 0.00000000
vn -0.63439265 -0.77301098 0.00000000
vn -0.63439265 -0.77301098 0.00000000
vn 0.95694000 0.29028577 0.00000000
vn 0.95694000 0.29028577 0.00000000
vn 0.95694000 0.29028577 0.00000000
vn -0.77300825 -0.63439597 0.00000000
vn -0.77300825 -0.63439597 0.00000000
vn -0.77300825 -0.63439597 0.00000000
vn 0.99518466 0.09801782 0.00000000
vn 0.99518466 0.09801782 0.00000000
vn 0.99518466 0.09801782 0.00000000
vn -0.88192344 -0.47139266 0.00000000
vn -0.88192344 -0.47139266 0.00000000
vn -0.88192344 -0.47139266 0.00000000
vn 0.99518508 -0.09801357 0.00000000
vn 0.99518508 -0.09801357 0.00000000
vn 0.99518508 -0.09801357 0.00000000
vn -0.95694040 -0.29028445 0.00000000
vn -0.95694040 -0.29028445 0.00000000
vn -0.95694040 -0.29028445 0.00000000
vn 0.95694041 -0.29028443 0.00000000
vn 0.95694041 -0.29028443 0.00000000
vn 0.95694041 -0.29028443 0.00000000
vn -0.99518439 -0.09802055 0.00000000
vn -0.99518439 -0.09802055 0.00000000
vn -0.99518439 -0.09802055 0.00000000
vn 0.88192101 -0.47139721 0.00000000
vn 0.88192101 -0.47139721 0.00000000
vn 0.88192101 -0.47139721 0.00000000
vn -0.99518488 0.09801557 0.00000000
vn -0.99518488 0.09801557 0.00000000
vn -0.99518488 0.09801557 0.00000000
vn 0.77301188 -0.63439154 0.00000000
vn 0.77301188 -0.63439154 0.00000000
vn 0.77301188 -0.63439154 0.00000000
vn -0.95694005 0.29028562 0.00000000
vn -0.95694005 0.29028562 0.00000000
vn -0.95694005 0.29028562 0.00000000
vn 0.63439462 -0.77300935 0.00000000
vn 0.63439462 -0.77300935 0.00000000
vn 0.63439462 -0.77300935 0.00000000
vn -0.88192046 0.47139824 0.00000000
vn -0.88192046 0.47139824 0.00000000
vn -0.88192046 0.47139824 0.00000000
vn 0.47139827 -0.88192045 0.00000000
vn 0.47139827 -0.88192045 0.00000000
vn 0.47139827 -0.88192045 0.00000000
vn 0.09801581 0.99518486 0.00000000
vn 0.09801581 0.99518486 0.00000000
vn 0.09801581 0.99518486 0.00000000
vn -0.77301021 0.63439358 0.00000000
vn -0.77301021 0.63439358 0.00000000
vn -0.77301021 0.63439358 0.00000000
vn 0.29028496 -0.95694025 0.00000000
vn 0.29028496 -0.95694025 0.00000000
vn 0.29028496 -0.95694025 0.00000000
vn 0.29028385 0.95694059 0.00000000
vn 0.29028385 0.95694059 0.00000000
vn 0.29028385 0.95694059 0.00000000
vn 0.09801816 0.99518463 0.00000000
vn 0.29028345 0.95694071 0.00000000
vn 0.47139720 0.88192102 0.00000000
vn 0.63439543 0.77300869 0.00000000
vn 0.77300752 0.63439686 0.00000000
vn 0.88192069 0.47139781 0.00000000
vn 0.95693974 0.29028665 0.00000000
vn 0.99518446 0.09801982 0.00000000
vn 0.99518501 -0.09801422 0.00000000
vn 0.95694029 -0.29028482 0.00000000
vn 0.88192231 -0.47139478 0.00000000
vn 0.77301018 -0.63439362 0.00000000
vn 0.63439407 -0.77300981 0.00000000
vn 0.47139858 -0.88192028 0.00000000
vn 0.29028677 -0.95693970 0.00000000
vn 0.09801576 -0.99518486 0.00000000
vn -0.09801985 -0.99518446 0.00000000
vn -0.29028007 -0.95694173 0.00000000
vn -0.47139484 -0.88192228 0.00000000
vn -0.63439407 -0.77300981 0.00000000
vn -0.77301260 -0.63439067 0.00000000
vn -0.88192072 -0.47139775 0.00000000
vn -0.95693961 -0.29028707 0.00000000
vn -0.99518447 -0.09801971 0.00000000
vn -0.99518500 0.09801432 0.00000000
vn -0.95693908 0.29028881 0.00000000
vn -0.88192143 0.47139643 0.00000000
vn -0.77301129 0.63439226 0.00000000
vn -0.63439203 0.77301148 0.00000000
vn -0.47139775 0.88192072 0.00000000
vn 0.00000000 0.00000000 -1.00000000
vn 0.00000000 0.00000000 -1.00000000
vn 0.00000000 0.00000000 -1.00000000
vn 0.00000000 0.00000000 -1.00000000
vn 0.00000000 0.00000000 -1.00000000
vn 0.00000000 0.00000000 -1.00000000
vn 0.00000000 0.00000000 -1.00000000
vn 0.00000000 0.00000000 -1.00000000
vn 0.00000000 0.00000000 -1.00000000
vn 0.00000000 0.00000000 -1.00000000
vn 0.00000000 0.00000000 -1.00000000
vn 0.00000000 0.00000000 -1.00000000
vn 0.00000000 0.00000000 -1.00000000
vn 0.00000000 0.00000000 -1.00000000
vn 0.00000000 0.00000000 -1.00000000
vn 0.00000000 0.00000000 -1.00000000
vn 0.00000000 0.00000000 -1.00000000
vn 0.00000000 0.00000000 -1.00000000
vn 0.00000000 0.00000000 -1.00000000
vn 0.00000000 0.00000000 -1.00000000
vn 0.00000000 0.00000000 -1.00000000
vn 0.00000000 0.00000000 -1.00000000
vn 0.00000000 0.00000000 -1.00000000
vn 0.00000000 0.00000000 -1.00000000
vn 0.00000000 0.00000000 -1.00000000
vn 0.00000000 0.00000000 -1.00000000
vn 0.00000000 0.00000000 -1.00000000
vn 0.00000000 0.00000000 -1.00000000
vn 0.00000000 0.00000000 -1.00000000
vn -0.29028524 0.95694016 0.00000000
vn -0.09802016 0.99518443 0.00000000
vn -0.63439371 0.77301010 0.00000000
vn 0.00000259 0.00000388 -1.00000000
vn 0.00000330 -0.00000330 -1.00000000
vn 0.00000458 -0.00000091 -1.00000000
vn 0.00000388 0.00000259 -1.00000000
vn -0.00000458 0.00000091 -1.00000000
vn -0.00000388 -0.00000259 -1.00000000
vn -0.00000179 0.00000431 -1.00000000
vn 0.00000000 -0.00000467 -1.00000000
vn 0.00000000 0.00000000 1.00000000
vn 0.00000000 0.00000000 1.00000000
vn 0.00000000 0.00000000 1.00000000
vn 0.00000000 0.00000000 1.00000000
vn 0.00000000 0.00000000 1.00000000
vn 0.00000000 0.00000000 1.00000000
vn 0.00000000 0.00000000 1.00000000
vn 0.00000000 0.00000000 1.00000000
vn 0.00000000 0.00000000 1.00000000
vn 0.00000000 0.00000000 1.00000000
vn 0.00000000 0.00000000 1.00000000
vn 0.00000000 0.00000000 1.00000000
vn 0.00000000 0.00000000 1.00000000
vn 0.00000000 0.00000000 1.00000000
vn 0.00000000 0.00000000 1.00000000
vn 0.00000000 0.00000000 1.00000000
vn 0.00000000 0.00000000 1.00000000
vn 0.00000000 0.00000000 1.00000000
vn 0.00000000 0.00000000 1.00000000
vn 0.00000000 0.00000000 1.00000000
vn 0.00000000 0.00000000 1.00000000
vn 0.00000000 0.00000000 1.00000000
vn 0.00000000 0.00000000 1.00000000
vn 0.00000000 0.00000000 1.00000000
vn 0.00000000 0.00000000 1.00000000
vn 0.00000000 0.00000000 1.00000000
vn 0.00000000 0.00000000 1.00000000
vn 0.00000000 0.00000000 1.00000000
vn 0.00000000 0.00000000 1.00000000
vn 0.09801807 -0.99518463 0.00000000
vn 0.47139398 0.88192274 0.00000000
vn -0.47139583 0.88192175 0.00000000
vn -0.09801677 -0.99518476 0.00000000
vn 0.63439409 0.77300980 0.00000000
vn -0.29028592 0.95693996 0.00000000
vn -0.29028278 -0.95694091 0.00000000
vn 0.77300828 0.63439594 0.00000000
vn -0.09801786 0.99518466 0.00000000
vn -0.47139539 -0.88192198 0.00000000
vn 0.88192125 0.47139676 0.00000000
vn -0.63439265 -0.77301098 0.00000000
vn 0.95694000 0.29028577 0.00000000
vn -0.77300825 -0.63439597 0.00000000
vn 0.99518466 0.09801782 0.00000000
vn -0.88192344 -0.47139266 0.00000000
vn 0.99518508 -0.09801357 0.00000000
vn -0.95694040 -0.29028445 0.00000000
vn 0.95694041 -0.29028443 0.00000000
vn -0.99518439 -0.09802055 0.00000000
vn 0.88192101 -0.47139721 0.00000000
vn -0.99518488 0.09801557 0.00000000
vn 0.77301188 -0.63439154 0.00000000
vn -0.95694005 0.29028562 0.00000000
vn 0.63439462 -0.77300935 0.00000000
vn -0.88192046 0.47139824 0.00000000
vn 0.47139827 -0.88192045 0.00000000
vn 0.09801581 0.99518486 0.00000000
vn -0.77301021 0.63439358 0.00000000
vn 0.29028496 -0.95694025 0.00000000
vn 0.29028385 0.95694059 0.00000000
vt 0.00000000 0.00000000
vt 0.00000000 0.00000000
vt 0.00000000 0.00000000
vt 0.00000000 0.00000000
vt 0.00000000 0.00000000
vt 0.00000000 0.00000000
vt 0.00000000 0.00000000
vt 0.00000000 0.00000000
vt 0.00000000 0.00000000
vt 0.00000000 0.00000000
vt 0.00000000 0.00000000
vt 0.00000000 0.00000000
vt 0.00000000 0.00000000
vt 0.00000000 0.00000000
vt 0.00000000 0.00000000
vt 0.00000000 0.00000000
vt 0.00000000 0.00000000
vt 0.00000000 0.00000000
vt 0.00000000 0.00000000
vt 0.00000000 0.00000000
vt 0.00000000 0.00000000
vt 0.00000000 0.00000000
vt 0.00000000 0.00000000
vt 0.00000000 0.00000000
vt 0.00000000 0.00000000
vt 0.00000000 0.00000000
vt 0.00000000 0.00000000
vt 0.00000000 0.00000000
vt 0.00000000 0.00000000
vt 0.00000000 0.00000000
vt 0.00000000 0.00000000
vt 0.00000000 0.00000000
vt 0.00000000 0.00000000
vt 0.00000000 0.00000000
vt 0.00000000 0.00000000
vt 0.00000000 0.00000000
vt 0.00000000 0.00000000
vt 0.00000000 0.00000000
vt 0.00000000 0.00000000
vt 0.00000000 0.00000000
vt 0.00000000 0.00000000
vt 0.00000000 0.00000000
vt 0.00000000 0.00000000
vt 0.00000000 0.00000000
vt 0.00000000 0.00000000
vt 0.00000000 0.00000000
vt 0.00000000 0.00000000
vt 0.00000000 0.00000000
vt 0.00000000 0.00000000
vt 0.00000000 0.00000000
vt 0.00000000 0.00000000
vt 0.00000000 0.00000000
vt 0.00000000 0.00000000
vt 0.00000000 0.00000000
vt 0.00000000 0.00000000
vt 0.00000000 0.00000000
vt 0.00000000 0.00000000
vt 0.00000000 0.00000000
vt 0.00000000 0.00000000
vt 0.00000000 0.00000000
vt 0.00000000 0.00000000
vt 0.00000000 0.00000000
vt 0.00000000 0.00000000
vt 0.00000000 0.00000000
vt 0.00000000 0.00000000
vt 0.00000000 0.00000000
vt 0.00000000 0.00000000
vt 0.00000000 0.00000000
vt 0.00000000 0.00000000
vt 0.00000000 0.00000000
vt 0.00000000 0.00000000
vt 0.00000000 0.00000000
vt 0.00000000 0.00000000
vt 0.00000000 0.00000000
vt 0.00000000 0.00000000
vt 0.00000000 0.00000000
vt 0.00000000 0.00000000
vt 0.00000000 0.00000000
vt 0.00000000 0.00000000
vt 0.00000000 0.00000000
vt 0.00000000 0.00000000
vt 0.00000000 0.00000000
vt 0.00000000 0.00000000
vt 0.00000000 0.00000000
vt 0.00000000 0.00000000
vt 0.00000000 0.00000000
vt 0.00000000 0.00000000
vt 0.00000000 0.00000000
vt 0.00000000 0.00000000
vt 0.00000000 0.00000000
vt 0.00000000 0.00000000
vt 0.00000000 0.00000000
vt 0.00000000 0.00000000
vt 0.00000000 0.00000000
vt 0.00000000 0.00000000
vt 0.00000000 0.00000000
vt 0.00000000 0.00000000
vt 0.00000000 0.00000000
vt 0.00000000 0.00000000
vt 0.00000000 0.00000000
vt 0.00000000 0.00000000
vt 0.00000000 0.00000000
vt 0.00000000 0.00000000
vt 0.00000000 0.00000000
vt 0.00000000 0.00000000
vt 0.00000000 0.00000000
vt 0.00000000 0.00000000
vt 0.00000000 0.00000000
vt 0.00000000 0.00000000
vt 0.00000000 0.00000000
vt 0.00000000 0.00000000
vt 0.00000000 0.00000000
vt 0.00000000 0.00000000
vt 0.00000000 0.00000000
vt 0.00000000 0.00000000
vt 0.00000000 0.00000000
vt 0.00000000 0.00000000
vt 0.00000000 0.00000000
vt 0.00000000 0.00000000
vt 0.00000000 0.00000000
vt 0.00000000 0.00000000
vt 0.00000000 0.00000000
vt 0.00000000 0.00000000
vt 0.00000000 0.00000000
vt 0.00000000 0.00000000
vt 0.00000000 0.00000000
vt 0.00000000 0.00000000
vt 0.00000000 0.00000000
vt 0.00000000 0.00000000
vt 0.00000000 0.00000000
vt 0.00000000 0.00000000
vt 0.00000000 0.00000000
vt 0.00000000 0.00000000
vt 0.00000000 0.00000000
vt 0.00000000 0.00000000
vt 0.00000000 0.00000000
vt 0.00000000 0.00000000
vt 0.00000000 0.00000000
vt 0.00000000 0.00000000
vt 0.00000000 0.00000000
vt 0.00000000 0.00000000
vt 0.00000000 0.00000000
vt 0.00000000 0.00000000
vt 0.00000000 0.00000000
vt 0.00000000 0.00000000
vt 0.00000000 0.00000000
vt 0.00000000 0.00000000
vt 0.00000000 0.00000000
vt 0.00000000 0.00000000
vt 0.00000000 0.00000000
vt 0.00000000 0.00000000
vt 0.00000000 0.00000000
vt 0.00000000 0.00000000
vt 0.00000000 0.00000000
vt 0.00000000 0.00000000
vt 0.00000000 0.00000000
vt 0.00000000 0.00000000
vt 0.00000000 0.00000000
vt 0.00000000 0.00000000
vt 0.00000000 0.00000000
vt 0.00000000 0.00000000
vt 0.00000000 0.00000000
vt 0.00000000 0.00000000
vt 0.00000000 0.00000000
vt 0.00000000 0.00000000
vt 0.00000000 0.00000000
vt 0.00000000 0.00000000
vt 0.00000000 0.00000000
vt 0.00000000 0.00000000
vt 0.00000000 0.00000000
vt 0.00000000 0.00000000
vt 0.00000000 0.00000000
vt 0.00000000 0.00000000
vt 0.00000000 0.00000000
vt 0.00000000 0.00000000
vt 0.00000000 0.00000000
vt 0.00000000 0.00000000
vt 0.00000000 0.00000000
vt 0.00000000 0.00000000
vt 0.00000000 0.00000000
vt 0.00000000 0.00000000
vt 0.00000000 0.00000000
vt 0.00000000 0.00000000
vt 0.00000000 0.00000000
vt 0.00000000 0.00000000
vt 0.00000000 0.00000000
vt 0.00000000 0.00000000
vt 0.00000000 0.00000000
vt 0.00000000 0.00000000
vt 0.00000000 0.00000000
vt 0.00000000 0.00000000
vt 0.00000000 0.00000000
vt 0.00000000 0.00000000
vt 0.00000000 0.00000000
vt 0.00000000 0.00000000
vt 0.00000000 0.00000000
vt 0.00000000 0.00000000
vt 0.00000000 0.00000000
vt 0.00000000 0.00000000
vt 0.00000000 0.00000000
vt 0.00000000 0.00000000
vt 0.00000000 0.00000000
vt 0.00000000 0.00000000
vt 0.00000000 0.00000000
vt 0.00000000 0.00000000
vt 0.00000000 0.00000000
vt 0.00000000 0.00000000
vt 0.00000000 0.00000000
vt 0.00000000 0.00000000
vt 0.00000000 0.00000000
vt 0.00000000 0.00000000
vt 0.00000000 0.00000000
vt 0.00000000 0.00000000
vt 0.00000000 0.00000000
vt 0.00000000 0.00000000
vt 0.00000000 0.00000000
vt 0.00000000 0.00000000
vt 0.00000000 0.00000000
vt 0.00000000 0.00000000
vt 0.00000000 0.00000000
vt 0.00000000 0.00000000
vt 0.00000000 0.00000000
vt 0.00000000 0.00000000
vt 0.00000000 0.00000000
vt 0.00000000 0.00000000
vt 0.00000000 0.00000000
vt 0.00000000 0.00000000
vt 0.00000000 0.00000000
vt 0.00000000 0.00000000
vt 0.00000000 0.00000000
vt 0.00000000 0.00000000
vt 0.00000000 0.00000000
vt 0.00000000 0.00000000
vt 0.00000000 0.00000000
vt 0.00000000 0.00000000
vt 0.00000000 0.00000000
vt 0.00000000 0.00000000
vt 0.00000000 0.00000000
vt 0.00000000 0.00000000
vt 0.00000000 0.00000000
vt 0.00000000 0.00000000
vt 0.00000000 0.00000000
vt 0.00000000 0.00000000
vt 0.00000000 0.00000000
vt 0.00000000 0.00000000
vt 0.00000000 0.00000000
vt 0.00000000 0.00000000
vt 0.00000000 0.00000000
vt 0.00000000 0.00000000
vt 0.00000000 0.00000000
vt 0.00000000 0.00000000
vt 0.00000000 0.00000000
vt 0.00000000 0.00000000
vt 0.00000000 0.00000000
vt 0.00000000 0.00000000
vt 0.00000000 0.00000000
vt 0.00000000 0.00000000
vt 0.00000000 0.00000000
vt 0.00000000 0.00000000
vt 0.00000000 0.00000000
vt 0.00000000 0.00000000
vt 0.00000000 0.00000000
vt 0.00000000 0.00000000
vt 0.00000000 0.00000000
vt 0.00000000 0.00000000
vt 0.00000000 0.00000000
vt 0.00000000 0.00000000
vt 0.00000000 0.00000000
vt 0.00000000 0.00000000
vt 0.00000000 0.00000000
vt 0.00000000 0.00000000
vt 0.00000000 0.00000000
vt 0.00000000 0.00000000
vt 0.00000000 0.00000000
vt 0.00000000 0.00000000
vt 0.00000000 0.00000000
vt 0.00000000 0.00000000
vt 0.00000000 0.00000000
vt 0.00000000 0.00000000
vt 0.00000000 0.00000000
vt 0.00000000 0.00000000
vt 0.00000000 0.00000000
vt 0.00000000 0.00000000
vt 0.00000000 0.00000000
vt 0.00000000 0.00000000
vt 0.00000000 0.00000000
vt 0.00000000 0.00000000
vt 0.00000000 0.00000000
vt 0.00000000 0.00000000
vt 0.00000000 0.00000000
vt 0.00000000 0.00000000
vt 0.00000000 0.00000000
vt 0.00000000 0.00000000
vt 0.00000000 0.00000000
vt 0.00000000 0.00000000
vt 0.00000000 0.00000000
vt 0.00000000 0.00000000
vt 0.00000000 0.00000000
vt 0.00000000 0.00000000
vt 0.00000000 0.00000000
vt 0.00000000 0.00000000
vt 0.00000000 0.00000000
vt 0.00000000 0.00000000
vt 0.00000000 0.00000000
vt 0.00000000 0.00000000
vt 0.00000000 0.00000000
vt 0.00000000 0.00000000
vt 0.00000000 0.00000000
vt 0.00000000 0.00000000
vt 0.00000000 0.00000000
vt 0.00000000 0.00000000
vt 0.00000000 0.00000000
vt 0.00000000 0.00000000
vt 0.00000000 0.00000000
vt 0.00000000 0.00000000
vt 0.00000000 0.00000000
vt 0.00000000 0.00000000
vt 0.00000000 0.00000000
vt 0.00000000 0.00000000
vt 0.00000000 0.00000000
vt 0.00000000 0.00000000
vt 0.00000000 0.00000000
vt 0.00000000 0.00000000
vt 0.00000000 0.00000000
vt 0.00000000 0.00000000
vt 0.00000000 0.00000000
vt 0.00000000 0.00000000
vt 0.00000000 0.00000000
vt 0.00000000 0.00000000
vt 0.00000000 0.00000000
vt 0.00000000 0.00000000
vt 0.00000000 0.00000000
vt 0.00000000 0.00000000
vt 0.00000000 0.00000000
vt 0.00000000 0.00000000
vt 0.00000000 0.00000000
vt 0.00000000 0.00000000
vt 0.00000000 0.00000000
vt 0.00000000 0.00000000
vt 0.00000000 0.00000000
vt 0.00000000 0.00000000
vt 0.00000000 0.00000000
vt 0.00000000 0.00000000
vt 0.00000000 0.00000000
vt 0.00000000 0.00000000
vt 0.00000000 0.00000000
vt 0.00000000 0.00000000
vt 0.00000000 0.00000000
vt 0.00000000 0.00000000
vt 0.00000000 0.00000000
vt 0.00000000 0.00000000
vt 0.00000000 0.00000000
vt 0.00000000 0.00000000
vt 0.00000000 0.00000000
vt 0.00000000 0.00000000
vt 0.00000000 0.00000000
vt 0.00000000 0.00000000
vt 0.00000000 0.00000000
vt 0.00000000 0.00000000
vt 0.00000000 0.00000000
vt 0.00000000 0.00000000
vt 0.00000000 0.00000000
vt 0.00000000 0.00000000
vt 0.00000000 0.00000000
vt 0.00000000 0.00000000
vt 0.00000000 0.00000000
vt 0.00000000 0.00000000
vt 0.00000000 0.00000000
vt 0.00000000 0.00000000
vt 0.00000000 0.00000000
vt 0.00000000 0.00000000
vt 0.00000000 0.00000000
vt 0.00000000 0.00000000
vt 0.00000000 0.00000000
vt 0.00000000 0.00000000
vt 0.00000000 0.00000000
vt 0.00000000 0.00000000
vt 0.00000000 0.00000000
vt 0.00000000 0.00000000
vt 0.00000000 0.00000000
vt 0.00000000 0.00000000
vt 0.00000000 0.00000000
vt 0.00000000 0.00000000
vt 0.00000000 0.00000000
f 2925/2925/2925 2926/2926/2926 2927/2927/2927
f 2928/2928/2928 2929/2929/2929 2930/2930/2930
f 2931/2931/2931 2932/2932/2932 2933/2933/2933
f 2934/2934/2934 2935/2935/2935 2936/2936/2936
f 2937/2937/2937 2938/2938/2938 2939/2939/2939
f 2940/2940/2940 2941/2941/2941 2942/2942/2942
f 2943/2943/2943 2944/2944/2944 2945/2945/2945
f 2946/2946/2946 2947/2947/2947 2948/2948/2948
f 2949/2949/2949 2950/2950/2950 2951/2951/2951
f 2952/2952/2952 2953/2953/2953 2954/2954/2954
f 2955/2955/2955 2956/2956/2956 2957/2957/2957
f 2958/2958/2958 2959/2959/2959 2960/2960/2960
f 2961/2961/2961 2962/2962/2962 2963/2963/2963
f 2964/2964/2964 2965/2965/2965 2966/2966/2966
f 2967/2967/2967 2968/2968/2968 2969/2969/2969
f 2970/2970/2970 2971/2971/2971 2972/2972/2972
f 2973/2973/2973 2974/2974/2974 2975/2975/2975
f 2976/2976/2976 2977/2977/2977 2978/2978/2978
f 2979/2979/2979 2980/2980/2980 2981/2981/2981
f 2982/2982/2982 2983/2983/2983 2984/2984/2984
f 2985/2985/2985 2986/2986/2986 2987/2987/2987
f 2988/2988/2988 2989/2989/2989 2990/2990/2990
f 2991/2991/2991 2992/2992/2992 2993/2993/2993
f 2994/2994/2994 2995/2995/2995 2996/2996/2996
f 2997/2997/2997 2998/2998/2998 2999/2999/2999
f 3000/3000/3000 3001/3001/3001 3002/3002/3002
f 3003/3003/3003 3004/3004/3004 3005/3005/3005
f 3006/3006/3006 3007/3007/3007 3008/3008/3008
f 3009/3009/3009 3010/3010/3010 3011/3011/3011
f 3012/3012/3012 3013/3013/3013 3014/3014/3014
f 3015/3015/3015 3016/3016/3016 3017/3017/3017
f 3018/3018/3018 3019/3019/3019 3020/3020/3020
f 3021/3021/3021 3022/3022/3022 3023/3023/3023
f 3024/3024/3024 3025/3025/3025 3026/3026/3026
f 3027/3027/3027 3028/3028/3028 3029/3029/3029
f 3030/3030/3030 3031/3031/3031 3032/3032/3032
f 3033/3033/3033 3034/3034/3034 3035/3035/3035
f 3036/3036/3036 3037/3037/3037 3038/3038/3038
f 3039/3039/3039 3040/3040/3040 3041/3041/3041
f 3042/3042/3042 3043/3043/3043 3044/3044/3044
f 3045/3045/3045 3046/3046/3046 3047/3047/3047
f 3026/3026/3026 3048/3048/3048 3049/3049/3049
f 3031/3031/3031 3050/3050/3050 3032/3032/3032
f 3034/3034/3034 3051/3051/3051 3035/3035/3035
f 3037/3037/3037 3052/3052/3052 3038/3038/3038
f 3041/3041/3041 3053/3053/3053 3054/3054/3054
f 3044/3044/3044 3055/3055/3055 3056/3056/3056
f 3046/3046/3046 3057/3057/3057 3058/3058/3058
f 3049/3049/3049 3059/3059/3059 3060/3060/3060
f 3061/3061/3061 3062/3062/3062 3050/3050/3050
f 3051/3051/3051 3063/3063/3063 3064/3064/3064
f 3065/3065/3065 3066/3066/3066 3052/3052/3052
f 3053/3053/3053 3067/3067/3067 3054/3054/3054
f 3055/3055/3055 3068/3068/3068 3056/3056/3056
f 3058/3058/3058 3069/3069/3069 3070/3070/3070
f 3059/3059/3059 3071/3071/3071 3060/3060/3060
f 3072/3072/3072 3073/3073/3073 3062/3062/3062
f 3074/3074/3074 3075/3075/3075 3024/3024/3024
f 3064/3064/3064 3076/3076/3076 3077/3077/3077
f 3078/3078/3078 3074/3074/3074 3066/3066/3066
f 3067/3067/3067 3079/3079/3079 3030/3030/3030
f 3080/3080/3080 3033/3033/3033 3068/3068/3068
f 3069/3069/3069 3036/3036/3036 3070/3070/3070
f 3071/3071/3071 3081/3081/3081 3039/3039/3039
f 3073/3073/3073 3082/3082/3082 3042/3042/3042
f 3076/3076/3076 3047/3047/3047 3077/3077/3077
f 3083/3083/3083 3084/3084/3084 3085/3085/3085
f 3086/3086/3086 3087/3087/3087 3088/3088/3088
f 3089/3089/3089 3090/3090/3090 3091/3091/3091
f 3092/3092/3092 3093/3093/3093 3094/3094/3094
f 3095/3095/3095 3096/3096/3096 3097/3097/3097
f 3098/3098/3098 3099/3099/3099 3100/3100/3100
f 3101/3101/3101 3102/3102/3102 3103/3103/3103
f 3104/3104/3104 3105/3105/3105 3106/3106/3106
f 3107/3107/3107 3108/3108/3108 3109/3109/3109
f 3110/3110/3110 3111/3111/3111 3112/3112/3112
f 3113/3113/3113 3114/3114/3114 3115/3115/3115
f 3116/3116/3116 3117/3117/3117 3118/3118/3118
f 3119/3119/3119 3120/3120/3120 3121/3121/3121
f 3122/3122/3122 3123/3123/3123 3124/3124/3124
f 3125/3125/3125 3126/3126/3126 3127/3127/3127
f 3128/3128/3128 3129/3129/3129 3130/3130/3130
f 3131/3131/3131 3132/3132/3132 3133/3133/3133
f 3134/3134/3134 3135/3135/3135 3136/3136/3136
f 3137/3137/3137 3138/3138/3138 3139/3139/3139
f 3140/3140/3140 3141/3141/3141 3142/3142/3142
f 3143/3143/3143 3144/3144/3144 3145/3145/3145
f 3146/3146/3146 3147/3147/3147 3148/3148/3148
f 3149/3149/3149 3150/3150/3150 3151/3151/3151
f 3152/3152/3152 3153/3153/3153 3154/3154/3154
f 3155/3155/3155 3156/3156/3156 3157/3157/3157
f 3158/3158/3158 3159/3159/3159 3160/3160/3160
f 3161/3161/3161 3162/3162/3162 3163/3163/3163
f 3164/3164/3164 3165/3165/3165 3166/3166/3166
f 3167/3167/3167 3168/3168/3168 3169/3169/3169
f 3170/3170/3170 3171/3171/3171 3172/3172/3172
f 3173/3173/3173 3174/3174/3174 3175/3175/3175
f 3176/3176/3176 3177/3177/3177 3178/3178/3178
f 2925/2925/2925 3179/3179/3179 2926/2926/2926
f 2928/2928/2928 3180/3180/3180 2929/2929/2929
f 2931/2931/2931 3181/3181/3181 2932/2932/2932
f 2934/2934/2934 3182/3182/3182 2935/2935/2935
f 2937/2937/2937 3183/3183/3183 2938/2938/2938
f 2940/2940/2940 3184/3184/3184 2941/2941/2941
f 2943/2943/2943 3185/3185/3185 2944/2944/2944
f 2946/2946/2946 3186/3186/3186 2947/2947/2947
f 2949/2949/2949 3187/3187/3187 2950/2950/2950
f 2952/2952/2952 3188/3188/3188 2953/2953/2953
f 2955/2955/2955 3189/3189/3189 2956/2956/2956
f 2958/2958/2958 3190/3190/3190 2959/2959/2959
f 2961/2961/2961 3191/3191/3191 2962/2962/2962
f 2964/2964/2964 3192/3192/3192 2965/2965/2965
f 2967/2967/2967 3193/3193/3193 2968/2968/2968
f 2970/2970/2970 3194/3194/3194 2971/2971/2971
f 2973/2973/2973 3195/3195/3195 2974/2974/2974
f 2976/2976/2976 3196/3196/3196 2977/2977/2977
f 2979/2979/2979 3197/3197/3197 2980/2980/2980
f 2982/2982/2982 3198/3198/3198 2983/2983/2983
f 2985/2985/2985 3199/3199/3199 2986/2986/2986
f 2988/2988/2988 3200/3200/3200 2989/2989/2989
f 2991/2991/2991 3201/3201/3201 2992/2992/2992
f 2994/2994/2994 3202/3202/3202 2995/2995/2995
f 2997/2997/2997 3203/3203/3203 2998/2998/2998
f 3000/3000/3000 3204/3204/3204 3001/3001/3001
f 3003/3003/3003 3205/3205/3205 3004/3004/3004
f 3006/3006/3006 3206/3206/3206 3007/3007/3007
f 3009/3009/3009 3207/3207/3207 3010/3010/3010
f 3012/3012/3012 3208/3208/3208 3013/3013/3013
f 3017/3017/3017 3209/3209/3209 3210/3210/3210
f 3211/3211/3211 3212/3212/3212 3210/3210/3210
f 3210/3210/3210 3213/3213/3213 3214/3214/3214
f 3214/3214/3214 3215/3215/3215 3210/3210/3210
f 3216/3216/3216 3217/3217/3217 3218/3218/3218
f 3218/3218/3218 3219/3219/3219 3220/3220/3220
f 3220/3220/3220 3221/3221/3221 3015/3015/3015
f 3222/3222/3222 3223/3223/3223 3015/3015/3015
f 3015/3015/3015 3224/3224/3224 3225/3225/3225
f 3226/3226/3226 3227/3227/3227 3225/3225/3225
f 3225/3225/3225 3228/3228/3228 3229/3229/3229
f 3229/3229/3229 3230/3230/3230 3016/3016/3016
f 3016/3016/3016 3231/3231/3231 3232/3232/3232
f 3232/3232/3232 3233/3233/3233 3016/3016/3016
f 3234/3234/3234 3235/3235/3235 3236/3236/3236
f 3236/3236/3236 3237/3237/3237 3017/3017/3017
f 3209/3209/3209 3211/3211/3211 3210/3210/3210
f 3210/3210/3210 3215/3215/3215 3216/3216/3216
f 3216/3216/3216 3218/3218/3218 3015/3015/3015
f 3221/3221/3221 3222/3222/3222 3015/3015/3015
f 3224/3224/3224 3226/3226/3226 3225/3225/3225
f 3225/3225/3225 3229/3229/3229 3015/3015/3015
f 3016/3016/3016 3233/3233/3233 3234/3234/3234
f 3234/3234/3234 3236/3236/3236 3016/3016/3016
f 3017/3017/3017 3210/3210/3210 3015/3015/3015
f 3218/3218/3218 3220/3220/3220 3015/3015/3015
f 3015/3015/3015 3229/3229/3229 3016/3016/3016
f 3016/3016/3016 3236/3236/3236 3017/3017/3017
f 3210/3210/3210 3216/3216/3216 3015/3015/3015
f 3018/3018/3018 3238/3238/3238 3019/3019/3019
f 3021/3021/3021 3239/3239/3239 3022/3022/3022
f 3024/3024/3024 3075/3075/3075 3025/3025/3025
f 3027/3027/3027 3240/3240/3240 3028/3028/3028
f 3030/3030/3030 3079/3079/3079 3031/3031/3031
f 3033/3033/3033 3241/3241/3241 3034/3034/3034
f 3036/3036/3036 3242/3242/3242 3037/3037/3037
f 3039/3039/3039 3081/3081/3081 3040/3040/3040
f 3042/3042/3042 3082/3082/3082 3043/3043/3043
f 3045/3045/3045 3243/3243/3243 3046/3046/3046
f 3026/3026/3026 3025/3025/3025 3048/3048/3048
f 3031/3031/3031 3061/3061/3061 3050/3050/3050
f 3034/3034/3034 3244/3244/3244 3051/3051/3051
f 3037/3037/3037 3065/3065/3065 3052/3052/3052
f 3041/3041/3041 3040/3040/3040 3053/3053/3053
f 3044/3044/3044 3043/3043/3043 3055/3055/3055
f 3046/3046/3046 3243/3243/3243 3057/3057/3057
f 3049/3049/3049 3048/3048/3048 3059/3059/3059
f 3061/3061/3061 3072/3072/3072 3062/3062/3062
f 3051/3051/3051 3244/3244/3244 3063/3063/3063
f 3065/3065/3065 3078/3078/3078 3066/3066/3066
f 3053/3053/3053 3245/3245/3245 3067/3067/3067
f 3055/3055/3055 3080/3080/3080 3068/3068/3068
f 3058/3058/3058 3057/3057/3057 3069/3069/3069
f 3059/3059/3059 3246/3246/3246 3071/3071/3071
f 3072/3072/3072 3247/3247/3247 3073/3073/3073
f 3074/3074/3074 3248/3248/3248 3075/3075/3075
f 3064/3064/3064 3063/3063/3063 3076/3076/3076
f 3078/3078/3078 3248/3248/3248 3074/3074/3074
f 3067/3067/3067 3245/3245/3245 3079/3079/3079
f 3080/3080/3080 3241/3241/3241 3033/3033/3033
f 3069/3069/3069 3242/3242/3242 3036/3036/3036
f 3071/3071/3071 3246/3246/3246 3081/3081/3081
f 3073/3073/3073 3247/3247/3247 3082/3082/3082
f 3076/3076/3076 3045/3045/3045 3047/3047/3047
f 3085/3085/3085 3249/3249/3249 3250/3250/3250
f 3250/3250/3250 3251/3251/3251 3085/3085/3085
f 3252/3252/3252 3253/3253/3253 3254/3254/3254
f 3254/3254/3254 3255/3255/3255 3256/3256/3256
f 3256/3256/3256 3257/3257/3257 3258/3258/3258
f 3258/3258/3258 3259/3259/3259 3260/3260/3260
f 3260/3260/3260 3261/3261/3261 3083/3083/3083
f 3262/3262/3262 3263/3263/3263 3083/3083/3083
f 3083/3083/3083 3264/3264/3264 3265/3265/3265
f 3266/3266/3266 3267/3267/3267 3265/3265/3265
f 3265/3265/3265 3268/3268/3268 3269/3269/3269
f 3269/3269/3269 3270/3270/3270 3084/3084/3084
f 3084/3084/3084 3271/3271/3271 3272/3272/3272
f 3272/3272/3272 3273/3273/3273 3274/3274/3274
f 3274/3274/3274 3275/3275/3275 3085/3085/3085
f 3276/3276/3276 3277/3277/3277 3085/3085/3085
f 3085/3085/3085 3251/3251/3251 3252/3252/3252
f 3252/3252/3252 3254/3254/3254 3256/3256/3256
f 3256/3256/3256 3258/3258/3258 3083/3083/3083
f 3261/3261/3261 3262/3262/3262 3083/3083/3083
f 3264/3264/3264 3266/3266/3266 3265/3265/3265
f 3265/3265/3265 3269/3269/3269 3083/3083/3083
f 3084/3084/3084 3272/3272/3272 3085/3085/3085
f 3275/3275/3275 3276/3276/3276 3085/3085/3085
f 3085/3085/3085 3252/3252/3252 3083/3083/3083
f 3258/3258/3258 3260/3260/3260 3083/3083/3083
f 3083/3083/3083 3269/3269/3269 3084/3084/3084
f 3272/3272/3272 3274/3274/3274 3085/3085/3085
f 3252/3252/3252 3256/3256/3256 3083/3083/3083
f 3086/3086/3086 3278/3278/3278 3087/3087/3087
f 3089/3089/3089 3279/3279/3279 3090/3090/3090
f 3092/3092/3092 3280/3280/3280 3093/3093/3093
f 3095/3095/3095 3281/3281/3281 3096/3096/3096
f 3098/3098/3098 3282/3282/3282 3099/3099/3099
f 3101/3101/3101 3283/3283/3283 3102/3102/3102
f 3104/3104/3104 3284/3284/3284 3105/3105/3105
f 3107/3107/3107 3285/3285/3285 3108/3108/3108
f 3110/3110/3110 3286/3286/3286 3111/3111/3111
f 3113/3113/3113 3287/3287/3287 3114/3114/3114
f 3116/3116/3116 3288/3288/3288 3117/3117/3117
f 3119/3119/3119 3289/3289/3289 3120/3120/3120
f 3122/3122/3122 3290/3290/3290 3123/3123/3123
f 3125/3125/3125 3291/3291/3291 3126/3126/3126
f 3128/3128/3128 3292/3292/3292 3129/3129/3129
f 3131/3131/3131 3293/3293/3293 3132/3132/3132
f 3134/3134/3134 3294/3294/3294 3135/3135/3135
f 3137/3137/3137 3295/3295/3295 3138/3138/3138
f 3140/3140/3140 3296/3296/3296 3141/3141/3141
f 3143/3143/3143 3297/3297/3297 3144/3144/3144
f 3146/3146/3146 3298/3298/3298 3147/3147/3147
f 3149/3149/3149 3299/3299/3299 3150/3150/3150
f 3152/3152/3152 3300/3300/3300 3153/3153/3153
f 3155/3155/3155 3301/3301/3301 3156/3156/3156
f 3158/3158/3158 3302/3302/3302 3159/3159/3159
f 3161/3161/3161 3303/3303/3303 3162/3162/3162
f 3164/3164/3164 3304/3304/3304 3165/3165/3165
f 3167/3167/3167 3305/3305/3305 3168/3168/3168
f 3170/3170/3170 3306/3306/3306 3171/3171/3171
f 3173/3173/3173 3307/3307/3307 3174/3174/3174
f 3176/3176/3176 3308/3308/3308 3177/3177/3177

o part_005
usemtl material_0
v -0.21930889 0.00708398 0.04756203
v -0.22179861 0.00732920 -0.03847666
v -0.22179861 0.00732920 0.04756203
v -0.21691488 0.00635777 0.04756203
v -0.21930889 0.00708398 -0.03847666
v -0.21930889 0.00708398 0.04756203
v -0.21470852 0.00517845 0.04756203
v -0.21691488 0.00635777 -0.03847666
v -0.21691488 0.00635777 0.04756203
v -0.21277464 0.00359136 0.04756203
v -0.21470852 0.00517845 -0.03847666
v -0.21470852 0.00517845 0.04756203
v -0.21118753 0.00165748 0.04756203
v -0.21277464 0.00359136 -0.03847666
v -0.21277464 0.00359136 0.04756203
v -0.21000822 -0.00054886 0.04756203
v -0.21118753 0.00165748 -0.03847666
v -0.21118753 0.00165748 0.04756203
v -0.20928200 -0.00294289 0.04756203
v -0.21000822 -0.00054886 -0.03847666
v -0.21000822 -0.00054886 0.04756203
v -0.20903679 -0.00543259 0.04756203
v -0.20928200 -0.00294289 -0.03847666
v -0.20928200 -0.00294289 0.04756203
v -0.20928197 -0.00792230 0.04756203
v -0.20903679 -0.00543259 -0.03847666
v -0.20903679 -0.00543259 0.04756203
v -0.21000821 -0.01031632 0.04756203
v -0.20928197 -0.00792230 -0.03847666
v -0.20928197 -0.00792230 0.04756203
v -0.21118752 -0.01252267 0.04756203
v -0.21000821 -0.01031632 -0.03847666
v -0.21000821 -0.01031632 0.04756203
v -0.21277461 -0.01445656 0.04756203
v -0.21118752 -0.01252267 -0.03847666
v -0.21118752 -0.01252267 0.04756203
v -0.21470848 -0.01604365 0.04756203
v -0.21277461 -0.01445656 -0.03847666
v -0.21277461 -0.01445656 0.04756203
v -0.21691483 -0.01722298 0.04756203
v -0.21470848 -0.01604365 -0.03847666
v -0.21470848 -0.01604365 0.04756203
v -0.21930885 -0.01794920 0.04756203
v -0.21691483 -0.01722298 -0.03847666
v -0.21691483 -0.01722298 0.04756203
v -0.22179857 -0.01819442 0.04756203
v -0.21930885 -0.01794920 -0.03847666
v -0.21930885 -0.01794920 0.04756203
v -0.22428827 -0.01794920 0.04756203
v -0.22179857 -0.01819442 -0.03847666
v -0.22179857 -0.01819442 0.04756203
v -0.22668228 -0.01722299 0.04756203
v -0.22428827 -0.01794920 -0.03847666
v -0.22428827 -0.01794920 0.04756203
v -0.22888864 -0.01604367 0.04756203
v -0.22668228 -0.01722299 -0.03847666
v -0.22668228 -0.01722299 0.04756203
v -0.23082254 -0.01445658 0.04756203
v -0.22888864 -0.01604367 -0.03847666
v -0.22888864 -0.01604367 0.04756203
v -0.23240963 -0.01252270 0.04756203
v -0.23082254 -0.01445658 -0.03847666
v -0.23082254 -0.01445658 0.04756203
v -0.23358894 -0.01031635 0.04756203
v -0.23240963 -0.01252270 -0.03847666
v -0.23240963 -0.01252270 0.04756203
v -0.23431516 -0.00792232 0.04756203
v -0.23358894 -0.01031635 -0.03847666
v -0.23358894 -0.01031635 0.04756203
v -0.23456037 -0.00543261 0.04756203
v -0.23431516 -0.00792232 -0.03847666
v -0.23431516 -0.00792232 0.04756203
v -0.23431516 -0.00294291 0.04756203
v -0.23456037 -0.00543261 -0.03847666
v -0.23456037 -0.00543261 0.04756203
v -0.23358895 -0.00054888 0.04756203
v -0.23431516 -0.00294291 -0.03847666
v -0.23431516 -0.00294291 0.04756203
v -0.23240964 0.00165747 0.04756203
v -0.23358895 -0.00054888 -0.03847666
v -0.23358895 -0.00054888 0.04756203
v -0.23082255 0.00359135 0.04756203
v -0.23240964 0.00165747 -0.03847666
v -0.23240964 0.00165747 0.04756203
v -0.22888866 0.00517844 0.04756203
v -0.23082255 0.00359135 -0.03847666
v -0.23082255 0.00359135 0.04756203
v -0.22668232 0.00635776 0.04756203
v -0.22888866 0.00517844 -0.03847666
v -0.22888866 0.00517844 0.04756203
v -0.22179857 -0.01819442 -0.03847666
v -0.23456037 -0.00543261 -0.03847666
v -0.20903679 -0.00543259 -0.03847666
v -0.22428829 0.00708398 0.04756203
v -0.22668232 0.00635776 -0.03847666
v -0.22668232 0.00635776 0.04756203
v -0.22179861 0.00732920 0.04756203
v -0.22428829 0.00708398 -0.03847666
v -0.22428829 0.00708398 0.04756203
v -0.22428827 -0.01794920 0.04756203
v -0.20928197 -0.00792230 0.04756203
v -0.21930889 0.00708398 0.04756203
v -0.21930889 0.00708398 -0.03847666
v -0.21691488 0.00635777 -0.03847666
v -0.21470852 0.00517845 -0.03847666
v -0.21277464 0.00359136 -0.03847666
v -0.21118753 0.00165748 -0.03847666
v -0.21000822 -0.00054886 -0.03847666
v -0.20928200 -0.00294289 -0.03847666
v -0.20903679 -0.00543259 -0.03847666
v -0.20928197 -0.00792230 -0.03847666
v -0.21000821 -0.01031632 -0.03847666
v -0.21118752 -0.01252267 -0.03847666
v -0.21277461 -0.01445656 -0.03847666
v -0.21470848 -0.01604365 -0.03847666
v -0.21691483 -0.01722298 -0.03847666
v -0.21930885 -0.01794920 -0.03847666
v -0.22179857 -0.01819442 -0.03847666
v -0.22428827 -0.01794920 -0.03847666
v -0.22668228 -0.01722299 -0.03847666
v -0.22888864 -0.01604367 -0.03847666
v -0.23082254 -0.01445658 -0.03847666
v -0.23240963 -0.01252270 -0.03847666
v -0.23358894 -0.01031635 -0.03847666
v -0.23431516 -0.00792232 -0.03847666
v -0.23456037 -0.00543261 -0.03847666
v -0.23431516 -0.00294291 -0.03847666
v -0.23358895 -0.00054888 -0.03847666
v -0.23240964 0.00165747 -0.03847666
v -0.23082255 0.00359135 -0.03847666
v -0.22888866 0.00517844 -0.03847666
v -0.22668232 0.00635776 -0.03847666
v -0.22179861 0.00732920 -0.03847666
v -0.21930889 0.00708398 -0.03847666
v -0.21691488 0.00635777 -0.03847666
v -0.21470852 0.00517845 -0.03847666
v -0.21277464 0.00359136 -0.03847666
v -0.21118753 0.00165748 -0.03847666
v -0.21000822 -0.00054886 -0.03847666
v -0.20928200 -0.00294289 -0.03847666
v -0.20928197 -0.00792230 -0.03847666
v -0.21000821 -0.01031632 -0.03847666
v -0.21118752 -0.01252267 -0.03847666
v -0.21277461 -0.01445656 -0.03847666
v -0.21470848 -0.01604365 -0.03847666
v -0.21691483 -0.01722298 -0.03847666
v -0.21930885 -0.01794920 -0.03847666
v -0.22428827 -0.01794920 -0.03847666
v -0.22668228 -0.01722299 -0.03847666
v -0.22888864 -0.01604367 -0.03847666
v -0.23082254 -0.01445658 -0.03847666
v -0.23240963 -0.01252270 -0.03847666
v -0.23358894 -0.01031635 -0.03847666
v -0.23431516 -0.00792232 -0.03847666
v -0.23431516 -0.00294291 -0.03847666
v -0.23358895 -0.00054888 -0.03847666
v -0.23240964 0.00165747 -0.03847666
v -0.23082255 0.00359135 -0.03847666
v -0.22888866 0.00517844 -0.03847666
v -0.22668232 0.00635776 -0.03847666
v -0.22428829 0.00708398 -0.03847666
v -0.22428829 0.00708398 -0.03847666
v -0.22179861 0.00732920 -0.03847666
v -0.22179861 0.00732920 0.04756203
v -0.22428829 0.00708398 0.04756203
v -0.22668232 0.00635776 0.04756203
v -0.22888866 0.00517844 0.04756203
v -0.23082255 0.00359135 0.04756203
v -0.23240964 0.00165747 0.04756203
v -0.23358895 -0.00054888 0.04756203
v -0.23431516 -0.00294291 0.04756203
v -0.23456037 -0.00543261 0.04756203
v -0.23431516 -0.00792232 0.04756203
v -0.23358894 -0.01031635 0.04756203
v -0.23240963 -0.01252270 0.04756203
v -0.23082254 -0.01445658 0.04756203
v -0.22888864 -0.01604367 0.04756203
v -0.22668228 -0.01722299 0.04756203
v -0.22179857 -0.01819442 0.04756203
v -0.21930885 -0.01794920 0.04756203
v -0.21691483 -0.01722298 0.04756203
v -0.21470848 -0.01604365 0.04756203
v -0.21277461 -0.01445656 0.04756203
v -0.21118752 -0.01252267 0.04756203
v -0.21000821 -0.01031632 0.04756203
v -0.20903679 -0.00543259 0.04756203
v -0.20928200 -0.00294289 0.04756203
v -0.21000822 -0.00054886 0.04756203
v -0.21118753 0.00165748 0.04756203
v -0.21277464 0.00359136 0.04756203
v -0.21470852 0.00517845 0.04756203
v -0.21691488 0.00635777 0.04756203
vn 0.09801560 0.99518488 0.00000000
vn 0.09801560 0.99518488 0.00000000
vn 0.09801560 0.99518488 0.00000000
vn 0.29028505 0.95694022 0.00000000
vn 0.29028505 0.95694022 0.00000000
vn 0.29028505 0.95694022 0.00000000
vn 0.47139362 0.88192293 0.00000000
vn 0.47139362 0.88192293 0.00000000
vn 0.47139362 0.88192293 0.00000000
vn 0.63439389 0.77300996 0.00000000
vn 0.63439389 0.77300996 0.00000000
vn 0.63439389 0.77300996 0.00000000
vn 0.77300670 0.63439786 0.00000000
vn 0.77300670 0.63439786 0.00000000
vn 0.77300670 0.63439786 0.00000000
vn 0.88192184 0.47139566 0.00000000
vn 0.88192184 0.47139566 0.00000000
vn 0.88192184 0.47139566 0.00000000
vn 0.95694042 0.29028441 0.00000000
vn 0.95694042 0.29028441 0.00000000
vn 0.95694042 0.29028441 0.00000000
vn 0.99518474 0.09801699 0.00000000
vn 0.99518474 0.09801699 0.00000000
vn 0.99518474 0.09801699 0.00000000
vn 0.99518579 -0.09800638 0.00000000
vn 0.99518579 -0.09800638 0.00000000
vn 0.99518579 -0.09800638 0.00000000
vn 0.95693834 -0.29029125 0.00000000
vn 0.95693834 -0.29029125 0.00000000
vn 0.95693834 -0.29029125 0.00000000
vn 0.88192278 -0.47139390 0.00000000
vn 0.88192278 -0.47139390 0.00000000
vn 0.88192278 -0.47139390 0.00000000
vn 0.77301262 -0.63439064 0.00000000
vn 0.77301262 -0.63439064 0.00000000
vn 0.77301262 -0.63439064 0.00000000
vn 0.63439632 -0.77300796 0.00000000
vn 0.63439632 -0.77300796 0.00000000
vn 0.63439632 -0.77300796 0.00000000
vn 0.47139625 -0.88192153 0.00000000
vn 0.47139625 -0.88192153 0.00000000
vn 0.47139625 -0.88192153 0.00000000
vn 0.29028644 -0.95693980 0.00000000
vn 0.29028644 -0.95693980 0.00000000
vn 0.29028644 -0.95693980 0.00000000
vn 0.09801804 -0.99518464 0.00000000
vn 0.09801804 -0.99518464 0.00000000
vn 0.09801804 -0.99518464 0.00000000
vn -0.09801654 -0.99518479 0.00000000
vn -0.09801654 -0.99518479 0.00000000
vn -0.09801654 -0.99518479 0.00000000
vn -0.29028505 -0.95694022 0.00000000
vn -0.29028505 -0.95694022 0.00000000
vn -0.29028505 -0.95694022 0.00000000
vn -0.47139456 -0.88192243 0.00000000
vn -0.47139456 -0.88192243 0.00000000
vn -0.47139456 -0.88192243 0.00000000
vn -0.63438998 -0.77301317 0.00000000
vn -0.63438998 -0.77301317 0.00000000
vn -0.63438998 -0.77301317 0.00000000
vn -0.77301115 -0.63439244 0.00000000
vn -0.77301115 -0.63439244 0.00000000
vn -0.77301115 -0.63439244 0.00000000
vn -0.88192204 -0.47139528 0.00000000
vn -0.88192204 -0.47139528 0.00000000
vn -0.88192204 -0.47139528 0.00000000
vn -0.95694057 -0.29028390 0.00000000
vn -0.95694057 -0.29028390 0.00000000
vn -0.95694057 -0.29028390 0.00000000
vn -0.99518475 -0.09801693 0.00000000
vn -0.99518475 -0.09801693 0.00000000
vn -0.99518475 -0.09801693 0.00000000
vn -0.99518490 0.09801538 0.00000000
vn -0.99518490 0.09801538 0.00000000
vn -0.99518490 0.09801538 0.00000000
vn -0.95694092 0.29028275 0.00000000
vn -0.95694092 0.29028275 0.00000000
vn -0.95694092 0.29028275 0.00000000
vn -0.88192285 0.47139378 0.00000000
vn -0.88192285 0.47139378 0.00000000
vn -0.88192285 0.47139378 0.00000000
vn -0.77301165 0.63439183 0.00000000
vn -0.77301165 0.63439183 0.00000000
vn -0.77301165 0.63439183 0.00000000
vn -0.63439118 0.77301218 0.00000000
vn -0.63439118 0.77301218 0.00000000
vn -0.63439118 0.77301218 0.00000000
vn -0.47139944 0.88191982 0.00000000
vn -0.47139944 0.88191982 0.00000000
vn -0.47139944 0.88191982 0.00000000
vn 0.00000000 0.00000000 -1.00000000
vn 0.00000000 0.00000000 -1.00000000
vn 0.00000000 0.00000000 -1.00000000
vn -0.29028262 0.95694096 0.00000000
vn -0.29028262 0.95694096 0.00000000
vn -0.29028262 0.95694096 0.00000000
vn -0.09801904 0.99518454 0.00000000
vn -0.09801904 0.99518454 0.00000000
vn -0.09801904 0.99518454 0.00000000
vn 0.00000000 0.00000000 1.00000000
vn 0.00000000 0.00000000 1.00000000
vn 0.00000000 0.00000000 1.00000000
vn 0.09801560 0.99518488 0.00000000
vn 0.29028505 0.95694022 0.00000000
vn 0.47139362 0.88192293 0.00000000
vn 0.63439389 0.77300996 0.00000000
vn 0.77300670 0.63439786 0.00000000
vn 0.88192184 0.47139566 0.00000000
vn 0.95694042 0.29028441 0.00000000
vn 0.99518474 0.09801699 0.00000000
vn 0.99518579 -0.09800638 0.00000000
vn 0.95693834 -0.29029125 0.00000000
vn 0.88192278 -0.47139390 0.00000000
vn 0.77301262 -0.63439064 0.00000000
vn 0.63439632 -0.77300796 0.00000000
vn 0.47139625 -0.88192153 0.00000000
vn 0.29028644 -0.95693980 0.00000000
vn 0.09801804 -0.99518464 0.00000000
vn -0.09801654 -0.99518479 0.00000000
vn -0.29028505 -0.95694022 0.00000000
vn -0.47139456 -0.88192243 0.00000000
vn -0.63438998 -0.77301317 0.00000000
vn -0.77301115 -0.63439244 0.00000000
vn -0.88192204 -0.47139528 0.00000000
vn -0.95694057 -0.29028390 0.00000000
vn -0.99518475 -0.09801693 0.00000000
vn -0.99518490 0.09801538 0.00000000
vn -0.95694092 0.29028275 0.00000000
vn -0.88192285 0.47139378 0.00000000
vn -0.77301165 0.63439183 0.00000000
vn -0.63439118 0.77301218 0.00000000
vn -0.47139944 0.88191982 0.00000000
vn 0.00000000 0.00000000 -1.00000000
vn 0.00000000 0.00000000 -1.00000000
vn 0.00000000 0.00000000 -1.00000000
vn 0.00000000 0.00000000 -1.00000000
vn 0.00000000 0.00000000 -1.00000000
vn 0.00000000 0.00000000 -1.00000000
vn 0.00000000 0.00000000 -1.00000000
vn 0.00000000 0.00000000 -1.00000000
vn 0.00000000 0.00000000 -1.00000000
vn 0.00000000 0.00000000 -1.00000000
vn 0.00000000 0.00000000 -1.00000000
vn 0.00000000 0.00000000 -1.00000000
vn 0.00000000 0.00000000 -1.00000000
vn 0.00000000 0.00000000 -1.00000000
vn 0.00000000 0.00000000 -1.00000000
vn 0.00000000 0.00000000 -1.00000000
vn 0.00000000 0.00000000 -1.00000000
vn 0.00000000 0.00000000 -1.00000000
vn 0.00000000 0.00000000 -1.00000000
vn 0.00000000 0.00000000 -1.00000000
vn 0.00000000 0.00000000 -1.00000000
vn 0.00000000 0.00000000 -1.00000000
vn 0.00000000 0.00000000 -1.00000000
vn 0.00000000 0.00000000 -1.00000000
vn 0.00000000 0.00000000 -1.00000000
vn 0.00000000 0.00000000 -1.00000000
vn 0.00000000 0.00000000 -1.00000000
vn 0.00000000 0.00000000 -1.00000000
vn 0.00000000 0.00000000 -1.00000000
vn -0.29028262 0.95694096 0.00000000
vn -0.09801904 0.99518454 0.00000000
vn 0.00000000 0.00000000 1.00000000
vn 0.00000000 0.00000000 1.00000000
vn 0.00000000 0.00000000 1.00000000
vn 0.00000000 0.00000000 1.00000000
vn 0.00000000 0.00000000 1.00000000
vn 0.00000000 0.00000000 1.00000000
vn 0.00000000 0.00000000 1.00000000
vn 0.00000000 0.00000000 1.00000000
vn 0.00000000 0.00000000 1.00000000
vn 0.00000000 0.00000000 1.00000000
vn 0.00000000 0.00000000 1.00000000
vn 0.00000000 0.00000000 1.00000000
vn 0.00000000 0.00000000 1.00000000
vn 0.00000000 0.00000000 1.00000000
vn 0.00000000 0.00000000 1.00000000
vn 0.00000000 0.00000000 1.00000000
vn 0.00000000 0.00000000 1.00000000
vn 0.00000000 0.00000000 1.00000000
vn 0.00000000 0.00000000 1.00000000
vn 0.00000000 0.00000000 1.00000000
vn 0.00000000 0.00000000 1.00000000
vn 0.00000000 0.00000000 1.00000000
vn 0.00000000 0.00000000 1.00000000
vn 0.00000000 0.00000000 1.00000000
vn 0.00000000 0.00000000 1.00000000
vn 0.00000000 0.00000000 1.00000000
vn 0.00000000 0.00000000 1.00000000
vn 0.00000000 0.00000000 1.00000000
vn 0.00000000 0.00000000 1.00000000
vt 0.00000000 0.00000000
vt 0.00000000 0.00000000
vt 0.00000000 0.00000000
vt 0.00000000 0.00000000
vt 0.00000000 0.00000000
vt 0.00000000 0.00000000
vt 0.00000000 0.00000000
vt 0.00000000 0.00000000
vt 0.00000000 0.00000000
vt 0.00000000 0.00000000
vt 0.00000000 0.00000000
vt 0.00000000 0.00000000
vt 0.00000000 0.00000000
vt 0.00000000 0.00000000
vt 0.00000000 0.00000000
vt 0.00000000 0.00000000
vt 0.00000000 0.00000000
vt 0.00000000 0.00000000
vt 0.00000000 0.00000000
vt 0.00000000 0.00000000
vt 0.00000000 0.00000000
vt 0.00000000 0.00000000
vt 0.00000000 0.00000000
vt 0.00000000 0.00000000
vt 0.00000000 0.00000000
vt 0.00000000 0.00000000
vt 0.00000000 0.00000000
vt 0.00000000 0.00000000
vt 0.00000000 0.00000000
vt 0.00000000 0.00000000
vt 0.00000000 0.00000000
vt 0.00000000 0.00000000
vt 0.00000000 0.00000000
vt 0.00000000 0.00000000
vt 0.00000000 0.00000000
vt 0.00000000 0.00000000
vt 0.00000000 0.00000000
vt 0.00000000 0.00000000
vt 0.00000000 0.00000000
vt 0.00000000 0.00000000
vt 0.00000000 0.00000000
vt 0.00000000 0.00000000
vt 0.00000000 0.00000000
vt 0.00000000 0.00000000
vt 0.00000000 0.00000000
vt 0.00000000 0.00000000
vt 0.00000000 0.00000000
vt 0.00000000 0.00000000
vt 0.00000000 0.00000000
vt 0.00000000 0.00000000
vt 0.00000000 0.00000000
vt 0.00000000 0.00000000
vt 0.00000000 0.00000000
vt 0.00000000 0.00000000
vt 0.00000000 0.00000000
vt 0.00000000 0.00000000
vt 0.00000000 0.00000000
vt 0.00000000 0.00000000
vt 0.00000000 0.00000000
vt 0.00000000 0.00000000
vt 0.00000000 0.00000000
vt 0.00000000 0.00000000
vt 0.00000000 0.00000000
vt 0.00000000 0.00000000
vt 0.00000000 0.00000000
vt 0.00000000 0.00000000
vt 0.00000000 0.00000000
vt 0.00000000 0.00000000
vt 0.00000000 0.00000000
vt 0.00000000 0.00000000
vt 0.00000000 0.00000000
vt 0.00000000 0.00000000
vt 0.00000000 0.00000000
vt 0.00000000 0.00000000
vt 0.00000000 0.00000000
vt 0.00000000 0.00000000
vt 0.00000000 0.00000000
vt 0.00000000 0.00000000
vt 0.00000000 0.00000000
vt 0.00000000 0.00000000
vt 0.00000000 0.00000000
vt 0.00000000 0.00000000
vt 0.00000000 0.00000000
vt 0.00000000 0.00000000
vt 0.00000000 0.00000000
vt 0.00000000 0.00000000
vt 0.00000000 0.00000000
vt 0.00000000 0.00000000
vt 0.00000000 0.00000000
vt 0.00000000 0.00000000
vt 0.00000000 0.00000000
vt 0.00000000 0.00000000
vt 0.00000000 0.00000000
vt 0.00000000 0.00000000
vt 0.00000000 0.00000000
vt 0.00000000 0.00000000
vt 0.00000000 0.00000000
vt 0.00000000 0.00000000
vt 0.00000000 0.00000000
vt 0.00000000 0.00000000
vt 0.00000000 0.00000000
vt 0.00000000 0.00000000
vt 0.00000000 0.00000000
vt 0.00000000 0.00000000
vt 0.00000000 0.00000000
vt 0.00000000 0.00000000
vt 0.00000000 0.00000000
vt 0.00000000 0.00000000
vt 0.00000000 0.00000000
vt 0.00000000 0.00000000
vt 0.00000000 0.00000000
vt 0.00000000 0.00000000
vt 0.00000000 0.00000000
vt 0.00000000 0.00000000
vt 0.00000000 0.00000000
vt 0.00000000 0.00000000
vt 0.00000000 0.00000000
vt 0.00000000 0.00000000
vt 0.00000000 0.00000000
vt 0.00000000 0.00000000
vt 0.00000000 0.00000000
vt 0.00000000 0.00000000
vt 0.00000000 0.00000000
vt 0.00000000 0.00000000
vt 0.00000000 0.00000000
vt 0.00000000 0.00000000
vt 0.00000000 0.00000000
vt 0.00000000 0.00000000
vt 0.00000000 0.00000000
vt 0.00000000 0.00000000
vt 0.00000000 0.00000000
vt 0.00000000 0.00000000
vt 0.00000000 0.00000000
vt 0.00000000 0.00000000
vt 0.00000000 0.00000000
vt 0.00000000 0.00000000
vt 0.00000000 0.00000000
vt 0.00000000 0.00000000
vt 0.00000000 0.00000000
vt 0.00000000 0.00000000
vt 0.00000000 0.00000000
vt 0.00000000 0.00000000
vt 0.00000000 0.00000000
vt 0.00000000 0.00000000
vt 0.00000000 0.00000000
vt 0.00000000 0.00000000
vt 0.00000000 0.00000000
vt 0.00000000 0.00000000
vt 0.00000000 0.00000000
vt 0.00000000 0.00000000
vt 0.00000000 0.00000000
vt 0.00000000 0.00000000
vt 0.00000000 0.00000000
vt 0.00000000 0.00000000
vt 0.00000000 0.00000000
vt 0.00000000 0.00000000
vt 0.00000000 0.00000000
vt 0.00000000 0.00000000
vt 0.00000000 0.00000000
vt 0.00000000 0.00000000
vt 0.00000000 0.00000000
vt 0.00000000 0.00000000
vt 0.00000000 0.00000000
vt 0.00000000 0.00000000
vt 0.00000000 0.00000000
vt 0.00000000 0.00000000
vt 0.00000000 0.00000000
vt 0.00000000 0.00000000
vt 0.00000000 0.00000000
vt 0.00000000 0.00000000
vt 0.00000000 0.00000000
vt 0.00000000 0.00000000
vt 0.00000000 0.00000000
vt 0.00000000 0.00000000
vt 0.00000000 0.00000000
vt 0.00000000 0.00000000
vt 0.00000000 0.00000000
vt 0.00000000 0.00000000
vt 0.00000000 0.00000000
vt 0.00000000 0.00000000
vt 0.00000000 0.00000000
vt 0.00000000 0.00000000
vt 0.00000000 0.00000000
vt 0.00000000 0.00000000
vt 0.00000000 0.00000000
vt 0.00000000 0.00000000
vt 0.00000000 0.00000000
vt 0.00000000 0.00000000
vt 0.00000000 0.00000000
vt 0.00000000 0.00000000
vt 0.00000000 0.00000000
vt 0.00000000 0.00000000
f 3309/3309/3309 3310/3310/3310 3311/3311/3311
f 3312/3312/3312 3313/3313/3313 3314/3314/3314
f 3315/3315/3315 3316/3316/3316 3317/3317/3317
f 3318/3318/3318 3319/3319/3319 3320/3320/3320
f 3321/3321/3321 3322/3322/3322 3323/3323/3323
f 3324/3324/3324 3325/3325/3325 3326/3326/3326
f 3327/3327/3327 3328/3328/3328 3329/3329/3329
f 3330/3330/3330 3331/3331/3331 3332/3332/3332
f 3333/3333/3333 3334/3334/3334 3335/3335/3335
f 3336/3336/3336 3337/3337/3337 3338/3338/3338
f 3339/3339/3339 3340/3340/3340 3341/3341/3341
f 3342/3342/3342 3343/3343/3343 3344/3344/3344
f 3345/3345/3345 3346/3346/3346 3347/3347/3347
f 3348/3348/3348 3349/3349/3349 3350/3350/3350
f 3351/3351/3351 3352/3352/3352 3353/3353/3353
f 3354/3354/3354 3355/3355/3355 3356/3356/3356
f 3357/3357/3357 3358/3358/3358 3359/3359/3359
f 3360/3360/3360 3361/3361/3361 3362/3362/3362
f 3363/3363/3363 3364/3364/3364 3365/3365/3365
f 3366/3366/3366 3367/3367/3367 3368/3368/3368
f 3369/3369/3369 3370/3370/3370 3371/3371/3371
f 3372/3372/3372 3373/3373/3373 3374/3374/3374
f 3375/3375/3375 3376/3376/3376 3377/3377/3377
f 3378/3378/3378 3379/3379/3379 3380/3380/3380
f 3381/3381/3381 3382/3382/3382 3383/3383/3383
f 3384/3384/3384 3385/3385/3385 3386/3386/3386
f 3387/3387/3387 3388/3388/3388 3389/3389/3389
f 3390/3390/3390 3391/3391/3391 3392/3392/3392
f 3393/3393/3393 3394/3394/3394 3395/3395/3395
f 3396/3396/3396 3397/3397/3397 3398/3398/3398
f 3399/3399/3399 3400/3400/3400 3401/3401/3401
f 3402/3402/3402 3403/3403/3403 3404/3404/3404
f 3405/3405/3405 3406/3406/3406 3407/3407/3407
f 3408/3408/3408 3409/3409/3409 3410/3410/3410
f 3309/3309/3309 3411/3411/3411 3310/3310/3310
f 3312/3312/3312 3412/3412/3412 3313/3313/3313
f 3315/3315/3315 3413/3413/3413 3316/3316/3316
f 3318/3318/3318 3414/3414/3414 3319/3319/3319
f 3321/3321/3321 3415/3415/3415 3322/3322/3322
f 3324/3324/3324 3416/3416/3416 3325/3325/3325
f 3327/3327/3327 3417/3417/3417 3328/3328/3328
f 3330/3330/3330 3418/3418/3418 3331/3331/3331
f 3333/3333/3333 3419/3419/3419 3334/3334/3334
f 3336/3336/3336 3420/3420/3420 3337/3337/3337
f 3339/3339/3339 3421/3421/3421 3340/3340/3340
f 3342/3342/3342 3422/3422/3422 3343/3343/3343
f 3345/3345/3345 3423/3423/3423 3346/3346/3346
f 3348/3348/3348 3424/3424/3424 3349/3349/3349
f 3351/3351/3351 3425/3425/3425 3352/3352/3352
f 3354/3354/3354 3426/3426/3426 3355/3355/3355
f 3357/3357/3357 3427/3427/3427 3358/3358/3358
f 3360/3360/3360 3428/3428/3428 3361/3361/3361
f 3363/3363/3363 3429/3429/3429 3364/3364/3364
f 3366/3366/3366 3430/3430/3430 3367/3367/3367
f 3369/3369/3369 3431/3431/3431 3370/3370/3370
f 3372/3372/3372 3432/3432/3432 3373/3373/3373
f 3375/3375/3375 3433/3433/3433 3376/3376/3376
f 3378/3378/3378 3434/3434/3434 3379/3379/3379
f 3381/3381/3381 3435/3435/3435 3382/3382/3382
f 3384/3384/3384 3436/3436/3436 3385/3385/3385
f 3387/3387/3387 3437/3437/3437 3388/3388/3388
f 3390/3390/3390 3438/3438/3438 3391/3391/3391
f 3393/3393/3393 3439/3439/3439 3394/3394/3394
f 3396/3396/3396 3440/3440/3440 3397/3397/3397
f 3441/3441/3441 3442/3442/3442 3443/3443/3443
f 3443/3443/3443 3444/3444/3444 3445/3445/3445
f 3445/3445/3445 3446/3446/3446 3447/3447/3447
f 3447/3447/3447 3448/3448/3448 3445/3445/3445
f 3401/3401/3401 3449/3449/3449 3450/3450/3450
f 3450/3450/3450 3451/3451/3451 3452/3452/3452
f 3452/3452/3452 3453/3453/3453 3454/3454/3454
f 3454/3454/3454 3455/3455/3455 3399/3399/3399
f 3399/3399/3399 3456/3456/3456 3457/3457/3457
f 3457/3457/3457 3458/3458/3458 3459/3459/3459
f 3459/3459/3459 3460/3460/3460 3461/3461/3461
f 3461/3461/3461 3462/3462/3462 3459/3459/3459
f 3400/3400/3400 3463/3463/3463 3464/3464/3464
f 3464/3464/3464 3465/3465/3465 3466/3466/3466
f 3466/3466/3466 3467/3467/3467 3441/3441/3441
f 3468/3468/3468 3469/3469/3469 3441/3441/3441
f 3441/3441/3441 3443/3443/3443 3445/3445/3445
f 3445/3445/3445 3448/3448/3448 3401/3401/3401
f 3401/3401/3401 3450/3450/3450 3399/3399/3399
f 3452/3452/3452 3454/3454/3454 3399/3399/3399
f 3399/3399/3399 3457/3457/3457 3400/3400/3400
f 3459/3459/3459 3462/3462/3462 3400/3400/3400
f 3400/3400/3400 3464/3464/3464 3441/3441/3441
f 3467/3467/3467 3468/3468/3468 3441/3441/3441
f 3441/3441/3441 3445/3445/3445 3401/3401/3401
f 3450/3450/3450 3452/3452/3452 3399/3399/3399
f 3457/3457/3457 3459/3459/3459 3400/3400/3400
f 3464/3464/3464 3466/3466/3466 3441/3441/3441
f 3441/3441/3441 3401/3401/3401 3400/3400/3400
f 3402/3402/3402 3470/3470/3470 3403/3403/3403
f 3405/3405/3405 3471/3471/3471 3406/3406/3406
f 3410/3410/3410 3472/3472/3472 3473/3473/3473
f 3473/3473/3473 3474/3474/3474 3475/3475/3475
f 3475/3475/3475 3476/3476/3476 3477/3477/3477
f 3477/3477/3477 3478/3478/3478 3475/3475/3475
f 3479/3479/3479 3480/3480/3480 3481/3481/3481
f 3481/3481/3481 3482/3482/3482 3483/3483/3483
f 3483/3483/3483 3484/3484/3484 3485/3485/3485
f 3485/3485/3485 3486/3486/3486 3483/3483/3483
f 3408/3408/3408 3487/3487/3487 3488/3488/3488
f 3488/3488/3488 3489/3489/3489 3408/3408/3408
f 3490/3490/3490 3491/3491/3491 3492/3492/3492
f 3492/3492/3492 3493/3493/3493 3409/3409/3409
f 3409/3409/3409 3494/3494/3494 3495/3495/3495
f 3495/3495/3495 3496/3496/3496 3497/3497/3497
f 3497/3497/3497 3498/3498/3498 3410/3410/3410
f 3499/3499/3499 3500/3500/3500 3410/3410/3410
f 3410/3410/3410 3473/3473/3473 3479/3479/3479
f 3475/3475/3475 3478/3478/3478 3479/3479/3479
f 3479/3479/3479 3481/3481/3481 3408/3408/3408
f 3483/3483/3483 3486/3486/3486 3408/3408/3408
f 3408/3408/3408 3489/3489/3489 3490/3490/3490
f 3490/3490/3490 3492/3492/3492 3408/3408/3408
f 3409/3409/3409 3495/3495/3495 3410/3410/3410
f 3498/3498/3498 3499/3499/3499 3410/3410/3410
f 3473/3473/3473 3475/3475/3475 3479/3479/3479
f 3481/3481/3481 3483/3483/3483 3408/3408/3408
f 3408/3408/3408 3492/3492/3492 3409/3409/3409
f 3495/3495/3495 3497/3497/3497 3410/3410/3410
f 3410/3410/3410 3479/3479/3479 3408/3408/3408

o part_006
usemtl material_0
v -0.06267292 0.07281726 -0.03847661
v -0.06626055 0.07317061 0.04756209
v -0.06267292 0.07281726 0.04756209
v -0.06626055 0.07317061 -0.03847661
v -0.06971031 0.07421708 0.04756209
v -0.06626055 0.07317061 0.04756209
v -0.06971031 0.07421708 -0.03847661
v -0.07288964 0.07591646 0.04756209
v -0.06971031 0.07421708 0.04756209
v -0.07288964 0.07591646 -0.03847661
v -0.07567634 0.07820344 0.04756209
v -0.07288964 0.07591646 0.04756209
v -0.07567634 0.07820344 -0.03847661
v -0.07796333 0.08099014 0.04756209
v -0.07567634 0.07820344 0.04756209
v -0.07796333 0.08099014 -0.03847661
v -0.07966272 0.08416945 0.04756209
v -0.07796333 0.08099014 0.04756209
v -0.07966271 0.08416945 -0.03847661
v -0.08070919 0.08761922 0.04756209
v -0.07966272 0.08416945 0.04756209
v -0.08070919 0.08761922 -0.03847661
v -0.08106255 0.09120686 0.04756209
v -0.08070919 0.08761922 0.04756209
v -0.08106255 0.09120686 -0.03847661
v -0.08070920 0.09479449 0.04756209
v -0.08106255 0.09120686 0.04756209
v -0.08070920 0.09479449 -0.03847661
v -0.07966272 0.09824426 0.04756209
v -0.08070920 0.09479449 0.04756209
v -0.07966273 0.09824426 -0.03847661
v -0.07796335 0.10142358 0.04756209
v -0.07966272 0.09824426 0.04756209
v -0.07796335 0.10142358 -0.03847661
v -0.07567636 0.10421028 0.04756209
v -0.07796335 0.10142358 0.04756209
v -0.07567636 0.10421028 -0.03847661
v -0.07288966 0.10649728 0.04756209
v -0.07567636 0.10421028 0.04756209
v -0.07288966 0.10649728 -0.03847661
v -0.06971034 0.10819667 0.04756209
v -0.07288966 0.10649728 0.04756209
v -0.06971034 0.10819667 -0.03847661
v -0.06626057 0.10924315 0.04756209
v -0.06971034 0.10819667 0.04756209
v -0.06626057 0.10924315 -0.03847661
v -0.06267293 0.10959651 0.04756209
v -0.06626057 0.10924315 0.04756209
v -0.06267293 0.10959651 -0.03847661
v -0.05908530 0.10924315 0.04756209
v -0.06267293 0.10959651 0.04756209
v -0.05908530 0.10924315 0.04756209
v -0.05563553 0.10819667 -0.03847661
v -0.05563552 0.10819667 0.04756209
v -0.05563553 0.10819667 -0.03847661
v -0.05245620 0.10649729 0.04756209
v -0.05563552 0.10819667 0.04756209
v -0.05245620 0.10649729 -0.03847661
v -0.04966950 0.10421030 0.04756209
v -0.05245620 0.10649729 0.04756209
v -0.04966950 0.10421030 -0.03847661
v -0.04738252 0.10142361 0.04756209
v -0.04966950 0.10421030 0.04756209
v -0.04738251 0.10142361 -0.03847661
v -0.04568313 0.09824428 0.04756209
v -0.04738252 0.10142361 0.04756209
v -0.04568313 0.09824428 -0.03847661
v -0.04463666 0.09479451 0.04756209
v -0.04568313 0.09824428 0.04756209
v -0.04463665 0.09479451 -0.03847661
v -0.04428331 0.09120687 0.04756209
v -0.04463666 0.09479451 0.04756209
v -0.04428330 0.09120687 -0.03847661
v -0.04463666 0.08761924 0.04756209
v -0.04428331 0.09120687 0.04756209
v -0.04463665 0.08761924 -0.03847661
v -0.04568314 0.08416946 0.04756209
v -0.04463666 0.08761924 0.04756209
v -0.04568313 0.08416946 -0.03847661
v -0.04738252 0.08099014 0.04756209
v -0.04568314 0.08416946 0.04756209
v -0.04738252 0.08099014 -0.03847661
v -0.04966951 0.07820344 0.04756209
v -0.04738252 0.08099014 0.04756209
v -0.04966951 0.07820344 -0.03847661
v -0.05245620 0.07591646 0.04756209
v -0.04966951 0.07820344 0.04756209
v -0.05245621 0.07591646 -0.03847661
v -0.05563553 0.07421708 0.04756209
v -0.05245620 0.07591646 0.04756209
v -0.05563553 0.10819667 -0.03847661
v -0.07966271 0.08416945 -0.03847661
v -0.06971031 0.07421708 -0.03847661
v -0.05563553 0.07421708 -0.03847661
v -0.05908531 0.07317061 0.04756209
v -0.05563553 0.07421708 0.04756209
v -0.05908531 0.07317061 0.04756209
v -0.06267292 0.07281726 -0.03847661
v -0.06267292 0.07281726 0.04756209
v -0.06626057 0.10924315 0.04756209
v -0.04463666 0.09479451 0.04756209
v -0.05908531 0.07317061 0.04756209
v -0.06626055 0.07317061 -0.03847661
v -0.06971031 0.07421708 -0.03847661
v -0.07288964 0.07591646 -0.03847661
v -0.07567634 0.07820344 -0.03847661
v -0.07796333 0.08099014 -0.03847661
v -0.07966271 0.08416945 -0.03847661
v -0.08070919 0.08761922 -0.03847661
v -0.08106255 0.09120686 -0.03847661
v -0.08070920 0.09479449 -0.03847661
v -0.07966273 0.09824426 -0.03847661
v -0.07796335 0.10142358 -0.03847661
v -0.07567636 0.10421028 -0.03847661
v -0.07288966 0.10649728 -0.03847661
v -0.06971034 0.10819667 -0.03847661
v -0.06626057 0.10924315 -0.03847661
v -0.06267293 0.10959651 -0.03847661
v -0.05908530 0.10924315 -0.03847661
v -0.05908530 0.10924315 -0.03847661
v -0.05245620 0.10649729 -0.03847661
v -0.04966950 0.10421030 -0.03847661
v -0.04738251 0.10142361 -0.03847661
v -0.04568313 0.09824428 -0.03847661
v -0.04463665 0.09479451 -0.03847661
v -0.04428330 0.09120687 -0.03847661
v -0.04463665 0.08761924 -0.03847661
v -0.04568313 0.08416946 -0.03847661
v -0.04738252 0.08099014 -0.03847661
v -0.04966951 0.07820344 -0.03847661
v -0.05245621 0.07591646 -0.03847661
v -0.05563553 0.07421708 -0.03847661
v -0.06626055 0.07317061 -0.03847661
v -0.06267292 0.07281726 -0.03847661
v -0.05908531 0.07317061 -0.03847661
v -0.05563553 0.07421708 -0.03847661
v -0.05245621 0.07591646 -0.03847661
v -0.04568313 0.08416946 -0.03847661
v -0.04966951 0.07820344 -0.03847661
v -0.04738252 0.08099014 -0.03847661
v -0.04463665 0.08761924 -0.03847661
v -0.04428330 0.09120687 -0.03847661
v -0.04463665 0.09479451 -0.03847661
v -0.04568313 0.09824428 -0.03847661
v -0.04738251 0.10142361 -0.03847661
v -0.04966950 0.10421030 -0.03847661
v -0.05245620 0.10649729 -0.03847661
v -0.05908530 0.10924315 -0.03847661
v -0.06267293 0.10959651 -0.03847661
v -0.06626057 0.10924315 -0.03847661
v -0.06971034 0.10819667 -0.03847661
v -0.07288966 0.10649728 -0.03847661
v -0.07567636 0.10421028 -0.03847661
v -0.07796335 0.10142358 -0.03847661
v -0.07966273 0.09824426 -0.03847661
v -0.08070920 0.09479449 -0.03847661
v -0.08106255 0.09120686 -0.03847661
v -0.08070919 0.08761922 -0.03847661
v -0.07796333 0.08099014 -0.03847661
v -0.07567634 0.07820344 -0.03847661
v -0.07288964 0.07591646 -0.03847661
v -0.05908531 0.07317061 -0.03847661
v -0.05908531 0.07317061 -0.03847661
v -0.06267292 0.07281726 0.04756209
v -0.06626055 0.07317061 0.04756209
v -0.06971031 0.07421708 0.04756209
v -0.07288964 0.07591646 0.04756209
v -0.07567634 0.07820344 0.04756209
v -0.08070919 0.08761922 0.04756209
v -0.07796333 0.08099014 0.04756209
v -0.07966272 0.08416945 0.04756209
v -0.08106255 0.09120686 0.04756209
v -0.08070920 0.09479449 0.04756209
v -0.07966272 0.09824426 0.04756209
v -0.07796335 0.10142358 0.04756209
v -0.07567636 0.10421028 0.04756209
v -0.07288966 0.10649728 0.04756209
v -0.06971034 0.10819667 0.04756209
v -0.06267293 0.10959651 0.04756209
v -0.05908530 0.10924315 0.04756209
v -0.05563552 0.10819667 0.04756209
v -0.05245620 0.10649729 0.04756209
v -0.04966950 0.10421030 0.04756209
v -0.04738252 0.10142361 0.04756209
v -0.04568313 0.09824428 0.04756209
v -0.04428331 0.09120687 0.04756209
v -0.04463666 0.08761924 0.04756209
v -0.04568314 0.08416946 0.04756209
v -0.04738252 0.08099014 0.04756209
v -0.04966951 0.07820344 0.04756209
v -0.05245620 0.07591646 0.04756209
v -0.05563553 0.07421708 0.04756209
vn -0.09801642 -0.99518480 0.00000000
vn -0.09801642 -0.99518480 0.00000000
vn -0.09801642 -0.99518480 0.00000000
vn -0.29028367 -0.95694064 0.00000000
vn -0.29028367 -0.95694064 0.00000000
vn -0.29028367 -0.95694064 0.00000000
vn -0.47139592 -0.88192170 0.00000000
vn -0.47139592 -0.88192170 0.00000000
vn -0.47139592 -0.88192170 0.00000000
vn -0.63439196 -0.77301154 0.00000000
vn -0.63439196 -0.77301154 0.00000000
vn -0.63439196 -0.77301154 0.00000000
vn -0.77300952 -0.63439442 0.00000000
vn -0.77300952 -0.63439442 0.00000000
vn -0.77300952 -0.63439442 0.00000000
vn -0.88192132 -0.47139663 -0.00000006
vn -0.88192066 -0.47139787 -0.00000000
vn -0.88192064 -0.47139791 0.00000000
vn -0.95693992 -0.29028605 -0.00000000
vn -0.95694036 -0.29028459 -0.00000007
vn -0.95694037 -0.29028455 -0.00000007
vn -0.99518464 -0.09801803 -0.00000005
vn -0.99518452 -0.09801922 -0.00000000
vn -0.99518452 -0.09801925 0.00000000
vn -0.99518479 0.09801650 -0.00000000
vn -0.99518467 0.09801768 -0.00000005
vn -0.99518467 0.09801771 -0.00000005
vn -0.95694080 0.29028313 0.00000007
vn -0.95694036 0.29028459 0.00000000
vn -0.95694035 0.29028463 0.00000000
vn -0.88192139 0.47139650 0.00000000
vn -0.88192205 0.47139526 0.00000006
vn -0.88192207 0.47139523 0.00000006
vn -0.77301043 0.63439332 0.00000000
vn -0.77301043 0.63439332 0.00000000
vn -0.77301043 0.63439332 0.00000000
vn -0.63439542 0.77300870 0.00000000
vn -0.63439542 0.77300870 0.00000000
vn -0.63439542 0.77300870 0.00000000
vn -0.47139893 0.88192009 0.00000000
vn -0.47139893 0.88192009 0.00000000
vn -0.47139893 0.88192009 0.00000000
vn -0.29028417 0.95694049 0.00000000
vn -0.29028417 0.95694049 0.00000000
vn -0.29028417 0.95694049 0.00000000
vn -0.09801966 0.99518448 0.00000000
vn -0.09801966 0.99518448 0.00000000
vn -0.09801966 0.99518448 0.00000000
vn 0.09801814 0.99518463 0.00000000
vn 0.09801814 0.99518463 0.00000000
vn 0.09801814 0.99518463 0.00000000
vn 0.29028595 0.95693995 -0.00000002
vn 0.29028651 0.95693978 -0.00000000
vn 0.29028594 0.95693995 -0.00000003
vn 0.47139572 0.88192181 -0.00000000
vn 0.47139655 0.88192136 -0.00000004
vn 0.47139657 0.88192135 -0.00000004
vn 0.63439315 0.77301057 0.00000004
vn 0.63439393 0.77300993 0.00000000
vn 0.63439395 0.77300991 0.00000000
vn 0.77301066 0.63439303 0.00000003
vn 0.77301027 0.63439350 0.00000005
vn 0.77301026 0.63439352 0.00000005
vn 0.88192126 0.47139675 0.00000003
vn 0.88192126 0.47139675 0.00000003
vn 0.88192126 0.47139675 0.00000003
vn 0.95694037 0.29028458 0.00000003
vn 0.95694037 0.29028458 0.00000003
vn 0.95694037 0.29028458 0.00000003
vn 0.99518476 0.09801676 0.00000007
vn 0.99518484 0.09801597 0.00000004
vn 0.99518484 0.09801595 0.00000004
vn 0.99518472 -0.09801725 0.00000005
vn 0.99518475 -0.09801686 0.00000007
vn 0.99518476 -0.09801685 0.00000007
vn 0.95694014 -0.29028533 0.00000003
vn 0.95694025 -0.29028497 0.00000005
vn 0.95694025 -0.29028496 0.00000005
vn 0.88192148 -0.47139634 0.00000003
vn 0.88192148 -0.47139634 0.00000003
vn 0.88192148 -0.47139634 0.00000003
vn 0.77301031 -0.63439346 0.00000001
vn 0.77301051 -0.63439322 0.00000003
vn 0.77301051 -0.63439321 0.00000003
vn 0.63439116 -0.77301219 -0.00000003
vn 0.63439194 -0.77301155 0.00000001
vn 0.63439197 -0.77301153 0.00000001
vn 0.47139661 -0.88192133 -0.00000000
vn 0.47139611 -0.88192160 -0.00000002
vn 0.47139610 -0.88192161 -0.00000002
vn 0.00000000 0.00000000 -1.00000000
vn 0.00000000 0.00000000 -1.00000000
vn 0.00000000 0.00000000 -1.00000000
vn 0.29028264 -0.95694095 0.00000000
vn 0.29028264 -0.95694095 0.00000000
vn 0.29028264 -0.95694095 0.00000000
vn 0.09801672 -0.99518477 0.00000000
vn 0.09801672 -0.99518477 0.00000000
vn 0.09801672 -0.99518477 0.00000000
vn 0.00000000 0.00000000 1.00000000
vn 0.00000000 0.00000000 1.00000000
vn 0.00000000 0.00000000 1.00000000
vn -0.09801642 -0.99518480 0.00000000
vn -0.29028367 -0.95694064 0.00000000
vn -0.47139592 -0.88192170 0.00000000
vn -0.63439196 -0.77301154 0.00000000
vn -0.77300952 -0.63439442 0.00000000
vn -0.88192134 -0.47139660 -0.00000006
vn -0.95693991 -0.29028609 0.00000000
vn -0.99518464 -0.09801800 -0.00000005
vn -0.99518479 0.09801646 0.00000000
vn -0.95694082 0.29028309 0.00000007
vn -0.88192137 0.47139653 0.00000000
vn -0.77301043 0.63439332 0.00000000
vn -0.63439542 0.77300870 0.00000000
vn -0.47139893 0.88192009 0.00000000
vn -0.29028417 0.95694049 0.00000000
vn -0.09801966 0.99518448 0.00000000
vn 0.09801814 0.99518463 0.00000000
vn 0.29028652 0.95693978 0.00000000
vn 0.47139570 0.88192182 0.00000000
vn 0.63439312 0.77301059 0.00000004
vn 0.77301067 0.63439302 0.00000003
vn 0.88192126 0.47139675 0.00000003
vn 0.95694037 0.29028458 0.00000003
vn 0.99518476 0.09801678 0.00000007
vn 0.99518471 -0.09801726 0.00000005
vn 0.95694013 -0.29028534 0.00000003
vn 0.88192148 -0.47139634 0.00000003
vn 0.77301031 -0.63439346 0.00000001
vn 0.63439114 -0.77301221 -0.00000003
vn 0.47139662 -0.88192133 0.00000000
vn 0.00000000 0.00000000 -1.00000000
vn 0.00000000 0.00000000 -1.00000000
vn 0.00000000 0.00000000 -1.00000000
vn 0.00000000 0.00000000 -1.00000000
vn 0.00000000 0.00000000 -1.00000000
vn 0.00000000 0.00000000 -1.00000000
vn 0.00000000 0.00000000 -1.00000000
vn 0.00000000 0.00000000 -1.00000000
vn 0.00000000 0.00000000 -1.00000000
vn 0.00000000 0.00000000 -1.00000000
vn 0.00000000 0.00000000 -1.00000000
vn 0.00000000 0.00000000 -1.00000000
vn 0.00000000 0.00000000 -1.00000000
vn 0.00000000 0.00000000 -1.00000000
vn 0.00000000 0.00000000 -1.00000000
vn 0.00000000 0.00000000 -1.00000000
vn 0.00000000 0.00000000 -1.00000000
vn 0.00000000 0.00000000 -1.00000000
vn 0.00000000 0.00000000 -1.00000000
vn 0.00000000 0.00000000 -1.00000000
vn 0.00000000 0.00000000 -1.00000000
vn 0.00000000 0.00000000 -1.00000000
vn 0.00000000 0.00000000 -1.00000000
vn 0.00000000 0.00000000 -1.00000000
vn 0.00000000 0.00000000 -1.00000000
vn 0.00000000 0.00000000 -1.00000000
vn 0.00000000 0.00000000 -1.00000000
vn 0.00000000 0.00000000 -1.00000000
vn 0.00000000 0.00000000 -1.00000000
vn 0.29028264 -0.95694095 0.00000000
vn 0.09801672 -0.99518477 0.00000000
vn 0.00000000 0.00000000 1.00000000
vn 0.00000000 0.00000000 1.00000000
vn 0.00000000 0.00000000 1.00000000
vn 0.00000000 0.00000000 1.00000000
vn 0.00000000 0.00000000 1.00000000
vn 0.00000000 0.00000000 1.00000000
vn 0.00000000 0.00000000 1.00000000
vn 0.00000000 0.00000000 1.00000000
vn 0.00000000 0.00000000 1.00000000
vn 0.00000000 0.00000000 1.00000000
vn 0.00000000 0.00000000 1.00000000
vn 0.00000000 0.00000000 1.00000000
vn 0.00000000 0.00000000 1.00000000
vn 0.00000000 0.00000000 1.00000000
vn 0.00000000 0.00000000 1.00000000
vn 0.00000000 0.00000000 1.00000000
vn 0.00000000 0.00000000 1.00000000
vn 0.00000000 0.00000000 1.00000000
vn 0.00000000 0.00000000 1.00000000
vn 0.00000000 0.00000000 1.00000000
vn 0.00000000 0.00000000 1.00000000
vn 0.00000000 0.00000000 1.00000000
vn 0.00000000 0.00000000 1.00000000
vn 0.00000000 0.00000000 1.00000000
vn 0.00000000 0.00000000 1.00000000
vn 0.00000000 0.00000000 1.00000000
vn 0.00000000 0.00000000 1.00000000
vn 0.00000000 0.00000000 1.00000000
vn 0.00000000 0.00000000 1.00000000
vt 0.00000000 0.00000000
vt 0.00000000 0.00000000
vt 0.00000000 0.00000000
vt 0.00000000 0.00000000
vt 0.00000000 0.00000000
vt 0.00000000 0.00000000
vt 0.00000000 0.00000000
vt 0.00000000 0.00000000
vt 0.00000000 0.00000000
vt 0.00000000 0.00000000
vt 0.00000000 0.00000000
vt 0.00000000 0.00000000
vt 0.00000000 0.00000000
vt 0.00000000 0.00000000
vt 0.00000000 0.00000000
vt 0.00000000 0.00000000
vt 0.00000000 0.00000000
vt 0.00000000 0.00000000
vt 0.00000000 0.00000000
vt 0.00000000 0.00000000
vt 0.00000000 0.00000000
vt 0.00000000 0.00000000
vt 0.00000000 0.00000000
vt 0.00000000 0.00000000
vt 0.00000000 0.00000000
vt 0.00000000 0.00000000
vt 0.00000000 0.00000000
vt 0.00000000 0.00000000
vt 0.00000000 0.00000000
vt 0.00000000 0.00000000
vt 0.00000000 0.00000000
vt 0.00000000 0.00000000
vt 0.00000000 0.00000000
vt 0.00000000 0.00000000
vt 0.00000000 0.00000000
vt 0.00000000 0.00000000
vt 0.00000000 0.00000000
vt 0.00000000 0.00000000
vt 0.00000000 0.00000000
vt 0.00000000 0.00000000
vt 0.00000000 0.00000000
vt 0.00000000 0.00000000
vt 0.00000000 0.00000000
vt 0.00000000 0.00000000
vt 0.00000000 0.00000000
vt 0.00000000 0.00000000
vt 0.00000000 0.00000000
vt 0.00000000 0.00000000
vt 0.00000000 0.00000000
vt 0.00000000 0.00000000
vt 0.00000000 0.00000000
vt 0.00000000 0.00000000
vt 0.00000000 0.00000000
vt 0.00000000 0.00000000
vt 0.00000000 0.00000000
vt 0.00000000 0.00000000
vt 0.00000000 0.00000000
vt 0.00000000 0.00000000
vt 0.00000000 0.00000000
vt 0.00000000 0.00000000
vt 0.00000000 0.00000000
vt 0.00000000 0.00000000
vt 0.00000000 0.00000000
vt 0.00000000 0.00000000
vt 0.00000000 0.00000000
vt 0.00000000 0.00000000
vt 0.00000000 0.00000000
vt 0.00000000 0.00000000
vt 0.00000000 0.00000000
vt 0.00000000 0.00000000
vt 0.00000000 0.00000000
vt 0.00000000 0.00000000
vt 0.00000000 0.00000000
vt 0.00000000 0.00000000
vt 0.00000000 0.00000000
vt 0.00000000 0.00000000
vt 0.00000000 0.00000000
vt 0.00000000 0.00000000
vt 0.00000000 0.00000000
vt 0.00000000 0.00000000
vt 0.00000000 0.00000000
vt 0.00000000 0.00000000
vt 0.00000000 0.00000000
vt 0.00000000 0.00000000
vt 0.00000000 0.00000000
vt 0.00000000 0.00000000
vt 0.00000000 0.00000000
vt 0.00000000 0.00000000
vt 0.00000000 0.00000000
vt 0.00000000 0.00000000
vt 0.00000000 0.00000000
vt 0.00000000 0.00000000
vt 0.00000000 0.00000000
vt 0.00000000 0.00000000
vt 0.00000000 0.00000000
vt 0.00000000 0.00000000
vt 0.00000000 0.00000000
vt 0.00000000 0.00000000
vt 0.00000000 0.00000000
vt 0.00000000 0.00000000
vt 0.00000000 0.00000000
vt 0.00000000 0.00000000
vt 0.00000000 0.00000000
vt 0.00000000 0.00000000
vt 0.00000000 0.00000000
vt 0.00000000 0.00000000
vt 0.00000000 0.00000000
vt 0.00000000 0.00000000
vt 0.00000000 0.00000000
vt 0.00000000 0.00000000
vt 0.00000000 0.00000000
vt 0.00000000 0.00000000
vt 0.00000000 0.00000000
vt 0.00000000 0.00000000
vt 0.00000000 0.00000000
vt 0.00000000 0.00000000
vt 0.00000000 0.00000000
vt 0.00000000 0.00000000
vt 0.00000000 0.00000000
vt 0.00000000 0.00000000
vt 0.00000000 0.00000000
vt 0.00000000 0.00000000
vt 0.00000000 0.00000000
vt 0.00000000 0.00000000
vt 0.00000000 0.00000000
vt 0.00000000 0.00000000
vt 0.00000000 0.00000000
vt 0.00000000 0.00000000
vt 0.00000000 0.00000000
vt 0.00000000 0.00000000
vt 0.00000000 0.00000000
vt 0.00000000 0.00000000
vt 0.00000000 0.00000000
vt 0.00000000 0.00000000
vt 0.00000000 0.00000000
vt 0.00000000 0.00000000
vt 0.00000000 0.00000000
vt 0.00000000 0.00000000
vt 0.00000000 0.00000000
vt 0.00000000 0.00000000
vt 0.00000000 0.00000000
vt 0.00000000 0.00000000
vt 0.00000000 0.00000000
vt 0.00000000 0.00000000
vt 0.00000000 0.00000000
vt 0.00000000 0.00000000
vt 0.00000000 0.00000000
vt 0.00000000 0.00000000
vt 0.00000000 0.00000000
vt 0.00000000 0.00000000
vt 0.00000000 0.00000000
vt 0.00000000 0.00000000
vt 0.00000000 0.00000000
vt 0.00000000 0.00000000
vt 0.00000000 0.00000000
vt 0.00000000 0.00000000
vt 0.00000000 0.00000000
vt 0.00000000 0.00000000
vt 0.00000000 0.00000000
vt 0.00000000 0.00000000
vt 0.00000000 0.00000000
vt 0.00000000 0.00000000
vt 0.00000000 0.00000000
vt 0.00000000 0.00000000
vt 0.00000000 0.00000000
vt 0.00000000 0.00000000
vt 0.00000000 0.00000000
vt 0.00000000 0.00000000
vt 0.00000000 0.00000000
vt 0.00000000 0.00000000
vt 0.00000000 0.00000000
vt 0.00000000 0.00000000
vt 0.00000000 0.00000000
vt 0.00000000 0.00000000
vt 0.00000000 0.00000000
vt 0.00000000 0.00000000
vt 0.00000000 0.00000000
vt 0.00000000 0.00000000
vt 0.00000000 0.00000000
vt 0.00000000 0.00000000
vt 0.00000000 0.00000000
vt 0.00000000 0.00000000
vt 0.00000000 0.00000000
vt 0.00000000 0.00000000
vt 0.00000000 0.00000000
vt 0.00000000 0.00000000
vt 0.00000000 0.00000000
vt 0.00000000 0.00000000
vt 0.00000000 0.00000000
vt 0.00000000 0.00000000
vt 0.00000000 0.00000000
vt 0.00000000 0.00000000
f 3503/3503/3503 3502/3502/3502 3501/3501/3501
f 3506/3506/3506 3505/3505/3505 3504/3504/3504
f 3509/3509/3509 3508/3508/3508 3507/3507/3507
f 3512/3512/3512 3511/3511/3511 3510/3510/3510
f 3515/3515/3515 3514/3514/3514 3513/3513/3513
f 3518/3518/3518 3517/3517/3517 3516/3516/3516
f 3521/3521/3521 3520/3520/3520 3519/3519/3519
f 3524/3524/3524 3523/3523/3523 3522/3522/3522
f 3527/3527/3527 3526/3526/3526 3525/3525/3525
f 3530/3530/3530 3529/3529/3529 3528/3528/3528
f 3533/3533/3533 3532/3532/3532 3531/3531/3531
f 3536/3536/3536 3535/3535/3535 3534/3534/3534
f 3539/3539/3539 3538/3538/3538 3537/3537/3537
f 3542/3542/3542 3541/3541/3541 3540/3540/3540
f 3545/3545/3545 3544/3544/3544 3543/3543/3543
f 3548/3548/3548 3547/3547/3547 3546/3546/3546
f 3551/3551/3551 3550/3550/3550 3549/3549/3549
f 3554/3554/3554 3553/3553/3553 3552/3552/3552
f 3557/3557/3557 3556/3556/3556 3555/3555/3555
f 3560/3560/3560 3559/3559/3559 3558/3558/3558
f 3563/3563/3563 3562/3562/3562 3561/3561/3561
f 3566/3566/3566 3565/3565/3565 3564/3564/3564
f 3569/3569/3569 3568/3568/3568 3567/3567/3567
f 3572/3572/3572 3571/3571/3571 3570/3570/3570
f 3575/3575/3575 3574/3574/3574 3573/3573/3573
f 3578/3578/3578 3577/3577/3577 3576/3576/3576
f 3581/3581/3581 3580/3580/3580 3579/3579/3579
f 3584/3584/3584 3583/3583/3583 3582/3582/3582
f 3587/3587/3587 3586/3586/3586 3585/3585/3585
f 3590/3590/3590 3589/3589/3589 3588/3588/3588
f 3593/3593/3593 3592/3592/3592 3591/3591/3591
f 3596/3596/3596 3595/3595/3595 3594/3594/3594
f 3599/3599/3599 3598/3598/3598 3597/3597/3597
f 3602/3602/3602 3601/3601/3601 3600/3600/3600
f 3502/3502/3502 3603/3603/3603 3501/3501/3501
f 3505/3505/3505 3604/3604/3604 3504/3504/3504
f 3508/3508/3508 3605/3605/3605 3507/3507/3507
f 3511/3511/3511 3606/3606/3606 3510/3510/3510
f 3514/3514/3514 3607/3607/3607 3513/3513/3513
f 3517/3517/3517 3608/3608/3608 3516/3516/3516
f 3520/3520/3520 3609/3609/3609 3519/3519/3519
f 3523/3523/3523 3610/3610/3610 3522/3522/3522
f 3526/3526/3526 3611/3611/3611 3525/3525/3525
f 3529/3529/3529 3612/3612/3612 3528/3528/3528
f 3532/3532/3532 3613/3613/3613 3531/3531/3531
f 3535/3535/3535 3614/3614/3614 3534/3534/3534
f 3538/3538/3538 3615/3615/3615 3537/3537/3537
f 3541/3541/3541 3616/3616/3616 3540/3540/3540
f 3544/3544/3544 3617/3617/3617 3543/3543/3543
f 3547/3547/3547 3618/3618/3618 3546/3546/3546
f 3550/3550/3550 3619/3619/3619 3549/3549/3549
f 3553/3553/3553 3620/3620/3620 3552/3552/3552
f 3556/3556/3556 3621/3621/3621 3555/3555/3555
f 3559/3559/3559 3622/3622/3622 3558/3558/3558
f 3562/3562/3562 3623/3623/3623 3561/3561/3561
f 3565/3565/3565 3624/3624/3624 3564/3564/3564
f 3568/3568/3568 3625/3625/3625 3567/3567/3567
f 3571/3571/3571 3626/3626/3626 3570/3570/3570
f 3574/3574/3574 3627/3627/3627 3573/3573/3573
f 3577/3577/3577 3628/3628/3628 3576/3576/3576
f 3580/3580/3580 3629/3629/3629 3579/3579/3579
f 3583/3583/3583 3630/3630/3630 3582/3582/3582
f 3586/3586/3586 3631/3631/3631 3585/3585/3585
f 3589/3589/3589 3632/3632/3632 3588/3588/3588
f 3634/3634/3634 3633/3633/3633 3593/3593/3593
f 3636/3636/3636 3635/3635/3635 3634/3634/3634
f 3638/3638/3638 3637/3637/3637 3636/3636/3636
f 3638/3638/3638 3640/3640/3640 3639/3639/3639
f 3642/3642/3642 3641/3641/3641 3638/3638/3638
f 3644/3644/3644 3643/3643/3643 3642/3642/3642
f 3591/3591/3591 3645/3645/3645 3644/3644/3644
f 3591/3591/3591 3647/3647/3647 3646/3646/3646
f 3649/3649/3649 3648/3648/3648 3591/3591/3591
f 3591/3591/3591 3650/3650/3650 3649/3649/3649
f 3653/3653/3653 3652/3652/3652 3651/3651/3651
f 3655/3655/3655 3654/3654/3654 3653/3653/3653
f 3592/3592/3592 3656/3656/3656 3655/3655/3655
f 3592/3592/3592 3658/3658/3658 3657/3657/3657
f 3660/3660/3660 3659/3659/3659 3592/3592/3592
f 3593/3593/3593 3661/3661/3661 3660/3660/3660
f 3638/3638/3638 3634/3634/3634 3593/3593/3593
f 3638/3638/3638 3639/3639/3639 3637/3637/3637
f 3591/3591/3591 3642/3642/3642 3638/3638/3638
f 3591/3591/3591 3646/3646/3646 3645/3645/3645
f 3651/3651/3651 3650/3650/3650 3591/3591/3591
f 3591/3591/3591 3653/3653/3653 3651/3651/3651
f 3592/3592/3592 3657/3657/3657 3656/3656/3656
f 3593/3593/3593 3660/3660/3660 3592/3592/3592
f 3638/3638/3638 3636/3636/3636 3634/3634/3634
f 3591/3591/3591 3644/3644/3644 3642/3642/3642
f 3655/3655/3655 3653/3653/3653 3591/3591/3591
f 3591/3591/3591 3592/3592/3592 3655/3655/3655
f 3591/3591/3591 3638/3638/3638 3593/3593/3593
f 3595/3595/3595 3662/3662/3662 3594/3594/3594
f 3598/3598/3598 3663/3663/3663 3597/3597/3597
f 3665/3665/3665 3664/3664/3664 3602/3602/3602
f 3667/3667/3667 3666/3666/3666 3665/3665/3665
f 3669/3669/3669 3668/3668/3668 3667/3667/3667
f 3669/3669/3669 3671/3671/3671 3670/3670/3670
f 3673/3673/3673 3672/3672/3672 3669/3669/3669
f 3669/3669/3669 3674/3674/3674 3673/3673/3673
f 3600/3600/3600 3676/3676/3676 3675/3675/3675
f 3600/3600/3600 3678/3678/3678 3677/3677/3677
f 3680/3680/3680 3679/3679/3679 3600/3600/3600
f 3600/3600/3600 3681/3681/3681 3680/3680/3680
f 3684/3684/3684 3683/3683/3683 3682/3682/3682
f 3601/3601/3601 3685/3685/3685 3684/3684/3684
f 3687/3687/3687 3686/3686/3686 3601/3601/3601
f 3689/3689/3689 3688/3688/3688 3687/3687/3687
f 3691/3691/3691 3690/3690/3690 3689/3689/3689
f 3602/3602/3602 3692/3692/3692 3691/3691/3691
f 3669/3669/3669 3665/3665/3665 3602/3602/3602
f 3669/3669/3669 3670/3670/3670 3668/3668/3668
f 3675/3675/3675 3674/3674/3674 3669/3669/3669
f 3600/3600/3600 3677/3677/3677 3676/3676/3676
f 3682/3682/3682 3681/3681/3681 3600/3600/3600
f 3600/3600/3600 3684/3684/3684 3682/3682/3682
f 3602/3602/3602 3687/3687/3687 3601/3601/3601
f 3602/3602/3602 3691/3691/3691 3689/3689/3689
f 3669/3669/3669 3667/3667/3667 3665/3665/3665
f 3602/3602/3602 3675/3675/3675 3669/3669/3669
f 3601/3601/3601 3684/3684/3684 3600/3600/3600
f 3602/3602/3602 3689/3689/3689 3687/3687/3687
f 3600/3600/3600 3675/3675/3675 3602/3602/3602

o part_007
usemtl material_0
v -0.06267289 -0.08562133 -0.03847661
v -0.06626053 -0.08526798 0.04756209
v -0.06267289 -0.08562133 0.04756209
v -0.06626053 -0.08526798 -0.03847661
v -0.06971029 -0.08422151 0.04756209
v -0.06626053 -0.08526798 0.04756209
v -0.06971029 -0.08422151 -0.03847661
v -0.07288962 -0.08252213 0.04756209
v -0.06971029 -0.08422151 0.04756209
v -0.07288962 -0.08252213 -0.03847661
v -0.07567632 -0.08023515 0.04756209
v -0.07288962 -0.08252213 0.04756209
v -0.07567632 -0.08023515 -0.03847661
v -0.07796331 -0.07744845 0.04756209
v -0.07567632 -0.08023515 0.04756209
v -0.07796331 -0.07744845 -0.03847661
v -0.07966269 -0.07426914 0.04756209
v -0.07796331 -0.07744845 0.04756209
v -0.07966269 -0.07426914 -0.03847661
v -0.08070917 -0.07081937 0.04756209
v -0.07966269 -0.07426914 0.04756209
v -0.08070917 -0.07081937 -0.03847661
v -0.08106253 -0.06723174 0.04756209
v -0.08070917 -0.07081937 0.04756209
v -0.08106252 -0.06723174 -0.03847661
v -0.08070917 -0.06364410 0.04756209
v -0.08106253 -0.06723174 0.04756209
v -0.08070917 -0.06364410 -0.03847661
v -0.07966270 -0.06019433 0.04756209
v -0.08070917 -0.06364410 0.04756209
v -0.07966271 -0.06019433 -0.03847661
v -0.07796333 -0.05701501 0.04756209
v -0.07966270 -0.06019433 0.04756209
v -0.07796333 -0.05701501 -0.03847661
v -0.07567634 -0.05422831 0.04756209
v -0.07796333 -0.05701501 0.04756209
v -0.07567634 -0.05422831 -0.03847661
v -0.07288964 -0.05194131 0.04756209
v -0.07567634 -0.05422831 0.04756209
v -0.07288964 -0.05194131 -0.03847661
v -0.06971032 -0.05024192 0.04756209
v -0.07288964 -0.05194131 0.04756209
v -0.06971032 -0.05024192 -0.03847661
v -0.06626055 -0.04919544 0.04756209
v -0.06971032 -0.05024192 0.04756209
v -0.06626055 -0.04919544 -0.03847661
v -0.06267291 -0.04884208 0.04756209
v -0.06626055 -0.04919544 0.04756209
v -0.06267291 -0.04884208 -0.03847661
v -0.05908527 -0.04919544 0.04756209
v -0.06267291 -0.04884208 0.04756209
v -0.05908527 -0.04919544 0.04756209
v -0.05563550 -0.05024192 -0.03847661
v -0.05563550 -0.05024192 0.04756209
v -0.05563550 -0.05024192 -0.03847661
v -0.05245617 -0.05194131 0.04756209
v -0.05563550 -0.05024192 0.04756209
v -0.05245617 -0.05194131 -0.03847661
v -0.04966948 -0.05422829 0.04756209
v -0.05245617 -0.05194131 0.04756209
v -0.04966947 -0.05422829 -0.03847661
v -0.04738249 -0.05701499 0.04756209
v -0.04966948 -0.05422829 0.04756209
v -0.04738249 -0.05701499 -0.03847661
v -0.04568311 -0.06019432 0.04756209
v -0.04738249 -0.05701499 0.04756209
v -0.04568310 -0.06019432 -0.03847661
v -0.04463663 -0.06364408 0.04756209
v -0.04568311 -0.06019432 0.04756209
v -0.04463663 -0.06364408 -0.03847661
v -0.04428328 -0.06723172 0.04756209
v -0.04463663 -0.06364408 0.04756209
v -0.04428328 -0.06723172 -0.03847661
v -0.04463664 -0.07081936 0.04756209
v -0.04428328 -0.06723172 0.04756209
v -0.04463663 -0.07081936 -0.03847661
v -0.04568311 -0.07426913 0.04756209
v -0.04463664 -0.07081936 0.04756209
v -0.04568311 -0.07426913 -0.03847661
v -0.04738250 -0.07744845 0.04756209
v -0.04568311 -0.07426913 0.04756209
v -0.04738249 -0.07744845 -0.03847661
v -0.04966948 -0.08023516 0.04756209
v -0.04738250 -0.07744845 0.04756209
v -0.04966948 -0.08023516 -0.03847661
v -0.05245618 -0.08252213 0.04756209
v -0.04966948 -0.08023516 0.04756209
v -0.05245618 -0.08252213 -0.03847661
v -0.05563551 -0.08422152 0.04756209
v -0.05245618 -0.08252213 0.04756209
v -0.05563550 -0.05024192 -0.03847661
v -0.07966269 -0.07426914 -0.03847661
v -0.06971029 -0.08422151 -0.03847661
v -0.05563551 -0.08422152 -0.03847661
v -0.05908528 -0.08526799 0.04756209
v -0.05563551 -0.08422152 0.04756209
v -0.05908528 -0.08526799 0.04756209
v -0.06267289 -0.08562133 -0.03847661
v -0.06267289 -0.08562133 0.04756209
v -0.06626055 -0.04919544 0.04756209
v -0.04463663 -0.06364408 0.04756209
v -0.05908528 -0.08526799 0.04756209
v -0.06626053 -0.08526798 -0.03847661
v -0.06971029 -0.08422151 -0.03847661
v -0.07288962 -0.08252213 -0.03847661
v -0.07567632 -0.08023515 -0.03847661
v -0.07796331 -0.07744845 -0.03847661
v -0.07966269 -0.07426914 -0.03847661
v -0.08070917 -0.07081937 -0.03847661
v -0.08106252 -0.06723174 -0.03847661
v -0.08070917 -0.06364410 -0.03847661
v -0.07966271 -0.06019433 -0.03847661
v -0.07796333 -0.05701501 -0.03847661
v -0.07567634 -0.05422831 -0.03847661
v -0.07288964 -0.05194131 -0.03847661
v -0.06971032 -0.05024192 -0.03847661
v -0.06626055 -0.04919544 -0.03847661
v -0.06267291 -0.04884208 -0.03847661
v -0.05908527 -0.04919544 -0.03847661
v -0.05908527 -0.04919544 -0.03847661
v -0.05245617 -0.05194131 -0.03847661
v -0.04966947 -0.05422829 -0.03847661
v -0.04738249 -0.05701499 -0.03847661
v -0.04568310 -0.06019432 -0.03847661
v -0.04463663 -0.06364408 -0.03847661
v -0.04428328 -0.06723172 -0.03847661
v -0.04463663 -0.07081936 -0.03847661
v -0.04568311 -0.07426913 -0.03847661
v -0.04738249 -0.07744845 -0.03847661
v -0.04966948 -0.08023516 -0.03847661
v -0.05245618 -0.08252213 -0.03847661
v -0.05563551 -0.08422152 -0.03847661
v -0.06626053 -0.08526798 -0.03847661
v -0.06267289 -0.08562133 -0.03847661
v -0.05908528 -0.08526799 -0.03847661
v -0.05563551 -0.08422152 -0.03847661
v -0.05245618 -0.08252213 -0.03847661
v -0.04568311 -0.07426913 -0.03847661
v -0.04966948 -0.08023516 -0.03847661
v -0.04738249 -0.07744845 -0.03847661
v -0.04463663 -0.07081936 -0.03847661
v -0.04428328 -0.06723172 -0.03847661
v -0.04463663 -0.06364408 -0.03847661
v -0.04568310 -0.06019432 -0.03847661
v -0.04738249 -0.05701499 -0.03847661
v -0.04966947 -0.05422829 -0.03847661
v -0.05245617 -0.05194131 -0.03847661
v -0.05908527 -0.04919544 -0.03847661
v -0.06267291 -0.04884208 -0.03847661
v -0.06626055 -0.04919544 -0.03847661
v -0.06971032 -0.05024192 -0.03847661
v -0.07288964 -0.05194131 -0.03847661
v -0.07567634 -0.05422831 -0.03847661
v -0.07796333 -0.05701501 -0.03847661
v -0.07966271 -0.06019433 -0.03847661
v -0.08070917 -0.06364410 -0.03847661
v -0.08106252 -0.06723174 -0.03847661
v -0.08070917 -0.07081937 -0.03847661
v -0.07796331 -0.07744845 -0.03847661
v -0.07567632 -0.08023515 -0.03847661
v -0.07288962 -0.08252213 -0.03847661
v -0.05908528 -0.08526799 -0.03847661
v -0.05908528 -0.08526799 -0.03847661
v -0.06267289 -0.08562133 0.04756209
v -0.06626053 -0.08526798 0.04756209
v -0.06971029 -0.08422151 0.04756209
v -0.07288962 -0.08252213 0.04756209
v -0.07567632 -0.08023515 0.04756209
v -0.08070917 -0.07081937 0.04756209
v -0.07796331 -0.07744845 0.04756209
v -0.07966269 -0.07426914 0.04756209
v -0.08106253 -0.06723174 0.04756209
v -0.08070917 -0.06364410 0.04756209
v -0.07966270 -0.06019433 0.04756209
v -0.07796333 -0.05701501 0.04756209
v -0.07567634 -0.05422831 0.04756209
v -0.07288964 -0.05194131 0.04756209
v -0.06971032 -0.05024192 0.04756209
v -0.06267291 -0.04884208 0.04756209
v -0.05908527 -0.04919544 0.04756209
v -0.05563550 -0.05024192 0.04756209
v -0.05245617 -0.05194131 0.04756209
v -0.04966948 -0.05422829 0.04756209
v -0.04738249 -0.05701499 0.04756209
v -0.04568311 -0.06019432 0.04756209
v -0.04428328 -0.06723172 0.04756209
v -0.04463664 -0.07081936 0.04756209
v -0.04568311 -0.07426913 0.04756209
v -0.04738250 -0.07744845 0.04756209
v -0.04966948 -0.08023516 0.04756209
v -0.05245618 -0.08252213 0.04756209
v -0.05563551 -0.08422152 0.04756209
vn -0.09801642 -0.99518480 0.00000000
vn -0.09801642 -0.99518480 0.00000000
vn -0.09801642 -0.99518480 0.00000000
vn -0.29028367 -0.95694064 0.00000000
vn -0.29028367 -0.95694064 0.00000000
vn -0.29028367 -0.95694064 0.00000000
vn -0.47139592 -0.88192170 0.00000000
vn -0.47139592 -0.88192170 0.00000000
vn -0.47139592 -0.88192170 0.00000000
vn -0.63439196 -0.77301154 0.00000000
vn -0.63439196 -0.77301154 0.00000000
vn -0.63439196 -0.77301154 0.00000000
vn -0.77300952 -0.63439442 0.00000000
vn -0.77300952 -0.63439442 0.00000000
vn -0.77300952 -0.63439442 0.00000000
vn -0.88192132 -0.47139663 -0.00000006
vn -0.88192066 -0.47139787 -0.00000000
vn -0.88192064 -0.47139791 0.00000000
vn -0.95693992 -0.29028605 -0.00000000
vn -0.95694036 -0.29028459 -0.00000007
vn -0.95694037 -0.29028455 -0.00000007
vn -0.99518464 -0.09801803 -0.00000005
vn -0.99518452 -0.09801922 -0.00000000
vn -0.99518452 -0.09801925 0.00000000
vn -0.99518479 0.09801650 -0.00000000
vn -0.99518467 0.09801768 -0.00000005
vn -0.99518467 0.09801771 -0.00000005
vn -0.95694080 0.29028313 0.00000007
vn -0.95694036 0.29028459 0.00000000
vn -0.95694035 0.29028463 0.00000000
vn -0.88192139 0.47139650 0.00000000
vn -0.88192205 0.47139526 0.00000006
vn -0.88192207 0.47139523 0.00000006
vn -0.77301043 0.63439332 0.00000000
vn -0.77301043 0.63439332 0.00000000
vn -0.77301043 0.63439332 0.00000000
vn -0.63439542 0.77300870 0.00000000
vn -0.63439542 0.77300870 0.00000000
vn -0.63439542 0.77300870 0.00000000
vn -0.47139893 0.88192009 0.00000000
vn -0.47139893 0.88192009 0.00000000
vn -0.47139893 0.88192009 0.00000000
vn -0.29028417 0.95694049 0.00000000
vn -0.29028417 0.95694049 0.00000000
vn -0.29028417 0.95694049 0.00000000
vn -0.09801966 0.99518448 0.00000000
vn -0.09801966 0.99518448 0.00000000
vn -0.09801966 0.99518448 0.00000000
vn 0.09801814 0.99518463 0.00000000
vn 0.09801814 0.99518463 0.00000000
vn 0.09801814 0.99518463 0.00000000
vn 0.29028595 0.95693995 -0.00000002
vn 0.29028651 0.95693978 -0.00000000
vn 0.29028594 0.95693995 -0.00000003
vn 0.47139572 0.88192181 -0.00000000
vn 0.47139655 0.88192136 -0.00000004
vn 0.47139657 0.88192135 -0.00000004
vn 0.63439315 0.77301057 0.00000004
vn 0.63439393 0.77300993 0.00000000
vn 0.63439395 0.77300991 0.00000000
vn 0.77301066 0.63439303 0.00000003
vn 0.77301027 0.63439350 0.00000005
vn 0.77301026 0.63439352 0.00000005
vn 0.88192126 0.47139675 0.00000003
vn 0.88192126 0.47139675 0.00000003
vn 0.88192126 0.47139675 0.00000003
vn 0.95694037 0.29028458 0.00000003
vn 0.95694037 0.29028458 0.00000003
vn 0.95694037 0.29028458 0.00000003
vn 0.99518476 0.09801676 0.00000007
vn 0.99518484 0.09801597 0.00000004
vn 0.99518484 0.09801595 0.00000004
vn 0.99518472 -0.09801725 0.00000005
vn 0.99518475 -0.09801686 0.00000007
vn 0.99518476 -0.09801685 0.00000007
vn 0.95694014 -0.29028533 0.00000003
vn 0.95694025 -0.29028497 0.00000005
vn 0.95694025 -0.29028496 0.00000005
vn 0.88192148 -0.47139634 0.00000003
vn 0.88192148 -0.47139634 0.00000003
vn 0.88192148 -0.47139634 0.00000003
vn 0.77301031 -0.63439346 0.00000001
vn 0.77301051 -0.63439322 0.00000003
vn 0.77301051 -0.63439321 0.00000003
vn 0.63439116 -0.77301219 -0.00000003
vn 0.63439194 -0.77301155 0.00000001
vn 0.63439197 -0.77301153 0.00000001
vn 0.47139661 -0.88192133 -0.00000000
vn 0.47139611 -0.88192160 -0.00000002
vn 0.47139610 -0.88192161 -0.00000002
vn 0.00000000 0.00000000 -1.00000000
vn 0.00000000 0.00000000 -1.00000000
vn 0.00000000 0.00000000 -1.00000000
vn 0.29028264 -0.95694095 0.00000000
vn 0.29028264 -0.95694095 0.00000000
vn 0.29028264 -0.95694095 0.00000000
vn 0.09801672 -0.99518477 0.00000000
vn 0.09801672 -0.99518477 0.00000000
vn 0.09801672 -0.99518477 0.00000000
vn 0.00000000 0.00000000 1.00000000
vn 0.00000000 0.00000000 1.00000000
vn 0.00000000 0.00000000 1.00000000
vn -0.09801642 -0.99518480 0.00000000
vn -0.29028367 -0.95694064 0.00000000
vn -0.47139592 -0.88192170 0.00000000
vn -0.63439196 -0.77301154 0.00000000
vn -0.77300952 -0.63439442 0.00000000
vn -0.88192134 -0.47139660 -0.00000006
vn -0.95693991 -0.29028609 0.00000000
vn -0.99518464 -0.09801800 -0.00000005
vn -0.99518479 0.09801646 0.00000000
vn -0.95694082 0.29028309 0.00000007
vn -0.88192137 0.47139653 0.00000000
vn -0.77301043 0.63439332 0.00000000
vn -0.63439542 0.77300870 0.00000000
vn -0.47139893 0.88192009 0.00000000
vn -0.29028417 0.95694049 0.00000000
vn -0.09801966 0.99518448 0.00000000
vn 0.09801814 0.99518463 0.00000000
vn 0.29028652 0.95693978 0.00000000
vn 0.47139570 0.88192182 0.00000000
vn 0.63439312 0.77301059 0.00000004
vn 0.77301067 0.63439302 0.00000003
vn 0.88192126 0.47139675 0.00000003
vn 0.95694037 0.29028458 0.00000003
vn 0.99518476 0.09801678 0.00000007
vn 0.99518471 -0.09801726 0.00000005
vn 0.95694013 -0.29028534 0.00000003
vn 0.88192148 -0.47139634 0.00000003
vn 0.77301031 -0.63439346 0.00000001
vn 0.63439114 -0.77301221 -0.00000003
vn 0.47139662 -0.88192133 0.00000000
vn 0.00000000 0.00000000 -1.00000000
vn 0.00000000 0.00000000 -1.00000000
vn 0.00000000 0.00000000 -1.00000000
vn 0.00000000 0.00000000 -1.00000000
vn 0.00000000 0.00000000 -1.00000000
vn 0.00000000 0.00000000 -1.00000000
vn 0.00000000 0.00000000 -1.00000000
vn 0.00000000 0.00000000 -1.00000000
vn 0.00000000 0.00000000 -1.00000000
vn 0.00000000 0.00000000 -1.00000000
vn 0.00000000 0.00000000 -1.00000000
vn 0.00000000 0.00000000 -1.00000000
vn 0.00000000 0.00000000 -1.00000000
vn 0.00000000 0.00000000 -1.00000000
vn 0.00000000 0.00000000 -1.00000000
vn 0.00000000 0.00000000 -1.00000000
vn 0.00000000 0.00000000 -1.00000000
vn 0.00000000 0.00000000 -1.00000000
vn 0.00000000 0.00000000 -1.00000000
vn 0.00000000 0.00000000 -1.00000000
vn 0.00000000 0.00000000 -1.00000000
vn 0.00000000 0.00000000 -1.00000000
vn 0.00000000 0.00000000 -1.00000000
vn 0.00000000 0.00000000 -1.00000000
vn 0.00000000 0.00000000 -1.00000000
vn 0.00000000 0.00000000 -1.00000000
vn 0.00000000 0.00000000 -1.00000000
vn 0.00000000 0.00000000 -1.00000000
vn 0.00000000 0.00000000 -1.00000000
vn 0.29028264 -0.95694095 0.00000000
vn 0.09801672 -0.99518477 0.00000000
vn 0.00000000 0.00000000 1.00000000
vn 0.00000000 0.00000000 1.00000000
vn 0.00000000 0.00000000 1.00000000
vn 0.00000000 0.00000000 1.00000000
vn 0.00000000 0.00000000 1.00000000
vn 0.00000000 0.00000000 1.00000000
vn 0.00000000 0.00000000 1.00000000
vn 0.00000000 0.00000000 1.00000000
vn 0.00000000 0.00000000 1.00000000
vn 0.00000000 0.00000000 1.00000000
vn 0.00000000 0.00000000 1.00000000
vn 0.00000000 0.00000000 1.00000000
vn 0.00000000 0.00000000 1.00000000
vn 0.00000000 0.00000000 1.00000000
vn 0.00000000 0.00000000 1.00000000
vn 0.00000000 0.00000000 1.00000000
vn 0.00000000 0.00000000 1.00000000
vn 0.00000000 0.00000000 1.00000000
vn 0.00000000 0.00000000 1.00000000
vn 0.00000000 0.00000000 1.00000000
vn 0.00000000 0.00000000 1.00000000
vn 0.00000000 0.00000000 1.00000000
vn 0.00000000 0.00000000 1.00000000
vn 0.00000000 0.00000000 1.00000000
vn 0.00000000 0.00000000 1.00000000
vn 0.00000000 0.00000000 1.00000000
vn 0.00000000 0.00000000 1.00000000
vn 0.00000000 0.00000000 1.00000000
vn 0.00000000 0.00000000 1.00000000
vt 0.00000000 0.00000000
vt 0.00000000 0.00000000
vt 0.00000000 0.00000000
vt 0.00000000 0.00000000
vt 0.00000000 0.00000000
vt 0.00000000 0.00000000
vt 0.00000000 0.00000000
vt 0.00000000 0.00000000
vt 0.00000000 0.00000000
vt 0.00000000 0.00000000
vt 0.00000000 0.00000000
vt 0.00000000 0.00000000
vt 0.00000000 0.00000000
vt 0.00000000 0.00000000
vt 0.00000000 0.00000000
vt 0.00000000 0.00000000
vt 0.00000000 0.00000000
vt 0.00000000 0.00000000
vt 0.00000000 0.00000000
vt 0.00000000 0.00000000
vt 0.00000000 0.00000000
vt 0.00000000 0.00000000
vt 0.00000000 0.00000000
vt 0.00000000 0.00000000
vt 0.00000000 0.00000000
vt 0.00000000 0.00000000
vt 0.00000000 0.00000000
vt 0.00000000 0.00000000
vt 0.00000000 0.00000000
vt 0.00000000 0.00000000
vt 0.00000000 0.00000000
vt 0.00000000 0.00000000
vt 0.00000000 0.00000000
vt 0.00000000 0.00000000
vt 0.00000000 0.00000000
vt 0.00000000 0.00000000
vt 0.00000000 0.00000000
vt 0.00000000 0.00000000
vt 0.00000000 0.00000000
vt 0.00000000 0.00000000
vt 0.00000000 0.00000000
vt 0.00000000 0.00000000
vt 0.00000000 0.00000000
vt 0.00000000 0.00000000
vt 0.00000000 0.00000000
vt 0.00000000 0.00000000
vt 0.00000000 0.00000000
vt 0.00000000 0.00000000
vt 0.00000000 0.00000000
vt 0.00000000 0.00000000
vt 0.00000000 0.00000000
vt 0.00000000 0.00000000
vt 0.00000000 0.00000000
vt 0.00000000 0.00000000
vt 0.00000000 0.00000000
vt 0.00000000 0.00000000
vt 0.00000000 0.00000000
vt 0.00000000 0.00000000
vt 0.00000000 0.00000000
vt 0.00000000 0.00000000
vt 0.00000000 0.00000000
vt 0.00000000 0.00000000
vt 0.00000000 0.00000000
vt 0.00000000 0.00000000
vt 0.00000000 0.00000000
vt 0.00000000 0.00000000
vt 0.00000000 0.00000000
vt 0.00000000 0.00000000
vt 0.00000000 0.00000000
vt 0.00000000 0.00000000
vt 0.00000000 0.00000000
vt 0.00000000 0.00000000
vt 0.00000000 0.00000000
vt 0.00000000 0.00000000
vt 0.00000000 0.00000000
vt 0.00000000 0.00000000
vt 0.00000000 0.00000000
vt 0.00000000 0.00000000
vt 0.00000000 0.00000000
vt 0.00000000 0.00000000
vt 0.00000000 0.00000000
vt 0.00000000 0.00000000
vt 0.00000000 0.00000000
vt 0.00000000 0.00000000
vt 0.00000000 0.00000000
vt 0.00000000 0.00000000
vt 0.00000000 0.00000000
vt 0.00000000 0.00000000
vt 0.00000000 0.00000000
vt 0.00000000 0.00000000
vt 0.00000000 0.00000000
vt 0.00000000 0.00000000
vt 0.00000000 0.00000000
vt 0.00000000 0.00000000
vt 0.00000000 0.00000000
vt 0.00000000 0.00000000
vt 0.00000000 0.00000000
vt 0.00000000 0.00000000
vt 0.00000000 0.00000000
vt 0.00000000 0.00000000
vt 0.00000000 0.00000000
vt 0.00000000 0.00000000
vt 0.00000000 0.00000000
vt 0.00000000 0.00000000
vt 0.00000000 0.00000000
vt 0.00000000 0.00000000
vt 0.00000000 0.00000000
vt 0.00000000 0.00000000
vt 0.00000000 0.00000000
vt 0.00000000 0.00000000
vt 0.00000000 0.00000000
vt 0.00000000 0.00000000
vt 0.00000000 0.00000000
vt 0.00000000 0.00000000
vt 0.00000000 0.00000000
vt 0.00000000 0.00000000
vt 0.00000000 0.00000000
vt 0.00000000 0.00000000
vt 0.00000000 0.00000000
vt 0.00000000 0.00000000
vt 0.00000000 0.00000000
vt 0.00000000 0.00000000
vt 0.00000000 0.00000000
vt 0.00000000 0.00000000
vt 0.00000000 0.00000000
vt 0.00000000 0.00000000
vt 0.00000000 0.00000000
vt 0.00000000 0.00000000
vt 0.00000000 0.00000000
vt 0.00000000 0.00000000
vt 0.00000000 0.00000000
vt 0.00000000 0.00000000
vt 0.00000000 0.00000000
vt 0.00000000 0.00000000
vt 0.00000000 0.00000000
vt 0.00000000 0.00000000
vt 0.00000000 0.00000000
vt 0.00000000 0.00000000
vt 0.00000000 0.00000000
vt 0.00000000 0.00000000
vt 0.00000000 0.00000000
vt 0.00000000 0.00000000
vt 0.00000000 0.00000000
vt 0.00000000 0.00000000
vt 0.00000000 0.00000000
vt 0.00000000 0.00000000
vt 0.00000000 0.00000000
vt 0.00000000 0.00000000
vt 0.00000000 0.00000000
vt 0.00000000 0.00000000
vt 0.00000000 0.00000000
vt 0.00000000 0.00000000
vt 0.00000000 0.00000000
vt 0.00000000 0.00000000
vt 0.00000000 0.00000000
vt 0.00000000 0.00000000
vt 0.00000000 0.00000000
vt 0.00000000 0.00000000
vt 0.00000000 0.00000000
vt 0.00000000 0.00000000
vt 0.00000000 0.00000000
vt 0.00000000 0.00000000
vt 0.00000000 0.00000000
vt 0.00000000 0.00000000
vt 0.00000000 0.00000000
vt 0.00000000 0.00000000
vt 0.00000000 0.00000000
vt 0.00000000 0.00000000
vt 0.00000000 0.00000000
vt 0.00000000 0.00000000
vt 0.00000000 0.00000000
vt 0.00000000 0.00000000
vt 0.00000000 0.00000000
vt 0.00000000 0.00000000
vt 0.00000000 0.00000000
vt 0.00000000 0.00000000
vt 0.00000000 0.00000000
vt 0.00000000 0.00000000
vt 0.00000000 0.00000000
vt 0.00000000 0.00000000
vt 0.00000000 0.00000000
vt 0.00000000 0.00000000
vt 0.00000000 0.00000000
vt 0.00000000 0.00000000
vt 0.00000000 0.00000000
vt 0.00000000 0.00000000
vt 0.00000000 0.00000000
vt 0.00000000 0.00000000
vt 0.00000000 0.00000000
vt 0.00000000 0.00000000
vt 0.00000000 0.00000000
vt 0.00000000 0.00000000
f 3695/3695/3695 3694/3694/3694 3693/3693/3693
f 3698/3698/3698 3697/3697/3697 3696/3696/3696
f 3701/3701/3701 3700/3700/3700 3699/3699/3699
f 3704/3704/3704 3703/3703/3703 3702/3702/3702
f 3707/3707/3707 3706/3706/3706 3705/3705/3705
f 3710/3710/3710 3709/3709/3709 3708/3708/3708
f 3713/3713/3713 3712/3712/3712 3711/3711/3711
f 3716/3716/3716 3715/3715/3715 3714/3714/3714
f 3719/3719/3719 3718/3718/3718 3717/3717/3717
f 3722/3722/3722 3721/3721/3721 3720/3720/3720
f 3725/3725/3725 3724/3724/3724 3723/3723/3723
f 3728/3728/3728 3727/3727/3727 3726/3726/3726
f 3731/3731/3731 3730/3730/3730 3729/3729/3729
f 3734/3734/3734 3733/3733/3733 3732/3732/3732
f 3737/3737/3737 3736/3736/3736 3735/3735/3735
f 3740/3740/3740 3739/3739/3739 3738/3738/3738
f 3743/3743/3743 3742/3742/3742 3741/3741/3741
f 3746/3746/3746 3745/3745/3745 3744/3744/3744
f 3749/3749/3749 3748/3748/3748 3747/3747/3747
f 3752/3752/3752 3751/3751/3751 3750/3750/3750
f 3755/3755/3755 3754/3754/3754 3753/3753/3753
f 3758/3758/3758 3757/3757/3757 3756/3756/3756
f 3761/3761/3761 3760/3760/3760 3759/3759/3759
f 3764/3764/3764 3763/3763/3763 3762/3762/3762
f 3767/3767/3767 3766/3766/3766 3765/3765/3765
f 3770/3770/3770 3769/3769/3769 3768/3768/3768
f 3773/3773/3773 3772/3772/3772 3771/3771/3771
f 3776/3776/3776 3775/3775/3775 3774/3774/3774
f 3779/3779/3779 3778/3778/3778 3777/3777/3777
f 3782/3782/3782 3781/3781/3781 3780/3780/3780
f 3785/3785/3785 3784/3784/3784 3783/3783/3783
f 3788/3788/3788 3787/3787/3787 3786/3786/3786
f 3791/3791/3791 3790/3790/3790 3789/3789/3789
f 3794/3794/3794 3793/3793/3793 3792/3792/3792
f 3694/3694/3694 3795/3795/3795 3693/3693/3693
f 3697/3697/3697 3796/3796/3796 3696/3696/3696
f 3700/3700/3700 3797/3797/3797 3699/3699/3699
f 3703/3703/3703 3798/3798/3798 3702/3702/3702
f 3706/3706/3706 3799/3799/3799 3705/3705/3705
f 3709/3709/3709 3800/3800/3800 3708/3708/3708
f 3712/3712/3712 3801/3801/3801 3711/3711/3711
f 3715/3715/3715 3802/3802/3802 3714/3714/3714
f 3718/3718/3718 3803/3803/3803 3717/3717/3717
f 3721/3721/3721 3804/3804/3804 3720/3720/3720
f 3724/3724/3724 3805/3805/3805 3723/3723/3723
f 3727/3727/3727 3806/3806/3806 3726/3726/3726
f 3730/3730/3730 3807/3807/3807 3729/3729/3729
f 3733/3733/3733 3808/3808/3808 3732/3732/3732
f 3736/3736/3736 3809/3809/3809 3735/3735/3735
f 3739/3739/3739 3810/3810/3810 3738/3738/3738
f 3742/3742/3742 3811/3811/3811 3741/3741/3741
f 3745/3745/3745 3812/3812/3812 3744/3744/3744
f 3748/3748/3748 3813/3813/3813 3747/3747/3747
f 3751/3751/3751 3814/3814/3814 3750/3750/3750
f 3754/3754/3754 3815/3815/3815 3753/3753/3753
f 3757/3757/3757 3816/3816/3816 3756/3756/3756
f 3760/3760/3760 3817/3817/3817 3759/3759/3759
f 3763/3763/3763 3818/3818/3818 3762/3762/3762
f 3766/3766/3766 3819/3819/3819 3765/3765/3765
f 3769/3769/3769 3820/3820/3820 3768/3768/3768
f 3772/3772/3772 3821/3821/3821 3771/3771/3771
f 3775/3775/3775 3822/3822/3822 3774/3774/3774
f 3778/3778/3778 3823/3823/3823 3777/3777/3777
f 3781/3781/3781 3824/3824/3824 3780/3780/3780
f 3826/3826/3826 3825/3825/3825 3785/3785/3785
f 3828/3828/3828 3827/3827/3827 3826/3826/3826
f 3830/3830/3830 3829/3829/3829 3828/3828/3828
f 3830/3830/3830 3832/3832/3832 3831/3831/3831
f 3834/3834/3834 3833/3833/3833 3830/3830/3830
f 3836/3836/3836 3835/3835/3835 3834/3834/3834
f 3783/3783/3783 3837/3837/3837 3836/3836/3836
f 3783/3783/3783 3839/3839/3839 3838/3838/3838
f 3841/3841/3841 3840/3840/3840 3783/3783/3783
f 3783/3783/3783 3842/3842/3842 3841/3841/3841
f 3845/3845/3845 3844/3844/3844 3843/3843/3843
f 3847/3847/3847 3846/3846/3846 3845/3845/3845
f 3784/3784/3784 3848/3848/3848 3847/3847/3847
f 3784/3784/3784 3850/3850/3850 3849/3849/3849
f 3852/3852/3852 3851/3851/3851 3784/3784/3784
f 3785/3785/3785 3853/3853/3853 3852/3852/3852
f 3830/3830/3830 3826/3826/3826 3785/3785/3785
f 3830/3830/3830 3831/3831/3831 3829/3829/3829
f 3783/3783/3783 3834/3834/3834 3830/3830/3830
f 3783/3783/3783 3838/3838/3838 3837/3837/3837
f 3843/3843/3843 3842/3842/3842 3783/3783/3783
f 3783/3783/3783 3845/3845/3845 3843/3843/3843
f 3784/3784/3784 3849/3849/3849 3848/3848/3848
f 3785/3785/3785 3852/3852/3852 3784/3784/3784
f 3830/3830/3830 3828/3828/3828 3826/3826/3826
f 3783/3783/3783 3836/3836/3836 3834/3834/3834
f 3847/3847/3847 3845/3845/3845 3783/3783/3783
f 3783/3783/3783 3784/3784/3784 3847/3847/3847
f 3783/3783/3783 3830/3830/3830 3785/3785/3785
f 3787/3787/3787 3854/3854/3854 3786/3786/3786
f 3790/3790/3790 3855/3855/3855 3789/3789/3789
f 3857/3857/3857 3856/3856/3856 3794/3794/3794
f 3859/3859/3859 3858/3858/3858 3857/3857/3857
f 3861/3861/3861 3860/3860/3860 3859/3859/3859
f 3861/3861/3861 3863/3863/3863 3862/3862/3862
f 3865/3865/3865 3864/3864/3864 3861/3861/3861
f 3861/3861/3861 3866/3866/3866 3865/3865/3865
f 3792/3792/3792 3868/3868/3868 3867/3867/3867
f 3792/3792/3792 3870/3870/3870 3869/3869/3869
f 3872/3872/3872 3871/3871/3871 3792/3792/3792
f 3792/3792/3792 3873/3873/3873 3872/3872/3872
f 3876/3876/3876 3875/3875/3875 3874/3874/3874
f 3793/3793/3793 3877/3877/3877 3876/3876/3876
f 3879/3879/3879 3878/3878/3878 3793/3793/3793
f 3881/3881/3881 3880/3880/3880 3879/3879/3879
f 3883/3883/3883 3882/3882/3882 3881/3881/3881
f 3794/3794/3794 3884/3884/3884 3883/3883/3883
f 3861/3861/3861 3857/3857/3857 3794/3794/3794
f 3861/3861/3861 3862/3862/3862 3860/3860/3860
f 3867/3867/3867 3866/3866/3866 3861/3861/3861
f 3792/3792/3792 3869/3869/3869 3868/3868/3868
f 3874/3874/3874 3873/3873/3873 3792/3792/3792
f 3792/3792/3792 3876/3876/3876 3874/3874/3874
f 3794/3794/3794 3879/3879/3879 3793/3793/3793
f 3794/3794/3794 3883/3883/3883 3881/3881/3881
f 3861/3861/3861 3859/3859/3859 3857/3857/3857
f 3794/3794/3794 3867/3867/3867 3861/3861/3861
f 3793/3793/3793 3876/3876/3876 3792/3792/3792
f 3794/3794/3794 3881/3881/3881 3879/3879/3879
f 3792/3792/3792 3867/3867/3867 3794/3794/3794

o part_008
usemtl material_0
v -0.23081176 -0.08562136 -0.03847661
v -0.23439940 -0.08526801 0.04756209
v -0.23081176 -0.08562136 0.04756209
v -0.23439940 -0.08526801 -0.03847661
v -0.23784916 -0.08422154 0.04756209
v -0.23439940 -0.08526801 0.04756209
v -0.23784916 -0.08422154 -0.03847661
v -0.24102848 -0.08252216 0.04756209
v -0.23784916 -0.08422154 0.04756209
v -0.24102848 -0.08252216 -0.03847661
v -0.24381519 -0.08023518 0.04756209
v -0.24102848 -0.08252216 0.04756209
v -0.24381519 -0.08023518 -0.03847661
v -0.24610218 -0.07744848 0.04756209
v -0.24381519 -0.08023518 0.04756209
v -0.24610218 -0.07744848 -0.03847661
v -0.24780156 -0.07426916 0.04756209
v -0.24610218 -0.07744848 0.04756209
v -0.24780156 -0.07426916 -0.03847661
v -0.24884804 -0.07081940 0.04756209
v -0.24780156 -0.07426916 0.04756209
v -0.24884804 -0.07081940 -0.03847661
v -0.24920140 -0.06723176 0.04756209
v -0.24884804 -0.07081940 0.04756209
v -0.24920139 -0.06723176 -0.03847661
v -0.24884804 -0.06364412 0.04756209
v -0.24920140 -0.06723176 0.04756209
v -0.24884804 -0.06364412 -0.03847661
v -0.24780157 -0.06019436 0.04756209
v -0.24884804 -0.06364412 0.04756209
v -0.24780157 -0.06019436 -0.03847661
v -0.24610219 -0.05701504 0.04756209
v -0.24780157 -0.06019436 0.04756209
v -0.24610219 -0.05701504 -0.03847661
v -0.24381521 -0.05422834 0.04756209
v -0.24610219 -0.05701504 0.04756209
v -0.24381521 -0.05422834 -0.03847661
v -0.24102851 -0.05194134 0.04756209
v -0.24381521 -0.05422834 0.04756209
v -0.24102851 -0.05194134 -0.03847661
v -0.23784919 -0.05024194 0.04756209
v -0.24102851 -0.05194134 0.04756209
v -0.23784919 -0.05024194 -0.03847661
v -0.23439942 -0.04919547 0.04756209
v -0.23784919 -0.05024194 0.04756209
v -0.23439942 -0.04919547 -0.03847661
v -0.23081178 -0.04884211 0.04756209
v -0.23439942 -0.04919547 0.04756209
v -0.23081178 -0.04884211 -0.03847661
v -0.22722414 -0.04919546 0.04756209
v -0.23081178 -0.04884211 0.04756209
v -0.22722414 -0.04919546 0.04756209
v -0.22377437 -0.05024195 -0.03847661
v -0.22377437 -0.05024195 0.04756209
v -0.22377437 -0.05024195 -0.03847661
v -0.22059504 -0.05194133 0.04756209
v -0.22377437 -0.05024195 0.04756209
v -0.22059504 -0.05194133 -0.03847661
v -0.21780835 -0.05422831 0.04756209
v -0.22059504 -0.05194133 0.04756209
v -0.21780834 -0.05422831 -0.03847661
v -0.21552136 -0.05701501 0.04756209
v -0.21780835 -0.05422831 0.04756209
v -0.21552136 -0.05701501 -0.03847661
v -0.21382198 -0.06019434 0.04756209
v -0.21552136 -0.05701501 0.04756209
v -0.21382197 -0.06019434 -0.03847661
v -0.21277550 -0.06364411 0.04756209
v -0.21382198 -0.06019434 0.04756209
v -0.21277550 -0.06364411 -0.03847661
v -0.21242215 -0.06723174 0.04756209
v -0.21277550 -0.06364411 0.04756209
v -0.21242215 -0.06723174 -0.03847661
v -0.21277550 -0.07081938 0.04756209
v -0.21242215 -0.06723174 0.04756209
v -0.21277550 -0.07081938 -0.03847661
v -0.21382198 -0.07426916 0.04756209
v -0.21277550 -0.07081938 0.04756209
v -0.21382198 -0.07426916 -0.03847661
v -0.21552136 -0.07744848 0.04756209
v -0.21382198 -0.07426916 0.04756209
v -0.21552136 -0.07744848 -0.03847661
v -0.21780835 -0.08023518 0.04756209
v -0.21552136 -0.07744848 0.04756209
v -0.21780835 -0.08023518 -0.03847661
v -0.22059505 -0.08252216 0.04756209
v -0.21780835 -0.08023518 0.04756209
v -0.22059505 -0.08252216 -0.03847661
v -0.22377438 -0.08422154 0.04756209
v -0.22059505 -0.08252216 0.04756209
v -0.22377437 -0.05024195 -0.03847661
v -0.24780156 -0.07426916 -0.03847661
v -0.23784916 -0.08422154 -0.03847661
v -0.22377438 -0.08422154 -0.03847661
v -0.22722415 -0.08526801 0.04756209
v -0.22377438 -0.08422154 0.04756209
v -0.22722415 -0.08526801 0.04756209
v -0.23081176 -0.08562136 -0.03847661
v -0.23081176 -0.08562136 0.04756209
v -0.23439942 -0.04919547 0.04756209
v -0.21277550 -0.06364411 0.04756209
v -0.22722415 -0.08526801 0.04756209
v -0.23439940 -0.08526801 -0.03847661
v -0.23784916 -0.08422154 -0.03847661
v -0.24102848 -0.08252216 -0.03847661
v -0.24381519 -0.08023518 -0.03847661
v -0.24610218 -0.07744848 -0.03847661
v -0.24780156 -0.07426916 -0.03847661
v -0.24884804 -0.07081940 -0.03847661
v -0.24920139 -0.06723176 -0.03847661
v -0.24884804 -0.06364412 -0.03847661
v -0.24780157 -0.06019436 -0.03847661
v -0.24610219 -0.05701504 -0.03847661
v -0.24381521 -0.05422834 -0.03847661
v -0.24102851 -0.05194134 -0.03847661
v -0.23784919 -0.05024194 -0.03847661
v -0.23439942 -0.04919547 -0.03847661
v -0.23081178 -0.04884211 -0.03847661
v -0.22722414 -0.04919546 -0.03847661
v -0.22722414 -0.04919546 -0.03847661
v -0.22059504 -0.05194133 -0.03847661
v -0.21780834 -0.05422831 -0.03847661
v -0.21552136 -0.05701501 -0.03847661
v -0.21382197 -0.06019434 -0.03847661
v -0.21277550 -0.06364411 -0.03847661
v -0.21242215 -0.06723174 -0.03847661
v -0.21277550 -0.07081938 -0.03847661
v -0.21382198 -0.07426916 -0.03847661
v -0.21552136 -0.07744848 -0.03847661
v -0.21780835 -0.08023518 -0.03847661
v -0.22059505 -0.08252216 -0.03847661
v -0.22377438 -0.08422154 -0.03847661
v -0.23439940 -0.08526801 -0.03847661
v -0.23081176 -0.08562136 -0.03847661
v -0.22722415 -0.08526801 -0.03847661
v -0.22377438 -0.08422154 -0.03847661
v -0.22059505 -0.08252216 -0.03847661
v -0.21382198 -0.07426916 -0.03847661
v -0.21780835 -0.08023518 -0.03847661
v -0.21552136 -0.07744848 -0.03847661
v -0.21277550 -0.07081938 -0.03847661
v -0.21242215 -0.06723174 -0.03847661
v -0.21277550 -0.06364411 -0.03847661
v -0.21382197 -0.06019434 -0.03847661
v -0.21552136 -0.05701501 -0.03847661
v -0.21780834 -0.05422831 -0.03847661
v -0.22059504 -0.05194133 -0.03847661
v -0.22722414 -0.04919546 -0.03847661
v -0.23081178 -0.04884211 -0.03847661
v -0.23439942 -0.04919547 -0.03847661
v -0.23784919 -0.05024194 -0.03847661
v -0.24102851 -0.05194134 -0.03847661
v -0.24381521 -0.05422834 -0.03847661
v -0.24610219 -0.05701504 -0.03847661
v -0.24780157 -0.06019436 -0.03847661
v -0.24884804 -0.06364412 -0.03847661
v -0.24920139 -0.06723176 -0.03847661
v -0.24884804 -0.07081940 -0.03847661
v -0.24610218 -0.07744848 -0.03847661
v -0.24381519 -0.08023518 -0.03847661
v -0.24102848 -0.08252216 -0.03847661
v -0.22722415 -0.08526801 -0.03847661
v -0.22722415 -0.08526801 -0.03847661
v -0.23081176 -0.08562136 0.04756209
v -0.23439940 -0.08526801 0.04756209
v -0.23784916 -0.08422154 0.04756209
v -0.24102848 -0.08252216 0.04756209
v -0.24381519 -0.08023518 0.04756209
v -0.24884804 -0.07081940 0.04756209
v -0.24610218 -0.07744848 0.04756209
v -0.24780156 -0.07426916 0.04756209
v -0.24920140 -0.06723176 0.04756209
v -0.24884804 -0.06364412 0.04756209
v -0.24780157 -0.06019436 0.04756209
v -0.24610219 -0.05701504 0.04756209
v -0.24381521 -0.05422834 0.04756209
v -0.24102851 -0.05194134 0.04756209
v -0.23784919 -0.05024194 0.04756209
v -0.23081178 -0.04884211 0.04756209
v -0.22722414 -0.04919546 0.04756209
v -0.22377437 -0.05024195 0.04756209
v -0.22059504 -0.05194133 0.04756209
v -0.21780835 -0.05422831 0.04756209
v -0.21552136 -0.05701501 0.04756209
v -0.21382198 -0.06019434 0.04756209
v -0.21242215 -0.06723174 0.04756209
v -0.21277550 -0.07081938 0.04756209
v -0.21382198 -0.07426916 0.04756209
v -0.21552136 -0.07744848 0.04756209
v -0.21780835 -0.08023518 0.04756209
v -0.22059505 -0.08252216 0.04756209
v -0.22377438 -0.08422154 0.04756209
vn -0.09801642 -0.99518480 0.00000000
vn -0.09801642 -0.99518480 0.00000000
vn -0.09801642 -0.99518480 0.00000000
vn -0.29028367 -0.95694064 0.00000000
vn -0.29028367 -0.95694064 0.00000000
vn -0.29028367 -0.95694064 0.00000000
vn -0.47139592 -0.88192170 0.00000000
vn -0.47139592 -0.88192170 0.00000000
vn -0.47139592 -0.88192170 0.00000000
vn -0.63439196 -0.77301154 0.00000000
vn -0.63439196 -0.77301154 0.00000000
vn -0.63439196 -0.77301154 0.00000000
vn -0.77300952 -0.63439442 0.00000000
vn -0.77300952 -0.63439442 0.00000000
vn -0.77300952 -0.63439442 0.00000000
vn -0.88192132 -0.47139663 -0.00000006
vn -0.88192066 -0.47139787 -0.00000000
vn -0.88192064 -0.47139791 0.00000000
vn -0.95693992 -0.29028605 -0.00000000
vn -0.95694036 -0.29028459 -0.00000007
vn -0.95694037 -0.29028455 -0.00000007
vn -0.99518464 -0.09801803 -0.00000005
vn -0.99518452 -0.09801922 -0.00000000
vn -0.99518452 -0.09801925 0.00000000
vn -0.99518479 0.09801650 -0.00000000
vn -0.99518467 0.09801768 -0.00000005
vn -0.99518467 0.09801771 -0.00000005
vn -0.95694080 0.29028313 0.00000007
vn -0.95694036 0.29028459 0.00000000
vn -0.95694035 0.29028463 0.00000000
vn -0.88192139 0.47139650 0.00000000
vn -0.88192205 0.47139526 0.00000006
vn -0.88192207 0.47139523 0.00000006
vn -0.77301043 0.63439332 0.00000000
vn -0.77301043 0.63439332 0.00000000
vn -0.77301043 0.63439332 0.00000000
vn -0.63439542 0.77300870 0.00000000
vn -0.63439542 0.77300870 0.00000000
vn -0.63439542 0.77300870 0.00000000
vn -0.47139893 0.88192009 0.00000000
vn -0.47139893 0.88192009 0.00000000
vn -0.47139893 0.88192009 0.00000000
vn -0.29028417 0.95694049 0.00000000
vn -0.29028417 0.95694049 0.00000000
vn -0.29028417 0.95694049 0.00000000
vn -0.09801966 0.99518448 0.00000000
vn -0.09801966 0.99518448 0.00000000
vn -0.09801966 0.99518448 0.00000000
vn 0.09801814 0.99518463 0.00000000
vn 0.09801814 0.99518463 0.00000000
vn 0.09801814 0.99518463 0.00000000
vn 0.29028595 0.95693995 -0.00000002
vn 0.29028651 0.95693978 -0.00000000
vn 0.29028594 0.95693995 -0.00000003
vn 0.47139572 0.88192181 -0.00000000
vn 0.47139655 0.88192136 -0.00000004
vn 0.47139657 0.88192135 -0.00000004
vn 0.63439315 0.77301057 0.00000004
vn 0.63439393 0.77300993 0.00000000
vn 0.63439395 0.77300991 0.00000000
vn 0.77301066 0.63439303 0.00000003
vn 0.77301027 0.63439350 0.00000005
vn 0.77301026 0.63439352 0.00000005
vn 0.88192126 0.47139675 0.00000003
vn 0.88192126 0.47139675 0.00000003
vn 0.88192126 0.47139675 0.00000003
vn 0.95694037 0.29028458 0.00000003
vn 0.95694037 0.29028458 0.00000003
vn 0.95694037 0.29028458 0.00000003
vn 0.99518476 0.09801676 0.00000007
vn 0.99518484 0.09801597 0.00000004
vn 0.99518484 0.09801595 0.00000004
vn 0.99518472 -0.09801725 0.00000005
vn 0.99518475 -0.09801686 0.00000007
vn 0.99518476 -0.09801685 0.00000007
vn 0.95694014 -0.29028533 0.00000003
vn 0.95694025 -0.29028497 0.00000005
vn 0.95694025 -0.29028496 0.00000005
vn 0.88192148 -0.47139634 0.00000003
vn 0.88192148 -0.47139634 0.00000003
vn 0.88192148 -0.47139634 0.00000003
vn 0.77301031 -0.63439346 0.00000001
vn 0.77301051 -0.63439322 0.00000003
vn 0.77301051 -0.63439321 0.00000003
vn 0.63439116 -0.77301219 -0.00000003
vn 0.63439194 -0.77301155 0.00000001
vn 0.63439197 -0.77301153 0.00000001
vn 0.47139661 -0.88192133 -0.00000000
vn 0.47139611 -0.88192160 -0.00000002
vn 0.47139610 -0.88192161 -0.00000002
vn 0.00000000 0.00000000 -1.00000000
vn 0.00000000 0.00000000 -1.00000000
vn 0.00000000 0.00000000 -1.00000000
vn 0.29028264 -0.95694095 0.00000000
vn 0.29028264 -0.95694095 0.00000000
vn 0.29028264 -0.95694095 0.00000000
vn 0.09801672 -0.99518477 0.00000000
vn 0.09801672 -0.99518477 0.00000000
vn 0.09801672 -0.99518477 0.00000000
vn 0.00000000 0.00000000 1.00000000
vn 0.00000000 0.00000000 1.00000000
vn 0.00000000 0.00000000 1.00000000
vn -0.09801642 -0.99518480 0.00000000
vn -0.29028367 -0.95694064 0.00000000
vn -0.47139592 -0.88192170 0.00000000
vn -0.63439196 -0.77301154 0.00000000
vn -0.77300952 -0.63439442 0.00000000
vn -0.88192134 -0.47139660 -0.00000006
vn -0.95693991 -0.29028609 0.00000000
vn -0.99518464 -0.09801800 -0.00000005
vn -0.99518479 0.09801646 0.00000000
vn -0.95694082 0.29028309 0.00000007
vn -0.88192137 0.47139653 0.00000000
vn -0.77301043 0.63439332 0.00000000
vn -0.63439542 0.77300870 0.00000000
vn -0.47139893 0.88192009 0.00000000
vn -0.29028417 0.95694049 0.00000000
vn -0.09801966 0.99518448 0.00000000
vn 0.09801814 0.99518463 0.00000000
vn 0.29028652 0.95693978 0.00000000
vn 0.47139570 0.88192182 0.00000000
vn 0.63439312 0.77301059 0.00000004
vn 0.77301067 0.63439302 0.00000003
vn 0.88192126 0.47139675 0.00000003
vn 0.95694037 0.29028458 0.00000003
vn 0.99518476 0.09801678 0.00000007
vn 0.99518471 -0.09801726 0.00000005
vn 0.95694013 -0.29028534 0.00000003
vn 0.88192148 -0.47139634 0.00000003
vn 0.77301031 -0.63439346 0.00000001
vn 0.63439114 -0.77301221 -0.00000003
vn 0.47139662 -0.88192133 0.00000000
vn 0.00000000 0.00000000 -1.00000000
vn 0.00000000 0.00000000 -1.00000000
vn 0.00000000 0.00000000 -1.00000000
vn 0.00000000 0.00000000 -1.00000000
vn 0.00000000 0.00000000 -1.00000000
vn 0.00000000 0.00000000 -1.00000000
vn 0.00000000 0.00000000 -1.00000000
vn 0.00000000 0.00000000 -1.00000000
vn 0.00000000 0.00000000 -1.00000000
vn 0.00000000 0.00000000 -1.00000000
vn 0.00000000 0.00000000 -1.00000000
vn 0.00000000 0.00000000 -1.00000000
vn 0.00000000 0.00000000 -1.00000000
vn 0.00000000 0.00000000 -1.00000000
vn 0.00000000 0.00000000 -1.00000000
vn 0.00000000 0.00000000 -1.00000000
vn 0.00000000 0.00000000 -1.00000000
vn 0.00000000 0.00000000 -1.00000000
vn 0.00000000 0.00000000 -1.00000000
vn 0.00000000 0.00000000 -1.00000000
vn 0.00000000 0.00000000 -1.00000000
vn 0.00000000 0.00000000 -1.00000000
vn 0.00000000 0.00000000 -1.00000000
vn 0.00000000 0.00000000 -1.00000000
vn 0.00000000 0.00000000 -1.00000000
vn 0.00000000 0.00000000 -1.00000000
vn 0.00000000 0.00000000 -1.00000000
vn 0.00000000 0.00000000 -1.00000000
vn 0.00000000 0.00000000 -1.00000000
vn 0.29028264 -0.95694095 0.00000000
vn 0.09801672 -0.99518477 0.00000000
vn 0.00000000 0.00000000 1.00000000
vn 0.00000000 0.00000000 1.00000000
vn 0.00000000 0.00000000 1.00000000
vn 0.00000000 0.00000000 1.00000000
vn 0.00000000 0.00000000 1.00000000
vn 0.00000000 0.00000000 1.00000000
vn 0.00000000 0.00000000 1.00000000
vn 0.00000000 0.00000000 1.00000000
vn 0.00000000 0.00000000 1.00000000
vn 0.00000000 0.00000000 1.00000000
vn 0.00000000 0.00000000 1.00000000
vn 0.00000000 0.00000000 1.00000000
vn 0.00000000 0.00000000 1.00000000
vn 0.00000000 0.00000000 1.00000000
vn 0.00000000 0.00000000 1.00000000
vn 0.00000000 0.00000000 1.00000000
vn 0.00000000 0.00000000 1.00000000
vn 0.00000000 0.00000000 1.00000000
vn 0.00000000 0.00000000 1.00000000
vn 0.00000000 0.00000000 1.00000000
vn 0.00000000 0.00000000 1.00000000
vn 0.00000000 0.00000000 1.00000000
vn 0.00000000 0.00000000 1.00000000
vn 0.00000000 0.00000000 1.00000000
vn 0.00000000 0.00000000 1.00000000
vn 0.00000000 0.00000000 1.00000000
vn 0.00000000 0.00000000 1.00000000
vn 0.00000000 0.00000000 1.00000000
vn 0.00000000 0.00000000 1.00000000
vt 0.00000000 0.00000000
vt 0.00000000 0.00000000
vt 0.00000000 0.00000000
vt 0.00000000 0.00000000
vt 0.00000000 0.00000000
vt 0.00000000 0.00000000
vt 0.00000000 0.00000000
vt 0.00000000 0.00000000
vt 0.00000000 0.00000000
vt 0.00000000 0.00000000
vt 0.00000000 0.00000000
vt 0.00000000 0.00000000
vt 0.00000000 0.00000000
vt 0.00000000 0.00000000
vt 0.00000000 0.00000000
vt 0.00000000 0.00000000
vt 0.00000000 0.00000000
vt 0.00000000 0.00000000
vt 0.00000000 0.00000000
vt 0.00000000 0.00000000
vt 0.00000000 0.00000000
vt 0.00000000 0.00000000
vt 0.00000000 0.00000000
vt 0.00000000 0.00000000
vt 0.00000000 0.00000000
vt 0.00000000 0.00000000
vt 0.00000000 0.00000000
vt 0.00000000 0.00000000
vt 0.00000000 0.00000000
vt 0.00000000 0.00000000
vt 0.00000000 0.00000000
vt 0.00000000 0.00000000
vt 0.00000000 0.00000000
vt 0.00000000 0.00000000
vt 0.00000000 0.00000000
vt 0.00000000 0.00000000
vt 0.00000000 0.00000000
vt 0.00000000 0.00000000
vt 0.00000000 0.00000000
vt 0.00000000 0.00000000
vt 0.00000000 0.00000000
vt 0.00000000 0.00000000
vt 0.00000000 0.00000000
vt 0.00000000 0.00000000
vt 0.00000000 0.00000000
vt 0.00000000 0.00000000
vt 0.00000000 0.00000000
vt 0.00000000 0.00000000
vt 0.00000000 0.00000000
vt 0.00000000 0.00000000
vt 0.00000000 0.00000000
vt 0.00000000 0.00000000
vt 0.00000000 0.00000000
vt 0.00000000 0.00000000
vt 0.00000000 0.00000000
vt 0.00000000 0.00000000
vt 0.00000000 0.00000000
vt 0.00000000 0.00000000
vt 0.00000000 0.00000000
vt 0.00000000 0.00000000
vt 0.00000000 0.00000000
vt 0.00000000 0.00000000
vt 0.00000000 0.00000000
vt 0.00000000 0.00000000
vt 0.00000000 0.00000000
vt 0.00000000 0.00000000
vt 0.00000000 0.00000000
vt 0.00000000 0.00000000
vt 0.00000000 0.00000000
vt 0.00000000 0.00000000
vt 0.00000000 0.00000000
vt 0.00000000 0.00000000
vt 0.00000000 0.00000000
vt 0.00000000 0.00000000
vt 0.00000000 0.00000000
vt 0.00000000 0.00000000
vt 0.00000000 0.00000000
vt 0.00000000 0.00000000
vt 0.00000000 0.00000000
vt 0.00000000 0.00000000
vt 0.00000000 0.00000000
vt 0.00000000 0.00000000
vt 0.00000000 0.00000000
vt 0.00000000 0.00000000
vt 0.00000000 0.00000000
vt 0.00000000 0.00000000
vt 0.00000000 0.00000000
vt 0.00000000 0.00000000
vt 0.00000000 0.00000000
vt 0.00000000 0.00000000
vt 0.00000000 0.00000000
vt 0.00000000 0.00000000
vt 0.00000000 0.00000000
vt 0.00000000 0.00000000
vt 0.00000000 0.00000000
vt 0.00000000 0.00000000
vt 0.00000000 0.00000000
vt 0.00000000 0.00000000
vt 0.00000000 0.00000000
vt 0.00000000 0.00000000
vt 0.00000000 0.00000000
vt 0.00000000 0.00000000
vt 0.00000000 0.00000000
vt 0.00000000 0.00000000
vt 0.00000000 0.00000000
vt 0.00000000 0.00000000
vt 0.00000000 0.00000000
vt 0.00000000 0.00000000
vt 0.00000000 0.00000000
vt 0.00000000 0.00000000
vt 0.00000000 0.00000000
vt 0.00000000 0.00000000
vt 0.00000000 0.00000000
vt 0.00000000 0.00000000
vt 0.00000000 0.00000000
vt 0.00000000 0.00000000
vt 0.00000000 0.00000000
vt 0.00000000 0.00000000
vt 0.00000000 0.00000000
vt 0.00000000 0.00000000
vt 0.00000000 0.00000000
vt 0.00000000 0.00000000
vt 0.00000000 0.00000000
vt 0.00000000 0.00000000
vt 0.00000000 0.00000000
vt 0.00000000 0.00000000
vt 0.00000000 0.00000000
vt 0.00000000 0.00000000
vt 0.00000000 0.00000000
vt 0.00000000 0.00000000
vt 0.00000000 0.00000000
vt 0.00000000 0.00000000
vt 0.00000000 0.00000000
vt 0.00000000 0.00000000
vt 0.00000000 0.00000000
vt 0.00000000 0.00000000
vt 0.00000000 0.00000000
vt 0.00000000 0.00000000
vt 0.00000000 0.00000000
vt 0.00000000 0.00000000
vt 0.00000000 0.00000000
vt 0.00000000 0.00000000
vt 0.00000000 0.00000000
vt 0.00000000 0.00000000
vt 0.00000000 0.00000000
vt 0.00000000 0.00000000
vt 0.00000000 0.00000000
vt 0.00000000 0.00000000
vt 0.00000000 0.00000000
vt 0.00000000 0.00000000
vt 0.00000000 0.00000000
vt 0.00000000 0.00000000
vt 0.00000000 0.00000000
vt 0.00000000 0.00000000
vt 0.00000000 0.00000000
vt 0.00000000 0.00000000
vt 0.00000000 0.00000000
vt 0.00000000 0.00000000
vt 0.00000000 0.00000000
vt 0.00000000 0.00000000
vt 0.00000000 0.00000000
vt 0.00000000 0.00000000
vt 0.00000000 0.00000000
vt 0.00000000 0.00000000
vt 0.00000000 0.00000000
vt 0.00000000 0.00000000
vt 0.00000000 0.00000000
vt 0.00000000 0.00000000
vt 0.00000000 0.00000000
vt 0.00000000 0.00000000
vt 0.00000000 0.00000000
vt 0.00000000 0.00000000
vt 0.00000000 0.00000000
vt 0.00000000 0.00000000
vt 0.00000000 0.00000000
vt 0.00000000 0.00000000
vt 0.00000000 0.00000000
vt 0.00000000 0.00000000
vt 0.00000000 0.00000000
vt 0.00000000 0.00000000
vt 0.00000000 0.00000000
vt 0.00000000 0.00000000
vt 0.00000000 0.00000000
vt 0.00000000 0.00000000
vt 0.00000000 0.00000000
vt 0.00000000 0.00000000
vt 0.00000000 0.00000000
vt 0.00000000 0.00000000
vt 0.00000000 0.00000000
vt 0.00000000 0.00000000
vt 0.00000000 0.00000000
vt 0.00000000 0.00000000
f 3887/3887/3887 3886/3886/3886 3885/3885/3885
f 3890/3890/3890 3889/3889/3889 3888/3888/3888
f 3893/3893/3893 3892/3892/3892 3891/3891/3891
f 3896/3896/3896 3895/3895/3895 3894/3894/3894
f 3899/3899/3899 3898/3898/3898 3897/3897/3897
f 3902/3902/3902 3901/3901/3901 3900/3900/3900
f 3905/3905/3905 3904/3904/3904 3903/3903/3903
f 3908/3908/3908 3907/3907/3907 3906/3906/3906
f 3911/3911/3911 3910/3910/3910 3909/3909/3909
f 3914/3914/3914 3913/3913/3913 3912/3912/3912
f 3917/3917/3917 3916/3916/3916 3915/3915/3915
f 3920/3920/3920 3919/3919/3919 3918/3918/3918
f 3923/3923/3923 3922/3922/3922 3921/3921/3921
f 3926/3926/3926 3925/3925/3925 3924/3924/3924
f 3929/3929/3929 3928/3928/3928 3927/3927/3927
f 3932/3932/3932 3931/3931/3931 3930/3930/3930
f 3935/3935/3935 3934/3934/3934 3933/3933/3933
f 3938/3938/3938 3937/3937/3937 3936/3936/3936
f 3941/3941/3941 3940/3940/3940 3939/3939/3939
f 3944/3944/3944 3943/3943/3943 3942/3942/3942
f 3947/3947/3947 3946/3946/3946 3945/3945/3945
f 3950/3950/3950 3949/3949/3949 3948/3948/3948
f 3953/3953/3953 3952/3952/3952 3951/3951/3951
f 3956/3956/3956 3955/3955/3955 3954/3954/3954
f 3959/3959/3959 3958/3958/3958 3957/3957/3957
f 3962/3962/3962 3961/3961/3961 3960/3960/3960
f 3965/3965/3965 3964/3964/3964 3963/3963/3963
f 3968/3968/3968 3967/3967/3967 3966/3966/3966
f 3971/3971/3971 3970/3970/3970 3969/3969/3969
f 3974/3974/3974 3973/3973/3973 3972/3972/3972
f 3977/3977/3977 3976/3976/3976 3975/3975/3975
f 3980/3980/3980 3979/3979/3979 3978/3978/3978
f 3983/3983/3983 3982/3982/3982 3981/3981/3981
f 3986/3986/3986 3985/3985/3985 3984/3984/3984
f 3886/3886/3886 3987/3987/3987 3885/3885/3885
f 3889/3889/3889 3988/3988/3988 3888/3888/3888
f 3892/3892/3892 3989/3989/3989 3891/3891/3891
f 3895/3895/3895 3990/3990/3990 3894/3894/3894
f 3898/3898/3898 3991/3991/3991 3897/3897/3897
f 3901/3901/3901 3992/3992/3992 3900/3900/3900
f 3904/3904/3904 3993/3993/3993 3903/3903/3903
f 3907/3907/3907 3994/3994/3994 3906/3906/3906
f 3910/3910/3910 3995/3995/3995 3909/3909/3909
f 3913/3913/3913 3996/3996/3996 3912/3912/3912
f 3916/3916/3916 3997/3997/3997 3915/3915/3915
f 3919/3919/3919 3998/3998/3998 3918/3918/3918
f 3922/3922/3922 3999/3999/3999 3921/3921/3921
f 3925/3925/3925 4000/4000/4000 3924/3924/3924
f 3928/3928/3928 4001/4001/4001 3927/3927/3927
f 3931/3931/3931 4002/4002/4002 3930/3930/3930
f 3934/3934/3934 4003/4003/4003 3933/3933/3933
f 3937/3937/3937 4004/4004/4004 3936/3936/3936
f 3940/3940/3940 4005/4005/4005 3939/3939/3939
f 3943/3943/3943 4006/4006/4006 3942/3942/3942
f 3946/3946/3946 4007/4007/4007 3945/3945/3945
f 3949/3949/3949 4008/4008/4008 3948/3948/3948
f 3952/3952/3952 4009/4009/4009 3951/3951/3951
f 3955/3955/3955 4010/4010/4010 3954/3954/3954
f 3958/3958/3958 4011/4011/4011 3957/3957/3957
f 3961/3961/3961 4012/4012/4012 3960/3960/3960
f 3964/3964/3964 4013/4013/4013 3963/3963/3963
f 3967/3967/3967 4014/4014/4014 3966/3966/3966
f 3970/3970/3970 4015/4015/4015 3969/3969/3969
f 3973/3973/3973 4016/4016/4016 3972/3972/3972
f 4018/4018/4018 4017/4017/4017 3977/3977/3977
f 4020/4020/4020 4019/4019/4019 4018/4018/4018
f 4022/4022/4022 4021/4021/4021 4020/4020/4020
f 4022/4022/4022 4024/4024/4024 4023/4023/4023
f 4026/4026/4026 4025/4025/4025 4022/4022/4022
f 4028/4028/4028 4027/4027/4027 4026/4026/4026
f 3975/3975/3975 4029/4029/4029 4028/4028/4028
f 3975/3975/3975 4031/4031/4031 4030/4030/4030
f 4033/4033/4033 4032/4032/4032 3975/3975/3975
f 3975/3975/3975 4034/4034/4034 4033/4033/4033
f 4037/4037/4037 4036/4036/4036 4035/4035/4035
f 4039/4039/4039 4038/4038/4038 4037/4037/4037
f 3976/3976/3976 4040/4040/4040 4039/4039/4039
f 3976/3976/3976 4042/4042/4042 4041/4041/4041
f 4044/4044/4044 4043/4043/4043 3976/3976/3976
f 3977/3977/3977 4045/4045/4045 4044/4044/4044
f 4022/4022/4022 4018/4018/4018 3977/3977/3977
f 4022/4022/4022 4023/4023/4023 4021/4021/4021
f 3975/3975/3975 4026/4026/4026 4022/4022/4022
f 3975/3975/3975 4030/4030/4030 4029/4029/4029
f 4035/4035/4035 4034/4034/4034 3975/3975/3975
f 3975/3975/3975 4037/4037/4037 4035/4035/4035
f 3976/3976/3976 4041/4041/4041 4040/4040/4040
f 3977/3977/3977 4044/4044/4044 3976/3976/3976
f 4022/4022/4022 4020/4020/4020 4018/4018/4018
f 3975/3975/3975 4028/4028/4028 4026/4026/4026
f 4039/4039/4039 4037/4037/4037 3975/3975/3975
f 3975/3975/3975 3976/3976/3976 4039/4039/4039
f 3975/3975/3975 4022/4022/4022 3977/3977/3977
f 3979/3979/3979 4046/4046/4046 3978/3978/3978
f 3982/3982/3982 4047/4047/4047 3981/3981/3981
f 4049/4049/4049 4048/4048/4048 3986/3986/3986
f 4051/4051/4051 4050/4050/4050 4049/4049/4049
f 4053/4053/4053 4052/4052/4052 4051/4051/4051
f 4053/4053/4053 4055/4055/4055 4054/4054/4054
f 4057/4057/4057 4056/4056/4056 4053/4053/4053
f 4053/4053/4053 4058/4058/4058 4057/4057/4057
f 3984/3984/3984 4060/4060/4060 4059/4059/4059
f 3984/3984/3984 4062/4062/4062 4061/4061/4061
f 4064/4064/4064 4063/4063/4063 3984/3984/3984
f 3984/3984/3984 4065/4065/4065 4064/4064/4064
f 4068/4068/4068 4067/4067/4067 4066/4066/4066
f 3985/3985/3985 4069/4069/4069 4068/4068/4068
f 4071/4071/4071 4070/4070/4070 3985/3985/3985
f 4073/4073/4073 4072/4072/4072 4071/4071/4071
f 4075/4075/4075 4074/4074/4074 4073/4073/4073
f 3986/3986/3986 4076/4076/4076 4075/4075/4075
f 4053/4053/4053 4049/4049/4049 3986/3986/3986
f 4053/4053/4053 4054/4054/4054 4052/4052/4052
f 4059/4059/4059 4058/4058/4058 4053/4053/4053
f 3984/3984/3984 4061/4061/4061 4060/4060/4060
f 4066/4066/4066 4065/4065/4065 3984/3984/3984
f 3984/3984/3984 4068/4068/4068 4066/4066/4066
f 3986/3986/3986 4071/4071/4071 3985/3985/3985
f 3986/3986/3986 4075/4075/4075 4073/4073/4073
f 4053/4053/4053 4051/4051/4051 4049/4049/4049
f 3986/3986/3986 4059/4059/4059 4053/4053/4053
f 3985/3985/3985 4068/4068/4068 3984/3984/3984
f 3986/3986/3986 4073/4073/4073 4071/4071/4071
f 3984/3984/3984 4059/4059/4059 3986/3986/3986

o part_009
usemtl material_0
v -0.00361260 -0.01817410 0.06652262
v -0.00002496 -0.01852744 -0.06652262
v -0.00002496 -0.01852744 0.06652262
v -0.00706237 -0.01712763 0.06652262
v -0.00361260 -0.01817410 -0.06652262
v -0.00361260 -0.01817410 0.06652262
v -0.01024169 -0.01542825 0.06652262
v -0.00706237 -0.01712763 -0.06652262
v -0.00706237 -0.01712763 0.06652262
v -0.01302839 -0.01314126 0.06652262
v -0.01024169 -0.01542825 -0.06652262
v -0.01024169 -0.01542825 0.06652262
v -0.01531538 -0.01035456 0.06652262
v -0.01302839 -0.01314126 -0.06652262
v -0.01302839 -0.01314126 0.06652262
v -0.01701477 -0.00717524 0.06652262
v -0.01531538 -0.01035456 -0.06652262
v -0.01531538 -0.01035456 0.06652262
v -0.01806125 -0.00372548 0.06652262
v -0.01701477 -0.00717524 -0.06652262
v -0.01701477 -0.00717524 0.06652262
v -0.01841461 -0.00013785 0.06652262
v -0.01806125 -0.00372548 -0.06652262
v -0.01806125 -0.00372548 0.06652262
v -0.01806126 0.00344979 0.06652262
v -0.01841461 -0.00013785 -0.06652262
v -0.01841461 -0.00013785 0.06652262
v -0.01701479 0.00689956 0.06652262
v -0.01806126 0.00344979 -0.06652262
v -0.01806126 0.00344979 0.06652262
v -0.01531541 0.01007889 0.06652262
v -0.01701479 0.00689956 -0.06652262
v -0.01701479 0.00689956 0.06652262
v -0.01302843 0.01286559 0.06652262
v -0.01531541 0.01007889 -0.06652262
v -0.01531541 0.01007889 0.06652262
v -0.01024173 0.01515258 0.06652262
v -0.01302843 0.01286559 -0.06652262
v -0.01302843 0.01286559 0.06652262
v -0.00706241 0.01685197 0.06652262
v -0.01024173 0.01515258 -0.06652262
v -0.01024173 0.01515258 0.06652262
v -0.00361264 0.01789845 0.06652262
v -0.00706241 0.01685197 -0.06652262
v -0.00706241 0.01685197 0.06652262
v -0.00002500 0.01825180 0.06652262
v -0.00361264 0.01789845 -0.06652262
v -0.00361264 0.01789845 0.06652262
v 0.00356263 0.01789845 0.06652262
v -0.00002500 0.01825180 -0.06652262
v -0.00002500 0.01825180 0.06652262
v 0.00701240 0.01685198 0.06652262
v 0.00356263 0.01789845 -0.06652262
v 0.00356263 0.01789845 0.06652262
v 0.01019173 0.01515260 0.06652262
v 0.00701240 0.01685198 -0.06652262
v 0.00701240 0.01685198 0.06652262
v 0.01297843 0.01286562 0.06652262
v 0.01019173 0.01515260 -0.06652262
v 0.01019173 0.01515260 0.06652262
v 0.01526542 0.01007892 0.06652262
v 0.01297843 0.01286562 -0.06652262
v 0.01297843 0.01286562 0.06652262
v 0.01696481 0.00689959 0.06652262
v 0.01526542 0.01007892 -0.06652262
v 0.01526542 0.01007892 0.06652262
v 0.01801129 0.00344983 0.06652262
v 0.01696481 0.00689959 -0.06652262
v 0.01696481 0.00689959 0.06652262
v 0.01836464 -0.00013781 0.06652262
v 0.01801129 0.00344983 -0.06652262
v 0.01801129 0.00344983 0.06652262
v 0.01801129 -0.00372545 0.06652262
v 0.01836464 -0.00013781 -0.06652262
v 0.01836464 -0.00013781 0.06652262
v 0.01696481 -0.00717522 0.06652262
v 0.01801129 -0.00372545 -0.06652262
v 0.01801129 -0.00372545 0.06652262
v 0.01526543 -0.01035454 0.06652262
v 0.01696481 -0.00717522 -0.06652262
v 0.01696481 -0.00717522 0.06652262
v 0.01297844 -0.01314125 0.06652262
v 0.01526543 -0.01035454 -0.06652262
v 0.01526543 -0.01035454 0.06652262
v 0.01019174 -0.01542823 0.06652262
v 0.01297844 -0.01314125 -0.06652262
v 0.01297844 -0.01314125 0.06652262
v 0.00701242 -0.01712761 0.06652262
v 0.01019174 -0.01542823 -0.06652262
v 0.01019174 -0.01542823 0.06652262
v -0.00002500 0.01825180 -0.06652262
v 0.01836464 -0.00013781 -0.06652262
v -0.00002496 -0.01852744 -0.06652262
v 0.00356265 -0.01817409 0.06652262
v 0.00701242 -0.01712761 -0.06652262
v 0.00701242 -0.01712761 0.06652262
v -0.00002496 -0.01852744 0.06652262
v 0.00356265 -0.01817409 -0.06652262
v 0.00356265 -0.01817409 0.06652262
v 0.00356263 0.01789845 0.06652262
v -0.01806126 0.00344979 0.06652262
v -0.00361260 -0.01817410 0.06652262
v -0.00361260 -0.01817410 -0.06652262
v -0.00706237 -0.01712763 -0.06652262
v -0.01024169 -0.01542825 -0.06652262
v -0.01302839 -0.01314126 -0.06652262
v -0.01531538 -0.01035456 -0.06652262
v -0.01701477 -0.00717524 -0.06652262
v -0.01806125 -0.00372548 -0.06652262
v -0.01841461 -0.00013785 -0.06652262
v -0.01806126 0.00344979 -0.06652262
v -0.01701479 0.00689956 -0.06652262
v -0.01531541 0.01007889 -0.06652262
v -0.01302843 0.01286559 -0.06652262
v -0.01024173 0.01515258 -0.06652262
v -0.00706241 0.01685197 -0.06652262
v -0.00361264 0.01789845 -0.06652262
v -0.00002500 0.01825180 -0.06652262
v 0.00356263 0.01789845 -0.06652262
v 0.00701240 0.01685198 -0.06652262
v 0.01019173 0.01515260 -0.06652262
v 0.01297843 0.01286562 -0.06652262
v 0.01526542 0.01007892 -0.06652262
v 0.01696481 0.00689959 -0.06652262
v 0.01801129 0.00344983 -0.06652262
v 0.01836464 -0.00013781 -0.06652262
v 0.01801129 -0.00372545 -0.06652262
v 0.01696481 -0.00717522 -0.06652262
v 0.01526543 -0.01035454 -0.06652262
v 0.01297844 -0.01314125 -0.06652262
v 0.01019174 -0.01542823 -0.06652262
v 0.00701242 -0.01712761 -0.06652262
v -0.00361260 -0.01817410 -0.06652262
v -0.01302839 -0.01314126 -0.06652262
v -0.00706237 -0.01712763 -0.06652262
v -0.01024169 -0.01542825 -0.06652262
v -0.01531538 -0.01035456 -0.06652262
v -0.01701477 -0.00717524 -0.06652262
v -0.01806125 -0.00372548 -0.06652262
v -0.01841461 -0.00013785 -0.06652262
v -0.01806126 0.00344979 -0.06652262
v -0.01701479 0.00689956 -0.06652262
v -0.01531541 0.01007889 -0.06652262
v -0.01302843 0.01286559 -0.06652262
v -0.01024173 0.01515258 -0.06652262
v -0.00706241 0.01685197 -0.06652262
v -0.00361264 0.01789845 -0.06652262
v 0.00356263 0.01789845 -0.06652262
v 0.01297843 0.01286562 -0.06652262
v 0.00701240 0.01685198 -0.06652262
v 0.01019173 0.01515260 -0.06652262
v 0.01526542 0.01007892 -0.06652262
v 0.01696481 0.00689959 -0.06652262
v 0.01801129 0.00344983 -0.06652262
v 0.01801129 -0.00372545 -0.06652262
v 0.01297844 -0.01314125 -0.06652262
v 0.01696481 -0.00717522 -0.06652262
v 0.01526543 -0.01035454 -0.06652262
v 0.01019174 -0.01542823 -0.06652262
v 0.00701242 -0.01712761 -0.06652262
v 0.00356265 -0.01817409 -0.06652262
v 0.00356265 -0.01817409 -0.06652262
v -0.00002496 -0.01852744 -0.06652262
v -0.00002496 -0.01852744 0.06652262
v 0.00356265 -0.01817409 0.06652262
v 0.00701242 -0.01712761 0.06652262
v 0.01019174 -0.01542823 0.06652262
v 0.01297844 -0.01314125 0.06652262
v 0.01801129 -0.00372545 0.06652262
v 0.01526543 -0.01035454 0.06652262
v 0.01696481 -0.00717522 0.06652262
v 0.01836464 -0.00013781 0.06652262
v 0.01801129 0.00344983 0.06652262
v 0.01696481 0.00689959 0.06652262
v 0.01526542 0.01007892 0.06652262
v 0.01297843 0.01286562 0.06652262
v 0.01019173 0.01515260 0.06652262
v 0.00701240 0.01685198 0.06652262
v -0.00002500 0.01825180 0.06652262
v -0.00361264 0.01789845 0.06652262
v -0.00706241 0.01685197 0.06652262
v -0.01024173 0.01515258 0.06652262
v -0.01302843 0.01286559 0.06652262
v -0.01531541 0.01007889 0.06652262
v -0.01701479 0.00689956 0.06652262
v -0.01841461 -0.00013785 0.06652262
v -0.01531538 -0.01035456 0.06652262
v -0.01806125 -0.00372548 0.06652262
v -0.01701477 -0.00717524 0.06652262
v -0.01302839 -0.01314126 0.06652262
v -0.01024169 -0.01542825 0.06652262
v -0.00706237 -0.01712763 0.06652262
vn -0.09801566 -0.99518487 -0.00000000
vn -0.09801566 -0.99518487 -0.00000000
vn -0.09801566 -0.99518487 -0.00000000
vn -0.29028286 -0.95694089 0.00000000
vn -0.29028286 -0.95694089 0.00000000
vn -0.29028286 -0.95694089 0.00000000
vn -0.47139592 -0.88192170 0.00000000
vn -0.47139592 -0.88192170 0.00000000
vn -0.47139592 -0.88192170 0.00000000
vn -0.63439256 -0.77301104 0.00000000
vn -0.63439256 -0.77301104 0.00000000
vn -0.63439256 -0.77301104 0.00000000
vn -0.77300964 -0.63439427 0.00000000
vn -0.77300964 -0.63439427 0.00000000
vn -0.77300964 -0.63439427 0.00000000
vn -0.88192065 -0.47139788 0.00000000
vn -0.88192065 -0.47139788 0.00000000
vn -0.88192065 -0.47139788 0.00000000
vn -0.95693984 -0.29028632 0.00000000
vn -0.95693984 -0.29028632 0.00000000
vn -0.95693984 -0.29028632 0.00000000
vn -0.99518460 -0.09801843 0.00000000
vn -0.99518460 -0.09801843 0.00000000
vn -0.99518460 -0.09801843 0.00000000
vn -0.99518488 0.09801562 0.00000000
vn -0.99518488 0.09801562 0.00000000
vn -0.99518488 0.09801562 0.00000000
vn -0.95694076 0.29028326 0.00000000
vn -0.95694076 0.29028326 0.00000000
vn -0.95694076 0.29028326 0.00000000
vn -0.88192203 0.47139531 0.00000000
vn -0.88192203 0.47139531 0.00000000
vn -0.88192203 0.47139531 0.00000000
vn -0.77301104 0.63439256 0.00000000
vn -0.77301104 0.63439256 0.00000000
vn -0.77301104 0.63439256 0.00000000
vn -0.63439427 0.77300964 0.00000000
vn -0.63439427 0.77300964 0.00000000
vn -0.63439427 0.77300964 0.00000000
vn -0.47139827 0.88192044 0.00000000
vn -0.47139827 0.88192044 0.00000000
vn -0.47139827 0.88192044 0.00000000
vn -0.29028570 0.95694002 0.00000000
vn -0.29028570 0.95694002 0.00000000
vn -0.29028570 0.95694002 0.00000000
vn -0.09801795 0.99518465 -0.00000000
vn -0.09801795 0.99518465 -0.00000000
vn -0.09801795 0.99518465 0.00000000
vn 0.09801645 0.99518479 0.00000000
vn 0.09801645 0.99518479 0.00000000
vn 0.09801645 0.99518479 0.00000000
vn 0.29028286 0.95694089 0.00000000
vn 0.29028286 0.95694089 0.00000000
vn 0.29028286 0.95694089 0.00000000
vn 0.47139664 0.88192132 0.00000000
vn 0.47139664 0.88192132 0.00000000
vn 0.47139664 0.88192132 0.00000000
vn 0.63439246 0.77301113 0.00000000
vn 0.63439246 0.77301113 0.00000000
vn 0.63439246 0.77301113 0.00000000
vn 0.77301006 0.63439377 0.00000000
vn 0.77301006 0.63439377 0.00000000
vn 0.77301006 0.63439377 0.00000000
vn 0.88192093 0.47139736 0.00000000
vn 0.88192093 0.47139736 0.00000000
vn 0.88192093 0.47139736 0.00000000
vn 0.95694020 0.29028512 0.00000000
vn 0.95694020 0.29028512 0.00000000
vn 0.95694020 0.29028512 0.00000000
vn 0.99518473 0.09801714 0.00000000
vn 0.99518473 0.09801714 0.00000000
vn 0.99518473 0.09801714 0.00000000
vn 0.99518476 -0.09801683 0.00000000
vn 0.99518476 -0.09801683 0.00000000
vn 0.99518476 -0.09801683 0.00000000
vn 0.95694058 -0.29028386 0.00000000
vn 0.95694058 -0.29028386 0.00000000
vn 0.95694058 -0.29028386 0.00000000
vn 0.88192118 -0.47139690 0.00000000
vn 0.88192118 -0.47139690 0.00000000
vn 0.88192118 -0.47139690 0.00000000
vn 0.77301072 -0.63439296 0.00000000
vn 0.77301072 -0.63439296 0.00000000
vn 0.77301072 -0.63439296 0.00000000
vn 0.63439255 -0.77301106 0.00000000
vn 0.63439255 -0.77301106 0.00000000
vn 0.63439255 -0.77301106 0.00000000
vn 0.47139703 -0.88192111 0.00000000
vn 0.47139703 -0.88192111 0.00000000
vn 0.47139703 -0.88192111 0.00000000
vn 0.00000000 0.00000000 -1.00000000
vn 0.00000000 0.00000000 -1.00000000
vn 0.00000000 0.00000000 -1.00000000
vn 0.29028435 -0.95694044 0.00000000
vn 0.29028435 -0.95694044 0.00000000
vn 0.29028435 -0.95694044 0.00000000
vn 0.09801797 -0.99518464 0.00000000
vn 0.09801797 -0.99518464 0.00000000
vn 0.09801797 -0.99518464 0.00000000
vn 0.00000000 0.00000000 1.00000000
vn 0.00000000 0.00000000 1.00000000
vn 0.00000000 0.00000000 1.00000000
vn -0.09801566 -0.99518487 0.00000000
vn -0.29028286 -0.95694089 0.00000000
vn -0.47139592 -0.88192170 0.00000000
vn -0.63439256 -0.77301104 0.00000000
vn -0.77300964 -0.63439427 0.00000000
vn -0.88192065 -0.47139788 0.00000000
vn -0.95693984 -0.29028632 0.00000000
vn -0.99518460 -0.09801843 0.00000000
vn -0.99518488 0.09801562 0.00000000
vn -0.95694076 0.29028326 0.00000000
vn -0.88192203 0.47139531 0.00000000
vn -0.77301104 0.63439256 0.00000000
vn -0.63439427 0.77300964 0.00000000
vn -0.47139827 0.88192044 0.00000000
vn -0.29028570 0.95694002 0.00000000
vn -0.09801795 0.99518465 -0.00000000
vn 0.09801645 0.99518479 0.00000000
vn 0.29028286 0.95694089 0.00000000
vn 0.47139664 0.88192132 0.00000000
vn 0.63439246 0.77301113 0.00000000
vn 0.77301006 0.63439377 0.00000000
vn 0.88192093 0.47139736 0.00000000
vn 0.95694020 0.29028512 0.00000000
vn 0.99518473 0.09801714 0.00000000
vn 0.99518476 -0.09801683 0.00000000
vn 0.95694058 -0.29028386 0.00000000
vn 0.88192118 -0.47139690 0.00000000
vn 0.77301072 -0.63439296 0.00000000
vn 0.63439255 -0.77301106 0.00000000
vn 0.47139703 -0.88192111 0.00000000
vn 0.00000000 0.00000000 -1.00000000
vn 0.00000000 0.00000000 -1.00000000
vn 0.00000000 0.00000000 -1.00000000
vn 0.00000000 0.00000000 -1.00000000
vn 0.00000000 0.00000000 -1.00000000
vn 0.00000000 0.00000000 -1.00000000
vn 0.00000000 0.00000000 -1.00000000
vn 0.00000000 0.00000000 -1.00000000
vn 0.00000000 0.00000000 -1.00000000
vn 0.00000000 0.00000000 -1.00000000
vn 0.00000000 0.00000000 -1.00000000
vn 0.00000000 0.00000000 -1.00000000
vn 0.00000000 0.00000000 -1.00000000
vn 0.00000000 0.00000000 -1.00000000
vn 0.00000000 0.00000000 -1.00000000
vn 0.00000000 0.00000000 -1.00000000
vn 0.00000000 0.00000000 -1.00000000
vn 0.00000000 0.00000000 -1.00000000
vn 0.00000000 0.00000000 -1.00000000
vn 0.00000000 0.00000000 -1.00000000
vn 0.00000000 0.00000000 -1.00000000
vn 0.00000000 0.00000000 -1.00000000
vn 0.00000000 0.00000000 -1.00000000
vn 0.00000000 0.00000000 -1.00000000
vn 0.00000000 0.00000000 -1.00000000
vn 0.00000000 0.00000000 -1.00000000
vn 0.00000000 0.00000000 -1.00000000
vn 0.00000000 0.00000000 -1.00000000
vn 0.00000000 0.00000000 -1.00000000
vn 0.29028435 -0.95694044 0.00000000
vn 0.09801797 -0.99518464 0.00000000
vn 0.00000000 0.00000000 1.00000000
vn 0.00000000 0.00000000 1.00000000
vn 0.00000000 0.00000000 1.00000000
vn 0.00000000 0.00000000 1.00000000
vn 0.00000000 0.00000000 1.00000000
vn 0.00000000 0.00000000 1.00000000
vn 0.00000000 0.00000000 1.00000000
vn 0.00000000 0.00000000 1.00000000
vn 0.00000000 0.00000000 1.00000000
vn 0.00000000 0.00000000 1.00000000
vn 0.00000000 0.00000000 1.00000000
vn 0.00000000 0.00000000 1.00000000
vn 0.00000000 0.00000000 1.00000000
vn 0.00000000 0.00000000 1.00000000
vn 0.00000000 0.00000000 1.00000000
vn 0.00000000 0.00000000 1.00000000
vn 0.00000000 0.00000000 1.00000000
vn 0.00000000 0.00000000 1.00000000
vn 0.00000000 0.00000000 1.00000000
vn 0.00000000 0.00000000 1.00000000
vn 0.00000000 0.00000000 1.00000000
vn 0.00000000 0.00000000 1.00000000
vn 0.00000000 0.00000000 1.00000000
vn 0.00000000 0.00000000 1.00000000
vn 0.00000000 0.00000000 1.00000000
vn 0.00000000 0.00000000 1.00000000
vn 0.00000000 0.00000000 1.00000000
vn 0.00000000 0.00000000 1.00000000
vn 0.00000000 0.00000000 1.00000000
vt 0.00000000 0.00000000
vt 0.00000000 0.00000000
vt 0.00000000 0.00000000
vt 0.00000000 0.00000000
vt 0.00000000 0.00000000
vt 0.00000000 0.00000000
vt 0.00000000 0.00000000
vt 0.00000000 0.00000000
vt 0.00000000 0.00000000
vt 0.00000000 0.00000000
vt 0.00000000 0.00000000
vt 0.00000000 0.00000000
vt 0.00000000 0.00000000
vt 0.00000000 0.00000000
vt 0.00000000 0.00000000
vt 0.00000000 0.00000000
vt 0.00000000 0.00000000
vt 0.00000000 0.00000000
vt 0.00000000 0.00000000
vt 0.00000000 0.00000000
vt 0.00000000 0.00000000
vt 0.00000000 0.00000000
vt 0.00000000 0.00000000
vt 0.00000000 0.00000000
vt 0.00000000 0.00000000
vt 0.00000000 0.00000000
vt 0.00000000 0.00000000
vt 0.00000000 0.00000000
vt 0.00000000 0.00000000
vt 0.00000000 0.00000000
vt 0.00000000 0.00000000
vt 0.00000000 0.00000000
vt 0.00000000 0.00000000
vt 0.00000000 0.00000000
vt 0.00000000 0.00000000
vt 0.00000000 0.00000000
vt 0.00000000 0.00000000
vt 0.00000000 0.00000000
vt 0.00000000 0.00000000
vt 0.00000000 0.00000000
vt 0.00000000 0.00000000
vt 0.00000000 0.00000000
vt 0.00000000 0.00000000
vt 0.00000000 0.00000000
vt 0.00000000 0.00000000
vt 0.00000000 0.00000000
vt 0.00000000 0.00000000
vt 0.00000000 0.00000000
vt 0.00000000 0.00000000
vt 0.00000000 0.00000000
vt 0.00000000 0.00000000
vt 0.00000000 0.00000000
vt 0.00000000 0.00000000
vt 0.00000000 0.00000000
vt 0.00000000 0.00000000
vt 0.00000000 0.00000000
vt 0.00000000 0.00000000
vt 0.00000000 0.00000000
vt 0.00000000 0.00000000
vt 0.00000000 0.00000000
vt 0.00000000 0.00000000
vt 0.00000000 0.00000000
vt 0.00000000 0.00000000
vt 0.00000000 0.00000000
vt 0.00000000 0.00000000
vt 0.00000000 0.00000000
vt 0.00000000 0.00000000
vt 0.00000000 0.00000000
vt 0.00000000 0.00000000
vt 0.00000000 0.00000000
vt 0.00000000 0.00000000
vt 0.00000000 0.00000000
vt 0.00000000 0.00000000
vt 0.00000000 0.00000000
vt 0.00000000 0.00000000
vt 0.00000000 0.00000000
vt 0.00000000 0.00000000
vt 0.00000000 0.00000000
vt 0.00000000 0.00000000
vt 0.00000000 0.00000000
vt 0.00000000 0.00000000
vt 0.00000000 0.00000000
vt 0.00000000 0.00000000
vt 0.00000000 0.00000000
vt 0.00000000 0.00000000
vt 0.00000000 0.00000000
vt 0.00000000 0.00000000
vt 0.00000000 0.00000000
vt 0.00000000 0.00000000
vt 0.00000000 0.00000000
vt 0.00000000 0.00000000
vt 0.00000000 0.00000000
vt 0.00000000 0.00000000
vt 0.00000000 0.00000000
vt 0.00000000 0.00000000
vt 0.00000000 0.00000000
vt 0.00000000 0.00000000
vt 0.00000000 0.00000000
vt 0.00000000 0.00000000
vt 0.00000000 0.00000000
vt 0.00000000 0.00000000
vt 0.00000000 0.00000000
vt 0.00000000 0.00000000
vt 0.00000000 0.00000000
vt 0.00000000 0.00000000
vt 0.00000000 0.00000000
vt 0.00000000 0.00000000
vt 0.00000000 0.00000000
vt 0.00000000 0.00000000
vt 0.00000000 0.00000000
vt 0.00000000 0.00000000
vt 0.00000000 0.00000000
vt 0.00000000 0.00000000
vt 0.00000000 0.00000000
vt 0.00000000 0.00000000
vt 0.00000000 0.00000000
vt 0.00000000 0.00000000
vt 0.00000000 0.00000000
vt 0.00000000 0.00000000
vt 0.00000000 0.00000000
vt 0.00000000 0.00000000
vt 0.00000000 0.00000000
vt 0.00000000 0.00000000
vt 0.00000000 0.00000000
vt 0.00000000 0.00000000
vt 0.00000000 0.00000000
vt 0.00000000 0.00000000
vt 0.00000000 0.00000000
vt 0.00000000 0.00000000
vt 0.00000000 0.00000000
vt 0.00000000 0.00000000
vt 0.00000000 0.00000000
vt 0.00000000 0.00000000
vt 0.00000000 0.00000000
vt 0.00000000 0.00000000
vt 0.00000000 0.00000000
vt 0.00000000 0.00000000
vt 0.00000000 0.00000000
vt 0.00000000 0.00000000
vt 0.00000000 0.00000000
vt 0.00000000 0.00000000
vt 0.00000000 0.00000000
vt 0.00000000 0.00000000
vt 0.00000000 0.00000000
vt 0.00000000 0.00000000
vt 0.00000000 0.00000000
vt 0.00000000 0.00000000
vt 0.00000000 0.00000000
vt 0.00000000 0.00000000
vt 0.00000000 0.00000000
vt 0.00000000 0.00000000
vt 0.00000000 0.00000000
vt 0.00000000 0.00000000
vt 0.00000000 0.00000000
vt 0.00000000 0.00000000
vt 0.00000000 0.00000000
vt 0.00000000 0.00000000
vt 0.00000000 0.00000000
vt 0.00000000 0.00000000
vt 0.00000000 0.00000000
vt 0.00000000 0.00000000
vt 0.00000000 0.00000000
vt 0.00000000 0.00000000
vt 0.00000000 0.00000000
vt 0.00000000 0.00000000
vt 0.00000000 0.00000000
vt 0.00000000 0.00000000
vt 0.00000000 0.00000000
vt 0.00000000 0.00000000
vt 0.00000000 0.00000000
vt 0.00000000 0.00000000
vt 0.00000000 0.00000000
vt 0.00000000 0.00000000
vt 0.00000000 0.00000000
vt 0.00000000 0.00000000
vt 0.00000000 0.00000000
vt 0.00000000 0.00000000
vt 0.00000000 0.00000000
vt 0.00000000 0.00000000
vt 0.00000000 0.00000000
vt 0.00000000 0.00000000
vt 0.00000000 0.00000000
vt 0.00000000 0.00000000
vt 0.00000000 0.00000000
vt 0.00000000 0.00000000
vt 0.00000000 0.00000000
vt 0.00000000 0.00000000
vt 0.00000000 0.00000000
vt 0.00000000 0.00000000
vt 0.00000000 0.00000000
vt 0.00000000 0.00000000
vt 0.00000000 0.00000000
f 4077/4077/4077 4078/4078/4078 4079/4079/4079
f 4080/4080/4080 4081/4081/4081 4082/4082/4082
f 4083/4083/4083 4084/4084/4084 4085/4085/4085
f 4086/4086/4086 4087/4087/4087 4088/4088/4088
f 4089/4089/4089 4090/4090/4090 4091/4091/4091
f 4092/4092/4092 4093/4093/4093 4094/4094/4094
f 4095/4095/4095 4096/4096/4096 4097/4097/4097
f 4098/4098/4098 4099/4099/4099 4100/4100/4100
f 4101/4101/4101 4102/4102/4102 4103/4103/4103
f 4104/4104/4104 4105/4105/4105 4106/4106/4106
f 4107/4107/4107 4108/4108/4108 4109/4109/4109
f 4110/4110/4110 4111/4111/4111 4112/4112/4112
f 4113/4113/4113 4114/4114/4114 4115/4115/4115
f 4116/4116/4116 4117/4117/4117 4118/4118/4118
f 4119/4119/4119 4120/4120/4120 4121/4121/4121
f 4122/4122/4122 4123/4123/4123 4124/4124/4124
f 4125/4125/4125 4126/4126/4126 4127/4127/4127
f 4128/4128/4128 4129/4129/4129 4130/4130/4130
f 4131/4131/4131 4132/4132/4132 4133/4133/4133
f 4134/4134/4134 4135/4135/4135 4136/4136/4136
f 4137/4137/4137 4138/4138/4138 4139/4139/4139
f 4140/4140/4140 4141/4141/4141 4142/4142/4142
f 4143/4143/4143 4144/4144/4144 4145/4145/4145
f 4146/4146/4146 4147/4147/4147 4148/4148/4148
f 4149/4149/4149 4150/4150/4150 4151/4151/4151
f 4152/4152/4152 4153/4153/4153 4154/4154/4154
f 4155/4155/4155 4156/4156/4156 4157/4157/4157
f 4158/4158/4158 4159/4159/4159 4160/4160/4160
f 4161/4161/4161 4162/4162/4162 4163/4163/4163
f 4164/4164/4164 4165/4165/4165 4166/4166/4166
f 4167/4167/4167 4168/4168/4168 4169/4169/4169
f 4170/4170/4170 4171/4171/4171 4172/4172/4172
f 4173/4173/4173 4174/4174/4174 4175/4175/4175
f 4176/4176/4176 4177/4177/4177 4178/4178/4178
f 4077/4077/4077 4179/4179/4179 4078/4078/4078
f 4080/4080/4080 4180/4180/4180 4081/4081/4081
f 4083/4083/4083 4181/4181/4181 4084/4084/4084
f 4086/4086/4086 4182/4182/4182 4087/4087/4087
f 4089/4089/4089 4183/4183/4183 4090/4090/4090
f 4092/4092/4092 4184/4184/4184 4093/4093/4093
f 4095/4095/4095 4185/4185/4185 4096/4096/4096
f 4098/4098/4098 4186/4186/4186 4099/4099/4099
f 4101/4101/4101 4187/4187/4187 4102/4102/4102
f 4104/4104/4104 4188/4188/4188 4105/4105/4105
f 4107/4107/4107 4189/4189/4189 4108/4108/4108
f 4110/4110/4110 4190/4190/4190 4111/4111/4111
f 4113/4113/4113 4191/4191/4191 4114/4114/4114
f 4116/4116/4116 4192/4192/4192 4117/4117/4117
f 4119/4119/4119 4193/4193/4193 4120/4120/4120
f 4122/4122/4122 4194/4194/4194 4123/4123/4123
f 4125/4125/4125 4195/4195/4195 4126/4126/4126
f 4128/4128/4128 4196/4196/4196 4129/4129/4129
f 4131/4131/4131 4197/4197/4197 4132/4132/4132
f 4134/4134/4134 4198/4198/4198 4135/4135/4135
f 4137/4137/4137 4199/4199/4199 4138/4138/4138
f 4140/4140/4140 4200/4200/4200 4141/4141/4141
f 4143/4143/4143 4201/4201/4201 4144/4144/4144
f 4146/4146/4146 4202/4202/4202 4147/4147/4147
f 4149/4149/4149 4203/4203/4203 4150/4150/4150
f 4152/4152/4152 4204/4204/4204 4153/4153/4153
f 4155/4155/4155 4205/4205/4205 4156/4156/4156
f 4158/4158/4158 4206/4206/4206 4159/4159/4159
f 4161/4161/4161 4207/4207/4207 4162/4162/4162
f 4164/4164/4164 4208/4208/4208 4165/4165/4165
f 4169/4169/4169 4209/4209/4209 4210/4210/4210
f 4211/4211/4211 4212/4212/4212 4210/4210/4210
f 4210/4210/4210 4213/4213/4213 4214/4214/4214
f 4214/4214/4214 4215/4215/4215 4216/4216/4216
f 4216/4216/4216 4217/4217/4217 4218/4218/4218
f 4218/4218/4218 4219/4219/4219 4220/4220/4220
f 4220/4220/4220 4221/4221/4221 4167/4167/4167
f 4222/4222/4222 4223/4223/4223 4167/4167/4167
f 4167/4167/4167 4224/4224/4224 4225/4225/4225
f 4226/4226/4226 4227/4227/4227 4225/4225/4225
f 4225/4225/4225 4228/4228/4228 4229/4229/4229
f 4229/4229/4229 4230/4230/4230 4168/4168/4168
f 4168/4168/4168 4231/4231/4231 4232/4232/4232
f 4233/4233/4233 4234/4234/4234 4232/4232/4232
f 4232/4232/4232 4235/4235/4235 4236/4236/4236
f 4236/4236/4236 4237/4237/4237 4232/4232/4232
f 4209/4209/4209 4211/4211/4211 4210/4210/4210
f 4210/4210/4210 4214/4214/4214 4216/4216/4216
f 4216/4216/4216 4218/4218/4218 4220/4220/4220
f 4221/4221/4221 4222/4222/4222 4167/4167/4167
f 4224/4224/4224 4226/4226/4226 4225/4225/4225
f 4225/4225/4225 4229/4229/4229 4167/4167/4167
f 4231/4231/4231 4233/4233/4233 4232/4232/4232
f 4232/4232/4232 4237/4237/4237 4169/4169/4169
f 4169/4169/4169 4210/4210/4210 4216/4216/4216
f 4216/4216/4216 4220/4220/4220 4169/4169/4169
f 4167/4167/4167 4229/4229/4229 4168/4168/4168
f 4168/4168/4168 4232/4232/4232 4169/4169/4169
f 4169/4169/4169 4220/4220/4220 4167/4167/4167
f 4170/4170/4170 4238/4238/4238 4171/4171/4171
f 4173/4173/4173 4239/4239/4239 4174/4174/4174
f 4178/4178/4178 4240/4240/4240 4241/4241/4241
f 4241/4241/4241 4242/4242/4242 4243/4243/4243
f 4243/4243/4243 4244/4244/4244 4245/4245/4245
f 4246/4246/4246 4247/4247/4247 4245/4245/4245
f 4245/4245/4245 4248/4248/4248 4249/4249/4249
f 4249/4249/4249 4250/4250/4250 4251/4251/4251
f 4251/4251/4251 4252/4252/4252 4176/4176/4176
f 4253/4253/4253 4254/4254/4254 4176/4176/4176
f 4176/4176/4176 4255/4255/4255 4256/4256/4256
f 4256/4256/4256 4257/4257/4257 4176/4176/4176
f 4258/4258/4258 4259/4259/4259 4260/4260/4260
f 4260/4260/4260 4261/4261/4261 4258/4258/4258
f 4177/4177/4177 4262/4262/4262 4263/4263/4263
f 4264/4264/4264 4265/4265/4265 4263/4263/4263
f 4263/4263/4263 4266/4266/4266 4178/4178/4178
f 4267/4267/4267 4268/4268/4268 4178/4178/4178
f 4178/4178/4178 4241/4241/4241 4245/4245/4245
f 4244/4244/4244 4246/4246/4246 4245/4245/4245
f 4245/4245/4245 4249/4249/4249 4251/4251/4251
f 4252/4252/4252 4253/4253/4253 4176/4176/4176
f 4176/4176/4176 4257/4257/4257 4258/4258/4258
f 4258/4258/4258 4261/4261/4261 4177/4177/4177
f 4262/4262/4262 4264/4264/4264 4263/4263/4263
f 4266/4266/4266 4267/4267/4267 4178/4178/4178
f 4241/4241/4241 4243/4243/4243 4245/4245/4245
f 4245/4245/4245 4251/4251/4251 4178/4178/4178
f 4176/4176/4176 4258/4258/4258 4177/4177/4177
f 4177/4177/4177 4263/4263/4263 4178/4178/4178
f 4178/4178/4178 4251/4251/4251 4176/4176/4176

