# https://github.com/mikedh/trimesh
mtllib ElbowLink.mtl

o part_000
usemtl material_0
v 0.01153184 0.00313768 0.05969980
v 0.01116875 0.00425290 -0.05969982
v 0.01116878 0.00425298 0.05969980
v 0.01116878 0.00425298 0.05969980
v 0.01069810 0.00532721 -0.05969982
v 0.01069812 0.00532723 0.05969980
v 0.01069812 0.00532723 0.05969980
v 0.01012439 0.00635011 -0.05969982
v 0.01012447 0.00635014 0.05969980
v 0.01012439 0.00635011 -0.05969982
v 0.00945332 0.00731194 0.05969980
v 0.01012447 0.00635014 0.05969980
v 0.00945332 0.00731194 0.05969980
v 0.00869104 0.00820332 -0.05969982
v 0.00869107 0.00820340 0.05969980
v 0.00869107 0.00820340 0.05969980
v 0.00784505 0.00901574 -0.05969982
v 0.00784513 0.00901578 0.05969980
v 0.00784505 0.00901574 -0.05969982
v 0.00692364 0.00974126 0.05969980
v 0.00784513 0.00901578 0.05969980
v 0.00692361 0.00974130 -0.05969982
v 0.00593548 0.01037306 0.05969980
v 0.00692364 0.00974126 0.05969980
v 0.00593548 0.01037306 0.05969980
v 0.00489014 0.01090489 -0.05969982
v 0.00489016 0.01090490 0.05969980
v 0.00489016 0.01090490 0.05969980
v 0.00379767 0.01133173 -0.05969981
v 0.00379777 0.01133177 0.05969980
v 0.00379767 0.01133173 -0.05969981
v 0.00266878 0.01164939 0.05969980
v 0.00379777 0.01133177 0.05969980
v 0.00266878 0.01164939 0.05969980
v 0.00151401 0.01185491 -0.05969981
v 0.00151402 0.01185493 0.05969981
v 0.00151402 0.01185493 0.05969981
v 0.00034471 0.01194625 -0.05969981
v 0.00034476 0.01194627 0.05969981
v 0.00034476 0.01194627 0.05969981
v -0.00082789 0.01192252 -0.05969981
v -0.00082785 0.01192255 0.05969981
v -0.00082785 0.01192255 0.05969981
v -0.00199249 0.01178393 -0.05969981
v -0.00199246 0.01178402 0.05969981
v -0.00199246 0.01178402 0.05969981
v -0.00313799 0.01153198 -0.05969981
v -0.00313789 0.01153202 0.05969981
v -0.00313789 0.01153202 0.05969981
v -0.00425320 0.01116894 -0.05969981
v -0.00425317 0.01116890 0.05969981
v -0.00425317 0.01116890 0.05969981
v -0.00532750 0.01069824 -0.05969981
v -0.00532742 0.01069827 0.05969981
v -0.00532750 0.01069824 -0.05969981
v -0.00635037 0.01012461 0.05969981
v -0.00532742 0.01069827 0.05969981
v -0.00635047 0.01012457 -0.05969981
v -0.00731219 0.00945342 0.05969981
v -0.00635037 0.01012461 0.05969981
v -0.00731228 0.00945345 -0.05969981
v -0.00820360 0.00869121 0.05969981
v -0.00731219 0.00945342 0.05969981
v -0.00820360 0.00869121 0.05969981
v -0.00901605 0.00784527 -0.05969981
v -0.00901598 0.00784530 0.05969981
v -0.00901605 0.00784527 -0.05969981
v -0.00974155 0.00692379 0.05969981
v -0.00901598 0.00784530 0.05969981
v -0.00974160 0.00692377 -0.05969981
v -0.01037329 0.00593571 0.05969981
v -0.00974155 0.00692379 0.05969981
v -0.01037338 0.00593561 -0.05969980
v -0.01090515 0.00489026 0.05969981
v -0.01037329 0.00593571 0.05969981
v -0.01090515 0.00489026 0.05969981
v -0.01133203 0.00379783 -0.05969980
v -0.01133200 0.00379791 0.05969982
v -0.01133200 0.00379791 0.05969982
v -0.01164973 0.00266890 -0.05969980
v -0.01164970 0.00266886 0.05969982
v -0.01164973 0.00266890 -0.05969980
v -0.01185522 0.00151427 0.05969982
v -0.01164970 0.00266886 0.05969982
v -0.01185523 0.00151413 -0.05969980
v -0.01194650 0.00034490 0.05969982
v -0.01185522 0.00151427 0.05969982
v -0.01194657 0.00034486 -0.05969980
v -0.01192275 -0.00082770 0.05969982
v -0.01194650 0.00034490 0.05969982
v -0.01192285 -0.00082774 -0.05969980
v -0.01178426 -0.00199226 0.05969982
v -0.01192275 -0.00082770 0.05969982
v -0.01178435 -0.00199236 -0.05969980
v -0.01153227 -0.00313778 0.05969982
v -0.01178426 -0.00199226 0.05969982
v -0.01153228 -0.00313780 -0.05969980
v -0.01116918 -0.00425295 0.05969982
v -0.01153227 -0.00313778 0.05969982
v -0.01116921 -0.00425304 -0.05969980
v -0.01069856 -0.00532727 0.05969982
v -0.01116918 -0.00425295 0.05969982
v -0.01069859 -0.00532735 -0.05969980
v -0.01012484 -0.00635023 0.05969982
v -0.01069856 -0.00532727 0.05969982
v -0.01012491 -0.00635026 -0.05969980
v -0.00945366 -0.00731202 0.05969982
v -0.01012484 -0.00635023 0.05969982
v -0.00945367 -0.00731216 -0.05969980
v -0.00869141 -0.00820348 0.05969982
v -0.00945366 -0.00731202 0.05969982
v -0.00869141 -0.00820348 0.05969982
v -0.00784557 -0.00901590 -0.05969980
v -0.00784546 -0.00901586 0.05969982
v -0.00784557 -0.00901590 -0.05969980
v -0.00692404 -0.00974135 0.05969982
v -0.00784546 -0.00901586 0.05969982
v -0.00692407 -0.00974144 -0.05969980
v -0.00593587 -0.01037316 0.05969982
v -0.00692404 -0.00974135 0.05969982
v -0.00593590 -0.01037324 -0.05969980
v -0.00489049 -0.01090498 0.05969982
v -0.00593587 -0.01037316 0.05969982
v -0.00489060 -0.01090502 -0.05969980
v -0.00379811 -0.01133185 0.05969981
v -0.00489049 -0.01090498 0.05969982
v -0.00379821 -0.01133189 -0.05969980
v -0.00266914 -0.01164948 0.05969981
v -0.00379811 -0.01133185 0.05969981
v -0.00266916 -0.01164950 -0.05969980
v -0.00151445 -0.01185503 0.05969981
v -0.00266914 -0.01164948 0.05969981
v -0.00151448 -0.01185499 -0.05969981
v -0.00034515 -0.01194637 0.05969981
v -0.00151445 -0.01185503 0.05969981
v -0.00034520 -0.01194639 -0.05969981
v 0.00082745 -0.01192264 0.05969981
v -0.00034515 -0.01194637 0.05969981
v 0.00082744 -0.01192266 -0.05969981
v 0.00199209 -0.01178410 0.05969981
v 0.00082745 -0.01192264 0.05969981
v 0.00199207 -0.01178418 -0.05969981
v 0.00313755 -0.01153210 0.05969981
v 0.00199209 -0.01178410 0.05969981
v 0.00313745 -0.01153214 -0.05969981
v 0.00425275 -0.01116901 0.05969981
v 0.00313755 -0.01153210 0.05969981
v 0.00425272 -0.01116909 -0.05969981
v 0.00532700 -0.01069837 0.05969981
v 0.00425275 -0.01116901 0.05969981
v 0.00532695 -0.01069839 -0.05969981
v 0.00635000 -0.01012470 0.05969981
v 0.00532700 -0.01069837 0.05969981
v 0.00635000 -0.01012470 0.05969981
v 0.00731175 -0.00945354 -0.05969981
v 0.00731185 -0.00945350 0.05969981
v 0.00731185 -0.00945350 0.05969981
v 0.00820313 -0.00869134 -0.05969981
v 0.00820322 -0.00869124 0.05969981
v 0.00820322 -0.00869124 0.05969981
v 0.00901554 -0.00784542 -0.05969981
v 0.00901562 -0.00784539 0.05969981
v 0.00901554 -0.00784542 -0.05969981
v 0.00974113 -0.00692390 0.05969981
v 0.00901562 -0.00784539 0.05969981
v 0.00974111 -0.00692391 -0.05969981
v 0.01037287 -0.00593575 0.05969980
v 0.00974113 -0.00692390 0.05969981
v 0.01037286 -0.00593576 -0.05969981
v 0.01090476 -0.00489048 0.05969980
v 0.01037287 -0.00593575 0.05969980
v 0.01090470 -0.00489045 -0.05969981
v 0.01133160 -0.00379801 0.05969980
v 0.01090476 -0.00489048 0.05969980
v 0.01133156 -0.00379803 -0.05969982
v 0.01164931 -0.00266908 0.05969980
v 0.01133160 -0.00379801 0.05969980
v 0.01164922 -0.00266906 -0.05969982
v 0.01185478 -0.00151431 0.05969980
v 0.01164931 -0.00266908 0.05969980
v 0.01185474 -0.00151427 -0.05969982
v 0.01194613 -0.00034498 0.05969980
v 0.01185478 -0.00151431 0.05969980
v 0.01194613 -0.00034498 0.05969980
v 0.01192237 0.00082747 -0.05969982
v 0.01192238 0.00082761 0.05969980
v -0.01133203 0.00379783 -0.05969980
v -0.00199249 0.01178393 -0.05969981
v -0.01153228 -0.00313780 -0.05969980
v 0.01192238 0.00082761 0.05969980
v 0.01178388 0.00199216 -0.05969982
v 0.01178389 0.00199217 0.05969980
v 0.01178388 0.00199216 -0.05969982
v 0.01153184 0.00313768 0.05969980
v 0.01178389 0.00199217 0.05969980
v 0.00820322 -0.00869124 0.05969981
v 0.01192238 0.00082761 0.05969980
v 0.00692364 0.00974126 0.05969980
v 0.01153182 0.00313766 -0.05969982
v 0.01116875 0.00425290 -0.05969982
v 0.01069810 0.00532721 -0.05969982
v 0.00945322 0.00731190 -0.05969982
v 0.00945322 0.00731190 -0.05969982
v 0.00869104 0.00820332 -0.05969982
v 0.00692361 0.00974130 -0.05969982
v 0.00593545 0.01037311 -0.05969982
v 0.00593545 0.01037311 -0.05969982
v 0.00489014 0.01090489 -0.05969982
v 0.00266869 0.01164942 -0.05969981
v 0.00266869 0.01164942 -0.05969981
v 0.00151401 0.01185491 -0.05969981
v 0.00034471 0.01194625 -0.05969981
v -0.00082789 0.01192252 -0.05969981
v -0.00199249 0.01178393 -0.05969981
v -0.00313799 0.01153198 -0.05969981
v -0.00425320 0.01116894 -0.05969981
v -0.00635047 0.01012457 -0.05969981
v -0.00731228 0.00945345 -0.05969981
v -0.00820369 0.00869124 -0.05969981
v -0.00820369 0.00869124 -0.05969981
v -0.00974160 0.00692377 -0.05969981
v -0.01037338 0.00593561 -0.05969980
v -0.01090518 0.00489030 -0.05969980
v -0.01090518 0.00489030 -0.05969980
v -0.01133203 0.00379783 -0.05969980
v -0.01185523 0.00151413 -0.05969980
v -0.01194657 0.00034486 -0.05969980
v -0.01192285 -0.00082774 -0.05969980
v -0.01178435 -0.00199236 -0.05969980
v -0.01153228 -0.00313780 -0.05969980
v -0.01116921 -0.00425304 -0.05969980
v -0.01069859 -0.00532735 -0.05969980
v -0.01012491 -0.00635026 -0.05969980
v -0.00945367 -0.00731216 -0.05969980
v -0.00869152 -0.00820346 -0.05969980
v -0.00869152 -0.00820346 -0.05969980
v -0.00692407 -0.00974144 -0.05969980
v -0.00593590 -0.01037324 -0.05969980
v -0.00489060 -0.01090502 -0.05969980
v -0.00379821 -0.01133189 -0.05969980
v -0.00266916 -0.01164950 -0.05969980
v -0.00151448 -0.01185499 -0.05969981
v -0.00034520 -0.01194639 -0.05969981
v 0.00082744 -0.01192266 -0.05969981
v 0.00199207 -0.01178418 -0.05969981
v 0.00313745 -0.01153214 -0.05969981
v 0.00425272 -0.01116909 -0.05969981
v 0.00532695 -0.01069839 -0.05969981
v 0.00634993 -0.01012473 -0.05969981
v 0.00634993 -0.01012473 -0.05969981
v 0.00731175 -0.00945354 -0.05969981
v 0.00820313 -0.00869134 -0.05969981
v 0.00974111 -0.00692391 -0.05969981
v 0.01037286 -0.00593576 -0.05969981
v 0.01090470 -0.00489045 -0.05969981
v 0.01133156 -0.00379803 -0.05969982
v 0.01164922 -0.00266906 -0.05969982
v 0.01185474 -0.00151427 -0.05969982
v 0.01194611 -0.00034500 -0.05969982
v 0.01194611 -0.00034500 -0.05969982
v 0.01069810 0.00532721 -0.05969982
v 0.01116875 0.00425290 -0.05969982
v 0.01012439 0.00635011 -0.05969982
v 0.01153182 0.00313766 -0.05969982
v 0.01178388 0.00199216 -0.05969982
v 0.01192237 0.00082747 -0.05969982
v 0.01194611 -0.00034500 -0.05969982
v 0.01185474 -0.00151427 -0.05969982
v 0.01164922 -0.00266906 -0.05969982
v 0.01133156 -0.00379803 -0.05969982
v 0.01090470 -0.00489045 -0.05969981
v 0.01037286 -0.00593576 -0.05969981
v 0.00974111 -0.00692391 -0.05969981
v 0.00901554 -0.00784542 -0.05969981
v 0.00820313 -0.00869134 -0.05969981
v 0.00731175 -0.00945354 -0.05969981
v 0.00634993 -0.01012473 -0.05969981
v 0.00532695 -0.01069839 -0.05969981
v 0.00425272 -0.01116909 -0.05969981
v 0.00313745 -0.01153214 -0.05969981
v 0.00199207 -0.01178418 -0.05969981
v 0.00082744 -0.01192266 -0.05969981
v -0.00034520 -0.01194639 -0.05969981
v -0.00151448 -0.01185499 -0.05969981
v -0.00266916 -0.01164950 -0.05969980
v -0.01116921 -0.00425304 -0.05969980
v -0.00379821 -0.01133189 -0.05969980
v -0.00489060 -0.01090502 -0.05969980
v -0.00593590 -0.01037324 -0.05969980
v -0.00692407 -0.00974144 -0.05969980
v -0.00784557 -0.00901590 -0.05969980
v -0.00869152 -0.00820346 -0.05969980
v -0.00945367 -0.00731216 -0.05969980
v -0.01012491 -0.00635026 -0.05969980
v -0.01069859 -0.00532735 -0.05969980
v -0.01178435 -0.00199236 -0.05969980
v -0.01192285 -0.00082774 -0.05969980
v -0.01194657 0.00034486 -0.05969980
v -0.01185523 0.00151413 -0.05969980
v -0.01164973 0.00266890 -0.05969980
v -0.01090518 0.00489030 -0.05969980
v -0.00974160 0.00692377 -0.05969981
v -0.01037338 0.00593561 -0.05969980
v -0.00901605 0.00784527 -0.05969981
v -0.00820369 0.00869124 -0.05969981
v -0.00731228 0.00945345 -0.05969981
v -0.00635047 0.01012457 -0.05969981
v -0.00532750 0.01069824 -0.05969981
v -0.00425320 0.01116894 -0.05969981
v -0.00313799 0.01153198 -0.05969981
v -0.00082789 0.01192252 -0.05969981
v 0.00034471 0.01194625 -0.05969981
v 0.00151401 0.01185491 -0.05969981
v 0.00266869 0.01164942 -0.05969981
v 0.00379767 0.01133173 -0.05969981
v 0.00489014 0.01090489 -0.05969982
v 0.00784505 0.00901574 -0.05969982
v 0.00593545 0.01037311 -0.05969982
v 0.00692361 0.00974130 -0.05969982
v 0.00869104 0.00820332 -0.05969982
v 0.00945322 0.00731190 -0.05969982
v 0.01192237 0.00082747 -0.05969982
v 0.01153182 0.00313766 -0.05969982
v 0.01178389 0.00199217 0.05969980
v 0.01153184 0.00313768 0.05969980
v 0.01116878 0.00425298 0.05969980
v 0.01069812 0.00532723 0.05969980
v 0.01012447 0.00635014 0.05969980
v 0.00945332 0.00731194 0.05969980
v 0.00869107 0.00820340 0.05969980
v 0.00784513 0.00901578 0.05969980
v 0.00593548 0.01037306 0.05969980
v 0.00489016 0.01090490 0.05969980
v 0.00379777 0.01133177 0.05969980
v 0.00266878 0.01164939 0.05969980
v 0.00151402 0.01185493 0.05969981
v 0.00034476 0.01194627 0.05969981
v -0.00082785 0.01192255 0.05969981
v -0.00199246 0.01178402 0.05969981
v -0.00313789 0.01153202 0.05969981
v -0.00425317 0.01116890 0.05969981
v -0.00532742 0.01069827 0.05969981
v -0.00635037 0.01012461 0.05969981
v -0.00731219 0.00945342 0.05969981
v -0.01090515 0.00489026 0.05969981
v -0.00820360 0.00869121 0.05969981
v -0.00901598 0.00784530 0.05969981
v -0.00974155 0.00692379 0.05969981
v -0.01037329 0.00593571 0.05969981
v -0.01133200 0.00379791 0.05969982
v -0.01164970 0.00266886 0.05969982
v -0.01185522 0.00151427 0.05969982
v -0.01194650 0.00034490 0.05969982
v -0.01178426 -0.00199226 0.05969982
v -0.01153227 -0.00313778 0.05969982
v -0.01116918 -0.00425295 0.05969982
v -0.01069856 -0.00532727 0.05969982
v -0.01012484 -0.00635023 0.05969982
v -0.00945366 -0.00731202 0.05969982
v -0.01192275 -0.00082770 0.05969982
v -0.00869141 -0.00820348 0.05969982
v -0.00784546 -0.00901586 0.05969982
v -0.00692404 -0.00974135 0.05969982
v -0.00593587 -0.01037316 0.05969982
v -0.00489049 -0.01090498 0.05969982
v -0.00379811 -0.01133185 0.05969981
v -0.00266914 -0.01164948 0.05969981
v -0.00151445 -0.01185503 0.05969981
v -0.00034515 -0.01194637 0.05969981
v 0.00082745 -0.01192264 0.05969981
v 0.00199209 -0.01178410 0.05969981
v 0.00313755 -0.01153210 0.05969981
v 0.00425275 -0.01116901 0.05969981
v 0.00532700 -0.01069837 0.05969981
v 0.00635000 -0.01012470 0.05969981
v 0.00731185 -0.00945350 0.05969981
v 0.00901562 -0.00784539 0.05969981
v 0.00974113 -0.00692390 0.05969981
v 0.01037287 -0.00593575 0.05969980
v 0.01090476 -0.00489048 0.05969980
v 0.01133160 -0.00379801 0.05969980
v 0.01164931 -0.00266908 0.05969980
v 0.01185478 -0.00151431 0.05969980
v 0.01194613 -0.00034498 0.05969980
vn 0.95088792 0.30953539 -0.00000045
vn 0.95087922 0.30956211 -0.00000017
vn 0.95088798 0.30953522 -0.00000045
vn 0.91594329 0.40130772 -0.00000018
vn 0.91595651 0.40127754 -0.00000050
vn 0.91594321 0.40130791 -0.00000018
vn 0.87220768 0.48913573 -0.00000066
vn 0.87218377 0.48917836 -0.00000018
vn 0.87220783 0.48913546 -0.00000067
vn 0.82006330 0.57227283 -0.00000090
vn 0.82007709 0.57225307 -0.00000066
vn 0.82007717 0.57225294 -0.00000066
vn 0.76003837 0.64987820 -0.00000064
vn 0.76005375 0.64986021 -0.00000087
vn 0.76003828 0.64987831 -0.00000064
vn 0.69265257 0.72127139 -0.00000062
vn 0.69265621 0.72126789 -0.00000067
vn 0.69265255 0.72127141 -0.00000062
vn 0.61864584 0.78566999 0.00000012
vn 0.61858958 0.78571428 -0.00000059
vn 0.61858923 0.78571456 -0.00000059
vn 0.53868091 0.84250987 0.00000017
vn 0.53868041 0.84251019 0.00000016
vn 0.53868041 0.84251019 0.00000016
vn 0.45346405 0.89127457 -0.00000017
vn 0.45342977 0.89129201 0.00000021
vn 0.45346427 0.89127446 -0.00000017
vn 0.36396508 0.93141259 -0.00000062
vn 0.36392271 0.93142915 -0.00000017
vn 0.36396535 0.93141249 -0.00000062
vn 0.27087240 0.96261526 0.00000000
vn 0.27081833 0.96263048 -0.00000055
vn 0.27081799 0.96263057 -0.00000055
vn 0.17523464 0.98452670 -0.00000015
vn 0.17521118 0.98453087 0.00000008
vn 0.17523479 0.98452667 -0.00000015
vn 0.07788246 0.99696255 -0.00000023
vn 0.07787387 0.99696322 -0.00000014
vn 0.07788251 0.99696254 -0.00000023
vn -0.02022661 0.99979542 -0.00000019
vn -0.02022661 0.99979542 -0.00000019
vn -0.02022661 0.99979542 -0.00000019
vn -0.11811901 0.99299945 -0.00000065
vn -0.11816850 0.99299356 -0.00000016
vn -0.11811870 0.99299948 -0.00000065
vn -0.21486498 0.97664376 -0.00000014
vn -0.21481827 0.97665404 -0.00000061
vn -0.21486527 0.97664370 -0.00000014
vn -0.30958417 0.95087204 0.00000041
vn -0.30953990 0.95088645 -0.00000005
vn -0.30958445 0.95087195 0.00000041
vn -0.40128455 0.91595344 0.00000001
vn -0.40132332 0.91593646 0.00000042
vn -0.40128431 0.91595355 0.00000000
vn -0.48912451 0.87221397 0.00000013
vn -0.48913002 0.87221088 0.00000007
vn -0.48913005 0.87221086 0.00000007
vn -0.57223404 0.82009037 0.00000060
vn -0.57226576 0.82006823 0.00000022
vn -0.57226596 0.82006809 0.00000022
vn -0.64987695 0.76003944 0.00000065
vn -0.64987695 0.76003944 0.00000065
vn -0.64987695 0.76003944 0.00000065
vn -0.72125616 0.69266843 0.00000026
vn -0.72128609 0.69263726 0.00000069
vn -0.72125597 0.69266863 0.00000026
vn -0.78569580 0.61861305 0.00000017
vn -0.78568622 0.61862522 0.00000032
vn -0.78568616 0.61862530 0.00000032
vn -0.84251950 0.53866584 0.00000019
vn -0.84251860 0.53866725 0.00000020
vn -0.84251859 0.53866726 0.00000020
vn -0.89128309 0.45344729 0.00000039
vn -0.89128766 0.45343831 0.00000029
vn -0.89128769 0.45343825 0.00000029
vn -0.93141539 0.36395792 -0.00000001
vn -0.93142940 0.36392206 0.00000037
vn -0.93141530 0.36395815 -0.00000001
vn -0.96261575 0.27087067 0.00000035
vn -0.96260781 0.27089888 0.00000006
vn -0.96261580 0.27087049 0.00000035
vn -0.98453264 0.17520126 -0.00000010
vn -0.98452506 0.17524383 0.00000032
vn -0.98452502 0.17524410 0.00000032
vn -0.99696259 0.07788187 0.00000059
vn -0.99696715 0.07782348 0.00000001
vn -0.99696718 0.07782311 0.00000001
vn -0.99979542 -0.02022677 0.00000086
vn -0.99979493 -0.02025081 0.00000062
vn -0.99979493 -0.02025096 0.00000062
vn -0.99300252 -0.11809318 0.00000082
vn -0.99300333 -0.11808639 0.00000089
vn -0.99300333 -0.11808635 0.00000089
vn -0.97663258 -0.21491580 0.00000016
vn -0.97664834 -0.21484418 0.00000088
vn -0.97664844 -0.21484373 0.00000089
vn -0.95087886 -0.30956322 0.00000044
vn -0.95087042 -0.30958915 0.00000017
vn -0.95087037 -0.30958931 0.00000017
vn -0.91596656 -0.40125461 0.00000049
vn -0.91596656 -0.40125461 0.00000049
vn -0.91596656 -0.40125461 0.00000049
vn -0.87219588 -0.48915677 0.00000067
vn -0.87218982 -0.48916757 0.00000054
vn -0.87218978 -0.48916764 0.00000054
vn -0.82006963 -0.57226376 0.00000077
vn -0.82006325 -0.57227289 0.00000066
vn -0.82006321 -0.57227295 0.00000066
vn -0.76002513 -0.64989368 0.00000065
vn -0.76003867 -0.64987785 0.00000085
vn -0.76003875 -0.64987775 0.00000085
vn -0.69265118 -0.72127273 0.00000086
vn -0.69267213 -0.72125260 0.00000057
vn -0.69265104 -0.72127286 0.00000086
vn -0.61861354 -0.78569542 0.00000071
vn -0.61862188 -0.78568885 0.00000081
vn -0.61862194 -0.78568881 0.00000081
vn -0.53867790 -0.84251179 0.00000069
vn -0.53868090 -0.84250988 0.00000073
vn -0.53868091 -0.84250986 0.00000073
vn -0.45343054 -0.89129162 0.00000068
vn -0.45343251 -0.89129061 0.00000071
vn -0.45343252 -0.89129061 0.00000071
vn -0.36396580 -0.93141231 0.00000063
vn -0.36396536 -0.93141249 0.00000062
vn -0.36396535 -0.93141249 0.00000062
vn -0.27079278 -0.96263766 0.00000016
vn -0.27083097 -0.96262692 0.00000055
vn -0.27083121 -0.96262685 0.00000056
vn -0.17521132 -0.98453085 -0.00000030
vn -0.17525616 -0.98452287 0.00000015
vn -0.17525644 -0.98452282 0.00000015
vn -0.07792985 -0.99695885 0.00000022
vn -0.07787410 -0.99696320 -0.00000033
vn -0.07787374 -0.99696323 -0.00000033
vn 0.02023277 -0.99979530 0.00000013
vn 0.02022665 -0.99979542 0.00000019
vn 0.02022661 -0.99979542 0.00000019
vn 0.11806892 -0.99300540 0.00000065
vn 0.11812219 -0.99299907 0.00000012
vn 0.11812253 -0.99299903 0.00000012
vn 0.21491350 -0.97663309 0.00000014
vn 0.21486678 -0.97664337 0.00000061
vn 0.21486649 -0.97664343 0.00000062
vn 0.30953752 -0.95088723 0.00000057
vn 0.30958777 -0.95087087 0.00000005
vn 0.30958809 -0.95087077 0.00000005
vn 0.40133024 -0.91593342 0.00000004
vn 0.40128459 -0.91595342 0.00000053
vn 0.40128431 -0.91595355 0.00000053
vn 0.48912444 -0.87221401 -0.00000007
vn 0.48911893 -0.87221710 -0.00000001
vn 0.48911890 -0.87221712 -0.00000001
vn 0.57225901 -0.82007294 -0.00000022
vn 0.57226586 -0.82006816 -0.00000014
vn 0.57225897 -0.82007297 -0.00000022
vn 0.64992034 -0.76000234 0.00000014
vn 0.64988611 -0.76003160 -0.00000030
vn 0.64992056 -0.76000215 0.00000014
vn 0.72122535 -0.69270051 -0.00000026
vn 0.72124603 -0.69267897 0.00000003
vn 0.72122522 -0.69270064 -0.00000026
vn 0.78568658 -0.61862476 -0.00000002
vn 0.78570544 -0.61860081 -0.00000032
vn 0.78570556 -0.61860066 -0.00000032
vn 0.84252991 -0.53864957 -0.00000003
vn 0.84252991 -0.53864957 -0.00000003
vn 0.84252991 -0.53864957 -0.00000003
vn 0.89127339 -0.45346636 -0.00000056
vn 0.89125001 -0.45351231 -0.00000005
vn 0.89124987 -0.45351260 -0.00000005
vn 0.93141833 -0.36395041 -0.00000026
vn 0.93142942 -0.36392202 -0.00000055
vn 0.93142949 -0.36392184 -0.00000056
vn 0.96262129 -0.27085098 -0.00000078
vn 0.96260766 -0.27089942 -0.00000029
vn 0.96260757 -0.27089973 -0.00000028
vn 0.98452863 -0.17522377 -0.00000033
vn 0.98453661 -0.17517893 -0.00000077
vn 0.98453666 -0.17517865 -0.00000078
vn 0.99696073 -0.07790570 -0.00000012
vn 0.99696208 -0.07788851 -0.00000029
vn 0.99696208 -0.07788840 -0.00000029
vn 0.99979491 0.02025174 -0.00000012
vn 0.99979493 0.02025073 -0.00000013
vn 0.99979491 0.02025175 -0.00000012
vn -0.00000062 -0.00000027 -1.00000000
vn -0.00000062 -0.00000027 -1.00000000
vn -0.00000062 -0.00000027 -1.00000000
vn 0.99300343 0.11808550 -0.00000015
vn 0.99300454 0.11807618 -0.00000024
vn 0.99300342 0.11808555 -0.00000015
vn 0.97663732 0.21489428 -0.00000016
vn 0.97663732 0.21489428 -0.00000016
vn 0.97663732 0.21489428 -0.00000016
vn 0.00000062 0.00000027 1.00000000
vn 0.00000062 0.00000027 1.00000000
vn 0.00000062 0.00000027 1.00000000
vn 0.95087917 0.30956228 -0.00000017
vn 0.91595660 0.40127735 -0.00000050
vn 0.87218362 0.48917863 -0.00000018
vn 0.82006321 0.57227295 -0.00000090
vn 0.76005385 0.64986010 -0.00000087
vn 0.69265623 0.72126787 -0.00000067
vn 0.61864620 0.78566970 0.00000012
vn 0.53868091 0.84250986 0.00000017
vn 0.45342956 0.89129212 0.00000021
vn 0.36392244 0.93142925 -0.00000017
vn 0.27087274 0.96261517 0.00000001
vn 0.17521103 0.98453090 0.00000008
vn 0.07787381 0.99696322 -0.00000014
vn -0.02022661 0.99979542 -0.00000019
vn -0.11816881 0.99299352 -0.00000015
vn -0.21481797 0.97665410 -0.00000062
vn -0.30953962 0.95088654 -0.00000005
vn -0.40132356 0.91593635 0.00000042
vn -0.48912448 0.87221399 0.00000013
vn -0.57223384 0.82009051 0.00000061
vn -0.64987695 0.76003944 0.00000065
vn -0.72128628 0.69263707 0.00000069
vn -0.78569586 0.61861298 0.00000017
vn -0.84251951 0.53866583 0.00000019
vn -0.89128307 0.45344735 0.00000039
vn -0.93142949 0.36392184 0.00000037
vn -0.96260776 0.27089906 0.00000006
vn -0.98453269 0.17520099 -0.00000011
vn -0.99696257 0.07788224 0.00000059
vn -0.99979542 -0.02022661 0.00000086
vn -0.99300251 -0.11809323 0.00000082
vn -0.97663248 -0.21491625 0.00000016
vn -0.95087892 -0.30956305 0.00000044
vn -0.91596656 -0.40125461 0.00000049
vn -0.87219592 -0.48915670 0.00000067
vn -0.82006967 -0.57226370 0.00000077
vn -0.76002505 -0.64989378 0.00000065
vn -0.69267226 -0.72125248 0.00000057
vn -0.61861349 -0.78569546 0.00000071
vn -0.53867788 -0.84251180 0.00000069
vn -0.45343053 -0.89129162 0.00000068
vn -0.36396580 -0.93141231 0.00000063
vn -0.27079254 -0.96263773 0.00000016
vn -0.17521103 -0.98453090 -0.00000030
vn -0.07793020 -0.99695882 0.00000023
vn 0.02023281 -0.99979530 0.00000013
vn 0.11806858 -0.99300544 0.00000065
vn 0.21491379 -0.97663302 0.00000014
vn 0.30953720 -0.95088733 0.00000058
vn 0.40133053 -0.91593330 0.00000003
vn 0.48912448 -0.87221399 -0.00000007
vn 0.57226590 -0.82006813 -0.00000013
vn 0.64988590 -0.76003179 -0.00000030
vn 0.72124616 -0.69267884 0.00000004
vn 0.78568646 -0.61862492 -0.00000002
vn 0.84252991 -0.53864957 -0.00000003
vn 0.89127354 -0.45346607 -0.00000056
vn 0.93141826 -0.36395059 -0.00000025
vn 0.96262138 -0.27085067 -0.00000078
vn 0.98452858 -0.17522405 -0.00000032
vn 0.99696072 -0.07790581 -0.00000012
vn 0.99979493 0.02025072 -0.00000014
vn -0.00000062 -0.00000027 -1.00000000
vn -0.00000062 -0.00000027 -1.00000000
vn -0.00000062 -0.00000027 -1.00000000
vn -0.00000062 -0.00000027 -1.00000000
vn -0.00000062 -0.00000027 -1.00000000
vn -0.00000062 -0.00000027 -1.00000000
vn -0.00000062 -0.00000027 -1.00000000
vn -0.00000062 -0.00000027 -1.00000000
vn -0.00000062 -0.00000027 -1.00000000
vn -0.00000062 -0.00000027 -1.00000000
vn -0.00000062 -0.00000027 -1.00000000
vn -0.00000062 -0.00000027 -1.00000000
vn -0.00000062 -0.00000027 -1.00000000
vn -0.00000062 -0.00000027 -1.00000000
vn -0.00000062 -0.00000027 -1.00000000
vn -0.00000062 -0.00000027 -1.00000000
vn -0.00000062 -0.00000027 -1.00000000
vn -0.00000062 -0.00000027 -1.00000000
vn -0.00000062 -0.00000027 -1.00000000
vn -0.00000062 -0.00000027 -1.00000000
vn -0.00000062 -0.00000027 -1.00000000
vn -0.00000062 -0.00000027 -1.00000000
vn -0.00000062 -0.00000027 -1.00000000
vn -0.00000062 -0.00000027 -1.00000000
vn -0.00000062 -0.00000027 -1.00000000
vn -0.00000062 -0.00000027 -1.00000000
vn -0.00000062 -0.00000027 -1.00000000
vn -0.00000062 -0.00000027 -1.00000000
vn -0.00000062 -0.00000027 -1.00000000
vn -0.00000062 -0.00000027 -1.00000000
vn -0.00000062 -0.00000027 -1.00000000
vn -0.00000062 -0.00000027 -1.00000000
vn -0.00000062 -0.00000027 -1.00000000
vn -0.00000062 -0.00000027 -1.00000000
vn -0.00000062 -0.00000027 -1.00000000
vn -0.00000062 -0.00000027 -1.00000000
vn -0.00000062 -0.00000027 -1.00000000
vn -0.00000062 -0.00000027 -1.00000000
vn -0.00000062 -0.00000027 -1.00000000
vn -0.00000062 -0.00000027 -1.00000000
vn -0.00000062 -0.00000027 -1.00000000
vn -0.00000062 -0.00000027 -1.00000000
vn -0.00000062 -0.00000027 -1.00000000
vn -0.00000062 -0.00000027 -1.00000000
vn -0.00000062 -0.00000027 -1.00000000
vn -0.00000062 -0.00000027 -1.00000000
vn -0.00000062 -0.00000027 -1.00000000
vn -0.00000062 -0.00000027 -1.00000000
vn -0.00000062 -0.00000027 -1.00000000
vn -0.00000062 -0.00000027 -1.00000000
vn -0.00000062 -0.00000027 -1.00000000
vn -0.00000062 -0.00000027 -1.00000000
vn -0.00000062 -0.00000027 -1.00000000
vn -0.00000062 -0.00000027 -1.00000000
vn -0.00000062 -0.00000027 -1.00000000
vn -0.00000062 -0.00000027 -1.00000000
vn -0.00000062 -0.00000027 -1.00000000
vn -0.00000062 -0.00000027 -1.00000000
vn -0.00000062 -0.00000027 -1.00000000
vn -0.00000062 -0.00000027 -1.00000000
vn -0.00000062 -0.00000027 -1.00000000
vn 0.99300455 0.11807612 -0.00000024
vn 0.97663732 0.21489428 -0.00000016
vn 0.00000062 0.00000027 1.00000000
vn 0.00000062 0.00000027 1.00000000
vn 0.00000062 0.00000027 1.00000000
vn 0.00000062 0.00000027 1.00000000
vn 0.00000062 0.00000027 1.00000000
vn 0.00000062 0.00000027 1.00000000
vn 0.00000062 0.00000027 1.00000000
vn 0.00000062 0.00000027 1.00000000
vn 0.00000062 0.00000027 1.00000000
vn 0.00000062 0.00000027 1.00000000
vn 0.00000062 0.00000027 1.00000000
vn 0.00000062 0.00000027 1.00000000
vn 0.00000062 0.00000027 1.00000000
vn 0.00000062 0.00000027 1.00000000
vn 0.00000062 0.00000027 1.00000000
vn 0.00000062 0.00000027 1.00000000
vn 0.00000062 0.00000027 1.00000000
vn 0.00000062 0.00000027 1.00000000
vn 0.00000062 0.00000027 1.00000000
vn 0.00000062 0.00000027 1.00000000
vn 0.00000062 0.00000027 1.00000000
vn 0.00000062 0.00000027 1.00000000
vn 0.00000062 0.00000027 1.00000000
vn 0.00000062 0.00000027 1.00000000
vn 0.00000062 0.00000027 1.00000000
vn 0.00000062 0.00000027 1.00000000
vn 0.00000062 0.00000027 1.00000000
vn 0.00000062 0.00000027 1.00000000
vn 0.00000062 0.00000027 1.00000000
vn 0.00000062 0.00000027 1.00000000
vn 0.00000062 0.00000027 1.00000000
vn 0.00000062 0.00000027 1.00000000
vn 0.00000062 0.00000027 1.00000000
vn 0.00000062 0.00000027 1.00000000
vn 0.00000062 0.00000027 1.00000000
vn 0.00000062 0.00000027 1.00000000
vn 0.00000062 0.00000027 1.00000000
vn 0.00000062 0.00000027 1.00000000
vn 0.00000062 0.00000027 1.00000000
vn 0.00000062 0.00000027 1.00000000
vn 0.00000062 0.00000027 1.00000000
vn 0.00000062 0.00000027 1.00000000
vn 0.00000062 0.00000027 1.00000000
vn 0.00000062 0.00000027 1.00000000
vn 0.00000062 0.00000027 1.00000000
vn 0.00000062 0.00000027 1.00000000
vn 0.00000062 0.00000027 1.00000000
vn 0.00000062 0.00000027 1.00000000
vn 0.00000062 0.00000027 1.00000000
vn 0.00000062 0.00000027 1.00000000
vn 0.00000062 0.00000027 1.00000000
vn 0.00000062 0.00000027 1.00000000
vn 0.00000062 0.00000027 1.00000000
vn 0.00000062 0.00000027 1.00000000
vn 0.00000062 0.00000027 1.00000000
vn 0.00000062 0.00000027 1.00000000
vn 0.00000062 0.00000027 1.00000000
vn 0.00000062 0.00000027 1.00000000
vn 0.00000062 0.00000027 1.00000000
vn 0.00000062 0.00000027 1.00000000
vn 0.00000062 0.00000027 1.00000000
vt 0.00000000 0.00000000
vt 0.00000000 0.00000000
vt 0.00000000 0.00000000
vt 0.00000000 0.00000000
vt 0.00000000 0.00000000
vt 0.00000000 0.00000000
vt 0.00000000 0.00000000
vt 0.00000000 0.00000000
vt 0.00000000 0.00000000
vt 0.00000000 0.00000000
vt 0.00000000 0.00000000
vt 0.00000000 0.00000000
vt 0.00000000 0.00000000
vt 0.00000000 0.00000000
vt 0.00000000 0.00000000
vt 0.00000000 0.00000000
vt 0.00000000 0.00000000
vt 0.00000000 0.00000000
vt 0.00000000 0.00000000
vt 0.00000000 0.00000000
vt 0.00000000 0.00000000
vt 0.00000000 0.00000000
vt 0.00000000 0.00000000
vt 0.00000000 0.00000000
vt 0.00000000 0.00000000
vt 0.00000000 0.00000000
vt 0.00000000 0.00000000
vt 0.00000000 0.00000000
vt 0.00000000 0.00000000
vt 0.00000000 0.00000000
vt 0.00000000 0.00000000
vt 0.00000000 0.00000000
vt 0.00000000 0.00000000
vt 0.00000000 0.00000000
vt 0.00000000 0.00000000
vt 0.00000000 0.00000000
vt 0.00000000 0.00000000
vt 0.00000000 0.00000000
vt 0.00000000 0.00000000
vt 0.00000000 0.00000000
vt 0.00000000 0.00000000
vt 0.00000000 0.00000000
vt 0.00000000 0.00000000
vt 0.00000000 0.00000000
vt 0.00000000 0.00000000
vt 0.00000000 0.00000000
vt 0.00000000 0.00000000
vt 0.00000000 0.00000000
vt 0.00000000 0.00000000
vt 0.00000000 0.00000000
vt 0.00000000 0.00000000
vt 0.00000000 0.00000000
vt 0.00000000 0.00000000
vt 0.00000000 0.00000000
vt 0.00000000 0.00000000
vt 0.00000000 0.00000000
vt 0.00000000 0.00000000
vt 0.00000000 0.00000000
vt 0.00000000 0.00000000
vt 0.00000000 0.00000000
vt 0.00000000 0.00000000
vt 0.00000000 0.00000000
vt 0.00000000 0.00000000
vt 0.00000000 0.00000000
vt 0.00000000 0.00000000
vt 0.00000000 0.00000000
vt 0.00000000 0.00000000
vt 0.00000000 0.00000000
vt 0.00000000 0.00000000
vt 0.00000000 0.00000000
vt 0.00000000 0.00000000
vt 0.00000000 0.00000000
vt 0.00000000 0.00000000
vt 0.00000000 0.00000000
vt 0.00000000 0.00000000
vt 0.00000000 0.00000000
vt 0.00000000 0.00000000
vt 0.00000000 0.00000000
vt 0.00000000 0.00000000
vt 0.00000000 0.00000000
vt 0.00000000 0.00000000
vt 0.00000000 0.00000000
vt 0.00000000 0.00000000
vt 0.00000000 0.00000000
vt 0.00000000 0.00000000
vt 0.00000000 0.00000000
vt 0.00000000 0.00000000
vt 0.00000000 0.00000000
vt 0.00000000 0.00000000
vt 0.00000000 0.00000000
vt 0.00000000 0.00000000
vt 0.00000000 0.00000000
vt 0.00000000 0.00000000
vt 0.00000000 0.00000000
vt 0.00000000 0.00000000
vt 0.00000000 0.00000000
vt 0.00000000 0.00000000
vt 0.00000000 0.00000000
vt 0.00000000 0.00000000
vt 0.00000000 0.00000000
vt 0.00000000 0.00000000
vt 0.00000000 0.00000000
vt 0.00000000 0.00000000
vt 0.00000000 0.00000000
vt 0.00000000 0.00000000
vt 0.00000000 0.00000000
vt 0.00000000 0.00000000
vt 0.00000000 0.00000000
vt 0.00000000 0.00000000
vt 0.00000000 0.00000000
vt 0.00000000 0.00000000
vt 0.00000000 0.00000000
vt 0.00000000 0.00000000
vt 0.00000000 0.00000000
vt 0.00000000 0.00000000
vt 0.00000000 0.00000000
vt 0.00000000 0.00000000
vt 0.00000000 0.00000000
vt 0.00000000 0.00000000
vt 0.00000000 0.00000000
vt 0.00000000 0.00000000
vt 0.00000000 0.00000000
vt 0.00000000 0.00000000
vt 0.00000000 0.00000000
vt 0.00000000 0.00000000
vt 0.00000000 0.00000000
vt 0.00000000 0.00000000
vt 0.00000000 0.00000000
vt 0.00000000 0.00000000
vt 0.00000000 0.00000000
vt 0.00000000 0.00000000
vt 0.00000000 0.00000000
vt 0.00000000 0.00000000
vt 0.00000000 0.00000000
vt 0.00000000 0.00000000
vt 0.00000000 0.00000000
vt 0.00000000 0.00000000
vt 0.00000000 0.00000000
vt 0.00000000 0.00000000
vt 0.00000000 0.00000000
vt 0.00000000 0.00000000
vt 0.00000000 0.00000000
vt 0.00000000 0.00000000
vt 0.00000000 0.00000000
vt 0.00000000 0.00000000
vt 0.00000000 0.00000000
vt 0.00000000 0.00000000
vt 0.00000000 0.00000000
vt 0.00000000 0.00000000
vt 0.00000000 0.00000000
vt 0.00000000 0.00000000
vt 0.00000000 0.00000000
vt 0.00000000 0.00000000
vt 0.00000000 0.00000000
vt 0.00000000 0.00000000
vt 0.00000000 0.00000000
vt 0.00000000 0.00000000
vt 0.00000000 0.00000000
vt 0.00000000 0.00000000
vt 0.00000000 0.00000000
vt 0.00000000 0.00000000
vt 0.00000000 0.00000000
vt 0.00000000 0.00000000
vt 0.00000000 0.00000000
vt 0.00000000 0.00000000
vt 0.00000000 0.00000000
vt 0.00000000 0.00000000
vt 0.00000000 0.00000000
vt 0.00000000 0.00000000
vt 0.00000000 0.00000000
vt 0.00000000 0.00000000
vt 0.00000000 0.00000000
vt 0.00000000 0.00000000
vt 0.00000000 0.00000000
vt 0.00000000 0.00000000
vt 0.00000000 0.00000000
vt 0.00000000 0.00000000
vt 0.00000000 0.00000000
vt 0.00000000 0.00000000
vt 0.00000000 0.00000000
vt 0.00000000 0.00000000
vt 0.00000000 0.00000000
vt 0.00000000 0.00000000
vt 0.00000000 0.00000000
vt 0.00000000 0.00000000
vt 0.00000000 0.00000000
vt 0.00000000 0.00000000
vt 0.00000000 0.00000000
vt 0.00000000 0.00000000
vt 0.00000000 0.00000000
vt 0.00000000 0.00000000
vt 0.00000000 0.00000000
vt 0.00000000 0.00000000
vt 0.00000000 0.00000000
vt 0.00000000 0.00000000
vt 0.00000000 0.00000000
vt 0.00000000 0.00000000
vt 0.00000000 0.00000000
vt 0.00000000 0.00000000
vt 0.00000000 0.00000000
vt 0.00000000 0.00000000
vt 0.00000000 0.00000000
vt 0.00000000 0.00000000
vt 0.00000000 0.00000000
vt 0.00000000 0.00000000
vt 0.00000000 0.00000000
vt 0.00000000 0.00000000
vt 0.00000000 0.00000000
vt 0.00000000 0.00000000
vt 0.00000000 0.00000000
vt 0.00000000 0.00000000
vt 0.00000000 0.00000000
vt 0.00000000 0.00000000
vt 0.00000000 0.00000000
vt 0.00000000 0.00000000
vt 0.00000000 0.00000000
vt 0.00000000 0.00000000
vt 0.00000000 0.00000000
vt 0.00000000 0.00000000
vt 0.00000000 0.00000000
vt 0.00000000 0.00000000
vt 0.00000000 0.00000000
vt 0.00000000 0.00000000
vt 0.00000000 0.00000000
vt 0.00000000 0.00000000
vt 0.00000000 0.00000000
vt 0.00000000 0.00000000
vt 0.00000000 0.00000000
vt 0.00000000 0.00000000
vt 0.00000000 0.00000000
vt 0.00000000 0.00000000
vt 0.00000000 0.00000000
vt 0.00000000 0.00000000
vt 0.00000000 0.00000000
vt 0.00000000 0.00000000
vt 0.00000000 0.00000000
vt 0.00000000 0.00000000
vt 0.00000000 0.00000000
vt 0.00000000 0.00000000
vt 0.00000000 0.00000000
vt 0.00000000 0.00000000
vt 0.00000000 0.00000000
vt 0.00000000 0.00000000
vt 0.00000000 0.00000000
vt 0.00000000 0.00000000
vt 0.00000000 0.00000000
vt 0.00000000 0.00000000
vt 0.00000000 0.00000000
vt 0.00000000 0.00000000
vt 0.00000000 0.00000000
vt 0.00000000 0.00000000
vt 0.00000000 0.00000000
vt 0.00000000 0.00000000
vt 0.00000000 0.00000000
vt 0.00000000 0.00000000
vt 0.00000000 0.00000000
vt 0.00000000 0.00000000
vt 0.00000000 0.00000000
vt 0.00000000 0.00000000
vt 0.00000000 0.00000000
vt 0.00000000 0.00000000
vt 0.00000000 0.00000000
vt 0.00000000 0.00000000
vt 0.00000000 0.00000000
vt 0.00000000 0.00000000
vt 0.00000000 0.00000000
vt 0.00000000 0.00000000
vt 0.00000000 0.00000000
vt 0.00000000 0.00000000
vt 0.00000000 0.00000000
vt 0.00000000 0.00000000
vt 0.00000000 0.00000000
vt 0.00000000 0.00000000
vt 0.00000000 0.00000000
vt 0.00000000 0.00000000
vt 0.00000000 0.00000000
vt 0.00000000 0.00000000
vt 0.00000000 0.00000000
vt 0.00000000 0.00000000
vt 0.00000000 0.00000000
vt 0.00000000 0.00000000
vt 0.00000000 0.00000000
vt 0.00000000 0.00000000
vt 0.00000000 0.00000000
vt 0.00000000 0.00000000
vt 0.00000000 0.00000000
vt 0.00000000 0.00000000
vt 0.00000000 0.00000000
vt 0.00000000 0.00000000
vt 0.00000000 0.00000000
vt 0.00000000 0.00000000
vt 0.00000000 0.00000000
vt 0.00000000 0.00000000
vt 0.00000000 0.00000000
vt 0.00000000 0.00000000
vt 0.00000000 0.00000000
vt 0.00000000 0.00000000
vt 0.00000000 0.00000000
vt 0.00000000 0.00000000
vt 0.00000000 0.00000000
vt 0.00000000 0.00000000
vt 0.00000000 0.00000000
vt 0.00000000 0.00000000
vt 0.00000000 0.00000000
vt 0.00000000 0.00000000
vt 0.00000000 0.00000000
vt 0.00000000 0.00000000
vt 0.00000000 0.00000000
vt 0.00000000 0.00000000
vt 0.00000000 0.00000000
vt 0.00000000 0.00000000
vt 0.00000000 0.00000000
vt 0.00000000 0.00000000
vt 0.00000000 0.00000000
vt 0.00000000 0.00000000
vt 0.00000000 0.00000000
vt 0.00000000 0.00000000
vt 0.00000000 0.00000000
vt 0.00000000 0.00000000
vt 0.00000000 0.00000000
vt 0.00000000 0.00000000
vt 0.00000000 0.00000000
vt 0.00000000 0.00000000
vt 0.00000000 0.00000000
vt 0.00000000 0.00000000
vt 0.00000000 0.00000000
vt 0.00000000 0.00000000
vt 0.00000000 0.00000000
vt 0.00000000 0.00000000
vt 0.00000000 0.00000000
vt 0.00000000 0.00000000
vt 0.00000000 0.00000000
vt 0.00000000 0.00000000
vt 0.00000000 0.00000000
vt 0.00000000 0.00000000
vt 0.00000000 0.00000000
vt 0.00000000 0.00000000
vt 0.00000000 0.00000000
vt 0.00000000 0.00000000
vt 0.00000000 0.00000000
vt 0.00000000 0.00000000
vt 0.00000000 0.00000000
vt 0.00000000 0.00000000
vt 0.00000000 0.00000000
vt 0.00000000 0.00000000
vt 0.00000000 0.00000000
vt 0.00000000 0.00000000
vt 0.00000000 0.00000000
vt 0.00000000 0.00000000
vt 0.00000000 0.00000000
vt 0.00000000 0.00000000
vt 0.00000000 0.00000000
vt 0.00000000 0.00000000
vt 0.00000000 0.00000000
vt 0.00000000 0.00000000
vt 0.00000000 0.00000000
vt 0.00000000 0.00000000
vt 0.00000000 0.00000000
vt 0.00000000 0.00000000
vt 0.00000000 0.00000000
vt 0.00000000 0.00000000
vt 0.00000000 0.00000000
vt 0.00000000 0.00000000
vt 0.00000000 0.00000000
vt 0.00000000 0.00000000
vt 0.00000000 0.00000000
vt 0.00000000 0.00000000
vt 0.00000000 0.00000000
vt 0.00000000 0.00000000
vt 0.00000000 0.00000000
vt 0.00000000 0.00000000
vt 0.00000000 0.00000000
vt 0.00000000 0.00000000
vt 0.00000000 0.00000000
vt 0.00000000 0.00000000
vt 0.00000000 0.00000000
vt 0.00000000 0.00000000
vt 0.00000000 0.00000000
vt 0.00000000 0.00000000
vt 0.00000000 0.00000000
vt 0.00000000 0.00000000
vt 0.00000000 0.00000000
vt 0.00000000 0.00000000
vt 0.00000000 0.00000000
f 1/1/1 2/2/2 3/3/3
f 4/4/4 5/5/5 6/6/6
f 7/7/7 8/8/8 9/9/9
f 10/10/10 11/11/11 12/12/12
f 13/13/13 14/14/14 15/15/15
f 16/16/16 17/17/17 18/18/18
f 19/19/19 20/20/20 21/21/21
f 22/22/22 23/23/23 24/24/24
f 25/25/25 26/26/26 27/27/27
f 28/28/28 29/29/29 30/30/30
f 31/31/31 32/32/32 33/33/33
f 34/34/34 35/35/35 36/36/36
f 37/37/37 38/38/38 39/39/39
f 40/40/40 41/41/41 42/42/42
f 43/43/43 44/44/44 45/45/45
f 46/46/46 47/47/47 48/48/48
f 49/49/49 50/50/50 51/51/51
f 52/52/52 53/53/53 54/54/54
f 55/55/55 56/56/56 57/57/57
f 58/58/58 59/59/59 60/60/60
f 61/61/61 62/62/62 63/63/63
f 64/64/64 65/65/65 66/66/66
f 67/67/67 68/68/68 69/69/69
f 70/70/70 71/71/71 72/72/72
f 73/73/73 74/74/74 75/75/75
f 76/76/76 77/77/77 78/78/78
f 79/79/79 80/80/80 81/81/81
f 82/82/82 83/83/83 84/84/84
f 85/85/85 86/86/86 87/87/87
f 88/88/88 89/89/89 90/90/90
f 91/91/91 92/92/92 93/93/93
f 94/94/94 95/95/95 96/96/96
f 97/97/97 98/98/98 99/99/99
f 100/100/100 101/101/101 102/102/102
f 103/103/103 104/104/104 105/105/105
f 106/106/106 107/107/107 108/108/108
f 109/109/109 110/110/110 111/111/111
f 112/112/112 113/113/113 114/114/114
f 115/115/115 116/116/116 117/117/117
f 118/118/118 119/119/119 120/120/120
f 121/121/121 122/122/122 123/123/123
f 124/124/124 125/125/125 126/126/126
f 127/127/127 128/128/128 129/129/129
f 130/130/130 131/131/131 132/132/132
f 133/133/133 134/134/134 135/135/135
f 136/136/136 137/137/137 138/138/138
f 139/139/139 140/140/140 141/141/141
f 142/142/142 143/143/143 144/144/144
f 145/145/145 146/146/146 147/147/147
f 148/148/148 149/149/149 150/150/150
f 151/151/151 152/152/152 153/153/153
f 154/154/154 155/155/155 156/156/156
f 157/157/157 158/158/158 159/159/159
f 160/160/160 161/161/161 162/162/162
f 163/163/163 164/164/164 165/165/165
f 166/166/166 167/167/167 168/168/168
f 169/169/169 170/170/170 171/171/171
f 172/172/172 173/173/173 174/174/174
f 175/175/175 176/176/176 177/177/177
f 178/178/178 179/179/179 180/180/180
f 181/181/181 182/182/182 183/183/183
f 184/184/184 185/185/185 186/186/186
f 187/187/187 188/188/188 189/189/189
f 190/190/190 191/191/191 192/192/192
f 193/193/193 194/194/194 195/195/195
f 196/196/196 197/197/197 198/198/198
f 1/1/1 199/199/199 2/2/2
f 4/4/4 200/200/200 5/5/5
f 7/7/7 201/201/201 8/8/8
f 10/10/10 202/202/202 11/11/11
f 13/13/13 203/203/203 14/14/14
f 16/16/16 204/204/204 17/17/17
f 19/19/19 205/205/205 20/20/20
f 22/22/22 206/206/206 23/23/23
f 25/25/25 207/207/207 26/26/26
f 28/28/28 208/208/208 29/29/29
f 31/31/31 209/209/209 32/32/32
f 34/34/34 210/210/210 35/35/35
f 37/37/37 211/211/211 38/38/38
f 40/40/40 212/212/212 41/41/41
f 43/43/43 213/213/213 44/44/44
f 46/46/46 214/214/214 47/47/47
f 49/49/49 215/215/215 50/50/50
f 52/52/52 216/216/216 53/53/53
f 55/55/55 217/217/217 56/56/56
f 58/58/58 218/218/218 59/59/59
f 61/61/61 219/219/219 62/62/62
f 64/64/64 220/220/220 65/65/65
f 67/67/67 221/221/221 68/68/68
f 70/70/70 222/222/222 71/71/71
f 73/73/73 223/223/223 74/74/74
f 76/76/76 224/224/224 77/77/77
f 79/79/79 225/225/225 80/80/80
f 82/82/82 226/226/226 83/83/83
f 85/85/85 227/227/227 86/86/86
f 88/88/88 228/228/228 89/89/89
f 91/91/91 229/229/229 92/92/92
f 94/94/94 230/230/230 95/95/95
f 97/97/97 231/231/231 98/98/98
f 100/100/100 232/232/232 101/101/101
f 103/103/103 233/233/233 104/104/104
f 106/106/106 234/234/234 107/107/107
f 109/109/109 235/235/235 110/110/110
f 112/112/112 236/236/236 113/113/113
f 115/115/115 237/237/237 116/116/116
f 118/118/118 238/238/238 119/119/119
f 121/121/121 239/239/239 122/122/122
f 124/124/124 240/240/240 125/125/125
f 127/127/127 241/241/241 128/128/128
f 130/130/130 242/242/242 131/131/131
f 133/133/133 243/243/243 134/134/134
f 136/136/136 244/244/244 137/137/137
f 139/139/139 245/245/245 140/140/140
f 142/142/142 246/246/246 143/143/143
f 145/145/145 247/247/247 146/146/146
f 148/148/148 248/248/248 149/149/149
f 151/151/151 249/249/249 152/152/152
f 154/154/154 250/250/250 155/155/155
f 157/157/157 251/251/251 158/158/158
f 160/160/160 252/252/252 161/161/161
f 163/163/163 253/253/253 164/164/164
f 166/166/166 254/254/254 167/167/167
f 169/169/169 255/255/255 170/170/170
f 172/172/172 256/256/256 173/173/173
f 175/175/175 257/257/257 176/176/176
f 178/178/178 258/258/258 179/179/179
f 181/181/181 259/259/259 182/182/182
f 184/184/184 260/260/260 185/185/185
f 261/261/261 262/262/262 263/263/263
f 264/264/264 265/265/265 266/266/266
f 266/266/266 267/267/267 268/268/268
f 268/268/268 269/269/269 266/266/266
f 270/270/270 271/271/271 269/269/269
f 272/272/272 273/273/273 271/271/271
f 274/274/274 275/275/275 273/273/273
f 276/276/276 277/277/277 278/278/278
f 278/278/278 279/279/279 280/280/280
f 280/280/280 281/281/281 282/282/282
f 282/282/282 283/283/283 284/284/284
f 284/284/284 285/285/285 286/286/286
f 287/287/287 288/288/288 285/285/285
f 289/289/289 290/290/290 288/288/288
f 291/291/291 292/292/292 290/290/290
f 293/293/293 294/294/294 290/290/290
f 295/295/295 286/286/286 294/294/294
f 189/189/189 296/296/296 297/297/297
f 297/297/297 298/298/298 299/299/299
f 299/299/299 300/300/300 187/187/187
f 187/187/187 301/301/301 302/302/302
f 303/303/303 302/302/302 301/301/301
f 304/304/304 305/305/305 306/306/306
f 306/306/306 307/307/307 304/304/304
f 308/308/308 309/309/309 310/310/310
f 310/310/310 188/188/188 308/308/308
f 311/311/311 312/312/312 188/188/188
f 313/313/313 314/314/314 315/315/315
f 315/315/315 316/316/316 317/317/317
f 318/318/318 319/319/319 316/316/316
f 317/317/317 320/320/320 321/321/321
f 321/321/321 263/263/263 266/266/266
f 262/262/262 264/264/264 263/263/263
f 266/266/266 269/269/269 321/321/321
f 271/271/271 273/273/273 269/269/269
f 275/275/275 276/276/276 273/273/273
f 278/278/278 280/280/280 282/282/282
f 282/282/282 284/284/284 278/278/278
f 288/288/288 290/290/290 285/285/285
f 292/292/292 293/293/293 290/290/290
f 286/286/286 189/189/189 284/284/284
f 297/297/297 299/299/299 189/189/189
f 187/187/187 302/302/302 188/188/188
f 304/304/304 307/307/307 302/302/302
f 308/308/308 188/188/188 302/302/302
f 312/312/312 313/313/313 188/188/188
f 316/316/316 319/319/319 317/317/317
f 317/317/317 321/321/321 315/315/315
f 264/264/264 266/266/266 263/263/263
f 273/273/273 276/276/276 269/269/269
f 278/278/278 284/284/284 276/276/276
f 290/290/290 294/294/294 285/285/285
f 189/189/189 188/188/188 284/284/284
f 302/302/302 307/307/307 308/308/308
f 188/188/188 313/313/313 315/315/315
f 315/315/315 321/321/321 188/188/188
f 269/269/269 276/276/276 284/284/284
f 285/285/285 294/294/294 286/286/286
f 299/299/299 187/187/187 189/189/189
f 188/188/188 321/321/321 284/284/284
f 269/269/269 284/284/284 321/321/321
f 190/190/190 322/322/322 191/191/191
f 193/193/193 323/323/323 194/194/194
f 324/324/324 325/325/325 197/197/197
f 326/326/326 327/327/327 325/325/325
f 328/328/328 329/329/329 198/198/198
f 330/330/330 331/331/331 198/198/198
f 198/198/198 332/332/332 333/333/333
f 333/333/333 334/334/334 335/335/335
f 335/335/335 336/336/336 337/337/337
f 337/337/337 338/338/338 335/335/335
f 339/339/339 340/340/340 341/341/341
f 341/341/341 342/342/342 343/343/343
f 343/343/343 344/344/344 345/345/345
f 346/346/346 347/347/347 348/348/348
f 348/348/348 349/349/349 345/345/345
f 345/345/345 350/350/350 351/351/351
f 351/351/351 352/352/352 353/353/353
f 353/353/353 345/345/345 351/351/351
f 354/354/354 355/355/355 356/356/356
f 356/356/356 357/357/357 358/358/358
f 358/358/358 359/359/359 360/360/360
f 361/361/361 362/362/362 359/359/359
f 363/363/363 364/364/364 365/365/365
f 365/365/365 366/366/366 367/367/367
f 367/367/367 368/368/368 369/369/369
f 369/369/369 370/370/370 367/367/367
f 371/371/371 372/372/372 373/373/373
f 373/373/373 374/374/374 196/196/196
f 375/375/375 376/376/376 196/196/196
f 196/196/196 377/377/377 378/378/378
f 378/378/378 379/379/379 197/197/197
f 380/380/380 381/381/381 379/379/379
f 382/382/382 383/383/383 381/381/381
f 384/384/384 197/197/197 383/383/383
f 325/325/325 327/327/327 328/328/328
f 329/329/329 330/330/330 198/198/198
f 198/198/198 333/333/333 335/335/335
f 335/335/335 338/338/338 339/339/339
f 339/339/339 341/341/341 343/343/343
f 344/344/344 346/346/346 348/348/348
f 348/348/348 345/345/345 344/344/344
f 353/353/353 360/360/360 345/345/345
f 354/354/354 356/356/356 360/360/360
f 359/359/359 362/362/362 363/363/363
f 363/363/363 365/365/365 367/367/367
f 367/367/367 370/370/370 371/371/371
f 371/371/371 373/373/373 196/196/196
f 375/375/375 196/196/196 374/374/374
f 379/379/379 381/381/381 383/383/383
f 383/383/383 197/197/197 379/379/379
f 325/325/325 328/328/328 198/198/198
f 198/198/198 335/335/335 360/360/360
f 339/339/339 343/343/343 335/335/335
f 345/345/345 360/360/360 343/343/343
f 356/356/356 358/358/358 360/360/360
f 363/363/363 367/367/367 360/360/360
f 371/371/371 196/196/196 367/367/367
f 378/378/378 197/197/197 196/196/196
f 325/325/325 198/198/198 197/197/197
f 343/343/343 360/360/360 335/335/335
f 359/359/359 363/363/363 360/360/360
f 196/196/196 198/198/198 367/367/367
f 198/198/198 360/360/360 367/367/367

o part_001
usemtl material_0
v 0.05725770 -0.14479057 -0.00000000
v 0.06008766 -0.14009624 0.00367259
v 0.05999765 -0.14009576 -0.00000000
v 0.05999765 -0.14009576 -0.00000000
v 0.06074138 -0.01769777 0.00367260
v 0.06065131 -0.01769690 0.00000001
v 0.06008766 -0.14009624 -0.00367259
v 0.05725770 -0.14479057 -0.00000000
v 0.05999765 -0.14009576 -0.00000000
v 0.05725770 -0.14479057 -0.00000000
v 0.05710518 -0.19085110 0.00380579
v 0.05735122 -0.14479107 0.00380579
v 0.05735122 -0.14479107 0.00380579
v 0.06035794 -0.14009769 0.00733633
v 0.06008766 -0.14009624 0.00367259
v 0.06074138 -0.01769777 -0.00367258
v 0.05999765 -0.14009576 -0.00000000
v 0.06065131 -0.01769690 0.00000001
v 0.06008766 -0.14009624 0.00367259
v 0.06101159 -0.01770051 0.00733633
v 0.06074138 -0.01769777 0.00367260
v 0.06035794 -0.14009769 -0.00733631
v 0.05735122 -0.14479107 -0.00380579
v 0.06008766 -0.14009624 -0.00367259
v 0.05710518 -0.19085110 -0.00380580
v 0.05725770 -0.14479057 -0.00000000
v 0.05735122 -0.14479107 -0.00380579
v 0.05701179 -0.19085070 -0.00000001
v 0.05946069 -0.19322337 0.00368945
v 0.05710518 -0.19085110 0.00380579
v 0.05710518 -0.19085110 0.00380579
v 0.05763120 -0.14479266 0.00760242
v 0.05735122 -0.14479107 0.00380579
v 0.06035794 -0.14009769 0.00733633
v 0.05809718 -0.14479515 0.01138073
v 0.06080759 -0.14010009 0.01098241
v 0.06101159 -0.01770051 -0.00733630
v 0.06008766 -0.14009624 -0.00367259
v 0.06074138 -0.01769777 -0.00367258
v 0.06035794 -0.14009769 0.00733633
v 0.06146136 -0.01770500 0.01098240
v 0.06101159 -0.01770051 0.00733633
v 0.05809719 -0.14479515 -0.01138072
v 0.06035794 -0.14009769 -0.00733631
v 0.06080766 -0.14009999 -0.01098238
v 0.05763120 -0.14479266 -0.00760240
v 0.05710518 -0.19085110 -0.00380580
v 0.05735122 -0.14479107 -0.00380579
v 0.05946069 -0.19322337 -0.00368946
v 0.05701179 -0.19085070 -0.00000001
v 0.05710518 -0.19085110 -0.00380580
v 0.05937023 -0.19322298 -0.00000001
v 0.13509613 -0.19362739 -0.00002633
v 0.05946069 -0.19322337 0.00368945
v 0.05946069 -0.19322337 0.00368945
v 0.05738515 -0.19085270 0.00760242
v 0.05710518 -0.19085110 0.00380579
v 0.05763120 -0.14479266 0.00760242
v 0.05785120 -0.19085508 0.01138073
v 0.05809718 -0.14479515 0.01138073
v 0.06080759 -0.14010009 0.01098241
v 0.05874806 -0.14479863 0.01513163
v 0.06143569 -0.14010344 0.01460202
v 0.06146136 -0.01770500 -0.01098238
v 0.06035794 -0.14009769 -0.00733631
v 0.06101159 -0.01770051 -0.00733630
v 0.06080759 -0.14010009 0.01098241
v 0.06208951 -0.01771141 0.01460202
v 0.06146136 -0.01770500 0.01098240
v 0.06143570 -0.14010344 -0.01460202
v 0.05809719 -0.14479515 -0.01138072
v 0.06080766 -0.14009999 -0.01098238
v 0.05785121 -0.19085508 -0.01138073
v 0.05763120 -0.14479266 -0.00760240
v 0.05809719 -0.14479515 -0.01138072
v 0.05738522 -0.19085270 -0.00760240
v 0.05946069 -0.19322337 -0.00368946
v 0.05710518 -0.19085110 -0.00380580
v 0.13509613 -0.19362739 0.00002632
v 0.05946069 -0.19322337 -0.00368946
v 0.13639622 0.04964007 0.00000002
v 0.13509613 -0.19362739 -0.00002633
v 0.13509673 -0.19362729 -0.00000000
v 0.13509419 -0.19362738 -0.00005260
v 0.05973214 -0.19322482 0.00737002
v 0.05973214 -0.19322482 0.00737002
v 0.05785120 -0.19085508 0.01138073
v 0.05738515 -0.19085270 0.00760242
v 0.05785120 -0.19085508 0.01138073
v 0.05874806 -0.14479863 0.01513163
v 0.05809718 -0.14479515 0.01138073
v 0.05874806 -0.14479863 0.01513163
v 0.06224061 -0.14010774 0.01818645
v 0.06143569 -0.14010344 0.01460202
v 0.06208951 -0.01771155 -0.01460200
v 0.06080766 -0.14009999 -0.01098238
v 0.06146136 -0.01770500 -0.01098238
v 0.06143569 -0.14010344 0.01460202
v 0.06289441 -0.01771962 0.01818645
v 0.06208951 -0.01771141 0.01460202
v 0.05958215 -0.14480298 -0.01884608
v 0.06143570 -0.14010344 -0.01460202
v 0.06224062 -0.14010774 -0.01818645
v 0.05874806 -0.14479863 -0.01513162
v 0.05785121 -0.19085508 -0.01138073
v 0.05809719 -0.14479515 -0.01138072
v 0.06018394 -0.19322723 -0.01103283
v 0.05738522 -0.19085270 -0.00760240
v 0.05785121 -0.19085508 -0.01138073
v 0.13509419 -0.19362738 0.00005259
v 0.05973215 -0.19322482 -0.00737001
v 0.13639538 0.04964020 0.00002635
v 0.13509673 -0.19362729 -0.00000000
v 0.13509613 -0.19362739 0.00002632
v 0.08525923 0.04943375 0.00248576
v 0.13639622 0.04964007 0.00000002
v 0.08525923 0.04943375 0.00248741
v 0.13509613 -0.19362739 -0.00002633
v 0.13639349 0.04964008 -0.00005259
v 0.13509419 -0.19362738 -0.00005260
v 0.06018394 -0.19322723 0.01103283
v 0.05785120 -0.19085508 0.01138073
v 0.06081477 -0.19323049 0.01466907
v 0.05850221 -0.19085866 0.01513163
v 0.05850221 -0.19085866 0.01513163
v 0.05958215 -0.14480308 0.01884607
v 0.05874806 -0.14479863 0.01513163
v 0.06224061 -0.14010774 0.01818645
v 0.06059748 -0.14480841 0.02251511
v 0.06322035 -0.14011288 0.02172708
v 0.06289442 -0.01771948 -0.01818644
v 0.06143570 -0.14010344 -0.01460202
v 0.06208951 -0.01771155 -0.01460200
v 0.06224061 -0.14010774 0.01818645
v 0.06387419 -0.01772959 0.02172707
v 0.06289441 -0.01771962 0.01818645
v 0.06059748 -0.14480840 -0.02251509
v 0.06224062 -0.14010774 -0.01818645
v 0.06322036 -0.14011287 -0.02172705
v 0.05933617 -0.19086301 -0.01884608
v 0.05874806 -0.14479863 -0.01513162
v 0.05958215 -0.14480298 -0.01884608
v 0.06081478 -0.19323049 -0.01466907
v 0.05785121 -0.19085508 -0.01138073
v 0.05850222 -0.19085866 -0.01513163
v 0.06018394 -0.19322723 -0.01103283
v 0.13639349 0.04964008 0.00005262
v 0.13509613 -0.19362739 0.00002632
v 0.13509419 -0.19362738 0.00005259
v 0.08525923 0.04943434 0.00000002
v 0.13639538 0.04964020 0.00002635
v 0.08525923 0.04943434 0.00000170
v 0.08525922 0.04943199 0.00498510
v 0.13639538 0.04964020 -0.00002632
v 0.08525923 0.04943375 0.00248576
v 0.08525923 0.04943375 0.00248741
v 0.13639622 0.04964007 0.00000002
v 0.08525923 0.04943434 0.00000002
v 0.08525922 0.04943199 0.00498353
v 0.13639538 0.04964020 -0.00002632
v 0.08525922 0.04943199 0.00498510
v 0.13639349 0.04964008 -0.00005259
v 0.13509097 -0.19362726 -0.00007873
v 0.13509419 -0.19362738 -0.00005260
v 0.13508660 -0.19362734 -0.00010468
v 0.06081477 -0.19323049 0.01466907
v 0.06081477 -0.19323049 0.01466907
v 0.05933610 -0.19086312 0.01884607
v 0.05850221 -0.19085866 0.01513163
v 0.05958215 -0.14480308 0.01884607
v 0.06035143 -0.19086854 0.02251511
v 0.06059748 -0.14480841 0.02251511
v 0.06059748 -0.14480841 0.02251511
v 0.06437287 -0.14011913 0.02521536
v 0.06322035 -0.14011288 0.02172708
v 0.06387419 -0.01772953 -0.02172703
v 0.06224062 -0.14010774 -0.01818645
v 0.06289442 -0.01771948 -0.01818644
v 0.06322035 -0.14011288 0.02172708
v 0.06502642 -0.01774116 0.02521535
v 0.06387419 -0.01772959 0.02172707
v 0.06437269 -0.14011903 -0.02521534
v 0.06059748 -0.14480840 -0.02251509
v 0.06322036 -0.14011287 -0.02172705
v 0.06059748 -0.14480840 -0.02251509
v 0.05933617 -0.19086301 -0.01884608
v 0.05958215 -0.14480298 -0.01884608
v 0.05933617 -0.19086301 -0.01884608
v 0.06081478 -0.19323049 -0.01466907
v 0.05850222 -0.19085866 -0.01513163
v 0.13508660 -0.19362734 0.00010467
v 0.06081478 -0.19323049 -0.01466907
v 0.13509097 -0.19362726 0.00007872
v 0.13639349 0.04964008 0.00005262
v 0.13509419 -0.19362738 0.00005259
v 0.08525923 0.04943375 -0.00248572
v 0.13639349 0.04964008 0.00005262
v 0.08525923 0.04943375 -0.00248407
v 0.08525923 0.04943434 0.00000170
v 0.13639538 0.04964020 0.00002635
v 0.08525923 0.04943375 -0.00248572
v 0.08525910 0.04942913 0.00750701
v 0.13639349 0.04964008 -0.00005259
v 0.08525922 0.04943199 0.00498353
v 0.08525910 0.04942913 0.00750558
v 0.13639349 0.04964008 -0.00005259
v 0.08525910 0.04942913 0.00750701
v 0.13509097 -0.19362726 -0.00007873
v 0.13638585 0.04964013 -0.00010468
v 0.13508660 -0.19362734 -0.00010468
v 0.06162360 -0.19323492 0.01826997
v 0.06162360 -0.19323492 0.01826997
v 0.06035143 -0.19086854 0.02251511
v 0.05933610 -0.19086312 0.01884607
v 0.06035143 -0.19086854 0.02251511
v 0.06179159 -0.14481488 0.02612991
v 0.06059748 -0.14480841 0.02251511
v 0.06437287 -0.14011913 0.02521536
v 0.06316181 -0.14482220 0.02968177
v 0.06569488 -0.14012609 0.02864290
v 0.06502643 -0.01774116 -0.02521532
v 0.06322036 -0.14011287 -0.02172705
v 0.06387419 -0.01772953 -0.02172703
v 0.06437287 -0.14011913 0.02521536
v 0.06634858 -0.01775453 0.02864288
v 0.06502642 -0.01774116 0.02521535
v 0.06569488 -0.14012609 -0.02864288
v 0.06179179 -0.14481488 -0.02612990
v 0.06437269 -0.14011903 -0.02521534
v 0.06179179 -0.14481488 -0.02612990
v 0.06035144 -0.19086854 -0.02251510
v 0.06059748 -0.14480840 -0.02251509
v 0.06035144 -0.19086854 -0.02251510
v 0.06162361 -0.19323492 -0.01826998
v 0.05933617 -0.19086301 -0.01884608
v 0.06162361 -0.19323492 -0.01826998
v 0.13638585 0.04964013 0.00010471
v 0.13509097 -0.19362726 0.00007872
v 0.13508660 -0.19362734 0.00010467
v 0.08525922 0.04943199 -0.00498348
v 0.13639022 0.04964015 0.00007876
v 0.08525922 0.04943199 -0.00498191
v 0.08525923 0.04943375 -0.00248407
v 0.13639349 0.04964008 0.00005262
v 0.08525922 0.04943199 -0.00498348
v 0.08525928 0.04942511 0.01006589
v 0.13639022 0.04964015 -0.00007873
v 0.08525910 0.04942913 0.00750558
v 0.08525928 0.04942511 0.01006467
v 0.13639022 0.04964015 -0.00007873
v 0.08525928 0.04942511 0.01006589
v 0.13638585 0.04964013 -0.00010468
v 0.13508064 -0.19362721 -0.00013038
v 0.13508660 -0.19362734 -0.00010468
v 0.13507359 -0.19362717 -0.00015576
v 0.06260783 -0.19324027 0.02182684
v 0.06260783 -0.19324027 0.02182684
v 0.06154580 -0.19087492 0.02612991
v 0.06035143 -0.19086854 0.02251511
v 0.06154580 -0.19087492 0.02612991
v 0.06316181 -0.14482220 0.02968177
v 0.06179159 -0.14481488 0.02612991
v 0.06569488 -0.14012609 0.02864290
v 0.06470457 -0.14483024 0.03316211
v 0.06718367 -0.14013414 0.03200141
v 0.06634859 -0.01775452 -0.02864286
v 0.06437269 -0.14011903 -0.02521534
v 0.06502643 -0.01774116 -0.02521532
v 0.06569488 -0.14012609 0.02864290
v 0.06783715 -0.01776976 0.03200140
v 0.06634858 -0.01775453 0.02864288
v 0.06470458 -0.14483023 -0.03316208
v 0.06569488 -0.14012609 -0.02864288
v 0.06718374 -0.14013404 -0.03200139
v 0.06291584 -0.19088223 -0.02968177
v 0.06179179 -0.14481488 -0.02612990
v 0.06316182 -0.14482220 -0.02968176
v 0.06154581 -0.19087491 -0.02612991
v 0.06260783 -0.19324027 -0.02182683
v 0.06035144 -0.19086854 -0.02251510
v 0.13507359 -0.19362717 0.00015575
v 0.06260783 -0.19324027 -0.02182683
v 0.13508064 -0.19362721 0.00013037
v 0.13638585 0.04964013 0.00010471
v 0.13508660 -0.19362734 0.00010467
v 0.08525910 0.04942913 -0.00750553
v 0.13638585 0.04964013 0.00010471
v 0.08525910 0.04942913 -0.00750410
v 0.08525922 0.04943199 -0.00498191
v 0.13639022 0.04964015 0.00007876
v 0.08525910 0.04942913 -0.00750553
v 0.13638009 0.04964021 -0.00013038
v 0.08525928 0.04942511 0.01006467
v 0.08525905 0.04941970 0.01267424
v 0.13508064 -0.19362721 -0.00013038
v 0.13637304 0.04964019 -0.00015577
v 0.13507359 -0.19362717 -0.00015576
v 0.13506525 -0.19362713 -0.00018077
v 0.06376550 -0.19324646 0.02533115
v 0.06154580 -0.19087492 0.02612991
v 0.06509348 -0.19325345 0.02877441
v 0.06291583 -0.19088223 0.02968177
v 0.06316181 -0.14482220 0.02968177
v 0.06445846 -0.19089047 0.03316211
v 0.06470457 -0.14483024 0.03316211
v 0.06470457 -0.14483024 0.03316211
v 0.06883544 -0.14014296 0.03528285
v 0.06718367 -0.14013414 0.03200141
v 0.06783716 -0.01776976 -0.03200137
v 0.06569488 -0.14012609 -0.02864288
v 0.06634859 -0.01775452 -0.02864286
v 0.06718367 -0.14013414 0.03200141
v 0.06948881 -0.01778633 0.03528285
v 0.06783715 -0.01776976 0.03200140
v 0.06883544 -0.14014296 -0.03528284
v 0.06470458 -0.14483023 -0.03316208
v 0.06718374 -0.14013404 -0.03200139
v 0.06445846 -0.19089047 -0.03316209
v 0.06316182 -0.14482220 -0.02968176
v 0.06470458 -0.14483023 -0.03316208
v 0.06509355 -0.19325345 -0.02877443
v 0.06154581 -0.19087491 -0.02612991
v 0.06291584 -0.19088223 -0.02968177
v 0.13506525 -0.19362713 0.00018076
v 0.06376543 -0.19324635 -0.02533114
v 0.13637303 0.04964019 0.00015580
v 0.13508064 -0.19362721 0.00013037
v 0.13507359 -0.19362717 0.00015575
v 0.08525928 0.04942511 -0.01006463
v 0.13638009 0.04964021 0.00013041
v 0.08525905 0.04941982 -0.01267421
v 0.08525910 0.04942913 -0.00750410
v 0.13638585 0.04964013 0.00010471
v 0.08525917 0.04941292 0.01534948
v 0.08525917 0.04941292 0.01534887
v 0.13638009 0.04964021 -0.00013038
v 0.08525917 0.04941292 0.01534948
v 0.13637304 0.04964019 -0.00015577
v 0.13506525 -0.19362713 -0.00018077
v 0.13507359 -0.19362717 -0.00015576
v 0.13505591 -0.19362717 -0.00020534
v 0.06509348 -0.19325345 0.02877441
v 0.06509348 -0.19325345 0.02877441
v 0.06445846 -0.19089047 0.03316211
v 0.06291583 -0.19088223 0.02968177
v 0.06445846 -0.19089047 0.03316211
v 0.06641601 -0.14483958 0.03656255
v 0.06470457 -0.14483024 0.03316211
v 0.06883544 -0.14014296 0.03528285
v 0.06829243 -0.14484960 0.03987493
v 0.07064607 -0.14015263 0.03847929
v 0.06948882 -0.01778633 -0.03528281
v 0.06718374 -0.14013404 -0.03200139
v 0.06783716 -0.01776976 -0.03200137
v 0.06883544 -0.14014296 0.03528285
v 0.07129964 -0.01780473 0.03847928
v 0.06948881 -0.01778633 0.03528285
v 0.06829251 -0.14484960 -0.03987492
v 0.06883544 -0.14014296 -0.03528284
v 0.07064608 -0.14015253 -0.03847929
v 0.06641602 -0.14483958 -0.03656253
v 0.06445846 -0.19089047 -0.03316209
v 0.06470458 -0.14483023 -0.03316208
v 0.06445846 -0.19089047 -0.03316209
v 0.06509355 -0.19325345 -0.02877443
v 0.06291584 -0.19088223 -0.02968177
v 0.06509355 -0.19325345 -0.02877443
v 0.13636474 0.04964024 0.00018081
v 0.13507359 -0.19362717 0.00015575
v 0.13506525 -0.19362713 0.00018076
v 0.13637303 0.04964019 0.00015580
v 0.08525902 0.04941312 -0.01534880
v 0.13636474 0.04964024 -0.00018078
v 0.08525917 0.04941292 0.01534887
v 0.08525907 0.04940500 0.01810441
v 0.13636474 0.04964024 -0.00018078
v 0.13505591 -0.19362717 -0.00020534
v 0.13506525 -0.19362713 -0.00018077
v 0.06658925 -0.19326144 0.03214836
v 0.06658925 -0.19326144 0.03214836
v 0.06617016 -0.19089971 0.03656257
v 0.06445846 -0.19089047 0.03316211
v 0.06641601 -0.14483958 0.03656255
v 0.06804639 -0.19090963 0.03987494
v 0.06829243 -0.14484960 0.03987493
v 0.07064607 -0.14015263 0.03847929
v 0.07032904 -0.14486048 0.04309124
v 0.07261154 -0.14016313 0.04158302
v 0.07129965 -0.01780472 -0.03847925
v 0.06883544 -0.14014296 -0.03528284
v 0.06948882 -0.01778633 -0.03528281
v 0.07261154 -0.14016313 0.04158302
v 0.07340270 0.00798166 0.04158301
v 0.07247174 -0.01781665 0.04033042
v 0.07261155 -0.14016312 -0.04158303
v 0.06829251 -0.14484960 -0.03987492
v 0.07064608 -0.14015253 -0.03847929
v 0.06829251 -0.14484960 -0.03987492
v 0.06617023 -0.19089961 -0.03656255
v 0.06641602 -0.14483958 -0.03656253
v 0.06617023 -0.19089961 -0.03656255
v 0.06658925 -0.19326143 -0.03214835
v 0.06445846 -0.19089047 -0.03316209
v 0.06658925 -0.19326143 -0.03214835
v 0.13505591 -0.19362717 0.00020533
v 0.13635526 0.04964041 0.00020539
v 0.13506525 -0.19362713 0.00018076
v 0.13505591 -0.19362717 0.00020533
v 0.08525902 0.04941312 -0.01534880
v 0.13636474 0.04964024 0.00018081
v 0.08525902 0.04941312 -0.01534819
v 0.13635526 0.04964041 -0.00020536
v 0.13636474 0.04964024 -0.00018078
v 0.08525907 0.04940500 0.01810441
v 0.13635526 0.04964041 -0.00020536
v 0.13504519 -0.19362702 -0.00022941
v 0.13505591 -0.19362717 -0.00020534
v 0.13503337 -0.19362696 -0.00025294
v 0.06824849 -0.19327040 0.03544487
v 0.06617016 -0.19089971 0.03656257
v 0.07006748 -0.19328001 0.03865598
v 0.06804639 -0.19090963 0.03987494
v 0.06829243 -0.14484960 0.03987493
v 0.07008303 -0.19092051 0.04309124
v 0.07032904 -0.14486048 0.04309124
v 0.07261154 -0.14016313 0.04158302
v 0.07252115 -0.14487209 0.04620374
v 0.07472677 -0.14017443 0.04458658
v 0.07064608 -0.14015253 -0.03847929
v 0.07129965 -0.01780472 -0.03847925
v 0.07247178 -0.01781651 -0.04033040
v 0.07340270 0.00798166 0.04158301
v 0.07472677 -0.14017443 0.04458658
v 0.07551806 0.00798163 0.04458657
v 0.07252119 -0.14487198 -0.04620371
v 0.07261155 -0.14016312 -0.04158303
v 0.07472678 -0.14017442 -0.04458657
v 0.07008329 -0.19092051 -0.04309125
v 0.06829251 -0.14484960 -0.03987492
v 0.07032927 -0.14486047 -0.04309123
v 0.07006749 -0.19328001 -0.03865600
v 0.06617023 -0.19089961 -0.03656255
v 0.06804646 -0.19090963 -0.03987493
v 0.06824863 -0.19327030 -0.03544487
v 0.13504519 -0.19362702 0.00022940
v 0.13634468 0.04964035 0.00022947
v 0.13505591 -0.19362717 0.00020533
v 0.13504519 -0.19362702 0.00022940
v 0.08525908 0.04940500 -0.01810436
v 0.13635526 0.04964041 0.00020539
v 0.08525908 0.04940500 -0.01810419
v 0.08525902 0.04941312 -0.01534819
v 0.13636474 0.04964024 0.00018081
v 0.08525908 0.04940500 -0.01810436
v 0.08525722 0.04872365 0.02095781
v 0.08589030 0.04939835 0.02069706
v 0.08525905 0.04940167 0.01906052
v 0.08696598 0.04939260 0.02312390
v 0.13635526 0.04964041 -0.00020536
v 0.08589030 0.04939835 0.02069706
v 0.13634468 0.04964035 -0.00022944
v 0.13503337 -0.19362696 -0.00025294
v 0.13504519 -0.19362702 -0.00022941
v 0.07006748 -0.19328001 0.03865598
v 0.06804639 -0.19090963 0.03987494
v 0.07204186 -0.19329056 0.04177398
v 0.07008303 -0.19092051 0.04309124
v 0.07032904 -0.14486048 0.04309124
v 0.07227517 -0.19093222 0.04620374
v 0.07252115 -0.14487209 0.04620374
v 0.07252115 -0.14487209 0.04620374
v 0.07698688 -0.14018650 0.04748274
v 0.07472677 -0.14017443 0.04458658
v 0.07472678 -0.14017442 -0.04458657
v 0.07340271 0.00798179 -0.04158300
v 0.07551829 0.00798149 -0.04458653
v 0.07551806 0.00798163 0.04458657
v 0.07698688 -0.14018650 0.04748274
v 0.07777844 0.00798146 0.04748272
v 0.07698692 -0.14018639 -0.04748272
v 0.07252119 -0.14487198 -0.04620371
v 0.07472678 -0.14017442 -0.04458657
v 0.07227518 -0.19093201 -0.04620373
v 0.07032927 -0.14486047 -0.04309123
v 0.07252119 -0.14487198 -0.04620371
v 0.07204192 -0.19329055 -0.04177400
v 0.06804646 -0.19090963 -0.03987493
v 0.07008329 -0.19092051 -0.04309125
v 0.07006749 -0.19328001 -0.03865600
v 0.13503337 -0.19362696 0.00025293
v 0.13633267 0.04964041 0.00025300
v 0.13504519 -0.19362702 0.00022940
v 0.13503337 -0.19362696 0.00025293
v 0.13635526 0.04964041 0.00020539
v 0.08696598 0.04939261 -0.02312385
v 0.08589030 0.04939835 -0.02069702
v 0.08525908 0.04940500 -0.01810419
v 0.08525906 0.04940167 -0.01906047
v 0.08696598 0.04939260 0.02312390
v 0.08525722 0.04872365 0.02095781
v 0.08525391 0.04752769 0.02392899
v 0.13633267 0.04964041 -0.00025297
v 0.08815949 0.04938618 0.02549503
v 0.13633267 0.04964041 -0.00025297
v 0.13502061 -0.19362689 -0.00027585
v 0.13503337 -0.19362696 -0.00025294
v 0.13500631 -0.19362691 -0.00029810
v 0.07204186 -0.19329056 0.04177398
v 0.07204186 -0.19329056 0.04177398
v 0.07227517 -0.19093222 0.04620374
v 0.07008303 -0.19092051 0.04309124
v 0.07252115 -0.14487209 0.04620374
v 0.07461721 -0.19094462 0.04920493
v 0.07486342 -0.14488469 0.04920492
v 0.07486342 -0.14488469 0.04920492
v 0.07938641 -0.14019921 0.05026448
v 0.07698688 -0.14018650 0.04748274
v 0.07698692 -0.14018639 -0.04748272
v 0.07551829 0.00798149 -0.04458653
v 0.07777845 0.00798147 -0.04748268
v 0.07777844 0.00798146 0.04748272
v 0.07938641 -0.14019921 0.05026448
v 0.08017786 0.00798115 0.05026447
v 0.07734988 -0.14489776 -0.05208758
v 0.07698692 -0.14018639 -0.04748272
v 0.07938643 -0.14019920 -0.05026449
v 0.07486325 -0.14488469 -0.04920491
v 0.07227518 -0.19093201 -0.04620373
v 0.07252119 -0.14487198 -0.04620371
v 0.07416707 -0.19330200 -0.04479132
v 0.07008329 -0.19092051 -0.04309125
v 0.07227518 -0.19093201 -0.04620373
v 0.13500631 -0.19362691 0.00029809
v 0.07204192 -0.19329055 -0.04177400
v 0.13502061 -0.19362689 0.00027584
v 0.13633267 0.04964041 0.00025300
v 0.13503337 -0.19362696 0.00025293
v 0.13633267 0.04964041 0.00025300
v 0.08696598 0.04939261 -0.02312385
v 0.13634468 0.04964035 0.00022947
v 0.08525906 0.04940167 -0.01906047
v 0.08589030 0.04939835 -0.02069702
v 0.08525723 0.04872365 -0.02095777
v 0.08815949 0.04938618 0.02549503
v 0.08696598 0.04939260 0.02312390
v 0.08525318 0.04726097 0.02452648
v 0.13633267 0.04964041 -0.00025297
v 0.08946810 0.04937919 0.02780474
v 0.13631966 0.04964053 -0.00027589
v 0.13502061 -0.19362689 -0.00027585
v 0.13630556 0.04964060 -0.00029814
v 0.13500631 -0.19362691 -0.00029810
v 0.07416699 -0.19330210 0.04479133
v 0.07227517 -0.19093222 0.04620374
v 0.07643730 -0.19331403 0.04770078
v 0.07461721 -0.19094462 0.04920493
v 0.07461721 -0.19094462 0.04920493
v 0.07735001 -0.14489797 0.05208756
v 0.07486342 -0.14488469 0.04920492
v 0.07735001 -0.14489797 0.05208756
v 0.08191942 -0.14021274 0.05292516
v 0.07938641 -0.14019921 0.05026448
v 0.07938643 -0.14019920 -0.05026449
v 0.07777845 0.00798147 -0.04748268
v 0.08017787 0.00798115 -0.05026445
v 0.08017786 0.00798115 0.05026447
v 0.08191942 -0.14021274 0.05292516
v 0.08271101 0.00798083 0.05292515
v 0.08191946 -0.14021273 -0.05292517
v 0.07734988 -0.14489776 -0.05208758
v 0.07938643 -0.14019920 -0.05026449
v 0.07710405 -0.19095800 -0.05208760
v 0.07486325 -0.14488469 -0.04920491
v 0.07734988 -0.14489776 -0.05208758
v 0.07461722 -0.19094472 -0.04920492
v 0.07416707 -0.19330200 -0.04479132
v 0.07227518 -0.19093201 -0.04620373
v 0.07416707 -0.19330200 -0.04479132
v 0.13630556 0.04964060 0.00029817
v 0.13502061 -0.19362689 0.00027584
v 0.13500631 -0.19362691 0.00029809
v 0.13631966 0.04964053 0.00027592
v 0.08815950 0.04938618 -0.02549498
v 0.08525723 0.04872365 -0.02095777
v 0.08696598 0.04939261 -0.02312385
v 0.08525392 0.04752769 -0.02392893
v 0.08521072 0.03193534 0.02460458
v 0.08625116 0.04725559 0.02650905
v 0.08525318 0.04726097 0.02452648
v 0.08815949 0.04938618 0.02549503
v 0.08761165 0.04724825 0.02891063
v 0.08946810 0.04937919 0.02780474
v 0.13630556 0.04964060 -0.00029814
v 0.13630556 0.04964060 -0.00029814
v 0.13499116 -0.19362683 -0.00031963
v 0.13500631 -0.19362691 -0.00029810
v 0.13497508 -0.19362674 -0.00034039
v 0.07643730 -0.19331403 0.04770078
v 0.07643730 -0.19331403 0.04770078
v 0.07710403 -0.19095801 0.05208756
v 0.07461721 -0.19094462 0.04920493
v 0.07710403 -0.19095801 0.05208756
v 0.07997478 -0.14491199 0.05484472
v 0.07735001 -0.14489797 0.05208756
v 0.08191942 -0.14021274 0.05292516
v 0.08273187 -0.14492672 0.05746978
v 0.08458013 -0.14022695 0.05545834
v 0.08191946 -0.14021273 -0.05292517
v 0.08017787 0.00798115 -0.05026445
v 0.08271109 0.00798089 -0.05292509
v 0.08458013 -0.14022695 0.05545834
v 0.08548283 0.02879551 0.05545832
v 0.08514410 0.00798066 0.05524159
v 0.08458014 -0.14022694 -0.05545834
v 0.07997489 -0.14491178 -0.05484472
v 0.08191946 -0.14021273 -0.05292517
v 0.07997489 -0.14491178 -0.05484472
v 0.07710405 -0.19095800 -0.05208760
v 0.07734988 -0.14489776 -0.05208758
v 0.07710405 -0.19095800 -0.05208760
v 0.07643756 -0.19331403 -0.04770077
v 0.07461722 -0.19094472 -0.04920492
v 0.07643756 -0.19331403 -0.04770077
v 0.13499116 -0.19362683 0.00031962
v 0.13629041 0.04964068 0.00031971
v 0.13500631 -0.19362691 0.00029809
v 0.13499116 -0.19362683 0.00031962
v 0.13631966 0.04964053 0.00027592
v 0.09088824 0.04937166 -0.03004743
v 0.08946791 0.04937932 -0.02780469
v 0.08815950 0.04938618 -0.02549498
v 0.08625117 0.04725564 -0.02650901
v 0.08525319 0.04726097 -0.02452642
v 0.08521026 0.03183245 0.02702129
v 0.08616932 0.03193023 0.02650906
v 0.08521072 0.03193534 0.02460458
v 0.08625116 0.04725559 0.02650905
v 0.08752962 0.03192304 0.02891064
v 0.08761165 0.04724825 0.02891063
v 0.08946810 0.04937919 0.02780474
v 0.08908829 0.04724036 0.03124255
v 0.09088823 0.04937166 0.03004746
v 0.09088823 0.04937166 0.03004746
v 0.13629041 0.04964069 -0.00031968
v 0.13499116 -0.19362683 -0.00031963
v 0.13627427 0.04964072 -0.00034044
v 0.13497508 -0.19362674 -0.00034039
v 0.07884811 -0.19332700 0.05049531
v 0.07710403 -0.19095801 0.05208756
v 0.08139267 -0.19334059 0.05316820
v 0.07972880 -0.19097202 0.05484472
v 0.07972880 -0.19097202 0.05484472
v 0.08273187 -0.14492672 0.05746978
v 0.07997478 -0.14491199 0.05484472
v 0.08458013 -0.14022695 0.05545834
v 0.08561458 -0.14494211 0.05995637
v 0.08736199 -0.14024190 0.05785789
v 0.08548279 0.02879552 -0.05545826
v 0.08458014 -0.14022694 -0.05545834
v 0.08514412 0.00798072 -0.05524154
v 0.08458013 -0.14022695 0.05545834
v 0.08826470 0.02878053 0.05785786
v 0.08548283 0.02879551 0.05545832
v 0.08520179 0.02879701 0.05519079
v 0.08641532 0.03029701 0.05443835
v 0.08520606 0.03030341 0.05328694
v 0.08736201 -0.14024180 -0.05785789
v 0.08273193 -0.14492651 -0.05746980
v 0.08458014 -0.14022694 -0.05545834
v 0.08273193 -0.14492651 -0.05746980
v 0.07972881 -0.19097202 -0.05484474
v 0.07997489 -0.14491178 -0.05484472
v 0.08139273 -0.19334049 -0.05316821
v 0.07710405 -0.19095800 -0.05208760
v 0.07972881 -0.19097202 -0.05484474
v 0.13495765 -0.19362645 0.00036033
v 0.07884812 -0.19332700 -0.05049532
v 0.13627427 0.04964072 0.00034047
v 0.13499116 -0.19362683 0.00031962
v 0.13497508 -0.19362674 0.00034038
v 0.08946791 0.04937932 -0.02780469
v 0.08625117 0.04725564 -0.02650901
v 0.08815950 0.04938618 -0.02549498
v 0.08625117 0.04725564 -0.02650901
v 0.08521072 0.03193535 -0.02460454
v 0.08525319 0.04726097 -0.02452642
v 0.08752962 0.03192304 0.02891064
v 0.08521026 0.03183245 0.02702129
v 0.08520984 0.03167952 0.03030026
v 0.08752962 0.03192304 0.02891064
v 0.08908829 0.04724036 0.03124255
v 0.08761165 0.04724825 0.02891063
v 0.08908829 0.04724036 0.03124255
v 0.09241655 0.04936345 0.03221781
v 0.09088823 0.04937166 0.03004746
v 0.09404984 0.04935472 0.03431053
v 0.13629041 0.04964069 -0.00031968
v 0.09241655 0.04936345 0.03221781
v 0.13627427 0.04964072 -0.00034044
v 0.13495765 -0.19362645 -0.00036034
v 0.13497508 -0.19362674 -0.00034039
v 0.13493962 -0.19362655 -0.00037941
v 0.08139267 -0.19334059 0.05316820
v 0.07972880 -0.19097202 0.05484472
v 0.08406551 -0.19335477 0.05571299
v 0.08248604 -0.19098675 0.05746978
v 0.08248604 -0.19098675 0.05746978
v 0.08561458 -0.14494211 0.05995637
v 0.08273187 -0.14492672 0.05746978
v 0.08561458 -0.14494211 0.05995637
v 0.09025787 -0.14025737 0.06011805
v 0.08736199 -0.14024190 0.05785789
v 0.08641533 0.03029702 -0.05443827
v 0.08520181 0.02879709 -0.05519071
v 0.08520608 0.03030348 -0.05328691
v 0.08736201 -0.14024180 -0.05785789
v 0.08548279 0.02879552 -0.05545826
v 0.08826476 0.02878066 -0.05785781
v 0.08548283 0.02879551 0.05545832
v 0.08914589 0.03028243 0.05679376
v 0.08641532 0.03029701 0.05443835
v 0.08736199 -0.14024190 0.05785789
v 0.09116082 0.02876506 0.06011805
v 0.08826470 0.02878053 0.05785786
v 0.09799883 0.03186705 0.04166749
v 0.09599969 0.03187773 0.03976424
v 0.08520662 0.03049098 0.05054983
v 0.09025793 -0.14025726 -0.06011805
v 0.08561459 -0.14494210 -0.05995637
v 0.08736201 -0.14024180 -0.05785789
v 0.08561459 -0.14494210 -0.05995637
v 0.08248609 -0.19098674 -0.05746981
v 0.08273193 -0.14492651 -0.05746980
v 0.08406553 -0.19335476 -0.05571302
v 0.07972881 -0.19097202 -0.05484474
v 0.08248609 -0.19098674 -0.05746981
v 0.13493962 -0.19362655 0.00037940
v 0.08139273 -0.19334049 -0.05316821
v 0.13495765 -0.19362645 0.00036033
v 0.13627427 0.04964072 0.00034047
v 0.13497508 -0.19362674 0.00034038
v 0.13629041 0.04964068 0.00031971
v 0.09404985 0.04935473 -0.03431048
v 0.09241661 0.04936357 -0.03221775
v 0.08908810 0.04724057 -0.03124252
v 0.08946791 0.04937932 -0.02780469
v 0.09088824 0.04937166 -0.03004743
v 0.08752962 0.03192304 -0.02891061
v 0.08625117 0.04725564 -0.02650901
v 0.08761151 0.04724838 -0.02891059
v 0.08521072 0.03193535 -0.02460454
v 0.08616932 0.03193023 -0.02650903
v 0.08521027 0.03183245 -0.02702126
v 0.08900645 0.03191507 0.03124256
v 0.08520945 0.03150327 0.03377806
v 0.08900645 0.03191507 0.03124256
v 0.09067749 0.04723188 0.03349922
v 0.08908829 0.04724036 0.03124255
v 0.09241655 0.04936345 0.03221781
v 0.09237552 0.04722288 0.03567517
v 0.09404984 0.04935472 0.03431053
v 0.09578373 0.04934546 0.03632060
v 0.13627427 0.04964072 -0.00034044
v 0.13495765 -0.19362645 -0.00036034
v 0.13623897 0.04964091 -0.00037946
v 0.13493962 -0.19362655 -0.00037941
v 0.13492036 -0.19362635 -0.00039757
v 0.08406551 -0.19335477 0.05571299
v 0.08406551 -0.19335477 0.05571299
v 0.08536869 -0.19100224 0.05995637
v 0.08248604 -0.19098675 0.05746978
v 0.08561458 -0.14494211 0.05995637
v 0.08836983 -0.19101817 0.06229854
v 0.08861581 -0.14495814 0.06229853
v 0.08861581 -0.14495814 0.06229853
v 0.09326144 -0.14027331 0.06223343
v 0.09025787 -0.14025737 0.06011805
v 0.09799879 0.03186706 -0.04166744
v 0.08641533 0.03029702 -0.05443827
v 0.08520664 0.03049112 -0.05054981
v 0.08826476 0.02878066 -0.05785781
v 0.08641533 0.03029702 -0.05443827
v 0.08914591 0.03028257 -0.05679372
v 0.09116078 0.02876507 -0.06011801
v 0.08736201 -0.14024180 -0.05785789
v 0.08826476 0.02878066 -0.05785781
v 0.09799883 0.03186705 0.04166749
v 0.08914589 0.03028243 0.05679376
v 0.10008883 0.03185589 0.04347035
v 0.08826470 0.02878053 0.05785786
v 0.09198878 0.03026706 0.05901236
v 0.08914589 0.03028243 0.05679376
v 0.09116082 0.02876506 0.06011805
v 0.09326144 -0.14027331 0.06223343
v 0.09416434 0.02874915 0.06223338
v 0.09608173 0.04720302 0.03976423
v 0.09799883 0.03186705 0.04166749
v 0.09808067 0.04719246 0.04166748
v 0.08520748 0.03080025 0.04581642
v 0.09326150 -0.14027330 -0.06223339
v 0.08861582 -0.14495813 -0.06229854
v 0.09025793 -0.14025726 -0.06011805
v 0.08861582 -0.14495813 -0.06229854
v 0.08536876 -0.19100214 -0.05995639
v 0.08561459 -0.14494210 -0.05995637
v 0.08686020 -0.19336978 -0.05812359
v 0.08248609 -0.19098674 -0.05746981
v 0.08536876 -0.19100214 -0.05995639
v 0.13492036 -0.19362635 0.00039756
v 0.08406553 -0.19335476 -0.05571302
v 0.13623897 0.04964091 0.00037950
v 0.13495765 -0.19362645 0.00036033
v 0.13493962 -0.19362655 0.00037940
v 0.13627427 0.04964072 0.00034047
v 0.09578374 0.04934552 -0.03632056
v 0.09067750 0.04723201 -0.03349916
v 0.09088824 0.04937166 -0.03004743
v 0.09241661 0.04936357 -0.03221775
v 0.08908810 0.04724057 -0.03124252
v 0.08752962 0.03192304 -0.02891061
v 0.08761151 0.04724838 -0.02891059
v 0.08521027 0.03183245 -0.02702126
v 0.08752962 0.03192304 -0.02891061
v 0.08520985 0.03167952 -0.03030024
v 0.09059564 0.03190659 0.03349923
v 0.08520881 0.03130067 0.03749187
v 0.09067749 0.04723188 0.03349922
v 0.09229373 0.03189752 0.03567519
v 0.09237552 0.04722288 0.03567517
v 0.09404984 0.04935472 0.03431053
v 0.09417833 0.04721331 0.03776520
v 0.09578373 0.04934546 0.03632060
v 0.09578373 0.04934546 0.03632060
v 0.13623897 0.04964091 -0.00037946
v 0.13625709 0.04964081 -0.00036039
v 0.13623897 0.04964091 -0.00037946
v 0.13492036 -0.19362635 -0.00039757
v 0.13493962 -0.19362655 -0.00037941
v 0.08686014 -0.19336979 0.05812357
v 0.08536869 -0.19100224 0.05995637
v 0.08976957 -0.19338533 0.06039414
v 0.08836983 -0.19101817 0.06229854
v 0.08836983 -0.19101817 0.06229854
v 0.09172817 -0.14497476 0.06449062
v 0.08861581 -0.14495814 0.06229853
v 0.09172817 -0.14497476 0.06449062
v 0.09636510 -0.14028989 0.06419882
v 0.09326144 -0.14027331 0.06223343
v 0.08520744 0.03080025 -0.04581645
v 0.09599965 0.03187773 -0.03976419
v 0.09808063 0.04719247 -0.04166741
v 0.09599965 0.03187773 -0.03976419
v 0.09608149 0.04720315 -0.03976416
v 0.10008864 0.03185597 -0.04347030
v 0.08641533 0.03029702 -0.05443827
v 0.09799879 0.03186706 -0.04166744
v 0.09198880 0.03026726 -0.05901232
v 0.08826476 0.02878066 -0.05785781
v 0.08914591 0.03028257 -0.05679372
v 0.09326150 -0.14027330 -0.06223339
v 0.09116078 0.02876507 -0.06011801
v 0.09416410 0.02874916 -0.06223332
v 0.09808067 0.04719246 0.04166748
v 0.10008883 0.03185589 0.04347035
v 0.10017072 0.04718130 0.04347033
v 0.09198878 0.03026706 0.05901236
v 0.10226477 0.03184427 0.04516848
v 0.09198878 0.03026706 0.05901236
v 0.09416434 0.02874915 0.06223338
v 0.09493729 0.03025132 0.06108880
v 0.09326144 -0.14027331 0.06223343
v 0.09726785 0.02873257 0.06419882
v 0.09416434 0.02874915 0.06223338
v 0.09608173 0.04720302 0.03976423
v 0.09953661 0.04932542 0.04007360
v 0.09761404 0.04933574 0.03824317
v 0.09409669 0.03188789 0.03776521
v 0.09608173 0.04720302 0.03976423
v 0.09417833 0.04721331 0.03776520
v 0.09409669 0.03188789 0.03776521
v 0.08520812 0.03106807 0.04148642
v 0.08520748 0.03080025 0.04581642
v 0.09494452 -0.14499173 -0.06652725
v 0.09326150 -0.14027330 -0.06223339
v 0.09636512 -0.14028988 -0.06419882
v 0.09148221 -0.19103468 -0.06449060
v 0.08861582 -0.14495813 -0.06229854
v 0.09172818 -0.14497475 -0.06449056
v 0.08976963 -0.19338522 -0.06039412
v 0.08536876 -0.19100214 -0.05995639
v 0.08836984 -0.19101816 -0.06229857
v 0.08686020 -0.19336978 -0.05812359
v 0.13492036 -0.19362635 0.00039756
v 0.13623897 0.04964091 0.00037950
v 0.13493962 -0.19362655 0.00037940
v 0.13623897 0.04964091 0.00037950
v 0.09578374 0.04934552 -0.03632056
v 0.13625709 0.04964081 0.00036042
v 0.09404985 0.04935473 -0.03431048
v 0.09067750 0.04723201 -0.03349916
v 0.09241661 0.04936357 -0.03221775
v 0.09067750 0.04723201 -0.03349916
v 0.08900646 0.03191508 -0.03124254
v 0.08908810 0.04724057 -0.03124252
v 0.08900646 0.03191508 -0.03124254
v 0.08520945 0.03150334 -0.03377804
v 0.09229373 0.03189752 0.03567519
v 0.08520881 0.03130067 0.03749187
v 0.09237552 0.04722288 0.03567517
v 0.09409669 0.03188789 0.03776521
v 0.09417833 0.04721331 0.03776520
v 0.09578373 0.04934546 0.03632060
v 0.09608173 0.04720302 0.03976423
v 0.09761404 0.04933574 0.03824317
v 0.09761404 0.04933574 0.03824317
v 0.13621985 0.04964101 -0.00039763
v 0.13621985 0.04964101 -0.00039763
v 0.13490075 -0.19362625 -0.00041477
v 0.13492036 -0.19362635 -0.00039757
v 0.13487984 -0.19362614 -0.00043097
v 0.08976957 -0.19338533 0.06039414
v 0.08836983 -0.19101817 0.06229854
v 0.09278669 -0.19340135 0.06251919
v 0.09148219 -0.19103479 0.06449062
v 0.09148219 -0.19103479 0.06449062
v 0.09494440 -0.14499194 0.06652730
v 0.09172817 -0.14497476 0.06449062
v 0.09494440 -0.14499194 0.06652730
v 0.09956152 -0.14030696 0.06600958
v 0.09636510 -0.14028989 0.06419882
v 0.08520807 0.03106807 -0.04148641
v 0.09409649 0.03188797 -0.03776517
v 0.08520744 0.03080025 -0.04581645
v 0.09608149 0.04720315 -0.03976416
v 0.09409649 0.03188797 -0.03776517
v 0.09417834 0.04721338 -0.03776515
v 0.09808063 0.04719247 -0.04166741
v 0.09761405 0.04933574 -0.03824311
v 0.09953662 0.04932543 -0.04007356
v 0.10008864 0.03185597 -0.04347030
v 0.09808063 0.04719247 -0.04166741
v 0.10017048 0.04718131 -0.04347028
v 0.10226454 0.03184435 -0.04516844
v 0.08914591 0.03028257 -0.05679372
v 0.09416410 0.02874916 -0.06223332
v 0.09198880 0.03026726 -0.05901232
v 0.09493705 0.03025145 -0.06108874
v 0.09636512 -0.14028988 -0.06419882
v 0.09416410 0.02874916 -0.06223332
v 0.09726786 0.02873258 -0.06419874
v 0.09953661 0.04932542 0.04007360
v 0.10017072 0.04718130 0.04347033
v 0.10154677 0.04931469 0.04180750
v 0.10017072 0.04718130 0.04347033
v 0.10226477 0.03184427 0.04516848
v 0.10234662 0.04716968 0.04516846
v 0.09198878 0.03026706 0.05901236
v 0.10452121 0.03183222 0.04675780
v 0.10226477 0.03184427 0.04516848
v 0.09493729 0.03025132 0.06108880
v 0.09726785 0.02873257 0.06419882
v 0.09798360 0.03023517 0.06301807
v 0.09636510 -0.14028989 0.06419882
v 0.10046422 0.02871538 0.06600959
v 0.09726785 0.02873257 0.06419882
v 0.09956174 -0.14030705 -0.06600959
v 0.09494452 -0.14499173 -0.06652725
v 0.09636512 -0.14028988 -0.06419882
v 0.09469843 -0.19105196 -0.06652732
v 0.09172818 -0.14497475 -0.06449056
v 0.09494452 -0.14499173 -0.06652725
v 0.09278670 -0.19340134 -0.06251918
v 0.08836984 -0.19101816 -0.06229857
v 0.09148221 -0.19103468 -0.06449060
v 0.13487984 -0.19362614 0.00043096
v 0.08976963 -0.19338522 -0.06039412
v 0.13490075 -0.19362625 0.00041476
v 0.13621985 0.04964101 0.00039766
v 0.13492036 -0.19362635 0.00039756
v 0.13621985 0.04964101 0.00039766
v 0.09761405 0.04933574 -0.03824311
v 0.09417834 0.04721338 -0.03776515
v 0.09404985 0.04935473 -0.03431048
v 0.09578374 0.04934552 -0.03632056
v 0.09237553 0.04722294 -0.03567514
v 0.09059565 0.03190659 -0.03349919
v 0.09067750 0.04723201 -0.03349916
v 0.09059565 0.03190659 -0.03349919
v 0.08520882 0.03130067 -0.03749184
v 0.13621985 0.04964101 -0.00039763
v 0.10154677 0.04931469 0.04180750
v 0.13619985 0.04964117 -0.00041483
v 0.13619985 0.04964117 -0.00041483
v 0.13487984 -0.19362614 -0.00043097
v 0.13490075 -0.19362625 -0.00041477
v 0.13485829 -0.19362602 -0.00044614
v 0.09278669 -0.19340135 0.06251919
v 0.09278669 -0.19340135 0.06251919
v 0.09469842 -0.19105197 0.06652730
v 0.09148219 -0.19103479 0.06449062
v 0.09469842 -0.19105197 0.06652730
v 0.09825676 -0.14500963 0.06840376
v 0.09494440 -0.14499194 0.06652730
v 0.09825676 -0.14500963 0.06840376
v 0.10284295 -0.14032448 0.06766130
v 0.09956152 -0.14030696 0.06600958
v 0.08520882 0.03130067 -0.03749184
v 0.09229369 0.03189752 -0.03567516
v 0.09409649 0.03188797 -0.03776517
v 0.09237553 0.04722294 -0.03567514
v 0.09417834 0.04721338 -0.03776515
v 0.09608149 0.04720315 -0.03976416
v 0.09578374 0.04934552 -0.03632056
v 0.09761405 0.04933574 -0.03824311
v 0.10154658 0.04931469 -0.04180746
v 0.09808063 0.04719247 -0.04166741
v 0.09953662 0.04932543 -0.04007356
v 0.10226454 0.03184435 -0.04516844
v 0.10017048 0.04718131 -0.04347028
v 0.10234663 0.04716969 -0.04516842
v 0.10452122 0.03183230 -0.04675777
v 0.09198880 0.03026726 -0.05901232
v 0.10226454 0.03184435 -0.04516844
v 0.09726786 0.02873258 -0.06419874
v 0.09493705 0.03025145 -0.06108874
v 0.09798382 0.03023505 -0.06301803
v 0.10046429 0.02871551 -0.06600951
v 0.09636512 -0.14028988 -0.06419882
v 0.09726786 0.02873258 -0.06419874
v 0.10017072 0.04718130 0.04347033
v 0.10363930 0.04930351 0.04344067
v 0.10154677 0.04931469 0.04180750
v 0.10234662 0.04716968 0.04516846
v 0.10452121 0.03183222 0.04675780
v 0.10460330 0.04715763 0.04675779
v 0.09493729 0.03025132 0.06108880
v 0.10685317 0.03181976 0.04823448
v 0.09726785 0.02873257 0.06419882
v 0.10112123 0.03021829 0.06479554
v 0.09798360 0.03023517 0.06301807
v 0.10046422 0.02871538 0.06600959
v 0.10284295 -0.14032448 0.06766130
v 0.10374570 0.02869798 0.06766131
v 0.10165702 -0.14502768 -0.07011537
v 0.09956174 -0.14030705 -0.06600959
v 0.10284302 -0.14032447 -0.06766131
v 0.09825673 -0.14500952 -0.06840370
v 0.09469843 -0.19105196 -0.06652732
v 0.09494452 -0.14499173 -0.06652725
v 0.09590472 -0.19341799 -0.06449363
v 0.09148221 -0.19103468 -0.06449060
v 0.09469843 -0.19105196 -0.06652732
v 0.13485829 -0.19362602 0.00044613
v 0.09278670 -0.19340134 -0.06251918
v 0.13617909 0.04964123 0.00043107
v 0.13490075 -0.19362625 0.00041476
v 0.13487984 -0.19362614 0.00043096
v 0.13619985 0.04964117 0.00041487
v 0.09953662 0.04932543 -0.04007356
v 0.13621985 0.04964101 0.00039766
v 0.10154677 0.04931469 0.04180750
v 0.13617909 0.04964128 -0.00043104
v 0.13619985 0.04964117 -0.00041483
v 0.13487984 -0.19362614 -0.00043097
v 0.13615759 0.04964134 -0.00044621
v 0.13485829 -0.19362602 -0.00044614
v 0.09590490 -0.19341810 0.06449363
v 0.09590490 -0.19341810 0.06449363
v 0.09801078 -0.19106966 0.06840376
v 0.09469842 -0.19105197 0.06652730
v 0.09801078 -0.19106966 0.06840376
v 0.10165721 -0.14502779 0.07011536
v 0.09825676 -0.14500963 0.06840376
v 0.10165721 -0.14502779 0.07011536
v 0.10620148 -0.14034251 0.06915006
v 0.10284295 -0.14032448 0.06766130
v 0.10234663 0.04716969 -0.04516842
v 0.10154658 0.04931469 -0.04180746
v 0.10363931 0.04930357 -0.04344064
v 0.10460306 0.04715764 -0.04675773
v 0.10226454 0.03184435 -0.04516844
v 0.10234663 0.04716969 -0.04516842
v 0.09798382 0.03023505 -0.06301803
v 0.10685313 0.03181984 -0.04823444
v 0.10046429 0.02871551 -0.06600951
v 0.09798382 0.03023505 -0.06301803
v 0.10112125 0.03021849 -0.06479549
v 0.10284302 -0.14032447 -0.06766131
v 0.10046429 0.02871551 -0.06600951
v 0.10374572 0.02869799 -0.06766123
v 0.10234662 0.04716968 0.04516846
v 0.10580979 0.04929192 0.04496920
v 0.10363930 0.04930351 0.04344067
v 0.10460330 0.04715763 0.04675779
v 0.10685317 0.03181976 0.04823448
v 0.10693501 0.04714518 0.04823446
v 0.10112123 0.03021829 0.06479554
v 0.10925469 0.03180694 0.04959496
v 0.10112123 0.03021829 0.06479554
v 0.10374570 0.02869798 0.06766131
v 0.10434229 0.03020109 0.06641687
v 0.10284295 -0.14032448 0.06766130
v 0.10710413 0.02867992 0.06915000
v 0.10374570 0.02869798 0.06766131
v 0.10513741 -0.14504616 -0.07165808
v 0.10284302 -0.14032447 -0.06766131
v 0.10620150 -0.14034241 -0.06915007
v 0.10165702 -0.14502768 -0.07011537
v 0.09801080 -0.19106965 -0.06840377
v 0.09825673 -0.14500952 -0.06840370
v 0.09801080 -0.19106965 -0.06840377
v 0.09590472 -0.19341799 -0.06449363
v 0.09469843 -0.19105196 -0.06652732
v 0.09590472 -0.19341799 -0.06449363
v 0.13615759 0.04964134 0.00044624
v 0.13487984 -0.19362614 0.00043096
v 0.13485829 -0.19362602 0.00044613
v 0.13619985 0.04964117 0.00041487
v 0.10363931 0.04930357 -0.04344064
v 0.10154658 0.04931469 -0.04180746
v 0.10580979 0.04929192 0.04496920
v 0.13617909 0.04964128 -0.00043104
v 0.10363930 0.04930351 0.04344067
v 0.13615759 0.04964134 -0.00044621
v 0.13483615 -0.19362600 -0.00046023
v 0.13485829 -0.19362602 -0.00044614
v 0.13481321 -0.19362588 -0.00047321
v 0.09911587 -0.19343524 0.06631273
v 0.09911587 -0.19343524 0.06631273
v 0.10141123 -0.19108792 0.07011536
v 0.09801078 -0.19106966 0.06840376
v 0.10165721 -0.14502779 0.07011536
v 0.10489162 -0.19110641 0.07165813
v 0.10513760 -0.14504637 0.07165813
v 0.10513760 -0.14504637 0.07165813
v 0.10962905 -0.14036092 0.07047220
v 0.10620148 -0.14034251 0.06915006
v 0.10580980 0.04929193 -0.04496915
v 0.10234663 0.04716969 -0.04516842
v 0.10363931 0.04930357 -0.04344064
v 0.10685313 0.03181984 -0.04823444
v 0.10460306 0.04715764 -0.04675773
v 0.10693503 0.04714526 -0.04823441
v 0.10925465 0.03180695 -0.04959493
v 0.10434230 0.03020122 -0.06641686
v 0.10046429 0.02871551 -0.06600951
v 0.10112125 0.03021849 -0.06479549
v 0.10620150 -0.14034241 -0.06915007
v 0.10374572 0.02869799 -0.06766123
v 0.10710420 0.02868005 -0.06914999
v 0.10460330 0.04715763 0.04675779
v 0.10805237 0.04927994 0.04638940
v 0.10580979 0.04929192 0.04496920
v 0.10685317 0.03181976 0.04823448
v 0.10933654 0.04713235 0.04959492
v 0.10693501 0.04714518 0.04823446
v 0.10925469 0.03180694 0.04959496
v 0.10434229 0.03020109 0.06641687
v 0.11172012 0.03179377 0.05083595
v 0.10434229 0.03020109 0.06641687
v 0.10710413 0.02867992 0.06915000
v 0.10763910 0.03018348 0.06787823
v 0.10620148 -0.14034251 0.06915006
v 0.11053174 0.02866161 0.07047215
v 0.10710413 0.02867992 0.06915000
v 0.10868910 -0.14506523 -0.07302819
v 0.10620150 -0.14034241 -0.06915007
v 0.10962906 -0.14036081 -0.07047221
v 0.10489134 -0.19110629 -0.07165815
v 0.10165702 -0.14502768 -0.07011537
v 0.10513741 -0.14504616 -0.07165808
v 0.10141119 -0.19108781 -0.07011537
v 0.09911589 -0.19343514 -0.06631268
v 0.09801080 -0.19106965 -0.06840377
v 0.09911589 -0.19343514 -0.06631268
v 0.13483615 -0.19362600 0.00046022
v 0.13613530 0.04964159 0.00046033
v 0.13485829 -0.19362602 0.00044613
v 0.13483615 -0.19362600 0.00046022
v 0.13617909 0.04964123 0.00043107
v 0.10580980 0.04929193 -0.04496915
v 0.10580979 0.04929192 0.04496920
v 0.13613530 0.04964159 -0.00046030
v 0.13615759 0.04964134 -0.00044621
v 0.13483615 -0.19362600 -0.00046023
v 0.13611250 0.04964159 -0.00047328
v 0.13481321 -0.19362588 -0.00047321
v 0.10241239 -0.19345285 0.06797200
v 0.10141123 -0.19108792 0.07011536
v 0.10578628 -0.19347077 0.06946759
v 0.10489162 -0.19110641 0.07165813
v 0.10513760 -0.14504637 0.07165813
v 0.10844330 -0.19112537 0.07302817
v 0.10868933 -0.14506534 0.07302818
v 0.10962905 -0.14036092 0.07047220
v 0.11230403 -0.14508464 0.07422238
v 0.11311728 -0.14037954 0.07162455
v 0.10693503 0.04714526 -0.04823441
v 0.10580980 0.04929193 -0.04496915
v 0.10805238 0.04927995 -0.04638935
v 0.10933655 0.04713243 -0.04959490
v 0.10685313 0.03181984 -0.04823444
v 0.10693503 0.04714526 -0.04823441
v 0.10434230 0.03020122 -0.06641686
v 0.10925465 0.03180695 -0.04959493
v 0.11172013 0.03179385 -0.05083590
v 0.10710420 0.02868005 -0.06914999
v 0.10434230 0.03020122 -0.06641686
v 0.10763912 0.03018368 -0.06787821
v 0.11053176 0.02866175 -0.07047214
v 0.10620150 -0.14034241 -0.06915007
v 0.10710420 0.02868005 -0.06914999
v 0.10805237 0.04927994 0.04638940
v 0.10933654 0.04713235 0.04959492
v 0.11036203 0.04926766 0.04769782
v 0.10925469 0.03180694 0.04959496
v 0.11180216 0.04711914 0.05083591
v 0.10933654 0.04713235 0.04959492
v 0.11172012 0.03179377 0.05083595
v 0.10763910 0.03018348 0.06787823
v 0.11424349 0.03178030 0.05195448
v 0.10763910 0.03018348 0.06787823
v 0.11053174 0.02866161 0.07047215
v 0.11100355 0.03016551 0.06917604
v 0.10962905 -0.14036092 0.07047220
v 0.11401993 0.02864292 0.07162450
v 0.11053174 0.02866161 0.07047215
v 0.11230405 -0.14508443 -0.07422239
v 0.10962906 -0.14036081 -0.07047221
v 0.11311699 -0.14037934 -0.07162456
v 0.10868910 -0.14506523 -0.07302819
v 0.10489134 -0.19110629 -0.07165815
v 0.10513741 -0.14504616 -0.07165808
v 0.10489134 -0.19110629 -0.07165815
v 0.10241246 -0.19345274 -0.06797201
v 0.10141119 -0.19108781 -0.07011537
v 0.10241246 -0.19345274 -0.06797201
v 0.13481321 -0.19362588 0.00047320
v 0.13611250 0.04964159 0.00047331
v 0.13483615 -0.19362600 0.00046022
v 0.13481321 -0.19362588 0.00047320
v 0.13613530 0.04964159 0.00046033
v 0.10580980 0.04929193 -0.04496915
v 0.13615759 0.04964134 0.00044624
v 0.11036203 0.04926766 0.04769782
v 0.13613530 0.04964159 -0.00046030
v 0.10805237 0.04927994 0.04638940
v 0.13611250 0.04964159 -0.00047328
v 0.13478967 -0.19362565 -0.00048505
v 0.13481321 -0.19362588 -0.00047321
v 0.13478967 -0.19362565 -0.00048505
v 0.10578628 -0.19347077 0.06946759
v 0.10489162 -0.19110641 0.07165813
v 0.10922932 -0.19348925 0.07079579
v 0.10844330 -0.19112537 0.07302817
v 0.10868933 -0.14506534 0.07302818
v 0.11205805 -0.19114468 0.07422237
v 0.11230403 -0.14508464 0.07422238
v 0.11311728 -0.14037954 0.07162455
v 0.11597310 -0.14510424 0.07523773
v 0.11665784 -0.14039845 0.07260436
v 0.10933655 0.04713243 -0.04959490
v 0.10805238 0.04927995 -0.04638935
v 0.11036200 0.04926767 -0.04769779
v 0.11172013 0.03179385 -0.05083590
v 0.10933655 0.04713243 -0.04959490
v 0.11180203 0.04711927 -0.05083590
v 0.10763912 0.03018368 -0.06787821
v 0.11172013 0.03179385 -0.05083590
v 0.11424346 0.03178030 -0.05195445
v 0.11053176 0.02866175 -0.07047214
v 0.10763912 0.03018368 -0.06787821
v 0.11100357 0.03016565 -0.06917602
v 0.11311699 -0.14037934 -0.07162456
v 0.11053176 0.02866175 -0.07047214
v 0.11401994 0.02864300 -0.07162448
v 0.10933654 0.04713235 0.04959492
v 0.11273312 0.04925495 0.04889135
v 0.11036203 0.04926766 0.04769782
v 0.11180216 0.04711914 0.05083591
v 0.11424349 0.03178030 0.05195448
v 0.11432539 0.04710571 0.05195444
v 0.10763910 0.03018348 0.06787823
v 0.11681866 0.03176654 0.05294785
v 0.11424349 0.03178030 0.05195448
v 0.11053174 0.02866161 0.07047215
v 0.11442758 0.03014723 0.07030723
v 0.11100355 0.03016551 0.06917604
v 0.11401993 0.02864292 0.07162450
v 0.11665784 -0.14039845 0.07260436
v 0.11756054 0.02862408 0.07260438
v 0.11665766 -0.14039825 -0.07260437
v 0.11230405 -0.14508443 -0.07422239
v 0.11311699 -0.14037934 -0.07162456
v 0.11205797 -0.19114467 -0.07422239
v 0.10868910 -0.14506523 -0.07302819
v 0.11230405 -0.14508443 -0.07422239
v 0.10844332 -0.19112536 -0.07302819
v 0.10578620 -0.19347065 -0.06946761
v 0.10489134 -0.19110629 -0.07165815
v 0.13476564 -0.19362562 0.00049571
v 0.10578620 -0.19347065 -0.06946761
v 0.13478967 -0.19362565 0.00048504
v 0.13611250 0.04964159 0.00047331
v 0.13481321 -0.19362588 0.00047320
v 0.13613530 0.04964159 0.00046033
v 0.11036200 0.04926767 -0.04769779
v 0.10805238 0.04927995 -0.04638935
v 0.11036203 0.04926766 0.04769782
v 0.13608887 0.04964171 -0.00048513
v 0.13611250 0.04964159 -0.00047328
v 0.13478967 -0.19362565 -0.00048505
v 0.13606489 0.04964184 -0.00049580
v 0.13476564 -0.19362562 -0.00049572
v 0.13474101 -0.19362539 -0.00050520
v 0.10922932 -0.19348925 0.07079579
v 0.10844330 -0.19112537 0.07302817
v 0.11273369 -0.19350797 0.07195347
v 0.11205805 -0.19114468 0.07422237
v 0.11230403 -0.14508464 0.07422238
v 0.11572707 -0.19116427 0.07523772
v 0.11597310 -0.14510424 0.07523773
v 0.11665784 -0.14039845 0.07260436
v 0.11968735 -0.14512407 0.07607189
v 0.12024210 -0.14041750 0.07340930
v 0.11273308 0.04925495 -0.04889131
v 0.10933655 0.04713243 -0.04959490
v 0.11036200 0.04926767 -0.04769779
v 0.11432535 0.04710572 -0.05195442
v 0.11172013 0.03179385 -0.05083590
v 0.11180203 0.04711927 -0.05083590
v 0.11681867 0.03176655 -0.05294782
v 0.10763912 0.03018368 -0.06787821
v 0.11424346 0.03178030 -0.05195445
v 0.11442744 0.03014736 -0.07030722
v 0.11053176 0.02866175 -0.07047214
v 0.11100357 0.03016565 -0.06917602
v 0.11665766 -0.14039825 -0.07260437
v 0.11401994 0.02864300 -0.07162448
v 0.11756056 0.02862421 -0.07260430
v 0.11180216 0.04711914 0.05083591
v 0.11516007 0.04924199 0.04996709
v 0.11273312 0.04925495 0.04889135
v 0.11432539 0.04710571 0.05195444
v 0.11681866 0.03176654 0.05294785
v 0.11690050 0.04709196 0.05294783
v 0.11100355 0.03016551 0.06917604
v 0.11943955 0.03175255 0.05381367
v 0.11442758 0.03014723 0.07030723
v 0.11756054 0.02862408 0.07260438
v 0.11790300 0.03012867 0.07126902
v 0.11756054 0.02862408 0.07260438
v 0.12024210 -0.14041750 0.07340930
v 0.12114495 0.02860494 0.07340925
v 0.12024212 -0.14041739 -0.07340931
v 0.11597307 -0.14510423 -0.07523773
v 0.11665766 -0.14039825 -0.07260437
v 0.11597307 -0.14510423 -0.07523773
v 0.11205797 -0.19114467 -0.07422239
v 0.11230405 -0.14508443 -0.07422239
v 0.11205797 -0.19114467 -0.07422239
v 0.10922934 -0.19348904 -0.07079580
v 0.10844332 -0.19112536 -0.07302819
v 0.13474101 -0.19362539 0.00050519
v 0.10922934 -0.19348904 -0.07079580
v 0.13606489 0.04964184 0.00049583
v 0.13478967 -0.19362565 0.00048504
v 0.13476564 -0.19362562 0.00049571
v 0.13608887 0.04964171 0.00048516
v 0.11036200 0.04926767 -0.04769779
v 0.13611250 0.04964159 0.00047331
v 0.11516007 0.04924199 0.04996709
v 0.13608887 0.04964171 -0.00048513
v 0.11273312 0.04925495 0.04889135
v 0.13606489 0.04964184 -0.00049580
v 0.13474101 -0.19362539 -0.00050520
v 0.13476564 -0.19362562 -0.00049572
v 0.11273369 -0.19350797 0.07195347
v 0.11205805 -0.19114468 0.07422237
v 0.11629039 -0.19352696 0.07293778
v 0.11572707 -0.19116427 0.07523772
v 0.11572707 -0.19116427 0.07523772
v 0.11968735 -0.14512407 0.07607189
v 0.11597310 -0.14510424 0.07523773
v 0.12024210 -0.14041750 0.07340930
v 0.12343820 -0.14514411 0.07672271
v 0.12386172 -0.14043683 0.07403735
v 0.11515983 0.04924212 -0.04996706
v 0.11180203 0.04711927 -0.05083590
v 0.11273308 0.04925495 -0.04889131
v 0.11681867 0.03176655 -0.05294782
v 0.11432535 0.04710572 -0.05195442
v 0.11690051 0.04709197 -0.05294780
v 0.11943951 0.03175263 -0.05381361
v 0.11100357 0.03016565 -0.06917602
v 0.11790302 0.03012880 -0.07126900
v 0.11401994 0.02864300 -0.07162448
v 0.11442744 0.03014736 -0.07030722
v 0.12024212 -0.14041739 -0.07340931
v 0.11756056 0.02862421 -0.07260430
v 0.12114482 0.02860507 -0.07340924
v 0.11516007 0.04924199 0.04996709
v 0.11690050 0.04709196 0.05294783
v 0.11763667 0.04922876 0.05092246
v 0.11681866 0.03176654 0.05294785
v 0.11952139 0.04707796 0.05381363
v 0.11690050 0.04709196 0.05294783
v 0.11442758 0.03014723 0.07030723
v 0.12209951 0.03173834 0.05454983
v 0.11756054 0.02862408 0.07260438
v 0.12142142 0.03010988 0.07205912
v 0.11790300 0.03012867 0.07126902
v 0.12114495 0.02860494 0.07340925
v 0.12386172 -0.14043683 0.07403735
v 0.12476442 0.02858573 0.07403736
v 0.12386163 -0.14043682 -0.07403736
v 0.11968737 -0.14512396 -0.07607182
v 0.12024212 -0.14041739 -0.07340931
v 0.11944154 -0.19118410 -0.07607189
v 0.11597307 -0.14510423 -0.07523773
v 0.11968737 -0.14512396 -0.07607182
v 0.11572684 -0.19116426 -0.07523774
v 0.11273371 -0.19350786 -0.07195349
v 0.11205797 -0.19114467 -0.07422239
v 0.11273371 -0.19350786 -0.07195349
v 0.13474101 -0.19362539 0.00050519
v 0.13606489 0.04964184 0.00049583
v 0.13476564 -0.19362562 0.00049571
v 0.13608887 0.04964171 0.00048516
v 0.11515983 0.04924212 -0.04996706
v 0.11273308 0.04925495 -0.04889131
v 0.11516007 0.04924199 0.04996709
v 0.13604021 0.04964197 -0.00050528
v 0.13606489 0.04964184 -0.00049580
v 0.13604021 0.04964197 -0.00050528
v 0.13471594 -0.19362526 -0.00051346
v 0.13474101 -0.19362539 -0.00050520
v 0.13469046 -0.19362512 -0.00052049
v 0.11629039 -0.19352696 0.07293778
v 0.11572707 -0.19116427 0.07523772
v 0.11989139 -0.19354610 0.07374642
v 0.11944157 -0.19118411 0.07607188
v 0.11944157 -0.19118411 0.07607188
v 0.12343820 -0.14514411 0.07672271
v 0.11968735 -0.14512407 0.07607189
v 0.12386172 -0.14043683 0.07403735
v 0.12721656 -0.14516428 0.07718870
v 0.12750784 -0.14045640 0.07448707
v 0.11763668 0.04922882 -0.05092243
v 0.11432535 0.04710572 -0.05195442
v 0.11515983 0.04924212 -0.04996706
v 0.11943951 0.03175263 -0.05381361
v 0.11690051 0.04709197 -0.05294780
v 0.11952135 0.04707797 -0.05381359
v 0.12209953 0.03173835 -0.05454981
v 0.11442744 0.03014736 -0.07030722
v 0.12142144 0.03011007 -0.07205910
v 0.11756056 0.02862421 -0.07260430
v 0.11790302 0.03012880 -0.07126900
v 0.12476443 0.02858574 -0.07403728
v 0.12024212 -0.14041739 -0.07340931
v 0.12114482 0.02860507 -0.07340924
v 0.11763667 0.04922876 0.05092246
v 0.11952139 0.04707796 0.05381363
v 0.12015721 0.04921535 0.05175517
v 0.11952139 0.04707796 0.05381363
v 0.12209951 0.03173834 0.05454983
v 0.12218140 0.04706376 0.05454982
v 0.12209951 0.03173834 0.05454983
v 0.12142142 0.03010988 0.07205912
v 0.12479279 0.03172396 0.05515460
v 0.12142142 0.03010988 0.07205912
v 0.12476442 0.02858573 0.07403736
v 0.12497460 0.03009090 0.07267564
v 0.12386172 -0.14043683 0.07403735
v 0.12841049 0.02856613 0.07448702
v 0.12476442 0.02858573 0.07403736
v 0.12750786 -0.14045629 -0.07448707
v 0.12343817 -0.14514389 -0.07672265
v 0.12386163 -0.14043682 -0.07403736
v 0.12319239 -0.19120413 -0.07672272
v 0.11968737 -0.14512396 -0.07607182
v 0.12343817 -0.14514389 -0.07672265
v 0.11944154 -0.19118410 -0.07607189
v 0.11629041 -0.19352686 -0.07293779
v 0.11572684 -0.19116426 -0.07523774
v 0.13469046 -0.19362512 0.00052047
v 0.11629041 -0.19352686 -0.07293779
v 0.13471594 -0.19362526 0.00051345
v 0.13604021 0.04964197 0.00050531
v 0.13474101 -0.19362539 0.00050519
v 0.13606489 0.04964184 0.00049583
v 0.11763668 0.04922882 -0.05092243
v 0.11763667 0.04922876 0.05092246
v 0.13601524 0.04964223 -0.00051354
v 0.13601524 0.04964223 -0.00051354
v 0.13469046 -0.19362512 -0.00052049
v 0.13471594 -0.19362526 -0.00051346
v 0.11989139 -0.19354610 0.07374642
v 0.11944157 -0.19118411 0.07607188
v 0.12352759 -0.19356561 0.07437733
v 0.12319237 -0.19120414 0.07672271
v 0.12319237 -0.19120414 0.07672271
v 0.12721656 -0.14516428 0.07718870
v 0.12343820 -0.14514411 0.07672271
v 0.12750784 -0.14045640 0.07448707
v 0.13101303 -0.14518456 0.07746875
v 0.13117135 -0.14047577 0.07475729
v 0.11952135 0.04707797 -0.05381359
v 0.11763668 0.04922882 -0.05092243
v 0.12015717 0.04921536 -0.05175511
v 0.12218137 0.04706376 -0.05454978
v 0.11943951 0.03175263 -0.05381361
v 0.11952135 0.04707797 -0.05381359
v 0.12142144 0.03011007 -0.07205910
v 0.12209953 0.03173835 -0.05454981
v 0.12479281 0.03172397 -0.05515457
v 0.12497442 0.03009110 -0.07267562
v 0.12114482 0.02860507 -0.07340924
v 0.12142144 0.03011007 -0.07205910
v 0.12750786 -0.14045629 -0.07448707
v 0.12476443 0.02858574 -0.07403728
v 0.12841036 0.02856627 -0.07448700
v 0.12015721 0.04921535 0.05175517
v 0.12218140 0.04706376 0.05454982
v 0.12271574 0.04920163 0.05246320
v 0.12209951 0.03173834 0.05454983
v 0.12487444 0.04704937 0.05515455
v 0.12218140 0.04706376 0.05454982
v 0.12497460 0.03009090 0.07267564
v 0.12751215 0.03170944 0.05562648
v 0.12476442 0.02858573 0.07403736
v 0.12855325 0.03007192 0.07311710
v 0.12497460 0.03009090 0.07267564
v 0.12841049 0.02856613 0.07448702
v 0.13117135 -0.14047577 0.07475729
v 0.13207410 0.02854669 0.07475724
v 0.13101305 -0.14518435 -0.07746875
v 0.12750786 -0.14045629 -0.07448707
v 0.13117137 -0.14047576 -0.07475729
v 0.12721658 -0.14516417 -0.07718864
v 0.12319239 -0.19120413 -0.07672272
v 0.12343817 -0.14514389 -0.07672265
v 0.12352761 -0.19356550 -0.07437735
v 0.11944154 -0.19118410 -0.07607189
v 0.12319239 -0.19120413 -0.07672272
v 0.11989141 -0.19354609 -0.07374644
v 0.13598981 0.04964236 0.00052060
v 0.13471594 -0.19362526 0.00051345
v 0.13469046 -0.19362512 0.00052047
v 0.13604021 0.04964197 0.00050531
v 0.12015717 0.04921536 -0.05175511
v 0.12271574 0.04920163 0.05246320
v 0.13601524 0.04964223 -0.00051354
v 0.12015721 0.04921535 0.05175517
v 0.13469046 -0.19362512 -0.00052049
v 0.13596414 0.04964250 -0.00052634
v 0.13466504 -0.19362509 -0.00052626
v 0.13463892 -0.19362495 -0.00053076
v 0.12352759 -0.19356561 0.07437733
v 0.12352759 -0.19356561 0.07437733
v 0.12697058 -0.19122432 0.07718870
v 0.12319237 -0.19120414 0.07672271
v 0.12697058 -0.19122432 0.07718870
v 0.13101303 -0.14518456 0.07746875
v 0.12721656 -0.14516428 0.07718870
v 0.13101303 -0.14518456 0.07746875
v 0.13484400 -0.14049548 0.07484743
v 0.13117135 -0.14047577 0.07475729
v 0.12218137 0.04706376 -0.05454978
v 0.12015717 0.04921536 -0.05175511
v 0.12271555 0.04920169 -0.05246311
v 0.12487465 0.04704933 -0.05515452
v 0.12209953 0.03173835 -0.05454981
v 0.12218137 0.04706376 -0.05454978
v 0.12497442 0.03009110 -0.07267562
v 0.12751216 0.03170944 -0.05562645
v 0.12855331 0.03007199 -0.07311708
v 0.12476443 0.02858574 -0.07403728
v 0.12497442 0.03009110 -0.07267562
v 0.13117137 -0.14047576 -0.07475729
v 0.12841036 0.02856627 -0.07448700
v 0.13207412 0.02854678 -0.07475722
v 0.12271574 0.04920163 0.05246320
v 0.12487444 0.04704937 0.05515455
v 0.12530559 0.04918780 0.05304482
v 0.12479279 0.03172396 0.05515460
v 0.12759404 0.04703473 0.05562643
v 0.12487444 0.04704937 0.05515455
v 0.12497460 0.03009090 0.07267564
v 0.13025146 0.03169481 0.05596436
v 0.12751215 0.03170944 0.05562648
v 0.12841049 0.02856613 0.07448702
v 0.13214972 0.03005271 0.07338237
v 0.12855325 0.03007192 0.07311710
v 0.13117135 -0.14047577 0.07475729
v 0.13574660 0.02852696 0.07484744
v 0.13207410 0.02854669 0.07475724
v 0.13484391 -0.14049547 -0.07484749
v 0.13101305 -0.14518435 -0.07746875
v 0.13117137 -0.14047576 -0.07475729
v 0.13076712 -0.19124458 -0.07746876
v 0.12721658 -0.14516417 -0.07718864
v 0.13101305 -0.14518435 -0.07746875
v 0.12719027 -0.19358506 -0.07482908
v 0.12319239 -0.19120413 -0.07672272
v 0.12697049 -0.19122431 -0.07718871
v 0.13463892 -0.19362495 0.00053074
v 0.12352761 -0.19356550 -0.07437735
v 0.13596414 0.04964250 0.00052637
v 0.13469046 -0.19362512 0.00052047
v 0.13466504 -0.19362509 0.00052624
v 0.13598981 0.04964236 0.00052060
v 0.12015717 0.04921536 -0.05175511
v 0.13601524 0.04964223 0.00051357
v 0.12271574 0.04920163 0.05246320
v 0.13596414 0.04964250 -0.00052634
v 0.13598981 0.04964236 -0.00052057
v 0.13466504 -0.19362509 -0.00052626
v 0.13593827 0.04964257 -0.00053084
v 0.13463892 -0.19362495 -0.00053076
v 0.12719045 -0.19358517 0.07482907
v 0.12719045 -0.19358517 0.07482907
v 0.13076715 -0.19124459 0.07746875
v 0.12697058 -0.19122432 0.07718870
v 0.13076715 -0.19124459 0.07746875
v 0.13481885 -0.14520488 0.07756214
v 0.13101303 -0.14518456 0.07746875
v 0.13481885 -0.14520488 0.07756214
v 0.13851654 -0.14051509 0.07475729
v 0.13484400 -0.14049548 0.07484743
v 0.12530560 0.04918786 -0.05304473
v 0.12218137 0.04706376 -0.05454978
v 0.12271555 0.04920169 -0.05246311
v 0.12751216 0.03170944 -0.05562645
v 0.12487465 0.04704933 -0.05515452
v 0.12759406 0.04703486 -0.05562643
v 0.13025143 0.03169481 -0.05596431
v 0.12497442 0.03009110 -0.07267562
v 0.12751216 0.03170944 -0.05562645
v 0.13207412 0.02854678 -0.07475722
v 0.12855331 0.03007199 -0.07311708
v 0.13214974 0.03005278 -0.07338235
v 0.13574666 0.02852709 -0.07484742
v 0.13117137 -0.14047576 -0.07475729
v 0.13207412 0.02854678 -0.07475722
v 0.12487444 0.04704937 0.05515455
v 0.12792107 0.04917384 0.05349863
v 0.12530559 0.04918780 0.05304482
v 0.12759404 0.04703473 0.05562643
v 0.13025146 0.03169481 0.05596436
v 0.13033331 0.04702022 0.05596430
v 0.13214972 0.03005271 0.07338237
v 0.13300413 0.03168011 0.05616738
v 0.13214972 0.03005271 0.07338237
v 0.13574660 0.02852696 0.07484744
v 0.13575489 0.03003333 0.07347089
v 0.13484400 -0.14049548 0.07484743
v 0.13941929 0.02850734 0.07475724
v 0.13574660 0.02852696 0.07484744
v 0.13851631 -0.14051498 -0.07475729
v 0.13481876 -0.14520487 -0.07756221
v 0.13484391 -0.14049547 -0.07484749
v 0.13481876 -0.14520487 -0.07756221
v 0.13076712 -0.19124458 -0.07746876
v 0.13101305 -0.14518435 -0.07746875
v 0.13087076 -0.19360462 -0.07510060
v 0.12697049 -0.19122431 -0.07718871
v 0.13076712 -0.19124458 -0.07746876
v 0.13461266 -0.19362471 0.00053397
v 0.12719027 -0.19358506 -0.07482908
v 0.13593827 0.04964257 0.00053087
v 0.13466504 -0.19362509 0.00052624
v 0.13463892 -0.19362495 0.00053074
v 0.13598981 0.04964236 0.00052060
v 0.12530560 0.04918786 -0.05304473
v 0.12271555 0.04920169 -0.05246311
v 0.12792107 0.04917384 0.05349863
v 0.13596414 0.04964250 -0.00052634
v 0.12530559 0.04918780 0.05304482
v 0.13593827 0.04964257 -0.00053084
v 0.13461266 -0.19362471 -0.00053398
v 0.13463892 -0.19362495 -0.00053076
v 0.13461266 -0.19362471 -0.00053398
v 0.13087094 -0.19360483 0.07510059
v 0.13076715 -0.19124459 0.07746875
v 0.13456012 -0.19362443 0.07519112
v 0.13457282 -0.19126492 0.07756214
v 0.13481885 -0.14520488 0.07756214
v 0.13837848 -0.19128524 0.07746875
v 0.13862471 -0.14522521 0.07746875
v 0.13862471 -0.14522521 0.07746875
v 0.14218005 -0.14053456 0.07448707
v 0.13851654 -0.14051509 0.07475729
v 0.12792109 0.04917389 -0.05349859
v 0.12487465 0.04704933 -0.05515452
v 0.12530560 0.04918786 -0.05304473
v 0.13025143 0.03169481 -0.05596431
v 0.12759406 0.04703486 -0.05562643
v 0.13033332 0.04702023 -0.05596429
v 0.13214974 0.03005278 -0.07338235
v 0.13300420 0.03168031 -0.05616736
v 0.13575471 0.03003353 -0.07347087
v 0.13207412 0.02854678 -0.07475722
v 0.13214974 0.03005278 -0.07338235
v 0.13851631 -0.14051498 -0.07475729
v 0.13574666 0.02852709 -0.07484742
v 0.13941931 0.02850748 -0.07475722
v 0.12792107 0.04917384 0.05349863
v 0.13033331 0.04702022 0.05596430
v 0.13055562 0.04915977 0.05382356
v 0.13033331 0.04702022 0.05596430
v 0.13300413 0.03168011 0.05616738
v 0.13308603 0.04700552 0.05616736
v 0.13214972 0.03005271 0.07338237
v 0.13576351 0.03166537 0.05623514
v 0.13300413 0.03168011 0.05616738
v 0.13575489 0.03003333 0.07347089
v 0.13941929 0.02850734 0.07475724
v 0.13935986 0.03001408 0.07338237
v 0.13941929 0.02850734 0.07475724
v 0.14218005 -0.14053456 0.07448707
v 0.14308285 0.02848790 0.07448702
v 0.14218006 -0.14053455 -0.07448707
v 0.13862468 -0.14522520 -0.07746875
v 0.13851631 -0.14051498 -0.07475729
v 0.13837865 -0.19128523 -0.07746875
v 0.13481876 -0.14520487 -0.07756221
v 0.13862468 -0.14522520 -0.07746875
v 0.13456009 -0.19362432 -0.07519120
v 0.13076712 -0.19124458 -0.07746876
v 0.13457279 -0.19126490 -0.07756221
v 0.13087076 -0.19360462 -0.07510060
v 0.13461266 -0.19362471 0.00053397
v 0.13593827 0.04964257 0.00053087
v 0.13463892 -0.19362495 0.00053074
v 0.13596414 0.04964250 0.00052637
v 0.12792109 0.04917389 -0.05349859
v 0.12792107 0.04917384 0.05349863
v 0.13591196 0.04964278 -0.00053407
v 0.13593827 0.04964257 -0.00053084
v 0.13591196 0.04964278 -0.00053407
v 0.13458659 -0.19362457 -0.00053592
v 0.13461266 -0.19362471 -0.00053398
v 0.13458659 -0.19362457 -0.00053592
v 0.13456012 -0.19362443 0.07519112
v 0.13456012 -0.19362443 0.07519112
v 0.13837848 -0.19128524 0.07746875
v 0.13457282 -0.19126492 0.07756214
v 0.13862471 -0.14522521 0.07746875
v 0.14217526 -0.19130552 0.07718870
v 0.14242109 -0.14524548 0.07718870
v 0.14242109 -0.14524548 0.07718870
v 0.14582618 -0.14055422 0.07403735
v 0.14218005 -0.14053456 0.07448707
v 0.13033332 0.04702023 -0.05596429
v 0.12792109 0.04917389 -0.05349859
v 0.13055563 0.04915990 -0.05382353
v 0.13300420 0.03168031 -0.05616736
v 0.13033332 0.04702023 -0.05596429
v 0.13308599 0.04700553 -0.05616735
v 0.13576347 0.03166538 -0.05623512
v 0.13214974 0.03005278 -0.07338235
v 0.13300420 0.03168031 -0.05616736
v 0.13941931 0.02850748 -0.07475722
v 0.13575471 0.03003353 -0.07347087
v 0.13935987 0.03001421 -0.07338235
v 0.14218006 -0.14053455 -0.07448707
v 0.13941931 0.02850748 -0.07475722
v 0.14308286 0.02848791 -0.07448699
v 0.13033331 0.04702022 0.05596430
v 0.13320297 0.04914563 0.05401886
v 0.13055562 0.04915977 0.05382356
v 0.13308603 0.04700552 0.05616736
v 0.13576351 0.03166537 0.05623514
v 0.13584535 0.04699078 0.05623508
v 0.13575489 0.03003333 0.07347089
v 0.13852283 0.03165063 0.05616738
v 0.13935986 0.03001408 0.07338237
v 0.14308285 0.02848790 0.07448702
v 0.14295609 0.02999487 0.07311710
v 0.14218005 -0.14053456 0.07448707
v 0.14672888 0.02846843 0.07403737
v 0.14308285 0.02848790 0.07448702
v 0.14582600 -0.14055402 -0.07403735
v 0.14242106 -0.14524537 -0.07718870
v 0.14218006 -0.14053455 -0.07448707
v 0.14217528 -0.19130551 -0.07718871
v 0.13862468 -0.14522520 -0.07746875
v 0.14242106 -0.14524537 -0.07718870
v 0.13824951 -0.19364402 -0.07510060
v 0.13457279 -0.19126490 -0.07756221
v 0.13837865 -0.19128523 -0.07746875
v 0.13456008 -0.19362443 0.00053655
v 0.13456009 -0.19362432 -0.07519120
v 0.13588569 0.04964292 0.00053604
v 0.13461266 -0.19362471 0.00053397
v 0.13458659 -0.19362457 0.00053591
v 0.13591196 0.04964278 0.00053410
v 0.12792109 0.04917389 -0.05349859
v 0.13593827 0.04964257 0.00053087
v 0.13055562 0.04915977 0.05382356
v 0.13588569 0.04964292 -0.00053601
v 0.13458659 -0.19362457 -0.00053592
v 0.13585957 0.04964294 -0.00053665
v 0.13456008 -0.19362443 -0.00053657
v 0.13453376 -0.19362429 -0.00053592
v 0.13824964 -0.19364423 0.07510059
v 0.13837848 -0.19128524 0.07746875
v 0.14193013 -0.19366379 0.07482907
v 0.14217526 -0.19130552 0.07718870
v 0.14217526 -0.19130552 0.07718870
v 0.14619944 -0.14526566 0.07672265
v 0.14242109 -0.14524548 0.07718870
v 0.14582618 -0.14055422 0.07403735
v 0.14995024 -0.14528569 0.07607182
v 0.14944579 -0.14057346 0.07340931
v 0.13320294 0.04914569 -0.05401883
v 0.13033332 0.04702023 -0.05596429
v 0.13055563 0.04915990 -0.05382353
v 0.13584537 0.04699079 -0.05623507
v 0.13300420 0.03168031 -0.05616736
v 0.13308599 0.04700553 -0.05616735
v 0.13852280 0.03165064 -0.05616736
v 0.13575471 0.03003353 -0.07347087
v 0.14308286 0.02848791 -0.07448699
v 0.13935987 0.03001421 -0.07338235
v 0.14295590 0.02999507 -0.07311708
v 0.14582600 -0.14055402 -0.07403735
v 0.14308286 0.02848791 -0.07448699
v 0.14672894 0.02846844 -0.07403727
v 0.13308603 0.04700552 0.05616736
v 0.13585673 0.04913146 0.05408399
v 0.13320297 0.04914563 0.05401886
v 0.13576351 0.03166537 0.05623514
v 0.13860458 0.04697593 0.05616736
v 0.13584535 0.04699078 0.05623508
v 0.13935986 0.03001408 0.07338237
v 0.14127525 0.03163593 0.05596435
v 0.13852283 0.03165063 0.05616738
v 0.14295609 0.02999487 0.07311710
v 0.14672888 0.02846843 0.07403737
v 0.14653488 0.02997576 0.07267565
v 0.14672888 0.02846843 0.07403737
v 0.14944579 -0.14057346 0.07340931
v 0.15034854 0.02844898 0.07340926
v 0.14944581 -0.14057335 -0.07340931
v 0.14619946 -0.14526555 -0.07672271
v 0.14582600 -0.14055402 -0.07403735
v 0.14595338 -0.19132558 -0.07672272
v 0.14242106 -0.14524537 -0.07718870
v 0.14619946 -0.14526555 -0.07672271
v 0.14193010 -0.19366378 -0.07482914
v 0.13837865 -0.19128523 -0.07746875
v 0.14217528 -0.19130551 -0.07718871
v 0.13824951 -0.19364402 -0.07510060
v 0.13585957 0.04964294 0.00053668
v 0.13458659 -0.19362457 0.00053591
v 0.13456008 -0.19362443 0.00053655
v 0.13588569 0.04964292 0.00053604
v 0.13055563 0.04915990 -0.05382353
v 0.13585673 0.04913146 0.05408399
v 0.13588569 0.04964292 -0.00053601
v 0.13320297 0.04914563 0.05401886
v 0.13585957 0.04964294 -0.00053665
v 0.13453376 -0.19362429 -0.00053592
v 0.13456008 -0.19362443 -0.00053657
v 0.14193013 -0.19366379 0.07482907
v 0.14193013 -0.19366379 0.07482907
v 0.14595346 -0.19132569 0.07672271
v 0.14217526 -0.19130552 0.07718870
v 0.14595346 -0.19132569 0.07672271
v 0.14995024 -0.14528569 0.07607182
v 0.14619944 -0.14526566 0.07672265
v 0.14995024 -0.14528569 0.07607182
v 0.15303025 -0.14059270 0.07260437
v 0.14944579 -0.14057346 0.07340931
v 0.13585670 0.04913146 -0.05408396
v 0.13308599 0.04700553 -0.05616735
v 0.13320294 0.04914569 -0.05401883
v 0.13852280 0.03165064 -0.05616736
v 0.13584537 0.04699079 -0.05623507
v 0.13860439 0.04697613 -0.05616736
v 0.14295590 0.02999507 -0.07311708
v 0.13852280 0.03165064 -0.05616736
v 0.14127522 0.03163594 -0.05596433
v 0.14653490 0.02997596 -0.07267562
v 0.14308286 0.02848791 -0.07448699
v 0.14295590 0.02999507 -0.07311708
v 0.15034856 0.02844899 -0.07340923
v 0.14582600 -0.14055402 -0.07403735
v 0.14672894 0.02846844 -0.07403727
v 0.13584535 0.04699078 0.05623508
v 0.13851055 0.04911721 0.05401887
v 0.13585673 0.04913146 0.05408399
v 0.13860458 0.04697593 0.05616736
v 0.14127525 0.03163593 0.05596435
v 0.14135735 0.04696122 0.05596429
v 0.14295609 0.02999487 0.07311710
v 0.14401477 0.03162130 0.05562648
v 0.14672888 0.02846843 0.07403737
v 0.15008796 0.02995691 0.07205912
v 0.14653488 0.02997576 0.07267565
v 0.14944579 -0.14057346 0.07340931
v 0.15393300 0.02842983 0.07260438
v 0.15034854 0.02844898 0.07340926
v 0.15366441 -0.14530542 -0.07523773
v 0.14944581 -0.14057335 -0.07340931
v 0.15303007 -0.14059249 -0.07260437
v 0.14995026 -0.14528568 -0.07607182
v 0.14595338 -0.19132558 -0.07672272
v 0.14619946 -0.14526555 -0.07672271
v 0.14559286 -0.19368334 -0.07437734
v 0.14217528 -0.19130551 -0.07718871
v 0.14595338 -0.19132558 -0.07672272
v 0.13450754 -0.19362415 0.00053397
v 0.14193010 -0.19366378 -0.07482914
v 0.13453376 -0.19362429 0.00053591
v 0.13585957 0.04964294 0.00053668
v 0.13456008 -0.19362443 0.00053655
v 0.13588569 0.04964292 0.00053604
v 0.13585670 0.04913146 -0.05408396
v 0.13320294 0.04914569 -0.05401883
v 0.13851055 0.04911721 0.05401887
v 0.13585957 0.04964294 -0.00053665
v 0.13583311 0.04964313 -0.00053601
v 0.13450754 -0.19362415 -0.00053398
v 0.13453376 -0.19362429 -0.00053592
v 0.13448148 -0.19362401 -0.00053076
v 0.14559309 -0.19368345 0.07437734
v 0.14559309 -0.19368345 0.07437734
v 0.14970426 -0.19134572 0.07607182
v 0.14595346 -0.19132569 0.07672271
v 0.14970426 -0.19134572 0.07607182
v 0.15366464 -0.14530553 0.07523773
v 0.14995024 -0.14528569 0.07607182
v 0.15303025 -0.14059270 0.07260437
v 0.15733361 -0.14532502 0.07422238
v 0.15657092 -0.14061151 0.07162456
v 0.13860439 0.04697613 -0.05616736
v 0.13585670 0.04913146 -0.05408396
v 0.13851056 0.04911729 -0.05401883
v 0.14135716 0.04696136 -0.05596429
v 0.13852280 0.03165064 -0.05616736
v 0.13860439 0.04697613 -0.05616736
v 0.14401473 0.03162131 -0.05562645
v 0.15008798 0.02995692 -0.07205909
v 0.14672894 0.02846844 -0.07403727
v 0.14653490 0.02997596 -0.07267562
v 0.15303007 -0.14059249 -0.07260437
v 0.15034856 0.02844899 -0.07340923
v 0.15393302 0.02842984 -0.07260429
v 0.13860458 0.04697593 0.05616736
v 0.14115785 0.04910302 0.05382356
v 0.13851055 0.04911721 0.05401887
v 0.14135735 0.04696122 0.05596429
v 0.14401477 0.03162130 0.05562648
v 0.14409651 0.04694660 0.05562642
v 0.14401477 0.03162130 0.05562648
v 0.15008796 0.02995691 0.07205912
v 0.14673427 0.03160678 0.05515460
v 0.15034854 0.02844898 0.07340926
v 0.15360644 0.02993812 0.07126902
v 0.15008796 0.02995691 0.07205912
v 0.15393300 0.02842983 0.07260438
v 0.15657092 -0.14061151 0.07162456
v 0.15747332 0.02841105 0.07162451
v 0.15733359 -0.14532491 -0.07422238
v 0.15303007 -0.14059249 -0.07260437
v 0.15657064 -0.14061140 -0.07162455
v 0.15341853 -0.19136544 -0.07523773
v 0.14995026 -0.14528568 -0.07607182
v 0.15366441 -0.14530542 -0.07523773
v 0.14922906 -0.19370276 -0.07374643
v 0.14595338 -0.19132558 -0.07672272
v 0.14970428 -0.19134561 -0.07607189
v 0.13448148 -0.19362401 0.00053074
v 0.14559286 -0.19368334 -0.07437734
v 0.13580679 0.04964327 0.00053410
v 0.13453376 -0.19362429 0.00053591
v 0.13450754 -0.19362415 0.00053397
v 0.13583311 0.04964313 0.00053603
v 0.13585670 0.04913146 -0.05408396
v 0.13585957 0.04964294 0.00053668
v 0.14115785 0.04910302 0.05382356
v 0.13583311 0.04964313 -0.00053601
v 0.13450754 -0.19362415 -0.00053398
v 0.13578072 0.04964336 -0.00053085
v 0.13448148 -0.19362401 -0.00053076
v 0.14922909 -0.19370277 0.07374637
v 0.14922909 -0.19370277 0.07374637
v 0.15341861 -0.19136566 0.07523773
v 0.14970426 -0.19134572 0.07607182
v 0.15366464 -0.14530553 0.07523773
v 0.15708778 -0.19138515 0.07422238
v 0.15733361 -0.14532502 0.07422238
v 0.15657092 -0.14061151 0.07162456
v 0.16094821 -0.14534432 0.07302818
v 0.16005905 -0.14063023 0.07047221
v 0.14135716 0.04696136 -0.05596429
v 0.13851056 0.04911729 -0.05401883
v 0.14115767 0.04910320 -0.05382353
v 0.14409652 0.04694668 -0.05562644
v 0.14127522 0.03163594 -0.05596433
v 0.14135716 0.04696136 -0.05596429
v 0.14673408 0.03160686 -0.05515457
v 0.14653490 0.02997596 -0.07267562
v 0.14401473 0.03162131 -0.05562645
v 0.15360640 0.02993819 -0.07126900
v 0.15034856 0.02844899 -0.07340923
v 0.15008798 0.02995692 -0.07205909
v 0.15657064 -0.14061140 -0.07162455
v 0.15393302 0.02842984 -0.07260429
v 0.15747333 0.02841106 -0.07162448
v 0.14115785 0.04910302 0.05382356
v 0.14409651 0.04694660 0.05562642
v 0.14379235 0.04908908 0.05349862
v 0.14409651 0.04694660 0.05562642
v 0.14673427 0.03160678 0.05515460
v 0.14681621 0.04693220 0.05515454
v 0.15360644 0.02993812 0.07126902
v 0.14942716 0.03159240 0.05454983
v 0.15393300 0.02842983 0.07260438
v 0.15708181 0.02991956 0.07030724
v 0.15360644 0.02993812 0.07126902
v 0.15657092 -0.14061151 0.07162456
v 0.16096180 0.02839230 0.07047216
v 0.15747332 0.02841105 0.07162451
v 0.16005887 -0.14063003 -0.07047221
v 0.15733359 -0.14532491 -0.07422238
v 0.15657064 -0.14061140 -0.07162455
v 0.15708761 -0.19138494 -0.07422238
v 0.15366441 -0.14530542 -0.07523773
v 0.15733359 -0.14532491 -0.07422238
v 0.15341853 -0.19136544 -0.07523773
v 0.14922906 -0.19370276 -0.07374643
v 0.14970428 -0.19134561 -0.07607189
v 0.13445561 -0.19362397 0.00052624
v 0.14922906 -0.19370276 -0.07374643
v 0.13578072 0.04964336 0.00053087
v 0.13450754 -0.19362415 0.00053397
v 0.13448148 -0.19362401 0.00053074
v 0.13583311 0.04964313 0.00053603
v 0.14115767 0.04910320 -0.05382353
v 0.13851056 0.04911729 -0.05401883
v 0.14115785 0.04910302 0.05382356
v 0.13578072 0.04964336 -0.00053085
v 0.13580679 0.04964327 -0.00053407
v 0.13448148 -0.19362401 -0.00053076
v 0.13575466 0.04964355 -0.00052634
v 0.13445561 -0.19362397 -0.00052626
v 0.13442989 -0.19362383 -0.00052049
v 0.15283003 -0.19372210 0.07293778
v 0.15341861 -0.19136566 0.07523773
v 0.15638679 -0.19374109 0.07195348
v 0.15708778 -0.19138515 0.07422238
v 0.15733361 -0.14532502 0.07422238
v 0.16070234 -0.19140435 0.07302818
v 0.16094821 -0.14534432 0.07302818
v 0.16005905 -0.14063023 0.07047221
v 0.16450015 -0.14536339 0.07165807
v 0.16348641 -0.14064844 0.06915006
v 0.14379236 0.04908913 -0.05349860
v 0.14135716 0.04696136 -0.05596429
v 0.14115767 0.04910320 -0.05382353
v 0.14673408 0.03160686 -0.05515457
v 0.14409652 0.04694668 -0.05562644
v 0.14681602 0.04693228 -0.05515455
v 0.14942717 0.03159248 -0.05454981
v 0.15008798 0.02995692 -0.07205909
v 0.15708182 0.02991957 -0.07030721
v 0.15393302 0.02842984 -0.07260429
v 0.15360640 0.02993819 -0.07126900
v 0.16005887 -0.14063003 -0.07047221
v 0.15747333 0.02841106 -0.07162448
v 0.16096182 0.02839243 -0.07047213
v 0.14409651 0.04694660 0.05562642
v 0.14640788 0.04907511 0.05304479
v 0.14379235 0.04908908 0.05349862
v 0.14681621 0.04693220 0.05515454
v 0.14942716 0.03159240 0.05454983
v 0.14950910 0.04691781 0.05454980
v 0.15360644 0.02993812 0.07126902
v 0.15208738 0.03157819 0.05381365
v 0.14942716 0.03159240 0.05454983
v 0.15747332 0.02841105 0.07162451
v 0.16050589 0.02990128 0.06917604
v 0.15708181 0.02991956 0.07030724
v 0.16096180 0.02839230 0.07047216
v 0.16348641 -0.14064844 0.06915006
v 0.16438921 0.02837412 0.06915001
v 0.16450002 -0.14536318 -0.07165814
v 0.16005887 -0.14063003 -0.07047221
v 0.16348642 -0.14064843 -0.06915006
v 0.16094823 -0.14534431 -0.07302818
v 0.15708761 -0.19138494 -0.07422238
v 0.15733359 -0.14532491 -0.07422238
v 0.15708761 -0.19138494 -0.07422238
v 0.15283005 -0.19372209 -0.07293779
v 0.15341853 -0.19136544 -0.07523773
v 0.13442989 -0.19362383 0.00052047
v 0.15283005 -0.19372209 -0.07293779
v 0.13575466 0.04964355 0.00052637
v 0.13448148 -0.19362401 0.00053074
v 0.13445561 -0.19362397 0.00052624
v 0.13578072 0.04964336 0.00053087
v 0.14115767 0.04910320 -0.05382353
v 0.13580679 0.04964327 0.00053410
v 0.14640788 0.04907511 0.05304479
v 0.13578072 0.04964336 -0.00053085
v 0.14379235 0.04908908 0.05349862
v 0.13575466 0.04964355 -0.00052634
v 0.13442989 -0.19362383 -0.00052049
v 0.13445561 -0.19362397 -0.00052626
v 0.15638679 -0.19374109 0.07195348
v 0.15708778 -0.19138515 0.07422238
v 0.15989111 -0.19375981 0.07079579
v 0.16070234 -0.19140435 0.07302818
v 0.16070234 -0.19140435 0.07302818
v 0.16450015 -0.14536339 0.07165807
v 0.16094821 -0.14534432 0.07302818
v 0.16348641 -0.14064844 0.06915006
v 0.16798029 -0.14538188 0.07011537
v 0.16684494 -0.14066628 0.06766131
v 0.14681602 0.04693228 -0.05515455
v 0.14379236 0.04908913 -0.05349860
v 0.14640784 0.04907512 -0.05304477
v 0.14950906 0.04691782 -0.05454981
v 0.14673408 0.03160686 -0.05515457
v 0.14681602 0.04693228 -0.05515455
v 0.15208739 0.03157820 -0.05381363
v 0.15360640 0.02993819 -0.07126900
v 0.14942717 0.03159248 -0.05454981
v 0.16050590 0.02990129 -0.06917602
v 0.15747333 0.02841106 -0.07162448
v 0.15708182 0.02991957 -0.07030721
v 0.16438917 0.02837413 -0.06914998
v 0.16005887 -0.14063003 -0.07047221
v 0.16096182 0.02839243 -0.07047213
v 0.14681621 0.04693220 0.05515454
v 0.14899783 0.04906120 0.05246318
v 0.14640788 0.04907511 0.05304479
v 0.14950910 0.04691781 0.05454980
v 0.15208738 0.03157819 0.05381365
v 0.15216927 0.04690361 0.05381362
v 0.15708181 0.02991956 0.07030724
v 0.15470827 0.03156420 0.05294786
v 0.16096180 0.02839230 0.07047216
v 0.16387028 0.02988337 0.06787824
v 0.16050589 0.02990128 0.06917604
v 0.16438921 0.02837412 0.06915001
v 0.16684494 -0.14066628 0.06766131
v 0.16774759 0.02835618 0.06766126
v 0.16798031 -0.14538187 -0.07011536
v 0.16348642 -0.14064843 -0.06915006
v 0.16684496 -0.14066627 -0.06766130
v 0.16450002 -0.14536318 -0.07165814
v 0.16070225 -0.19140434 -0.07302818
v 0.16094823 -0.14534431 -0.07302818
v 0.16070225 -0.19140434 -0.07302818
v 0.15638676 -0.19374099 -0.07195348
v 0.15708761 -0.19138494 -0.07422238
v 0.15638676 -0.19374099 -0.07195348
v 0.13572898 0.04964368 0.00052060
v 0.13445561 -0.19362397 0.00052624
v 0.13442989 -0.19362383 0.00052047
v 0.13578072 0.04964336 0.00053087
v 0.14640784 0.04907512 -0.05304477
v 0.14379236 0.04908913 -0.05349860
v 0.14899783 0.04906120 0.05246318
v 0.13575466 0.04964355 -0.00052634
v 0.13572898 0.04964368 -0.00052057
v 0.13440446 -0.19362369 -0.00051346
v 0.13442989 -0.19362383 -0.00052049
v 0.13437944 -0.19362346 -0.00050520
v 0.15989111 -0.19375981 0.07079579
v 0.15989111 -0.19375981 0.07079579
v 0.16425422 -0.19142343 0.07165814
v 0.16070234 -0.19140435 0.07302818
v 0.16450015 -0.14536339 0.07165807
v 0.16773441 -0.19144201 0.07011536
v 0.16798029 -0.14538188 0.07011537
v 0.16798029 -0.14538188 0.07011537
v 0.17012637 -0.14068390 0.06600958
v 0.16684494 -0.14066628 0.06766131
v 0.14899780 0.04906133 -0.05246315
v 0.14681602 0.04693228 -0.05515455
v 0.14640784 0.04907512 -0.05304477
v 0.15216933 0.04690362 -0.05381361
v 0.14942717 0.03159248 -0.05454981
v 0.14950906 0.04691782 -0.05454981
v 0.16050590 0.02990129 -0.06917602
v 0.15470828 0.03156420 -0.05294781
v 0.16387025 0.02988338 -0.06787821
v 0.16096182 0.02839243 -0.07047213
v 0.16050590 0.02990129 -0.06917602
v 0.16684496 -0.14066627 -0.06766130
v 0.16438917 0.02837413 -0.06914998
v 0.16774761 0.02835619 -0.06766123
v 0.14950910 0.04691781 0.05454980
v 0.15155626 0.04904761 0.05175514
v 0.14899783 0.04906120 0.05246318
v 0.15216927 0.04690361 0.05381362
v 0.15470827 0.03156420 0.05294786
v 0.15478991 0.04688969 0.05294783
v 0.16387028 0.02988337 0.06787824
v 0.15728337 0.03155045 0.05195448
v 0.16438921 0.02837412 0.06915001
v 0.16716700 0.02986558 0.06641688
v 0.16387028 0.02988337 0.06787824
v 0.16684494 -0.14066628 0.06766131
v 0.17102883 0.02833854 0.06600953
v 0.16774759 0.02835618 0.06766126
v 0.17138085 -0.14539993 -0.06840376
v 0.16684496 -0.14066627 -0.06766130
v 0.17012639 -0.14068389 -0.06600958
v 0.16798031 -0.14538187 -0.07011536
v 0.16425424 -0.19142342 -0.07165814
v 0.16450002 -0.14536318 -0.07165814
v 0.16425424 -0.19142342 -0.07165814
v 0.15989112 -0.19375980 -0.07079580
v 0.16070225 -0.19140434 -0.07302818
v 0.13437944 -0.19362346 0.00050519
v 0.15989112 -0.19375980 -0.07079580
v 0.13440446 -0.19362369 0.00051345
v 0.13572898 0.04964368 0.00052060
v 0.13442989 -0.19362383 0.00052047
v 0.13575466 0.04964355 0.00052637
v 0.14899780 0.04906133 -0.05246315
v 0.14899783 0.04906120 0.05246318
v 0.13570356 0.04964389 -0.00051355
v 0.13572898 0.04964368 -0.00052057
v 0.13570356 0.04964389 -0.00051355
v 0.13437944 -0.19362346 -0.00050520
v 0.13440446 -0.19362369 -0.00051346
v 0.16333426 -0.19377810 0.06946760
v 0.16425422 -0.19142343 0.07165814
v 0.16670804 -0.19379612 0.06797200
v 0.16773441 -0.19144201 0.07011536
v 0.16773441 -0.19144201 0.07011536
v 0.17138083 -0.14540014 0.06840370
v 0.16798029 -0.14538188 0.07011537
v 0.17012637 -0.14068390 0.06600958
v 0.17469309 -0.14541783 0.06652731
v 0.17332279 -0.14070097 0.06419882
v 0.15155627 0.04904762 -0.05175513
v 0.14950906 0.04691782 -0.05454981
v 0.14899780 0.04906133 -0.05246315
v 0.15470828 0.03156420 -0.05294781
v 0.15216933 0.04690362 -0.05381361
v 0.15478992 0.04688970 -0.05294781
v 0.16387025 0.02988338 -0.06787821
v 0.15728334 0.03155045 -0.05195446
v 0.16716702 0.02986571 -0.06641685
v 0.16438917 0.02837413 -0.06914998
v 0.16387025 0.02988338 -0.06787821
v 0.17102884 0.02833867 -0.06600950
v 0.16684496 -0.14066627 -0.06766130
v 0.16774761 0.02835619 -0.06766123
v 0.15155626 0.04904761 0.05175514
v 0.15478991 0.04688969 0.05294783
v 0.15407680 0.04903408 0.05092247
v 0.15470827 0.03156420 0.05294786
v 0.15736522 0.04687574 0.05195445
v 0.15478991 0.04688969 0.05294783
v 0.15728337 0.03155045 0.05195448
v 0.16716700 0.02986558 0.06641688
v 0.15980665 0.03153697 0.05083595
v 0.16716700 0.02986558 0.06641688
v 0.17102883 0.02833854 0.06600953
v 0.17038815 0.02984850 0.06479552
v 0.17012637 -0.14068390 0.06600958
v 0.17422524 0.02832147 0.06419881
v 0.17102883 0.02833854 0.06600953
v 0.17469311 -0.14541762 -0.06652730
v 0.17012639 -0.14068389 -0.06600958
v 0.17332281 -0.14070096 -0.06419881
v 0.17113477 -0.19146016 -0.06840376
v 0.16798031 -0.14538187 -0.07011536
v 0.17138085 -0.14539993 -0.06840376
v 0.16773437 -0.19144200 -0.07011536
v 0.16333427 -0.19377799 -0.06946760
v 0.16425424 -0.19142342 -0.07165814
v 0.16333427 -0.19377799 -0.06946760
v 0.13437944 -0.19362346 0.00050519
v 0.13570356 0.04964389 0.00051357
v 0.13440446 -0.19362369 0.00051345
v 0.13570356 0.04964389 0.00051357
v 0.14899780 0.04906133 -0.05246315
v 0.13572898 0.04964368 0.00052060
v 0.15155626 0.04904761 0.05175514
v 0.13567869 0.04964395 -0.00050528
v 0.13570356 0.04964389 -0.00051355
v 0.13437944 -0.19362346 -0.00050520
v 0.13565406 0.04964403 -0.00049580
v 0.13435481 -0.19362333 -0.00049572
v 0.13435481 -0.19362333 -0.00049572
v 0.16670804 -0.19379612 0.06797200
v 0.16773441 -0.19144201 0.07011536
v 0.17000456 -0.19381382 0.06631273
v 0.17113500 -0.19146017 0.06840376
v 0.17113500 -0.19146017 0.06840376
v 0.17469309 -0.14541783 0.06652731
v 0.17138083 -0.14540014 0.06840370
v 0.17332279 -0.14070097 0.06419882
v 0.17790943 -0.14543500 0.06449060
v 0.17642621 -0.14071754 0.06223340
v 0.15478992 0.04688970 -0.05294781
v 0.15155627 0.04904762 -0.05175513
v 0.15407682 0.04903409 -0.05092242
v 0.15736528 0.04687587 -0.05195443
v 0.15470828 0.03156420 -0.05294781
v 0.15478992 0.04688970 -0.05294781
v 0.16716702 0.02986571 -0.06641685
v 0.15728334 0.03155045 -0.05195446
v 0.15980666 0.03153698 -0.05083593
v 0.17102884 0.02833867 -0.06600950
v 0.16716702 0.02986571 -0.06641685
v 0.17038836 0.02984851 -0.06479551
v 0.17422526 0.02832160 -0.06419877
v 0.17012639 -0.14068389 -0.06600958
v 0.17102884 0.02833867 -0.06600950
v 0.15478991 0.04688969 0.05294783
v 0.15655346 0.04902093 0.04996709
v 0.15407680 0.04903408 0.05092247
v 0.15736522 0.04687574 0.05195445
v 0.15980665 0.03153697 0.05083595
v 0.15988864 0.04686226 0.05083592
v 0.16716700 0.02986558 0.06641688
v 0.16227228 0.03152380 0.04959496
v 0.15980665 0.03153697 0.05083595
v 0.17038815 0.02984850 0.06479552
v 0.17422524 0.02832147 0.06419881
v 0.17352573 0.02983162 0.06301806
v 0.17422524 0.02832147 0.06419881
v 0.17642621 -0.14071754 0.06223340
v 0.17732921 0.02830489 0.06223336
v 0.17642628 -0.14071744 -0.06223343
v 0.17469311 -0.14541762 -0.06652730
v 0.17332281 -0.14070096 -0.06419881
v 0.17469311 -0.14541762 -0.06652730
v 0.17113477 -0.19146016 -0.06840376
v 0.17138085 -0.14539993 -0.06840376
v 0.17113477 -0.19146016 -0.06840376
v 0.16670811 -0.19379611 -0.06797201
v 0.16773437 -0.19144200 -0.07011536
v 0.16670811 -0.19379611 -0.06797201
v 0.13435481 -0.19362333 0.00049571
v 0.13565406 0.04964403 0.00049583
v 0.13437944 -0.19362346 0.00050519
v 0.13435481 -0.19362333 0.00049571
v 0.13567869 0.04964395 0.00050531
v 0.15155627 0.04904762 -0.05175513
v 0.13570356 0.04964389 0.00051357
v 0.15655346 0.04902093 0.04996709
v 0.13567869 0.04964395 -0.00050528
v 0.15407680 0.04903408 0.05092247
v 0.13565406 0.04964403 -0.00049580
v 0.13433083 -0.19362320 -0.00048505
v 0.13435481 -0.19362333 -0.00049572
v 0.13433083 -0.19362320 -0.00048505
v 0.17000456 -0.19381382 0.06631273
v 0.17000456 -0.19381382 0.06631273
v 0.17444706 -0.19147786 0.06652731
v 0.17113500 -0.19146017 0.06840376
v 0.17444706 -0.19147786 0.06652731
v 0.17790943 -0.14543500 0.06449060
v 0.17469309 -0.14541783 0.06652731
v 0.17790943 -0.14543500 0.06449060
v 0.17942973 -0.14073348 0.06011805
v 0.17642621 -0.14071754 0.06223340
v 0.15655341 0.04902093 -0.04996707
v 0.15478992 0.04688970 -0.05294781
v 0.15407682 0.04903409 -0.05092242
v 0.15980666 0.03153698 -0.05083593
v 0.15736528 0.04687587 -0.05195443
v 0.15988845 0.04686239 -0.05083590
v 0.16227204 0.03152389 -0.04959492
v 0.16716702 0.02986571 -0.06641685
v 0.15980666 0.03153698 -0.05083593
v 0.17422526 0.02832160 -0.06419877
v 0.17038836 0.02984851 -0.06479551
v 0.17352575 0.02983182 -0.06301803
v 0.17642628 -0.14071744 -0.06223343
v 0.17422526 0.02832160 -0.06419877
v 0.17732928 0.02830502 -0.06223335
v 0.15736522 0.04687574 0.05195445
v 0.15898015 0.04900797 0.04889134
v 0.15655346 0.04902093 0.04996709
v 0.15988864 0.04686226 0.05083592
v 0.16227228 0.03152380 0.04959496
v 0.16235387 0.04684922 0.04959492
v 0.16227228 0.03152380 0.04959496
v 0.17352573 0.02983162 0.06301806
v 0.16467360 0.03151098 0.04823448
v 0.17352573 0.02983162 0.06301806
v 0.17732921 0.02830489 0.06223336
v 0.17657255 0.02981535 0.06108879
v 0.17732921 0.02830489 0.06223336
v 0.17942973 -0.14073348 0.06011805
v 0.18033278 0.02828897 0.06011804
v 0.17942980 -0.14073348 -0.06011807
v 0.17790944 -0.14543499 -0.06449062
v 0.17642628 -0.14071744 -0.06223343
v 0.17790944 -0.14543499 -0.06449062
v 0.17444733 -0.19147785 -0.06652731
v 0.17469311 -0.14541762 -0.06652730
v 0.17321574 -0.19383086 -0.06449362
v 0.17113477 -0.19146016 -0.06840376
v 0.17444733 -0.19147785 -0.06652731
v 0.17000458 -0.19381371 -0.06631274
v 0.13433083 -0.19362320 0.00048504
v 0.13563003 0.04964416 0.00048515
v 0.13435481 -0.19362333 0.00049571
v 0.13433083 -0.19362320 0.00048504
v 0.13567869 0.04964395 0.00050531
v 0.15655341 0.04902093 -0.04996707
v 0.15407682 0.04903409 -0.05092242
v 0.15898015 0.04900797 0.04889134
v 0.13565406 0.04964403 -0.00049580
v 0.13563003 0.04964416 -0.00048513
v 0.13430714 -0.19362308 -0.00047321
v 0.13433083 -0.19362320 -0.00048505
v 0.13428425 -0.19362305 -0.00046023
v 0.17321573 -0.19383097 0.06449363
v 0.17444706 -0.19147786 0.06652731
v 0.17633365 -0.19384752 0.06251917
v 0.17766360 -0.19149504 0.06449062
v 0.17766360 -0.19149504 0.06449062
v 0.18102178 -0.14545162 0.06229851
v 0.17790943 -0.14543500 0.06449060
v 0.18102178 -0.14545162 0.06229851
v 0.18232590 -0.14074895 0.05785786
v 0.17942973 -0.14073348 0.06011805
v 0.15988845 0.04686239 -0.05083590
v 0.15655341 0.04902093 -0.04996707
v 0.15898016 0.04900797 -0.04889132
v 0.16227204 0.03152389 -0.04959492
v 0.15988845 0.04686239 -0.05083590
v 0.16235388 0.04684923 -0.04959489
v 0.17352575 0.02983182 -0.06301803
v 0.16227204 0.03152389 -0.04959492
v 0.16467356 0.03151106 -0.04823444
v 0.17657231 0.02981548 -0.06108878
v 0.17422526 0.02832160 -0.06419877
v 0.17352575 0.02983182 -0.06301803
v 0.17942980 -0.14073348 -0.06011807
v 0.17732928 0.02830502 -0.06223335
v 0.18033274 0.02828898 -0.06011802
v 0.15988864 0.04686226 0.05083592
v 0.16135138 0.04899530 0.04769782
v 0.15898015 0.04900797 0.04889134
v 0.16227228 0.03152380 0.04959496
v 0.16475539 0.04683634 0.04823445
v 0.16235387 0.04684922 0.04959492
v 0.16700546 0.03149853 0.04675781
v 0.17657255 0.02981535 0.06108879
v 0.18033278 0.02828897 0.06011804
v 0.17952075 0.02979960 0.05901235
v 0.18033278 0.02828897 0.06011804
v 0.18232590 -0.14074895 0.05785786
v 0.18322870 0.02827351 0.05785786
v 0.18232611 -0.14074904 -0.05785790
v 0.18102205 -0.14545152 -0.06229854
v 0.17942980 -0.14073348 -0.06011807
v 0.18077602 -0.19151165 -0.06229856
v 0.17790944 -0.14543499 -0.06449062
v 0.18102205 -0.14545152 -0.06229854
v 0.17633347 -0.19384741 -0.06251922
v 0.17444733 -0.19147785 -0.06652731
v 0.17766341 -0.19149492 -0.06449063
v 0.13428425 -0.19362305 0.00046021
v 0.17321574 -0.19383086 -0.06449362
v 0.13430714 -0.19362308 0.00047319
v 0.13563003 0.04964416 0.00048515
v 0.13433083 -0.19362320 0.00048504
v 0.13565406 0.04964403 0.00049583
v 0.15898016 0.04900797 -0.04889132
v 0.15898015 0.04900797 0.04889134
v 0.13560649 0.04964434 -0.00047329
v 0.13563003 0.04964416 -0.00048513
v 0.13430714 -0.19362308 -0.00047321
v 0.13558370 0.04964441 -0.00046030
v 0.13428425 -0.19362305 -0.00046023
v 0.13426206 -0.19362284 -0.00044614
v 0.17633365 -0.19384752 0.06251917
v 0.17766360 -0.19149504 0.06449062
v 0.17935087 -0.19386363 0.06039413
v 0.18077600 -0.19151166 0.06229855
v 0.18077600 -0.19151166 0.06229855
v 0.18402302 -0.14546765 0.05995636
v 0.18102178 -0.14545162 0.06229851
v 0.18402302 -0.14546765 0.05995636
v 0.18510757 -0.14076381 0.05545834
v 0.18232590 -0.14074895 0.05785786
v 0.16135120 0.04899531 -0.04769780
v 0.15988845 0.04686239 -0.05083590
v 0.15898016 0.04900797 -0.04889132
v 0.16467356 0.03151106 -0.04823444
v 0.16235388 0.04684923 -0.04959489
v 0.16475541 0.04683640 -0.04823442
v 0.16700547 0.03149853 -0.04675778
v 0.17952057 0.02979974 -0.05901233
v 0.17732928 0.02830502 -0.06223335
v 0.17657231 0.02981548 -0.06108878
v 0.18322871 0.02827352 -0.05785782
v 0.17942980 -0.14073348 -0.06011807
v 0.18033274 0.02828898 -0.06011802
v 0.16135138 0.04899530 0.04769782
v 0.16475539 0.04683634 0.04823445
v 0.16366110 0.04898297 0.04638939
v 0.16475539 0.04683634 0.04823445
v 0.16700546 0.03149853 0.04675781
v 0.16708740 0.04682394 0.04675777
v 0.17657255 0.02981535 0.06108879
v 0.16926235 0.03148647 0.04516848
v 0.17952075 0.02979960 0.05901235
v 0.18322870 0.02827351 0.05785786
v 0.18236349 0.02978442 0.05679375
v 0.18322870 0.02827351 0.05785786
v 0.18510757 -0.14076381 0.05545834
v 0.18601057 0.02825865 0.05545832
v 0.18510778 -0.14076390 -0.05545834
v 0.18402308 -0.14546754 -0.05995637
v 0.18232611 -0.14074904 -0.05785790
v 0.18377705 -0.19152757 -0.05995638
v 0.18102205 -0.14545152 -0.06229854
v 0.18402308 -0.14546754 -0.05995637
v 0.17935093 -0.19386352 -0.06039415
v 0.17766341 -0.19149492 -0.06449063
v 0.18077602 -0.19151165 -0.06229856
v 0.17633347 -0.19384741 -0.06251922
v 0.13558370 0.04964441 0.00046033
v 0.13430714 -0.19362308 0.00047319
v 0.13428425 -0.19362305 0.00046021
v 0.13563003 0.04964416 0.00048515
v 0.16135120 0.04899531 -0.04769780
v 0.16135138 0.04899530 0.04769782
v 0.13558370 0.04964441 -0.00046030
v 0.13560649 0.04964434 -0.00047329
v 0.13558370 0.04964441 -0.00046030
v 0.13426206 -0.19362284 -0.00044614
v 0.13428425 -0.19362305 -0.00046023
v 0.13424061 -0.19362262 -0.00043098
v 0.17935087 -0.19386363 0.06039413
v 0.18077600 -0.19151166 0.06229855
v 0.18226014 -0.19387927 0.05812358
v 0.18377704 -0.19152769 0.05995638
v 0.18402302 -0.14546765 0.05995636
v 0.18665970 -0.19154308 0.05746979
v 0.18690568 -0.14548305 0.05746979
v 0.18690568 -0.14548305 0.05746979
v 0.18776843 -0.14077812 0.05292517
v 0.18510757 -0.14076381 0.05545834
v 0.16366106 0.04898298 -0.04638935
v 0.16235388 0.04684923 -0.04959489
v 0.16135120 0.04899531 -0.04769780
v 0.16708736 0.04682395 -0.04675776
v 0.16467356 0.03151106 -0.04823444
v 0.16475541 0.04683640 -0.04823442
v 0.17952057 0.02979974 -0.05901233
v 0.16926210 0.03148648 -0.04516844
v 0.18236351 0.02978456 -0.05679372
v 0.18033274 0.02828898 -0.06011802
v 0.17952057 0.02979974 -0.05901233
v 0.18510778 -0.14076390 -0.05545834
v 0.18322871 0.02827352 -0.05785782
v 0.18601038 0.02825873 -0.05545825
v 0.16366110 0.04898297 0.04638939
v 0.16708740 0.04682394 0.04675777
v 0.16590378 0.04897099 0.04496919
v 0.16700546 0.03149853 0.04675781
v 0.16934404 0.04681189 0.04516845
v 0.16708740 0.04682394 0.04675777
v 0.16926235 0.03148647 0.04516848
v 0.18236349 0.02978442 0.05679375
v 0.17143804 0.03147485 0.04347035
v 0.18322870 0.02827351 0.05785786
v 0.18509407 0.02977003 0.05443834
v 0.18236349 0.02978442 0.05679375
v 0.18510757 -0.14076381 0.05545834
v 0.18867093 0.02824432 0.05292516
v 0.18601057 0.02825865 0.05545832
v 0.18966275 -0.14549756 -0.05484472
v 0.18510778 -0.14076390 -0.05545834
v 0.18776844 -0.14077811 -0.05292517
v 0.18665972 -0.19154297 -0.05746979
v 0.18402308 -0.14546754 -0.05995637
v 0.18690579 -0.14548294 -0.05746978
v 0.18377705 -0.19152757 -0.05995638
v 0.17935093 -0.19386352 -0.06039415
v 0.18077602 -0.19151165 -0.06229856
v 0.13424061 -0.19362262 0.00043096
v 0.17935093 -0.19386352 -0.06039415
v 0.13426206 -0.19362284 0.00044612
v 0.13558370 0.04964441 0.00046033
v 0.13428425 -0.19362305 0.00046021
v 0.13558370 0.04964441 0.00046033
v 0.16135120 0.04899531 -0.04769780
v 0.13560649 0.04964434 0.00047331
v 0.16590378 0.04897099 0.04496919
v 0.13558370 0.04964441 -0.00046030
v 0.16366110 0.04898297 0.04638939
v 0.13556136 0.04964453 -0.00044621
v 0.13424061 -0.19362262 -0.00043098
v 0.13426206 -0.19362284 -0.00044614
v 0.18226014 -0.19387927 0.05812358
v 0.18377704 -0.19152769 0.05995638
v 0.18505492 -0.19389419 0.05571301
v 0.18665970 -0.19154308 0.05746979
v 0.18665970 -0.19154308 0.05746979
v 0.18966267 -0.14549777 0.05484474
v 0.18690568 -0.14548305 0.05746979
v 0.18776843 -0.14077812 0.05292517
v 0.19228780 -0.14551179 0.05208756
v 0.19030150 -0.14079164 0.05026447
v 0.16590359 0.04897105 -0.04496918
v 0.16475541 0.04683640 -0.04823442
v 0.16366106 0.04898298 -0.04638935
v 0.16926210 0.03148648 -0.04516844
v 0.16708736 0.04682395 -0.04675776
v 0.16934405 0.04681190 -0.04516843
v 0.17143805 0.03147493 -0.04347031
v 0.17952057 0.02979974 -0.05901233
v 0.16926210 0.03148648 -0.04516844
v 0.18601038 0.02825873 -0.05545825
v 0.18236351 0.02978456 -0.05679372
v 0.18509408 0.02977004 -0.05443831
v 0.18776844 -0.14077811 -0.05292517
v 0.18601038 0.02825873 -0.05545825
v 0.18867094 0.02824453 -0.05292512
v 0.16590378 0.04897099 0.04496919
v 0.16934404 0.04681189 0.04516845
v 0.16807417 0.04895940 0.04344067
v 0.16926235 0.03148647 0.04516848
v 0.17151994 0.04680027 0.04347032
v 0.16934404 0.04681189 0.04516845
v 0.17352810 0.03146369 0.04166749
v 0.18509407 0.02977003 0.05443834
v 0.18867093 0.02824432 0.05292516
v 0.18770563 0.02975608 0.05195175
v 0.18867093 0.02824432 0.05292516
v 0.19030150 -0.14079164 0.05026447
v 0.19120430 0.02823091 0.05026446
v 0.19030152 -0.14079154 -0.05026449
v 0.18966275 -0.14549756 -0.05484472
v 0.18776844 -0.14077811 -0.05292517
v 0.18941680 -0.19155780 -0.05484477
v 0.18690579 -0.14548294 -0.05746978
v 0.18966275 -0.14549756 -0.05484472
v 0.18665972 -0.19154297 -0.05746979
v 0.18226046 -0.19387916 -0.05812359
v 0.18377705 -0.19152757 -0.05995638
v 0.13421985 -0.19362261 0.00041476
v 0.18226046 -0.19387916 -0.05812359
v 0.13424061 -0.19362262 0.00043096
v 0.13556136 0.04964453 0.00044624
v 0.13426206 -0.19362284 0.00044612
v 0.13558370 0.04964441 0.00046033
v 0.16590359 0.04897105 -0.04496918
v 0.16366106 0.04898298 -0.04638935
v 0.16590378 0.04897099 0.04496919
v 0.13553976 0.04964457 -0.00043104
v 0.13556136 0.04964453 -0.00044621
v 0.13553976 0.04964457 -0.00043104
v 0.13421985 -0.19362261 -0.00041478
v 0.13424061 -0.19362262 -0.00043098
v 0.13419979 -0.19362250 -0.00039757
v 0.18505492 -0.19389419 0.05571301
v 0.18505492 -0.19389419 0.05571301
v 0.18941679 -0.19155780 0.05484473
v 0.18665970 -0.19154308 0.05746979
v 0.18941679 -0.19155780 0.05484473
v 0.19228780 -0.14551179 0.05208756
v 0.18966267 -0.14549777 0.05484474
v 0.19030150 -0.14079164 0.05026447
v 0.19477428 -0.14552507 0.04920492
v 0.19270097 -0.14080446 0.04748272
v 0.16807399 0.04895946 -0.04344064
v 0.16708736 0.04682395 -0.04675776
v 0.16590359 0.04897105 -0.04496918
v 0.17143805 0.03147493 -0.04347031
v 0.16934405 0.04681190 -0.04516843
v 0.17151995 0.04680027 -0.04347029
v 0.17352811 0.03146370 -0.04166745
v 0.18236351 0.02978456 -0.05679372
v 0.18867094 0.02824453 -0.05292512
v 0.18509408 0.02977004 -0.05443831
v 0.18770559 0.02975609 -0.05195172
v 0.19030152 -0.14079154 -0.05026449
v 0.18867094 0.02824453 -0.05292512
v 0.19120410 0.02823100 -0.05026445
v 0.16807417 0.04895940 0.04344067
v 0.17151994 0.04680027 0.04347032
v 0.17016661 0.04894823 0.04180749
v 0.17151994 0.04680027 0.04347032
v 0.17352810 0.03146369 0.04166749
v 0.17360999 0.04678911 0.04166745
v 0.17352810 0.03146369 0.04166749
v 0.18770563 0.02975608 0.05195175
v 0.17552708 0.03145302 0.03976424
v 0.18867093 0.02824432 0.05292516
v 0.19019222 0.02974274 0.04934001
v 0.18770563 0.02975608 0.05195175
v 0.19030150 -0.14079164 0.05026447
v 0.19360367 0.02821810 0.04748271
v 0.19120430 0.02823091 0.05026446
v 0.19270125 -0.14080445 -0.04748276
v 0.19228781 -0.14551178 -0.05208757
v 0.19030152 -0.14079154 -0.05026449
v 0.19228781 -0.14551178 -0.05208757
v 0.18941680 -0.19155780 -0.05484477
v 0.18966275 -0.14549756 -0.05484472
v 0.18941680 -0.19155780 -0.05484477
v 0.18505493 -0.19389419 -0.05571300
v 0.18665972 -0.19154297 -0.05746979
v 0.18505493 -0.19389419 -0.05571300
v 0.13551895 0.04964488 0.00041486
v 0.13424061 -0.19362262 0.00043096
v 0.13421985 -0.19362261 0.00041476
v 0.13556136 0.04964453 0.00044624
v 0.16807399 0.04895946 -0.04344064
v 0.16590359 0.04897105 -0.04496918
v 0.17016661 0.04894823 0.04180749
v 0.13553976 0.04964457 -0.00043104
v 0.16807417 0.04895940 0.04344067
v 0.13421985 -0.19362261 -0.00041478
v 0.13549904 0.04964491 -0.00039763
v 0.13419979 -0.19362250 -0.00039757
v 0.13418093 -0.19362250 -0.00037941
v 0.18772775 -0.19390847 0.05316822
v 0.18772775 -0.19390847 0.05316822
v 0.19204182 -0.19157182 0.05208756
v 0.18941679 -0.19155780 0.05484473
v 0.19228780 -0.14551179 0.05208756
v 0.19452824 -0.19158510 0.04920493
v 0.19477428 -0.14552507 0.04920492
v 0.19477428 -0.14552507 0.04920492
v 0.19496115 -0.14081653 0.04458656
v 0.19270097 -0.14080446 0.04748272
v 0.17016662 0.04894823 -0.04180747
v 0.16934405 0.04681190 -0.04516843
v 0.16807399 0.04895946 -0.04344064
v 0.17360995 0.04678911 -0.04166744
v 0.17143805 0.03147493 -0.04347031
v 0.17151995 0.04680027 -0.04347029
v 0.18770559 0.02975609 -0.05195172
v 0.17552709 0.03145310 -0.03976421
v 0.19019224 0.02974281 -0.04933998
v 0.18867094 0.02824453 -0.05292512
v 0.18770559 0.02975609 -0.05195172
v 0.19360364 0.02821811 -0.04748269
v 0.19030152 -0.14079154 -0.05026449
v 0.19120410 0.02823100 -0.05026445
v 0.17151994 0.04680027 0.04347032
v 0.17217682 0.04893749 0.04007359
v 0.17016661 0.04894823 0.04180749
v 0.17360999 0.04678911 0.04166745
v 0.17552708 0.03145302 0.03976424
v 0.17560888 0.04677843 0.03976422
v 0.17743043 0.03144285 0.03776520
v 0.19120430 0.02823091 0.05026446
v 0.19254750 0.02973016 0.04660943
v 0.19019222 0.02974274 0.04934001
v 0.19360367 0.02821810 0.04748271
v 0.19496115 -0.14081653 0.04458656
v 0.19586384 0.02820603 0.04458656
v 0.19711656 -0.14553757 -0.04620373
v 0.19270125 -0.14080445 -0.04748276
v 0.19496116 -0.14081652 -0.04458659
v 0.19452825 -0.19158509 -0.04920494
v 0.19228781 -0.14551178 -0.05208757
v 0.19477447 -0.14552506 -0.04920494
v 0.19204184 -0.19157181 -0.05208759
v 0.18772776 -0.19390836 -0.05316822
v 0.18941680 -0.19155780 -0.05484477
v 0.13418093 -0.19362250 0.00037939
v 0.18772776 -0.19390836 -0.05316822
v 0.13549904 0.04964491 0.00039766
v 0.13421985 -0.19362261 0.00041476
v 0.13419979 -0.19362250 0.00039755
v 0.13551895 0.04964488 0.00041486
v 0.16807399 0.04895946 -0.04344064
v 0.13553961 0.04964477 0.00043107
v 0.17016661 0.04894823 0.04180749
v 0.13549904 0.04964491 -0.00039763
v 0.13551895 0.04964488 -0.00041484
v 0.13419979 -0.19362250 -0.00039757
v 0.13548002 0.04964501 -0.00037947
v 0.13418093 -0.19362250 -0.00037941
v 0.19027243 -0.19392196 0.05049529
v 0.19027243 -0.19392196 0.05049529
v 0.19452824 -0.19158510 0.04920493
v 0.19204182 -0.19157182 0.05208756
v 0.19477428 -0.14552507 0.04920492
v 0.19687042 -0.19159761 0.04620373
v 0.19711645 -0.14553758 0.04620372
v 0.19711645 -0.14553758 0.04620372
v 0.19707656 -0.14082792 0.04158301
v 0.19496115 -0.14081653 0.04458656
v 0.17217682 0.04893750 -0.04007357
v 0.17151995 0.04680027 -0.04347029
v 0.17016662 0.04894823 -0.04180747
v 0.17552709 0.03145310 -0.03976421
v 0.17360995 0.04678911 -0.04166744
v 0.17560889 0.04677844 -0.03976420
v 0.17743044 0.03144286 -0.03776517
v 0.18770559 0.02975609 -0.05195172
v 0.17552709 0.03145310 -0.03976421
v 0.19254748 0.02973017 -0.04660940
v 0.19120410 0.02823100 -0.05026445
v 0.19019224 0.02974281 -0.04933998
v 0.19496116 -0.14081652 -0.04458659
v 0.19360364 0.02821811 -0.04748269
v 0.19586385 0.02820604 -0.04458654
v 0.17217682 0.04893749 0.04007359
v 0.17560888 0.04677843 0.03976422
v 0.17409928 0.04892728 0.03824316
v 0.17552708 0.03145302 0.03976424
v 0.17751203 0.04676814 0.03776519
v 0.17560888 0.04677843 0.03976422
v 0.17743043 0.03144285 0.03776520
v 0.19254750 0.02973016 0.04660943
v 0.17923319 0.03143323 0.03567519
v 0.19360367 0.02821810 0.04748271
v 0.19476615 0.02971831 0.04376654
v 0.19254750 0.02973016 0.04660943
v 0.19496115 -0.14081653 0.04458656
v 0.19797911 0.02819474 0.04158301
v 0.19586384 0.02820603 0.04458656
v 0.19930852 -0.14554907 -0.04309124
v 0.19496116 -0.14081652 -0.04458659
v 0.19707657 -0.14082791 -0.04158305
v 0.19687048 -0.19159760 -0.04620374
v 0.19477447 -0.14552506 -0.04920494
v 0.19711656 -0.14553757 -0.04620373
v 0.19452825 -0.19158509 -0.04920494
v 0.19027251 -0.19392195 -0.05049532
v 0.19204184 -0.19157181 -0.05208759
v 0.19027251 -0.19392195 -0.05049532
v 0.13548002 0.04964501 0.00037949
v 0.13419979 -0.19362250 0.00039755
v 0.13418093 -0.19362250 0.00037939
v 0.13549904 0.04964491 0.00039766
v 0.17016662 0.04894823 -0.04180747
v 0.13551895 0.04964488 0.00041486
v 0.17409928 0.04892728 0.03824316
v 0.13549904 0.04964491 -0.00039763
v 0.17217682 0.04893749 0.04007359
v 0.13418093 -0.19362250 -0.00037941
v 0.13546180 0.04964506 -0.00036039
v 0.13416275 -0.19362240 -0.00036034
v 0.13416275 -0.19362240 -0.00036034
v 0.19268284 -0.19393483 0.04770076
v 0.19452824 -0.19158510 0.04920493
v 0.19495330 -0.19394705 0.04479131
v 0.19687042 -0.19159761 0.04620373
v 0.19711645 -0.14553758 0.04620372
v 0.19906246 -0.19160931 0.04309124
v 0.19930844 -0.14554928 0.04309122
v 0.19707656 -0.14082792 0.04158301
v 0.20134515 -0.14556006 0.03987492
v 0.19904185 -0.14083832 0.03847929
v 0.17560889 0.04677844 -0.03976420
v 0.17217682 0.04893750 -0.04007357
v 0.17409924 0.04892728 -0.03824314
v 0.17751204 0.04676827 -0.03776516
v 0.17552709 0.03145310 -0.03976421
v 0.17560889 0.04677844 -0.03976420
v 0.19254748 0.02973017 -0.04660940
v 0.17923295 0.03143331 -0.03567517
v 0.19476631 0.02971832 -0.04376651
v 0.19360364 0.02821811 -0.04748269
v 0.19254748 0.02973017 -0.04660940
v 0.19797919 0.02819474 -0.04158299
v 0.19496116 -0.14081652 -0.04458659
v 0.19586385 0.02820604 -0.04458654
v 0.17560888 0.04677843 0.03976422
v 0.17592969 0.04891745 0.03632059
v 0.17409928 0.04892728 0.03824316
v 0.17751203 0.04676814 0.03776519
v 0.17923319 0.03143323 0.03567519
v 0.17931508 0.04675859 0.03567517
v 0.19476615 0.02971831 0.04376654
v 0.18093123 0.03142416 0.03349923
v 0.19586384 0.02820603 0.04458656
v 0.19684270 0.02970722 0.04081824
v 0.19476615 0.02971831 0.04376654
v 0.19707656 -0.14082792 0.04158301
v 0.19994458 0.02818411 0.03847928
v 0.19797911 0.02819474 0.04158301
v 0.20134529 -0.14556005 -0.03987494
v 0.19707657 -0.14082791 -0.04158305
v 0.19904186 -0.14083821 -0.03847931
v 0.19906247 -0.19160911 -0.04309125
v 0.19711656 -0.14553757 -0.04620373
v 0.19930852 -0.14554907 -0.04309124
v 0.19495331 -0.19394695 -0.04479134
v 0.19452825 -0.19158509 -0.04920494
v 0.19687048 -0.19159760 -0.04620374
v 0.19268285 -0.19393482 -0.04770079
v 0.13416275 -0.19362240 0.00036032
v 0.13546180 0.04964506 0.00036041
v 0.13418093 -0.19362250 0.00037939
v 0.13416275 -0.19362240 0.00036032
v 0.13549904 0.04964491 0.00039766
v 0.17409924 0.04892728 -0.03824314
v 0.17217682 0.04893750 -0.04007357
v 0.17592969 0.04891745 0.03632059
v 0.13548002 0.04964501 -0.00037947
v 0.13546180 0.04964506 -0.00036039
v 0.13414547 -0.19362231 -0.00034040
v 0.13416275 -0.19362240 -0.00036034
v 0.13414547 -0.19362231 -0.00034040
v 0.19495330 -0.19394705 0.04479131
v 0.19687042 -0.19159761 0.04620373
v 0.19707838 -0.19395820 0.04177398
v 0.19906246 -0.19160931 0.04309124
v 0.19930844 -0.14554928 0.04309122
v 0.20109910 -0.19162019 0.03987494
v 0.20134515 -0.14556006 0.03987492
v 0.20134515 -0.14556006 0.03987492
v 0.20085271 -0.14084799 0.03528283
v 0.19904185 -0.14083832 0.03847929
v 0.17592970 0.04891746 -0.03632057
v 0.17560889 0.04677844 -0.03976420
v 0.17409924 0.04892728 -0.03824314
v 0.17923295 0.03143331 -0.03567517
v 0.17751204 0.04676827 -0.03776516
v 0.17931489 0.04675872 -0.03567514
v 0.18093123 0.03142416 -0.03349920
v 0.19797919 0.02819474 -0.04158299
v 0.19476631 0.02971832 -0.04376651
v 0.19684268 0.02970723 -0.04081819
v 0.19904186 -0.14083821 -0.03847931
v 0.19797919 0.02819474 -0.04158299
v 0.19994466 0.02818424 -0.03847926
v 0.17751203 0.04676814 0.03776519
v 0.17766353 0.04890819 0.03431053
v 0.17592969 0.04891745 0.03632059
v 0.17931508 0.04675859 0.03567517
v 0.18093123 0.03142416 0.03349923
v 0.18101312 0.04674952 0.03349920
v 0.19476615 0.02971831 0.04376654
v 0.18252043 0.03141567 0.03124257
v 0.18093123 0.03142416 0.03349923
v 0.19797911 0.02819474 0.04158301
v 0.19877187 0.02969680 0.03777159
v 0.19684270 0.02970722 0.04081824
v 0.19994458 0.02818411 0.03847928
v 0.20085271 -0.14084799 0.03528283
v 0.20175542 0.02817444 0.03528284
v 0.20085272 -0.14084798 -0.03528286
v 0.20134529 -0.14556005 -0.03987494
v 0.19904186 -0.14083821 -0.03847931
v 0.20134529 -0.14556005 -0.03987494
v 0.19906247 -0.19160911 -0.04309125
v 0.19930852 -0.14554907 -0.04309124
v 0.19707861 -0.19395830 -0.04177399
v 0.19687048 -0.19159760 -0.04620374
v 0.19906247 -0.19160911 -0.04309125
v 0.19495331 -0.19394695 -0.04479134
v 0.13414547 -0.19362231 0.00034038
v 0.13544462 0.04964515 0.00034047
v 0.13416275 -0.19362240 0.00036032
v 0.13414547 -0.19362231 0.00034038
v 0.13548002 0.04964501 0.00037949
v 0.17592970 0.04891746 -0.03632057
v 0.17766353 0.04890819 0.03431053
v 0.13546180 0.04964506 -0.00036039
v 0.13544462 0.04964515 -0.00034045
v 0.13412924 -0.19362213 -0.00031964
v 0.13414547 -0.19362231 -0.00034040
v 0.13411414 -0.19362205 -0.00029811
v 0.19707838 -0.19395820 0.04177398
v 0.19906246 -0.19160931 0.04309124
v 0.19905291 -0.19396885 0.03865599
v 0.20109910 -0.19162019 0.03987494
v 0.20134515 -0.14556006 0.03987492
v 0.20297559 -0.19163011 0.03656255
v 0.20322157 -0.14557018 0.03656254
v 0.20085271 -0.14084799 0.03528283
v 0.20493315 -0.14557932 0.03316209
v 0.20250441 -0.14085681 0.03200140
v 0.17931489 0.04675872 -0.03567514
v 0.17592970 0.04891746 -0.03632057
v 0.17766354 0.04890820 -0.03431049
v 0.18101313 0.04674958 -0.03349918
v 0.17923295 0.03143331 -0.03567517
v 0.17931489 0.04675872 -0.03567514
v 0.19684268 0.02970723 -0.04081819
v 0.18093123 0.03142416 -0.03349920
v 0.18252043 0.03141567 -0.03124254
v 0.19877188 0.02969693 -0.03777155
v 0.19797919 0.02819474 -0.04158299
v 0.19684268 0.02970723 -0.04081819
v 0.20175550 0.02817457 -0.03528282
v 0.19904186 -0.14083821 -0.03847931
v 0.19994466 0.02818424 -0.03847926
v 0.17931508 0.04675859 0.03567517
v 0.17929692 0.04889947 0.03221780
v 0.17766353 0.04890819 0.03431053
v 0.18093123 0.03142416 0.03349923
v 0.18260252 0.04674096 0.03124255
v 0.18101312 0.04674952 0.03349920
v 0.19877187 0.02969680 0.03777159
v 0.18399706 0.03140786 0.02891064
v 0.19994458 0.02818411 0.03847928
v 0.20054926 0.02968743 0.03463393
v 0.19877187 0.02969680 0.03777159
v 0.20175542 0.02817444 0.03528284
v 0.20250441 -0.14085681 0.03200140
v 0.20340686 0.02816575 0.03200141
v 0.20493322 -0.14557931 -0.03316212
v 0.20085272 -0.14084798 -0.03528286
v 0.20250442 -0.14085681 -0.03200143
v 0.20322178 -0.14557017 -0.03656255
v 0.20109911 -0.19162008 -0.03987495
v 0.20134529 -0.14556005 -0.03987494
v 0.20109911 -0.19162008 -0.03987495
v 0.19707861 -0.19395830 -0.04177399
v 0.19906247 -0.19160911 -0.04309125
v 0.13411414 -0.19362205 0.00029809
v 0.19707861 -0.19395830 -0.04177399
v 0.13412924 -0.19362213 0.00031962
v 0.13544462 0.04964515 0.00034047
v 0.13414547 -0.19362231 0.00034038
v 0.13546180 0.04964506 0.00036041
v 0.17766354 0.04890820 -0.03431049
v 0.17766353 0.04890819 0.03431053
v 0.13542848 0.04964524 -0.00031968
v 0.13544462 0.04964515 -0.00034045
v 0.13542848 0.04964524 -0.00031968
v 0.13411414 -0.19362205 -0.00029811
v 0.13412924 -0.19362213 -0.00031964
v 0.13409999 -0.19362207 -0.00027586
v 0.19905291 -0.19396885 0.03865599
v 0.20109910 -0.19162019 0.03987494
v 0.20087180 -0.19397846 0.03544486
v 0.20297559 -0.19163011 0.03656255
v 0.20297559 -0.19163011 0.03656255
v 0.20493315 -0.14557932 0.03316209
v 0.20322157 -0.14557018 0.03656254
v 0.20250441 -0.14085681 0.03200140
v 0.20647584 -0.14558756 0.02968174
v 0.20399321 -0.14086476 0.02864286
v 0.17929693 0.04889947 -0.03221777
v 0.17931489 0.04675872 -0.03567514
v 0.17766354 0.04890820 -0.03431049
v 0.18260253 0.04674104 -0.03124252
v 0.18093123 0.03142416 -0.03349920
v 0.18101313 0.04674958 -0.03349918
v 0.19877188 0.02969693 -0.03777155
v 0.18399707 0.03140786 -0.02891062
v 0.20054926 0.02968750 -0.03463390
v 0.19994466 0.02818424 -0.03847926
v 0.19877188 0.02969693 -0.03777155
v 0.20250442 -0.14085681 -0.03200143
v 0.20175550 0.02817457 -0.03528282
v 0.20340687 0.02816575 -0.03200139
v 0.18101312 0.04674952 0.03349920
v 0.18082515 0.04889131 0.03004746
v 0.17929692 0.04889947 0.03221780
v 0.18260252 0.04674096 0.03124255
v 0.18399706 0.03140786 0.02891064
v 0.18407915 0.04673315 0.02891062
v 0.18535756 0.03140052 0.02650905
v 0.20175542 0.02817444 0.03528284
v 0.20217049 0.02967865 0.03141285
v 0.20054926 0.02968743 0.03463393
v 0.20250441 -0.14085681 0.03200140
v 0.20489573 0.02815780 0.02864287
v 0.20340686 0.02816575 0.03200141
v 0.20647585 -0.14558755 -0.02968176
v 0.20250442 -0.14085681 -0.03200143
v 0.20399322 -0.14086476 -0.02864290
v 0.20493322 -0.14557931 -0.03316212
v 0.20297560 -0.19163010 -0.03656257
v 0.20322178 -0.14557017 -0.03656255
v 0.20087181 -0.19397845 -0.03544488
v 0.20109911 -0.19162008 -0.03987495
v 0.20297560 -0.19163010 -0.03656257
v 0.19905295 -0.19396884 -0.03865601
v 0.13411414 -0.19362205 0.00029809
v 0.13542848 0.04964524 0.00031970
v 0.13412924 -0.19362213 0.00031962
v 0.13542848 0.04964524 0.00031970
v 0.17766354 0.04890820 -0.03431049
v 0.13544462 0.04964515 0.00034047
v 0.18082515 0.04889131 0.03004746
v 0.13542848 0.04964524 -0.00031968
v 0.17929692 0.04889947 0.03221780
v 0.13411414 -0.19362205 -0.00029811
v 0.13539914 0.04964552 -0.00027589
v 0.13409999 -0.19362207 -0.00027586
v 0.20087180 -0.19397846 0.03544486
v 0.20297559 -0.19163011 0.03656255
v 0.20253144 -0.19398752 0.03214836
v 0.20468730 -0.19163935 0.03316210
v 0.20468730 -0.19163935 0.03316210
v 0.20647584 -0.14558756 0.02968174
v 0.20493315 -0.14557932 0.03316209
v 0.20399321 -0.14086476 0.02864286
v 0.20784587 -0.14559487 0.02612990
v 0.20531527 -0.14087182 0.02521535
v 0.18260253 0.04674104 -0.03124252
v 0.17929693 0.04889947 -0.03221777
v 0.18082520 0.04889131 -0.03004743
v 0.18399707 0.03140786 -0.02891062
v 0.18260253 0.04674104 -0.03124252
v 0.18407916 0.04673315 -0.02891060
v 0.18535756 0.03140052 -0.02650904
v 0.20340687 0.02816575 -0.03200139
v 0.20054926 0.02968750 -0.03463390
v 0.20217056 0.02967884 -0.03141282
v 0.20489574 0.02815780 -0.02864285
v 0.20250442 -0.14085681 -0.03200143
v 0.20340687 0.02816575 -0.03200139
v 0.18260252 0.04674096 0.03124255
v 0.18224538 0.04888372 0.02780474
v 0.18082515 0.04889131 0.03004746
v 0.18399706 0.03140786 0.02891064
v 0.18543950 0.04672593 0.02650904
v 0.18407915 0.04673315 0.02891062
v 0.18535756 0.03140052 0.02650905
v 0.20217049 0.02967865 0.03141285
v 0.18659849 0.03139397 0.02404362
v 0.20340686 0.02816575 0.03200141
v 0.20363182 0.02967103 0.02811609
v 0.20217049 0.02967865 0.03141285
v 0.20399321 -0.14086476 0.02864286
v 0.20621773 0.02815061 0.02521535
v 0.20489573 0.02815780 0.02864287
v 0.20784588 -0.14559487 -0.02612993
v 0.20399322 -0.14086476 -0.02864290
v 0.20531528 -0.14087172 -0.02521536
v 0.20647585 -0.14558755 -0.02968176
v 0.20468738 -0.19163935 -0.03316212
v 0.20493322 -0.14557931 -0.03316212
v 0.20253145 -0.19398752 -0.03214838
v 0.20297560 -0.19163010 -0.03656257
v 0.20468738 -0.19163935 -0.03316212
v 0.20087181 -0.19397845 -0.03544488
v 0.13409999 -0.19362207 0.00027584
v 0.13539914 0.04964552 0.00027591
v 0.13411414 -0.19362205 0.00029809
v 0.13409999 -0.19362207 0.00027584
v 0.13542848 0.04964524 0.00031970
v 0.18082520 0.04889131 -0.03004743
v 0.17929693 0.04889947 -0.03221777
v 0.18082515 0.04889131 0.03004746
v 0.13539914 0.04964552 -0.00027589
v 0.13541324 0.04964544 -0.00029814
v 0.13539914 0.04964552 -0.00027589
v 0.13408698 -0.19362190 -0.00025294
v 0.13409999 -0.19362207 -0.00027586
v 0.13407516 -0.19362194 -0.00022942
v 0.20253144 -0.19398752 0.03214836
v 0.20253144 -0.19398752 0.03214836
v 0.20622986 -0.19164759 0.02968174
v 0.20468730 -0.19163935 0.03316210
v 0.20647584 -0.14558756 0.02968174
v 0.20759989 -0.19165491 0.02612991
v 0.20784587 -0.14559487 0.02612990
v 0.20531527 -0.14087182 0.02521535
v 0.20904005 -0.14560125 0.02251511
v 0.20646761 -0.14087797 0.02172707
v 0.18224544 0.04888373 -0.02780471
v 0.18260253 0.04674104 -0.03124252
v 0.18082520 0.04889131 -0.03004743
v 0.18543951 0.04672594 -0.02650902
v 0.18399707 0.03140786 -0.02891062
v 0.18407916 0.04673315 -0.02891060
v 0.20217056 0.02967884 -0.03141282
v 0.18535756 0.03140052 -0.02650904
v 0.18659850 0.03139397 -0.02404360
v 0.20363183 0.02967103 -0.02811605
v 0.20340687 0.02816575 -0.03200139
v 0.20217056 0.02967884 -0.03141282
v 0.20531528 -0.14087172 -0.02521536
v 0.20489574 0.02815780 -0.02864285
v 0.20621773 0.02815062 -0.02521533
v 0.18224538 0.04888372 0.02780474
v 0.18543950 0.04672593 0.02650904
v 0.18355374 0.04887686 0.02549501
v 0.18543950 0.04672593 0.02650904
v 0.18659849 0.03139397 0.02404362
v 0.18668038 0.04671926 0.02404360
v 0.20217049 0.02967865 0.03141285
v 0.18771708 0.03138799 0.02152024
v 0.18659849 0.03139397 0.02404362
v 0.20489573 0.02815780 0.02864287
v 0.20492961 0.02966410 0.02475159
v 0.20363182 0.02967103 0.02811609
v 0.20621773 0.02815061 0.02521535
v 0.20646761 -0.14087797 0.02172707
v 0.20737006 0.02814459 0.02172708
v 0.20904005 -0.14560125 -0.02251513
v 0.20531528 -0.14087172 -0.02521536
v 0.20646761 -0.14087797 -0.02172709
v 0.20759990 -0.19165490 -0.02612993
v 0.20647585 -0.14558755 -0.02968176
v 0.20784588 -0.14559487 -0.02612993
v 0.20622987 -0.19164759 -0.02968178
v 0.20253145 -0.19398752 -0.03214838
v 0.20468738 -0.19163935 -0.03316212
v 0.13407516 -0.19362194 0.00022940
v 0.20253145 -0.19398752 -0.03214838
v 0.13408698 -0.19362190 0.00025292
v 0.13539914 0.04964552 0.00027591
v 0.13409999 -0.19362207 0.00027584
v 0.13539914 0.04964552 0.00027591
v 0.18082520 0.04889131 -0.03004743
v 0.13541324 0.04964544 0.00029817
v 0.18355374 0.04887686 0.02549501
v 0.13539914 0.04964552 -0.00027589
v 0.18224538 0.04888372 0.02780474
v 0.13408698 -0.19362190 -0.00025294
v 0.13537431 0.04964558 -0.00022944
v 0.13407516 -0.19362194 -0.00022942
v 0.20402682 -0.19399551 0.02877440
v 0.20622986 -0.19164759 0.02968174
v 0.20535513 -0.19400250 0.02533113
v 0.20759989 -0.19165491 0.02612991
v 0.20784587 -0.14559487 0.02612990
v 0.20879407 -0.19166128 0.02251511
v 0.20904005 -0.14560125 0.02251511
v 0.20646761 -0.14087797 0.02172707
v 0.21005538 -0.14560657 0.01884605
v 0.20744721 -0.14088321 0.01818644
v 0.18543951 0.04672594 -0.02650902
v 0.18224544 0.04888373 -0.02780471
v 0.18355374 0.04887686 -0.02549500
v 0.18659850 0.03139397 -0.02404360
v 0.18543951 0.04672594 -0.02650902
v 0.18668044 0.04671931 -0.02404359
v 0.18771733 0.03138792 -0.02152024
v 0.20217056 0.02967884 -0.03141282
v 0.18659850 0.03139397 -0.02404360
v 0.20492968 0.02966410 -0.02475158
v 0.20489574 0.02815780 -0.02864285
v 0.20363183 0.02967103 -0.02811605
v 0.20646761 -0.14087797 -0.02172709
v 0.20621773 0.02815062 -0.02521533
v 0.20737006 0.02814459 -0.02172706
v 0.18543950 0.04672593 0.02650904
v 0.18474715 0.04887036 0.02312389
v 0.18355374 0.04887686 0.02549501
v 0.18668038 0.04671926 0.02404360
v 0.18771708 0.03138799 0.02152024
v 0.18779902 0.04671333 0.02152024
v 0.20363182 0.02967103 0.02811609
v 0.18871054 0.03138261 0.01894504
v 0.18771708 0.03138799 0.02152024
v 0.20621773 0.02815061 0.02521535
v 0.20606105 0.02965787 0.02132747
v 0.20492961 0.02966410 0.02475159
v 0.20646761 -0.14087797 0.02172707
v 0.20834999 0.02813923 0.01818644
v 0.20737006 0.02814459 0.02172708
v 0.21005538 -0.14560657 -0.01884608
v 0.20646761 -0.14087797 -0.02172709
v 0.20744728 -0.14088310 -0.01818646
v 0.20879407 -0.19166128 -0.02251513
v 0.20784588 -0.14559487 -0.02612993
v 0.20904005 -0.14560125 -0.02251513
v 0.20759990 -0.19165490 -0.02612993
v 0.20402682 -0.19399550 -0.02877442
v 0.20622987 -0.19164759 -0.02968178
v 0.20402682 -0.19399550 -0.02877442
v 0.13537431 0.04964558 0.00022947
v 0.13408698 -0.19362190 0.00025292
v 0.13407516 -0.19362194 0.00022940
v 0.13539914 0.04964552 0.00027591
v 0.18355374 0.04887686 -0.02549500
v 0.18224544 0.04888373 -0.02780471
v 0.18474715 0.04887036 0.02312389
v 0.13538608 0.04964551 -0.00025297
v 0.13537431 0.04964558 -0.00022944
v 0.13406444 -0.19362178 -0.00020534
v 0.13407516 -0.19362194 -0.00022942
v 0.13405491 -0.19362173 -0.00018077
v 0.20535513 -0.19400250 0.02533113
v 0.20535513 -0.19400250 0.02533113
v 0.20879407 -0.19166128 0.02251511
v 0.20759989 -0.19165491 0.02612991
v 0.20904005 -0.14560125 0.02251511
v 0.20980947 -0.19166671 0.01884606
v 0.21005538 -0.14560657 0.01884605
v 0.21005538 -0.14560657 0.01884605
v 0.20825226 -0.14088750 0.01460201
v 0.20744721 -0.14088321 0.01818644
v 0.18474716 0.04887037 -0.02312388
v 0.18543951 0.04672594 -0.02650902
v 0.18355374 0.04887686 -0.02549500
v 0.18779902 0.04671334 -0.02152022
v 0.18659850 0.03139397 -0.02404360
v 0.18668044 0.04671931 -0.02404359
v 0.20492968 0.02966410 -0.02475158
v 0.18771733 0.03138792 -0.02152024
v 0.18871054 0.03138262 -0.01894503
v 0.20606106 0.02965787 -0.02132747
v 0.20621773 0.02815062 -0.02521533
v 0.20492968 0.02966410 -0.02475158
v 0.20744728 -0.14088310 -0.01818646
v 0.20737006 0.02814459 -0.02172706
v 0.20834999 0.02813923 -0.01818643
v 0.18668038 0.04671926 0.02404360
v 0.18582293 0.04886462 0.02069704
v 0.18474715 0.04887036 0.02312389
v 0.18771708 0.03138799 0.02152024
v 0.18879233 0.04670803 0.01894504
v 0.18779902 0.04671333 0.02152024
v 0.20492961 0.02966410 0.02475159
v 0.18957639 0.03137799 0.01632420
v 0.20606105 0.02965787 0.02132747
v 0.20834999 0.02813923 0.01818644
v 0.20702276 0.02965286 0.01785197
v 0.20834999 0.02813923 0.01818644
v 0.20825226 -0.14088750 0.01460201
v 0.20915485 0.02813505 0.01460202
v 0.20825227 -0.14088750 -0.01460203
v 0.21005538 -0.14560657 -0.01884608
v 0.20744728 -0.14088310 -0.01818646
v 0.20980947 -0.19166670 -0.01884609
v 0.20904005 -0.14560125 -0.02251513
v 0.21005538 -0.14560657 -0.01884608
v 0.20879407 -0.19166128 -0.02251513
v 0.20535513 -0.19400250 -0.02533116
v 0.20759990 -0.19165490 -0.02612993
v 0.13405491 -0.19362173 0.00018075
v 0.20535513 -0.19400250 -0.02533116
v 0.13406444 -0.19362178 0.00020532
v 0.13537431 0.04964558 0.00022947
v 0.13407516 -0.19362194 0.00022940
v 0.13538608 0.04964551 0.00025299
v 0.18474716 0.04887037 -0.02312388
v 0.18582293 0.04886462 0.02069704
v 0.13537431 0.04964558 -0.00022944
v 0.13406444 -0.19362178 -0.00020534
v 0.13535420 0.04964568 -0.00018079
v 0.13405491 -0.19362173 -0.00018077
v 0.20651254 -0.19400869 0.02182685
v 0.20879407 -0.19166128 0.02251511
v 0.20749682 -0.19401394 0.01826996
v 0.20980947 -0.19166671 0.01884606
v 0.20980947 -0.19166671 0.01884606
v 0.21088966 -0.14561103 0.01513163
v 0.21005538 -0.14560657 0.01884605
v 0.20825226 -0.14088750 0.01460201
v 0.21154047 -0.14561460 0.01138071
v 0.20888024 -0.14089076 0.01098239
v 0.18582294 0.04886462 -0.02069703
v 0.18668044 0.04671931 -0.02404359
v 0.18474716 0.04887037 -0.02312388
v 0.18871054 0.03138262 -0.01894503
v 0.18779902 0.04671334 -0.02152022
v 0.18879234 0.04670803 -0.01894503
v 0.18957639 0.03137799 -0.01632419
v 0.20834999 0.02813923 -0.01818643
v 0.20606106 0.02965787 -0.02132747
v 0.20702276 0.02965286 -0.01785195
v 0.20825227 -0.14088750 -0.01460203
v 0.20834999 0.02813923 -0.01818643
v 0.20915486 0.02813506 -0.01460201
v 0.18779902 0.04671333 0.02152024
v 0.18677846 0.04885952 0.01822035
v 0.18582293 0.04886462 0.02069704
v 0.18871054 0.03138261 0.01894504
v 0.18965805 0.04670341 0.01632419
v 0.18879233 0.04670803 0.01894504
v 0.20702276 0.02965286 0.01785197
v 0.19031250 0.03137406 0.01366402
v 0.20702276 0.02965286 0.01785197
v 0.20915485 0.02813505 0.01460202
v 0.20781272 0.02964870 0.01433346
v 0.20825226 -0.14088750 0.01460201
v 0.20978288 0.02813158 0.01098240
v 0.20915485 0.02813505 0.01460202
v 0.21154048 -0.14561460 -0.01138074
v 0.20825227 -0.14088750 -0.01460203
v 0.20888024 -0.14089076 -0.01098241
v 0.21064368 -0.19167116 -0.01513165
v 0.21005538 -0.14560657 -0.01884608
v 0.21088966 -0.14561103 -0.01513164
v 0.20749683 -0.19401384 -0.01826998
v 0.20879407 -0.19166128 -0.02251513
v 0.20980947 -0.19166670 -0.01884609
v 0.20651254 -0.19400868 -0.02182686
v 0.13535420 0.04964568 0.00018081
v 0.13406444 -0.19362178 0.00020532
v 0.13405491 -0.19362173 0.00018075
v 0.13537431 0.04964558 0.00022947
v 0.18582294 0.04886462 -0.02069703
v 0.18582293 0.04886462 0.02069704
v 0.13535420 0.04964568 -0.00018079
v 0.13536354 0.04964571 -0.00020536
v 0.13535420 0.04964568 -0.00018079
v 0.13404666 -0.19362169 -0.00015576
v 0.13405491 -0.19362173 -0.00018077
v 0.13403986 -0.19362165 -0.00013038
v 0.20749682 -0.19401394 0.01826996
v 0.20980947 -0.19166671 0.01884606
v 0.20830539 -0.19401826 0.01466906
v 0.21064368 -0.19167116 0.01513162
v 0.21064368 -0.19167116 0.01513162
v 0.21154047 -0.14561460 0.01138071
v 0.21088966 -0.14561103 0.01513163
v 0.21154047 -0.14561460 0.01138071
v 0.20932988 -0.14089336 0.00733632
v 0.20888024 -0.14089076 0.01098239
v 0.18677847 0.04885952 -0.01822033
v 0.18779902 0.04671334 -0.02152022
v 0.18582294 0.04886462 -0.02069703
v 0.18965806 0.04670341 -0.01632418
v 0.18871054 0.03138262 -0.01894503
v 0.18879234 0.04670803 -0.01894503
v 0.20702276 0.02965286 -0.01785195
v 0.19031257 0.03137406 -0.01366401
v 0.20915486 0.02813506 -0.01460201
v 0.20702276 0.02965286 -0.01785195
v 0.20781272 0.02964871 -0.01433345
v 0.20888024 -0.14089076 -0.01098241
v 0.20915486 0.02813506 -0.01460201
v 0.20978289 0.02813158 -0.01098238
v 0.18677846 0.04885952 0.01822035
v 0.18965805 0.04670341 0.01632419
v 0.18761105 0.04885512 0.01569976
v 0.18965805 0.04670341 0.01632419
v 0.19031250 0.03137406 0.01366402
v 0.19039426 0.04669947 0.01366402
v 0.19031250 0.03137406 0.01366402
v 0.20781272 0.02964870 0.01433346
v 0.19091723 0.03137083 0.01097094
v 0.20915485 0.02813505 0.01460202
v 0.20842943 0.02964535 0.01078042
v 0.20781272 0.02964870 0.01433346
v 0.20888024 -0.14089076 0.01098239
v 0.21023247 0.02812930 0.00733634
v 0.20978288 0.02813158 0.01098240
v 0.20932988 -0.14089335 -0.00733635
v 0.21154048 -0.14561460 -0.01138074
v 0.20888024 -0.14089076 -0.01098241
v 0.21154048 -0.14561460 -0.01138074
v 0.21064368 -0.19167116 -0.01513165
v 0.21088966 -0.14561103 -0.01513164
v 0.20830540 -0.19401826 -0.01466909
v 0.20980947 -0.19166670 -0.01884609
v 0.21064368 -0.19167116 -0.01513165
v 0.13403986 -0.19362165 0.00013036
v 0.20749683 -0.19401384 -0.01826998
v 0.13534591 0.04964573 0.00015580
v 0.13405491 -0.19362173 0.00018075
v 0.13404666 -0.19362169 0.00015574
v 0.13535420 0.04964568 0.00018081
v 0.18582294 0.04886462 -0.02069703
v 0.13536354 0.04964571 0.00020539
v 0.18761105 0.04885512 0.01569976
v 0.13535420 0.04964568 -0.00018079
v 0.18677846 0.04885952 0.01822035
v 0.13404666 -0.19362169 -0.00015576
v 0.13533886 0.04964572 -0.00013039
v 0.13403986 -0.19362165 -0.00013038
v 0.20830539 -0.19401826 0.01466906
v 0.21064368 -0.19167116 0.01513162
v 0.20893642 -0.19402163 0.01103282
v 0.21129456 -0.19167464 0.01138072
v 0.21129456 -0.19167464 0.01138072
v 0.21200633 -0.14561709 0.00760241
v 0.21154047 -0.14561460 0.01138071
v 0.21200633 -0.14561709 0.00760241
v 0.20960049 -0.14089480 0.00367257
v 0.20932988 -0.14089336 0.00733632
v 0.18965806 0.04670341 -0.01632418
v 0.18677847 0.04885952 -0.01822033
v 0.18761105 0.04885507 -0.01569975
v 0.19039426 0.04669948 -0.01366400
v 0.18957639 0.03137799 -0.01632419
v 0.18965806 0.04670341 -0.01632418
v 0.20781272 0.02964871 -0.01433345
v 0.19031257 0.03137406 -0.01366401
v 0.19091723 0.03137083 -0.01097092
v 0.20842943 0.02964535 -0.01078040
v 0.20915486 0.02813506 -0.01460201
v 0.20781272 0.02964871 -0.01433345
v 0.21023247 0.02812930 -0.00733632
v 0.20888024 -0.14089076 -0.01098241
v 0.20978289 0.02813158 -0.01098238
v 0.18761105 0.04885512 0.01569976
v 0.19039426 0.04669947 0.01366402
v 0.18831905 0.04885134 0.01314134
v 0.19031250 0.03137406 0.01366402
v 0.19099903 0.04669624 0.01097093
v 0.19039426 0.04669947 0.01366402
v 0.19138913 0.03136831 0.00825141
v 0.20842943 0.02964535 0.01078042
v 0.21023247 0.02812930 0.00733634
v 0.20887068 0.02964299 0.00720141
v 0.20932988 -0.14089336 0.00733632
v 0.21050275 0.02812786 0.00367259
v 0.21023247 0.02812930 0.00733634
v 0.20960049 -0.14089480 -0.00367260
v 0.21200633 -0.14561709 -0.00760244
v 0.20932988 -0.14089335 -0.00733635
v 0.21200633 -0.14561709 -0.00760244
v 0.21129456 -0.19167464 -0.01138075
v 0.21154048 -0.14561460 -0.01138074
v 0.20893643 -0.19402163 -0.01103285
v 0.21064368 -0.19167116 -0.01513165
v 0.21129456 -0.19167464 -0.01138075
v 0.20830540 -0.19401826 -0.01466909
v 0.13533886 0.04964572 0.00013041
v 0.13404666 -0.19362169 0.00015574
v 0.13403986 -0.19362165 0.00013036
v 0.13535420 0.04964568 0.00018081
v 0.18761105 0.04885507 -0.01569975
v 0.18677847 0.04885952 -0.01822033
v 0.13534591 0.04964573 -0.00015577
v 0.18831905 0.04885134 0.01314134
v 0.13533886 0.04964572 -0.00013039
v 0.13403986 -0.19362165 -0.00013038
v 0.13533305 0.04964575 -0.00010469
v 0.13403405 -0.19362172 -0.00010469
v 0.13403405 -0.19362172 -0.00010469
v 0.20893642 -0.19402163 0.01103282
v 0.21129456 -0.19167464 0.01138072
v 0.20938822 -0.19402404 0.00737001
v 0.21176048 -0.19167712 0.00760241
v 0.21176048 -0.19167712 0.00760241
v 0.21228643 -0.14561859 0.00380577
v 0.21200633 -0.14561709 0.00760241
v 0.20960049 -0.14089480 0.00367257
v 0.21237983 -0.14561908 -0.00000001
v 0.20969043 -0.14089518 -0.00000001
v 0.19039426 0.04669948 -0.01366400
v 0.18761105 0.04885507 -0.01569975
v 0.18831905 0.04885134 -0.01314132
v 0.19099904 0.04669625 -0.01097092
v 0.19031257 0.03137406 -0.01366401
v 0.19039426 0.04669948 -0.01366400
v 0.19138913 0.03136831 -0.00825139
v 0.21023247 0.02812930 -0.00733632
v 0.20842943 0.02964535 -0.01078040
v 0.20887069 0.02964299 -0.00720139
v 0.20960049 -0.14089480 -0.00367260
v 0.21023247 0.02812930 -0.00733632
v 0.21050275 0.02812786 -0.00367257
v 0.19039426 0.04669947 0.01366402
v 0.18890054 0.04884818 0.01055127
v 0.18831905 0.04885134 0.01314134
v 0.19099903 0.04669624 0.01097093
v 0.19138913 0.03136831 0.00825141
v 0.19147094 0.04669372 0.00825140
v 0.19138913 0.03136831 0.00825141
v 0.20887068 0.02964299 0.00720141
v 0.19172708 0.03136650 0.00551201
v 0.20887068 0.02964299 0.00720141
v 0.21050275 0.02812786 0.00367259
v 0.20913596 0.02964164 0.00360504
v 0.21050275 0.02812786 0.00367259
v 0.20969043 -0.14089518 -0.00000001
v 0.21059302 0.02812737 0.00000001
v 0.21237983 -0.14561908 -0.00000001
v 0.20960049 -0.14089480 -0.00367260
v 0.20969043 -0.14089518 -0.00000001
v 0.21228643 -0.14561859 -0.00380580
v 0.21176048 -0.19167712 -0.00760244
v 0.21200633 -0.14561709 -0.00760244
v 0.20938823 -0.19402404 -0.00737004
v 0.21129456 -0.19167464 -0.01138075
v 0.21176048 -0.19167712 -0.00760244
v 0.20893643 -0.19402163 -0.01103285
v 0.13403405 -0.19362172 0.00010467
v 0.13533305 0.04964575 0.00010471
v 0.13403986 -0.19362165 0.00013036
v 0.13403405 -0.19362172 0.00010467
v 0.13534591 0.04964573 0.00015580
v 0.18831905 0.04885134 -0.01314132
v 0.18890054 0.04884818 0.01055127
v 0.13533886 0.04964572 -0.00013039
v 0.18831905 0.04885134 0.01314134
v 0.13533305 0.04964575 -0.00010469
v 0.13402943 -0.19362159 -0.00007874
v 0.13403405 -0.19362172 -0.00010469
v 0.13402635 -0.19362168 -0.00005260
v 0.20938822 -0.19402404 0.00737001
v 0.21176048 -0.19167712 0.00760241
v 0.20965968 -0.19402549 0.00368943
v 0.21204058 -0.19167862 0.00380577
v 0.21204058 -0.19167862 0.00380577
v 0.21237983 -0.14561908 -0.00000001
v 0.21228643 -0.14561859 0.00380577
v 0.18890054 0.04884818 -0.01055126
v 0.19039426 0.04669948 -0.01366400
v 0.18831905 0.04885134 -0.01314132
v 0.19147094 0.04669373 -0.00825139
v 0.19091723 0.03137083 -0.01097092
v 0.19099904 0.04669625 -0.01097092
v 0.20887069 0.02964299 -0.00720139
v 0.19138913 0.03136831 -0.00825139
v 0.19172708 0.03136651 -0.00551200
v 0.21050275 0.02812786 -0.00367257
v 0.20887069 0.02964299 -0.00720139
v 0.20913596 0.02964164 -0.00360503
v 0.20969043 -0.14089518 -0.00000001
v 0.21050275 0.02812786 -0.00367257
v 0.21059302 0.02812737 0.00000001
v 0.19099903 0.04669624 0.01097093
v 0.18935449 0.04884581 0.00793577
v 0.18890054 0.04884818 0.01055127
v 0.19138913 0.03136831 0.00825141
v 0.19180861 0.04669187 0.00551201
v 0.19147094 0.04669372 0.00825140
v 0.20913596 0.02964164 0.00360504
v 0.19192985 0.03136542 0.00275933
v 0.21050275 0.02812786 0.00367259
v 0.20922453 0.02964110 0.00000001
v 0.20913596 0.02964164 0.00360504
v 0.21213398 -0.19167912 -0.00000002
v 0.21228643 -0.14561859 -0.00380580
v 0.21237983 -0.14561908 -0.00000001
v 0.20965968 -0.19402549 -0.00368946
v 0.21176048 -0.19167712 -0.00760244
v 0.21204059 -0.19167862 -0.00380580
v 0.13402635 -0.19362168 0.00005258
v 0.20938823 -0.19402404 -0.00737004
v 0.13402943 -0.19362159 0.00007872
v 0.13533305 0.04964575 0.00010471
v 0.13403405 -0.19362172 0.00010467
v 0.13533886 0.04964572 0.00013041
v 0.18890054 0.04884818 -0.01055126
v 0.18890054 0.04884818 0.01055127
v 0.13532853 0.04964582 -0.00007873
v 0.13533305 0.04964575 -0.00010469
v 0.13402943 -0.19362159 -0.00007874
v 0.13532540 0.04964579 -0.00005259
v 0.13402635 -0.19362168 -0.00005260
v 0.20965968 -0.19402549 0.00368943
v 0.20965968 -0.19402549 0.00368943
v 0.21213398 -0.19167912 -0.00000002
v 0.21204058 -0.19167862 0.00380577
v 0.18935449 0.04884581 -0.00793576
v 0.19099904 0.04669625 -0.01097092
v 0.18890054 0.04884818 -0.01055126
v 0.19180861 0.04669187 -0.00551200
v 0.19138913 0.03136831 -0.00825139
v 0.19147094 0.04669373 -0.00825139
v 0.20913596 0.02964164 -0.00360503
v 0.19192985 0.03136542 -0.00275931
v 0.20922453 0.02964110 0.00000001
v 0.21050275 0.02812786 -0.00367257
v 0.20913596 0.02964164 -0.00360503
v 0.18935449 0.04884581 0.00793577
v 0.19180861 0.04669187 0.00551201
v 0.18967935 0.04884407 0.00530116
v 0.19180861 0.04669187 0.00551201
v 0.19192985 0.03136542 0.00275933
v 0.19201195 0.04669084 0.00275932
v 0.20913596 0.02964164 0.00360504
v 0.19199777 0.03136506 0.00000001
v 0.19192985 0.03136542 0.00275933
v 0.21213398 -0.19167912 -0.00000002
v 0.20965968 -0.19402549 -0.00368946
v 0.21204059 -0.19167862 -0.00380580
v 0.20965968 -0.19402549 -0.00368946
v 0.13532540 0.04964579 0.00005261
v 0.13402943 -0.19362159 0.00007872
v 0.13402635 -0.19362168 0.00005258
v 0.13532853 0.04964582 0.00007876
v 0.18890054 0.04884818 -0.01055126
v 0.13533305 0.04964575 0.00010471
v 0.18935449 0.04884581 0.00793577
v 0.13532540 0.04964579 -0.00005259
v 0.13532540 0.04964579 -0.00005259
v 0.13402432 -0.19362157 -0.00002634
v 0.13402635 -0.19362168 -0.00005260
v 0.13402362 -0.19362156 -0.00000001
v 0.20975040 -0.19402607 -0.00000001
v 0.19180861 0.04669187 -0.00551200
v 0.18935449 0.04884581 -0.00793576
v 0.18967935 0.04884407 -0.00530115
v 0.19192985 0.03136542 -0.00275931
v 0.19180861 0.04669187 -0.00551200
v 0.19201195 0.04669084 -0.00275931
v 0.20913596 0.02964164 -0.00360503
v 0.19192985 0.03136542 -0.00275931
v 0.19180861 0.04669187 0.00551201
v 0.18987475 0.04884298 0.00265378
v 0.18967935 0.04884407 0.00530116
v 0.19201195 0.04669084 0.00275932
v 0.19199777 0.03136506 0.00000001
v 0.19207959 0.04669047 0.00000000
v 0.13402432 -0.19362157 0.00002632
v 0.13532540 0.04964579 0.00005261
v 0.13402635 -0.19362168 0.00005258
v 0.13532540 0.04964579 0.00005261
v 0.18935449 0.04884581 -0.00793576
v 0.18967935 0.04884407 0.00530116
v 0.13532337 0.04964580 -0.00002632
v 0.13402432 -0.19362157 -0.00002634
v 0.13532292 0.04964580 0.00000001
v 0.13402362 -0.19362156 -0.00000001
v 0.18987475 0.04884298 -0.00265376
v 0.19180861 0.04669187 -0.00551200
v 0.18967935 0.04884407 -0.00530115
v 0.19207959 0.04669047 0.00000000
v 0.19192985 0.03136542 -0.00275931
v 0.19201195 0.04669084 -0.00275931
v 0.19201195 0.04669084 0.00275932
v 0.18994000 0.04884263 0.00000001
v 0.18987475 0.04884298 0.00265378
v 0.13532292 0.04964580 0.00000001
v 0.13402432 -0.19362157 0.00002632
v 0.13402362 -0.19362156 -0.00000001
v 0.13532337 0.04964580 0.00002634
v 0.18967935 0.04884407 -0.00530115
v 0.18987475 0.04884298 0.00265378
v 0.13532292 0.04964580 0.00000001
v 0.18994000 0.04884263 0.00000001
v 0.19201195 0.04669084 -0.00275931
v 0.18987475 0.04884298 -0.00265376
v 0.18987475 0.04884298 -0.00265376
v 0.07268360 0.00798186 0.04044751
v 0.07247178 -0.01781651 -0.04033040
v 0.07247174 -0.01781665 0.04033042
v 0.06208951 -0.01771155 -0.01460200
v 0.06146136 -0.01770500 -0.01098238
v 0.07247178 -0.01781651 -0.04033040
v 0.08514410 0.00798066 0.05524159
v 0.08514412 0.00798072 -0.05524154
v 0.07268379 0.00798174 -0.04044749
v 0.08525917 0.04941292 0.01534887
v 0.08525923 0.04943434 0.00000002
v 0.08525923 0.04943434 0.00000170
v 0.05735122 -0.14479107 0.00380579
v 0.06008766 -0.14009624 0.00367259
v 0.05735122 -0.14479107 -0.00380579
v 0.05701179 -0.19085070 -0.00000001
v 0.05763120 -0.14479266 0.00760242
v 0.06008766 -0.14009624 -0.00367259
v 0.06035794 -0.14009769 0.00733633
v 0.05763120 -0.14479266 -0.00760240
v 0.05701179 -0.19085070 -0.00000001
v 0.05937023 -0.19322298 -0.00000001
v 0.05738515 -0.19085270 0.00760242
v 0.05763120 -0.14479266 0.00760242
v 0.06035794 -0.14009769 -0.00733631
v 0.06080759 -0.14010009 0.01098241
v 0.05763120 -0.14479266 -0.00760240
v 0.05738522 -0.19085270 -0.00760240
v 0.05937023 -0.19322298 -0.00000001
v 0.05937023 -0.19322298 -0.00000001
v 0.13509673 -0.19362729 -0.00000000
v 0.13509613 -0.19362739 -0.00002633
v 0.05973214 -0.19322482 0.00737002
v 0.05738515 -0.19085270 0.00760242
v 0.05809718 -0.14479515 0.01138073
v 0.06080766 -0.14009999 -0.01098238
v 0.06143569 -0.14010344 0.01460202
v 0.05874806 -0.14479863 -0.01513162
v 0.05738522 -0.19085270 -0.00760240
v 0.05973215 -0.19322482 -0.00737001
v 0.13509613 -0.19362739 0.00002632
v 0.13639622 0.04964007 0.00000002
v 0.13639538 0.04964020 -0.00002632
v 0.13509613 -0.19362739 -0.00002633
v 0.05946069 -0.19322337 0.00368945
v 0.13509419 -0.19362738 -0.00005260
v 0.06018394 -0.19322723 0.01103283
v 0.05850221 -0.19085866 0.01513163
v 0.05958215 -0.14480308 0.01884607
v 0.06143570 -0.14010344 -0.01460202
v 0.06224061 -0.14010774 0.01818645
v 0.05874806 -0.14479863 -0.01513162
v 0.05850222 -0.19085866 -0.01513163
v 0.05973215 -0.19322482 -0.00737001
v 0.13509419 -0.19362738 0.00005259
v 0.05946069 -0.19322337 -0.00368946
v 0.13639538 0.04964020 0.00002635
v 0.13639622 0.04964007 0.00000002
v 0.13509673 -0.19362729 -0.00000000
v 0.13639538 0.04964020 -0.00002632
v 0.13509097 -0.19362726 -0.00007873
v 0.06018394 -0.19322723 0.01103283
v 0.06018394 -0.19322723 0.01103283
v 0.05933610 -0.19086312 0.01884607
v 0.05958215 -0.14480308 0.01884607
v 0.06224062 -0.14010774 -0.01818645
v 0.06322035 -0.14011288 0.02172708
v 0.05958215 -0.14480298 -0.01884608
v 0.05850222 -0.19085866 -0.01513163
v 0.06018394 -0.19322723 -0.01103283
v 0.06018394 -0.19322723 -0.01103283
v 0.13509097 -0.19362726 0.00007872
v 0.13639538 0.04964020 0.00002635
v 0.13639022 0.04964015 -0.00007873
v 0.13508660 -0.19362734 -0.00010468
v 0.06162360 -0.19323492 0.01826997
v 0.05933610 -0.19086312 0.01884607
v 0.06179159 -0.14481488 0.02612991
v 0.06322036 -0.14011287 -0.02172705
v 0.06437287 -0.14011913 0.02521536
v 0.06179179 -0.14481488 -0.02612990
v 0.06035144 -0.19086854 -0.02251510
v 0.06162361 -0.19323492 -0.01826998
v 0.13508660 -0.19362734 0.00010467
v 0.13639022 0.04964015 0.00007876
v 0.13639022 0.04964015 -0.00007873
v 0.13508064 -0.19362721 -0.00013038
v 0.06162360 -0.19323492 0.01826997
v 0.06260783 -0.19324027 0.02182684
v 0.06154580 -0.19087492 0.02612991
v 0.06179159 -0.14481488 0.02612991
v 0.06437269 -0.14011903 -0.02521534
v 0.06569488 -0.14012609 0.02864290
v 0.06316182 -0.14482220 -0.02968176
v 0.06154581 -0.19087491 -0.02612991
v 0.06260783 -0.19324027 -0.02182683
v 0.06162361 -0.19323492 -0.01826998
v 0.13508064 -0.19362721 0.00013037
v 0.13639022 0.04964015 0.00007876
v 0.13638585 0.04964013 -0.00010468
v 0.13638585 0.04964013 -0.00010468
v 0.13638009 0.04964021 -0.00013038
v 0.13508064 -0.19362721 -0.00013038
v 0.13507359 -0.19362717 -0.00015576
v 0.06376550 -0.19324646 0.02533115
v 0.06291583 -0.19088223 0.02968177
v 0.06316181 -0.14482220 0.02968177
v 0.06569488 -0.14012609 -0.02864288
v 0.06718367 -0.14013414 0.03200141
v 0.06316182 -0.14482220 -0.02968176
v 0.06154581 -0.19087491 -0.02612991
v 0.06376543 -0.19324635 -0.02533114
v 0.13507359 -0.19362717 0.00015575
v 0.13508064 -0.19362721 0.00013037
v 0.13638009 0.04964021 0.00013041
v 0.13638585 0.04964013 0.00010471
v 0.13638009 0.04964021 -0.00013038
v 0.13638585 0.04964013 -0.00010468
v 0.08525928 0.04942511 0.01006467
v 0.13638009 0.04964021 -0.00013038
v 0.06260783 -0.19324027 0.02182684
v 0.13506525 -0.19362713 -0.00018077
v 0.06376550 -0.19324646 0.02533115
v 0.06291583 -0.19088223 0.02968177
v 0.06641601 -0.14483958 0.03656255
v 0.06718374 -0.14013404 -0.03200139
v 0.06883544 -0.14014296 0.03528285
v 0.06641602 -0.14483958 -0.03656253
v 0.06291584 -0.19088223 -0.02968177
v 0.06376543 -0.19324635 -0.02533114
v 0.13506525 -0.19362713 0.00018076
v 0.06260783 -0.19324027 -0.02182683
v 0.13638009 0.04964021 0.00013041
v 0.08525928 0.04942511 -0.01006463
v 0.13638585 0.04964013 0.00010471
v 0.13638009 0.04964021 0.00013041
v 0.13637304 0.04964019 -0.00015577
v 0.13637304 0.04964019 -0.00015577
v 0.13636474 0.04964024 -0.00018078
v 0.13506525 -0.19362713 -0.00018077
v 0.06376550 -0.19324646 0.02533115
v 0.13505591 -0.19362717 -0.00020534
v 0.06509348 -0.19325345 0.02877441
v 0.06658925 -0.19326144 0.03214836
v 0.06445846 -0.19089047 0.03316211
v 0.06617016 -0.19089971 0.03656257
v 0.06641601 -0.14483958 0.03656255
v 0.06883544 -0.14014296 -0.03528284
v 0.07064607 -0.14015263 0.03847929
v 0.06641602 -0.14483958 -0.03656253
v 0.06617023 -0.19089961 -0.03656255
v 0.06445846 -0.19089047 -0.03316209
v 0.06658925 -0.19326143 -0.03214835
v 0.06509355 -0.19325345 -0.02877443
v 0.06509355 -0.19325345 -0.02877443
v 0.13505591 -0.19362717 0.00020533
v 0.13636474 0.04964024 0.00018081
v 0.13637303 0.04964019 0.00015580
v 0.13507359 -0.19362717 0.00015575
v 0.08525905 0.04941982 -0.01267421
v 0.13638009 0.04964021 0.00013041
v 0.13637303 0.04964019 0.00015580
v 0.13636474 0.04964024 -0.00018078
v 0.13635526 0.04964041 -0.00020536
v 0.13504519 -0.19362702 -0.00022941
v 0.06658925 -0.19326144 0.03214836
v 0.06824849 -0.19327040 0.03544487
v 0.06617016 -0.19089971 0.03656257
v 0.06829243 -0.14484960 0.03987493
v 0.07064608 -0.14015253 -0.03847929
v 0.07129964 -0.01780473 0.03847928
v 0.07064607 -0.14015263 0.03847929
v 0.07064607 -0.14015263 0.03847929
v 0.07261154 -0.14016313 0.04158302
v 0.07247174 -0.01781665 0.04033042
v 0.07340270 0.00798166 0.04158301
v 0.07268360 0.00798186 0.04044751
v 0.07032927 -0.14486047 -0.04309123
v 0.06804646 -0.19090963 -0.03987493
v 0.06824863 -0.19327030 -0.03544487
v 0.06658925 -0.19326143 -0.03214835
v 0.13504519 -0.19362702 0.00022940
v 0.13636474 0.04964024 0.00018081
v 0.08525905 0.04940167 0.01906052
v 0.13635526 0.04964041 -0.00020536
v 0.13634468 0.04964035 -0.00022944
v 0.13504519 -0.19362702 -0.00022941
v 0.13503337 -0.19362696 -0.00025294
v 0.06824849 -0.19327040 0.03544487
v 0.06804639 -0.19090963 0.03987494
v 0.07032904 -0.14486048 0.04309124
v 0.07268379 0.00798174 -0.04044749
v 0.07340271 0.00798179 -0.04158300
v 0.07261155 -0.14016312 -0.04158303
v 0.07064608 -0.14015253 -0.03847929
v 0.07247178 -0.01781651 -0.04033040
v 0.07261155 -0.14016312 -0.04158303
v 0.07261154 -0.14016313 0.04158302
v 0.07032927 -0.14486047 -0.04309123
v 0.06804646 -0.19090963 -0.03987493
v 0.06824863 -0.19327030 -0.03544487
v 0.06824863 -0.19327030 -0.03544487
v 0.13503337 -0.19362696 0.00025293
v 0.13634468 0.04964035 0.00022947
v 0.13635526 0.04964041 0.00020539
v 0.13505591 -0.19362717 0.00020533
v 0.08525908 0.04940500 -0.01810436
v 0.13636474 0.04964024 0.00018081
v 0.13635526 0.04964041 0.00020539
v 0.08696598 0.04939260 0.02312390
v 0.13634468 0.04964035 -0.00022944
v 0.13635526 0.04964041 -0.00020536
v 0.13633267 0.04964041 -0.00025297
v 0.13502061 -0.19362689 -0.00027585
v 0.07006748 -0.19328001 0.03865598
v 0.07006748 -0.19328001 0.03865598
v 0.07008303 -0.19092051 0.04309124
v 0.07486342 -0.14488469 0.04920492
v 0.07261155 -0.14016312 -0.04158303
v 0.07472677 -0.14017443 0.04458658
v 0.07486325 -0.14488469 -0.04920491
v 0.07008329 -0.19092051 -0.04309125
v 0.07006749 -0.19328001 -0.03865600
v 0.07006749 -0.19328001 -0.03865600
v 0.13502061 -0.19362689 0.00027584
v 0.13634468 0.04964035 0.00022947
v 0.13634468 0.04964035 0.00022947
v 0.08696598 0.04939261 -0.02312385
v 0.08696598 0.04939260 0.02312390
v 0.08589030 0.04939835 0.02069706
v 0.08525722 0.04872365 0.02095781
v 0.13634468 0.04964035 -0.00022944
v 0.08696598 0.04939260 0.02312390
v 0.13631966 0.04964053 -0.00027589
v 0.13500631 -0.19362691 -0.00029810
v 0.07416699 -0.19330210 0.04479133
v 0.07227517 -0.19093222 0.04620374
v 0.07735001 -0.14489797 0.05208756
v 0.07472678 -0.14017442 -0.04458657
v 0.07698688 -0.14018650 0.04748274
v 0.07486325 -0.14488469 -0.04920491
v 0.07461722 -0.19094472 -0.04920492
v 0.07204192 -0.19329055 -0.04177400
v 0.13500631 -0.19362691 0.00029809
v 0.13631966 0.04964053 0.00027592
v 0.13633267 0.04964041 0.00025300
v 0.08815950 0.04938618 -0.02549498
v 0.08525391 0.04752769 0.02392899
v 0.08625116 0.04725559 0.02650905
v 0.08946810 0.04937919 0.02780474
v 0.13631966 0.04964053 -0.00027589
v 0.13499116 -0.19362683 -0.00031963
v 0.07416699 -0.19330210 0.04479133
v 0.07416699 -0.19330210 0.04479133
v 0.07710403 -0.19095801 0.05208756
v 0.07997478 -0.14491199 0.05484472
v 0.07698692 -0.14018639 -0.04748272
v 0.07938641 -0.14019921 0.05026448
v 0.07997489 -0.14491178 -0.05484472
v 0.07461722 -0.19094472 -0.04920492
v 0.07643756 -0.19331403 -0.04770077
v 0.07416707 -0.19330200 -0.04479132
v 0.13499116 -0.19362683 0.00031962
v 0.13631966 0.04964053 0.00027592
v 0.13631966 0.04964053 0.00027592
v 0.08946791 0.04937932 -0.02780469
v 0.08525723 0.04872365 -0.02095777
v 0.08589030 0.04939835 -0.02069702
v 0.08696598 0.04939261 -0.02312385
v 0.08616932 0.03193023 0.02650906
v 0.08625116 0.04725559 0.02650905
v 0.09088823 0.04937166 0.03004746
v 0.13630556 0.04964060 -0.00029814
v 0.13629041 0.04964069 -0.00031968
v 0.13497508 -0.19362674 -0.00034039
v 0.07884811 -0.19332700 0.05049531
v 0.07972880 -0.19097202 0.05484472
v 0.07997478 -0.14491199 0.05484472
v 0.07938643 -0.14019920 -0.05026449
v 0.08271101 0.00798083 0.05292515
v 0.08520179 0.02879701 0.05519079
v 0.08191942 -0.14021274 0.05292516
v 0.08273193 -0.14492651 -0.05746980
v 0.07972881 -0.19097202 -0.05484474
v 0.07884812 -0.19332700 -0.05049532
v 0.07643756 -0.19331403 -0.04770077
v 0.13497508 -0.19362674 0.00034038
v 0.13630556 0.04964060 0.00029817
v 0.13630556 0.04964060 0.00029817
v 0.09088824 0.04937166 -0.03004743
v 0.08525392 0.04752769 -0.02392893
v 0.08696598 0.04939261 -0.02312385
v 0.08616932 0.03193023 0.02650906
v 0.08761165 0.04724825 0.02891063
v 0.09088823 0.04937166 0.03004746
v 0.13629041 0.04964069 -0.00031968
v 0.13497508 -0.19362674 -0.00034039
v 0.13495765 -0.19362645 -0.00036034
v 0.07884811 -0.19332700 0.05049531
v 0.07884811 -0.19332700 0.05049531
v 0.08248604 -0.19098675 0.05746978
v 0.08273187 -0.14492672 0.05746978
v 0.08191946 -0.14021273 -0.05292517
v 0.08271109 0.00798089 -0.05292509
v 0.08520181 0.02879709 -0.05519071
v 0.08736199 -0.14024190 0.05785789
v 0.08548283 0.02879551 0.05545832
v 0.08561459 -0.14494210 -0.05995637
v 0.08248609 -0.19098674 -0.05746981
v 0.07884812 -0.19332700 -0.05049532
v 0.13495765 -0.19362645 0.00036033
v 0.13497508 -0.19362674 0.00034038
v 0.07643756 -0.19331403 -0.04770077
v 0.13629041 0.04964068 0.00031971
v 0.08761151 0.04724838 -0.02891059
v 0.08616932 0.03193023 -0.02650903
v 0.08616932 0.03193023 0.02650906
v 0.08752962 0.03192304 0.02891064
v 0.08900645 0.03191507 0.03124256
v 0.08908829 0.04724036 0.03124255
v 0.09067749 0.04723188 0.03349922
v 0.09404984 0.04935472 0.03431053
v 0.13627427 0.04964072 -0.00034044
v 0.13629041 0.04964069 -0.00031968
v 0.13627427 0.04964072 -0.00034044
v 0.13625709 0.04964081 -0.00036039
v 0.13495765 -0.19362645 -0.00036034
v 0.07884811 -0.19332700 0.05049531
v 0.13495765 -0.19362645 -0.00036034
v 0.13493962 -0.19362655 -0.00037941
v 0.08139267 -0.19334059 0.05316820
v 0.08536869 -0.19100224 0.05995637
v 0.08861581 -0.14495814 0.06229853
v 0.08548279 0.02879552 -0.05545826
v 0.08458014 -0.14022694 -0.05545834
v 0.08826470 0.02878053 0.05785786
v 0.09025787 -0.14025737 0.06011805
v 0.08520606 0.03030341 0.05328694
v 0.08641532 0.03029701 0.05443835
v 0.08861582 -0.14495813 -0.06229854
v 0.08536876 -0.19100214 -0.05995639
v 0.08139273 -0.19334049 -0.05316821
v 0.13493962 -0.19362655 0.00037940
v 0.13495765 -0.19362645 0.00036033
v 0.07884812 -0.19332700 -0.05049532
v 0.13495765 -0.19362645 0.00036033
v 0.13625709 0.04964081 0.00036042
v 0.13627427 0.04964072 0.00034047
v 0.13629041 0.04964068 0.00031971
v 0.13627427 0.04964072 0.00034047
v 0.09404985 0.04935473 -0.03431048
v 0.13629041 0.04964068 0.00031971
v 0.08761151 0.04724838 -0.02891059
v 0.08616932 0.03193023 -0.02650903
v 0.09059564 0.03190659 0.03349923
v 0.09067749 0.04723188 0.03349922
v 0.13627427 0.04964072 -0.00034044
v 0.13495765 -0.19362645 -0.00036034
v 0.13625709 0.04964081 -0.00036039
v 0.13623897 0.04964091 -0.00037946
v 0.08139267 -0.19334059 0.05316820
v 0.13493962 -0.19362655 -0.00037941
v 0.13492036 -0.19362635 -0.00039757
v 0.08686014 -0.19336979 0.05812357
v 0.08536869 -0.19100224 0.05995637
v 0.09172817 -0.14497476 0.06449062
v 0.08520608 0.03030348 -0.05328691
v 0.08520664 0.03049112 -0.05054981
v 0.08548279 0.02879552 -0.05545826
v 0.09025793 -0.14025726 -0.06011805
v 0.08641532 0.03029701 0.05443835
v 0.09116082 0.02876506 0.06011805
v 0.09025787 -0.14025737 0.06011805
v 0.09599969 0.03187773 0.03976424
v 0.09409669 0.03188789 0.03776521
v 0.09172818 -0.14497475 -0.06449056
v 0.08836984 -0.19101816 -0.06229857
v 0.08406553 -0.19335476 -0.05571302
v 0.13492036 -0.19362635 0.00039756
v 0.13493962 -0.19362655 0.00037940
v 0.08139273 -0.19334049 -0.05316821
v 0.13623897 0.04964091 0.00037950
v 0.13625709 0.04964081 0.00036042
v 0.13495765 -0.19362645 0.00036033
v 0.13627427 0.04964072 0.00034047
v 0.08908810 0.04724057 -0.03124252
v 0.08908810 0.04724057 -0.03124252
v 0.08900646 0.03191508 -0.03124254
v 0.08752962 0.03192304 -0.02891061
v 0.08616932 0.03193023 -0.02650903
v 0.09059564 0.03190659 0.03349923
v 0.09237552 0.04722288 0.03567517
v 0.09761404 0.04933574 0.03824317
v 0.13623897 0.04964091 -0.00037946
v 0.13623897 0.04964091 -0.00037946
v 0.13621985 0.04964101 -0.00039763
v 0.13492036 -0.19362635 -0.00039757
v 0.13490075 -0.19362625 -0.00041477
v 0.08686014 -0.19336979 0.05812357
v 0.08686014 -0.19336979 0.05812357
v 0.09148219 -0.19103479 0.06449062
v 0.09494440 -0.14499194 0.06652730
v 0.09409649 0.03188797 -0.03776517
v 0.09799879 0.03186706 -0.04166744
v 0.09116078 0.02876507 -0.06011801
v 0.09025793 -0.14025726 -0.06011805
v 0.09799883 0.03186705 0.04166749
v 0.09116082 0.02876506 0.06011805
v 0.09326144 -0.14027331 0.06223343
v 0.09636510 -0.14028989 0.06419882
v 0.09726785 0.02873257 0.06419882
v 0.09808067 0.04719246 0.04166748
v 0.09599969 0.03187773 0.03976424
v 0.09172818 -0.14497475 -0.06449056
v 0.08836984 -0.19101816 -0.06229857
v 0.08686020 -0.19336978 -0.05812359
v 0.08686020 -0.19336978 -0.05812359
v 0.13490075 -0.19362625 0.00041476
v 0.13492036 -0.19362635 0.00039756
v 0.13621985 0.04964101 0.00039766
v 0.13623897 0.04964091 0.00037950
v 0.13623897 0.04964091 0.00037950
v 0.09761405 0.04933574 -0.03824311
v 0.09237553 0.04722294 -0.03567514
v 0.09059565 0.03190659 -0.03349919
v 0.09059564 0.03190659 0.03349923
v 0.09229373 0.03189752 0.03567519
v 0.09417833 0.04721331 0.03776520
v 0.09953661 0.04932542 0.04007360
v 0.13621985 0.04964101 -0.00039763
v 0.13621985 0.04964101 -0.00039763
v 0.13619985 0.04964117 -0.00041483
v 0.13490075 -0.19362625 -0.00041477
v 0.13487984 -0.19362614 -0.00043097
v 0.08976957 -0.19338533 0.06039414
v 0.09148219 -0.19103479 0.06449062
v 0.09469842 -0.19105197 0.06652730
v 0.09494440 -0.14499194 0.06652730
v 0.09825676 -0.14500963 0.06840376
v 0.09599965 0.03187773 -0.03976419
v 0.09608149 0.04720315 -0.03976416
v 0.09799879 0.03186706 -0.04166744
v 0.09198880 0.03026726 -0.05901232
v 0.09116078 0.02876507 -0.06011801
v 0.09636512 -0.14028988 -0.06419882
v 0.09326150 -0.14027330 -0.06223339
v 0.09416410 0.02874916 -0.06223332
v 0.09808067 0.04719246 0.04166748
v 0.10008883 0.03185589 0.04347035
v 0.09493729 0.03025132 0.06108880
v 0.09416434 0.02874915 0.06223338
v 0.09726785 0.02873257 0.06419882
v 0.09956152 -0.14030696 0.06600958
v 0.09825673 -0.14500952 -0.06840370
v 0.09469843 -0.19105196 -0.06652732
v 0.09148221 -0.19103468 -0.06449060
v 0.09172818 -0.14497475 -0.06449056
v 0.08976963 -0.19338522 -0.06039412
v 0.13487984 -0.19362614 0.00043096
v 0.13490075 -0.19362625 0.00041476
v 0.13619985 0.04964117 0.00041487
v 0.13621985 0.04964101 0.00039766
v 0.13621985 0.04964101 0.00039766
v 0.09953662 0.04932543 -0.04007356
v 0.09237553 0.04722294 -0.03567514
v 0.09229369 0.03189752 -0.03567516
v 0.10154677 0.04931469 0.04180750
v 0.13619985 0.04964117 -0.00041483
v 0.13617909 0.04964128 -0.00043104
v 0.13487984 -0.19362614 -0.00043097
v 0.08976957 -0.19338533 0.06039414
v 0.13485829 -0.19362602 -0.00044614
v 0.09590490 -0.19341810 0.06449363
v 0.09801078 -0.19106966 0.06840376
v 0.10165721 -0.14502779 0.07011536
v 0.09059565 0.03190659 -0.03349919
v 0.09229369 0.03189752 -0.03567516
v 0.09417834 0.04721338 -0.03776515
v 0.10017048 0.04718131 -0.04347028
v 0.10008864 0.03185597 -0.04347030
v 0.09493705 0.03025145 -0.06108874
v 0.09416410 0.02874916 -0.06223332
v 0.09956174 -0.14030705 -0.06600959
v 0.10234662 0.04716968 0.04516846
v 0.10226477 0.03184427 0.04516848
v 0.09798360 0.03023517 0.06301807
v 0.10046422 0.02871538 0.06600959
v 0.09956152 -0.14030696 0.06600958
v 0.09825673 -0.14500952 -0.06840370
v 0.09801080 -0.19106965 -0.06840377
v 0.09278670 -0.19340134 -0.06251918
v 0.13485829 -0.19362602 0.00044613
v 0.08976963 -0.19338522 -0.06039412
v 0.13617909 0.04964123 0.00043107
v 0.13619985 0.04964117 0.00041487
v 0.13490075 -0.19362625 0.00041476
v 0.13617909 0.04964128 -0.00043104
v 0.13483615 -0.19362600 -0.00046023
v 0.09590490 -0.19341810 0.06449363
v 0.09911587 -0.19343524 0.06631273
v 0.10141123 -0.19108792 0.07011536
v 0.10513760 -0.14504637 0.07165813
v 0.10017048 0.04718131 -0.04347028
v 0.10452122 0.03183230 -0.04675777
v 0.09726786 0.02873258 -0.06419874
v 0.09956174 -0.14030705 -0.06600959
v 0.10460330 0.04715763 0.04675779
v 0.10460330 0.04715763 0.04675779
v 0.10452121 0.03183222 0.04675780
v 0.10685317 0.03181976 0.04823448
v 0.10046422 0.02871538 0.06600959
v 0.10620148 -0.14034251 0.06915006
v 0.10165702 -0.14502768 -0.07011537
v 0.10141119 -0.19108781 -0.07011537
v 0.09911589 -0.19343514 -0.06631268
v 0.09590472 -0.19341799 -0.06449363
v 0.13483615 -0.19362600 0.00046022
v 0.13617909 0.04964123 0.00043107
v 0.13619985 0.04964117 0.00041487
v 0.13617909 0.04964123 0.00043107
v 0.10363931 0.04930357 -0.04344064
v 0.10580979 0.04929192 0.04496920
v 0.13615759 0.04964134 -0.00044621
v 0.13615759 0.04964134 -0.00044621
v 0.13613530 0.04964159 -0.00046030
v 0.13483615 -0.19362600 -0.00046023
v 0.13481321 -0.19362588 -0.00047321
v 0.10241239 -0.19345285 0.06797200
v 0.10141123 -0.19108792 0.07011536
v 0.10868933 -0.14506534 0.07302818
v 0.10460306 0.04715764 -0.04675773
v 0.10452122 0.03183230 -0.04675777
v 0.10112125 0.03021849 -0.06479549
v 0.10374572 0.02869799 -0.06766123
v 0.10284302 -0.14032447 -0.06766131
v 0.10693501 0.04714518 0.04823446
v 0.10925469 0.03180694 0.04959496
v 0.10112123 0.03021829 0.06479554
v 0.10374570 0.02869798 0.06766131
v 0.10962905 -0.14036092 0.07047220
v 0.10513741 -0.14504616 -0.07165808
v 0.10141119 -0.19108781 -0.07011537
v 0.10241246 -0.19345274 -0.06797201
v 0.09911589 -0.19343514 -0.06631268
v 0.13481321 -0.19362588 0.00047320
v 0.13613530 0.04964159 0.00046033
v 0.13615759 0.04964134 0.00044624
v 0.13485829 -0.19362602 0.00044613
v 0.13615759 0.04964134 0.00044624
v 0.10580980 0.04929193 -0.04496915
v 0.10805237 0.04927994 0.04638940
v 0.13613530 0.04964159 -0.00046030
v 0.13613530 0.04964159 -0.00046030
v 0.13478967 -0.19362565 -0.00048505
v 0.10241239 -0.19345285 0.06797200
v 0.10241239 -0.19345285 0.06797200
v 0.10489162 -0.19110641 0.07165813
v 0.10868933 -0.14506534 0.07302818
v 0.10460306 0.04715764 -0.04675773
v 0.10925465 0.03180695 -0.04959493
v 0.10112125 0.03021849 -0.06479549
v 0.10374572 0.02869799 -0.06766123
v 0.10962906 -0.14036081 -0.07047221
v 0.10693501 0.04714518 0.04823446
v 0.11172012 0.03179377 0.05083595
v 0.10434229 0.03020109 0.06641687
v 0.10710413 0.02867992 0.06915000
v 0.11311728 -0.14037954 0.07162455
v 0.10868910 -0.14506523 -0.07302819
v 0.10844332 -0.19112536 -0.07302819
v 0.10578620 -0.19347065 -0.06946761
v 0.10241246 -0.19345274 -0.06797201
v 0.13478967 -0.19362565 0.00048504
v 0.13613530 0.04964159 0.00046033
v 0.13613530 0.04964159 0.00046033
v 0.10805238 0.04927995 -0.04638935
v 0.11036203 0.04926766 0.04769782
v 0.13611250 0.04964159 -0.00047328
v 0.13613530 0.04964159 -0.00046030
v 0.13608887 0.04964171 -0.00048513
v 0.13476564 -0.19362562 -0.00049572
v 0.10578628 -0.19347077 0.06946759
v 0.10578628 -0.19347077 0.06946759
v 0.10844330 -0.19112537 0.07302817
v 0.11230403 -0.14508464 0.07422238
v 0.10693503 0.04714526 -0.04823441
v 0.10925465 0.03180695 -0.04959493
v 0.10434230 0.03020122 -0.06641686
v 0.10710420 0.02868005 -0.06914999
v 0.10962906 -0.14036081 -0.07047221
v 0.11180216 0.04711914 0.05083591
v 0.11172012 0.03179377 0.05083595
v 0.11401993 0.02864292 0.07162450
v 0.11311728 -0.14037954 0.07162455
v 0.11597307 -0.14510423 -0.07523773
v 0.10844332 -0.19112536 -0.07302819
v 0.10922934 -0.19348904 -0.07079580
v 0.13476564 -0.19362562 0.00049571
v 0.13608887 0.04964171 0.00048516
v 0.13613530 0.04964159 0.00046033
v 0.13611250 0.04964159 0.00047331
v 0.11036200 0.04926767 -0.04769779
v 0.13608887 0.04964171 -0.00048513
v 0.13474101 -0.19362539 -0.00050520
v 0.10922932 -0.19348925 0.07079579
v 0.11205805 -0.19114468 0.07422237
v 0.11597310 -0.14510424 0.07523773
v 0.11180203 0.04711927 -0.05083590
v 0.11424346 0.03178030 -0.05195445
v 0.11401994 0.02864300 -0.07162448
v 0.11311699 -0.14037934 -0.07162456
v 0.11432539 0.04710571 0.05195444
v 0.11424349 0.03178030 0.05195448
v 0.11401993 0.02864292 0.07162450
v 0.11665784 -0.14039845 0.07260436
v 0.11968737 -0.14512396 -0.07607182
v 0.11572684 -0.19116426 -0.07523774
v 0.11273371 -0.19350786 -0.07195349
v 0.13474101 -0.19362539 0.00050519
v 0.10578620 -0.19347065 -0.06946761
v 0.13608887 0.04964171 0.00048516
v 0.13604021 0.04964197 -0.00050528
v 0.13471594 -0.19362526 -0.00051346
v 0.11273369 -0.19350797 0.07195347
v 0.11273369 -0.19350797 0.07195347
v 0.11944157 -0.19118411 0.07607188
v 0.11968735 -0.14512407 0.07607189
v 0.11432535 0.04710572 -0.05195442
v 0.11424346 0.03178030 -0.05195445
v 0.11756056 0.02862421 -0.07260430
v 0.11665766 -0.14039825 -0.07260437
v 0.11432539 0.04710571 0.05195444
v 0.11943955 0.03175255 0.05381367
v 0.11790300 0.03012867 0.07126902
v 0.12114495 0.02860494 0.07340925
v 0.12024210 -0.14041750 0.07340930
v 0.12343817 -0.14514389 -0.07672265
v 0.11572684 -0.19116426 -0.07523774
v 0.11629041 -0.19352686 -0.07293779
v 0.11273371 -0.19350786 -0.07195349
v 0.13471594 -0.19362526 0.00051345
v 0.13604021 0.04964197 0.00050531
v 0.13606489 0.04964184 0.00049583
v 0.11515983 0.04924212 -0.04996706
v 0.11763667 0.04922876 0.05092246
v 0.13604021 0.04964197 -0.00050528
v 0.13601524 0.04964223 -0.00051354
v 0.13469046 -0.19362512 -0.00052049
v 0.11629039 -0.19352696 0.07293778
v 0.12319237 -0.19120414 0.07672271
v 0.12343820 -0.14514411 0.07672271
v 0.11690051 0.04709197 -0.05294780
v 0.11681867 0.03176655 -0.05294782
v 0.11790302 0.03012880 -0.07126900
v 0.12114482 0.02860507 -0.07340924
v 0.12386163 -0.14043682 -0.07403736
v 0.11690050 0.04709196 0.05294783
v 0.11943955 0.03175255 0.05381367
v 0.11790300 0.03012867 0.07126902
v 0.12114495 0.02860494 0.07340925
v 0.12750784 -0.14045640 0.07448707
v 0.12721658 -0.14516417 -0.07718864
v 0.11944154 -0.19118410 -0.07607189
v 0.11989141 -0.19354609 -0.07374644
v 0.13469046 -0.19362512 0.00052047
v 0.13601524 0.04964223 0.00051357
v 0.13604021 0.04964197 0.00050531
v 0.11763668 0.04922882 -0.05092243
v 0.13598981 0.04964236 -0.00052057
v 0.13466504 -0.19362509 -0.00052626
v 0.11989139 -0.19354610 0.07374642
v 0.11989139 -0.19354610 0.07374642
v 0.12697058 -0.19122432 0.07718870
v 0.12721656 -0.14516428 0.07718870
v 0.11690051 0.04709197 -0.05294780
v 0.12209953 0.03173835 -0.05454981
v 0.11790302 0.03012880 -0.07126900
v 0.12476443 0.02858574 -0.07403728
v 0.12386163 -0.14043682 -0.07403736
v 0.11952139 0.04707796 0.05381363
v 0.12479279 0.03172396 0.05515460
v 0.12841049 0.02856613 0.07448702
v 0.12750784 -0.14045640 0.07448707
v 0.12721658 -0.14516417 -0.07718864
v 0.12697049 -0.19122431 -0.07718871
v 0.11989141 -0.19354609 -0.07374644
v 0.11989141 -0.19354609 -0.07374644
v 0.13466504 -0.19362509 0.00052624
v 0.13601524 0.04964223 0.00051357
v 0.13598981 0.04964236 -0.00052057
v 0.13463892 -0.19362495 -0.00053076
v 0.12719045 -0.19358517 0.07482907
v 0.13076715 -0.19124459 0.07746875
v 0.13481885 -0.14520488 0.07756214
v 0.11952135 0.04707797 -0.05381359
v 0.12479281 0.03172397 -0.05515457
v 0.12841036 0.02856627 -0.07448700
v 0.12750786 -0.14045629 -0.07448707
v 0.12218140 0.04706376 0.05454982
v 0.12751215 0.03170944 0.05562648
v 0.12855325 0.03007192 0.07311710
v 0.13207410 0.02854669 0.07475724
v 0.13484400 -0.14049548 0.07484743
v 0.13481876 -0.14520487 -0.07756221
v 0.12697049 -0.19122431 -0.07718871
v 0.12352761 -0.19356550 -0.07437735
v 0.13463892 -0.19362495 0.00053074
v 0.13598981 0.04964236 0.00052060
v 0.13596414 0.04964250 -0.00052634
v 0.13461266 -0.19362471 -0.00053398
v 0.12719045 -0.19358517 0.07482907
v 0.13087094 -0.19360483 0.07510059
v 0.13457282 -0.19126492 0.07756214
v 0.13862471 -0.14522521 0.07746875
v 0.12487465 0.04704933 -0.05515452
v 0.12479281 0.03172397 -0.05515457
v 0.12855331 0.03007199 -0.07311708
v 0.12841036 0.02856627 -0.07448700
v 0.13484391 -0.14049547 -0.07484749
v 0.12759404 0.04703473 0.05562643
v 0.12751215 0.03170944 0.05562648
v 0.13207410 0.02854669 0.07475724
v 0.13851654 -0.14051509 0.07475729
v 0.13862468 -0.14522520 -0.07746875
v 0.13457279 -0.19126490 -0.07756221
v 0.12719027 -0.19358506 -0.07482908
v 0.13461266 -0.19362471 0.00053397
v 0.12352761 -0.19356550 -0.07437735
v 0.13596414 0.04964250 0.00052637
v 0.13596414 0.04964250 0.00052637
v 0.12530560 0.04918786 -0.05304473
v 0.13591196 0.04964278 -0.00053407
v 0.13458659 -0.19362457 -0.00053592
v 0.13087094 -0.19360483 0.07510059
v 0.13087094 -0.19360483 0.07510059
v 0.13457282 -0.19126492 0.07756214
v 0.14242109 -0.14524548 0.07718870
v 0.12759406 0.04703486 -0.05562643
v 0.12751216 0.03170944 -0.05562645
v 0.13574666 0.02852709 -0.07484742
v 0.13484391 -0.14049547 -0.07484749
v 0.12759404 0.04703473 0.05562643
v 0.13025146 0.03169481 0.05596436
v 0.13574660 0.02852696 0.07484744
v 0.13851654 -0.14051509 0.07475729
v 0.14242106 -0.14524537 -0.07718870
v 0.13457279 -0.19126490 -0.07756221
v 0.13087076 -0.19360462 -0.07510060
v 0.13087076 -0.19360462 -0.07510060
v 0.13458659 -0.19362457 0.00053591
v 0.13591196 0.04964278 0.00053410
v 0.13055562 0.04915977 0.05382356
v 0.13591196 0.04964278 -0.00053407
v 0.13588569 0.04964292 -0.00053601
v 0.13456008 -0.19362443 -0.00053657
v 0.13456012 -0.19362443 0.07519112
v 0.13824964 -0.19364423 0.07510059
v 0.13837848 -0.19128524 0.07746875
v 0.14619944 -0.14526566 0.07672265
v 0.12759406 0.04703486 -0.05562643
v 0.13025143 0.03169481 -0.05596431
v 0.13574666 0.02852709 -0.07484742
v 0.13851631 -0.14051498 -0.07475729
v 0.13308603 0.04700552 0.05616736
v 0.13300413 0.03168011 0.05616738
v 0.13935986 0.03001408 0.07338237
v 0.13941929 0.02850734 0.07475724
v 0.14582618 -0.14055422 0.07403735
v 0.14619946 -0.14526555 -0.07672271
v 0.13837865 -0.19128523 -0.07746875
v 0.13456009 -0.19362432 -0.07519120
v 0.13456008 -0.19362443 0.00053655
v 0.13591196 0.04964278 0.00053410
v 0.13591196 0.04964278 0.00053410
v 0.13055563 0.04915990 -0.05382353
v 0.13588569 0.04964292 -0.00053601
v 0.13453376 -0.19362429 -0.00053592
v 0.13824964 -0.19364423 0.07510059
v 0.14595346 -0.19132569 0.07672271
v 0.14619944 -0.14526566 0.07672265
v 0.13308599 0.04700553 -0.05616735
v 0.13576347 0.03166538 -0.05623512
v 0.13935987 0.03001421 -0.07338235
v 0.13941931 0.02850748 -0.07475722
v 0.14218006 -0.14053455 -0.07448707
v 0.13584535 0.04699078 0.05623508
v 0.13852283 0.03165063 0.05616738
v 0.14308285 0.02848790 0.07448702
v 0.14582618 -0.14055422 0.07403735
v 0.14995026 -0.14528568 -0.07607182
v 0.14217528 -0.19130551 -0.07718871
v 0.13824951 -0.19364402 -0.07510060
v 0.13824951 -0.19364402 -0.07510060
v 0.13453376 -0.19362429 0.00053591
v 0.13588569 0.04964292 0.00053604
v 0.13585673 0.04913146 0.05408399
v 0.13585957 0.04964294 -0.00053665
v 0.13583311 0.04964313 -0.00053601
v 0.13450754 -0.19362415 -0.00053398
v 0.14193013 -0.19366379 0.07482907
v 0.14559309 -0.19368345 0.07437734
v 0.14970426 -0.19134572 0.07607182
v 0.15366464 -0.14530553 0.07523773
v 0.13584537 0.04699079 -0.05623507
v 0.13576347 0.03166538 -0.05623512
v 0.13935987 0.03001421 -0.07338235
v 0.14672894 0.02846844 -0.07403727
v 0.14944581 -0.14057335 -0.07340931
v 0.13860458 0.04697593 0.05616736
v 0.13852283 0.03165063 0.05616738
v 0.14653488 0.02997576 0.07267565
v 0.15034854 0.02844898 0.07340926
v 0.15303025 -0.14059270 0.07260437
v 0.14995026 -0.14528568 -0.07607182
v 0.14970428 -0.19134561 -0.07607189
v 0.14193010 -0.19366378 -0.07482914
v 0.13450754 -0.19362415 0.00053397
v 0.13583311 0.04964313 0.00053603
v 0.13851055 0.04911721 0.05401887
v 0.13583311 0.04964313 -0.00053601
v 0.13580679 0.04964327 -0.00053407
v 0.13448148 -0.19362401 -0.00053076
v 0.14922909 -0.19370277 0.07374637
v 0.15341861 -0.19136566 0.07523773
v 0.15366464 -0.14530553 0.07523773
v 0.13584537 0.04699079 -0.05623507
v 0.14127522 0.03163594 -0.05596433
v 0.14653490 0.02997596 -0.07267562
v 0.15034856 0.02844899 -0.07340923
v 0.14944581 -0.14057335 -0.07340931
v 0.14135735 0.04696122 0.05596429
v 0.14127525 0.03163593 0.05596435
v 0.14653488 0.02997576 0.07267565
v 0.15393300 0.02842983 0.07260438
v 0.15303025 -0.14059270 0.07260437
v 0.15366441 -0.14530542 -0.07523773
v 0.14970428 -0.19134561 -0.07607189
v 0.14559286 -0.19368334 -0.07437734
v 0.13448148 -0.19362401 0.00053074
v 0.14193010 -0.19366378 -0.07482914
v 0.13583311 0.04964313 0.00053603
v 0.13580679 0.04964327 -0.00053407
v 0.13445561 -0.19362397 -0.00052626
v 0.14922909 -0.19370277 0.07374637
v 0.15283003 -0.19372210 0.07293778
v 0.15341861 -0.19136566 0.07523773
v 0.15733361 -0.14532502 0.07422238
v 0.13860439 0.04697613 -0.05616736
v 0.14401473 0.03162131 -0.05562645
v 0.15393302 0.02842984 -0.07260429
v 0.15303007 -0.14059249 -0.07260437
v 0.14135735 0.04696122 0.05596429
v 0.14401477 0.03162130 0.05562648
v 0.15747332 0.02841105 0.07162451
v 0.16005905 -0.14063023 0.07047221
v 0.16094823 -0.14534431 -0.07302818
v 0.15341853 -0.19136544 -0.07523773
v 0.15283005 -0.19372209 -0.07293779
v 0.13445561 -0.19362397 0.00052624
v 0.14559286 -0.19368334 -0.07437734
v 0.13580679 0.04964327 0.00053410
v 0.13578072 0.04964336 -0.00053085
v 0.13442989 -0.19362383 -0.00052049
v 0.15283003 -0.19372210 0.07293778
v 0.15708778 -0.19138515 0.07422238
v 0.16094821 -0.14534432 0.07302818
v 0.14409652 0.04694668 -0.05562644
v 0.14401473 0.03162131 -0.05562645
v 0.15360640 0.02993819 -0.07126900
v 0.15747333 0.02841106 -0.07162448
v 0.15657064 -0.14061140 -0.07162455
v 0.14681621 0.04693220 0.05515454
v 0.14673427 0.03160678 0.05515460
v 0.16096180 0.02839230 0.07047216
v 0.16005905 -0.14063023 0.07047221
v 0.16094823 -0.14534431 -0.07302818
v 0.16070225 -0.19140434 -0.07302818
v 0.15638676 -0.19374099 -0.07195348
v 0.13442989 -0.19362383 0.00052047
v 0.14922906 -0.19370276 -0.07374643
v 0.13578072 0.04964336 0.00053087
v 0.14640788 0.04907511 0.05304479
v 0.13575466 0.04964355 -0.00052634
v 0.13572898 0.04964368 -0.00052057
v 0.13440446 -0.19362369 -0.00051346
v 0.15638679 -0.19374109 0.07195348
v 0.15638679 -0.19374109 0.07195348
v 0.16425422 -0.19142343 0.07165814
v 0.16450015 -0.14536339 0.07165807
v 0.14409652 0.04694668 -0.05562644
v 0.14942717 0.03159248 -0.05454981
v 0.15708182 0.02991957 -0.07030721
v 0.16096182 0.02839243 -0.07047213
v 0.16348642 -0.14064843 -0.06915006
v 0.14950910 0.04691781 0.05454980
v 0.14942716 0.03159240 0.05454983
v 0.16050589 0.02990128 0.06917604
v 0.16438921 0.02837412 0.06915001
v 0.16348641 -0.14064844 0.06915006
v 0.16450002 -0.14536318 -0.07165814
v 0.16425424 -0.19142342 -0.07165814
v 0.15989112 -0.19375980 -0.07079580
v 0.15638676 -0.19374099 -0.07195348
v 0.13440446 -0.19362369 0.00051345
v 0.13575466 0.04964355 0.00052637
v 0.13575466 0.04964355 0.00052637
v 0.14640784 0.04907512 -0.05304477
v 0.14899783 0.04906120 0.05246318
v 0.13572898 0.04964368 -0.00052057
v 0.13570356 0.04964389 -0.00051355
v 0.13437944 -0.19362346 -0.00050520
v 0.16333426 -0.19377810 0.06946760
v 0.16425422 -0.19142343 0.07165814
v 0.17138083 -0.14540014 0.06840370
v 0.14950906 0.04691782 -0.05454981
v 0.15208739 0.03157820 -0.05381363
v 0.16438917 0.02837413 -0.06914998
v 0.16348642 -0.14064843 -0.06915006
v 0.15216927 0.04690361 0.05381362
v 0.15208738 0.03157819 0.05381365
v 0.16774759 0.02835618 0.06766126
v 0.17012637 -0.14068390 0.06600958
v 0.16798031 -0.14538187 -0.07011536
v 0.16773437 -0.19144200 -0.07011536
v 0.16333427 -0.19377799 -0.06946760
v 0.13437944 -0.19362346 0.00050519
v 0.13570356 0.04964389 0.00051357
v 0.13572898 0.04964368 0.00052060
v 0.14899780 0.04906133 -0.05246315
v 0.15155626 0.04904761 0.05175514
v 0.13570356 0.04964389 -0.00051355
v 0.13570356 0.04964389 -0.00051355
v 0.13567869 0.04964395 -0.00050528
v 0.13437944 -0.19362346 -0.00050520
v 0.13435481 -0.19362333 -0.00049572
v 0.16333426 -0.19377810 0.06946760
v 0.16333426 -0.19377810 0.06946760
v 0.17113500 -0.19146017 0.06840376
v 0.17138083 -0.14540014 0.06840370
v 0.15216933 0.04690362 -0.05381361
v 0.15208739 0.03157820 -0.05381363
v 0.16774761 0.02835619 -0.06766123
v 0.17012639 -0.14068389 -0.06600958
v 0.15216927 0.04690361 0.05381362
v 0.15728337 0.03155045 0.05195448
v 0.16387028 0.02988337 0.06787824
v 0.16774759 0.02835618 0.06766126
v 0.17332279 -0.14070097 0.06419882
v 0.17138085 -0.14539993 -0.06840376
v 0.16773437 -0.19144200 -0.07011536
v 0.16670811 -0.19379611 -0.06797201
v 0.16333427 -0.19377799 -0.06946760
v 0.13435481 -0.19362333 0.00049571
v 0.13437944 -0.19362346 0.00050519
v 0.13567869 0.04964395 0.00050531
v 0.13570356 0.04964389 0.00051357
v 0.13570356 0.04964389 0.00051357
v 0.15155627 0.04904762 -0.05175513
v 0.13567869 0.04964395 -0.00050528
v 0.13433083 -0.19362320 -0.00048505
v 0.16670804 -0.19379612 0.06797200
v 0.16670804 -0.19379612 0.06797200
v 0.17444706 -0.19147786 0.06652731
v 0.17469309 -0.14541783 0.06652731
v 0.15216933 0.04690362 -0.05381361
v 0.15728334 0.03155045 -0.05195446
v 0.16387025 0.02988338 -0.06787821
v 0.16774761 0.02835619 -0.06766123
v 0.17332281 -0.14070096 -0.06419881
v 0.15736522 0.04687574 0.05195445
v 0.15728337 0.03155045 0.05195448
v 0.17038815 0.02984850 0.06479552
v 0.17102883 0.02833854 0.06600953
v 0.17422524 0.02832147 0.06419881
v 0.17332279 -0.14070097 0.06419882
v 0.17642621 -0.14071754 0.06223340
v 0.17790944 -0.14543499 -0.06449062
v 0.17444733 -0.19147785 -0.06652731
v 0.17000458 -0.19381371 -0.06631274
v 0.16670811 -0.19379611 -0.06797201
v 0.13433083 -0.19362320 0.00048504
v 0.13567869 0.04964395 0.00050531
v 0.15655346 0.04902093 0.04996709
v 0.13565406 0.04964403 -0.00049580
v 0.13563003 0.04964416 -0.00048513
v 0.13430714 -0.19362308 -0.00047321
v 0.17000456 -0.19381382 0.06631273
v 0.17321573 -0.19383097 0.06449363
v 0.17766360 -0.19149504 0.06449062
v 0.18102178 -0.14545162 0.06229851
v 0.15736528 0.04687587 -0.05195443
v 0.15728334 0.03155045 -0.05195446
v 0.17038836 0.02984851 -0.06479551
v 0.17102884 0.02833867 -0.06600950
v 0.17642628 -0.14071744 -0.06223343
v 0.17332281 -0.14070096 -0.06419881
v 0.17422526 0.02832160 -0.06419877
v 0.15988864 0.04686226 0.05083592
v 0.15980665 0.03153697 0.05083595
v 0.17038815 0.02984850 0.06479552
v 0.17422524 0.02832147 0.06419881
v 0.17642621 -0.14071754 0.06223340
v 0.18102205 -0.14545152 -0.06229854
v 0.17790944 -0.14543499 -0.06449062
v 0.17766341 -0.19149492 -0.06449063
v 0.17444733 -0.19147785 -0.06652731
v 0.17000458 -0.19381371 -0.06631274
v 0.17000458 -0.19381371 -0.06631274
v 0.13430714 -0.19362308 0.00047319
v 0.13565406 0.04964403 0.00049583
v 0.13565406 0.04964403 0.00049583
v 0.15655341 0.04902093 -0.04996707
v 0.15898015 0.04900797 0.04889134
v 0.13563003 0.04964416 -0.00048513
v 0.13560649 0.04964434 -0.00047329
v 0.13428425 -0.19362305 -0.00046023
v 0.17321573 -0.19383097 0.06449363
v 0.18077600 -0.19151166 0.06229855
v 0.18402302 -0.14546765 0.05995636
v 0.15736528 0.04687587 -0.05195443
v 0.15980666 0.03153698 -0.05083593
v 0.17038836 0.02984851 -0.06479551
v 0.17657231 0.02981548 -0.06108878
v 0.17732928 0.02830502 -0.06223335
v 0.17422526 0.02832160 -0.06419877
v 0.17642628 -0.14071744 -0.06223343
v 0.16235387 0.04684922 0.04959492
v 0.16467360 0.03151098 0.04823448
v 0.17732921 0.02830489 0.06223336
v 0.17942973 -0.14073348 0.06011805
v 0.18402308 -0.14546754 -0.05995637
v 0.17766341 -0.19149492 -0.06449063
v 0.17321574 -0.19383086 -0.06449362
v 0.13428425 -0.19362305 0.00046021
v 0.13560649 0.04964434 0.00047331
v 0.13563003 0.04964416 0.00048515
v 0.15898016 0.04900797 -0.04889132
v 0.16135138 0.04899530 0.04769782
v 0.13560649 0.04964434 -0.00047329
v 0.13560649 0.04964434 -0.00047329
v 0.17321573 -0.19383097 0.06449363
v 0.13426206 -0.19362284 -0.00044614
v 0.17633365 -0.19384752 0.06251917
v 0.18377704 -0.19152769 0.05995638
v 0.18690568 -0.14548305 0.05746979
v 0.16235388 0.04684923 -0.04959489
v 0.16227204 0.03152389 -0.04959492
v 0.17657231 0.02981548 -0.06108878
v 0.18033274 0.02828898 -0.06011802
v 0.18232611 -0.14074904 -0.05785790
v 0.16235387 0.04684922 0.04959492
v 0.16475539 0.04683634 0.04823445
v 0.16467360 0.03151098 0.04823448
v 0.16700546 0.03149853 0.04675781
v 0.17952075 0.02979960 0.05901235
v 0.18033278 0.02828897 0.06011804
v 0.18232590 -0.14074895 0.05785786
v 0.18690579 -0.14548294 -0.05746978
v 0.18077602 -0.19151165 -0.06229856
v 0.17633347 -0.19384741 -0.06251922
v 0.17633347 -0.19384741 -0.06251922
v 0.13426206 -0.19362284 0.00044612
v 0.13560649 0.04964434 0.00047331
v 0.13563003 0.04964416 0.00048515
v 0.13560649 0.04964434 0.00047331
v 0.16135120 0.04899531 -0.04769780
v 0.16366110 0.04898297 0.04638939
v 0.13558370 0.04964441 -0.00046030
v 0.13558370 0.04964441 -0.00046030
v 0.13556136 0.04964453 -0.00044621
v 0.13426206 -0.19362284 -0.00044614
v 0.17633365 -0.19384752 0.06251917
v 0.13424061 -0.19362262 -0.00043098
v 0.17935087 -0.19386363 0.06039413
v 0.18377704 -0.19152769 0.05995638
v 0.18966267 -0.14549777 0.05484474
v 0.16475541 0.04683640 -0.04823442
v 0.16700547 0.03149853 -0.04675778
v 0.18322871 0.02827352 -0.05785782
v 0.18232611 -0.14074904 -0.05785790
v 0.16475539 0.04683634 0.04823445
v 0.16926235 0.03148647 0.04516848
v 0.17952075 0.02979960 0.05901235
v 0.18601057 0.02825865 0.05545832
v 0.18776843 -0.14077812 0.05292517
v 0.18690579 -0.14548294 -0.05746978
v 0.18377705 -0.19152757 -0.05995638
v 0.18226046 -0.19387916 -0.05812359
v 0.13424061 -0.19362262 0.00043096
v 0.13426206 -0.19362284 0.00044612
v 0.13556136 0.04964453 0.00044624
v 0.13558370 0.04964441 0.00046033
v 0.13556136 0.04964453 -0.00044621
v 0.13553976 0.04964457 -0.00043104
v 0.13424061 -0.19362262 -0.00043098
v 0.13421985 -0.19362261 -0.00041478
v 0.18226014 -0.19387927 0.05812358
v 0.18226014 -0.19387927 0.05812358
v 0.18941679 -0.19155780 0.05484473
v 0.18966267 -0.14549777 0.05484474
v 0.16708736 0.04682395 -0.04675776
v 0.16700547 0.03149853 -0.04675778
v 0.18322871 0.02827352 -0.05785782
v 0.18510778 -0.14076390 -0.05545834
v 0.16708740 0.04682394 0.04675777
v 0.17143804 0.03147485 0.04347035
v 0.18509407 0.02977003 0.05443834
v 0.18601057 0.02825865 0.05545832
v 0.18776843 -0.14077812 0.05292517
v 0.19228781 -0.14551178 -0.05208757
v 0.18665972 -0.19154297 -0.05746979
v 0.18505493 -0.19389419 -0.05571300
v 0.13421985 -0.19362261 0.00041476
v 0.17935093 -0.19386352 -0.06039415
v 0.13424061 -0.19362262 0.00043096
v 0.13553961 0.04964477 0.00043107
v 0.13556136 0.04964453 0.00044624
v 0.13556136 0.04964453 0.00044624
v 0.16590359 0.04897105 -0.04496918
v 0.13553976 0.04964457 -0.00043104
v 0.13551895 0.04964488 -0.00041484
v 0.13421985 -0.19362261 -0.00041478
v 0.13419979 -0.19362250 -0.00039757
v 0.18772775 -0.19390847 0.05316822
v 0.19204182 -0.19157182 0.05208756
v 0.19228780 -0.14551179 0.05208756
v 0.16934405 0.04681190 -0.04516843
v 0.16926210 0.03148648 -0.04516844
v 0.18509408 0.02977004 -0.05443831
v 0.18601038 0.02825873 -0.05545825
v 0.18776844 -0.14077811 -0.05292517
v 0.16934404 0.04681189 0.04516845
v 0.17143804 0.03147485 0.04347035
v 0.18509407 0.02977003 0.05443834
v 0.19120430 0.02823091 0.05026446
v 0.19270097 -0.14080446 0.04748272
v 0.19477447 -0.14552506 -0.04920494
v 0.19204184 -0.19157181 -0.05208759
v 0.18772776 -0.19390836 -0.05316822
v 0.18505493 -0.19389419 -0.05571300
v 0.13419979 -0.19362250 0.00039755
v 0.13553961 0.04964477 0.00043107
v 0.13556136 0.04964453 0.00044624
v 0.13553961 0.04964477 0.00043107
v 0.16807399 0.04895946 -0.04344064
v 0.17016661 0.04894823 0.04180749
v 0.13551895 0.04964488 -0.00041484
v 0.13553976 0.04964457 -0.00043104
v 0.13551895 0.04964488 -0.00041484
v 0.18505492 -0.19389419 0.05571301
v 0.13418093 -0.19362250 -0.00037941
v 0.19027243 -0.19392196 0.05049529
v 0.19204182 -0.19157182 0.05208756
v 0.19711645 -0.14553758 0.04620372
v 0.17151995 0.04680027 -0.04347029
v 0.17352811 0.03146370 -0.04166745
v 0.18770559 0.02975609 -0.05195172
v 0.18509408 0.02977004 -0.05443831
v 0.17352811 0.03146370 -0.04166745
v 0.19120410 0.02823100 -0.05026445
v 0.19270125 -0.14080445 -0.04748276
v 0.17360999 0.04678911 0.04166745
v 0.17352810 0.03146369 0.04166749
v 0.19019222 0.02974274 0.04934001
v 0.19360367 0.02821810 0.04748271
v 0.19270097 -0.14080446 0.04748272
v 0.19477447 -0.14552506 -0.04920494
v 0.19204184 -0.19157181 -0.05208759
v 0.19027251 -0.19392195 -0.05049532
v 0.13418093 -0.19362250 0.00037939
v 0.13551895 0.04964488 0.00041486
v 0.13551895 0.04964488 0.00041486
v 0.17016662 0.04894823 -0.04180747
v 0.13549904 0.04964491 -0.00039763
v 0.13416275 -0.19362240 -0.00036034
v 0.19027243 -0.19392196 0.05049529
v 0.19268284 -0.19393483 0.04770076
v 0.19452824 -0.19158510 0.04920493
v 0.19930844 -0.14554928 0.04309122
v 0.17360995 0.04678911 -0.04166744
v 0.17352811 0.03146370 -0.04166745
v 0.17743044 0.03144286 -0.03776517
v 0.19019224 0.02974281 -0.04933998
v 0.19360364 0.02821811 -0.04748269
v 0.19270125 -0.14080445 -0.04748276
v 0.17360999 0.04678911 0.04166745
v 0.17743043 0.03144285 0.03776520
v 0.19019222 0.02974274 0.04934001
v 0.19586384 0.02820603 0.04458656
v 0.19707656 -0.14082792 0.04158301
v 0.19711656 -0.14553757 -0.04620373
v 0.19452825 -0.19158509 -0.04920494
v 0.19268285 -0.19393482 -0.04770079
v 0.19027251 -0.19392195 -0.05049532
v 0.13416275 -0.19362240 0.00036032
v 0.13549904 0.04964491 0.00039766
v 0.17409928 0.04892728 0.03824316
v 0.13548002 0.04964501 -0.00037947
v 0.13549904 0.04964491 -0.00039763
v 0.13548002 0.04964501 -0.00037947
v 0.13414547 -0.19362231 -0.00034040
v 0.19268284 -0.19393483 0.04770076
v 0.19268284 -0.19393483 0.04770076
v 0.19687042 -0.19159761 0.04620373
v 0.19930844 -0.14554928 0.04309122
v 0.17360995 0.04678911 -0.04166744
v 0.17743044 0.03144286 -0.03776517
v 0.19019224 0.02974281 -0.04933998
v 0.19586385 0.02820604 -0.04458654
v 0.19707657 -0.14082791 -0.04158305
v 0.17751203 0.04676814 0.03776519
v 0.17743043 0.03144285 0.03776520
v 0.19797911 0.02819474 0.04158301
v 0.19707656 -0.14082792 0.04158301
v 0.19904185 -0.14083832 0.03847929
v 0.19994458 0.02818411 0.03847928
v 0.19930852 -0.14554907 -0.04309124
v 0.19687048 -0.19159760 -0.04620374
v 0.19268285 -0.19393482 -0.04770079
v 0.19268285 -0.19393482 -0.04770079
v 0.13414547 -0.19362231 0.00034038
v 0.13548002 0.04964501 0.00037949
v 0.13549904 0.04964491 0.00039766
v 0.13548002 0.04964501 0.00037949
v 0.17409924 0.04892728 -0.03824314
v 0.17592969 0.04891745 0.03632059
v 0.13546180 0.04964506 -0.00036039
v 0.13544462 0.04964515 -0.00034045
v 0.13412924 -0.19362213 -0.00031964
v 0.19495330 -0.19394705 0.04479131
v 0.19495330 -0.19394705 0.04479131
v 0.19930844 -0.14554928 0.04309122
v 0.19906246 -0.19160931 0.04309124
v 0.20109910 -0.19162019 0.03987494
v 0.20322157 -0.14557018 0.03656254
v 0.17751204 0.04676827 -0.03776516
v 0.17743044 0.03144286 -0.03776517
v 0.19476631 0.02971832 -0.04376651
v 0.19586385 0.02820604 -0.04458654
v 0.19904186 -0.14083821 -0.03847931
v 0.19707657 -0.14082791 -0.04158305
v 0.19797919 0.02819474 -0.04158299
v 0.17931508 0.04675859 0.03567517
v 0.17923319 0.03143323 0.03567519
v 0.19684270 0.02970722 0.04081824
v 0.19994458 0.02818411 0.03847928
v 0.19904185 -0.14083832 0.03847929
v 0.20322178 -0.14557017 -0.03656255
v 0.20134529 -0.14556005 -0.03987494
v 0.20109911 -0.19162008 -0.03987495
v 0.19906247 -0.19160911 -0.04309125
v 0.19495331 -0.19394695 -0.04479134
v 0.19495331 -0.19394695 -0.04479134
v 0.13412924 -0.19362213 0.00031962
v 0.13546180 0.04964506 0.00036041
v 0.13546180 0.04964506 0.00036041
v 0.17592970 0.04891746 -0.03632057
v 0.13544462 0.04964515 -0.00034045
v 0.13542848 0.04964524 -0.00031968
v 0.13412924 -0.19362213 -0.00031964
v 0.13411414 -0.19362205 -0.00029811
v 0.19707838 -0.19395820 0.04177398
v 0.20109910 -0.19162019 0.03987494
v 0.20322157 -0.14557018 0.03656254
v 0.17751204 0.04676827 -0.03776516
v 0.18093123 0.03142416 -0.03349920
v 0.19476631 0.02971832 -0.04376651
v 0.19994466 0.02818424 -0.03847926
v 0.20085272 -0.14084798 -0.03528286
v 0.18101312 0.04674952 0.03349920
v 0.18252043 0.03141567 0.03124257
v 0.20175542 0.02817444 0.03528284
v 0.20085271 -0.14084799 0.03528283
v 0.20322178 -0.14557017 -0.03656255
v 0.20297560 -0.19163010 -0.03656257
v 0.19905295 -0.19396884 -0.03865601
v 0.13411414 -0.19362205 0.00029809
v 0.13412924 -0.19362213 0.00031962
v 0.13542848 0.04964524 0.00031970
v 0.13544462 0.04964515 0.00034047
v 0.13542848 0.04964524 -0.00031968
v 0.13541324 0.04964544 -0.00029814
v 0.13411414 -0.19362205 -0.00029811
v 0.19707838 -0.19395820 0.04177398
v 0.13409999 -0.19362207 -0.00027586
v 0.19905291 -0.19396885 0.03865599
v 0.20468730 -0.19163935 0.03316210
v 0.20493315 -0.14557932 0.03316209
v 0.18101313 0.04674958 -0.03349918
v 0.18252043 0.03141567 -0.03124254
v 0.20175550 0.02817457 -0.03528282
v 0.20085272 -0.14084798 -0.03528286
v 0.18260252 0.04674096 0.03124255
v 0.18252043 0.03141567 0.03124257
v 0.20054926 0.02968743 0.03463393
v 0.20340686 0.02816575 0.03200141
v 0.20399321 -0.14086476 0.02864286
v 0.20493322 -0.14557931 -0.03316212
v 0.20468738 -0.19163935 -0.03316212
v 0.19905295 -0.19396884 -0.03865601
v 0.19905295 -0.19396884 -0.03865601
v 0.13409999 -0.19362207 0.00027584
v 0.13411414 -0.19362205 0.00029809
v 0.13541324 0.04964544 0.00029817
v 0.13542848 0.04964524 0.00031970
v 0.18082515 0.04889131 0.03004746
v 0.13541324 0.04964544 -0.00029814
v 0.13542848 0.04964524 -0.00031968
v 0.13541324 0.04964544 -0.00029814
v 0.13408698 -0.19362190 -0.00025294
v 0.20087180 -0.19397846 0.03544486
v 0.20087180 -0.19397846 0.03544486
v 0.20622986 -0.19164759 0.02968174
v 0.20647584 -0.14558756 0.02968174
v 0.18101313 0.04674958 -0.03349918
v 0.18252043 0.03141567 -0.03124254
v 0.20054926 0.02968750 -0.03463390
v 0.20175550 0.02817457 -0.03528282
v 0.20399322 -0.14086476 -0.02864290
v 0.18407915 0.04673315 0.02891062
v 0.18535756 0.03140052 0.02650905
v 0.20054926 0.02968743 0.03463393
v 0.20489573 0.02815780 0.02864287
v 0.20531527 -0.14087182 0.02521535
v 0.20647585 -0.14558755 -0.02968176
v 0.20622987 -0.19164759 -0.02968178
v 0.20087181 -0.19397845 -0.03544488
v 0.20087181 -0.19397845 -0.03544488
v 0.13408698 -0.19362190 0.00025292
v 0.13541324 0.04964544 0.00029817
v 0.13542848 0.04964524 0.00031970
v 0.13541324 0.04964544 0.00029817
v 0.18082520 0.04889131 -0.03004743
v 0.18224538 0.04888372 0.02780474
v 0.13539914 0.04964552 -0.00027589
v 0.13539914 0.04964552 -0.00027589
v 0.13538608 0.04964551 -0.00025297
v 0.13408698 -0.19362190 -0.00025294
v 0.13407516 -0.19362194 -0.00022942
v 0.20402682 -0.19399551 0.02877440
v 0.20622986 -0.19164759 0.02968174
v 0.20784587 -0.14559487 0.02612990
v 0.18407916 0.04673315 -0.02891060
v 0.18535756 0.03140052 -0.02650904
v 0.20054926 0.02968750 -0.03463390
v 0.20489574 0.02815780 -0.02864285
v 0.20399322 -0.14086476 -0.02864290
v 0.18407915 0.04673315 0.02891062
v 0.18535756 0.03140052 0.02650905
v 0.20363182 0.02967103 0.02811609
v 0.20621773 0.02815061 0.02521535
v 0.20531527 -0.14087182 0.02521535
v 0.20784588 -0.14559487 -0.02612993
v 0.20622987 -0.19164759 -0.02968178
v 0.20402682 -0.19399550 -0.02877442
v 0.13407516 -0.19362194 0.00022940
v 0.13408698 -0.19362190 0.00025292
v 0.13538608 0.04964551 0.00025299
v 0.13539914 0.04964552 0.00027591
v 0.13539914 0.04964552 0.00027591
v 0.18224544 0.04888373 -0.02780471
v 0.18355374 0.04887686 0.02549501
v 0.13538608 0.04964551 -0.00025297
v 0.13538608 0.04964551 -0.00025297
v 0.13406444 -0.19362178 -0.00020534
v 0.20402682 -0.19399551 0.02877440
v 0.20402682 -0.19399551 0.02877440
v 0.20759989 -0.19165491 0.02612991
v 0.20904005 -0.14560125 0.02251511
v 0.18407916 0.04673315 -0.02891060
v 0.18535756 0.03140052 -0.02650904
v 0.20363183 0.02967103 -0.02811605
v 0.20621773 0.02815062 -0.02521533
v 0.20531528 -0.14087172 -0.02521536
v 0.18668038 0.04671926 0.02404360
v 0.18659849 0.03139397 0.02404362
v 0.20737006 0.02814459 0.02172708
v 0.20744721 -0.14088321 0.01818644
v 0.20904005 -0.14560125 -0.02251513
v 0.20759990 -0.19165490 -0.02612993
v 0.20535513 -0.19400250 -0.02533116
v 0.20402682 -0.19399550 -0.02877442
v 0.13406444 -0.19362178 0.00020532
v 0.13538608 0.04964551 0.00025299
v 0.13538608 0.04964551 0.00025299
v 0.18355374 0.04887686 -0.02549500
v 0.18474715 0.04887036 0.02312389
v 0.13537431 0.04964558 -0.00022944
v 0.13538608 0.04964551 -0.00025297
v 0.13536354 0.04964571 -0.00020536
v 0.13405491 -0.19362173 -0.00018077
v 0.20651254 -0.19400869 0.02182685
v 0.20879407 -0.19166128 0.02251511
v 0.21088966 -0.14561103 0.01513163
v 0.18668044 0.04671931 -0.02404359
v 0.18771733 0.03138792 -0.02152024
v 0.20363183 0.02967103 -0.02811605
v 0.20737006 0.02814459 -0.02172706
v 0.20646761 -0.14087797 -0.02172709
v 0.18779902 0.04671333 0.02152024
v 0.18871054 0.03138261 0.01894504
v 0.20606105 0.02965787 0.02132747
v 0.20737006 0.02814459 0.02172708
v 0.20744721 -0.14088321 0.01818644
v 0.21088966 -0.14561103 -0.01513164
v 0.20879407 -0.19166128 -0.02251513
v 0.20651254 -0.19400868 -0.02182686
v 0.13405491 -0.19362173 0.00018075
v 0.13536354 0.04964571 0.00020539
v 0.13538608 0.04964551 0.00025299
v 0.13537431 0.04964558 0.00022947
v 0.18474716 0.04887037 -0.02312388
v 0.13536354 0.04964571 -0.00020536
v 0.13404666 -0.19362169 -0.00015576
v 0.20651254 -0.19400869 0.02182685
v 0.20651254 -0.19400869 0.02182685
v 0.21064368 -0.19167116 0.01513162
v 0.21088966 -0.14561103 0.01513163
v 0.18779902 0.04671334 -0.02152022
v 0.18771733 0.03138792 -0.02152024
v 0.20606106 0.02965787 -0.02132747
v 0.20737006 0.02814459 -0.02172706
v 0.20744728 -0.14088310 -0.01818646
v 0.18879233 0.04670803 0.01894504
v 0.18957639 0.03137799 0.01632420
v 0.20834999 0.02813923 0.01818644
v 0.20888024 -0.14089076 0.01098239
v 0.21088966 -0.14561103 -0.01513164
v 0.20980947 -0.19166670 -0.01884609
v 0.20651254 -0.19400868 -0.02182686
v 0.20651254 -0.19400868 -0.02182686
v 0.13404666 -0.19362169 0.00015574
v 0.13536354 0.04964571 0.00020539
v 0.13536354 0.04964571 0.00020539
v 0.18582294 0.04886462 -0.02069703
v 0.13534591 0.04964573 -0.00015577
v 0.13403986 -0.19362165 -0.00013038
v 0.20749682 -0.19401394 0.01826996
v 0.21129456 -0.19167464 0.01138072
v 0.21200633 -0.14561709 0.00760241
v 0.18879234 0.04670803 -0.01894503
v 0.18957639 0.03137799 -0.01632419
v 0.20834999 0.02813923 -0.01818643
v 0.20825227 -0.14088750 -0.01460203
v 0.18879233 0.04670803 0.01894504
v 0.18957639 0.03137799 0.01632420
v 0.20702276 0.02965286 0.01785197
v 0.20978288 0.02813158 0.01098240
v 0.20932988 -0.14089336 0.00733632
v 0.21200633 -0.14561709 -0.00760244
v 0.21129456 -0.19167464 -0.01138075
v 0.20749683 -0.19401384 -0.01826998
v 0.13403986 -0.19362165 0.00013036
v 0.13535420 0.04964568 0.00018081
v 0.18761105 0.04885512 0.01569976
v 0.13404666 -0.19362169 -0.00015576
v 0.13534591 0.04964573 -0.00015577
v 0.13533886 0.04964572 -0.00013039
v 0.13403405 -0.19362172 -0.00010469
v 0.20830539 -0.19401826 0.01466906
v 0.20830539 -0.19401826 0.01466906
v 0.21176048 -0.19167712 0.00760241
v 0.21228643 -0.14561859 0.00380577
v 0.18879234 0.04670803 -0.01894503
v 0.19031257 0.03137406 -0.01366401
v 0.20702276 0.02965286 -0.01785195
v 0.20978289 0.02813158 -0.01098238
v 0.20932988 -0.14089335 -0.00733635
v 0.18965805 0.04670341 0.01632419
v 0.19091723 0.03137083 0.01097094
v 0.20842943 0.02964535 0.01078042
v 0.20978288 0.02813158 0.01098240
v 0.20960049 -0.14089480 0.00367257
v 0.21228643 -0.14561859 -0.00380580
v 0.21176048 -0.19167712 -0.00760244
v 0.20830540 -0.19401826 -0.01466909
v 0.20830540 -0.19401826 -0.01466909
v 0.13403405 -0.19362172 0.00010467
v 0.13533886 0.04964572 0.00013041
v 0.13534591 0.04964573 0.00015580
v 0.13404666 -0.19362169 0.00015574
v 0.13535420 0.04964568 0.00018081
v 0.13534591 0.04964573 0.00015580
v 0.18761105 0.04885507 -0.01569975
v 0.13534591 0.04964573 -0.00015577
v 0.13533886 0.04964572 -0.00013039
v 0.13402943 -0.19362159 -0.00007874
v 0.20893642 -0.19402163 0.01103282
v 0.20893642 -0.19402163 0.01103282
v 0.21204058 -0.19167862 0.00380577
v 0.21228643 -0.14561859 0.00380577
v 0.18965806 0.04670341 -0.01632418
v 0.19091723 0.03137083 -0.01097092
v 0.20842943 0.02964535 -0.01078040
v 0.20978289 0.02813158 -0.01098238
v 0.20932988 -0.14089335 -0.00733635
v 0.19099903 0.04669624 0.01097093
v 0.19091723 0.03137083 0.01097094
v 0.20842943 0.02964535 0.01078042
v 0.21023247 0.02812930 0.00733634
v 0.20960049 -0.14089480 0.00367257
v 0.21228643 -0.14561859 -0.00380580
v 0.21204059 -0.19167862 -0.00380580
v 0.20893643 -0.19402163 -0.01103285
v 0.20893643 -0.19402163 -0.01103285
v 0.13402943 -0.19362159 0.00007872
v 0.13533886 0.04964572 0.00013041
v 0.13533886 0.04964572 0.00013041
v 0.18831905 0.04885134 -0.01314132
v 0.13533305 0.04964575 -0.00010469
v 0.13532853 0.04964582 -0.00007873
v 0.13402943 -0.19362159 -0.00007874
v 0.13402635 -0.19362168 -0.00005260
v 0.20938822 -0.19402404 0.00737001
v 0.21213398 -0.19167912 -0.00000002
v 0.19099904 0.04669625 -0.01097092
v 0.19138913 0.03136831 -0.00825139
v 0.20842943 0.02964535 -0.01078040
v 0.21023247 0.02812930 -0.00733632
v 0.20960049 -0.14089480 -0.00367260
v 0.19147094 0.04669372 0.00825140
v 0.19172708 0.03136650 0.00551201
v 0.21059302 0.02812737 0.00000001
v 0.21204059 -0.19167862 -0.00380580
v 0.20938823 -0.19402404 -0.00737004
v 0.13402635 -0.19362168 0.00005258
v 0.13402943 -0.19362159 0.00007872
v 0.13532853 0.04964582 0.00007876
v 0.13533305 0.04964575 0.00010471
v 0.18935449 0.04884581 0.00793577
v 0.13532853 0.04964582 -0.00007873
v 0.13532853 0.04964582 -0.00007873
v 0.13402432 -0.19362157 -0.00002634
v 0.20965968 -0.19402549 0.00368943
v 0.20975040 -0.19402607 -0.00000001
v 0.19147094 0.04669373 -0.00825139
v 0.19172708 0.03136651 -0.00551200
v 0.21059302 0.02812737 0.00000001
v 0.19147094 0.04669372 0.00825140
v 0.19172708 0.03136650 0.00551201
v 0.20922453 0.02964110 0.00000001
v 0.20975040 -0.19402607 -0.00000001
v 0.20965968 -0.19402549 -0.00368946
v 0.13402432 -0.19362157 0.00002632
v 0.13532853 0.04964582 0.00007876
v 0.13532853 0.04964582 0.00007876
v 0.18935449 0.04884581 -0.00793576
v 0.18967935 0.04884407 0.00530116
v 0.13532540 0.04964579 -0.00005259
v 0.13532337 0.04964580 -0.00002632
v 0.13402362 -0.19362156 -0.00000001
v 0.19147094 0.04669373 -0.00825139
v 0.19172708 0.03136651 -0.00551200
v 0.19201195 0.04669084 0.00275932
v 0.19192985 0.03136542 0.00275933
v 0.13532337 0.04964580 0.00002634
v 0.13532540 0.04964579 0.00005261
v 0.18967935 0.04884407 -0.00530115
v 0.18987475 0.04884298 0.00265378
v 0.13532337 0.04964580 -0.00002632
v 0.13402432 -0.19362157 -0.00002634
v 0.13532337 0.04964580 -0.00002632
v 0.13532292 0.04964580 0.00000001
v 0.19201195 0.04669084 -0.00275931
v 0.19199777 0.03136506 0.00000001
v 0.19207959 0.04669047 0.00000000
v 0.13532292 0.04964580 0.00000001
v 0.13532337 0.04964580 0.00002634
v 0.13402432 -0.19362157 0.00002632
v 0.13532337 0.04964580 0.00002634
v 0.18987475 0.04884298 -0.00265376
v 0.18994000 0.04884263 0.00000001
v 0.13532292 0.04964580 0.00000001
v 0.19207959 0.04669047 0.00000000
v 0.07268379 0.00798174 -0.04044749
v 0.07247174 -0.01781665 0.04033042
v 0.06208951 -0.01771141 0.01460202
v 0.06289441 -0.01771962 0.01818645
v 0.07129965 -0.01780472 -0.03847925
v 0.06948882 -0.01778633 -0.03528281
v 0.06783716 -0.01776976 -0.03200137
v 0.06634859 -0.01775452 -0.02864286
v 0.06502643 -0.01774116 -0.02521532
v 0.06387419 -0.01772953 -0.02172703
v 0.06289442 -0.01771948 -0.01818644
v 0.06208951 -0.01771155 -0.01460200
v 0.07247178 -0.01781651 -0.04033040
v 0.06101159 -0.01770051 -0.00733630
v 0.06074138 -0.01769777 -0.00367258
v 0.06065131 -0.01769690 0.00000001
v 0.06074138 -0.01769777 0.00367260
v 0.06101159 -0.01770051 0.00733633
v 0.06146136 -0.01770500 0.01098240
v 0.06387419 -0.01772959 0.02172707
v 0.06502642 -0.01774116 0.02521535
v 0.06634858 -0.01775453 0.02864288
v 0.06783715 -0.01776976 0.03200140
v 0.06948881 -0.01778633 0.03528285
v 0.07247174 -0.01781665 0.04033042
v 0.07129964 -0.01780473 0.03847928
v 0.06948881 -0.01778633 0.03528285
v 0.06948882 -0.01778633 -0.03528281
v 0.06783716 -0.01776976 -0.03200137
v 0.06289442 -0.01771948 -0.01818644
v 0.06387419 -0.01772959 0.02172707
v 0.06502642 -0.01774116 0.02521535
v 0.06783715 -0.01776976 0.03200140
v 0.07268360 0.00798186 0.04044751
v 0.07340270 0.00798166 0.04158301
v 0.07551806 0.00798163 0.04458657
v 0.07777844 0.00798146 0.04748272
v 0.08017786 0.00798115 0.05026447
v 0.07268360 0.00798186 0.04044751
v 0.08271101 0.00798083 0.05292515
v 0.08017786 0.00798115 0.05026447
v 0.08271109 0.00798089 -0.05292509
v 0.08017787 0.00798115 -0.05026445
v 0.08017787 0.00798115 -0.05026445
v 0.07777845 0.00798147 -0.04748268
v 0.07268379 0.00798174 -0.04044749
v 0.07551829 0.00798149 -0.04458653
v 0.07340271 0.00798179 -0.04158300
v 0.07777844 0.00798146 0.04748272
v 0.07551829 0.00798149 -0.04458653
v 0.07777845 0.00798147 -0.04748268
v 0.08514412 0.00798072 -0.05524154
v 0.08514410 0.00798066 0.05524159
v 0.08521072 0.03193534 0.02460458
v 0.08520179 0.02879701 0.05519079
v 0.08520606 0.03030341 0.05328694
v 0.08520662 0.03049098 0.05054983
v 0.08520748 0.03080025 0.04581642
v 0.08520812 0.03106807 0.04148642
v 0.08520881 0.03130067 0.03749187
v 0.08520945 0.03150327 0.03377806
v 0.08520984 0.03167952 0.03030026
v 0.08525318 0.04726097 0.02452648
v 0.08525391 0.04752769 0.02392899
v 0.08521026 0.03183245 0.02702129
v 0.08520608 0.03030348 -0.05328691
v 0.08520181 0.02879709 -0.05519071
v 0.08520664 0.03049112 -0.05054981
v 0.08520744 0.03080025 -0.04581645
v 0.08520882 0.03130067 -0.03749184
v 0.08520807 0.03106807 -0.04148641
v 0.08520985 0.03167952 -0.03030024
v 0.08520945 0.03150334 -0.03377804
v 0.08521072 0.03193535 -0.02460454
v 0.08521027 0.03183245 -0.02702126
v 0.08525392 0.04752769 -0.02392893
v 0.08525319 0.04726097 -0.02452642
v 0.08525906 0.04940167 -0.01906047
v 0.08525723 0.04872365 -0.02095777
v 0.08525908 0.04940500 -0.01810419
v 0.08525902 0.04941312 -0.01534819
v 0.08525908 0.04940500 -0.01810436
v 0.08525908 0.04940500 -0.01810419
v 0.08525905 0.04941982 -0.01267421
v 0.08525902 0.04941312 -0.01534880
v 0.08525902 0.04941312 -0.01534819
v 0.08525902 0.04941312 -0.01534819
v 0.08525722 0.04872365 0.02095781
v 0.08525905 0.04941982 -0.01267421
v 0.08525910 0.04942913 -0.00750410
v 0.08525928 0.04942511 -0.01006463
v 0.08525922 0.04943199 -0.00498191
v 0.08525910 0.04942913 -0.00750553
v 0.08525910 0.04942913 -0.00750410
v 0.08525923 0.04943375 -0.00248407
v 0.08525922 0.04943199 -0.00498348
v 0.08525922 0.04943199 -0.00498191
v 0.08525923 0.04943434 0.00000170
v 0.08525923 0.04943375 -0.00248572
v 0.08525923 0.04943375 -0.00248407
v 0.08525923 0.04943375 0.00248576
v 0.08525923 0.04943375 0.00248741
v 0.08525923 0.04943434 0.00000002
v 0.08525923 0.04943434 0.00000170
v 0.08525923 0.04943375 -0.00248407
v 0.08525922 0.04943199 0.00498510
v 0.08525923 0.04943375 0.00248576
v 0.08525923 0.04943434 0.00000002
v 0.08525922 0.04943199 -0.00498191
v 0.08525922 0.04943199 0.00498353
v 0.08525922 0.04943199 0.00498510
v 0.08525910 0.04942913 0.00750701
v 0.08525922 0.04943199 0.00498353
v 0.08525923 0.04943434 0.00000002
v 0.08525910 0.04942913 0.00750558
v 0.08525910 0.04942913 0.00750701
v 0.08525928 0.04942511 0.01006589
v 0.08525910 0.04942913 0.00750558
v 0.08525923 0.04943434 0.00000002
v 0.08525928 0.04942511 0.01006467
v 0.08525928 0.04942511 0.01006589
v 0.08525917 0.04941292 0.01534887
v 0.08525905 0.04941970 0.01267424
v 0.08525928 0.04942511 0.01006467
v 0.08525923 0.04943434 0.00000002
v 0.08525907 0.04940500 0.01810441
v 0.08525917 0.04941292 0.01534948
v 0.08525905 0.04941970 0.01267424
v 0.08525923 0.04943434 0.00000002
v 0.08525905 0.04940167 0.01906052
v 0.08525917 0.04941292 0.01534948
vn -0.86349019 0.50391720 0.02126362
vn -0.86348596 0.50392502 0.02125037
vn -0.86347889 0.50393807 0.02122824
vn -0.99968554 0.00533923 0.02450144
vn -0.99968514 0.00533874 0.02451769
vn -0.99968513 0.00533873 0.02451801
vn -0.86348595 0.50392502 -0.02125051
vn -0.86349019 0.50391720 -0.02126376
vn -0.86347888 0.50393807 -0.02122837
vn -0.99968399 0.00533992 0.02456451
vn -0.99968475 0.00533739 0.02453388
vn -0.99968394 0.00534007 0.02456631
vn -0.86140887 0.50389681 0.06373975
vn -0.86140952 0.50389541 0.06374217
vn -0.86141059 0.50389307 0.06374619
vn -0.99968513 0.00533874 -0.02451793
vn -0.99968553 0.00533923 -0.02450168
vn -0.99968513 0.00533873 -0.02451825
vn -0.99727566 0.00532587 0.07357240
vn -0.99727684 0.00532636 0.07355632
vn -0.99727686 0.00532637 0.07355600
vn -0.86140948 0.50389540 -0.06374273
vn -0.86140883 0.50389681 -0.06374031
vn -0.86141056 0.50389305 -0.06374678
vn -0.99968474 0.00533740 -0.02453414
vn -0.99968398 0.00533993 -0.02456476
vn -0.99968393 0.00534007 -0.02456656
vn -0.70907106 -0.70492431 0.01731902
vn -0.70907188 -0.70492346 0.01732012
vn -0.70907709 -0.70491804 0.01732706
vn -0.99727771 0.00532734 0.07354452
vn -0.99727760 0.00532722 0.07354597
vn -0.99727759 0.00532721 0.07354606
vn -0.85724164 0.50387467 0.10605224
vn -0.85724097 0.50387553 0.10605362
vn -0.85724277 0.50387324 0.10604995
vn -0.99727679 0.00532637 -0.07355698
vn -0.99727560 0.00532588 -0.07357316
vn -0.99727682 0.00532638 -0.07355666
vn -0.99246687 0.00530122 0.12239853
vn -0.99246271 0.00530018 0.12243234
vn -0.99246263 0.00530016 0.12243301
vn -0.85724053 0.50387611 -0.10605445
vn -0.85724093 0.50387560 -0.10605363
vn -0.85724160 0.50387474 -0.10605226
vn -0.99727748 0.00532715 -0.07354760
vn -0.99727641 0.00532594 -0.07356215
vn -0.99727754 0.00532723 -0.07354675
vn -0.70907190 -0.70492343 -0.01732040
vn -0.70907108 -0.70492429 -0.01731930
vn -0.70907711 -0.70491802 -0.01732734
vn -0.00534033 -0.99998574 -0.00000007
vn -0.00534033 -0.99998574 0.00002643
vn -0.00534098 -0.99998574 0.00001322
vn -0.70737007 -0.70493701 0.05187872
vn -0.70736842 -0.70493853 0.05188051
vn -0.70738050 -0.70492738 0.05186735
vn -0.99246597 0.00530025 0.12240590
vn -0.99246401 0.00530155 0.12242171
vn -0.99246609 0.00530017 0.12240498
vn -0.85099909 0.50384071 0.14813874
vn -0.85099935 0.50384041 0.14813828
vn -0.85099867 0.50384120 0.14813950
vn -0.99246269 0.00530018 -0.12243251
vn -0.99246466 0.00530067 -0.12241651
vn -0.99246265 0.00530017 -0.12243283
vn -0.98526112 0.00526324 0.17097611
vn -0.98525843 0.00526275 0.17099158
vn -0.98525838 0.00526274 0.17099189
vn -0.85099914 0.50384123 -0.14813669
vn -0.85099916 0.50384114 -0.14813684
vn -0.85099910 0.50384137 -0.14813645
vn -0.99246611 0.00530019 -0.12240479
vn -0.99246609 0.00530020 -0.12240497
vn -0.99246608 0.00530020 -0.12240498
vn -0.70737350 -0.70493293 -0.05188739
vn -0.70737435 -0.70493214 -0.05188646
vn -0.70737976 -0.70492715 -0.05188057
vn -0.00534033 -0.99998574 -0.00002657
vn -0.00534098 -0.99998574 -0.00001336
vn -0.99972974 0.00534040 0.02262559
vn -0.99972974 0.00534040 0.02262559
vn -0.99972974 0.00534040 0.02262559
vn -0.00534162 -0.99998573 0.00000006
vn -0.00534162 -0.99998573 0.00000006
vn -0.70396886 -0.70495852 0.08637893
vn -0.70397025 -0.70495730 0.08637756
vn -0.70396005 -0.70496626 0.08638764
vn -0.98525615 0.00525902 0.17100487
vn -0.98526130 0.00526154 0.17097513
vn -0.98526160 0.00526169 0.17097338
vn -0.84270289 0.50379918 0.18983738
vn -0.84270307 0.50379827 0.18983898
vn -0.84270337 0.50379675 0.18984166
vn -0.98525852 0.00526222 -0.17099109
vn -0.98526431 0.00526327 -0.17095769
vn -0.98525841 0.00526220 -0.17099176
vn -0.97568702 0.00521215 0.21910654
vn -0.97568667 0.00521210 0.21910809
vn -0.97568666 0.00521210 0.21910812
vn -0.84270357 0.50380127 -0.18982881
vn -0.84270098 0.50380402 -0.18983299
vn -0.84269666 0.50380862 -0.18983997
vn -0.98526135 0.00526159 -0.17097480
vn -0.98525620 0.00525907 -0.17100455
vn -0.98526165 0.00526174 -0.17097306
vn -0.70397566 -0.70495247 -0.08637295
vn -0.70397525 -0.70495296 -0.08637229
vn -0.70397824 -0.70494938 -0.08637720
vn -0.00534162 -0.99998573 -0.00000020
vn -0.00534162 -0.99998573 -0.00000020
vn -0.99972972 0.00533938 -0.02262682
vn -0.99972972 0.00533938 -0.02262682
vn -0.99972972 0.00533938 -0.02262682
vn 0.00403458 -0.99999186 -0.00000166
vn 0.00390535 -0.99999237 -0.00007417
vn 0.00403466 -0.99999186 -0.00000007
vn -0.99727851 0.00532649 0.07353362
vn -0.99741634 0.00532702 0.07163983
vn -0.99727851 0.00532649 0.07353375
vn -0.00533954 -0.99998574 0.00001406
vn -0.69890247 -0.70497202 0.12062252
vn -0.69890299 -0.70497134 0.12062348
vn -0.69890630 -0.70496701 0.12062958
vn -0.97569933 0.00521188 0.21905173
vn -0.97568930 0.00520803 0.21909650
vn -0.97568871 0.00520780 0.21909912
vn -0.83237849 0.50374065 0.23106581
vn -0.83237655 0.50374256 0.23106863
vn -0.83238174 0.50373744 0.23106110
vn -0.97568668 0.00521213 -0.21910804
vn -0.97568705 0.00521218 -0.21910641
vn -0.97568667 0.00521213 -0.21910807
vn -0.96376731 0.00514897 0.26669468
vn -0.96376300 0.00514846 0.26671029
vn -0.96376291 0.00514845 0.26671060
vn -0.83237120 0.50374739 -0.23107738
vn -0.83237496 0.50374368 -0.23107192
vn -0.83238123 0.50373749 -0.23106282
vn -0.97569569 0.00520804 -0.21906801
vn -0.97568920 0.00521045 -0.21909687
vn -0.97568882 0.00521060 -0.21909856
vn -0.69890311 -0.70497123 -0.12062343
vn -0.69890260 -0.70497190 -0.12062248
vn -0.69890638 -0.70496695 -0.12062946
vn -0.00533954 -0.99998574 -0.00001419
vn -0.99741632 0.00532703 -0.07164008
vn -0.99727842 0.00532650 -0.07353491
vn -0.99727841 0.00532650 -0.07353504
vn 0.00402559 -0.99999190 0.00000158
vn 0.00412746 -0.99999132 0.00056600
vn 0.00402559 -0.99999190 -0.00000007
vn -0.00400260 0.99999174 0.00070531
vn -0.00400260 0.99999174 0.00070531
vn -0.00400260 0.99999174 0.00070531
vn -0.00402301 0.99999188 0.00023960
vn -0.00402301 0.99999188 0.00023960
vn -0.00402301 0.99999188 0.00023960
vn 0.00407183 -0.99999171 0.00000117
vn 0.00413307 -0.99999137 -0.00043128
vn 0.00407171 -0.99999171 -0.00000007
vn -0.99221998 0.00529927 0.12438422
vn -0.99244843 0.00530069 0.12254805
vn -0.99244844 0.00530069 0.12254792
vn -0.00534295 -0.99998573 0.00000045
vn -0.00534295 -0.99998573 0.00000045
vn -0.69213268 -0.70502604 0.15456597
vn -0.69212830 -0.70502956 0.15456952
vn -0.69216046 -0.70500370 0.15454348
vn -0.96376327 0.00514834 0.26670931
vn -0.96376327 0.00514834 0.26670931
vn -0.96376327 0.00514834 0.26670931
vn -0.82001262 0.50368833 0.27180392
vn -0.82001279 0.50368193 0.27181526
vn -0.82001307 0.50367125 0.27183420
vn -0.96376245 0.00514850 -0.26671226
vn -0.96376674 0.00514900 -0.26669674
vn -0.96376237 0.00514849 -0.26671257
vn -0.94950146 0.00507078 0.31372163
vn -0.94952182 0.00507284 0.31365998
vn -0.94952222 0.00507288 0.31365875
vn -0.82003088 0.50365996 -0.27180139
vn -0.82003107 0.50365275 -0.27181417
vn -0.82003057 0.50367199 -0.27178005
vn -0.96376297 0.00514699 -0.26671042
vn -0.96376719 0.00514832 -0.26669513
vn -0.96376272 0.00514691 -0.26671131
vn -0.69213849 -0.70501568 -0.15458719
vn -0.69214059 -0.70501399 -0.15458549
vn -0.69215392 -0.70500328 -0.15457470
vn -0.00534295 -0.99998573 -0.00000059
vn -0.00534295 -0.99998573 -0.00000059
vn -0.99244839 0.00530071 -0.12254836
vn -0.99222017 0.00529929 -0.12438266
vn -0.99244840 0.00530071 -0.12254824
vn 0.00403523 -0.99999186 -0.00000143
vn 0.00400645 -0.99999182 -0.00055301
vn 0.00403516 -0.99999186 -0.00000007
vn -0.00402547 0.99999187 -0.00023946
vn -0.00402547 0.99999187 -0.00023946
vn -0.00402547 0.99999187 -0.00023946
vn -0.00395824 0.99999153 0.00113106
vn -0.00395824 0.99999153 0.00113106
vn -0.00395824 0.99999153 0.00113106
vn 0.00412531 -0.99999149 -0.00000097
vn 0.00406554 -0.99999164 0.00044100
vn 0.00412544 -0.99999149 -0.00000007
vn -0.98610163 0.00526659 0.16605972
vn -0.98610648 0.00526661 0.16603095
vn -0.98610163 0.00526659 0.16605972
vn -0.00534761 -0.99998570 -0.00002645
vn -0.68370774 -0.70508522 0.18814506
vn -0.68371008 -0.70508341 0.18814335
vn -0.68369291 -0.70509670 0.18815590
vn -0.94949828 0.00506705 0.31373133
vn -0.94951651 0.00507196 0.31367607
vn -0.94951758 0.00507224 0.31367283
vn -0.80570693 0.50359570 0.31181358
vn -0.80569563 0.50360550 0.31182697
vn -0.80572581 0.50357933 0.31179122
vn -0.94952221 0.00507291 -0.31365879
vn -0.94951685 0.00507237 -0.31367503
vn -0.94952232 0.00507292 -0.31365847
vn -0.93299078 0.00498405 0.35986577
vn -0.93297334 0.00498250 0.35991098
vn -0.93297300 0.00498247 0.35991188
vn -0.80571404 0.50357047 -0.31183598
vn -0.80571425 0.50357407 -0.31182959
vn -0.80571367 0.50356445 -0.31184664
vn -0.94950237 0.00507213 -0.31371886
vn -0.94949759 0.00507085 -0.31373333
vn -0.94950265 0.00507221 -0.31371801
vn -0.68372498 -0.70507155 -0.18813363
vn -0.68372501 -0.70507153 -0.18813361
vn -0.68372523 -0.70507136 -0.18813345
vn -0.00534761 -0.99998570 0.00002631
vn -0.98610733 0.00526665 -0.16602590
vn -0.98610078 0.00526662 -0.16606478
vn -0.98610078 0.00526662 -0.16606478
vn 0.00407110 -0.99999171 0.00000099
vn 0.00396874 -0.99999116 0.00138912
vn 0.00407120 -0.99999171 -0.00000007
vn -0.00400017 0.99999175 -0.00070515
vn -0.00400017 0.99999175 -0.00070515
vn -0.00400017 0.99999175 -0.00070515
vn -0.00389391 0.99999118 0.00157159
vn -0.00389391 0.99999118 0.00157159
vn -0.00389391 0.99999118 0.00157159
vn 0.00420573 -0.99999116 0.00000002
vn 0.00397584 -0.99999120 -0.00133965
vn 0.00420571 -0.99999116 -0.00000007
vn -0.97413732 0.00520269 0.22589693
vn -0.97413732 0.00520269 0.22589693
vn -0.97413732 0.00520269 0.22589693
vn -0.00534678 -0.99998571 -0.00002577
vn -0.00534295 -0.99998573 -0.00001312
vn -0.67366985 -0.70511213 0.22132738
vn -0.67367260 -0.70511008 0.22132557
vn -0.67365245 -0.70512517 0.22133884
vn -0.93298329 0.00498233 0.35988521
vn -0.93296812 0.00497877 0.35992458
vn -0.93296723 0.00497856 0.35992689
vn -0.78942080 0.50351140 0.35112828
vn -0.78942921 0.50350450 0.35111926
vn -0.78940676 0.50352291 0.35114335
vn -0.93297340 0.00498399 -0.35991082
vn -0.93297340 0.00498399 -0.35991082
vn -0.93297340 0.00498399 -0.35991082
vn -0.91418784 0.00488220 0.40526134
vn -0.91420690 0.00488372 0.40521834
vn -0.91420727 0.00488375 0.40521748
vn -0.78942852 0.50350466 -0.35112059
vn -0.78942027 0.50351143 -0.35112944
vn -0.78940648 0.50352273 -0.35114422
vn -0.93298420 0.00498259 -0.35988284
vn -0.93298420 0.00498259 -0.35988284
vn -0.93298420 0.00498259 -0.35988284
vn -0.67366902 -0.70511282 -0.22132774
vn -0.67366676 -0.70511451 -0.22132922
vn -0.67365246 -0.70512521 -0.22133864
vn -0.00534678 -0.99998571 0.00002563
vn -0.00533910 -0.99998575 0.00000030
vn -0.97413876 0.00520274 -0.22589068
vn -0.97413876 0.00520274 -0.22589068
vn -0.97413876 0.00520274 -0.22589068
vn 0.00412688 -0.99999148 -0.00000018
vn 0.00417321 -0.99999124 -0.00031146
vn 0.00412686 -0.99999148 -0.00000007
vn -0.00395927 0.99999152 -0.00113086
vn -0.00395927 0.99999152 -0.00113086
vn -0.00395927 0.99999152 -0.00113086
vn -0.00373643 0.99999037 0.00230370
vn -0.00379413 0.99999065 0.00207331
vn -0.00372742 0.99999032 0.00233963
vn -0.96350053 0.00514668 0.26765693
vn -0.96351571 0.00514676 0.26760231
vn -0.96350053 0.00514668 0.26765693
vn -0.00533911 -0.99998575 -0.00000047
vn -0.00533526 -0.99998577 0.00001220
vn -0.66203352 -0.70515592 0.25390304
vn -0.66203377 -0.70515538 0.25390386
vn -0.66203539 -0.70515198 0.25390909
vn -0.91419284 0.00488464 0.40525005
vn -0.91420420 0.00488239 0.40522443
vn -0.91419217 0.00488478 0.40525155
vn -0.77123527 0.50343252 0.38955340
vn -0.77123467 0.50342995 0.38955792
vn -0.77123366 0.50342565 0.38956547
vn -0.91420613 0.00488371 -0.40522006
vn -0.91418119 0.00488173 -0.40527634
vn -0.91420663 0.00488375 -0.40521895
vn -0.89320646 0.00476966 0.44962147
vn -0.89321331 0.00477016 0.44960785
vn -0.89321345 0.00477017 0.44960758
vn -0.77123519 0.50342951 -0.38955745
vn -0.77123578 0.50343205 -0.38955299
vn -0.77123420 0.50342527 -0.38956489
vn -0.91420330 0.00488244 -0.40522646
vn -0.91419194 0.00488470 -0.40525207
vn -0.91419127 0.00488483 -0.40525357
vn -0.66202734 -0.70516180 -0.25390283
vn -0.66202716 -0.70516217 -0.25390226
vn -0.66202846 -0.70515944 -0.25390645
vn -0.00533587 -0.99998576 -0.00001254
vn -0.00533587 -0.99998576 -0.00001254
vn -0.96351670 0.00514681 -0.26759873
vn -0.96350262 0.00514674 -0.26764944
vn -0.96350261 0.00514674 -0.26764944
vn -0.00384272 0.99999095 -0.00182688
vn -0.00380362 0.99999071 -0.00202559
vn -0.00373347 0.99999038 -0.00230343
vn -0.00389300 0.99999119 -0.00157132
vn -0.00389300 0.99999119 -0.00157132
vn -0.00367875 0.99999002 0.00253397
vn 0.00444574 -0.99999012 -0.00000103
vn 0.00423316 -0.99999079 -0.00070311
vn 0.00444603 -0.99999012 -0.00000007
vn -0.94860053 0.00506709 0.31643539
vn -0.94860053 0.00506709 0.31643539
vn -0.94860053 0.00506709 0.31643539
vn -0.00533646 -0.99998576 0.00001266
vn -0.00533646 -0.99998576 0.00001266
vn -0.64878500 -0.70522381 0.28589753
vn -0.64878500 -0.70522381 0.28589753
vn -0.64878500 -0.70522381 0.28589753
vn -0.89320425 0.00476796 0.44962587
vn -0.89322825 0.00477251 0.44957815
vn -0.89322966 0.00477277 0.44957535
vn -0.75119582 0.50332156 0.42705064
vn -0.75119191 0.50332447 0.42705409
vn -0.75120234 0.50331670 0.42704489
vn -0.89321319 0.00476973 -0.44960811
vn -0.89321368 0.00476976 -0.44960713
vn -0.89321318 0.00476973 -0.44960813
vn -0.87008522 0.00464790 0.49287940
vn -0.87005766 0.00464607 0.49292808
vn -0.87005711 0.00464604 0.49292904
vn -0.75119424 0.50331750 -0.42705820
vn -0.75120329 0.50331077 -0.42705023
vn -0.75121838 0.50329952 -0.42703692
vn -0.89322813 0.00477250 -0.44957840
vn -0.89319813 0.00476682 -0.44963806
vn -0.89322989 0.00477284 -0.44957490
vn -0.64877787 -0.70523092 -0.28589616
vn -0.64877787 -0.70523092 -0.28589616
vn -0.64877787 -0.70523092 -0.28589616
vn -0.00534093 -0.99998574 -0.00000033
vn -0.94859746 0.00506733 -0.31644458
vn -0.94859746 0.00506733 -0.31644458
vn -0.94859746 0.00506733 -0.31644458
vn -0.00368229 0.99999008 -0.00250610
vn -0.00368229 0.99999008 -0.00250610
vn -0.00357471 0.99998948 0.00287391
vn -0.00357471 0.99998948 0.00287391
vn -0.00349145 0.99998880 0.00319535
vn -0.93292928 0.00498302 0.36002517
vn -0.93479638 0.00499356 0.35514898
vn -0.93479650 0.00499356 0.35514865
vn -0.00534659 -0.99998571 -0.00001178
vn -0.63395199 -0.70533491 0.31718692
vn -0.63395395 -0.70533355 0.31718600
vn -0.63393956 -0.70534349 0.31719269
vn -0.87007485 0.00464758 0.49289771
vn -0.87009356 0.00464455 0.49286472
vn -0.87007375 0.00464776 0.49289965
vn -0.72932222 0.50321035 0.46353904
vn -0.72932765 0.50320648 0.46353470
vn -0.72931316 0.50321683 0.46354627
vn -0.87005796 0.00464616 -0.49292754
vn -0.87008592 0.00464801 -0.49287817
vn -0.87005741 0.00464612 -0.49292852
vn -0.84484888 0.00451189 0.53498600
vn -0.84484888 0.00451189 0.53498600
vn -0.84485165 0.00451232 0.53498161
vn -0.72932470 0.50318564 -0.46356197
vn -0.72932540 0.50318738 -0.46355896
vn -0.72932352 0.50318272 -0.46356700
vn -0.87006790 0.00464334 -0.49291002
vn -0.87009398 0.00464786 -0.49286394
vn -0.87006637 0.00464308 -0.49291273
vn -0.63393471 -0.70533759 -0.31721548
vn -0.63393378 -0.70533824 -0.31721591
vn -0.63392785 -0.70534233 -0.31721866
vn -0.00534093 -0.99998574 -0.00000033
vn -0.00534152 -0.99998573 -0.00000059
vn -0.93292532 0.00498363 -0.36003544
vn -0.93479624 0.00499305 -0.35514935
vn -0.93479637 0.00499305 -0.35514902
vn 0.00444374 -0.99999013 0.00000107
vn 0.00354859 -0.99998936 0.00294686
vn 0.00444409 -0.99999013 -0.00000007
vn 0.00180866 -0.99996787 -0.00780960
vn 0.00180866 -0.99996787 -0.00780960
vn 0.00180866 -0.99996787 -0.00780960
vn -0.91345093 0.00487898 0.40691964
vn -0.91345093 0.00487898 0.40691964
vn -0.91345093 0.00487898 0.40691964
vn -0.00533920 -0.99998575 -0.00000068
vn -0.00533920 -0.99998575 -0.00000068
vn -0.61762369 -0.70542008 0.34774055
vn -0.61762341 -0.70542123 0.34773872
vn -0.61762162 -0.70542852 0.34772710
vn -0.84484904 0.00451258 0.53498574
vn -0.84484640 0.00451298 0.53498990
vn -0.84484919 0.00451256 0.53498549
vn -0.70570511 0.50308372 0.49888583
vn -0.70570171 0.50308606 0.49888828
vn -0.70571079 0.50307981 0.49888173
vn -0.84485183 0.00451326 -0.53498132
vn -0.84485183 0.00451326 -0.53498132
vn -0.84485803 0.00451248 -0.53497154
vn -0.81757492 0.00436666 0.57580569
vn -0.81758439 0.00436630 0.57579224
vn -0.81757476 0.00436666 0.57580591
vn -0.70572434 0.50307160 -0.49887084
vn -0.70571811 0.50307589 -0.49887533
vn -0.70570770 0.50308306 -0.49888283
vn -0.84482440 0.00451308 -0.53502464
vn -0.84483166 0.00451200 -0.53501318
vn -0.84483209 0.00451193 -0.53501251
vn -0.61763919 -0.70541977 -0.34771365
vn -0.61763916 -0.70541990 -0.34771345
vn -0.61763939 -0.70541896 -0.34771493
vn -0.00534034 -0.99998574 -0.00000007
vn -0.00534034 -0.99998574 -0.00000007
vn -0.91344352 0.00487959 -0.40693627
vn -0.91344352 0.00487959 -0.40693627
vn -0.91344352 0.00487959 -0.40693627
vn 0.00460722 -0.99998939 -0.00000007
vn 0.00525426 -0.99998607 -0.00050161
vn 0.00460722 -0.99998939 -0.00000007
vn -0.00354899 0.99998936 -0.00294566
vn -0.00354899 0.99998936 -0.00294566
vn -0.00354899 0.99998936 -0.00294566
vn -0.65445924 0.71219856 0.25388248
vn -0.65445924 0.71219856 0.25388248
vn -0.65445924 0.71219856 0.25388248
vn -0.00312087 0.99998708 0.00401211
vn -0.00330830 0.99998807 0.00359325
vn -0.00332362 0.99998801 0.00359697
vn -0.89056734 0.00475660 0.45482655
vn -0.89356039 0.00477330 0.44891764
vn -0.89356059 0.00477330 0.44891724
vn -0.00533408 -0.99998577 0.00001164
vn -0.59981847 -0.70552338 0.37743153
vn -0.59981848 -0.70552333 0.37743161
vn -0.59981854 -0.70552298 0.37743216
vn -0.81756434 0.00436620 0.57582070
vn -0.81756022 0.00436677 0.57582655
vn -0.81756459 0.00436617 0.57582036
vn -0.68036271 0.50292696 0.53307697
vn -0.68036650 0.50293360 0.53306586
vn -0.68037283 0.50294469 0.53304732
vn -0.81758212 0.00436639 -0.57579546
vn -0.81754487 0.00436779 -0.57584834
vn -0.81754427 0.00436782 -0.57584920
vn -0.78831288 0.00421149 0.61526016
vn -0.78834000 0.00421054 0.61522541
vn -0.78831244 0.00421151 0.61526072
vn -0.68037148 0.50294165 -0.53305191
vn -0.68036930 0.50293782 -0.53305831
vn -0.68037513 0.50294804 -0.53304123
vn -0.81759000 0.00436650 -0.57578426
vn -0.81758608 0.00436704 -0.57578983
vn -0.81758585 0.00436707 -0.57579016
vn -0.59982370 -0.70550478 -0.37745799
vn -0.59982349 -0.70550608 -0.37745590
vn -0.59982508 -0.70549651 -0.37747125
vn -0.00534088 -0.99998574 -0.00000041
vn -0.00534034 -0.99998574 -0.00000007
vn -0.89056438 0.00475738 -0.45483233
vn -0.89357235 0.00477273 -0.44889384
vn -0.89357255 0.00477273 -0.44889343
vn -0.00330835 0.99998807 -0.00359301
vn -0.00312086 0.99998708 -0.00401198
vn -0.00332359 0.99998801 -0.00359672
vn -0.00343796 0.99998831 -0.00340095
vn -0.00375715 0.99998689 -0.00347865
vn -0.64122182 0.71209847 0.28592018
vn -0.64122182 0.71209847 0.28592018
vn -0.64122182 0.71209847 0.28592018
vn -0.00291344 0.99998598 0.00442269
vn -0.00291344 0.99998598 0.00442268
vn -0.86965587 0.00464404 0.49363662
vn -0.87364638 0.00466623 0.48653904
vn -0.87364665 0.00466623 0.48653855
vn -0.00535601 -0.99998566 -0.00002121
vn -0.00535601 -0.99998566 -0.00002121
vn -0.58058872 -0.70561229 0.40623642
vn -0.58059191 -0.70561021 0.40623548
vn -0.58056847 -0.70562551 0.40624239
vn -0.78831735 0.00421378 0.61525442
vn -0.78834410 0.00421033 0.61522016
vn -0.78831578 0.00421399 0.61525643
vn -0.65340436 0.50276547 0.56594136
vn -0.65340609 0.50276812 0.56593701
vn -0.65340898 0.50277255 0.56592973
vn -0.78833534 0.00421178 -0.61523139
vn -0.78834120 0.00421157 -0.61522387
vn -0.78834130 0.00421157 -0.61522375
vn -0.75722092 0.00404443 0.65314633
vn -0.75719559 0.00404526 0.65317569
vn -0.75722133 0.00404442 0.65314585
vn -0.65340322 0.50278984 -0.56592103
vn -0.65340092 0.50279132 -0.56592237
vn -0.65339709 0.50279379 -0.56592460
vn -0.78834414 0.00421091 -0.61522011
vn -0.78834516 0.00421106 -0.61521880
vn -0.78834408 0.00421091 -0.61522019
vn -0.58059706 -0.70559404 -0.40625621
vn -0.58059700 -0.70559476 -0.40625504
vn -0.58059746 -0.70558943 -0.40626363
vn -0.00534877 -0.99998570 0.00001023
vn -0.00534877 -0.99998570 0.00001023
vn -0.87363576 0.00466625 -0.48655810
vn -0.86964835 0.00464408 -0.49364985
vn -0.87363603 0.00466626 -0.48655761
vn 0.00246926 -0.99998314 0.00525546
vn 0.00300206 -0.99998642 0.00426048
vn 0.00300206 -0.99998642 0.00426048
vn -0.65445952 0.71219858 -0.25388170
vn -0.65445952 0.71219858 -0.25388170
vn -0.65445952 0.71219858 -0.25388170
vn -0.62639094 0.71203836 0.31723141
vn -0.62640158 0.71203924 0.31720841
vn -0.62642113 0.71203250 0.31718494
vn 0.00242102 -0.99998330 -0.00524853
vn 0.00220501 -0.99998173 -0.00562750
vn 0.00220493 -0.99998173 -0.00562762
vn -0.84122225 0.00449290 0.54067083
vn -0.84468000 0.00451067 0.53525260
vn -0.84122201 0.00449290 0.54067120
vn -0.00533930 -0.99998575 -0.00000084
vn -0.55997028 -0.70570590 0.43406505
vn -0.55997028 -0.70570573 0.43406531
vn -0.55997029 -0.70570469 0.43406699
vn -0.75716205 0.00404380 0.65321457
vn -0.75718936 0.00404741 0.65318290
vn -0.75719096 0.00404762 0.65318104
vn -0.62486801 0.50261551 0.59742583
vn -0.62486642 0.50261333 0.59742932
vn -0.62486376 0.50260969 0.59743517
vn -0.75720276 0.00404522 -0.65316737
vn -0.75722230 0.00404458 -0.65314472
vn -0.75722262 0.00404457 -0.65314435
vn -0.72424418 0.00386867 0.68953274
vn -0.72425481 0.00386835 0.68952158
vn -0.72424401 0.00386868 0.68953292
vn -0.62484252 0.50263644 -0.59743489
vn -0.62484018 0.50263325 -0.59744001
vn -0.62484641 0.50264176 -0.59742633
vn -0.75716683 0.00404437 -0.65320903
vn -0.75718931 0.00404164 -0.65318298
vn -0.75719063 0.00404148 -0.65318145
vn -0.55996758 -0.70572601 -0.43403584
vn -0.55997322 -0.70572237 -0.43403447
vn -0.56000901 -0.70569931 -0.43402580
vn -0.00534033 -0.99998574 -0.00000006
vn -0.84467988 0.00451076 -0.53525280
vn -0.84123070 0.00449304 -0.54065768
vn -0.84123046 0.00449304 -0.54065805
vn 0.00224444 -0.99998152 0.00564999
vn 0.00191739 -0.99997840 0.00628605
vn -0.64122162 0.71209794 -0.28592194
vn -0.64122162 0.71209794 -0.28592194
vn -0.64122162 0.71209794 -0.28592194
vn -0.89321417 0.00477002 0.44960615
vn -0.89320393 0.00476679 0.44962653
vn -0.89320283 0.00476644 0.44962872
vn -0.61005810 0.71195181 0.34778403
vn -0.61005930 0.71195110 0.34778339
vn -0.61005039 0.71195641 0.34778815
vn 0.00244905 -0.99998349 -0.00519818
vn -0.81798562 0.00436882 0.57522208
vn -0.81793742 0.00436855 0.57529061
vn -0.81793742 0.00436855 0.57529061
vn -0.00533306 -0.99998578 0.00001083
vn -0.00533306 -0.99998578 0.00001083
vn -0.53799412 -0.70582132 0.46084552
vn -0.53799433 -0.70582119 0.46084548
vn -0.53799282 -0.70582215 0.46084577
vn -0.72426743 0.00386793 0.68950832
vn -0.72426743 0.00386793 0.68950832
vn -0.72426743 0.00386793 0.68950832
vn -0.59476745 0.50246666 0.62751808
vn -0.59477216 0.50246377 0.62751592
vn -0.59475959 0.50247148 0.62752167
vn -0.72425027 0.00386848 -0.68952635
vn -0.72423008 0.00386910 -0.68954755
vn -0.72422975 0.00386911 -0.68954790
vn -0.68952142 0.00368320 0.72425593
vn -0.68946872 0.00367844 0.72430612
vn -0.68961247 0.00368322 0.72416923
vn -0.59476889 0.50247407 -0.62751078
vn -0.59477192 0.50247781 -0.62750492
vn -0.59476385 0.50246783 -0.62752056
vn -0.72423410 0.00386581 -0.68954335
vn -0.72426323 0.00386945 -0.68951273
vn -0.72423239 0.00386559 -0.68954514
vn -0.53798678 -0.70584285 -0.46082111
vn -0.53798190 -0.70584596 -0.46082204
vn -0.53795101 -0.70586566 -0.46082793
vn -0.00534033 -0.99998574 -0.00000002
vn -0.00532455 -0.99998582 -0.00002135
vn -0.81798061 0.00436888 -0.57522921
vn -0.81791260 0.00436853 -0.57532590
vn -0.81791260 0.00436853 -0.57532591
vn -0.00255748 0.99998405 -0.00503483
vn -0.00244558 0.99998348 -0.00520229
vn -0.00255748 0.99998405 -0.00503483
vn -0.62639124 0.71204156 -0.31722363
vn -0.62639123 0.71204244 -0.31722167
vn -0.62642170 0.71203542 -0.31717725
vn -0.07889903 0.99598092 0.04239035
vn -0.07889903 0.99598092 0.04239035
vn -0.07889903 0.99598092 0.04239035
vn -0.87007201 0.00465674 0.49290265
vn -0.87009575 0.00464821 0.49286081
vn -0.87006852 0.00465799 0.49290879
vn -0.59228161 0.71185522 0.37744489
vn -0.59228024 0.71185602 0.37744554
vn -0.59229048 0.71185006 0.37744070
vn 0.00232162 -0.99998279 -0.00538793
vn 0.00232162 -0.99998279 -0.00538793
vn -0.79043439 0.00422153 0.61253216
vn -0.78959316 0.00421718 0.61361621
vn -0.79043445 0.00422153 0.61253209
vn -0.00534923 -0.99998569 -0.00000989
vn -0.51477202 -0.70594616 0.48646663
vn -0.51477205 -0.70594637 0.48646630
vn -0.51477224 -0.70594767 0.48646420
vn -0.68951938 0.00368016 0.72425788
vn -0.68953763 0.00368234 0.72424050
vn -0.68953870 0.00368247 0.72423948
vn -0.56323337 0.50231000 0.65608905
vn -0.56323811 0.50230715 0.65608716
vn -0.56322545 0.50231475 0.65609221
vn -0.68956131 0.00367965 -0.72421796
vn -0.68952480 0.00368373 -0.72425271
vn -0.68965711 0.00368356 -0.72412672
vn -0.65314284 0.00348840 0.75722669
vn -0.65314095 0.00348833 0.75722832
vn -0.65314093 0.00348833 0.75722834
vn -0.50546872 0.67716927 0.53473652
vn -0.50550894 0.67717751 0.53468807
vn -0.50551789 0.67717934 0.53467729
vn -0.56323246 0.50231209 -0.65608823
vn -0.56323073 0.50231014 -0.65609121
vn -0.56323534 0.50231535 -0.65608325
vn -0.68954503 0.00368399 -0.72423344
vn -0.68951587 0.00368051 -0.72426123
vn -0.68954674 0.00368420 -0.72423181
vn -0.51475521 -0.70595819 -0.48646697
vn -0.51475500 -0.70595679 -0.48646922
vn -0.51475653 -0.70596702 -0.48645276
vn -0.00535611 -0.99998566 0.00002130
vn -0.00533932 -0.99998575 0.00000080
vn -0.78960413 0.00421735 -0.61360210
vn -0.79045122 0.00422173 -0.61251044
vn -0.79045128 0.00422173 -0.61251037
vn -0.61008976 0.71195355 -0.34772493
vn -0.61008980 0.71195312 -0.34772575
vn -0.61008949 0.71195637 -0.34771964
vn -0.89320507 0.00476720 -0.44962425
vn -0.89321512 0.00477037 -0.44960426
vn -0.89320400 0.00476686 -0.44962640
vn -0.07552545 0.99596585 0.04845550
vn -0.07673189 0.99596947 0.04644392
vn -0.07510901 0.99596341 0.04914798
vn -0.84484418 0.00452299 0.53499332
vn -0.84484418 0.00452299 0.53499332
vn -0.84484418 0.00452299 0.53499332
vn -0.57305580 0.71174635 0.40623169
vn -0.57305582 0.71174659 0.40623125
vn -0.57305595 0.71174813 0.40622835
vn -0.00189844 0.99998055 0.00594088
vn -0.00217613 0.99998203 0.00558613
vn -0.00217614 0.99998203 0.00558612
vn -0.75295141 0.00402135 0.65806382
vn -0.75295141 0.00402135 0.65806382
vn -0.75295141 0.00402135 0.65806382
vn -0.00534034 -0.99998574 -0.00000007
vn -0.00533052 -0.99998579 0.00000883
vn -0.49025137 -0.70608143 0.51098200
vn -0.49025146 -0.70608182 0.51098138
vn -0.49025203 -0.70608429 0.51097743
vn -0.65315654 0.00348677 0.75721488
vn -0.65314957 0.00348597 0.75722090
vn -0.65314916 0.00348592 0.75722125
vn -0.53039120 0.50212372 0.68304974
vn -0.53039661 0.50212937 0.68304138
vn -0.53040565 0.50213881 0.68302742
vn -0.50547255 0.67719064 -0.53470585
vn -0.50543383 0.67718271 -0.53475249
vn -0.50548116 0.67719240 -0.53469548
vn -0.65314249 0.00348841 -0.75722699
vn -0.65312868 0.00348874 -0.75723891
vn -0.65312848 0.00348874 -0.75723907
vn -0.47863606 0.67700275 0.55908388
vn -0.47863655 0.67698468 0.55910536
vn -0.47863560 0.67701976 0.55906368
vn -0.61525103 0.00328678 0.78832440
vn -0.61522427 0.00328590 0.78834529
vn -0.61522389 0.00328589 0.78834559
vn -0.05970948 0.99587705 0.06829106
vn -0.06133596 0.99588882 0.06665857
vn -0.06053446 0.99588441 0.06745237
vn -0.53039525 0.50212351 -0.68304675
vn -0.53039101 0.50211908 -0.68305330
vn -0.53040233 0.50213091 -0.68303581
vn -0.65315362 0.00348625 -0.75721740
vn -0.65315457 0.00348636 -0.75721658
vn -0.65315357 0.00348624 -0.75721745
vn -0.49025459 -0.70608788 -0.51097000
vn -0.49025490 -0.70608926 -0.51096779
vn -0.49025258 -0.70607913 -0.51098402
vn -0.00532254 -0.99998584 -0.00001970
vn -0.00533144 -0.99998579 -0.00000988
vn -0.75294452 0.00402143 -0.65807171
vn -0.75294452 0.00402143 -0.65807171
vn -0.75294452 0.00402143 -0.65807171
vn -0.00217430 0.99998204 -0.00558466
vn -0.00188960 0.99998050 -0.00595153
vn -0.00217431 0.99998204 -0.00558465
vn -0.59224890 0.71188169 -0.37744629
vn -0.59224201 0.71188570 -0.37744955
vn -0.59219739 0.71191164 -0.37747062
vn -0.87009862 0.00464760 -0.49285575
vn -0.87009339 0.00464948 -0.49286496
vn -0.87009263 0.00464975 -0.49286631
vn -0.07889902 0.99598094 -0.04238999
vn -0.07889902 0.99598094 -0.04238999
vn -0.07889902 0.99598094 -0.04238999
vn -0.07304239 0.99595262 0.05237536
vn -0.07256110 0.99594884 0.05311119
vn -0.81759186 0.00436670 0.57578162
vn -0.81759186 0.00436670 0.57578162
vn -0.81759186 0.00436670 0.57578162
vn -0.55239611 0.71165675 0.43405439
vn -0.55240118 0.71165391 0.43405258
vn -0.55236325 0.71167509 0.43406614
vn -0.00160434 0.99997898 0.00628147
vn -0.00175234 0.99997975 0.00611817
vn -0.72680468 0.00388218 0.68683323
vn -0.72680468 0.00388218 0.68683323
vn -0.72680468 0.00388218 0.68683323
vn -0.00534034 -0.99998574 -0.00000007
vn -0.00534034 -0.99998574 -0.00000007
vn -0.46460622 -0.70622550 0.53421588
vn -0.46460536 -0.70622604 0.53421592
vn -0.46461166 -0.70622209 0.53421566
vn -0.61521523 0.00328559 0.78835235
vn -0.61522711 0.00328441 0.78834308
vn -0.61521453 0.00328566 0.78835290
vn -0.49624295 0.50193462 0.70838166
vn -0.49624249 0.50193418 0.70838229
vn -0.49624174 0.50193344 0.70838334
vn -0.05970009 0.99587773 -0.06828937
vn -0.05971217 0.99587820 -0.06827204
vn -0.06060733 0.99588493 -0.06737922
vn -0.47866952 0.67697895 -0.55908407
vn -0.47863663 0.67700672 -0.55907860
vn -0.47870046 0.67695281 -0.55908922
vn -0.61523876 0.00328639 -0.78833398
vn -0.61524419 0.00328657 -0.78832975
vn -0.61523868 0.00328639 -0.78833404
vn -0.05626718 0.99585986 0.07139430
vn -0.05445851 0.99585286 0.07287896
vn -0.05447896 0.99585253 0.07286827
vn -0.45062453 0.67683707 0.58209030
vn -0.45062514 0.67685670 0.58206699
vn -0.45062395 0.67681860 0.58211222
vn -0.57579683 0.00307608 0.81758703
vn -0.57579904 0.00307603 0.81758547
vn -0.57579680 0.00307608 0.81758705
vn -0.68953993 0.00368396 0.72423830
vn -0.68951254 0.00369062 0.72426434
vn -0.68954394 0.00368299 0.72423448
vn -0.06294764 0.99589441 0.06505317
vn -0.49622850 0.50193317 -0.70839281
vn -0.49623031 0.50193493 -0.70839029
vn -0.49622547 0.50193022 -0.70839702
vn -0.61521642 0.00328400 -0.78835143
vn -0.61523430 0.00328597 -0.78833746
vn -0.61521537 0.00328389 -0.78835225
vn -0.46460114 -0.70621586 -0.53423303
vn -0.46460118 -0.70621601 -0.53423281
vn -0.46460086 -0.70621496 -0.53423446
vn -0.00535015 -0.99998569 0.00000883
vn -0.00535015 -0.99998569 0.00000883
vn -0.72678360 0.00388220 -0.68685554
vn -0.72678360 0.00388220 -0.68685554
vn -0.72678360 0.00388220 -0.68685554
vn -0.00176422 0.99997982 -0.00610357
vn -0.00160366 0.99997899 -0.00628072
vn -0.57301052 0.71178158 -0.40623383
vn -0.57301761 0.71177755 -0.40623090
vn -0.57306350 0.71175144 -0.40621191
vn -0.84485338 0.00451495 -0.53497886
vn -0.84485338 0.00451495 -0.53497886
vn -0.84485338 0.00451495 -0.53497886
vn -0.07673180 0.99596948 -0.04644370
vn -0.07552541 0.99596587 -0.04845520
vn -0.07510718 0.99596393 -0.04914027
vn -0.07176507 0.99594255 0.05429737
vn -0.07176384 0.99594144 0.05431948
vn -0.78834626 0.00420840 0.61521741
vn -0.78833984 0.00421024 0.61522563
vn -0.78834720 0.00420813 0.61521620
vn -0.53041480 0.71156448 0.46079945
vn -0.53041657 0.71156350 0.46079892
vn -0.53040333 0.71157077 0.46080293
vn 0.00160359 -0.99997898 -0.00628229
vn 0.00128338 -0.99997728 -0.00661803
vn 0.00160347 -0.99997898 -0.00628243
vn -0.68590969 0.00366376 0.72767746
vn -0.68590969 0.00366376 0.72767746
vn -0.68590969 0.00366376 0.72767746
vn -0.00534976 -0.99998569 -0.00000948
vn -0.43782786 -0.70636791 0.55619344
vn -0.43782756 -0.70636713 0.55619466
vn -0.43782567 -0.70636222 0.55620239
vn -0.57581273 0.00307503 0.81757583
vn -0.57581468 0.00307524 0.81757446
vn -0.57581480 0.00307525 0.81757438
vn -0.46086981 0.50174808 0.73201631
vn -0.46086934 0.50174765 0.73201691
vn -0.46086854 0.50174692 0.73201790
vn -0.06295954 0.99589510 -0.06503109
vn -0.06132756 0.99588895 -0.06666435
vn -0.68950833 0.00368361 -0.72426838
vn -0.68950788 0.00368350 -0.72426882
vn -0.68950840 0.00368363 -0.72426832
vn -0.05448991 0.99585325 -0.07285025
vn -0.05713292 0.99586738 -0.07059745
vn -0.05628981 0.99586004 -0.07137397
vn -0.45063913 0.67682742 -0.58209022
vn -0.45063876 0.67681563 -0.58210421
vn -0.45063841 0.67680454 -0.58211737
vn -0.57579214 0.00307583 -0.81759033
vn -0.57581792 0.00307528 -0.81757218
vn -0.57581828 0.00307528 -0.81757192
vn -0.65315147 0.00349092 0.75721923
vn -0.65315979 0.00348899 0.75721207
vn -0.65315025 0.00349121 0.75722028
vn -0.05265454 0.99584035 0.07436061
vn -0.05269646 0.99583977 0.07433870
vn -0.42151147 0.67674032 0.60361463
vn -0.42148689 0.67676152 0.60360802
vn -0.42146378 0.67678146 0.60360180
vn -0.53501647 0.00285825 0.84483679
vn -0.53501647 0.00285825 0.84483679
vn -0.53501647 0.00285825 0.84483679
vn -0.48270584 0.71127571 0.51096178
vn -0.48270452 0.71127278 0.51096710
vn -0.48269596 0.71125383 0.51100156
vn -0.72426614 0.00387550 0.68950964
vn -0.72421065 0.00386069 0.68956800
vn -0.72420251 0.00385852 0.68957657
vn -0.06607286 0.99591235 0.06158702
vn -0.06690260 0.99591891 0.06057702
vn -0.06607161 0.99591225 0.06158998
vn -0.46088198 0.50174976 -0.73200750
vn -0.46088147 0.50175005 -0.73200762
vn -0.46088061 0.50175054 -0.73200782
vn -0.57580577 0.00307555 -0.81758073
vn -0.57580382 0.00307574 -0.81758211
vn -0.57580371 0.00307575 -0.81758219
vn -0.43782536 -0.70637343 -0.55618839
vn -0.43782457 -0.70637137 -0.55619164
vn -0.43783040 -0.70638651 -0.55616782
vn -0.00533951 -0.99998574 0.00000094
vn -0.68591728 0.00366394 -0.72767030
vn -0.68591728 0.00366394 -0.72767030
vn -0.68591728 0.00366394 -0.72767030
vn 0.00128305 -0.99997728 0.00661758
vn 0.00160291 -0.99997899 0.00628155
vn 0.00160280 -0.99997899 0.00628168
vn -0.55238115 0.71166126 -0.43406604
vn -0.55238170 0.71166434 -0.43406027
vn -0.55237755 0.71164128 -0.43410336
vn -0.81755745 0.00435738 -0.57583055
vn -0.81758442 0.00436597 -0.57579220
vn -0.81755350 0.00435612 -0.57583618
vn -0.07303566 0.99595356 -0.05236696
vn -0.07255136 0.99594945 -0.05311298
vn -0.06754944 0.99592243 0.05979626
vn -0.06903027 0.99592787 0.05798700
vn -0.75720136 0.00403515 0.65316906
vn -0.75717989 0.00404095 0.65319391
vn -0.75720451 0.00403430 0.65316541
vn -0.50716572 0.71141241 0.48649288
vn -0.50715753 0.71141684 0.48649493
vn -0.50721869 0.71138371 0.48647961
vn 0.00111116 -0.99997633 -0.00678996
vn 0.00111116 -0.99997633 -0.00678996
vn -0.65937125 0.00352243 0.75180925
vn -0.65937125 0.00352243 0.75180925
vn -0.65937125 0.00352243 0.75180925
vn -0.00533954 -0.99998574 -0.00000109
vn -0.00532892 -0.99998580 0.00000678
vn -0.41002499 -0.70651466 0.57681586
vn -0.41002527 -0.70651526 0.57681493
vn -0.41002702 -0.70651906 0.57680903
vn -0.53498994 0.00285701 0.84485360
vn -0.53498994 0.00285701 0.84485360
vn -0.53498994 0.00285701 0.84485360
vn -0.42439306 0.50155557 0.75387833
vn -0.42439252 0.50155510 0.75387895
vn -0.42439161 0.50155432 0.75387998
vn -0.06691064 0.99591855 -0.06057394
vn -0.06609018 0.99591238 -0.06156796
vn -0.06608124 0.99591167 -0.06158915
vn -0.72424365 0.00386869 -0.68953330
vn -0.72424489 0.00386902 -0.68953199
vn -0.72424347 0.00386864 -0.68953349
vn -0.48266409 0.71129902 -0.51096877
vn -0.48266449 0.71129880 -0.51096869
vn -0.48266711 0.71129740 -0.51096817
vn -0.65318849 0.00348954 -0.75718731
vn -0.65318949 0.00348931 -0.75718645
vn -0.65318963 0.00348927 -0.75718632
vn -0.05268556 0.99584093 -0.07433087
vn -0.05448009 0.99585300 -0.07286103
vn -0.42151809 0.67672848 -0.60362329
vn -0.42154493 0.67670532 -0.60363050
vn -0.42149283 0.67675027 -0.60361650
vn -0.53498211 0.00285773 -0.84485855
vn -0.53498211 0.00285773 -0.84485855
vn -0.53498211 0.00285773 -0.84485855
vn -0.45700997 0.71116029 0.53422180
vn -0.45701061 0.71115995 0.53422171
vn -0.45700584 0.71116248 0.53422242
vn -0.61522704 0.00328671 0.78834313
vn -0.61521986 0.00328831 0.78834872
vn -0.61522809 0.00328647 0.78834231
vn -0.04897791 0.99581980 0.07709793
vn -0.04705654 0.99581225 0.07838141
vn -0.04898259 0.99581994 0.07709316
vn -0.39142514 0.67657756 0.62372203
vn -0.39142514 0.67657756 0.62372203
vn -0.39142514 0.67657756 0.62372203
vn -0.49288803 0.00263232 0.87008876
vn -0.49289421 0.00263251 0.87008527
vn -0.49289430 0.00263251 0.87008522
vn -0.42437101 0.50156561 -0.75388406
vn -0.42437768 0.50157134 -0.75387650
vn -0.42435989 0.50155604 -0.75389670
vn -0.53497837 0.00285943 -0.84486092
vn -0.53497837 0.00285943 -0.84486092
vn -0.53497837 0.00285943 -0.84486092
vn -0.41002192 -0.70651840 -0.57681346
vn -0.41002299 -0.70652070 -0.57680989
vn -0.41001518 -0.70650381 -0.57683613
vn -0.00531905 -0.99998585 -0.00001585
vn -0.00532970 -0.99998580 -0.00000796
vn -0.65937896 0.00352261 -0.75180249
vn -0.65937896 0.00352261 -0.75180249
vn -0.65937896 0.00352261 -0.75180249
vn 0.00111117 -0.99997633 0.00678981
vn 0.00111117 -0.99997633 0.00678981
vn -0.53041727 0.71157038 -0.46078750
vn -0.53041619 0.71157097 -0.46078783
vn -0.53040923 0.71157479 -0.46078994
vn -0.78834993 0.00421112 -0.61521269
vn -0.78834927 0.00421093 -0.61521353
vn -0.78835003 0.00421115 -0.61521257
vn -0.07175334 0.99594332 -0.05429880
vn -0.07175127 0.99594144 -0.05433609
vn -0.00068766 -0.99996535 -0.00829657
vn -0.00068766 -0.99996535 -0.00829657
vn -0.00068766 -0.99996535 -0.00829657
vn -0.61259238 0.00327157 0.79039223
vn -0.61259238 0.00327157 0.79039223
vn -0.61259238 0.00327157 0.79039223
vn -0.00534034 -0.99998574 -0.00000007
vn -0.00534034 -0.99998574 -0.00000007
vn -0.38122012 -0.70667737 0.59605227
vn -0.38121926 -0.70667792 0.59605218
vn -0.38122561 -0.70667392 0.59605286
vn -0.49289131 0.00263218 0.87008691
vn -0.49289131 0.00263218 0.87008691
vn -0.49289131 0.00263218 0.87008691
vn -0.38687941 0.50135390 0.77393061
vn -0.38688059 0.50135486 0.77392940
vn -0.38688255 0.50135646 0.77392738
vn -0.06903106 0.99592790 -0.05798568
vn -0.06755957 0.99592250 -0.05978353
vn -0.75720334 0.00404462 -0.65316670
vn -0.75720334 0.00404462 -0.65316670
vn -0.75720334 0.00404462 -0.65316670
vn -0.50715527 0.71144162 -0.48646105
vn -0.50715767 0.71144032 -0.48646044
vn -0.50717320 0.71143191 -0.48645655
vn -0.45703528 0.71116322 -0.53419624
vn -0.45703550 0.71116364 -0.53419549
vn -0.45703381 0.71116051 -0.53420111
vn -0.61522419 0.00328773 -0.78834535
vn -0.61518934 0.00329550 -0.78837251
vn -0.61518423 0.00329664 -0.78837649
vn -0.04705175 0.99581234 -0.07838318
vn -0.04896510 0.99582012 -0.07710189
vn -0.04897542 0.99582043 -0.07709137
vn -0.39133719 0.67661446 -0.62373718
vn -0.39135307 0.67660056 -0.62374230
vn -0.39132225 0.67662754 -0.62373237
vn -0.49288888 0.00263291 -0.87008828
vn -0.49286581 0.00263221 -0.87010136
vn -0.49288921 0.00263292 -0.87008809
vn -0.43026916 0.71101288 0.55617366
vn -0.43026975 0.71101382 0.55617200
vn -0.43027357 0.71101991 0.55616125
vn -0.57579655 0.00308420 0.81758720
vn -0.57582933 0.00307716 0.81756414
vn -0.57579174 0.00308523 0.81759058
vn -0.04706747 0.99581251 0.07837150
vn -0.04314619 0.99579144 0.08085671
vn -0.36027662 0.67641320 0.64239080
vn -0.36027698 0.67641498 0.64238873
vn -0.36027628 0.67641153 0.64239275
vn -0.44959234 0.00240122 0.89323063
vn -0.44959762 0.00240112 0.89322798
vn -0.44959226 0.00240122 0.89323067
vn -0.38689977 0.50137814 -0.77390473
vn -0.38690126 0.50137730 -0.77390453
vn -0.38690374 0.50137591 -0.77390419
vn -0.49290582 0.00263460 -0.87007868
vn -0.49289192 0.00263321 -0.87008656
vn -0.49290664 0.00263469 -0.87007822
vn -0.38123490 -0.70667161 -0.59604965
vn -0.38123394 -0.70666981 -0.59605240
vn -0.38124102 -0.70668297 -0.59603227
vn -0.00534034 -0.99998574 -0.00000007
vn -0.00534034 -0.99998574 -0.00000007
vn -0.61258303 0.00327205 -0.79039947
vn -0.61258303 0.00327205 -0.79039947
vn -0.61258303 0.00327205 -0.79039947
vn -0.00062768 -0.99996480 0.00836642
vn -0.00062768 -0.99996480 0.00836642
vn -0.00062768 -0.99996480 0.00836642
vn 0.00042471 -0.99997265 -0.00738368
vn 0.00102702 -0.99997501 -0.00699436
vn 0.00042471 -0.99997265 -0.00738368
vn -0.57548757 0.00307392 0.81780475
vn -0.57644999 0.00307893 0.81712663
vn -0.57548750 0.00307392 0.81780480
vn -0.00535135 -0.99998568 -0.00000743
vn -0.35152862 -0.70683433 0.61385084
vn -0.35152974 -0.70683362 0.61385102
vn -0.35152150 -0.70683884 0.61384972
vn -0.44959062 0.00240094 0.89323150
vn -0.44959062 0.00240094 0.89323150
vn -0.44959062 0.00240094 0.89323150
vn -0.34844121 0.50115250 0.79210788
vn -0.34843867 0.50115053 0.79211025
vn -0.34843443 0.50114723 0.79211420
vn -0.43024669 0.71101106 -0.55619336
vn -0.43025020 0.71100921 -0.55619302
vn -0.43027286 0.71099725 -0.55619078
vn -0.57582710 0.00308486 -0.81756568
vn -0.57579614 0.00307787 -0.81758751
vn -0.57583164 0.00308589 -0.81756247
vn -0.04315054 0.99579175 -0.08085061
vn -0.04313772 0.99579090 -0.08086790
vn -0.36032835 0.67641049 -0.64236464
vn -0.36030020 0.67643555 -0.64235403
vn -0.36035483 0.67638691 -0.64237462
vn -0.44961388 0.00240126 -0.89321979
vn -0.44959805 0.00240156 -0.89322776
vn -0.44959782 0.00240157 -0.89322787
vn -0.40243077 0.71086584 0.57681820
vn -0.40243012 0.71086492 0.57681979
vn -0.40242588 0.71085896 0.57683009
vn -0.53501811 0.00285853 0.84483575
vn -0.53501811 0.00285853 0.84483575
vn -0.53501811 0.00285853 0.84483575
vn -0.04113191 0.99577851 0.08205679
vn -0.04116180 0.99577813 0.08204640
vn -0.32833999 0.67625299 0.65945034
vn -0.32833094 0.67626120 0.65944642
vn -0.32832244 0.67626893 0.65944273
vn -0.40523590 0.00216443 0.91420959
vn -0.40523084 0.00216428 0.91421184
vn -0.40523077 0.00216428 0.91421187
vn -0.34844295 0.50116850 -0.79209699
vn -0.34844422 0.50116780 -0.79209688
vn -0.34844633 0.50116661 -0.79209670
vn -0.44962038 0.00240200 -0.89321651
vn -0.44959733 0.00239974 -0.89322812
vn -0.44962174 0.00240213 -0.89321583
vn -0.35151076 -0.70684790 -0.61384545
vn -0.35151197 -0.70684713 -0.61384564
vn -0.35151965 -0.70684226 -0.61384685
vn -0.00534065 -0.99998574 -0.00000063
vn -0.57643011 0.00307898 -0.81714065
vn -0.57548861 0.00307407 -0.81780402
vn -0.57548855 0.00307407 -0.81780406
vn -0.00060805 0.99997366 -0.00723305
vn -0.00023745 0.99997169 -0.00752082
vn -0.00060805 0.99997366 -0.00723305
vn 0.00013705 0.99996967 0.00778724
vn -0.00023840 0.99997168 0.00752196
vn -0.00023841 0.99997168 0.00752195
vn -0.53678667 0.00286723 0.84371313
vn -0.53678667 0.00286723 0.84371313
vn -0.53678667 0.00286723 0.84371313
vn -0.00534034 -0.99998574 -0.00000007
vn -0.00534034 -0.99998574 -0.00000007
vn -0.32098130 -0.70699982 0.63017637
vn -0.32097941 -0.70700103 0.63017597
vn -0.32099329 -0.70699215 0.63017887
vn -0.40523666 0.00216407 0.91420926
vn -0.40523666 0.00216407 0.91420926
vn -0.40523666 0.00216407 0.91420926
vn -0.30914317 0.50095109 0.80838018
vn -0.30914081 0.50094933 0.80838217
vn -0.30913687 0.50094640 0.80838549
vn -0.40243349 0.71086992 -0.57681128
vn -0.40243580 0.71087315 -0.57680568
vn -0.40241856 0.71084896 -0.57684752
vn -0.53498625 0.00285915 -0.84485593
vn -0.53498120 0.00286019 -0.84485912
vn -0.53498046 0.00286035 -0.84485959
vn -0.04114955 0.99577774 -0.08205735
vn -0.32834034 0.67622152 -0.65948243
vn -0.32833963 0.67621882 -0.65948555
vn -0.32833897 0.67621628 -0.65948849
vn -0.40524075 0.00216468 -0.91420744
vn -0.40523938 0.00216470 -0.91420805
vn -0.40523936 0.00216470 -0.91420806
vn -0.37366584 0.71072018 0.59602908
vn -0.37366563 0.71071993 0.59602951
vn -0.37366431 0.71071827 0.59603232
vn -0.49289354 0.00263407 0.87008564
vn -0.49289156 0.00263365 0.87008676
vn -0.49289127 0.00263359 0.87008692
vn -0.03707945 0.99575633 0.08422856
vn -0.03707919 0.99575633 0.08422864
vn -0.03707950 0.99575633 0.08422855
vn -0.29555495 0.67608604 0.67494810
vn -0.29556403 0.67607759 0.67495258
vn -0.29557258 0.67606965 0.67495680
vn -0.35988285 0.00192230 0.93299552
vn -0.35988028 0.00192222 0.93299651
vn -0.35988024 0.00192222 0.93299653
vn -0.30914375 0.50096015 -0.80837434
vn -0.30913934 0.50096261 -0.80837450
vn -0.30913198 0.50096671 -0.80837477
vn -0.40525826 0.00216316 -0.91419968
vn -0.40522321 0.00216614 -0.91421522
vn -0.40522115 0.00216631 -0.91421613
vn -0.32097029 -0.70701572 -0.63016414
vn -0.32097029 -0.70701572 -0.63016414
vn -0.32097032 -0.70701571 -0.63016414
vn -0.00534094 -0.99998574 -0.00000121
vn -0.00534097 -0.99998574 -0.00000119
vn -0.53678648 0.00286706 -0.84371326
vn -0.53678648 0.00286706 -0.84371326
vn -0.53678648 0.00286706 -0.84371326
vn -0.00003738 0.99997059 -0.00766865
vn 0.00014510 0.99996963 -0.00779194
vn -0.00424964 -0.99993549 -0.01053320
vn -0.00424964 -0.99993549 -0.01053320
vn -0.00424964 -0.99993549 -0.01053320
vn -0.49247771 0.00263060 0.87032108
vn -0.49496278 0.00264356 0.86891016
vn -0.49247754 0.00263060 0.87032118
vn -0.00532810 -0.99998581 0.00000500
vn -0.28966442 -0.70717379 0.64498043
vn -0.28966424 -0.70717354 0.64498078
vn -0.28966305 -0.70717198 0.64498303
vn -0.35988259 0.00192225 0.93299562
vn -0.35988676 0.00192190 0.93299401
vn -0.35988235 0.00192227 0.93299571
vn -0.26911323 0.50074581 0.82269782
vn -0.26911717 0.50074362 0.82269787
vn -0.26910666 0.50074947 0.82269774
vn -0.37365149 0.71073661 -0.59601849
vn -0.37365212 0.71073628 -0.59601849
vn -0.37365615 0.71073416 -0.59601848
vn -0.49289708 0.00263553 -0.87008363
vn -0.49289745 0.00263561 -0.87008342
vn -0.49289702 0.00263552 -0.87008366
vn -0.03706415 0.99575714 -0.08422570
vn -0.03709576 0.99575675 -0.08421643
vn -0.03710108 0.99575668 -0.08421487
vn -0.29559085 0.67604891 -0.67496957
vn -0.29559076 0.67604899 -0.67496953
vn -0.29559093 0.67604884 -0.67496961
vn -0.35988482 0.00192249 -0.93299476
vn -0.35988270 0.00192243 -0.93299558
vn -0.35988485 0.00192249 -0.93299475
vn -0.34395477 0.71055891 0.61384131
vn -0.34395370 0.71055947 0.61384126
vn -0.34396171 0.71055526 0.61384164
vn -0.44959787 0.00240853 0.89322783
vn -0.44957382 0.00240355 0.89323995
vn -0.44957029 0.00240282 0.89324172
vn -0.03289519 0.99573397 0.08620765
vn -0.03289501 0.99573398 0.08620770
vn -0.03289522 0.99573397 0.08620765
vn -0.26209706 0.67588719 0.68882628
vn -0.26209899 0.67588535 0.68882735
vn -0.26210080 0.67588362 0.68882836
vn -0.31367147 0.00167542 0.94953010
vn -0.31367501 0.00167552 0.94952892
vn -0.31367506 0.00167552 0.94952891
vn -0.26912692 0.50074572 -0.82269340
vn -0.26913283 0.50074242 -0.82269347
vn -0.26914271 0.50073692 -0.82269359
vn -0.35989967 0.00192402 -0.93298903
vn -0.35986269 0.00192054 -0.93300330
vn -0.35990184 0.00192422 -0.93298819
vn -0.28967299 -0.70718287 -0.64496663
vn -0.28967322 -0.70718272 -0.64496669
vn -0.28967468 -0.70718178 -0.64496706
vn -0.00532815 -0.99998581 -0.00000726
vn -0.00534092 -0.99998574 -0.00000122
vn -0.49496118 0.00264371 -0.86891107
vn -0.49246636 0.00263069 -0.87032750
vn -0.49246619 0.00263069 -0.87032760
vn -0.00424964 -0.99993550 0.01053307
vn -0.00424964 -0.99993550 0.01053307
vn -0.00424964 -0.99993550 0.01053307
vn 0.00092593 0.99996547 0.00825846
vn 0.00070617 0.99996660 0.00814229
vn 0.00070617 0.99996660 0.00814229
vn -0.44799560 0.00239285 0.89403256
vn -0.44940773 0.00240057 0.89332353
vn -0.44940782 0.00240057 0.89332348
vn -0.00531586 -0.99998587 0.00001008
vn -0.00534034 -0.99998574 -0.00000006
vn -0.25770385 -0.70733230 0.65823228
vn -0.25770246 -0.70733061 0.65823465
vn -0.25769358 -0.70731988 0.65824965
vn -0.31368870 0.00167518 0.94952440
vn -0.31368500 0.00167548 0.94952562
vn -0.31368892 0.00167516 0.94952433
vn -0.22841387 0.50052917 0.83504350
vn -0.22841223 0.50053008 0.83504340
vn -0.22841660 0.50052765 0.83504367
vn -0.34395411 0.71057055 -0.61382820
vn -0.34395558 0.71056978 -0.61382827
vn -0.34396512 0.71056477 -0.61382873
vn -0.44958798 0.00240408 -0.89323282
vn -0.44959284 0.00240313 -0.89323038
vn -0.44959355 0.00240299 -0.89323002
vn -0.03290496 0.99573444 -0.08619853
vn -0.03287261 0.99573484 -0.08620631
vn -0.03286717 0.99573490 -0.08620762
vn -0.26209491 0.67587889 -0.68883524
vn -0.26210039 0.67587366 -0.68883828
vn -0.26208976 0.67588380 -0.68883238
vn -0.31369519 0.00167577 -0.94952226
vn -0.31367513 0.00167612 -0.94952889
vn -0.31367484 0.00167612 -0.94952898
vn -0.31339229 0.71038215 0.63019242
vn -0.31339351 0.71038342 0.63019038
vn -0.31340139 0.71039165 0.63017717
vn -0.40524702 0.00216804 0.91420466
vn -0.40523009 0.00217128 0.91421215
vn -0.40524950 0.00216757 0.91420356
vn -0.02861966 0.99571113 0.08797874
vn -0.02644109 0.99570217 0.08875846
vn -0.02862012 0.99571114 0.08797846
vn -0.22798809 0.67569280 0.70104256
vn -0.22798420 0.67568373 0.70105257
vn -0.22799174 0.67570134 0.70103314
vn -0.26671932 0.00142441 0.96377320
vn -0.26670765 0.00142461 0.96377643
vn -0.26671949 0.00142441 0.96377315
vn -0.22840327 0.50051570 -0.83505448
vn -0.22839855 0.50051244 -0.83505772
vn -0.22841115 0.50052116 -0.83504905
vn -0.31369102 0.00167408 -0.94952364
vn -0.31367047 0.00167576 -0.94953042
vn -0.31366927 0.00167585 -0.94953082
vn -0.25768398 -0.70735174 -0.65821918
vn -0.25768355 -0.70735202 -0.65821905
vn -0.25768086 -0.70735378 -0.65821820
vn -0.00531538 -0.99998587 -0.00001329
vn -0.00532811 -0.99998581 -0.00000732
vn -0.44939724 0.00240067 -0.89332881
vn -0.44798219 0.00239294 -0.89403928
vn -0.44939734 0.00240067 -0.89332876
vn 0.00070606 0.99996660 -0.00814209
vn 0.00092589 0.99996547 -0.00825830
vn 0.00070606 0.99996660 -0.00814209
vn -0.00114408 -0.99996428 -0.00837378
vn -0.00133765 -0.99996327 -0.00846577
vn -0.00114408 -0.99996428 -0.00837378
vn -0.40587225 0.00216798 0.91392725
vn -0.40662131 0.00217189 0.91359422
vn -0.40587220 0.00216798 0.91392727
vn -0.00535238 -0.99998568 -0.00000575
vn -0.00535238 -0.99998568 -0.00000575
vn -0.22509104 -0.70749812 0.66991077
vn -0.22509150 -0.70749862 0.66991008
vn -0.22509437 -0.70750183 0.66990573
vn -0.26670029 0.00142451 0.96377846
vn -0.26670348 0.00142426 0.96377758
vn -0.26670010 0.00142453 0.96377852
vn -0.18718908 0.50030547 0.84537251
vn -0.18718749 0.50030636 0.84537234
vn -0.18719174 0.50030398 0.84537280
vn -0.31339686 0.71040305 -0.63016657
vn -0.31339708 0.71040328 -0.63016620
vn -0.31339543 0.71040155 -0.63016898
vn -0.40523503 0.00216605 -0.91420998
vn -0.40523858 0.00216677 -0.91420840
vn -0.40523451 0.00216595 -0.91421021
vn -0.02644931 0.99570304 -0.08874617
vn -0.02860239 0.99571180 -0.08797679
vn -0.02861584 0.99571214 -0.08796856
vn -0.22798506 0.67566523 -0.70107012
vn -0.22799308 0.67568397 -0.70104945
vn -0.22800063 0.67570160 -0.70103000
vn -0.26670004 0.00142518 -0.96377853
vn -0.26670352 0.00142512 -0.96377757
vn -0.26670357 0.00142512 -0.96377755
vn -0.28211687 0.71022074 0.64497796
vn -0.28211505 0.71021899 0.64498069
vn -0.28210330 0.71020763 0.64499834
vn -0.35990118 0.00192334 0.93298845
vn -0.35989243 0.00192498 0.93299182
vn -0.35990247 0.00192310 0.93298795
vn -0.02644134 0.99570217 0.08875834
vn -0.02204829 0.99567871 0.09020960
vn -0.19332525 0.67549916 0.71156604
vn -0.19331559 0.67550896 0.71155936
vn -0.19330650 0.67551818 0.71155308
vn -0.21908805 0.00117056 0.97570439
vn -0.21911168 0.00117015 0.97569908
vn -0.21908771 0.00117056 0.97570447
vn -0.18717521 0.50029058 -0.84538439
vn -0.18717770 0.50029225 -0.84538285
vn -0.18717105 0.50028780 -0.84538696
vn -0.26670397 0.00142499 -0.96377745
vn -0.26671296 0.00142581 -0.96377495
vn -0.26670344 0.00142494 -0.96377759
vn -0.22509581 -0.70752277 -0.66988313
vn -0.22509534 -0.70752308 -0.66988296
vn -0.22509239 -0.70752505 -0.66988187
vn -0.00535406 -0.99998567 0.00000338
vn -0.00535406 -0.99998567 0.00000338
vn -0.40661030 0.00217200 -0.91359911
vn -0.40586896 0.00216813 -0.91392871
vn -0.40586891 0.00216813 -0.91392873
vn -0.00133822 -0.99996328 0.00846464
vn -0.00114420 -0.99996429 0.00837370
vn -0.00114420 -0.99996429 0.00837370
vn 0.00175680 0.99996103 0.00865121
vn 0.00134512 0.99996323 0.00846897
vn 0.00134512 0.99996323 0.00846897
vn -0.35860597 0.00191548 0.93348706
vn -0.35916006 0.00191851 0.93327401
vn -0.35916010 0.00191851 0.93327399
vn -0.00533996 -0.99998574 -0.00000130
vn -0.19195311 -0.70767613 0.67996213
vn -0.19195268 -0.70767569 0.67996271
vn -0.19194999 -0.70767289 0.67996639
vn -0.21910623 0.00116918 0.97570031
vn -0.21911871 0.00117031 0.97569751
vn -0.21911944 0.00117037 0.97569734
vn -0.14545307 0.50008209 0.85367517
vn -0.14545354 0.50008183 0.85367525
vn -0.14545229 0.50008253 0.85367505
vn -0.28212220 0.71022096 -0.64497539
vn -0.28211935 0.71021820 -0.64497968
vn -0.28214065 0.71023880 -0.64494767
vn -0.35988728 0.00192442 -0.93299381
vn -0.35989303 0.00192334 -0.93299159
vn -0.35989388 0.00192318 -0.93299126
vn -0.02204530 0.99567923 -0.09020463
vn -0.02643317 0.99570265 -0.08875542
vn -0.19332448 0.67548988 -0.71157506
vn -0.19331806 0.67547654 -0.71158946
vn -0.19331202 0.67546400 -0.71160302
vn -0.21910057 0.00117083 -0.97570158
vn -0.21911172 0.00117064 -0.97569907
vn -0.21911188 0.00117064 -0.97569904
vn -0.25012255 0.71006188 0.65821792
vn -0.25012283 0.71006174 0.65821797
vn -0.25012074 0.71006286 0.65821756
vn -0.31367276 0.00167759 0.94952966
vn -0.31366650 0.00167637 0.94953174
vn -0.31366558 0.00167619 0.94953204
vn -0.02204820 0.99567871 0.09020962
vn -0.01983418 0.99566423 0.09088092
vn -0.15815537 0.67532798 0.72036033
vn -0.15815345 0.67532439 0.72036411
vn -0.15815717 0.67533135 0.72035677
vn -0.17097578 0.00091307 0.98527481
vn -0.17095322 0.00091344 0.98527872
vn -0.17097610 0.00091306 0.98527475
vn -0.14545359 0.50007828 -0.85367732
vn -0.14545932 0.50008202 -0.85367416
vn -0.14544402 0.50007205 -0.85368260
vn -0.21909430 0.00117127 -0.97570299
vn -0.21909890 0.00117091 -0.97570195
vn -0.21909917 0.00117089 -0.97570189
vn -0.19195071 -0.70769725 -0.67994082
vn -0.19195068 -0.70769727 -0.67994081
vn -0.19195046 -0.70769742 -0.67994072
vn -0.00535382 -0.99998567 0.00000402
vn -0.35915984 0.00191867 -0.93327409
vn -0.35860415 0.00191564 -0.93348776
vn -0.35915988 0.00191867 -0.93327408
vn 0.00132386 0.99996335 -0.00845877
vn 0.00174900 0.99996110 -0.00864535
vn 0.00132386 0.99996335 -0.00845877
vn -0.00175693 -0.99996103 -0.00865125
vn -0.00437324 -0.99994436 -0.00959969
vn -0.00175615 -0.99996104 -0.00865093
vn -0.31408102 0.00167783 0.94939470
vn -0.31289760 0.00167138 0.94978539
vn -0.31289752 0.00167138 0.94978542
vn -0.00532717 -0.99998581 0.00000190
vn -0.00532717 -0.99998581 0.00000190
vn -0.15835401 -0.70786206 0.68837149
vn -0.15835540 -0.70786341 0.68836978
vn -0.15836418 -0.70787199 0.68835894
vn -0.17095701 0.00091235 0.98527807
vn -0.17095520 0.00091219 0.98527838
vn -0.17095510 0.00091218 0.98527840
vn -0.10338174 0.49985929 0.85991448
vn -0.10338296 0.49985860 0.85991473
vn -0.10337971 0.49986045 0.85991405
vn -0.25010627 0.71004173 -0.65824585
vn -0.25010825 0.71004352 -0.65824317
vn -0.25009343 0.71003015 -0.65826321
vn -0.31366886 0.00167634 -0.94953096
vn -0.31366886 0.00167634 -0.94953096
vn -0.31366886 0.00167634 -0.94953096
vn -0.01981145 0.99566442 -0.09088379
vn -0.02204565 0.99567919 -0.09020504
vn -0.15817118 0.67531467 -0.72036934
vn -0.15817141 0.67531509 -0.72036889
vn -0.15817162 0.67531549 -0.72036847
vn -0.17095137 0.00091343 -0.98527904
vn -0.17095736 0.00091360 -0.98527801
vn -0.17095128 0.00091343 -0.98527906
vn -0.21752077 0.70987924 0.66989266
vn -0.21751850 0.70988047 0.66989210
vn -0.21753545 0.70987129 0.66989632
vn -0.26672575 0.00142606 0.96377141
vn -0.26672091 0.00142693 0.96377275
vn -0.26672646 0.00142593 0.96377122
vn -0.01534279 0.99564024 0.09200600
vn -0.01307389 0.99563078 0.09245765
vn -0.01307383 0.99563078 0.09245769
vn -0.12263794 0.67514971 0.72741515
vn -0.12262183 0.67516734 0.72740151
vn -0.12260668 0.67518391 0.72738868
vn -0.12240935 0.00065401 0.99247948
vn -0.12239464 0.00065361 0.99248130
vn -0.12239443 0.00065360 0.99248132
vn -0.10338196 0.49985883 -0.85991472
vn -0.10337757 0.49985604 -0.85991686
vn -0.10338929 0.49986348 -0.85991113
vn -0.17095495 0.00091394 -0.98527842
vn -0.17095704 0.00091377 -0.98527806
vn -0.17095716 0.00091376 -0.98527804
vn -0.15835713 -0.70787467 -0.68835781
vn -0.15835687 -0.70787485 -0.68835768
vn -0.15835522 -0.70787599 -0.68835688
vn -0.00534034 -0.99998574 -0.00000007
vn -0.00534034 -0.99998574 -0.00000007
vn -0.31288413 0.00167148 -0.94978983
vn -0.31408080 0.00167800 -0.94939477
vn -0.31288405 0.00167147 -0.94978986
vn 0.00199606 0.99995975 -0.00874770
vn 0.00219912 0.99995868 -0.00882035
vn -0.00684200 -0.99992165 -0.01048261
vn -0.00484314 -0.99994068 -0.00975653
vn -0.26637769 0.00142312 0.96386768
vn -0.26582705 0.00142011 0.96401969
vn -0.26582701 0.00142011 0.96401970
vn -0.00534045 -0.99998574 0.00000058
vn -0.12440264 -0.70804979 0.69511832
vn -0.12440185 -0.70804907 0.69511920
vn -0.12439687 -0.70804448 0.69512476
vn -0.12240488 0.00065360 0.99248003
vn -0.12240061 0.00065322 0.99248056
vn -0.12240036 0.00065320 0.99248059
vn -0.06108510 0.49962585 0.86408485
vn -0.06107971 0.49962895 0.86408343
vn -0.06109410 0.49962066 0.86408721
vn -0.21751298 0.70987809 -0.66989641
vn -0.21751360 0.70987776 -0.66989656
vn -0.21751758 0.70987560 -0.66989755
vn -0.26672799 0.00142572 -0.96377080
vn -0.26672960 0.00142603 -0.96377035
vn -0.26672775 0.00142567 -0.96377086
vn -0.01308000 0.99563173 -0.09244664
vn -0.01534231 0.99564123 -0.09199539
vn -0.01307155 0.99563180 -0.09244698
vn -0.12261788 0.67511582 -0.72744998
vn -0.12262046 0.67512025 -0.72744544
vn -0.12262290 0.67512441 -0.72744117
vn -0.12240605 0.00065427 -0.99247989
vn -0.12241727 0.00065409 -0.99247851
vn -0.12241743 0.00065409 -0.99247849
vn -0.18437408 0.70970557 0.67994426
vn -0.18437673 0.70970412 0.67994506
vn -0.18435692 0.70971498 0.67993909
vn -0.21908724 0.00117044 0.97570457
vn -0.21909170 0.00117128 0.97570357
vn -0.21909236 0.00117141 0.97570342
vn -0.01080413 0.99561600 0.09290886
vn -0.01080513 0.99561599 0.09290887
vn -0.08678383 0.67496097 0.73273205
vn -0.08676345 0.67492884 0.73276406
vn -0.08680300 0.67499120 0.73270193
vn -0.07355678 0.00039316 0.99729095
vn -0.07355870 0.00039313 0.99729081
vn -0.07355675 0.00039316 0.99729096
vn -0.06109246 0.49962978 -0.86408205
vn -0.06108783 0.49963245 -0.86408084
vn -0.06108009 0.49963690 -0.86407881
vn -0.12239897 0.00065471 -0.99248076
vn -0.12240770 0.00065548 -0.99247969
vn -0.12239846 0.00065466 -0.99248082
vn -0.12439103 -0.70805739 -0.69511266
vn -0.12439075 -0.70805713 -0.69511298
vn -0.12439282 -0.70805904 -0.69511066
vn -0.00534045 -0.99998574 -0.00000071
vn -0.26635014 0.00142308 -0.96387529
vn -0.26581318 0.00142027 -0.96402351
vn -0.26581314 0.00142027 -0.96402353
vn 0.00240225 0.99995757 -0.00889302
vn 0.00262190 0.99995641 -0.00896084
vn 0.00307339 0.99995398 0.00908781
vn 0.00262156 0.99995640 0.00896206
vn 0.00262156 0.99995640 0.00896206
vn -0.22134137 0.00118235 0.97519567
vn -0.21933828 0.00117187 0.97564817
vn -0.22134151 0.00118235 0.97519564
vn -0.00535344 -0.99998567 -0.00000201
vn -0.00535344 -0.99998567 -0.00000201
vn -0.09014059 -0.70822956 0.70020394
vn -0.09014024 -0.70822982 0.70020372
vn -0.09014284 -0.70822791 0.70020532
vn -0.07356150 0.00039263 0.99729061
vn -0.07356322 0.00039278 0.99729048
vn -0.07356332 0.00039279 0.99729047
vn -0.01858484 0.49939755 0.86617359
vn -0.01858258 0.49939618 0.86617443
vn -0.01857881 0.49939388 0.86617583
vn -0.18438606 0.70970311 -0.67994359
vn -0.18438492 0.70970373 -0.67994325
vn -0.18437757 0.70970776 -0.67994103
vn -0.21907448 0.00117178 -0.97570744
vn -0.21908109 0.00117303 -0.97570595
vn -0.21907350 0.00117159 -0.97570765
vn -0.01080304 0.99561702 -0.09289798
vn -0.01080324 0.99561702 -0.09289798
vn -0.08678188 0.67492067 -0.73276940
vn -0.08678195 0.67492078 -0.73276929
vn -0.08678202 0.67492089 -0.73276918
vn -0.07355842 0.00039320 -0.99729083
vn -0.07355361 0.00039328 -0.99729119
vn -0.07355354 0.00039328 -0.99729119
vn -0.15079184 0.70952862 0.68835380
vn -0.15079063 0.70952929 0.68835337
vn -0.15079963 0.70952428 0.68835657
vn -0.17096461 0.00091677 0.98527674
vn -0.17095126 0.00091425 0.98527906
vn -0.17094930 0.00091388 0.98527940
vn -0.00625759 0.99559226 0.09357828
vn -0.00392491 0.99558231 0.09381074
vn -0.00622657 0.99559154 0.09358801
vn -0.05071568 0.67471855 0.73633063
vn -0.05072254 0.67472861 0.73632094
vn -0.05070923 0.67470909 0.73633975
vn -0.02453600 0.00013096 0.99969894
vn -0.02455338 0.00013143 0.99969851
vn -0.02455363 0.00013144 0.99969851
vn -0.01858691 0.49940629 -0.86616851
vn -0.01858296 0.49940388 -0.86616998
vn -0.01859350 0.49941030 -0.86616605
vn -0.07356120 0.00039447 -0.99729063
vn -0.07357983 0.00039303 -0.99728925
vn -0.07358092 0.00039294 -0.99728917
vn -0.09014213 -0.70824343 -0.70018972
vn -0.09014198 -0.70824329 -0.70018987
vn -0.09014308 -0.70824426 -0.70018875
vn -0.00534056 -0.99998574 -0.00000134
vn -0.00534045 -0.99998574 -0.00000071
vn -0.21932578 0.00117198 -0.97565098
vn -0.22134114 0.00118252 -0.97519572
vn -0.22134128 0.00118252 -0.97519569
vn -0.00306515 -0.99995403 0.00908481
vn -0.00487697 -0.99994158 0.00964608
vn -0.00487953 -0.99994156 0.00964686
vn -0.00306452 -0.99995403 -0.00908559
vn -0.00210577 -0.99995749 -0.00897672
vn -0.00306478 -0.99995403 -0.00908565
vn -0.16988663 0.00090775 0.98546320
vn -0.17150295 0.00091620 0.98518318
vn -0.16988652 0.00090775 0.98546321
vn -0.00534029 -0.99998574 -0.00000071
vn -0.05568604 -0.70841248 0.70359849
vn -0.05568654 -0.70841209 0.70359883
vn -0.05568285 -0.70841489 0.70359631
vn -0.02453242 0.00013097 0.99969903
vn -0.02453156 0.00013089 0.99969905
vn -0.02453151 0.00013089 0.99969905
vn 0.02392253 0.49917439 0.86617125
vn 0.02392358 0.49917376 0.86617159
vn 0.02392535 0.49917270 0.86617215
vn -0.15077574 0.70951909 -0.68836715
vn -0.15077396 0.70951774 -0.68836893
vn -0.15078721 0.70952782 -0.68835564
vn -0.17096747 0.00091609 -0.98527625
vn -0.17097515 0.00091473 -0.98527492
vn -0.17097628 0.00091453 -0.98527472
vn -0.00395359 0.99558250 -0.09380751
vn -0.00622565 0.99559259 -0.09357689
vn -0.00622479 0.99559257 -0.09357716
vn -0.05071093 0.67473694 -0.73631411
vn -0.05071466 0.67473246 -0.73631795
vn -0.05070743 0.67474114 -0.73631049
vn -0.02455306 0.00013157 -0.99969852
vn -0.02455307 0.00013157 -0.99969852
vn -0.02455306 0.00013157 -0.99969852
vn -0.11680564 0.70933103 0.69513015
vn -0.11680772 0.70933254 0.69512826
vn -0.11682119 0.70934232 0.69511602
vn -0.12241211 0.00065768 0.99247914
vn -0.12241205 0.00065769 0.99247915
vn -0.12241212 0.00065768 0.99247914
vn -0.00161918 0.99556763 0.09403440
vn -0.00161873 0.99556764 0.09403436
vn -0.01450118 0.67454716 0.73808932
vn -0.01449847 0.67455059 0.73808624
vn -0.01449592 0.67455382 0.73808334
vn 0.02453640 -0.00013076 0.99969893
vn 0.02455185 -0.00013117 0.99969855
vn 0.02455207 -0.00013118 0.99969854
vn 0.02393041 0.49917108 -0.86617294
vn 0.02393212 0.49917006 -0.86617349
vn 0.02392755 0.49917279 -0.86617204
vn -0.02454823 0.00013114 -0.99969864
vn -0.02454852 0.00013117 -0.99969863
vn -0.02454821 0.00013114 -0.99969864
vn -0.05567491 -0.70843367 -0.70357803
vn -0.05567405 -0.70843295 -0.70357882
vn -0.05568034 -0.70843819 -0.70357304
vn -0.00532632 -0.99998582 -0.00000145
vn -0.00532632 -0.99998582 -0.00000145
vn -0.17150272 0.00091638 -0.98518322
vn -0.16987219 0.00090785 -0.98546568
vn -0.16987208 0.00090785 -0.98546570
vn 0.00306457 0.99995404 -0.00908453
vn 0.00351300 0.99995164 -0.00918523
vn 0.00306457 0.99995404 -0.00908453
vn 0.00396588 0.99994922 0.00926487
vn 0.00351286 0.99995164 0.00918626
vn 0.00351285 0.99995164 0.00918625
vn -0.12161446 0.00064990 0.99257720
vn -0.12181205 0.00065098 0.99255297
vn -0.12181207 0.00065098 0.99255297
vn -0.00534024 -0.99998574 -0.00000136
vn -0.00532704 -0.99998581 -0.00000071
vn -0.02108229 -0.70860099 0.70529439
vn -0.02108367 -0.70860209 0.70529324
vn -0.02109238 -0.70860904 0.70528600
vn 0.02453102 -0.00013120 0.99969906
vn 0.02453217 -0.00013111 0.99969903
vn 0.02453096 -0.00013121 0.99969906
vn 0.06639840 0.49894261 0.86408768
vn 0.06639390 0.49894526 0.86408650
vn 0.06638639 0.49894970 0.86408451
vn -0.11684283 0.70933473 -0.69512012
vn -0.11684409 0.70933565 -0.69511898
vn -0.11683466 0.70932880 -0.69512755
vn -0.12240713 0.00065504 -0.99247976
vn -0.12240550 0.00065532 -0.99247996
vn -0.12240526 0.00065537 -0.99247999
vn -0.00162642 0.99556790 -0.09403139
vn -0.00169166 0.99556713 -0.09403843
vn -0.01451501 0.67454038 -0.73809525
vn -0.01451765 0.67454401 -0.73809188
vn -0.01452014 0.67454742 -0.73808871
vn 0.02455427 -0.00013071 -0.99969849
vn 0.02455266 -0.00013073 -0.99969853
vn 0.02455263 -0.00013074 -0.99969853
vn -0.08259064 0.70915122 0.70020235
vn -0.08259349 0.70914956 0.70020370
vn -0.08257218 0.70916195 0.70019367
vn -0.07356555 0.00039454 0.99729031
vn -0.07355446 0.00039649 0.99729112
vn -0.07356718 0.00039426 0.99729019
vn 0.00303288 0.99554226 0.09426781
vn 0.00531887 0.99553287 0.09426565
vn 0.00300193 0.99554296 0.09426135
vn 0.02172726 0.67435461 0.73808793
vn 0.02172553 0.67435228 0.73809011
vn 0.02172389 0.67435008 0.73809216
vn 0.07355761 -0.00039260 0.99729089
vn 0.07355858 -0.00039258 0.99729082
vn 0.07355760 -0.00039260 0.99729089
vn 0.06639471 0.49894453 -0.86408686
vn 0.06639395 0.49894498 -0.86408666
vn 0.06639598 0.49894378 -0.86408719
vn 0.02454746 -0.00013103 -0.99969866
vn 0.02454718 -0.00013105 -0.99969866
vn 0.02454716 -0.00013105 -0.99969866
vn -0.02110358 -0.70862348 -0.70527116
vn -0.02110361 -0.70862350 -0.70527114
vn -0.02110343 -0.70862336 -0.70527128
vn -0.00532633 -0.99998581 -0.00000214
vn -0.12181543 0.00065117 -0.99255256
vn -0.12159801 0.00064998 -0.99257922
vn -0.12181545 0.00065117 -0.99255255
vn 0.00373848 0.99995041 -0.00923008
vn 0.00395205 0.99994930 -0.00926177
vn -0.00396830 -0.99994922 -0.00926384
vn -0.00583383 -0.99993757 -0.00953002
vn -0.00395342 -0.99994930 -0.00926164
vn -0.07358033 0.00039329 0.99728922
vn -0.07412563 0.00039626 0.99724883
vn -0.07412567 0.00039626 0.99724883
vn -0.00531384 -0.99998588 -0.00000006
vn -0.00534034 -0.99998574 -0.00000006
vn 0.01351331 -0.70878698 0.70529313
vn 0.01351183 -0.70878578 0.70529437
vn 0.01352267 -0.70879462 0.70528528
vn 0.07356450 -0.00039273 0.99729038
vn 0.07355763 -0.00039326 0.99729089
vn 0.07356491 -0.00039270 0.99729035
vn 0.10874048 0.49871962 0.85991526
vn 0.10874499 0.49871699 0.85991621
vn 0.10875253 0.49871259 0.85991781
vn -0.08258300 0.70915276 -0.70020169
vn -0.08258468 0.70915179 -0.70020248
vn -0.08259551 0.70914549 -0.70020758
vn -0.07356197 0.00039422 -0.99729057
vn -0.07356747 0.00039326 -0.99729017
vn -0.07356827 0.00039312 -0.99729011
vn 0.00534760 0.99553283 -0.09426442
vn 0.00300950 0.99554314 -0.09425923
vn 0.00307324 0.99554169 -0.09427252
vn 0.02173297 0.67434798 -0.73809381
vn 0.02173117 0.67434556 -0.73809608
vn 0.02173467 0.67435026 -0.73809168
vn 0.07355393 -0.00039252 -0.99729116
vn 0.07355777 -0.00039246 -0.99729088
vn 0.07355783 -0.00039246 -0.99729088
vn -0.04811786 0.70897697 0.70358818
vn -0.04811801 0.70897706 0.70358808
vn -0.04811894 0.70897769 0.70358738
vn -0.02453633 0.00013434 0.99969893
vn -0.02454642 0.00013258 0.99969868
vn -0.02453485 0.00013460 0.99969897
vn 0.00533377 0.99553250 0.09426876
vn 0.00763132 0.99551756 0.09426850
vn 0.05789564 0.67416769 0.73630566
vn 0.05790417 0.67417992 0.73629379
vn 0.05791220 0.67419143 0.73628262
vn 0.12240894 -0.00065382 0.99247953
vn 0.12239588 -0.00065346 0.99248114
vn 0.12239569 -0.00065346 0.99248117
vn 0.10872556 0.49872351 -0.85991489
vn 0.10872203 0.49872557 -0.85991414
vn 0.10873147 0.49872007 -0.85991614
vn 0.07356060 -0.00039283 -0.99729067
vn 0.07356493 -0.00039250 -0.99729035
vn 0.07356518 -0.00039248 -0.99729033
vn 0.01353334 -0.70880939 -0.70527023
vn 0.01353340 -0.70880935 -0.70527027
vn 0.01353298 -0.70880967 -0.70526995
vn -0.00534034 -0.99998574 -0.00000144
vn -0.00534034 -0.99998574 -0.00000144
vn -0.07358193 0.00039353 -0.99728910
vn -0.07410695 0.00039628 -0.99725022
vn -0.07410699 0.00039628 -0.99725022
vn -0.00583404 -0.99993759 0.00952832
vn -0.00396851 -0.99994922 0.00926282
vn -0.00395362 -0.99994930 0.00926061
vn -0.00465073 -0.99994553 -0.00934365
vn -0.00250316 -0.99995312 -0.00935377
vn -0.02436492 0.00013051 0.99970312
vn -0.02473670 0.00013246 0.99969399
vn -0.02436489 0.00013051 0.99970312
vn -0.00534040 -0.99998574 -0.00000136
vn -0.00534040 -0.99998574 -0.00000136
vn 0.04812518 -0.70897264 0.70359204
vn 0.04812301 -0.70897424 0.70359057
vn 0.04810929 -0.70898441 0.70358127
vn 0.12240581 -0.00065235 0.99247992
vn 0.12241734 -0.00065337 0.99247850
vn 0.12241802 -0.00065343 0.99247841
vn 0.15077907 0.49849380 0.85368003
vn 0.15078271 0.49849612 0.85367804
vn 0.15077299 0.49848994 0.85368337
vn -0.04810913 0.70896635 -0.70359948
vn -0.04811035 0.70896717 -0.70359857
vn -0.04810125 0.70896107 -0.70360534
vn -0.02453582 0.00013172 -0.99969894
vn -0.02454691 0.00013378 -0.99969867
vn -0.02453419 0.00013142 -0.99969898
vn 0.00763329 0.99551853 -0.09425807
vn 0.00532425 0.99553346 -0.09425917
vn 0.05790781 0.67415200 -0.73631907
vn 0.05790931 0.67415414 -0.73631698
vn 0.05790640 0.67414997 -0.73632103
vn 0.12241576 -0.00065343 -0.99247869
vn 0.12241278 -0.00065348 -0.99247906
vn 0.12241274 -0.00065348 -0.99247906
vn -0.01352416 0.70879218 0.70528770
vn -0.01352409 0.70879214 0.70528774
vn -0.01352365 0.70879185 0.70528804
vn 0.02454695 -0.00012917 0.99969867
vn 0.02453895 -0.00012769 0.99969887
vn 0.02453778 -0.00012747 0.99969890
vn 0.01225327 0.99549288 0.09404140
vn 0.01455598 0.99548325 0.09381482
vn 0.01225315 0.99549288 0.09404139
vn 0.09396999 0.67400541 0.73272528
vn 0.09397561 0.67401407 0.73271660
vn 0.09398090 0.67402221 0.73270843
vn 0.17096675 -0.00091284 0.98527638
vn 0.17095280 -0.00091308 0.98527880
vn 0.17096695 -0.00091284 0.98527634
vn 0.15079296 0.49849709 -0.85367566
vn 0.15080263 0.49849150 -0.85367722
vn 0.15077680 0.49850643 -0.85367306
vn 0.12240798 -0.00065315 -0.99247965
vn 0.12239942 -0.00065381 -0.99248071
vn 0.12239892 -0.00065385 -0.99248077
vn 0.04809965 -0.70898498 -0.70358135
vn 0.04809767 -0.70898644 -0.70358001
vn 0.04811217 -0.70897571 -0.70358984
vn -0.00535434 -0.99998567 -0.00000214
vn -0.02473647 0.00013263 -0.99969400
vn -0.02436834 0.00013070 -0.99970304
vn -0.02436831 0.00013070 -0.99970304
vn -0.00250324 -0.99995313 0.00935249
vn -0.00465088 -0.99994555 0.00934125
vn 0.00535406 0.99994181 0.00936510
vn 0.00488054 0.99994433 0.00935495
vn 0.00488054 0.99994433 0.00935495
vn 0.02441183 -0.00013003 0.99970198
vn 0.02453370 -0.00013070 0.99969899
vn 0.02453371 -0.00013070 0.99969899
vn -0.00534033 -0.99998574 -0.00000006
vn 0.08256040 -0.70916003 0.70019700
vn 0.08255873 -0.70915854 0.70019870
vn 0.08257098 -0.70916948 0.70018618
vn 0.17097338 -0.00091306 0.98527522
vn 0.17095781 -0.00091167 0.98527793
vn 0.17095690 -0.00091159 0.98527809
vn 0.19250325 0.49827420 0.84537880
vn 0.19250791 0.49827152 0.84537932
vn 0.19251569 0.49826705 0.84538018
vn -0.01351765 0.70879129 -0.70528872
vn -0.01351853 0.70879185 -0.70528814
vn -0.01351201 0.70878763 -0.70529250
vn 0.02454688 -0.00012853 -0.99969867
vn 0.02453675 -0.00013030 -0.99969892
vn 0.02453527 -0.00013056 -0.99969896
vn 0.01454812 0.99548419 -0.09380610
vn 0.01225029 0.99549387 -0.09403125
vn 0.01455498 0.99548427 -0.09380416
vn 0.09398185 0.67395960 -0.73276590
vn 0.09398237 0.67395900 -0.73276639
vn 0.09398285 0.67395843 -0.73276685
vn 0.17095110 -0.00091278 -0.98527909
vn 0.17094401 -0.00091258 -0.98528032
vn 0.17095120 -0.00091278 -0.98527907
vn 0.02112101 0.70860233 0.70529189
vn 0.02111988 0.70860304 0.70529120
vn 0.02111252 0.70860766 0.70528679
vn 0.07356518 -0.00039017 0.99729033
vn 0.07356193 -0.00039074 0.99729057
vn 0.07356566 -0.00039009 0.99729030
vn 0.01455684 0.99548323 0.09381487
vn 0.01685899 0.99546828 0.09358776
vn 0.12981206 0.67380935 0.72741308
vn 0.12983339 0.67378551 0.72743136
vn 0.12979199 0.67383178 0.72739589
vn 0.21910028 -0.00117028 0.97570164
vn 0.21908464 -0.00116984 0.97570516
vn 0.21908442 -0.00116984 0.97570521
vn 0.19250339 0.49826341 -0.84538513
vn 0.19250699 0.49826576 -0.84538292
vn 0.19251300 0.49826969 -0.84537924
vn 0.17097338 -0.00091327 -0.98527522
vn 0.17095394 -0.00091153 -0.98527860
vn 0.17097452 -0.00091337 -0.98527503
vn 0.08258868 -0.70915586 -0.70019789
vn 0.08258771 -0.70915656 -0.70019729
vn 0.08259488 -0.70915141 -0.70020166
vn -0.00536838 -0.99998559 -0.00000283
vn -0.00535436 -0.99998567 -0.00000145
vn 0.02455234 -0.00013062 -0.99969854
vn 0.02442671 -0.00012994 -0.99970161
vn 0.02455235 -0.00013062 -0.99969854
vn 0.00490393 0.99994422 -0.00935505
vn 0.00534944 0.99994183 -0.00936542
vn 0.00490392 0.99994422 -0.00935505
vn 0.00582299 0.99993930 0.00935335
vn 0.00559796 0.99994049 0.00936396
vn 0.07342738 -0.00039181 0.99730049
vn 0.07369189 -0.00039325 0.99728098
vn 0.07369191 -0.00039325 0.99728098
vn -0.00534053 -0.99998574 -0.00000135
vn -0.00534052 -0.99998574 -0.00000135
vn 0.11684707 -0.70933805 0.69511603
vn 0.11684820 -0.70933912 0.69511475
vn 0.11683988 -0.70933129 0.69512414
vn 0.21909649 -0.00117037 0.97570249
vn 0.21909384 -0.00117013 0.97570309
vn 0.21909369 -0.00117012 0.97570312
vn 0.23373328 0.49805578 0.83505042
vn 0.23373455 0.49805664 0.83504955
vn 0.23373115 0.49805434 0.83505187
vn 0.02108372 0.70861706 -0.70527820
vn 0.02108507 0.70861792 -0.70527730
vn 0.02109383 0.70862345 -0.70527147
vn 0.07356541 -0.00039152 -0.99729032
vn 0.07356218 -0.00039092 -0.99729056
vn 0.07356588 -0.00039161 -0.99729028
vn 0.01685764 0.99546931 -0.09357713
vn 0.12983961 0.67376559 -0.72744869
vn 0.12983765 0.67376779 -0.72744701
vn 0.12983580 0.67376986 -0.72744542
vn 0.21911231 -0.00116985 -0.97569894
vn 0.21910089 -0.00117005 -0.97570151
vn 0.21910073 -0.00117005 -0.97570154
vn 0.05569423 0.70841839 0.70359188
vn 0.05569566 0.70841752 0.70359264
vn 0.05570490 0.70841188 0.70359759
vn 0.12241497 -0.00064964 0.99247879
vn 0.12240470 -0.00065145 0.99248006
vn 0.12241648 -0.00064938 0.99247861
vn 0.02143191 0.99544442 0.09290356
vn 0.02369102 0.99543487 0.09245621
vn 0.02370643 0.99543504 0.09245049
vn 0.16536111 0.67357782 0.72038088
vn 0.16535778 0.67358140 0.72037831
vn 0.16536424 0.67357446 0.72038331
vn 0.26673967 -0.00142383 0.96376757
vn 0.26670055 -0.00142450 0.96377839
vn 0.26674023 -0.00142382 0.96376741
vn 0.23373440 0.49805472 -0.83505073
vn 0.23373962 0.49805824 -0.83504717
vn 0.23374833 0.49806413 -0.83504122
vn 0.21911884 -0.00116872 -0.97569748
vn 0.21910847 -0.00116955 -0.97569981
vn 0.21910786 -0.00116959 -0.97569994
vn 0.11682303 -0.70933293 -0.69512529
vn 0.11682279 -0.70933310 -0.69512516
vn 0.11682457 -0.70933186 -0.69512612
vn -0.00534034 -0.99998574 -0.00000007
vn -0.00534023 -0.99998574 -0.00000071
vn 0.07342944 -0.00039167 -0.99730034
vn 0.07370496 -0.00039311 -0.99728001
vn 0.07370498 -0.00039311 -0.99728001
vn -0.00673636 -0.99993357 0.00935260
vn -0.00392382 -0.99994846 0.00936381
vn -0.00390073 -0.99994855 0.00936381
vn 0.00624424 0.99993704 0.00932297
vn 0.00604810 0.99993806 0.00934274
vn 0.12272238 -0.00065509 0.99244082
vn 0.12275876 -0.00065528 0.99243632
vn 0.12272238 -0.00065509 0.99244082
vn -0.00534019 -0.99998574 0.00000057
vn 0.15076657 -0.70952397 0.68836413
vn 0.15076607 -0.70952347 0.68836476
vn 0.15076975 -0.70952715 0.68836016
vn 0.26670619 -0.00142359 0.96377683
vn 0.26669399 -0.00142457 0.96378021
vn 0.26670690 -0.00142353 0.96377663
vn 0.27446167 0.49783464 0.82269768
vn 0.27446221 0.49783501 0.82269727
vn 0.27446076 0.49783400 0.82269836
vn 0.05569221 0.70842867 -0.70358169
vn 0.05569040 0.70842748 -0.70358303
vn 0.05567870 0.70841983 -0.70359167
vn 0.12240155 -0.00065204 -0.99248045
vn 0.12240324 -0.00065235 -0.99248024
vn 0.12240130 -0.00065199 -0.99248048
vn 0.02369598 0.99543507 -0.09245276
vn 0.02144937 0.99544415 -0.09290246
vn 0.02140979 0.99544504 -0.09290209
vn 0.16536680 0.67356244 -0.72039397
vn 0.16536091 0.67356877 -0.72038940
vn 0.16535536 0.67357472 -0.72038510
vn 0.26670719 -0.00142437 -0.96377655
vn 0.26672451 -0.00142407 -0.96377176
vn 0.26672476 -0.00142407 -0.96377169
vn 0.09013004 0.70822732 0.70020757
vn 0.09013268 0.70822912 0.70020541
vn 0.09011296 0.70821571 0.70022151
vn 0.17094826 -0.00090989 0.98527959
vn 0.17095606 -0.00090850 0.98527824
vn 0.17094711 -0.00091009 0.98527979
vn 0.02597518 0.99542024 0.09199909
vn 0.02597683 0.99542026 0.09199839
vn 0.20051704 0.67339843 0.71156691
vn 0.20051722 0.67339825 0.71156703
vn 0.20051688 0.67339860 0.71156680
vn 0.31367860 -0.00167506 0.94952774
vn 0.31365096 -0.00167428 0.94953687
vn 0.31365057 -0.00167427 0.94953700
vn 0.27445307 0.49783957 -0.82269756
vn 0.27446120 0.49783492 -0.82269766
vn 0.27443949 0.49784732 -0.82269740
vn 0.26669966 -0.00142368 -0.96377864
vn 0.26669375 -0.00142416 -0.96378027
vn 0.26669340 -0.00142419 -0.96378037
vn 0.15079246 -0.70949950 -0.68838369
vn 0.15079439 -0.70950142 -0.68838128
vn 0.15080665 -0.70951365 -0.68836599
vn -0.00534012 -0.99998574 -0.00000134
vn -0.00535308 -0.99998567 -0.00000392
vn 0.12277172 -0.00065517 -0.99243472
vn 0.12273898 -0.00065500 -0.99243877
vn 0.12273898 -0.00065500 -0.99243877
vn 0.00579027 0.99993949 -0.00935391
vn 0.00624855 0.99993705 -0.00931920
vn 0.00579028 0.99993949 -0.00935391
vn -0.00531998 -0.99994153 -0.00941444
vn -0.00669256 -0.99993552 -0.00917466
vn -0.00531839 -0.99994154 -0.00941460
vn 0.17147403 -0.00091533 0.98518822
vn 0.17021493 -0.00090874 0.98540654
vn 0.17147411 -0.00091533 0.98518820
vn -0.00535319 -0.99998567 0.00000315
vn -0.00535319 -0.99998567 0.00000315
vn 0.18438407 -0.70969714 0.67995035
vn 0.18438456 -0.70969682 0.67995055
vn 0.18438763 -0.70969478 0.67995185
vn 0.31369653 -0.00167460 0.94952182
vn 0.31369957 -0.00167435 0.94952081
vn 0.31369635 -0.00167462 0.94952188
vn 0.31448793 0.49761646 0.80837813
vn 0.31448906 0.49761728 0.80837719
vn 0.31448606 0.49761510 0.80837970
vn 0.09014451 0.70823223 -0.70020074
vn 0.09014565 0.70823155 -0.70020128
vn 0.09013713 0.70823663 -0.70019724
vn 0.17096577 -0.00091172 -0.98527655
vn 0.17096042 -0.00091267 -0.98527747
vn 0.17095964 -0.00091281 -0.98527761
vn 0.02597407 0.99541991 -0.09200296
vn 0.02370729 0.99543476 -0.09245324
vn 0.20051436 0.67338942 -0.71157619
vn 0.20052345 0.67338000 -0.71158254
vn 0.20053201 0.67337114 -0.71158852
vn 0.31367113 -0.00167481 -0.94953021
vn 0.31365107 -0.00167516 -0.94953683
vn 0.31365079 -0.00167517 -0.94953693
vn 0.12437492 0.70804558 0.69512757
vn 0.12437785 0.70804387 0.69512878
vn 0.12439680 0.70803282 0.69513665
vn 0.21910502 -0.00116945 0.97570058
vn 0.21911372 -0.00116790 0.97569863
vn 0.21910374 -0.00116968 0.97570087
vn 0.03046452 0.99539629 0.09087431
vn 0.03267804 0.99538714 0.09020308
vn 0.03046406 0.99539630 0.09087435
vn 0.23519606 0.67321290 0.70104722
vn 0.23519562 0.67321335 0.70104694
vn 0.23519649 0.67321247 0.70104749
vn 0.35989851 -0.00192201 0.93298948
vn 0.35990163 -0.00192195 0.93298828
vn 0.35989846 -0.00192201 0.93298950
vn 0.31447523 0.49762086 -0.80838036
vn 0.31448133 0.49762531 -0.80837525
vn 0.31449152 0.49763273 -0.80836672
vn 0.31369304 -0.00167518 -0.94952297
vn 0.31369304 -0.00167518 -0.94952297
vn 0.31369304 -0.00167518 -0.94952297
vn 0.18440470 -0.70966957 -0.67997354
vn 0.18440413 -0.70966895 -0.67997433
vn 0.18440048 -0.70966508 -0.67997937
vn -0.00534034 -0.99998574 -0.00000007
vn -0.00534034 -0.99998574 -0.00000007
vn 0.17022939 -0.00090864 -0.98540404
vn 0.17145992 -0.00091508 -0.98519067
vn 0.17146000 -0.00091508 -0.98519066
vn -0.00669247 -0.99993553 0.00917293
vn -0.00531974 -0.99994156 0.00941113
vn -0.00531815 -0.99994157 0.00941129
vn 0.00718070 0.99993206 0.00918175
vn 0.00669089 0.99993468 0.00926605
vn 0.00669089 0.99993468 0.00926605
vn 0.21932552 -0.00117091 0.97565104
vn 0.21888056 -0.00116848 0.97575096
vn 0.21888053 -0.00116848 0.97575097
vn -0.00534054 -0.99998574 -0.00000068
vn 0.21753771 -0.70985921 0.66990839
vn 0.21754087 -0.70985715 0.66990955
vn 0.21756093 -0.70984407 0.66991689
vn 0.35986958 -0.00192017 0.93300064
vn 0.35987939 -0.00192109 0.93299686
vn 0.35987996 -0.00192115 0.93299664
vn 0.35376911 0.49740224 0.79211011
vn 0.35377084 0.49740356 0.79210851
vn 0.35376623 0.49740005 0.79211277
vn 0.12438493 0.70805707 -0.69511407
vn 0.12438773 0.70805906 -0.69511154
vn 0.12440586 0.70807192 -0.69509520
vn 0.21909703 -0.00117026 -0.97570237
vn 0.21909925 -0.00117068 -0.97570187
vn 0.21909671 -0.00117020 -0.97570245
vn 0.03269101 0.99538699 -0.09020004
vn 0.03048162 0.99539623 -0.09086924
vn 0.03049016 0.99539604 -0.09086848
vn 0.23517538 0.67323391 -0.70103398
vn 0.23518634 0.67322291 -0.70104086
vn 0.23519665 0.67321257 -0.70104734
vn 0.35990322 -0.00192226 -0.93298766
vn 0.35988373 -0.00192170 -0.93299518
vn 0.35990350 -0.00192226 -0.93298755
vn 0.15836907 0.70788226 0.68834725
vn 0.15837058 0.70788140 0.68834779
vn 0.15838035 0.70787581 0.68835129
vn 0.26671139 -0.00142304 0.96377539
vn 0.26670564 -0.00142409 0.96377698
vn 0.26671224 -0.00142289 0.96377516
vn 0.03267906 0.99538711 0.09020294
vn 0.03707029 0.99536382 0.08875058
vn 0.26929896 0.67303627 0.68883979
vn 0.26929682 0.67303835 0.68883859
vn 0.26930096 0.67303431 0.68884092
vn 0.40524919 -0.00216393 0.91420370
vn 0.40523595 -0.00216417 0.91420957
vn 0.40524938 -0.00216393 0.91420362
vn 0.35378403 0.49741357 -0.79209633
vn 0.35377743 0.49740855 -0.79210243
vn 0.35376642 0.49740016 -0.79211262
vn 0.35987677 -0.00192174 -0.93299787
vn 0.35986085 -0.00192025 -0.93300401
vn 0.35987770 -0.00192183 -0.93299751
vn 0.21751293 -0.70984369 -0.66993287
vn 0.21751369 -0.70984456 -0.66993171
vn 0.21751852 -0.70985008 -0.66992429
vn -0.00534016 -0.99998574 -0.00000070
vn 0.21933978 -0.00117076 -0.97564783
vn 0.21889480 -0.00116844 -0.97574777
vn 0.21889477 -0.00116844 -0.97574777
vn 0.00672311 0.99993452 -0.00926021
vn 0.00716696 0.99993214 -0.00918435
vn 0.00672312 0.99993452 -0.00926021
vn 0.00761609 0.99992972 0.00908619
vn 0.00742009 0.99993075 0.00913459
vn 0.26636385 -0.00142212 0.96387151
vn 0.26629553 -0.00142174 0.96389038
vn 0.26629553 -0.00142174 0.96389038
vn -0.00532830 -0.99998580 -0.00000575
vn -0.00532830 -0.99998580 -0.00000575
vn 0.25011530 -0.71003715 0.65824736
vn 0.25011788 -0.71004033 0.65824295
vn 0.25009898 -0.71001698 0.65827531
vn 0.40524589 -0.00216335 0.91420517
vn 0.40525553 -0.00216253 0.91420090
vn 0.40524533 -0.00216339 0.91420542
vn 0.39222617 0.49719469 0.77392252
vn 0.39222682 0.49719432 0.77392243
vn 0.39222791 0.49719369 0.77392229
vn 0.15835985 0.70788189 -0.68834976
vn 0.15836214 0.70788058 -0.68835058
vn 0.15834506 0.70789035 -0.68834446
vn 0.26670464 -0.00142510 -0.96377726
vn 0.26670314 -0.00142481 -0.96377767
vn 0.26670485 -0.00142514 -0.96377720
vn 0.03706423 0.99536371 -0.08875435
vn 0.03707057 0.99536382 -0.08875046
vn 0.26931175 0.67304772 -0.68882360
vn 0.26930277 0.67305647 -0.68881856
vn 0.26929432 0.67306470 -0.68881382
vn 0.40523609 -0.00216392 -0.91420951
vn 0.40524415 -0.00216377 -0.91420594
vn 0.40524427 -0.00216377 -0.91420589
vn 0.19194023 0.70770263 0.67993818
vn 0.19193875 0.70770347 0.67993773
vn 0.19192916 0.70770886 0.67993482
vn 0.31368532 -0.00166976 0.94952553
vn 0.31366616 -0.00167329 0.94953185
vn 0.31368813 -0.00166924 0.94952460
vn 0.03923611 0.99534948 0.08797689
vn 0.03925039 0.99534969 0.08796815
vn 0.30280868 0.67287349 0.67494308
vn 0.30279733 0.67288427 0.67493743
vn 0.30281936 0.67286336 0.67494840
vn 0.44959812 -0.00240027 0.89322772
vn 0.44961857 -0.00240088 0.89321743
vn 0.44961886 -0.00240088 0.89321728
vn 0.39220164 0.49720411 -0.77392890
vn 0.39220907 0.49721004 -0.77392133
vn 0.39222146 0.49721994 -0.77390869
vn 0.40524684 -0.00216242 -0.91420475
vn 0.40526062 -0.00216374 -0.91419864
vn 0.40524603 -0.00216234 -0.91420511
vn 0.25012272 -0.71004604 -0.65823495
vn 0.25011889 -0.71004130 -0.65824151
vn 0.25009461 -0.71001130 -0.65828310
vn -0.00532751 -0.99998581 0.00000589
vn -0.00532750 -0.99998581 0.00000589
vn 0.26632309 -0.00142172 -0.96388277
vn 0.26636407 -0.00142194 -0.96387144
vn 0.26632308 -0.00142172 -0.96388277
vn 0.00737422 0.99993101 -0.00914358
vn 0.00761549 0.99992974 -0.00908384
vn -0.01057545 -0.99990926 -0.00834414
vn -0.01057545 -0.99990926 -0.00834414
vn -0.01057545 -0.99990926 -0.00834414
vn 0.31346759 -0.00167366 0.94959742
vn 0.31346759 -0.00167366 0.94959742
vn 0.31346759 -0.00167366 0.94959742
vn -0.00532809 -0.99998581 -0.00000514
vn 0.28212050 -0.71023049 0.64496563
vn 0.28212075 -0.71023034 0.64496570
vn 0.28212234 -0.71022933 0.64496611
vn 0.44957674 -0.00239831 0.89323849
vn 0.44959451 -0.00240005 0.89322954
vn 0.44959556 -0.00240015 0.89322902
vn 0.42972428 0.49699482 0.75387876
vn 0.42972423 0.49699478 0.75387882
vn 0.42972436 0.49699489 0.75387867
vn 0.19195156 0.70769698 -0.67994087
vn 0.19195043 0.70769762 -0.67994053
vn 0.19195888 0.70769286 -0.67994309
vn 0.31367667 -0.00167538 -0.94952838
vn 0.31369697 -0.00167164 -0.94952168
vn 0.31369995 -0.00167109 -0.94952069
vn 0.03923640 0.99534950 -0.08797653
vn 0.03925003 0.99534970 -0.08796819
vn 0.30279452 0.67286358 -0.67495932
vn 0.30279489 0.67286323 -0.67495950
vn 0.30279524 0.67286290 -0.67495967
vn 0.44961878 -0.00240075 -0.89321733
vn 0.44959833 -0.00240015 -0.89322762
vn 0.44961907 -0.00240076 -0.89321718
vn 0.22508405 0.70753009 0.66987936
vn 0.22508249 0.70752880 0.66988123
vn 0.22509408 0.70753840 0.66986720
vn 0.35989896 -0.00191981 0.93298931
vn 0.35987926 -0.00191590 0.93299692
vn 0.35987636 -0.00191533 0.93299804
vn 0.04353505 0.99532592 0.08620332
vn 0.04356787 0.99532642 0.08618095
vn 0.04352953 0.99532584 0.08620708
vn 0.33555612 0.67269160 0.65946046
vn 0.33554777 0.67266104 0.65949588
vn 0.33553991 0.67263229 0.65952920
vn 0.49288856 -0.00263159 0.87008847
vn 0.49288146 -0.00263137 0.87009249
vn 0.49288135 -0.00263137 0.87009255
vn 0.42972584 0.49701594 -0.75386395
vn 0.42972368 0.49701412 -0.75386639
vn 0.42972006 0.49701107 -0.75387046
vn 0.44959541 -0.00240061 -0.89322909
vn 0.44958222 -0.00240176 -0.89323572
vn 0.44958144 -0.00240183 -0.89323611
vn 0.28210936 -0.71023411 -0.64496653
vn 0.28211065 -0.71023585 -0.64496405
vn 0.28211883 -0.71024689 -0.64494831
vn -0.00532756 -0.99998581 0.00000373
vn 0.31346616 -0.00167349 -0.94959790
vn 0.31346616 -0.00167349 -0.94959790
vn 0.31346616 -0.00167349 -0.94959790
vn -0.01057484 -0.99990929 0.00834181
vn -0.01057484 -0.99990929 0.00834181
vn -0.01057484 -0.99990929 0.00834181
vn -0.00557345 -0.99993726 -0.00971686
vn -0.00626958 -0.99993437 -0.00958943
vn -0.00557345 -0.99993726 -0.00971686
vn 0.35915217 -0.00191787 0.93327704
vn 0.35922389 -0.00191824 0.93324944
vn 0.35915216 -0.00191787 0.93327705
vn -0.00534034 -0.99998574 -0.00000007
vn -0.00535231 -0.99998568 0.00000559
vn 0.31338644 -0.71039314 0.63018293
vn 0.31338734 -0.71039258 0.63018312
vn 0.31339304 -0.71038901 0.63018430
vn 0.49292276 -0.00263285 0.87006909
vn 0.49289029 -0.00262960 0.87008750
vn 0.49288838 -0.00262940 0.87008858
vn 0.46621380 0.49681435 0.73199740
vn 0.46620734 0.49680860 0.73200542
vn 0.46622457 0.49682396 0.73198402
vn 0.22508864 0.70753264 -0.66987511
vn 0.22509006 0.70753382 -0.66987339
vn 0.22509926 0.70754145 -0.66986224
vn 0.35987347 -0.00191768 -0.93299915
vn 0.35989480 -0.00192191 -0.93299091
vn 0.35987034 -0.00191705 -0.93300035
vn 0.04353874 0.99532673 -0.08619213
vn 0.04352806 0.99532656 -0.08619941
vn 0.04352626 0.99532654 -0.08620063
vn 0.33554539 0.67265188 -0.65950644
vn 0.33555079 0.67267166 -0.65948352
vn 0.33554031 0.67263328 -0.65952800
vn 0.49288292 -0.00263126 -0.87009166
vn 0.49288878 -0.00263144 -0.87008834
vn 0.49288284 -0.00263126 -0.87009171
vn 0.25770039 0.70734339 0.65822172
vn 0.25769551 0.70734607 0.65822075
vn 0.25766394 0.70736342 0.65821447
vn 0.40522451 -0.00216566 0.91421464
vn 0.40523869 -0.00216295 0.91420836
vn 0.40522243 -0.00216606 0.91421556
vn 0.04768182 0.99530416 0.08423816
vn 0.04770573 0.99530361 0.08423115
vn 0.04770975 0.99530352 0.08422997
vn 0.36752569 0.67247406 0.64242003
vn 0.36752901 0.67248942 0.64240206
vn 0.36753213 0.67250387 0.64238515
vn 0.53496091 -0.00285784 0.84487197
vn 0.53496091 -0.00285784 0.84487197
vn 0.53496091 -0.00285784 0.84487197
vn 0.46620668 0.49681371 -0.73200237
vn 0.46620819 0.49681283 -0.73200201
vn 0.46620416 0.49681519 -0.73200297
vn 0.49290038 -0.00263309 -0.87008177
vn 0.49287036 -0.00263008 -0.87009878
vn 0.49290214 -0.00263327 -0.87008077
vn 0.31340621 -0.71038854 -0.63017828
vn 0.31340634 -0.71038872 -0.63017802
vn 0.31340711 -0.71038987 -0.63017634
vn -0.00535308 -0.99998567 -0.00000609
vn -0.00536581 -0.99998560 -0.00001211
vn 0.35922251 -0.00191807 -0.93324997
vn 0.35916519 -0.00191777 -0.93327203
vn 0.35916518 -0.00191777 -0.93327204
vn -0.00626965 -0.99993437 0.00958927
vn -0.00557361 -0.99993726 0.00971667
vn -0.00557361 -0.99993726 0.00971667
vn 0.00891071 0.99992283 0.00865694
vn 0.00849542 0.99992503 0.00881873
vn 0.00849542 0.99992503 0.00881873
vn 0.40593210 -0.00216764 0.91390067
vn 0.40655413 -0.00217104 0.91362412
vn 0.40655418 -0.00217104 0.91362410
vn -0.00536429 -0.99998561 0.00001126
vn -0.00535231 -0.99998568 0.00000559
vn 0.34396869 -0.71054213 0.61385293
vn 0.34396763 -0.71054036 0.61385558
vn 0.34397543 -0.71055339 0.61383612
vn 0.53495595 -0.00285491 0.84487513
vn 0.53498153 -0.00285755 0.84485892
vn 0.53498303 -0.00285770 0.84485797
vn 0.50156186 0.49662482 0.70837807
vn 0.50155475 0.49662905 0.70838014
vn 0.50154288 0.49663610 0.70838360
vn 0.25767494 0.70736006 -0.65821377
vn 0.25767671 0.70735909 -0.65821412
vn 0.25766348 0.70736636 -0.65821149
vn 0.40523888 -0.00216455 -0.91420827
vn 0.40525435 -0.00216159 -0.91420142
vn 0.40525662 -0.00216115 -0.91420042
vn 0.04768873 0.99530432 -0.08423243
vn 0.04770551 0.99530393 -0.08422751
vn 0.04768591 0.99530438 -0.08423326
vn 0.36752841 0.67247788 -0.64241448
vn 0.36752626 0.67246793 -0.64242613
vn 0.36753043 0.67248724 -0.64240353
vn 0.53494980 -0.00285757 -0.84487901
vn 0.53494980 -0.00285757 -0.84487901
vn 0.53494980 -0.00285757 -0.84487901
vn 0.28968267 0.70716308 0.64498397
vn 0.28968460 0.70716203 0.64498426
vn 0.28969708 0.70715524 0.64498610
vn 0.44962292 -0.00239329 0.89321526
vn 0.44957801 -0.00240209 0.89323784
vn 0.44962951 -0.00239200 0.89321195
vn 0.05180085 0.99528175 0.08204208
vn 0.05379087 0.99527395 0.08084746
vn 0.05378154 0.99527377 0.08085592
vn 0.39857200 0.67233792 0.62378047
vn 0.39857225 0.67233948 0.62377864
vn 0.39857248 0.67234094 0.62377692
vn 0.57578888 -0.00307627 0.81759263
vn 0.57579984 -0.00307603 0.81758491
vn 0.57578872 -0.00307627 0.81759274
vn 0.50154720 0.49663090 -0.70838418
vn 0.50153938 0.49663555 -0.70838646
vn 0.50156027 0.49662314 -0.70838038
vn 0.53497743 -0.00285460 -0.84486153
vn 0.53497743 -0.00285460 -0.84486153
vn 0.53497743 -0.00285460 -0.84486153
vn 0.34394027 -0.71055685 -0.61385182
vn 0.34394171 -0.71055596 -0.61385204
vn 0.34393114 -0.71056251 -0.61385039
vn -0.00534002 -0.99998574 -0.00000063
vn -0.00534034 -0.99998574 -0.00000007
vn 0.40594464 -0.00216762 -0.91389510
vn 0.40656668 -0.00217087 -0.91361853
vn 0.40656672 -0.00217087 -0.91361851
vn 0.00849546 0.99992503 -0.00881857
vn 0.00891068 0.99992283 -0.00865682
vn 0.00849547 0.99992503 -0.00881857
vn 0.00934382 0.99992051 0.00846535
vn 0.00913598 0.99992160 0.00856314
vn 0.44947795 -0.00240049 0.89328820
vn 0.44715896 -0.00238783 0.89445132
vn 0.44715880 -0.00238782 0.89445140
vn -0.00534034 -0.99998574 -0.00000007
vn -0.00532932 -0.99998580 -0.00000743
vn 0.37365488 -0.71070583 0.59605306
vn 0.37364995 -0.71070887 0.59605253
vn 0.37361867 -0.71072812 0.59604919
vn 0.57580753 -0.00307197 0.81757951
vn 0.57581532 -0.00307280 0.81757402
vn 0.57581577 -0.00307285 0.81757370
vn 0.53570779 0.49643843 0.68305641
vn 0.53570932 0.49643750 0.68305588
vn 0.53571187 0.49643596 0.68305499
vn 0.28968640 0.70717986 -0.64496390
vn 0.28968593 0.70717941 -0.64496460
vn 0.28968286 0.70717651 -0.64496917
vn 0.44960873 -0.00239807 -0.89322239
vn 0.44960296 -0.00239920 -0.89322529
vn 0.44960212 -0.00239937 -0.89322572
vn 0.05377898 0.99527438 -0.08085007
vn 0.05179039 0.99528234 -0.08204160
vn 0.05378775 0.99527437 -0.08084436
vn 0.39861306 0.67231933 -0.62377427
vn 0.39861306 0.67231933 -0.62377427
vn 0.39861306 0.67231933 -0.62377427
vn 0.57580248 -0.00307584 -0.81758305
vn 0.57580466 -0.00307579 -0.81758151
vn 0.57580469 -0.00307579 -0.81758149
vn 0.32096968 0.70700343 0.63017825
vn 0.32096941 0.70700357 0.63017822
vn 0.32096769 0.70700450 0.63017805
vn 0.49292097 -0.00262827 0.87007012
vn 0.49289686 -0.00262314 0.87008379
vn 0.49289332 -0.00262239 0.87008580
vn 0.05768644 0.99525295 0.07838265
vn 0.42869639 0.67219731 0.60363083
vn 0.42869827 0.67221608 0.60360859
vn 0.42870004 0.67223374 0.60358767
vn 0.61524884 -0.00328622 0.78832612
vn 0.61521736 -0.00328692 0.78835068
vn 0.61524929 -0.00328621 0.78832577
vn 0.53570776 0.49645361 -0.68304539
vn 0.53571677 0.49644818 -0.68304228
vn 0.53569273 0.49646269 -0.68305058
vn 0.57578029 -0.00307549 -0.81759868
vn 0.57578322 -0.00307521 -0.81759662
vn 0.57578339 -0.00307519 -0.81759650
vn 0.37367657 -0.71072241 -0.59601969
vn 0.37367677 -0.71072230 -0.59601971
vn 0.37367536 -0.71072316 -0.59601956
vn -0.00532759 -0.99998581 0.00000607
vn -0.00532759 -0.99998581 0.00000607
vn 0.44715916 -0.00238767 -0.89445122
vn 0.44947816 -0.00240033 -0.89328810
vn 0.44715900 -0.00238767 -0.89445130
vn 0.00913591 0.99992160 -0.00856304
vn 0.00934367 0.99992052 -0.00846477
vn -0.01125419 -0.99990808 -0.00756128
vn -0.01125419 -0.99990808 -0.00756128
vn -0.01125419 -0.99990808 -0.00756128
vn 0.49327405 -0.00263464 0.86986997
vn 0.49497694 -0.00264352 0.86890209
vn 0.49327394 -0.00263464 0.86987004
vn -0.00531831 -0.99998586 -0.00001479
vn -0.00532972 -0.99998580 -0.00000799
vn 0.40243912 -0.71088274 0.57679154
vn 0.40243915 -0.71088272 0.57679154
vn 0.40243933 -0.71088261 0.57679155
vn 0.61523814 -0.00328520 0.78833447
vn 0.61521244 -0.00328237 0.78835454
vn 0.61521093 -0.00328220 0.78835572
vn 0.56858151 0.49627007 0.65607247
vn 0.56858463 0.49626815 0.65607122
vn 0.56858984 0.49626494 0.65606912
vn 0.32098064 0.70701209 -0.63016294
vn 0.32097985 0.70701252 -0.63016286
vn 0.32098572 0.70700934 -0.63016344
vn 0.49289593 -0.00263064 -0.87008430
vn 0.49289527 -0.00263077 -0.87008467
vn 0.49289518 -0.00263079 -0.87008472
vn 0.05769576 0.99525347 -0.07836914
vn 0.42870114 0.67222624 -0.60359524
vn 0.42870133 0.67222607 -0.60359529
vn 0.42870151 0.67222592 -0.60359534
vn 0.61524389 -0.00328647 -0.78832998
vn 0.61519395 -0.00328483 -0.78836896
vn 0.61524460 -0.00328649 -0.78832942
vn 0.35152723 0.70683110 0.61385536
vn 0.35152815 0.70683213 0.61385364
vn 0.35152123 0.70682441 0.61386650
vn 0.53497365 -0.00285828 0.84486391
vn 0.53497365 -0.00285828 0.84486391
vn 0.53497365 -0.00285828 0.84486391
vn 0.05768756 0.99525293 0.07838203
vn 0.05960879 0.99524005 0.07709757
vn 0.45781728 0.67207281 0.58199784
vn 0.45781703 0.67206681 0.58200495
vn 0.45781680 0.67206117 0.58201165
vn 0.65313930 -0.00348933 0.75722974
vn 0.65316477 -0.00348874 0.75720777
vn 0.65313894 -0.00348934 0.75723005
vn 0.56858607 0.49626928 -0.65606911
vn 0.56858035 0.49627280 -0.65607141
vn 0.56859562 0.49626341 -0.65606527
vn 0.61524181 -0.00328598 -0.78833161
vn 0.61524090 -0.00328607 -0.78833232
vn 0.61524084 -0.00328608 -0.78833236
vn 0.40241032 -0.71088632 -0.57680723
vn 0.40241232 -0.71088509 -0.57680735
vn 0.40239763 -0.71089409 -0.57680650
vn -0.00532791 -0.99998581 0.00000663
vn 0.49497714 -0.00264337 -0.86890197
vn 0.49328541 -0.00263454 -0.86986353
vn 0.49328529 -0.00263454 -0.86986360
vn 0.00955151 0.99991938 -0.00836648
vn 0.00975408 0.99991833 -0.00825821
vn -0.00830712 -0.99992470 -0.00903276
vn -0.00932184 -0.99992061 -0.00847804
vn -0.00830712 -0.99992470 -0.00903276
vn 0.53593206 -0.00286251 0.84425626
vn 0.53593206 -0.00286251 0.84425626
vn 0.53593206 -0.00286251 0.84425626
vn -0.00535180 -0.99998568 0.00000672
vn -0.00535180 -0.99998568 0.00000672
vn 0.43025448 -0.71102503 0.55616948
vn 0.43025622 -0.71102397 0.55616949
vn 0.43026722 -0.71101724 0.55616959
vn 0.65315330 -0.00348814 0.75721767
vn 0.65315581 -0.00348788 0.75721550
vn 0.65315315 -0.00348816 0.75721780
vn 0.60010478 0.49608854 0.62751129
vn 0.60009410 0.49609524 0.62751620
vn 0.60007629 0.49610642 0.62752439
vn 0.35150959 0.70684608 -0.61384821
vn 0.35151165 0.70684497 -0.61384831
vn 0.35149624 0.70685328 -0.61384756
vn 0.53497632 -0.00285579 -0.84486223
vn 0.53498345 -0.00285735 -0.84485771
vn 0.53497528 -0.00285556 -0.84486289
vn 0.05960902 0.99524067 -0.07708943
vn 0.05960888 0.99524066 -0.07708957
vn 0.45782504 0.67204365 -0.58202540
vn 0.45780757 0.67205887 -0.58202157
vn 0.45779112 0.67207319 -0.58201797
vn 0.65317113 -0.00348763 -0.75720230
vn 0.65317113 -0.00348763 -0.75720230
vn 0.65317113 -0.00348763 -0.75720230
vn 0.38121638 0.70667567 0.59605668
vn 0.38121522 0.70667425 0.59605910
vn 0.38122385 0.70668486 0.59604101
vn 0.57576132 -0.00306851 0.81761207
vn 0.57579268 -0.00307559 0.81758995
vn 0.57579728 -0.00307663 0.81758671
vn 0.06333345 0.99522011 0.07433575
vn 0.06509939 0.99521366 0.07288236
vn 0.06512025 0.99521323 0.07286957
vn 0.48579620 0.67190505 0.55905783
vn 0.48580457 0.67189782 0.55905924
vn 0.48578831 0.67191185 0.55905651
vn 0.68949948 -0.00368160 0.72427682
vn 0.68956506 -0.00368392 0.72421437
vn 0.68956599 -0.00368395 0.72421348
vn 0.60010058 0.49610578 -0.62750168
vn 0.60009806 0.49610273 -0.62750649
vn 0.60009386 0.49609764 -0.62751453
vn 0.65315665 -0.00348866 -0.75721478
vn 0.65314956 -0.00348940 -0.75722089
vn 0.65314914 -0.00348944 -0.75722125
vn 0.43025663 -0.71101400 -0.55618191
vn 0.43025813 -0.71101802 -0.55617562
vn 0.43026763 -0.71104348 -0.55613572
vn -0.00534034 -0.99998574 -0.00000007
vn -0.00535123 -0.99998568 -0.00000901
vn 0.53592174 -0.00286230 -0.84426281
vn 0.53592174 -0.00286230 -0.84426281
vn 0.53592174 -0.00286230 -0.84426281
vn -0.00932165 -0.99992062 0.00847750
vn -0.00830713 -0.99992470 0.00903263
vn -0.00830713 -0.99992470 0.00903263
vn 0.01054189 0.99991412 0.00778534
vn 0.01035126 0.99991511 0.00791354
vn 0.01035126 0.99991511 0.00791354
vn 0.57725242 -0.00308289 0.81655994
vn 0.57725242 -0.00308289 0.81655994
vn 0.57725242 -0.00308289 0.81655994
vn -0.00535182 -0.99998568 0.00000679
vn 0.45701168 -0.71115021 0.53423375
vn 0.45701445 -0.71114852 0.53423364
vn 0.45703202 -0.71113775 0.53423293
vn 0.68953913 -0.00368125 0.72423908
vn 0.68954925 -0.00368246 0.72422943
vn 0.68954984 -0.00368253 0.72422887
vn 0.63017324 0.49592846 0.59744176
vn 0.63016981 0.49592387 0.59744918
vn 0.63017896 0.49593612 0.59742936
vn 0.38121808 0.70668399 -0.59604572
vn 0.38121652 0.70668483 -0.59604573
vn 0.38122819 0.70667855 -0.59604572
vn 0.57580201 -0.00307599 -0.81758338
vn 0.57579348 -0.00307783 -0.81758938
vn 0.57579222 -0.00307810 -0.81759027
vn 0.06511619 0.99521376 -0.07286602
vn 0.06332462 0.99522048 -0.07433832
vn 0.06330378 0.99522099 -0.07434921
vn 0.48583259 0.67187012 -0.55906819
vn 0.48583251 0.67187512 -0.55906224
vn 0.48583267 0.67186540 -0.55907378
vn 0.68952626 -0.00368178 -0.72425132
vn 0.68953508 -0.00368156 -0.72424293
vn 0.68953521 -0.00368156 -0.72424281
vn 0.41000682 0.70652742 0.57681316
vn 0.41000717 0.70652790 0.57681231
vn 0.41000453 0.70652428 0.57681863
vn 0.61525928 -0.00328538 0.78831797
vn 0.61523149 -0.00327888 0.78833969
vn 0.61522741 -0.00327792 0.78834288
vn 0.06690067 0.99520118 0.07140671
vn 0.51272360 0.67173228 0.53468707
vn 0.51272487 0.67171519 0.53470731
vn 0.51272607 0.67169911 0.53472636
vn 0.72420881 -0.00386817 0.68956989
vn 0.72424820 -0.00386714 0.68952853
vn 0.72420825 -0.00386818 0.68957048
vn 0.63017300 0.49593326 -0.59743802
vn 0.63017631 0.49593114 -0.59743630
vn 0.63016748 0.49593681 -0.59744090
vn 0.68953310 -0.00368368 -0.72424480
vn 0.68955454 -0.00368135 -0.72422440
vn 0.68955580 -0.00368122 -0.72422320
vn 0.45703610 -0.71112652 -0.53424439
vn 0.45703628 -0.71112711 -0.53424346
vn 0.45703737 -0.71113081 -0.53423760
vn -0.00536147 -0.99998563 -0.00001741
vn -0.00536147 -0.99998563 -0.00001741
vn 0.57726245 -0.00308280 -0.81655285
vn 0.57726245 -0.00308280 -0.81655285
vn 0.57726245 -0.00308280 -0.81655285
vn 0.01014600 0.99991623 -0.00803644
vn 0.01033538 0.99991520 -0.00792293
vn 0.01014601 0.99991623 -0.00803644
vn -0.00935679 -0.99991943 -0.00857801
vn -0.00837580 -0.99992229 -0.00923346
vn -0.00935536 -0.99991944 -0.00857897
vn 0.61531736 -0.00328584 0.78827263
vn 0.61531736 -0.00328584 0.78827263
vn 0.61531736 -0.00328584 0.78827263
vn -0.00534118 -0.99998574 -0.00000105
vn -0.00534076 -0.99998574 -0.00000056
vn 0.48270050 -0.71127246 0.51097135
vn 0.48270042 -0.71127212 0.51097189
vn 0.48270095 -0.71127457 0.51096798
vn 0.72423321 -0.00386768 0.68954427
vn 0.72422294 -0.00386639 0.68955506
vn 0.72422234 -0.00386632 0.68955569
vn 0.65873449 0.49578210 0.56592312
vn 0.65873481 0.49578258 0.56592233
vn 0.65873396 0.49578130 0.56592444
vn 0.41000100 0.70653620 -0.57680653
vn 0.41000138 0.70653600 -0.57680651
vn 0.40999858 0.70653751 -0.57680665
vn 0.61521980 -0.00328872 -0.78834877
vn 0.61522655 -0.00328721 -0.78834351
vn 0.61522754 -0.00328699 -0.78834273
vn 0.06850027 0.99519552 -0.06995427
vn 0.06510936 0.99521387 -0.07287066
vn 0.51269824 0.67174333 -0.53469750
vn 0.51269909 0.67173196 -0.53471097
vn 0.51269744 0.67175402 -0.53468484
vn 0.72424633 -0.00386692 -0.68953049
vn 0.72423411 -0.00386724 -0.68954333
vn 0.72423393 -0.00386724 -0.68954351
vn 0.43783968 0.70638756 0.55615918
vn 0.43783859 0.70638586 0.55616220
vn 0.43784673 0.70639854 0.55613969
vn 0.65315297 -0.00348823 0.75721795
vn 0.65315061 -0.00348878 0.75721999
vn 0.65315332 -0.00348815 0.75721766
vn 0.07033082 0.99518371 0.06828592
vn 0.07197314 0.99517747 0.06664579
vn 0.07196548 0.99517763 0.06665168
vn 0.53830914 0.67158613 0.50911230
vn 0.53827849 0.67161227 0.50911022
vn 0.53833797 0.67156154 0.50911426
vn 0.75720477 -0.00404399 0.65316505
vn 0.75721776 -0.00404449 0.65314998
vn 0.75721795 -0.00404450 0.65314977
vn 0.65871582 0.49577398 -0.56595197
vn 0.65871720 0.49577307 -0.56595116
vn 0.65871352 0.49577550 -0.56595331
vn 0.72422726 -0.00386645 -0.68955052
vn 0.72423507 -0.00386743 -0.68954232
vn 0.72422681 -0.00386639 -0.68955100
vn 0.48269580 -0.71127556 -0.51097147
vn 0.48269533 -0.71127343 -0.51097488
vn 0.48269239 -0.71125990 -0.51099649
vn -0.00534076 -0.99998574 0.00000043
vn 0.61724993 -0.00329564 -0.78676024
vn 0.61532798 -0.00328564 -0.78826435
vn 0.61532785 -0.00328564 -0.78826445
vn 0.01073282 0.99991308 -0.00765737
vn 0.01092575 0.99991207 -0.00751568
vn 0.01073282 0.99991308 -0.00765737
vn 0.01128036 0.99991018 0.00723822
vn 0.01091741 0.99991213 0.00752001
vn 0.01091742 0.99991213 0.00752000
vn 0.65095222 -0.00347643 0.75911075
vn 0.65380685 -0.00349127 0.75665343
vn 0.65095202 -0.00347643 0.75911092
vn -0.00533097 -0.99998579 -0.00000944
vn -0.00533097 -0.99998579 -0.00000944
vn 0.50718480 -0.71141457 0.48646982
vn 0.50718511 -0.71141680 0.48646624
vn 0.50718284 -0.71140047 0.48649249
vn 0.75720752 -0.00404462 0.65316185
vn 0.75721329 -0.00404392 0.65315517
vn 0.75720719 -0.00404466 0.65316224
vn 0.68570167 0.49563844 0.53306262
vn 0.68570236 0.49563797 0.53306217
vn 0.68570351 0.49563719 0.53306142
vn 0.43782931 0.70639205 -0.55616163
vn 0.43782773 0.70639291 -0.55616179
vn 0.43783954 0.70638651 -0.55616061
vn 0.65315882 -0.00348947 -0.75721290
vn 0.65315152 -0.00348769 -0.75721921
vn 0.65315989 -0.00348973 -0.75721198
vn 0.07031444 0.99518331 -0.06830851
vn 0.07031444 0.99518331 -0.06830851
vn 0.53830208 0.67160559 -0.50909410
vn 0.53829496 0.67161166 -0.50909362
vn 0.53828827 0.67161737 -0.50909316
vn 0.75719587 -0.00404325 -0.65317537
vn 0.75716824 -0.00404219 -0.65320741
vn 0.75719626 -0.00404327 -0.65317491
vn 0.46457073 0.70625022 0.53421407
vn 0.46456917 0.70625107 0.53421430
vn 0.46455908 0.70625656 0.53421581
vn 0.68954901 -0.00368003 0.72422967
vn 0.68953960 -0.00368232 0.72423862
vn 0.68955039 -0.00367970 0.72422836
vn 0.07360197 0.99516619 0.06501536
vn 0.56263404 0.67150553 0.48220666
vn 0.56263720 0.67150285 0.48220671
vn 0.56263108 0.67150805 0.48220660
vn 0.78833372 -0.00421016 0.61523347
vn 0.78833164 -0.00421022 0.61523613
vn 0.78833375 -0.00421016 0.61523343
vn 0.68572068 0.49563564 -0.53304077
vn 0.68572370 0.49564082 -0.53303207
vn 0.68572875 0.49564945 -0.53301755
vn 0.75721479 -0.00404384 -0.65315343
vn 0.75718466 -0.00404749 -0.65318834
vn 0.75718289 -0.00404771 -0.65319039
vn 0.50717042 -0.71142181 -0.48647423
vn 0.50717037 -0.71142148 -0.48647476
vn 0.50717008 -0.71141939 -0.48647812
vn -0.00533006 -0.99998580 0.00000839
vn -0.00533006 -0.99998580 0.00000839
vn 0.65381441 -0.00349118 -0.75664690
vn 0.65095980 -0.00347634 -0.75910425
vn 0.65095960 -0.00347634 -0.75910442
vn -0.01112293 -0.99991097 0.00737084
vn -0.01112293 -0.99991097 0.00737084
vn -0.01112293 -0.99991097 0.00737084
vn -0.00927723 -0.99991749 -0.00888534
vn -0.00927723 -0.99991749 -0.00888534
vn -0.00927723 -0.99991749 -0.00888534
vn 0.69344452 -0.00370298 0.72050051
vn 0.69069380 -0.00368870 0.72313793
vn 0.69344471 -0.00370298 0.72050033
vn -0.00533048 -0.99998579 -0.00000902
vn 0.53042793 -0.71155569 0.46079791
vn 0.53042794 -0.71155582 0.46079769
vn 0.53042788 -0.71155483 0.46079929
vn 0.78832912 -0.00421066 0.61523935
vn 0.78832727 -0.00421090 0.61524172
vn 0.78832923 -0.00421065 0.61523922
vn 0.71104275 0.49549824 0.49889849
vn 0.71103966 0.49550041 0.49890073
vn 0.71103449 0.49550405 0.49890449
vn 0.46457229 0.70624900 -0.53421431
vn 0.46457446 0.70624782 -0.53421399
vn 0.46455825 0.70625666 -0.53421641
vn 0.68953575 -0.00368155 -0.72424229
vn 0.68954183 -0.00368007 -0.72423651
vn 0.68954272 -0.00367985 -0.72423566
vn 0.07527117 0.99515936 -0.06318310
vn 0.07362215 0.99516565 -0.06500079
vn 0.07362215 0.99516565 -0.06500079
vn 0.56264542 0.67148927 -0.48221602
vn 0.56265772 0.67147880 -0.48221625
vn 0.56266929 0.67146895 -0.48221646
vn 0.78836658 -0.00420877 -0.61519137
vn 0.78832757 -0.00420994 -0.61524135
vn 0.78832702 -0.00420996 -0.61524206
vn 0.49025546 0.70610142 0.51095045
vn 0.49025586 0.70610230 0.51094886
vn 0.49025284 0.70609578 0.51096077
vn 0.72421593 -0.00385644 0.68956248
vn 0.72424372 -0.00386385 0.68953325
vn 0.72424779 -0.00386494 0.68952897
vn 0.07671440 0.99514923 0.06158660
vn 0.07818153 0.99514406 0.05979930
vn 0.07818225 0.99514408 0.05979793
vn 0.58561051 0.67137418 0.45422136
vn 0.58561611 0.67136942 0.45422119
vn 0.58560525 0.67137866 0.45422152
vn 0.81756023 -0.00436561 0.57582655
vn 0.81757697 -0.00436633 0.57580278
vn 0.81757721 -0.00436634 0.57580244
vn 0.71102694 0.49551550 -0.49890388
vn 0.71102726 0.49551614 -0.49890279
vn 0.71102780 0.49551722 -0.49890095
vn 0.78832199 -0.00421403 -0.61524847
vn 0.78833954 -0.00421177 -0.61522599
vn 0.78834057 -0.00421164 -0.61522468
vn 0.53043563 -0.71155140 -0.46079567
vn 0.53043560 -0.71155089 -0.46079649
vn 0.53043541 -0.71154768 -0.46080167
vn -0.00533938 -0.99998575 -0.00000094
vn 0.69070168 -0.00368861 -0.72313041
vn 0.69344469 -0.00370285 -0.72050035
vn 0.69344488 -0.00370285 -0.72050017
vn -0.00927732 -0.99991749 0.00888512
vn -0.00927732 -0.99991749 0.00888512
vn -0.00927732 -0.99991749 0.00888512
vn 0.01196131 0.99990654 0.00662131
vn 0.01162202 0.99990834 0.00694528
vn 0.01162202 0.99990834 0.00694527
vn 0.72397809 -0.00386590 0.68981214
vn 0.72310716 -0.00386139 0.69072507
vn 0.72397815 -0.00386590 0.68981208
vn -0.00533936 -0.99998575 0.00000077
vn -0.00534774 -0.99998570 0.00001099
vn 0.55237711 -0.71167394 0.43405039
vn 0.55237705 -0.71167397 0.43405040
vn 0.55237671 -0.71167418 0.43405048
vn 0.81757871 -0.00436606 0.57580030
vn 0.81757321 -0.00436682 0.57580810
vn 0.81757904 -0.00436602 0.57579984
vn 0.73466258 0.49537823 0.46354213
vn 0.73466099 0.49537442 0.46354873
vn 0.73466523 0.49538461 0.46353111
vn 0.49025591 0.70610222 -0.51094891
vn 0.49025585 0.70610208 -0.51094916
vn 0.49025544 0.70610120 -0.51095077
vn 0.72424482 -0.00386401 -0.68953209
vn 0.72421621 -0.00385637 -0.68956218
vn 0.72424902 -0.00386513 -0.68952768
vn 0.07818470 0.99514417 -0.05979323
vn 0.07818521 0.99514372 -0.05980007
vn 0.58562128 0.67134944 -0.45424404
vn 0.58560425 0.67136394 -0.45424457
vn 0.58558823 0.67137758 -0.45424506
vn 0.81756874 -0.00436613 -0.57581446
vn 0.81755942 -0.00436573 -0.57582770
vn 0.81756887 -0.00436614 -0.57581427
vn 0.51476599 0.70595431 0.48646119
vn 0.51476348 0.70595571 0.48646182
vn 0.51474722 0.70596474 0.48646592
vn 0.75716432 -0.00404377 0.65321195
vn 0.75720534 -0.00403270 0.65316446
vn 0.75715830 -0.00404540 0.65321891
vn 0.07964834 0.99513356 0.05801148
vn 0.07964987 0.99513361 0.05800855
vn 0.60720883 0.67123808 0.42513159
vn 0.60722461 0.67122461 0.42513033
vn 0.60719399 0.67125075 0.42513279
vn 0.84483169 -0.00451122 0.53501315
vn 0.84483169 -0.00451122 0.53501315
vn 0.84483169 -0.00451122 0.53501315
vn 0.73465523 0.49539126 -0.46353985
vn 0.73465530 0.49539141 -0.46353958
vn 0.73465540 0.49539167 -0.46353914
vn 0.81757882 -0.00436782 -0.57580013
vn 0.81758226 -0.00436735 -0.57579526
vn 0.81758246 -0.00436732 -0.57579497
vn 0.55237289 -0.71168311 -0.43404071
vn 0.55237535 -0.71168156 -0.43404012
vn 0.55235726 -0.71169295 -0.43404447
vn -0.00533934 -0.99998575 -0.00000089
vn -0.00533936 -0.99998575 -0.00000091
vn 0.72310601 -0.00386126 -0.69072628
vn 0.72397825 -0.00386578 -0.68981197
vn 0.72397831 -0.00386578 -0.68981191
vn 0.01162205 0.99990834 -0.00694511
vn 0.01196132 0.99990654 -0.00662118
vn 0.01162206 0.99990834 -0.00694510
vn 0.01228481 0.99990481 0.00628186
vn 0.01213705 0.99990557 0.00644558
vn 0.75764730 -0.00404602 0.65265166
vn 0.75570767 -0.00403535 0.65489665
vn 0.75570754 -0.00403534 0.65489681
vn -0.00535613 -0.99998566 0.00002121
vn -0.00533248 -0.99998578 -0.00001177
vn 0.57300918 -0.71179520 0.40621187
vn 0.57300665 -0.71179681 0.40621261
vn 0.57299064 -0.71180702 0.40621730
vn 0.84483704 -0.00451282 0.53500468
vn 0.84483704 -0.00451282 0.53500468
vn 0.84483704 -0.00451282 0.53500468
vn 0.75652919 0.49525474 0.42706713
vn 0.75652259 0.49525977 0.42707299
vn 0.75651157 0.49526815 0.42708278
vn 0.51474161 0.70596798 -0.48646714
vn 0.51474231 0.70596759 -0.48646697
vn 0.51473708 0.70597050 -0.48646828
vn 0.75724822 -0.00403303 -0.65311474
vn 0.75720228 -0.00404543 -0.65316792
vn 0.75719554 -0.00404725 -0.65317573
vn 0.07966332 0.99513317 -0.05799764
vn 0.60722360 0.67123178 -0.42512045
vn 0.60722542 0.67122579 -0.42512731
vn 0.60722189 0.67123742 -0.42511399
vn 0.84483132 -0.00451234 -0.53501371
vn 0.84483132 -0.00451234 -0.53501371
vn 0.84483132 -0.00451234 -0.53501371
vn 0.53797014 0.70584381 0.46083907
vn 0.53797569 0.70584068 0.46083738
vn 0.53801163 0.70582044 0.46082642
vn 0.78834912 -0.00421201 0.61521372
vn 0.78834879 -0.00421210 0.61521414
vn 0.78834917 -0.00421199 0.61521366
vn 0.08240335 0.99511898 0.05429452
vn 0.08369100 0.99511421 0.05237860
vn 0.08240704 0.99511888 0.05429089
vn 0.62737558 0.67111446 0.39497502
vn 0.62736191 0.67112619 0.39497680
vn 0.62738844 0.67110342 0.39497334
vn 0.87006173 -0.00464683 0.49292088
vn 0.87006041 -0.00464688 0.49292320
vn 0.87006175 -0.00464682 0.49292085
vn 0.75651771 0.49527327 -0.42706597
vn 0.75651954 0.49527188 -0.42706434
vn 0.75651465 0.49527560 -0.42706869
vn 0.84482956 -0.00451288 -0.53501649
vn 0.84482956 -0.00451288 -0.53501649
vn 0.84482956 -0.00451288 -0.53501649
vn 0.57302603 -0.71176737 -0.40623684
vn 0.57301823 -0.71177235 -0.40623913
vn 0.57307548 -0.71173583 -0.40622236
vn -0.00533983 -0.99998574 -0.00000047
vn -0.00533932 -0.99998575 -0.00000086
vn 0.75765491 -0.00404563 -0.65264283
vn 0.75571452 -0.00403559 -0.65488875
vn 0.75571439 -0.00403559 -0.65488890
vn 0.01213697 0.99990557 -0.00644553
vn 0.01228478 0.99990481 -0.00628176
vn 0.01257821 0.99990324 0.00594069
vn 0.01243261 0.99990399 0.00611810
vn 0.78770238 -0.00420654 0.61604161
vn 0.78770238 -0.00420654 0.61604161
vn 0.78770238 -0.00420654 0.61604161
vn -0.00530884 -0.99998591 -0.00004474
vn -0.00533129 -0.99998579 -0.00000997
vn 0.59223102 -0.71189494 0.37744936
vn 0.59223471 -0.71189255 0.37744808
vn 0.59225809 -0.71187739 0.37743997
vn 0.87007308 -0.00464651 0.49290086
vn 0.87006672 -0.00464754 0.49291207
vn 0.87007345 -0.00464645 0.49290020
vn 0.77658488 0.49513660 0.38955831
vn 0.77658510 0.49513749 0.38955675
vn 0.77658452 0.49513512 0.38956091
vn 0.53798086 0.70584941 -0.46081798
vn 0.53798124 0.70585077 -0.46081544
vn 0.53798374 0.70585960 -0.46079901
vn 0.78831224 -0.00421347 -0.61526097
vn 0.78830700 -0.00421191 -0.61526769
vn 0.78831301 -0.00421370 -0.61525999
vn 0.08369117 0.99511477 -0.05236778
vn 0.08240615 0.99511898 -0.05429036
vn 0.08368703 0.99511457 -0.05237813
vn 0.62733225 0.67114769 -0.39498737
vn 0.62734315 0.67113834 -0.39498595
vn 0.62735341 0.67112954 -0.39498461
vn 0.87006225 -0.00464711 -0.49291996
vn 0.87006053 -0.00464703 -0.49292299
vn 0.87006227 -0.00464712 -0.49291992
vn 0.55994957 0.70572588 0.43405928
vn 0.55994429 0.70572891 0.43406118
vn 0.55991008 0.70574848 0.43407348
vn 0.81758530 -0.00437763 0.57579086
vn 0.81755927 -0.00436934 0.57582788
vn 0.81755545 -0.00436812 0.57583331
vn 0.08616867 0.99510128 0.04846027
vn 0.08617533 0.99510043 0.04846590
vn 0.64596390 0.67104061 0.36391638
vn 0.64596078 0.67104331 0.36391695
vn 0.64596684 0.67103807 0.36391585
vn 0.89324077 -0.00476926 0.44955331
vn 0.89321306 -0.00477045 0.44960836
vn 0.89324116 -0.00476924 0.44955253
vn 0.77658305 0.49515539 -0.38953805
vn 0.77658199 0.49515106 -0.38954569
vn 0.77658022 0.49514381 -0.38955843
vn 0.87006640 -0.00465022 -0.49291260
vn 0.87006569 -0.00465010 -0.49291385
vn 0.87006644 -0.00465023 -0.49291252
vn 0.59228108 -0.71184790 -0.37745952
vn 0.59228133 -0.71184648 -0.37746180
vn 0.59228293 -0.71183747 -0.37747628
vn -0.00534034 -0.99998574 -0.00000007
vn -0.00534034 -0.99998574 -0.00000007
vn 0.78770218 -0.00420643 -0.61604187
vn 0.78770218 -0.00420643 -0.61604187
vn 0.78770218 -0.00420643 -0.61604187
vn 0.01243263 0.99990400 -0.00611794
vn 0.01257823 0.99990324 -0.00594054
vn -0.01258641 -0.99990320 -0.00593070
vn -0.01273632 -0.99990237 -0.00574803
vn -0.01258636 -0.99990320 -0.00593077
vn 0.81881485 -0.00437304 0.57404104
vn 0.81881485 -0.00437304 0.57404104
vn 0.81881485 -0.00437304 0.57404104
vn -0.00533923 -0.99998575 0.00000059
vn -0.00533923 -0.99998575 0.00000059
vn 0.61005979 -0.71198595 0.34771117
vn 0.61005646 -0.71198815 0.34771252
vn 0.61003529 -0.71200212 0.34772104
vn 0.89320297 -0.00476759 0.44962843
vn 0.89321527 -0.00476992 0.44960398
vn 0.89321599 -0.00477005 0.44960255
vn 0.79476672 0.49502969 0.35112885
vn 0.79476719 0.49503267 0.35112358
vn 0.79476593 0.49502472 0.35113764
vn 0.55993708 0.70573003 -0.43406865
vn 0.55994055 0.70572804 -0.43406740
vn 0.55991461 0.70574289 -0.43407673
vn 0.81755941 -0.00436926 -0.57582769
vn 0.81758543 -0.00437755 -0.57579067
vn 0.81755559 -0.00436804 -0.57583312
vn 0.08616163 0.99510164 -0.04846536
vn 0.08616925 0.99510114 -0.04846218
vn 0.64594068 0.67107131 -0.36390099
vn 0.64594885 0.67106425 -0.36389951
vn 0.64595654 0.67105760 -0.36389813
vn 0.89321326 -0.00477068 -0.44960796
vn 0.89324790 -0.00476919 -0.44953915
vn 0.89324839 -0.00476917 -0.44953817
vn 0.58059991 0.70561694 0.40621235
vn 0.58060495 0.70561400 0.40621025
vn 0.58063757 0.70559498 0.40619667
vn 0.84484563 -0.00452471 0.53499101
vn 0.84484513 -0.00452487 0.53499180
vn 0.84484571 -0.00452468 0.53499090
vn 0.08737326 0.99509144 0.04646437
vn 0.66305916 0.67096230 0.33190683
vn 0.66305078 0.67096962 0.33190877
vn 0.66306706 0.67095540 0.33190499
vn 0.91418852 -0.00488146 0.40525981
vn 0.91418156 -0.00488105 0.40527552
vn 0.91418146 -0.00488105 0.40527575
vn 0.79476828 0.49503761 -0.35111415
vn 0.79476745 0.49503234 -0.35112347
vn 0.79476605 0.49502354 -0.35113903
vn 0.89322721 -0.00477357 -0.44958021
vn 0.89319677 -0.00476781 -0.44964074
vn 0.89322900 -0.00477391 -0.44957666
vn 0.61006060 -0.71197869 -0.34772462
vn 0.61006617 -0.71197502 -0.34772237
vn 0.61002529 -0.71200200 -0.34773883
vn -0.00533253 -0.99998578 0.00001170
vn 0.81882987 -0.00437302 -0.57401961
vn 0.81882987 -0.00437302 -0.57401961
vn 0.81882987 -0.00437302 -0.57401961
vn -0.01273626 -0.99990237 0.00574796
vn -0.01258641 -0.99990320 0.00593055
vn -0.01258636 -0.99990320 0.00593062
vn 0.01312693 0.99990030 0.00520274
vn 0.01286117 0.99990173 0.00557808
vn 0.01286118 0.99990173 0.00557807
vn 0.84377677 -0.00450604 0.53667537
vn 0.84467505 -0.00451066 0.53526042
vn 0.84377671 -0.00450604 0.53667547
vn -0.00534422 -0.99998572 0.00001288
vn 0.62634338 -0.71206746 0.31726000
vn 0.62634871 -0.71206386 0.31725754
vn 0.62638247 -0.71204109 0.31724199
vn 0.91421094 -0.00488210 0.40520924
vn 0.91419936 -0.00487967 0.40523539
vn 0.91419868 -0.00487953 0.40523692
vn 0.81105122 0.49493791 0.31182109
vn 0.81105120 0.49493762 0.31182161
vn 0.81105125 0.49493840 0.31182022
vn 0.58059110 0.70562182 -0.40621647
vn 0.58059136 0.70562450 -0.40621144
vn 0.58059307 0.70564183 -0.40617889
vn 0.84484511 -0.00452485 -0.53499183
vn 0.84484461 -0.00452501 -0.53499262
vn 0.84484454 -0.00452503 -0.53499273
vn 0.08736848 0.99509210 -0.04645914
vn 0.66307218 0.67093931 -0.33192729
vn 0.66306044 0.67096439 -0.33190005
vn 0.66308322 0.67091571 -0.33195292
vn 0.91418165 -0.00488095 -0.40527533
vn 0.91418793 -0.00488132 -0.40526114
vn 0.91418156 -0.00488094 -0.40527553
vn 0.59979865 0.70553380 0.37744355
vn 0.59979857 0.70553385 0.37744358
vn 0.59979807 0.70553415 0.37744382
vn 0.87007161 -0.00465255 0.49290338
vn 0.87008905 -0.00465903 0.49287254
vn 0.87009161 -0.00465998 0.49286802
vn 0.08953876 0.99507982 0.04241420
vn 0.08955245 0.99508057 0.04236755
vn 0.08953646 0.99507969 0.04242205
vn 0.67851324 0.67089089 0.29920763
vn 0.67851706 0.67088750 0.29920654
vn 0.67850964 0.67089407 0.29920866
vn 0.93298454 -0.00498144 0.35988197
vn 0.93299082 -0.00498186 0.35986569
vn 0.93299091 -0.00498186 0.35986546
vn 0.81105147 0.49493404 -0.31182656
vn 0.81105138 0.49493277 -0.31182882
vn 0.81105123 0.49493064 -0.31183257
vn 0.91420645 -0.00487975 -0.40521940
vn 0.91421719 -0.00488200 -0.40519513
vn 0.91420582 -0.00487962 -0.40522082
vn 0.62634136 -0.71206882 -0.31726092
vn 0.62633698 -0.71207178 -0.31726293
vn 0.62636910 -0.71205012 -0.31724814
vn -0.00534422 -0.99998572 -0.00001301
vn -0.00532473 -0.99998582 0.00002346
vn 0.84467596 -0.00451057 -0.53525898
vn 0.84376842 -0.00450590 -0.53668850
vn 0.84376836 -0.00450590 -0.53668860
vn 0.01286113 0.99990173 -0.00557799
vn 0.01312688 0.99990030 -0.00520265
vn 0.01286114 0.99990173 -0.00557798
vn -0.01325381 -0.99989959 -0.00501489
vn -0.01269953 -0.99990092 -0.00607221
vn -0.01325381 -0.99989959 -0.00501489
vn 0.86961265 -0.00464402 0.49371275
vn 0.86961265 -0.00464402 0.49371275
vn 0.86961265 -0.00464402 0.49371275
vn -0.00535202 -0.99998568 0.00002464
vn -0.00535202 -0.99998568 0.00002464
vn 0.64121326 -0.71212180 0.28588126
vn 0.64121316 -0.71212206 0.28588085
vn 0.64121395 -0.71212014 0.28588386
vn 0.93298357 -0.00498249 0.35988448
vn 0.93298357 -0.00498249 0.35988448
vn 0.93298357 -0.00498249 0.35988448
vn 0.82537229 0.49486523 0.27178849
vn 0.82537231 0.49486375 0.27179113
vn 0.82537225 0.49486772 0.27178408
vn 0.59980274 0.70553424 -0.37743624
vn 0.59980416 0.70553339 -0.37743556
vn 0.59979352 0.70553973 -0.37744063
vn 0.87008907 -0.00465933 -0.49287250
vn 0.87007100 -0.00465261 -0.49290446
vn 0.87009172 -0.00466031 -0.49286781
vn 0.08953345 0.99508116 -0.04239388
vn 0.08952766 0.99508084 -0.04241360
vn 0.08952669 0.99508079 -0.04241691
vn 0.67853866 0.67086905 -0.29919894
vn 0.67856003 0.67085015 -0.29919285
vn 0.67858013 0.67083237 -0.29918713
vn 0.93298533 -0.00498170 -0.35987993
vn 0.93299113 -0.00498139 -0.35986489
vn 0.93299121 -0.00498138 -0.35986468
vn 0.61761379 0.70542943 0.34773917
vn 0.61761368 0.70543076 0.34773666
vn 0.61761453 0.70542079 0.34775537
vn 0.89322462 -0.00477269 0.44958537
vn 0.89321858 -0.00477507 0.44959733
vn 0.89322550 -0.00477235 0.44958361
vn 0.09150005 0.99507004 0.03825390
vn 0.09152179 0.99506926 0.03822201
vn 0.09152545 0.99506913 0.03821664
vn 0.69241957 0.67079305 0.26569120
vn 0.69244150 0.67077337 0.26568377
vn 0.69239894 0.67081158 0.26569819
vn 0.94951643 -0.00506970 0.31367636
vn 0.94951643 -0.00506970 0.31367636
vn 0.94951643 -0.00506970 0.31367636
vn 0.82537661 0.49485903 -0.27178668
vn 0.82537656 0.49486234 -0.27178080
vn 0.82537647 0.49486788 -0.27177098
vn 0.93298374 -0.00498238 -0.35988404
vn 0.93298345 -0.00498244 -0.35988477
vn 0.93298344 -0.00498244 -0.35988481
vn 0.64121082 -0.71212669 -0.28587457
vn 0.64121067 -0.71212706 -0.28587398
vn 0.64120969 -0.71212942 -0.28587028
vn -0.00535202 -0.99998568 -0.00002478
vn -0.00535202 -0.99998568 -0.00002478
vn 0.86961994 -0.00464397 -0.49369990
vn 0.86961994 -0.00464397 -0.49369990
vn 0.86961994 -0.00464397 -0.49369990
vn -0.01269959 -0.99990092 0.00607196
vn -0.01325381 -0.99989959 0.00501473
vn -0.01325381 -0.99989959 0.00501473
vn 0.01359769 0.99989781 0.00441369
vn 0.01346788 0.99989845 0.00465797
vn 0.01346788 0.99989845 0.00465797
vn 0.89356983 -0.00477199 0.44889887
vn 0.89435609 -0.00477600 0.44733027
vn 0.89356977 -0.00477199 0.44889898
vn -0.00533587 -0.99998576 -0.00001254
vn 0.65445651 -0.71219061 0.25391182
vn 0.65445723 -0.71219010 0.25391139
vn 0.65446185 -0.71218682 0.25390869
vn 0.94951253 -0.00507077 0.31368812
vn 0.94951253 -0.00507077 0.31368812
vn 0.94951253 -0.00507077 0.31368812
vn 0.83771110 0.49482235 0.23106480
vn 0.83771192 0.49481442 0.23107883
vn 0.83770974 0.49483559 0.23104138
vn 0.61761875 0.70542751 -0.34773424
vn 0.61761883 0.70542661 -0.34773592
vn 0.61761933 0.70542081 -0.34774682
vn 0.89321800 -0.00477546 -0.44959848
vn 0.89321782 -0.00477554 -0.44959883
vn 0.89321780 -0.00477555 -0.44959889
vn 0.09152238 0.99507019 -0.03819658
vn 0.09151569 0.99507042 -0.03820639
vn 0.09152350 0.99507015 -0.03819493
vn 0.69244890 0.67076300 -0.26569065
vn 0.69241987 0.67078907 -0.26570048
vn 0.69239255 0.67081360 -0.26570974
vn 0.94951650 -0.00506962 -0.31367614
vn 0.94951629 -0.00506964 -0.31367676
vn 0.94951629 -0.00506964 -0.31367677
vn 0.63395984 0.70534051 0.31715875
vn 0.63396135 0.70533957 0.31715784
vn 0.63397108 0.70533346 0.31715198
vn 0.91418121 -0.00488733 0.40527624
vn 0.91418702 -0.00488479 0.40526317
vn 0.91418036 -0.00488770 0.40527816
vn 0.09328594 0.99506101 0.03393108
vn 0.09406940 0.99505933 0.03174697
vn 0.09329691 0.99506059 0.03391316
vn 0.70464777 0.67068970 0.23161789
vn 0.70464822 0.67068929 0.23161771
vn 0.70464734 0.67069009 0.23161806
vn 0.96377670 -0.00514769 0.26666078
vn 0.96375433 -0.00514575 0.26674165
vn 0.96375401 -0.00514572 0.26674280
vn 0.83771253 0.49480799 -0.23109038
vn 0.83771213 0.49481194 -0.23108339
vn 0.83771145 0.49481855 -0.23107170
vn 0.94951273 -0.00507073 -0.31368753
vn 0.94951273 -0.00507073 -0.31368753
vn 0.94951273 -0.00507073 -0.31368753
vn 0.65445685 -0.71219021 -0.25391207
vn 0.65445657 -0.71219077 -0.25391121
vn 0.65445483 -0.71219433 -0.25390570
vn -0.00533587 -0.99998576 0.00001240
vn 0.89435601 -0.00477591 -0.44733044
vn 0.89356084 -0.00477186 -0.44891676
vn 0.89356078 -0.00477186 -0.44891687
vn 0.01346794 0.99989845 -0.00465772
vn 0.01359771 0.99989781 -0.00441350
vn 0.01346794 0.99989845 -0.00465772
vn 0.01381571 0.99989663 0.00398289
vn 0.01372753 0.99989708 0.00416933
vn 0.91277912 -0.00487440 0.40842444
vn 0.91345125 -0.00487817 0.40691893
vn 0.91345130 -0.00487817 0.40691883
vn -0.00533587 -0.99998576 -0.00001254
vn -0.00533587 -0.99998576 -0.00001254
vn 0.66611446 -0.71226555 0.22129008
vn 0.66611295 -0.71226825 0.22128599
vn 0.66612409 -0.71224848 0.22131603
vn 0.96376321 -0.00514552 0.26670957
vn 0.96375908 -0.00514678 0.26672448
vn 0.96376346 -0.00514545 0.26670869
vn 0.84802024 0.49478230 0.18987406
vn 0.84802087 0.49478161 0.18987302
vn 0.84802193 0.49478045 0.18987128
vn 0.63394968 0.70534674 -0.31716524
vn 0.63394639 0.70534880 -0.31716722
vn 0.63397092 0.70533340 -0.31715245
vn 0.91418375 -0.00488596 -0.40527052
vn 0.91415769 -0.00487421 -0.40532944
vn 0.91418758 -0.00488769 -0.40526187
vn 0.09407448 0.99505918 -0.03173686
vn 0.09328565 0.99506108 -0.03392977
vn 0.09406453 0.99505959 -0.03175339
vn 0.70465450 0.67068326 -0.23161606
vn 0.70466000 0.67067823 -0.23161388
vn 0.70466518 0.67067350 -0.23161184
vn 0.96377206 -0.00514578 -0.26667759
vn 0.96375420 -0.00514714 -0.26674210
vn 0.96375395 -0.00514716 -0.26674302
vn 0.64871917 0.70527741 0.28591468
vn 0.64872119 0.70527611 0.28591333
vn 0.64873424 0.70526765 0.28590456
vn 0.93296859 -0.00498030 0.35992333
vn 0.93298227 -0.00498724 0.35988777
vn 0.93298428 -0.00498826 0.35988255
vn 0.09407426 0.99505919 0.03173703
vn 0.09551794 0.99505158 0.02736194
vn 0.71517650 0.67062899 0.19692469
vn 0.71517867 0.67062575 0.19692784
vn 0.71518071 0.67062271 0.19693079
vn 0.97568998 -0.00521025 0.21909340
vn 0.97567909 -0.00521127 0.21914188
vn 0.97569013 -0.00521024 0.21909271
vn 0.84803072 0.49477105 -0.18985654
vn 0.84802638 0.49477577 -0.18986363
vn 0.84803797 0.49476317 -0.18984469
vn 0.96375900 -0.00514674 -0.26672477
vn 0.96376316 -0.00514548 -0.26670977
vn 0.96376340 -0.00514540 -0.26670889
vn 0.66611304 -0.71226834 -0.22128540
vn 0.66611458 -0.71226562 -0.22128953
vn 0.66612430 -0.71224838 -0.22131574
vn -0.00533587 -0.99998576 0.00001240
vn -0.00533587 -0.99998576 0.00001240
vn 0.91345622 -0.00487812 -0.40690778
vn 0.91277676 -0.00487431 -0.40842971
vn 0.91345627 -0.00487812 -0.40690767
vn 0.01372753 0.99989708 -0.00416920
vn 0.01381571 0.99989663 -0.00398275
vn 0.01399181 0.99989569 0.00358418
vn 0.01390391 0.99989613 0.00379638
vn 0.93227022 -0.00497926 0.36172842
vn 0.93481617 -0.00499208 0.35509689
vn 0.93227004 -0.00497925 0.36172887
vn -0.00534034 -0.99998574 -0.00000007
vn 0.67613643 -0.71234381 0.18816434
vn 0.67613542 -0.71234458 0.18816507
vn 0.67612903 -0.71234942 0.18816971
vn 0.97568139 -0.00521048 0.21913165
vn 0.97567789 -0.00520914 0.21914724
vn 0.97567769 -0.00520906 0.21914816
vn 0.85632859 0.49473535 0.14811579
vn 0.85632816 0.49473688 0.14811312
vn 0.85632929 0.49473280 0.14812025
vn 0.64871853 0.70528454 -0.28589855
vn 0.64871826 0.70528472 -0.28589873
vn 0.64872032 0.70528338 -0.28589735
vn 0.93299544 -0.00497370 -0.35985381
vn 0.93298551 -0.00497861 -0.35987951
vn 0.93298405 -0.00497933 -0.35988328
vn 0.09551777 0.99505158 -0.02736262
vn 0.71517880 0.67062579 -0.19692724
vn 0.71517694 0.67062856 -0.19692455
vn 0.71518054 0.67062319 -0.19692977
vn 0.97568306 -0.00521087 -0.21912421
vn 0.97569011 -0.00521021 -0.21909284
vn 0.97569021 -0.00521020 -0.21909239
vn 0.66198397 0.70519799 0.25391539
vn 0.66198027 0.70520047 0.25391814
vn 0.66195635 0.70521650 0.25393597
vn 0.94951023 -0.00506029 0.31369525
vn 0.94952129 -0.00506672 0.31366168
vn 0.94952291 -0.00506766 0.31365676
vn 0.09618711 0.99504479 0.02517755
vn 0.09618986 0.99504530 0.02514667
vn 0.72397431 0.67058969 0.16177349
vn 0.72396360 0.67060464 0.16175948
vn 0.72395352 0.67061870 0.16174630
vn 0.98526747 -0.00526174 0.17093954
vn 0.98526466 -0.00526137 0.17095576
vn 0.98526462 -0.00526136 0.17095599
vn 0.85632809 0.49473696 -0.14811325
vn 0.85632850 0.49473547 -0.14811586
vn 0.85632919 0.49473298 -0.14812021
vn 0.97568145 -0.00520912 -0.21913141
vn 0.97567801 -0.00521040 -0.21914669
vn 0.97567781 -0.00521047 -0.21914758
vn 0.67612937 -0.71235323 -0.18815405
vn 0.67613191 -0.71235131 -0.18815221
vn 0.67611330 -0.71236540 -0.18816571
vn -0.00533625 -0.99998576 0.00001341
vn 0.93482381 -0.00499206 -0.35507678
vn 0.93226808 -0.00497918 -0.36173394
vn 0.93226790 -0.00497918 -0.36173440
vn 0.01390391 0.99989613 -0.00379623
vn 0.01399181 0.99989569 -0.00358403
vn -0.01399597 -0.99989565 -0.00357764
vn -0.01362224 -0.99989732 -0.00444878
vn -0.01399474 -0.99989566 -0.00358061
vn 0.94918325 -0.00506941 0.31468311
vn 0.94972065 -0.00507246 0.31305745
vn 0.94972068 -0.00507246 0.31305733
vn -0.00534034 -0.99998574 -0.00000007
vn -0.00534034 -0.99998574 -0.00000007
vn 0.68453351 -0.71240428 0.15457692
vn 0.68453163 -0.71240576 0.15457843
vn 0.68451971 -0.71241513 0.15458800
vn 0.98526181 -0.00526044 0.17097221
vn 0.98526430 -0.00526166 0.17095780
vn 0.98526445 -0.00526173 0.17095696
vn 0.86257179 0.49470046 0.10602530
vn 0.86257217 0.49469996 0.10602452
vn 0.86257280 0.49469914 0.10602322
vn 0.66198010 0.70520062 -0.25391816
vn 0.66198375 0.70519818 -0.25391544
vn 0.66195649 0.70521645 -0.25393575
vn 0.94952139 -0.00506669 -0.31366137
vn 0.94951055 -0.00506039 -0.31369429
vn 0.94952298 -0.00506762 -0.31365654
vn 0.09618710 0.99504479 -0.02517755
vn 0.09618966 0.99504527 -0.02514879
vn 0.72396355 0.67060472 -0.16175937
vn 0.72397415 0.67058993 -0.16177323
vn 0.72395358 0.67061863 -0.16174633
vn 0.98526746 -0.00526135 -0.17093959
vn 0.98526474 -0.00526168 -0.17095529
vn 0.98526470 -0.00526169 -0.17095552
vn 0.67367678 0.70511722 0.22129009
vn 0.67367663 0.70511755 0.22128949
vn 0.67367773 0.70511511 0.22129393
vn 0.96375889 -0.00514096 0.26672527
vn 0.96376619 -0.00513609 0.26669898
vn 0.96375782 -0.00514167 0.26672912
vn 0.09731112 0.99503955 0.02065989
vn 0.09776449 0.99503965 0.01839021
vn 0.09776277 0.99503984 0.01838919
vn 0.73103950 0.67055631 0.12623587
vn 0.73106664 0.67052967 0.12622019
vn 0.73101396 0.67058137 0.12625062
vn 0.99246694 -0.00529984 0.12239807
vn 0.99246891 -0.00530020 0.12238211
vn 0.99246893 -0.00530020 0.12238188
vn 0.86257216 0.49470005 -0.10602419
vn 0.86257181 0.49470051 -0.10602492
vn 0.86257275 0.49469928 -0.10602296
vn 0.98526425 -0.00526161 -0.17095813
vn 0.98526185 -0.00526043 -0.17097198
vn 0.98526439 -0.00526168 -0.17095731
vn 0.68452215 -0.71241327 -0.15458575
vn 0.68452257 -0.71241294 -0.15458541
vn 0.68451950 -0.71241536 -0.15458788
vn -0.00533900 -0.99998575 -0.00000040
vn -0.00533900 -0.99998575 -0.00000040
vn 0.94918036 -0.00506952 -0.31469183
vn 0.94972243 -0.00507223 -0.31305203
vn 0.94972247 -0.00507223 -0.31305191
vn -0.01301507 -0.99989762 0.00594553
vn -0.01301507 -0.99989762 0.00594553
vn -0.01301507 -0.99989762 0.00594553
vn 0.01429799 0.99989406 0.00272711
vn 0.01415415 0.99989482 0.00316391
vn 0.01415416 0.99989482 0.00316391
vn 0.96589739 -0.00515769 0.25887379
vn 0.96589739 -0.00515769 0.25887379
vn 0.96589739 -0.00515769 0.25887379
vn -0.00533970 -0.99998574 0.00000004
vn 0.69127970 -0.71244876 0.12061979
vn 0.69128032 -0.71244825 0.12061924
vn 0.69128428 -0.71244501 0.12061574
vn 0.99246814 -0.00529747 0.12238845
vn 0.99247006 -0.00529878 0.12237282
vn 0.99247017 -0.00529885 0.12237190
vn 0.86674735 0.49465267 0.06377902
vn 0.86674040 0.49466275 0.06379540
vn 0.86672878 0.49467958 0.06382274
vn 0.67367473 0.70512158 -0.22128244
vn 0.67367461 0.70512183 -0.22128198
vn 0.67367387 0.70512349 -0.22127896
vn 0.96375840 -0.00513564 -0.26672714
vn 0.96376063 -0.00513716 -0.26671906
vn 0.96375808 -0.00513542 -0.26672832
vn 0.09776467 0.99503964 -0.01838998
vn 0.09731155 0.99503956 -0.02065780
vn 0.09776299 0.99503984 -0.01838790
vn 0.73106674 0.67052964 -0.12621974
vn 0.73103962 0.67055626 -0.12623541
vn 0.73101409 0.67058131 -0.12625016
vn 0.99246893 -0.00530017 -0.12238188
vn 0.99246696 -0.00529981 -0.12239786
vn 0.99246896 -0.00530017 -0.12238165
vn 0.68372080 0.70506519 0.18817268
vn 0.68372107 0.70506467 0.18817360
vn 0.68371902 0.70506849 0.18816675
vn 0.97568879 -0.00520773 0.21909877
vn 0.97568627 -0.00520564 0.21911003
vn 0.97568590 -0.00520533 0.21911169
vn 0.09821438 0.99503473 0.01611869
vn 0.73639285 0.67049115 0.09037248
vn 0.73637976 0.67050742 0.09035847
vn 0.73636744 0.67052272 0.09034528
vn 0.99726916 -0.00532356 0.07366059
vn 0.99727554 -0.00532548 0.07357400
vn 0.99727563 -0.00532551 0.07357277
vn 0.86674041 0.49466276 -0.06379516
vn 0.86674736 0.49465268 -0.06377879
vn 0.86672879 0.49467958 -0.06382248
vn 0.99247011 -0.00529878 -0.12237238
vn 0.99246817 -0.00529745 -0.12238819
vn 0.99247023 -0.00529885 -0.12237145
vn 0.69128024 -0.71244834 -0.12061924
vn 0.69127960 -0.71244886 -0.12061980
vn 0.69128429 -0.71244502 -0.12061565
vn -0.00534245 -0.99998573 -0.00001400
vn 0.96589745 -0.00515765 -0.25887357
vn 0.96589745 -0.00515765 -0.25887357
vn 0.96589745 -0.00515765 -0.25887357
vn 0.01415730 0.99989480 -0.00315497
vn 0.01429886 0.99989405 -0.00272723
vn 0.01415731 0.99989480 -0.00315496
vn -0.01406608 -0.99989440 -0.00365262
vn -0.01390631 -0.99989390 -0.00433520
vn -0.01419605 -0.99989417 -0.00318186
vn 0.97536752 -0.00520827 0.22052455
vn 0.97537761 -0.00520832 0.22047993
vn 0.97536752 -0.00520827 0.22052456
vn -0.00533906 -0.99998575 0.00000015
vn -0.00533906 -0.99998575 0.00000012
vn 0.69637482 -0.71246400 0.08635486
vn 0.69637636 -0.71246267 0.08635335
vn 0.69638614 -0.71245427 0.08634377
vn 0.99727522 -0.00532304 0.07357849
vn 0.99727522 -0.00532304 0.07357848
vn 0.99727522 -0.00532304 0.07357848
vn 0.86884041 0.49463651 0.02123832
vn 0.86884271 0.49463216 0.02124566
vn 0.86883657 0.49464378 0.02122606
vn 0.68371546 0.70506900 -0.18817778
vn 0.68371552 0.70506889 -0.18817798
vn 0.68371591 0.70506817 -0.18817927
vn 0.97568675 -0.00520180 -0.21910800
vn 0.97569349 -0.00520740 -0.21907783
vn 0.97568576 -0.00520098 -0.21911242
vn 0.09821438 0.99503474 -0.01611852
vn 0.73637979 0.67050742 -0.09035819
vn 0.73639289 0.67049114 -0.09037221
vn 0.73636747 0.67052273 -0.09034500
vn 0.99726917 -0.00532542 -0.07366038
vn 0.99727557 -0.00532357 -0.07357381
vn 0.99727566 -0.00532355 -0.07357258
vn 0.69211959 0.70504106 0.15455606
vn 0.69212277 0.70503864 0.15455286
vn 0.69214334 0.70502298 0.15453218
vn 0.98526197 -0.00525953 0.17097129
vn 0.98526227 -0.00525922 0.17096961
vn 0.98526193 -0.00525957 0.17097154
vn 0.09889654 0.99503075 0.01154436
vn 0.09912279 0.99503225 0.00924605
vn 0.09912174 0.99503243 0.00923765
vn 0.73991666 0.67050164 0.05432202
vn 0.73991818 0.67049984 0.05432349
vn 0.73991962 0.67049815 0.05432488
vn 0.99968383 -0.00533833 0.02457108
vn 0.99968598 -0.00533645 0.02448405
vn 0.99968380 -0.00533836 0.02457232
vn 0.86884271 0.49463216 -0.02124538
vn 0.86884041 0.49463652 -0.02123804
vn 0.86883657 0.49464378 -0.02122579
vn 0.99727524 -0.00532303 -0.07357831
vn 0.99727524 -0.00532303 -0.07357832
vn 0.99727524 -0.00532303 -0.07357831
vn 0.69637638 -0.71246267 -0.08635327
vn 0.69637483 -0.71246399 -0.08635478
vn 0.69638617 -0.71245426 -0.08634369
vn -0.00533906 -0.99998575 -0.00000026
vn -0.00533906 -0.99998575 -0.00000029
vn 0.97537766 -0.00520828 -0.22047970
vn 0.97536829 -0.00520823 -0.22052116
vn 0.97536828 -0.00520823 -0.22052116
vn 0.01436284 0.99989368 -0.00251631
vn 0.01442284 0.99989340 -0.00227491
vn 0.01452442 0.99989285 0.00182696
vn 0.01448286 0.99989305 0.00203357
vn 0.01442512 0.99989338 0.00226598
vn 0.98451751 -0.00525713 0.17520741
vn 0.98451751 -0.00525713 0.17520741
vn 0.98451751 -0.00525713 0.17520741
vn -0.00533905 -0.99998575 0.00000006
vn -0.00533905 -0.99998575 0.00000006
vn 0.69977203 -0.71247850 0.05189896
vn 0.69977095 -0.71247947 0.05190012
vn 0.69976414 -0.71248562 0.05190747
vn 0.99968479 -0.00533603 0.02453246
vn 0.99968476 -0.00533591 0.02453392
vn 0.99968476 -0.00533590 0.02453401
vn 0.69212271 0.70503869 -0.15455294
vn 0.69211949 0.70504113 -0.15455618
vn 0.69214353 0.70502283 -0.15453201
vn 0.98526201 -0.00525934 -0.17097107
vn 0.98526230 -0.00525965 -0.17096938
vn 0.98526197 -0.00525930 -0.17097131
vn 0.09912279 0.99503225 -0.00924589
vn 0.09889654 0.99503076 -0.01154420
vn 0.09912174 0.99503244 -0.00923749
vn 0.73991821 0.67049983 -0.05432328
vn 0.73991668 0.67050164 -0.05432179
vn 0.73991965 0.67049813 -0.05432467
vn 0.99968598 -0.00533645 -0.02448382
vn 0.99968384 -0.00533833 -0.02457085
vn 0.99968381 -0.00533835 -0.02457209
vn 0.69886405 0.70500809 0.12063425
vn 0.69886186 0.70500985 0.12063668
vn 0.69884765 0.70502124 0.12065245
vn 0.99246291 -0.00528170 0.12243153
vn 0.99247252 -0.00529601 0.12235294
vn 0.99247393 -0.00529811 0.12234141
vn 0.09934857 0.99502842 0.00695065
vn 0.09934597 0.99502884 0.00692655
vn 0.74169080 0.67049688 0.01812985
vn 0.74168286 0.67050549 0.01813616
vn 0.74169826 0.67048879 0.01812392
vn 0.99968480 -0.00533591 -0.02453222
vn 0.99968476 -0.00533603 -0.02453368
vn 0.99968476 -0.00533603 -0.02453377
vn 0.69977094 -0.71247948 -0.05190007
vn 0.69977202 -0.71247851 -0.05189890
vn 0.69976411 -0.71248565 -0.05190744
vn -0.00533905 -0.99998575 -0.00000020
vn -0.00533905 -0.99998575 -0.00000020
vn 0.98451755 -0.00525710 -0.17520719
vn 0.98451755 -0.00525710 -0.17520719
vn 0.98451755 -0.00525710 -0.17520719
vn 0.01448286 0.99989305 -0.00203343
vn 0.01452442 0.99989285 -0.00182682
vn -0.01470603 -0.99989145 -0.00091154
vn -0.01465469 -0.99989171 -0.00134185
vn -0.01470619 -0.99989144 -0.00091070
vn 0.99312071 -0.00530327 0.11697495
vn 0.99290277 -0.00530231 0.11881066
vn 0.99312072 -0.00530327 0.11697482
vn -0.00534034 -0.99998574 0.00001321
vn 0.70148318 -0.71247522 0.01733223
vn 0.70148622 -0.71247213 0.01733623
vn 0.70146390 -0.71249482 0.01730683
vn 0.69886169 0.70501007 -0.12063639
vn 0.69886389 0.70500831 -0.12063395
vn 0.69884748 0.70502146 -0.12065215
vn 0.99247257 -0.00529610 -0.12235256
vn 0.99246294 -0.00528177 -0.12243124
vn 0.99247398 -0.00529820 -0.12234101
vn 0.09934857 0.99502842 -0.00695049
vn 0.09934597 0.99502885 -0.00692639
vn 0.74168287 0.67050549 -0.01813589
vn 0.74169081 0.67049688 -0.01812958
vn 0.74169827 0.67048878 -0.01812365
vn 0.70397883 0.70495564 0.08632126
vn 0.70397735 0.70495750 0.08631811
vn 0.70398841 0.70494356 0.08634170
vn 0.99727006 -0.00533851 0.07364726
vn 0.99728208 -0.00530953 0.07348641
vn 0.99726830 -0.00534276 0.07367086
vn 0.09957627 0.99502727 0.00230114
vn 0.09957310 0.99503025 0.00000008
vn 0.09957225 0.99502763 0.00232042
vn 0.70148621 -0.71247215 -0.01733616
vn 0.70148317 -0.71247524 -0.01733216
vn 0.70146389 -0.71249484 -0.01730676
vn -0.00534034 -0.99998574 -0.00001335
vn 0.99290237 -0.00530229 -0.11881402
vn 0.99312053 -0.00530325 -0.11697649
vn 0.99312054 -0.00530325 -0.11697636
vn -0.01465468 -0.99989171 0.00134175
vn -0.01470603 -0.99989145 0.00091139
vn -0.01470619 -0.99989144 0.00091057
vn -0.01436440 -0.99989239 -0.00297917
vn -0.01451831 -0.99989286 -0.00186879
vn 0.99699659 -0.00532397 0.07726221
vn 0.99699522 -0.00532396 0.07727991
vn 0.99699522 -0.00532396 0.07727991
vn -0.00534163 -0.99998573 -0.00000007
vn -0.00534163 -0.99998573 -0.00000007
vn 0.70397729 0.70495760 -0.08631780
vn 0.70397877 0.70495573 -0.08632097
vn 0.70398840 0.70494360 -0.08634150
vn 0.99728210 -0.00530957 -0.07348620
vn 0.99727008 -0.00533855 -0.07364703
vn 0.99726832 -0.00534280 -0.07367062
vn 0.09957627 0.99502727 -0.00230098
vn 0.09957225 0.99502763 -0.00232025
vn 0.70735254 0.70494891 0.05195585
vn 0.70735602 0.70494577 0.05195113
vn 0.70737854 0.70492543 0.05192058
vn 0.99968518 -0.00533886 0.02451612
vn 0.99968309 -0.00535356 0.02459778
vn 0.99968548 -0.00533670 0.02450414
vn 0.99699524 -0.00532395 -0.07727968
vn 0.99699652 -0.00532396 -0.07726309
vn 0.99699524 -0.00532395 -0.07727968
vn -0.01451830 -0.99989286 0.00186870
vn -0.01436438 -0.99989239 0.00297912
vn -0.01467702 -0.99989202 -0.00072363
vn -0.01469192 -0.99989197 -0.00044608
vn 0.99963728 -0.00533909 0.02639705
vn 0.99963728 -0.00533909 0.02639705
vn 0.99963728 -0.00533909 0.02639705
vn 0.70735601 0.70494580 -0.05195083
vn 0.70735253 0.70494895 -0.05195556
vn 0.70737854 0.70492545 -0.05192027
vn 0.99968511 -0.00535358 -0.02451589
vn 0.99968318 -0.00533886 -0.02459755
vn 0.99968539 -0.00535574 -0.02450391
vn 0.70905255 0.70494311 0.01731150
vn 0.70905007 0.70494552 0.01731525
vn 0.70903396 0.70496112 0.01733952
vn 0.99963729 -0.00533909 -0.02639662
vn 0.99963729 -0.00533909 -0.02639662
vn 0.99963729 -0.00533909 -0.02639662
vn -0.01469192 -0.99989197 0.00044594
vn -0.01467702 -0.99989202 0.00072350
vn -0.01470733 -0.99989183 -0.00015906
vn -0.01470734 -0.99989184 -0.00000007
vn 0.70905006 0.70494554 -0.01731499
vn 0.70905255 0.70494312 -0.01731125
vn 0.70903395 0.70496114 -0.01733926
vn -0.01470733 -0.99989183 0.00015892
vn -0.99996627 0.00821294 -0.00000086
vn -0.99996624 0.00821645 -0.00000198
vn -0.99996628 0.00821180 -0.00000050
vn 0.00987595 0.99995123 -0.00009413
vn 0.01018099 0.99994817 0.00002032
vn 0.01002224 0.99994977 -0.00005415
vn 0.00007881 1.00000000 0.00001578
vn 0.00007495 1.00000000 -0.00000693
vn 0.00007717 1.00000000 -0.00000319
vn 0.99999586 -0.00287802 0.00000012
vn 0.99999586 -0.00287802 0.00000012
vn 0.99999586 -0.00287802 0.00000012
vn -0.86349709 0.50390448 0.02128520
vn -0.99968554 0.00533924 0.02450112
vn -0.86349709 0.50390447 -0.02128535
vn -0.99968480 0.00533724 0.02453208
vn -0.86140783 0.50389910 0.06373582
vn -0.99968554 0.00533924 -0.02450135
vn -0.99727563 0.00532586 0.07357272
vn -0.86140778 0.50389911 -0.06373636
vn -0.99968479 0.00533725 -0.02453234
vn -0.70906573 -0.70492984 0.01731193
vn -0.99727771 0.00532735 0.07354444
vn -0.85723987 0.50387693 0.10605585
vn -0.99727558 0.00532587 -0.07357348
vn -0.99246696 0.00530124 0.12239786
vn -0.85723987 0.50387695 -0.10605579
vn -0.99727635 0.00532587 -0.07356300
vn -0.70906574 -0.70492982 -0.01731220
vn 0.00533905 0.99998575 0.00000007
vn 0.00533905 0.99998575 0.00000015
vn 0.00534031 0.99998397 -0.00188411
vn -0.70735776 -0.70494837 0.05189213
vn -0.99246390 0.00530163 0.12242264
vn -0.85099976 0.50383993 0.14813753
vn -0.99246470 0.00530068 -0.12241619
vn -0.98526117 0.00526325 0.17097580
vn -0.85099920 0.50384101 -0.14813708
vn -0.99246611 0.00530019 -0.12240478
vn -0.70736797 -0.70493804 -0.05189342
vn 0.00534031 0.99998397 0.00188434
vn -0.99947237 0.00533800 0.03203884
vn -0.99947237 0.00533800 0.03203884
vn -0.99947237 0.00533800 0.03203884
vn 0.00534162 0.99998573 -0.00000003
vn 0.00561336 0.99998256 0.00183633
vn -0.70397927 -0.70494939 0.08636866
vn -0.98525585 0.00525887 0.17100662
vn -0.84270259 0.50380066 0.18983477
vn -0.98526443 0.00526329 -0.17095703
vn -0.97568703 0.00521215 0.21910651
vn -0.84270778 0.50379678 -0.18982200
vn -0.98525590 0.00525892 -0.17100630
vn -0.70397262 -0.70495612 -0.08636795
vn 0.00561336 0.99998256 -0.00183619
vn 0.00534162 0.99998573 0.00000016
vn -0.99947234 0.00533903 -0.03203951
vn -0.99947234 0.00533903 -0.03203951
vn -0.99947234 0.00533903 -0.03203951
vn -0.99741635 0.00532702 0.07163970
vn 0.00533928 0.99998575 -0.00000707
vn 0.00534034 0.99998574 0.00000007
vn -0.69889909 -0.70497644 0.12061628
vn -0.97569991 0.00521210 0.21904910
vn -0.83237338 0.50374569 0.23107323
vn -0.97568706 0.00521218 -0.21910637
vn -0.96376740 0.00514898 0.26669437
vn -0.83236508 0.50375343 -0.23108626
vn -0.97569607 0.00520790 -0.21906632
vn -0.69889925 -0.70497627 -0.12061631
vn 0.00534034 0.99998574 0.00000007
vn 0.00533927 0.99998575 0.00000725
vn -0.99741633 0.00532703 -0.07163995
vn -0.99221996 0.00529927 0.12438435
vn 0.00551760 0.99998478 -0.00004220
vn -0.69209990 -0.70505240 0.15459251
vn -0.96376327 0.00514834 0.26670931
vn -0.82001234 0.50369875 0.27178545
vn -0.96376683 0.00514901 -0.26669644
vn -0.94950106 0.00507074 0.31372285
vn -0.82003138 0.50364102 -0.27183498
vn -0.96376744 0.00514840 -0.26669423
vn -0.69212487 -0.70502664 -0.15459822
vn 0.00551758 0.99998478 0.00004244
vn -0.99222016 0.00529929 -0.12438279
vn -0.98610648 0.00526661 0.16603095
vn 0.00579180 0.99998160 0.00180248
vn 0.00579098 0.99998161 0.00179918
vn -0.68372524 -0.70507167 0.18813226
vn -0.94949721 0.00506676 0.31373457
vn -0.80567721 0.50362146 0.31184876
vn -0.94951674 0.00507236 -0.31367535
vn -0.93299112 0.00498408 0.35986487
vn -0.80571461 0.50357995 -0.31181919
vn -0.94949731 0.00507077 -0.31373418
vn -0.68372476 -0.70507172 -0.18813379
vn 0.00579096 0.99998161 -0.00179899
vn 0.00579179 0.99998160 -0.00180228
vn -0.98610733 0.00526665 -0.16602590
vn 0.00426444 -0.99999086 0.00029598
vn -0.97578283 0.00521228 0.21867946
vn -0.97578283 0.00521228 0.21867946
vn -0.97578283 0.00521228 0.21867946
vn 0.00533973 0.99998574 0.00000027
vn -0.67369039 -0.70509675 0.22131385
vn -0.93298418 0.00498254 0.35988290
vn -0.78944291 0.50349327 0.35110457
vn -0.93297340 0.00498399 -0.35991082
vn -0.91418746 0.00488217 0.40526219
vn -0.78944196 0.50349364 -0.35110617
vn -0.93298420 0.00498259 -0.35988284
vn -0.67368364 -0.70510187 -0.22131811
vn 0.00533973 0.99998574 -0.00000013
vn -0.97577983 0.00521230 -0.21869285
vn -0.97577983 0.00521230 -0.21869285
vn -0.97577983 0.00521230 -0.21869285
vn 0.00343033 -0.99998652 -0.00389742
vn 0.00343033 -0.99998652 -0.00389742
vn 0.00343033 -0.99998652 -0.00389742
vn -0.96351571 0.00514676 0.26760230
vn 0.00533911 0.99998575 0.00000048
vn 0.00472179 0.99998736 -0.00172481
vn -0.66203186 -0.70515940 0.25389769
vn -0.91420487 0.00488226 0.40522293
vn -0.77123625 0.50343672 0.38954604
vn -0.91418070 0.00488169 -0.40527746
vn -0.89320633 0.00476965 0.44962174
vn -0.77123675 0.50343619 -0.38954573
vn -0.91420397 0.00488231 -0.40522496
vn -0.66202601 -0.70516458 -0.25389855
vn 0.00462791 0.99998781 0.00172004
vn 0.00533911 0.99998575 -0.00000034
vn -0.96351670 0.00514681 -0.26759873
vn 0.00343029 -0.99998652 0.00389752
vn 0.00343029 -0.99998652 0.00389752
vn 0.00343029 -0.99998652 0.00389752
vn 0.00389287 -0.99999076 -0.00182493
vn -0.94918087 0.00507039 0.31469028
vn -0.94918087 0.00507039 0.31469028
vn -0.94918087 0.00507039 0.31469028
vn 0.00408593 0.99998552 -0.00350187
vn 0.00550767 0.99998483 -0.00007058
vn -0.64872671 -0.70526501 0.28592816
vn -0.64872671 -0.70526501 0.28592816
vn -0.64872671 -0.70526501 0.28592816
vn -0.89320285 0.00476769 0.44962867
vn -0.75118555 0.50332921 0.42705969
vn -0.89321369 0.00476976 -0.44960711
vn -0.87008577 0.00464794 0.49287844
vn -0.75117952 0.50332846 -0.42707117
vn -0.89319637 0.00476649 -0.44964156
vn -0.64873095 -0.70526410 -0.28592082
vn -0.64873095 -0.70526410 -0.28592082
vn -0.64873095 -0.70526410 -0.28592082
vn 0.00391765 0.99998642 0.00343807
vn 0.00544706 0.99998516 -0.00001412
vn -0.94918080 0.00507025 -0.31469050
vn -0.94918080 0.00507025 -0.31469050
vn -0.94918080 0.00507025 -0.31469050
vn 0.00414130 -0.99999120 0.00067746
vn 0.00414130 -0.99999120 0.00067746
vn 0.00384972 -0.99999098 0.00179390
vn 0.00355214 -0.99998935 -0.00294819
vn -0.93292915 0.00498302 0.36002551
vn 0.00613367 0.99997978 0.00167747
vn 0.00613390 0.99997978 0.00167795
vn -0.63396667 -0.70532478 0.31718010
vn -0.87009465 0.00464437 0.49286278
vn -0.72933649 0.50320016 0.46352765
vn -0.87008647 0.00464805 -0.49287719
vn -0.84485714 0.00451317 0.53497294
vn -0.84485714 0.00451317 0.53497294
vn -0.84483181 0.00451219 0.53501295
vn -0.84483181 0.00451219 0.53501295
vn -0.84482912 0.00451048 0.53501721
vn -0.84482757 0.00450949 0.53501966
vn -0.84482757 0.00450949 0.53501966
vn -0.72932656 0.50319023 -0.46355406
vn -0.87009551 0.00464813 -0.49286124
vn -0.63394077 -0.70533341 -0.31721266
vn 0.00692650 0.99997039 -0.00335371
vn 0.00612140 0.99997990 -0.00165139
vn -0.93292519 0.00498362 -0.36003577
vn -0.00375877 0.99998688 0.00347942
vn -0.91557317 0.00489089 0.40212169
vn -0.91557317 0.00489089 0.40212169
vn -0.91557317 0.00489089 0.40212169
vn 0.00534034 0.99998574 0.00000007
vn -0.61762552 -0.70541262 0.34775243
vn -0.84484624 0.00451300 0.53499015
vn -0.70569617 0.50308987 0.49889227
vn -0.84489126 0.00451549 -0.53491903
vn -0.84489014 0.00451536 -0.53492080
vn -0.84483265 0.00451251 -0.53501162
vn -0.84483265 0.00451251 -0.53501162
vn -0.84483265 0.00451251 -0.53501162
vn -0.84486061 0.00451203 -0.53496747
vn -0.81758454 0.00436630 0.57579202
vn -0.70573449 0.50306462 -0.49886352
vn -0.84482397 0.00451314 -0.53502531
vn -0.61763896 -0.70542072 -0.34771213
vn 0.00534034 0.99998574 0.00000007
vn 0.00534034 0.99998574 0.00000007
vn -0.91557785 0.00489041 -0.40211104
vn -0.91557785 0.00489041 -0.40211104
vn -0.91557785 0.00489041 -0.40211104
vn 0.00180859 -0.99996787 0.00780968
vn 0.00180859 -0.99996787 0.00780968
vn 0.00180859 -0.99996787 0.00780968
vn 0.00525426 -0.99998607 0.00050148
vn 0.00525426 -0.99998607 0.00050148
vn 0.00525426 -0.99998607 0.00050148
vn -0.89056713 0.00475660 0.45482696
vn 0.00438965 0.99998911 -0.00158606
vn 0.00438582 0.99998911 -0.00159245
vn -0.59981842 -0.70552373 0.37743097
vn -0.81755998 0.00436681 0.57582690
vn -0.68035654 0.50291614 0.53309505
vn -0.81758273 0.00436637 -0.57579460
vn -0.78834045 0.00421053 0.61522485
vn -0.68036575 0.50293159 -0.53306873
vn -0.81759023 0.00436646 -0.57578394
vn -0.59982208 -0.70551453 -0.37744235
vn 0.00438582 0.99998911 0.00159260
vn 0.00438968 0.99998911 0.00158616
vn -0.89056417 0.00475738 -0.45483274
vn 0.00525426 -0.99998607 -0.00050161
vn 0.00525426 -0.99998607 -0.00050161
vn -0.64120002 0.71212876 0.28589362
vn -0.64120002 0.71212876 0.28589362
vn -0.64120002 0.71212876 0.28589362
vn 0.00300209 -0.99998642 -0.00426056
vn 0.00300209 -0.99998642 -0.00426056
vn -0.86965559 0.00464404 0.49363710
vn 0.00438749 0.99998911 -0.00158843
vn -0.58061261 -0.70559669 0.40622938
vn -0.78834567 0.00421013 0.61521815
vn -0.65340154 0.50276114 0.56594845
vn -0.78833524 0.00421178 -0.61523151
vn -0.75719517 0.00404527 0.65317617
vn -0.65340695 0.50278742 -0.56591886
vn -0.78834522 0.00421106 -0.61521873
vn -0.58059658 -0.70559947 -0.40624745
vn 0.00438803 0.99998911 0.00158891
vn -0.86964808 0.00464408 -0.49365034
vn -0.00301752 0.99998651 -0.00422783
vn -0.00292500 0.99998603 -0.00440192
vn -0.62648678 0.71202218 0.31707844
vn -0.62639098 0.71203386 0.31724142
vn -0.00269656 0.99998481 0.00480651
vn -0.84468024 0.00451067 0.53525222
vn 0.00533931 0.99998575 0.00000082
vn 0.00533931 0.99998575 0.00000082
vn -0.55997027 -0.70570696 0.43406333
vn -0.75716045 0.00404359 0.65321643
vn -0.62487061 0.50261906 0.59742013
vn -0.75720244 0.00404523 -0.65316774
vn -0.72425498 0.00386834 0.68952140
vn -0.62483639 0.50262806 -0.59744835
vn -0.75716551 0.00404453 -0.65321056
vn -0.55993099 -0.70574959 -0.43404470
vn 0.00534034 0.99998574 0.00000007
vn 0.00534086 0.99998574 0.00000047
vn -0.84468012 0.00451077 -0.53525242
vn -0.00283251 0.99998552 -0.00457595
vn -0.00283251 0.99998552 -0.00457595
vn -0.64119942 0.71212878 -0.28589490
vn -0.64119942 0.71212878 -0.28589490
vn -0.64119942 0.71212878 -0.28589490
vn -0.89321531 0.00477038 0.44960388
vn -0.61006682 0.71194661 0.34777938
vn -0.00258376 0.99998418 0.00499561
vn -0.00258376 0.99998418 0.00499561
vn -0.81798562 0.00436882 0.57522208
vn 0.00533933 0.99998575 0.00000085
vn -0.53799566 -0.70582034 0.46084522
vn -0.72426743 0.00386793 0.68950832
vn -0.59477983 0.50245907 0.62751242
vn -0.72425060 0.00386847 -0.68952600
vn -0.68952696 0.00368304 0.72425065
vn -0.68946690 0.00367839 0.72430785
vn -0.68952115 0.00368321 0.72425618
vn -0.59477684 0.50248390 -0.62749538
vn -0.72426494 0.00386967 -0.68951093
vn -0.53801836 -0.70582271 -0.46081509
vn 0.00534136 0.99998573 0.00000086
vn 0.00534136 0.99998573 0.00000086
vn -0.81798061 0.00436888 -0.57522920
vn 0.00244664 -0.99998348 0.00520069
vn 0.00244670 -0.99998348 0.00520060
vn -0.62648798 0.71202159 -0.31707738
vn -0.62640202 0.71203881 -0.31720852
vn -0.87009923 0.00464695 0.49285468
vn -0.59227158 0.71186105 0.37744962
vn -0.00230779 0.99998271 0.00540861
vn -0.78959311 0.00421718 0.61361628
vn 0.01045350 0.99992942 0.00564577
vn 0.01045350 0.99992942 0.00564577
vn 0.01045350 0.99992942 0.00564577
vn -0.51477182 -0.70594483 0.48646878
vn -0.68951831 0.00368003 0.72425890
vn -0.56324583 0.50230252 0.65608408
vn -0.68952431 0.00368374 -0.72425317
vn -0.68953970 0.00368329 -0.72423852
vn -0.68955981 0.00367961 -0.72421939
vn -0.65314286 0.00348840 0.75722667
vn -0.50544255 0.67716392 0.53476805
vn -0.56322792 0.50230695 -0.65609606
vn -0.68951415 0.00368030 -0.72426286
vn -0.51475365 -0.70594776 -0.48648375
vn 0.01017497 0.99993089 -0.00588919
vn 0.01017497 0.99993089 -0.00588919
vn 0.01017497 0.99993089 -0.00588919
vn -0.78960407 0.00421735 -0.61360217
vn -0.61009007 0.71195037 -0.34773090
vn -0.89321624 0.00477072 -0.44960204
vn -0.07673247 0.99596939 0.04644463
vn -0.84481222 0.00451204 0.53504388
vn -0.84481222 0.00451204 0.53504388
vn -0.84481222 0.00451204 0.53504388
vn -0.57305566 0.71174484 0.40623452
vn 0.00325429 -0.99998551 -0.00428800
vn 0.00325429 -0.99998551 -0.00428800
vn 0.00325429 -0.99998551 -0.00428800
vn -0.75765386 0.00404725 0.65264405
vn -0.75765386 0.00404725 0.65264405
vn -0.75765386 0.00404725 0.65264405
vn 0.00017531 0.99998377 -0.00569458
vn 0.00017531 0.99998377 -0.00569458
vn 0.00017531 0.99998377 -0.00569458
vn -0.49025080 -0.70607891 0.51098604
vn -0.65315695 0.00348681 0.75721453
vn -0.53038239 0.50211452 0.68306335
vn -0.50540864 0.67717755 -0.53478283
vn -0.65314269 0.00348841 -0.75722682
vn -0.47863700 0.67696802 0.55912513
vn -0.61525141 0.00328680 0.78832411
vn -0.05970148 0.99588152 0.06823295
vn -0.05972826 0.99587935 0.06824117
vn -0.53038410 0.50211186 -0.68306397
vn -0.65315463 0.00348636 -0.75721653
vn -0.49025695 -0.70609821 -0.51095346
vn 0.00017514 0.99998377 0.00569490
vn 0.00017514 0.99998377 0.00569490
vn 0.00017514 0.99998377 0.00569490
vn -0.75765410 0.00404737 -0.65264377
vn -0.75765410 0.00404737 -0.65264377
vn -0.75765410 0.00404737 -0.65264377
vn 0.00325437 -0.99998551 0.00428776
vn 0.00325437 -0.99998551 0.00428776
vn 0.00325437 -0.99998551 0.00428776
vn 0.00232158 -0.99998279 0.00538786
vn -0.59229239 0.71185639 -0.37742575
vn -0.87009939 0.00464732 -0.49285440
vn -0.81759186 0.00436670 0.57578162
vn -0.55243321 0.71163603 0.43404113
vn 0.00175675 -0.99997977 -0.00611331
vn -0.72497601 0.00387270 0.68876323
vn -0.72497601 0.00387270 0.68876323
vn -0.72497601 0.00387270 0.68876323
vn 0.00795235 0.99996497 0.00261216
vn 0.00795235 0.99996497 0.00261216
vn 0.00664461 0.99997707 0.00130528
vn -0.46459980 -0.70622952 0.53421614
vn -0.61522781 0.00328434 0.78834254
vn -0.49624369 0.50193534 0.70838063
vn -0.05967414 0.99588128 -0.06826037
vn -0.05967414 0.99588128 -0.06826037
vn -0.47860633 0.67703231 -0.55907356
vn -0.61524426 0.00328657 -0.78832969
vn -0.05626688 0.99585986 0.07139448
vn -0.45062571 0.67687479 0.58204552
vn -0.57579908 0.00307603 0.81758545
vn -0.68950852 0.00369159 0.72426816
vn -0.06297198 0.99589569 0.06500999
vn -0.49623326 0.50193780 -0.70838619
vn -0.61523535 0.00328609 -0.78833665
vn -0.46460147 -0.70621693 -0.53423134
vn 0.00664503 0.99997707 -0.00130465
vn 0.00795321 0.99996496 -0.00261105
vn 0.00795321 0.99996496 -0.00261105
vn -0.72497541 0.00387282 -0.68876386
vn -0.72497541 0.00387282 -0.68876386
vn -0.72497541 0.00387282 -0.68876386
vn 0.00175606 -0.99997978 0.00611257
vn -0.57296579 0.71180703 -0.40625233
vn -0.84481344 0.00450127 -0.53504204
vn -0.84481344 0.00450127 -0.53504204
vn -0.84481344 0.00450127 -0.53504204
vn -0.07673237 0.99596941 -0.04644440
vn -0.78833889 0.00421051 0.61522684
vn -0.53042775 0.71155737 0.46079553
vn -0.00128045 0.99997726 0.00662066
vn -0.00145634 0.99997817 0.00644476
vn -0.68879343 0.00367960 0.72494832
vn -0.68879343 0.00367960 0.72494832
vn -0.68879343 0.00367960 0.72494832
vn 0.00533952 0.99998574 0.00000107
vn 0.00533952 0.99998574 0.00000107
vn -0.43782980 -0.70637293 0.55618553
vn -0.57581262 0.00307502 0.81757591
vn -0.46087059 0.50174878 0.73201534
vn -0.06295604 0.99589492 -0.06503728
vn -0.68950781 0.00368348 -0.72426888
vn -0.45063947 0.67683828 -0.58207733
vn -0.57579178 0.00307584 -0.81759059
vn -0.65316101 0.00348871 0.75721102
vn -0.42153410 0.67672080 0.60362071
vn -0.53498691 0.00285733 0.84485551
vn -0.53498691 0.00285733 0.84485551
vn -0.53498691 0.00285733 0.84485551
vn -0.48271418 0.71129417 0.51092820
vn -0.72427428 0.00387767 0.68950108
vn -0.46088282 0.50174928 -0.73200730
vn -0.57580589 0.00307554 -0.81758065
vn -0.43781942 -0.70635800 -0.55621267
vn 0.00533952 0.99998574 -0.00000093
vn 0.00533952 0.99998574 -0.00000093
vn -0.68879471 0.00367974 -0.72494710
vn -0.68879471 0.00367974 -0.72494710
vn -0.68879471 0.00367974 -0.72494710
vn -0.00144310 0.99997811 -0.00645787
vn -0.00127384 0.99997723 -0.00662713
vn -0.55238520 0.71168381 -0.43402389
vn -0.81758837 0.00436723 -0.57578658
vn -0.06902293 0.99592674 0.05801526
vn -0.75717674 0.00404180 0.65319755
vn -0.50710590 0.71144480 0.48650786
vn -0.00094115 0.99997544 0.00694465
vn -0.00094115 0.99997544 0.00694465
vn -0.65196832 0.00348184 0.75823821
vn -0.65196832 0.00348184 0.75823821
vn -0.65196832 0.00348184 0.75823821
vn 0.00533957 0.99998574 0.00000111
vn -0.41002319 -0.70651077 0.57682190
vn -0.53498994 0.00285701 0.84485360
vn -0.53498994 0.00285701 0.84485360
vn -0.53498994 0.00285701 0.84485360
vn -0.42439395 0.50155633 0.75387733
vn -0.72424507 0.00386907 -0.68953180
vn -0.48266154 0.71130038 -0.51096928
vn -0.65318834 0.00348957 -0.75718743
vn -0.05266233 0.99584021 -0.07435698
vn -0.42156966 0.67668398 -0.60363715
vn -0.53500209 0.00285732 -0.84484590
vn -0.53500209 0.00285732 -0.84484590
vn -0.53500209 0.00285732 -0.84484590
vn -0.45701463 0.71115781 0.53422111
vn -0.61521881 0.00328854 0.78834954
vn -0.39137748 0.67661927 0.62370669
vn -0.39137748 0.67661927 0.62370669
vn -0.39137748 0.67661927 0.62370669
vn -0.49288795 0.00263232 0.87008881
vn -0.42438853 0.50158068 -0.75386418
vn -0.53499556 0.00285784 -0.84485004
vn -0.53499556 0.00285784 -0.84485004
vn -0.53499556 0.00285784 -0.84485004
vn -0.41002988 -0.70653562 -0.57678672
vn 0.00533993 0.99998574 -0.00000045
vn -0.65195758 0.00348192 -0.75824744
vn -0.65195758 0.00348192 -0.75824744
vn -0.65195758 0.00348192 -0.75824744
vn -0.00110463 0.99997629 -0.00679634
vn -0.00094161 0.99997544 -0.00694472
vn -0.53042405 0.71156665 -0.46078545
vn -0.78834918 0.00421090 -0.61521366
vn -0.00060052 0.99997362 0.00723880
vn -0.61539992 0.00328695 0.78820818
vn -0.61539992 0.00328695 0.78820818
vn -0.61539992 0.00328695 0.78820818
vn 0.00533959 0.99998574 0.00000113
vn 0.00374130 0.99999254 -0.00095761
vn -0.38121366 -0.70668145 0.59605158
vn -0.49289131 0.00263218 0.87008691
vn -0.38687750 0.50135234 0.77393258
vn -0.06902376 0.99592677 -0.05801378
vn -0.75720334 0.00404462 -0.65316670
vn -0.50714013 0.71144982 -0.48646484
vn -0.45703693 0.71116629 -0.53419075
vn -0.61522931 0.00328659 -0.78834136
vn -0.04703210 0.99581240 -0.07839419
vn -0.39136770 0.67658776 -0.62374701
vn -0.49286548 0.00263220 -0.87010154
vn -0.43026543 0.71100694 0.55618413
vn -0.57583414 0.00307613 0.81756075
vn -0.04314454 0.99579207 0.08084988
vn -0.36027732 0.67641661 0.64238682
vn -0.44959769 0.00240112 0.89322794
vn -0.38689734 0.50137951 -0.77390506
vn -0.49289110 0.00263313 -0.87008702
vn -0.38122769 -0.70665819 -0.59607017
vn 0.00374202 0.99999254 0.00095883
vn 0.00534034 0.99998574 0.00000007
vn -0.61540203 0.00328672 -0.78820653
vn -0.61540203 0.00328672 -0.78820653
vn -0.61540203 0.00328672 -0.78820653
vn -0.57645005 0.00307893 0.81712659
vn 0.00374340 0.99999254 -0.00095710
vn 0.00374593 0.99999253 -0.00095559
vn -0.35153701 -0.70682901 0.61385217
vn -0.44959062 0.00240094 0.89323150
vn -0.34844535 0.50115572 0.79210402
vn -0.43022460 0.71102272 -0.55619555
vn -0.57579160 0.00307684 -0.81759071
vn -0.36027428 0.67645864 -0.64234426
vn -0.44961411 0.00240126 -0.89321967
vn -0.40243491 0.71087164 0.57680816
vn -0.53497902 0.00286664 0.84486048
vn -0.53497902 0.00286664 0.84486048
vn -0.53497902 0.00286664 0.84486048
vn -0.32834831 0.67624542 0.65945395
vn -0.40523598 0.00216443 0.91420956
vn -0.34844089 0.50116966 -0.79209717
vn -0.44959598 0.00239961 -0.89322880
vn -0.35150291 -0.70685288 -0.61384421
vn 0.00214544 0.99999586 0.00191653
vn 0.00376886 0.99999245 0.00094349
vn -0.57643017 0.00307898 -0.81714061
vn 0.00193855 -0.99997854 0.00625860
vn 0.00098408 -0.99997524 0.00696732
vn 0.00193855 -0.99997854 0.00625860
vn 0.00162895 -0.99997686 -0.00660529
vn 0.00162895 -0.99997686 -0.00660529
vn -0.53431430 0.00285371 0.84528107
vn -0.53431430 0.00285371 0.84528107
vn -0.53431430 0.00285371 0.84528107
vn 0.00701716 0.99997506 0.00079388
vn -0.32096716 -0.70700887 0.63017342
vn -0.40523666 0.00216407 0.91420926
vn -0.30914701 0.50095395 0.80837693
vn -0.40245035 0.71089358 -0.57677035
vn -0.53498699 0.00285899 -0.84485546
vn -0.04120381 0.99577923 -0.08201197
vn -0.32834099 0.67622401 -0.65947955
vn -0.40524077 0.00216468 -0.91420743
vn -0.37366712 0.71072180 0.59602634
vn -0.49289382 0.00263413 0.87008548
vn -0.03707916 0.99575633 0.08422865
vn -0.29554657 0.67609382 0.67494397
vn -0.35988288 0.00192230 0.93299551
vn -0.30915093 0.50095615 -0.80837407
vn -0.40526032 0.00216298 -0.91419877
vn -0.32097027 -0.70701574 -0.63016413
vn 0.00534097 0.99998574 0.00000119
vn 0.00704378 0.99997487 -0.00080491
vn -0.53431410 0.00285417 -0.84528119
vn -0.53431410 0.00285417 -0.84528119
vn -0.53431410 0.00285417 -0.84528119
vn 0.00005927 -0.99997071 0.00765401
vn 0.00005927 -0.99997071 0.00765401
vn 0.00032758 0.99996862 0.00791537
vn 0.00032758 0.99996862 0.00791537
vn -0.49496295 0.00264356 0.86891006
vn 0.00524677 0.99998623 0.00005830
vn 0.00869469 0.99996094 0.00158803
vn -0.28966564 -0.70717539 0.64497813
vn -0.35988701 0.00192188 0.93299392
vn -0.26912359 0.50074004 0.82269794
vn -0.37364755 0.71073868 -0.59601849
vn -0.49289750 0.00263562 -0.87008339
vn -0.03705996 0.99575719 -0.08422693
vn -0.29559068 0.67604906 -0.67496949
vn -0.35988267 0.00192243 -0.93299559
vn -0.34394693 0.71056303 0.61384093
vn -0.44960140 0.00240926 0.89322605
vn -0.03289499 0.99573398 0.08620770
vn -0.26209529 0.67588888 0.68882529
vn -0.31367142 0.00167542 0.94953011
vn -0.26911728 0.50075108 -0.82269329
vn -0.35986052 0.00192034 -0.93300414
vn -0.28967151 -0.70718383 -0.64496624
vn 0.00534034 0.99998574 0.00000007
vn 0.00533651 0.99998576 0.00000188
vn -0.49496135 0.00264371 -0.86891097
vn 0.00032758 0.99996862 -0.00791523
vn 0.00032758 0.99996862 -0.00791523
vn 0.00347077 -0.99997653 -0.00590695
vn 0.00347077 -0.99997653 -0.00590695
vn 0.00347077 -0.99997653 -0.00590695
vn -0.44799550 0.00239285 0.89403261
vn 0.00533460 0.99998577 -0.00000370
vn 0.00534083 0.99998574 -0.00000112
vn -0.25771293 -0.70734327 0.65821694
vn -0.31368479 0.00167550 0.94952570
vn -0.22840957 0.50053157 0.83504324
vn -0.34394482 0.71057544 -0.61382775
vn -0.44958726 0.00240422 -0.89323318
vn -0.03290924 0.99573439 -0.08619749
vn -0.26210543 0.67586885 -0.68884108
vn -0.31369548 0.00167576 -0.94952216
vn -0.31338461 0.71037412 0.63020528
vn -0.40522761 0.00217176 0.91421325
vn -0.22798063 0.67567537 0.70106178
vn -0.26670749 0.00142462 0.96377647
vn -0.22839086 0.50050712 -0.83506301
vn -0.31369222 0.00167398 -0.94952324
vn -0.25768673 -0.70734993 -0.65822004
vn 0.00531895 0.99998585 0.00011063
vn -0.44798210 0.00239294 -0.89403933
vn 0.00347076 -0.99997653 0.00590681
vn 0.00347076 -0.99997653 0.00590681
vn 0.00347076 -0.99997653 0.00590681
vn -0.40662136 0.00217190 0.91359419
vn 0.00705294 0.99997488 0.00070947
vn -0.22508811 -0.70749483 0.66991522
vn -0.26670367 0.00142424 0.96377753
vn -0.18718490 0.50030781 0.84537205
vn -0.31339848 0.71040474 -0.63016386
vn -0.40523910 0.00216688 -0.91420817
vn -0.22797767 0.67564796 -0.70108916
vn -0.26669999 0.00142518 -0.96377855
vn -0.28212832 0.71023182 0.64496076
vn -0.35989115 0.00192522 0.93299231
vn -0.19333414 0.67549014 0.71157219
vn -0.21911202 0.00117015 0.97569901
vn -0.18718175 0.50029497 -0.84538035
vn -0.26671349 0.00142586 -0.96377481
vn -0.22509883 -0.70752075 -0.66988424
vn 0.00705340 0.99997487 -0.00070808
vn 0.00876470 0.99996059 -0.00141551
vn -0.40661036 0.00217200 -0.91359909
vn -0.35860593 0.00191548 0.93348707
vn 0.00533996 0.99998574 0.00000131
vn 0.00533996 0.99998574 0.00000131
vn -0.19195586 -0.70767900 0.67995836
vn -0.21910550 0.00116912 0.97570047
vn -0.14545430 0.50008140 0.85367537
vn -0.28210136 0.71020081 -0.64500669
vn -0.35988644 0.00192457 -0.93299413
vn -0.19333040 0.67550217 -0.71156179
vn -0.21910041 0.00117083 -0.97570161
vn -0.25012460 0.71006079 0.65821832
vn -0.31367368 0.00167777 0.94952936
vn -0.01983311 0.99566421 0.09088144
vn -0.15815169 0.67532109 0.72036759
vn -0.17095290 0.00091345 0.98527878
vn -0.14546866 0.50008809 -0.85366900
vn -0.21909403 0.00117129 -0.97570305
vn -0.19195094 -0.70769710 -0.67994092
vn 0.00534034 0.99998574 0.00000007
vn 0.00534034 0.99998574 0.00000007
vn -0.35860412 0.00191564 -0.93348777
vn -0.00176043 -0.99996103 0.00865050
vn -0.00153228 -0.99996223 0.00855559
vn 0.00217634 0.99995878 0.00881451
vn 0.00196904 0.99995987 0.00873912
vn -0.31408110 0.00167783 0.94939467
vn 0.00349998 0.99999381 -0.00036601
vn -0.15834503 -0.70785329 0.68838257
vn -0.17095712 0.00091236 0.98527805
vn -0.10338494 0.49985747 0.85991515
vn -0.25012076 0.71005480 -0.65822624
vn -0.31366886 0.00167634 -0.94953096
vn -0.01983018 0.99566488 -0.09087471
vn -0.15817097 0.67531428 -0.72036975
vn -0.17095744 0.00091360 -0.98527799
vn -0.21750418 0.70988822 0.66988853
vn -0.26672020 0.00142706 0.96377295
vn -0.01534377 0.99564023 0.09200596
vn -0.12265278 0.67513348 0.72742772
vn -0.12240956 0.00065401 0.99247946
vn -0.10337043 0.49985151 -0.85992036
vn -0.17095482 0.00091395 -0.98527844
vn -0.15835881 -0.70787350 -0.68835862
vn 0.00350016 0.99999381 0.00036677
vn -0.31408088 0.00167800 -0.94939475
vn -0.00448538 -0.99994467 0.00951486
vn -0.00198160 -0.99995982 0.00874251
vn -0.26637773 0.00142312 0.96386767
vn 0.00350178 0.99999380 -0.00036696
vn 0.00351626 0.99999375 -0.00036408
vn -0.12440773 -0.70805448 0.69511263
vn -0.12240513 0.00065363 0.99248000
vn -0.06107094 0.49963400 0.86408113
vn -0.21750910 0.70988019 -0.66989544
vn -0.26672984 0.00142608 -0.96377028
vn -0.01535881 0.99564104 -0.09199473
vn -0.12261550 0.67511175 -0.72745417
vn -0.12240589 0.00065428 -0.99247991
vn -0.18439345 0.70969494 0.67995011
vn -0.21908658 0.00117031 0.97570472
vn -0.08674468 0.67489924 0.73279354
vn -0.07355872 0.00039313 0.99729081
vn -0.06110001 0.49962543 -0.86408403
vn -0.12240821 0.00065553 -0.99247962
vn -0.12438892 -0.70805544 -0.69511502
vn 0.00351626 0.99999375 0.00036422
vn 0.00350177 0.99999380 0.00036710
vn -0.26635018 0.00142308 -0.96387528
vn -0.21933815 0.00117187 0.97564820
vn 0.00717801 0.99997422 0.00018106
vn -0.09013794 -0.70823151 0.70020231
vn -0.07356140 0.00039262 0.99729061
vn -0.01858851 0.49939979 0.86617222
vn -0.18439322 0.70969917 -0.67994575
vn -0.21908206 0.00117322 -0.97570573
vn -0.08678181 0.67492056 -0.73276951
vn -0.07355849 0.00039320 -0.99729083
vn -0.15078304 0.70953353 0.68835067
vn -0.17096657 0.00091713 0.98527640
vn -0.00394019 0.99558269 0.09380605
vn -0.05072886 0.67473787 0.73631202
vn -0.02453575 0.00013095 0.99969894
vn -0.01857653 0.49939997 -0.86617237
vn -0.07356010 0.00039455 -0.99729071
vn -0.09014100 -0.70824244 -0.70019086
vn 0.00713875 0.99997448 -0.00026540
vn -0.21932564 0.00117198 -0.97565101
vn -0.17150306 0.00091621 0.98518316
vn 0.00715032 0.99997442 0.00017963
vn 0.00901738 0.99995928 0.00036352
vn -0.05568980 -0.70840963 0.70360106
vn -0.02453247 0.00013097 0.99969903
vn 0.02392080 0.49917543 0.86617070
vn -0.15076278 0.70950924 -0.68838015
vn -0.17096635 0.00091629 -0.98527644
vn -0.00392240 0.99558296 -0.09380397
vn -0.05071810 0.67472834 -0.73632149
vn -0.02455307 0.00013157 -0.99969852
vn -0.11679251 0.70932151 0.69514208
vn -0.12241205 0.00065769 0.99247915
vn -0.01450368 0.67454400 0.73809216
vn 0.02453618 -0.00013075 0.99969893
vn 0.02393490 0.49916839 -0.86617437
vn -0.02454853 0.00013117 -0.99969863
vn -0.05566850 -0.70842832 -0.70358392
vn 0.00716806 0.99997427 -0.00026971
vn 0.00899560 0.99995939 -0.00054084
vn -0.17150283 0.00091638 -0.98518320
vn -0.00208775 -0.99995756 0.00897322
vn -0.00328543 -0.99995283 0.00913996
vn -0.12161444 0.00064990 0.99257720
vn 0.00534029 0.99998574 0.00000070
vn 0.00534024 0.99998574 0.00000136
vn -0.02107339 -0.70859389 0.70530179
vn 0.02453224 -0.00013111 0.99969903
vn 0.06640573 0.49893828 0.86408962
vn -0.11685206 0.70934143 -0.69511174
vn -0.12240737 0.00065499 -0.99247973
vn -0.01451258 0.67453704 -0.73809835
vn 0.02455429 -0.00013071 -0.99969849
vn -0.08261148 0.70913910 0.70021217
vn -0.07355283 0.00039677 0.99729124
vn 0.02172886 0.67435675 0.73808592
vn 0.07355860 -0.00039258 0.99729082
vn 0.06639271 0.49894571 -0.86408633
vn 0.02454748 -0.00013102 -0.99969866
vn -0.02110376 -0.70862362 -0.70527101
vn 0.00534040 0.99998574 0.00000144
vn 0.00534040 0.99998574 0.00000144
vn -0.12159800 0.00064998 -0.99257922
vn 0.00442209 0.99994678 0.00932114
vn 0.00419329 0.99994797 0.00929860
vn -0.07358029 0.00039329 0.99728922
vn 0.00534034 0.99998574 0.00000007
vn 0.00534034 0.99998574 0.00000007
vn 0.01350226 -0.70877797 0.70530240
vn 0.07355723 -0.00039329 0.99729092
vn 0.10873313 0.49872391 0.85991370
vn -0.08257244 0.70915890 -0.70019672
vn -0.07356116 0.00039437 -0.99729063
vn 0.02172951 0.67434333 -0.73809817
vn 0.07355388 -0.00039252 -0.99729117
vn -0.04811695 0.70897635 0.70358886
vn -0.02454790 0.00013232 0.99969865
vn 0.00763107 0.99551757 0.09426847
vn 0.05788777 0.67415642 0.73631659
vn 0.12240913 -0.00065382 0.99247951
vn 0.10871627 0.49872893 -0.85991292
vn 0.07356034 -0.00039285 -0.99729069
vn 0.01353377 -0.70880906 -0.70527055
vn 0.00534034 0.99998574 0.00000144
vn -0.07358189 0.00039353 -0.99728910
vn 0.00416562 0.99994814 -0.00929345
vn 0.00442230 0.99994680 -0.00931873
vn -0.02473673 0.00013246 0.99969399
vn 0.00534034 0.99998574 0.00000007
vn 0.04813920 -0.70896225 0.70360155
vn 0.12240513 -0.00065229 0.99248000
vn 0.15078864 0.49849989 0.85367479
vn -0.04811804 0.70897232 -0.70359286
vn -0.02454854 0.00013408 -0.99969863
vn 0.00764792 0.99551820 -0.09426038
vn 0.05791069 0.67415612 -0.73631506
vn 0.12241580 -0.00065343 -0.99247869
vn -0.01352459 0.70879246 0.70528741
vn 0.02454813 -0.00012939 0.99969864
vn 0.09396482 0.67399744 0.73273328
vn 0.17095261 -0.00091308 0.98527883
vn 0.15081838 0.49848239 -0.85367976
vn 0.12240848 -0.00065311 -0.99247959
vn 0.04808487 -0.70899593 -0.70357133
vn 0.00534027 0.99998574 0.00000144
vn 0.00534027 0.99998574 0.00000144
vn -0.02473650 0.00013263 -0.99969400
vn -0.00035582 -0.99995610 -0.00936384
vn -0.00395441 -0.99994876 -0.00931839
vn 0.02441182 -0.00013003 0.99970198
vn 0.00534034 0.99998574 0.00000007
vn 0.00534034 0.99998574 0.00000007
vn 0.08254791 -0.70914888 0.70020976
vn 0.17097430 -0.00091314 0.98527507
vn 0.19249565 0.49827856 0.84537796
vn -0.01352403 0.70879541 -0.70528445
vn 0.02454836 -0.00012827 -0.99969864
vn 0.01223605 0.99549370 -0.09403496
vn 0.09398137 0.67396016 -0.73276545
vn 0.17094391 -0.00091258 -0.98528034
vn 0.02112818 0.70859783 0.70529619
vn 0.07356145 -0.00039083 0.99729061
vn 0.01686049 0.99546825 0.09358785
vn 0.12985303 0.67376355 0.72744819
vn 0.21910050 -0.00117028 0.97570159
vn 0.19249753 0.49825957 -0.84538873
vn 0.17095280 -0.00091143 -0.98527880
vn 0.08258137 -0.70916110 -0.70019344
vn 0.00534029 0.99998574 0.00000076
vn 0.02442670 -0.00012994 -0.99970162
vn -0.00744262 -0.99992930 -0.00927422
vn -0.00672436 -0.99993405 -0.00931001
vn 0.07342736 -0.00039181 0.99730049
vn 0.00351450 0.99999376 0.00036259
vn 0.11685555 -0.70934603 0.69510646
vn 0.21909665 -0.00117039 0.97570246
vn 0.23373663 0.49805804 0.83504813
vn 0.02107518 0.70861167 -0.70528387
vn 0.07356171 -0.00039084 -0.99729059
vn 0.01685857 0.99546929 -0.09357718
vn 0.12984143 0.67376357 -0.72745025
vn 0.21911247 -0.00116985 -0.97569891
vn 0.05568522 0.70842389 0.70358705
vn 0.12240319 -0.00065171 0.99248024
vn 0.02140363 0.99544406 0.09291397
vn 0.16535472 0.67358468 0.72037594
vn 0.26669999 -0.00142451 0.96377855
vn 0.23372591 0.49804898 -0.83505653
vn 0.21911945 -0.00116867 -0.97569734
vn 0.11682122 -0.70933420 -0.69512430
vn 0.00352753 0.99999374 -0.00026884
vn 0.00534034 0.99998574 0.00000007
vn 0.07342942 -0.00039167 -0.99730034
vn 0.12275876 -0.00065528 0.99243632
vn 0.00351371 0.99999376 0.00036209
vn 0.00351744 0.99999375 0.00036135
vn 0.15076281 -0.70952023 0.68836881
vn 0.26669328 -0.00142462 0.96378040
vn 0.27446309 0.49783563 0.82269660
vn 0.05570362 0.70843613 -0.70357327
vn 0.12240349 -0.00065240 -0.99248021
vn 0.16537223 0.67355660 -0.72039817
vn 0.26670695 -0.00142438 -0.96377662
vn 0.09014933 0.70824044 0.70019181
vn 0.17095720 -0.00090830 0.98527804
vn 0.20051737 0.67339809 0.71156714
vn 0.31367900 -0.00167507 0.94952761
vn 0.27447444 0.49782736 -0.82269782
vn 0.26670000 -0.00142366 -0.96377854
vn 0.15077992 -0.70948700 -0.68839932
vn 0.00346957 0.99999394 -0.00027679
vn 0.00165657 0.99999848 -0.00054637
vn 0.12277172 -0.00065517 -0.99243472
vn 0.17021484 -0.00090874 0.98540656
vn 0.00534020 0.99998574 -0.00000056
vn 0.18438093 -0.70969923 0.67994902
vn 0.31369975 -0.00167434 0.94952076
vn 0.31449088 0.49761861 0.80837566
vn 0.09015285 0.70822726 -0.70020469
vn 0.17096655 -0.00091159 -0.98527641
vn 0.02595878 0.99542026 -0.09200357
vn 0.20050599 0.67339810 -0.71157034
vn 0.31367142 -0.00167480 -0.94953011
vn 0.12435645 0.70805635 0.69511991
vn 0.21911500 -0.00116767 0.97569834
vn 0.23519520 0.67321376 0.70104668
vn 0.35990167 -0.00192195 0.93298826
vn 0.31446530 0.49761363 -0.80838868
vn 0.31369304 -0.00167518 -0.94952297
vn 0.18440843 -0.70967353 -0.67996839
vn 0.00534002 0.99998574 0.00000132
vn 0.00534005 0.99998574 0.00000133
vn 0.17022931 -0.00090864 -0.98540406
vn -0.00877601 -0.99992219 -0.00886486
vn -0.00807467 -0.99992685 -0.00900503
vn 0.21932555 -0.00117091 0.97565103
vn 0.00711601 0.99997454 -0.00053859
vn 0.00711494 0.99997454 -0.00053826
vn 0.21751720 -0.70987258 0.66990088
vn 0.35986901 -0.00192012 0.93300086
vn 0.35377365 0.49740569 0.79210592
vn 0.12436726 0.70804454 -0.69513000
vn 0.21909958 -0.00117075 -0.97570180
vn 0.03268717 0.99538709 -0.09020025
vn 0.23516529 0.67324403 -0.70102764
vn 0.35988345 -0.00192169 -0.93299529
vn 0.15835955 0.70788771 0.68834384
vn 0.26670479 -0.00142424 0.96377722
vn 0.03706412 0.99536368 0.08875472
vn 0.26929486 0.67304026 0.68883749
vn 0.40523577 -0.00216418 0.91420965
vn 0.35379478 0.49742174 -0.79208640
vn 0.35985992 -0.00192016 -0.93300437
vn 0.21750799 -0.70983806 -0.66994045
vn 0.00711456 0.99997455 0.00053963
vn 0.00711562 0.99997454 0.00053996
vn 0.21933981 -0.00117076 -0.97564782
vn -0.00807456 -0.99992686 0.00900373
vn -0.00877614 -0.99992220 0.00886470
vn -0.00739495 -0.99993088 -0.00914087
vn -0.00739495 -0.99993088 -0.00914087
vn 0.26636385 -0.00142212 0.96387150
vn 0.00711507 0.99997454 -0.00053830
vn 0.25013457 -0.71006095 0.65821436
vn 0.40525609 -0.00216248 0.91420065
vn 0.39222511 0.49719530 0.77392267
vn 0.15837655 0.70787234 -0.68835574
vn 0.26670293 -0.00142477 -0.96377773
vn 0.26932002 0.67303966 -0.68882824
vn 0.40523598 -0.00216393 -0.91420956
vn 0.19194958 0.70769737 0.67994102
vn 0.31366334 -0.00167380 0.94953278
vn 0.30278688 0.67289420 0.67493222
vn 0.44959783 -0.00240026 0.89322787
vn 0.39218955 0.49719446 -0.77394123
vn 0.40526143 -0.00216382 -0.91419828
vn 0.25014756 -0.71007671 -0.65819242
vn 0.00711463 0.99997455 0.00053970
vn 0.26636408 -0.00142194 -0.96387144
vn -0.00739458 -0.99993090 0.00913849
vn -0.00739458 -0.99993090 0.00913849
vn 0.00805875 0.99992736 0.00896226
vn 0.00781209 0.99992864 0.00903780
vn 0.31519563 -0.00168309 0.94902523
vn 0.31519563 -0.00168309 0.94902523
vn 0.31519563 -0.00168309 0.94902523
vn 0.00534034 0.99998574 0.00000007
vn 0.00534034 0.99998574 0.00000007
vn 0.28211888 -0.71023152 0.64496521
vn 0.44957569 -0.00239820 0.89323902
vn 0.42972415 0.49699471 0.75387891
vn 0.19194329 0.70770163 -0.67993836
vn 0.31367369 -0.00167593 -0.94952936
vn 0.30279418 0.67286390 -0.67495915
vn 0.44959804 -0.00240014 -0.89322777
vn 0.22507271 0.70752069 0.66989309
vn 0.35990185 -0.00192039 0.93298819
vn 0.04357222 0.99532649 0.08617798
vn 0.33556380 0.67271976 0.65942783
vn 0.49288867 -0.00263159 0.87008841
vn 0.42972937 0.49701891 -0.75385998
vn 0.44959618 -0.00240054 -0.89322870
vn 0.28210100 -0.71022282 -0.64498262
vn 0.00533984 0.99998574 0.00000135
vn 0.00534009 0.99998574 0.00000070
vn 0.31521084 -0.00168300 -0.94902018
vn 0.31521084 -0.00168300 -0.94902018
vn 0.31521084 -0.00168300 -0.94902018
vn 0.00785676 0.99992842 -0.00902411
vn 0.00808112 0.99992725 -0.00895533
vn 0.35922390 -0.00191824 0.93324944
vn 0.00534063 0.99998574 0.00000066
vn 0.00534034 0.99998574 0.00000007
vn 0.31338061 -0.71039678 0.63018173
vn 0.49292466 -0.00263305 0.87006801
vn 0.46619684 0.49679923 0.73201847
vn 0.22507967 0.70752521 -0.66988598
vn 0.35989793 -0.00192253 -0.93298970
vn 0.04354016 0.99532675 -0.08619116
vn 0.33555577 0.67268987 -0.65946240
vn 0.49288887 -0.00263144 -0.87008829
vn 0.25773117 0.70732649 0.65822784
vn 0.40524078 -0.00216255 0.91420744
vn 0.04767865 0.99530424 0.08423909
vn 0.36752264 0.67245992 0.64243659
vn 0.53502374 -0.00285656 0.84483219
vn 0.53502374 -0.00285656 0.84483219
vn 0.53502374 -0.00285656 0.84483219
vn 0.46621064 0.49681139 -0.73200142
vn 0.49286860 -0.00262990 -0.87009978
vn 0.31340542 -0.71038736 -0.63018001
vn 0.00534034 0.99998574 0.00000007
vn 0.00534034 0.99998574 0.00000007
vn 0.35922252 -0.00191807 -0.93324997
vn -0.00696611 -0.99993097 -0.00946192
vn -0.00807103 -0.99992689 -0.00900408
vn 0.40593206 -0.00216764 0.91390069
vn 0.00370113 0.99999277 0.00087772
vn 0.00370741 0.99999275 0.00087436
vn 0.34396075 -0.71052884 0.61387276
vn 0.53495445 -0.00285475 0.84487608
vn 0.50157344 0.49661794 0.70837470
vn 0.25768788 0.70735295 -0.65821635
vn 0.40523660 -0.00216499 -0.91420928
vn 0.04770773 0.99530388 -0.08422686
vn 0.36752428 0.67245876 -0.64243686
vn 0.53501021 -0.00285634 -0.84484076
vn 0.53501021 -0.00285634 -0.84484076
vn 0.53501021 -0.00285634 -0.84484076
vn 0.28967052 0.70716970 0.64498217
vn 0.44957142 -0.00240338 0.89324115
vn 0.05182183 0.99528211 0.08202453
vn 0.39857178 0.67233650 0.62378215
vn 0.57580000 -0.00307603 0.81758480
vn 0.50152663 0.49664313 -0.70839017
vn 0.53500762 -0.00285772 -0.84484240
vn 0.53500762 -0.00285772 -0.84484240
vn 0.53500762 -0.00285772 -0.84484240
vn 0.34395105 -0.71055018 -0.61385351
vn 0.00370681 0.99999275 -0.00087308
vn 0.00370054 0.99999277 -0.00087643
vn 0.40594459 -0.00216762 -0.91389512
vn -0.00807107 -0.99992689 0.00900392
vn -0.00696610 -0.99993097 0.00946179
vn -0.00914229 -0.99992157 -0.00856017
vn -0.00914229 -0.99992157 -0.00856017
vn 0.44947811 -0.00240049 0.89328812
vn 0.00524548 0.99998624 -0.00005030
vn 0.37368686 -0.71068615 0.59605647
vn 0.57580707 -0.00307192 0.81757983
vn 0.53570529 0.49643993 0.68305727
vn 0.28968939 0.70718269 -0.64495945
vn 0.44960958 -0.00239791 -0.89322196
vn 0.05178067 0.99528217 -0.08204973
vn 0.39854071 0.67238405 -0.62375075
vn 0.39854071 0.67238405 -0.62375075
vn 0.39854071 0.67238405 -0.62375075
vn 0.57580245 -0.00307584 -0.81758307
vn 0.32097135 0.70700252 0.63017841
vn 0.49292451 -0.00262902 0.87006811
vn 0.42869466 0.67218002 0.60365131
vn 0.61521691 -0.00328693 0.78835103
vn 0.53573143 0.49643933 -0.68303721
vn 0.57578012 -0.00307551 -0.81759880
vn 0.37367801 -0.71072153 -0.59601984
vn 0.00524612 0.99998623 0.00015707
vn 0.44947832 -0.00240034 -0.89328801
vn -0.00914240 -0.99992157 0.00855997
vn -0.00914240 -0.99992157 0.00855997
vn 0.00975425 0.99991832 0.00825875
vn 0.00955165 0.99991937 0.00836756
vn 0.49497706 -0.00264352 0.86890202
vn 0.00853068 0.99996178 -0.00191220
vn 0.00858048 0.99996108 -0.00205344
vn 0.40243893 -0.71088286 0.57679153
vn 0.61523965 -0.00328537 0.78833329
vn 0.56857643 0.49627319 0.65607451
vn 0.32097490 0.70701520 -0.63016238
vn 0.49289603 -0.00263062 -0.87008424
vn 0.05769220 0.99525357 -0.07837054
vn 0.42870097 0.67222639 -0.60359520
vn 0.61519324 -0.00328480 -0.78836951
vn 0.35153400 0.70683865 0.61384279
vn 0.53499617 -0.00285361 0.84484967
vn 0.53499617 -0.00285361 0.84484967
vn 0.53499617 -0.00285361 0.84484967
vn 0.05961361 0.99523993 0.07709535
vn 0.45781751 0.67207833 0.58199128
vn 0.65316513 -0.00348873 0.75720746
vn 0.56857103 0.49627853 -0.65607515
vn 0.61524186 -0.00328598 -0.78833157
vn 0.40242529 -0.71087714 -0.57680809
vn 0.00853160 0.99996133 0.00213410
vn 0.00853154 0.99996133 0.00213407
vn 0.49497726 -0.00264337 -0.86890191
vn -0.01121305 -0.99990916 0.00747937
vn -0.01121305 -0.99990916 0.00747937
vn -0.01121305 -0.99990916 0.00747937
vn 0.00995678 0.99991722 0.00814999
vn 0.00995678 0.99991722 0.00814999
vn 0.53344079 -0.00284888 0.84583261
vn 0.53344079 -0.00284888 0.84583261
vn 0.53344079 -0.00284888 0.84583261
vn 0.00863196 0.99996033 -0.00219939
vn 0.00546200 0.99998507 0.00015219
vn 0.43024323 -0.71103191 0.55616938
vn 0.65315596 -0.00348787 0.75721538
vn 0.60012215 0.49607764 0.62750329
vn 0.35152466 0.70683795 -0.61384895
vn 0.53498449 -0.00285758 -0.84485704
vn 0.45784115 0.67202962 -0.58202893
vn 0.65317113 -0.00348763 -0.75720230
vn 0.38120794 0.70666530 0.59607438
vn 0.57575671 -0.00306747 0.81761531
vn 0.06333148 0.99522007 0.07433796
vn 0.48581229 0.67189117 0.55906053
vn 0.68949855 -0.00368157 0.72427771
vn 0.60010467 0.49611074 -0.62749384
vn 0.65315707 -0.00348862 -0.75721442
vn 0.43024693 -0.71098796 -0.55622271
vn 0.00545178 0.99998514 -0.00003929
vn 0.53345149 -0.00284879 -0.84582586
vn 0.53345149 -0.00284879 -0.84582586
vn 0.53345149 -0.00284879 -0.84582586
vn 0.57468023 -0.00306881 0.81837230
vn 0.57468023 -0.00306881 0.81837230
vn 0.57468023 -0.00306881 0.81837230
vn 0.00381606 0.99999193 0.00125268
vn 0.00381744 0.99999193 0.00125155
vn 0.45699371 -0.71116122 0.53423448
vn 0.68953853 -0.00368118 0.72423964
vn 0.63016423 0.49591640 0.59746127
vn 0.38120668 0.70669014 -0.59604573
vn 0.57580327 -0.00307573 -0.81758250
vn 0.48583243 0.67187974 -0.55905676
vn 0.68952614 -0.00368178 -0.72425144
vn 0.41000940 0.70653096 0.57680698
vn 0.61526336 -0.00328634 0.78831478
vn 0.06686223 0.99520214 0.07142927
vn 0.51272242 0.67174802 0.53466842
vn 0.72424876 -0.00386712 0.68952794
vn 0.63018169 0.49592768 -0.59743349
vn 0.68953185 -0.00368382 -0.72424600
vn 0.45703499 -0.71112274 -0.53425038
vn 0.00375605 0.99999225 -0.00117573
vn 0.00216814 0.99999488 -0.00235259
vn 0.57203087 -0.00305416 -0.82022640
vn 0.57203087 -0.00305416 -0.82022640
vn 0.57203087 -0.00305416 -0.82022640
vn -0.01033654 -0.99991519 0.00792215
vn -0.01033654 -0.99991519 0.00792215
vn 0.61448720 -0.00328129 0.78891996
vn 0.61448720 -0.00328129 0.78891996
vn 0.61448720 -0.00328129 0.78891996
vn 0.00398030 0.99999132 0.00123449
vn 0.48269995 -0.71126996 0.51097534
vn 0.72423381 -0.00386776 0.68954364
vn 0.65873533 0.49578336 0.56592104
vn 0.41000374 0.70653472 -0.57680639
vn 0.61521881 -0.00328894 -0.78834954
vn 0.06688751 0.99520210 -0.07140613
vn 0.51269987 0.67172149 -0.53472337
vn 0.72424651 -0.00386691 -0.68953031
vn 0.43783172 0.70637516 0.55618120
vn 0.65315027 -0.00348886 0.75722028
vn 0.07033175 0.99518373 0.06828464
vn 0.53825027 0.67163635 0.50910831
vn 0.75720458 -0.00404398 0.65316527
vn 0.65871944 0.49577159 -0.56594985
vn 0.72423552 -0.00386748 -0.68954184
vn 0.48269881 -0.71128939 -0.51094937
vn 0.00396395 0.99999136 -0.00124917
vn 0.00395880 0.99999138 -0.00125384
vn 0.61725006 -0.00329564 -0.78676013
vn -0.01446117 -0.99988345 0.00489484
vn -0.01446117 -0.99988345 0.00489484
vn -0.01446117 -0.99988345 0.00489484
vn -0.01692014 -0.99985343 -0.00261251
vn -0.01692014 -0.99985343 -0.00261251
vn -0.01692014 -0.99985343 -0.00261251
vn 0.65380704 -0.00349127 0.75665326
vn 0.00257415 0.99999354 0.00250894
vn 0.00395460 0.99999139 0.00125604
vn 0.50718711 -0.71143122 0.48644307
vn 0.75721363 -0.00404388 0.65315478
vn 0.68570055 0.49563920 0.53306335
vn 0.43781775 0.70639831 -0.55616278
vn 0.65315045 -0.00348743 -0.75722013
vn 0.07196696 0.99517763 -0.06665013
vn 0.07033242 0.99518374 -0.06828380
vn 0.07033242 0.99518374 -0.06828380
vn 0.53830863 0.67160001 -0.50909454
vn 0.75716784 -0.00404217 -0.65320787
vn 0.46458056 0.70624486 0.53421260
vn 0.68953822 -0.00368266 0.72423993
vn 0.07361590 0.99516582 0.06500523
vn 0.56264010 0.67150037 0.48220677
vn 0.78833161 -0.00421022 0.61523617
vn 0.68571576 0.49562723 -0.53305493
vn 0.75721656 -0.00404363 -0.65315138
vn 0.50717072 -0.71142395 -0.48647078
vn 0.00395460 0.99999139 -0.00125591
vn 0.65381460 -0.00349118 -0.75664673
vn 0.01111868 0.99991100 -0.00737399
vn 0.01128857 0.99991012 -0.00723369
vn 0.69069361 -0.00368870 0.72313811
vn 0.00533938 0.99998575 -0.00000080
vn 0.00533940 0.99998575 -0.00000082
vn 0.53042799 -0.71155670 0.46079628
vn 0.78832717 -0.00421091 0.61524186
vn 0.71104779 0.49549469 0.49889483
vn 0.46458815 0.70624036 -0.53421194
vn 0.68953485 -0.00368176 -0.72424314
vn 0.07360116 0.99516621 -0.06501606
vn 0.07360116 0.99516621 -0.06501606
vn 0.56263409 0.67149891 -0.48221582
vn 0.78836714 -0.00420876 -0.61519066
vn 0.49025842 0.70610780 0.51093880
vn 0.72421186 -0.00385535 0.68956677
vn 0.07671450 0.99514923 0.06158643
vn 0.58562126 0.67136503 0.45422103
vn 0.81755999 -0.00436559 0.57582689
vn 0.71102641 0.49551445 -0.49890567
vn 0.78832097 -0.00421417 -0.61524978
vn 0.53043583 -0.71155468 -0.46079037
vn 0.00533940 0.99998575 0.00000096
vn 0.00533938 0.99998575 0.00000094
vn 0.69070149 -0.00368861 -0.72313059
vn -0.01180939 -0.99990733 -0.00677325
vn -0.01132188 -0.99990906 -0.00732761
vn -0.01180939 -0.99990733 -0.00677325
vn 0.72310710 -0.00386139 0.69072513
vn 0.00646374 0.99997796 -0.00151465
vn 0.00533936 0.99998575 -0.00000078
vn 0.55237746 -0.71167372 0.43405030
vn 0.81757289 -0.00436687 0.57580856
vn 0.73465839 0.49536820 0.46355948
vn 0.49025631 0.70610308 -0.51094734
vn 0.72421202 -0.00385525 -0.68956660
vn 0.07672383 0.99514949 -0.06157071
vn 0.58563697 0.67133608 -0.45424356
vn 0.81755928 -0.00436573 -0.57582789
vn 0.51478183 0.70594551 0.48645720
vn 0.75721136 -0.00403107 0.65315750
vn 0.60723914 0.67121221 0.42512916
vn 0.84485411 -0.00451225 0.53497773
vn 0.84485411 -0.00451225 0.53497773
vn 0.84485411 -0.00451225 0.53497773
vn 0.73465513 0.49539101 -0.46354028
vn 0.81757862 -0.00436785 -0.57580042
vn 0.55239133 -0.71167150 -0.43403628
vn 0.00533936 0.99998575 0.00000092
vn 0.00646322 0.99997797 0.00151519
vn 0.72310595 -0.00386126 -0.69072634
vn -0.01180947 -0.99990733 0.00677304
vn -0.01132191 -0.99990906 0.00732744
vn -0.01180947 -0.99990733 0.00677304
vn -0.01084921 -0.99991021 -0.00786509
vn -0.01165547 -0.99990774 -0.00697532
vn 0.75764744 -0.00404603 0.65265151
vn 0.00644683 0.99997811 -0.00148972
vn 0.00644772 0.99997810 -0.00149093
vn 0.57302554 -0.71178476 0.40620707
vn 0.84484492 -0.00451164 0.53499224
vn 0.84484492 -0.00451164 0.53499224
vn 0.84484492 -0.00451164 0.53499224
vn 0.75653993 0.49524656 0.42705758
vn 0.51474673 0.70596514 -0.48646585
vn 0.75725496 -0.00403121 -0.65310694
vn 0.07964501 0.99513369 -0.05801393
vn 0.60722710 0.67122026 -0.42513363
vn 0.84485496 -0.00451150 -0.53497639
vn 0.84485496 -0.00451150 -0.53497639
vn 0.84485496 -0.00451150 -0.53497639
vn 0.53793511 0.70586353 0.46084975
vn 0.78834874 -0.00421212 0.61521420
vn 0.08369948 0.99511475 0.05235493
vn 0.62734932 0.67113700 0.39497844
vn 0.87006040 -0.00464688 0.49292323
vn 0.75652253 0.49526960 -0.42706169
vn 0.84484549 -0.00451543 -0.53499131
vn 0.84484549 -0.00451543 -0.53499131
vn 0.84484549 -0.00451543 -0.53499131
vn 0.57296768 -0.71180459 -0.40625394
vn 0.00644666 0.99997811 0.00149181
vn 0.00644580 0.99997811 0.00149064
vn 0.75765504 -0.00404563 -0.65264268
vn -0.01165549 -0.99990774 0.00697514
vn -0.01084920 -0.99991021 0.00786497
vn 0.78958548 -0.00421693 0.61362610
vn 0.78958548 -0.00421693 0.61362610
vn 0.78958548 -0.00421693 0.61362610
vn 0.00432624 0.99998949 0.00151774
vn 0.59220710 -0.71191043 0.37745766
vn 0.87006634 -0.00464760 0.49291273
vn 0.77658545 0.49513893 0.38955420
vn 0.53797842 0.70584081 -0.46083399
vn 0.78830623 -0.00421168 -0.61526868
vn 0.08240553 0.99511896 -0.05429172
vn 0.62732221 0.67115631 -0.39498867
vn 0.87006051 -0.00464703 -0.49292303
vn 0.55998291 0.70570680 0.43404729
vn 0.81758912 -0.00437885 0.57578543
vn 0.64595791 0.67104579 0.36391747
vn 0.89321266 -0.00477047 0.44960915
vn 0.77658479 0.49516246 -0.38952562
vn 0.87006565 -0.00465009 -0.49291392
vn 0.59227945 -0.71185711 -0.37744472
vn 0.00438653 0.99998912 -0.00159001
vn 0.78958006 -0.00421679 -0.61363307
vn 0.78958006 -0.00421679 -0.61363307
vn 0.78958006 -0.00421679 -0.61363307
vn 0.81621737 -0.00435868 0.57772849
vn 0.81621737 -0.00435868 0.57772849
vn 0.81621737 -0.00435868 0.57772849
vn 0.00327900 0.99998987 0.00308259
vn 0.00518552 0.99998655 -0.00009837
vn 0.61008143 -0.71197166 0.34770246
vn 0.89320225 -0.00476745 0.44962986
vn 0.79476796 0.49503752 0.35111501
vn 0.55996246 0.70571550 -0.43405952
vn 0.81758925 -0.00437877 -0.57578524
vn 0.64593316 0.67107782 -0.36390235
vn 0.89321276 -0.00477070 -0.44960894
vn 0.58056812 0.70563548 0.40622558
vn 0.84484506 -0.00452489 0.53499191
vn 0.08733986 0.99509251 0.04650431
vn 0.66304305 0.67097637 0.33191057
vn 0.91418862 -0.00488147 0.40525959
vn 0.79476964 0.49504619 -0.35109897
vn 0.89319499 -0.00476747 -0.44964429
vn 0.61010226 -0.71195118 -0.34770783
vn 0.00343261 0.99998905 -0.00318026
vn 0.00529063 0.99998600 0.00009974
vn 0.81621658 -0.00435857 -0.57772960
vn 0.81621658 -0.00435857 -0.57772960
vn 0.81621658 -0.00435857 -0.57772960
vn -0.01560211 -0.99987715 -0.00150011
vn -0.01560211 -0.99987715 -0.00150011
vn -0.01560211 -0.99987715 -0.00150011
vn 0.84467511 -0.00451066 0.53526033
vn 0.00533825 0.99998575 0.00000106
vn 0.00533913 0.99998575 -0.00000058
vn 0.62630886 -0.71209073 0.31727590
vn 0.91421162 -0.00488224 0.40520771
vn 0.81105116 0.49493714 0.31182246
vn 0.58058943 0.70560493 -0.40624820
vn 0.84484519 -0.00452482 -0.53499172
vn 0.08734479 0.99509286 -0.04648747
vn 0.66304962 0.67098750 -0.33187495
vn 0.91418802 -0.00488133 -0.40526094
vn 0.59979914 0.70553351 0.37744332
vn 0.87006905 -0.00465160 0.49290791
vn 0.08955426 0.99508067 0.04236138
vn 0.67852058 0.67088439 0.29920554
vn 0.93298445 -0.00498144 0.35988220
vn 0.81105162 0.49493610 -0.31182290
vn 0.91421782 -0.00488214 -0.40519371
vn 0.62630862 -0.71209090 -0.31727600
vn 0.00533913 0.99998575 0.00000072
vn 0.00533819 0.99998575 -0.00000103
vn 0.84467602 -0.00451057 -0.53525888
vn -0.01560210 -0.99987715 0.00149997
vn -0.01560210 -0.99987715 0.00149997
vn -0.01560210 -0.99987715 0.00149997
vn 0.01325532 0.99989958 0.00501262
vn 0.01325532 0.99989958 0.00501262
vn 0.86884588 -0.00463976 0.49506091
vn 0.86884588 -0.00463976 0.49506091
vn 0.86884588 -0.00463976 0.49506091
vn 0.00517524 0.99998661 -0.00007700
vn 0.64121246 -0.71212376 0.28587819
vn 0.93298357 -0.00498249 0.35988448
vn 0.82537235 0.49486132 0.27179543
vn 0.59981315 0.70552803 -0.37743129
vn 0.87006835 -0.00465163 -0.49290915
vn 0.08953421 0.99508121 -0.04239127
vn 0.67851898 0.67088645 -0.29920454
vn 0.93298524 -0.00498171 -0.35988014
vn 0.61761296 0.70543918 0.34772087
vn 0.89321770 -0.00477542 0.44959909
vn 0.09149717 0.99507014 0.03825813
vn 0.69246169 0.67075523 0.26567692
vn 0.94951643 -0.00506970 0.31367636
vn 0.82537669 0.49485363 -0.27179625
vn 0.93298376 -0.00498237 -0.35988399
vn 0.64121181 -0.71212427 -0.28587835
vn 0.00517519 0.99998661 0.00007703
vn 0.86885343 -0.00463971 -0.49504767
vn 0.86885343 -0.00463971 -0.49504767
vn 0.86885343 -0.00463971 -0.49504767
vn 0.01325531 0.99989958 -0.00501248
vn 0.01325531 0.99989958 -0.00501248
vn -0.01214620 -0.99990083 -0.00712770
vn -0.01214620 -0.99990083 -0.00712770
vn 0.89435614 -0.00477600 0.44733016
vn 0.00605054 0.99998023 -0.00171120
vn 0.00605141 0.99998022 -0.00171329
vn 0.65445179 -0.71219397 0.25391458
vn 0.94951253 -0.00507077 0.31368812
vn 0.83771324 0.49480151 0.23110168
vn 0.61761827 0.70543317 -0.34772361
vn 0.89321803 -0.00477545 -0.44959843
vn 0.09151480 0.99507046 -0.03820769
vn 0.69247565 0.67073898 -0.26568158
vn 0.94951650 -0.00506962 -0.31367614
vn 0.63395036 0.70534647 0.31716447
vn 0.91418787 -0.00488441 0.40526125
vn 0.70464863 0.67068891 0.23161755
vn 0.96377702 -0.00514772 0.26665963
vn 0.83771319 0.49480155 -0.23110178
vn 0.94951273 -0.00507073 -0.31368753
vn 0.65445863 -0.71218657 -0.25391770
vn 0.00605140 0.99998022 0.00171341
vn 0.00605053 0.99998023 0.00171130
vn 0.89435606 -0.00477591 -0.44733033
vn -0.01214630 -0.99990083 0.00712736
vn -0.01214630 -0.99990083 0.00712736
vn -0.01371762 -0.99989713 -0.00419025
vn -0.01435543 -0.99989336 -0.00268059
vn -0.01371762 -0.99989713 -0.00419025
vn 0.91277907 -0.00487440 0.40842454
vn 0.00534094 0.99998574 0.00000030
vn 0.66610310 -0.71228570 0.22125946
vn 0.96375884 -0.00514685 0.26672535
vn 0.84801920 0.49478343 0.18987575
vn 0.63392569 0.70536180 -0.31717969
vn 0.91415387 -0.00487249 -0.40533808
vn 0.09328470 0.99506100 -0.03393478
vn 0.70464944 0.67068789 -0.23161806
vn 0.96377231 -0.00514576 -0.26667667
vn 0.64870645 0.70528566 0.28592323
vn 0.93296658 -0.00497928 0.35992855
vn 0.09552644 0.99505085 0.02735889
vn 0.71517450 0.67063197 0.19692180
vn 0.97567893 -0.00521129 0.21914257
vn 0.84801931 0.49478345 -0.18987518
vn 0.96375875 -0.00514681 -0.26672565
vn 0.66610310 -0.71228596 -0.22125860
vn 0.00534094 0.99998574 -0.00000016
vn 0.91277671 -0.00487431 -0.40842981
vn -0.01371762 -0.99989713 0.00419012
vn -0.01435542 -0.99989336 0.00268046
vn -0.01371762 -0.99989713 0.00419012
vn 0.93481635 -0.00499208 0.35509644
vn 0.00534034 0.99998574 0.00000007
vn 0.00534034 0.99998574 0.00000007
vn 0.67614297 -0.71233886 0.18815960
vn 0.97568159 -0.00521056 0.21913074
vn 0.85632748 0.49473937 0.14810876
vn 0.64871652 0.70528585 -0.28589990
vn 0.93299690 -0.00497298 -0.35985004
vn 0.09552664 0.99505085 -0.02735801
vn 0.71517523 0.67063111 -0.19692207
vn 0.97568296 -0.00521088 -0.21912465
vn 0.66200729 0.70518235 0.25389801
vn 0.94950861 -0.00505935 0.31370017
vn 0.72398418 0.67057593 0.16178639
vn 0.98526751 -0.00526175 0.17093931
vn 0.85632742 0.49473939 -0.14810900
vn 0.97568165 -0.00520904 -0.21913051
vn 0.67614833 -0.71233887 -0.18814030
vn 0.00534034 0.99998574 0.00000007
vn 0.00534034 0.99998574 0.00000007
vn 0.93482399 -0.00499206 -0.35507632
vn -0.01497341 -0.99988715 0.00121760
vn -0.01497341 -0.99988715 0.00121760
vn 0.94918321 -0.00506941 0.31468323
vn 0.00497837 0.99998596 0.00181646
vn 0.68454569 -0.71239469 0.15456714
vn 0.98526166 -0.00526036 0.17097306
vn 0.86257117 0.49470126 0.10602657
vn 0.66200676 0.70518275 -0.25389829
vn 0.94950896 -0.00505947 -0.31369912
vn 0.72398391 0.67057631 -0.16178599
vn 0.98526750 -0.00526135 -0.17093936
vn 0.67367571 0.70511961 0.22128574
vn 0.96376726 -0.00513537 0.26669513
vn 0.09731063 0.99503935 0.02067227
vn 0.73109164 0.67050512 0.12620575
vn 0.99246691 -0.00529983 0.12239829
vn 0.86257123 0.49470126 -0.10602611
vn 0.98526171 -0.00526036 -0.17097280
vn 0.68452528 -0.71241081 -0.15458323
vn 0.00497838 0.99998596 -0.00181630
vn 0.94918032 -0.00506952 -0.31469194
vn -0.01423108 -0.99989439 -0.00294770
vn 0.96351229 -0.00514594 0.26761463
vn 0.96351229 -0.00514594 0.26761463
vn 0.96351229 -0.00514594 0.26761463
vn 0.00526085 0.99998616 -0.00007829
vn 0.00461488 0.99998272 0.00364044
vn 0.69127566 -0.71245208 0.12062337
vn 0.99246802 -0.00529739 0.12238937
vn 0.86675869 0.49463625 0.06375236
vn 0.67367546 0.70511996 -0.22128539
vn 0.96376096 -0.00513739 -0.26671788
vn 0.09731097 0.99503931 -0.02067223
vn 0.73109173 0.67050511 -0.12620530
vn 0.99246694 -0.00529980 -0.12239809
vn 0.68372280 0.70506145 0.18817937
vn 0.97568916 -0.00520804 0.21909712
vn 0.09821820 0.99503453 0.01610832
vn 0.73640491 0.67047617 0.09038539
vn 0.99726907 -0.00532353 0.07366182
vn 0.86675869 0.49463627 -0.06375214
vn 0.99246806 -0.00529737 -0.12238911
vn 0.69127546 -0.71245226 -0.12062348
vn 0.00461489 0.99998273 -0.00364025
vn 0.00526085 0.99998616 0.00007845
vn 0.96351235 -0.00514589 -0.26761440
vn 0.96351235 -0.00514589 -0.26761440
vn 0.96351235 -0.00514589 -0.26761440
vn -0.01423191 -0.99989438 0.00294793
vn -0.01406649 -0.99989439 0.00365267
vn -0.01423191 -0.99989438 0.00294793
vn 0.01436740 0.99989366 0.00249831
vn 0.97537761 -0.00520832 0.22047992
vn 0.00534013 0.99998574 0.00000146
vn 0.00534034 0.99998574 0.00000007
vn 0.69636482 -0.71247259 0.08636464
vn 0.99727522 -0.00532304 0.07357849
vn 0.86884645 0.49462507 0.02125761
vn 0.68371509 0.70506970 -0.18817652
vn 0.97569448 -0.00520822 -0.21907341
vn 0.09821821 0.99503453 -0.01610813
vn 0.73640496 0.67047615 -0.09038513
vn 0.99726907 -0.00532545 -0.07366161
vn 0.69209955 0.70505632 0.15457621
vn 0.98526231 -0.00525918 0.17096936
vn 0.09889615 0.99503087 0.01153783
vn 0.73991526 0.67050330 0.05432066
vn 0.99968601 -0.00533643 0.02448282
vn 0.86884645 0.49462508 -0.02125733
vn 0.99727524 -0.00532303 -0.07357832
vn 0.69636482 -0.71247259 -0.08636458
vn 0.00534034 0.99998574 0.00000007
vn 0.00534013 0.99998574 -0.00000135
vn 0.97537766 -0.00520828 -0.22047970
vn -0.01419605 -0.99989417 0.00318172
vn -0.01390631 -0.99989391 0.00433506
vn 0.98516624 -0.00526100 0.17152200
vn 0.98516624 -0.00526100 0.17152200
vn 0.98516624 -0.00526100 0.17152200
vn 0.00515858 0.99998669 -0.00001387
vn 0.69977899 -0.71247220 0.05189145
vn 0.99968480 -0.00533604 0.02453237
vn 0.69209919 0.70505658 -0.15457658
vn 0.98526235 -0.00525970 -0.17096913
vn 0.09889616 0.99503087 -0.01153766
vn 0.73991527 0.67050331 -0.05432043
vn 0.99968601 -0.00533642 -0.02448258
vn 0.69887790 0.70499699 0.12061888
vn 0.99246150 -0.00527960 0.12244307
vn 0.74167556 0.67051341 0.01814197
vn 0.99968480 -0.00533590 -0.02453214
vn 0.69977900 -0.71247220 -0.05189136
vn 0.00515858 0.99998669 0.00001399
vn 0.98516716 -0.00526097 -0.17151675
vn 0.98516716 -0.00526097 -0.17151675
vn 0.98516716 -0.00526097 -0.17151675
vn 0.01460069 0.99989245 0.00138327
vn 0.01456598 0.99989260 0.00162035
vn 0.99290276 -0.00530231 0.11881079
vn 0.00543124 0.99998354 -0.00185050
vn 0.00543141 0.99998353 -0.00185397
vn 0.70150593 -0.71245209 0.01736220
vn 0.69887774 0.70499721 -0.12061859
vn 0.99246153 -0.00527967 -0.12244278
vn 0.74167556 0.67051342 -0.01814170
vn 0.70396800 0.70496927 0.08629819
vn 0.99728385 -0.00530528 0.07346281
vn 0.09957699 0.99502986 0.00000008
vn 0.70150592 -0.71245211 -0.01736213
vn 0.00543141 0.99998353 0.00185410
vn 0.00543124 0.99998354 0.00185064
vn 0.99290235 -0.00530229 -0.11881415
vn 0.01456598 0.99989260 -0.00162021
vn 0.01460069 0.99989245 -0.00138313
vn 0.01465880 0.99989214 0.00090853
vn 0.01463540 0.99989224 0.00114627
vn 0.99699659 -0.00532397 0.07726221
vn 0.00534034 0.99998574 0.00000007
vn 0.70396790 0.70496942 -0.08629779
vn 0.99728386 -0.00530532 -0.07346260
vn 0.70733059 0.70496874 0.05198562
vn 0.99968279 -0.00535572 0.02460976
vn 0.99699653 -0.00532396 -0.07726309
vn 0.01463540 0.99989224 -0.00114613
vn 0.01465880 0.99989214 -0.00090839
vn 0.01469303 0.99989195 0.00045054
vn 0.01468219 0.99989199 0.00067087
vn 0.99984174 -0.00533916 0.01697041
vn 0.99984174 -0.00533916 0.01697041
vn 0.99984174 -0.00533916 0.01697041
vn 0.70733056 0.70496879 -0.05198535
vn 0.99968290 -0.00533670 -0.02460953
vn 0.70906825 0.70492790 0.01728785
vn 0.99984175 -0.00533916 -0.01696988
vn 0.99984175 -0.00533916 -0.01696988
vn 0.99984175 -0.00533916 -0.01696988
vn 0.01468219 0.99989199 -0.00067073
vn 0.01469303 0.99989195 -0.00045040
vn 0.01470387 0.99989189 0.00000007
vn 0.01470387 0.99989189 0.00000007
vn 0.70906825 0.70492791 -0.01728759
vn -0.99996624 0.00821759 -0.00000234
vn 0.01011258 0.99994887 0.00001031
vn 0.01008462 0.99994915 0.00002068
vn 0.01005690 0.99994943 0.00003189
vn 0.00914907 0.99995798 -0.00057218
vn 0.00914907 0.99995798 -0.00057218
vn 0.00950310 0.99995479 -0.00032438
vn 0.01014442 0.99994854 0.00001164
vn 0.01017850 0.99994820 0.00002887
vn 0.00991775 0.99995081 -0.00009163
vn 0.01042387 0.99994566 0.00012699
vn 0.01042387 0.99994566 0.00012699
vn 0.01052440 0.99994459 0.00021425
vn 0.01011589 0.99994883 -0.00000175
vn 0.01016022 0.99994838 0.00001227
vn 0.01013188 0.99994867 0.00000145
vn 0.01017303 0.99994825 -0.00001250
vn 0.01013126 0.99994868 0.00000069
vn 0.01021108 0.99994787 -0.00002681
vn 0.01004282 0.99994957 0.00003797
vn 0.01024292 0.99994754 -0.00005142
vn 0.01023034 0.99994767 -0.00004483
vn 0.01092886 0.99994018 -0.00045250
vn 0.01092886 0.99994018 -0.00045250
vn 0.01064356 0.99994332 -0.00028112
vn 0.01025652 0.99994740 -0.00005513
vn 0.01025652 0.99994740 -0.00005513
vn 0.01061984 0.99994356 0.00029709
vn 0.01061984 0.99994356 0.00029709
vn 0.00990776 0.99995091 -0.00009625
vn 0.01034448 0.99994649 -0.00010145
vn 0.01034448 0.99994649 -0.00010145
vn 0.00964804 0.99995342 0.00026027
vn 0.00006538 1.00000000 0.00002059
vn -0.00218798 0.99999640 0.00155360
vn 0.00001536 1.00000000 0.00004473
vn 0.00040824 0.99999989 -0.00023941
vn 0.00040824 0.99999989 -0.00023941
vn 0.00040824 0.99999989 -0.00023941
vn -0.00047510 0.99999972 0.00057267
vn 0.00010794 0.99999999 -0.00000910
vn -0.00024097 0.99999992 -0.00032643
vn 0.00011089 0.99999999 0.00002466
vn 0.00053666 0.99999979 0.00035032
vn 0.00053666 0.99999979 0.00035032
vn 0.00147019 0.99999845 0.00096553
vn 0.00212405 0.99999677 0.00139643
vn 0.00212405 0.99999677 0.00139643
vn 0.00002476 1.00000000 0.00003830
vn -0.00050455 0.99999979 -0.00040369
vn -0.00050455 0.99999979 -0.00040369
vn -0.99999615 0.00277522 0.00000337
vn -0.99999615 0.00277592 -0.00000394
vn -0.99999618 0.00276484 -0.00000997
vn -0.99999614 0.00277798 -0.00002664
vn -0.99999603 0.00281824 -0.00001195
vn -0.99999614 0.00277910 -0.00001032
vn -0.99999612 0.00278413 0.00001653
vn -0.99999616 0.00277185 -0.00000133
vn -0.99999619 0.00276117 -0.00001798
vn -0.99999610 0.00279288 0.00001648
vn -0.99999613 0.00278176 0.00000750
vn -0.99999616 0.00277122 0.00002168
vn -0.99999616 0.00277063 0.00000804
vn -0.99999634 0.00270543 -0.00005769
vn -0.99999603 0.00281812 0.00001179
vn -0.99999614 0.00277797 0.00002645
vn -0.99999613 0.00278048 0.00000344
vn -0.99999613 0.00278344 -0.00002071
vn -0.99999620 0.00275825 0.00002158
vn -0.99999618 0.00276385 0.00001069
vn -0.99999613 0.00278176 -0.00000774
vn -0.99999610 0.00279290 -0.00001673
vn -0.99999618 0.00276423 0.00000937
vn -0.99999634 0.00270543 0.00005746
vn -0.99999616 0.00277063 -0.00000827
vn -0.99999616 0.00277122 -0.00002192
vn -0.99999643 0.00267343 0.00000916
vn -0.99999617 0.00276888 -0.00000946
vn -0.99999617 0.00276917 -0.00002149
vn -0.99997625 -0.00689137 -0.00000012
vn -0.99997625 -0.00689137 -0.00000012
vn -0.99997625 -0.00689137 -0.00000012
vn -0.99998574 0.00534033 -0.00000012
vn -0.99998574 0.00534033 -0.00000012
vn -0.99998574 0.00534033 -0.00000012
vn -0.99999617 0.00276637 -0.00000567
vn -0.99999617 0.00276888 0.00000923
vn -0.99999629 0.00272520 0.00005736
vn -0.99999621 0.00275280 0.00001317
vn -0.99999608 0.00280122 -0.00003000
vn -0.99919574 0.04009820 -0.00000011
vn -0.99919574 0.04009820 -0.00000011
vn -0.99919574 0.04009820 -0.00000011
vn -0.99998574 0.00534034 -0.00000012
vn -0.99998574 0.00534034 -0.00000012
vn -0.99998574 0.00534034 -0.00000012
vn -0.99998574 0.00534037 -0.00000012
vn -0.99998574 0.00534037 -0.00000012
vn -0.99998574 0.00534037 -0.00000012
vn -0.99998574 0.00534037 -0.00000012
vn -0.99998574 0.00534037 -0.00000012
vn -0.99997309 0.00733679 -0.00000012
vn -0.99999616 0.00277202 -0.00000002
vn -0.99999616 0.00277104 0.00000075
vn -0.99998574 0.00534034 -0.00000012
vn -0.99998574 0.00534034 -0.00000012
vn -0.99998574 0.00534034 -0.00000012
vn -0.99999619 0.00275933 0.00001108
vn -0.99998574 0.00534034 -0.00000012
vn -0.99998574 0.00534034 -0.00000012
vn -0.99788407 0.06501838 0.00002814
vn -0.99788407 0.06501838 0.00002814
vn -0.99788407 0.06501838 0.00002814
vn -0.99970268 0.02438326 -0.00000011
vn -0.99970268 0.02438326 -0.00000011
vn -0.99534243 -0.09640253 -0.00008394
vn -0.99534243 -0.09640253 -0.00008394
vn -0.99534243 -0.09640253 -0.00008394
vn -0.99998712 -0.00507590 -0.00000012
vn -0.99998712 -0.00507590 -0.00000012
vn -0.99999602 0.00282261 -0.00000474
vn -0.99693877 0.07818624 0.00007628
vn -0.99693877 0.07818624 0.00007628
vn -0.99693877 0.07818624 0.00007628
vn -0.99999620 0.00275659 -0.00001257
vn -0.99913617 -0.04155600 -0.00006214
vn -0.99913617 -0.04155600 -0.00006214
vn -0.99913617 -0.04155600 -0.00006214
vn -0.99999643 0.00267342 -0.00000940
vn -0.99999586 0.00287802 -0.00000012
vt 0.00000000 0.00000000
vt 0.00000000 0.00000000
vt 0.00000000 0.00000000
vt 0.00000000 0.00000000
vt 0.00000000 0.00000000
vt 0.00000000 0.00000000
vt 0.00000000 0.00000000
vt 0.00000000 0.00000000
vt 0.00000000 0.00000000
vt 0.00000000 0.00000000
vt 0.00000000 0.00000000
vt 0.00000000 0.00000000
vt 0.00000000 0.00000000
vt 0.00000000 0.00000000
vt 0.00000000 0.00000000
vt 0.00000000 0.00000000
vt 0.00000000 0.00000000
vt 0.00000000 0.00000000
vt 0.00000000 0.00000000
vt 0.00000000 0.00000000
vt 0.00000000 0.00000000
vt 0.00000000 0.00000000
vt 0.00000000 0.00000000
vt 0.00000000 0.00000000
vt 0.00000000 0.00000000
vt 0.00000000 0.00000000
vt 0.00000000 0.00000000
vt 0.00000000 0.00000000
vt 0.00000000 0.00000000
vt 0.00000000 0.00000000
vt 0.00000000 0.00000000
vt 0.00000000 0.00000000
vt 0.00000000 0.00000000
vt 0.00000000 0.00000000
vt 0.00000000 0.00000000
vt 0.00000000 0.00000000
vt 0.00000000 0.00000000
vt 0.00000000 0.00000000
vt 0.00000000 0.00000000
vt 0.00000000 0.00000000
vt 0.00000000 0.00000000
vt 0.00000000 0.00000000
vt 0.00000000 0.00000000
vt 0.00000000 0.00000000
vt 0.00000000 0.00000000
vt 0.00000000 0.00000000
vt 0.00000000 0.00000000
vt 0.00000000 0.00000000
vt 0.00000000 0.00000000
vt 0.00000000 0.00000000
vt 0.00000000 0.00000000
vt 0.00000000 0.00000000
vt 0.00000000 0.00000000
vt 0.00000000 0.00000000
vt 0.00000000 0.00000000
vt 0.00000000 0.00000000
vt 0.00000000 0.00000000
vt 0.00000000 0.00000000
vt 0.00000000 0.00000000
vt 0.00000000 0.00000000
vt 0.00000000 0.00000000
vt 0.00000000 0.00000000
vt 0.00000000 0.00000000
vt 0.00000000 0.00000000
vt 0.00000000 0.00000000
vt 0.00000000 0.00000000
vt 0.00000000 0.00000000
vt 0.00000000 0.00000000
vt 0.00000000 0.00000000
vt 0.00000000 0.00000000
vt 0.00000000 0.00000000
vt 0.00000000 0.00000000
vt 0.00000000 0.00000000
vt 0.00000000 0.00000000
vt 0.00000000 0.00000000
vt 0.00000000 0.00000000
vt 0.00000000 0.00000000
vt 0.00000000 0.00000000
vt 0.00000000 0.00000000
vt 0.00000000 0.00000000
vt 0.00000000 0.00000000
vt 0.00000000 0.00000000
vt 0.00000000 0.00000000
vt 0.00000000 0.00000000
vt 0.00000000 0.00000000
vt 0.00000000 0.00000000
vt 0.00000000 0.00000000
vt 0.00000000 0.00000000
vt 0.00000000 0.00000000
vt 0.00000000 0.00000000
vt 0.00000000 0.00000000
vt 0.00000000 0.00000000
vt 0.00000000 0.00000000
vt 0.00000000 0.00000000
vt 0.00000000 0.00000000
vt 0.00000000 0.00000000
vt 0.00000000 0.00000000
vt 0.00000000 0.00000000
vt 0.00000000 0.00000000
vt 0.00000000 0.00000000
vt 0.00000000 0.00000000
vt 0.00000000 0.00000000
vt 0.00000000 0.00000000
vt 0.00000000 0.00000000
vt 0.00000000 0.00000000
vt 0.00000000 0.00000000
vt 0.00000000 0.00000000
vt 0.00000000 0.00000000
vt 0.00000000 0.00000000
vt 0.00000000 0.00000000
vt 0.00000000 0.00000000
vt 0.00000000 0.00000000
vt 0.00000000 0.00000000
vt 0.00000000 0.00000000
vt 0.00000000 0.00000000
vt 0.00000000 0.00000000
vt 0.00000000 0.00000000
vt 0.00000000 0.00000000
vt 0.00000000 0.00000000
vt 0.00000000 0.00000000
vt 0.00000000 0.00000000
vt 0.00000000 0.00000000
vt 0.00000000 0.00000000
vt 0.00000000 0.00000000
vt 0.00000000 0.00000000
vt 0.00000000 0.00000000
vt 0.00000000 0.00000000
vt 0.00000000 0.00000000
vt 0.00000000 0.00000000
vt 0.00000000 0.00000000
vt 0.00000000 0.00000000
vt 0.00000000 0.00000000
vt 0.00000000 0.00000000
vt 0.00000000 0.00000000
vt 0.00000000 0.00000000
vt 0.00000000 0.00000000
vt 0.00000000 0.00000000
vt 0.00000000 0.00000000
vt 0.00000000 0.00000000
vt 0.00000000 0.00000000
vt 0.00000000 0.00000000
vt 0.00000000 0.00000000
vt 0.00000000 0.00000000
vt 0.00000000 0.00000000
vt 0.00000000 0.00000000
vt 0.00000000 0.00000000
vt 0.00000000 0.00000000
vt 0.00000000 0.00000000
vt 0.00000000 0.00000000
vt 0.00000000 0.00000000
vt 0.00000000 0.00000000
vt 0.00000000 0.00000000
vt 0.00000000 0.00000000
vt 0.00000000 0.00000000
vt 0.00000000 0.00000000
vt 0.00000000 0.00000000
vt 0.00000000 0.00000000
vt 0.00000000 0.00000000
vt 0.00000000 0.00000000
vt 0.00000000 0.00000000
vt 0.00000000 0.00000000
vt 0.00000000 0.00000000
vt 0.00000000 0.00000000
vt 0.00000000 0.00000000
vt 0.00000000 0.00000000
vt 0.00000000 0.00000000
vt 0.00000000 0.00000000
vt 0.00000000 0.00000000
vt 0.00000000 0.00000000
vt 0.00000000 0.00000000
vt 0.00000000 0.00000000
vt 0.00000000 0.00000000
vt 0.00000000 0.00000000
vt 0.00000000 0.00000000
vt 0.00000000 0.00000000
vt 0.00000000 0.00000000
vt 0.00000000 0.00000000
vt 0.00000000 0.00000000
vt 0.00000000 0.00000000
vt 0.00000000 0.00000000
vt 0.00000000 0.00000000
vt 0.00000000 0.00000000
vt 0.00000000 0.00000000
vt 0.00000000 0.00000000
vt 0.00000000 0.00000000
vt 0.00000000 0.00000000
vt 0.00000000 0.00000000
vt 0.00000000 0.00000000
vt 0.00000000 0.00000000
vt 0.00000000 0.00000000
vt 0.00000000 0.00000000
vt 0.00000000 0.00000000
vt 0.00000000 0.00000000
vt 0.00000000 0.00000000
vt 0.00000000 0.00000000
vt 0.00000000 0.00000000
vt 0.00000000 0.00000000
vt 0.00000000 0.00000000
vt 0.00000000 0.00000000
vt 0.00000000 0.00000000
vt 0.00000000 0.00000000
vt 0.00000000 0.00000000
vt 0.00000000 0.00000000
vt 0.00000000 0.00000000
vt 0.00000000 0.00000000
vt 0.00000000 0.00000000
vt 0.00000000 0.00000000
vt 0.00000000 0.00000000
vt 0.00000000 0.00000000
vt 0.00000000 0.00000000
vt 0.00000000 0.00000000
vt 0.00000000 0.00000000
vt 0.00000000 0.00000000
vt 0.00000000 0.00000000
vt 0.00000000 0.00000000
vt 0.00000000 0.00000000
vt 0.00000000 0.00000000
vt 0.00000000 0.00000000
vt 0.00000000 0.00000000
vt 0.00000000 0.00000000
vt 0.00000000 0.00000000
vt 0.00000000 0.00000000
vt 0.00000000 0.00000000
vt 0.00000000 0.00000000
vt 0.00000000 0.00000000
vt 0.00000000 0.00000000
vt 0.00000000 0.00000000
vt 0.00000000 0.00000000
vt 0.00000000 0.00000000
vt 0.00000000 0.00000000
vt 0.00000000 0.00000000
vt 0.00000000 0.00000000
vt 0.00000000 0.00000000
vt 0.00000000 0.00000000
vt 0.00000000 0.00000000
vt 0.00000000 0.00000000
vt 0.00000000 0.00000000
vt 0.00000000 0.00000000
vt 0.00000000 0.00000000
vt 0.00000000 0.00000000
vt 0.00000000 0.00000000
vt 0.00000000 0.00000000
vt 0.00000000 0.00000000
vt 0.00000000 0.00000000
vt 0.00000000 0.00000000
vt 0.00000000 0.00000000
vt 0.00000000 0.00000000
vt 0.00000000 0.00000000
vt 0.00000000 0.00000000
vt 0.00000000 0.00000000
vt 0.00000000 0.00000000
vt 0.00000000 0.00000000
vt 0.00000000 0.00000000
vt 0.00000000 0.00000000
vt 0.00000000 0.00000000
vt 0.00000000 0.00000000
vt 0.00000000 0.00000000
vt 0.00000000 0.00000000
vt 0.00000000 0.00000000
vt 0.00000000 0.00000000
vt 0.00000000 0.00000000
vt 0.00000000 0.00000000
vt 0.00000000 0.00000000
vt 0.00000000 0.00000000
vt 0.00000000 0.00000000
vt 0.00000000 0.00000000
vt 0.00000000 0.00000000
vt 0.00000000 0.00000000
vt 0.00000000 0.00000000
vt 0.00000000 0.00000000
vt 0.00000000 0.00000000
vt 0.00000000 0.00000000
vt 0.00000000 0.00000000
vt 0.00000000 0.00000000
vt 0.00000000 0.00000000
vt 0.00000000 0.00000000
vt 0.00000000 0.00000000
vt 0.00000000 0.00000000
vt 0.00000000 0.00000000
vt 0.00000000 0.00000000
vt 0.00000000 0.00000000
vt 0.00000000 0.00000000
vt 0.00000000 0.00000000
vt 0.00000000 0.00000000
vt 0.00000000 0.00000000
vt 0.00000000 0.00000000
vt 0.00000000 0.00000000
vt 0.00000000 0.00000000
vt 0.00000000 0.00000000
vt 0.00000000 0.00000000
vt 0.00000000 0.00000000
vt 0.00000000 0.00000000
vt 0.00000000 0.00000000
vt 0.00000000 0.00000000
vt 0.00000000 0.00000000
vt 0.00000000 0.00000000
vt 0.00000000 0.00000000
vt 0.00000000 0.00000000
vt 0.00000000 0.00000000
vt 0.00000000 0.00000000
vt 0.00000000 0.00000000
vt 0.00000000 0.00000000
vt 0.00000000 0.00000000
vt 0.00000000 0.00000000
vt 0.00000000 0.00000000
vt 0.00000000 0.00000000
vt 0.00000000 0.00000000
vt 0.00000000 0.00000000
vt 0.00000000 0.00000000
vt 0.00000000 0.00000000
vt 0.00000000 0.00000000
vt 0.00000000 0.00000000
vt 0.00000000 0.00000000
vt 0.00000000 0.00000000
vt 0.00000000 0.00000000
vt 0.00000000 0.00000000
vt 0.00000000 0.00000000
vt 0.00000000 0.00000000
vt 0.00000000 0.00000000
vt 0.00000000 0.00000000
vt 0.00000000 0.00000000
vt 0.00000000 0.00000000
vt 0.00000000 0.00000000
vt 0.00000000 0.00000000
vt 0.00000000 0.00000000
vt 0.00000000 0.00000000
vt 0.00000000 0.00000000
vt 0.00000000 0.00000000
vt 0.00000000 0.00000000
vt 0.00000000 0.00000000
vt 0.00000000 0.00000000
vt 0.00000000 0.00000000
vt 0.00000000 0.00000000
vt 0.00000000 0.00000000
vt 0.00000000 0.00000000
vt 0.00000000 0.00000000
vt 0.00000000 0.00000000
vt 0.00000000 0.00000000
vt 0.00000000 0.00000000
vt 0.00000000 0.00000000
vt 0.00000000 0.00000000
vt 0.00000000 0.00000000
vt 0.00000000 0.00000000
vt 0.00000000 0.00000000
vt 0.00000000 0.00000000
vt 0.00000000 0.00000000
vt 0.00000000 0.00000000
vt 0.00000000 0.00000000
vt 0.00000000 0.00000000
vt 0.00000000 0.00000000
vt 0.00000000 0.00000000
vt 0.00000000 0.00000000
vt 0.00000000 0.00000000
vt 0.00000000 0.00000000
vt 0.00000000 0.00000000
vt 0.00000000 0.00000000
vt 0.00000000 0.00000000
vt 0.00000000 0.00000000
vt 0.00000000 0.00000000
vt 0.00000000 0.00000000
vt 0.00000000 0.00000000
vt 0.00000000 0.00000000
vt 0.00000000 0.00000000
vt 0.00000000 0.00000000
vt 0.00000000 0.00000000
vt 0.00000000 0.00000000
vt 0.00000000 0.00000000
vt 0.00000000 0.00000000
vt 0.00000000 0.00000000
vt 0.00000000 0.00000000
vt 0.00000000 0.00000000
vt 0.00000000 0.00000000
vt 0.00000000 0.00000000
vt 0.00000000 0.00000000
vt 0.00000000 0.00000000
vt 0.00000000 0.00000000
vt 0.00000000 0.00000000
vt 0.00000000 0.00000000
vt 0.00000000 0.00000000
vt 0.00000000 0.00000000
vt 0.00000000 0.00000000
vt 0.00000000 0.00000000
vt 0.00000000 0.00000000
vt 0.00000000 0.00000000
vt 0.00000000 0.00000000
vt 0.00000000 0.00000000
vt 0.00000000 0.00000000
vt 0.00000000 0.00000000
vt 0.00000000 0.00000000
vt 0.00000000 0.00000000
vt 0.00000000 0.00000000
vt 0.00000000 0.00000000
vt 0.00000000 0.00000000
vt 0.00000000 0.00000000
vt 0.00000000 0.00000000
vt 0.00000000 0.00000000
vt 0.00000000 0.00000000
vt 0.00000000 0.00000000
vt 0.00000000 0.00000000
vt 0.00000000 0.00000000
vt 0.00000000 0.00000000
vt 0.00000000 0.00000000
vt 0.00000000 0.00000000
vt 0.00000000 0.00000000
vt 0.00000000 0.00000000
vt 0.00000000 0.00000000
vt 0.00000000 0.00000000
vt 0.00000000 0.00000000
vt 0.00000000 0.00000000
vt 0.00000000 0.00000000
vt 0.00000000 0.00000000
vt 0.00000000 0.00000000
vt 0.00000000 0.00000000
vt 0.00000000 0.00000000
vt 0.00000000 0.00000000
vt 0.00000000 0.00000000
vt 0.00000000 0.00000000
vt 0.00000000 0.00000000
vt 0.00000000 0.00000000
vt 0.00000000 0.00000000
vt 0.00000000 0.00000000
vt 0.00000000 0.00000000
vt 0.00000000 0.00000000
vt 0.00000000 0.00000000
vt 0.00000000 0.00000000
vt 0.00000000 0.00000000
vt 0.00000000 0.00000000
vt 0.00000000 0.00000000
vt 0.00000000 0.00000000
vt 0.00000000 0.00000000
vt 0.00000000 0.00000000
vt 0.00000000 0.00000000
vt 0.00000000 0.00000000
vt 0.00000000 0.00000000
vt 0.00000000 0.00000000
vt 0.00000000 0.00000000
vt 0.00000000 0.00000000
vt 0.00000000 0.00000000
vt 0.00000000 0.00000000
vt 0.00000000 0.00000000
vt 0.00000000 0.00000000
vt 0.00000000 0.00000000
vt 0.00000000 0.00000000
vt 0.00000000 0.00000000
vt 0.00000000 0.00000000
vt 0.00000000 0.00000000
vt 0.00000000 0.00000000
vt 0.00000000 0.00000000
vt 0.00000000 0.00000000
vt 0.00000000 0.00000000
vt 0.00000000 0.00000000
vt 0.00000000 0.00000000
vt 0.00000000 0.00000000
vt 0.00000000 0.00000000
vt 0.00000000 0.00000000
vt 0.00000000 0.00000000
vt 0.00000000 0.00000000
vt 0.00000000 0.00000000
vt 0.00000000 0.00000000
vt 0.00000000 0.00000000
vt 0.00000000 0.00000000
vt 0.00000000 0.00000000
vt 0.00000000 0.00000000
vt 0.00000000 0.00000000
vt 0.00000000 0.00000000
vt 0.00000000 0.00000000
vt 0.00000000 0.00000000
vt 0.00000000 0.00000000
vt 0.00000000 0.00000000
vt 0.00000000 0.00000000
vt 0.00000000 0.00000000
vt 0.00000000 0.00000000
vt 0.00000000 0.00000000
vt 0.00000000 0.00000000
vt 0.00000000 0.00000000
vt 0.00000000 0.00000000
vt 0.00000000 0.00000000
vt 0.00000000 0.00000000
vt 0.00000000 0.00000000
vt 0.00000000 0.00000000
vt 0.00000000 0.00000000
vt 0.00000000 0.00000000
vt 0.00000000 0.00000000
vt 0.00000000 0.00000000
vt 0.00000000 0.00000000
vt 0.00000000 0.00000000
vt 0.00000000 0.00000000
vt 0.00000000 0.00000000
vt 0.00000000 0.00000000
vt 0.00000000 0.00000000
vt 0.00000000 0.00000000
vt 0.00000000 0.00000000
vt 0.00000000 0.00000000
vt 0.00000000 0.00000000
vt 0.00000000 0.00000000
vt 0.00000000 0.00000000
vt 0.00000000 0.00000000
vt 0.00000000 0.00000000
vt 0.00000000 0.00000000
vt 0.00000000 0.00000000
vt 0.00000000 0.00000000
vt 0.00000000 0.00000000
vt 0.00000000 0.00000000
vt 0.00000000 0.00000000
vt 0.00000000 0.00000000
vt 0.00000000 0.00000000
vt 0.00000000 0.00000000
vt 0.00000000 0.00000000
vt 0.00000000 0.00000000
vt 0.00000000 0.00000000
vt 0.00000000 0.00000000
vt 0.00000000 0.00000000
vt 0.00000000 0.00000000
vt 0.00000000 0.00000000
vt 0.00000000 0.00000000
vt 0.00000000 0.00000000
vt 0.00000000 0.00000000
vt 0.00000000 0.00000000
vt 0.00000000 0.00000000
vt 0.00000000 0.00000000
vt 0.00000000 0.00000000
vt 0.00000000 0.00000000
vt 0.00000000 0.00000000
vt 0.00000000 0.00000000
vt 0.00000000 0.00000000
vt 0.00000000 0.00000000
vt 0.00000000 0.00000000
vt 0.00000000 0.00000000
vt 0.00000000 0.00000000
vt 0.00000000 0.00000000
vt 0.00000000 0.00000000
vt 0.00000000 0.00000000
vt 0.00000000 0.00000000
vt 0.00000000 0.00000000
vt 0.00000000 0.00000000
vt 0.00000000 0.00000000
vt 0.00000000 0.00000000
vt 0.00000000 0.00000000
vt 0.00000000 0.00000000
vt 0.00000000 0.00000000
vt 0.00000000 0.00000000
vt 0.00000000 0.00000000
vt 0.00000000 0.00000000
vt 0.00000000 0.00000000
vt 0.00000000 0.00000000
vt 0.00000000 0.00000000
vt 0.00000000 0.00000000
vt 0.00000000 0.00000000
vt 0.00000000 0.00000000
vt 0.00000000 0.00000000
vt 0.00000000 0.00000000
vt 0.00000000 0.00000000
vt 0.00000000 0.00000000
vt 0.00000000 0.00000000
vt 0.00000000 0.00000000
vt 0.00000000 0.00000000
vt 0.00000000 0.00000000
vt 0.00000000 0.00000000
vt 0.00000000 0.00000000
vt 0.00000000 0.00000000
vt 0.00000000 0.00000000
vt 0.00000000 0.00000000
vt 0.00000000 0.00000000
vt 0.00000000 0.00000000
vt 0.00000000 0.00000000
vt 0.00000000 0.00000000
vt 0.00000000 0.00000000
vt 0.00000000 0.00000000
vt 0.00000000 0.00000000
vt 0.00000000 0.00000000
vt 0.00000000 0.00000000
vt 0.00000000 0.00000000
vt 0.00000000 0.00000000
vt 0.00000000 0.00000000
vt 0.00000000 0.00000000
vt 0.00000000 0.00000000
vt 0.00000000 0.00000000
vt 0.00000000 0.00000000
vt 0.00000000 0.00000000
vt 0.00000000 0.00000000
vt 0.00000000 0.00000000
vt 0.00000000 0.00000000
vt 0.00000000 0.00000000
vt 0.00000000 0.00000000
vt 0.00000000 0.00000000
vt 0.00000000 0.00000000
vt 0.00000000 0.00000000
vt 0.00000000 0.00000000
vt 0.00000000 0.00000000
vt 0.00000000 0.00000000
vt 0.00000000 0.00000000
vt 0.00000000 0.00000000
vt 0.00000000 0.00000000
vt 0.00000000 0.00000000
vt 0.00000000 0.00000000
vt 0.00000000 0.00000000
vt 0.00000000 0.00000000
vt 0.00000000 0.00000000
vt 0.00000000 0.00000000
vt 0.00000000 0.00000000
vt 0.00000000 0.00000000
vt 0.00000000 0.00000000
vt 0.00000000 0.00000000
vt 0.00000000 0.00000000
vt 0.00000000 0.00000000
vt 0.00000000 0.00000000
vt 0.00000000 0.00000000
vt 0.00000000 0.00000000
vt 0.00000000 0.00000000
vt 0.00000000 0.00000000
vt 0.00000000 0.00000000
vt 0.00000000 0.00000000
vt 0.00000000 0.00000000
vt 0.00000000 0.00000000
vt 0.00000000 0.00000000
vt 0.00000000 0.00000000
vt 0.00000000 0.00000000
vt 0.00000000 0.00000000
vt 0.00000000 0.00000000
vt 0.00000000 0.00000000
vt 0.00000000 0.00000000
vt 0.00000000 0.00000000
vt 0.00000000 0.00000000
vt 0.00000000 0.00000000
vt 0.00000000 0.00000000
vt 0.00000000 0.00000000
vt 0.00000000 0.00000000
vt 0.00000000 0.00000000
vt 0.00000000 0.00000000
vt 0.00000000 0.00000000
vt 0.00000000 0.00000000
vt 0.00000000 0.00000000
vt 0.00000000 0.00000000
vt 0.00000000 0.00000000
vt 0.00000000 0.00000000
vt 0.00000000 0.00000000
vt 0.00000000 0.00000000
vt 0.00000000 0.00000000
vt 0.00000000 0.00000000
vt 0.00000000 0.00000000
vt 0.00000000 0.00000000
vt 0.00000000 0.00000000
vt 0.00000000 0.00000000
vt 0.00000000 0.00000000
vt 0.00000000 0.00000000
vt 0.00000000 0.00000000
vt 0.00000000 0.00000000
vt 0.00000000 0.00000000
vt 0.00000000 0.00000000
vt 0.00000000 0.00000000
vt 0.00000000 0.00000000
vt 0.00000000 0.00000000
vt 0.00000000 0.00000000
vt 0.00000000 0.00000000
vt 0.00000000 0.00000000
vt 0.00000000 0.00000000
vt 0.00000000 0.00000000
vt 0.00000000 0.00000000
vt 0.00000000 0.00000000
vt 0.00000000 0.00000000
vt 0.00000000 0.00000000
vt 0.00000000 0.00000000
vt 0.00000000 0.00000000
vt 0.00000000 0.00000000
vt 0.00000000 0.00000000
vt 0.00000000 0.00000000
vt 0.00000000 0.00000000
vt 0.00000000 0.00000000
vt 0.00000000 0.00000000
vt 0.00000000 0.00000000
vt 0.00000000 0.00000000
vt 0.00000000 0.00000000
vt 0.00000000 0.00000000
vt 0.00000000 0.00000000
vt 0.00000000 0.00000000
vt 0.00000000 0.00000000
vt 0.00000000 0.00000000
vt 0.00000000 0.00000000
vt 0.00000000 0.00000000
vt 0.00000000 0.00000000
vt 0.00000000 0.00000000
vt 0.00000000 0.00000000
vt 0.00000000 0.00000000
vt 0.00000000 0.00000000
vt 0.00000000 0.00000000
vt 0.00000000 0.00000000
vt 0.00000000 0.00000000
vt 0.00000000 0.00000000
vt 0.00000000 0.00000000
vt 0.00000000 0.00000000
vt 0.00000000 0.00000000
vt 0.00000000 0.00000000
vt 0.00000000 0.00000000
vt 0.00000000 0.00000000
vt 0.00000000 0.00000000
vt 0.00000000 0.00000000
vt 0.00000000 0.00000000
vt 0.00000000 0.00000000
vt 0.00000000 0.00000000
vt 0.00000000 0.00000000
vt 0.00000000 0.00000000
vt 0.00000000 0.00000000
vt 0.00000000 0.00000000
vt 0.00000000 0.00000000
vt 0.00000000 0.00000000
vt 0.00000000 0.00000000
vt 0.00000000 0.00000000
vt 0.00000000 0.00000000
vt 0.00000000 0.00000000
vt 0.00000000 0.00000000
vt 0.00000000 0.00000000
vt 0.00000000 0.00000000
vt 0.00000000 0.00000000
vt 0.00000000 0.00000000
vt 0.00000000 0.00000000
vt 0.00000000 0.00000000
vt 0.00000000 0.00000000
vt 0.00000000 0.00000000
vt 0.00000000 0.00000000
vt 0.00000000 0.00000000
vt 0.00000000 0.00000000
vt 0.00000000 0.00000000
vt 0.00000000 0.00000000
vt 0.00000000 0.00000000
vt 0.00000000 0.00000000
vt 0.00000000 0.00000000
vt 0.00000000 0.00000000
vt 0.00000000 0.00000000
vt 0.00000000 0.00000000
vt 0.00000000 0.00000000
vt 0.00000000 0.00000000
vt 0.00000000 0.00000000
vt 0.00000000 0.00000000
vt 0.00000000 0.00000000
vt 0.00000000 0.00000000
vt 0.00000000 0.00000000
vt 0.00000000 0.00000000
vt 0.00000000 0.00000000
vt 0.00000000 0.00000000
vt 0.00000000 0.00000000
vt 0.00000000 0.00000000
vt 0.00000000 0.00000000
vt 0.00000000 0.00000000
vt 0.00000000 0.00000000
vt 0.00000000 0.00000000
vt 0.00000000 0.00000000
vt 0.00000000 0.00000000
vt 0.00000000 0.00000000
vt 0.00000000 0.00000000
vt 0.00000000 0.00000000
vt 0.00000000 0.00000000
vt 0.00000000 0.00000000
vt 0.00000000 0.00000000
vt 0.00000000 0.00000000
vt 0.00000000 0.00000000
vt 0.00000000 0.00000000
vt 0.00000000 0.00000000
vt 0.00000000 0.00000000
vt 0.00000000 0.00000000
vt 0.00000000 0.00000000
vt 0.00000000 0.00000000
vt 0.00000000 0.00000000
vt 0.00000000 0.00000000
vt 0.00000000 0.00000000
vt 0.00000000 0.00000000
vt 0.00000000 0.00000000
vt 0.00000000 0.00000000
vt 0.00000000 0.00000000
vt 0.00000000 0.00000000
vt 0.00000000 0.00000000
vt 0.00000000 0.00000000
vt 0.00000000 0.00000000
vt 0.00000000 0.00000000
vt 0.00000000 0.00000000
vt 0.00000000 0.00000000
vt 0.00000000 0.00000000
vt 0.00000000 0.00000000
vt 0.00000000 0.00000000
vt 0.00000000 0.00000000
vt 0.00000000 0.00000000
vt 0.00000000 0.00000000
vt 0.00000000 0.00000000
vt 0.00000000 0.00000000
vt 0.00000000 0.00000000
vt 0.00000000 0.00000000
vt 0.00000000 0.00000000
vt 0.00000000 0.00000000
vt 0.00000000 0.00000000
vt 0.00000000 0.00000000
vt 0.00000000 0.00000000
vt 0.00000000 0.00000000
vt 0.00000000 0.00000000
vt 0.00000000 0.00000000
vt 0.00000000 0.00000000
vt 0.00000000 0.00000000
vt 0.00000000 0.00000000
vt 0.00000000 0.00000000
vt 0.00000000 0.00000000
vt 0.00000000 0.00000000
vt 0.00000000 0.00000000
vt 0.00000000 0.00000000
vt 0.00000000 0.00000000
vt 0.00000000 0.00000000
vt 0.00000000 0.00000000
vt 0.00000000 0.00000000
vt 0.00000000 0.00000000
vt 0.00000000 0.00000000
vt 0.00000000 0.00000000
vt 0.00000000 0.00000000
vt 0.00000000 0.00000000
vt 0.00000000 0.00000000
vt 0.00000000 0.00000000
vt 0.00000000 0.00000000
vt 0.00000000 0.00000000
vt 0.00000000 0.00000000
vt 0.00000000 0.00000000
vt 0.00000000 0.00000000
vt 0.00000000 0.00000000
vt 0.00000000 0.00000000
vt 0.00000000 0.00000000
vt 0.00000000 0.00000000
vt 0.00000000 0.00000000
vt 0.00000000 0.00000000
vt 0.00000000 0.00000000
vt 0.00000000 0.00000000
vt 0.00000000 0.00000000
vt 0.00000000 0.00000000
vt 0.00000000 0.00000000
vt 0.00000000 0.00000000
vt 0.00000000 0.00000000
vt 0.00000000 0.00000000
vt 0.00000000 0.00000000
vt 0.00000000 0.00000000
vt 0.00000000 0.00000000
vt 0.00000000 0.00000000
vt 0.00000000 0.00000000
vt 0.00000000 0.00000000
vt 0.00000000 0.00000000
vt 0.00000000 0.00000000
vt 0.00000000 0.00000000
vt 0.00000000 0.00000000
vt 0.00000000 0.00000000
vt 0.00000000 0.00000000
vt 0.00000000 0.00000000
vt 0.00000000 0.00000000
vt 0.00000000 0.00000000
vt 0.00000000 0.00000000
vt 0.00000000 0.00000000
vt 0.00000000 0.00000000
vt 0.00000000 0.00000000
vt 0.00000000 0.00000000
vt 0.00000000 0.00000000
vt 0.00000000 0.00000000
vt 0.00000000 0.00000000
vt 0.00000000 0.00000000
vt 0.00000000 0.00000000
vt 0.00000000 0.00000000
vt 0.00000000 0.00000000
vt 0.00000000 0.00000000
vt 0.00000000 0.00000000
vt 0.00000000 0.00000000
vt 0.00000000 0.00000000
vt 0.00000000 0.00000000
vt 0.00000000 0.00000000
vt 0.00000000 0.00000000
vt 0.00000000 0.00000000
vt 0.00000000 0.00000000
vt 0.00000000 0.00000000
vt 0.00000000 0.00000000
vt 0.00000000 0.00000000
vt 0.00000000 0.00000000
vt 0.00000000 0.00000000
vt 0.00000000 0.00000000
vt 0.00000000 0.00000000
vt 0.00000000 0.00000000
vt 0.00000000 0.00000000
vt 0.00000000 0.00000000
vt 0.00000000 0.00000000
vt 0.00000000 0.00000000
vt 0.00000000 0.00000000
vt 0.00000000 0.00000000
vt 0.00000000 0.00000000
vt 0.00000000 0.00000000
vt 0.00000000 0.00000000
vt 0.00000000 0.00000000
vt 0.00000000 0.00000000
vt 0.00000000 0.00000000
vt 0.00000000 0.00000000
vt 0.00000000 0.00000000
vt 0.00000000 0.00000000
vt 0.00000000 0.00000000
vt 0.00000000 0.00000000
vt 0.00000000 0.00000000
vt 0.00000000 0.00000000
vt 0.00000000 0.00000000
vt 0.00000000 0.00000000
vt 0.00000000 0.00000000
vt 0.00000000 0.00000000
vt 0.00000000 0.00000000
vt 0.00000000 0.00000000
vt 0.00000000 0.00000000
vt 0.00000000 0.00000000
vt 0.00000000 0.00000000
vt 0.00000000 0.00000000
vt 0.00000000 0.00000000
vt 0.00000000 0.00000000
vt 0.00000000 0.00000000
vt 0.00000000 0.00000000
vt 0.00000000 0.00000000
vt 0.00000000 0.00000000
vt 0.00000000 0.00000000
vt 0.00000000 0.00000000
vt 0.00000000 0.00000000
vt 0.00000000 0.00000000
vt 0.00000000 0.00000000
vt 0.00000000 0.00000000
vt 0.00000000 0.00000000
vt 0.00000000 0.00000000
vt 0.00000000 0.00000000
vt 0.00000000 0.00000000
vt 0.00000000 0.00000000
vt 0.00000000 0.00000000
vt 0.00000000 0.00000000
vt 0.00000000 0.00000000
vt 0.00000000 0.00000000
vt 0.00000000 0.00000000
vt 0.00000000 0.00000000
vt 0.00000000 0.00000000
vt 0.00000000 0.00000000
vt 0.00000000 0.00000000
vt 0.00000000 0.00000000
vt 0.00000000 0.00000000
vt 0.00000000 0.00000000
vt 0.00000000 0.00000000
vt 0.00000000 0.00000000
vt 0.00000000 0.00000000
vt 0.00000000 0.00000000
vt 0.00000000 0.00000000
vt 0.00000000 0.00000000
vt 0.00000000 0.00000000
vt 0.00000000 0.00000000
vt 0.00000000 0.00000000
vt 0.00000000 0.00000000
vt 0.00000000 0.00000000
vt 0.00000000 0.00000000
vt 0.00000000 0.00000000
vt 0.00000000 0.00000000
vt 0.00000000 0.00000000
vt 0.00000000 0.00000000
vt 0.00000000 0.00000000
vt 0.00000000 0.00000000
vt 0.00000000 0.00000000
vt 0.00000000 0.00000000
vt 0.00000000 0.00000000
vt 0.00000000 0.00000000
vt 0.00000000 0.00000000
vt 0.00000000 0.00000000
vt 0.00000000 0.00000000
vt 0.00000000 0.00000000
vt 0.00000000 0.00000000
vt 0.00000000 0.00000000
vt 0.00000000 0.00000000
vt 0.00000000 0.00000000
vt 0.00000000 0.00000000
vt 0.00000000 0.00000000
vt 0.00000000 0.00000000
vt 0.00000000 0.00000000
vt 0.00000000 0.00000000
vt 0.00000000 0.00000000
vt 0.00000000 0.00000000
vt 0.00000000 0.00000000
vt 0.00000000 0.00000000
vt 0.00000000 0.00000000
vt 0.00000000 0.00000000
vt 0.00000000 0.00000000
vt 0.00000000 0.00000000
vt 0.00000000 0.00000000
vt 0.00000000 0.00000000
vt 0.00000000 0.00000000
vt 0.00000000 0.00000000
vt 0.00000000 0.00000000
vt 0.00000000 0.00000000
vt 0.00000000 0.00000000
vt 0.00000000 0.00000000
vt 0.00000000 0.00000000
vt 0.00000000 0.00000000
vt 0.00000000 0.00000000
vt 0.00000000 0.00000000
vt 0.00000000 0.00000000
vt 0.00000000 0.00000000
vt 0.00000000 0.00000000
vt 0.00000000 0.00000000
vt 0.00000000 0.00000000
vt 0.00000000 0.00000000
vt 0.00000000 0.00000000
vt 0.00000000 0.00000000
vt 0.00000000 0.00000000
vt 0.00000000 0.00000000
vt 0.00000000 0.00000000
vt 0.00000000 0.00000000
vt 0.00000000 0.00000000
vt 0.00000000 0.00000000
vt 0.00000000 0.00000000
vt 0.00000000 0.00000000
vt 0.00000000 0.00000000
vt 0.00000000 0.00000000
vt 0.00000000 0.00000000
vt 0.00000000 0.00000000
vt 0.00000000 0.00000000
vt 0.00000000 0.00000000
vt 0.00000000 0.00000000
vt 0.00000000 0.00000000
vt 0.00000000 0.00000000
vt 0.00000000 0.00000000
vt 0.00000000 0.00000000
vt 0.00000000 0.00000000
vt 0.00000000 0.00000000
vt 0.00000000 0.00000000
vt 0.00000000 0.00000000
vt 0.00000000 0.00000000
vt 0.00000000 0.00000000
vt 0.00000000 0.00000000
vt 0.00000000 0.00000000
vt 0.00000000 0.00000000
vt 0.00000000 0.00000000
vt 0.00000000 0.00000000
vt 0.00000000 0.00000000
vt 0.00000000 0.00000000
vt 0.00000000 0.00000000
vt 0.00000000 0.00000000
vt 0.00000000 0.00000000
vt 0.00000000 0.00000000
vt 0.00000000 0.00000000
vt 0.00000000 0.00000000
vt 0.00000000 0.00000000
vt 0.00000000 0.00000000
vt 0.00000000 0.00000000
vt 0.00000000 0.00000000
vt 0.00000000 0.00000000
vt 0.00000000 0.00000000
vt 0.00000000 0.00000000
vt 0.00000000 0.00000000
vt 0.00000000 0.00000000
vt 0.00000000 0.00000000
vt 0.00000000 0.00000000
vt 0.00000000 0.00000000
vt 0.00000000 0.00000000
vt 0.00000000 0.00000000
vt 0.00000000 0.00000000
vt 0.00000000 0.00000000
vt 0.00000000 0.00000000
vt 0.00000000 0.00000000
vt 0.00000000 0.00000000
vt 0.00000000 0.00000000
vt 0.00000000 0.00000000
vt 0.00000000 0.00000000
vt 0.00000000 0.00000000
vt 0.00000000 0.00000000
vt 0.00000000 0.00000000
vt 0.00000000 0.00000000
vt 0.00000000 0.00000000
vt 0.00000000 0.00000000
vt 0.00000000 0.00000000
vt 0.00000000 0.00000000
vt 0.00000000 0.00000000
vt 0.00000000 0.00000000
vt 0.00000000 0.00000000
vt 0.00000000 0.00000000
vt 0.00000000 0.00000000
vt 0.00000000 0.00000000
vt 0.00000000 0.00000000
vt 0.00000000 0.00000000
vt 0.00000000 0.00000000
vt 0.00000000 0.00000000
vt 0.00000000 0.00000000
vt 0.00000000 0.00000000
vt 0.00000000 0.00000000
vt 0.00000000 0.00000000
vt 0.00000000 0.00000000
vt 0.00000000 0.00000000
vt 0.00000000 0.00000000
vt 0.00000000 0.00000000
vt 0.00000000 0.00000000
vt 0.00000000 0.00000000
vt 0.00000000 0.00000000
vt 0.00000000 0.00000000
vt 0.00000000 0.00000000
vt 0.00000000 0.00000000
vt 0.00000000 0.00000000
vt 0.00000000 0.00000000
vt 0.00000000 0.00000000
vt 0.00000000 0.00000000
vt 0.00000000 0.00000000
vt 0.00000000 0.00000000
vt 0.00000000 0.00000000
vt 0.00000000 0.00000000
vt 0.00000000 0.00000000
vt 0.00000000 0.00000000
vt 0.00000000 0.00000000
vt 0.00000000 0.00000000
vt 0.00000000 0.00000000
vt 0.00000000 0.00000000
vt 0.00000000 0.00000000
vt 0.00000000 0.00000000
vt 0.00000000 0.00000000
vt 0.00000000 0.00000000
vt 0.00000000 0.00000000
vt 0.00000000 0.00000000
vt 0.00000000 0.00000000
vt 0.00000000 0.00000000
vt 0.00000000 0.00000000
vt 0.00000000 0.00000000
vt 0.00000000 0.00000000
vt 0.00000000 0.00000000
vt 0.00000000 0.00000000
vt 0.00000000 0.00000000
vt 0.00000000 0.00000000
vt 0.00000000 0.00000000
vt 0.00000000 0.00000000
vt 0.00000000 0.00000000
vt 0.00000000 0.00000000
vt 0.00000000 0.00000000
vt 0.00000000 0.00000000
vt 0.00000000 0.00000000
vt 0.00000000 0.00000000
vt 0.00000000 0.00000000
vt 0.00000000 0.00000000
vt 0.00000000 0.00000000
vt 0.00000000 0.00000000
vt 0.00000000 0.00000000
vt 0.00000000 0.00000000
vt 0.00000000 0.00000000
vt 0.00000000 0.00000000
vt 0.00000000 0.00000000
vt 0.00000000 0.00000000
vt 0.00000000 0.00000000
vt 0.00000000 0.00000000
vt 0.00000000 0.00000000
vt 0.00000000 0.00000000
vt 0.00000000 0.00000000
vt 0.00000000 0.00000000
vt 0.00000000 0.00000000
vt 0.00000000 0.00000000
vt 0.00000000 0.00000000
vt 0.00000000 0.00000000
vt 0.00000000 0.00000000
vt 0.00000000 0.00000000
vt 0.00000000 0.00000000
vt 0.00000000 0.00000000
vt 0.00000000 0.00000000
vt 0.00000000 0.00000000
vt 0.00000000 0.00000000
vt 0.00000000 0.00000000
vt 0.00000000 0.00000000
vt 0.00000000 0.00000000
vt 0.00000000 0.00000000
vt 0.00000000 0.00000000
vt 0.00000000 0.00000000
vt 0.00000000 0.00000000
vt 0.00000000 0.00000000
vt 0.00000000 0.00000000
vt 0.00000000 0.00000000
vt 0.00000000 0.00000000
vt 0.00000000 0.00000000
vt 0.00000000 0.00000000
vt 0.00000000 0.00000000
vt 0.00000000 0.00000000
vt 0.00000000 0.00000000
vt 0.00000000 0.00000000
vt 0.00000000 0.00000000
vt 0.00000000 0.00000000
vt 0.00000000 0.00000000
vt 0.00000000 0.00000000
vt 0.00000000 0.00000000
vt 0.00000000 0.00000000
vt 0.00000000 0.00000000
vt 0.00000000 0.00000000
vt 0.00000000 0.00000000
vt 0.00000000 0.00000000
vt 0.00000000 0.00000000
vt 0.00000000 0.00000000
vt 0.00000000 0.00000000
vt 0.00000000 0.00000000
vt 0.00000000 0.00000000
vt 0.00000000 0.00000000
vt 0.00000000 0.00000000
vt 0.00000000 0.00000000
vt 0.00000000 0.00000000
vt 0.00000000 0.00000000
vt 0.00000000 0.00000000
vt 0.00000000 0.00000000
vt 0.00000000 0.00000000
vt 0.00000000 0.00000000
vt 0.00000000 0.00000000
vt 0.00000000 0.00000000
vt 0.00000000 0.00000000
vt 0.00000000 0.00000000
vt 0.00000000 0.00000000
vt 0.00000000 0.00000000
vt 0.00000000 0.00000000
vt 0.00000000 0.00000000
vt 0.00000000 0.00000000
vt 0.00000000 0.00000000
vt 0.00000000 0.00000000
vt 0.00000000 0.00000000
vt 0.00000000 0.00000000
vt 0.00000000 0.00000000
vt 0.00000000 0.00000000
vt 0.00000000 0.00000000
vt 0.00000000 0.00000000
vt 0.00000000 0.00000000
vt 0.00000000 0.00000000
vt 0.00000000 0.00000000
vt 0.00000000 0.00000000
vt 0.00000000 0.00000000
vt 0.00000000 0.00000000
vt 0.00000000 0.00000000
vt 0.00000000 0.00000000
vt 0.00000000 0.00000000
vt 0.00000000 0.00000000
vt 0.00000000 0.00000000
vt 0.00000000 0.00000000
vt 0.00000000 0.00000000
vt 0.00000000 0.00000000
vt 0.00000000 0.00000000
vt 0.00000000 0.00000000
vt 0.00000000 0.00000000
vt 0.00000000 0.00000000
vt 0.00000000 0.00000000
vt 0.00000000 0.00000000
vt 0.00000000 0.00000000
vt 0.00000000 0.00000000
vt 0.00000000 0.00000000
vt 0.00000000 0.00000000
vt 0.00000000 0.00000000
vt 0.00000000 0.00000000
vt 0.00000000 0.00000000
vt 0.00000000 0.00000000
vt 0.00000000 0.00000000
vt 0.00000000 0.00000000
vt 0.00000000 0.00000000
vt 0.00000000 0.00000000
vt 0.00000000 0.00000000
vt 0.00000000 0.00000000
vt 0.00000000 0.00000000
vt 0.00000000 0.00000000
vt 0.00000000 0.00000000
vt 0.00000000 0.00000000
vt 0.00000000 0.00000000
vt 0.00000000 0.00000000
vt 0.00000000 0.00000000
vt 0.00000000 0.00000000
vt 0.00000000 0.00000000
vt 0.00000000 0.00000000
vt 0.00000000 0.00000000
vt 0.00000000 0.00000000
vt 0.00000000 0.00000000
vt 0.00000000 0.00000000
vt 0.00000000 0.00000000
vt 0.00000000 0.00000000
vt 0.00000000 0.00000000
vt 0.00000000 0.00000000
vt 0.00000000 0.00000000
vt 0.00000000 0.00000000
vt 0.00000000 0.00000000
vt 0.00000000 0.00000000
vt 0.00000000 0.00000000
vt 0.00000000 0.00000000
vt 0.00000000 0.00000000
vt 0.00000000 0.00000000
vt 0.00000000 0.00000000
vt 0.00000000 0.00000000
vt 0.00000000 0.00000000
vt 0.00000000 0.00000000
vt 0.00000000 0.00000000
vt 0.00000000 0.00000000
vt 0.00000000 0.00000000
vt 0.00000000 0.00000000
vt 0.00000000 0.00000000
vt 0.00000000 0.00000000
vt 0.00000000 0.00000000
vt 0.00000000 0.00000000
vt 0.00000000 0.00000000
vt 0.00000000 0.00000000
vt 0.00000000 0.00000000
vt 0.00000000 0.00000000
vt 0.00000000 0.00000000
vt 0.00000000 0.00000000
vt 0.00000000 0.00000000
vt 0.00000000 0.00000000
vt 0.00000000 0.00000000
vt 0.00000000 0.00000000
vt 0.00000000 0.00000000
vt 0.00000000 0.00000000
vt 0.00000000 0.00000000
vt 0.00000000 0.00000000
vt 0.00000000 0.00000000
vt 0.00000000 0.00000000
vt 0.00000000 0.00000000
vt 0.00000000 0.00000000
vt 0.00000000 0.00000000
vt 0.00000000 0.00000000
vt 0.00000000 0.00000000
vt 0.00000000 0.00000000
vt 0.00000000 0.00000000
vt 0.00000000 0.00000000
vt 0.00000000 0.00000000
vt 0.00000000 0.00000000
vt 0.00000000 0.00000000
vt 0.00000000 0.00000000
vt 0.00000000 0.00000000
vt 0.00000000 0.00000000
vt 0.00000000 0.00000000
vt 0.00000000 0.00000000
vt 0.00000000 0.00000000
vt 0.00000000 0.00000000
vt 0.00000000 0.00000000
vt 0.00000000 0.00000000
vt 0.00000000 0.00000000
vt 0.00000000 0.00000000
vt 0.00000000 0.00000000
vt 0.00000000 0.00000000
vt 0.00000000 0.00000000
vt 0.00000000 0.00000000
vt 0.00000000 0.00000000
vt 0.00000000 0.00000000
vt 0.00000000 0.00000000
vt 0.00000000 0.00000000
vt 0.00000000 0.00000000
vt 0.00000000 0.00000000
vt 0.00000000 0.00000000
vt 0.00000000 0.00000000
vt 0.00000000 0.00000000
vt 0.00000000 0.00000000
vt 0.00000000 0.00000000
vt 0.00000000 0.00000000
vt 0.00000000 0.00000000
vt 0.00000000 0.00000000
vt 0.00000000 0.00000000
vt 0.00000000 0.00000000
vt 0.00000000 0.00000000
vt 0.00000000 0.00000000
vt 0.00000000 0.00000000
vt 0.00000000 0.00000000
vt 0.00000000 0.00000000
vt 0.00000000 0.00000000
vt 0.00000000 0.00000000
vt 0.00000000 0.00000000
vt 0.00000000 0.00000000
vt 0.00000000 0.00000000
vt 0.00000000 0.00000000
vt 0.00000000 0.00000000
vt 0.00000000 0.00000000
vt 0.00000000 0.00000000
vt 0.00000000 0.00000000
vt 0.00000000 0.00000000
vt 0.00000000 0.00000000
vt 0.00000000 0.00000000
vt 0.00000000 0.00000000
vt 0.00000000 0.00000000
vt 0.00000000 0.00000000
vt 0.00000000 0.00000000
vt 0.00000000 0.00000000
vt 0.00000000 0.00000000
vt 0.00000000 0.00000000
vt 0.00000000 0.00000000
vt 0.00000000 0.00000000
vt 0.00000000 0.00000000
vt 0.00000000 0.00000000
vt 0.00000000 0.00000000
vt 0.00000000 0.00000000
vt 0.00000000 0.00000000
vt 0.00000000 0.00000000
vt 0.00000000 0.00000000
vt 0.00000000 0.00000000
vt 0.00000000 0.00000000
vt 0.00000000 0.00000000
vt 0.00000000 0.00000000
vt 0.00000000 0.00000000
vt 0.00000000 0.00000000
vt 0.00000000 0.00000000
vt 0.00000000 0.00000000
vt 0.00000000 0.00000000
vt 0.00000000 0.00000000
vt 0.00000000 0.00000000
vt 0.00000000 0.00000000
vt 0.00000000 0.00000000
vt 0.00000000 0.00000000
vt 0.00000000 0.00000000
vt 0.00000000 0.00000000
vt 0.00000000 0.00000000
vt 0.00000000 0.00000000
vt 0.00000000 0.00000000
vt 0.00000000 0.00000000
vt 0.00000000 0.00000000
vt 0.00000000 0.00000000
vt 0.00000000 0.00000000
vt 0.00000000 0.00000000
vt 0.00000000 0.00000000
vt 0.00000000 0.00000000
vt 0.00000000 0.00000000
vt 0.00000000 0.00000000
vt 0.00000000 0.00000000
vt 0.00000000 0.00000000
vt 0.00000000 0.00000000
vt 0.00000000 0.00000000
vt 0.00000000 0.00000000
vt 0.00000000 0.00000000
vt 0.00000000 0.00000000
vt 0.00000000 0.00000000
vt 0.00000000 0.00000000
vt 0.00000000 0.00000000
vt 0.00000000 0.00000000
vt 0.00000000 0.00000000
vt 0.00000000 0.00000000
vt 0.00000000 0.00000000
vt 0.00000000 0.00000000
vt 0.00000000 0.00000000
vt 0.00000000 0.00000000
vt 0.00000000 0.00000000
vt 0.00000000 0.00000000
vt 0.00000000 0.00000000
vt 0.00000000 0.00000000
vt 0.00000000 0.00000000
vt 0.00000000 0.00000000
vt 0.00000000 0.00000000
vt 0.00000000 0.00000000
vt 0.00000000 0.00000000
vt 0.00000000 0.00000000
vt 0.00000000 0.00000000
vt 0.00000000 0.00000000
vt 0.00000000 0.00000000
vt 0.00000000 0.00000000
vt 0.00000000 0.00000000
vt 0.00000000 0.00000000
vt 0.00000000 0.00000000
vt 0.00000000 0.00000000
vt 0.00000000 0.00000000
vt 0.00000000 0.00000000
vt 0.00000000 0.00000000
vt 0.00000000 0.00000000
vt 0.00000000 0.00000000
vt 0.00000000 0.00000000
vt 0.00000000 0.00000000
vt 0.00000000 0.00000000
vt 0.00000000 0.00000000
vt 0.00000000 0.00000000
vt 0.00000000 0.00000000
vt 0.00000000 0.00000000
vt 0.00000000 0.00000000
vt 0.00000000 0.00000000
vt 0.00000000 0.00000000
vt 0.00000000 0.00000000
vt 0.00000000 0.00000000
vt 0.00000000 0.00000000
vt 0.00000000 0.00000000
vt 0.00000000 0.00000000
vt 0.00000000 0.00000000
vt 0.00000000 0.00000000
vt 0.00000000 0.00000000
vt 0.00000000 0.00000000
vt 0.00000000 0.00000000
vt 0.00000000 0.00000000
vt 0.00000000 0.00000000
vt 0.00000000 0.00000000
vt 0.00000000 0.00000000
vt 0.00000000 0.00000000
vt 0.00000000 0.00000000
vt 0.00000000 0.00000000
vt 0.00000000 0.00000000
vt 0.00000000 0.00000000
vt 0.00000000 0.00000000
vt 0.00000000 0.00000000
vt 0.00000000 0.00000000
vt 0.00000000 0.00000000
vt 0.00000000 0.00000000
vt 0.00000000 0.00000000
vt 0.00000000 0.00000000
vt 0.00000000 0.00000000
vt 0.00000000 0.00000000
vt 0.00000000 0.00000000
vt 0.00000000 0.00000000
vt 0.00000000 0.00000000
vt 0.00000000 0.00000000
vt 0.00000000 0.00000000
vt 0.00000000 0.00000000
vt 0.00000000 0.00000000
vt 0.00000000 0.00000000
vt 0.00000000 0.00000000
vt 0.00000000 0.00000000
vt 0.00000000 0.00000000
vt 0.00000000 0.00000000
vt 0.00000000 0.00000000
vt 0.00000000 0.00000000
vt 0.00000000 0.00000000
vt 0.00000000 0.00000000
vt 0.00000000 0.00000000
vt 0.00000000 0.00000000
vt 0.00000000 0.00000000
vt 0.00000000 0.00000000
vt 0.00000000 0.00000000
vt 0.00000000 0.00000000
vt 0.00000000 0.00000000
vt 0.00000000 0.00000000
vt 0.00000000 0.00000000
vt 0.00000000 0.00000000
vt 0.00000000 0.00000000
vt 0.00000000 0.00000000
vt 0.00000000 0.00000000
vt 0.00000000 0.00000000
vt 0.00000000 0.00000000
vt 0.00000000 0.00000000
vt 0.00000000 0.00000000
vt 0.00000000 0.00000000
vt 0.00000000 0.00000000
vt 0.00000000 0.00000000
vt 0.00000000 0.00000000
vt 0.00000000 0.00000000
vt 0.00000000 0.00000000
vt 0.00000000 0.00000000
vt 0.00000000 0.00000000
vt 0.00000000 0.00000000
vt 0.00000000 0.00000000
vt 0.00000000 0.00000000
vt 0.00000000 0.00000000
vt 0.00000000 0.00000000
vt 0.00000000 0.00000000
vt 0.00000000 0.00000000
vt 0.00000000 0.00000000
vt 0.00000000 0.00000000
vt 0.00000000 0.00000000
vt 0.00000000 0.00000000
vt 0.00000000 0.00000000
vt 0.00000000 0.00000000
vt 0.00000000 0.00000000
vt 0.00000000 0.00000000
vt 0.00000000 0.00000000
vt 0.00000000 0.00000000
vt 0.00000000 0.00000000
vt 0.00000000 0.00000000
vt 0.00000000 0.00000000
vt 0.00000000 0.00000000
vt 0.00000000 0.00000000
vt 0.00000000 0.00000000
vt 0.00000000 0.00000000
vt 0.00000000 0.00000000
vt 0.00000000 0.00000000
vt 0.00000000 0.00000000
vt 0.00000000 0.00000000
vt 0.00000000 0.00000000
vt 0.00000000 0.00000000
vt 0.00000000 0.00000000
vt 0.00000000 0.00000000
vt 0.00000000 0.00000000
vt 0.00000000 0.00000000
vt 0.00000000 0.00000000
vt 0.00000000 0.00000000
vt 0.00000000 0.00000000
vt 0.00000000 0.00000000
vt 0.00000000 0.00000000
vt 0.00000000 0.00000000
vt 0.00000000 0.00000000
vt 0.00000000 0.00000000
vt 0.00000000 0.00000000
vt 0.00000000 0.00000000
vt 0.00000000 0.00000000
vt 0.00000000 0.00000000
vt 0.00000000 0.00000000
vt 0.00000000 0.00000000
vt 0.00000000 0.00000000
vt 0.00000000 0.00000000
vt 0.00000000 0.00000000
vt 0.00000000 0.00000000
vt 0.00000000 0.00000000
vt 0.00000000 0.00000000
vt 0.00000000 0.00000000
vt 0.00000000 0.00000000
vt 0.00000000 0.00000000
vt 0.00000000 0.00000000
vt 0.00000000 0.00000000
vt 0.00000000 0.00000000
vt 0.00000000 0.00000000
vt 0.00000000 0.00000000
vt 0.00000000 0.00000000
vt 0.00000000 0.00000000
vt 0.00000000 0.00000000
vt 0.00000000 0.00000000
vt 0.00000000 0.00000000
vt 0.00000000 0.00000000
vt 0.00000000 0.00000000
vt 0.00000000 0.00000000
vt 0.00000000 0.00000000
vt 0.00000000 0.00000000
vt 0.00000000 0.00000000
vt 0.00000000 0.00000000
vt 0.00000000 0.00000000
vt 0.00000000 0.00000000
vt 0.00000000 0.00000000
vt 0.00000000 0.00000000
vt 0.00000000 0.00000000
vt 0.00000000 0.00000000
vt 0.00000000 0.00000000
vt 0.00000000 0.00000000
vt 0.00000000 0.00000000
vt 0.00000000 0.00000000
vt 0.00000000 0.00000000
vt 0.00000000 0.00000000
vt 0.00000000 0.00000000
vt 0.00000000 0.00000000
vt 0.00000000 0.00000000
vt 0.00000000 0.00000000
vt 0.00000000 0.00000000
vt 0.00000000 0.00000000
vt 0.00000000 0.00000000
vt 0.00000000 0.00000000
vt 0.00000000 0.00000000
vt 0.00000000 0.00000000
vt 0.00000000 0.00000000
vt 0.00000000 0.00000000
vt 0.00000000 0.00000000
vt 0.00000000 0.00000000
vt 0.00000000 0.00000000
vt 0.00000000 0.00000000
vt 0.00000000 0.00000000
vt 0.00000000 0.00000000
vt 0.00000000 0.00000000
vt 0.00000000 0.00000000
vt 0.00000000 0.00000000
vt 0.00000000 0.00000000
vt 0.00000000 0.00000000
vt 0.00000000 0.00000000
vt 0.00000000 0.00000000
vt 0.00000000 0.00000000
vt 0.00000000 0.00000000
vt 0.00000000 0.00000000
vt 0.00000000 0.00000000
vt 0.00000000 0.00000000
vt 0.00000000 0.00000000
vt 0.00000000 0.00000000
vt 0.00000000 0.00000000
vt 0.00000000 0.00000000
vt 0.00000000 0.00000000
vt 0.00000000 0.00000000
vt 0.00000000 0.00000000
vt 0.00000000 0.00000000
vt 0.00000000 0.00000000
vt 0.00000000 0.00000000
vt 0.00000000 0.00000000
vt 0.00000000 0.00000000
vt 0.00000000 0.00000000
vt 0.00000000 0.00000000
vt 0.00000000 0.00000000
vt 0.00000000 0.00000000
vt 0.00000000 0.00000000
vt 0.00000000 0.00000000
vt 0.00000000 0.00000000
vt 0.00000000 0.00000000
vt 0.00000000 0.00000000
vt 0.00000000 0.00000000
vt 0.00000000 0.00000000
vt 0.00000000 0.00000000
vt 0.00000000 0.00000000
vt 0.00000000 0.00000000
vt 0.00000000 0.00000000
vt 0.00000000 0.00000000
vt 0.00000000 0.00000000
vt 0.00000000 0.00000000
vt 0.00000000 0.00000000
vt 0.00000000 0.00000000
vt 0.00000000 0.00000000
vt 0.00000000 0.00000000
vt 0.00000000 0.00000000
vt 0.00000000 0.00000000
vt 0.00000000 0.00000000
vt 0.00000000 0.00000000
vt 0.00000000 0.00000000
vt 0.00000000 0.00000000
vt 0.00000000 0.00000000
vt 0.00000000 0.00000000
vt 0.00000000 0.00000000
vt 0.00000000 0.00000000
vt 0.00000000 0.00000000
vt 0.00000000 0.00000000
vt 0.00000000 0.00000000
vt 0.00000000 0.00000000
vt 0.00000000 0.00000000
vt 0.00000000 0.00000000
vt 0.00000000 0.00000000
vt 0.00000000 0.00000000
vt 0.00000000 0.00000000
vt 0.00000000 0.00000000
vt 0.00000000 0.00000000
vt 0.00000000 0.00000000
vt 0.00000000 0.00000000
vt 0.00000000 0.00000000
vt 0.00000000 0.00000000
vt 0.00000000 0.00000000
vt 0.00000000 0.00000000
vt 0.00000000 0.00000000
vt 0.00000000 0.00000000
vt 0.00000000 0.00000000
vt 0.00000000 0.00000000
vt 0.00000000 0.00000000
vt 0.00000000 0.00000000
vt 0.00000000 0.00000000
vt 0.00000000 0.00000000
vt 0.00000000 0.00000000
vt 0.00000000 0.00000000
vt 0.00000000 0.00000000
vt 0.00000000 0.00000000
vt 0.00000000 0.00000000
vt 0.00000000 0.00000000
vt 0.00000000 0.00000000
vt 0.00000000 0.00000000
vt 0.00000000 0.00000000
vt 0.00000000 0.00000000
vt 0.00000000 0.00000000
vt 0.00000000 0.00000000
vt 0.00000000 0.00000000
vt 0.00000000 0.00000000
vt 0.00000000 0.00000000
vt 0.00000000 0.00000000
vt 0.00000000 0.00000000
vt 0.00000000 0.00000000
vt 0.00000000 0.00000000
vt 0.00000000 0.00000000
vt 0.00000000 0.00000000
vt 0.00000000 0.00000000
vt 0.00000000 0.00000000
vt 0.00000000 0.00000000
vt 0.00000000 0.00000000
vt 0.00000000 0.00000000
vt 0.00000000 0.00000000
vt 0.00000000 0.00000000
vt 0.00000000 0.00000000
vt 0.00000000 0.00000000
vt 0.00000000 0.00000000
vt 0.00000000 0.00000000
vt 0.00000000 0.00000000
vt 0.00000000 0.00000000
vt 0.00000000 0.00000000
vt 0.00000000 0.00000000
vt 0.00000000 0.00000000
vt 0.00000000 0.00000000
vt 0.00000000 0.00000000
vt 0.00000000 0.00000000
vt 0.00000000 0.00000000
vt 0.00000000 0.00000000
vt 0.00000000 0.00000000
vt 0.00000000 0.00000000
vt 0.00000000 0.00000000
vt 0.00000000 0.00000000
vt 0.00000000 0.00000000
vt 0.00000000 0.00000000
vt 0.00000000 0.00000000
vt 0.00000000 0.00000000
vt 0.00000000 0.00000000
vt 0.00000000 0.00000000
vt 0.00000000 0.00000000
vt 0.00000000 0.00000000
vt 0.00000000 0.00000000
vt 0.00000000 0.00000000
vt 0.00000000 0.00000000
vt 0.00000000 0.00000000
vt 0.00000000 0.00000000
vt 0.00000000 0.00000000
vt 0.00000000 0.00000000
vt 0.00000000 0.00000000
vt 0.00000000 0.00000000
vt 0.00000000 0.00000000
vt 0.00000000 0.00000000
vt 0.00000000 0.00000000
vt 0.00000000 0.00000000
vt 0.00000000 0.00000000
vt 0.00000000 0.00000000
vt 0.00000000 0.00000000
vt 0.00000000 0.00000000
vt 0.00000000 0.00000000
vt 0.00000000 0.00000000
vt 0.00000000 0.00000000
vt 0.00000000 0.00000000
vt 0.00000000 0.00000000
vt 0.00000000 0.00000000
vt 0.00000000 0.00000000
vt 0.00000000 0.00000000
vt 0.00000000 0.00000000
vt 0.00000000 0.00000000
vt 0.00000000 0.00000000
vt 0.00000000 0.00000000
vt 0.00000000 0.00000000
vt 0.00000000 0.00000000
vt 0.00000000 0.00000000
vt 0.00000000 0.00000000
vt 0.00000000 0.00000000
vt 0.00000000 0.00000000
vt 0.00000000 0.00000000
vt 0.00000000 0.00000000
vt 0.00000000 0.00000000
vt 0.00000000 0.00000000
vt 0.00000000 0.00000000
vt 0.00000000 0.00000000
vt 0.00000000 0.00000000
vt 0.00000000 0.00000000
vt 0.00000000 0.00000000
vt 0.00000000 0.00000000
vt 0.00000000 0.00000000
vt 0.00000000 0.00000000
vt 0.00000000 0.00000000
vt 0.00000000 0.00000000
vt 0.00000000 0.00000000
vt 0.00000000 0.00000000
vt 0.00000000 0.00000000
vt 0.00000000 0.00000000
vt 0.00000000 0.00000000
vt 0.00000000 0.00000000
vt 0.00000000 0.00000000
vt 0.00000000 0.00000000
vt 0.00000000 0.00000000
vt 0.00000000 0.00000000
vt 0.00000000 0.00000000
vt 0.00000000 0.00000000
vt 0.00000000 0.00000000
vt 0.00000000 0.00000000
vt 0.00000000 0.00000000
vt 0.00000000 0.00000000
vt 0.00000000 0.00000000
vt 0.00000000 0.00000000
vt 0.00000000 0.00000000
vt 0.00000000 0.00000000
vt 0.00000000 0.00000000
vt 0.00000000 0.00000000
vt 0.00000000 0.00000000
vt 0.00000000 0.00000000
vt 0.00000000 0.00000000
vt 0.00000000 0.00000000
vt 0.00000000 0.00000000
vt 0.00000000 0.00000000
vt 0.00000000 0.00000000
vt 0.00000000 0.00000000
vt 0.00000000 0.00000000
vt 0.00000000 0.00000000
vt 0.00000000 0.00000000
vt 0.00000000 0.00000000
vt 0.00000000 0.00000000
vt 0.00000000 0.00000000
vt 0.00000000 0.00000000
vt 0.00000000 0.00000000
vt 0.00000000 0.00000000
vt 0.00000000 0.00000000
vt 0.00000000 0.00000000
vt 0.00000000 0.00000000
vt 0.00000000 0.00000000
vt 0.00000000 0.00000000
vt 0.00000000 0.00000000
vt 0.00000000 0.00000000
vt 0.00000000 0.00000000
vt 0.00000000 0.00000000
vt 0.00000000 0.00000000
vt 0.00000000 0.00000000
vt 0.00000000 0.00000000
vt 0.00000000 0.00000000
vt 0.00000000 0.00000000
vt 0.00000000 0.00000000
vt 0.00000000 0.00000000
vt 0.00000000 0.00000000
vt 0.00000000 0.00000000
vt 0.00000000 0.00000000
vt 0.00000000 0.00000000
vt 0.00000000 0.00000000
vt 0.00000000 0.00000000
vt 0.00000000 0.00000000
vt 0.00000000 0.00000000
vt 0.00000000 0.00000000
vt 0.00000000 0.00000000
vt 0.00000000 0.00000000
vt 0.00000000 0.00000000
vt 0.00000000 0.00000000
vt 0.00000000 0.00000000
vt 0.00000000 0.00000000
vt 0.00000000 0.00000000
vt 0.00000000 0.00000000
vt 0.00000000 0.00000000
vt 0.00000000 0.00000000
vt 0.00000000 0.00000000
vt 0.00000000 0.00000000
vt 0.00000000 0.00000000
vt 0.00000000 0.00000000
vt 0.00000000 0.00000000
vt 0.00000000 0.00000000
vt 0.00000000 0.00000000
vt 0.00000000 0.00000000
vt 0.00000000 0.00000000
vt 0.00000000 0.00000000
vt 0.00000000 0.00000000
vt 0.00000000 0.00000000
vt 0.00000000 0.00000000
vt 0.00000000 0.00000000
vt 0.00000000 0.00000000
vt 0.00000000 0.00000000
vt 0.00000000 0.00000000
vt 0.00000000 0.00000000
vt 0.00000000 0.00000000
vt 0.00000000 0.00000000
vt 0.00000000 0.00000000
vt 0.00000000 0.00000000
vt 0.00000000 0.00000000
vt 0.00000000 0.00000000
vt 0.00000000 0.00000000
vt 0.00000000 0.00000000
vt 0.00000000 0.00000000
vt 0.00000000 0.00000000
vt 0.00000000 0.00000000
vt 0.00000000 0.00000000
vt 0.00000000 0.00000000
vt 0.00000000 0.00000000
vt 0.00000000 0.00000000
vt 0.00000000 0.00000000
vt 0.00000000 0.00000000
vt 0.00000000 0.00000000
vt 0.00000000 0.00000000
vt 0.00000000 0.00000000
vt 0.00000000 0.00000000
vt 0.00000000 0.00000000
vt 0.00000000 0.00000000
vt 0.00000000 0.00000000
vt 0.00000000 0.00000000
vt 0.00000000 0.00000000
vt 0.00000000 0.00000000
vt 0.00000000 0.00000000
vt 0.00000000 0.00000000
vt 0.00000000 0.00000000
vt 0.00000000 0.00000000
vt 0.00000000 0.00000000
vt 0.00000000 0.00000000
vt 0.00000000 0.00000000
vt 0.00000000 0.00000000
vt 0.00000000 0.00000000
vt 0.00000000 0.00000000
vt 0.00000000 0.00000000
vt 0.00000000 0.00000000
vt 0.00000000 0.00000000
vt 0.00000000 0.00000000
vt 0.00000000 0.00000000
vt 0.00000000 0.00000000
vt 0.00000000 0.00000000
vt 0.00000000 0.00000000
vt 0.00000000 0.00000000
vt 0.00000000 0.00000000
vt 0.00000000 0.00000000
vt 0.00000000 0.00000000
vt 0.00000000 0.00000000
vt 0.00000000 0.00000000
vt 0.00000000 0.00000000
vt 0.00000000 0.00000000
vt 0.00000000 0.00000000
vt 0.00000000 0.00000000
vt 0.00000000 0.00000000
vt 0.00000000 0.00000000
vt 0.00000000 0.00000000
vt 0.00000000 0.00000000
vt 0.00000000 0.00000000
vt 0.00000000 0.00000000
vt 0.00000000 0.00000000
vt 0.00000000 0.00000000
vt 0.00000000 0.00000000
vt 0.00000000 0.00000000
vt 0.00000000 0.00000000
vt 0.00000000 0.00000000
vt 0.00000000 0.00000000
vt 0.00000000 0.00000000
vt 0.00000000 0.00000000
vt 0.00000000 0.00000000
vt 0.00000000 0.00000000
vt 0.00000000 0.00000000
vt 0.00000000 0.00000000
vt 0.00000000 0.00000000
vt 0.00000000 0.00000000
vt 0.00000000 0.00000000
vt 0.00000000 0.00000000
vt 0.00000000 0.00000000
vt 0.00000000 0.00000000
vt 0.00000000 0.00000000
vt 0.00000000 0.00000000
vt 0.00000000 0.00000000
vt 0.00000000 0.00000000
vt 0.00000000 0.00000000
vt 0.00000000 0.00000000
vt 0.00000000 0.00000000
vt 0.00000000 0.00000000
vt 0.00000000 0.00000000
vt 0.00000000 0.00000000
vt 0.00000000 0.00000000
vt 0.00000000 0.00000000
vt 0.00000000 0.00000000
vt 0.00000000 0.00000000
vt 0.00000000 0.00000000
vt 0.00000000 0.00000000
vt 0.00000000 0.00000000
vt 0.00000000 0.00000000
vt 0.00000000 0.00000000
vt 0.00000000 0.00000000
vt 0.00000000 0.00000000
vt 0.00000000 0.00000000
vt 0.00000000 0.00000000
vt 0.00000000 0.00000000
vt 0.00000000 0.00000000
vt 0.00000000 0.00000000
vt 0.00000000 0.00000000
vt 0.00000000 0.00000000
vt 0.00000000 0.00000000
vt 0.00000000 0.00000000
vt 0.00000000 0.00000000
vt 0.00000000 0.00000000
vt 0.00000000 0.00000000
vt 0.00000000 0.00000000
vt 0.00000000 0.00000000
vt 0.00000000 0.00000000
vt 0.00000000 0.00000000
vt 0.00000000 0.00000000
vt 0.00000000 0.00000000
vt 0.00000000 0.00000000
vt 0.00000000 0.00000000
vt 0.00000000 0.00000000
vt 0.00000000 0.00000000
vt 0.00000000 0.00000000
vt 0.00000000 0.00000000
vt 0.00000000 0.00000000
vt 0.00000000 0.00000000
vt 0.00000000 0.00000000
vt 0.00000000 0.00000000
vt 0.00000000 0.00000000
vt 0.00000000 0.00000000
vt 0.00000000 0.00000000
vt 0.00000000 0.00000000
vt 0.00000000 0.00000000
vt 0.00000000 0.00000000
vt 0.00000000 0.00000000
vt 0.00000000 0.00000000
vt 0.00000000 0.00000000
vt 0.00000000 0.00000000
vt 0.00000000 0.00000000
vt 0.00000000 0.00000000
vt 0.00000000 0.00000000
vt 0.00000000 0.00000000
vt 0.00000000 0.00000000
vt 0.00000000 0.00000000
vt 0.00000000 0.00000000
vt 0.00000000 0.00000000
vt 0.00000000 0.00000000
vt 0.00000000 0.00000000
vt 0.00000000 0.00000000
vt 0.00000000 0.00000000
vt 0.00000000 0.00000000
vt 0.00000000 0.00000000
vt 0.00000000 0.00000000
vt 0.00000000 0.00000000
vt 0.00000000 0.00000000
vt 0.00000000 0.00000000
vt 0.00000000 0.00000000
vt 0.00000000 0.00000000
vt 0.00000000 0.00000000
vt 0.00000000 0.00000000
vt 0.00000000 0.00000000
vt 0.00000000 0.00000000
vt 0.00000000 0.00000000
vt 0.00000000 0.00000000
vt 0.00000000 0.00000000
vt 0.00000000 0.00000000
vt 0.00000000 0.00000000
vt 0.00000000 0.00000000
vt 0.00000000 0.00000000
vt 0.00000000 0.00000000
vt 0.00000000 0.00000000
vt 0.00000000 0.00000000
vt 0.00000000 0.00000000
vt 0.00000000 0.00000000
vt 0.00000000 0.00000000
vt 0.00000000 0.00000000
vt 0.00000000 0.00000000
vt 0.00000000 0.00000000
vt 0.00000000 0.00000000
vt 0.00000000 0.00000000
vt 0.00000000 0.00000000
vt 0.00000000 0.00000000
vt 0.00000000 0.00000000
vt 0.00000000 0.00000000
vt 0.00000000 0.00000000
vt 0.00000000 0.00000000
vt 0.00000000 0.00000000
vt 0.00000000 0.00000000
vt 0.00000000 0.00000000
vt 0.00000000 0.00000000
vt 0.00000000 0.00000000
vt 0.00000000 0.00000000
vt 0.00000000 0.00000000
vt 0.00000000 0.00000000
vt 0.00000000 0.00000000
vt 0.00000000 0.00000000
vt 0.00000000 0.00000000
vt 0.00000000 0.00000000
vt 0.00000000 0.00000000
vt 0.00000000 0.00000000
vt 0.00000000 0.00000000
vt 0.00000000 0.00000000
vt 0.00000000 0.00000000
vt 0.00000000 0.00000000
vt 0.00000000 0.00000000
vt 0.00000000 0.00000000
vt 0.00000000 0.00000000
vt 0.00000000 0.00000000
vt 0.00000000 0.00000000
vt 0.00000000 0.00000000
vt 0.00000000 0.00000000
vt 0.00000000 0.00000000
vt 0.00000000 0.00000000
vt 0.00000000 0.00000000
vt 0.00000000 0.00000000
vt 0.00000000 0.00000000
vt 0.00000000 0.00000000
vt 0.00000000 0.00000000
vt 0.00000000 0.00000000
vt 0.00000000 0.00000000
vt 0.00000000 0.00000000
vt 0.00000000 0.00000000
vt 0.00000000 0.00000000
vt 0.00000000 0.00000000
vt 0.00000000 0.00000000
vt 0.00000000 0.00000000
vt 0.00000000 0.00000000
vt 0.00000000 0.00000000
vt 0.00000000 0.00000000
vt 0.00000000 0.00000000
vt 0.00000000 0.00000000
vt 0.00000000 0.00000000
vt 0.00000000 0.00000000
vt 0.00000000 0.00000000
vt 0.00000000 0.00000000
vt 0.00000000 0.00000000
vt 0.00000000 0.00000000
vt 0.00000000 0.00000000
vt 0.00000000 0.00000000
vt 0.00000000 0.00000000
vt 0.00000000 0.00000000
vt 0.00000000 0.00000000
vt 0.00000000 0.00000000
vt 0.00000000 0.00000000
vt 0.00000000 0.00000000
vt 0.00000000 0.00000000
vt 0.00000000 0.00000000
vt 0.00000000 0.00000000
vt 0.00000000 0.00000000
vt 0.00000000 0.00000000
vt 0.00000000 0.00000000
vt 0.00000000 0.00000000
vt 0.00000000 0.00000000
vt 0.00000000 0.00000000
vt 0.00000000 0.00000000
vt 0.00000000 0.00000000
vt 0.00000000 0.00000000
vt 0.00000000 0.00000000
vt 0.00000000 0.00000000
vt 0.00000000 0.00000000
vt 0.00000000 0.00000000
vt 0.00000000 0.00000000
vt 0.00000000 0.00000000
vt 0.00000000 0.00000000
vt 0.00000000 0.00000000
vt 0.00000000 0.00000000
vt 0.00000000 0.00000000
vt 0.00000000 0.00000000
vt 0.00000000 0.00000000
vt 0.00000000 0.00000000
vt 0.00000000 0.00000000
vt 0.00000000 0.00000000
vt 0.00000000 0.00000000
vt 0.00000000 0.00000000
vt 0.00000000 0.00000000
vt 0.00000000 0.00000000
vt 0.00000000 0.00000000
vt 0.00000000 0.00000000
vt 0.00000000 0.00000000
vt 0.00000000 0.00000000
vt 0.00000000 0.00000000
vt 0.00000000 0.00000000
vt 0.00000000 0.00000000
vt 0.00000000 0.00000000
vt 0.00000000 0.00000000
vt 0.00000000 0.00000000
vt 0.00000000 0.00000000
vt 0.00000000 0.00000000
vt 0.00000000 0.00000000
vt 0.00000000 0.00000000
vt 0.00000000 0.00000000
vt 0.00000000 0.00000000
vt 0.00000000 0.00000000
vt 0.00000000 0.00000000
vt 0.00000000 0.00000000
vt 0.00000000 0.00000000
vt 0.00000000 0.00000000
vt 0.00000000 0.00000000
vt 0.00000000 0.00000000
vt 0.00000000 0.00000000
vt 0.00000000 0.00000000
vt 0.00000000 0.00000000
vt 0.00000000 0.00000000
vt 0.00000000 0.00000000
vt 0.00000000 0.00000000
vt 0.00000000 0.00000000
vt 0.00000000 0.00000000
vt 0.00000000 0.00000000
vt 0.00000000 0.00000000
vt 0.00000000 0.00000000
vt 0.00000000 0.00000000
vt 0.00000000 0.00000000
vt 0.00000000 0.00000000
vt 0.00000000 0.00000000
vt 0.00000000 0.00000000
vt 0.00000000 0.00000000
vt 0.00000000 0.00000000
vt 0.00000000 0.00000000
vt 0.00000000 0.00000000
vt 0.00000000 0.00000000
vt 0.00000000 0.00000000
vt 0.00000000 0.00000000
vt 0.00000000 0.00000000
vt 0.00000000 0.00000000
vt 0.00000000 0.00000000
vt 0.00000000 0.00000000
vt 0.00000000 0.00000000
vt 0.00000000 0.00000000
vt 0.00000000 0.00000000
vt 0.00000000 0.00000000
vt 0.00000000 0.00000000
vt 0.00000000 0.00000000
vt 0.00000000 0.00000000
vt 0.00000000 0.00000000
vt 0.00000000 0.00000000
vt 0.00000000 0.00000000
vt 0.00000000 0.00000000
vt 0.00000000 0.00000000
vt 0.00000000 0.00000000
vt 0.00000000 0.00000000
vt 0.00000000 0.00000000
vt 0.00000000 0.00000000
vt 0.00000000 0.00000000
vt 0.00000000 0.00000000
vt 0.00000000 0.00000000
vt 0.00000000 0.00000000
vt 0.00000000 0.00000000
vt 0.00000000 0.00000000
vt 0.00000000 0.00000000
vt 0.00000000 0.00000000
vt 0.00000000 0.00000000
vt 0.00000000 0.00000000
vt 0.00000000 0.00000000
vt 0.00000000 0.00000000
vt 0.00000000 0.00000000
vt 0.00000000 0.00000000
vt 0.00000000 0.00000000
vt 0.00000000 0.00000000
vt 0.00000000 0.00000000
vt 0.00000000 0.00000000
vt 0.00000000 0.00000000
vt 0.00000000 0.00000000
vt 0.00000000 0.00000000
vt 0.00000000 0.00000000
vt 0.00000000 0.00000000
vt 0.00000000 0.00000000
vt 0.00000000 0.00000000
vt 0.00000000 0.00000000
vt 0.00000000 0.00000000
vt 0.00000000 0.00000000
vt 0.00000000 0.00000000
vt 0.00000000 0.00000000
vt 0.00000000 0.00000000
vt 0.00000000 0.00000000
vt 0.00000000 0.00000000
vt 0.00000000 0.00000000
vt 0.00000000 0.00000000
vt 0.00000000 0.00000000
vt 0.00000000 0.00000000
vt 0.00000000 0.00000000
vt 0.00000000 0.00000000
vt 0.00000000 0.00000000
vt 0.00000000 0.00000000
vt 0.00000000 0.00000000
vt 0.00000000 0.00000000
vt 0.00000000 0.00000000
vt 0.00000000 0.00000000
vt 0.00000000 0.00000000
vt 0.00000000 0.00000000
vt 0.00000000 0.00000000
vt 0.00000000 0.00000000
vt 0.00000000 0.00000000
vt 0.00000000 0.00000000
vt 0.00000000 0.00000000
vt 0.00000000 0.00000000
vt 0.00000000 0.00000000
vt 0.00000000 0.00000000
vt 0.00000000 0.00000000
vt 0.00000000 0.00000000
vt 0.00000000 0.00000000
vt 0.00000000 0.00000000
vt 0.00000000 0.00000000
vt 0.00000000 0.00000000
vt 0.00000000 0.00000000
vt 0.00000000 0.00000000
vt 0.00000000 0.00000000
vt 0.00000000 0.00000000
vt 0.00000000 0.00000000
vt 0.00000000 0.00000000
vt 0.00000000 0.00000000
vt 0.00000000 0.00000000
vt 0.00000000 0.00000000
vt 0.00000000 0.00000000
vt 0.00000000 0.00000000
vt 0.00000000 0.00000000
vt 0.00000000 0.00000000
vt 0.00000000 0.00000000
vt 0.00000000 0.00000000
vt 0.00000000 0.00000000
vt 0.00000000 0.00000000
vt 0.00000000 0.00000000
vt 0.00000000 0.00000000
vt 0.00000000 0.00000000
vt 0.00000000 0.00000000
vt 0.00000000 0.00000000
vt 0.00000000 0.00000000
vt 0.00000000 0.00000000
vt 0.00000000 0.00000000
vt 0.00000000 0.00000000
vt 0.00000000 0.00000000
vt 0.00000000 0.00000000
vt 0.00000000 0.00000000
vt 0.00000000 0.00000000
vt 0.00000000 0.00000000
vt 0.00000000 0.00000000
vt 0.00000000 0.00000000
vt 0.00000000 0.00000000
vt 0.00000000 0.00000000
vt 0.00000000 0.00000000
vt 0.00000000 0.00000000
vt 0.00000000 0.00000000
vt 0.00000000 0.00000000
vt 0.00000000 0.00000000
vt 0.00000000 0.00000000
vt 0.00000000 0.00000000
vt 0.00000000 0.00000000
vt 0.00000000 0.00000000
vt 0.00000000 0.00000000
vt 0.00000000 0.00000000
vt 0.00000000 0.00000000
vt 0.00000000 0.00000000
vt 0.00000000 0.00000000
vt 0.00000000 0.00000000
vt 0.00000000 0.00000000
vt 0.00000000 0.00000000
vt 0.00000000 0.00000000
vt 0.00000000 0.00000000
vt 0.00000000 0.00000000
vt 0.00000000 0.00000000
vt 0.00000000 0.00000000
vt 0.00000000 0.00000000
vt 0.00000000 0.00000000
vt 0.00000000 0.00000000
vt 0.00000000 0.00000000
vt 0.00000000 0.00000000
vt 0.00000000 0.00000000
vt 0.00000000 0.00000000
vt 0.00000000 0.00000000
vt 0.00000000 0.00000000
vt 0.00000000 0.00000000
vt 0.00000000 0.00000000
vt 0.00000000 0.00000000
vt 0.00000000 0.00000000
vt 0.00000000 0.00000000
vt 0.00000000 0.00000000
vt 0.00000000 0.00000000
vt 0.00000000 0.00000000
vt 0.00000000 0.00000000
vt 0.00000000 0.00000000
vt 0.00000000 0.00000000
vt 0.00000000 0.00000000
vt 0.00000000 0.00000000
vt 0.00000000 0.00000000
vt 0.00000000 0.00000000
vt 0.00000000 0.00000000
vt 0.00000000 0.00000000
vt 0.00000000 0.00000000
vt 0.00000000 0.00000000
vt 0.00000000 0.00000000
vt 0.00000000 0.00000000
vt 0.00000000 0.00000000
vt 0.00000000 0.00000000
vt 0.00000000 0.00000000
vt 0.00000000 0.00000000
vt 0.00000000 0.00000000
vt 0.00000000 0.00000000
vt 0.00000000 0.00000000
vt 0.00000000 0.00000000
vt 0.00000000 0.00000000
vt 0.00000000 0.00000000
vt 0.00000000 0.00000000
vt 0.00000000 0.00000000
vt 0.00000000 0.00000000
vt 0.00000000 0.00000000
vt 0.00000000 0.00000000
vt 0.00000000 0.00000000
vt 0.00000000 0.00000000
vt 0.00000000 0.00000000
vt 0.00000000 0.00000000
vt 0.00000000 0.00000000
vt 0.00000000 0.00000000
vt 0.00000000 0.00000000
vt 0.00000000 0.00000000
vt 0.00000000 0.00000000
vt 0.00000000 0.00000000
vt 0.00000000 0.00000000
vt 0.00000000 0.00000000
vt 0.00000000 0.00000000
vt 0.00000000 0.00000000
vt 0.00000000 0.00000000
vt 0.00000000 0.00000000
vt 0.00000000 0.00000000
vt 0.00000000 0.00000000
vt 0.00000000 0.00000000
vt 0.00000000 0.00000000
vt 0.00000000 0.00000000
vt 0.00000000 0.00000000
vt 0.00000000 0.00000000
vt 0.00000000 0.00000000
vt 0.00000000 0.00000000
vt 0.00000000 0.00000000
vt 0.00000000 0.00000000
vt 0.00000000 0.00000000
vt 0.00000000 0.00000000
vt 0.00000000 0.00000000
vt 0.00000000 0.00000000
vt 0.00000000 0.00000000
vt 0.00000000 0.00000000
vt 0.00000000 0.00000000
vt 0.00000000 0.00000000
vt 0.00000000 0.00000000
vt 0.00000000 0.00000000
vt 0.00000000 0.00000000
vt 0.00000000 0.00000000
vt 0.00000000 0.00000000
vt 0.00000000 0.00000000
vt 0.00000000 0.00000000
vt 0.00000000 0.00000000
vt 0.00000000 0.00000000
vt 0.00000000 0.00000000
vt 0.00000000 0.00000000
vt 0.00000000 0.00000000
vt 0.00000000 0.00000000
vt 0.00000000 0.00000000
vt 0.00000000 0.00000000
vt 0.00000000 0.00000000
vt 0.00000000 0.00000000
vt 0.00000000 0.00000000
vt 0.00000000 0.00000000
vt 0.00000000 0.00000000
vt 0.00000000 0.00000000
vt 0.00000000 0.00000000
vt 0.00000000 0.00000000
vt 0.00000000 0.00000000
vt 0.00000000 0.00000000
vt 0.00000000 0.00000000
vt 0.00000000 0.00000000
vt 0.00000000 0.00000000
vt 0.00000000 0.00000000
vt 0.00000000 0.00000000
vt 0.00000000 0.00000000
vt 0.00000000 0.00000000
vt 0.00000000 0.00000000
vt 0.00000000 0.00000000
vt 0.00000000 0.00000000
vt 0.00000000 0.00000000
vt 0.00000000 0.00000000
vt 0.00000000 0.00000000
vt 0.00000000 0.00000000
vt 0.00000000 0.00000000
vt 0.00000000 0.00000000
vt 0.00000000 0.00000000
vt 0.00000000 0.00000000
vt 0.00000000 0.00000000
vt 0.00000000 0.00000000
vt 0.00000000 0.00000000
vt 0.00000000 0.00000000
vt 0.00000000 0.00000000
vt 0.00000000 0.00000000
vt 0.00000000 0.00000000
vt 0.00000000 0.00000000
vt 0.00000000 0.00000000
vt 0.00000000 0.00000000
vt 0.00000000 0.00000000
vt 0.00000000 0.00000000
vt 0.00000000 0.00000000
vt 0.00000000 0.00000000
vt 0.00000000 0.00000000
vt 0.00000000 0.00000000
vt 0.00000000 0.00000000
vt 0.00000000 0.00000000
vt 0.00000000 0.00000000
vt 0.00000000 0.00000000
vt 0.00000000 0.00000000
vt 0.00000000 0.00000000
vt 0.00000000 0.00000000
vt 0.00000000 0.00000000
vt 0.00000000 0.00000000
vt 0.00000000 0.00000000
vt 0.00000000 0.00000000
vt 0.00000000 0.00000000
vt 0.00000000 0.00000000
vt 0.00000000 0.00000000
vt 0.00000000 0.00000000
vt 0.00000000 0.00000000
vt 0.00000000 0.00000000
vt 0.00000000 0.00000000
vt 0.00000000 0.00000000
vt 0.00000000 0.00000000
vt 0.00000000 0.00000000
vt 0.00000000 0.00000000
vt 0.00000000 0.00000000
vt 0.00000000 0.00000000
vt 0.00000000 0.00000000
vt 0.00000000 0.00000000
vt 0.00000000 0.00000000
vt 0.00000000 0.00000000
vt 0.00000000 0.00000000
vt 0.00000000 0.00000000
vt 0.00000000 0.00000000
vt 0.00000000 0.00000000
vt 0.00000000 0.00000000
vt 0.00000000 0.00000000
vt 0.00000000 0.00000000
vt 0.00000000 0.00000000
vt 0.00000000 0.00000000
vt 0.00000000 0.00000000
vt 0.00000000 0.00000000
vt 0.00000000 0.00000000
vt 0.00000000 0.00000000
vt 0.00000000 0.00000000
vt 0.00000000 0.00000000
vt 0.00000000 0.00000000
vt 0.00000000 0.00000000
vt 0.00000000 0.00000000
vt 0.00000000 0.00000000
vt 0.00000000 0.00000000
vt 0.00000000 0.00000000
vt 0.00000000 0.00000000
vt 0.00000000 0.00000000
vt 0.00000000 0.00000000
vt 0.00000000 0.00000000
vt 0.00000000 0.00000000
vt 0.00000000 0.00000000
vt 0.00000000 0.00000000
vt 0.00000000 0.00000000
vt 0.00000000 0.00000000
vt 0.00000000 0.00000000
vt 0.00000000 0.00000000
vt 0.00000000 0.00000000
vt 0.00000000 0.00000000
vt 0.00000000 0.00000000
vt 0.00000000 0.00000000
vt 0.00000000 0.00000000
vt 0.00000000 0.00000000
vt 0.00000000 0.00000000
vt 0.00000000 0.00000000
vt 0.00000000 0.00000000
vt 0.00000000 0.00000000
vt 0.00000000 0.00000000
vt 0.00000000 0.00000000
vt 0.00000000 0.00000000
vt 0.00000000 0.00000000
vt 0.00000000 0.00000000
vt 0.00000000 0.00000000
vt 0.00000000 0.00000000
vt 0.00000000 0.00000000
vt 0.00000000 0.00000000
vt 0.00000000 0.00000000
vt 0.00000000 0.00000000
vt 0.00000000 0.00000000
vt 0.00000000 0.00000000
vt 0.00000000 0.00000000
vt 0.00000000 0.00000000
vt 0.00000000 0.00000000
vt 0.00000000 0.00000000
vt 0.00000000 0.00000000
vt 0.00000000 0.00000000
vt 0.00000000 0.00000000
vt 0.00000000 0.00000000
vt 0.00000000 0.00000000
vt 0.00000000 0.00000000
vt 0.00000000 0.00000000
vt 0.00000000 0.00000000
vt 0.00000000 0.00000000
vt 0.00000000 0.00000000
vt 0.00000000 0.00000000
vt 0.00000000 0.00000000
vt 0.00000000 0.00000000
vt 0.00000000 0.00000000
vt 0.00000000 0.00000000
vt 0.00000000 0.00000000
vt 0.00000000 0.00000000
vt 0.00000000 0.00000000
vt 0.00000000 0.00000000
vt 0.00000000 0.00000000
vt 0.00000000 0.00000000
vt 0.00000000 0.00000000
vt 0.00000000 0.00000000
vt 0.00000000 0.00000000
vt 0.00000000 0.00000000
vt 0.00000000 0.00000000
vt 0.00000000 0.00000000
vt 0.00000000 0.00000000
vt 0.00000000 0.00000000
vt 0.00000000 0.00000000
vt 0.00000000 0.00000000
vt 0.00000000 0.00000000
vt 0.00000000 0.00000000
vt 0.00000000 0.00000000
vt 0.00000000 0.00000000
vt 0.00000000 0.00000000
vt 0.00000000 0.00000000
vt 0.00000000 0.00000000
vt 0.00000000 0.00000000
vt 0.00000000 0.00000000
vt 0.00000000 0.00000000
vt 0.00000000 0.00000000
vt 0.00000000 0.00000000
vt 0.00000000 0.00000000
vt 0.00000000 0.00000000
vt 0.00000000 0.00000000
vt 0.00000000 0.00000000
vt 0.00000000 0.00000000
vt 0.00000000 0.00000000
vt 0.00000000 0.00000000
vt 0.00000000 0.00000000
vt 0.00000000 0.00000000
vt 0.00000000 0.00000000
vt 0.00000000 0.00000000
vt 0.00000000 0.00000000
vt 0.00000000 0.00000000
vt 0.00000000 0.00000000
vt 0.00000000 0.00000000
vt 0.00000000 0.00000000
vt 0.00000000 0.00000000
vt 0.00000000 0.00000000
vt 0.00000000 0.00000000
vt 0.00000000 0.00000000
vt 0.00000000 0.00000000
vt 0.00000000 0.00000000
vt 0.00000000 0.00000000
vt 0.00000000 0.00000000
vt 0.00000000 0.00000000
vt 0.00000000 0.00000000
vt 0.00000000 0.00000000
vt 0.00000000 0.00000000
vt 0.00000000 0.00000000
vt 0.00000000 0.00000000
vt 0.00000000 0.00000000
vt 0.00000000 0.00000000
vt 0.00000000 0.00000000
vt 0.00000000 0.00000000
vt 0.00000000 0.00000000
vt 0.00000000 0.00000000
vt 0.00000000 0.00000000
vt 0.00000000 0.00000000
vt 0.00000000 0.00000000
vt 0.00000000 0.00000000
vt 0.00000000 0.00000000
vt 0.00000000 0.00000000
vt 0.00000000 0.00000000
vt 0.00000000 0.00000000
vt 0.00000000 0.00000000
vt 0.00000000 0.00000000
vt 0.00000000 0.00000000
vt 0.00000000 0.00000000
vt 0.00000000 0.00000000
vt 0.00000000 0.00000000
vt 0.00000000 0.00000000
vt 0.00000000 0.00000000
vt 0.00000000 0.00000000
vt 0.00000000 0.00000000
vt 0.00000000 0.00000000
vt 0.00000000 0.00000000
vt 0.00000000 0.00000000
vt 0.00000000 0.00000000
vt 0.00000000 0.00000000
vt 0.00000000 0.00000000
vt 0.00000000 0.00000000
vt 0.00000000 0.00000000
vt 0.00000000 0.00000000
vt 0.00000000 0.00000000
vt 0.00000000 0.00000000
vt 0.00000000 0.00000000
vt 0.00000000 0.00000000
vt 0.00000000 0.00000000
vt 0.00000000 0.00000000
vt 0.00000000 0.00000000
vt 0.00000000 0.00000000
vt 0.00000000 0.00000000
vt 0.00000000 0.00000000
vt 0.00000000 0.00000000
vt 0.00000000 0.00000000
vt 0.00000000 0.00000000
vt 0.00000000 0.00000000
vt 0.00000000 0.00000000
vt 0.00000000 0.00000000
vt 0.00000000 0.00000000
vt 0.00000000 0.00000000
vt 0.00000000 0.00000000
vt 0.00000000 0.00000000
vt 0.00000000 0.00000000
vt 0.00000000 0.00000000
vt 0.00000000 0.00000000
vt 0.00000000 0.00000000
vt 0.00000000 0.00000000
vt 0.00000000 0.00000000
vt 0.00000000 0.00000000
vt 0.00000000 0.00000000
vt 0.00000000 0.00000000
vt 0.00000000 0.00000000
vt 0.00000000 0.00000000
vt 0.00000000 0.00000000
vt 0.00000000 0.00000000
vt 0.00000000 0.00000000
vt 0.00000000 0.00000000
vt 0.00000000 0.00000000
vt 0.00000000 0.00000000
vt 0.00000000 0.00000000
vt 0.00000000 0.00000000
vt 0.00000000 0.00000000
vt 0.00000000 0.00000000
vt 0.00000000 0.00000000
vt 0.00000000 0.00000000
vt 0.00000000 0.00000000
vt 0.00000000 0.00000000
vt 0.00000000 0.00000000
vt 0.00000000 0.00000000
vt 0.00000000 0.00000000
vt 0.00000000 0.00000000
vt 0.00000000 0.00000000
vt 0.00000000 0.00000000
vt 0.00000000 0.00000000
vt 0.00000000 0.00000000
vt 0.00000000 0.00000000
vt 0.00000000 0.00000000
vt 0.00000000 0.00000000
vt 0.00000000 0.00000000
vt 0.00000000 0.00000000
vt 0.00000000 0.00000000
vt 0.00000000 0.00000000
vt 0.00000000 0.00000000
vt 0.00000000 0.00000000
vt 0.00000000 0.00000000
vt 0.00000000 0.00000000
vt 0.00000000 0.00000000
vt 0.00000000 0.00000000
vt 0.00000000 0.00000000
vt 0.00000000 0.00000000
vt 0.00000000 0.00000000
vt 0.00000000 0.00000000
vt 0.00000000 0.00000000
vt 0.00000000 0.00000000
vt 0.00000000 0.00000000
vt 0.00000000 0.00000000
vt 0.00000000 0.00000000
vt 0.00000000 0.00000000
vt 0.00000000 0.00000000
vt 0.00000000 0.00000000
vt 0.00000000 0.00000000
vt 0.00000000 0.00000000
vt 0.00000000 0.00000000
vt 0.00000000 0.00000000
vt 0.00000000 0.00000000
vt 0.00000000 0.00000000
vt 0.00000000 0.00000000
vt 0.00000000 0.00000000
vt 0.00000000 0.00000000
vt 0.00000000 0.00000000
vt 0.00000000 0.00000000
vt 0.00000000 0.00000000
vt 0.00000000 0.00000000
vt 0.00000000 0.00000000
vt 0.00000000 0.00000000
vt 0.00000000 0.00000000
vt 0.00000000 0.00000000
vt 0.00000000 0.00000000
vt 0.00000000 0.00000000
vt 0.00000000 0.00000000
vt 0.00000000 0.00000000
vt 0.00000000 0.00000000
vt 0.00000000 0.00000000
vt 0.00000000 0.00000000
vt 0.00000000 0.00000000
vt 0.00000000 0.00000000
vt 0.00000000 0.00000000
vt 0.00000000 0.00000000
vt 0.00000000 0.00000000
vt 0.00000000 0.00000000
vt 0.00000000 0.00000000
vt 0.00000000 0.00000000
vt 0.00000000 0.00000000
vt 0.00000000 0.00000000
vt 0.00000000 0.00000000
vt 0.00000000 0.00000000
vt 0.00000000 0.00000000
vt 0.00000000 0.00000000
vt 0.00000000 0.00000000
vt 0.00000000 0.00000000
vt 0.00000000 0.00000000
vt 0.00000000 0.00000000
vt 0.00000000 0.00000000
vt 0.00000000 0.00000000
vt 0.00000000 0.00000000
vt 0.00000000 0.00000000
vt 0.00000000 0.00000000
vt 0.00000000 0.00000000
vt 0.00000000 0.00000000
vt 0.00000000 0.00000000
vt 0.00000000 0.00000000
vt 0.00000000 0.00000000
vt 0.00000000 0.00000000
vt 0.00000000 0.00000000
vt 0.00000000 0.00000000
vt 0.00000000 0.00000000
vt 0.00000000 0.00000000
vt 0.00000000 0.00000000
vt 0.00000000 0.00000000
vt 0.00000000 0.00000000
vt 0.00000000 0.00000000
vt 0.00000000 0.00000000
vt 0.00000000 0.00000000
vt 0.00000000 0.00000000
vt 0.00000000 0.00000000
vt 0.00000000 0.00000000
vt 0.00000000 0.00000000
vt 0.00000000 0.00000000
vt 0.00000000 0.00000000
vt 0.00000000 0.00000000
vt 0.00000000 0.00000000
vt 0.00000000 0.00000000
vt 0.00000000 0.00000000
vt 0.00000000 0.00000000
vt 0.00000000 0.00000000
vt 0.00000000 0.00000000
vt 0.00000000 0.00000000
vt 0.00000000 0.00000000
vt 0.00000000 0.00000000
vt 0.00000000 0.00000000
vt 0.00000000 0.00000000
vt 0.00000000 0.00000000
vt 0.00000000 0.00000000
vt 0.00000000 0.00000000
vt 0.00000000 0.00000000
vt 0.00000000 0.00000000
vt 0.00000000 0.00000000
vt 0.00000000 0.00000000
vt 0.00000000 0.00000000
vt 0.00000000 0.00000000
vt 0.00000000 0.00000000
vt 0.00000000 0.00000000
vt 0.00000000 0.00000000
vt 0.00000000 0.00000000
vt 0.00000000 0.00000000
vt 0.00000000 0.00000000
vt 0.00000000 0.00000000
vt 0.00000000 0.00000000
vt 0.00000000 0.00000000
vt 0.00000000 0.00000000
vt 0.00000000 0.00000000
vt 0.00000000 0.00000000
vt 0.00000000 0.00000000
vt 0.00000000 0.00000000
vt 0.00000000 0.00000000
vt 0.00000000 0.00000000
vt 0.00000000 0.00000000
vt 0.00000000 0.00000000
vt 0.00000000 0.00000000
vt 0.00000000 0.00000000
vt 0.00000000 0.00000000
vt 0.00000000 0.00000000
vt 0.00000000 0.00000000
vt 0.00000000 0.00000000
vt 0.00000000 0.00000000
vt 0.00000000 0.00000000
vt 0.00000000 0.00000000
vt 0.00000000 0.00000000
vt 0.00000000 0.00000000
vt 0.00000000 0.00000000
vt 0.00000000 0.00000000
vt 0.00000000 0.00000000
vt 0.00000000 0.00000000
vt 0.00000000 0.00000000
vt 0.00000000 0.00000000
vt 0.00000000 0.00000000
vt 0.00000000 0.00000000
vt 0.00000000 0.00000000
vt 0.00000000 0.00000000
vt 0.00000000 0.00000000
vt 0.00000000 0.00000000
vt 0.00000000 0.00000000
vt 0.00000000 0.00000000
vt 0.00000000 0.00000000
vt 0.00000000 0.00000000
vt 0.00000000 0.00000000
vt 0.00000000 0.00000000
vt 0.00000000 0.00000000
vt 0.00000000 0.00000000
vt 0.00000000 0.00000000
vt 0.00000000 0.00000000
vt 0.00000000 0.00000000
vt 0.00000000 0.00000000
vt 0.00000000 0.00000000
vt 0.00000000 0.00000000
vt 0.00000000 0.00000000
vt 0.00000000 0.00000000
vt 0.00000000 0.00000000
vt 0.00000000 0.00000000
vt 0.00000000 0.00000000
vt 0.00000000 0.00000000
vt 0.00000000 0.00000000
vt 0.00000000 0.00000000
vt 0.00000000 0.00000000
vt 0.00000000 0.00000000
vt 0.00000000 0.00000000
vt 0.00000000 0.00000000
vt 0.00000000 0.00000000
vt 0.00000000 0.00000000
vt 0.00000000 0.00000000
vt 0.00000000 0.00000000
vt 0.00000000 0.00000000
vt 0.00000000 0.00000000
vt 0.00000000 0.00000000
vt 0.00000000 0.00000000
vt 0.00000000 0.00000000
vt 0.00000000 0.00000000
vt 0.00000000 0.00000000
vt 0.00000000 0.00000000
vt 0.00000000 0.00000000
vt 0.00000000 0.00000000
vt 0.00000000 0.00000000
vt 0.00000000 0.00000000
vt 0.00000000 0.00000000
vt 0.00000000 0.00000000
vt 0.00000000 0.00000000
vt 0.00000000 0.00000000
vt 0.00000000 0.00000000
vt 0.00000000 0.00000000
vt 0.00000000 0.00000000
vt 0.00000000 0.00000000
vt 0.00000000 0.00000000
vt 0.00000000 0.00000000
vt 0.00000000 0.00000000
vt 0.00000000 0.00000000
vt 0.00000000 0.00000000
vt 0.00000000 0.00000000
vt 0.00000000 0.00000000
vt 0.00000000 0.00000000
vt 0.00000000 0.00000000
vt 0.00000000 0.00000000
vt 0.00000000 0.00000000
vt 0.00000000 0.00000000
vt 0.00000000 0.00000000
vt 0.00000000 0.00000000
vt 0.00000000 0.00000000
vt 0.00000000 0.00000000
vt 0.00000000 0.00000000
vt 0.00000000 0.00000000
vt 0.00000000 0.00000000
vt 0.00000000 0.00000000
vt 0.00000000 0.00000000
vt 0.00000000 0.00000000
vt 0.00000000 0.00000000
vt 0.00000000 0.00000000
vt 0.00000000 0.00000000
vt 0.00000000 0.00000000
vt 0.00000000 0.00000000
vt 0.00000000 0.00000000
vt 0.00000000 0.00000000
vt 0.00000000 0.00000000
vt 0.00000000 0.00000000
vt 0.00000000 0.00000000
vt 0.00000000 0.00000000
vt 0.00000000 0.00000000
vt 0.00000000 0.00000000
vt 0.00000000 0.00000000
vt 0.00000000 0.00000000
vt 0.00000000 0.00000000
vt 0.00000000 0.00000000
vt 0.00000000 0.00000000
vt 0.00000000 0.00000000
vt 0.00000000 0.00000000
vt 0.00000000 0.00000000
vt 0.00000000 0.00000000
vt 0.00000000 0.00000000
vt 0.00000000 0.00000000
vt 0.00000000 0.00000000
vt 0.00000000 0.00000000
vt 0.00000000 0.00000000
vt 0.00000000 0.00000000
vt 0.00000000 0.00000000
vt 0.00000000 0.00000000
vt 0.00000000 0.00000000
vt 0.00000000 0.00000000
vt 0.00000000 0.00000000
vt 0.00000000 0.00000000
vt 0.00000000 0.00000000
vt 0.00000000 0.00000000
vt 0.00000000 0.00000000
vt 0.00000000 0.00000000
vt 0.00000000 0.00000000
vt 0.00000000 0.00000000
vt 0.00000000 0.00000000
vt 0.00000000 0.00000000
vt 0.00000000 0.00000000
vt 0.00000000 0.00000000
vt 0.00000000 0.00000000
vt 0.00000000 0.00000000
vt 0.00000000 0.00000000
vt 0.00000000 0.00000000
vt 0.00000000 0.00000000
vt 0.00000000 0.00000000
vt 0.00000000 0.00000000
vt 0.00000000 0.00000000
vt 0.00000000 0.00000000
vt 0.00000000 0.00000000
vt 0.00000000 0.00000000
vt 0.00000000 0.00000000
vt 0.00000000 0.00000000
vt 0.00000000 0.00000000
vt 0.00000000 0.00000000
vt 0.00000000 0.00000000
vt 0.00000000 0.00000000
vt 0.00000000 0.00000000
vt 0.00000000 0.00000000
vt 0.00000000 0.00000000
vt 0.00000000 0.00000000
vt 0.00000000 0.00000000
vt 0.00000000 0.00000000
vt 0.00000000 0.00000000
vt 0.00000000 0.00000000
vt 0.00000000 0.00000000
vt 0.00000000 0.00000000
vt 0.00000000 0.00000000
vt 0.00000000 0.00000000
vt 0.00000000 0.00000000
vt 0.00000000 0.00000000
vt 0.00000000 0.00000000
vt 0.00000000 0.00000000
vt 0.00000000 0.00000000
vt 0.00000000 0.00000000
vt 0.00000000 0.00000000
vt 0.00000000 0.00000000
vt 0.00000000 0.00000000
vt 0.00000000 0.00000000
vt 0.00000000 0.00000000
vt 0.00000000 0.00000000
vt 0.00000000 0.00000000
vt 0.00000000 0.00000000
vt 0.00000000 0.00000000
vt 0.00000000 0.00000000
vt 0.00000000 0.00000000
vt 0.00000000 0.00000000
vt 0.00000000 0.00000000
vt 0.00000000 0.00000000
vt 0.00000000 0.00000000
vt 0.00000000 0.00000000
vt 0.00000000 0.00000000
vt 0.00000000 0.00000000
vt 0.00000000 0.00000000
vt 0.00000000 0.00000000
vt 0.00000000 0.00000000
vt 0.00000000 0.00000000
vt 0.00000000 0.00000000
vt 0.00000000 0.00000000
vt 0.00000000 0.00000000
vt 0.00000000 0.00000000
vt 0.00000000 0.00000000
vt 0.00000000 0.00000000
vt 0.00000000 0.00000000
vt 0.00000000 0.00000000
vt 0.00000000 0.00000000
vt 0.00000000 0.00000000
vt 0.00000000 0.00000000
vt 0.00000000 0.00000000
vt 0.00000000 0.00000000
vt 0.00000000 0.00000000
vt 0.00000000 0.00000000
vt 0.00000000 0.00000000
vt 0.00000000 0.00000000
vt 0.00000000 0.00000000
vt 0.00000000 0.00000000
vt 0.00000000 0.00000000
vt 0.00000000 0.00000000
vt 0.00000000 0.00000000
vt 0.00000000 0.00000000
vt 0.00000000 0.00000000
vt 0.00000000 0.00000000
vt 0.00000000 0.00000000
vt 0.00000000 0.00000000
vt 0.00000000 0.00000000
vt 0.00000000 0.00000000
vt 0.00000000 0.00000000
vt 0.00000000 0.00000000
vt 0.00000000 0.00000000
vt 0.00000000 0.00000000
vt 0.00000000 0.00000000
vt 0.00000000 0.00000000
vt 0.00000000 0.00000000
vt 0.00000000 0.00000000
vt 0.00000000 0.00000000
vt 0.00000000 0.00000000
vt 0.00000000 0.00000000
vt 0.00000000 0.00000000
vt 0.00000000 0.00000000
vt 0.00000000 0.00000000
vt 0.00000000 0.00000000
vt 0.00000000 0.00000000
vt 0.00000000 0.00000000
vt 0.00000000 0.00000000
vt 0.00000000 0.00000000
vt 0.00000000 0.00000000
vt 0.00000000 0.00000000
vt 0.00000000 0.00000000
vt 0.00000000 0.00000000
vt 0.00000000 0.00000000
vt 0.00000000 0.00000000
vt 0.00000000 0.00000000
vt 0.00000000 0.00000000
vt 0.00000000 0.00000000
vt 0.00000000 0.00000000
vt 0.00000000 0.00000000
vt 0.00000000 0.00000000
vt 0.00000000 0.00000000
vt 0.00000000 0.00000000
vt 0.00000000 0.00000000
vt 0.00000000 0.00000000
vt 0.00000000 0.00000000
vt 0.00000000 0.00000000
vt 0.00000000 0.00000000
vt 0.00000000 0.00000000
vt 0.00000000 0.00000000
vt 0.00000000 0.00000000
vt 0.00000000 0.00000000
vt 0.00000000 0.00000000
vt 0.00000000 0.00000000
vt 0.00000000 0.00000000
vt 0.00000000 0.00000000
vt 0.00000000 0.00000000
vt 0.00000000 0.00000000
vt 0.00000000 0.00000000
vt 0.00000000 0.00000000
vt 0.00000000 0.00000000
vt 0.00000000 0.00000000
vt 0.00000000 0.00000000
vt 0.00000000 0.00000000
vt 0.00000000 0.00000000
vt 0.00000000 0.00000000
vt 0.00000000 0.00000000
vt 0.00000000 0.00000000
vt 0.00000000 0.00000000
vt 0.00000000 0.00000000
vt 0.00000000 0.00000000
vt 0.00000000 0.00000000
vt 0.00000000 0.00000000
vt 0.00000000 0.00000000
vt 0.00000000 0.00000000
vt 0.00000000 0.00000000
vt 0.00000000 0.00000000
vt 0.00000000 0.00000000
vt 0.00000000 0.00000000
vt 0.00000000 0.00000000
vt 0.00000000 0.00000000
vt 0.00000000 0.00000000
vt 0.00000000 0.00000000
vt 0.00000000 0.00000000
vt 0.00000000 0.00000000
vt 0.00000000 0.00000000
vt 0.00000000 0.00000000
vt 0.00000000 0.00000000
vt 0.00000000 0.00000000
vt 0.00000000 0.00000000
vt 0.00000000 0.00000000
vt 0.00000000 0.00000000
vt 0.00000000 0.00000000
vt 0.00000000 0.00000000
vt 0.00000000 0.00000000
vt 0.00000000 0.00000000
vt 0.00000000 0.00000000
vt 0.00000000 0.00000000
vt 0.00000000 0.00000000
vt 0.00000000 0.00000000
vt 0.00000000 0.00000000
vt 0.00000000 0.00000000
vt 0.00000000 0.00000000
vt 0.00000000 0.00000000
vt 0.00000000 0.00000000
vt 0.00000000 0.00000000
vt 0.00000000 0.00000000
vt 0.00000000 0.00000000
vt 0.00000000 0.00000000
vt 0.00000000 0.00000000
vt 0.00000000 0.00000000
vt 0.00000000 0.00000000
vt 0.00000000 0.00000000
vt 0.00000000 0.00000000
vt 0.00000000 0.00000000
vt 0.00000000 0.00000000
vt 0.00000000 0.00000000
vt 0.00000000 0.00000000
vt 0.00000000 0.00000000
vt 0.00000000 0.00000000
vt 0.00000000 0.00000000
vt 0.00000000 0.00000000
vt 0.00000000 0.00000000
vt 0.00000000 0.00000000
vt 0.00000000 0.00000000
vt 0.00000000 0.00000000
vt 0.00000000 0.00000000
vt 0.00000000 0.00000000
vt 0.00000000 0.00000000
vt 0.00000000 0.00000000
vt 0.00000000 0.00000000
vt 0.00000000 0.00000000
vt 0.00000000 0.00000000
vt 0.00000000 0.00000000
vt 0.00000000 0.00000000
vt 0.00000000 0.00000000
vt 0.00000000 0.00000000
vt 0.00000000 0.00000000
vt 0.00000000 0.00000000
vt 0.00000000 0.00000000
vt 0.00000000 0.00000000
vt 0.00000000 0.00000000
vt 0.00000000 0.00000000
vt 0.00000000 0.00000000
vt 0.00000000 0.00000000
vt 0.00000000 0.00000000
vt 0.00000000 0.00000000
vt 0.00000000 0.00000000
vt 0.00000000 0.00000000
vt 0.00000000 0.00000000
vt 0.00000000 0.00000000
vt 0.00000000 0.00000000
vt 0.00000000 0.00000000
vt 0.00000000 0.00000000
vt 0.00000000 0.00000000
vt 0.00000000 0.00000000
vt 0.00000000 0.00000000
vt 0.00000000 0.00000000
vt 0.00000000 0.00000000
vt 0.00000000 0.00000000
vt 0.00000000 0.00000000
vt 0.00000000 0.00000000
vt 0.00000000 0.00000000
vt 0.00000000 0.00000000
vt 0.00000000 0.00000000
vt 0.00000000 0.00000000
vt 0.00000000 0.00000000
vt 0.00000000 0.00000000
vt 0.00000000 0.00000000
vt 0.00000000 0.00000000
vt 0.00000000 0.00000000
vt 0.00000000 0.00000000
vt 0.00000000 0.00000000
vt 0.00000000 0.00000000
vt 0.00000000 0.00000000
vt 0.00000000 0.00000000
vt 0.00000000 0.00000000
vt 0.00000000 0.00000000
vt 0.00000000 0.00000000
vt 0.00000000 0.00000000
vt 0.00000000 0.00000000
vt 0.00000000 0.00000000
vt 0.00000000 0.00000000
vt 0.00000000 0.00000000
vt 0.00000000 0.00000000
vt 0.00000000 0.00000000
vt 0.00000000 0.00000000
vt 0.00000000 0.00000000
vt 0.00000000 0.00000000
vt 0.00000000 0.00000000
vt 0.00000000 0.00000000
vt 0.00000000 0.00000000
vt 0.00000000 0.00000000
vt 0.00000000 0.00000000
vt 0.00000000 0.00000000
vt 0.00000000 0.00000000
vt 0.00000000 0.00000000
vt 0.00000000 0.00000000
vt 0.00000000 0.00000000
vt 0.00000000 0.00000000
vt 0.00000000 0.00000000
vt 0.00000000 0.00000000
vt 0.00000000 0.00000000
vt 0.00000000 0.00000000
vt 0.00000000 0.00000000
vt 0.00000000 0.00000000
vt 0.00000000 0.00000000
vt 0.00000000 0.00000000
vt 0.00000000 0.00000000
vt 0.00000000 0.00000000
vt 0.00000000 0.00000000
vt 0.00000000 0.00000000
vt 0.00000000 0.00000000
vt 0.00000000 0.00000000
vt 0.00000000 0.00000000
vt 0.00000000 0.00000000
vt 0.00000000 0.00000000
vt 0.00000000 0.00000000
vt 0.00000000 0.00000000
vt 0.00000000 0.00000000
vt 0.00000000 0.00000000
vt 0.00000000 0.00000000
vt 0.00000000 0.00000000
vt 0.00000000 0.00000000
vt 0.00000000 0.00000000
vt 0.00000000 0.00000000
vt 0.00000000 0.00000000
vt 0.00000000 0.00000000
vt 0.00000000 0.00000000
vt 0.00000000 0.00000000
vt 0.00000000 0.00000000
vt 0.00000000 0.00000000
vt 0.00000000 0.00000000
vt 0.00000000 0.00000000
vt 0.00000000 0.00000000
vt 0.00000000 0.00000000
vt 0.00000000 0.00000000
vt 0.00000000 0.00000000
vt 0.00000000 0.00000000
vt 0.00000000 0.00000000
vt 0.00000000 0.00000000
vt 0.00000000 0.00000000
vt 0.00000000 0.00000000
vt 0.00000000 0.00000000
vt 0.00000000 0.00000000
vt 0.00000000 0.00000000
vt 0.00000000 0.00000000
vt 0.00000000 0.00000000
vt 0.00000000 0.00000000
vt 0.00000000 0.00000000
vt 0.00000000 0.00000000
vt 0.00000000 0.00000000
vt 0.00000000 0.00000000
vt 0.00000000 0.00000000
vt 0.00000000 0.00000000
vt 0.00000000 0.00000000
vt 0.00000000 0.00000000
vt 0.00000000 0.00000000
vt 0.00000000 0.00000000
vt 0.00000000 0.00000000
vt 0.00000000 0.00000000
vt 0.00000000 0.00000000
vt 0.00000000 0.00000000
vt 0.00000000 0.00000000
vt 0.00000000 0.00000000
vt 0.00000000 0.00000000
vt 0.00000000 0.00000000
vt 0.00000000 0.00000000
vt 0.00000000 0.00000000
vt 0.00000000 0.00000000
vt 0.00000000 0.00000000
vt 0.00000000 0.00000000
vt 0.00000000 0.00000000
vt 0.00000000 0.00000000
vt 0.00000000 0.00000000
vt 0.00000000 0.00000000
vt 0.00000000 0.00000000
vt 0.00000000 0.00000000
vt 0.00000000 0.00000000
vt 0.00000000 0.00000000
vt 0.00000000 0.00000000
vt 0.00000000 0.00000000
vt 0.00000000 0.00000000
vt 0.00000000 0.00000000
vt 0.00000000 0.00000000
vt 0.00000000 0.00000000
vt 0.00000000 0.00000000
vt 0.00000000 0.00000000
vt 0.00000000 0.00000000
vt 0.00000000 0.00000000
vt 0.00000000 0.00000000
vt 0.00000000 0.00000000
vt 0.00000000 0.00000000
vt 0.00000000 0.00000000
vt 0.00000000 0.00000000
vt 0.00000000 0.00000000
vt 0.00000000 0.00000000
vt 0.00000000 0.00000000
vt 0.00000000 0.00000000
vt 0.00000000 0.00000000
vt 0.00000000 0.00000000
vt 0.00000000 0.00000000
vt 0.00000000 0.00000000
vt 0.00000000 0.00000000
vt 0.00000000 0.00000000
vt 0.00000000 0.00000000
vt 0.00000000 0.00000000
vt 0.00000000 0.00000000
vt 0.00000000 0.00000000
vt 0.00000000 0.00000000
vt 0.00000000 0.00000000
vt 0.00000000 0.00000000
vt 0.00000000 0.00000000
vt 0.00000000 0.00000000
vt 0.00000000 0.00000000
vt 0.00000000 0.00000000
vt 0.00000000 0.00000000
vt 0.00000000 0.00000000
vt 0.00000000 0.00000000
vt 0.00000000 0.00000000
vt 0.00000000 0.00000000
vt 0.00000000 0.00000000
vt 0.00000000 0.00000000
vt 0.00000000 0.00000000
vt 0.00000000 0.00000000
vt 0.00000000 0.00000000
vt 0.00000000 0.00000000
vt 0.00000000 0.00000000
vt 0.00000000 0.00000000
vt 0.00000000 0.00000000
vt 0.00000000 0.00000000
vt 0.00000000 0.00000000
vt 0.00000000 0.00000000
vt 0.00000000 0.00000000
vt 0.00000000 0.00000000
vt 0.00000000 0.00000000
vt 0.00000000 0.00000000
vt 0.00000000 0.00000000
vt 0.00000000 0.00000000
vt 0.00000000 0.00000000
vt 0.00000000 0.00000000
vt 0.00000000 0.00000000
vt 0.00000000 0.00000000
vt 0.00000000 0.00000000
vt 0.00000000 0.00000000
vt 0.00000000 0.00000000
vt 0.00000000 0.00000000
vt 0.00000000 0.00000000
vt 0.00000000 0.00000000
vt 0.00000000 0.00000000
vt 0.00000000 0.00000000
vt 0.00000000 0.00000000
vt 0.00000000 0.00000000
vt 0.00000000 0.00000000
vt 0.00000000 0.00000000
vt 0.00000000 0.00000000
vt 0.00000000 0.00000000
vt 0.00000000 0.00000000
vt 0.00000000 0.00000000
vt 0.00000000 0.00000000
vt 0.00000000 0.00000000
vt 0.00000000 0.00000000
vt 0.00000000 0.00000000
vt 0.00000000 0.00000000
vt 0.00000000 0.00000000
vt 0.00000000 0.00000000
vt 0.00000000 0.00000000
vt 0.00000000 0.00000000
vt 0.00000000 0.00000000
vt 0.00000000 0.00000000
vt 0.00000000 0.00000000
vt 0.00000000 0.00000000
vt 0.00000000 0.00000000
vt 0.00000000 0.00000000
vt 0.00000000 0.00000000
vt 0.00000000 0.00000000
vt 0.00000000 0.00000000
vt 0.00000000 0.00000000
vt 0.00000000 0.00000000
vt 0.00000000 0.00000000
vt 0.00000000 0.00000000
vt 0.00000000 0.00000000
vt 0.00000000 0.00000000
vt 0.00000000 0.00000000
vt 0.00000000 0.00000000
vt 0.00000000 0.00000000
vt 0.00000000 0.00000000
vt 0.00000000 0.00000000
vt 0.00000000 0.00000000
vt 0.00000000 0.00000000
vt 0.00000000 0.00000000
vt 0.00000000 0.00000000
vt 0.00000000 0.00000000
vt 0.00000000 0.00000000
vt 0.00000000 0.00000000
vt 0.00000000 0.00000000
vt 0.00000000 0.00000000
vt 0.00000000 0.00000000
vt 0.00000000 0.00000000
vt 0.00000000 0.00000000
vt 0.00000000 0.00000000
vt 0.00000000 0.00000000
vt 0.00000000 0.00000000
vt 0.00000000 0.00000000
vt 0.00000000 0.00000000
vt 0.00000000 0.00000000
vt 0.00000000 0.00000000
vt 0.00000000 0.00000000
vt 0.00000000 0.00000000
vt 0.00000000 0.00000000
vt 0.00000000 0.00000000
vt 0.00000000 0.00000000
vt 0.00000000 0.00000000
vt 0.00000000 0.00000000
vt 0.00000000 0.00000000
vt 0.00000000 0.00000000
vt 0.00000000 0.00000000
vt 0.00000000 0.00000000
vt 0.00000000 0.00000000
vt 0.00000000 0.00000000
vt 0.00000000 0.00000000
vt 0.00000000 0.00000000
vt 0.00000000 0.00000000
vt 0.00000000 0.00000000
vt 0.00000000 0.00000000
vt 0.00000000 0.00000000
vt 0.00000000 0.00000000
vt 0.00000000 0.00000000
vt 0.00000000 0.00000000
vt 0.00000000 0.00000000
vt 0.00000000 0.00000000
vt 0.00000000 0.00000000
vt 0.00000000 0.00000000
vt 0.00000000 0.00000000
vt 0.00000000 0.00000000
vt 0.00000000 0.00000000
vt 0.00000000 0.00000000
vt 0.00000000 0.00000000
vt 0.00000000 0.00000000
vt 0.00000000 0.00000000
vt 0.00000000 0.00000000
vt 0.00000000 0.00000000
vt 0.00000000 0.00000000
vt 0.00000000 0.00000000
vt 0.00000000 0.00000000
vt 0.00000000 0.00000000
vt 0.00000000 0.00000000
vt 0.00000000 0.00000000
vt 0.00000000 0.00000000
vt 0.00000000 0.00000000
vt 0.00000000 0.00000000
vt 0.00000000 0.00000000
vt 0.00000000 0.00000000
vt 0.00000000 0.00000000
vt 0.00000000 0.00000000
vt 0.00000000 0.00000000
vt 0.00000000 0.00000000
vt 0.00000000 0.00000000
vt 0.00000000 0.00000000
vt 0.00000000 0.00000000
vt 0.00000000 0.00000000
vt 0.00000000 0.00000000
vt 0.00000000 0.00000000
vt 0.00000000 0.00000000
vt 0.00000000 0.00000000
vt 0.00000000 0.00000000
vt 0.00000000 0.00000000
vt 0.00000000 0.00000000
vt 0.00000000 0.00000000
vt 0.00000000 0.00000000
vt 0.00000000 0.00000000
vt 0.00000000 0.00000000
vt 0.00000000 0.00000000
vt 0.00000000 0.00000000
vt 0.00000000 0.00000000
vt 0.00000000 0.00000000
vt 0.00000000 0.00000000
vt 0.00000000 0.00000000
vt 0.00000000 0.00000000
vt 0.00000000 0.00000000
vt 0.00000000 0.00000000
vt 0.00000000 0.00000000
vt 0.00000000 0.00000000
vt 0.00000000 0.00000000
vt 0.00000000 0.00000000
vt 0.00000000 0.00000000
vt 0.00000000 0.00000000
vt 0.00000000 0.00000000
vt 0.00000000 0.00000000
vt 0.00000000 0.00000000
vt 0.00000000 0.00000000
vt 0.00000000 0.00000000
vt 0.00000000 0.00000000
vt 0.00000000 0.00000000
vt 0.00000000 0.00000000
vt 0.00000000 0.00000000
vt 0.00000000 0.00000000
vt 0.00000000 0.00000000
vt 0.00000000 0.00000000
vt 0.00000000 0.00000000
vt 0.00000000 0.00000000
vt 0.00000000 0.00000000
vt 0.00000000 0.00000000
vt 0.00000000 0.00000000
vt 0.00000000 0.00000000
vt 0.00000000 0.00000000
vt 0.00000000 0.00000000
vt 0.00000000 0.00000000
vt 0.00000000 0.00000000
vt 0.00000000 0.00000000
vt 0.00000000 0.00000000
vt 0.00000000 0.00000000
vt 0.00000000 0.00000000
vt 0.00000000 0.00000000
vt 0.00000000 0.00000000
vt 0.00000000 0.00000000
vt 0.00000000 0.00000000
vt 0.00000000 0.00000000
vt 0.00000000 0.00000000
vt 0.00000000 0.00000000
vt 0.00000000 0.00000000
vt 0.00000000 0.00000000
vt 0.00000000 0.00000000
vt 0.00000000 0.00000000
vt 0.00000000 0.00000000
vt 0.00000000 0.00000000
vt 0.00000000 0.00000000
vt 0.00000000 0.00000000
vt 0.00000000 0.00000000
vt 0.00000000 0.00000000
vt 0.00000000 0.00000000
vt 0.00000000 0.00000000
vt 0.00000000 0.00000000
vt 0.00000000 0.00000000
vt 0.00000000 0.00000000
vt 0.00000000 0.00000000
vt 0.00000000 0.00000000
vt 0.00000000 0.00000000
vt 0.00000000 0.00000000
vt 0.00000000 0.00000000
vt 0.00000000 0.00000000
vt 0.00000000 0.00000000
vt 0.00000000 0.00000000
vt 0.00000000 0.00000000
vt 0.00000000 0.00000000
vt 0.00000000 0.00000000
vt 0.00000000 0.00000000
vt 0.00000000 0.00000000
vt 0.00000000 0.00000000
vt 0.00000000 0.00000000
vt 0.00000000 0.00000000
vt 0.00000000 0.00000000
vt 0.00000000 0.00000000
vt 0.00000000 0.00000000
vt 0.00000000 0.00000000
vt 0.00000000 0.00000000
vt 0.00000000 0.00000000
vt 0.00000000 0.00000000
vt 0.00000000 0.00000000
vt 0.00000000 0.00000000
vt 0.00000000 0.00000000
vt 0.00000000 0.00000000
vt 0.00000000 0.00000000
vt 0.00000000 0.00000000
vt 0.00000000 0.00000000
vt 0.00000000 0.00000000
vt 0.00000000 0.00000000
vt 0.00000000 0.00000000
vt 0.00000000 0.00000000
vt 0.00000000 0.00000000
vt 0.00000000 0.00000000
vt 0.00000000 0.00000000
vt 0.00000000 0.00000000
vt 0.00000000 0.00000000
vt 0.00000000 0.00000000
vt 0.00000000 0.00000000
vt 0.00000000 0.00000000
vt 0.00000000 0.00000000
vt 0.00000000 0.00000000
vt 0.00000000 0.00000000
vt 0.00000000 0.00000000
vt 0.00000000 0.00000000
vt 0.00000000 0.00000000
vt 0.00000000 0.00000000
vt 0.00000000 0.00000000
vt 0.00000000 0.00000000
vt 0.00000000 0.00000000
vt 0.00000000 0.00000000
vt 0.00000000 0.00000000
vt 0.00000000 0.00000000
vt 0.00000000 0.00000000
vt 0.00000000 0.00000000
vt 0.00000000 0.00000000
vt 0.00000000 0.00000000
vt 0.00000000 0.00000000
vt 0.00000000 0.00000000
vt 0.00000000 0.00000000
vt 0.00000000 0.00000000
vt 0.00000000 0.00000000
vt 0.00000000 0.00000000
vt 0.00000000 0.00000000
vt 0.00000000 0.00000000
vt 0.00000000 0.00000000
vt 0.00000000 0.00000000
vt 0.00000000 0.00000000
vt 0.00000000 0.00000000
vt 0.00000000 0.00000000
vt 0.00000000 0.00000000
vt 0.00000000 0.00000000
vt 0.00000000 0.00000000
vt 0.00000000 0.00000000
vt 0.00000000 0.00000000
vt 0.00000000 0.00000000
vt 0.00000000 0.00000000
vt 0.00000000 0.00000000
vt 0.00000000 0.00000000
vt 0.00000000 0.00000000
vt 0.00000000 0.00000000
vt 0.00000000 0.00000000
vt 0.00000000 0.00000000
vt 0.00000000 0.00000000
vt 0.00000000 0.00000000
vt 0.00000000 0.00000000
vt 0.00000000 0.00000000
vt 0.00000000 0.00000000
vt 0.00000000 0.00000000
vt 0.00000000 0.00000000
vt 0.00000000 0.00000000
vt 0.00000000 0.00000000
vt 0.00000000 0.00000000
vt 0.00000000 0.00000000
vt 0.00000000 0.00000000
vt 0.00000000 0.00000000
vt 0.00000000 0.00000000
vt 0.00000000 0.00000000
vt 0.00000000 0.00000000
vt 0.00000000 0.00000000
vt 0.00000000 0.00000000
vt 0.00000000 0.00000000
vt 0.00000000 0.00000000
vt 0.00000000 0.00000000
vt 0.00000000 0.00000000
vt 0.00000000 0.00000000
vt 0.00000000 0.00000000
vt 0.00000000 0.00000000
vt 0.00000000 0.00000000
vt 0.00000000 0.00000000
vt 0.00000000 0.00000000
vt 0.00000000 0.00000000
vt 0.00000000 0.00000000
vt 0.00000000 0.00000000
vt 0.00000000 0.00000000
vt 0.00000000 0.00000000
vt 0.00000000 0.00000000
vt 0.00000000 0.00000000
vt 0.00000000 0.00000000
vt 0.00000000 0.00000000
vt 0.00000000 0.00000000
vt 0.00000000 0.00000000
vt 0.00000000 0.00000000
vt 0.00000000 0.00000000
vt 0.00000000 0.00000000
vt 0.00000000 0.00000000
vt 0.00000000 0.00000000
vt 0.00000000 0.00000000
vt 0.00000000 0.00000000
vt 0.00000000 0.00000000
vt 0.00000000 0.00000000
vt 0.00000000 0.00000000
vt 0.00000000 0.00000000
vt 0.00000000 0.00000000
vt 0.00000000 0.00000000
vt 0.00000000 0.00000000
vt 0.00000000 0.00000000
vt 0.00000000 0.00000000
vt 0.00000000 0.00000000
vt 0.00000000 0.00000000
vt 0.00000000 0.00000000
vt 0.00000000 0.00000000
vt 0.00000000 0.00000000
vt 0.00000000 0.00000000
vt 0.00000000 0.00000000
vt 0.00000000 0.00000000
vt 0.00000000 0.00000000
vt 0.00000000 0.00000000
vt 0.00000000 0.00000000
vt 0.00000000 0.00000000
vt 0.00000000 0.00000000
vt 0.00000000 0.00000000
vt 0.00000000 0.00000000
vt 0.00000000 0.00000000
vt 0.00000000 0.00000000
vt 0.00000000 0.00000000
vt 0.00000000 0.00000000
vt 0.00000000 0.00000000
vt 0.00000000 0.00000000
vt 0.00000000 0.00000000
vt 0.00000000 0.00000000
vt 0.00000000 0.00000000
vt 0.00000000 0.00000000
vt 0.00000000 0.00000000
vt 0.00000000 0.00000000
vt 0.00000000 0.00000000
vt 0.00000000 0.00000000
vt 0.00000000 0.00000000
vt 0.00000000 0.00000000
vt 0.00000000 0.00000000
vt 0.00000000 0.00000000
vt 0.00000000 0.00000000
vt 0.00000000 0.00000000
vt 0.00000000 0.00000000
vt 0.00000000 0.00000000
vt 0.00000000 0.00000000
vt 0.00000000 0.00000000
vt 0.00000000 0.00000000
vt 0.00000000 0.00000000
vt 0.00000000 0.00000000
vt 0.00000000 0.00000000
vt 0.00000000 0.00000000
vt 0.00000000 0.00000000
vt 0.00000000 0.00000000
vt 0.00000000 0.00000000
vt 0.00000000 0.00000000
vt 0.00000000 0.00000000
vt 0.00000000 0.00000000
vt 0.00000000 0.00000000
vt 0.00000000 0.00000000
vt 0.00000000 0.00000000
vt 0.00000000 0.00000000
vt 0.00000000 0.00000000
vt 0.00000000 0.00000000
vt 0.00000000 0.00000000
vt 0.00000000 0.00000000
vt 0.00000000 0.00000000
vt 0.00000000 0.00000000
vt 0.00000000 0.00000000
vt 0.00000000 0.00000000
vt 0.00000000 0.00000000
vt 0.00000000 0.00000000
vt 0.00000000 0.00000000
vt 0.00000000 0.00000000
vt 0.00000000 0.00000000
vt 0.00000000 0.00000000
vt 0.00000000 0.00000000
vt 0.00000000 0.00000000
vt 0.00000000 0.00000000
vt 0.00000000 0.00000000
vt 0.00000000 0.00000000
vt 0.00000000 0.00000000
vt 0.00000000 0.00000000
vt 0.00000000 0.00000000
vt 0.00000000 0.00000000
vt 0.00000000 0.00000000
vt 0.00000000 0.00000000
vt 0.00000000 0.00000000
vt 0.00000000 0.00000000
vt 0.00000000 0.00000000
vt 0.00000000 0.00000000
vt 0.00000000 0.00000000
vt 0.00000000 0.00000000
vt 0.00000000 0.00000000
vt 0.00000000 0.00000000
vt 0.00000000 0.00000000
vt 0.00000000 0.00000000
vt 0.00000000 0.00000000
vt 0.00000000 0.00000000
vt 0.00000000 0.00000000
vt 0.00000000 0.00000000
vt 0.00000000 0.00000000
vt 0.00000000 0.00000000
vt 0.00000000 0.00000000
vt 0.00000000 0.00000000
vt 0.00000000 0.00000000
vt 0.00000000 0.00000000
vt 0.00000000 0.00000000
vt 0.00000000 0.00000000
vt 0.00000000 0.00000000
vt 0.00000000 0.00000000
vt 0.00000000 0.00000000
vt 0.00000000 0.00000000
vt 0.00000000 0.00000000
vt 0.00000000 0.00000000
vt 0.00000000 0.00000000
vt 0.00000000 0.00000000
vt 0.00000000 0.00000000
vt 0.00000000 0.00000000
vt 0.00000000 0.00000000
vt 0.00000000 0.00000000
vt 0.00000000 0.00000000
vt 0.00000000 0.00000000
vt 0.00000000 0.00000000
vt 0.00000000 0.00000000
vt 0.00000000 0.00000000
vt 0.00000000 0.00000000
vt 0.00000000 0.00000000
vt 0.00000000 0.00000000
vt 0.00000000 0.00000000
vt 0.00000000 0.00000000
vt 0.00000000 0.00000000
vt 0.00000000 0.00000000
vt 0.00000000 0.00000000
vt 0.00000000 0.00000000
vt 0.00000000 0.00000000
vt 0.00000000 0.00000000
vt 0.00000000 0.00000000
vt 0.00000000 0.00000000
vt 0.00000000 0.00000000
vt 0.00000000 0.00000000
vt 0.00000000 0.00000000
vt 0.00000000 0.00000000
vt 0.00000000 0.00000000
vt 0.00000000 0.00000000
vt 0.00000000 0.00000000
vt 0.00000000 0.00000000
vt 0.00000000 0.00000000
vt 0.00000000 0.00000000
vt 0.00000000 0.00000000
vt 0.00000000 0.00000000
vt 0.00000000 0.00000000
vt 0.00000000 0.00000000
vt 0.00000000 0.00000000
vt 0.00000000 0.00000000
vt 0.00000000 0.00000000
vt 0.00000000 0.00000000
vt 0.00000000 0.00000000
vt 0.00000000 0.00000000
vt 0.00000000 0.00000000
vt 0.00000000 0.00000000
vt 0.00000000 0.00000000
vt 0.00000000 0.00000000
vt 0.00000000 0.00000000
vt 0.00000000 0.00000000
vt 0.00000000 0.00000000
vt 0.00000000 0.00000000
vt 0.00000000 0.00000000
vt 0.00000000 0.00000000
vt 0.00000000 0.00000000
vt 0.00000000 0.00000000
vt 0.00000000 0.00000000
vt 0.00000000 0.00000000
vt 0.00000000 0.00000000
vt 0.00000000 0.00000000
vt 0.00000000 0.00000000
vt 0.00000000 0.00000000
vt 0.00000000 0.00000000
vt 0.00000000 0.00000000
vt 0.00000000 0.00000000
vt 0.00000000 0.00000000
vt 0.00000000 0.00000000
vt 0.00000000 0.00000000
vt 0.00000000 0.00000000
vt 0.00000000 0.00000000
vt 0.00000000 0.00000000
vt 0.00000000 0.00000000
vt 0.00000000 0.00000000
vt 0.00000000 0.00000000
vt 0.00000000 0.00000000
vt 0.00000000 0.00000000
vt 0.00000000 0.00000000
vt 0.00000000 0.00000000
vt 0.00000000 0.00000000
vt 0.00000000 0.00000000
vt 0.00000000 0.00000000
vt 0.00000000 0.00000000
vt 0.00000000 0.00000000
vt 0.00000000 0.00000000
vt 0.00000000 0.00000000
vt 0.00000000 0.00000000
vt 0.00000000 0.00000000
vt 0.00000000 0.00000000
vt 0.00000000 0.00000000
vt 0.00000000 0.00000000
vt 0.00000000 0.00000000
vt 0.00000000 0.00000000
vt 0.00000000 0.00000000
vt 0.00000000 0.00000000
vt 0.00000000 0.00000000
vt 0.00000000 0.00000000
vt 0.00000000 0.00000000
vt 0.00000000 0.00000000
vt 0.00000000 0.00000000
vt 0.00000000 0.00000000
vt 0.00000000 0.00000000
vt 0.00000000 0.00000000
vt 0.00000000 0.00000000
vt 0.00000000 0.00000000
vt 0.00000000 0.00000000
vt 0.00000000 0.00000000
vt 0.00000000 0.00000000
vt 0.00000000 0.00000000
vt 0.00000000 0.00000000
vt 0.00000000 0.00000000
vt 0.00000000 0.00000000
vt 0.00000000 0.00000000
vt 0.00000000 0.00000000
vt 0.00000000 0.00000000
vt 0.00000000 0.00000000
vt 0.00000000 0.00000000
vt 0.00000000 0.00000000
vt 0.00000000 0.00000000
vt 0.00000000 0.00000000
vt 0.00000000 0.00000000
vt 0.00000000 0.00000000
vt 0.00000000 0.00000000
vt 0.00000000 0.00000000
vt 0.00000000 0.00000000
vt 0.00000000 0.00000000
vt 0.00000000 0.00000000
vt 0.00000000 0.00000000
vt 0.00000000 0.00000000
vt 0.00000000 0.00000000
vt 0.00000000 0.00000000
vt 0.00000000 0.00000000
vt 0.00000000 0.00000000
vt 0.00000000 0.00000000
vt 0.00000000 0.00000000
vt 0.00000000 0.00000000
vt 0.00000000 0.00000000
vt 0.00000000 0.00000000
vt 0.00000000 0.00000000
vt 0.00000000 0.00000000
vt 0.00000000 0.00000000
vt 0.00000000 0.00000000
vt 0.00000000 0.00000000
vt 0.00000000 0.00000000
vt 0.00000000 0.00000000
vt 0.00000000 0.00000000
vt 0.00000000 0.00000000
vt 0.00000000 0.00000000
vt 0.00000000 0.00000000
vt 0.00000000 0.00000000
vt 0.00000000 0.00000000
vt 0.00000000 0.00000000
vt 0.00000000 0.00000000
vt 0.00000000 0.00000000
vt 0.00000000 0.00000000
vt 0.00000000 0.00000000
vt 0.00000000 0.00000000
vt 0.00000000 0.00000000
vt 0.00000000 0.00000000
vt 0.00000000 0.00000000
vt 0.00000000 0.00000000
vt 0.00000000 0.00000000
vt 0.00000000 0.00000000
vt 0.00000000 0.00000000
vt 0.00000000 0.00000000
vt 0.00000000 0.00000000
vt 0.00000000 0.00000000
vt 0.00000000 0.00000000
vt 0.00000000 0.00000000
vt 0.00000000 0.00000000
vt 0.00000000 0.00000000
vt 0.00000000 0.00000000
vt 0.00000000 0.00000000
vt 0.00000000 0.00000000
vt 0.00000000 0.00000000
vt 0.00000000 0.00000000
vt 0.00000000 0.00000000
vt 0.00000000 0.00000000
vt 0.00000000 0.00000000
vt 0.00000000 0.00000000
vt 0.00000000 0.00000000
vt 0.00000000 0.00000000
vt 0.00000000 0.00000000
vt 0.00000000 0.00000000
vt 0.00000000 0.00000000
vt 0.00000000 0.00000000
vt 0.00000000 0.00000000
vt 0.00000000 0.00000000
vt 0.00000000 0.00000000
vt 0.00000000 0.00000000
vt 0.00000000 0.00000000
vt 0.00000000 0.00000000
vt 0.00000000 0.00000000
vt 0.00000000 0.00000000
vt 0.00000000 0.00000000
vt 0.00000000 0.00000000
vt 0.00000000 0.00000000
vt 0.00000000 0.00000000
vt 0.00000000 0.00000000
vt 0.00000000 0.00000000
vt 0.00000000 0.00000000
vt 0.00000000 0.00000000
vt 0.00000000 0.00000000
vt 0.00000000 0.00000000
vt 0.00000000 0.00000000
vt 0.00000000 0.00000000
vt 0.00000000 0.00000000
vt 0.00000000 0.00000000
vt 0.00000000 0.00000000
vt 0.00000000 0.00000000
vt 0.00000000 0.00000000
vt 0.00000000 0.00000000
vt 0.00000000 0.00000000
vt 0.00000000 0.00000000
vt 0.00000000 0.00000000
vt 0.00000000 0.00000000
vt 0.00000000 0.00000000
vt 0.00000000 0.00000000
vt 0.00000000 0.00000000
vt 0.00000000 0.00000000
vt 0.00000000 0.00000000
vt 0.00000000 0.00000000
vt 0.00000000 0.00000000
vt 0.00000000 0.00000000
vt 0.00000000 0.00000000
vt 0.00000000 0.00000000
vt 0.00000000 0.00000000
vt 0.00000000 0.00000000
vt 0.00000000 0.00000000
vt 0.00000000 0.00000000
vt 0.00000000 0.00000000
vt 0.00000000 0.00000000
vt 0.00000000 0.00000000
vt 0.00000000 0.00000000
vt 0.00000000 0.00000000
vt 0.00000000 0.00000000
vt 0.00000000 0.00000000
vt 0.00000000 0.00000000
vt 0.00000000 0.00000000
vt 0.00000000 0.00000000
vt 0.00000000 0.00000000
vt 0.00000000 0.00000000
vt 0.00000000 0.00000000
vt 0.00000000 0.00000000
vt 0.00000000 0.00000000
vt 0.00000000 0.00000000
vt 0.00000000 0.00000000
vt 0.00000000 0.00000000
vt 0.00000000 0.00000000
vt 0.00000000 0.00000000
vt 0.00000000 0.00000000
vt 0.00000000 0.00000000
vt 0.00000000 0.00000000
vt 0.00000000 0.00000000
vt 0.00000000 0.00000000
vt 0.00000000 0.00000000
vt 0.00000000 0.00000000
vt 0.00000000 0.00000000
vt 0.00000000 0.00000000
vt 0.00000000 0.00000000
vt 0.00000000 0.00000000
vt 0.00000000 0.00000000
vt 0.00000000 0.00000000
vt 0.00000000 0.00000000
vt 0.00000000 0.00000000
vt 0.00000000 0.00000000
vt 0.00000000 0.00000000
vt 0.00000000 0.00000000
vt 0.00000000 0.00000000
vt 0.00000000 0.00000000
vt 0.00000000 0.00000000
vt 0.00000000 0.00000000
vt 0.00000000 0.00000000
vt 0.00000000 0.00000000
vt 0.00000000 0.00000000
vt 0.00000000 0.00000000
vt 0.00000000 0.00000000
vt 0.00000000 0.00000000
vt 0.00000000 0.00000000
vt 0.00000000 0.00000000
vt 0.00000000 0.00000000
vt 0.00000000 0.00000000
vt 0.00000000 0.00000000
vt 0.00000000 0.00000000
vt 0.00000000 0.00000000
vt 0.00000000 0.00000000
vt 0.00000000 0.00000000
vt 0.00000000 0.00000000
vt 0.00000000 0.00000000
vt 0.00000000 0.00000000
vt 0.00000000 0.00000000
vt 0.00000000 0.00000000
vt 0.00000000 0.00000000
vt 0.00000000 0.00000000
vt 0.00000000 0.00000000
vt 0.00000000 0.00000000
vt 0.00000000 0.00000000
vt 0.00000000 0.00000000
vt 0.00000000 0.00000000
vt 0.00000000 0.00000000
vt 0.00000000 0.00000000
vt 0.00000000 0.00000000
vt 0.00000000 0.00000000
vt 0.00000000 0.00000000
vt 0.00000000 0.00000000
vt 0.00000000 0.00000000
vt 0.00000000 0.00000000
vt 0.00000000 0.00000000
vt 0.00000000 0.00000000
vt 0.00000000 0.00000000
vt 0.00000000 0.00000000
vt 0.00000000 0.00000000
vt 0.00000000 0.00000000
vt 0.00000000 0.00000000
vt 0.00000000 0.00000000
vt 0.00000000 0.00000000
vt 0.00000000 0.00000000
vt 0.00000000 0.00000000
vt 0.00000000 0.00000000
vt 0.00000000 0.00000000
vt 0.00000000 0.00000000
vt 0.00000000 0.00000000
vt 0.00000000 0.00000000
vt 0.00000000 0.00000000
vt 0.00000000 0.00000000
vt 0.00000000 0.00000000
vt 0.00000000 0.00000000
vt 0.00000000 0.00000000
vt 0.00000000 0.00000000
vt 0.00000000 0.00000000
vt 0.00000000 0.00000000
vt 0.00000000 0.00000000
vt 0.00000000 0.00000000
vt 0.00000000 0.00000000
vt 0.00000000 0.00000000
vt 0.00000000 0.00000000
vt 0.00000000 0.00000000
vt 0.00000000 0.00000000
vt 0.00000000 0.00000000
vt 0.00000000 0.00000000
vt 0.00000000 0.00000000
vt 0.00000000 0.00000000
vt 0.00000000 0.00000000
vt 0.00000000 0.00000000
vt 0.00000000 0.00000000
vt 0.00000000 0.00000000
vt 0.00000000 0.00000000
vt 0.00000000 0.00000000
vt 0.00000000 0.00000000
vt 0.00000000 0.00000000
vt 0.00000000 0.00000000
vt 0.00000000 0.00000000
vt 0.00000000 0.00000000
vt 0.00000000 0.00000000
vt 0.00000000 0.00000000
vt 0.00000000 0.00000000
vt 0.00000000 0.00000000
vt 0.00000000 0.00000000
vt 0.00000000 0.00000000
vt 0.00000000 0.00000000
vt 0.00000000 0.00000000
vt 0.00000000 0.00000000
vt 0.00000000 0.00000000
vt 0.00000000 0.00000000
vt 0.00000000 0.00000000
vt 0.00000000 0.00000000
vt 0.00000000 0.00000000
vt 0.00000000 0.00000000
vt 0.00000000 0.00000000
vt 0.00000000 0.00000000
vt 0.00000000 0.00000000
vt 0.00000000 0.00000000
vt 0.00000000 0.00000000
vt 0.00000000 0.00000000
vt 0.00000000 0.00000000
vt 0.00000000 0.00000000
vt 0.00000000 0.00000000
vt 0.00000000 0.00000000
vt 0.00000000 0.00000000
vt 0.00000000 0.00000000
vt 0.00000000 0.00000000
vt 0.00000000 0.00000000
vt 0.00000000 0.00000000
vt 0.00000000 0.00000000
vt 0.00000000 0.00000000
vt 0.00000000 0.00000000
vt 0.00000000 0.00000000
vt 0.00000000 0.00000000
vt 0.00000000 0.00000000
vt 0.00000000 0.00000000
vt 0.00000000 0.00000000
vt 0.00000000 0.00000000
vt 0.00000000 0.00000000
vt 0.00000000 0.00000000
vt 0.00000000 0.00000000
vt 0.00000000 0.00000000
vt 0.00000000 0.00000000
vt 0.00000000 0.00000000
vt 0.00000000 0.00000000
vt 0.00000000 0.00000000
vt 0.00000000 0.00000000
vt 0.00000000 0.00000000
vt 0.00000000 0.00000000
vt 0.00000000 0.00000000
vt 0.00000000 0.00000000
vt 0.00000000 0.00000000
vt 0.00000000 0.00000000
vt 0.00000000 0.00000000
vt 0.00000000 0.00000000
vt 0.00000000 0.00000000
vt 0.00000000 0.00000000
vt 0.00000000 0.00000000
vt 0.00000000 0.00000000
vt 0.00000000 0.00000000
vt 0.00000000 0.00000000
vt 0.00000000 0.00000000
vt 0.00000000 0.00000000
vt 0.00000000 0.00000000
vt 0.00000000 0.00000000
vt 0.00000000 0.00000000
vt 0.00000000 0.00000000
vt 0.00000000 0.00000000
vt 0.00000000 0.00000000
vt 0.00000000 0.00000000
vt 0.00000000 0.00000000
vt 0.00000000 0.00000000
vt 0.00000000 0.00000000
vt 0.00000000 0.00000000
vt 0.00000000 0.00000000
vt 0.00000000 0.00000000
vt 0.00000000 0.00000000
vt 0.00000000 0.00000000
vt 0.00000000 0.00000000
vt 0.00000000 0.00000000
vt 0.00000000 0.00000000
vt 0.00000000 0.00000000
vt 0.00000000 0.00000000
vt 0.00000000 0.00000000
vt 0.00000000 0.00000000
vt 0.00000000 0.00000000
vt 0.00000000 0.00000000
vt 0.00000000 0.00000000
vt 0.00000000 0.00000000
vt 0.00000000 0.00000000
vt 0.00000000 0.00000000
vt 0.00000000 0.00000000
vt 0.00000000 0.00000000
vt 0.00000000 0.00000000
vt 0.00000000 0.00000000
vt 0.00000000 0.00000000
vt 0.00000000 0.00000000
vt 0.00000000 0.00000000
vt 0.00000000 0.00000000
vt 0.00000000 0.00000000
vt 0.00000000 0.00000000
vt 0.00000000 0.00000000
vt 0.00000000 0.00000000
vt 0.00000000 0.00000000
vt 0.00000000 0.00000000
vt 0.00000000 0.00000000
vt 0.00000000 0.00000000
vt 0.00000000 0.00000000
vt 0.00000000 0.00000000
vt 0.00000000 0.00000000
vt 0.00000000 0.00000000
vt 0.00000000 0.00000000
vt 0.00000000 0.00000000
vt 0.00000000 0.00000000
vt 0.00000000 0.00000000
vt 0.00000000 0.00000000
vt 0.00000000 0.00000000
vt 0.00000000 0.00000000
vt 0.00000000 0.00000000
vt 0.00000000 0.00000000
vt 0.00000000 0.00000000
vt 0.00000000 0.00000000
vt 0.00000000 0.00000000
vt 0.00000000 0.00000000
vt 0.00000000 0.00000000
vt 0.00000000 0.00000000
vt 0.00000000 0.00000000
vt 0.00000000 0.00000000
vt 0.00000000 0.00000000
vt 0.00000000 0.00000000
vt 0.00000000 0.00000000
vt 0.00000000 0.00000000
vt 0.00000000 0.00000000
vt 0.00000000 0.00000000
vt 0.00000000 0.00000000
vt 0.00000000 0.00000000
vt 0.00000000 0.00000000
vt 0.00000000 0.00000000
vt 0.00000000 0.00000000
vt 0.00000000 0.00000000
vt 0.00000000 0.00000000
vt 0.00000000 0.00000000
vt 0.00000000 0.00000000
vt 0.00000000 0.00000000
vt 0.00000000 0.00000000
vt 0.00000000 0.00000000
vt 0.00000000 0.00000000
vt 0.00000000 0.00000000
vt 0.00000000 0.00000000
vt 0.00000000 0.00000000
vt 0.00000000 0.00000000
vt 0.00000000 0.00000000
vt 0.00000000 0.00000000
vt 0.00000000 0.00000000
vt 0.00000000 0.00000000
vt 0.00000000 0.00000000
vt 0.00000000 0.00000000
vt 0.00000000 0.00000000
vt 0.00000000 0.00000000
vt 0.00000000 0.00000000
vt 0.00000000 0.00000000
vt 0.00000000 0.00000000
vt 0.00000000 0.00000000
vt 0.00000000 0.00000000
vt 0.00000000 0.00000000
vt 0.00000000 0.00000000
vt 0.00000000 0.00000000
vt 0.00000000 0.00000000
vt 0.00000000 0.00000000
vt 0.00000000 0.00000000
vt 0.00000000 0.00000000
vt 0.00000000 0.00000000
vt 0.00000000 0.00000000
vt 0.00000000 0.00000000
vt 0.00000000 0.00000000
vt 0.00000000 0.00000000
vt 0.00000000 0.00000000
vt 0.00000000 0.00000000
vt 0.00000000 0.00000000
vt 0.00000000 0.00000000
vt 0.00000000 0.00000000
vt 0.00000000 0.00000000
vt 0.00000000 0.00000000
vt 0.00000000 0.00000000
vt 0.00000000 0.00000000
vt 0.00000000 0.00000000
vt 0.00000000 0.00000000
vt 0.00000000 0.00000000
vt 0.00000000 0.00000000
vt 0.00000000 0.00000000
vt 0.00000000 0.00000000
vt 0.00000000 0.00000000
vt 0.00000000 0.00000000
vt 0.00000000 0.00000000
vt 0.00000000 0.00000000
vt 0.00000000 0.00000000
vt 0.00000000 0.00000000
vt 0.00000000 0.00000000
vt 0.00000000 0.00000000
vt 0.00000000 0.00000000
vt 0.00000000 0.00000000
vt 0.00000000 0.00000000
vt 0.00000000 0.00000000
vt 0.00000000 0.00000000
vt 0.00000000 0.00000000
vt 0.00000000 0.00000000
vt 0.00000000 0.00000000
vt 0.00000000 0.00000000
vt 0.00000000 0.00000000
vt 0.00000000 0.00000000
vt 0.00000000 0.00000000
vt 0.00000000 0.00000000
vt 0.00000000 0.00000000
vt 0.00000000 0.00000000
vt 0.00000000 0.00000000
vt 0.00000000 0.00000000
vt 0.00000000 0.00000000
vt 0.00000000 0.00000000
vt 0.00000000 0.00000000
vt 0.00000000 0.00000000
vt 0.00000000 0.00000000
vt 0.00000000 0.00000000
vt 0.00000000 0.00000000
vt 0.00000000 0.00000000
vt 0.00000000 0.00000000
vt 0.00000000 0.00000000
vt 0.00000000 0.00000000
vt 0.00000000 0.00000000
vt 0.00000000 0.00000000
vt 0.00000000 0.00000000
vt 0.00000000 0.00000000
vt 0.00000000 0.00000000
vt 0.00000000 0.00000000
vt 0.00000000 0.00000000
vt 0.00000000 0.00000000
vt 0.00000000 0.00000000
vt 0.00000000 0.00000000
vt 0.00000000 0.00000000
vt 0.00000000 0.00000000
vt 0.00000000 0.00000000
vt 0.00000000 0.00000000
vt 0.00000000 0.00000000
vt 0.00000000 0.00000000
vt 0.00000000 0.00000000
vt 0.00000000 0.00000000
vt 0.00000000 0.00000000
vt 0.00000000 0.00000000
vt 0.00000000 0.00000000
vt 0.00000000 0.00000000
vt 0.00000000 0.00000000
vt 0.00000000 0.00000000
vt 0.00000000 0.00000000
vt 0.00000000 0.00000000
vt 0.00000000 0.00000000
vt 0.00000000 0.00000000
vt 0.00000000 0.00000000
vt 0.00000000 0.00000000
vt 0.00000000 0.00000000
vt 0.00000000 0.00000000
vt 0.00000000 0.00000000
vt 0.00000000 0.00000000
vt 0.00000000 0.00000000
vt 0.00000000 0.00000000
vt 0.00000000 0.00000000
vt 0.00000000 0.00000000
vt 0.00000000 0.00000000
vt 0.00000000 0.00000000
vt 0.00000000 0.00000000
vt 0.00000000 0.00000000
vt 0.00000000 0.00000000
vt 0.00000000 0.00000000
vt 0.00000000 0.00000000
vt 0.00000000 0.00000000
vt 0.00000000 0.00000000
vt 0.00000000 0.00000000
vt 0.00000000 0.00000000
vt 0.00000000 0.00000000
vt 0.00000000 0.00000000
vt 0.00000000 0.00000000
vt 0.00000000 0.00000000
vt 0.00000000 0.00000000
vt 0.00000000 0.00000000
vt 0.00000000 0.00000000
vt 0.00000000 0.00000000
vt 0.00000000 0.00000000
vt 0.00000000 0.00000000
vt 0.00000000 0.00000000
vt 0.00000000 0.00000000
vt 0.00000000 0.00000000
vt 0.00000000 0.00000000
vt 0.00000000 0.00000000
vt 0.00000000 0.00000000
vt 0.00000000 0.00000000
vt 0.00000000 0.00000000
vt 0.00000000 0.00000000
vt 0.00000000 0.00000000
vt 0.00000000 0.00000000
vt 0.00000000 0.00000000
vt 0.00000000 0.00000000
vt 0.00000000 0.00000000
vt 0.00000000 0.00000000
vt 0.00000000 0.00000000
vt 0.00000000 0.00000000
vt 0.00000000 0.00000000
vt 0.00000000 0.00000000
vt 0.00000000 0.00000000
vt 0.00000000 0.00000000
vt 0.00000000 0.00000000
vt 0.00000000 0.00000000
vt 0.00000000 0.00000000
vt 0.00000000 0.00000000
vt 0.00000000 0.00000000
vt 0.00000000 0.00000000
vt 0.00000000 0.00000000
vt 0.00000000 0.00000000
vt 0.00000000 0.00000000
vt 0.00000000 0.00000000
vt 0.00000000 0.00000000
vt 0.00000000 0.00000000
vt 0.00000000 0.00000000
vt 0.00000000 0.00000000
vt 0.00000000 0.00000000
vt 0.00000000 0.00000000
vt 0.00000000 0.00000000
vt 0.00000000 0.00000000
vt 0.00000000 0.00000000
vt 0.00000000 0.00000000
vt 0.00000000 0.00000000
vt 0.00000000 0.00000000
vt 0.00000000 0.00000000
vt 0.00000000 0.00000000
vt 0.00000000 0.00000000
vt 0.00000000 0.00000000
vt 0.00000000 0.00000000
vt 0.00000000 0.00000000
vt 0.00000000 0.00000000
vt 0.00000000 0.00000000
vt 0.00000000 0.00000000
vt 0.00000000 0.00000000
vt 0.00000000 0.00000000
vt 0.00000000 0.00000000
vt 0.00000000 0.00000000
vt 0.00000000 0.00000000
vt 0.00000000 0.00000000
vt 0.00000000 0.00000000
vt 0.00000000 0.00000000
vt 0.00000000 0.00000000
vt 0.00000000 0.00000000
vt 0.00000000 0.00000000
vt 0.00000000 0.00000000
vt 0.00000000 0.00000000
vt 0.00000000 0.00000000
vt 0.00000000 0.00000000
vt 0.00000000 0.00000000
vt 0.00000000 0.00000000
vt 0.00000000 0.00000000
vt 0.00000000 0.00000000
vt 0.00000000 0.00000000
vt 0.00000000 0.00000000
vt 0.00000000 0.00000000
vt 0.00000000 0.00000000
vt 0.00000000 0.00000000
vt 0.00000000 0.00000000
vt 0.00000000 0.00000000
vt 0.00000000 0.00000000
vt 0.00000000 0.00000000
vt 0.00000000 0.00000000
vt 0.00000000 0.00000000
vt 0.00000000 0.00000000
vt 0.00000000 0.00000000
vt 0.00000000 0.00000000
vt 0.00000000 0.00000000
vt 0.00000000 0.00000000
vt 0.00000000 0.00000000
vt 0.00000000 0.00000000
vt 0.00000000 0.00000000
vt 0.00000000 0.00000000
vt 0.00000000 0.00000000
vt 0.00000000 0.00000000
vt 0.00000000 0.00000000
vt 0.00000000 0.00000000
vt 0.00000000 0.00000000
vt 0.00000000 0.00000000
vt 0.00000000 0.00000000
vt 0.00000000 0.00000000
vt 0.00000000 0.00000000
vt 0.00000000 0.00000000
vt 0.00000000 0.00000000
vt 0.00000000 0.00000000
vt 0.00000000 0.00000000
vt 0.00000000 0.00000000
vt 0.00000000 0.00000000
vt 0.00000000 0.00000000
vt 0.00000000 0.00000000
vt 0.00000000 0.00000000
vt 0.00000000 0.00000000
vt 0.00000000 0.00000000
vt 0.00000000 0.00000000
vt 0.00000000 0.00000000
vt 0.00000000 0.00000000
vt 0.00000000 0.00000000
vt 0.00000000 0.00000000
vt 0.00000000 0.00000000
vt 0.00000000 0.00000000
vt 0.00000000 0.00000000
vt 0.00000000 0.00000000
vt 0.00000000 0.00000000
vt 0.00000000 0.00000000
vt 0.00000000 0.00000000
vt 0.00000000 0.00000000
vt 0.00000000 0.00000000
vt 0.00000000 0.00000000
vt 0.00000000 0.00000000
vt 0.00000000 0.00000000
vt 0.00000000 0.00000000
vt 0.00000000 0.00000000
vt 0.00000000 0.00000000
vt 0.00000000 0.00000000
vt 0.00000000 0.00000000
vt 0.00000000 0.00000000
vt 0.00000000 0.00000000
vt 0.00000000 0.00000000
vt 0.00000000 0.00000000
vt 0.00000000 0.00000000
vt 0.00000000 0.00000000
vt 0.00000000 0.00000000
vt 0.00000000 0.00000000
vt 0.00000000 0.00000000
vt 0.00000000 0.00000000
vt 0.00000000 0.00000000
vt 0.00000000 0.00000000
vt 0.00000000 0.00000000
vt 0.00000000 0.00000000
vt 0.00000000 0.00000000
vt 0.00000000 0.00000000
vt 0.00000000 0.00000000
vt 0.00000000 0.00000000
vt 0.00000000 0.00000000
vt 0.00000000 0.00000000
vt 0.00000000 0.00000000
vt 0.00000000 0.00000000
vt 0.00000000 0.00000000
vt 0.00000000 0.00000000
vt 0.00000000 0.00000000
vt 0.00000000 0.00000000
vt 0.00000000 0.00000000
vt 0.00000000 0.00000000
vt 0.00000000 0.00000000
vt 0.00000000 0.00000000
vt 0.00000000 0.00000000
vt 0.00000000 0.00000000
vt 0.00000000 0.00000000
vt 0.00000000 0.00000000
vt 0.00000000 0.00000000
vt 0.00000000 0.00000000
vt 0.00000000 0.00000000
vt 0.00000000 0.00000000
vt 0.00000000 0.00000000
vt 0.00000000 0.00000000
vt 0.00000000 0.00000000
vt 0.00000000 0.00000000
vt 0.00000000 0.00000000
vt 0.00000000 0.00000000
vt 0.00000000 0.00000000
vt 0.00000000 0.00000000
vt 0.00000000 0.00000000
vt 0.00000000 0.00000000
vt 0.00000000 0.00000000
vt 0.00000000 0.00000000
vt 0.00000000 0.00000000
vt 0.00000000 0.00000000
vt 0.00000000 0.00000000
vt 0.00000000 0.00000000
vt 0.00000000 0.00000000
vt 0.00000000 0.00000000
vt 0.00000000 0.00000000
vt 0.00000000 0.00000000
vt 0.00000000 0.00000000
vt 0.00000000 0.00000000
vt 0.00000000 0.00000000
vt 0.00000000 0.00000000
vt 0.00000000 0.00000000
vt 0.00000000 0.00000000
vt 0.00000000 0.00000000
vt 0.00000000 0.00000000
vt 0.00000000 0.00000000
vt 0.00000000 0.00000000
vt 0.00000000 0.00000000
vt 0.00000000 0.00000000
vt 0.00000000 0.00000000
vt 0.00000000 0.00000000
vt 0.00000000 0.00000000
vt 0.00000000 0.00000000
vt 0.00000000 0.00000000
vt 0.00000000 0.00000000
vt 0.00000000 0.00000000
vt 0.00000000 0.00000000
vt 0.00000000 0.00000000
vt 0.00000000 0.00000000
vt 0.00000000 0.00000000
vt 0.00000000 0.00000000
vt 0.00000000 0.00000000
vt 0.00000000 0.00000000
vt 0.00000000 0.00000000
vt 0.00000000 0.00000000
vt 0.00000000 0.00000000
vt 0.00000000 0.00000000
vt 0.00000000 0.00000000
vt 0.00000000 0.00000000
vt 0.00000000 0.00000000
vt 0.00000000 0.00000000
vt 0.00000000 0.00000000
vt 0.00000000 0.00000000
vt 0.00000000 0.00000000
vt 0.00000000 0.00000000
vt 0.00000000 0.00000000
vt 0.00000000 0.00000000
vt 0.00000000 0.00000000
vt 0.00000000 0.00000000
vt 0.00000000 0.00000000
vt 0.00000000 0.00000000
vt 0.00000000 0.00000000
vt 0.00000000 0.00000000
vt 0.00000000 0.00000000
vt 0.00000000 0.00000000
vt 0.00000000 0.00000000
vt 0.00000000 0.00000000
vt 0.00000000 0.00000000
vt 0.00000000 0.00000000
vt 0.00000000 0.00000000
vt 0.00000000 0.00000000
vt 0.00000000 0.00000000
vt 0.00000000 0.00000000
vt 0.00000000 0.00000000
vt 0.00000000 0.00000000
vt 0.00000000 0.00000000
vt 0.00000000 0.00000000
vt 0.00000000 0.00000000
vt 0.00000000 0.00000000
vt 0.00000000 0.00000000
vt 0.00000000 0.00000000
vt 0.00000000 0.00000000
vt 0.00000000 0.00000000
vt 0.00000000 0.00000000
vt 0.00000000 0.00000000
vt 0.00000000 0.00000000
vt 0.00000000 0.00000000
vt 0.00000000 0.00000000
vt 0.00000000 0.00000000
vt 0.00000000 0.00000000
vt 0.00000000 0.00000000
vt 0.00000000 0.00000000
vt 0.00000000 0.00000000
vt 0.00000000 0.00000000
vt 0.00000000 0.00000000
vt 0.00000000 0.00000000
vt 0.00000000 0.00000000
vt 0.00000000 0.00000000
vt 0.00000000 0.00000000
vt 0.00000000 0.00000000
vt 0.00000000 0.00000000
vt 0.00000000 0.00000000
vt 0.00000000 0.00000000
vt 0.00000000 0.00000000
vt 0.00000000 0.00000000
vt 0.00000000 0.00000000
vt 0.00000000 0.00000000
vt 0.00000000 0.00000000
vt 0.00000000 0.00000000
vt 0.00000000 0.00000000
vt 0.00000000 0.00000000
vt 0.00000000 0.00000000
vt 0.00000000 0.00000000
vt 0.00000000 0.00000000
vt 0.00000000 0.00000000
vt 0.00000000 0.00000000
vt 0.00000000 0.00000000
vt 0.00000000 0.00000000
vt 0.00000000 0.00000000
vt 0.00000000 0.00000000
vt 0.00000000 0.00000000
vt 0.00000000 0.00000000
vt 0.00000000 0.00000000
vt 0.00000000 0.00000000
vt 0.00000000 0.00000000
vt 0.00000000 0.00000000
vt 0.00000000 0.00000000
vt 0.00000000 0.00000000
vt 0.00000000 0.00000000
vt 0.00000000 0.00000000
vt 0.00000000 0.00000000
vt 0.00000000 0.00000000
vt 0.00000000 0.00000000
vt 0.00000000 0.00000000
vt 0.00000000 0.00000000
vt 0.00000000 0.00000000
vt 0.00000000 0.00000000
vt 0.00000000 0.00000000
vt 0.00000000 0.00000000
vt 0.00000000 0.00000000
vt 0.00000000 0.00000000
vt 0.00000000 0.00000000
vt 0.00000000 0.00000000
vt 0.00000000 0.00000000
vt 0.00000000 0.00000000
vt 0.00000000 0.00000000
vt 0.00000000 0.00000000
vt 0.00000000 0.00000000
vt 0.00000000 0.00000000
vt 0.00000000 0.00000000
vt 0.00000000 0.00000000
vt 0.00000000 0.00000000
vt 0.00000000 0.00000000
vt 0.00000000 0.00000000
vt 0.00000000 0.00000000
vt 0.00000000 0.00000000
vt 0.00000000 0.00000000
vt 0.00000000 0.00000000
vt 0.00000000 0.00000000
vt 0.00000000 0.00000000
vt 0.00000000 0.00000000
vt 0.00000000 0.00000000
vt 0.00000000 0.00000000
vt 0.00000000 0.00000000
vt 0.00000000 0.00000000
vt 0.00000000 0.00000000
vt 0.00000000 0.00000000
vt 0.00000000 0.00000000
vt 0.00000000 0.00000000
vt 0.00000000 0.00000000
vt 0.00000000 0.00000000
vt 0.00000000 0.00000000
vt 0.00000000 0.00000000
vt 0.00000000 0.00000000
vt 0.00000000 0.00000000
vt 0.00000000 0.00000000
vt 0.00000000 0.00000000
vt 0.00000000 0.00000000
vt 0.00000000 0.00000000
vt 0.00000000 0.00000000
vt 0.00000000 0.00000000
vt 0.00000000 0.00000000
vt 0.00000000 0.00000000
vt 0.00000000 0.00000000
vt 0.00000000 0.00000000
vt 0.00000000 0.00000000
vt 0.00000000 0.00000000
vt 0.00000000 0.00000000
vt 0.00000000 0.00000000
vt 0.00000000 0.00000000
vt 0.00000000 0.00000000
vt 0.00000000 0.00000000
vt 0.00000000 0.00000000
vt 0.00000000 0.00000000
vt 0.00000000 0.00000000
vt 0.00000000 0.00000000
vt 0.00000000 0.00000000
vt 0.00000000 0.00000000
vt 0.00000000 0.00000000
vt 0.00000000 0.00000000
vt 0.00000000 0.00000000
vt 0.00000000 0.00000000
vt 0.00000000 0.00000000
vt 0.00000000 0.00000000
vt 0.00000000 0.00000000
vt 0.00000000 0.00000000
vt 0.00000000 0.00000000
vt 0.00000000 0.00000000
vt 0.00000000 0.00000000
vt 0.00000000 0.00000000
vt 0.00000000 0.00000000
vt 0.00000000 0.00000000
vt 0.00000000 0.00000000
vt 0.00000000 0.00000000
vt 0.00000000 0.00000000
vt 0.00000000 0.00000000
vt 0.00000000 0.00000000
vt 0.00000000 0.00000000
vt 0.00000000 0.00000000
vt 0.00000000 0.00000000
vt 0.00000000 0.00000000
vt 0.00000000 0.00000000
vt 0.00000000 0.00000000
vt 0.00000000 0.00000000
vt 0.00000000 0.00000000
vt 0.00000000 0.00000000
vt 0.00000000 0.00000000
vt 0.00000000 0.00000000
vt 0.00000000 0.00000000
vt 0.00000000 0.00000000
vt 0.00000000 0.00000000
vt 0.00000000 0.00000000
vt 0.00000000 0.00000000
vt 0.00000000 0.00000000
vt 0.00000000 0.00000000
vt 0.00000000 0.00000000
vt 0.00000000 0.00000000
vt 0.00000000 0.00000000
vt 0.00000000 0.00000000
vt 0.00000000 0.00000000
vt 0.00000000 0.00000000
vt 0.00000000 0.00000000
vt 0.00000000 0.00000000
vt 0.00000000 0.00000000
vt 0.00000000 0.00000000
vt 0.00000000 0.00000000
vt 0.00000000 0.00000000
vt 0.00000000 0.00000000
vt 0.00000000 0.00000000
vt 0.00000000 0.00000000
vt 0.00000000 0.00000000
vt 0.00000000 0.00000000
vt 0.00000000 0.00000000
vt 0.00000000 0.00000000
vt 0.00000000 0.00000000
vt 0.00000000 0.00000000
vt 0.00000000 0.00000000
vt 0.00000000 0.00000000
vt 0.00000000 0.00000000
vt 0.00000000 0.00000000
vt 0.00000000 0.00000000
vt 0.00000000 0.00000000
vt 0.00000000 0.00000000
vt 0.00000000 0.00000000
vt 0.00000000 0.00000000
vt 0.00000000 0.00000000
vt 0.00000000 0.00000000
vt 0.00000000 0.00000000
vt 0.00000000 0.00000000
vt 0.00000000 0.00000000
vt 0.00000000 0.00000000
vt 0.00000000 0.00000000
vt 0.00000000 0.00000000
vt 0.00000000 0.00000000
vt 0.00000000 0.00000000
vt 0.00000000 0.00000000
vt 0.00000000 0.00000000
vt 0.00000000 0.00000000
vt 0.00000000 0.00000000
vt 0.00000000 0.00000000
vt 0.00000000 0.00000000
vt 0.00000000 0.00000000
vt 0.00000000 0.00000000
vt 0.00000000 0.00000000
vt 0.00000000 0.00000000
vt 0.00000000 0.00000000
vt 0.00000000 0.00000000
vt 0.00000000 0.00000000
vt 0.00000000 0.00000000
vt 0.00000000 0.00000000
vt 0.00000000 0.00000000
vt 0.00000000 0.00000000
vt 0.00000000 0.00000000
vt 0.00000000 0.00000000
vt 0.00000000 0.00000000
vt 0.00000000 0.00000000
vt 0.00000000 0.00000000
vt 0.00000000 0.00000000
vt 0.00000000 0.00000000
vt 0.00000000 0.00000000
vt 0.00000000 0.00000000
vt 0.00000000 0.00000000
vt 0.00000000 0.00000000
vt 0.00000000 0.00000000
vt 0.00000000 0.00000000
vt 0.00000000 0.00000000
vt 0.00000000 0.00000000
vt 0.00000000 0.00000000
vt 0.00000000 0.00000000
vt 0.00000000 0.00000000
vt 0.00000000 0.00000000
vt 0.00000000 0.00000000
vt 0.00000000 0.00000000
vt 0.00000000 0.00000000
vt 0.00000000 0.00000000
vt 0.00000000 0.00000000
vt 0.00000000 0.00000000
vt 0.00000000 0.00000000
vt 0.00000000 0.00000000
vt 0.00000000 0.00000000
vt 0.00000000 0.00000000
vt 0.00000000 0.00000000
vt 0.00000000 0.00000000
vt 0.00000000 0.00000000
vt 0.00000000 0.00000000
vt 0.00000000 0.00000000
vt 0.00000000 0.00000000
vt 0.00000000 0.00000000
vt 0.00000000 0.00000000
vt 0.00000000 0.00000000
vt 0.00000000 0.00000000
vt 0.00000000 0.00000000
vt 0.00000000 0.00000000
vt 0.00000000 0.00000000
vt 0.00000000 0.00000000
vt 0.00000000 0.00000000
vt 0.00000000 0.00000000
vt 0.00000000 0.00000000
vt 0.00000000 0.00000000
vt 0.00000000 0.00000000
vt 0.00000000 0.00000000
vt 0.00000000 0.00000000
vt 0.00000000 0.00000000
vt 0.00000000 0.00000000
vt 0.00000000 0.00000000
vt 0.00000000 0.00000000
vt 0.00000000 0.00000000
vt 0.00000000 0.00000000
vt 0.00000000 0.00000000
vt 0.00000000 0.00000000
vt 0.00000000 0.00000000
vt 0.00000000 0.00000000
vt 0.00000000 0.00000000
vt 0.00000000 0.00000000
vt 0.00000000 0.00000000
vt 0.00000000 0.00000000
vt 0.00000000 0.00000000
vt 0.00000000 0.00000000
vt 0.00000000 0.00000000
vt 0.00000000 0.00000000
vt 0.00000000 0.00000000
vt 0.00000000 0.00000000
vt 0.00000000 0.00000000
vt 0.00000000 0.00000000
vt 0.00000000 0.00000000
vt 0.00000000 0.00000000
vt 0.00000000 0.00000000
vt 0.00000000 0.00000000
vt 0.00000000 0.00000000
vt 0.00000000 0.00000000
vt 0.00000000 0.00000000
vt 0.00000000 0.00000000
vt 0.00000000 0.00000000
vt 0.00000000 0.00000000
vt 0.00000000 0.00000000
vt 0.00000000 0.00000000
vt 0.00000000 0.00000000
vt 0.00000000 0.00000000
vt 0.00000000 0.00000000
vt 0.00000000 0.00000000
vt 0.00000000 0.00000000
vt 0.00000000 0.00000000
vt 0.00000000 0.00000000
vt 0.00000000 0.00000000
vt 0.00000000 0.00000000
vt 0.00000000 0.00000000
vt 0.00000000 0.00000000
vt 0.00000000 0.00000000
vt 0.00000000 0.00000000
vt 0.00000000 0.00000000
vt 0.00000000 0.00000000
vt 0.00000000 0.00000000
vt 0.00000000 0.00000000
vt 0.00000000 0.00000000
vt 0.00000000 0.00000000
vt 0.00000000 0.00000000
vt 0.00000000 0.00000000
vt 0.00000000 0.00000000
vt 0.00000000 0.00000000
vt 0.00000000 0.00000000
vt 0.00000000 0.00000000
vt 0.00000000 0.00000000
vt 0.00000000 0.00000000
vt 0.00000000 0.00000000
vt 0.00000000 0.00000000
vt 0.00000000 0.00000000
vt 0.00000000 0.00000000
vt 0.00000000 0.00000000
vt 0.00000000 0.00000000
vt 0.00000000 0.00000000
vt 0.00000000 0.00000000
vt 0.00000000 0.00000000
vt 0.00000000 0.00000000
vt 0.00000000 0.00000000
vt 0.00000000 0.00000000
vt 0.00000000 0.00000000
vt 0.00000000 0.00000000
vt 0.00000000 0.00000000
vt 0.00000000 0.00000000
vt 0.00000000 0.00000000
vt 0.00000000 0.00000000
vt 0.00000000 0.00000000
vt 0.00000000 0.00000000
vt 0.00000000 0.00000000
vt 0.00000000 0.00000000
vt 0.00000000 0.00000000
vt 0.00000000 0.00000000
vt 0.00000000 0.00000000
vt 0.00000000 0.00000000
vt 0.00000000 0.00000000
vt 0.00000000 0.00000000
vt 0.00000000 0.00000000
vt 0.00000000 0.00000000
vt 0.00000000 0.00000000
vt 0.00000000 0.00000000
vt 0.00000000 0.00000000
vt 0.00000000 0.00000000
vt 0.00000000 0.00000000
vt 0.00000000 0.00000000
vt 0.00000000 0.00000000
vt 0.00000000 0.00000000
vt 0.00000000 0.00000000
vt 0.00000000 0.00000000
vt 0.00000000 0.00000000
vt 0.00000000 0.00000000
vt 0.00000000 0.00000000
vt 0.00000000 0.00000000
vt 0.00000000 0.00000000
vt 0.00000000 0.00000000
vt 0.00000000 0.00000000
vt 0.00000000 0.00000000
vt 0.00000000 0.00000000
vt 0.00000000 0.00000000
vt 0.00000000 0.00000000
vt 0.00000000 0.00000000
vt 0.00000000 0.00000000
vt 0.00000000 0.00000000
vt 0.00000000 0.00000000
vt 0.00000000 0.00000000
vt 0.00000000 0.00000000
vt 0.00000000 0.00000000
vt 0.00000000 0.00000000
vt 0.00000000 0.00000000
vt 0.00000000 0.00000000
vt 0.00000000 0.00000000
vt 0.00000000 0.00000000
vt 0.00000000 0.00000000
vt 0.00000000 0.00000000
vt 0.00000000 0.00000000
vt 0.00000000 0.00000000
vt 0.00000000 0.00000000
vt 0.00000000 0.00000000
vt 0.00000000 0.00000000
vt 0.00000000 0.00000000
vt 0.00000000 0.00000000
vt 0.00000000 0.00000000
vt 0.00000000 0.00000000
vt 0.00000000 0.00000000
vt 0.00000000 0.00000000
vt 0.00000000 0.00000000
vt 0.00000000 0.00000000
vt 0.00000000 0.00000000
vt 0.00000000 0.00000000
vt 0.00000000 0.00000000
vt 0.00000000 0.00000000
vt 0.00000000 0.00000000
vt 0.00000000 0.00000000
vt 0.00000000 0.00000000
vt 0.00000000 0.00000000
vt 0.00000000 0.00000000
vt 0.00000000 0.00000000
vt 0.00000000 0.00000000
vt 0.00000000 0.00000000
vt 0.00000000 0.00000000
vt 0.00000000 0.00000000
vt 0.00000000 0.00000000
vt 0.00000000 0.00000000
vt 0.00000000 0.00000000
vt 0.00000000 0.00000000
vt 0.00000000 0.00000000
vt 0.00000000 0.00000000
vt 0.00000000 0.00000000
vt 0.00000000 0.00000000
vt 0.00000000 0.00000000
vt 0.00000000 0.00000000
vt 0.00000000 0.00000000
vt 0.00000000 0.00000000
vt 0.00000000 0.00000000
vt 0.00000000 0.00000000
vt 0.00000000 0.00000000
vt 0.00000000 0.00000000
vt 0.00000000 0.00000000
vt 0.00000000 0.00000000
vt 0.00000000 0.00000000
vt 0.00000000 0.00000000
vt 0.00000000 0.00000000
vt 0.00000000 0.00000000
vt 0.00000000 0.00000000
vt 0.00000000 0.00000000
vt 0.00000000 0.00000000
vt 0.00000000 0.00000000
vt 0.00000000 0.00000000
vt 0.00000000 0.00000000
vt 0.00000000 0.00000000
vt 0.00000000 0.00000000
vt 0.00000000 0.00000000
vt 0.00000000 0.00000000
vt 0.00000000 0.00000000
vt 0.00000000 0.00000000
vt 0.00000000 0.00000000
vt 0.00000000 0.00000000
vt 0.00000000 0.00000000
vt 0.00000000 0.00000000
vt 0.00000000 0.00000000
vt 0.00000000 0.00000000
vt 0.00000000 0.00000000
vt 0.00000000 0.00000000
vt 0.00000000 0.00000000
vt 0.00000000 0.00000000
vt 0.00000000 0.00000000
vt 0.00000000 0.00000000
vt 0.00000000 0.00000000
vt 0.00000000 0.00000000
vt 0.00000000 0.00000000
vt 0.00000000 0.00000000
vt 0.00000000 0.00000000
vt 0.00000000 0.00000000
vt 0.00000000 0.00000000
vt 0.00000000 0.00000000
vt 0.00000000 0.00000000
vt 0.00000000 0.00000000
vt 0.00000000 0.00000000
vt 0.00000000 0.00000000
vt 0.00000000 0.00000000
vt 0.00000000 0.00000000
vt 0.00000000 0.00000000
vt 0.00000000 0.00000000
vt 0.00000000 0.00000000
vt 0.00000000 0.00000000
vt 0.00000000 0.00000000
vt 0.00000000 0.00000000
vt 0.00000000 0.00000000
vt 0.00000000 0.00000000
vt 0.00000000 0.00000000
vt 0.00000000 0.00000000
vt 0.00000000 0.00000000
vt 0.00000000 0.00000000
vt 0.00000000 0.00000000
vt 0.00000000 0.00000000
vt 0.00000000 0.00000000
vt 0.00000000 0.00000000
vt 0.00000000 0.00000000
vt 0.00000000 0.00000000
vt 0.00000000 0.00000000
vt 0.00000000 0.00000000
vt 0.00000000 0.00000000
vt 0.00000000 0.00000000
vt 0.00000000 0.00000000
vt 0.00000000 0.00000000
vt 0.00000000 0.00000000
vt 0.00000000 0.00000000
vt 0.00000000 0.00000000
vt 0.00000000 0.00000000
vt 0.00000000 0.00000000
vt 0.00000000 0.00000000
vt 0.00000000 0.00000000
vt 0.00000000 0.00000000
vt 0.00000000 0.00000000
vt 0.00000000 0.00000000
vt 0.00000000 0.00000000
vt 0.00000000 0.00000000
vt 0.00000000 0.00000000
vt 0.00000000 0.00000000
vt 0.00000000 0.00000000
vt 0.00000000 0.00000000
vt 0.00000000 0.00000000
vt 0.00000000 0.00000000
vt 0.00000000 0.00000000
vt 0.00000000 0.00000000
vt 0.00000000 0.00000000
vt 0.00000000 0.00000000
vt 0.00000000 0.00000000
vt 0.00000000 0.00000000
vt 0.00000000 0.00000000
vt 0.00000000 0.00000000
vt 0.00000000 0.00000000
vt 0.00000000 0.00000000
vt 0.00000000 0.00000000
vt 0.00000000 0.00000000
vt 0.00000000 0.00000000
vt 0.00000000 0.00000000
vt 0.00000000 0.00000000
vt 0.00000000 0.00000000
vt 0.00000000 0.00000000
vt 0.00000000 0.00000000
vt 0.00000000 0.00000000
vt 0.00000000 0.00000000
vt 0.00000000 0.00000000
vt 0.00000000 0.00000000
vt 0.00000000 0.00000000
vt 0.00000000 0.00000000
vt 0.00000000 0.00000000
vt 0.00000000 0.00000000
vt 0.00000000 0.00000000
vt 0.00000000 0.00000000
vt 0.00000000 0.00000000
vt 0.00000000 0.00000000
vt 0.00000000 0.00000000
vt 0.00000000 0.00000000
vt 0.00000000 0.00000000
vt 0.00000000 0.00000000
vt 0.00000000 0.00000000
vt 0.00000000 0.00000000
vt 0.00000000 0.00000000
vt 0.00000000 0.00000000
vt 0.00000000 0.00000000
vt 0.00000000 0.00000000
vt 0.00000000 0.00000000
vt 0.00000000 0.00000000
vt 0.00000000 0.00000000
vt 0.00000000 0.00000000
vt 0.00000000 0.00000000
vt 0.00000000 0.00000000
vt 0.00000000 0.00000000
vt 0.00000000 0.00000000
vt 0.00000000 0.00000000
vt 0.00000000 0.00000000
vt 0.00000000 0.00000000
vt 0.00000000 0.00000000
vt 0.00000000 0.00000000
vt 0.00000000 0.00000000
vt 0.00000000 0.00000000
vt 0.00000000 0.00000000
vt 0.00000000 0.00000000
vt 0.00000000 0.00000000
vt 0.00000000 0.00000000
vt 0.00000000 0.00000000
vt 0.00000000 0.00000000
vt 0.00000000 0.00000000
vt 0.00000000 0.00000000
vt 0.00000000 0.00000000
vt 0.00000000 0.00000000
vt 0.00000000 0.00000000
vt 0.00000000 0.00000000
vt 0.00000000 0.00000000
vt 0.00000000 0.00000000
vt 0.00000000 0.00000000
vt 0.00000000 0.00000000
vt 0.00000000 0.00000000
vt 0.00000000 0.00000000
vt 0.00000000 0.00000000
vt 0.00000000 0.00000000
vt 0.00000000 0.00000000
vt 0.00000000 0.00000000
vt 0.00000000 0.00000000
vt 0.00000000 0.00000000
vt 0.00000000 0.00000000
vt 0.00000000 0.00000000
vt 0.00000000 0.00000000
vt 0.00000000 0.00000000
vt 0.00000000 0.00000000
vt 0.00000000 0.00000000
vt 0.00000000 0.00000000
vt 0.00000000 0.00000000
vt 0.00000000 0.00000000
vt 0.00000000 0.00000000
vt 0.00000000 0.00000000
vt 0.00000000 0.00000000
vt 0.00000000 0.00000000
vt 0.00000000 0.00000000
vt 0.00000000 0.00000000
vt 0.00000000 0.00000000
vt 0.00000000 0.00000000
vt 0.00000000 0.00000000
vt 0.00000000 0.00000000
vt 0.00000000 0.00000000
vt 0.00000000 0.00000000
vt 0.00000000 0.00000000
vt 0.00000000 0.00000000
vt 0.00000000 0.00000000
vt 0.00000000 0.00000000
vt 0.00000000 0.00000000
vt 0.00000000 0.00000000
vt 0.00000000 0.00000000
vt 0.00000000 0.00000000
vt 0.00000000 0.00000000
vt 0.00000000 0.00000000
vt 0.00000000 0.00000000
vt 0.00000000 0.00000000
vt 0.00000000 0.00000000
vt 0.00000000 0.00000000
vt 0.00000000 0.00000000
vt 0.00000000 0.00000000
vt 0.00000000 0.00000000
vt 0.00000000 0.00000000
vt 0.00000000 0.00000000
vt 0.00000000 0.00000000
vt 0.00000000 0.00000000
vt 0.00000000 0.00000000
vt 0.00000000 0.00000000
vt 0.00000000 0.00000000
vt 0.00000000 0.00000000
vt 0.00000000 0.00000000
vt 0.00000000 0.00000000
vt 0.00000000 0.00000000
vt 0.00000000 0.00000000
vt 0.00000000 0.00000000
vt 0.00000000 0.00000000
vt 0.00000000 0.00000000
vt 0.00000000 0.00000000
vt 0.00000000 0.00000000
vt 0.00000000 0.00000000
vt 0.00000000 0.00000000
vt 0.00000000 0.00000000
vt 0.00000000 0.00000000
vt 0.00000000 0.00000000
vt 0.00000000 0.00000000
f 385/385/385 386/386/386 387/387/387
f 388/388/388 389/389/389 390/390/390
f 391/391/391 392/392/392 393/393/393
f 394/394/394 395/395/395 396/396/396
f 397/397/397 398/398/398 399/399/399
f 400/400/400 401/401/401 402/402/402
f 403/403/403 404/404/404 405/405/405
f 406/406/406 407/407/407 408/408/408
f 409/409/409 410/410/410 411/411/411
f 412/412/412 413/413/413 414/414/414
f 415/415/415 416/416/416 417/417/417
f 418/418/418 419/419/419 420/420/420
f 421/421/421 422/422/422 423/423/423
f 424/424/424 425/425/425 426/426/426
f 427/427/427 428/428/428 429/429/429
f 430/430/430 431/431/431 432/432/432
f 433/433/433 434/434/434 435/435/435
f 436/436/436 437/437/437 438/438/438
f 439/439/439 440/440/440 441/441/441
f 442/442/442 443/443/443 444/444/444
f 445/445/445 446/446/446 447/447/447
f 448/448/448 449/449/449 450/450/450
f 451/451/451 452/452/452 453/453/453
f 454/454/454 455/455/455 456/456/456
f 457/457/457 458/458/458 459/459/459
f 460/460/460 461/461/461 462/462/462
f 463/463/463 436/436/436 464/464/464
f 465/465/465 466/466/466 467/467/467
f 438/438/438 468/468/468 469/469/469
f 470/470/470 471/471/471 472/472/472
f 473/473/473 474/474/474 475/475/475
f 476/476/476 477/477/477 478/478/478
f 479/479/479 480/480/480 481/481/481
f 482/482/482 483/483/483 484/484/484
f 485/485/485 486/486/486 487/487/487
f 488/488/488 489/489/489 490/490/490
f 491/491/491 492/492/492 493/493/493
f 494/494/494 464/464/464 495/495/495
f 496/496/496 497/497/497 498/498/498
f 499/499/499 500/500/500 501/501/501
f 502/502/502 503/503/503 504/504/504
f 468/468/468 505/505/505 469/469/469
f 506/506/506 507/507/507 508/508/508
f 509/509/509 510/510/510 511/511/511
f 512/512/512 513/513/513 514/514/514
f 515/515/515 516/516/516 517/517/517
f 518/518/518 519/519/519 520/520/520
f 521/521/521 522/522/522 523/523/523
f 524/524/524 525/525/525 526/526/526
f 527/527/527 528/528/528 529/529/529
f 530/530/530 494/494/494 495/495/495
f 531/531/531 532/532/532 533/533/533
f 534/534/534 535/535/535 536/536/536
f 537/537/537 538/538/538 539/539/539
f 540/540/540 541/541/541 542/542/542
f 543/543/543 544/544/544 545/545/545
f 546/546/546 547/547/547 548/548/548
f 505/505/505 549/549/549 550/550/550
f 551/551/551 552/552/552 553/553/553
f 554/554/554 555/555/555 556/556/556
f 557/557/557 558/558/558 559/559/559
f 560/560/560 561/561/561 562/562/562
f 563/563/563 564/564/564 565/565/565
f 566/566/566 567/567/567 568/568/568
f 569/569/569 570/570/570 571/571/571
f 572/572/572 573/573/573 574/574/574
f 575/575/575 530/530/530 576/576/576
f 577/577/577 578/578/578 579/579/579
f 580/580/580 581/581/581 582/582/582
f 583/583/583 584/584/584 585/585/585
f 586/586/586 587/587/587 588/588/588
f 589/589/589 590/590/590 591/591/591
f 592/592/592 593/593/593 594/594/594
f 549/549/549 595/595/595 550/550/550
f 596/596/596 597/597/597 598/598/598
f 599/599/599 600/600/600 601/601/601
f 602/602/602 603/603/603 604/604/604
f 605/605/605 606/606/606 607/607/607
f 608/608/608 609/609/609 610/610/610
f 611/611/611 612/612/612 613/613/613
f 614/614/614 615/615/615 616/616/616
f 617/617/617 618/618/618 619/619/619
f 620/620/620 575/575/575 576/576/576
f 621/621/621 622/622/622 623/623/623
f 624/624/624 625/625/625 626/626/626
f 627/627/627 628/628/628 629/629/629
f 630/630/630 631/631/631 632/632/632
f 633/633/633 634/634/634 635/635/635
f 636/636/636 637/637/637 638/638/638
f 595/595/595 639/639/639 640/640/640
f 641/641/641 642/642/642 643/643/643
f 644/644/644 645/645/645 646/646/646
f 647/647/647 648/648/648 649/649/649
f 650/650/650 651/651/651 652/652/652
f 653/653/653 654/654/654 655/655/655
f 656/656/656 657/657/657 658/658/658
f 659/659/659 660/660/660 661/661/661
f 662/662/662 663/663/663 664/664/664
f 665/665/665 620/620/620 666/666/666
f 667/667/667 668/668/668 669/669/669
f 670/670/670 671/671/671 672/672/672
f 673/673/673 674/674/674 675/675/675
f 676/676/676 677/677/677 678/678/678
f 679/679/679 680/680/680 681/681/681
f 640/640/640 682/682/682 683/683/683
f 684/684/684 685/685/685 686/686/686
f 687/687/687 688/688/688 689/689/689
f 690/690/690 691/691/691 692/692/692
f 693/693/693 694/694/694 695/695/695
f 696/696/696 697/697/697 698/698/698
f 699/699/699 700/700/700 701/701/701
f 702/702/702 703/703/703 704/704/704
f 705/705/705 706/706/706 707/707/707
f 708/708/708 666/666/666 709/709/709
f 710/710/710 711/711/711 712/712/712
f 713/713/713 714/714/714 715/715/715
f 716/716/716 717/717/717 713/713/713
f 718/718/718 676/676/676 678/678/678
f 719/719/719 720/720/720 721/721/721
f 722/722/722 723/723/723 724/724/724
f 683/683/683 725/725/725 726/726/726
f 727/727/727 728/728/728 729/729/729
f 730/730/730 731/731/731 732/732/732
f 733/733/733 734/734/734 735/735/735
f 736/736/736 737/737/737 738/738/738
f 739/739/739 740/740/740 741/741/741
f 742/742/742 743/743/743 744/744/744
f 745/745/745 746/746/746 747/747/747
f 748/748/748 749/749/749 750/750/750
f 751/751/751 708/708/708 709/709/709
f 752/752/752 753/753/753 754/754/754
f 715/715/715 755/755/755 756/756/756
f 757/757/757 758/758/758 759/759/759
f 760/760/760 761/761/761 762/762/762
f 725/725/725 763/763/763 726/726/726
f 764/764/764 765/765/765 766/766/766
f 767/767/767 768/768/768 769/769/769
f 770/770/770 771/771/771 772/772/772
f 773/773/773 774/774/774 775/775/775
f 776/776/776 777/777/777 778/778/778
f 779/779/779 780/780/780 781/781/781
f 782/782/782 783/783/783 784/784/784
f 785/785/785 786/786/786 787/787/787
f 788/788/788 789/789/789 751/751/751
f 790/790/790 791/791/791 792/792/792
f 793/793/793 794/794/794 795/795/795
f 796/796/796 797/797/797 798/798/798
f 799/799/799 800/800/800 801/801/801
f 763/763/763 802/802/802 803/803/803
f 804/804/804 805/805/805 806/806/806
f 807/807/807 808/808/808 809/809/809
f 810/810/810 811/811/811 812/812/812
f 813/813/813 814/814/814 815/815/815
f 816/816/816 817/817/817 818/818/818
f 819/819/819 820/820/820 821/821/821
f 822/822/822 823/823/823 824/824/824
f 825/825/825 826/826/826 827/827/827
f 828/828/828 829/829/829 788/788/788
f 830/830/830 831/831/831 832/832/832
f 833/833/833 834/834/834 835/835/835
f 836/836/836 837/837/837 838/838/838
f 839/839/839 840/840/840 841/841/841
f 842/842/842 843/843/843 844/844/844
f 845/845/845 846/846/846 847/847/847
f 802/802/802 848/848/848 803/803/803
f 849/849/849 850/850/850 851/851/851
f 852/852/852 853/853/853 854/854/854
f 855/855/855 856/856/856 857/857/857
f 858/858/858 859/859/859 860/860/860
f 861/861/861 862/862/862 863/863/863
f 864/864/864 865/865/865 866/866/866
f 867/867/867 868/868/868 869/869/869
f 870/870/870 871/871/871 872/872/872
f 873/873/873 874/874/874 828/828/828
f 875/875/875 876/876/876 877/877/877
f 878/878/878 879/879/879 880/880/880
f 881/881/881 880/880/880 882/882/882
f 883/883/883 884/884/884 885/885/885
f 886/886/886 842/842/842 887/887/887
f 888/888/888 889/889/889 890/890/890
f 848/848/848 891/891/891 892/892/892
f 893/893/893 894/894/894 895/895/895
f 896/896/896 897/897/897 898/898/898
f 899/899/899 900/900/900 901/901/901
f 902/902/902 903/903/903 904/904/904
f 905/905/905 906/906/906 907/907/907
f 908/908/908 909/909/909 910/910/910
f 911/911/911 912/912/912 913/913/913
f 914/914/914 915/915/915 916/916/916
f 917/917/917 873/873/873 918/918/918
f 919/919/919 920/920/920 921/921/921
f 922/922/922 923/923/923 924/924/924
f 925/925/925 926/926/926 927/927/927
f 928/928/928 929/929/929 930/930/930
f 931/931/931 932/932/932 933/933/933
f 934/934/934 935/935/935 936/936/936
f 891/891/891 937/937/937 892/892/892
f 938/938/938 939/939/939 940/940/940
f 941/941/941 942/942/942 943/943/943
f 944/944/944 945/945/945 946/946/946
f 947/947/947 948/948/948 949/949/949
f 950/950/950 951/951/951 952/952/952
f 953/953/953 954/954/954 955/955/955
f 956/956/956 957/957/957 958/958/958
f 959/959/959 960/960/960 961/961/961
f 962/962/962 917/917/917 918/918/918
f 963/963/963 964/964/964 965/965/965
f 966/966/966 967/967/967 922/922/922
f 968/968/968 969/969/969 970/970/970
f 971/971/971 972/972/972 973/973/973
f 974/974/974 975/975/975 976/976/976
f 932/932/932 977/977/977 933/933/933
f 978/978/978 979/979/979 980/980/980
f 937/937/937 981/981/981 982/982/982
f 983/983/983 984/984/984 985/985/985
f 986/986/986 987/987/987 988/988/988
f 989/989/989 990/990/990 991/991/991
f 992/992/992 993/993/993 994/994/994
f 995/995/995 996/996/996 997/997/997
f 998/998/998 999/999/999 1000/1000/1000
f 1001/1001/1001 1002/1002/1002 1003/1003/1003
f 1004/1004/1004 1005/1005/1005 1006/1006/1006
f 1007/1007/1007 1008/1008/1008 962/962/962
f 1009/1009/1009 1010/1010/1010 1011/1011/1011
f 1012/1012/1012 1013/1013/1013 1014/1014/1014
f 1015/1015/1015 1016/1016/1016 1017/1017/1017
f 1018/1018/1018 1019/1019/1019 1020/1020/1020
f 1021/1021/1021 1022/1022/1022 1023/1023/1023
f 1024/1024/1024 1025/1025/1025 1026/1026/1026
f 1027/1027/1027 1028/1028/1028 977/977/977
f 1029/1029/1029 1030/1030/1030 1031/1031/1031
f 981/981/981 1032/1032/1032 982/982/982
f 1033/1033/1033 1034/1034/1034 1035/1035/1035
f 1036/1036/1036 1037/1037/1037 1038/1038/1038
f 1039/1039/1039 1040/1040/1040 1041/1041/1041
f 1042/1042/1042 1043/1043/1043 1044/1044/1044
f 1045/1045/1045 1046/1046/1046 1047/1047/1047
f 1048/1048/1048 1049/1049/1049 1050/1050/1050
f 1051/1051/1051 1052/1052/1052 1053/1053/1053
f 1054/1054/1054 1055/1055/1055 1056/1056/1056
f 1057/1057/1057 1058/1058/1058 1059/1059/1059
f 1060/1060/1060 1007/1007/1007 1061/1061/1061
f 1062/1062/1062 1063/1063/1063 1064/1064/1064
f 1065/1065/1065 1066/1066/1066 1067/1067/1067
f 1068/1068/1068 1069/1069/1069 1070/1070/1070
f 1071/1071/1071 1072/1072/1072 1073/1073/1073
f 1074/1074/1074 1075/1075/1075 1076/1076/1076
f 1077/1077/1077 1078/1078/1078 1079/1079/1079
f 1080/1080/1080 1081/1081/1081 1082/1082/1082
f 1083/1083/1083 1084/1084/1084 1085/1085/1085
f 1032/1032/1032 1086/1086/1086 1087/1087/1087
f 1088/1088/1088 1089/1089/1089 1090/1090/1090
f 1091/1091/1091 1092/1092/1092 1093/1093/1093
f 1094/1094/1094 1095/1095/1095 1096/1096/1096
f 1097/1097/1097 1098/1098/1098 1099/1099/1099
f 1100/1100/1100 1101/1101/1101 1102/1102/1102
f 1103/1103/1103 1104/1104/1104 1105/1105/1105
f 1106/1106/1106 1107/1107/1107 1108/1108/1108
f 1109/1109/1109 1110/1110/1110 1111/1111/1111
f 1112/1112/1112 1113/1113/1113 1114/1114/1114
f 1115/1115/1115 1116/1116/1116 1117/1117/1117
f 1118/1118/1118 1119/1119/1119 1120/1120/1120
f 1121/1121/1121 1061/1061/1061 1122/1122/1122
f 1123/1123/1123 1124/1124/1124 1125/1125/1125
f 1126/1126/1126 1127/1127/1127 1128/1128/1128
f 1013/1013/1013 1126/1126/1126 1128/1128/1128
f 1129/1129/1129 1130/1130/1130 1131/1131/1131
f 1132/1132/1132 1133/1133/1133 1134/1134/1134
f 1135/1135/1135 1136/1136/1136 1137/1137/1137
f 1138/1138/1138 1073/1073/1073 1139/1139/1139
f 1140/1140/1140 1141/1141/1141 1142/1142/1142
f 1143/1143/1143 1144/1144/1144 1145/1145/1145
f 1146/1146/1146 1147/1147/1147 1080/1080/1080
f 1148/1148/1148 1149/1149/1149 1150/1150/1150
f 1087/1087/1087 1151/1151/1151 1152/1152/1152
f 1153/1153/1153 1154/1154/1154 1155/1155/1155
f 1156/1156/1156 1157/1157/1157 1158/1158/1158
f 1159/1159/1159 1160/1160/1160 1161/1161/1161
f 1162/1162/1162 1163/1163/1163 1164/1164/1164
f 1165/1165/1165 1166/1166/1166 1167/1167/1167
f 1168/1168/1168 1169/1169/1169 1170/1170/1170
f 1171/1171/1171 1172/1172/1172 1173/1173/1173
f 1174/1174/1174 1175/1175/1175 1176/1176/1176
f 1177/1177/1177 1178/1178/1178 1179/1179/1179
f 1180/1180/1180 1181/1181/1181 1182/1182/1182
f 1110/1110/1110 1183/1183/1183 1111/1111/1111
f 1184/1184/1184 1185/1185/1185 1186/1186/1186
f 1187/1187/1187 1188/1188/1188 1189/1189/1189
f 1190/1190/1190 1191/1191/1191 1192/1192/1192
f 1193/1193/1193 1122/1122/1122 1194/1194/1194
f 1195/1195/1195 1196/1196/1196 1197/1197/1197
f 1198/1198/1198 1199/1199/1199 1127/1127/1127
f 1200/1200/1200 1201/1201/1201 1202/1202/1202
f 1203/1203/1203 1204/1204/1204 1205/1205/1205
f 1206/1206/1206 1207/1207/1207 1208/1208/1208
f 1209/1209/1209 1139/1139/1139 1210/1210/1210
f 1211/1211/1211 1212/1212/1212 1213/1213/1213
f 1214/1214/1214 1215/1215/1215 1216/1216/1216
f 1217/1217/1217 1218/1218/1218 1219/1219/1219
f 1220/1220/1220 1221/1221/1221 1222/1222/1222
f 1151/1151/1151 1223/1223/1223 1152/1152/1152
f 1224/1224/1224 1225/1225/1225 1226/1226/1226
f 1227/1227/1227 1228/1228/1228 1229/1229/1229
f 1230/1230/1230 1231/1231/1231 1232/1232/1232
f 1233/1233/1233 1234/1234/1234 1164/1164/1164
f 1235/1235/1235 1236/1236/1236 1237/1237/1237
f 1238/1238/1238 1239/1239/1239 1240/1240/1240
f 1241/1241/1241 1242/1242/1242 1243/1243/1243
f 1244/1244/1244 1245/1245/1245 1246/1246/1246
f 1247/1247/1247 1248/1248/1248 1249/1249/1249
f 1173/1173/1173 1250/1250/1250 1251/1251/1251
f 1252/1252/1252 1253/1253/1253 1254/1254/1254
f 1255/1255/1255 1256/1256/1256 1257/1257/1257
f 1258/1258/1258 1259/1259/1259 1260/1260/1260
f 1261/1261/1261 1262/1262/1262 1263/1263/1263
f 1264/1264/1264 1265/1265/1265 1266/1266/1266
f 1267/1267/1267 1268/1268/1268 1269/1269/1269
f 1270/1270/1270 1271/1271/1271 1272/1272/1272
f 1273/1273/1273 1274/1274/1274 1275/1275/1275
f 1276/1276/1276 1193/1193/1193 1194/1194/1194
f 1277/1277/1277 1278/1278/1278 1279/1279/1279
f 1280/1280/1280 1281/1281/1281 1282/1282/1282
f 1283/1283/1283 1284/1284/1284 1285/1285/1285
f 1286/1286/1286 1287/1287/1287 1288/1288/1288
f 1208/1208/1208 1289/1289/1289 1290/1290/1290
f 1291/1291/1291 1292/1292/1292 1265/1265/1265
f 1293/1293/1293 1294/1294/1294 1295/1295/1295
f 1296/1296/1296 1297/1297/1297 1298/1298/1298
f 1299/1299/1299 1300/1300/1300 1218/1218/1218
f 1301/1301/1301 1302/1302/1302 1303/1303/1303
f 1223/1223/1223 1304/1304/1304 1305/1305/1305
f 1306/1306/1306 1307/1307/1307 1308/1308/1308
f 1309/1309/1309 1310/1310/1310 1311/1311/1311
f 1312/1312/1312 1313/1313/1313 1314/1314/1314
f 1315/1315/1315 1316/1316/1316 1317/1317/1317
f 1318/1318/1318 1319/1319/1319 1320/1320/1320
f 1321/1321/1321 1322/1322/1322 1323/1323/1323
f 1324/1324/1324 1325/1325/1325 1326/1326/1326
f 1327/1327/1327 1328/1328/1328 1238/1238/1238
f 1329/1329/1329 1330/1330/1330 1331/1331/1331
f 1332/1332/1332 1333/1333/1333 1334/1334/1334
f 1335/1335/1335 1336/1336/1336 1337/1337/1337
f 1338/1338/1338 1339/1339/1339 1340/1340/1340
f 1341/1341/1341 1342/1342/1342 1343/1343/1343
f 1344/1344/1344 1345/1345/1345 1346/1346/1346
f 1347/1347/1347 1348/1348/1348 1349/1349/1349
f 1350/1350/1350 1351/1351/1351 1352/1352/1352
f 1353/1353/1353 1354/1354/1354 1355/1355/1355
f 1356/1356/1356 1357/1357/1357 1358/1358/1358
f 1359/1359/1359 1276/1276/1276 1360/1360/1360
f 1361/1361/1361 1362/1362/1362 1363/1363/1363
f 1364/1364/1364 1365/1365/1365 1280/1280/1280
f 1366/1366/1366 1367/1367/1367 1368/1368/1368
f 1369/1369/1369 1370/1370/1370 1371/1371/1371
f 1290/1290/1290 1372/1372/1372 1373/1373/1373
f 1374/1374/1374 1375/1375/1375 1376/1376/1376
f 1377/1377/1377 1378/1378/1378 1379/1379/1379
f 1305/1305/1305 1380/1380/1380 1381/1381/1381
f 1382/1382/1382 1383/1383/1383 1384/1384/1384
f 1385/1385/1385 1386/1386/1386 1387/1387/1387
f 1388/1388/1388 1389/1389/1389 1390/1390/1390
f 1391/1391/1391 1392/1392/1392 1315/1315/1315
f 1393/1393/1393 1394/1394/1394 1395/1395/1395
f 1396/1396/1396 1397/1397/1397 1398/1398/1398
f 1399/1399/1399 1400/1400/1400 1401/1401/1401
f 1402/1402/1402 1403/1403/1403 1404/1404/1404
f 1405/1405/1405 1406/1406/1406 1407/1407/1407
f 1408/1408/1408 1409/1409/1409 1410/1410/1410
f 1411/1411/1411 1412/1412/1412 1413/1413/1413
f 1414/1414/1414 1415/1415/1415 1416/1416/1416
f 1417/1417/1417 1418/1418/1418 1419/1419/1419
f 1420/1420/1420 1421/1421/1421 1342/1342/1342
f 1422/1422/1422 1423/1423/1423 1424/1424/1424
f 1425/1425/1425 1426/1426/1426 1427/1427/1427
f 1428/1428/1428 1429/1429/1429 1430/1430/1430
f 1431/1431/1431 1432/1432/1432 1433/1433/1433
f 1434/1434/1434 1435/1435/1435 1436/1436/1436
f 1437/1437/1437 1360/1360/1360 1438/1438/1438
f 1439/1439/1439 1440/1440/1440 1441/1441/1441
f 1442/1442/1442 1443/1443/1443 1444/1444/1444
f 1445/1445/1445 1446/1446/1446 1447/1447/1447
f 1448/1448/1448 1449/1449/1449 1450/1450/1450
f 1380/1380/1380 1451/1451/1451 1381/1381/1381
f 1452/1452/1452 1453/1453/1453 1454/1454/1454
f 1455/1455/1455 1456/1456/1456 1457/1457/1457
f 1458/1458/1458 1459/1459/1459 1460/1460/1460
f 1461/1461/1461 1462/1462/1462 1463/1463/1463
f 1464/1464/1464 1465/1465/1465 1466/1466/1466
f 1467/1467/1467 1405/1405/1405 1468/1468/1468
f 1469/1469/1469 1470/1470/1470 1471/1471/1471
f 1472/1472/1472 1473/1473/1473 1474/1474/1474
f 1475/1475/1475 1476/1476/1476 1477/1477/1477
f 1478/1478/1478 1479/1479/1479 1480/1480/1480
f 1421/1421/1421 1481/1481/1481 1482/1482/1482
f 1483/1483/1483 1484/1484/1484 1485/1485/1485
f 1486/1486/1486 1487/1487/1487 1488/1488/1488
f 1489/1489/1489 1490/1490/1490 1491/1491/1491
f 1492/1492/1492 1493/1493/1493 1494/1494/1494
f 1495/1495/1495 1496/1496/1496 1497/1497/1497
f 1498/1498/1498 1437/1437/1437 1438/1438/1438
f 1499/1499/1499 1500/1500/1500 1501/1501/1501
f 1502/1502/1502 1503/1503/1503 1504/1504/1504
f 1505/1505/1505 1506/1506/1506 1507/1507/1507
f 1508/1508/1508 1509/1509/1509 1510/1510/1510
f 1451/1451/1451 1511/1511/1511 1512/1512/1512
f 1513/1513/1513 1514/1514/1514 1515/1515/1515
f 1516/1516/1516 1517/1517/1517 1518/1518/1518
f 1519/1519/1519 1520/1520/1520 1521/1521/1521
f 1522/1522/1522 1523/1523/1523 1524/1524/1524
f 1525/1525/1525 1526/1526/1526 1527/1527/1527
f 1528/1528/1528 1467/1467/1467 1468/1468/1468
f 1529/1529/1529 1530/1530/1530 1531/1531/1531
f 1532/1532/1532 1533/1533/1533 1534/1534/1534
f 1535/1535/1535 1536/1536/1536 1537/1537/1537
f 1538/1538/1538 1539/1539/1539 1540/1540/1540
f 1541/1541/1541 1542/1542/1542 1543/1543/1543
f 1544/1544/1544 1545/1545/1545 1546/1546/1546
f 1547/1547/1547 1548/1548/1548 1549/1549/1549
f 1550/1550/1550 1551/1551/1551 1552/1552/1552
f 1553/1553/1553 1554/1554/1554 1555/1555/1555
f 1556/1556/1556 1557/1557/1557 1558/1558/1558
f 1559/1559/1559 1560/1560/1560 1498/1498/1498
f 1561/1561/1561 1562/1562/1562 1563/1563/1563
f 1564/1564/1564 1565/1565/1565 1503/1503/1503
f 1566/1566/1566 1567/1567/1567 1568/1568/1568
f 1569/1569/1569 1570/1570/1570 1571/1571/1571
f 1511/1511/1511 1572/1572/1572 1512/1512/1512
f 1573/1573/1573 1574/1574/1574 1575/1575/1575
f 1576/1576/1576 1577/1577/1577 1578/1578/1578
f 1579/1579/1579 1580/1580/1580 1581/1581/1581
f 1582/1582/1582 1583/1583/1583 1584/1584/1584
f 1585/1585/1585 1586/1586/1586 1587/1587/1587
f 1588/1588/1588 1589/1589/1589 1590/1590/1590
f 1591/1591/1591 1592/1592/1592 1593/1593/1593
f 1594/1594/1594 1595/1595/1595 1596/1596/1596
f 1597/1597/1597 1598/1598/1598 1599/1599/1599
f 1600/1600/1600 1601/1601/1601 1602/1602/1602
f 1603/1603/1603 1604/1604/1604 1605/1605/1605
f 1606/1606/1606 1607/1607/1607 1608/1608/1608
f 1609/1609/1609 1610/1610/1610 1611/1611/1611
f 1612/1612/1612 1613/1613/1613 1614/1614/1614
f 1615/1615/1615 1616/1616/1616 1617/1617/1617
f 1618/1618/1618 1619/1619/1619 1620/1620/1620
f 1621/1621/1621 1622/1622/1622 1559/1559/1559
f 1623/1623/1623 1624/1624/1624 1625/1625/1625
f 1626/1626/1626 1627/1627/1627 1628/1628/1628
f 1629/1629/1629 1630/1630/1630 1631/1631/1631
f 1632/1632/1632 1633/1633/1633 1634/1634/1634
f 1635/1635/1635 1636/1636/1636 1572/1572/1572
f 1637/1637/1637 1638/1638/1638 1639/1639/1639
f 1640/1640/1640 1641/1641/1641 1642/1642/1642
f 1643/1643/1643 1644/1644/1644 1645/1645/1645
f 1646/1646/1646 1647/1647/1647 1648/1648/1648
f 1649/1649/1649 1650/1650/1650 1651/1651/1651
f 1652/1652/1652 1653/1653/1653 1654/1654/1654
f 1655/1655/1655 1656/1656/1656 1657/1657/1657
f 1658/1658/1658 1659/1659/1659 1660/1660/1660
f 1661/1661/1661 1662/1662/1662 1663/1663/1663
f 1664/1664/1664 1665/1665/1665 1666/1666/1666
f 1667/1667/1667 1668/1668/1668 1669/1669/1669
f 1670/1670/1670 1671/1671/1671 1672/1672/1672
f 1673/1673/1673 1674/1674/1674 1675/1675/1675
f 1676/1676/1676 1677/1677/1677 1678/1678/1678
f 1679/1679/1679 1680/1680/1680 1681/1681/1681
f 1682/1682/1682 1683/1683/1683 1684/1684/1684
f 1685/1685/1685 1621/1621/1621 1686/1686/1686
f 1687/1687/1687 1688/1688/1688 1689/1689/1689
f 1690/1690/1690 1691/1691/1691 1692/1692/1692
f 1693/1693/1693 1694/1694/1694 1695/1695/1695
f 1696/1696/1696 1697/1697/1697 1698/1698/1698
f 1636/1636/1636 1699/1699/1699 1700/1700/1700
f 1701/1701/1701 1702/1702/1702 1703/1703/1703
f 1704/1704/1704 1705/1705/1705 1706/1706/1706
f 1707/1707/1707 1708/1708/1708 1709/1709/1709
f 1710/1710/1710 1711/1711/1711 1712/1712/1712
f 1713/1713/1713 1714/1714/1714 1715/1715/1715
f 1716/1716/1716 1717/1717/1717 1718/1718/1718
f 1719/1719/1719 1720/1720/1720 1721/1721/1721
f 1722/1722/1722 1723/1723/1723 1724/1724/1724
f 1725/1725/1725 1726/1726/1726 1727/1727/1727
f 1728/1728/1728 1729/1729/1729 1730/1730/1730
f 1731/1731/1731 1732/1732/1732 1668/1668/1668
f 1733/1733/1733 1734/1734/1734 1735/1735/1735
f 1736/1736/1736 1737/1737/1737 1738/1738/1738
f 1739/1739/1739 1740/1740/1740 1741/1741/1741
f 1742/1742/1742 1743/1743/1743 1744/1744/1744
f 1745/1745/1745 1746/1746/1746 1747/1747/1747
f 1748/1748/1748 1686/1686/1686 1749/1749/1749
f 1750/1750/1750 1751/1751/1751 1752/1752/1752
f 1753/1753/1753 1754/1754/1754 1755/1755/1755
f 1756/1756/1756 1757/1757/1757 1758/1758/1758
f 1759/1759/1759 1760/1760/1760 1761/1761/1761
f 1699/1699/1699 1762/1762/1762 1700/1700/1700
f 1763/1763/1763 1764/1764/1764 1765/1765/1765
f 1766/1766/1766 1767/1767/1767 1768/1768/1768
f 1769/1769/1769 1770/1770/1770 1771/1771/1771
f 1772/1772/1772 1773/1773/1773 1774/1774/1774
f 1775/1775/1775 1776/1776/1776 1777/1777/1777
f 1778/1778/1778 1779/1779/1779 1716/1716/1716
f 1780/1780/1780 1781/1781/1781 1782/1782/1782
f 1783/1783/1783 1784/1784/1784 1785/1785/1785
f 1786/1786/1786 1787/1787/1787 1788/1788/1788
f 1789/1789/1789 1790/1790/1790 1791/1791/1791
f 1792/1792/1792 1793/1793/1793 1732/1732/1732
f 1794/1794/1794 1795/1795/1795 1796/1796/1796
f 1797/1797/1797 1798/1798/1798 1799/1799/1799
f 1800/1800/1800 1801/1801/1801 1802/1802/1802
f 1803/1803/1803 1804/1804/1804 1805/1805/1805
f 1806/1806/1806 1807/1807/1807 1808/1808/1808
f 1809/1809/1809 1748/1748/1748 1749/1749/1749
f 1810/1810/1810 1811/1811/1811 1812/1812/1812
f 1813/1813/1813 1814/1814/1814 1815/1815/1815
f 1816/1816/1816 1817/1817/1817 1818/1818/1818
f 1819/1819/1819 1820/1820/1820 1821/1821/1821
f 1762/1762/1762 1822/1822/1822 1823/1823/1823
f 1824/1824/1824 1825/1825/1825 1826/1826/1826
f 1827/1827/1827 1828/1828/1828 1829/1829/1829
f 1830/1830/1830 1831/1831/1831 1832/1832/1832
f 1833/1833/1833 1834/1834/1834 1835/1835/1835
f 1836/1836/1836 1837/1837/1837 1838/1838/1838
f 1839/1839/1839 1840/1840/1840 1778/1778/1778
f 1841/1841/1841 1842/1842/1842 1843/1843/1843
f 1844/1844/1844 1845/1845/1845 1846/1846/1846
f 1847/1847/1847 1848/1848/1848 1849/1849/1849
f 1850/1850/1850 1851/1851/1851 1852/1852/1852
f 1853/1853/1853 1854/1854/1854 1855/1855/1855
f 1856/1856/1856 1857/1857/1857 1858/1858/1858
f 1859/1859/1859 1860/1860/1860 1861/1861/1861
f 1862/1862/1862 1863/1863/1863 1864/1864/1864
f 1865/1865/1865 1866/1866/1866 1867/1867/1867
f 1868/1868/1868 1869/1869/1869 1870/1870/1870
f 1871/1871/1871 1809/1809/1809 1872/1872/1872
f 1873/1873/1873 1874/1874/1874 1875/1875/1875
f 1876/1876/1876 1877/1877/1877 1814/1814/1814
f 1878/1878/1878 1879/1879/1879 1817/1817/1817
f 1880/1880/1880 1881/1881/1881 1882/1882/1882
f 1822/1822/1822 1883/1883/1883 1823/1823/1823
f 1884/1884/1884 1885/1885/1885 1886/1886/1886
f 1887/1887/1887 1888/1888/1888 1889/1889/1889
f 1890/1890/1890 1891/1891/1891 1892/1892/1892
f 1893/1893/1893 1894/1894/1894 1895/1895/1895
f 1896/1896/1896 1897/1897/1897 1898/1898/1898
f 1899/1899/1899 1900/1900/1900 1901/1901/1901
f 1902/1902/1902 1903/1903/1903 1904/1904/1904
f 1905/1905/1905 1906/1906/1906 1907/1907/1907
f 1908/1908/1908 1909/1909/1909 1910/1910/1910
f 1911/1911/1911 1912/1912/1912 1913/1913/1913
f 1855/1855/1855 1914/1914/1914 1915/1915/1915
f 1916/1916/1916 1917/1917/1917 1918/1918/1918
f 1919/1919/1919 1920/1920/1920 1921/1921/1921
f 1922/1922/1922 1923/1923/1923 1924/1924/1924
f 1925/1925/1925 1926/1926/1926 1927/1927/1927
f 1928/1928/1928 1929/1929/1929 1930/1930/1930
f 1931/1931/1931 1871/1871/1871 1872/1872/1872
f 1932/1932/1932 1933/1933/1933 1934/1934/1934
f 1935/1935/1935 1936/1936/1936 1877/1877/1877
f 1937/1937/1937 1938/1938/1938 1939/1939/1939
f 1940/1940/1940 1941/1941/1941 1942/1942/1942
f 1883/1883/1883 1943/1943/1943 1944/1944/1944
f 1945/1945/1945 1946/1946/1946 1947/1947/1947
f 1948/1948/1948 1949/1949/1949 1950/1950/1950
f 1951/1951/1951 1952/1952/1952 1953/1953/1953
f 1954/1954/1954 1955/1955/1955 1956/1956/1956
f 1957/1957/1957 1958/1958/1958 1959/1959/1959
f 1960/1960/1960 1901/1901/1901 1961/1961/1961
f 1962/1962/1962 1963/1963/1963 1964/1964/1964
f 1965/1965/1965 1966/1966/1966 1967/1967/1967
f 1968/1968/1968 1969/1969/1969 1970/1970/1970
f 1971/1971/1971 1972/1972/1972 1973/1973/1973
f 1974/1974/1974 1975/1975/1975 1976/1976/1976
f 1977/1977/1977 1978/1978/1978 1979/1979/1979
f 1980/1980/1980 1981/1981/1981 1982/1982/1982
f 1983/1983/1983 1984/1984/1984 1985/1985/1985
f 1986/1986/1986 1987/1987/1987 1988/1988/1988
f 1989/1989/1989 1990/1990/1990 1991/1991/1991
f 1992/1992/1992 1931/1931/1931 1993/1993/1993
f 1994/1994/1994 1995/1995/1995 1996/1996/1996
f 1997/1997/1997 1998/1998/1998 1999/1999/1999
f 2000/2000/2000 2001/2001/2001 2002/2002/2002
f 2003/2003/2003 2004/2004/2004 2005/2005/2005
f 1943/1943/1943 2006/2006/2006 1944/1944/1944
f 2007/2007/2007 2008/2008/2008 2009/2009/2009
f 2010/2010/2010 2011/2011/2011 2012/2012/2012
f 2013/2013/2013 2014/2014/2014 2015/2015/2015
f 2016/2016/2016 2017/2017/2017 2018/2018/2018
f 2019/2019/2019 2020/2020/2020 2021/2021/2021
f 2022/2022/2022 2023/2023/2023 2024/2024/2024
f 2025/2025/2025 2026/2026/2026 2027/2027/2027
f 2028/2028/2028 2029/2029/2029 2030/2030/2030
f 2031/2031/2031 2032/2032/2032 2033/2033/2033
f 2034/2034/2034 2035/2035/2035 2036/2036/2036
f 1975/1975/1975 2037/2037/2037 2038/2038/2038
f 2039/2039/2039 2040/2040/2040 2041/2041/2041
f 2042/2042/2042 2043/2043/2043 2044/2044/2044
f 2045/2045/2045 2046/2046/2046 2047/2047/2047
f 2048/2048/2048 2049/2049/2049 2050/2050/2050
f 2051/2051/2051 2052/2052/2052 2053/2053/2053
f 2054/2054/2054 1993/1993/1993 2055/2055/2055
f 2056/2056/2056 2057/2057/2057 2058/2058/2058
f 2059/2059/2059 2060/2060/2060 2061/2061/2061
f 2062/2062/2062 2063/2063/2063 2064/2064/2064
f 2065/2065/2065 2066/2066/2066 2067/2067/2067
f 2068/2068/2068 2069/2069/2069 2006/2006/2006
f 2070/2070/2070 2071/2071/2071 2072/2072/2072
f 2073/2073/2073 2074/2074/2074 2075/2075/2075
f 2076/2076/2076 2077/2077/2077 2078/2078/2078
f 2079/2079/2079 2080/2080/2080 2081/2081/2081
f 2082/2082/2082 2083/2083/2083 2084/2084/2084
f 2085/2085/2085 2022/2022/2022 2086/2086/2086
f 2087/2087/2087 2088/2088/2088 2089/2089/2089
f 2090/2090/2090 2091/2091/2091 2092/2092/2092
f 2093/2093/2093 2094/2094/2094 2095/2095/2095
f 2096/2096/2096 2097/2097/2097 2098/2098/2098
f 2099/2099/2099 2100/2100/2100 2101/2101/2101
f 2102/2102/2102 2103/2103/2103 2104/2104/2104
f 2105/2105/2105 2106/2106/2106 2107/2107/2107
f 2108/2108/2108 2109/2109/2109 2110/2110/2110
f 2111/2111/2111 2112/2112/2112 2113/2113/2113
f 2114/2114/2114 2115/2115/2115 2116/2116/2116
f 2117/2117/2117 2054/2054/2054 2055/2055/2055
f 2118/2118/2118 2119/2119/2119 2120/2120/2120
f 2121/2121/2121 2122/2122/2122 2060/2060/2060
f 2123/2123/2123 2124/2124/2124 2125/2125/2125
f 2126/2126/2126 2127/2127/2127 2128/2128/2128
f 2129/2129/2129 2130/2130/2130 2069/2069/2069
f 2131/2131/2131 2132/2132/2132 2133/2133/2133
f 2134/2134/2134 2135/2135/2135 2136/2136/2136
f 2137/2137/2137 2138/2138/2138 2139/2139/2139
f 2140/2140/2140 2141/2141/2141 2142/2142/2142
f 2143/2143/2143 2144/2144/2144 2145/2145/2145
f 2146/2146/2146 2147/2147/2147 2148/2148/2148
f 2149/2149/2149 2150/2150/2150 2151/2151/2151
f 2152/2152/2152 2153/2153/2153 2154/2154/2154
f 2155/2155/2155 2156/2156/2156 2157/2157/2157
f 2158/2158/2158 2159/2159/2159 2160/2160/2160
f 2161/2161/2161 2162/2162/2162 2100/2100/2100
f 2163/2163/2163 2164/2164/2164 2165/2165/2165
f 2166/2166/2166 2167/2167/2167 2168/2168/2168
f 2169/2169/2169 2170/2170/2170 2171/2171/2171
f 2172/2172/2172 2173/2173/2173 2174/2174/2174
f 2175/2175/2175 2176/2176/2176 2177/2177/2177
f 2178/2178/2178 2117/2117/2117 2179/2179/2179
f 2180/2180/2180 2181/2181/2181 2182/2182/2182
f 2183/2183/2183 2184/2184/2184 2185/2185/2185
f 2186/2186/2186 2187/2187/2187 2124/2124/2124
f 2188/2188/2188 2189/2189/2189 2190/2190/2190
f 2130/2130/2130 2191/2191/2191 2192/2192/2192
f 2193/2193/2193 2194/2194/2194 2195/2195/2195
f 2196/2196/2196 2197/2197/2197 2198/2198/2198
f 2199/2199/2199 2200/2200/2200 2201/2201/2201
f 2202/2202/2202 2203/2203/2203 2204/2204/2204
f 2205/2205/2205 2206/2206/2206 2207/2207/2207
f 2208/2208/2208 2209/2209/2209 2146/2146/2146
f 2210/2210/2210 2211/2211/2211 2212/2212/2212
f 2213/2213/2213 2214/2214/2214 2215/2215/2215
f 2216/2216/2216 2217/2217/2217 2218/2218/2218
f 2219/2219/2219 2220/2220/2220 2221/2221/2221
f 2222/2222/2222 2223/2223/2223 2224/2224/2224
f 2225/2225/2225 2226/2226/2226 2227/2227/2227
f 2228/2228/2228 2229/2229/2229 2230/2230/2230
f 2231/2231/2231 2232/2232/2232 2233/2233/2233
f 2234/2234/2234 2235/2235/2235 2236/2236/2236
f 2237/2237/2237 2238/2238/2238 2239/2239/2239
f 2240/2240/2240 2178/2178/2178 2179/2179/2179
f 2241/2241/2241 2242/2242/2242 2243/2243/2243
f 2244/2244/2244 2245/2245/2245 2183/2183/2183
f 2246/2246/2246 2247/2247/2247 2248/2248/2248
f 2249/2249/2249 2250/2250/2250 2251/2251/2251
f 2191/2191/2191 2252/2252/2252 2192/2192/2192
f 2253/2253/2253 2254/2254/2254 2255/2255/2255
f 2256/2256/2256 2257/2257/2257 2258/2258/2258
f 2259/2259/2259 2260/2260/2260 2261/2261/2261
f 2262/2262/2262 2263/2263/2263 2264/2264/2264
f 2265/2265/2265 2266/2266/2266 2267/2267/2267
f 2268/2268/2268 2269/2269/2269 2270/2270/2270
f 2271/2271/2271 2272/2272/2272 2273/2273/2273
f 2274/2274/2274 2275/2275/2275 2276/2276/2276
f 2277/2277/2277 2278/2278/2278 2279/2279/2279
f 2280/2280/2280 2281/2281/2281 2282/2282/2282
f 2283/2283/2283 2284/2284/2284 2223/2223/2223
f 2285/2285/2285 2286/2286/2286 2287/2287/2287
f 2288/2288/2288 2289/2289/2289 2290/2290/2290
f 2291/2291/2291 2292/2292/2292 2293/2293/2293
f 2294/2294/2294 2295/2295/2295 2296/2296/2296
f 2297/2297/2297 2298/2298/2298 2299/2299/2299
f 2300/2300/2300 2240/2240/2240 2301/2301/2301
f 2302/2302/2302 2303/2303/2303 2304/2304/2304
f 2305/2305/2305 2306/2306/2306 2307/2307/2307
f 2308/2308/2308 2309/2309/2309 2246/2246/2246
f 2310/2310/2310 2311/2311/2311 2312/2312/2312
f 2252/2252/2252 2313/2313/2313 2314/2314/2314
f 2315/2315/2315 2316/2316/2316 2317/2317/2317
f 2318/2318/2318 2319/2319/2319 2320/2320/2320
f 2321/2321/2321 2322/2322/2322 2323/2323/2323
f 2324/2324/2324 2325/2325/2325 2326/2326/2326
f 2327/2327/2327 2328/2328/2328 2329/2329/2329
f 2330/2330/2330 2268/2268/2268 2270/2270/2270
f 2331/2331/2331 2332/2332/2332 2333/2333/2333
f 2334/2334/2334 2335/2335/2335 2336/2336/2336
f 2337/2337/2337 2338/2338/2338 2339/2339/2339
f 2340/2340/2340 2341/2341/2341 2342/2342/2342
f 2343/2343/2343 2344/2344/2344 2345/2345/2345
f 2346/2346/2346 2347/2347/2347 2348/2348/2348
f 2349/2349/2349 2350/2350/2350 2351/2351/2351
f 2352/2352/2352 2353/2353/2353 2354/2354/2354
f 2355/2355/2355 2356/2356/2356 2357/2357/2357
f 2358/2358/2358 2359/2359/2359 2360/2360/2360
f 2361/2361/2361 2301/2301/2301 2362/2362/2362
f 2363/2363/2363 2364/2364/2364 2365/2365/2365
f 2366/2366/2366 2367/2367/2367 2368/2368/2368
f 2369/2369/2369 2370/2370/2370 2308/2308/2308
f 2371/2371/2371 2372/2372/2372 2373/2373/2373
f 2313/2313/2313 2374/2374/2374 2314/2314/2314
f 2375/2375/2375 2376/2376/2376 2377/2377/2377
f 2378/2378/2378 2379/2379/2379 2380/2380/2380
f 2381/2381/2381 2382/2382/2382 2383/2383/2383
f 2384/2384/2384 2385/2385/2385 2386/2386/2386
f 2387/2387/2387 2388/2388/2388 2389/2389/2389
f 2390/2390/2390 2391/2391/2391 2392/2392/2392
f 2393/2393/2393 2394/2394/2394 2395/2395/2395
f 2396/2396/2396 2397/2397/2397 2398/2398/2398
f 2399/2399/2399 2400/2400/2400 2401/2401/2401
f 2402/2402/2402 2403/2403/2403 2404/2404/2404
f 2345/2345/2345 2405/2405/2405 2406/2406/2406
f 2407/2407/2407 2408/2408/2408 2409/2409/2409
f 2410/2410/2410 2411/2411/2411 2412/2412/2412
f 2413/2413/2413 2414/2414/2414 2415/2415/2415
f 2416/2416/2416 2417/2417/2417 2418/2418/2418
f 2419/2419/2419 2420/2420/2420 2421/2421/2421
f 2422/2422/2422 2362/2362/2362 2423/2423/2423
f 2424/2424/2424 2425/2425/2425 2426/2426/2426
f 2427/2427/2427 2428/2428/2428 2429/2429/2429
f 2430/2430/2430 2431/2431/2431 2432/2432/2432
f 2433/2433/2433 2434/2434/2434 2435/2435/2435
f 2374/2374/2374 2436/2436/2436 2437/2437/2437
f 2438/2438/2438 2439/2439/2439 2440/2440/2440
f 2441/2441/2441 2442/2442/2442 2443/2443/2443
f 2444/2444/2444 2445/2445/2445 2446/2446/2446
f 2447/2447/2447 2448/2448/2448 2449/2449/2449
f 2450/2450/2450 2451/2451/2451 2452/2452/2452
f 2453/2453/2453 2454/2454/2454 2390/2390/2390
f 2455/2455/2455 2456/2456/2456 2457/2457/2457
f 2458/2458/2458 2459/2459/2459 2460/2460/2460
f 2461/2461/2461 2462/2462/2462 2463/2463/2463
f 2464/2464/2464 2465/2465/2465 2466/2466/2466
f 2467/2467/2467 2468/2468/2468 2469/2469/2469
f 2470/2470/2470 2471/2471/2471 2472/2472/2472
f 2473/2473/2473 2474/2474/2474 2475/2475/2475
f 2476/2476/2476 2477/2477/2477 2478/2478/2478
f 2479/2479/2479 2480/2480/2480 2481/2481/2481
f 2482/2482/2482 2483/2483/2483 2484/2484/2484
f 2485/2485/2485 2423/2423/2423 2486/2486/2486
f 2487/2487/2487 2488/2488/2488 2489/2489/2489
f 2490/2490/2490 2491/2491/2491 2492/2492/2492
f 2493/2493/2493 2494/2494/2494 2495/2495/2495
f 2496/2496/2496 2497/2497/2497 2498/2498/2498
f 2436/2436/2436 2499/2499/2499 2437/2437/2437
f 2500/2500/2500 2501/2501/2501 2502/2502/2502
f 2503/2503/2503 2504/2504/2504 2505/2505/2505
f 2506/2506/2506 2507/2507/2507 2508/2508/2508
f 2509/2509/2509 2510/2510/2510 2511/2511/2511
f 2512/2512/2512 2513/2513/2513 2514/2514/2514
f 2515/2515/2515 2516/2516/2516 2517/2517/2517
f 2518/2518/2518 2519/2519/2519 2520/2520/2520
f 2521/2521/2521 2522/2522/2522 2523/2523/2523
f 2524/2524/2524 2525/2525/2525 2526/2526/2526
f 2527/2527/2527 2528/2528/2528 2529/2529/2529
f 2530/2530/2530 2531/2531/2531 2468/2468/2468
f 2532/2532/2532 2533/2533/2533 2534/2534/2534
f 2535/2535/2535 2536/2536/2536 2537/2537/2537
f 2538/2538/2538 2539/2539/2539 2540/2540/2540
f 2541/2541/2541 2542/2542/2542 2543/2543/2543
f 2544/2544/2544 2545/2545/2545 2546/2546/2546
f 2547/2547/2547 2485/2485/2485 2486/2486/2486
f 2548/2548/2548 2549/2549/2549 2550/2550/2550
f 2551/2551/2551 2552/2552/2552 2553/2553/2553
f 2554/2554/2554 2555/2555/2555 2493/2493/2493
f 2556/2556/2556 2557/2557/2557 2558/2558/2558
f 2499/2499/2499 2559/2559/2559 2560/2560/2560
f 2561/2561/2561 2562/2562/2562 2563/2563/2563
f 2564/2564/2564 2565/2565/2565 2566/2566/2566
f 2567/2567/2567 2568/2568/2568 2569/2569/2569
f 2570/2570/2570 2571/2571/2571 2572/2572/2572
f 2573/2573/2573 2574/2574/2574 2575/2575/2575
f 2576/2576/2576 2515/2515/2515 2577/2577/2577
f 2578/2578/2578 2579/2579/2579 2580/2580/2580
f 2581/2581/2581 2582/2582/2582 2583/2583/2583
f 2584/2584/2584 2585/2585/2585 2586/2586/2586
f 2587/2587/2587 2588/2588/2588 2589/2589/2589
f 2531/2531/2531 2590/2590/2590 2591/2591/2591
f 2592/2592/2592 2593/2593/2593 2594/2594/2594
f 2595/2595/2595 2596/2596/2596 2597/2597/2597
f 2598/2598/2598 2599/2599/2599 2600/2600/2600
f 2601/2601/2601 2602/2602/2602 2603/2603/2603
f 2604/2604/2604 2605/2605/2605 2606/2606/2606
f 2607/2607/2607 2547/2547/2547 2608/2608/2608
f 2609/2609/2609 2610/2610/2610 2611/2611/2611
f 2612/2612/2612 2613/2613/2613 2552/2552/2552
f 2614/2614/2614 2615/2615/2615 2616/2616/2616
f 2617/2617/2617 2618/2618/2618 2619/2619/2619
f 2559/2559/2559 2620/2620/2620 2560/2560/2560
f 2621/2621/2621 2622/2622/2622 2623/2623/2623
f 2624/2624/2624 2625/2625/2625 2626/2626/2626
f 2627/2627/2627 2628/2628/2628 2629/2629/2629
f 2630/2630/2630 2631/2631/2631 2632/2632/2632
f 2633/2633/2633 2634/2634/2634 2635/2635/2635
f 2636/2636/2636 2577/2577/2577 2637/2637/2637
f 2638/2638/2638 2639/2639/2639 2640/2640/2640
f 2641/2641/2641 2642/2642/2642 2643/2643/2643
f 2644/2644/2644 2645/2645/2645 2646/2646/2646
f 2647/2647/2647 2648/2648/2648 2649/2649/2649
f 2650/2650/2650 2651/2651/2651 2652/2652/2652
f 2653/2653/2653 2654/2654/2654 2655/2655/2655
f 2656/2656/2656 2657/2657/2657 2658/2658/2658
f 2659/2659/2659 2660/2660/2660 2661/2661/2661
f 2662/2662/2662 2663/2663/2663 2664/2664/2664
f 2665/2665/2665 2666/2666/2666 2667/2667/2667
f 2668/2668/2668 2607/2607/2607 2608/2608/2608
f 2669/2669/2669 2670/2670/2670 2671/2671/2671
f 2672/2672/2672 2673/2673/2673 2674/2674/2674
f 2675/2675/2675 2676/2676/2676 2677/2677/2677
f 2678/2678/2678 2679/2679/2679 2680/2680/2680
f 2681/2681/2681 2682/2682/2682 2620/2620/2620
f 2683/2683/2683 2684/2684/2684 2685/2685/2685
f 2686/2686/2686 2687/2687/2687 2688/2688/2688
f 2689/2689/2689 2690/2690/2690 2691/2691/2691
f 2692/2692/2692 2693/2693/2693 2694/2694/2694
f 2695/2695/2695 2696/2696/2696 2697/2697/2697
f 2698/2698/2698 2699/2699/2699 2700/2700/2700
f 2701/2701/2701 2702/2702/2702 2703/2703/2703
f 2704/2704/2704 2705/2705/2705 2706/2706/2706
f 2707/2707/2707 2708/2708/2708 2709/2709/2709
f 2710/2710/2710 2711/2711/2711 2712/2712/2712
f 2713/2713/2713 2714/2714/2714 2715/2715/2715
f 2716/2716/2716 2717/2717/2717 2718/2718/2718
f 2719/2719/2719 2720/2720/2720 2721/2721/2721
f 2722/2722/2722 2723/2723/2723 2724/2724/2724
f 2725/2725/2725 2726/2726/2726 2727/2727/2727
f 2728/2728/2728 2729/2729/2729 2730/2730/2730
f 2731/2731/2731 2732/2732/2732 2668/2668/2668
f 2733/2733/2733 2734/2734/2734 2735/2735/2735
f 2736/2736/2736 2737/2737/2737 2738/2738/2738
f 2739/2739/2739 2740/2740/2740 2741/2741/2741
f 2742/2742/2742 2743/2743/2743 2744/2744/2744
f 2745/2745/2745 2746/2746/2746 2682/2682/2682
f 2747/2747/2747 2748/2748/2748 2749/2749/2749
f 2750/2750/2750 2751/2751/2751 2752/2752/2752
f 2753/2753/2753 2754/2754/2754 2755/2755/2755
f 2756/2756/2756 2757/2757/2757 2758/2758/2758
f 2759/2759/2759 2760/2760/2760 2761/2761/2761
f 2762/2762/2762 2763/2763/2763 2764/2764/2764
f 2765/2765/2765 2766/2766/2766 2767/2767/2767
f 2768/2768/2768 2769/2769/2769 2770/2770/2770
f 2771/2771/2771 2772/2772/2772 2773/2773/2773
f 2774/2774/2774 2775/2775/2775 2776/2776/2776
f 2777/2777/2777 2778/2778/2778 2779/2779/2779
f 2780/2780/2780 2781/2781/2781 2782/2782/2782
f 2783/2783/2783 2784/2784/2784 2785/2785/2785
f 2786/2786/2786 2787/2787/2787 2788/2788/2788
f 2789/2789/2789 2790/2790/2790 2791/2791/2791
f 2792/2792/2792 2793/2793/2793 2794/2794/2794
f 2795/2795/2795 2796/2796/2796 2731/2731/2731
f 2797/2797/2797 2798/2798/2798 2799/2799/2799
f 2800/2800/2800 2801/2801/2801 2802/2802/2802
f 2803/2803/2803 2804/2804/2804 2739/2739/2739
f 2805/2805/2805 2806/2806/2806 2807/2807/2807
f 2746/2746/2746 2808/2808/2808 2809/2809/2809
f 2810/2810/2810 2811/2811/2811 2812/2812/2812
f 2813/2813/2813 2814/2814/2814 2815/2815/2815
f 2816/2816/2816 2817/2817/2817 2818/2818/2818
f 2819/2819/2819 2820/2820/2820 2821/2821/2821
f 2822/2822/2822 2823/2823/2823 2824/2824/2824
f 2825/2825/2825 2826/2826/2826 2827/2827/2827
f 2828/2828/2828 2829/2829/2829 2830/2830/2830
f 2831/2831/2831 2832/2832/2832 2833/2833/2833
f 2834/2834/2834 2835/2835/2835 2836/2836/2836
f 2837/2837/2837 2838/2838/2838 2839/2839/2839
f 2778/2778/2778 2840/2840/2840 2779/2779/2779
f 2841/2841/2841 2842/2842/2842 2843/2843/2843
f 2844/2844/2844 2845/2845/2845 2846/2846/2846
f 2847/2847/2847 2848/2848/2848 2849/2849/2849
f 2850/2850/2850 2851/2851/2851 2852/2852/2852
f 2853/2853/2853 2854/2854/2854 2855/2855/2855
f 2856/2856/2856 2795/2795/2795 2857/2857/2857
f 2858/2858/2858 2859/2859/2859 2860/2860/2860
f 2861/2861/2861 2862/2862/2862 2801/2801/2801
f 2863/2863/2863 2864/2864/2864 2865/2865/2865
f 2866/2866/2866 2867/2867/2867 2868/2868/2868
f 2809/2809/2809 2869/2869/2869 2870/2870/2870
f 2871/2871/2871 2872/2872/2872 2873/2873/2873
f 2874/2874/2874 2875/2875/2875 2876/2876/2876
f 2877/2877/2877 2878/2878/2878 2879/2879/2879
f 2880/2880/2880 2881/2881/2881 2882/2882/2882
f 2883/2883/2883 2884/2884/2884 2885/2885/2885
f 2886/2886/2886 2825/2825/2825 2827/2827/2827
f 2887/2887/2887 2888/2888/2888 2889/2889/2889
f 2890/2890/2890 2891/2891/2891 2892/2892/2892
f 2893/2893/2893 2894/2894/2894 2895/2895/2895
f 2896/2896/2896 2897/2897/2897 2898/2898/2898
f 2899/2899/2899 2900/2900/2900 2840/2840/2840
f 2901/2901/2901 2902/2902/2902 2903/2903/2903
f 2904/2904/2904 2905/2905/2905 2906/2906/2906
f 2907/2907/2907 2908/2908/2908 2909/2909/2909
f 2910/2910/2910 2911/2911/2911 2912/2912/2912
f 2913/2913/2913 2914/2914/2914 2915/2915/2915
f 2916/2916/2916 2856/2856/2856 2857/2857/2857
f 2917/2917/2917 2918/2918/2918 2919/2919/2919
f 2920/2920/2920 2921/2921/2921 2862/2862/2862
f 2922/2922/2922 2923/2923/2923 2924/2924/2924
f 2925/2925/2925 2926/2926/2926 2927/2927/2927
f 2870/2870/2870 2928/2928/2928 2929/2929/2929
f 2930/2930/2930 2931/2931/2931 2932/2932/2932
f 2933/2933/2933 2934/2934/2934 2935/2935/2935
f 2936/2936/2936 2937/2937/2937 2938/2938/2938
f 2939/2939/2939 2940/2940/2940 2941/2941/2941
f 2942/2942/2942 2943/2943/2943 2944/2944/2944
f 2945/2945/2945 2886/2886/2886 2946/2946/2946
f 2947/2947/2947 2948/2948/2948 2949/2949/2949
f 2950/2950/2950 2951/2951/2951 2952/2952/2952
f 2953/2953/2953 2954/2954/2954 2955/2955/2955
f 2956/2956/2956 2957/2957/2957 2958/2958/2958
f 2959/2959/2959 2960/2960/2960 2961/2961/2961
f 2962/2962/2962 2963/2963/2963 2964/2964/2964
f 2965/2965/2965 2966/2966/2966 2967/2967/2967
f 2968/2968/2968 2969/2969/2969 2970/2970/2970
f 2971/2971/2971 2972/2972/2972 2973/2973/2973
f 2974/2974/2974 2975/2975/2975 2976/2976/2976
f 2977/2977/2977 2916/2916/2916 2978/2978/2978
f 2979/2979/2979 2980/2980/2980 2981/2981/2981
f 2982/2982/2982 2983/2983/2983 2984/2984/2984
f 2985/2985/2985 2986/2986/2986 2987/2987/2987
f 2988/2988/2988 2989/2989/2989 2990/2990/2990
f 2928/2928/2928 2991/2991/2991 2929/2929/2929
f 2992/2992/2992 2993/2993/2993 2994/2994/2994
f 2995/2995/2995 2996/2996/2996 2997/2997/2997
f 2998/2998/2998 2999/2999/2999 3000/3000/3000
f 3001/3001/3001 3002/3002/3002 3003/3003/3003
f 3004/3004/3004 3005/3005/3005 3006/3006/3006
f 3007/3007/3007 3008/3008/3008 3009/3009/3009
f 3010/3010/3010 3011/3011/3011 3012/3012/3012
f 3013/3013/3013 3014/3014/3014 3015/3015/3015
f 3016/3016/3016 3017/3017/3017 3018/3018/3018
f 3019/3019/3019 3020/3020/3020 3021/3021/3021
f 2960/2960/2960 3022/3022/3022 2961/2961/2961
f 3023/3023/3023 3024/3024/3024 3025/3025/3025
f 3026/3026/3026 3027/3027/3027 3028/3028/3028
f 3029/3029/3029 3030/3030/3030 3031/3031/3031
f 3032/3032/3032 3033/3033/3033 3034/3034/3034
f 3035/3035/3035 3036/3036/3036 3037/3037/3037
f 3038/3038/3038 2978/2978/2978 3039/3039/3039
f 3040/3040/3040 3041/3041/3041 3042/3042/3042
f 3043/3043/3043 3044/3044/3044 3045/3045/3045
f 3046/3046/3046 3047/3047/3047 3048/3048/3048
f 3049/3049/3049 3050/3050/3050 3051/3051/3051
f 2991/2991/2991 3052/3052/3052 3053/3053/3053
f 3054/3054/3054 3055/3055/3055 3056/3056/3056
f 3057/3057/3057 3058/3058/3058 3059/3059/3059
f 3060/3060/3060 3061/3061/3061 3062/3062/3062
f 3063/3063/3063 3064/3064/3064 3065/3065/3065
f 3066/3066/3066 3067/3067/3067 3068/3068/3068
f 3069/3069/3069 3070/3070/3070 3007/3007/3007
f 3071/3071/3071 3072/3072/3072 3073/3073/3073
f 3074/3074/3074 3075/3075/3075 3076/3076/3076
f 3077/3077/3077 3078/3078/3078 3079/3079/3079
f 3080/3080/3080 3081/3081/3081 3082/3082/3082
f 3083/3083/3083 3084/3084/3084 3085/3085/3085
f 3086/3086/3086 3087/3087/3087 3088/3088/3088
f 3089/3089/3089 3090/3090/3090 3091/3091/3091
f 3092/3092/3092 3093/3093/3093 3094/3094/3094
f 3095/3095/3095 3096/3096/3096 3097/3097/3097
f 3098/3098/3098 3099/3099/3099 3100/3100/3100
f 3101/3101/3101 3038/3038/3038 3039/3039/3039
f 3102/3102/3102 3103/3103/3103 3104/3104/3104
f 3105/3105/3105 3106/3106/3106 3107/3107/3107
f 3108/3108/3108 3109/3109/3109 3110/3110/3110
f 3111/3111/3111 3112/3112/3112 3113/3113/3113
f 3053/3053/3053 3114/3114/3114 3115/3115/3115
f 3116/3116/3116 3117/3117/3117 3118/3118/3118
f 3119/3119/3119 3120/3120/3120 3121/3121/3121
f 3122/3122/3122 3123/3123/3123 3124/3124/3124
f 3125/3125/3125 3126/3126/3126 3127/3127/3127
f 3128/3128/3128 3129/3129/3129 3130/3130/3130
f 3131/3131/3131 3069/3069/3069 3132/3132/3132
f 3133/3133/3133 3134/3134/3134 3135/3135/3135
f 3136/3136/3136 3137/3137/3137 3138/3138/3138
f 3139/3139/3139 3140/3140/3140 3141/3141/3141
f 3142/3142/3142 3143/3143/3143 3144/3144/3144
f 3084/3084/3084 3145/3145/3145 3085/3085/3085
f 3146/3146/3146 3147/3147/3147 3148/3148/3148
f 3149/3149/3149 3150/3150/3150 3151/3151/3151
f 3152/3152/3152 3153/3153/3153 3154/3154/3154
f 3155/3155/3155 3156/3156/3156 3157/3157/3157
f 3158/3158/3158 3159/3159/3159 3160/3160/3160
f 3161/3161/3161 3101/3101/3101 3162/3162/3162
f 3163/3163/3163 3164/3164/3164 3165/3165/3165
f 3166/3166/3166 3167/3167/3167 3168/3168/3168
f 3169/3169/3169 3170/3170/3170 3171/3171/3171
f 3172/3172/3172 3173/3173/3173 3174/3174/3174
f 3114/3114/3114 3175/3175/3175 3115/3115/3115
f 3176/3176/3176 3177/3177/3177 3178/3178/3178
f 3179/3179/3179 3180/3180/3180 3181/3181/3181
f 3182/3182/3182 3183/3183/3183 3184/3184/3184
f 3185/3185/3185 3186/3186/3186 3187/3187/3187
f 3188/3188/3188 3189/3189/3189 3190/3190/3190
f 3191/3191/3191 3192/3192/3192 3193/3193/3193
f 3194/3194/3194 3195/3195/3195 3196/3196/3196
f 3197/3197/3197 3198/3198/3198 3199/3199/3199
f 3200/3200/3200 3201/3201/3201 3202/3202/3202
f 3203/3203/3203 3204/3204/3204 3205/3205/3205
f 3206/3206/3206 3207/3207/3207 3208/3208/3208
f 3209/3209/3209 3210/3210/3210 3211/3211/3211
f 3212/3212/3212 3213/3213/3213 3214/3214/3214
f 3215/3215/3215 3216/3216/3216 3217/3217/3217
f 3218/3218/3218 3219/3219/3219 3220/3220/3220
f 3221/3221/3221 3222/3222/3222 3223/3223/3223
f 3224/3224/3224 3161/3161/3161 3162/3162/3162
f 3225/3225/3225 3226/3226/3226 3227/3227/3227
f 3228/3228/3228 3229/3229/3229 3230/3230/3230
f 3231/3231/3231 3232/3232/3232 3233/3233/3233
f 3234/3234/3234 3235/3235/3235 3236/3236/3236
f 3237/3237/3237 3238/3238/3238 3175/3175/3175
f 3239/3239/3239 3240/3240/3240 3241/3241/3241
f 3242/3242/3242 3243/3243/3243 3244/3244/3244
f 3245/3245/3245 3246/3246/3246 3247/3247/3247
f 3248/3248/3248 3249/3249/3249 3250/3250/3250
f 3251/3251/3251 3252/3252/3252 3253/3253/3253
f 3254/3254/3254 3191/3191/3191 3255/3255/3255
f 3256/3256/3256 3257/3257/3257 3258/3258/3258
f 3259/3259/3259 3260/3260/3260 3261/3261/3261
f 3262/3262/3262 3263/3263/3263 3264/3264/3264
f 3265/3265/3265 3266/3266/3266 3267/3267/3267
f 3208/3208/3208 3268/3268/3268 3269/3269/3269
f 3270/3270/3270 3271/3271/3271 3272/3272/3272
f 3273/3273/3273 3274/3274/3274 3275/3275/3275
f 3276/3276/3276 3277/3277/3277 3278/3278/3278
f 3279/3279/3279 3280/3280/3280 3281/3281/3281
f 3282/3282/3282 3283/3283/3283 3284/3284/3284
f 3285/3285/3285 3286/3286/3286 3224/3224/3224
f 3287/3287/3287 3288/3288/3288 3289/3289/3289
f 3290/3290/3290 3291/3291/3291 3292/3292/3292
f 3293/3293/3293 3294/3294/3294 3231/3231/3231
f 3295/3295/3295 3296/3296/3296 3297/3297/3297
f 3298/3298/3298 3299/3299/3299 3238/3238/3238
f 3300/3300/3300 3301/3301/3301 3302/3302/3302
f 3303/3303/3303 3304/3304/3304 3305/3305/3305
f 3306/3306/3306 3307/3307/3307 3308/3308/3308
f 3309/3309/3309 3310/3310/3310 3311/3311/3311
f 3312/3312/3312 3313/3313/3313 3314/3314/3314
f 3315/3315/3315 3254/3254/3254 3255/3255/3255
f 3316/3316/3316 3317/3317/3317 3318/3318/3318
f 3319/3319/3319 3320/3320/3320 3321/3321/3321
f 3322/3322/3322 3323/3323/3323 3324/3324/3324
f 3325/3325/3325 3326/3326/3326 3327/3327/3327
f 3328/3328/3328 3329/3329/3329 3330/3330/3330
f 3331/3331/3331 3332/3332/3332 3333/3333/3333
f 3334/3334/3334 3335/3335/3335 3336/3336/3336
f 3337/3337/3337 3338/3338/3338 3339/3339/3339
f 3340/3340/3340 3341/3341/3341 3342/3342/3342
f 3343/3343/3343 3344/3344/3344 3345/3345/3345
f 3346/3346/3346 3347/3347/3347 3285/3285/3285
f 3348/3348/3348 3349/3349/3349 3350/3350/3350
f 3351/3351/3351 3352/3352/3352 3291/3291/3291
f 3353/3353/3353 3354/3354/3354 3293/3293/3293
f 3355/3355/3355 3356/3356/3356 3357/3357/3357
f 3299/3299/3299 3358/3358/3358 3359/3359/3359
f 3360/3360/3360 3361/3361/3361 3362/3362/3362
f 3363/3363/3363 3364/3364/3364 3365/3365/3365
f 3366/3366/3366 3367/3367/3367 3368/3368/3368
f 3369/3369/3369 3370/3370/3370 3371/3371/3371
f 3372/3372/3372 3373/3373/3373 3374/3374/3374
f 3375/3375/3375 3376/3376/3376 3377/3377/3377
f 3378/3378/3378 3379/3379/3379 3380/3380/3380
f 3381/3381/3381 3382/3382/3382 3383/3383/3383
f 3384/3384/3384 3385/3385/3385 3386/3386/3386
f 3387/3387/3387 3388/3388/3388 3389/3389/3389
f 3329/3329/3329 3390/3390/3390 3391/3391/3391
f 3392/3392/3392 3393/3393/3393 3394/3394/3394
f 3395/3395/3395 3396/3396/3396 3397/3397/3397
f 3398/3398/3398 3399/3399/3399 3400/3400/3400
f 3401/3401/3401 3402/3402/3402 3403/3403/3403
f 3404/3404/3404 3405/3405/3405 3406/3406/3406
f 3407/3407/3407 3346/3346/3346 3408/3408/3408
f 3409/3409/3409 3410/3410/3410 3411/3411/3411
f 3412/3412/3412 3413/3413/3413 3352/3352/3352
f 3414/3414/3414 3415/3415/3415 3416/3416/3416
f 3417/3417/3417 3418/3418/3418 3419/3419/3419
f 3359/3359/3359 3420/3420/3420 3421/3421/3421
f 3422/3422/3422 3423/3423/3423 3424/3424/3424
f 3425/3425/3425 3426/3426/3426 3427/3427/3427
f 3428/3428/3428 3429/3429/3429 3430/3430/3430
f 3431/3431/3431 3432/3432/3432 3433/3433/3433
f 3434/3434/3434 3435/3435/3435 3436/3436/3436
f 3437/3437/3437 3377/3377/3377 3438/3438/3438
f 3439/3439/3439 3440/3440/3440 3441/3441/3441
f 3442/3442/3442 3443/3443/3443 3444/3444/3444
f 3445/3445/3445 3446/3446/3446 3447/3447/3447
f 3448/3448/3448 3449/3449/3449 3450/3450/3450
f 3390/3390/3390 3451/3451/3451 3391/3391/3391
f 3452/3452/3452 3453/3453/3453 3454/3454/3454
f 3455/3455/3455 3456/3456/3456 3457/3457/3457
f 3458/3458/3458 3459/3459/3459 3460/3460/3460
f 3461/3461/3461 3462/3462/3462 3463/3463/3463
f 3464/3464/3464 3465/3465/3465 3466/3466/3466
f 3467/3467/3467 3407/3407/3407 3408/3408/3408
f 3468/3468/3468 3469/3469/3469 3470/3470/3470
f 3471/3471/3471 3472/3472/3472 3473/3473/3473
f 3474/3474/3474 3475/3475/3475 3476/3476/3476
f 3477/3477/3477 3478/3478/3478 3479/3479/3479
f 3420/3420/3420 3480/3480/3480 3421/3421/3421
f 3481/3481/3481 3482/3482/3482 3483/3483/3483
f 3484/3484/3484 3485/3485/3485 3486/3486/3486
f 3487/3487/3487 3488/3488/3488 3489/3489/3489
f 3490/3490/3490 3491/3491/3491 3492/3492/3492
f 3493/3493/3493 3494/3494/3494 3495/3495/3495
f 3496/3496/3496 3437/3437/3437 3438/3438/3438
f 3497/3497/3497 3498/3498/3498 3499/3499/3499
f 3500/3500/3500 3501/3501/3501 3502/3502/3502
f 3503/3503/3503 3504/3504/3504 3505/3505/3505
f 3506/3506/3506 3507/3507/3507 3508/3508/3508
f 3509/3509/3509 3510/3510/3510 3511/3511/3511
f 3512/3512/3512 3513/3513/3513 3514/3514/3514
f 3515/3515/3515 3516/3516/3516 3517/3517/3517
f 3518/3518/3518 3519/3519/3519 3520/3520/3520
f 3521/3521/3521 3522/3522/3522 3523/3523/3523
f 3524/3524/3524 3525/3525/3525 3526/3526/3526
f 3527/3527/3527 3528/3528/3528 3467/3467/3467
f 3529/3529/3529 3530/3530/3530 3531/3531/3531
f 3532/3532/3532 3533/3533/3533 3534/3534/3534
f 3535/3535/3535 3536/3536/3536 3537/3537/3537
f 3538/3538/3538 3539/3539/3539 3540/3540/3540
f 3480/3480/3480 3541/3541/3541 3542/3542/3542
f 3543/3543/3543 3544/3544/3544 3545/3545/3545
f 3546/3546/3546 3547/3547/3547 3548/3548/3548
f 3549/3549/3549 3550/3550/3550 3551/3551/3551
f 3552/3552/3552 3553/3553/3553 3554/3554/3554
f 3555/3555/3555 3556/3556/3556 3557/3557/3557
f 3558/3558/3558 3559/3559/3559 3560/3560/3560
f 3561/3561/3561 3562/3562/3562 3563/3563/3563
f 3564/3564/3564 3565/3565/3565 3566/3566/3566
f 3567/3567/3567 3568/3568/3568 3569/3569/3569
f 3570/3570/3570 3571/3571/3571 3572/3572/3572
f 3573/3573/3573 3574/3574/3574 3575/3575/3575
f 3576/3576/3576 3577/3577/3577 3578/3578/3578
f 3579/3579/3579 3580/3580/3580 3581/3581/3581
f 3582/3582/3582 3583/3583/3583 3584/3584/3584
f 3585/3585/3585 3586/3586/3586 3587/3587/3587
f 3588/3588/3588 3589/3589/3589 3590/3590/3590
f 3591/3591/3591 3527/3527/3527 3592/3592/3592
f 3593/3593/3593 3594/3594/3594 3595/3595/3595
f 3596/3596/3596 3597/3597/3597 3598/3598/3598
f 3599/3599/3599 3600/3600/3600 3601/3601/3601
f 3602/3602/3602 3603/3603/3603 3604/3604/3604
f 3541/3541/3541 3605/3605/3605 3542/3542/3542
f 3606/3606/3606 3607/3607/3607 3608/3608/3608
f 3609/3609/3609 3610/3610/3610 3611/3611/3611
f 3612/3612/3612 3613/3613/3613 3614/3614/3614
f 3615/3615/3615 3616/3616/3616 3617/3617/3617
f 3618/3618/3618 3619/3619/3619 3620/3620/3620
f 3621/3621/3621 3622/3622/3622 3623/3623/3623
f 3624/3624/3624 3625/3625/3625 3626/3626/3626
f 3627/3627/3627 3628/3628/3628 3629/3629/3629
f 3630/3630/3630 3631/3631/3631 3632/3632/3632
f 3633/3633/3633 3634/3634/3634 3635/3635/3635
f 3636/3636/3636 3637/3637/3637 3638/3638/3638
f 3639/3639/3639 3640/3640/3640 3641/3641/3641
f 3642/3642/3642 3643/3643/3643 3644/3644/3644
f 3645/3645/3645 3646/3646/3646 3647/3647/3647
f 3648/3648/3648 3649/3649/3649 3650/3650/3650
f 3651/3651/3651 3652/3652/3652 3653/3653/3653
f 3654/3654/3654 3591/3591/3591 3592/3592/3592
f 3655/3655/3655 3656/3656/3656 3657/3657/3657
f 3658/3658/3658 3659/3659/3659 3660/3660/3660
f 3661/3661/3661 3662/3662/3662 3599/3599/3599
f 3663/3663/3663 3664/3664/3664 3665/3665/3665
f 3605/3605/3605 3666/3666/3666 3667/3667/3667
f 3668/3668/3668 3669/3669/3669 3670/3670/3670
f 3671/3671/3671 3672/3672/3672 3673/3673/3673
f 3674/3674/3674 3675/3675/3675 3676/3676/3676
f 3677/3677/3677 3678/3678/3678 3679/3679/3679
f 3680/3680/3680 3681/3681/3681 3682/3682/3682
f 3683/3683/3683 3684/3684/3684 3685/3685/3685
f 3686/3686/3686 3687/3687/3687 3688/3688/3688
f 3689/3689/3689 3690/3690/3690 3691/3691/3691
f 3692/3692/3692 3693/3693/3693 3694/3694/3694
f 3695/3695/3695 3696/3696/3696 3697/3697/3697
f 3698/3698/3698 3699/3699/3699 3637/3637/3637
f 3700/3700/3700 3701/3701/3701 3702/3702/3702
f 3703/3703/3703 3704/3704/3704 3705/3705/3705
f 3706/3706/3706 3707/3707/3707 3708/3708/3708
f 3709/3709/3709 3710/3710/3710 3711/3711/3711
f 3712/3712/3712 3713/3713/3713 3714/3714/3714
f 3715/3715/3715 3654/3654/3654 3716/3716/3716
f 3717/3717/3717 3718/3718/3718 3719/3719/3719
f 3720/3720/3720 3721/3721/3721 3659/3659/3659
f 3722/3722/3722 3723/3723/3723 3661/3661/3661
f 3724/3724/3724 3725/3725/3725 3726/3726/3726
f 3666/3666/3666 3727/3727/3727 3667/3667/3667
f 3728/3728/3728 3729/3729/3729 3730/3730/3730
f 3731/3731/3731 3732/3732/3732 3733/3733/3733
f 3734/3734/3734 3735/3735/3735 3736/3736/3736
f 3737/3737/3737 3738/3738/3738 3739/3739/3739
f 3740/3740/3740 3741/3741/3741 3742/3742/3742
f 3743/3743/3743 3683/3683/3683 3685/3685/3685
f 3744/3744/3744 3745/3745/3745 3746/3746/3746
f 3747/3747/3747 3748/3748/3748 3749/3749/3749
f 3750/3750/3750 3751/3751/3751 3752/3752/3752
f 3753/3753/3753 3754/3754/3754 3755/3755/3755
f 3699/3699/3699 3756/3756/3756 3757/3757/3757
f 3758/3758/3758 3759/3759/3759 3760/3760/3760
f 3761/3761/3761 3762/3762/3762 3763/3763/3763
f 3764/3764/3764 3765/3765/3765 3766/3766/3766
f 3767/3767/3767 3768/3768/3768 3769/3769/3769
f 3770/3770/3770 3771/3771/3771 3772/3772/3772
f 3773/3773/3773 3715/3715/3715 3716/3716/3716
f 3774/3774/3774 3775/3775/3775 3776/3776/3776
f 3777/3777/3777 3778/3778/3778 3721/3721/3721
f 3779/3779/3779 3780/3780/3780 3781/3781/3781
f 3782/3782/3782 3783/3783/3783 3784/3784/3784
f 3727/3727/3727 3785/3785/3785 3786/3786/3786
f 3787/3787/3787 3788/3788/3788 3789/3789/3789
f 3790/3790/3790 3791/3791/3791 3792/3792/3792
f 3793/3793/3793 3794/3794/3794 3795/3795/3795
f 3796/3796/3796 3797/3797/3797 3798/3798/3798
f 3799/3799/3799 3800/3800/3800 3801/3801/3801
f 3802/3802/3802 3743/3743/3743 3803/3803/3803
f 3804/3804/3804 3805/3805/3805 3806/3806/3806
f 3807/3807/3807 3808/3808/3808 3809/3809/3809
f 3810/3810/3810 3811/3811/3811 3812/3812/3812
f 3813/3813/3813 3814/3814/3814 3815/3815/3815
f 3816/3816/3816 3817/3817/3817 3818/3818/3818
f 3819/3819/3819 3820/3820/3820 3821/3821/3821
f 3822/3822/3822 3823/3823/3823 3824/3824/3824
f 3825/3825/3825 3826/3826/3826 3827/3827/3827
f 3828/3828/3828 3829/3829/3829 3830/3830/3830
f 3831/3831/3831 3832/3832/3832 3833/3833/3833
f 3834/3834/3834 3773/3773/3773 3835/3835/3835
f 3836/3836/3836 3837/3837/3837 3838/3838/3838
f 3839/3839/3839 3840/3840/3840 3841/3841/3841
f 3842/3842/3842 3843/3843/3843 3844/3844/3844
f 3845/3845/3845 3846/3846/3846 3847/3847/3847
f 3785/3785/3785 3848/3848/3848 3786/3786/3786
f 3849/3849/3849 3850/3850/3850 3851/3851/3851
f 3852/3852/3852 3853/3853/3853 3854/3854/3854
f 3855/3855/3855 3856/3856/3856 3857/3857/3857
f 3858/3858/3858 3859/3859/3859 3860/3860/3860
f 3861/3861/3861 3862/3862/3862 3863/3863/3863
f 3864/3864/3864 3865/3865/3865 3866/3866/3866
f 3867/3867/3867 3868/3868/3868 3869/3869/3869
f 3870/3870/3870 3871/3871/3871 3872/3872/3872
f 3873/3873/3873 3874/3874/3874 3875/3875/3875
f 3876/3876/3876 3877/3877/3877 3878/3878/3878
f 3817/3817/3817 3879/3879/3879 3818/3818/3818
f 3880/3880/3880 3881/3881/3881 3882/3882/3882
f 3883/3883/3883 3884/3884/3884 3885/3885/3885
f 3886/3886/3886 3887/3887/3887 3888/3888/3888
f 3889/3889/3889 3890/3890/3890 3891/3891/3891
f 3892/3892/3892 3893/3893/3893 3894/3894/3894
f 3895/3895/3895 3834/3834/3834 3835/3835/3835
f 3896/3896/3896 3897/3897/3897 3898/3898/3898
f 3899/3899/3899 3900/3900/3900 3901/3901/3901
f 3902/3902/3902 3903/3903/3903 3904/3904/3904
f 3905/3905/3905 3906/3906/3906 3907/3907/3907
f 3908/3908/3908 3909/3909/3909 3848/3848/3848
f 3910/3910/3910 3911/3911/3911 3912/3912/3912
f 3913/3913/3913 3914/3914/3914 3915/3915/3915
f 3916/3916/3916 3917/3917/3917 3918/3918/3918
f 3919/3919/3919 3920/3920/3920 3921/3921/3921
f 3922/3922/3922 3923/3923/3923 3924/3924/3924
f 3925/3925/3925 3864/3864/3864 3866/3866/3866
f 3926/3926/3926 3927/3927/3927 3928/3928/3928
f 3929/3929/3929 3930/3930/3930 3931/3931/3931
f 3932/3932/3932 3933/3933/3933 3934/3934/3934
f 3935/3935/3935 3936/3936/3936 3937/3937/3937
f 3938/3938/3938 3939/3939/3939 3940/3940/3940
f 3941/3941/3941 3942/3942/3942 3943/3943/3943
f 3944/3944/3944 3945/3945/3945 3946/3946/3946
f 3947/3947/3947 3948/3948/3948 3949/3949/3949
f 3950/3950/3950 3951/3951/3951 3952/3952/3952
f 3953/3953/3953 3954/3954/3954 3955/3955/3955
f 3956/3956/3956 3957/3957/3957 3895/3895/3895
f 3958/3958/3958 3959/3959/3959 3960/3960/3960
f 3961/3961/3961 3962/3962/3962 3900/3900/3900
f 3963/3963/3963 3964/3964/3964 3965/3965/3965
f 3966/3966/3966 3967/3967/3967 3968/3968/3968
f 3909/3909/3909 3969/3969/3969 3970/3970/3970
f 3971/3971/3971 3972/3972/3972 3973/3973/3973
f 3974/3974/3974 3975/3975/3975 3976/3976/3976
f 3977/3977/3977 3978/3978/3978 3979/3979/3979
f 3980/3980/3980 3981/3981/3981 3982/3982/3982
f 3983/3983/3983 3984/3984/3984 3985/3985/3985
f 3986/3986/3986 3987/3987/3987 3988/3988/3988
f 3989/3989/3989 3990/3990/3990 3991/3991/3991
f 3992/3992/3992 3993/3993/3993 3994/3994/3994
f 3995/3995/3995 3996/3996/3996 3997/3997/3997
f 3940/3940/3940 3998/3998/3998 3999/3999/3999
f 4000/4000/4000 4001/4001/4001 4002/4002/4002
f 4003/4003/4003 4004/4004/4004 4005/4005/4005
f 4006/4006/4006 4007/4007/4007 4008/4008/4008
f 4009/4009/4009 3956/3956/3956 4010/4010/4010
f 4011/4011/4011 4012/4012/4012 4013/4013/4013
f 4014/4014/4014 4015/4015/4015 3962/3962/3962
f 4016/4016/4016 4017/4017/4017 4018/4018/4018
f 4019/4019/4019 4020/4020/4020 4021/4021/4021
f 3969/3969/3969 4022/4022/4022 3970/3970/3970
f 4023/4023/4023 4024/4024/4024 4025/4025/4025
f 4026/4026/4026 4027/4027/4027 4028/4028/4028
f 4029/4029/4029 4030/4030/4030 4031/4031/4031
f 4032/4032/4032 3985/3985/3985 4033/4033/4033
f 4034/4034/4034 4035/4035/4035 4036/4036/4036
f 4037/4037/4037 4038/4038/4038 4039/4039/4039
f 4040/4040/4040 4041/4041/4041 4042/4042/4042
f 4043/4043/4043 4044/4044/4044 4045/4045/4045
f 4046/4046/4046 4047/4047/4047 4048/4048/4048
f 4049/4049/4049 4009/4009/4009 4010/4010/4010
f 4050/4050/4050 4051/4051/4051 4052/4052/4052
f 4053/4053/4053 4054/4054/4054 4055/4055/4055
f 4056/4056/4056 4057/4057/4057 4017/4017/4017
f 4058/4058/4058 4059/4059/4059 4060/4060/4060
f 4022/4022/4022 4061/4061/4061 4062/4062/4062
f 4063/4063/4063 4064/4064/4064 4065/4065/4065
f 4066/4066/4066 4067/4067/4067 4068/4068/4068
f 4044/4044/4044 4069/4069/4069 4070/4070/4070
f 4071/4071/4071 4072/4072/4072 4073/4073/4073
f 4074/4074/4074 4075/4075/4075 4076/4076/4076
f 4061/4061/4061 4049/4049/4049 4062/4062/4062
f 4077/4077/4077 4078/4078/4078 4079/4079/4079
f 4080/4080/4080 4081/4081/4081 4053/4053/4053
f 4082/4082/4082 4083/4083/4083 4057/4057/4057
f 4084/4084/4084 4085/4085/4085 4086/4086/4086
f 4087/4087/4087 4088/4088/4088 4089/4089/4089
f 4090/4090/4090 4091/4091/4091 4092/4092/4092
f 4093/4093/4093 4094/4094/4094 4095/4095/4095
f 4096/4096/4096 4097/4097/4097 4098/4098/4098
f 4099/4099/4099 4100/4100/4100 4080/4080/4080
f 4101/4101/4101 4102/4102/4102 4083/4083/4083
f 4103/4103/4103 4104/4104/4104 4105/4105/4105
f 4102/4102/4102 4106/4106/4106 4099/4099/4099
f 4107/4107/4107 4108/4108/4108 4109/4109/4109
f 4110/4110/4110 4111/4111/4111 4112/4112/4112
f 4113/4113/4113 4114/4114/4114 4115/4115/4115
f 4116/4116/4116 4117/4117/4117 4118/4118/4118
f 385/385/385 4119/4119/4119 386/386/386
f 388/388/388 4120/4120/4120 389/389/389
f 391/391/391 4121/4121/4121 392/392/392
f 394/394/394 4122/4122/4122 395/395/395
f 397/397/397 4123/4123/4123 398/398/398
f 400/400/400 4124/4124/4124 401/401/401
f 403/403/403 4125/4125/4125 404/404/404
f 406/406/406 4126/4126/4126 407/407/407
f 409/409/409 4127/4127/4127 410/410/410
f 412/412/412 4128/4128/4128 413/413/413
f 415/415/415 4129/4129/4129 416/416/416
f 418/418/418 4130/4130/4130 419/419/419
f 421/421/421 4131/4131/4131 422/422/422
f 424/424/424 4132/4132/4132 425/425/425
f 427/427/427 4133/4133/4133 428/428/428
f 430/430/430 4134/4134/4134 431/431/431
f 433/433/433 4135/4135/4135 434/434/434
f 4136/4136/4136 4137/4137/4137 4138/4138/4138
f 439/439/439 4139/4139/4139 440/440/440
f 442/442/442 4140/4140/4140 443/443/443
f 445/445/445 4141/4141/4141 446/446/446
f 448/448/448 4142/4142/4142 449/449/449
f 451/451/451 4143/4143/4143 452/452/452
f 454/454/454 4144/4144/4144 455/455/455
f 457/457/457 4145/4145/4145 458/458/458
f 460/460/460 4146/4146/4146 461/461/461
f 4147/4147/4147 4137/4137/4137 4136/4136/4136
f 4148/4148/4148 4149/4149/4149 4150/4150/4150
f 4151/4151/4151 4138/4138/4138 4152/4152/4152
f 470/470/470 4153/4153/4153 471/471/471
f 473/473/473 4154/4154/4154 474/474/474
f 476/476/476 4155/4155/4155 477/477/477
f 479/479/479 4156/4156/4156 480/480/480
f 482/482/482 4157/4157/4157 483/483/483
f 485/485/485 4158/4158/4158 486/486/486
f 488/488/488 4159/4159/4159 489/489/489
f 491/491/491 4160/4160/4160 492/492/492
f 4161/4161/4161 4147/4147/4147 4162/4162/4162
f 4163/4163/4163 4164/4164/4164 4165/4165/4165
f 499/499/499 544/544/544 500/500/500
f 502/502/502 4166/4166/4166 503/503/503
f 4152/4152/4152 4167/4167/4167 4168/4168/4168
f 506/506/506 4169/4169/4169 507/507/507
f 509/509/509 4170/4170/4170 510/510/510
f 512/512/512 4171/4171/4171 513/513/513
f 515/515/515 4172/4172/4172 516/516/516
f 518/518/518 4173/4173/4173 519/519/519
f 521/521/521 4174/4174/4174 522/522/522
f 524/524/524 4175/4175/4175 525/525/525
f 527/527/527 4176/4176/4176 528/528/528
f 4177/4177/4177 4178/4178/4178 4161/4161/4161
f 531/531/531 4179/4179/4179 532/532/532
f 534/534/534 500/500/500 535/535/535
f 543/543/543 590/590/590 544/544/544
f 546/546/546 4180/4180/4180 547/547/547
f 4168/4168/4168 4167/4167/4167 4181/4181/4181
f 551/551/551 4182/4182/4182 552/552/552
f 554/554/554 4183/4183/4183 555/555/555
f 557/557/557 4184/4184/4184 558/558/558
f 560/560/560 4185/4185/4185 561/561/561
f 563/563/563 4186/4186/4186 564/564/564
f 566/566/566 4187/4187/4187 567/567/567
f 569/569/569 4188/4188/4188 570/570/570
f 572/572/572 4189/4189/4189 573/573/573
f 4190/4190/4190 4178/4178/4178 4177/4177/4177
f 577/577/577 4191/4191/4191 578/578/578
f 580/580/580 535/535/535 581/581/581
f 589/589/589 634/634/634 590/590/590
f 592/592/592 4192/4192/4192 593/593/593
f 4181/4181/4181 4193/4193/4193 4194/4194/4194
f 596/596/596 4195/4195/4195 597/597/597
f 599/599/599 4196/4196/4196 600/600/600
f 602/602/602 4197/4197/4197 603/603/603
f 605/605/605 4198/4198/4198 606/606/606
f 608/608/608 4199/4199/4199 609/609/609
f 611/611/611 4200/4200/4200 612/612/612
f 614/614/614 4201/4201/4201 615/615/615
f 617/617/617 4202/4202/4202 618/618/618
f 4203/4203/4203 4204/4204/4204 4190/4190/4190
f 621/621/621 4205/4205/4205 622/622/622
f 624/624/624 581/581/581 625/625/625
f 633/633/633 4206/4206/4206 634/634/634
f 4207/4207/4207 4208/4208/4208 4209/4209/4209
f 4194/4194/4194 4193/4193/4193 4210/4210/4210
f 641/641/641 4211/4211/4211 642/642/642
f 644/644/644 4212/4212/4212 645/645/645
f 647/647/647 4213/4213/4213 648/648/648
f 650/650/650 4214/4214/4214 651/651/651
f 653/653/653 4215/4215/4215 654/654/654
f 656/656/656 4216/4216/4216 657/657/657
f 659/659/659 4217/4217/4217 660/660/660
f 662/662/662 4218/4218/4218 663/663/663
f 4219/4219/4219 4204/4204/4204 4203/4203/4203
f 4220/4220/4220 4221/4221/4221 4222/4222/4222
f 670/670/670 625/625/625 671/671/671
f 4223/4223/4223 4224/4224/4224 4225/4225/4225
f 679/679/679 4226/4226/4226 680/680/680
f 4227/4227/4227 4210/4210/4210 4228/4228/4228
f 684/684/684 4229/4229/4229 685/685/685
f 687/687/687 4230/4230/4230 688/688/688
f 690/690/690 4231/4231/4231 691/691/691
f 693/693/693 4232/4232/4232 694/694/694
f 696/696/696 4233/4233/4233 697/697/697
f 699/699/699 4234/4234/4234 700/700/700
f 702/702/702 4235/4235/4235 703/703/703
f 705/705/705 4236/4236/4236 706/706/706
f 4237/4237/4237 4219/4219/4219 4238/4238/4238
f 710/710/710 4239/4239/4239 711/711/711
f 4240/4240/4240 4241/4241/4241 4242/4242/4242
f 719/719/719 4243/4243/4243 720/720/720
f 4244/4244/4244 4245/4245/4245 4246/4246/4246
f 4247/4247/4247 4228/4228/4228 4248/4248/4248
f 4249/4249/4249 4250/4250/4250 4251/4251/4251
f 730/730/730 4252/4252/4252 731/731/731
f 733/733/733 4253/4253/4253 734/734/734
f 736/736/736 4254/4254/4254 737/737/737
f 739/739/739 4255/4255/4255 740/740/740
f 742/742/742 4256/4256/4256 743/743/743
f 745/745/745 4257/4257/4257 746/746/746
f 4258/4258/4258 4259/4259/4259 4260/4260/4260
f 4261/4261/4261 4262/4262/4262 4237/4237/4237
f 4263/4263/4263 4264/4264/4264 4265/4265/4265
f 4266/4266/4266 4267/4267/4267 4268/4268/4268
f 4269/4269/4269 4243/4243/4243 719/719/719
f 760/760/760 4270/4270/4270 761/761/761
f 4248/4248/4248 4271/4271/4271 4272/4272/4272
f 764/764/764 4273/4273/4273 765/765/765
f 767/767/767 4274/4274/4274 768/768/768
f 770/770/770 4275/4275/4275 771/771/771
f 773/773/773 4276/4276/4276 774/774/774
f 778/778/778 4277/4277/4277 4278/4278/4278
f 4279/4279/4279 4280/4280/4280 4281/4281/4281
f 4282/4282/4282 4283/4283/4283 4281/4281/4281
f 779/779/779 4284/4284/4284 780/780/780
f 782/782/782 4285/4285/4285 783/783/783
f 785/785/785 4286/4286/4286 786/786/786
f 4287/4287/4287 4288/4288/4288 4262/4262/4262
f 790/790/790 4289/4289/4289 791/791/791
f 793/793/793 4268/4268/4268 794/794/794
f 759/759/759 4290/4290/4290 844/844/844
f 759/759/759 844/844/844 843/843/843
f 4291/4291/4291 4292/4292/4292 4293/4293/4293
f 4272/4272/4272 4271/4271/4271 4294/4294/4294
f 804/804/804 4295/4295/4295 805/805/805
f 807/807/807 4296/4296/4296 808/808/808
f 810/810/810 4297/4297/4297 811/811/811
f 4298/4298/4298 4299/4299/4299 815/815/815
f 4300/4300/4300 4301/4301/4301 4302/4302/4302
f 815/815/815 4299/4299/4299 4303/4303/4303
f 816/816/816 4304/4304/4304 817/817/817
f 819/819/819 4305/4305/4305 820/820/820
f 822/822/822 4306/4306/4306 823/823/823
f 825/825/825 4307/4307/4307 826/826/826
f 4308/4308/4308 4309/4309/4309 4288/4288/4288
f 4310/4310/4310 4311/4311/4311 4312/4312/4312
f 4313/4313/4313 4314/4314/4314 4315/4315/4315
f 4316/4316/4316 4317/4317/4317 4318/4318/4318
f 845/845/845 4319/4319/4319 846/846/846
f 4294/4294/4294 4320/4320/4320 4321/4321/4321
f 849/849/849 4322/4322/4322 850/850/850
f 852/852/852 4323/4323/4323 853/853/853
f 855/855/855 4324/4324/4324 856/856/856
f 858/858/858 4325/4325/4325 859/859/859
f 861/861/861 4326/4326/4326 862/862/862
f 864/864/864 4327/4327/4327 865/865/865
f 867/867/867 4328/4328/4328 868/868/868
f 870/870/870 4329/4329/4329 871/871/871
f 4330/4330/4330 4331/4331/4331 4309/4309/4309
f 875/875/875 4332/4332/4332 876/876/876
f 834/834/834 4333/4333/4333 4334/4334/4334
f 881/881/881 878/878/878 880/880/880
f 4335/4335/4335 4336/4336/4336 4337/4337/4337
f 931/931/931 4338/4338/4338 4339/4339/4339
f 888/888/888 4340/4340/4340 889/889/889
f 4321/4321/4321 4320/4320/4320 4341/4341/4341
f 893/893/893 4342/4342/4342 894/894/894
f 896/896/896 4343/4343/4343 897/897/897
f 899/899/899 4344/4344/4344 900/900/900
f 902/902/902 4345/4345/4345 903/903/903
f 905/905/905 4346/4346/4346 906/906/906
f 908/908/908 4347/4347/4347 909/909/909
f 911/911/911 4348/4348/4348 912/912/912
f 914/914/914 4349/4349/4349 915/915/915
f 4350/4350/4350 4331/4331/4331 4330/4330/4330
f 919/919/919 4351/4351/4351 920/920/920
f 4352/4352/4352 4353/4353/4353 879/879/879
f 4354/4354/4354 930/930/930 929/929/929
f 4355/4355/4355 928/928/928 930/930/930
f 886/886/886 887/887/887 4356/4356/4356
f 934/934/934 4357/4357/4357 935/935/935
f 4341/4341/4341 4358/4358/4358 4359/4359/4359
f 938/938/938 4360/4360/4360 939/939/939
f 941/941/941 4361/4361/4361 942/942/942
f 944/944/944 4362/4362/4362 945/945/945
f 947/947/947 4363/4363/4363 948/948/948
f 950/950/950 4364/4364/4364 951/951/951
f 953/953/953 4365/4365/4365 954/954/954
f 956/956/956 4366/4366/4366 957/957/957
f 959/959/959 4367/4367/4367 960/960/960
f 4368/4368/4368 4369/4369/4369 4350/4350/4350
f 963/963/963 4370/4370/4370 964/964/964
f 4371/4371/4371 4372/4372/4372 4353/4353/4353
f 4373/4373/4373 4374/4374/4374 4375/4375/4375
f 971/971/971 4376/4376/4376 972/972/972
f 974/974/974 4377/4377/4377 975/975/975
f 4356/4356/4356 4378/4378/4378 4379/4379/4379
f 978/978/978 4380/4380/4380 979/979/979
f 4359/4359/4359 4358/4358/4358 4381/4381/4381
f 983/983/983 4382/4382/4382 984/984/984
f 986/986/986 4383/4383/4383 987/987/987
f 989/989/989 4384/4384/4384 990/990/990
f 992/992/992 4385/4385/4385 993/993/993
f 997/997/997 4386/4386/4386 995/995/995
f 996/996/996 4387/4387/4387 997/997/997
f 4386/4386/4386 4388/4388/4388 995/995/995
f 998/998/998 4389/4389/4389 999/999/999
f 1001/1001/1001 4390/4390/4390 1002/1002/1002
f 1004/1004/1004 4391/4391/4391 1005/1005/1005
f 4392/4392/4392 4393/4393/4393 4369/4369/4369
f 1009/1009/1009 4394/4394/4394 1010/1010/1010
f 966/966/966 4395/4395/4395 4396/4396/4396
f 1017/1017/1017 4397/4397/4397 4398/4398/4398
f 4398/4398/4398 1015/1015/1015 1017/1017/1017
f 1021/1021/1021 4399/4399/4399 1022/1022/1022
f 1024/1024/1024 4400/4400/4400 1025/1025/1025
f 4401/4401/4401 1082/1082/1082 1081/1081/1081
f 1029/1029/1029 4402/4402/4402 1030/1030/1030
f 4403/4403/4403 4404/4404/4404 4405/4405/4405
f 1033/1033/1033 4406/4406/4406 1034/1034/1034
f 1036/1036/1036 4407/4407/4407 1037/1037/1037
f 1039/1039/1039 4408/4408/4408 1040/1040/1040
f 1043/1043/1043 4409/4409/4409 4410/4410/4410
f 1044/1044/1044 4411/4411/4411 1042/1042/1042
f 1043/1043/1043 4410/4410/4410 1044/1044/1044
f 1045/1045/1045 4412/4412/4412 1046/1046/1046
f 1048/1048/1048 4413/4413/4413 1049/1049/1049
f 1051/1051/1051 4414/4414/4414 1052/1052/1052
f 1054/1054/1054 4415/4415/4415 1055/1055/1055
f 1057/1057/1057 4416/4416/4416 1058/1058/1058
f 4417/4417/4417 4418/4418/4418 4419/4419/4419
f 1062/1062/1062 4420/4420/4420 1063/1063/1063
f 1065/1065/1065 4421/4421/4421 1066/1066/1066
f 1068/1068/1068 4422/4422/4422 1069/1069/1069
f 1071/1071/1071 4423/4423/4423 1072/1072/1072
f 4424/4424/4424 4425/4425/4425 4426/4426/4426
f 1077/1077/1077 4427/4427/4427 1078/1078/1078
f 4428/4428/4428 4429/4429/4429 4430/4430/4430
f 4431/4431/4431 4432/4432/4432 4433/4433/4433
f 4434/4434/4434 4435/4435/4435 4436/4436/4436
f 1088/1088/1088 4437/4437/4437 1089/1089/1089
f 1091/1091/1091 4438/4438/4438 1092/1092/1092
f 1094/1094/1094 4439/4439/4439 1095/1095/1095
f 1097/1097/1097 4440/4440/4440 1098/1098/1098
f 1100/1100/1100 4441/4441/4441 1101/1101/1101
f 1103/1103/1103 4442/4442/4442 1104/1104/1104
f 1106/1106/1106 4443/4443/4443 1107/1107/1107
f 1111/1111/1111 4444/4444/4444 4445/4445/4445
f 4445/4445/4445 1109/1109/1109 1111/1111/1111
f 1112/1112/1112 4446/4446/4446 1113/1113/1113
f 1115/1115/1115 4447/4447/4447 1116/1116/1116
f 1118/1118/1118 4448/4448/4448 1119/1119/1119
f 4449/4449/4449 4450/4450/4450 4451/4451/4451
f 4452/4452/4452 4453/4453/4453 4454/4454/4454
f 4455/4455/4455 4456/4456/4456 4457/4457/4457
f 4396/4396/4396 4395/4395/4395 4458/4458/4458
f 1129/1129/1129 4459/4459/4459 1130/1130/1130
f 1132/1132/1132 4460/4460/4460 1133/1133/1133
f 1138/1138/1138 1071/1071/1071 1073/1073/1073
f 1140/1140/1140 4461/4461/4461 1141/1141/1141
f 1143/1143/1143 4462/4462/4462 1144/1144/1144
f 1217/1217/1217 1219/1219/1219 4463/4463/4463
f 4464/4464/4464 4465/4465/4465 4466/4466/4466
f 4467/4467/4467 4468/4468/4468 4469/4469/4469
f 1153/1153/1153 4470/4470/4470 1154/1154/1154
f 1156/1156/1156 4471/4471/4471 1157/1157/1157
f 1159/1159/1159 4472/4472/4472 1160/1160/1160
f 4473/4473/4473 4474/4474/4474 1239/1239/1239
f 1234/1234/1234 1162/1162/1162 1164/1164/1164
f 1165/1165/1165 4475/4475/4475 1166/1166/1166
f 1168/1168/1168 4476/4476/4476 1169/1169/1169
f 1171/1171/1171 4477/4477/4477 1172/1172/1172
f 1174/1174/1174 4478/4478/4478 1175/1175/1175
f 1177/1177/1177 4479/4479/4479 1178/1178/1178
f 1180/1180/1180 4480/4480/4480 1181/1181/1181
f 1110/1110/1110 4481/4481/4481 1183/1183/1183
f 1184/1184/1184 4482/4482/4482 1185/1185/1185
f 1187/1187/1187 4483/4483/4483 1188/1188/1188
f 1190/1190/1190 4484/4484/4484 1191/1191/1191
f 4485/4485/4485 4486/4486/4486 4487/4487/4487
f 4488/4488/4488 4489/4489/4489 4490/4490/4490
f 4491/4491/4491 1282/1282/1282 1281/1281/1281
f 1200/1200/1200 4492/4492/4492 1201/1201/1201
f 4493/4493/4493 4494/4494/4494 4495/4495/4495
f 1206/1206/1206 4496/4496/4496 1207/1207/1207
f 1209/1209/1209 1138/1138/1138 1139/1139/1139
f 1211/1211/1211 4497/4497/4497 1212/1212/1212
f 1214/1214/1214 4498/4498/4498 1215/1215/1215
f 1146/1146/1146 4499/4499/4499 4500/4500/4500
f 4501/4501/4501 4502/4502/4502 4503/4503/4503
f 4469/4469/4469 4504/4504/4504 4505/4505/4505
f 1224/1224/1224 4506/4506/4506 1225/1225/1225
f 1227/1227/1227 4507/4507/4507 1228/1228/1228
f 1230/1230/1230 4508/4508/4508 1231/1231/1231
f 1233/1233/1233 4509/4509/4509 1234/1234/1234
f 1235/1235/1235 4510/4510/4510 1236/1236/1236
f 1238/1238/1238 1328/1328/1328 1239/1239/1239
f 1241/1241/1241 4511/4511/4511 1242/1242/1242
f 1244/1244/1244 4512/4512/4512 1245/1245/1245
f 1247/1247/1247 4513/4513/4513 1248/1248/1248
f 1173/1173/1173 1172/1172/1172 1250/1250/1250
f 1252/1252/1252 4514/4514/4514 1253/1253/1253
f 4515/4515/4515 4516/4516/4516 4517/4517/4517
f 1258/1258/1258 4518/4518/4518 1259/1259/1259
f 1261/1261/1261 4519/4519/4519 1262/1262/1262
f 1264/1264/1264 1291/1291/1291 1265/1265/1265
f 1267/1267/1267 4520/4520/4520 1268/1268/1268
f 1270/1270/1270 4521/4521/4521 1271/1271/1271
f 1273/1273/1273 4522/4522/4522 1274/1274/1274
f 4523/4523/4523 4524/4524/4524 4485/4485/4485
f 4525/4525/4525 4526/4526/4526 4527/4527/4527
f 4528/4528/4528 4529/4529/4529 1199/1199/1199
f 1283/1283/1283 4530/4530/4530 1284/1284/1284
f 1286/1286/1286 4531/4531/4531 1287/1287/1287
f 1208/1208/1208 1207/1207/1207 1289/1289/1289
f 1291/1291/1291 4532/4532/4532 1292/1292/1292
f 1293/1293/1293 4533/4533/4533 1294/1294/1294
f 1296/1296/1296 4534/4534/4534 1297/1297/1297
f 4499/4499/4499 4535/4535/4535 4536/4536/4536
f 4537/4537/4537 4538/4538/4538 4539/4539/4539
f 4505/4505/4505 4504/4504/4504 4540/4540/4540
f 1306/1306/1306 4541/4541/4541 1307/1307/1307
f 4542/4542/4542 4543/4543/4543 4544/4544/4544
f 1312/1312/1312 4545/4545/4545 1313/1313/1313
f 1315/1315/1315 1392/1392/1392 1316/1316/1316
f 1318/1318/1318 4546/4546/4546 1319/1319/1319
f 1321/1321/1321 4547/4547/4547 1322/1322/1322
f 1324/1324/1324 4548/4548/4548 1325/1325/1325
f 1327/1327/1327 4549/4549/4549 1328/1328/1328
f 1329/1329/1329 4550/4550/4550 1330/1330/1330
f 4551/4551/4551 4552/4552/4552 4553/4553/4553
f 1335/1335/1335 4554/4554/4554 1336/1336/1336
f 1338/1338/1338 4555/4555/4555 1339/1339/1339
f 1341/1341/1341 1420/1420/1420 1342/1342/1342
f 4556/4556/4556 4557/4557/4557 4558/4558/4558
f 1347/1347/1347 4559/4559/4559 1348/1348/1348
f 1350/1350/1350 4560/4560/4560 1351/1351/1351
f 4561/4561/4561 4562/4562/4562 4563/4563/4563
f 1356/1356/1356 4564/4564/4564 1357/1357/1357
f 4565/4565/4565 4524/4524/4524 4523/4523/4523
f 4566/4566/4566 4567/4567/4567 4568/4568/4568
f 4569/4569/4569 4570/4570/4570 4529/4529/4529
f 1366/1366/1366 4571/4571/4571 1367/1367/1367
f 1369/1369/1369 4572/4572/4572 1370/1370/1370
f 1290/1290/1290 1289/1289/1289 1372/1372/1372
f 4536/4536/4536 4535/4535/4535 4573/4573/4573
f 4574/4574/4574 4575/4575/4575 4576/4576/4576
f 4577/4577/4577 4540/4540/4540 4578/4578/4578
f 1382/1382/1382 4579/4579/4579 1383/1383/1383
f 1385/1385/1385 4580/4580/4580 1386/1386/1386
f 1388/1388/1388 4581/4581/4581 1389/1389/1389
f 1391/1391/1391 4582/4582/4582 1392/1392/1392
f 1393/1393/1393 4583/4583/4583 1394/1394/1394
f 1396/1396/1396 4584/4584/4584 1397/1397/1397
f 1399/1399/1399 4585/4585/4585 1400/1400/1400
f 1402/1402/1402 4586/4586/4586 1403/1403/1403
f 1405/1405/1405 4587/4587/4587 1406/1406/1406
f 1408/1408/1408 4588/4588/4588 1409/1409/1409
f 1411/1411/1411 4589/4589/4589 1412/1412/1412
f 1414/1414/1414 4590/4590/4590 1415/1415/1415
f 1417/1417/1417 4591/4591/4591 1418/1418/1418
f 1420/1420/1420 4592/4592/4592 1421/1421/1421
f 1422/1422/1422 4593/4593/4593 1423/1423/1423
f 1425/1425/1425 4594/4594/4594 1426/1426/1426
f 1428/1428/1428 4595/4595/4595 1429/1429/1429
f 1431/1431/1431 4596/4596/4596 1432/1432/1432
f 1434/1434/1434 4597/4597/4597 1435/1435/1435
f 4598/4598/4598 4565/4565/4565 4599/4599/4599
f 4600/4600/4600 4601/4601/4601 4602/4602/4602
f 1502/1502/1502 1504/1504/1504 4570/4570/4570
f 4573/4573/4573 1507/1507/1507 1506/1506/1506
f 1448/1448/1448 4603/4603/4603 1449/1449/1449
f 4578/4578/4578 4604/4604/4604 4605/4605/4605
f 1452/1452/1452 4606/4606/4606 1453/1453/1453
f 1455/1455/1455 4607/4607/4607 1456/1456/1456
f 1458/1458/1458 4608/4608/4608 1459/1459/1459
f 1461/1461/1461 4609/4609/4609 1462/1462/1462
f 1464/1464/1464 4610/4610/4610 1465/1465/1465
f 1467/1467/1467 4587/4587/4587 1405/1405/1405
f 1469/1469/1469 4611/4611/4611 1470/1470/1470
f 1472/1472/1472 4612/4612/4612 1473/1473/1473
f 1475/1475/1475 4613/4613/4613 1476/1476/1476
f 4614/4614/4614 4615/4615/4615 4616/4616/4616
f 1421/1421/1421 4592/4592/4592 1481/1481/1481
f 1483/1483/1483 4617/4617/4617 1484/1484/1484
f 1486/1486/1486 4618/4618/4618 1487/1487/1487
f 1489/1489/1489 4619/4619/4619 1490/1490/1490
f 1492/1492/1492 4620/4620/4620 1493/1493/1493
f 1495/1495/1495 4621/4621/4621 1496/1496/1496
f 4622/4622/4622 4623/4623/4623 4598/4598/4598
f 1499/1499/1499 4624/4624/4624 1500/1500/1500
f 4625/4625/4625 4626/4626/4626 4627/4627/4627
f 4628/4628/4628 4629/4629/4629 1446/1446/1446
f 4630/4630/4630 4631/4631/4631 4632/4632/4632
f 4605/4605/4605 4604/4604/4604 4633/4633/4633
f 1513/1513/1513 4634/4634/4634 1514/1514/1514
f 1516/1516/1516 4635/4635/4635 1517/1517/1517
f 1519/1519/1519 4636/4636/4636 1520/1520/1520
f 1522/1522/1522 4637/4637/4637 1523/1523/1523
f 1525/1525/1525 4638/4638/4638 1526/1526/1526
f 1528/1528/1528 4639/4639/4639 1467/1467/1467
f 1529/1529/1529 4640/4640/4640 1530/1530/1530
f 1532/1532/1532 4641/4641/4641 1533/1533/1533
f 1535/1535/1535 4642/4642/4642 1536/1536/1536
f 1538/1538/1538 4643/4643/4643 1539/1539/1539
f 1541/1541/1541 4644/4644/4644 1542/1542/1542
f 1544/1544/1544 4645/4645/4645 1545/1545/1545
f 1547/1547/1547 4646/4646/4646 1548/1548/1548
f 1550/1550/1550 4647/4647/4647 1551/1551/1551
f 1553/1553/1553 4648/4648/4648 1554/1554/1554
f 1556/1556/1556 4649/4649/4649 1557/1557/1557
f 4650/4650/4650 4651/4651/4651 4623/4623/4623
f 4652/4652/4652 4653/4653/4653 4654/4654/4654
f 4626/4626/4626 4655/4655/4655 4656/4656/4656
f 1505/1505/1505 4657/4657/4657 4658/4658/4658
f 1569/1569/1569 4659/4659/4659 1570/1570/1570
f 4633/4633/4633 4660/4660/4660 4661/4661/4661
f 1573/1573/1573 4662/4662/4662 1574/1574/1574
f 1576/1576/1576 4663/4663/4663 1577/1577/1577
f 1579/1579/1579 4664/4664/4664 1580/1580/1580
f 1582/1582/1582 4665/4665/4665 1583/1583/1583
f 1585/1585/1585 4666/4666/4666 1586/1586/1586
f 1588/1588/1588 4667/4667/4667 1589/1589/1589
f 1591/1591/1591 4668/4668/4668 1592/1592/1592
f 1594/1594/1594 4669/4669/4669 1595/1595/1595
f 1597/1597/1597 4670/4670/4670 1598/1598/1598
f 1600/1600/1600 4671/4671/4671 1601/1601/1601
f 1603/1603/1603 4672/4672/4672 1604/1604/1604
f 1606/1606/1606 4673/4673/4673 1607/1607/1607
f 1609/1609/1609 4674/4674/4674 1610/1610/1610
f 1612/1612/1612 4675/4675/4675 1613/1613/1613
f 1615/1615/1615 4676/4676/4676 1616/1616/1616
f 1618/1618/1618 4677/4677/4677 1619/1619/1619
f 4678/4678/4678 4679/4679/4679 4651/4651/4651
f 1623/1623/1623 4680/4680/4680 1624/1624/1624
f 4681/4681/4681 4682/4682/4682 1565/1565/1565
f 4683/4683/4683 4684/4684/4684 4685/4685/4685
f 1632/1632/1632 4686/4686/4686 1633/1633/1633
f 4660/4660/4660 4687/4687/4687 4688/4688/4688
f 1637/1637/1637 4689/4689/4689 1638/1638/1638
f 1640/1640/1640 4690/4690/4690 1641/1641/1641
f 1643/1643/1643 4691/4691/4691 1644/1644/1644
f 1646/1646/1646 4692/4692/4692 1647/1647/1647
f 1649/1649/1649 4693/4693/4693 1650/1650/1650
f 1652/1652/1652 4694/4694/4694 1653/1653/1653
f 1655/1655/1655 4695/4695/4695 1656/1656/1656
f 1658/1658/1658 4696/4696/4696 1659/1659/1659
f 1661/1661/1661 4697/4697/4697 1662/1662/1662
f 1664/1664/1664 4698/4698/4698 1665/1665/1665
f 1667/1667/1667 1731/1731/1731 1668/1668/1668
f 1670/1670/1670 4699/4699/4699 1671/1671/1671
f 1673/1673/1673 4700/4700/4700 1674/1674/1674
f 1676/1676/1676 4701/4701/4701 1677/1677/1677
f 1679/1679/1679 4702/4702/4702 1680/1680/1680
f 1682/1682/1682 4703/4703/4703 1683/1683/1683
f 4704/4704/4704 4679/4679/4679 4678/4678/4678
f 1687/1687/1687 4705/4705/4705 1688/1688/1688
f 4706/4706/4706 4707/4707/4707 4708/4708/4708
f 1629/1629/1629 1758/1758/1758 1757/1757/1757
f 1696/1696/1696 4709/4709/4709 1697/1697/1697
f 4688/4688/4688 4687/4687/4687 4710/4710/4710
f 1701/1701/1701 4711/4711/4711 1702/1702/1702
f 1704/1704/1704 4712/4712/4712 1705/1705/1705
f 1707/1707/1707 4713/4713/4713 1708/1708/1708
f 1710/1710/1710 4714/4714/4714 1711/1711/1711
f 1713/1713/1713 4715/4715/4715 1714/1714/1714
f 1716/1716/1716 1779/1779/1779 1717/1717/1717
f 1719/1719/1719 4716/4716/4716 1720/1720/1720
f 1722/1722/1722 4717/4717/4717 1723/1723/1723
f 1725/1725/1725 4718/4718/4718 1726/1726/1726
f 1728/1728/1728 4719/4719/4719 1729/1729/1729
f 1731/1731/1731 1792/1792/1792 1732/1732/1732
f 1733/1733/1733 4720/4720/4720 1734/1734/1734
f 1736/1736/1736 4721/4721/4721 1737/1737/1737
f 1739/1739/1739 4722/4722/4722 1740/1740/1740
f 1742/1742/1742 4723/4723/4723 1743/1743/1743
f 1745/1745/1745 4724/4724/4724 1746/1746/1746
f 4725/4725/4725 4704/4704/4704 4726/4726/4726
f 1750/1750/1750 4727/4727/4727 1751/1751/1751
f 1813/1813/1813 1815/1815/1815 1691/1691/1691
f 1816/1816/1816 1818/1818/1818 1694/1694/1694
f 1759/1759/1759 4728/4728/4728 1760/1760/1760
f 4710/4710/4710 4729/4729/4729 4730/4730/4730
f 1763/1763/1763 4731/4731/4731 1764/1764/1764
f 1766/1766/1766 4732/4732/4732 1767/1767/1767
f 1769/1769/1769 4733/4733/4733 1770/1770/1770
f 1772/1772/1772 4734/4734/4734 1773/1773/1773
f 1775/1775/1775 4735/4735/4735 1776/1776/1776
f 1778/1778/1778 1840/1840/1840 1779/1779/1779
f 1780/1780/1780 4736/4736/4736 1781/1781/1781
f 1783/1783/1783 4737/4737/4737 1784/1784/1784
f 1786/1786/1786 4738/4738/4738 1787/1787/1787
f 1789/1789/1789 4739/4739/4739 1790/1790/1790
f 1792/1792/1792 4740/4740/4740 1793/1793/1793
f 1794/1794/1794 4741/4741/4741 1795/1795/1795
f 1797/1797/1797 4742/4742/4742 1798/1798/1798
f 1800/1800/1800 4743/4743/4743 1801/1801/1801
f 1803/1803/1803 4744/4744/4744 1804/1804/1804
f 1806/1806/1806 4745/4745/4745 1807/1807/1807
f 4746/4746/4746 4747/4747/4747 4725/4725/4725
f 1810/1810/1810 4748/4748/4748 1811/1811/1811
f 1753/1753/1753 4749/4749/4749 4750/4750/4750
f 1756/1756/1756 4751/4751/4751 4752/4752/4752
f 1819/1819/1819 4753/4753/4753 1820/1820/1820
f 4730/4730/4730 4729/4729/4729 4754/4754/4754
f 1824/1824/1824 4755/4755/4755 1825/1825/1825
f 1827/1827/1827 4756/4756/4756 1828/1828/1828
f 1830/1830/1830 4757/4757/4757 1831/1831/1831
f 1833/1833/1833 4758/4758/4758 1834/1834/1834
f 1836/1836/1836 4759/4759/4759 1837/1837/1837
f 1839/1839/1839 4760/4760/4760 1840/1840/1840
f 1841/1841/1841 4761/4761/4761 1842/1842/1842
f 1844/1844/1844 4762/4762/4762 1845/1845/1845
f 1847/1847/1847 4763/4763/4763 1848/1848/1848
f 1850/1850/1850 4764/4764/4764 1851/1851/1851
f 1853/1853/1853 4765/4765/4765 1854/1854/1854
f 1856/1856/1856 4766/4766/4766 1857/1857/1857
f 1859/1859/1859 4767/4767/4767 1860/1860/1860
f 1862/1862/1862 4768/4768/4768 1863/1863/1863
f 1865/1865/1865 4769/4769/4769 1866/1866/1866
f 1868/1868/1868 4770/4770/4770 1869/1869/1869
f 4771/4771/4771 4747/4747/4747 4746/4746/4746
f 1873/1873/1873 4772/4772/4772 1874/1874/1874
f 4749/4749/4749 4773/4773/4773 4774/4774/4774
f 4751/4751/4751 1939/1939/1939 1938/1938/1938
f 1880/1880/1880 4775/4775/4775 1881/1881/1881
f 4754/4754/4754 4776/4776/4776 4777/4777/4777
f 1884/1884/1884 4778/4778/4778 1885/1885/1885
f 1887/1887/1887 4779/4779/4779 1888/1888/1888
f 1890/1890/1890 4780/4780/4780 1891/1891/1891
f 1893/1893/1893 4781/4781/4781 1894/1894/1894
f 1896/1896/1896 4782/4782/4782 1897/1897/1897
f 1899/1899/1899 4783/4783/4783 1900/1900/1900
f 1902/1902/1902 4784/4784/4784 1903/1903/1903
f 1905/1905/1905 4785/4785/4785 1906/1906/1906
f 1908/1908/1908 4786/4786/4786 1909/1909/1909
f 1911/1911/1911 4787/4787/4787 1912/1912/1912
f 1855/1855/1855 1854/1854/1854 1914/1914/1914
f 1916/1916/1916 4788/4788/4788 1917/1917/1917
f 1919/1919/1919 4789/4789/4789 1920/1920/1920
f 1922/1922/1922 4790/4790/4790 1923/1923/1923
f 1925/1925/1925 4791/4791/4791 1926/1926/1926
f 1928/1928/1928 4792/4792/4792 1929/1929/1929
f 4793/4793/4793 4794/4794/4794 4771/4771/4771
f 1932/1932/1932 4795/4795/4795 1933/1933/1933
f 4773/4773/4773 1999/1999/1999 1998/1998/1998
f 2000/2000/2000 2002/2002/2002 1879/1879/1879
f 1940/1940/1940 4796/4796/4796 1941/1941/1941
f 4777/4777/4777 4776/4776/4776 4797/4797/4797
f 1945/1945/1945 4798/4798/4798 1946/1946/1946
f 1948/1948/1948 4799/4799/4799 1949/1949/1949
f 1951/1951/1951 4800/4800/4800 1952/1952/1952
f 1954/1954/1954 4801/4801/4801 1955/1955/1955
f 1957/1957/1957 4802/4802/4802 1958/1958/1958
f 1960/1960/1960 1899/1899/1899 1901/1901/1901
f 1962/1962/1962 4803/4803/4803 1963/1963/1963
f 1965/1965/1965 4804/4804/4804 1966/1966/1966
f 1968/1968/1968 4805/4805/4805 1969/1969/1969
f 1971/1971/1971 4806/4806/4806 1972/1972/1972
f 1974/1974/1974 4807/4807/4807 1975/1975/1975
f 1977/1977/1977 4808/4808/4808 1978/1978/1978
f 1980/1980/1980 4809/4809/4809 1981/1981/1981
f 1983/1983/1983 4810/4810/4810 1984/1984/1984
f 1986/1986/1986 4811/4811/4811 1987/1987/1987
f 1989/1989/1989 4812/4812/4812 1990/1990/1990
f 4813/4813/4813 4794/4794/4794 4793/4793/4793
f 1994/1994/1994 4814/4814/4814 1995/1995/1995
f 2059/2059/2059 2061/2061/2061 1936/1936/1936
f 1937/1937/1937 2064/2064/2064 2063/2063/2063
f 2003/2003/2003 4815/4815/4815 2004/2004/2004
f 4797/4797/4797 4816/4816/4816 4817/4817/4817
f 2007/2007/2007 4818/4818/4818 2008/2008/2008
f 2010/2010/2010 4819/4819/4819 2011/2011/2011
f 2013/2013/2013 4820/4820/4820 2014/2014/2014
f 2016/2016/2016 4821/4821/4821 2017/2017/2017
f 2019/2019/2019 4822/4822/4822 2020/2020/2020
f 2022/2022/2022 4823/4823/4823 2023/2023/2023
f 2025/2025/2025 4824/4824/4824 2026/2026/2026
f 2028/2028/2028 4825/4825/4825 2029/2029/2029
f 2031/2031/2031 4826/4826/4826 2032/2032/2032
f 2034/2034/2034 4827/4827/4827 2035/2035/2035
f 1975/1975/1975 4807/4807/4807 2037/2037/2037
f 2039/2039/2039 4828/4828/4828 2040/2040/2040
f 2042/2042/2042 4829/4829/4829 2043/2043/2043
f 2045/2045/2045 4830/4830/4830 2046/2046/2046
f 2048/2048/2048 4831/4831/4831 2049/2049/2049
f 2051/2051/2051 4832/4832/4832 2052/2052/2052
f 4833/4833/4833 4813/4813/4813 4834/4834/4834
f 2056/2056/2056 4835/4835/4835 2057/2057/2057
f 1997/1997/1997 4836/4836/4836 4837/4837/4837
f 2123/2123/2123 2125/2125/2125 2001/2001/2001
f 2065/2065/2065 4838/4838/4838 2066/2066/2066
f 4816/4816/4816 4839/4839/4839 4840/4840/4840
f 2070/2070/2070 4841/4841/4841 2071/2071/2071
f 2073/2073/2073 4842/4842/4842 2074/2074/2074
f 2076/2076/2076 4843/4843/4843 2077/2077/2077
f 2079/2079/2079 4844/4844/4844 2080/2080/2080
f 2082/2082/2082 4845/4845/4845 2083/2083/2083
f 2085/2085/2085 4823/4823/4823 2022/2022/2022
f 2087/2087/2087 4846/4846/4846 2088/2088/2088
f 2090/2090/2090 4847/4847/4847 2091/2091/2091
f 2093/2093/2093 4848/4848/4848 2094/2094/2094
f 2096/2096/2096 4849/4849/4849 2097/2097/2097
f 2099/2099/2099 2161/2161/2161 2100/2100/2100
f 2102/2102/2102 4850/4850/4850 2103/2103/2103
f 2105/2105/2105 4851/4851/4851 2106/2106/2106
f 2108/2108/2108 4852/4852/4852 2109/2109/2109
f 2111/2111/2111 4853/4853/4853 2112/2112/2112
f 2114/2114/2114 4854/4854/4854 2115/2115/2115
f 4855/4855/4855 4856/4856/4856 4833/4833/4833
f 2118/2118/2118 4857/4857/4857 2119/2119/2119
f 4836/4836/4836 2185/2185/2185 2184/2184/2184
f 2062/2062/2062 4858/4858/4858 4859/4859/4859
f 2126/2126/2126 4860/4860/4860 2127/2127/2127
f 4839/4839/4839 4861/4861/4861 4862/4862/4862
f 2131/2131/2131 4863/4863/4863 2132/2132/2132
f 2134/2134/2134 4864/4864/4864 2135/2135/2135
f 2137/2137/2137 4865/4865/4865 2138/2138/2138
f 2140/2140/2140 4866/4866/4866 2141/2141/2141
f 2143/2143/2143 4867/4867/4867 2144/2144/2144
f 2146/2146/2146 2209/2209/2209 2147/2147/2147
f 2149/2149/2149 4868/4868/4868 2150/2150/2150
f 2152/2152/2152 4869/4869/4869 2153/2153/2153
f 2155/2155/2155 4870/4870/4870 2156/2156/2156
f 2158/2158/2158 4871/4871/4871 2159/2159/2159
f 2161/2161/2161 4872/4872/4872 2162/2162/2162
f 2163/2163/2163 4873/4873/4873 2164/2164/2164
f 2166/2166/2166 4874/4874/4874 2167/2167/2167
f 2169/2169/2169 4875/4875/4875 2170/2170/2170
f 2172/2172/2172 4876/4876/4876 2173/2173/2173
f 2175/2175/2175 4877/4877/4877 2176/2176/2176
f 4878/4878/4878 4856/4856/4856 4855/4855/4855
f 2180/2180/2180 4879/4879/4879 2181/2181/2181
f 4880/4880/4880 4881/4881/4881 2122/2122/2122
f 4858/4858/4858 2248/2248/2248 2247/2247/2247
f 2188/2188/2188 4882/4882/4882 2189/2189/2189
f 4862/4862/4862 4861/4861/4861 4883/4883/4883
f 2193/2193/2193 4884/4884/4884 2194/2194/2194
f 2196/2196/2196 4885/4885/4885 2197/2197/2197
f 2199/2199/2199 4886/4886/4886 2200/2200/2200
f 2202/2202/2202 4887/4887/4887 2203/2203/2203
f 2205/2205/2205 4888/4888/4888 2206/2206/2206
f 2208/2208/2208 4889/4889/4889 2209/2209/2209
f 2210/2210/2210 4890/4890/4890 2211/2211/2211
f 2213/2213/2213 4891/4891/4891 2214/2214/2214
f 2216/2216/2216 4892/4892/4892 2217/2217/2217
f 2219/2219/2219 4893/4893/4893 2220/2220/2220
f 2222/2222/2222 2283/2283/2283 2223/2223/2223
f 2225/2225/2225 4894/4894/4894 2226/2226/2226
f 2228/2228/2228 4895/4895/4895 2229/2229/2229
f 2231/2231/2231 4896/4896/4896 2232/2232/2232
f 2234/2234/2234 4897/4897/4897 2235/2235/2235
f 2237/2237/2237 4898/4898/4898 2238/2238/2238
f 4899/4899/4899 4900/4900/4900 4878/4878/4878
f 2241/2241/2241 4901/4901/4901 2242/2242/2242
f 2305/2305/2305 2307/2307/2307 4881/4881/4881
f 4902/4902/4902 4903/4903/4903 2187/2187/2187
f 2249/2249/2249 4904/4904/4904 2250/2250/2250
f 4883/4883/4883 4905/4905/4905 4906/4906/4906
f 2253/2253/2253 4907/4907/4907 2254/2254/2254
f 2256/2256/2256 4908/4908/4908 2257/2257/2257
f 2259/2259/2259 4909/4909/4909 2260/2260/2260
f 2262/2262/2262 4910/4910/4910 2263/2263/2263
f 2265/2265/2265 4911/4911/4911 2266/2266/2266
f 2268/2268/2268 4912/4912/4912 2269/2269/2269
f 2271/2271/2271 4913/4913/4913 2272/2272/2272
f 2274/2274/2274 4914/4914/4914 2275/2275/2275
f 2277/2277/2277 4915/4915/4915 2278/2278/2278
f 2280/2280/2280 4916/4916/4916 2281/2281/2281
f 2283/2283/2283 4917/4917/4917 2284/2284/2284
f 2285/2285/2285 4918/4918/4918 2286/2286/2286
f 2288/2288/2288 4919/4919/4919 2289/2289/2289
f 2291/2291/2291 4920/4920/4920 2292/2292/2292
f 2294/2294/2294 4921/4921/4921 2295/2295/2295
f 2297/2297/2297 4922/4922/4922 2298/2298/2298
f 4923/4923/4923 4900/4900/4900 4899/4899/4899
f 2302/2302/2302 4924/4924/4924 2303/2303/2303
f 2244/2244/2244 2368/2368/2368 2367/2367/2367
f 4925/4925/4925 4926/4926/4926 4903/4903/4903
f 2310/2310/2310 4927/4927/4927 2311/2311/2311
f 4906/4906/4906 4905/4905/4905 4928/4928/4928
f 2315/2315/2315 4929/4929/4929 2316/2316/2316
f 2318/2318/2318 4930/4930/4930 2319/2319/2319
f 2321/2321/2321 4931/4931/4931 2322/2322/2322
f 2324/2324/2324 4932/4932/4932 2325/2325/2325
f 2327/2327/2327 4933/4933/4933 2328/2328/2328
f 2330/2330/2330 4934/4934/4934 2268/2268/2268
f 2331/2331/2331 4935/4935/4935 2332/2332/2332
f 2334/2334/2334 4936/4936/4936 2335/2335/2335
f 2337/2337/2337 4937/4937/4937 2338/2338/2338
f 2340/2340/2340 4938/4938/4938 2341/2341/2341
f 2343/2343/2343 4939/4939/4939 2344/2344/2344
f 2346/2346/2346 4940/4940/4940 2347/2347/2347
f 2349/2349/2349 4941/4941/4941 2350/2350/2350
f 2352/2352/2352 4942/4942/4942 2353/2353/2353
f 2355/2355/2355 4943/4943/4943 2356/2356/2356
f 2358/2358/2358 4944/4944/4944 2359/2359/2359
f 4945/4945/4945 4923/4923/4923 4946/4946/4946
f 2363/2363/2363 4947/4947/4947 2364/2364/2364
f 2427/2427/2427 2429/2429/2429 2306/2306/2306
f 2430/2430/2430 2432/2432/2432 4926/4926/4926
f 2371/2371/2371 4948/4948/4948 2372/2372/2372
f 4928/4928/4928 4949/4949/4949 4950/4950/4950
f 2375/2375/2375 4951/4951/4951 2376/2376/2376
f 2378/2378/2378 4952/4952/4952 2379/2379/2379
f 2381/2381/2381 4953/4953/4953 2382/2382/2382
f 2384/2384/2384 4954/4954/4954 2385/2385/2385
f 2387/2387/2387 4955/4955/4955 2388/2388/2388
f 2390/2390/2390 2454/2454/2454 2391/2391/2391
f 2393/2393/2393 4956/4956/4956 2394/2394/2394
f 2396/2396/2396 4957/4957/4957 2397/2397/2397
f 2399/2399/2399 4958/4958/4958 2400/2400/2400
f 2402/2402/2402 4959/4959/4959 2403/2403/2403
f 2345/2345/2345 2344/2344/2344 2405/2405/2405
f 2407/2407/2407 4960/4960/4960 2408/2408/2408
f 2410/2410/2410 4961/4961/4961 2411/2411/2411
f 2413/2413/2413 4962/4962/4962 2414/2414/2414
f 2416/2416/2416 4963/4963/4963 2417/2417/2417
f 2419/2419/2419 4964/4964/4964 2420/2420/2420
f 4965/4965/4965 4945/4945/4945 4966/4966/4966
f 2424/2424/2424 4967/4967/4967 2425/2425/2425
f 2366/2366/2366 2492/2492/2492 2491/2491/2491
f 2369/2369/2369 2495/2495/2495 2494/2494/2494
f 2433/2433/2433 4968/4968/4968 2434/2434/2434
f 4950/4950/4950 4949/4949/4949 4969/4969/4969
f 2438/2438/2438 4970/4970/4970 2439/2439/2439
f 2441/2441/2441 4971/4971/4971 2442/2442/2442
f 2444/2444/2444 4972/4972/4972 2445/2445/2445
f 2447/2447/2447 4973/4973/4973 2448/2448/2448
f 2450/2450/2450 4974/4974/4974 2451/2451/2451
f 2453/2453/2453 4975/4975/4975 2454/2454/2454
f 2455/2455/2455 4976/4976/4976 2456/2456/2456
f 2458/2458/2458 4977/4977/4977 2459/2459/2459
f 2461/2461/2461 4978/4978/4978 2462/2462/2462
f 2464/2464/2464 4979/4979/4979 2465/2465/2465
f 2467/2467/2467 2530/2530/2530 2468/2468/2468
f 2470/2470/2470 4980/4980/4980 2471/2471/2471
f 2473/2473/2473 4981/4981/4981 2474/2474/2474
f 2476/2476/2476 4982/4982/4982 2477/2477/2477
f 2479/2479/2479 4983/4983/4983 2480/2480/2480
f 2482/2482/2482 4984/4984/4984 2483/2483/2483
f 4985/4985/4985 4965/4965/4965 4986/4986/4986
f 2487/2487/2487 4987/4987/4987 2488/2488/2488
f 2551/2551/2551 2553/2553/2553 2428/2428/2428
f 4988/4988/4988 4989/4989/4989 2431/2431/2431
f 2496/2496/2496 4990/4990/4990 2497/2497/2497
f 4969/4969/4969 4991/4991/4991 4992/4992/4992
f 2500/2500/2500 4993/4993/4993 2501/2501/2501
f 2503/2503/2503 4994/4994/4994 2504/2504/2504
f 2506/2506/2506 4995/4995/4995 2507/2507/2507
f 2509/2509/2509 4996/4996/4996 2510/2510/2510
f 2512/2512/2512 4997/4997/4997 2513/2513/2513
f 2515/2515/2515 4998/4998/4998 2516/2516/2516
f 2518/2518/2518 4999/4999/4999 2519/2519/2519
f 2521/2521/2521 5000/5000/5000 2522/2522/2522
f 2524/2524/2524 5001/5001/5001 2525/2525/2525
f 2527/2527/2527 5002/5002/5002 2528/2528/2528
f 2530/2530/2530 5003/5003/5003 2531/2531/2531
f 2532/2532/2532 5004/5004/5004 2533/2533/2533
f 2535/2535/2535 5005/5005/5005 2536/2536/2536
f 2538/2538/2538 5006/5006/5006 2539/2539/2539
f 2541/2541/2541 5007/5007/5007 2542/2542/2542
f 2544/2544/2544 5008/5008/5008 2545/2545/2545
f 5009/5009/5009 5010/5010/5010 4985/4985/4985
f 2548/2548/2548 5011/5011/5011 2549/2549/2549
f 2490/2490/2490 5012/5012/5012 5013/5013/5013
f 5014/5014/5014 5015/5015/5015 4989/4989/4989
f 2556/2556/2556 5016/5016/5016 2557/2557/2557
f 4992/4992/4992 4991/4991/4991 5017/5017/5017
f 2561/2561/2561 5018/5018/5018 2562/2562/2562
f 2564/2564/2564 5019/5019/5019 2565/2565/2565
f 2567/2567/2567 5020/5020/5020 2568/2568/2568
f 2570/2570/2570 5021/5021/5021 2571/2571/2571
f 2573/2573/2573 5022/5022/5022 2574/2574/2574
f 2576/2576/2576 4998/4998/4998 2515/2515/2515
f 2578/2578/2578 5023/5023/5023 2579/2579/2579
f 2581/2581/2581 5024/5024/5024 2582/2582/2582
f 2584/2584/2584 5025/5025/5025 2585/2585/2585
f 2587/2587/2587 5026/5026/5026 2588/2588/2588
f 2531/2531/2531 5003/5003/5003 2590/2590/2590
f 2592/2592/2592 5027/5027/5027 2593/2593/2593
f 2595/2595/2595 5028/5028/5028 2596/2596/2596
f 2598/2598/2598 5029/5029/5029 2599/2599/2599
f 2601/2601/2601 5030/5030/5030 2602/2602/2602
f 2604/2604/2604 5031/5031/5031 2605/2605/2605
f 5032/5032/5032 5010/5010/5010 5009/5009/5009
f 2609/2609/2609 5033/5033/5033 2610/2610/2610
f 5012/5012/5012 5034/5034/5034 5035/5035/5035
f 2554/2554/2554 5036/5036/5036 5037/5037/5037
f 5038/5038/5038 5039/5039/5039 5040/5040/5040
f 5017/5017/5017 5041/5041/5041 5042/5042/5042
f 2621/2621/2621 5043/5043/5043 2622/2622/2622
f 2624/2624/2624 5044/5044/5044 2625/2625/2625
f 2627/2627/2627 5045/5045/5045 2628/2628/2628
f 2630/2630/2630 5046/5046/5046 2631/2631/2631
f 2633/2633/2633 5047/5047/5047 2634/2634/2634
f 2636/2636/2636 2576/2576/2576 2577/2577/2577
f 2638/2638/2638 5048/5048/5048 2639/2639/2639
f 2641/2641/2641 5049/5049/5049 2642/2642/2642
f 2644/2644/2644 5050/5050/5050 2645/2645/2645
f 2647/2647/2647 5051/5051/5051 2648/2648/2648
f 2650/2650/2650 5052/5052/5052 2651/2651/2651
f 2653/2653/2653 5053/5053/5053 2654/2654/2654
f 2656/2656/2656 5054/5054/5054 2657/2657/2657
f 2659/2659/2659 5055/5055/5055 2660/2660/2660
f 2662/2662/2662 5056/5056/5056 2663/2663/2663
f 2665/2665/2665 5057/5057/5057 2666/2666/2666
f 5058/5058/5058 5059/5059/5059 5032/5032/5032
f 5060/5060/5060 5061/5061/5061 5062/5062/5062
f 5063/5063/5063 5064/5064/5064 2613/2613/2613
f 5036/5036/5036 2741/2741/2741 2740/2740/2740
f 2678/2678/2678 5065/5065/5065 2679/2679/2679
f 5041/5041/5041 5066/5066/5066 5067/5067/5067
f 2683/2683/2683 5068/5068/5068 2684/2684/2684
f 2686/2686/2686 5069/5069/5069 2687/2687/2687
f 2689/2689/2689 5070/5070/5070 2690/2690/2690
f 2692/2692/2692 5071/5071/5071 2693/2693/2693
f 2695/2695/2695 5072/5072/5072 2696/2696/2696
f 2698/2698/2698 5073/5073/5073 2699/2699/2699
f 2701/2701/2701 5074/5074/5074 2702/2702/2702
f 2704/2704/2704 5075/5075/5075 2705/2705/2705
f 2707/2707/2707 5076/5076/5076 2708/2708/2708
f 2710/2710/2710 5077/5077/5077 2711/2711/2711
f 2713/2713/2713 5078/5078/5078 2714/2714/2714
f 2716/2716/2716 5079/5079/5079 2717/2717/2717
f 5080/5080/5080 5081/5081/5081 5082/5082/5082
f 2722/2722/2722 5083/5083/5083 2723/2723/2723
f 2725/2725/2725 5084/5084/5084 2726/2726/2726
f 2728/2728/2728 5085/5085/5085 2729/2729/2729
f 5086/5086/5086 5087/5087/5087 5059/5059/5059
f 2733/2733/2733 5088/5088/5088 2734/2734/2734
f 2800/2800/2800 2802/2802/2802 5064/5064/5064
f 5089/5089/5089 5090/5090/5090 2676/2676/2676
f 2742/2742/2742 5091/5091/5091 2743/2743/2743
f 5066/5066/5066 5092/5092/5092 5093/5093/5093
f 2747/2747/2747 5094/5094/5094 2748/2748/2748
f 2750/2750/2750 5095/5095/5095 2751/2751/2751
f 2753/2753/2753 5096/5096/5096 2754/2754/2754
f 2756/2756/2756 5097/5097/5097 2757/2757/2757
f 2759/2759/2759 5098/5098/5098 2760/2760/2760
f 2762/2762/2762 5099/5099/5099 2763/2763/2763
f 2765/2765/2765 5100/5100/5100 2766/2766/2766
f 5101/5101/5101 5102/5102/5102 5103/5103/5103
f 2771/2771/2771 5104/5104/5104 2772/2772/2772
f 2774/2774/2774 5105/5105/5105 2775/2775/2775
f 2777/2777/2777 5106/5106/5106 2778/2778/2778
f 2780/2780/2780 5107/5107/5107 2781/2781/2781
f 2783/2783/2783 5108/5108/5108 2784/2784/2784
f 2786/2786/2786 5109/5109/5109 2787/2787/2787
f 5110/5110/5110 5111/5111/5111 5112/5112/5112
f 2792/2792/2792 5113/5113/5113 2793/2793/2793
f 5114/5114/5114 5115/5115/5115 5087/5087/5087
f 2797/2797/2797 5116/5116/5116 2798/2798/2798
f 2736/2736/2736 5117/5117/5117 5118/5118/5118
f 5119/5119/5119 5120/5120/5120 5090/5090/5090
f 2805/2805/2805 5121/5121/5121 2806/2806/2806
f 5093/5093/5093 5092/5092/5092 5122/5122/5122
f 2810/2810/2810 5123/5123/5123 2811/2811/2811
f 2813/2813/2813 5124/5124/5124 2814/2814/2814
f 2816/2816/2816 5125/5125/5125 2817/2817/2817
f 2819/2819/2819 5126/5126/5126 2820/2820/2820
f 2822/2822/2822 5127/5127/5127 2823/2823/2823
f 2825/2825/2825 5128/5128/5128 2826/2826/2826
f 5129/5129/5129 5130/5130/5130 5131/5131/5131
f 2831/2831/2831 5132/5132/5132 2832/2832/2832
f 2834/2834/2834 5133/5133/5133 2835/2835/2835
f 2837/2837/2837 5134/5134/5134 2838/2838/2838
f 2778/2778/2778 2899/2899/2899 2840/2840/2840
f 2841/2841/2841 5135/5135/5135 2842/2842/2842
f 2844/2844/2844 5136/5136/5136 2845/2845/2845
f 2847/2847/2847 5137/5137/5137 2848/2848/2848
f 2850/2850/2850 5138/5138/5138 2851/2851/2851
f 2853/2853/2853 5139/5139/5139 2854/2854/2854
f 5140/5140/5140 5115/5115/5115 5114/5114/5114
f 2858/2858/2858 5141/5141/5141 2859/2859/2859
f 5117/5117/5117 5142/5142/5142 5143/5143/5143
f 2803/2803/2803 5144/5144/5144 5145/5145/5145
f 2866/2866/2866 5146/5146/5146 2867/2867/2867
f 5147/5147/5147 5122/5122/5122 5148/5148/5148
f 2871/2871/2871 5149/5149/5149 2872/2872/2872
f 2874/2874/2874 5150/5150/5150 2875/2875/2875
f 2877/2877/2877 5151/5151/5151 2878/2878/2878
f 2880/2880/2880 5152/5152/5152 2881/2881/2881
f 2883/2883/2883 5153/5153/5153 2884/2884/2884
f 2886/2886/2886 5154/5154/5154 2825/2825/2825
f 2887/2887/2887 5155/5155/5155 2888/2888/2888
f 2890/2890/2890 5156/5156/5156 2891/2891/2891
f 2893/2893/2893 5157/5157/5157 2894/2894/2894
f 5158/5158/5158 5159/5159/5159 5160/5160/5160
f 2899/2899/2899 5161/5161/5161 2900/2900/2900
f 2901/2901/2901 5162/5162/5162 2902/2902/2902
f 2904/2904/2904 5163/5163/5163 2905/2905/2905
f 2907/2907/2907 5164/5164/5164 2908/2908/2908
f 2910/2910/2910 5165/5165/5165 2911/2911/2911
f 2913/2913/2913 5166/5166/5166 2914/2914/2914
f 5167/5167/5167 5168/5168/5168 5140/5140/5140
f 2917/2917/2917 5169/5169/5169 2918/2918/2918
f 5170/5170/5170 5171/5171/5171 5172/5172/5172
f 5144/5144/5144 5173/5173/5173 5174/5174/5174
f 5175/5175/5175 5176/5176/5176 5177/5177/5177
f 5178/5178/5178 5148/5148/5148 5179/5179/5179
f 2930/2930/2930 5180/5180/5180 2931/2931/2931
f 2933/2933/2933 5181/5181/5181 2934/2934/2934
f 2936/2936/2936 5182/5182/5182 2937/2937/2937
f 2939/2939/2939 5183/5183/5183 2940/2940/2940
f 2942/2942/2942 5184/5184/5184 2943/2943/2943
f 2945/2945/2945 5154/5154/5154 2886/2886/2886
f 2947/2947/2947 5185/5185/5185 2948/2948/2948
f 2950/2950/2950 5186/5186/5186 2951/2951/2951
f 2953/2953/2953 5187/5187/5187 2954/2954/2954
f 2956/2956/2956 5188/5188/5188 2957/2957/2957
f 2959/2959/2959 5189/5189/5189 2960/2960/2960
f 2962/2962/2962 5190/5190/5190 2963/2963/2963
f 2965/2965/2965 5191/5191/5191 2966/2966/2966
f 2968/2968/2968 5192/5192/5192 2969/2969/2969
f 2971/2971/2971 5193/5193/5193 2972/2972/2972
f 2974/2974/2974 5194/5194/5194 2975/2975/2975
f 5195/5195/5195 5168/5168/5168 5167/5167/5167
f 5196/5196/5196 5197/5197/5197 5198/5198/5198
f 3043/3043/3043 3045/3045/3045 2921/2921/2921
f 3046/3046/3046 3048/3048/3048 2923/2923/2923
f 5199/5199/5199 5200/5200/5200 5201/5201/5201
f 5179/5179/5179 5202/5202/5202 5203/5203/5203
f 2992/2992/2992 5204/5204/5204 2993/2993/2993
f 2995/2995/2995 5205/5205/5205 2996/2996/2996
f 2998/2998/2998 5206/5206/5206 2999/2999/2999
f 3001/3001/3001 5207/5207/5207 3002/3002/3002
f 3004/3004/3004 5208/5208/5208 3005/3005/3005
f 3007/3007/3007 3070/3070/3070 3008/3008/3008
f 3010/3010/3010 5209/5209/5209 3011/3011/3011
f 3013/3013/3013 5210/5210/5210 3014/3014/3014
f 3016/3016/3016 5211/5211/5211 3017/3017/3017
f 3019/3019/3019 5212/5212/5212 3020/3020/3020
f 2960/2960/2960 5213/5213/5213 3022/3022/3022
f 3023/3023/3023 5214/5214/5214 3024/3024/3024
f 3026/3026/3026 5215/5215/5215 3027/3027/3027
f 3029/3029/3029 5216/5216/5216 3030/3030/3030
f 3032/3032/3032 5217/5217/5217 3033/3033/3033
f 3035/3035/3035 5218/5218/5218 3036/3036/3036
f 5219/5219/5219 5195/5195/5195 5220/5220/5220
f 5221/5221/5221 5222/5222/5222 5223/5223/5223
f 2982/2982/2982 5224/5224/5224 5225/5225/5225
f 2985/2985/2985 3110/3110/3110 3109/3109/3109
f 5226/5226/5226 5227/5227/5227 5228/5228/5228
f 5203/5203/5203 5202/5202/5202 5229/5229/5229
f 3054/3054/3054 5230/5230/5230 3055/3055/3055
f 3057/3057/3057 5231/5231/5231 3058/3058/3058
f 3060/3060/3060 5232/5232/5232 3061/3061/3061
f 3063/3063/3063 5233/5233/5233 3064/3064/3064
f 3066/3066/3066 5234/5234/5234 3067/3067/3067
f 3069/3069/3069 5235/5235/5235 3070/3070/3070
f 3071/3071/3071 5236/5236/5236 3072/3072/3072
f 3074/3074/3074 5237/5237/5237 3075/3075/3075
f 3077/3077/3077 5238/5238/5238 3078/3078/3078
f 3080/3080/3080 5239/5239/5239 3081/3081/3081
f 3083/3083/3083 5240/5240/5240 3084/3084/3084
f 3086/3086/3086 5241/5241/5241 3087/3087/3087
f 3089/3089/3089 5242/5242/5242 3090/3090/3090
f 3092/3092/3092 5243/5243/5243 3093/3093/3093
f 3095/3095/3095 5244/5244/5244 3096/3096/3096
f 3098/3098/3098 5245/5245/5245 3099/3099/3099
f 5246/5246/5246 5247/5247/5247 5219/5219/5219
f 3102/3102/3102 5248/5248/5248 3103/3103/3103
f 5249/5249/5249 5250/5250/5250 5251/5251/5251
f 5252/5252/5252 5253/5253/5253 5254/5254/5254
f 3111/3111/3111 5255/5255/5255 3112/3112/3112
f 5256/5256/5256 5229/5229/5229 5257/5257/5257
f 3116/3116/3116 5258/5258/5258 3117/3117/3117
f 3119/3119/3119 5259/5259/5259 3120/3120/3120
f 3122/3122/3122 5260/5260/5260 3123/3123/3123
f 3125/3125/3125 5261/5261/5261 3126/3126/3126
f 3128/3128/3128 5262/5262/5262 3129/3129/3129
f 5263/5263/5263 5264/5264/5264 5265/5265/5265
f 3133/3133/3133 5266/5266/5266 3134/3134/3134
f 3136/3136/3136 5267/5267/5267 3137/3137/3137
f 3139/3139/3139 5268/5268/5268 3140/3140/3140
f 3142/3142/3142 5269/5269/5269 3143/3143/3143
f 3084/3084/3084 5270/5270/5270 3145/3145/3145
f 3146/3146/3146 5271/5271/5271 3147/3147/3147
f 3149/3149/3149 5272/5272/5272 3150/3150/3150
f 3152/3152/3152 5273/5273/5273 3153/3153/3153
f 3155/3155/3155 5274/5274/5274 3156/3156/3156
f 3158/3158/3158 5275/5275/5275 3159/3159/3159
f 5276/5276/5276 5247/5247/5247 5246/5246/5246
f 3163/3163/3163 5277/5277/5277 3164/3164/3164
f 5278/5278/5278 5279/5279/5279 3106/3106/3106
f 3108/3108/3108 3233/3233/3233 3232/3232/3232
f 3172/3172/3172 5280/5280/5280 3173/3173/3173
f 5257/5257/5257 5281/5281/5281 5282/5282/5282
f 3176/3176/3176 5283/5283/5283 3177/3177/3177
f 3179/3179/3179 5284/5284/5284 3180/3180/3180
f 3182/3182/3182 5285/5285/5285 3183/3183/3183
f 3185/3185/3185 5286/5286/5286 3186/3186/3186
f 3188/3188/3188 5287/5287/5287 3189/3189/3189
f 5288/5288/5288 5289/5289/5289 5263/5263/5263
f 3194/3194/3194 5290/5290/5290 3195/3195/3195
f 3197/3197/3197 5291/5291/5291 3198/3198/3198
f 3200/3200/3200 5292/5292/5292 3201/3201/3201
f 3203/3203/3203 5293/5293/5293 3204/3204/3204
f 3206/3206/3206 5294/5294/5294 3207/3207/3207
f 3209/3209/3209 5295/5295/5295 3210/3210/3210
f 3212/3212/3212 5296/5296/5296 3213/3213/3213
f 3215/3215/3215 5297/5297/5297 3216/3216/3216
f 3218/3218/3218 5298/5298/5298 3219/3219/3219
f 3221/3221/3221 5299/5299/5299 3222/3222/3222
f 5300/5300/5300 5301/5301/5301 5276/5276/5276
f 3225/3225/3225 5302/5302/5302 3226/3226/3226
f 3290/3290/3290 3292/3292/3292 5279/5279/5279
f 5303/5303/5303 5304/5304/5304 5305/5305/5305
f 3234/3234/3234 5306/5306/5306 3235/3235/3235
f 5281/5281/5281 5307/5307/5307 5308/5308/5308
f 3239/3239/3239 5309/5309/5309 3240/3240/3240
f 3242/3242/3242 5310/5310/5310 3243/3243/3243
f 3245/3245/3245 5311/5311/5311 3246/3246/3246
f 3248/3248/3248 5312/5312/5312 3249/3249/3249
f 3251/3251/3251 5313/5313/5313 3252/3252/3252
f 3254/3254/3254 5314/5314/5314 3191/3191/3191
f 3256/3256/3256 5315/5315/5315 3257/3257/3257
f 3259/3259/3259 5316/5316/5316 3260/3260/3260
f 3262/3262/3262 5317/5317/5317 3263/3263/3263
f 3265/3265/3265 5318/5318/5318 3266/3266/3266
f 3208/3208/3208 3207/3207/3207 3268/3268/3268
f 3270/3270/3270 5319/5319/5319 3271/3271/3271
f 5320/5320/5320 5321/5321/5321 5322/5322/5322
f 3276/3276/3276 5323/5323/5323 3277/3277/3277
f 3279/3279/3279 5324/5324/5324 3280/3280/3280
f 3282/3282/3282 5325/5325/5325 3283/3283/3283
f 5326/5326/5326 5327/5327/5327 5301/5301/5301
f 3287/3287/3287 5328/5328/5328 3288/3288/3288
f 5329/5329/5329 5330/5330/5330 5331/5331/5331
f 5332/5332/5332 5333/5333/5333 5304/5304/5304
f 3295/3295/3295 5334/5334/5334 3296/3296/3296
f 5307/5307/5307 5335/5335/5335 5336/5336/5336
f 3300/3300/3300 5337/5337/5337 3301/3301/3301
f 5338/5338/5338 5339/5339/5339 5340/5340/5340
f 3306/3306/3306 5341/5341/5341 3307/3307/3307
f 3309/3309/3309 5342/5342/5342 3310/3310/3310
f 3312/3312/3312 5343/5343/5343 3313/3313/3313
f 3315/3315/3315 5344/5344/5344 3254/3254/3254
f 3316/3316/3316 5345/5345/5345 3317/3317/3317
f 5346/5346/5346 5347/5347/5347 5348/5348/5348
f 3322/3322/3322 5349/5349/5349 3323/3323/3323
f 3325/3325/3325 5350/5350/5350 3326/3326/3326
f 3328/3328/3328 5351/5351/5351 3329/3329/3329
f 3331/3331/3331 5352/5352/5352 3332/3332/3332
f 3334/3334/3334 5353/5353/5353 3335/3335/3335
f 3337/3337/3337 5354/5354/5354 3338/3338/3338
f 5355/5355/5355 5356/5356/5356 5357/5357/5357
f 3343/3343/3343 5358/5358/5358 3344/3344/3344
f 5359/5359/5359 5360/5360/5360 5327/5327/5327
f 3348/3348/3348 5361/5361/5361 3349/3349/3349
f 5330/5330/5330 5362/5362/5362 5363/5363/5363
f 3414/3414/3414 3416/3416/3416 5333/5333/5333
f 5364/5364/5364 5365/5365/5365 5366/5366/5366
f 5336/5336/5336 5335/5335/5335 5367/5367/5367
f 3360/3360/3360 5368/5368/5368 3361/3361/3361
f 3363/3363/3363 5369/5369/5369 3364/3364/3364
f 3366/3366/3366 5370/5370/5370 3367/3367/3367
f 3369/3369/3369 5371/5371/5371 3370/3370/3370
f 3372/3372/3372 5372/5372/5372 3373/3373/3373
f 3375/3375/3375 5373/5373/5373 3376/3376/3376
f 3378/3378/3378 5374/5374/5374 3379/3379/3379
f 3381/3381/3381 5375/5375/5375 3382/3382/3382
f 3384/3384/3384 5376/5376/5376 3385/3385/3385
f 3387/3387/3387 5377/5377/5377 3388/3388/3388
f 3329/3329/3329 5351/5351/5351 3390/3390/3390
f 3392/3392/3392 5378/5378/5378 3393/3393/3393
f 3395/3395/3395 5379/5379/5379 3396/3396/3396
f 3398/3398/3398 5380/5380/5380 3399/3399/3399
f 3401/3401/3401 5381/5381/5381 3402/3402/3402
f 3404/3404/3404 5382/5382/5382 3405/3405/3405
f 5383/5383/5383 5360/5360/5360 5359/5359/5359
f 5384/5384/5384 5385/5385/5385 5386/5386/5386
f 5362/5362/5362 3473/3473/3473 3472/3472/3472
f 3353/3353/3353 3476/3476/3476 3475/3475/3475
f 5387/5387/5387 5388/5388/5388 5389/5389/5389
f 5390/5390/5390 5367/5367/5367 5391/5391/5391
f 3422/3422/3422 5392/5392/5392 3423/3423/3423
f 3425/3425/3425 5393/5393/5393 3426/3426/3426
f 3428/3428/3428 5394/5394/5394 3429/3429/3429
f 3431/3431/3431 5395/5395/5395 3432/3432/3432
f 3434/3434/3434 5396/5396/5396 3435/3435/3435
f 3437/3437/3437 3375/3375/3375 3377/3377/3377
f 3439/3439/3439 5397/5397/5397 3440/3440/3440
f 3442/3442/3442 5398/5398/5398 3443/3443/3443
f 3445/3445/3445 5399/5399/5399 3446/3446/3446
f 3448/3448/3448 5400/5400/5400 3449/3449/3449
f 3390/3390/3390 5401/5401/5401 3451/3451/3451
f 3452/3452/3452 5402/5402/5402 3453/3453/3453
f 3455/3455/3455 5403/5403/5403 3456/3456/3456
f 3458/3458/3458 5404/5404/5404 3459/3459/3459
f 3461/3461/3461 5405/5405/5405 3462/3462/3462
f 3464/3464/3464 5406/5406/5406 3465/3465/3465
f 5407/5407/5407 5408/5408/5408 5383/5383/5383
f 5409/5409/5409 5410/5410/5410 5411/5411/5411
f 3532/3532/3532 3534/3534/3534 3413/3413/3413
f 5412/5412/5412 5413/5413/5413 5414/5414/5414
f 3477/3477/3477 5415/5415/5415 3478/3478/3478
f 5391/5391/5391 5416/5416/5416 5417/5417/5417
f 3481/3481/3481 5418/5418/5418 3482/3482/3482
f 3484/3484/3484 5419/5419/5419 3485/3485/3485
f 3487/3487/3487 5420/5420/5420 3488/3488/3488
f 3490/3490/3490 5421/5421/5421 3491/3491/3491
f 3493/3493/3493 5422/5422/5422 3494/3494/3494
f 3496/3496/3496 5423/5423/5423 3437/3437/3437
f 3497/3497/3497 5424/5424/5424 3498/3498/3498
f 3500/3500/3500 5425/5425/5425 3501/3501/3501
f 3503/3503/3503 5426/5426/5426 3504/3504/3504
f 3506/3506/3506 5427/5427/5427 3507/3507/3507
f 3509/3509/3509 5428/5428/5428 3510/3510/3510
f 3512/3512/3512 5429/5429/5429 3513/3513/3513
f 3515/3515/3515 5430/5430/5430 3516/3516/3516
f 3518/3518/3518 5431/5431/5431 3519/3519/3519
f 3521/3521/3521 5432/5432/5432 3522/3522/3522
f 3524/3524/3524 5433/5433/5433 3525/3525/3525
f 5434/5434/5434 5435/5435/5435 5408/5408/5408
f 3529/3529/3529 5436/5436/5436 3530/3530/3530
f 5437/5437/5437 5438/5438/5438 5439/5439/5439
f 3474/3474/3474 5440/5440/5440 5441/5441/5441
f 5442/5442/5442 5443/5443/5443 5444/5444/5444
f 5417/5417/5417 5416/5416/5416 5445/5445/5445
f 3543/3543/3543 5446/5446/5446 3544/3544/3544
f 3546/3546/3546 5447/5447/5447 3547/3547/3547
f 3549/3549/3549 5448/5448/5448 3550/3550/3550
f 3552/3552/3552 5449/5449/5449 3553/3553/3553
f 3555/3555/3555 5450/5450/5450 3556/3556/3556
f 3558/3558/3558 5451/5451/5451 3559/3559/3559
f 3561/3561/3561 5452/5452/5452 3562/3562/3562
f 3564/3564/3564 5453/5453/5453 3565/3565/3565
f 3567/3567/3567 5454/5454/5454 3568/3568/3568
f 3570/3570/3570 5455/5455/5455 3571/3571/3571
f 3573/3573/3573 5456/5456/5456 3574/3574/3574
f 3576/3576/3576 5457/5457/5457 3577/3577/3577
f 3579/3579/3579 5458/5458/5458 3580/3580/3580
f 3582/3582/3582 5459/5459/5459 3583/3583/3583
f 3585/3585/3585 5460/5460/5460 3586/3586/3586
f 3588/3588/3588 5461/5461/5461 3589/3589/3589
f 5462/5462/5462 5435/5435/5435 5434/5434/5434
f 5463/5463/5463 5464/5464/5464 5465/5465/5465
f 5466/5466/5466 5467/5467/5467 3533/3533/3533
f 5468/5468/5468 5469/5469/5469 3536/3536/3536
f 3602/3602/3602 5470/5470/5470 3603/3603/3603
f 5445/5445/5445 5471/5471/5471 5472/5472/5472
f 3606/3606/3606 5473/5473/5473 3607/3607/3607
f 3609/3609/3609 5474/5474/5474 3610/3610/3610
f 3612/3612/3612 5475/5475/5475 3613/3613/3613
f 3615/3615/3615 5476/5476/5476 3616/3616/3616
f 3618/3618/3618 5477/5477/5477 3619/3619/3619
f 3621/3621/3621 5478/5478/5478 3622/3622/3622
f 3624/3624/3624 5479/5479/5479 3625/3625/3625
f 3627/3627/3627 5480/5480/5480 3628/3628/3628
f 3630/3630/3630 5481/5481/5481 3631/3631/3631
f 3633/3633/3633 5482/5482/5482 3634/3634/3634
f 3636/3636/3636 3698/3698/3698 3637/3637/3637
f 3639/3639/3639 5483/5483/5483 3640/3640/3640
f 3642/3642/3642 5484/5484/5484 3643/3643/3643
f 3645/3645/3645 5485/5485/5485 3646/3646/3646
f 3648/3648/3648 5486/5486/5486 3649/3649/3649
f 3651/3651/3651 5487/5487/5487 3652/3652/3652
f 5488/5488/5488 5489/5489/5489 5462/5462/5462
f 3655/3655/3655 5490/5490/5490 3656/3656/3656
f 3596/3596/3596 5491/5491/5491 5492/5492/5492
f 5493/5493/5493 5494/5494/5494 5495/5495/5495
f 3663/3663/3663 5496/5496/5496 3664/3664/3664
f 5472/5472/5472 5471/5471/5471 5497/5497/5497
f 3668/3668/3668 5498/5498/5498 3669/3669/3669
f 3671/3671/3671 5499/5499/5499 3672/3672/3672
f 3674/3674/3674 5500/5500/5500 3675/3675/3675
f 3677/3677/3677 5501/5501/5501 3678/3678/3678
f 3680/3680/3680 5502/5502/5502 3681/3681/3681
f 3683/3683/3683 5503/5503/5503 3684/3684/3684
f 3686/3686/3686 5504/5504/5504 3687/3687/3687
f 3689/3689/3689 5505/5505/5505 3690/3690/3690
f 3692/3692/3692 5506/5506/5506 3693/3693/3693
f 3695/3695/3695 5507/5507/5507 3696/3696/3696
f 3698/3698/3698 5508/5508/5508 3699/3699/3699
f 3700/3700/3700 5509/5509/5509 3701/3701/3701
f 3703/3703/3703 5510/5510/5510 3704/3704/3704
f 3706/3706/3706 5511/5511/5511 3707/3707/3707
f 3709/3709/3709 5512/5512/5512 3710/3710/3710
f 3712/3712/3712 5513/5513/5513 3713/3713/3713
f 5514/5514/5514 5489/5489/5489 5488/5488/5488
f 3717/3717/3717 5515/5515/5515 3718/3718/3718
f 5516/5516/5516 5517/5517/5517 5518/5518/5518
f 3779/3779/3779 3781/3781/3781 5494/5494/5494
f 3724/3724/3724 5519/5519/5519 3725/3725/3725
f 5497/5497/5497 5520/5520/5520 5521/5521/5521
f 3728/3728/3728 5522/5522/5522 3729/3729/3729
f 3731/3731/3731 5523/5523/5523 3732/3732/3732
f 3734/3734/3734 5524/5524/5524 3735/3735/3735
f 3737/3737/3737 5525/5525/5525 3738/3738/3738
f 3740/3740/3740 5526/5526/5526 3741/3741/3741
f 3743/3743/3743 5527/5527/5527 3683/3683/3683
f 3744/3744/3744 5528/5528/5528 3745/3745/3745
f 3747/3747/3747 5529/5529/5529 3748/3748/3748
f 3750/3750/3750 5530/5530/5530 3751/3751/3751
f 3753/3753/3753 5531/5531/5531 3754/3754/3754
f 3699/3699/3699 5508/5508/5508 3756/3756/3756
f 3758/3758/3758 5532/5532/5532 3759/3759/3759
f 3761/3761/3761 5533/5533/5533 3762/3762/3762
f 3764/3764/3764 5534/5534/5534 3765/3765/3765
f 3767/3767/3767 5535/5535/5535 3768/3768/3768
f 3770/3770/3770 5536/5536/5536 3771/3771/3771
f 5537/5537/5537 5538/5538/5538 5514/5514/5514
f 3774/3774/3774 5539/5539/5539 3775/3775/3775
f 5517/5517/5517 5540/5540/5540 5541/5541/5541
f 3722/3722/3722 3844/3844/3844 3843/3843/3843
f 3782/3782/3782 5542/5542/5542 3783/3783/3783
f 5521/5521/5521 5520/5520/5520 5543/5543/5543
f 3787/3787/3787 5544/5544/5544 3788/3788/3788
f 3790/3790/3790 5545/5545/5545 3791/3791/3791
f 3793/3793/3793 5546/5546/5546 3794/3794/3794
f 3796/3796/3796 5547/5547/5547 3797/3797/3797
f 3799/3799/3799 5548/5548/5548 3800/3800/3800
f 3802/3802/3802 5527/5527/5527 3743/3743/3743
f 3804/3804/3804 5549/5549/5549 3805/3805/3805
f 3807/3807/3807 5550/5550/5550 3808/3808/3808
f 3810/3810/3810 5551/5551/5551 3811/3811/3811
f 3813/3813/3813 5552/5552/5552 3814/3814/3814
f 3816/3816/3816 5553/5553/5553 3817/3817/3817
f 3819/3819/3819 5554/5554/5554 3820/3820/3820
f 3822/3822/3822 5555/5555/5555 3823/3823/3823
f 3825/3825/3825 5556/5556/5556 3826/3826/3826
f 3828/3828/3828 5557/5557/5557 3829/3829/3829
f 3831/3831/3831 5558/5558/5558 3832/3832/3832
f 5559/5559/5559 5538/5538/5538 5537/5537/5537
f 3836/3836/3836 5560/5560/5560 3837/3837/3837
f 3899/3899/3899 3901/3901/3901 3778/3778/3778
f 5561/5561/5561 3902/3902/3902 3780/3780/3780
f 5562/5562/5562 5563/5563/5563 5564/5564/5564
f 5543/5543/5543 5565/5565/5565 5566/5566/5566
f 3849/3849/3849 5567/5567/5567 3850/3850/3850
f 3852/3852/3852 5568/5568/5568 3853/3853/3853
f 3855/3855/3855 5569/5569/5569 3856/3856/3856
f 3858/3858/3858 5570/5570/5570 3859/3859/3859
f 3861/3861/3861 5571/5571/5571 3862/3862/3862
f 3864/3864/3864 5572/5572/5572 3865/3865/3865
f 3867/3867/3867 5573/5573/5573 3868/3868/3868
f 3870/3870/3870 5574/5574/5574 3871/3871/3871
f 3873/3873/3873 5575/5575/5575 3874/3874/3874
f 3876/3876/3876 5576/5576/5576 3877/3877/3877
f 3817/3817/3817 5577/5577/5577 3879/3879/3879
f 3880/3880/3880 5578/5578/5578 3881/3881/3881
f 3883/3883/3883 5579/5579/5579 3884/3884/3884
f 3886/3886/3886 5580/5580/5580 3887/3887/3887
f 3889/3889/3889 5581/5581/5581 3890/3890/3890
f 3892/3892/3892 5582/5582/5582 3893/3893/3893
f 5583/5583/5583 5584/5584/5584 5559/5559/5559
f 5585/5585/5585 5586/5586/5586 5587/5587/5587
f 5588/5588/5588 5589/5589/5589 5590/5590/5590
f 5591/5591/5591 3842/3842/3842 3965/3965/3965
f 3905/3905/3905 5592/5592/5592 3906/3906/3906
f 5565/5565/5565 5593/5593/5593 5594/5594/5594
f 3910/3910/3910 5595/5595/5595 3911/3911/3911
f 3913/3913/3913 5596/5596/5596 3914/3914/3914
f 3916/3916/3916 5597/5597/5597 3917/3917/3917
f 3919/3919/3919 5598/5598/5598 3920/3920/3920
f 3922/3922/3922 5599/5599/5599 3923/3923/3923
f 3925/3925/3925 5600/5600/5600 3864/3864/3864
f 3926/3926/3926 5601/5601/5601 3927/3927/3927
f 3929/3929/3929 5602/5602/5602 3930/3930/3930
f 3932/3932/3932 5603/5603/5603 3933/3933/3933
f 3935/3935/3935 5604/5604/5604 3936/3936/3936
f 3938/3938/3938 5605/5605/5605 3939/3939/3939
f 3941/3941/3941 5606/5606/5606 3942/3942/3942
f 3944/3944/3944 5607/5607/5607 3945/3945/3945
f 3947/3947/3947 5608/5608/5608 3948/3948/3948
f 3950/3950/3950 5609/5609/5609 3951/3951/3951
f 3953/3953/3953 5610/5610/5610 3954/3954/3954
f 5611/5611/5611 5612/5612/5612 5584/5584/5584
f 3958/3958/3958 5613/5613/5613 3959/3959/3959
f 5589/5589/5589 5614/5614/5614 5615/5615/5615
f 4016/4016/4016 4018/4018/4018 3904/3904/3904
f 5616/5616/5616 5617/5617/5617 5618/5618/5618
f 5594/5594/5594 5593/5593/5593 5619/5619/5619
f 3971/3971/3971 5620/5620/5620 3972/3972/3972
f 3974/3974/3974 5621/5621/5621 3975/3975/3975
f 3977/3977/3977 5622/5622/5622 3978/3978/3978
f 3980/3980/3980 5623/5623/5623 3981/3981/3981
f 3983/3983/3983 5624/5624/5624 3984/3984/3984
f 3986/3986/3986 5625/5625/5625 3987/3987/3987
f 3989/3989/3989 5626/5626/5626 3990/3990/3990
f 3992/3992/3992 5627/5627/5627 3993/3993/3993
f 3995/3995/3995 5628/5628/5628 3996/3996/3996
f 3940/3940/3940 3939/3939/3939 3998/3998/3998
f 4000/4000/4000 5629/5629/5629 4001/4001/4001
f 4003/4003/4003 5630/5630/5630 4004/4004/4004
f 4006/4006/4006 5631/5631/5631 4007/4007/4007
f 5632/5632/5632 5612/5612/5612 5611/5611/5611
f 5633/5633/5633 5634/5634/5634 5635/5635/5635
f 5614/5614/5614 4055/4055/4055 4054/4054/4054
f 3963/3963/3963 5636/5636/5636 5637/5637/5637
f 4019/4019/4019 5638/5638/5638 4020/4020/4020
f 5619/5619/5619 5639/5639/5639 5640/5640/5640
f 4023/4023/4023 5641/5641/5641 4024/4024/4024
f 4026/4026/4026 5642/5642/5642 4027/4027/4027
f 4029/4029/4029 5643/5643/5643 4030/4030/4030
f 4032/4032/4032 3983/3983/3983 3985/3985/3985
f 4034/4034/4034 5644/5644/5644 4035/4035/4035
f 4037/4037/4037 5645/5645/5645 4038/4038/4038
f 4040/4040/4040 5646/5646/5646 4041/4041/4041
f 4043/4043/4043 5647/5647/5647 4044/4044/4044
f 4046/4046/4046 5648/5648/5648 4047/4047/4047
f 5649/5649/5649 5650/5650/5650 5632/5632/5632
f 4050/4050/4050 5651/5651/5651 4051/4051/4051
f 5652/5652/5652 5653/5653/5653 4015/4015/4015
f 5636/5636/5636 5654/5654/5654 5655/5655/5655
f 4058/4058/4058 5656/5656/5656 4059/4059/4059
f 5640/5640/5640 5639/5639/5639 5657/5657/5657
f 4063/4063/4063 5658/5658/5658 4064/4064/4064
f 4066/4066/4066 5659/5659/5659 4067/4067/4067
f 4044/4044/4044 5647/5647/5647 4069/4069/4069
f 4071/4071/4071 5660/5660/5660 4072/4072/4072
f 4074/4074/4074 5661/5661/5661 4075/4075/4075
f 5657/5657/5657 5650/5650/5650 5649/5649/5649
f 4077/4077/4077 5662/5662/5662 4078/4078/4078
f 5663/5663/5663 5664/5664/5664 5653/5653/5653
f 5654/5654/5654 5665/5665/5665 5666/5666/5666
f 5667/5667/5667 5668/5668/5668 5669/5669/5669
f 4087/4087/4087 5670/5670/5670 4088/4088/4088
f 4090/4090/4090 5671/5671/5671 4091/4091/4091
f 4093/4093/4093 5672/5672/5672 4094/4094/4094
f 5673/5673/5673 5674/5674/5674 5675/5675/5675
f 5676/5676/5676 5677/5677/5677 5664/5664/5664
f 5665/5665/5665 5678/5678/5678 5679/5679/5679
f 4103/4103/4103 5680/5680/5680 4104/4104/4104
f 5679/5679/5679 5678/5678/5678 5677/5677/5677
f 4107/4107/4107 5681/5681/5681 4108/4108/4108
f 5682/5682/5682 5683/5683/5683 5684/5684/5684
f 5685/5685/5685 5686/5686/5686 4112/4112/4112
f 5687/5687/5687 5688/5688/5688 4112/4112/4112
f 5689/5689/5689 5690/5690/5690 4112/4112/4112
f 5691/5691/5691 5692/5692/5692 5693/5693/5693
f 4111/4111/4111 5694/5694/5694 4112/4112/4112
f 5695/5695/5695 5696/5696/5696 4112/4112/4112
f 5697/5697/5697 5698/5698/5698 5682/5682/5682
f 5699/5699/5699 5683/5683/5683 5682/5682/5682
f 5684/5684/5684 5700/5700/5700 5682/5682/5682
f 5701/5701/5701 5702/5702/5702 5682/5682/5682
f 5703/5703/5703 5704/5704/5704 5705/5705/5705
f 5706/5706/5706 5682/5682/5682 5707/5707/5707
f 5708/5708/5708 5709/5709/5709 5693/5693/5693
f 5690/5690/5690 5710/5710/5710 4112/4112/4112
f 5694/5694/5694 5695/5695/5695 4112/4112/4112
f 5698/5698/5698 5699/5699/5699 5682/5682/5682
f 5711/5711/5711 5712/5712/5712 5705/5705/5705
f 5713/5713/5713 5682/5682/5682 5702/5702/5702
f 5688/5688/5688 5689/5689/5689 4112/4112/4112
f 5696/5696/5696 5682/5682/5682 4112/4112/4112
f 5682/5682/5682 5696/5696/5696 5697/5697/5697
f 4115/4115/4115 5714/5714/5714 4113/4113/4113
f 5715/5715/5715 5716/5716/5716 5714/5714/5714
f 5717/5717/5717 5718/5718/5718 5719/5719/5719
f 5720/5720/5720 4113/4113/4113 5721/5721/5721
f 4114/4114/4114 5722/5722/5722 5723/5723/5723
f 5724/5724/5724 5725/5725/5725 5726/5726/5726
f 5727/5727/5727 5728/5728/5728 5726/5726/5726
f 5714/5714/5714 5716/5716/5716 5729/5729/5729
f 5721/5721/5721 4113/4113/4113 5714/5714/5714
f 4114/4114/4114 5723/5723/5723 4115/4115/4115
f 5730/5730/5730 4115/4115/4115 5731/5731/5731
f 5732/5732/5732 5733/5733/5733 5734/5734/5734
f 5735/5735/5735 5736/5736/5736 5737/5737/5737
f 5737/5737/5737 5738/5738/5738 5733/5733/5733
f 5739/5739/5739 5740/5740/5740 5733/5733/5733
f 5741/5741/5741 5742/5742/5742 5733/5733/5733
f 5734/5734/5734 5743/5743/5743 5744/5744/5744
f 5742/5742/5742 5745/5745/5745 5733/5733/5733
f 5738/5738/5738 5739/5739/5739 5733/5733/5733
f 5733/5733/5733 5735/5735/5735 5737/5737/5737
f 5746/5746/5746 5747/5747/5747 5748/5748/5748
f 5749/5749/5749 5748/5748/5748 5732/5732/5732
f 5750/5750/5750 5751/5751/5751 5732/5732/5732
f 5752/5752/5752 5753/5753/5753 5732/5732/5732
f 5754/5754/5754 5755/5755/5755 5732/5732/5732
f 5756/5756/5756 5757/5757/5757 5754/5754/5754
f 5758/5758/5758 5759/5759/5759 5760/5760/5760
f 5761/5761/5761 5762/5762/5762 5763/5763/5763
f 5760/5760/5760 5759/5759/5759 5754/5754/5754
f 5755/5755/5755 5752/5752/5752 5732/5732/5732
f 5759/5759/5759 5756/5756/5756 5754/5754/5754
f 5764/5764/5764 5765/5765/5765 5766/5766/5766
f 5767/5767/5767 5760/5760/5760 5754/5754/5754
f 5753/5753/5753 5750/5750/5750 5732/5732/5732
f 5748/5748/5748 5747/5747/5747 5732/5732/5732
f 5733/5733/5733 5740/5740/5740 5741/5741/5741
f 5734/5734/5734 5744/5744/5744 5768/5768/5768
f 5733/5733/5733 5745/5745/5745 5734/5734/5734
f 5751/5751/5751 5749/5749/5749 5732/5732/5732
f 5769/5769/5769 5767/5767/5767 5754/5754/5754
f 5770/5770/5770 5771/5771/5771 5754/5754/5754
f 5772/5772/5772 5773/5773/5773 5774/5774/5774
f 5775/5775/5775 5776/5776/5776 5777/5777/5777
f 5778/5778/5778 5779/5779/5779 5780/5780/5780
f 5781/5781/5781 5782/5782/5782 5783/5783/5783
f 5784/5784/5784 5785/5785/5785 5754/5754/5754
f 5786/5786/5786 5787/5787/5787 5788/5788/5788
f 5785/5785/5785 5789/5789/5789 5754/5754/5754
f 5790/5790/5790 5791/5791/5791 5783/5783/5783
f 5789/5789/5789 5770/5770/5770 5754/5754/5754
f 5792/5792/5792 5793/5793/5793 5794/5794/5794
f 5771/5771/5771 5769/5769/5769 5754/5754/5754
f 5795/5795/5795 5796/5796/5796 5783/5783/5783
f 5784/5784/5784 5754/5754/5754 5734/5734/5734
f 5797/5797/5797 5798/5798/5798 5799/5799/5799
f 5754/5754/5754 5732/5732/5732 5734/5734/5734
f 5800/5800/5800 5801/5801/5801 5783/5783/5783
f 5784/5784/5784 5734/5734/5734 5802/5802/5802
f 5803/5803/5803 5804/5804/5804 5805/5805/5805
f 5734/5734/5734 5768/5768/5768 5806/5806/5806
f 5807/5807/5807 5808/5808/5808 5809/5809/5809
f 5768/5768/5768 5810/5810/5810 5806/5806/5806
f 5802/5802/5802 5811/5811/5811 5783/5783/5783
f 5734/5734/5734 5806/5806/5806 5802/5802/5802

o part_002
usemtl material_0
v 0.02272980 -0.04338688 -0.05218485
v 0.02202586 -0.04229504 0.05218374
v 0.02272984 -0.04338684 0.05218374
v 0.02202585 -0.04229506 -0.05218485
v 0.02121819 -0.04127734 0.05218374
v 0.02202586 -0.04229504 0.05218374
v 0.02121817 -0.04127736 -0.05218485
v 0.02031472 -0.04034387 0.05218374
v 0.02121819 -0.04127734 0.05218374
v 0.02031472 -0.04034387 0.05218374
v 0.01932408 -0.03950327 -0.05218485
v 0.01932406 -0.03950326 0.05218374
v 0.01932408 -0.03950327 -0.05218485
v 0.01825583 -0.03876397 0.05218374
v 0.01932406 -0.03950326 0.05218374
v 0.01825582 -0.03876399 -0.05218485
v 0.01712028 -0.03813290 0.05218374
v 0.01825583 -0.03876397 0.05218374
v 0.01712027 -0.03813292 -0.05218485
v 0.01592830 -0.03761612 0.05218374
v 0.01712028 -0.03813290 0.05218374
v 0.01592826 -0.03761616 -0.05218485
v 0.01469145 -0.03721871 0.05218374
v 0.01592830 -0.03761612 0.05218374
v 0.01469144 -0.03721873 -0.05218485
v 0.01342160 -0.03694453 0.05218374
v 0.01469145 -0.03721871 0.05218374
v 0.01342158 -0.03694455 -0.05218485
v 0.01213093 -0.03679603 0.05218374
v 0.01342160 -0.03694453 0.05218374
v 0.01213093 -0.03679603 0.05218374
v 0.01083200 -0.03677479 -0.05218485
v 0.01083201 -0.03677477 0.05218374
v 0.01083201 -0.03677477 0.05218374
v 0.00953720 -0.03688098 -0.05218485
v 0.00953718 -0.03688098 0.05218374
v 0.00953718 -0.03688098 0.05218374
v 0.00825906 -0.03711354 -0.05218485
v 0.00825901 -0.03711348 0.05218374
v 0.00825901 -0.03711348 0.05218374
v 0.00700982 -0.03747022 -0.05218485
v 0.00700984 -0.03747020 0.05218374
v 0.00700984 -0.03747020 0.05218374
v 0.00580162 -0.03794767 -0.05218485
v 0.00580160 -0.03794766 0.05218374
v 0.00580160 -0.03794766 0.05218374
v 0.00464597 -0.03854126 -0.05218485
v 0.00464598 -0.03854123 0.05218374
v 0.00464597 -0.03854126 -0.05218485
v 0.00355413 -0.03924525 0.05218374
v 0.00464598 -0.03854123 0.05218374
v 0.00355411 -0.03924527 -0.05218485
v 0.00253655 -0.04005293 0.05218374
v 0.00355413 -0.03924525 0.05218374
v 0.00253654 -0.04005295 -0.05218485
v 0.00160297 -0.04095642 0.05218374
v 0.00253655 -0.04005293 0.05218374
v 0.00160296 -0.04095644 -0.05218485
v 0.00076247 -0.04194691 0.05218374
v 0.00160297 -0.04095642 0.05218374
v 0.00076246 -0.04194700 -0.05218485
v 0.00002313 -0.04301520 0.05218374
v 0.00076247 -0.04194691 0.05218374
v 0.00002312 -0.04301522 -0.05218485
v -0.00060791 -0.04415081 0.05218374
v 0.00002313 -0.04301520 0.05218374
v -0.00060795 -0.04415084 -0.05218485
v -0.00112467 -0.04534282 0.05218374
v -0.00060791 -0.04415081 0.05218374
v -0.00112465 -0.04534282 -0.05218485
v -0.00152206 -0.04657958 0.05218374
v -0.00112467 -0.04534282 0.05218374
v -0.00152207 -0.04657960 -0.05218485
v -0.00179631 -0.04784958 0.05218374
v -0.00152206 -0.04657958 0.05218374
v -0.00179632 -0.04784960 -0.05218485
v -0.00194482 -0.04914014 0.05218374
v -0.00179631 -0.04784958 0.05218374
v -0.00194484 -0.04914016 -0.05218485
v -0.00196611 -0.05043903 0.05218374
v -0.00194482 -0.04914014 0.05218374
v -0.00196602 -0.05043916 -0.05218485
v -0.00185994 -0.05173385 0.05218374
v -0.00196611 -0.05043903 0.05218374
v -0.00185995 -0.05173387 -0.05218484
v -0.00162735 -0.05301205 0.05218374
v -0.00185994 -0.05173385 0.05218374
v -0.00162736 -0.05301207 -0.05218484
v -0.00127061 -0.05426125 0.05218374
v -0.00162735 -0.05301205 0.05218374
v -0.00127059 -0.05426133 -0.05218484
v -0.00079319 -0.05546947 0.05218374
v -0.00127061 -0.05426125 0.05218374
v -0.00079321 -0.05546949 -0.05218484
v -0.00019957 -0.05662506 0.05218374
v -0.00079319 -0.05546947 0.05218374
v -0.00019954 -0.05662514 -0.05218484
v 0.00050445 -0.05771691 0.05218374
v -0.00019957 -0.05662506 0.05218374
v 0.00050443 -0.05771694 -0.05218484
v 0.00131209 -0.05873456 0.05218374
v 0.00050445 -0.05771691 0.05218374
v 0.00131208 -0.05873458 -0.05218484
v 0.00221553 -0.05966812 0.05218374
v 0.00131209 -0.05873456 0.05218374
v 0.00221552 -0.05966814 -0.05218484
v 0.00320618 -0.06050857 0.05218374
v 0.00221553 -0.05966812 0.05218374
v 0.00320617 -0.06050859 -0.05218484
v 0.00427442 -0.06124794 0.05218374
v 0.00320618 -0.06050857 0.05218374
v 0.00427441 -0.06124796 -0.05218484
v 0.00541000 -0.06187899 0.05218374
v 0.00427442 -0.06124794 0.05218374
v 0.00541001 -0.06187900 -0.05218484
v 0.00660194 -0.06239572 0.05218374
v 0.00541000 -0.06187899 0.05218374
v 0.00660194 -0.06239581 -0.05218484
v 0.00783880 -0.06279313 0.05218374
v 0.00660194 -0.06239572 0.05218374
v 0.00783882 -0.06279314 -0.05218484
v 0.00910869 -0.06306744 0.05218374
v 0.00783880 -0.06279313 0.05218374
v 0.00910867 -0.06306746 -0.05218484
v 0.01039925 -0.06321584 0.05218374
v 0.00910869 -0.06306744 0.05218374
v 0.01039934 -0.06321596 -0.05218484
v 0.01169827 -0.06323713 0.05218374
v 0.01039925 -0.06321584 0.05218374
v 0.01169826 -0.06323715 -0.05218484
v 0.01299310 -0.06313099 0.05218374
v 0.01169827 -0.06323713 0.05218374
v 0.01299309 -0.06313102 -0.05218484
v 0.01427121 -0.06289845 0.05218374
v 0.01299310 -0.06313099 0.05218374
v 0.01427119 -0.06289847 -0.05218484
v 0.01552054 -0.06254180 0.05218374
v 0.01427121 -0.06289845 0.05218374
v 0.01552053 -0.06254182 -0.05218484
v 0.01672871 -0.06206429 0.05218374
v 0.01552054 -0.06254180 0.05218374
v 0.01672870 -0.06206431 -0.05218484
v 0.01788433 -0.06147080 0.05218374
v 0.01672871 -0.06206429 0.05218374
v 0.01788433 -0.06147080 0.05218374
v 0.01897602 -0.06076667 -0.05218485
v 0.01897606 -0.06076663 0.05218374
v 0.01897606 -0.06076663 0.05218374
v 0.01999363 -0.05995904 -0.05218485
v 0.01999364 -0.05995902 0.05218374
v 0.01999364 -0.05995902 0.05218374
v 0.02092718 -0.05905563 -0.05218485
v 0.02092722 -0.05905559 0.05218374
v 0.02092722 -0.05905559 0.05218374
v 0.02176771 -0.05806499 -0.05218485
v 0.02176772 -0.05806497 0.05218374
v 0.02176772 -0.05806497 0.05218374
v 0.02250711 -0.05699681 -0.05218485
v 0.02250712 -0.05699672 0.05218374
v 0.02250711 -0.05699681 -0.05218485
v 0.02313804 -0.05586110 0.05218374
v 0.02250712 -0.05699672 0.05218374
v 0.02313821 -0.05586117 -0.05218485
v 0.02365480 -0.05466916 0.05218374
v 0.02313804 -0.05586110 0.05218374
v 0.02365479 -0.05466918 -0.05218485
v 0.02405225 -0.05343229 0.05218374
v 0.02365480 -0.05466916 0.05218374
v 0.02405224 -0.05343232 -0.05218485
v 0.02432663 -0.05216252 0.05218374
v 0.02405225 -0.05343229 0.05218374
v 0.02432662 -0.05216254 -0.05218485
v 0.02447496 -0.05087184 0.05218374
v 0.02432663 -0.05216252 0.05218374
v 0.02447496 -0.05087184 0.05218374
v 0.02449638 -0.04957296 -0.05218485
v 0.02449623 -0.04957279 0.05218374
v 0.02449623 -0.04957279 0.05218374
v 0.02439018 -0.04827816 -0.05218485
v 0.02439019 -0.04827813 0.05218374
v 0.02439018 -0.04827816 -0.05218485
v 0.02415760 -0.04699994 0.05218374
v 0.02439019 -0.04827813 0.05218374
v 0.02415759 -0.04699996 -0.05218485
v 0.02380096 -0.04575076 0.05218374
v 0.02415760 -0.04699994 0.05218374
v -0.00196602 -0.05043916 -0.05218485
v 0.02365479 -0.05466918 -0.05218485
v 0.00541001 -0.06187900 -0.05218484
v 0.02380094 -0.04575078 -0.05218485
v 0.02332332 -0.04454243 0.05218374
v 0.02380096 -0.04575076 0.05218374
v 0.02332331 -0.04454245 -0.05218485
v 0.02272984 -0.04338684 0.05218374
v 0.02332332 -0.04454243 0.05218374
v 0.02313804 -0.05586110 0.05218374
v -0.00179631 -0.04784958 0.05218374
v 0.00050445 -0.05771691 0.05218374
v 0.02202585 -0.04229506 -0.05218485
v 0.02121817 -0.04127736 -0.05218485
v 0.02031474 -0.04034387 -0.05218485
v 0.02031474 -0.04034387 -0.05218485
v 0.01825582 -0.03876399 -0.05218485
v 0.01712027 -0.03813292 -0.05218485
v 0.01592826 -0.03761616 -0.05218485
v 0.01469144 -0.03721873 -0.05218485
v 0.01342158 -0.03694455 -0.05218485
v 0.01213095 -0.03679604 -0.05218485
v 0.01213095 -0.03679604 -0.05218485
v 0.01083200 -0.03677479 -0.05218485
v 0.00953720 -0.03688098 -0.05218485
v 0.00825906 -0.03711354 -0.05218485
v 0.00700982 -0.03747022 -0.05218485
v 0.00580162 -0.03794767 -0.05218485
v 0.00355411 -0.03924527 -0.05218485
v 0.00253654 -0.04005295 -0.05218485
v 0.00160296 -0.04095644 -0.05218485
v 0.00076246 -0.04194700 -0.05218485
v 0.00002312 -0.04301522 -0.05218485
v -0.00060795 -0.04415084 -0.05218485
v -0.00112465 -0.04534282 -0.05218485
v -0.00152207 -0.04657960 -0.05218485
v -0.00179632 -0.04784960 -0.05218485
v -0.00194484 -0.04914016 -0.05218485
v -0.00196602 -0.05043916 -0.05218485
v -0.00185995 -0.05173387 -0.05218484
v -0.00162736 -0.05301207 -0.05218484
v -0.00127059 -0.05426133 -0.05218484
v -0.00079321 -0.05546949 -0.05218484
v -0.00019954 -0.05662514 -0.05218484
v 0.00050443 -0.05771694 -0.05218484
v 0.00131208 -0.05873458 -0.05218484
v 0.00221552 -0.05966814 -0.05218484
v 0.00320617 -0.06050859 -0.05218484
v 0.00427441 -0.06124796 -0.05218484
v 0.00541001 -0.06187900 -0.05218484
v 0.00660194 -0.06239581 -0.05218484
v 0.00783882 -0.06279314 -0.05218484
v 0.00910867 -0.06306746 -0.05218484
v 0.01039934 -0.06321596 -0.05218484
v 0.01169826 -0.06323715 -0.05218484
v 0.01299309 -0.06313102 -0.05218484
v 0.01427119 -0.06289847 -0.05218484
v 0.01552053 -0.06254182 -0.05218484
v 0.01672870 -0.06206431 -0.05218484
v 0.01788432 -0.06147082 -0.05218485
v 0.01788432 -0.06147082 -0.05218485
v 0.01897602 -0.06076667 -0.05218485
v 0.01999363 -0.05995904 -0.05218485
v 0.02092718 -0.05905563 -0.05218485
v 0.02176771 -0.05806499 -0.05218485
v 0.02313821 -0.05586117 -0.05218485
v 0.02365479 -0.05466918 -0.05218485
v 0.02405224 -0.05343232 -0.05218485
v 0.02432662 -0.05216254 -0.05218485
v 0.02447513 -0.05087191 -0.05218485
v 0.02447513 -0.05087191 -0.05218485
v 0.02449638 -0.04957296 -0.05218485
v 0.02415759 -0.04699996 -0.05218485
v 0.02380094 -0.04575078 -0.05218485
v 0.02121817 -0.04127736 -0.05218485
v 0.02202585 -0.04229506 -0.05218485
v 0.02031474 -0.04034387 -0.05218485
v 0.02272980 -0.04338688 -0.05218485
v 0.02332331 -0.04454245 -0.05218485
v 0.02380094 -0.04575078 -0.05218485
v 0.02415759 -0.04699996 -0.05218485
v 0.02439018 -0.04827816 -0.05218485
v 0.02449638 -0.04957296 -0.05218485
v 0.02405224 -0.05343232 -0.05218485
v 0.02447513 -0.05087191 -0.05218485
v 0.02432662 -0.05216254 -0.05218485
v 0.02313821 -0.05586117 -0.05218485
v 0.02250711 -0.05699681 -0.05218485
v 0.02176771 -0.05806499 -0.05218485
v 0.02092718 -0.05905563 -0.05218485
v 0.01999363 -0.05995904 -0.05218485
v 0.01897602 -0.06076667 -0.05218485
v 0.00783882 -0.06279314 -0.05218484
v 0.01788432 -0.06147082 -0.05218485
v 0.01672870 -0.06206431 -0.05218484
v 0.01552053 -0.06254182 -0.05218484
v 0.01427119 -0.06289847 -0.05218484
v 0.01299309 -0.06313102 -0.05218484
v 0.01169826 -0.06323715 -0.05218484
v 0.01039934 -0.06321596 -0.05218484
v 0.00910867 -0.06306746 -0.05218484
v 0.00660194 -0.06239581 -0.05218484
v 0.00427441 -0.06124796 -0.05218484
v 0.00320617 -0.06050859 -0.05218484
v 0.00221552 -0.05966814 -0.05218484
v 0.00131208 -0.05873458 -0.05218484
v 0.00050443 -0.05771694 -0.05218484
v -0.00019954 -0.05662514 -0.05218484
v -0.00079321 -0.05546949 -0.05218484
v -0.00127059 -0.05426133 -0.05218484
v -0.00162736 -0.05301207 -0.05218484
v -0.00185995 -0.05173387 -0.05218484
v -0.00194484 -0.04914016 -0.05218485
v -0.00179632 -0.04784960 -0.05218485
v -0.00152207 -0.04657960 -0.05218485
v -0.00112465 -0.04534282 -0.05218485
v -0.00060795 -0.04415084 -0.05218485
v 0.00002312 -0.04301522 -0.05218485
v 0.00076246 -0.04194700 -0.05218485
v 0.00160296 -0.04095644 -0.05218485
v 0.00253654 -0.04005295 -0.05218485
v 0.00355411 -0.03924527 -0.05218485
v 0.00464597 -0.03854126 -0.05218485
v 0.00580162 -0.03794767 -0.05218485
v 0.00700982 -0.03747022 -0.05218485
v 0.00825906 -0.03711354 -0.05218485
v 0.00953720 -0.03688098 -0.05218485
v 0.01083200 -0.03677479 -0.05218485
v 0.01342158 -0.03694455 -0.05218485
v 0.01213095 -0.03679604 -0.05218485
v 0.01469144 -0.03721873 -0.05218485
v 0.01592826 -0.03761616 -0.05218485
v 0.01712027 -0.03813292 -0.05218485
v 0.01825582 -0.03876399 -0.05218485
v 0.01932408 -0.03950327 -0.05218485
v 0.02332331 -0.04454245 -0.05218485
v 0.02272980 -0.04338688 -0.05218485
v 0.02332332 -0.04454243 0.05218374
v 0.02272984 -0.04338684 0.05218374
v 0.02202586 -0.04229504 0.05218374
v 0.02121819 -0.04127734 0.05218374
v 0.02031472 -0.04034387 0.05218374
v 0.01932406 -0.03950326 0.05218374
v 0.01825583 -0.03876397 0.05218374
v 0.01712028 -0.03813290 0.05218374
v 0.01342160 -0.03694453 0.05218374
v 0.01592830 -0.03761612 0.05218374
v 0.01469145 -0.03721871 0.05218374
v 0.01213093 -0.03679603 0.05218374
v 0.00953718 -0.03688098 0.05218374
v 0.01083201 -0.03677477 0.05218374
v 0.00825901 -0.03711348 0.05218374
v 0.00700984 -0.03747020 0.05218374
v 0.00580160 -0.03794766 0.05218374
v 0.00464598 -0.03854123 0.05218374
v 0.00355413 -0.03924525 0.05218374
v 0.00253655 -0.04005293 0.05218374
v 0.00160297 -0.04095642 0.05218374
v 0.00076247 -0.04194691 0.05218374
v 0.00002313 -0.04301520 0.05218374
v -0.00060791 -0.04415081 0.05218374
v -0.00112467 -0.04534282 0.05218374
v -0.00152206 -0.04657958 0.05218374
v -0.00194482 -0.04914014 0.05218374
v -0.00196611 -0.05043903 0.05218374
v -0.00185994 -0.05173385 0.05218374
v -0.00162735 -0.05301205 0.05218374
v -0.00127061 -0.05426125 0.05218374
v -0.00079319 -0.05546947 0.05218374
v -0.00019957 -0.05662506 0.05218374
v 0.00131209 -0.05873456 0.05218374
v 0.00320618 -0.06050857 0.05218374
v 0.00221553 -0.05966812 0.05218374
v 0.00427442 -0.06124794 0.05218374
v 0.00541000 -0.06187899 0.05218374
v 0.00660194 -0.06239572 0.05218374
v 0.00783880 -0.06279313 0.05218374
v 0.01039925 -0.06321584 0.05218374
v 0.00910869 -0.06306744 0.05218374
v 0.01169827 -0.06323713 0.05218374
v 0.01299310 -0.06313099 0.05218374
v 0.01427121 -0.06289845 0.05218374
v 0.01552054 -0.06254180 0.05218374
v 0.01672871 -0.06206429 0.05218374
v 0.01788433 -0.06147080 0.05218374
v 0.01897606 -0.06076663 0.05218374
v 0.02092722 -0.05905559 0.05218374
v 0.02176772 -0.05806497 0.05218374
v 0.01999364 -0.05995902 0.05218374
v 0.02250712 -0.05699672 0.05218374
v 0.02365480 -0.05466916 0.05218374
v 0.02405225 -0.05343229 0.05218374
v 0.02447496 -0.05087184 0.05218374
v 0.02432663 -0.05216252 0.05218374
v 0.02449623 -0.04957279 0.05218374
v 0.02439019 -0.04827813 0.05218374
v 0.02415760 -0.04699994 0.05218374
v 0.02380096 -0.04575076 0.05218374
vn 0.84045319 0.54188415 -0.00000021
vn 0.84043982 0.54190489 -0.00000052
vn 0.84043971 0.54190506 -0.00000052
vn 0.78329596 0.62164897 -0.00000022
vn 0.78329596 0.62164897 -0.00000022
vn 0.78329596 0.62164897 -0.00000022
vn 0.71857821 0.69544616 0.00000007
vn 0.71856154 0.69546338 -0.00000023
vn 0.71856141 0.69546352 -0.00000023
vn 0.64699656 0.76249292 0.00000006
vn 0.64699656 0.76249292 0.00000006
vn 0.64699656 0.76249292 0.00000006
vn 0.56906081 0.82229545 -0.00000024
vn 0.56907917 0.82228274 0.00000004
vn 0.56907932 0.82228263 0.00000004
vn 0.48576825 0.87408764 -0.00000024
vn 0.48576825 0.87408764 -0.00000024
vn 0.48576825 0.87408764 -0.00000024
vn 0.39775245 0.91749277 -0.00000047
vn 0.39776948 0.91748539 -0.00000024
vn 0.39776962 0.91748533 -0.00000024
vn 0.30592627 0.95205521 -0.00000024
vn 0.30590997 0.95206044 -0.00000045
vn 0.30590984 0.95206049 -0.00000045
vn 0.21105138 0.97747497 -0.00000023
vn 0.21105138 0.97747497 -0.00000023
vn 0.21105138 0.97747497 -0.00000023
vn 0.11431381 0.99344469 -0.00000004
vn 0.11429919 0.99344637 -0.00000022
vn 0.11429907 0.99344639 -0.00000022
vn 0.01636784 0.99986604 -0.00000021
vn 0.01635514 0.99986625 -0.00000005
vn 0.01636794 0.99986604 -0.00000021
vn -0.08175201 0.99665270 -0.00000007
vn -0.08174148 0.99665357 -0.00000020
vn -0.08175209 0.99665270 -0.00000007
vn -0.17896370 0.98385568 -0.00000067
vn -0.17900982 0.98384729 -0.00000009
vn -0.17896333 0.98385574 -0.00000067
vn -0.27458987 0.96156144 -0.00000017
vn -0.27454909 0.96157308 -0.00000070
vn -0.27459020 0.96156135 -0.00000017
vn -0.36751985 0.93001568 -0.00000010
vn -0.36751631 0.93001707 -0.00000015
vn -0.36751988 0.93001567 -0.00000010
vn -0.45689111 0.88952263 -0.00000013
vn -0.45689224 0.88952205 -0.00000012
vn -0.45689110 0.88952264 -0.00000013
vn -0.54190357 0.84044067 -0.00000011
vn -0.54190357 0.84044067 -0.00000011
vn -0.54190357 0.84044067 -0.00000011
vn -0.62169680 0.78325799 -0.00000009
vn -0.62169680 0.78325799 -0.00000009
vn -0.62169680 0.78325799 -0.00000009
vn -0.69543220 0.71859172 -0.00000007
vn -0.69543220 0.71859172 -0.00000007
vn -0.69543220 0.71859172 -0.00000007
vn -0.76250021 0.64698797 -0.00000053
vn -0.76247509 0.64701757 -0.00000005
vn -0.76247489 0.64701781 -0.00000005
vn -0.82226294 0.56910778 -0.00000003
vn -0.82228266 0.56907928 -0.00000046
vn -0.82228282 0.56907905 -0.00000046
vn -0.87410199 0.48574243 0.00000016
vn -0.87410826 0.48573115 0.00000000
vn -0.87410831 0.48573105 0.00000000
vn -0.91750527 0.39772363 -0.00000017
vn -0.91749318 0.39775151 0.00000021
vn -0.91749309 0.39775173 0.00000021
vn -0.95205444 0.30592866 0.00000005
vn -0.95205976 0.30591210 -0.00000017
vn -0.95205980 0.30591196 -0.00000017
vn -0.97747007 0.21107409 0.00000007
vn -0.97747007 0.21107409 0.00000007
vn -0.97747007 0.21107409 0.00000007
vn -0.99344335 0.11432544 0.00000009
vn -0.99344335 0.11432544 0.00000009
vn -0.99344335 0.11432544 0.00000009
vn -0.99986701 0.01630862 -0.00000082
vn -0.99986579 0.01638293 0.00000011
vn -0.99986578 0.01638353 0.00000011
vn -0.99666093 -0.08165165 0.00000013
vn -0.99665548 -0.08171810 -0.00000070
vn -0.99665544 -0.08171864 -0.00000071
vn -0.98384406 -0.17902754 0.00000015
vn -0.98384406 -0.17902754 0.00000015
vn -0.98384406 -0.17902754 0.00000015
vn -0.96155615 -0.27460841 0.00000001
vn -0.96155955 -0.27459649 0.00000017
vn -0.96155958 -0.27459640 0.00000017
vn -0.93002926 -0.36748547 0.00000019
vn -0.93002651 -0.36749244 0.00000009
vn -0.93002649 -0.36749249 0.00000009
vn -0.88949817 -0.45693873 0.00000017
vn -0.88949931 -0.45693651 0.00000020
vn -0.88949932 -0.45693649 0.00000020
vn -0.84043927 -0.54190575 0.00000021
vn -0.84044062 -0.54190364 0.00000024
vn -0.84044063 -0.54190363 0.00000024
vn -0.78329172 -0.62165431 0.00000022
vn -0.78329172 -0.62165431 0.00000022
vn -0.78329172 -0.62165431 0.00000022
vn -0.71860417 -0.69541933 0.00000023
vn -0.71860417 -0.69541933 0.00000023
vn -0.71860417 -0.69541933 0.00000023
vn -0.64693330 -0.76254659 0.00000024
vn -0.64693330 -0.76254659 0.00000024
vn -0.64693330 -0.76254659 0.00000024
vn -0.56911695 -0.82225659 0.00000024
vn -0.56911695 -0.82225659 0.00000024
vn -0.56911695 -0.82225659 0.00000024
vn -0.48572874 -0.87410960 -0.00000001
vn -0.48574607 -0.87409997 0.00000024
vn -0.48574621 -0.87409989 0.00000024
vn -0.39780731 -0.91746899 0.00000085
vn -0.39774537 -0.91749584 0.00000001
vn -0.39774487 -0.91749606 0.00000000
vn -0.30584222 -0.95208221 0.00000003
vn -0.30590744 -0.95206126 0.00000088
vn -0.30590796 -0.95206109 0.00000089
vn -0.21115716 -0.97745212 0.00000023
vn -0.21114199 -0.97745540 0.00000004
vn -0.21114186 -0.97745543 0.00000003
vn -0.11429853 -0.99344645 0.00000107
vn -0.11423135 -0.99345418 0.00000023
vn -0.11423081 -0.99345424 0.00000022
vn -0.01631605 -0.99986688 0.00000022
vn -0.01639132 -0.99986565 0.00000116
vn -0.01639193 -0.99986564 0.00000116
vn 0.08169543 -0.99665734 0.00000020
vn 0.08169543 -0.99665734 0.00000020
vn 0.08169543 -0.99665734 0.00000020
vn 0.17901005 -0.98384724 0.00000019
vn 0.17901005 -0.98384724 0.00000019
vn 0.17901005 -0.98384724 0.00000019
vn 0.27450498 -0.96158568 0.00000017
vn 0.27450498 -0.96158568 0.00000017
vn 0.27450498 -0.96158568 0.00000017
vn 0.36756322 -0.92999854 0.00000015
vn 0.36756322 -0.92999854 0.00000015
vn 0.36756322 -0.92999854 0.00000015
vn 0.45684465 -0.88954650 0.00000013
vn 0.45684465 -0.88954650 0.00000013
vn 0.45684465 -0.88954650 0.00000013
vn 0.54203245 -0.84035756 0.00000010
vn 0.54203349 -0.84035689 0.00000011
vn 0.54203244 -0.84035756 0.00000010
vn 0.62166081 -0.78328656 0.00000009
vn 0.62165793 -0.78328885 0.00000005
vn 0.62166083 -0.78328654 0.00000009
vn 0.69540747 -0.71861565 -0.00000001
vn 0.69541186 -0.71861140 0.00000007
vn 0.69540744 -0.71861568 -0.00000001
vn 0.76252024 -0.64696436 0.00000005
vn 0.76251477 -0.64697081 -0.00000006
vn 0.76252029 -0.64696431 0.00000005
vn 0.82225011 -0.56912631 0.00000045
vn 0.82223058 -0.56915453 0.00000003
vn 0.82225027 -0.56912608 0.00000046
vn 0.87409783 -0.48574992 0.00000176
vn 0.87415158 -0.48565318 0.00000039
vn 0.87415202 -0.48565240 0.00000038
vn 0.91753988 -0.39764377 -0.00000001
vn 0.91748296 -0.39777508 0.00000177
vn 0.91748250 -0.39777614 0.00000179
vn 0.95205508 -0.30592667 -0.00000005
vn 0.95205508 -0.30592667 -0.00000005
vn 0.95205508 -0.30592667 -0.00000005
vn 0.97744025 -0.21121210 -0.00000007
vn 0.97744025 -0.21121210 -0.00000007
vn 0.97744025 -0.21121210 -0.00000007
vn 0.99344486 -0.11431237 0.00000170
vn 0.99346116 -0.11417059 -0.00000008
vn 0.99346129 -0.11416945 -0.00000009
vn 0.99986592 -0.01637475 0.00000143
vn 0.99986623 -0.01635634 0.00000165
vn 0.99986592 -0.01637490 0.00000142
vn 0.99666270 0.08163008 -0.00000012
vn 0.99665366 0.08174037 0.00000125
vn 0.99666277 0.08162919 -0.00000013
vn 0.98384401 0.17902781 -0.00000015
vn 0.98384401 0.17902781 -0.00000015
vn 0.98384401 0.17902781 -0.00000015
vn 0.96157662 0.27453670 -0.00000017
vn 0.96157662 0.27453670 -0.00000017
vn 0.96157662 0.27453670 -0.00000017
vn -0.00000012 -0.00000021 -1.00000000
vn -0.00000012 -0.00000021 -1.00000000
vn -0.00000012 -0.00000021 -1.00000000
vn 0.92998102 0.36760754 -0.00000019
vn 0.92998102 0.36760754 -0.00000019
vn 0.92998102 0.36760754 -0.00000019
vn 0.88953533 0.45686639 -0.00000051
vn 0.88954660 0.45684444 -0.00000020
vn 0.88954669 0.45684426 -0.00000020
vn 0.00000012 0.00000021 1.00000000
vn 0.00000012 0.00000021 1.00000000
vn 0.00000012 0.00000021 1.00000000
vn 0.84045330 0.54188398 -0.00000021
vn 0.78329596 0.62164897 -0.00000022
vn 0.71857834 0.69544602 0.00000007
vn 0.64699656 0.76249292 0.00000006
vn 0.56906066 0.82229555 -0.00000024
vn 0.48576825 0.87408764 -0.00000024
vn 0.39775231 0.91749283 -0.00000047
vn 0.30592641 0.95205516 -0.00000024
vn 0.21105138 0.97747497 -0.00000023
vn 0.11431393 0.99344468 -0.00000004
vn 0.01635504 0.99986625 -0.00000005
vn -0.08174140 0.99665357 -0.00000020
vn -0.17901019 0.98384722 -0.00000008
vn -0.27454876 0.96157318 -0.00000071
vn -0.36751629 0.93001709 -0.00000015
vn -0.45689225 0.88952205 -0.00000012
vn -0.54190357 0.84044067 -0.00000011
vn -0.62169680 0.78325799 -0.00000009
vn -0.69543220 0.71859172 -0.00000007
vn -0.76250041 0.64698773 -0.00000054
vn -0.82226278 0.56910801 -0.00000002
vn -0.87410194 0.48574252 0.00000016
vn -0.91750537 0.39772340 -0.00000017
vn -0.95205440 0.30592879 0.00000005
vn -0.97747007 0.21107409 0.00000007
vn -0.99344335 0.11432544 0.00000009
vn -0.99986702 0.01630802 -0.00000083
vn -0.99666097 -0.08165111 0.00000013
vn -0.98384406 -0.17902754 0.00000015
vn -0.96155612 -0.27460850 0.00000001
vn -0.93002928 -0.36748542 0.00000019
vn -0.88949816 -0.45693875 0.00000017
vn -0.84043926 -0.54190576 0.00000021
vn -0.78329172 -0.62165431 0.00000022
vn -0.71860417 -0.69541933 0.00000023
vn -0.64693330 -0.76254659 0.00000024
vn -0.56911695 -0.82225659 0.00000024
vn -0.48572860 -0.87410967 -0.00000001
vn -0.39780781 -0.91746877 0.00000086
vn -0.30584169 -0.95208238 0.00000002
vn -0.21115728 -0.97745210 0.00000023
vn -0.11429907 -0.99344639 0.00000108
vn -0.01631545 -0.99986689 0.00000021
vn 0.08169543 -0.99665734 0.00000020
vn 0.17901005 -0.98384724 0.00000019
vn 0.27450498 -0.96158568 0.00000017
vn 0.36756322 -0.92999854 0.00000015
vn 0.45684465 -0.88954650 0.00000013
vn 0.54203349 -0.84035688 0.00000011
vn 0.62165790 -0.78328887 0.00000005
vn 0.69541189 -0.71861137 0.00000007
vn 0.76251473 -0.64697086 -0.00000006
vn 0.82223042 -0.56915475 0.00000002
vn 0.87409739 -0.48575070 0.00000178
vn 0.91754034 -0.39764271 -0.00000002
vn 0.95205508 -0.30592667 -0.00000005
vn 0.97744025 -0.21121210 -0.00000007
vn 0.99344473 -0.11431351 0.00000171
vn 0.99986623 -0.01635619 0.00000166
vn 0.99665358 0.08174126 0.00000127
vn 0.98384401 0.17902781 -0.00000015
vn 0.96157662 0.27453670 -0.00000017
vn -0.00000012 -0.00000021 -1.00000000
vn -0.00000012 -0.00000021 -1.00000000
vn -0.00000012 -0.00000021 -1.00000000
vn -0.00000012 -0.00000021 -1.00000000
vn -0.00000012 -0.00000021 -1.00000000
vn -0.00000012 -0.00000021 -1.00000000
vn -0.00000012 -0.00000021 -1.00000000
vn -0.00000012 -0.00000021 -1.00000000
vn -0.00000012 -0.00000021 -1.00000000
vn -0.00000012 -0.00000021 -1.00000000
vn -0.00000012 -0.00000021 -1.00000000
vn -0.00000012 -0.00000021 -1.00000000
vn -0.00000012 -0.00000021 -1.00000000
vn -0.00000012 -0.00000021 -1.00000000
vn -0.00000012 -0.00000021 -1.00000000
vn -0.00000012 -0.00000021 -1.00000000
vn -0.00000012 -0.00000021 -1.00000000
vn -0.00000012 -0.00000021 -1.00000000
vn -0.00000012 -0.00000021 -1.00000000
vn -0.00000012 -0.00000021 -1.00000000
vn -0.00000012 -0.00000021 -1.00000000
vn -0.00000012 -0.00000021 -1.00000000
vn -0.00000012 -0.00000021 -1.00000000
vn -0.00000012 -0.00000021 -1.00000000
vn -0.00000012 -0.00000021 -1.00000000
vn -0.00000012 -0.00000021 -1.00000000
vn -0.00000012 -0.00000021 -1.00000000
vn -0.00000012 -0.00000021 -1.00000000
vn -0.00000012 -0.00000021 -1.00000000
vn -0.00000012 -0.00000021 -1.00000000
vn -0.00000012 -0.00000021 -1.00000000
vn -0.00000012 -0.00000021 -1.00000000
vn -0.00000012 -0.00000021 -1.00000000
vn -0.00000012 -0.00000021 -1.00000000
vn -0.00000012 -0.00000021 -1.00000000
vn -0.00000012 -0.00000021 -1.00000000
vn -0.00000012 -0.00000021 -1.00000000
vn -0.00000012 -0.00000021 -1.00000000
vn -0.00000012 -0.00000021 -1.00000000
vn -0.00000012 -0.00000021 -1.00000000
vn -0.00000012 -0.00000021 -1.00000000
vn -0.00000012 -0.00000021 -1.00000000
vn -0.00000012 -0.00000021 -1.00000000
vn -0.00000012 -0.00000021 -1.00000000
vn -0.00000012 -0.00000021 -1.00000000
vn -0.00000012 -0.00000021 -1.00000000
vn -0.00000012 -0.00000021 -1.00000000
vn -0.00000012 -0.00000021 -1.00000000
vn -0.00000012 -0.00000021 -1.00000000
vn -0.00000012 -0.00000021 -1.00000000
vn -0.00000012 -0.00000021 -1.00000000
vn -0.00000012 -0.00000021 -1.00000000
vn -0.00000012 -0.00000021 -1.00000000
vn -0.00000012 -0.00000021 -1.00000000
vn -0.00000012 -0.00000021 -1.00000000
vn -0.00000012 -0.00000021 -1.00000000
vn -0.00000012 -0.00000021 -1.00000000
vn -0.00000012 -0.00000021 -1.00000000
vn -0.00000012 -0.00000021 -1.00000000
vn -0.00000012 -0.00000021 -1.00000000
vn -0.00000012 -0.00000021 -1.00000000
vn 0.92998102 0.36760754 -0.00000019
vn 0.88953524 0.45686657 -0.00000051
vn 0.00000012 0.00000021 1.00000000
vn 0.00000012 0.00000021 1.00000000
vn 0.00000012 0.00000021 1.00000000
vn 0.00000012 0.00000021 1.00000000
vn 0.00000012 0.00000021 1.00000000
vn 0.00000012 0.00000021 1.00000000
vn 0.00000012 0.00000021 1.00000000
vn 0.00000012 0.00000021 1.00000000
vn 0.00000012 0.00000021 1.00000000
vn 0.00000012 0.00000021 1.00000000
vn 0.00000012 0.00000021 1.00000000
vn 0.00000012 0.00000021 1.00000000
vn 0.00000012 0.00000021 1.00000000
vn 0.00000012 0.00000021 1.00000000
vn 0.00000012 0.00000021 1.00000000
vn 0.00000012 0.00000021 1.00000000
vn 0.00000012 0.00000021 1.00000000
vn 0.00000012 0.00000021 1.00000000
vn 0.00000012 0.00000021 1.00000000
vn 0.00000012 0.00000021 1.00000000
vn 0.00000012 0.00000021 1.00000000
vn 0.00000012 0.00000021 1.00000000
vn 0.00000012 0.00000021 1.00000000
vn 0.00000012 0.00000021 1.00000000
vn 0.00000012 0.00000021 1.00000000
vn 0.00000012 0.00000021 1.00000000
vn 0.00000012 0.00000021 1.00000000
vn 0.00000012 0.00000021 1.00000000
vn 0.00000012 0.00000021 1.00000000
vn 0.00000012 0.00000021 1.00000000
vn 0.00000012 0.00000021 1.00000000
vn 0.00000012 0.00000021 1.00000000
vn 0.00000012 0.00000021 1.00000000
vn 0.00000012 0.00000021 1.00000000
vn 0.00000012 0.00000021 1.00000000
vn 0.00000012 0.00000021 1.00000000
vn 0.00000012 0.00000021 1.00000000
vn 0.00000012 0.00000021 1.00000000
vn 0.00000012 0.00000021 1.00000000
vn 0.00000012 0.00000021 1.00000000
vn 0.00000012 0.00000021 1.00000000
vn 0.00000012 0.00000021 1.00000000
vn 0.00000012 0.00000021 1.00000000
vn 0.00000012 0.00000021 1.00000000
vn 0.00000012 0.00000021 1.00000000
vn 0.00000012 0.00000021 1.00000000
vn 0.00000012 0.00000021 1.00000000
vn 0.00000012 0.00000021 1.00000000
vn 0.00000012 0.00000021 1.00000000
vn 0.00000012 0.00000021 1.00000000
vn 0.00000012 0.00000021 1.00000000
vn 0.00000012 0.00000021 1.00000000
vn 0.00000012 0.00000021 1.00000000
vn 0.00000012 0.00000021 1.00000000
vn 0.00000012 0.00000021 1.00000000
vn 0.00000012 0.00000021 1.00000000
vn 0.00000012 0.00000021 1.00000000
vn 0.00000012 0.00000021 1.00000000
vn 0.00000012 0.00000021 1.00000000
vn 0.00000012 0.00000021 1.00000000
vn 0.00000012 0.00000021 1.00000000
vt 0.00000000 0.00000000
vt 0.00000000 0.00000000
vt 0.00000000 0.00000000
vt 0.00000000 0.00000000
vt 0.00000000 0.00000000
vt 0.00000000 0.00000000
vt 0.00000000 0.00000000
vt 0.00000000 0.00000000
vt 0.00000000 0.00000000
vt 0.00000000 0.00000000
vt 0.00000000 0.00000000
vt 0.00000000 0.00000000
vt 0.00000000 0.00000000
vt 0.00000000 0.00000000
vt 0.00000000 0.00000000
vt 0.00000000 0.00000000
vt 0.00000000 0.00000000
vt 0.00000000 0.00000000
vt 0.00000000 0.00000000
vt 0.00000000 0.00000000
vt 0.00000000 0.00000000
vt 0.00000000 0.00000000
vt 0.00000000 0.00000000
vt 0.00000000 0.00000000
vt 0.00000000 0.00000000
vt 0.00000000 0.00000000
vt 0.00000000 0.00000000
vt 0.00000000 0.00000000
vt 0.00000000 0.00000000
vt 0.00000000 0.00000000
vt 0.00000000 0.00000000
vt 0.00000000 0.00000000
vt 0.00000000 0.00000000
vt 0.00000000 0.00000000
vt 0.00000000 0.00000000
vt 0.00000000 0.00000000
vt 0.00000000 0.00000000
vt 0.00000000 0.00000000
vt 0.00000000 0.00000000
vt 0.00000000 0.00000000
vt 0.00000000 0.00000000
vt 0.00000000 0.00000000
vt 0.00000000 0.00000000
vt 0.00000000 0.00000000
vt 0.00000000 0.00000000
vt 0.00000000 0.00000000
vt 0.00000000 0.00000000
vt 0.00000000 0.00000000
vt 0.00000000 0.00000000
vt 0.00000000 0.00000000
vt 0.00000000 0.00000000
vt 0.00000000 0.00000000
vt 0.00000000 0.00000000
vt 0.00000000 0.00000000
vt 0.00000000 0.00000000
vt 0.00000000 0.00000000
vt 0.00000000 0.00000000
vt 0.00000000 0.00000000
vt 0.00000000 0.00000000
vt 0.00000000 0.00000000
vt 0.00000000 0.00000000
vt 0.00000000 0.00000000
vt 0.00000000 0.00000000
vt 0.00000000 0.00000000
vt 0.00000000 0.00000000
vt 0.00000000 0.00000000
vt 0.00000000 0.00000000
vt 0.00000000 0.00000000
vt 0.00000000 0.00000000
vt 0.00000000 0.00000000
vt 0.00000000 0.00000000
vt 0.00000000 0.00000000
vt 0.00000000 0.00000000
vt 0.00000000 0.00000000
vt 0.00000000 0.00000000
vt 0.00000000 0.00000000
vt 0.00000000 0.00000000
vt 0.00000000 0.00000000
vt 0.00000000 0.00000000
vt 0.00000000 0.00000000
vt 0.00000000 0.00000000
vt 0.00000000 0.00000000
vt 0.00000000 0.00000000
vt 0.00000000 0.00000000
vt 0.00000000 0.00000000
vt 0.00000000 0.00000000
vt 0.00000000 0.00000000
vt 0.00000000 0.00000000
vt 0.00000000 0.00000000
vt 0.00000000 0.00000000
vt 0.00000000 0.00000000
vt 0.00000000 0.00000000
vt 0.00000000 0.00000000
vt 0.00000000 0.00000000
vt 0.00000000 0.00000000
vt 0.00000000 0.00000000
vt 0.00000000 0.00000000
vt 0.00000000 0.00000000
vt 0.00000000 0.00000000
vt 0.00000000 0.00000000
vt 0.00000000 0.00000000
vt 0.00000000 0.00000000
vt 0.00000000 0.00000000
vt 0.00000000 0.00000000
vt 0.00000000 0.00000000
vt 0.00000000 0.00000000
vt 0.00000000 0.00000000
vt 0.00000000 0.00000000
vt 0.00000000 0.00000000
vt 0.00000000 0.00000000
vt 0.00000000 0.00000000
vt 0.00000000 0.00000000
vt 0.00000000 0.00000000
vt 0.00000000 0.00000000
vt 0.00000000 0.00000000
vt 0.00000000 0.00000000
vt 0.00000000 0.00000000
vt 0.00000000 0.00000000
vt 0.00000000 0.00000000
vt 0.00000000 0.00000000
vt 0.00000000 0.00000000
vt 0.00000000 0.00000000
vt 0.00000000 0.00000000
vt 0.00000000 0.00000000
vt 0.00000000 0.00000000
vt 0.00000000 0.00000000
vt 0.00000000 0.00000000
vt 0.00000000 0.00000000
vt 0.00000000 0.00000000
vt 0.00000000 0.00000000
vt 0.00000000 0.00000000
vt 0.00000000 0.00000000
vt 0.00000000 0.00000000
vt 0.00000000 0.00000000
vt 0.00000000 0.00000000
vt 0.00000000 0.00000000
vt 0.00000000 0.00000000
vt 0.00000000 0.00000000
vt 0.00000000 0.00000000
vt 0.00000000 0.00000000
vt 0.00000000 0.00000000
vt 0.00000000 0.00000000
vt 0.00000000 0.00000000
vt 0.00000000 0.00000000
vt 0.00000000 0.00000000
vt 0.00000000 0.00000000
vt 0.00000000 0.00000000
vt 0.00000000 0.00000000
vt 0.00000000 0.00000000
vt 0.00000000 0.00000000
vt 0.00000000 0.00000000
vt 0.00000000 0.00000000
vt 0.00000000 0.00000000
vt 0.00000000 0.00000000
vt 0.00000000 0.00000000
vt 0.00000000 0.00000000
vt 0.00000000 0.00000000
vt 0.00000000 0.00000000
vt 0.00000000 0.00000000
vt 0.00000000 0.00000000
vt 0.00000000 0.00000000
vt 0.00000000 0.00000000
vt 0.00000000 0.00000000
vt 0.00000000 0.00000000
vt 0.00000000 0.00000000
vt 0.00000000 0.00000000
vt 0.00000000 0.00000000
vt 0.00000000 0.00000000
vt 0.00000000 0.00000000
vt 0.00000000 0.00000000
vt 0.00000000 0.00000000
vt 0.00000000 0.00000000
vt 0.00000000 0.00000000
vt 0.00000000 0.00000000
vt 0.00000000 0.00000000
vt 0.00000000 0.00000000
vt 0.00000000 0.00000000
vt 0.00000000 0.00000000
vt 0.00000000 0.00000000
vt 0.00000000 0.00000000
vt 0.00000000 0.00000000
vt 0.00000000 0.00000000
vt 0.00000000 0.00000000
vt 0.00000000 0.00000000
vt 0.00000000 0.00000000
vt 0.00000000 0.00000000
vt 0.00000000 0.00000000
vt 0.00000000 0.00000000
vt 0.00000000 0.00000000
vt 0.00000000 0.00000000
vt 0.00000000 0.00000000
vt 0.00000000 0.00000000
vt 0.00000000 0.00000000
vt 0.00000000 0.00000000
vt 0.00000000 0.00000000
vt 0.00000000 0.00000000
vt 0.00000000 0.00000000
vt 0.00000000 0.00000000
vt 0.00000000 0.00000000
vt 0.00000000 0.00000000
vt 0.00000000 0.00000000
vt 0.00000000 0.00000000
vt 0.00000000 0.00000000
vt 0.00000000 0.00000000
vt 0.00000000 0.00000000
vt 0.00000000 0.00000000
vt 0.00000000 0.00000000
vt 0.00000000 0.00000000
vt 0.00000000 0.00000000
vt 0.00000000 0.00000000
vt 0.00000000 0.00000000
vt 0.00000000 0.00000000
vt 0.00000000 0.00000000
vt 0.00000000 0.00000000
vt 0.00000000 0.00000000
vt 0.00000000 0.00000000
vt 0.00000000 0.00000000
vt 0.00000000 0.00000000
vt 0.00000000 0.00000000
vt 0.00000000 0.00000000
vt 0.00000000 0.00000000
vt 0.00000000 0.00000000
vt 0.00000000 0.00000000
vt 0.00000000 0.00000000
vt 0.00000000 0.00000000
vt 0.00000000 0.00000000
vt 0.00000000 0.00000000
vt 0.00000000 0.00000000
vt 0.00000000 0.00000000
vt 0.00000000 0.00000000
vt 0.00000000 0.00000000
vt 0.00000000 0.00000000
vt 0.00000000 0.00000000
vt 0.00000000 0.00000000
vt 0.00000000 0.00000000
vt 0.00000000 0.00000000
vt 0.00000000 0.00000000
vt 0.00000000 0.00000000
vt 0.00000000 0.00000000
vt 0.00000000 0.00000000
vt 0.00000000 0.00000000
vt 0.00000000 0.00000000
vt 0.00000000 0.00000000
vt 0.00000000 0.00000000
vt 0.00000000 0.00000000
vt 0.00000000 0.00000000
vt 0.00000000 0.00000000
vt 0.00000000 0.00000000
vt 0.00000000 0.00000000
vt 0.00000000 0.00000000
vt 0.00000000 0.00000000
vt 0.00000000 0.00000000
vt 0.00000000 0.00000000
vt 0.00000000 0.00000000
vt 0.00000000 0.00000000
vt 0.00000000 0.00000000
vt 0.00000000 0.00000000
vt 0.00000000 0.00000000
vt 0.00000000 0.00000000
vt 0.00000000 0.00000000
vt 0.00000000 0.00000000
vt 0.00000000 0.00000000
vt 0.00000000 0.00000000
vt 0.00000000 0.00000000
vt 0.00000000 0.00000000
vt 0.00000000 0.00000000
vt 0.00000000 0.00000000
vt 0.00000000 0.00000000
vt 0.00000000 0.00000000
vt 0.00000000 0.00000000
vt 0.00000000 0.00000000
vt 0.00000000 0.00000000
vt 0.00000000 0.00000000
vt 0.00000000 0.00000000
vt 0.00000000 0.00000000
vt 0.00000000 0.00000000
vt 0.00000000 0.00000000
vt 0.00000000 0.00000000
vt 0.00000000 0.00000000
vt 0.00000000 0.00000000
vt 0.00000000 0.00000000
vt 0.00000000 0.00000000
vt 0.00000000 0.00000000
vt 0.00000000 0.00000000
vt 0.00000000 0.00000000
vt 0.00000000 0.00000000
vt 0.00000000 0.00000000
vt 0.00000000 0.00000000
vt 0.00000000 0.00000000
vt 0.00000000 0.00000000
vt 0.00000000 0.00000000
vt 0.00000000 0.00000000
vt 0.00000000 0.00000000
vt 0.00000000 0.00000000
vt 0.00000000 0.00000000
vt 0.00000000 0.00000000
vt 0.00000000 0.00000000
vt 0.00000000 0.00000000
vt 0.00000000 0.00000000
vt 0.00000000 0.00000000
vt 0.00000000 0.00000000
vt 0.00000000 0.00000000
vt 0.00000000 0.00000000
vt 0.00000000 0.00000000
vt 0.00000000 0.00000000
vt 0.00000000 0.00000000
vt 0.00000000 0.00000000
vt 0.00000000 0.00000000
vt 0.00000000 0.00000000
vt 0.00000000 0.00000000
vt 0.00000000 0.00000000
vt 0.00000000 0.00000000
vt 0.00000000 0.00000000
vt 0.00000000 0.00000000
vt 0.00000000 0.00000000
vt 0.00000000 0.00000000
vt 0.00000000 0.00000000
vt 0.00000000 0.00000000
vt 0.00000000 0.00000000
vt 0.00000000 0.00000000
vt 0.00000000 0.00000000
vt 0.00000000 0.00000000
vt 0.00000000 0.00000000
vt 0.00000000 0.00000000
vt 0.00000000 0.00000000
vt 0.00000000 0.00000000
vt 0.00000000 0.00000000
vt 0.00000000 0.00000000
vt 0.00000000 0.00000000
vt 0.00000000 0.00000000
vt 0.00000000 0.00000000
vt 0.00000000 0.00000000
vt 0.00000000 0.00000000
vt 0.00000000 0.00000000
vt 0.00000000 0.00000000
vt 0.00000000 0.00000000
vt 0.00000000 0.00000000
vt 0.00000000 0.00000000
vt 0.00000000 0.00000000
vt 0.00000000 0.00000000
vt 0.00000000 0.00000000
vt 0.00000000 0.00000000
vt 0.00000000 0.00000000
vt 0.00000000 0.00000000
vt 0.00000000 0.00000000
vt 0.00000000 0.00000000
vt 0.00000000 0.00000000
vt 0.00000000 0.00000000
vt 0.00000000 0.00000000
vt 0.00000000 0.00000000
vt 0.00000000 0.00000000
vt 0.00000000 0.00000000
vt 0.00000000 0.00000000
vt 0.00000000 0.00000000
vt 0.00000000 0.00000000
vt 0.00000000 0.00000000
vt 0.00000000 0.00000000
vt 0.00000000 0.00000000
vt 0.00000000 0.00000000
vt 0.00000000 0.00000000
vt 0.00000000 0.00000000
vt 0.00000000 0.00000000
vt 0.00000000 0.00000000
vt 0.00000000 0.00000000
vt 0.00000000 0.00000000
vt 0.00000000 0.00000000
vt 0.00000000 0.00000000
vt 0.00000000 0.00000000
vt 0.00000000 0.00000000
vt 0.00000000 0.00000000
vt 0.00000000 0.00000000
vt 0.00000000 0.00000000
vt 0.00000000 0.00000000
vt 0.00000000 0.00000000
vt 0.00000000 0.00000000
vt 0.00000000 0.00000000
vt 0.00000000 0.00000000
vt 0.00000000 0.00000000
vt 0.00000000 0.00000000
vt 0.00000000 0.00000000
vt 0.00000000 0.00000000
vt 0.00000000 0.00000000
vt 0.00000000 0.00000000
vt 0.00000000 0.00000000
f 5812/5812/5812 5813/5813/5813 5814/5814/5814
f 5815/5815/5815 5816/5816/5816 5817/5817/5817
f 5818/5818/5818 5819/5819/5819 5820/5820/5820
f 5821/5821/5821 5822/5822/5822 5823/5823/5823
f 5824/5824/5824 5825/5825/5825 5826/5826/5826
f 5827/5827/5827 5828/5828/5828 5829/5829/5829
f 5830/5830/5830 5831/5831/5831 5832/5832/5832
f 5833/5833/5833 5834/5834/5834 5835/5835/5835
f 5836/5836/5836 5837/5837/5837 5838/5838/5838
f 5839/5839/5839 5840/5840/5840 5841/5841/5841
f 5842/5842/5842 5843/5843/5843 5844/5844/5844
f 5845/5845/5845 5846/5846/5846 5847/5847/5847
f 5848/5848/5848 5849/5849/5849 5850/5850/5850
f 5851/5851/5851 5852/5852/5852 5853/5853/5853
f 5854/5854/5854 5855/5855/5855 5856/5856/5856
f 5857/5857/5857 5858/5858/5858 5859/5859/5859
f 5860/5860/5860 5861/5861/5861 5862/5862/5862
f 5863/5863/5863 5864/5864/5864 5865/5865/5865
f 5866/5866/5866 5867/5867/5867 5868/5868/5868
f 5869/5869/5869 5870/5870/5870 5871/5871/5871
f 5872/5872/5872 5873/5873/5873 5874/5874/5874
f 5875/5875/5875 5876/5876/5876 5877/5877/5877
f 5878/5878/5878 5879/5879/5879 5880/5880/5880
f 5881/5881/5881 5882/5882/5882 5883/5883/5883
f 5884/5884/5884 5885/5885/5885 5886/5886/5886
f 5887/5887/5887 5888/5888/5888 5889/5889/5889
f 5890/5890/5890 5891/5891/5891 5892/5892/5892
f 5893/5893/5893 5894/5894/5894 5895/5895/5895
f 5896/5896/5896 5897/5897/5897 5898/5898/5898
f 5899/5899/5899 5900/5900/5900 5901/5901/5901
f 5902/5902/5902 5903/5903/5903 5904/5904/5904
f 5905/5905/5905 5906/5906/5906 5907/5907/5907
f 5908/5908/5908 5909/5909/5909 5910/5910/5910
f 5911/5911/5911 5912/5912/5912 5913/5913/5913
f 5914/5914/5914 5915/5915/5915 5916/5916/5916
f 5917/5917/5917 5918/5918/5918 5919/5919/5919
f 5920/5920/5920 5921/5921/5921 5922/5922/5922
f 5923/5923/5923 5924/5924/5924 5925/5925/5925
f 5926/5926/5926 5927/5927/5927 5928/5928/5928
f 5929/5929/5929 5930/5930/5930 5931/5931/5931
f 5932/5932/5932 5933/5933/5933 5934/5934/5934
f 5935/5935/5935 5936/5936/5936 5937/5937/5937
f 5938/5938/5938 5939/5939/5939 5940/5940/5940
f 5941/5941/5941 5942/5942/5942 5943/5943/5943
f 5944/5944/5944 5945/5945/5945 5946/5946/5946
f 5947/5947/5947 5948/5948/5948 5949/5949/5949
f 5950/5950/5950 5951/5951/5951 5952/5952/5952
f 5953/5953/5953 5954/5954/5954 5955/5955/5955
f 5956/5956/5956 5957/5957/5957 5958/5958/5958
f 5959/5959/5959 5960/5960/5960 5961/5961/5961
f 5962/5962/5962 5963/5963/5963 5964/5964/5964
f 5965/5965/5965 5966/5966/5966 5967/5967/5967
f 5968/5968/5968 5969/5969/5969 5970/5970/5970
f 5971/5971/5971 5972/5972/5972 5973/5973/5973
f 5974/5974/5974 5975/5975/5975 5976/5976/5976
f 5977/5977/5977 5978/5978/5978 5979/5979/5979
f 5980/5980/5980 5981/5981/5981 5982/5982/5982
f 5983/5983/5983 5984/5984/5984 5985/5985/5985
f 5986/5986/5986 5987/5987/5987 5988/5988/5988
f 5989/5989/5989 5990/5990/5990 5991/5991/5991
f 5992/5992/5992 5993/5993/5993 5994/5994/5994
f 5995/5995/5995 5996/5996/5996 5997/5997/5997
f 5998/5998/5998 5999/5999/5999 6000/6000/6000
f 6001/6001/6001 6002/6002/6002 6003/6003/6003
f 6004/6004/6004 6005/6005/6005 6006/6006/6006
f 6007/6007/6007 6008/6008/6008 6009/6009/6009
f 5812/5812/5812 6010/6010/6010 5813/5813/5813
f 5815/5815/5815 6011/6011/6011 5816/5816/5816
f 5818/5818/5818 6012/6012/6012 5819/5819/5819
f 5821/5821/5821 6013/6013/6013 5822/5822/5822
f 5824/5824/5824 6014/6014/6014 5825/5825/5825
f 5827/5827/5827 6015/6015/6015 5828/5828/5828
f 5830/5830/5830 6016/6016/6016 5831/5831/5831
f 5833/5833/5833 6017/6017/6017 5834/5834/5834
f 5836/5836/5836 6018/6018/6018 5837/5837/5837
f 5839/5839/5839 6019/6019/6019 5840/5840/5840
f 5842/5842/5842 6020/6020/6020 5843/5843/5843
f 5845/5845/5845 6021/6021/6021 5846/5846/5846
f 5848/5848/5848 6022/6022/6022 5849/5849/5849
f 5851/5851/5851 6023/6023/6023 5852/5852/5852
f 5854/5854/5854 6024/6024/6024 5855/5855/5855
f 5857/5857/5857 6025/6025/6025 5858/5858/5858
f 5860/5860/5860 6026/6026/6026 5861/5861/5861
f 5863/5863/5863 6027/6027/6027 5864/5864/5864
f 5866/5866/5866 6028/6028/6028 5867/5867/5867
f 5869/5869/5869 6029/6029/6029 5870/5870/5870
f 5872/5872/5872 6030/6030/6030 5873/5873/5873
f 5875/5875/5875 6031/6031/6031 5876/5876/5876
f 5878/5878/5878 6032/6032/6032 5879/5879/5879
f 5881/5881/5881 6033/6033/6033 5882/5882/5882
f 5884/5884/5884 6034/6034/6034 5885/5885/5885
f 5887/5887/5887 6035/6035/6035 5888/5888/5888
f 5890/5890/5890 6036/6036/6036 5891/5891/5891
f 5893/5893/5893 6037/6037/6037 5894/5894/5894
f 5896/5896/5896 6038/6038/6038 5897/5897/5897
f 5899/5899/5899 6039/6039/6039 5900/5900/5900
f 5902/5902/5902 6040/6040/6040 5903/5903/5903
f 5905/5905/5905 6041/6041/6041 5906/5906/5906
f 5908/5908/5908 6042/6042/6042 5909/5909/5909
f 5911/5911/5911 6043/6043/6043 5912/5912/5912
f 5914/5914/5914 6044/6044/6044 5915/5915/5915
f 5917/5917/5917 6045/6045/6045 5918/5918/5918
f 5920/5920/5920 6046/6046/6046 5921/5921/5921
f 5923/5923/5923 6047/6047/6047 5924/5924/5924
f 5926/5926/5926 6048/6048/6048 5927/5927/5927
f 5929/5929/5929 6049/6049/6049 5930/5930/5930
f 5932/5932/5932 6050/6050/6050 5933/5933/5933
f 5935/5935/5935 6051/6051/6051 5936/5936/5936
f 5938/5938/5938 6052/6052/6052 5939/5939/5939
f 5941/5941/5941 6053/6053/6053 5942/5942/5942
f 5944/5944/5944 6054/6054/6054 5945/5945/5945
f 5947/5947/5947 6055/6055/6055 5948/5948/5948
f 5950/5950/5950 6056/6056/6056 5951/5951/5951
f 5953/5953/5953 6057/6057/6057 5954/5954/5954
f 5956/5956/5956 6058/6058/6058 5957/5957/5957
f 5959/5959/5959 6059/6059/6059 5960/5960/5960
f 5962/5962/5962 6060/6060/6060 5963/5963/5963
f 5965/5965/5965 6061/6061/6061 5966/5966/5966
f 5968/5968/5968 6062/6062/6062 5969/5969/5969
f 5971/5971/5971 6063/6063/6063 5972/5972/5972
f 5974/5974/5974 6064/6064/6064 5975/5975/5975
f 5977/5977/5977 6065/6065/6065 5978/5978/5978
f 5980/5980/5980 6066/6066/6066 5981/5981/5981
f 5983/5983/5983 6067/6067/6067 5984/5984/5984
f 5986/5986/5986 6068/6068/6068 5987/5987/5987
f 5989/5989/5989 6069/6069/6069 5990/5990/5990
f 5992/5992/5992 6070/6070/6070 5993/5993/5993
f 5995/5995/5995 6071/6071/6071 5996/5996/5996
f 6072/6072/6072 6073/6073/6073 6074/6074/6074
f 6075/6075/6075 6076/6076/6076 6073/6073/6073
f 6077/6077/6077 6078/6078/6078 6076/6076/6076
f 6079/6079/6079 6080/6080/6080 6081/6081/6081
f 6082/6082/6082 6083/6083/6083 6081/6081/6081
f 6081/6081/6081 5999/5999/5999 6076/6076/6076
f 6084/6084/6084 6085/6085/6085 5999/5999/5999
f 6086/6086/6086 6087/6087/6087 6088/6088/6088
f 6088/6088/6088 6089/6089/6089 6090/6090/6090
f 6091/6091/6091 6092/6092/6092 6089/6089/6089
f 6093/6093/6093 6094/6094/6094 6092/6092/6092
f 6095/6095/6095 6096/6096/6096 6089/6089/6089
f 6097/6097/6097 6098/6098/6098 6096/6096/6096
f 6090/6090/6090 6099/6099/6099 6000/6000/6000
f 6000/6000/6000 6100/6100/6100 6101/6101/6101
f 6101/6101/6101 6102/6102/6102 6103/6103/6103
f 6103/6103/6103 6104/6104/6104 6000/6000/6000
f 6105/6105/6105 6106/6106/6106 6107/6107/6107
f 6107/6107/6107 6108/6108/6108 5998/5998/5998
f 6109/6109/6109 5998/5998/5998 6108/6108/6108
f 6110/6110/6110 6111/6111/6111 5998/5998/5998
f 6112/6112/6112 6113/6113/6113 6111/6111/6111
f 6114/6114/6114 6115/6115/6115 6116/6116/6116
f 6116/6116/6116 6117/6117/6117 6114/6114/6114
f 6118/6118/6118 6119/6119/6119 6120/6120/6120
f 6120/6120/6120 6121/6121/6121 6118/6118/6118
f 6122/6122/6122 6123/6123/6123 6121/6121/6121
f 6124/6124/6124 6125/6125/6125 6126/6126/6126
f 6127/6127/6127 6126/6126/6126 6125/6125/6125
f 6128/6128/6128 6129/6129/6129 6126/6126/6126
f 6130/6130/6130 6131/6131/6131 6126/6126/6126
f 6132/6132/6132 6074/6074/6074 6131/6131/6131
f 6073/6073/6073 6076/6076/6076 6074/6074/6074
f 6078/6078/6078 6081/6081/6081 6076/6076/6076
f 6082/6082/6082 6081/6081/6081 6080/6080/6080
f 6085/6085/6085 6086/6086/6086 5999/5999/5999
f 6089/6089/6089 6092/6092/6092 6094/6094/6094
f 6094/6094/6094 6095/6095/6095 6089/6089/6089
f 6098/6098/6098 6090/6090/6090 6096/6096/6096
f 6000/6000/6000 6101/6101/6101 6103/6103/6103
f 6104/6104/6104 6105/6105/6105 6107/6107/6107
f 6107/6107/6107 5998/5998/5998 6104/6104/6104
f 6111/6111/6111 6113/6113/6113 6118/6118/6118
f 6114/6114/6114 6117/6117/6117 6113/6113/6113
f 6118/6118/6118 6121/6121/6121 6123/6123/6123
f 6123/6123/6123 6124/6124/6124 6118/6118/6118
f 6126/6126/6126 6129/6129/6129 6130/6130/6130
f 6131/6131/6131 6074/6074/6074 6126/6126/6126
f 6078/6078/6078 6079/6079/6079 6081/6081/6081
f 5999/5999/5999 6086/6086/6086 6088/6088/6088
f 6089/6089/6089 6096/6096/6096 6090/6090/6090
f 6090/6090/6090 6000/6000/6000 6088/6088/6088
f 6104/6104/6104 5998/5998/5998 6000/6000/6000
f 6113/6113/6113 6117/6117/6117 6118/6118/6118
f 6118/6118/6118 6124/6124/6124 6076/6076/6076
f 6126/6126/6126 6074/6074/6074 6076/6076/6076
f 6076/6076/6076 5999/5999/5999 6118/6118/6118
f 6088/6088/6088 6000/6000/6000 5999/5999/5999
f 5998/5998/5998 6111/6111/6111 6118/6118/6118
f 6124/6124/6124 6126/6126/6126 6076/6076/6076
f 5999/5999/5999 5998/5998/5998 6118/6118/6118
f 6001/6001/6001 6133/6133/6133 6002/6002/6002
f 6004/6004/6004 6134/6134/6134 6005/6005/6005
f 6135/6135/6135 6136/6136/6136 6137/6137/6137
f 6137/6137/6137 6138/6138/6138 6139/6139/6139
f 6139/6139/6139 6140/6140/6140 6141/6141/6141
f 6141/6141/6141 6142/6142/6142 6143/6143/6143
f 6144/6144/6144 6145/6145/6145 6143/6143/6143
f 6143/6143/6143 6146/6146/6146 6147/6147/6147
f 6148/6148/6148 6147/6147/6147 6146/6146/6146
f 6149/6149/6149 6150/6150/6150 6147/6147/6147
f 6151/6151/6151 6152/6152/6152 6153/6153/6153
f 6153/6153/6153 6154/6154/6154 6151/6151/6151
f 6155/6155/6155 6156/6156/6156 6157/6157/6157
f 6157/6157/6157 6158/6158/6158 6155/6155/6155
f 6159/6159/6159 6160/6160/6160 6008/6008/6008
f 6008/6008/6008 6161/6161/6161 6162/6162/6162
f 6162/6162/6162 6163/6163/6163 6008/6008/6008
f 6164/6164/6164 6165/6165/6165 6008/6008/6008
f 6166/6166/6166 6167/6167/6167 6165/6165/6165
f 6009/6009/6009 6168/6168/6168 6169/6169/6169
f 6170/6170/6170 6169/6169/6169 6168/6168/6168
f 6171/6171/6171 6172/6172/6172 6169/6169/6169
f 6173/6173/6173 6174/6174/6174 6175/6175/6175
f 6176/6176/6176 6175/6175/6175 6174/6174/6174
f 6177/6177/6177 6178/6178/6178 6179/6179/6179
f 6179/6179/6179 6180/6180/6180 6181/6181/6181
f 6181/6181/6181 6182/6182/6182 6183/6183/6183
f 6183/6183/6183 6007/6007/6007 6175/6175/6175
f 6184/6184/6184 6185/6185/6185 6186/6186/6186
f 6187/6187/6187 6007/6007/6007 6185/6185/6185
f 6188/6188/6188 6189/6189/6189 6190/6190/6190
f 6191/6191/6191 6190/6190/6190 6189/6189/6189
f 6192/6192/6192 6193/6193/6193 6194/6194/6194
f 6194/6194/6194 6195/6195/6195 6135/6135/6135
f 6135/6135/6135 6137/6137/6137 6139/6139/6139
f 6139/6139/6139 6141/6141/6141 6143/6143/6143
f 6144/6144/6144 6143/6143/6143 6142/6142/6142
f 6147/6147/6147 6150/6150/6150 6151/6151/6151
f 6151/6151/6151 6154/6154/6154 6147/6147/6147
f 6155/6155/6155 6158/6158/6158 6008/6008/6008
f 6159/6159/6159 6008/6008/6008 6158/6158/6158
f 6163/6163/6163 6164/6164/6164 6008/6008/6008
f 6167/6167/6167 6009/6009/6009 6165/6165/6165
f 6169/6169/6169 6172/6172/6172 6173/6173/6173
f 6173/6173/6173 6175/6175/6175 6009/6009/6009
f 6177/6177/6177 6179/6179/6179 6183/6183/6183
f 6181/6181/6181 6183/6183/6183 6179/6179/6179
f 6185/6185/6185 6007/6007/6007 6186/6186/6186
f 6188/6188/6188 6190/6190/6190 6007/6007/6007
f 6192/6192/6192 6194/6194/6194 6135/6135/6135
f 6135/6135/6135 6139/6139/6139 6143/6143/6143
f 6143/6143/6143 6147/6147/6147 6135/6135/6135
f 6154/6154/6154 6190/6190/6190 6147/6147/6147
f 6008/6008/6008 6165/6165/6165 6009/6009/6009
f 6009/6009/6009 6169/6169/6169 6173/6173/6173
f 6175/6175/6175 6177/6177/6177 6183/6183/6183
f 6186/6186/6186 6007/6007/6007 6183/6183/6183
f 6190/6190/6190 6192/6192/6192 6135/6135/6135
f 6135/6135/6135 6147/6147/6147 6190/6190/6190
f 6155/6155/6155 6008/6008/6008 6154/6154/6154
f 6007/6007/6007 6154/6154/6154 6008/6008/6008
f 6007/6007/6007 6009/6009/6009 6175/6175/6175
f 6154/6154/6154 6007/6007/6007 6190/6190/6190

o part_003
usemtl material_0
v -0.01316044 -0.05827361 0.03478201
v 0.02009079 0.02618298 0.03478199
v 0.08249119 -0.01358213 0.03478191
v 0.08249119 -0.01358213 0.04902462
v 0.01872242 -0.08308005 0.04902474
v 0.03788386 -0.09315693 0.04902431
v 0.08000881 -0.12843263 0.03478192
v 0.05239371 -0.12846433 0.04902463
v 0.05239371 -0.12846433 0.03478192
v 0.08249119 -0.01358213 0.03478191
v 0.02009079 0.02618298 0.04902430
v 0.08249119 -0.01358213 0.04902462
v 0.08249119 -0.01358213 0.03478191
v 0.08000881 -0.12843263 0.04902463
v 0.08000881 -0.12843263 0.03478192
v 0.05060314 -0.10711714 0.03478200
v 0.05239371 -0.12846433 0.04902463
v 0.05060314 -0.10711714 0.04902474
v 0.05060314 -0.10711714 0.03478200
v 0.04500992 -0.09848822 0.04902474
v 0.04500992 -0.09848822 0.03478200
v 0.04500992 -0.09848822 0.03478200
v 0.03788386 -0.09315693 0.04902431
v 0.03788385 -0.09315693 0.03478200
v 0.01872242 -0.08308005 0.03478203
v 0.03788386 -0.09315693 0.04902431
v 0.01872242 -0.08308005 0.04902474
v 0.01872242 -0.08308005 0.03478203
v -0.00372612 -0.07201741 0.04902474
v -0.00372612 -0.07201741 0.03478201
v -0.00372612 -0.07201741 0.03478201
v -0.00905305 -0.06564749 0.04902474
v -0.00905305 -0.06564749 0.03478201
v -0.00905305 -0.06564749 0.03478201
v -0.01316043 -0.05827361 0.04902474
v -0.01316044 -0.05827361 0.03478201
v -0.02858176 -0.01650151 0.03478200
v -0.03125182 -0.01060849 0.04902474
v -0.03125182 -0.01060849 0.03478200
v -0.03125182 -0.01060849 0.03478200
v -0.03272099 -0.00430772 0.04902474
v -0.03272100 -0.00430772 0.03478200
v -0.03272100 -0.00430772 0.03478200
v -0.03293261 0.00215848 0.04902474
v -0.03293261 0.00215848 0.03478200
v -0.03293261 0.00215848 0.03478200
v -0.03187865 0.00854177 0.04902431
v -0.03187865 0.00854177 0.03478200
v -0.02959973 0.01459685 0.03478200
v -0.03187865 0.00854177 0.04902431
v -0.02959973 0.01459685 0.04902474
v -0.02959973 0.01459685 0.03478200
v -0.02618330 0.02009098 0.04902430
v -0.02618330 0.02009098 0.03478202
v -0.02176063 0.02481305 0.03478202
v -0.02618330 0.02009098 0.04902430
v -0.02176063 0.02481305 0.04902474
v -0.02176063 0.02481305 0.03478202
v -0.01650172 0.02858149 0.04902474
v -0.01650172 0.02858148 0.03478200
v -0.01650172 0.02858148 0.03478200
v -0.01060866 0.03125155 0.04902473
v -0.01060866 0.03125155 0.03478200
v -0.01060866 0.03125155 0.03478200
v -0.00430797 0.03272070 0.04902473
v -0.00430797 0.03272070 0.03478199
v -0.00430797 0.03272070 0.03478199
v 0.00215835 0.03293229 0.04902473
v 0.00215835 0.03293228 0.03478199
v 0.00215835 0.03293228 0.03478199
v 0.00854166 0.03187844 0.04902430
v 0.00854166 0.03187844 0.03478199
v 0.01459668 0.02959943 0.03478199
v 0.00854166 0.03187844 0.04902430
v 0.01459668 0.02959943 0.04902473
v -0.02858176 -0.01650151 0.03478200
v -0.01316043 -0.05827361 0.04902474
v -0.02858176 -0.01650150 0.04902474
v 0.01459668 0.02959943 0.03478199
v 0.02009079 0.02618298 0.04902430
v 0.02009079 0.02618298 0.03478199
v 0.08249118 -0.01358214 -0.03478193
v 0.01872241 -0.08308006 -0.03478199
v 0.03788385 -0.09315694 -0.03478199
v -0.01316045 -0.05827362 -0.04902470
v 0.02009078 0.02618297 -0.04902428
v 0.08249118 -0.01358214 -0.04902464
v 0.05239370 -0.12846434 -0.04902462
v 0.08000880 -0.12843264 -0.03478191
v 0.05239370 -0.12846434 -0.03478191
v 0.08249118 -0.01358214 -0.03478193
v 0.02009078 0.02618297 -0.04902428
v 0.02009078 0.02618298 -0.03478201
v 0.08000880 -0.12843264 -0.03478191
v 0.08249118 -0.01358214 -0.04902464
v 0.08249118 -0.01358214 -0.03478193
v 0.05060313 -0.10711715 -0.03478199
v 0.05239370 -0.12846434 -0.04902462
v 0.05239370 -0.12846434 -0.03478191
v 0.04500991 -0.09848823 -0.04902471
v 0.05060313 -0.10711715 -0.03478199
v 0.04500991 -0.09848823 -0.03478200
v 0.03788384 -0.09315694 -0.04902427
v 0.04500991 -0.09848823 -0.03478200
v 0.03788385 -0.09315694 -0.03478199
v 0.01872241 -0.08308006 -0.03478199
v 0.03788384 -0.09315694 -0.04902427
v 0.03788385 -0.09315694 -0.03478199
v -0.00372613 -0.07201742 -0.04902470
v 0.01872241 -0.08308006 -0.03478199
v -0.00372613 -0.07201742 -0.03478199
v -0.00905306 -0.06564750 -0.04902470
v -0.00372613 -0.07201742 -0.03478199
v -0.00905306 -0.06564749 -0.03478199
v -0.01316044 -0.05827362 -0.03478199
v -0.00905306 -0.06564750 -0.04902470
v -0.00905306 -0.06564749 -0.03478199
v -0.03125183 -0.01060850 -0.04902471
v -0.02858177 -0.01650151 -0.03478200
v -0.03125183 -0.01060850 -0.03478200
v -0.03272096 -0.00430780 -0.04902471
v -0.03125183 -0.01060850 -0.03478200
v -0.03272100 -0.00430773 -0.03478200
v -0.03293262 0.00215847 -0.04902471
v -0.03272100 -0.00430773 -0.03478200
v -0.03293262 0.00215847 -0.03478200
v -0.03187866 0.00854176 -0.04902427
v -0.03293262 0.00215847 -0.03478200
v -0.03187866 0.00854176 -0.03478200
v -0.02959974 0.01459684 -0.03478200
v -0.03187866 0.00854176 -0.04902427
v -0.03187866 0.00854176 -0.03478200
v -0.02618331 0.02009097 -0.04902427
v -0.02959974 0.01459684 -0.03478200
v -0.02618331 0.02009097 -0.03478200
v -0.02176064 0.02481304 -0.03478200
v -0.02618331 0.02009097 -0.04902427
v -0.02618331 0.02009097 -0.03478200
v -0.01650173 0.02858148 -0.04902471
v -0.02176064 0.02481304 -0.03478200
v -0.01650173 0.02858148 -0.03478200
v -0.01060867 0.03125154 -0.04902471
v -0.01650173 0.02858148 -0.03478200
v -0.01060867 0.03125154 -0.03478200
v -0.00430798 0.03272069 -0.04902472
v -0.01060867 0.03125154 -0.03478200
v -0.00430798 0.03272070 -0.03478200
v 0.00215834 0.03293227 -0.04902472
v -0.00430798 0.03272070 -0.03478200
v 0.00215834 0.03293228 -0.03478200
v 0.00854165 0.03187843 -0.04902428
v 0.00215834 0.03293228 -0.03478200
v 0.00854165 0.03187843 -0.03478200
v 0.01459667 0.02959942 -0.03478201
v 0.00854165 0.03187843 -0.04902428
v 0.00854165 0.03187843 -0.03478200
v -0.02858177 -0.01650151 -0.03478200
v -0.01316045 -0.05827362 -0.04902470
v -0.01316044 -0.05827362 -0.03478199
v 0.02009078 0.02618297 -0.04902428
v 0.01459667 0.02959942 -0.03478201
v 0.02009078 0.02618298 -0.03478201
v 0.08000881 -0.12843263 0.03478192
v 0.05060314 -0.10711714 0.03478200
v 0.05239371 -0.12846433 0.03478192
v 0.01459668 0.02959943 0.03478199
v -0.02858176 -0.01650151 0.03478200
v 0.00215835 0.03293228 0.03478199
v 0.00854166 0.03187844 0.03478199
v -0.01060866 0.03125155 0.03478200
v -0.00430797 0.03272070 0.03478199
v -0.02176063 0.02481305 0.03478202
v -0.01650172 0.02858148 0.03478200
v -0.02618330 0.02009098 0.03478202
v -0.02959973 0.01459685 0.03478200
v -0.03293261 0.00215848 0.03478200
v -0.03187865 0.00854177 0.03478200
v -0.03125182 -0.01060849 0.03478200
v -0.03272100 -0.00430772 0.03478200
v -0.00905305 -0.06564749 0.03478201
v 0.01872242 -0.08308005 0.03478203
v 0.04500992 -0.09848822 0.03478200
v 0.03788385 -0.09315693 0.03478200
v -0.00372612 -0.07201741 0.03478201
v 0.05239371 -0.12846433 0.04902463
v 0.08000881 -0.12843263 0.04902463
v 0.05060314 -0.10711714 0.04902474
v -0.01316043 -0.05827361 0.04902474
v -0.00905305 -0.06564749 0.04902474
v 0.01459668 0.02959943 0.04902473
v 0.00854166 0.03187844 0.04902430
v 0.00215835 0.03293229 0.04902473
v -0.00430797 0.03272070 0.04902473
v -0.01060866 0.03125155 0.04902473
v -0.01650172 0.02858149 0.04902474
v -0.03187865 0.00854177 0.04902431
v -0.02176063 0.02481305 0.04902474
v -0.02618330 0.02009098 0.04902430
v -0.02959973 0.01459685 0.04902474
v -0.03293261 0.00215848 0.04902474
v -0.03272099 -0.00430772 0.04902474
v -0.03125182 -0.01060849 0.04902474
v -0.02858176 -0.01650150 0.04902474
v 0.02009079 0.02618298 0.04902430
v 0.04500992 -0.09848822 0.04902474
v -0.00372612 -0.07201741 0.04902474
v 0.08000881 -0.12843263 0.04902463
v 0.02009079 0.02618298 0.03478199
v 0.08249119 -0.01358213 0.04902462
v 0.05239371 -0.12846433 0.03478192
v 0.05060314 -0.10711714 0.04902474
v 0.04500992 -0.09848822 0.04902474
v 0.03788385 -0.09315693 0.03478200
v 0.01872242 -0.08308005 0.04902474
v -0.00372612 -0.07201741 0.04902474
v -0.00905305 -0.06564749 0.04902474
v -0.02858176 -0.01650150 0.04902474
v -0.03125182 -0.01060849 0.04902474
v -0.03272099 -0.00430772 0.04902474
v -0.03293261 0.00215848 0.04902474
v -0.03187865 0.00854177 0.03478200
v -0.02959973 0.01459685 0.04902474
v -0.02618330 0.02009098 0.03478202
v -0.02176063 0.02481305 0.04902474
v -0.01650172 0.02858149 0.04902474
v -0.01060866 0.03125155 0.04902473
v -0.00430797 0.03272070 0.04902473
v 0.00215835 0.03293229 0.04902473
v 0.00854166 0.03187844 0.03478199
v -0.01316044 -0.05827361 0.03478201
v 0.01459668 0.02959943 0.04902473
v 0.05239370 -0.12846434 -0.03478191
v 0.08000880 -0.12843264 -0.03478191
v 0.05060313 -0.10711715 -0.03478199
v -0.01316044 -0.05827362 -0.03478199
v -0.00905306 -0.06564749 -0.03478199
v 0.01459667 0.02959942 -0.03478201
v 0.00854165 0.03187843 -0.03478200
v 0.00215834 0.03293228 -0.03478200
v -0.00430798 0.03272070 -0.03478200
v -0.01060867 0.03125154 -0.03478200
v -0.01650173 0.02858148 -0.03478200
v -0.03187866 0.00854176 -0.03478200
v -0.02176064 0.02481304 -0.03478200
v -0.02618331 0.02009097 -0.03478200
v -0.02959974 0.01459684 -0.03478200
v -0.03293262 0.00215847 -0.03478200
v -0.03272100 -0.00430773 -0.03478200
v -0.03125183 -0.01060850 -0.03478200
v -0.02858177 -0.01650151 -0.03478200
v 0.02009078 0.02618298 -0.03478201
v 0.04500991 -0.09848823 -0.03478200
v -0.00372613 -0.07201742 -0.03478199
v 0.08000880 -0.12843264 -0.04902463
v 0.05060313 -0.10711715 -0.04902471
v 0.05239370 -0.12846434 -0.04902462
v 0.01459667 0.02959942 -0.04902472
v -0.02858177 -0.01650151 -0.04902471
v 0.00215834 0.03293227 -0.04902472
v 0.00854165 0.03187843 -0.04902428
v -0.01060867 0.03125154 -0.04902471
v -0.00430798 0.03272069 -0.04902472
v -0.02176064 0.02481304 -0.04902471
v -0.01650173 0.02858148 -0.04902471
v -0.02618331 0.02009097 -0.04902427
v -0.02959974 0.01459684 -0.04902471
v -0.03293262 0.00215847 -0.04902471
v -0.03187866 0.00854176 -0.04902427
v -0.03125183 -0.01060850 -0.04902471
v -0.03272096 -0.00430780 -0.04902471
v -0.00905306 -0.06564750 -0.04902470
v 0.01872241 -0.08308006 -0.04902471
v 0.04500991 -0.09848823 -0.04902471
v 0.03788384 -0.09315694 -0.04902427
v -0.00372613 -0.07201742 -0.04902470
v 0.08000880 -0.12843264 -0.04902463
v 0.08249118 -0.01358214 -0.04902464
v 0.08000880 -0.12843264 -0.04902463
v 0.05060313 -0.10711715 -0.04902471
v 0.05060313 -0.10711715 -0.04902471
v 0.04500991 -0.09848823 -0.04902471
v 0.01872241 -0.08308006 -0.04902471
v 0.01872241 -0.08308006 -0.04902471
v -0.00372613 -0.07201742 -0.04902470
v -0.01316045 -0.05827362 -0.04902470
v -0.02858177 -0.01650151 -0.04902471
v -0.03125183 -0.01060850 -0.04902471
v -0.03272096 -0.00430780 -0.04902471
v -0.03293262 0.00215847 -0.04902471
v -0.02959974 0.01459684 -0.04902471
v -0.02959974 0.01459684 -0.04902471
v -0.02176064 0.02481304 -0.04902471
v -0.02176064 0.02481304 -0.04902471
v -0.01650173 0.02858148 -0.04902471
v -0.01060867 0.03125154 -0.04902471
v -0.00430798 0.03272069 -0.04902472
v 0.00215834 0.03293227 -0.04902472
v 0.01459667 0.02959942 -0.04902472
v -0.02858177 -0.01650151 -0.04902471
v 0.01459667 0.02959942 -0.04902472
vn -0.00000028 -0.00000039 -1.00000000
vn -0.00000059 0.00000008 -1.00000000
vn -0.00000130 -0.00000023 -1.00000000
vn -0.00000019 0.00000255 1.00000000
vn 0.00000704 -0.00000477 1.00000000
vn -0.00001543 0.00000475 1.00000000
vn 0.00114783 -0.99999934 0.00000010
vn 0.00114783 -0.99999934 0.00000010
vn 0.00114783 -0.99999934 0.00000010
vn 0.53741186 0.84331992 -0.00000015
vn 0.53741186 0.84331992 -0.00000015
vn 0.53741186 0.84331992 -0.00000015
vn 0.99976650 -0.02160896 -0.00000012
vn 0.99976650 -0.02160896 -0.00000012
vn 0.99976650 -0.02160896 -0.00000012
vn -0.99650065 -0.08358500 0.00000013
vn -0.99650065 -0.08358500 0.00000013
vn -0.99650065 -0.08358500 0.00000013
vn -0.83913518 -0.54392293 0.00000016
vn -0.83913518 -0.54392293 0.00000016
vn -0.83913518 -0.54392293 0.00000016
vn -0.59904628 -0.80071441 0.00000015
vn -0.59904628 -0.80071441 0.00000015
vn -0.59904628 -0.80071441 0.00000015
vn -0.46545397 -0.88507209 0.00000015
vn -0.46545397 -0.88507209 0.00000015
vn -0.46545397 -0.88507209 0.00000015
vn -0.44203939 -0.89699564 0.00000015
vn -0.44203939 -0.89699564 0.00000015
vn -0.44203939 -0.89699564 0.00000015
vn -0.76711506 -0.64150953 0.00000016
vn -0.76711506 -0.64150953 0.00000016
vn -0.76711506 -0.64150953 0.00000016
vn -0.87361408 -0.48661940 0.00000015
vn -0.87361408 -0.48661940 0.00000015
vn -0.87361408 -0.48661940 0.00000015
vn -0.91086532 -0.41270373 0.00000015
vn -0.91086532 -0.41270373 0.00000015
vn -0.91086532 -0.41270373 0.00000015
vn -0.97387567 -0.22708190 0.00000014
vn -0.97387567 -0.22708190 0.00000014
vn -0.97387567 -0.22708190 0.00000014
vn -0.99946494 -0.03270826 0.00000012
vn -0.99946494 -0.03270826 0.00000012
vn -0.99946494 -0.03270826 0.00000012
vn -0.98664155 0.16290629 0.00000010
vn -0.98664155 0.16290629 0.00000010
vn -0.98664155 0.16290629 0.00000010
vn -0.93590857 0.35224303 0.00000007
vn -0.93590857 0.35224303 0.00000007
vn -0.93590857 0.35224303 0.00000007
vn -0.84920479 0.52806366 0.00000005
vn -0.84920479 0.52806366 0.00000005
vn -0.84920479 0.52806366 0.00000005
vn -0.72986685 0.68358934 0.00000001
vn -0.72986685 0.68358934 0.00000001
vn -0.72986685 0.68358934 0.00000001
vn -0.58247289 0.81285013 -0.00000002
vn -0.58247289 0.81285013 -0.00000002
vn -0.58247289 0.81285013 -0.00000002
vn -0.41270059 0.91086674 -0.00000005
vn -0.41270059 0.91086674 -0.00000005
vn -0.41270059 0.91086674 -0.00000005
vn -0.22708244 0.97387554 -0.00000008
vn -0.22708244 0.97387554 -0.00000008
vn -0.22708244 0.97387554 -0.00000008
vn -0.03270303 0.99946511 -0.00000010
vn -0.03270303 0.99946511 -0.00000010
vn -0.03270303 0.99946511 -0.00000010
vn 0.16288850 0.98664448 -0.00000012
vn 0.16288850 0.98664448 -0.00000012
vn 0.16288850 0.98664448 -0.00000012
vn 0.35225849 0.93590275 -0.00000014
vn 0.35225849 0.93590275 -0.00000014
vn 0.35225849 0.93590275 -0.00000014
vn -0.93811270 -0.34633014 0.00000015
vn -0.93811270 -0.34633014 0.00000015
vn -0.93811270 -0.34633014 0.00000015
vn 0.52806697 0.84920273 -0.00000015
vn 0.52806697 0.84920273 -0.00000015
vn 0.52806697 0.84920273 -0.00000015
vn -0.00000100 0.00000004 1.00000000
vn -0.00000034 -0.00000060 1.00000000
vn -0.00000037 -0.00000067 1.00000000
vn 0.00000126 0.00000227 -1.00000000
vn 0.00002064 -0.00001637 -1.00000000
vn -0.00000080 0.00000235 -1.00000000
vn 0.00114783 -0.99999934 0.00000010
vn 0.00114783 -0.99999934 0.00000010
vn 0.00114783 -0.99999934 0.00000010
vn 0.53741186 0.84331992 -0.00000015
vn 0.53741186 0.84331992 -0.00000015
vn 0.53741186 0.84331992 -0.00000015
vn 0.99976650 -0.02160896 -0.00000012
vn 0.99976650 -0.02160896 -0.00000012
vn 0.99976650 -0.02160896 -0.00000012
vn -0.99650065 -0.08358500 0.00000013
vn -0.99650065 -0.08358500 0.00000013
vn -0.99650065 -0.08358500 0.00000013
vn -0.83913518 -0.54392293 0.00000016
vn -0.83913518 -0.54392293 0.00000016
vn -0.83913518 -0.54392293 0.00000016
vn -0.59904628 -0.80071441 0.00000015
vn -0.59904628 -0.80071441 0.00000015
vn -0.59904628 -0.80071441 0.00000015
vn -0.46545397 -0.88507209 0.00000015
vn -0.46545397 -0.88507209 0.00000015
vn -0.46545397 -0.88507209 0.00000015
vn -0.44203939 -0.89699564 0.00000015
vn -0.44203939 -0.89699564 0.00000015
vn -0.44203939 -0.89699564 0.00000015
vn -0.76711506 -0.64150953 0.00000016
vn -0.76711506 -0.64150953 0.00000016
vn -0.76711506 -0.64150953 0.00000016
vn -0.87361408 -0.48661940 0.00000015
vn -0.87361408 -0.48661940 0.00000015
vn -0.87361408 -0.48661940 0.00000015
vn -0.91086532 -0.41270373 0.00000015
vn -0.91086532 -0.41270373 0.00000015
vn -0.91086532 -0.41270373 0.00000015
vn -0.97387628 -0.22707928 -0.00000032
vn -0.97387589 -0.22708092 -0.00000108
vn -0.97387567 -0.22708190 -0.00000154
vn -0.99946480 -0.03271262 -0.00000186
vn -0.99946489 -0.03270988 -0.00000062
vn -0.99946494 -0.03270826 0.00000012
vn -0.98664155 0.16290629 0.00000010
vn -0.98664155 0.16290629 0.00000010
vn -0.98664155 0.16290629 0.00000010
vn -0.93590857 0.35224303 0.00000007
vn -0.93590857 0.35224303 0.00000007
vn -0.93590857 0.35224303 0.00000007
vn -0.84920479 0.52806366 0.00000005
vn -0.84920479 0.52806366 0.00000005
vn -0.84920479 0.52806366 0.00000005
vn -0.72986685 0.68358934 0.00000001
vn -0.72986685 0.68358934 0.00000001
vn -0.72986685 0.68358934 0.00000001
vn -0.58247289 0.81285013 -0.00000002
vn -0.58247289 0.81285013 -0.00000002
vn -0.58247289 0.81285013 -0.00000002
vn -0.41270059 0.91086674 -0.00000005
vn -0.41270059 0.91086674 -0.00000005
vn -0.41270059 0.91086674 -0.00000005
vn -0.22708244 0.97387554 -0.00000008
vn -0.22708244 0.97387554 -0.00000008
vn -0.22708244 0.97387554 -0.00000008
vn -0.03270303 0.99946511 -0.00000010
vn -0.03270303 0.99946511 -0.00000010
vn -0.03270303 0.99946511 -0.00000010
vn 0.16288850 0.98664448 -0.00000012
vn 0.16288850 0.98664448 -0.00000012
vn 0.16288850 0.98664448 -0.00000012
vn 0.35225849 0.93590275 -0.00000014
vn 0.35225849 0.93590275 -0.00000014
vn 0.35225849 0.93590275 -0.00000014
vn -0.93811270 -0.34633014 0.00000015
vn -0.93811270 -0.34633014 0.00000015
vn -0.93811270 -0.34633014 0.00000015
vn 0.52806697 0.84920273 -0.00000015
vn 0.52806697 0.84920273 -0.00000015
vn 0.52806697 0.84920273 -0.00000015
vn -0.00000181 0.00000147 -1.00000000
vn -0.00000178 0.00000071 -1.00000000
vn -0.00000012 0.00000381 -1.00000000
vn -0.00000012 -0.00000010 -1.00000000
vn -0.00000012 -0.00000010 -1.00000000
vn -0.00000012 -0.00000010 -1.00000000
vn -0.00000012 -0.00000010 -1.00000000
vn -0.00000012 -0.00000010 -1.00000000
vn -0.00000012 -0.00000010 -1.00000000
vn -0.00001521 0.00001403 -1.00000000
vn -0.00000112 0.00000084 -1.00000000
vn -0.00001521 0.00001403 -1.00000000
vn -0.00000112 0.00000084 -1.00000000
vn -0.00000012 -0.00000010 -1.00000000
vn -0.00000012 -0.00000010 -1.00000000
vn -0.00000012 -0.00000010 -1.00000000
vn -0.00000012 -0.00000010 -1.00000000
vn 0.00000138 0.00000079 -1.00000000
vn -0.00000075 -0.00000083 -1.00000000
vn -0.00000089 -0.00000075 -1.00000000
vn -0.00000112 -0.00000059 -1.00000000
vn 0.00000186 0.00000155 -1.00000000
vn 0.00000012 -0.00000503 1.00000000
vn 0.00000234 -0.00000197 1.00000000
vn 0.00000230 -0.00000096 1.00000000
vn 0.00000163 0.00000251 1.00000000
vn 0.00000012 0.00000010 1.00000000
vn 0.00003591 -0.00000590 1.00000000
vn 0.00017694 0.00066001 0.99999977
vn 0.00000343 0.00002038 1.00000000
vn 0.00000012 0.00000010 1.00000000
vn 0.00000451 -0.00002245 1.00000000
vn 0.00001620 -0.00003519 1.00000000
vn 0.00001455 -0.00000160 1.00000000
vn 0.00020006 -0.00027891 0.99999994
vn -0.00023540 0.00021764 0.99999995
vn 0.00010262 -0.00009590 0.99999999
vn 0.00022122 0.00002921 0.99999998
vn 0.00000012 0.00000010 1.00000000
vn 0.00005798 0.00002387 1.00000000
vn 0.00000572 0.00000546 1.00000000
vn 0.00002078 -0.00001602 1.00000000
vn -0.00001645 0.00000871 1.00000000
vn 0.00000012 0.00000010 1.00000000
vn 0.00114783 -0.99999934 0.00000010
vn 0.53741186 0.84331992 -0.00000015
vn 0.99976650 -0.02160896 -0.00000012
vn -0.99650065 -0.08358500 0.00000013
vn -0.83913518 -0.54392293 0.00000016
vn -0.59904628 -0.80071441 0.00000015
vn -0.46545397 -0.88507209 0.00000015
vn -0.44203939 -0.89699564 0.00000015
vn -0.76711506 -0.64150953 0.00000016
vn -0.87361408 -0.48661940 0.00000015
vn -0.91086532 -0.41270373 0.00000015
vn -0.97387567 -0.22708190 0.00000014
vn -0.99946494 -0.03270826 0.00000012
vn -0.98664155 0.16290629 0.00000010
vn -0.93590857 0.35224303 0.00000007
vn -0.84920479 0.52806366 0.00000005
vn -0.72986685 0.68358934 0.00000001
vn -0.58247289 0.81285013 -0.00000002
vn -0.41270059 0.91086674 -0.00000005
vn -0.22708244 0.97387554 -0.00000008
vn -0.03270303 0.99946511 -0.00000010
vn 0.16288850 0.98664448 -0.00000012
vn 0.35225849 0.93590275 -0.00000014
vn -0.93811270 -0.34633014 0.00000015
vn 0.52806697 0.84920273 -0.00000015
vn 0.00000011 0.00000402 1.00000000
vn -0.00000158 0.00000168 1.00000000
vn -0.00000155 0.00000092 1.00000000
vn -0.00000035 -0.00000005 1.00000000
vn 0.00000012 0.00000010 1.00000000
vn 0.00000012 0.00000010 1.00000000
vn 0.00000012 0.00000010 1.00000000
vn 0.00000012 0.00000010 1.00000000
vn 0.00000012 0.00000010 1.00000000
vn 0.00000012 0.00000010 1.00000000
vn 0.00000012 0.00000010 1.00000000
vn 0.00000012 0.00000010 1.00000000
vn 0.00000012 0.00000010 1.00000000
vn 0.00000012 0.00000010 1.00000000
vn 0.00000012 0.00000010 1.00000000
vn 0.00000012 0.00000010 1.00000000
vn 0.00000012 0.00000010 1.00000000
vn 0.00000012 0.00000010 1.00000000
vn 0.00000012 0.00000010 1.00000000
vn -0.00000035 0.00000029 1.00000000
vn -0.00000065 -0.00000054 1.00000000
vn 0.00000012 0.00000010 1.00000000
vn 0.00000158 -0.00000168 -1.00000000
vn 0.00000155 -0.00000092 -1.00000000
vn -0.00000011 -0.00000402 -1.00000000
vn 0.00003611 -0.00000618 -1.00000000
vn 0.00000555 0.00000532 -1.00000000
vn 0.00000323 0.00002041 -1.00000000
vn 0.00017883 0.00066776 -0.99999976
vn 0.00000432 -0.00002293 -1.00000000
vn -0.00000012 -0.00000010 -1.00000000
vn 0.00020223 -0.00028248 -0.99999994
vn 0.00001616 -0.00003583 -1.00000000
vn -0.00023848 0.00022005 -0.99999995
vn 0.00010362 -0.00009727 -0.99999999
vn 0.00022364 0.00002935 -0.99999997
vn 0.00001449 -0.00000183 -1.00000000
vn 0.00005844 0.00002395 -1.00000000
vn -0.00000012 -0.00000010 -1.00000000
vn -0.00000012 -0.00000010 -1.00000000
vn 0.00000674 -0.00000527 -1.00000000
vn -0.00001714 0.00000839 -1.00000000
vn -0.00001602 0.00000435 -1.00000000
vn -0.00000012 -0.00000010 -1.00000000
vn 0.00114783 -0.99999934 0.00000010
vn 0.53741186 0.84331992 -0.00000015
vn 0.99976650 -0.02160896 -0.00000012
vn -0.99650065 -0.08358500 0.00000013
vn -0.83913518 -0.54392293 0.00000016
vn -0.59904628 -0.80071441 0.00000015
vn -0.46545397 -0.88507209 0.00000015
vn -0.44203939 -0.89699564 0.00000015
vn -0.76711506 -0.64150953 0.00000016
vn -0.87361408 -0.48661940 0.00000015
vn -0.91086532 -0.41270373 0.00000015
vn -0.97387650 -0.22707831 0.00000014
vn -0.99946475 -0.03271424 -0.00000260
vn -0.98664155 0.16290629 0.00000010
vn -0.93590857 0.35224303 0.00000007
vn -0.84920479 0.52806366 0.00000005
vn -0.72986685 0.68358934 0.00000001
vn -0.58247289 0.81285013 -0.00000002
vn -0.41270059 0.91086674 -0.00000005
vn -0.22708244 0.97387554 -0.00000008
vn -0.03270303 0.99946511 -0.00000010
vn 0.16288850 0.98664448 -0.00000012
vn 0.35225849 0.93590275 -0.00000014
vn -0.93811270 -0.34633014 0.00000015
vn 0.52806697 0.84920273 -0.00000015
vt 0.00000000 0.00000000
vt 0.00000000 0.00000000
vt 0.00000000 0.00000000
vt 0.00000000 0.00000000
vt 0.00000000 0.00000000
vt 0.00000000 0.00000000
vt 0.00000000 0.00000000
vt 0.00000000 0.00000000
vt 0.00000000 0.00000000
vt 0.00000000 0.00000000
vt 0.00000000 0.00000000
vt 0.00000000 0.00000000
vt 0.00000000 0.00000000
vt 0.00000000 0.00000000
vt 0.00000000 0.00000000
vt 0.00000000 0.00000000
vt 0.00000000 0.00000000
vt 0.00000000 0.00000000
vt 0.00000000 0.00000000
vt 0.00000000 0.00000000
vt 0.00000000 0.00000000
vt 0.00000000 0.00000000
vt 0.00000000 0.00000000
vt 0.00000000 0.00000000
vt 0.00000000 0.00000000
vt 0.00000000 0.00000000
vt 0.00000000 0.00000000
vt 0.00000000 0.00000000
vt 0.00000000 0.00000000
vt 0.00000000 0.00000000
vt 0.00000000 0.00000000
vt 0.00000000 0.00000000
vt 0.00000000 0.00000000
vt 0.00000000 0.00000000
vt 0.00000000 0.00000000
vt 0.00000000 0.00000000
vt 0.00000000 0.00000000
vt 0.00000000 0.00000000
vt 0.00000000 0.00000000
vt 0.00000000 0.00000000
vt 0.00000000 0.00000000
vt 0.00000000 0.00000000
vt 0.00000000 0.00000000
vt 0.00000000 0.00000000
vt 0.00000000 0.00000000
vt 0.00000000 0.00000000
vt 0.00000000 0.00000000
vt 0.00000000 0.00000000
vt 0.00000000 0.00000000
vt 0.00000000 0.00000000
vt 0.00000000 0.00000000
vt 0.00000000 0.00000000
vt 0.00000000 0.00000000
vt 0.00000000 0.00000000
vt 0.00000000 0.00000000
vt 0.00000000 0.00000000
vt 0.00000000 0.00000000
vt 0.00000000 0.00000000
vt 0.00000000 0.00000000
vt 0.00000000 0.00000000
vt 0.00000000 0.00000000
vt 0.00000000 0.00000000
vt 0.00000000 0.00000000
vt 0.00000000 0.00000000
vt 0.00000000 0.00000000
vt 0.00000000 0.00000000
vt 0.00000000 0.00000000
vt 0.00000000 0.00000000
vt 0.00000000 0.00000000
vt 0.00000000 0.00000000
vt 0.00000000 0.00000000
vt 0.00000000 0.00000000
vt 0.00000000 0.00000000
vt 0.00000000 0.00000000
vt 0.00000000 0.00000000
vt 0.00000000 0.00000000
vt 0.00000000 0.00000000
vt 0.00000000 0.00000000
vt 0.00000000 0.00000000
vt 0.00000000 0.00000000
vt 0.00000000 0.00000000
vt 0.00000000 0.00000000
vt 0.00000000 0.00000000
vt 0.00000000 0.00000000
vt 0.00000000 0.00000000
vt 0.00000000 0.00000000
vt 0.00000000 0.00000000
vt 0.00000000 0.00000000
vt 0.00000000 0.00000000
vt 0.00000000 0.00000000
vt 0.00000000 0.00000000
vt 0.00000000 0.00000000
vt 0.00000000 0.00000000
vt 0.00000000 0.00000000
vt 0.00000000 0.00000000
vt 0.00000000 0.00000000
vt 0.00000000 0.00000000
vt 0.00000000 0.00000000
vt 0.00000000 0.00000000
vt 0.00000000 0.00000000
vt 0.00000000 0.00000000
vt 0.00000000 0.00000000
vt 0.00000000 0.00000000
vt 0.00000000 0.00000000
vt 0.00000000 0.00000000
vt 0.00000000 0.00000000
vt 0.00000000 0.00000000
vt 0.00000000 0.00000000
vt 0.00000000 0.00000000
vt 0.00000000 0.00000000
vt 0.00000000 0.00000000
vt 0.00000000 0.00000000
vt 0.00000000 0.00000000
vt 0.00000000 0.00000000
vt 0.00000000 0.00000000
vt 0.00000000 0.00000000
vt 0.00000000 0.00000000
vt 0.00000000 0.00000000
vt 0.00000000 0.00000000
vt 0.00000000 0.00000000
vt 0.00000000 0.00000000
vt 0.00000000 0.00000000
vt 0.00000000 0.00000000
vt 0.00000000 0.00000000
vt 0.00000000 0.00000000
vt 0.00000000 0.00000000
vt 0.00000000 0.00000000
vt 0.00000000 0.00000000
vt 0.00000000 0.00000000
vt 0.00000000 0.00000000
vt 0.00000000 0.00000000
vt 0.00000000 0.00000000
vt 0.00000000 0.00000000
vt 0.00000000 0.00000000
vt 0.00000000 0.00000000
vt 0.00000000 0.00000000
vt 0.00000000 0.00000000
vt 0.00000000 0.00000000
vt 0.00000000 0.00000000
vt 0.00000000 0.00000000
vt 0.00000000 0.00000000
vt 0.00000000 0.00000000
vt 0.00000000 0.00000000
vt 0.00000000 0.00000000
vt 0.00000000 0.00000000
vt 0.00000000 0.00000000
vt 0.00000000 0.00000000
vt 0.00000000 0.00000000
vt 0.00000000 0.00000000
vt 0.00000000 0.00000000
vt 0.00000000 0.00000000
vt 0.00000000 0.00000000
vt 0.00000000 0.00000000
vt 0.00000000 0.00000000
vt 0.00000000 0.00000000
vt 0.00000000 0.00000000
vt 0.00000000 0.00000000
vt 0.00000000 0.00000000
vt 0.00000000 0.00000000
vt 0.00000000 0.00000000
vt 0.00000000 0.00000000
vt 0.00000000 0.00000000
vt 0.00000000 0.00000000
vt 0.00000000 0.00000000
vt 0.00000000 0.00000000
vt 0.00000000 0.00000000
vt 0.00000000 0.00000000
vt 0.00000000 0.00000000
vt 0.00000000 0.00000000
vt 0.00000000 0.00000000
vt 0.00000000 0.00000000
vt 0.00000000 0.00000000
vt 0.00000000 0.00000000
vt 0.00000000 0.00000000
vt 0.00000000 0.00000000
vt 0.00000000 0.00000000
vt 0.00000000 0.00000000
vt 0.00000000 0.00000000
vt 0.00000000 0.00000000
vt 0.00000000 0.00000000
vt 0.00000000 0.00000000
vt 0.00000000 0.00000000
vt 0.00000000 0.00000000
vt 0.00000000 0.00000000
vt 0.00000000 0.00000000
vt 0.00000000 0.00000000
vt 0.00000000 0.00000000
vt 0.00000000 0.00000000
vt 0.00000000 0.00000000
vt 0.00000000 0.00000000
vt 0.00000000 0.00000000
vt 0.00000000 0.00000000
vt 0.00000000 0.00000000
vt 0.00000000 0.00000000
vt 0.00000000 0.00000000
vt 0.00000000 0.00000000
vt 0.00000000 0.00000000
vt 0.00000000 0.00000000
vt 0.00000000 0.00000000
vt 0.00000000 0.00000000
vt 0.00000000 0.00000000
vt 0.00000000 0.00000000
vt 0.00000000 0.00000000
vt 0.00000000 0.00000000
vt 0.00000000 0.00000000
vt 0.00000000 0.00000000
vt 0.00000000 0.00000000
vt 0.00000000 0.00000000
vt 0.00000000 0.00000000
vt 0.00000000 0.00000000
vt 0.00000000 0.00000000
vt 0.00000000 0.00000000
vt 0.00000000 0.00000000
vt 0.00000000 0.00000000
vt 0.00000000 0.00000000
vt 0.00000000 0.00000000
vt 0.00000000 0.00000000
vt 0.00000000 0.00000000
vt 0.00000000 0.00000000
vt 0.00000000 0.00000000
vt 0.00000000 0.00000000
vt 0.00000000 0.00000000
vt 0.00000000 0.00000000
vt 0.00000000 0.00000000
vt 0.00000000 0.00000000
vt 0.00000000 0.00000000
vt 0.00000000 0.00000000
vt 0.00000000 0.00000000
vt 0.00000000 0.00000000
vt 0.00000000 0.00000000
vt 0.00000000 0.00000000
vt 0.00000000 0.00000000
vt 0.00000000 0.00000000
vt 0.00000000 0.00000000
vt 0.00000000 0.00000000
vt 0.00000000 0.00000000
vt 0.00000000 0.00000000
vt 0.00000000 0.00000000
vt 0.00000000 0.00000000
vt 0.00000000 0.00000000
vt 0.00000000 0.00000000
vt 0.00000000 0.00000000
vt 0.00000000 0.00000000
vt 0.00000000 0.00000000
vt 0.00000000 0.00000000
vt 0.00000000 0.00000000
vt 0.00000000 0.00000000
vt 0.00000000 0.00000000
vt 0.00000000 0.00000000
vt 0.00000000 0.00000000
vt 0.00000000 0.00000000
vt 0.00000000 0.00000000
vt 0.00000000 0.00000000
vt 0.00000000 0.00000000
vt 0.00000000 0.00000000
vt 0.00000000 0.00000000
vt 0.00000000 0.00000000
vt 0.00000000 0.00000000
vt 0.00000000 0.00000000
vt 0.00000000 0.00000000
vt 0.00000000 0.00000000
vt 0.00000000 0.00000000
vt 0.00000000 0.00000000
vt 0.00000000 0.00000000
vt 0.00000000 0.00000000
vt 0.00000000 0.00000000
vt 0.00000000 0.00000000
vt 0.00000000 0.00000000
vt 0.00000000 0.00000000
vt 0.00000000 0.00000000
vt 0.00000000 0.00000000
vt 0.00000000 0.00000000
vt 0.00000000 0.00000000
vt 0.00000000 0.00000000
vt 0.00000000 0.00000000
vt 0.00000000 0.00000000
vt 0.00000000 0.00000000
vt 0.00000000 0.00000000
vt 0.00000000 0.00000000
vt 0.00000000 0.00000000
vt 0.00000000 0.00000000
vt 0.00000000 0.00000000
vt 0.00000000 0.00000000
vt 0.00000000 0.00000000
vt 0.00000000 0.00000000
vt 0.00000000 0.00000000
vt 0.00000000 0.00000000
vt 0.00000000 0.00000000
vt 0.00000000 0.00000000
vt 0.00000000 0.00000000
vt 0.00000000 0.00000000
vt 0.00000000 0.00000000
vt 0.00000000 0.00000000
vt 0.00000000 0.00000000
vt 0.00000000 0.00000000
vt 0.00000000 0.00000000
vt 0.00000000 0.00000000
vt 0.00000000 0.00000000
vt 0.00000000 0.00000000
vt 0.00000000 0.00000000
f 6196/6196/6196 6197/6197/6197 6198/6198/6198
f 6199/6199/6199 6200/6200/6200 6201/6201/6201
f 6202/6202/6202 6203/6203/6203 6204/6204/6204
f 6205/6205/6205 6206/6206/6206 6207/6207/6207
f 6208/6208/6208 6209/6209/6209 6210/6210/6210
f 6211/6211/6211 6212/6212/6212 6213/6213/6213
f 6214/6214/6214 6215/6215/6215 6216/6216/6216
f 6217/6217/6217 6218/6218/6218 6219/6219/6219
f 6220/6220/6220 6221/6221/6221 6222/6222/6222
f 6223/6223/6223 6224/6224/6224 6225/6225/6225
f 6226/6226/6226 6227/6227/6227 6228/6228/6228
f 6229/6229/6229 6230/6230/6230 6231/6231/6231
f 6232/6232/6232 6233/6233/6233 6234/6234/6234
f 6235/6235/6235 6236/6236/6236 6237/6237/6237
f 6238/6238/6238 6239/6239/6239 6240/6240/6240
f 6241/6241/6241 6242/6242/6242 6243/6243/6243
f 6244/6244/6244 6245/6245/6245 6246/6246/6246
f 6247/6247/6247 6248/6248/6248 6249/6249/6249
f 6250/6250/6250 6251/6251/6251 6252/6252/6252
f 6253/6253/6253 6254/6254/6254 6255/6255/6255
f 6256/6256/6256 6257/6257/6257 6258/6258/6258
f 6259/6259/6259 6260/6260/6260 6261/6261/6261
f 6262/6262/6262 6263/6263/6263 6264/6264/6264
f 6265/6265/6265 6266/6266/6266 6267/6267/6267
f 6268/6268/6268 6269/6269/6269 6270/6270/6270
f 6271/6271/6271 6272/6272/6272 6273/6273/6273
f 6274/6274/6274 6275/6275/6275 6276/6276/6276
f 6277/6277/6277 6278/6278/6278 6279/6279/6279
f 6280/6280/6280 6281/6281/6281 6282/6282/6282
f 6283/6283/6283 6284/6284/6284 6285/6285/6285
f 6286/6286/6286 6287/6287/6287 6288/6288/6288
f 6289/6289/6289 6290/6290/6290 6291/6291/6291
f 6292/6292/6292 6293/6293/6293 6294/6294/6294
f 6295/6295/6295 6296/6296/6296 6297/6297/6297
f 6298/6298/6298 6299/6299/6299 6300/6300/6300
f 6301/6301/6301 6302/6302/6302 6303/6303/6303
f 6304/6304/6304 6305/6305/6305 6306/6306/6306
f 6307/6307/6307 6308/6308/6308 6309/6309/6309
f 6310/6310/6310 6311/6311/6311 6312/6312/6312
f 6313/6313/6313 6314/6314/6314 6315/6315/6315
f 6316/6316/6316 6317/6317/6317 6318/6318/6318
f 6319/6319/6319 6320/6320/6320 6321/6321/6321
f 6322/6322/6322 6323/6323/6323 6324/6324/6324
f 6325/6325/6325 6326/6326/6326 6327/6327/6327
f 6328/6328/6328 6329/6329/6329 6330/6330/6330
f 6331/6331/6331 6332/6332/6332 6333/6333/6333
f 6334/6334/6334 6335/6335/6335 6336/6336/6336
f 6337/6337/6337 6338/6338/6338 6339/6339/6339
f 6340/6340/6340 6341/6341/6341 6342/6342/6342
f 6343/6343/6343 6344/6344/6344 6345/6345/6345
f 6346/6346/6346 6347/6347/6347 6348/6348/6348
f 6349/6349/6349 6350/6350/6350 6351/6351/6351
f 6352/6352/6352 6353/6353/6353 6354/6354/6354
f 6355/6355/6355 6356/6356/6356 6357/6357/6357
f 6198/6198/6198 6358/6358/6358 6359/6359/6359
f 6358/6358/6358 6360/6360/6360 6359/6359/6359
f 6361/6361/6361 6197/6197/6197 6362/6362/6362
f 6363/6363/6363 6364/6364/6364 6361/6361/6361
f 6365/6365/6365 6366/6366/6366 6363/6363/6363
f 6367/6367/6367 6368/6368/6368 6369/6369/6369
f 6370/6370/6370 6369/6369/6369 6368/6368/6368
f 6371/6371/6371 6372/6372/6372 6373/6373/6373
f 6373/6373/6373 6374/6374/6374 6371/6371/6371
f 6375/6375/6375 6196/6196/6196 6376/6376/6376
f 6362/6362/6362 6373/6373/6373 6372/6372/6372
f 6372/6372/6372 6370/6370/6370 6368/6368/6368
f 6368/6368/6368 6365/6365/6365 6372/6372/6372
f 6363/6363/6363 6361/6361/6361 6362/6362/6362
f 6198/6198/6198 6359/6359/6359 6377/6377/6377
f 6198/6198/6198 6377/6377/6377 6378/6378/6378
f 6365/6365/6365 6363/6363/6363 6372/6372/6372
f 6362/6362/6362 6372/6372/6372 6363/6363/6363
f 6379/6379/6379 6375/6375/6375 6376/6376/6376
f 6198/6198/6198 6378/6378/6378 6376/6376/6376
f 6376/6376/6376 6196/6196/6196 6198/6198/6198
f 6362/6362/6362 6197/6197/6197 6196/6196/6196
f 6380/6380/6380 6381/6381/6381 6382/6382/6382
f 6383/6383/6383 6384/6384/6384 6200/6200/6200
f 6385/6385/6385 6386/6386/6386 6387/6387/6387
f 6387/6387/6387 6388/6388/6388 6389/6389/6389
f 6389/6389/6389 6390/6390/6390 6391/6391/6391
f 6392/6392/6392 6393/6393/6393 6390/6390/6390
f 6394/6394/6394 6390/6390/6390 6393/6393/6393
f 6395/6395/6395 6396/6396/6396 6397/6397/6397
f 6398/6398/6398 6383/6383/6383 6399/6399/6399
f 6395/6395/6395 6397/6397/6397 6391/6391/6391
f 6394/6394/6394 6391/6391/6391 6390/6390/6390
f 6387/6387/6387 6389/6389/6389 6391/6391/6391
f 6399/6399/6399 6385/6385/6385 6398/6398/6398
f 6382/6382/6382 6381/6381/6381 6199/6199/6199
f 6400/6400/6400 6382/6382/6382 6199/6199/6199
f 6385/6385/6385 6387/6387/6387 6398/6398/6398
f 6391/6391/6391 6397/6397/6397 6398/6398/6398
f 6383/6383/6383 6199/6199/6199 6399/6399/6399
f 6200/6200/6200 6199/6199/6199 6383/6383/6383
f 6387/6387/6387 6391/6391/6391 6398/6398/6398
f 6201/6201/6201 6400/6400/6400 6199/6199/6199
f 6401/6401/6401 6200/6200/6200 6384/6384/6384
f 6202/6202/6202 6402/6402/6402 6203/6203/6203
f 6205/6205/6205 6403/6403/6403 6206/6206/6206
f 6208/6208/6208 6404/6404/6404 6209/6209/6209
f 6211/6211/6211 6405/6405/6405 6212/6212/6212
f 6214/6214/6214 6406/6406/6406 6215/6215/6215
f 6217/6217/6217 6407/6407/6407 6218/6218/6218
f 6220/6220/6220 6408/6408/6408 6221/6221/6221
f 6223/6223/6223 6409/6409/6409 6224/6224/6224
f 6226/6226/6226 6410/6410/6410 6227/6227/6227
f 6229/6229/6229 6411/6411/6411 6230/6230/6230
f 6232/6232/6232 6412/6412/6412 6233/6233/6233
f 6235/6235/6235 6413/6413/6413 6236/6236/6236
f 6238/6238/6238 6414/6414/6414 6239/6239/6239
f 6241/6241/6241 6415/6415/6415 6242/6242/6242
f 6244/6244/6244 6416/6416/6416 6245/6245/6245
f 6247/6247/6247 6417/6417/6417 6248/6248/6248
f 6250/6250/6250 6418/6418/6418 6251/6251/6251
f 6253/6253/6253 6419/6419/6419 6254/6254/6254
f 6256/6256/6256 6420/6420/6420 6257/6257/6257
f 6259/6259/6259 6421/6421/6421 6260/6260/6260
f 6262/6262/6262 6422/6422/6422 6263/6263/6263
f 6265/6265/6265 6423/6423/6423 6266/6266/6266
f 6268/6268/6268 6424/6424/6424 6269/6269/6269
f 6271/6271/6271 6425/6425/6425 6272/6272/6272
f 6274/6274/6274 6426/6426/6426 6275/6275/6275
f 6427/6427/6427 6428/6428/6428 6429/6429/6429
f 6430/6430/6430 6431/6431/6431 6278/6278/6278
f 6432/6432/6432 6433/6433/6433 6434/6434/6434
f 6434/6434/6434 6435/6435/6435 6436/6436/6436
f 6436/6436/6436 6437/6437/6437 6438/6438/6438
f 6439/6439/6439 6440/6440/6440 6437/6437/6437
f 6441/6441/6441 6437/6437/6437 6440/6440/6440
f 6442/6442/6442 6443/6443/6443 6444/6444/6444
f 6445/6445/6445 6430/6430/6430 6446/6446/6446
f 6442/6442/6442 6444/6444/6444 6438/6438/6438
f 6441/6441/6441 6438/6438/6438 6437/6437/6437
f 6434/6434/6434 6436/6436/6436 6438/6438/6438
f 6446/6446/6446 6438/6438/6438 6445/6445/6445
f 6429/6429/6429 6428/6428/6428 6277/6277/6277
f 6447/6447/6447 6429/6429/6429 6277/6277/6277
f 6432/6432/6432 6434/6434/6434 6446/6446/6446
f 6438/6438/6438 6444/6444/6444 6445/6445/6445
f 6430/6430/6430 6277/6277/6277 6446/6446/6446
f 6278/6278/6278 6277/6277/6277 6430/6430/6430
f 6434/6434/6434 6438/6438/6438 6446/6446/6446
f 6279/6279/6279 6447/6447/6447 6277/6277/6277
f 6448/6448/6448 6278/6278/6278 6431/6431/6431
f 6282/6282/6282 6449/6449/6449 6450/6450/6450
f 6449/6449/6449 6451/6451/6451 6450/6450/6450
f 6452/6452/6452 6281/6281/6281 6453/6453/6453
f 6454/6454/6454 6455/6455/6455 6452/6452/6452
f 6456/6456/6456 6457/6457/6457 6454/6454/6454
f 6458/6458/6458 6459/6459/6459 6460/6460/6460
f 6461/6461/6461 6460/6460/6460 6459/6459/6459
f 6462/6462/6462 6463/6463/6463 6464/6464/6464
f 6464/6464/6464 6465/6465/6465 6462/6462/6462
f 6466/6466/6466 6280/6280/6280 6467/6467/6467
f 6453/6453/6453 6464/6464/6464 6463/6463/6463
f 6463/6463/6463 6461/6461/6461 6459/6459/6459
f 6459/6459/6459 6456/6456/6456 6463/6463/6463
f 6454/6454/6454 6452/6452/6452 6453/6453/6453
f 6282/6282/6282 6450/6450/6450 6468/6468/6468
f 6282/6282/6282 6468/6468/6468 6469/6469/6469
f 6456/6456/6456 6454/6454/6454 6463/6463/6463
f 6453/6453/6453 6463/6463/6463 6454/6454/6454
f 6470/6470/6470 6466/6466/6466 6467/6467/6467
f 6282/6282/6282 6469/6469/6469 6467/6467/6467
f 6467/6467/6467 6280/6280/6280 6282/6282/6282
f 6453/6453/6453 6281/6281/6281 6280/6280/6280
f 6283/6283/6283 6471/6471/6471 6284/6284/6284
f 6286/6286/6286 6472/6472/6472 6287/6287/6287
f 6289/6289/6289 6473/6473/6473 6290/6290/6290
f 6292/6292/6292 6474/6474/6474 6293/6293/6293
f 6295/6295/6295 6475/6475/6475 6296/6296/6296
f 6298/6298/6298 6476/6476/6476 6299/6299/6299
f 6301/6301/6301 6477/6477/6477 6302/6302/6302
f 6304/6304/6304 6478/6478/6478 6305/6305/6305
f 6307/6307/6307 6479/6479/6479 6308/6308/6308
f 6310/6310/6310 6480/6480/6480 6311/6311/6311
f 6313/6313/6313 6481/6481/6481 6314/6314/6314
f 6316/6316/6316 6482/6482/6482 6317/6317/6317
f 6319/6319/6319 6483/6483/6483 6320/6320/6320
f 6322/6322/6322 6484/6484/6484 6323/6323/6323
f 6325/6325/6325 6485/6485/6485 6326/6326/6326
f 6328/6328/6328 6486/6486/6486 6329/6329/6329
f 6331/6331/6331 6487/6487/6487 6332/6332/6332
f 6334/6334/6334 6488/6488/6488 6335/6335/6335
f 6337/6337/6337 6489/6489/6489 6338/6338/6338
f 6340/6340/6340 6490/6490/6490 6341/6341/6341
f 6343/6343/6343 6491/6491/6491 6344/6344/6344
f 6346/6346/6346 6492/6492/6492 6347/6347/6347
f 6349/6349/6349 6493/6493/6493 6350/6350/6350
f 6352/6352/6352 6494/6494/6494 6353/6353/6353
f 6355/6355/6355 6495/6495/6495 6356/6356/6356

