# https://github.com/mikedh/trimesh
mtllib Forearm.mtl

o part_000
usemtl material_0
v 0.02811517 0.05152761 0.21239973
v 0.03193426 0.05420596 0.21240523
v 0.03012482 0.05526916 0.21239556
v 0.02980208 0.05053280 0.21240874
v 0.03292154 0.05182716 0.21241578
v 0.02948054 -0.05072818 0.21240706
v 0.02994683 -0.05536935 0.21239464
v 0.03175953 -0.05431199 0.21240433
v 0.03012482 0.05526916 0.21239556
v 0.03163931 0.05459795 0.01012248
v 0.02981781 0.05561548 0.01011275
v 0.03193426 0.05420596 0.21240523
v 0.03370341 0.05308966 0.20958975
v 0.03163931 0.05459795 0.01012248
v 0.03342634 0.05352077 0.01013203
v 0.03543064 0.05192477 0.20334839
v 0.03517665 0.05238518 0.01014138
v 0.03517665 0.05238518 0.01014138
v 0.03711906 0.05070556 0.19724694
v 0.03688848 0.05119230 0.01015053
v 0.03688848 0.05119230 0.01015053
v 0.03876703 0.04943316 0.19129210
v 0.03855998 0.04994354 0.01015946
v 0.03855998 0.04994354 0.01015946
v 0.04037266 0.04810894 0.18548934
v 0.04018927 0.04864016 0.01016816
v 0.04018927 0.04864016 0.01016816
v 0.04193466 0.04673400 0.17984527
v 0.04177461 0.04728371 0.01017663
v 0.04177461 0.04728371 0.01017663
v 0.04345098 0.04530986 0.17436556
v 0.04331441 0.04587562 0.01018486
v 0.04331441 0.04587562 0.01018486
v 0.04492019 0.04383789 0.16905630
v 0.04480672 0.04441740 0.01019283
v 0.04480672 0.04441740 0.01019283
v 0.04634080 0.04231946 0.16392278
v 0.04624995 0.04291065 0.01020054
v 0.04624995 0.04291065 0.01020054
v 0.04771121 0.04075600 0.15897050
v 0.04764267 0.04135704 0.01020799
v 0.04764267 0.04135704 0.01020799
v 0.04902994 0.03914921 0.15420493
v 0.04898340 0.03975823 0.01021515
v 0.04898340 0.03975823 0.01021515
v 0.05029553 0.03750058 0.14963147
v 0.05027029 0.03811606 0.01022193
v 0.05027029 0.03811606 0.01022193
v 0.05150672 0.03581172 0.14525451
v 0.05150247 0.03643215 0.01022861
v 0.05150247 0.03643215 0.01022861
v 0.05266222 0.03408437 0.14107949
v 0.05267827 0.03470855 0.01023489
v 0.05267827 0.03470855 0.01023489
v 0.05376040 0.03232022 0.13711066
v 0.05379641 0.03294692 0.01024087
v 0.05379641 0.03294692 0.01024087
v 0.05480041 0.03052099 0.13335245
v 0.05485573 0.03114938 0.01024653
v 0.05485573 0.03114938 0.01024653
v 0.05578086 0.02868851 0.12980942
v 0.05585511 0.02931778 0.01025187
v 0.05585511 0.02931778 0.01025187
v 0.05670078 0.02682463 0.12648526
v 0.05679335 0.02745422 0.01025688
v 0.05679335 0.02745422 0.01025688
v 0.05755876 0.02493124 0.12338434
v 0.05766958 0.02556064 0.01026156
v 0.05755876 0.02493124 0.12338434
v 0.05759565 0.02483983 0.12325138
v 0.05766958 0.02556064 0.01026156
v 0.05848272 0.02363908 0.01026581
v 0.05908020 0.02103789 0.12222669
v 0.05923194 0.02169174 0.01026991
v 0.05923194 0.02169174 0.01026991
v 0.05974344 0.01905523 0.12176906
v 0.05991634 0.01972073 0.01027357
v 0.05991634 0.01972073 0.01027357
v 0.06034083 0.01705154 0.12135663
v 0.06053529 0.01772812 0.01027688
v 0.06053529 0.01772812 0.01027688
v 0.06087181 0.01502905 0.12099013
v 0.06108800 0.01571616 0.01027983
v 0.06108800 0.01571616 0.01027983
v 0.06133544 0.01298999 0.12067005
v 0.06157398 0.01368707 0.01028243
v 0.06157398 0.01368707 0.01028243
v 0.06173151 0.01093647 0.12039667
v 0.06199263 0.01164303 0.01028467
v 0.06199263 0.01164303 0.01028467
v 0.06205948 0.00887075 0.12017037
v 0.06234356 0.00958619 0.01028644
v 0.06234356 0.00958619 0.01028644
v 0.06231886 0.00679507 0.11999115
v 0.06262618 0.00751896 0.01028805
v 0.06262618 0.00751896 0.01028805
v 0.06250945 0.00471166 0.11985979
v 0.06284043 0.00544353 0.01028910
v 0.06284043 0.00544353 0.01028910
v 0.06263090 0.00262281 0.11977583
v 0.06298605 0.00336210 0.01028998
v 0.06298605 0.00336210 0.01028998
v 0.06268315 0.00053075 0.11973980
v 0.06306262 0.00127702 0.01029039
v 0.06268315 0.00053075 0.11973980
v 0.06307038 -0.00080947 0.01029043
v 0.06306262 0.00127702 0.01029039
v 0.06266612 -0.00156219 0.11975161
v 0.06300915 -0.00289510 0.01029010
v 0.06307038 -0.00080947 0.01029043
v 0.06257965 -0.00365372 0.11981136
v 0.06287906 -0.00497752 0.01028941
v 0.06300915 -0.00289510 0.01029010
v 0.06242385 -0.00574164 0.11991876
v 0.06268017 -0.00705448 0.01028835
v 0.06287906 -0.00497752 0.01028941
v 0.06219906 -0.00782370 0.12007408
v 0.06241277 -0.00912379 0.01028692
v 0.06268017 -0.00705448 0.01028835
v 0.06190529 -0.00989744 0.12027674
v 0.06207722 -0.01118311 0.01028512
v 0.06241277 -0.00912379 0.01028692
v 0.06154283 -0.01196075 0.12052688
v 0.06167367 -0.01323019 0.01028297
v 0.06207722 -0.01118311 0.01028512
v 0.06111197 -0.01401135 0.12082422
v 0.06120275 -0.01526289 0.01028045
v 0.06167367 -0.01323019 0.01028297
v 0.06061357 -0.01604705 0.12116832
v 0.06066498 -0.01727887 0.01027758
v 0.06120275 -0.01526289 0.01028045
v 0.06004751 -0.01806544 0.12155918
v 0.06006081 -0.01927593 0.01027435
v 0.06066498 -0.01727887 0.01027758
v 0.05941490 -0.02006453 0.12199563
v 0.05939090 -0.02125200 0.01027078
v 0.06006081 -0.01927593 0.01027435
v 0.05871613 -0.02204194 0.12247800
v 0.05865630 -0.02320486 0.01026685
v 0.05939090 -0.02125200 0.01027078
v 0.05795200 -0.02399558 0.12300552
v 0.05759564 -0.02480308 0.12325139
v 0.05785733 -0.02513234 0.01026258
v 0.05711413 -0.02593316 0.12499148
v 0.05699522 -0.02703234 0.01025798
v 0.05785733 -0.02513234 0.01026258
v 0.05620350 -0.02785132 0.12828230
v 0.05607074 -0.02890287 0.01025304
v 0.05699522 -0.02703234 0.01025798
v 0.05522745 -0.02974035 0.13180903
v 0.05508495 -0.03074181 0.01024777
v 0.05607074 -0.02890287 0.01025304
v 0.05418718 -0.03159819 0.13556840
v 0.05403894 -0.03254714 0.01024218
v 0.05508495 -0.03074181 0.01024777
v 0.05308352 -0.03342257 0.13955686
v 0.05293392 -0.03431697 0.01023628
v 0.05403894 -0.03254714 0.01024218
v 0.05191760 -0.03521145 0.14377017
v 0.05177097 -0.03604927 0.01023007
v 0.05293392 -0.03431697 0.01023628
v 0.05069045 -0.03696267 0.14820476
v 0.05055139 -0.03774224 0.01022355
v 0.05177097 -0.03604927 0.01023007
v 0.04940334 -0.03867420 0.15285576
v 0.04927645 -0.03939392 0.01021674
v 0.05055139 -0.03774224 0.01022355
v 0.04805763 -0.04034402 0.15771868
v 0.04794770 -0.04100264 0.01020964
v 0.04927645 -0.03939392 0.01021674
v 0.04665478 -0.04197011 0.16278826
v 0.04656651 -0.04256645 0.01020226
v 0.04794770 -0.04100264 0.01020964
v 0.04519604 -0.04355063 0.16805963
v 0.04513441 -0.04408388 0.01019461
v 0.04656651 -0.04256645 0.01020226
v 0.04368303 -0.04508353 0.17352719
v 0.04365302 -0.04555311 0.01018670
v 0.04513441 -0.04408388 0.01019461
v 0.04211733 -0.04656713 0.17918496
v 0.04212376 -0.04697263 0.01017853
v 0.04365302 -0.04555311 0.01018670
v 0.04050074 -0.04799953 0.18502718
v 0.04054857 -0.04834081 0.01017011
v 0.04212376 -0.04697263 0.01017853
v 0.03883470 -0.04937893 0.19104740
v 0.03892891 -0.04965613 0.01016146
v 0.04054857 -0.04834081 0.01017011
v 0.03712126 -0.05070377 0.19723910
v 0.03726670 -0.05091725 0.01015258
v 0.03892891 -0.04965613 0.01016146
v 0.03536221 -0.05197234 0.20359569
v 0.03556365 -0.05212274 0.01014348
v 0.03726670 -0.05091725 0.01015258
v 0.03355939 -0.05318307 0.21011039
v 0.03175953 -0.05431199 0.21240433
v 0.03382179 -0.05327130 0.01013417
v 0.03175953 -0.05431199 0.21240433
v 0.03204297 -0.05436171 0.01012467
v 0.03382179 -0.05327130 0.01013417
v 0.02811517 0.05152761 0.21239973
v 0.02950716 0.05092481 0.01011099
v 0.02980208 0.05053280 0.21240874
v 0.02980208 0.05053280 0.21240874
v 0.03117387 0.04992014 0.01011999
v 0.03145505 0.04948291 0.21241738
v 0.03117387 0.04992014 0.01011999
v 0.03307170 0.04838020 0.21187307
v 0.03145505 0.04948291 0.21241738
v 0.03276455 -0.04859505 0.21242454
v 0.03316747 -0.04861616 0.01013068
v 0.03114012 -0.04968874 0.21241593
v 0.03114012 -0.04968874 0.21241593
v 0.03154277 -0.04968750 0.01012200
v 0.02948054 -0.05072818 0.21240706
v 0.02948054 -0.05072818 0.21240706
v 0.02988363 -0.05070454 0.01011313
v 0.02778736 -0.05171218 0.21239801
v 0.02780826 0.05187386 0.01010201
v 0.03163939 0.05459791 0.01012248
v 0.02950716 0.05092481 0.01011099
v 0.03117387 0.04992014 0.01011999
v 0.03342634 0.05352077 0.01013203
v 0.03280649 0.04886092 0.01012872
v 0.03688845 0.05119225 0.01015053
v 0.03440323 0.04774826 0.01013725
v 0.03596226 0.04658352 0.01014558
v 0.04018927 0.04864016 0.01016816
v 0.03748194 0.04536789 0.01015360
v 0.03896062 0.04410271 0.01016160
v 0.04177476 0.04728370 0.01017663
v 0.04039683 0.04278930 0.01016927
v 0.04480673 0.04441733 0.01019283
v 0.04178867 0.04142917 0.01017671
v 0.04313493 0.04002383 0.01018390
v 0.04764263 0.04135706 0.01020799
v 0.04443392 0.03857470 0.01019074
v 0.04568433 0.03708349 0.01019752
v 0.04898340 0.03975823 0.01021515
v 0.04688489 0.03555173 0.01020404
v 0.05150246 0.03643215 0.01022861
v 0.04803404 0.03398112 0.01021008
v 0.04913067 0.03237346 0.01021594
v 0.05379645 0.03294690 0.01024087
v 0.05017360 0.03073037 0.01022151
v 0.05485576 0.03114934 0.01024653
v 0.05116160 0.02905381 0.01022679
v 0.05209378 0.02734541 0.01023177
v 0.05679333 0.02745418 0.01025688
v 0.05296895 0.02560720 0.01023645
v 0.05766956 0.02556060 0.01026156
v 0.05378615 0.02384097 0.01024082
v 0.05454462 0.02204873 0.01024487
v 0.05923193 0.02169172 0.01026991
v 0.05524341 0.02023241 0.01024860
v 0.05588194 0.01839395 0.01025211
v 0.06053528 0.01772811 0.01027688
v 0.05645912 0.01653545 0.01025510
v 0.06108800 0.01571616 0.01027983
v 0.05697468 0.01465883 0.01025785
v 0.05742800 0.01276626 0.01026028
v 0.06199262 0.01164301 0.01028467
v 0.05781839 0.01085969 0.01026226
v 0.05814571 0.00894126 0.01026411
v 0.06262618 0.00751894 0.01028805
v 0.05840940 0.00701311 0.01026552
v 0.05860918 0.00507729 0.01026659
v 0.06284043 0.00544353 0.01028910
v 0.05874492 0.00313590 0.01026732
v 0.06298599 0.00336208 0.01028998
v 0.05881650 0.00119107 0.01026770
v 0.06307036 -0.00080951 0.01029043
v 0.05882368 -0.00075502 0.01026774
v 0.06300919 -0.00289512 0.01029010
v 0.05876650 -0.00270031 0.01026743
v 0.05864516 -0.00464264 0.01026679
v 0.06287904 -0.00497755 0.01028941
v 0.05845980 -0.00657994 0.01026580
v 0.06241276 -0.00912381 0.01028692
v 0.05821034 -0.00851001 0.01026446
v 0.05789726 -0.01043076 0.01026279
v 0.06207721 -0.01118313 0.01028512
v 0.05752100 -0.01234016 0.01026078
v 0.06120275 -0.01526289 0.01028045
v 0.05708176 -0.01423611 0.01025844
v 0.06066498 -0.01727888 0.01027758
v 0.05658012 -0.01611648 0.01025576
v 0.06006079 -0.01927597 0.01027435
v 0.05601651 -0.01797917 0.01025284
v 0.05539185 -0.01982232 0.01024941
v 0.05865629 -0.02320488 0.01026685
v 0.05470642 -0.02164373 0.01024575
v 0.05396133 -0.02344155 0.01024177
v 0.05785738 -0.02513236 0.01026258
v 0.05315722 -0.02521375 0.01023757
v 0.05607073 -0.02890289 0.01025304
v 0.05229490 -0.02695845 0.01023286
v 0.05508494 -0.03074183 0.01024777
v 0.05137544 -0.02867365 0.01022805
v 0.05403898 -0.03254719 0.01024218
v 0.05039985 -0.03035758 0.01022274
v 0.05293390 -0.03431699 0.01023628
v 0.04936908 -0.03200827 0.01021723
v 0.04828434 -0.03362404 0.01021144
v 0.05177095 -0.03604931 0.01023007
v 0.04714684 -0.03520311 0.01020536
v 0.04927644 -0.03939394 0.01021674
v 0.04595773 -0.03674369 0.01019901
v 0.04471846 -0.03824419 0.01019239
v 0.04656656 -0.04256650 0.01020226
v 0.04343008 -0.03970285 0.01018551
v 0.04513441 -0.04408388 0.01019461
v 0.04209438 -0.04111811 0.01017847
v 0.04071260 -0.04248856 0.01017099
v 0.04365300 -0.04555315 0.01018670
v 0.03928636 -0.04381252 0.01016337
v 0.04212375 -0.04697265 0.01017853
v 0.03781695 -0.04508862 0.01015552
v 0.03892886 -0.04965613 0.01016156
v 0.03630633 -0.04631553 0.01014745
v 0.03475597 -0.04749182 0.01013926
v 0.03556365 -0.05212274 0.01014348
v 0.03316747 -0.04861616 0.01013068
v 0.03154277 -0.04968750 0.01012200
v 0.03382178 -0.05327132 0.01013417
v 0.02988363 -0.05070454 0.01011313
v 0.02981785 0.05561546 0.01011275
v 0.03163931 0.05459795 0.01012248
v 0.03163939 0.05459791 0.01012248
v 0.03517665 0.05238518 0.01014138
v 0.03688848 0.05119230 0.01015053
v 0.03688845 0.05119225 0.01015053
v 0.03855998 0.04994354 0.01015946
v 0.03856006 0.04994350 0.01015946
v 0.03856006 0.04994350 0.01015946
v 0.04018927 0.04864016 0.01016816
v 0.04177461 0.04728371 0.01017663
v 0.04177476 0.04728370 0.01017663
v 0.04331441 0.04587562 0.01018486
v 0.04331445 0.04587560 0.01018486
v 0.04331445 0.04587560 0.01018486
v 0.04480672 0.04441740 0.01019283
v 0.04480673 0.04441733 0.01019283
v 0.04624995 0.04291065 0.01020054
v 0.04624999 0.04291063 0.01020055
v 0.04624999 0.04291063 0.01020055
v 0.04764267 0.04135704 0.01020799
v 0.04898340 0.03975823 0.01021515
v 0.05027029 0.03811606 0.01022193
v 0.05027038 0.03811604 0.01022203
v 0.05027038 0.03811604 0.01022203
v 0.05150247 0.03643215 0.01022861
v 0.05267827 0.03470855 0.01023489
v 0.05267826 0.03470853 0.01023489
v 0.05267826 0.03470853 0.01023489
v 0.05379641 0.03294692 0.01024087
v 0.05379645 0.03294690 0.01024087
v 0.05485573 0.03114938 0.01024653
v 0.05485576 0.03114934 0.01024653
v 0.05585508 0.02931782 0.01025187
v 0.05585511 0.02931778 0.01025187
v 0.05585508 0.02931782 0.01025187
v 0.05766958 0.02556064 0.01026156
v 0.05766956 0.02556060 0.01026156
v 0.05848272 0.02363908 0.01026581
v 0.05848282 0.02363907 0.01026591
v 0.05848282 0.02363907 0.01026591
v 0.05923194 0.02169174 0.01026991
v 0.05991634 0.01972073 0.01027357
v 0.05991633 0.01972071 0.01027357
v 0.06053529 0.01772812 0.01027688
v 0.06157398 0.01368707 0.01028243
v 0.06199263 0.01164303 0.01028467
v 0.06199262 0.01164301 0.01028467
v 0.06234356 0.00958619 0.01028644
v 0.06234349 0.00958620 0.01028654
v 0.06234349 0.00958620 0.01028654
v 0.06262618 0.00751896 0.01028805
v 0.06298605 0.00336210 0.01028998
v 0.06306262 0.00127702 0.01029039
v 0.06307038 -0.00080947 0.01029043
v 0.06307036 -0.00080951 0.01029043
v 0.06300915 -0.00289510 0.01029010
v 0.06300919 -0.00289512 0.01029010
v 0.06287906 -0.00497752 0.01028941
v 0.06268017 -0.00705448 0.01028835
v 0.06268016 -0.00705450 0.01028835
v 0.06241277 -0.00912379 0.01028692
v 0.06207722 -0.01118311 0.01028512
v 0.06167367 -0.01323019 0.01028297
v 0.06167366 -0.01323021 0.01028297
v 0.06066498 -0.01727887 0.01027758
v 0.06006081 -0.01927593 0.01027435
v 0.06006079 -0.01927597 0.01027435
v 0.05939090 -0.02125200 0.01027078
v 0.05939095 -0.02125203 0.01027078
v 0.05865630 -0.02320486 0.01026685
v 0.05865629 -0.02320488 0.01026685
v 0.05785733 -0.02513234 0.01026258
v 0.05785738 -0.02513236 0.01026258
v 0.05699522 -0.02703234 0.01025798
v 0.05699527 -0.02703239 0.01025798
v 0.05607074 -0.02890287 0.01025304
v 0.05607073 -0.02890289 0.01025304
v 0.05508495 -0.03074181 0.01024777
v 0.05508494 -0.03074183 0.01024777
v 0.05403894 -0.03254714 0.01024218
v 0.05403898 -0.03254719 0.01024218
v 0.05293392 -0.03431697 0.01023628
v 0.05293390 -0.03431699 0.01023628
v 0.05177097 -0.03604927 0.01023007
v 0.05177095 -0.03604931 0.01023007
v 0.05177095 -0.03604931 0.01023007
v 0.05055139 -0.03774224 0.01022355
v 0.05055138 -0.03774226 0.01022365
v 0.05055138 -0.03774226 0.01022365
v 0.04927645 -0.03939392 0.01021674
v 0.04927644 -0.03939394 0.01021674
v 0.04794770 -0.04100264 0.01020964
v 0.04794770 -0.04100264 0.01020964
v 0.04656651 -0.04256645 0.01020226
v 0.04656656 -0.04256650 0.01020226
v 0.04513441 -0.04408388 0.01019461
v 0.04365302 -0.04555311 0.01018670
v 0.04365300 -0.04555315 0.01018670
v 0.04212376 -0.04697263 0.01017853
v 0.04212375 -0.04697265 0.01017853
v 0.04054857 -0.04834081 0.01017011
v 0.04054857 -0.04834081 0.01017011
v 0.03892891 -0.04965613 0.01016146
v 0.03892886 -0.04965613 0.01016156
v 0.03726670 -0.05091725 0.01015258
v 0.03556365 -0.05212274 0.01014348
v 0.03382179 -0.05327130 0.01013417
v 0.03382178 -0.05327132 0.01013417
v 0.03204297 -0.05436171 0.01012467
v 0.06268315 0.00053075 0.11973980
v 0.06263090 0.00262281 0.11977583
v 0.05838022 0.00237670 0.12270985
v 0.04332328 -0.03928801 0.17482699
v 0.04343008 -0.03970285 0.01018551
v 0.04195787 -0.04075991 0.17976114
v 0.05840839 -0.00152804 0.12269047
v 0.05876650 -0.00270031 0.01026743
v 0.05832543 -0.00347941 0.12274770
v 0.05439951 0.02133820 0.13480102
v 0.05378615 0.02384097 0.01024082
v 0.05454462 0.02204873 0.01024487
v 0.03440372 -0.04741815 0.20705957
v 0.03475597 -0.04749182 0.01013926
v 0.03276455 -0.04859505 0.21242454
v 0.05734519 -0.01123417 0.12415646
v 0.05752100 -0.01234016 0.01026078
v 0.05693471 -0.01315545 0.12563959
v 0.03292184 -0.05229605 0.21241451
v 0.05809388 0.00626985 0.12290747
v 0.05814571 0.00894126 0.01026411
v 0.05840940 0.00701311 0.01026552
v 0.05569584 0.01767856 0.13011648
v 0.05524341 0.02023241 0.01024860
v 0.05588194 0.01839395 0.01025211
v 0.05817783 -0.00542739 0.12284955
v 0.05845980 -0.00657994 0.01026580
v 0.05796577 -0.00736968 0.12299596
v 0.05693471 -0.01315545 0.12563959
v 0.05708176 -0.01423611 0.01025844
v 0.05645941 -0.01506409 0.12735734
v 0.04054199 -0.04218730 0.18487790
v 0.04071260 -0.04248856 0.01017099
v 0.03907703 -0.04356850 0.19017163
v 0.03600630 -0.04618551 0.20126837
v 0.03630633 -0.04631553 0.01014745
v 0.03440372 -0.04741815 0.20705957
v 0.05759563 0.00987037 0.12325138
v 0.05781839 0.01085969 0.01026226
v 0.05785405 0.00820684 0.12307294
v 0.05838022 0.00237670 0.12270985
v 0.05860918 0.00507729 0.01026659
v 0.05874492 0.00313590 0.01026732
v 0.03767552 0.04480706 0.19523630
v 0.03596226 0.04658352 0.01014558
v 0.03748194 0.04536789 0.01015360
v 0.04450770 0.03792691 0.17054692
v 0.04313493 0.04002383 0.01018390
v 0.04443392 0.03857470 0.01019074
v 0.04710224 -0.03462337 0.16117131
v 0.04714684 -0.03520311 0.01020536
v 0.04589675 -0.03621792 0.16552734
v 0.05591960 -0.01695794 0.12930825
v 0.05601651 -0.01797917 0.01025284
v 0.05531554 -0.01883481 0.13149059
v 0.05226999 -0.02613140 0.14249655
v 0.05229490 -0.02695845 0.01023286
v 0.05135451 -0.02789246 0.14580491
v 0.04190996 0.04080998 0.17993444
v 0.04039683 0.04278930 0.01016927
v 0.04178867 0.04142917 0.01017671
v 0.04911300 0.03168814 0.15390495
v 0.04803404 0.03398112 0.01021008
v 0.04913067 0.03237346 0.01021594
v 0.04691221 0.03488230 0.16185788
v 0.04568433 0.03708349 0.01019752
v 0.04688489 0.03555173 0.01020404
v 0.05191760 -0.03521145 0.14377017
v 0.05135451 -0.02789246 0.14580491
v 0.05037894 -0.02962415 0.14932995
v 0.04771121 0.04075600 0.15897050
v 0.04691221 0.03488230 0.16185788
v 0.04803872 0.03330307 0.15778729
v 0.05201104 0.02664440 0.14343216
v 0.05116160 0.02905381 0.01022679
v 0.05209378 0.02734541 0.01023177
v 0.05135451 -0.02789246 0.14580491
v 0.05137544 -0.02867365 0.01022805
v 0.05037894 -0.02962415 0.14932995
v 0.05110031 0.02835710 0.14672342
v 0.05017360 0.03073037 0.01022151
v 0.05116160 0.02905381 0.01022679
v 0.04573474 0.03642407 0.16611266
v 0.04443392 0.03857470 0.01019074
v 0.04568433 0.03708349 0.01019752
v 0.04463668 -0.03777348 0.17008079
v 0.04471846 -0.03824419 0.01019239
v 0.04332328 -0.03928801 0.17482699
v 0.03907703 -0.04356850 0.19017163
v 0.03928636 -0.04381252 0.01016337
v 0.03756462 -0.04490172 0.19563723
v 0.05645941 -0.01506409 0.12735734
v 0.05658012 -0.01611648 0.01025576
v 0.05591960 -0.01695794 0.12930825
v 0.05674797 0.01393862 0.12631475
v 0.05645912 0.01653545 0.01025510
v 0.05697468 0.01465883 0.01025785
v 0.05838022 0.00237670 0.12270985
v 0.05881650 0.00119107 0.01026770
v 0.05842667 0.00042473 0.12267782
v 0.04323233 0.03938937 0.17515587
v 0.04178867 0.04142917 0.01017671
v 0.04313493 0.04002383 0.01018390
v 0.04195787 -0.04075991 0.17976114
v 0.04209438 -0.04111811 0.01017847
v 0.04054199 -0.04218730 0.18487790
v 0.05832543 -0.00347941 0.12274770
v 0.05864516 -0.00464264 0.01026679
v 0.05817783 -0.00542739 0.12284955
v 0.05013390 0.03003889 0.15021564
v 0.04913067 0.03237346 0.01021594
v 0.05017360 0.03073037 0.01022151
v 0.05286517 0.02490253 0.14034559
v 0.05209378 0.02734541 0.01023177
v 0.05296895 0.02560720 0.01023645
v 0.05796577 -0.00736968 0.12299596
v 0.05821034 -0.00851001 0.01026446
v 0.05768929 -0.00930425 0.12318693
v 0.04825184 -0.03299156 0.15701681
v 0.04828434 -0.03362404 0.01021144
v 0.04710224 -0.03462337 0.16117131
v 0.05842667 0.00042473 0.12267782
v 0.05882368 -0.00075502 0.01026774
v 0.05840839 -0.00152804 0.12269047
v 0.03756462 -0.04490172 0.19563723
v 0.03781695 -0.04508862 0.01015552
v 0.03600630 -0.04618551 0.20126837
v 0.03913007 0.04352016 0.18997989
v 0.03748194 0.04536789 0.01015360
v 0.03896062 0.04410271 0.01016160
v 0.05718054 0.01204334 0.12475135
v 0.05697468 0.01465883 0.01025785
v 0.05742800 0.01276626 0.01026028
v 0.03617989 0.04604686 0.20064095
v 0.03440323 0.04774826 0.01013725
v 0.03596226 0.04658352 0.01014558
v 0.05366166 0.02313315 0.13746751
v 0.05296895 0.02560720 0.01023645
v 0.05378615 0.02384097 0.01024082
v 0.05826928 0.00432579 0.12278632
v 0.05840940 0.00701311 0.01026552
v 0.05860918 0.00507729 0.01026659
v 0.03291888 0.04848372 0.21242540
v 0.03145505 0.04948291 0.21241738
v 0.05531554 -0.01883481 0.13149059
v 0.05539185 -0.01982232 0.01024941
v 0.05464803 -0.02069272 0.13390290
v 0.05507785 0.01951935 0.13234977
v 0.05454462 0.02204873 0.01024487
v 0.05524341 0.02023241 0.01024860
v 0.03291912 -0.04880595 0.21242445
v 0.03291892 -0.04848356 0.21242543
v 0.03276455 -0.04859505 0.21242454
v 0.05768929 -0.00930425 0.12318693
v 0.05821034 -0.00851001 0.01026446
v 0.05789726 -0.01043076 0.01026279
v 0.05625278 0.01581770 0.12810390
v 0.05588194 0.01839395 0.01025211
v 0.05645912 0.01653545 0.01025510
v 0.05755012 0.01013371 0.12341579
v 0.05742800 0.01276626 0.01026028
v 0.05781839 0.01085969 0.01026226
v 0.04803872 0.03330307 0.15778729
v 0.04688489 0.03555173 0.01020404
v 0.04803404 0.03398112 0.01021008
v 0.03464474 0.04723830 0.20618851
v 0.03280649 0.04886092 0.01012872
v 0.03440323 0.04774826 0.01013725
v 0.04934442 -0.03132451 0.15306859
v 0.04936908 -0.03200827 0.01021723
v 0.04825184 -0.03299156 0.15701681
v 0.03114012 -0.04968874 0.21241593
v 0.05037894 -0.02962415 0.14932995
v 0.05039985 -0.03035758 0.01022274
v 0.04934442 -0.03132451 0.15306859
v 0.04589675 -0.03621792 0.16552734
v 0.04595773 -0.03674369 0.01019901
v 0.04463668 -0.03777348 0.17008079
v 0.05312461 -0.02434310 0.13940836
v 0.05315722 -0.02521375 0.01023757
v 0.05226999 -0.02613140 0.14249655
v 0.05464803 -0.02069272 0.13390290
v 0.05470642 -0.02164373 0.01024575
v 0.05391747 -0.02252948 0.13654295
v 0.05391747 -0.02252948 0.13654295
v 0.05396133 -0.02344155 0.01024177
v 0.05312461 -0.02434310 0.13940836
v 0.04054213 0.04218736 0.18487749
v 0.03896062 0.04410271 0.01016160
v 0.04039683 0.04278930 0.01016927
v 0.03292298 0.05358014 0.21241051
v 0.02778736 -0.05171218 0.21239801
v 0.03012482 0.05526916 0.21239556
v 0.03193426 0.05420596 0.21240523
v 0.03163931 0.05459795 0.01012248
v 0.03342634 0.05352077 0.01013203
v 0.03163931 0.05459795 0.01012248
v 0.03370341 0.05308966 0.20958975
v 0.03292298 0.05358014 0.21241051
v 0.03342634 0.05352077 0.01013203
v 0.03370341 0.05308966 0.20958975
v 0.03543064 0.05192477 0.20334839
v 0.03517665 0.05238518 0.01014138
v 0.03543064 0.05192477 0.20334839
v 0.03711906 0.05070556 0.19724694
v 0.03688848 0.05119230 0.01015053
v 0.03711906 0.05070556 0.19724694
v 0.03876703 0.04943316 0.19129210
v 0.03855998 0.04994354 0.01015946
v 0.03876703 0.04943316 0.19129210
v 0.04037266 0.04810894 0.18548934
v 0.04018927 0.04864016 0.01016816
v 0.04037266 0.04810894 0.18548934
v 0.04193466 0.04673400 0.17984527
v 0.04177461 0.04728371 0.01017663
v 0.04193466 0.04673400 0.17984527
v 0.04345098 0.04530986 0.17436556
v 0.04331441 0.04587562 0.01018486
v 0.04345098 0.04530986 0.17436556
v 0.04492019 0.04383789 0.16905630
v 0.04480672 0.04441740 0.01019283
v 0.04492019 0.04383789 0.16905630
v 0.04634080 0.04231946 0.16392278
v 0.04624995 0.04291065 0.01020054
v 0.04634080 0.04231946 0.16392278
v 0.04771121 0.04075600 0.15897050
v 0.04764267 0.04135704 0.01020799
v 0.04771121 0.04075600 0.15897050
v 0.04902994 0.03914921 0.15420493
v 0.04898340 0.03975823 0.01021515
v 0.04902994 0.03914921 0.15420493
v 0.05029553 0.03750058 0.14963147
v 0.05027029 0.03811606 0.01022193
v 0.05029553 0.03750058 0.14963147
v 0.05150672 0.03581172 0.14525451
v 0.05150247 0.03643215 0.01022861
v 0.05150672 0.03581172 0.14525451
v 0.05266222 0.03408437 0.14107949
v 0.05267827 0.03470855 0.01023489
v 0.05266222 0.03408437 0.14107949
v 0.05376040 0.03232022 0.13711066
v 0.05379641 0.03294692 0.01024087
v 0.05376040 0.03232022 0.13711066
v 0.05480041 0.03052099 0.13335245
v 0.05485573 0.03114938 0.01024653
v 0.05480041 0.03052099 0.13335245
v 0.05578086 0.02868851 0.12980942
v 0.05585511 0.02931778 0.01025187
v 0.05578086 0.02868851 0.12980942
v 0.05670078 0.02682463 0.12648526
v 0.05679335 0.02745422 0.01025688
v 0.05670078 0.02682463 0.12648526
v 0.05755876 0.02493124 0.12338434
v 0.05848272 0.02363908 0.01026581
v 0.05766958 0.02556064 0.01026156
v 0.05835169 0.02299743 0.12272961
v 0.05835169 0.02299743 0.12272961
v 0.05848272 0.02363908 0.01026581
v 0.05835169 0.02299743 0.12272961
v 0.05908020 0.02103789 0.12222669
v 0.05923194 0.02169174 0.01026991
v 0.05908020 0.02103789 0.12222669
v 0.05974344 0.01905523 0.12176906
v 0.05991634 0.01972073 0.01027357
v 0.05974344 0.01905523 0.12176906
v 0.06034083 0.01705154 0.12135663
v 0.06053529 0.01772812 0.01027688
v 0.06034083 0.01705154 0.12135663
v 0.06087181 0.01502905 0.12099013
v 0.06108800 0.01571616 0.01027983
v 0.06087181 0.01502905 0.12099013
v 0.06133544 0.01298999 0.12067005
v 0.06157398 0.01368707 0.01028243
v 0.06133544 0.01298999 0.12067005
v 0.06173151 0.01093647 0.12039667
v 0.06199263 0.01164303 0.01028467
v 0.06173151 0.01093647 0.12039667
v 0.06205948 0.00887075 0.12017037
v 0.06234356 0.00958619 0.01028644
v 0.06205948 0.00887075 0.12017037
v 0.06231886 0.00679507 0.11999115
v 0.06262618 0.00751896 0.01028805
v 0.06231886 0.00679507 0.11999115
v 0.06250945 0.00471166 0.11985979
v 0.06284043 0.00544353 0.01028910
v 0.06250945 0.00471166 0.11985979
v 0.06263090 0.00262281 0.11977583
v 0.06298605 0.00336210 0.01028998
v 0.06263090 0.00262281 0.11977583
v 0.06268315 0.00053075 0.11973980
v 0.06268315 0.00053075 0.11973980
v 0.06266612 -0.00156219 0.11975161
v 0.06307038 -0.00080947 0.01029043
v 0.06266612 -0.00156219 0.11975161
v 0.06257965 -0.00365372 0.11981136
v 0.06300915 -0.00289510 0.01029010
v 0.06257965 -0.00365372 0.11981136
v 0.06242385 -0.00574164 0.11991876
v 0.06287906 -0.00497752 0.01028941
v 0.06242385 -0.00574164 0.11991876
v 0.06219906 -0.00782370 0.12007408
v 0.06268017 -0.00705448 0.01028835
v 0.06219906 -0.00782370 0.12007408
v 0.06190529 -0.00989744 0.12027674
v 0.06241277 -0.00912379 0.01028692
v 0.06190529 -0.00989744 0.12027674
v 0.06154283 -0.01196075 0.12052688
v 0.06207722 -0.01118311 0.01028512
v 0.06154283 -0.01196075 0.12052688
v 0.06111197 -0.01401135 0.12082422
v 0.06167367 -0.01323019 0.01028297
v 0.06111197 -0.01401135 0.12082422
v 0.06061357 -0.01604705 0.12116832
v 0.06120275 -0.01526289 0.01028045
v 0.06061357 -0.01604705 0.12116832
v 0.06004751 -0.01806544 0.12155918
v 0.06066498 -0.01727887 0.01027758
v 0.06004751 -0.01806544 0.12155918
v 0.05941490 -0.02006453 0.12199563
v 0.06006081 -0.01927593 0.01027435
v 0.05941490 -0.02006453 0.12199563
v 0.05871613 -0.02204194 0.12247800
v 0.05939090 -0.02125200 0.01027078
v 0.05871613 -0.02204194 0.12247800
v 0.05795200 -0.02399558 0.12300552
v 0.05865630 -0.02320486 0.01026685
v 0.05785733 -0.02513234 0.01026258
v 0.05865630 -0.02320486 0.01026685
v 0.05795200 -0.02399558 0.12300552
v 0.05759564 -0.02480308 0.12325139
v 0.05711413 -0.02593316 0.12499148
v 0.05785733 -0.02513234 0.01026258
v 0.05711413 -0.02593316 0.12499148
v 0.05620350 -0.02785132 0.12828230
v 0.05699522 -0.02703234 0.01025798
v 0.05620350 -0.02785132 0.12828230
v 0.05522745 -0.02974035 0.13180903
v 0.05607074 -0.02890287 0.01025304
v 0.05522745 -0.02974035 0.13180903
v 0.05418718 -0.03159819 0.13556840
v 0.05508495 -0.03074181 0.01024777
v 0.05418718 -0.03159819 0.13556840
v 0.05308352 -0.03342257 0.13955686
v 0.05403894 -0.03254714 0.01024218
v 0.05308352 -0.03342257 0.13955686
v 0.05191760 -0.03521145 0.14377017
v 0.05293392 -0.03431697 0.01023628
v 0.05191760 -0.03521145 0.14377017
v 0.05069045 -0.03696267 0.14820476
v 0.05177097 -0.03604927 0.01023007
v 0.05069045 -0.03696267 0.14820476
v 0.04940334 -0.03867420 0.15285576
v 0.05055139 -0.03774224 0.01022355
v 0.04940334 -0.03867420 0.15285576
v 0.04805763 -0.04034402 0.15771868
v 0.04927645 -0.03939392 0.01021674
v 0.04805763 -0.04034402 0.15771868
v 0.04665478 -0.04197011 0.16278826
v 0.04794770 -0.04100264 0.01020964
v 0.04665478 -0.04197011 0.16278826
v 0.04519604 -0.04355063 0.16805963
v 0.04656651 -0.04256645 0.01020226
v 0.04519604 -0.04355063 0.16805963
v 0.04368303 -0.04508353 0.17352719
v 0.04513441 -0.04408388 0.01019461
v 0.04368303 -0.04508353 0.17352719
v 0.04211733 -0.04656713 0.17918496
v 0.04365302 -0.04555311 0.01018670
v 0.04211733 -0.04656713 0.17918496
v 0.04050074 -0.04799953 0.18502718
v 0.04212376 -0.04697263 0.01017853
v 0.04050074 -0.04799953 0.18502718
v 0.03883470 -0.04937893 0.19104740
v 0.04054857 -0.04834081 0.01017011
v 0.03883470 -0.04937893 0.19104740
v 0.03712126 -0.05070377 0.19723910
v 0.03892891 -0.04965613 0.01016146
v 0.03712126 -0.05070377 0.19723910
v 0.03536221 -0.05197234 0.20359569
v 0.03726670 -0.05091725 0.01015258
v 0.03536221 -0.05197234 0.20359569
v 0.03355939 -0.05318307 0.21011039
v 0.03556365 -0.05212274 0.01014348
v 0.03382179 -0.05327130 0.01013417
v 0.03556365 -0.05212274 0.01014348
v 0.03355939 -0.05318307 0.21011039
v 0.03292302 -0.05358083 0.21241054
v 0.03175953 -0.05431199 0.21240433
v 0.02994683 -0.05536935 0.21239464
v 0.03204297 -0.05436171 0.01012467
v 0.02811517 0.05152761 0.21239973
v 0.02780826 0.05187386 0.01010201
v 0.02950716 0.05092481 0.01011099
v 0.02980208 0.05053280 0.21240874
v 0.02950716 0.05092481 0.01011099
v 0.03117387 0.04992014 0.01011999
v 0.03291888 0.04848372 0.21242540
v 0.03117387 0.04992014 0.01011999
v 0.03280649 0.04886092 0.01012872
v 0.03307170 0.04838020 0.21187307
v 0.03276455 -0.04859505 0.21242454
v 0.03475597 -0.04749182 0.01013926
v 0.03316747 -0.04861616 0.01013068
v 0.03154277 -0.04968750 0.01012200
v 0.02948054 -0.05072818 0.21240706
v 0.03154277 -0.04968750 0.01012200
v 0.02988363 -0.05070454 0.01011313
v 0.02981785 0.05561546 0.01011275
v 0.05939095 -0.02125203 0.01027078
v 0.05699527 -0.02703239 0.01025798
v 0.05055138 -0.03774226 0.01022365
v 0.02981781 0.05561548 0.01011275
v 0.03342634 0.05352077 0.01013203
v 0.03855998 0.04994354 0.01015946
v 0.04177461 0.04728371 0.01017663
v 0.04480672 0.04441740 0.01019283
v 0.04624995 0.04291065 0.01020054
v 0.04764267 0.04135704 0.01020799
v 0.05027029 0.03811606 0.01022193
v 0.05027038 0.03811604 0.01022203
v 0.05027029 0.03811606 0.01022193
v 0.05150247 0.03643215 0.01022861
v 0.05379641 0.03294692 0.01024087
v 0.05485573 0.03114938 0.01024653
v 0.05679335 0.02745422 0.01025688
v 0.05848272 0.02363908 0.01026581
v 0.05848282 0.02363907 0.01026591
v 0.05848272 0.02363908 0.01026581
v 0.05923194 0.02169174 0.01026991
v 0.06234356 0.00958619 0.01028644
v 0.06234349 0.00958620 0.01028654
v 0.06234356 0.00958619 0.01028644
v 0.06262618 0.00751896 0.01028805
v 0.06300915 -0.00289510 0.01029010
v 0.06287906 -0.00497752 0.01028941
v 0.05939090 -0.02125200 0.01027078
v 0.05865630 -0.02320486 0.01026685
v 0.05785733 -0.02513234 0.01026258
v 0.05508495 -0.03074181 0.01024777
v 0.05403894 -0.03254714 0.01024218
v 0.05293392 -0.03431697 0.01023628
v 0.05177097 -0.03604927 0.01023007
v 0.05055139 -0.03774224 0.01022355
v 0.05055138 -0.03774226 0.01022365
v 0.05055139 -0.03774224 0.01022355
v 0.04927645 -0.03939392 0.01021674
v 0.04927645 -0.03939392 0.01021674
v 0.04656651 -0.04256645 0.01020226
v 0.04365302 -0.04555311 0.01018670
v 0.04054857 -0.04834081 0.01017011
v 0.03892891 -0.04965613 0.01016146
v 0.03892886 -0.04965613 0.01016156
v 0.03892891 -0.04965613 0.01016146
v 0.03726670 -0.05091725 0.01015258
v 0.03382179 -0.05327130 0.01013417
v 0.03204297 -0.05436171 0.01012467
v 0.05835169 0.02299743 0.12272961
v 0.05759565 0.02483983 0.12325138
v 0.05759563 0.00987037 0.12325138
v 0.05908020 0.02103789 0.12222669
v 0.05974344 0.01905523 0.12176906
v 0.06087181 0.01502905 0.12099013
v 0.06034083 0.01705154 0.12135663
v 0.06173151 0.01093647 0.12039667
v 0.06133544 0.01298999 0.12067005
v 0.06231886 0.00679507 0.11999115
v 0.06205948 0.00887075 0.12017037
v 0.05809388 0.00626985 0.12290747
v 0.06250945 0.00471166 0.11985979
v 0.06266612 -0.00156219 0.11975161
v 0.05842667 0.00042473 0.12267782
v 0.05840839 -0.00152804 0.12269047
v 0.06242385 -0.00574164 0.11991876
v 0.06257965 -0.00365372 0.11981136
v 0.05832543 -0.00347941 0.12274770
v 0.06190529 -0.00989744 0.12027674
v 0.06219906 -0.00782370 0.12007408
v 0.05796577 -0.00736968 0.12299596
v 0.06111197 -0.01401135 0.12082422
v 0.06154283 -0.01196075 0.12052688
v 0.05759564 -0.00987740 0.12325139
v 0.06004751 -0.01806544 0.12155918
v 0.06061357 -0.01604705 0.12116832
v 0.05871613 -0.02204194 0.12247800
v 0.05941490 -0.02006453 0.12199563
v 0.05759564 -0.02480308 0.12325139
v 0.05795200 -0.02399558 0.12300552
v 0.05768929 -0.00930425 0.12318693
v 0.05817783 -0.00542739 0.12284955
v 0.05826928 0.00432579 0.12278632
v 0.05785405 0.00820684 0.12307294
v 0.04332328 -0.03928801 0.17482699
v 0.04471846 -0.03824419 0.01019239
v 0.04343008 -0.03970285 0.01018551
v 0.05840839 -0.00152804 0.12269047
v 0.05882368 -0.00075502 0.01026774
v 0.05876650 -0.00270031 0.01026743
v 0.05439951 0.02133820 0.13480102
v 0.05366166 0.02313315 0.13746751
v 0.05378615 0.02384097 0.01024082
v 0.03291892 -0.04848356 0.21242543
v 0.03440372 -0.04741815 0.20705957
v 0.03630633 -0.04631553 0.01014745
v 0.03475597 -0.04749182 0.01013926
v 0.05734519 -0.01123417 0.12415646
v 0.05789726 -0.01043076 0.01026279
v 0.05752100 -0.01234016 0.01026078
v 0.03292302 -0.05358083 0.21241054
v 0.05809388 0.00626985 0.12290747
v 0.05785405 0.00820684 0.12307294
v 0.05814571 0.00894126 0.01026411
v 0.05569584 0.01767856 0.13011648
v 0.05507785 0.01951935 0.13234977
v 0.05524341 0.02023241 0.01024860
v 0.05817783 -0.00542739 0.12284955
v 0.05864516 -0.00464264 0.01026679
v 0.05845980 -0.00657994 0.01026580
v 0.05693471 -0.01315545 0.12563959
v 0.05752100 -0.01234016 0.01026078
v 0.05708176 -0.01423611 0.01025844
v 0.04054199 -0.04218730 0.18487790
v 0.04209438 -0.04111811 0.01017847
v 0.04071260 -0.04248856 0.01017099
v 0.03600630 -0.04618551 0.20126837
v 0.03781695 -0.04508862 0.01015552
v 0.03630633 -0.04631553 0.01014745
v 0.05814571 0.00894126 0.01026411
v 0.05785405 0.00820684 0.12307294
v 0.05781839 0.01085969 0.01026226
v 0.05759563 0.00987037 0.12325138
v 0.05755012 0.01013371 0.12341579
v 0.05838022 0.00237670 0.12270985
v 0.05826928 0.00432579 0.12278632
v 0.05860918 0.00507729 0.01026659
v 0.03767552 0.04480706 0.19523630
v 0.03617989 0.04604686 0.20064095
v 0.03596226 0.04658352 0.01014558
v 0.04450770 0.03792691 0.17054692
v 0.04323233 0.03938937 0.17515587
v 0.04313493 0.04002383 0.01018390
v 0.04710224 -0.03462337 0.16117131
v 0.04828434 -0.03362404 0.01021144
v 0.04714684 -0.03520311 0.01020536
v 0.05591960 -0.01695794 0.12930825
v 0.05658012 -0.01611648 0.01025576
v 0.05601651 -0.01797917 0.01025284
v 0.05226999 -0.02613140 0.14249655
v 0.05315722 -0.02521375 0.01023757
v 0.05229490 -0.02695845 0.01023286
v 0.04190996 0.04080998 0.17993444
v 0.04054213 0.04218736 0.18487749
v 0.04039683 0.04278930 0.01016927
v 0.04911300 0.03168814 0.15390495
v 0.04803872 0.03330307 0.15778729
v 0.04803404 0.03398112 0.01021008
v 0.04691221 0.03488230 0.16185788
v 0.04573474 0.03642407 0.16611266
v 0.04568433 0.03708349 0.01019752
v 0.05711413 -0.02593316 0.12499148
v 0.05759564 -0.02480308 0.12325139
v 0.05531554 -0.01883481 0.13149059
v 0.05759564 -0.00987740 0.12325139
v 0.05734519 -0.01123417 0.12415646
v 0.05522745 -0.02974035 0.13180903
v 0.05464803 -0.02069272 0.13390290
v 0.05391747 -0.02252948 0.13654295
v 0.05308352 -0.03342257 0.13955686
v 0.05418718 -0.03159819 0.13556840
v 0.05226999 -0.02613140 0.14249655
v 0.05069045 -0.03696267 0.14820476
v 0.04805763 -0.04034402 0.15771868
v 0.04940334 -0.03867420 0.15285576
v 0.04825184 -0.03299156 0.15701681
v 0.04519604 -0.04355063 0.16805963
v 0.04589675 -0.03621792 0.16552734
v 0.04463668 -0.03777348 0.17008079
v 0.04211733 -0.04656713 0.17918496
v 0.04368303 -0.04508353 0.17352719
v 0.04195787 -0.04075991 0.17976114
v 0.03883470 -0.04937893 0.19104740
v 0.04050074 -0.04799953 0.18502718
v 0.03907703 -0.04356850 0.19017163
v 0.03536221 -0.05197234 0.20359569
v 0.03712126 -0.05070377 0.19723910
v 0.03600630 -0.04618551 0.20126837
v 0.03292302 -0.05358083 0.21241054
v 0.03355939 -0.05318307 0.21011039
v 0.03292184 -0.05229605 0.21241451
v 0.03291912 -0.04880595 0.21242445
v 0.03440372 -0.04741815 0.20705957
v 0.03291892 -0.04848356 0.21242543
v 0.03756462 -0.04490172 0.19563723
v 0.04054199 -0.04218730 0.18487790
v 0.04934442 -0.03132451 0.15306859
v 0.05312461 -0.02434310 0.13940836
v 0.05693471 -0.01315545 0.12563959
v 0.05645941 -0.01506409 0.12735734
v 0.04332328 -0.03928801 0.17482699
v 0.05591960 -0.01695794 0.12930825
v 0.05620350 -0.02785132 0.12828230
v 0.04665478 -0.04197011 0.16278826
v 0.04710224 -0.03462337 0.16117131
v 0.05755012 0.01013371 0.12341579
v 0.05759563 0.00987037 0.12325138
v 0.05759565 0.02483983 0.12325138
v 0.05755876 0.02493124 0.12338434
v 0.05569584 0.01767856 0.13011648
v 0.05670078 0.02682463 0.12648526
v 0.05578086 0.02868851 0.12980942
v 0.05507785 0.01951935 0.13234977
v 0.05480041 0.03052099 0.13335245
v 0.05376040 0.03232022 0.13711066
v 0.05286517 0.02490253 0.14034559
v 0.05266222 0.03408437 0.14107949
v 0.05150672 0.03581172 0.14525451
v 0.05110031 0.02835710 0.14672342
v 0.05029553 0.03750058 0.14963147
v 0.04902994 0.03914921 0.15420493
v 0.04911300 0.03168814 0.15390495
v 0.04634080 0.04231946 0.16392278
v 0.04492019 0.04383789 0.16905630
v 0.04345098 0.04530986 0.17436556
v 0.04323233 0.03938937 0.17515587
v 0.04193466 0.04673400 0.17984527
v 0.04037266 0.04810894 0.18548934
v 0.04054213 0.04218736 0.18487749
v 0.03876703 0.04943316 0.19129210
v 0.03711906 0.05070556 0.19724694
v 0.03767552 0.04480706 0.19523630
v 0.03543064 0.05192477 0.20334839
v 0.03370341 0.05308966 0.20958975
v 0.03464474 0.04723830 0.20618851
v 0.03292298 0.05358014 0.21241051
v 0.03292154 0.05182716 0.21241578
v 0.03291888 0.04848372 0.21242540
v 0.03307170 0.04838020 0.21187307
v 0.03617989 0.04604686 0.20064095
v 0.04190996 0.04080998 0.17993444
v 0.05201104 0.02664440 0.14343216
v 0.05718054 0.01204334 0.12475135
v 0.05674797 0.01393862 0.12631475
v 0.05366166 0.02313315 0.13746751
v 0.04450770 0.03792691 0.17054692
v 0.05013390 0.03003889 0.15021564
v 0.05625278 0.01581770 0.12810390
v 0.05439951 0.02133820 0.13480102
v 0.03913007 0.04352016 0.18997989
v 0.04573474 0.03642407 0.16611266
v 0.05201104 0.02664440 0.14343216
v 0.05110031 0.02835710 0.14672342
v 0.05116160 0.02905381 0.01022679
v 0.05135451 -0.02789246 0.14580491
v 0.05229490 -0.02695845 0.01023286
v 0.05137544 -0.02867365 0.01022805
v 0.05110031 0.02835710 0.14672342
v 0.05013390 0.03003889 0.15021564
v 0.05017360 0.03073037 0.01022151
v 0.04573474 0.03642407 0.16611266
v 0.04450770 0.03792691 0.17054692
v 0.04443392 0.03857470 0.01019074
v 0.04463668 -0.03777348 0.17008079
v 0.04595773 -0.03674369 0.01019901
v 0.04471846 -0.03824419 0.01019239
v 0.03907703 -0.04356850 0.19017163
v 0.04071260 -0.04248856 0.01017099
v 0.03928636 -0.04381252 0.01016337
v 0.05645941 -0.01506409 0.12735734
v 0.05708176 -0.01423611 0.01025844
v 0.05658012 -0.01611648 0.01025576
v 0.05674797 0.01393862 0.12631475
v 0.05625278 0.01581770 0.12810390
v 0.05645912 0.01653545 0.01025510
v 0.05838022 0.00237670 0.12270985
v 0.05874492 0.00313590 0.01026732
v 0.05881650 0.00119107 0.01026770
v 0.04323233 0.03938937 0.17515587
v 0.04190996 0.04080998 0.17993444
v 0.04178867 0.04142917 0.01017671
v 0.04195787 -0.04075991 0.17976114
v 0.04343008 -0.03970285 0.01018551
v 0.04209438 -0.04111811 0.01017847
v 0.05832543 -0.00347941 0.12274770
v 0.05876650 -0.00270031 0.01026743
v 0.05864516 -0.00464264 0.01026679
v 0.05013390 0.03003889 0.15021564
v 0.04911300 0.03168814 0.15390495
v 0.04913067 0.03237346 0.01021594
v 0.05286517 0.02490253 0.14034559
v 0.05201104 0.02664440 0.14343216
v 0.05209378 0.02734541 0.01023177
v 0.05796577 -0.00736968 0.12299596
v 0.05845980 -0.00657994 0.01026580
v 0.05821034 -0.00851001 0.01026446
v 0.04825184 -0.03299156 0.15701681
v 0.04936908 -0.03200827 0.01021723
v 0.04828434 -0.03362404 0.01021144
v 0.05842667 0.00042473 0.12267782
v 0.05881650 0.00119107 0.01026770
v 0.05882368 -0.00075502 0.01026774
v 0.03756462 -0.04490172 0.19563723
v 0.03928636 -0.04381252 0.01016337
v 0.03781695 -0.04508862 0.01015552
v 0.03913007 0.04352016 0.18997989
v 0.03767552 0.04480706 0.19523630
v 0.03748194 0.04536789 0.01015360
v 0.05718054 0.01204334 0.12475135
v 0.05674797 0.01393862 0.12631475
v 0.05697468 0.01465883 0.01025785
v 0.03617989 0.04604686 0.20064095
v 0.03464474 0.04723830 0.20618851
v 0.03440323 0.04774826 0.01013725
v 0.05366166 0.02313315 0.13746751
v 0.05286517 0.02490253 0.14034559
v 0.05296895 0.02560720 0.01023645
v 0.05826928 0.00432579 0.12278632
v 0.05809388 0.00626985 0.12290747
v 0.05840940 0.00701311 0.01026552
v 0.05531554 -0.01883481 0.13149059
v 0.05601651 -0.01797917 0.01025284
v 0.05539185 -0.01982232 0.01024941
v 0.05507785 0.01951935 0.13234977
v 0.05439951 0.02133820 0.13480102
v 0.05454462 0.02204873 0.01024487
v 0.05789726 -0.01043076 0.01026279
v 0.05734519 -0.01123417 0.12415646
v 0.05759564 -0.00987740 0.12325139
v 0.05759564 -0.00987740 0.12325139
v 0.05625278 0.01581770 0.12810390
v 0.05569584 0.01767856 0.13011648
v 0.05588194 0.01839395 0.01025211
v 0.05755012 0.01013371 0.12341579
v 0.05718054 0.01204334 0.12475135
v 0.05742800 0.01276626 0.01026028
v 0.04803872 0.03330307 0.15778729
v 0.04691221 0.03488230 0.16185788
v 0.04688489 0.03555173 0.01020404
v 0.03464474 0.04723830 0.20618851
v 0.03307170 0.04838020 0.21187307
v 0.03280649 0.04886092 0.01012872
v 0.04934442 -0.03132451 0.15306859
v 0.05039985 -0.03035758 0.01022274
v 0.04936908 -0.03200827 0.01021723
v 0.05037894 -0.02962415 0.14932995
v 0.05137544 -0.02867365 0.01022805
v 0.05039985 -0.03035758 0.01022274
v 0.04589675 -0.03621792 0.16552734
v 0.04714684 -0.03520311 0.01020536
v 0.04595773 -0.03674369 0.01019901
v 0.05312461 -0.02434310 0.13940836
v 0.05396133 -0.02344155 0.01024177
v 0.05315722 -0.02521375 0.01023757
v 0.05464803 -0.02069272 0.13390290
v 0.05539185 -0.01982232 0.01024941
v 0.05470642 -0.02164373 0.01024575
v 0.05391747 -0.02252948 0.13654295
v 0.05470642 -0.02164373 0.01024575
v 0.05396133 -0.02344155 0.01024177
v 0.04054213 0.04218736 0.18487749
v 0.03913007 0.04352016 0.18997989
v 0.03896062 0.04410271 0.01016160
vn -0.00356066 0.00302549 0.99998908
vn -0.00351755 0.00301143 0.99998928
vn -0.00356315 0.00302905 0.99998906
vn -0.00350615 0.00295651 0.99998948
vn -0.00347709 0.00293841 0.99998964
vn -0.00354683 -0.00299999 0.99998921
vn -0.00357449 -0.00303428 0.99998901
vn -0.00353333 -0.00303483 0.99998915
vn 0.48768710 0.87301817 0.00075450
vn 0.48768710 0.87301817 0.00075450
vn 0.48768710 0.87301817 0.00075450
vn 0.53473525 0.84501909 0.00097072
vn 0.53463204 0.84508450 0.00087993
vn 0.53460726 0.84510020 0.00085814
vn 0.54427119 0.83890835 0.00128359
vn 0.54427119 0.83890835 0.00128359
vn 0.54427119 0.83890835 0.00128359
vn 0.57171802 0.82044894 0.00142983
vn 0.57171802 0.82044894 0.00142983
vn 0.57171802 0.82044894 0.00142983
vn 0.59849980 0.80112141 0.00157322
vn 0.59849980 0.80112141 0.00157322
vn 0.59849980 0.80112141 0.00157322
vn 0.62467192 0.78088543 0.00171268
vn 0.62467192 0.78088543 0.00171268
vn 0.62467192 0.78088543 0.00171268
vn 0.65012034 0.75982902 0.00184851
vn 0.65012034 0.75982902 0.00184851
vn 0.65012034 0.75982902 0.00184851
vn 0.67483394 0.73796695 0.00198165
vn 0.67483394 0.73796695 0.00198165
vn 0.67483394 0.73796695 0.00198165
vn 0.69888146 0.71523440 0.00210988
vn 0.69888146 0.71523440 0.00210988
vn 0.69888146 0.71523440 0.00210988
vn 0.72215881 0.69172369 0.00223344
vn 0.72215881 0.69172369 0.00223344
vn 0.72215881 0.69172369 0.00223344
vn 0.74460132 0.66750531 0.00235382
vn 0.74460132 0.66750531 0.00235382
vn 0.74460132 0.66750531 0.00235382
vn 0.76623512 0.64255555 0.00247007
vn 0.76623512 0.64255555 0.00247007
vn 0.76623512 0.64255555 0.00247007
vn 0.78709656 0.61682440 0.00258073
vn 0.78709656 0.61682440 0.00258073
vn 0.78709656 0.61682440 0.00258073
vn 0.80701170 0.59052934 0.00268802
vn 0.80701170 0.59052934 0.00268802
vn 0.80701170 0.59052934 0.00268802
vn 0.82608090 0.56354464 0.00278970
vn 0.82608090 0.56354464 0.00278970
vn 0.82608090 0.56354464 0.00278970
vn 0.84428175 0.53589177 0.00288676
vn 0.84428175 0.53589177 0.00288676
vn 0.84428175 0.53589177 0.00288676
vn 0.86151901 0.50771657 0.00297877
vn 0.86151901 0.50771657 0.00297877
vn 0.86151901 0.50771657 0.00297877
vn 0.87782162 0.47897788 0.00306621
vn 0.87782162 0.47897788 0.00306621
vn 0.87782162 0.47897788 0.00306621
vn 0.89317877 0.44969076 0.00314726
vn 0.89317877 0.44969076 0.00314726
vn 0.89317877 0.44969076 0.00314726
vn 0.90753742 0.41995883 0.00322563
vn 0.90753742 0.41995883 0.00322563
vn 0.90753742 0.41995883 0.00322563
vn 0.92881056 0.37054300 0.00297153
vn 0.92765119 0.37343585 0.00298923
vn 0.92559393 0.37850595 0.00302022
vn 0.93329799 0.35908712 0.00336215
vn 0.93329799 0.35908712 0.00336215
vn 0.93329799 0.35908712 0.00336215
vn 0.94466349 0.32802314 0.00342284
vn 0.94466349 0.32802314 0.00342284
vn 0.94466349 0.32802314 0.00342284
vn 0.95498211 0.29664301 0.00347866
vn 0.95498211 0.29664301 0.00347866
vn 0.95498211 0.29664301 0.00347866
vn 0.96426837 0.26490390 0.00352713
vn 0.96426837 0.26490390 0.00352713
vn 0.96426837 0.26490390 0.00352713
vn 0.97248911 0.23292094 0.00357234
vn 0.97248911 0.23292094 0.00357234
vn 0.97248911 0.23292094 0.00357234
vn 0.97965627 0.20065033 0.00361066
vn 0.97965627 0.20065033 0.00361066
vn 0.97965627 0.20065033 0.00361066
vn 0.98574830 0.16818746 0.00364340
vn 0.98574830 0.16818746 0.00364340
vn 0.98574830 0.16818746 0.00364340
vn 0.99077602 0.13546003 0.00366938
vn 0.99077602 0.13546003 0.00366938
vn 0.99077602 0.13546003 0.00366938
vn 0.99470685 0.10268717 0.00369062
vn 0.99470685 0.10268717 0.00369062
vn 0.99470685 0.10268717 0.00369062
vn 0.99755473 0.06979120 0.00370715
vn 0.99755473 0.06979120 0.00370715
vn 0.99755473 0.06979120 0.00370715
vn 0.99931955 0.03669652 0.00371494
vn 0.99931955 0.03669652 0.00371494
vn 0.99931955 0.03669652 0.00371494
vn 0.99998698 0.00371991 0.00349241
vn 0.99998698 0.00371991 0.00349241
vn 0.99998698 0.00371991 0.00349241
vn 0.99956329 -0.02934357 0.00348976
vn 0.99956329 -0.02934357 0.00348976
vn 0.99956329 -0.02934357 0.00348976
vn 0.99804824 -0.06235045 0.00348210
vn 0.99804824 -0.06235045 0.00348210
vn 0.99804824 -0.06235045 0.00348210
vn 0.99544019 -0.09532466 0.00346897
vn 0.99544019 -0.09532466 0.00346897
vn 0.99544019 -0.09532466 0.00346897
vn 0.99174774 -0.12815823 0.00344817
vn 0.99174774 -0.12815823 0.00344817
vn 0.99174774 -0.12815823 0.00344817
vn 0.98697710 -0.16082438 0.00342258
vn 0.98697710 -0.16082438 0.00342258
vn 0.98697710 -0.16082438 0.00342258
vn 0.98111149 -0.19341337 0.00339152
vn 0.98111149 -0.19341337 0.00339152
vn 0.98111149 -0.19341337 0.00339152
vn 0.97419142 -0.22569853 0.00335529
vn 0.97419142 -0.22569853 0.00335529
vn 0.97419142 -0.22569853 0.00335529
vn 0.96620793 -0.25774265 0.00331109
vn 0.96620793 -0.25774265 0.00331109
vn 0.96620793 -0.25774265 0.00331109
vn 0.95715088 -0.28957129 0.00326418
vn 0.95715088 -0.28957129 0.00326418
vn 0.95715088 -0.28957129 0.00326418
vn 0.94705007 -0.32106987 0.00320904
vn 0.94705007 -0.32106987 0.00320904
vn 0.94705007 -0.32106987 0.00320904
vn 0.93596397 -0.35208171 0.00314985
vn 0.93596397 -0.35208171 0.00314985
vn 0.93596397 -0.35208171 0.00314985
vn 0.91523612 -0.40290444 0.00329386
vn 0.91523612 -0.40290444 0.00329386
vn 0.91523612 -0.40290444 0.00329386
vn 0.91063603 -0.41319842 0.00301479
vn 0.91063603 -0.41319842 0.00301479
vn 0.91063603 -0.41319842 0.00301479
vn 0.89647841 -0.44307767 0.00293914
vn 0.89647841 -0.44307767 0.00293914
vn 0.89647841 -0.44307767 0.00293914
vn 0.88134440 -0.47246574 0.00285917
vn 0.88134440 -0.47246574 0.00285917
vn 0.88134440 -0.47246574 0.00285917
vn 0.86524877 -0.50133509 0.00277262
vn 0.86524877 -0.50133509 0.00277262
vn 0.86524877 -0.50133509 0.00277262
vn 0.84823155 -0.52961878 0.00268165
vn 0.84823155 -0.52961878 0.00268165
vn 0.84823155 -0.52961878 0.00268165
vn 0.83025162 -0.55738278 0.00258536
vn 0.83025162 -0.55738278 0.00258536
vn 0.83025162 -0.55738278 0.00258536
vn 0.81138358 -0.58450878 0.00248469
vn 0.81138358 -0.58450878 0.00248469
vn 0.81138358 -0.58450878 0.00248469
vn 0.79159263 -0.61104456 0.00237900
vn 0.79159263 -0.61104456 0.00237900
vn 0.79159263 -0.61104456 0.00237900
vn 0.77099968 -0.63683149 0.00226883
vn 0.77099968 -0.63683149 0.00226883
vn 0.77099968 -0.63683149 0.00226883
vn 0.74950739 -0.66199247 0.00215366
vn 0.74950739 -0.66199247 0.00215366
vn 0.74950739 -0.66199247 0.00215366
vn 0.72725125 -0.68636833 0.00203453
vn 0.72725125 -0.68636833 0.00203453
vn 0.72725125 -0.68636833 0.00203453
vn 0.70418164 -0.71001730 0.00191185
vn 0.70418164 -0.71001730 0.00191185
vn 0.70418164 -0.71001730 0.00191185
vn 0.68031341 -0.73291915 0.00178437
vn 0.68031341 -0.73291915 0.00178437
vn 0.68031341 -0.73291915 0.00178437
vn 0.65574934 -0.75497687 0.00165292
vn 0.65574934 -0.75497687 0.00165292
vn 0.65574934 -0.75497687 0.00165292
vn 0.63040000 -0.77626899 0.00151794
vn 0.63040000 -0.77626899 0.00151794
vn 0.63040000 -0.77626899 0.00151794
vn 0.60442040 -0.79666435 0.00137892
vn 0.60442040 -0.79666435 0.00137892
vn 0.60442040 -0.79666435 0.00137892
vn 0.57774689 -0.81621505 0.00123620
vn 0.57774689 -0.81621505 0.00123620
vn 0.57774689 -0.81621505 0.00123620
vn 0.53229506 -0.84655827 0.00102873
vn 0.53219748 -0.84661975 0.00092191
vn 0.53233460 -0.84653336 0.00107201
vn 0.52261680 -0.85256718 0.00094189
vn 0.52261680 -0.85256718 0.00094189
vn 0.52261680 -0.85256718 0.00094189
vn -0.50796765 -0.86137565 -0.00092862
vn -0.50796765 -0.86137565 -0.00092862
vn -0.50796765 -0.86137565 -0.00092862
vn -0.53614695 -0.84412397 -0.00107925
vn -0.53614695 -0.84412397 -0.00107925
vn -0.53614695 -0.84412397 -0.00107925
vn -0.56372345 -0.82596299 -0.00100167
vn -0.56373752 -0.82595331 -0.00106308
vn -0.56373052 -0.82595813 -0.00103252
vn -0.55848411 0.82951436 -0.00119893
vn -0.55054266 0.83480632 -0.00109128
vn -0.55843541 0.82954714 -0.00119827
vn -0.53080811 0.84749138 -0.00105135
vn -0.53080811 0.84749138 -0.00105135
vn -0.53080811 0.84749138 -0.00105135
vn -0.50245928 0.86460040 -0.00090011
vn -0.50245928 0.86460040 -0.00090011
vn -0.50245928 0.86460040 -0.00090011
vn 0.00531953 0.00003238 -0.99998585
vn 0.00534600 0.00000523 -0.99998571
vn 0.00535452 0.00001990 -0.99998566
vn 0.00536274 -0.00000231 -0.99998562
vn 0.00534278 -0.00000032 -0.99998573
vn 0.00534278 -0.00000032 -0.99998573
vn 0.00534278 -0.00000032 -0.99998573
vn 0.00534278 -0.00000032 -0.99998573
vn 0.00533400 0.00001772 -0.99998577
vn 0.00534687 0.00000463 -0.99998571
vn 0.00535769 0.00001770 -0.99998565
vn 0.00536215 -0.00000556 -0.99998562
vn 0.00534278 -0.00000032 -0.99998573
vn 0.00534278 -0.00000032 -0.99998573
vn 0.00534278 -0.00000032 -0.99998573
vn 0.00534278 -0.00000032 -0.99998573
vn 0.00533709 0.00001892 -0.99998576
vn 0.00534518 0.00000176 -0.99998571
vn 0.00536045 0.00001500 -0.99998563
vn 0.00537709 -0.00002850 -0.99998554
vn 0.00534052 -0.00001099 -0.99998574
vn 0.00533833 -0.00000368 -0.99998575
vn 0.00533739 0.00000003 -0.99998576
vn 0.00532805 0.00002052 -0.99998581
vn 0.00534278 -0.00000032 -0.99998573
vn 0.00534278 -0.00000032 -0.99998573
vn 0.00534278 -0.00000032 -0.99998573
vn 0.00534278 -0.00000032 -0.99998573
vn 0.00534278 -0.00000032 -0.99998573
vn 0.00534278 -0.00000032 -0.99998573
vn 0.00534278 -0.00000032 -0.99998573
vn 0.00534278 -0.00000032 -0.99998573
vn 0.00532352 0.00001003 -0.99998583
vn 0.00534278 -0.00000032 -0.99998573
vn 0.00534278 -0.00000032 -0.99998573
vn 0.00534001 -0.00000495 -0.99998574
vn 0.00535155 -0.00002428 -0.99998568
vn 0.00533748 -0.00000206 -0.99998576
vn 0.00533780 0.00000176 -0.99998575
vn 0.00533561 0.00002417 -0.99998577
vn 0.00534278 -0.00000032 -0.99998573
vn 0.00534278 -0.00000032 -0.99998573
vn 0.00534757 0.00001916 -0.99998570
vn 0.00531898 0.00001473 -0.99998585
vn 0.00536576 0.00000399 -0.99998560
vn 0.00535431 -0.00001674 -0.99998567
vn 0.00530759 0.00002402 -0.99998591
vn 0.00534278 -0.00000032 -0.99998573
vn 0.00532715 0.00000539 -0.99998581
vn 0.00532681 0.00000473 -0.99998581
vn 0.00533486 -0.00000778 -0.99998577
vn 0.00534668 -0.00002185 -0.99998571
vn 0.00534278 -0.00000032 -0.99998573
vn 0.00534278 -0.00000032 -0.99998573
vn 0.00534278 -0.00000032 -0.99998573
vn 0.00534278 -0.00000032 -0.99998573
vn 0.00534278 -0.00000032 -0.99998573
vn 0.00534278 -0.00000032 -0.99998573
vn 0.00534278 -0.00000032 -0.99998573
vn 0.00534278 -0.00000032 -0.99998573
vn 0.00534278 -0.00000032 -0.99998573
vn 0.00534278 -0.00000032 -0.99998573
vn 0.00534278 -0.00000032 -0.99998573
vn 0.00534278 -0.00000032 -0.99998573
vn 0.00534278 -0.00000032 -0.99998573
vn 0.00534278 -0.00000032 -0.99998573
vn 0.00534278 -0.00000032 -0.99998573
vn 0.00534278 -0.00000032 -0.99998573
vn 0.00532930 -0.00001517 -0.99998580
vn 0.00533976 0.00000065 -0.99998574
vn 0.00532051 0.00000682 -0.99998585
vn 0.00534045 0.00001961 -0.99998574
vn 0.00534278 -0.00000032 -0.99998573
vn 0.00534278 -0.00000032 -0.99998573
vn 0.00533262 -0.00002373 -0.99998578
vn 0.00533227 -0.00000324 -0.99998578
vn 0.00533774 0.00000207 -0.99998575
vn 0.00533838 0.00000967 -0.99998575
vn 0.00533832 0.00001046 -0.99998575
vn -0.07013852 0.00498731 0.99752479
vn 0.00532646 0.00000015 -0.99998581
vn 0.00533905 0.00000994 -0.99998575
vn 0.00535594 0.00002155 -0.99998566
vn 0.00534277 -0.00000031 -0.99998573
vn 0.00534278 -0.00000032 -0.99998573
vn 0.00534278 -0.00000032 -0.99998573
vn 0.00523403 -0.00059457 -0.99998613
vn 0.00534821 -0.00000437 -0.99998570
vn 0.00566476 0.00016330 -0.99998394
vn 0.00534278 -0.00000032 -0.99998573
vn 0.00534278 -0.00000032 -0.99998573
vn 0.00534278 -0.00000032 -0.99998573
vn 0.00532408 -0.00000759 -0.99998583
vn 0.00533818 0.00000416 -0.99998575
vn 0.00532604 0.00001601 -0.99998582
vn 0.00534959 0.00001855 -0.99998569
vn 0.00534278 -0.00000032 -0.99998573
vn 0.00534278 -0.00000032 -0.99998573
vn 0.00534278 -0.00000032 -0.99998573
vn 0.00534274 -0.00001120 -0.99998573
vn 0.00533681 -0.00000384 -0.99998576
vn 0.00533715 -0.00003447 -0.99998576
vn 0.00535006 0.00000164 -0.99998569
vn 0.00534366 0.00001056 -0.99998572
vn 0.00536385 0.00001408 -0.99998561
vn 0.00534278 -0.00000032 -0.99998573
vn 0.00534278 -0.00000032 -0.99998573
vn 0.00534278 -0.00000032 -0.99998573
vn -0.00534278 0.00000032 0.99998573
vn -0.00534278 0.00000032 0.99998573
vn -0.00534278 0.00000032 0.99998573
vn 0.00534278 -0.00000032 -0.99998573
vn 0.00534278 -0.00000032 -0.99998573
vn -0.00534278 0.00000032 0.99998573
vn -0.00534278 0.00000032 0.99998573
vn -0.00534278 0.00000032 0.99998573
vn 0.00534278 -0.00000032 -0.99998573
vn -0.00534278 0.00000032 0.99998573
vn -0.00534278 0.00000032 0.99998573
vn -0.00534278 0.00000032 0.99998573
vn -0.00534278 0.00000032 0.99998573
vn -0.00534278 0.00000032 0.99998573
vn 0.00534278 -0.00000032 -0.99998573
vn 0.00534278 -0.00000032 -0.99998573
vn -0.00534278 0.00000032 0.99998573
vn -0.00534278 0.00000032 0.99998573
vn -0.00534278 0.00000032 0.99998573
vn 0.00534278 -0.00000032 -0.99998573
vn 0.00534278 -0.00000032 -0.99998573
vn -0.69122284 -0.53969847 0.48055858
vn -0.69122284 -0.53969847 0.48055858
vn -0.69122284 -0.53969847 0.48055858
vn 0.00532414 -0.00001444 -0.99998583
vn 0.00534278 -0.00000032 -0.99998573
vn 0.00534278 -0.00000032 -0.99998573
vn 0.00534278 -0.00000032 -0.99998573
vn -0.00534278 0.00000032 0.99998573
vn -0.00534278 0.00000032 0.99998573
vn -0.00534278 0.00000032 0.99998573
vn -0.00534278 0.00000032 0.99998573
vn -0.00534278 0.00000032 0.99998573
vn -0.00534278 0.00000032 0.99998573
vn 0.00534278 -0.00000032 -0.99998573
vn 0.00534278 -0.00000032 -0.99998573
vn 0.00532732 0.00000799 -0.99998581
vn -0.68744311 -0.28944441 0.66606599
vn -0.68744311 -0.28944441 0.66606599
vn -0.68744311 -0.28944441 0.66606599
vn 0.00534278 -0.00000032 -0.99998573
vn 0.00534278 -0.00000032 -0.99998573
vn 0.00534278 -0.00000032 -0.99998573
vn 0.00533179 -0.00000393 -0.99998579
vn 0.00534278 -0.00000032 -0.99998573
vn 0.00534278 -0.00000032 -0.99998573
vn 0.00532825 0.00000748 -0.99998580
vn -0.83369510 -0.14270797 -0.53346689
vn -0.83369510 -0.14270797 -0.53346689
vn -0.83369510 -0.14270797 -0.53346689
vn 0.00534278 -0.00000032 -0.99998573
vn 0.00532846 0.00000737 -0.99998580
vn 0.00535193 -0.00002767 -0.99998568
vn 0.00534278 -0.00000032 -0.99998573
vn 0.00534278 -0.00000032 -0.99998573
vn -0.00534278 0.00000032 0.99998573
vn -0.00534278 0.00000032 0.99998573
vn -0.00534278 0.00000032 0.99998573
vn 0.00534278 -0.00000032 -0.99998573
vn 0.00534278 -0.00000032 -0.99998573
vn 0.00534278 -0.00000032 -0.99998573
vn 0.00534278 -0.00000032 -0.99998573
vn 0.00534278 -0.00000032 -0.99998573
vn 0.00534278 -0.00000032 -0.99998573
vn 0.00534278 -0.00000032 -0.99998573
vn 0.00534278 -0.00000032 -0.99998573
vn 0.00534278 -0.00000032 -0.99998573
vn -0.00534278 0.00000032 0.99998573
vn -0.00534278 0.00000032 0.99998573
vn -0.00534278 0.00000032 0.99998573
vn 0.00534278 -0.00000032 -0.99998573
vn 0.00534278 -0.00000032 -0.99998573
vn -0.00534278 0.00000032 0.99998573
vn -0.00534278 0.00000032 0.99998573
vn -0.00534278 0.00000032 0.99998573
vn -0.00534278 0.00000032 0.99998573
vn 0.00534278 -0.00000032 -0.99998573
vn 0.00534278 -0.00000032 -0.99998573
vn -0.00534278 0.00000032 0.99998573
vn -0.00534278 0.00000032 0.99998573
vn -0.00534278 0.00000032 0.99998573
vn -0.00534278 0.00000032 0.99998573
vn -0.00534278 0.00000032 0.99998573
vn -0.00534278 0.00000032 0.99998573
vn -0.00534278 0.00000032 0.99998573
vn -0.00534278 0.00000032 0.99998573
vn -0.81114601 0.58422847 0.02681889
vn -0.81114601 0.58422847 0.02681889
vn -0.81114601 0.58422847 0.02681889
vn -0.00559885 0.00013786 0.99998432
vn -0.00559885 0.00013786 0.99998432
vn -0.00559885 0.00013786 0.99998432
vn 0.00534278 -0.00000032 -0.99998573
vn -0.00534278 0.00000032 0.99998573
vn -0.00534278 0.00000032 0.99998573
vn -0.00534278 0.00000032 0.99998573
vn -0.00534278 0.00000032 0.99998573
vn -0.00534278 0.00000032 0.99998573
vn -0.00534278 0.00000032 0.99998573
vn -0.00534278 0.00000032 0.99998573
vn -0.00534278 0.00000032 0.99998573
vn 0.00532456 -0.00001563 -0.99998582
vn -0.59946975 0.74017609 -0.30459050
vn -0.59946975 0.74017609 -0.30459050
vn -0.59946975 0.74017609 -0.30459050
vn 0.00534815 0.00003261 -0.99998570
vn -0.00534278 0.00000032 0.99998573
vn -0.00534278 0.00000032 0.99998573
vn -0.00534278 0.00000032 0.99998573
vn 0.00534278 -0.00000032 -0.99998573
vn 0.56806272 0.00001895 0.82298526
vn 0.56806410 -0.00001939 0.82298431
vn 0.56805039 0.00001632 0.82299378
vn -0.73676384 0.67614664 -0.00218154
vn -0.73676384 0.67614664 -0.00218154
vn -0.73676384 0.67614664 -0.00218154
vn -0.99909543 0.04236954 -0.00362424
vn -0.99909543 0.04236954 -0.00362424
vn -0.99909543 0.04236954 -0.00362424
vn -0.92092097 -0.38973542 -0.00329611
vn -0.92092097 -0.38973542 -0.00329611
vn -0.92092097 -0.38973542 -0.00329611
vn -0.58613376 0.81021318 -0.00134823
vn -0.58614095 0.81020798 -0.00135157
vn -0.58564210 0.81056898 -0.00111996
vn -0.97847478 0.20633650 -0.00351409
vn -0.97847478 0.20633650 -0.00351409
vn -0.97847478 0.20633650 -0.00351409
vn -0.00347789 -0.00298091 0.99998951
vn -0.99077066 -0.13549917 -0.00366930
vn -0.99077066 -0.13549917 -0.00366930
vn -0.99077066 -0.13549917 -0.00366930
vn -0.94463773 -0.32809729 -0.00342483
vn -0.94463773 -0.32809729 -0.00342483
vn -0.94463773 -0.32809729 -0.00342483
vn -0.99411545 0.10826603 -0.00359812
vn -0.99411545 0.10826603 -0.00359812
vn -0.99411545 0.10826603 -0.00359812
vn -0.97108756 0.23869831 -0.00347327
vn -0.97108756 0.23869831 -0.00347327
vn -0.97108756 0.23869831 -0.00347327
vn -0.68966528 0.72412576 -0.00192216
vn -0.68966528 0.72412576 -0.00192216
vn -0.68966528 0.72412576 -0.00192216
vn -0.61307526 0.79002308 -0.00149992
vn -0.61307526 0.79002308 -0.00149992
vn -0.61307526 0.79002308 -0.00149992
vn -0.98819695 -0.15315340 -0.00328919
vn -0.98819695 -0.15315340 -0.00328919
vn -0.98819695 -0.15315340 -0.00328919
vn -0.99755747 -0.06975208 -0.00370648
vn -0.99755747 -0.06975208 -0.00370648
vn -0.99755747 -0.06975208 -0.00370648
vn -0.62465142 -0.78090183 -0.00171295
vn -0.62465142 -0.78090183 -0.00171295
vn -0.62465142 -0.78090183 -0.00171295
vn -0.74461965 -0.66748486 -0.00235385
vn -0.74461965 -0.66748486 -0.00235385
vn -0.74461965 -0.66748486 -0.00235385
vn -0.80101020 0.59864533 -0.00253556
vn -0.80101020 0.59864533 -0.00253556
vn -0.80101020 0.59864533 -0.00253556
vn -0.95304568 0.30280778 -0.00337319
vn -0.95304568 0.30280778 -0.00337319
vn -0.95304568 0.30280778 -0.00337319
vn -0.88958376 0.45676206 -0.00302373
vn -0.88958376 0.45676206 -0.00302373
vn -0.88958376 0.45676206 -0.00302373
vn -0.69890371 -0.71521267 -0.00210937
vn -0.69890371 -0.71521267 -0.00210937
vn -0.69890371 -0.71521267 -0.00210937
vn -0.82609876 -0.56351846 -0.00278929
vn -0.82609876 -0.56351846 -0.00278929
vn -0.82609876 -0.56351846 -0.00278929
vn -0.78705023 -0.61688351 -0.00258124
vn -0.78705023 -0.61688351 -0.00258124
vn -0.78705023 -0.61688351 -0.00258124
vn 0.96377766 0.00000749 0.26670700
vn 0.96377658 0.00000190 0.26671089
vn 0.96377700 0.00001024 0.26670940
vn 0.96377932 0.00000585 0.26670101
vn 0.96377607 0.00000225 0.26671273
vn 0.96378043 0.00000863 0.26669697
vn -0.87781811 -0.47898430 -0.00306610
vn -0.87781811 -0.47898430 -0.00306610
vn -0.87781811 -0.47898430 -0.00306610
vn -0.87379502 0.48628556 -0.00293682
vn -0.87379502 0.48628556 -0.00293682
vn -0.87379502 0.48628556 -0.00293682
vn -0.86152453 -0.50770722 -0.00297829
vn -0.86152453 -0.50770722 -0.00297829
vn -0.86152453 -0.50770722 -0.00297829
vn -0.76625665 -0.64252988 -0.00246973
vn -0.76625665 -0.64252988 -0.00246973
vn -0.76625665 -0.64252988 -0.00246973
vn -0.75905327 0.65102444 -0.00230486
vn -0.75905327 0.65102444 -0.00230486
vn -0.75905327 0.65102444 -0.00230486
vn -0.66489546 0.74693429 -0.00178577
vn -0.66489546 0.74693429 -0.00178577
vn -0.66489546 0.74693429 -0.00178577
vn -0.96261581 0.27084878 -0.00342639
vn -0.96261581 0.27084878 -0.00342639
vn -0.96261581 0.27084878 -0.00342639
vn -0.96426538 -0.26491477 -0.00352763
vn -0.96426538 -0.26491477 -0.00352763
vn -0.96426538 -0.26491477 -0.00352763
vn -0.99971189 -0.02372704 -0.00362866
vn -0.99971189 -0.02372704 -0.00362866
vn -0.99971189 -0.02372704 -0.00362866
vn -0.72211561 -0.69176879 -0.00223412
vn -0.72211561 -0.69176879 -0.00223412
vn -0.72211561 -0.69176879 -0.00223412
vn -0.71363346 0.70051628 -0.00205410
vn -0.71363346 0.70051628 -0.00205410
vn -0.71363346 0.70051628 -0.00205410
vn -0.99714927 0.07536762 -0.00361385
vn -0.99714927 0.07536762 -0.00361385
vn -0.99714927 0.07536762 -0.00361385
vn -0.84427535 -0.53590186 -0.00288641
vn -0.84427535 -0.53590186 -0.00288641
vn -0.84427535 -0.53590186 -0.00288641
vn -0.89316931 -0.44970954 -0.00314807
vn -0.89316931 -0.44970954 -0.00314807
vn -0.89316931 -0.44970954 -0.00314807
vn -0.98998395 0.14113470 -0.00357538
vn -0.98998395 0.14113470 -0.00357538
vn -0.98998395 0.14113470 -0.00357538
vn -0.82065668 0.57141546 -0.00264348
vn -0.82065668 0.57141546 -0.00264348
vn -0.82065668 0.57141546 -0.00264348
vn -0.99994985 0.00933354 -0.00362958
vn -0.99994985 0.00933354 -0.00362958
vn -0.99994985 0.00933354 -0.00362958
vn -0.63937523 0.76889311 -0.00164457
vn -0.63937523 0.76889311 -0.00164457
vn -0.63937523 0.76889311 -0.00164457
vn -0.65011358 -0.75983480 -0.00184901
vn -0.65011358 -0.75983480 -0.00184901
vn -0.65011358 -0.75983480 -0.00184901
vn -0.97248386 -0.23294285 -0.00357280
vn -0.97248386 -0.23294285 -0.00357280
vn -0.97248386 -0.23294285 -0.00357280
vn -0.59850509 -0.80111746 -0.00157311
vn -0.59850509 -0.80111746 -0.00157311
vn -0.59850509 -0.80111746 -0.00157311
vn -0.90755600 -0.41991869 -0.00322423
vn -0.90755600 -0.41991869 -0.00322423
vn -0.90755600 -0.41991869 -0.00322423
vn -0.99470998 -0.10265688 -0.00369044
vn -0.99470998 -0.10265688 -0.00369044
vn -0.99470998 -0.10265688 -0.00369044
vn -0.00351286 0.00287999 0.99998968
vn -0.00347082 0.00285369 0.99998990
vn -0.94246061 0.33430076 -0.00331603
vn -0.94246061 0.33430076 -0.00331603
vn -0.94246061 0.33430076 -0.00331603
vn -0.93330232 -0.35907587 -0.00336242
vn -0.93330232 -0.35907587 -0.00336242
vn -0.93330232 -0.35907587 -0.00336242
vn -0.00340106 -0.00290966 0.99998998
vn -0.00354872 -0.00304042 0.99998908
vn -0.00344973 -0.00296787 0.99998965
vn -0.98697043 0.16086535 -0.00342245
vn -0.98696809 0.16087969 -0.00342259
vn -0.98696810 0.16087964 -0.00342259
vn -0.95499798 -0.29659190 -0.00347845
vn -0.95499798 -0.29659190 -0.00347845
vn -0.95499798 -0.29659190 -0.00347845
vn -0.97966707 -0.20059762 -0.00360965
vn -0.97966707 -0.20059762 -0.00360965
vn -0.97966707 -0.20059762 -0.00360965
vn -0.80704169 -0.59048834 -0.00268738
vn -0.80704169 -0.59048834 -0.00268738
vn -0.80704169 -0.59048834 -0.00268738
vn -0.57171099 -0.82045384 -0.00142986
vn -0.57171099 -0.82045384 -0.00142986
vn -0.57171099 -0.82045384 -0.00142986
vn -0.83934009 0.54359974 -0.00274677
vn -0.83934009 0.54359974 -0.00274677
vn -0.83934009 0.54359974 -0.00274677
vn -0.00343991 -0.00289640 0.99998989
vn -0.85706884 0.51519405 -0.00284513
vn -0.85706884 0.51519405 -0.00284513
vn -0.85706884 0.51519405 -0.00284513
vn -0.78050271 0.62514771 -0.00242248
vn -0.78050271 0.62514771 -0.00242248
vn -0.78050271 0.62514771 -0.00242248
vn -0.90433245 0.42681749 -0.00310517
vn -0.90433245 0.42681749 -0.00310517
vn -0.90433245 0.42681749 -0.00310517
vn -0.93078779 0.36554552 -0.00325073
vn -0.93078779 0.36554552 -0.00325073
vn -0.93078779 0.36554552 -0.00325073
vn -0.91809911 0.39633813 -0.00318093
vn -0.91809911 0.39633813 -0.00318093
vn -0.91809911 0.39633813 -0.00318093
vn -0.67484983 -0.73795243 -0.00198127
vn -0.67484983 -0.73795243 -0.00198127
vn -0.67484983 -0.73795243 -0.00198127
vn -0.00343884 0.00300834 0.99998956
vn -0.00357897 -0.00303473 0.99998899
vn 0.50660080 0.86218024 0.00093207
vn 0.50660080 0.86218024 0.00093207
vn 0.50660080 0.86218024 0.00093207
vn 0.51623744 0.85644475 0.00113402
vn 0.51623744 0.85644475 0.00113402
vn 0.51623744 0.85644475 0.00113402
vn 0.53482290 0.84496353 0.00104783
vn 0.56164518 0.82737759 0.00100811
vn 0.56164518 0.82737759 0.00100811
vn 0.56164518 0.82737759 0.00100811
vn 0.58816373 0.80874105 0.00115400
vn 0.58816373 0.80874105 0.00115400
vn 0.58816373 0.80874105 0.00115400
vn 0.61406999 0.78925051 0.00129646
vn 0.61406999 0.78925051 0.00129646
vn 0.61406999 0.78925051 0.00129646
vn 0.63934277 0.76892052 0.00143580
vn 0.63934277 0.76892052 0.00143580
vn 0.63934277 0.76892052 0.00143580
vn 0.66392446 0.74779800 0.00157136
vn 0.66392446 0.74779800 0.00157136
vn 0.66392446 0.74779800 0.00157136
vn 0.68786460 0.72583703 0.00170278
vn 0.68786460 0.72583703 0.00170278
vn 0.68786460 0.72583703 0.00170278
vn 0.71106303 0.70312588 0.00183145
vn 0.71106303 0.70312588 0.00183145
vn 0.71106303 0.70312588 0.00183145
vn 0.73352593 0.67965866 0.00195536
vn 0.73352593 0.67965866 0.00195536
vn 0.73352593 0.67965866 0.00195536
vn 0.75525322 0.65542984 0.00207430
vn 0.75525322 0.65542984 0.00207430
vn 0.75525322 0.65542984 0.00207430
vn 0.77616905 0.63052106 0.00218985
vn 0.77616905 0.63052106 0.00218985
vn 0.77616905 0.63052106 0.00218985
vn 0.79629560 0.60490331 0.00230110
vn 0.79629560 0.60490331 0.00230110
vn 0.79629560 0.60490331 0.00230110
vn 0.81556782 0.57865649 0.00240706
vn 0.81556782 0.57865649 0.00240706
vn 0.81556782 0.57865649 0.00240706
vn 0.83396634 0.55180961 0.00250926
vn 0.83396634 0.55180961 0.00250926
vn 0.83396634 0.55180961 0.00250926
vn 0.85156536 0.52424197 0.00260534
vn 0.85156536 0.52424197 0.00260534
vn 0.85156536 0.52424197 0.00260534
vn 0.86819911 0.49620866 0.00269753
vn 0.86819911 0.49620866 0.00269753
vn 0.86819911 0.49620866 0.00269753
vn 0.88395319 0.46756712 0.00278391
vn 0.88395319 0.46756712 0.00278391
vn 0.88395319 0.46756712 0.00278391
vn 0.89874397 0.43846443 0.00286597
vn 0.89874397 0.43846443 0.00286597
vn 0.89874397 0.43846443 0.00286597
vn 0.91264445 0.40874376 0.00294096
vn 0.91264445 0.40874376 0.00294096
vn 0.91264445 0.40874376 0.00294096
vn 0.92092930 0.38971574 0.00329645
vn 0.92092930 0.38971574 0.00329645
vn 0.92092930 0.38971574 0.00329645
vn 0.92543287 0.37889955 0.00302263
vn 0.93757238 0.34777660 0.00307656
vn 0.93757238 0.34777660 0.00307656
vn 0.93757238 0.34777660 0.00307656
vn 0.94855710 0.31659059 0.00313464
vn 0.94855710 0.31659059 0.00313464
vn 0.94855710 0.31659059 0.00313464
vn 0.95848937 0.28511044 0.00318814
vn 0.95848937 0.28511044 0.00318814
vn 0.95848937 0.28511044 0.00318814
vn 0.96736106 0.25338133 0.00323683
vn 0.96736106 0.25338133 0.00323683
vn 0.96736106 0.25338133 0.00323683
vn 0.97521676 0.22122734 0.00327744
vn 0.97521676 0.22122734 0.00327744
vn 0.97521676 0.22122734 0.00327744
vn 0.98197998 0.18895588 0.00331521
vn 0.98197998 0.18895588 0.00331521
vn 0.98197998 0.18895588 0.00331521
vn 0.98768057 0.15644772 0.00334605
vn 0.98768057 0.15644772 0.00334605
vn 0.98768057 0.15644772 0.00334605
vn 0.99231262 0.12371052 0.00337079
vn 0.99231262 0.12371052 0.00337079
vn 0.99231262 0.12371052 0.00337079
vn 0.99585558 0.09088551 0.00338948
vn 0.99585558 0.09088551 0.00338948
vn 0.99585558 0.09088551 0.00338948
vn 0.99831622 0.05790634 0.00340241
vn 0.99831622 0.05790634 0.00340241
vn 0.99831622 0.05790634 0.00340241
vn 0.99968394 0.02490750 0.00341098
vn 0.99968394 0.02490750 0.00341098
vn 0.99968394 0.02490750 0.00341098
vn 0.99996047 -0.00811348 0.00363722
vn 0.99996047 -0.00811348 0.00363722
vn 0.99996047 -0.00811348 0.00363722
vn 0.99914414 -0.04120424 0.00363287
vn 0.99914414 -0.04120424 0.00363287
vn 0.99914414 -0.04120424 0.00363287
vn 0.99723460 -0.07422959 0.00362346
vn 0.99723460 -0.07422959 0.00362346
vn 0.99723460 -0.07422959 0.00362346
vn 0.99424472 -0.10707210 0.00360685
vn 0.99424472 -0.10707210 0.00360685
vn 0.99424472 -0.10707210 0.00360685
vn 0.99015685 -0.13991626 0.00358431
vn 0.99015685 -0.13991626 0.00358431
vn 0.99015685 -0.13991626 0.00358431
vn 0.98498547 -0.17260059 0.00355711
vn 0.98498547 -0.17260059 0.00355711
vn 0.98498547 -0.17260059 0.00355711
vn 0.97872745 -0.20513449 0.00352366
vn 0.97872745 -0.20513449 0.00352366
vn 0.97872745 -0.20513449 0.00352366
vn 0.97144229 -0.23725036 0.00348382
vn 0.97144229 -0.23725036 0.00348382
vn 0.97144229 -0.23725036 0.00348382
vn 0.96301897 -0.26941163 0.00343924
vn 0.96301897 -0.26941163 0.00343924
vn 0.96301897 -0.26941163 0.00343924
vn 0.95360846 -0.30103060 0.00338840
vn 0.95360846 -0.30103060 0.00338840
vn 0.95360846 -0.30103060 0.00338840
vn 0.94311097 -0.33246143 0.00333096
vn 0.94311097 -0.33246143 0.00333096
vn 0.94311097 -0.33246143 0.00333096
vn 0.93159175 -0.36349156 0.00327043
vn 0.93159175 -0.36349156 0.00327043
vn 0.93159175 -0.36349156 0.00327043
vn 0.92377325 -0.38292750 0.00308527
vn 0.92377325 -0.38292750 0.00308527
vn 0.92377325 -0.38292750 0.00308527
vn 0.92177085 -0.38772135 0.00326475
vn 0.92177085 -0.38772135 0.00326475
vn 0.92177085 -0.38772135 0.00326475
vn 0.90543214 -0.42447951 0.00312826
vn 0.90543214 -0.42447951 0.00312826
vn 0.90543214 -0.42447951 0.00312826
vn 0.89072156 -0.45453913 0.00304773
vn 0.89072156 -0.45453913 0.00304773
vn 0.89072156 -0.45453913 0.00304773
vn 0.87506763 -0.48399160 0.00296148
vn 0.87506763 -0.48399160 0.00296148
vn 0.87506763 -0.48399160 0.00296148
vn 0.85838080 -0.51300503 0.00286911
vn 0.85838080 -0.51300503 0.00286911
vn 0.85838080 -0.51300503 0.00286911
vn 0.84073967 -0.54143247 0.00277202
vn 0.84073967 -0.54143247 0.00277202
vn 0.84073967 -0.54143247 0.00277202
vn 0.82210928 -0.56932347 0.00266921
vn 0.82210928 -0.56932347 0.00266921
vn 0.82210928 -0.56932347 0.00266921
vn 0.80255316 -0.59657511 0.00256176
vn 0.80255316 -0.59657511 0.00256176
vn 0.80255316 -0.59657511 0.00256176
vn 0.78209259 -0.62315743 0.00244857
vn 0.78209259 -0.62315743 0.00244857
vn 0.78209259 -0.62315743 0.00244857
vn 0.76074661 -0.64904481 0.00233100
vn 0.76074661 -0.64904481 0.00233100
vn 0.76074661 -0.64904481 0.00233100
vn 0.73850923 -0.67423975 0.00220789
vn 0.73850923 -0.67423975 0.00220789
vn 0.73850923 -0.67423975 0.00220789
vn 0.71540686 -0.69870501 0.00208083
vn 0.71540686 -0.69870501 0.00208083
vn 0.71540686 -0.69870501 0.00208083
vn 0.69152234 -0.72235245 0.00194963
vn 0.69152234 -0.72235245 0.00194963
vn 0.69152234 -0.72235245 0.00194963
vn 0.66684194 -0.74519698 0.00181332
vn 0.66684194 -0.74519698 0.00181332
vn 0.66684194 -0.74519698 0.00181332
vn 0.64131445 -0.76727633 0.00167297
vn 0.64131445 -0.76727633 0.00167297
vn 0.64131445 -0.76727633 0.00167297
vn 0.61513471 -0.78842054 0.00152861
vn 0.61513471 -0.78842054 0.00152861
vn 0.61513471 -0.78842054 0.00152861
vn 0.58820271 -0.80871235 0.00138006
vn 0.58820271 -0.80871235 0.00138006
vn 0.58820271 -0.80871235 0.00138006
vn 0.56057159 -0.82810506 0.00122756
vn 0.56057159 -0.82810506 0.00122756
vn 0.56057159 -0.82810506 0.00122756
vn 0.55048071 -0.83484717 0.00109067
vn 0.55048071 -0.83484717 0.00109067
vn 0.55048071 -0.83484717 0.00109067
vn 0.53207565 -0.84669645 0.00078858
vn 0.50384994 -0.86379071 0.00091835
vn 0.50384994 -0.86379071 0.00091835
vn 0.50384994 -0.86379071 0.00091835
vn -0.48768389 -0.87301996 -0.00075434
vn -0.48768389 -0.87301996 -0.00075434
vn -0.48768389 -0.87301996 -0.00075434
vn -0.51624530 -0.85644029 -0.00090699
vn -0.51624530 -0.85644029 -0.00090699
vn -0.51624530 -0.85644029 -0.00090699
vn -0.56376388 -0.82593517 -0.00117811
vn -0.54426601 -0.83891171 -0.00128353
vn -0.54426601 -0.83891171 -0.00128353
vn -0.54426601 -0.83891171 -0.00128353
vn -0.57772428 0.81623105 -0.00123586
vn -0.57772428 0.81623105 -0.00123586
vn -0.57772428 0.81623105 -0.00123586
vn -0.55049335 0.83483884 -0.00109061
vn -0.52261285 0.85256960 -0.00094168
vn -0.52261285 0.85256960 -0.00094168
vn -0.52261285 0.85256960 -0.00094168
vn 0.00534278 -0.00000032 -0.99998573
vn 0.00534278 -0.00000032 -0.99998573
vn 0.00532165 0.00000969 -0.99998584
vn 0.00536152 -0.00001430 -0.99998563
vn -0.00534278 0.00000032 0.99998573
vn -0.00534278 0.00000032 0.99998573
vn 0.00534278 -0.00000032 -0.99998573
vn 0.00000000 0.00000000 0.00000000
vn -0.00534278 0.00000032 0.99998573
vn 0.00534278 -0.00000032 -0.99998573
vn -0.00534278 0.00000032 0.99998573
vn 0.00000000 0.00000000 0.00000000
vn -0.70184227 -0.51159529 0.49566893
vn -0.70184227 -0.51159529 0.49566893
vn -0.70184227 -0.51159529 0.49566893
vn 0.00534278 -0.00000032 -0.99998573
vn 0.00534278 -0.00000032 -0.99998573
vn 0.00534278 -0.00000032 -0.99998573
vn 0.00528896 0.00002859 -0.99998601
vn -0.69121660 -0.26452397 0.67249289
vn -0.69121660 -0.26452397 0.67249289
vn -0.69121660 -0.26452397 0.67249289
vn 0.00527456 0.00003632 -0.99998609
vn -0.83554324 -0.11465251 -0.53732885
vn -0.83554324 -0.11465251 -0.53732885
vn -0.83554324 -0.11465251 -0.53732885
vn 0.00534278 -0.00000032 -0.99998573
vn -0.00534278 0.00000032 0.99998573
vn 0.00534278 -0.00000032 -0.99998573
vn 0.00534278 -0.00000032 -0.99998573
vn 0.00534278 -0.00000032 -0.99998573
vn 0.00000000 0.00000000 0.00000000
vn -0.00534278 0.00000032 0.99998573
vn -0.00534278 0.00000032 0.99998573
vn -0.00534278 0.00000032 0.99998573
vn -0.00534278 0.00000032 0.99998573
vn -0.79119209 0.61058248 0.03470028
vn -0.79119209 0.61058248 0.03470028
vn -0.79119209 0.61058248 0.03470028
vn -0.00534278 0.00000032 0.99998573
vn 0.00000000 0.00000000 0.00000000
vn 0.00000000 0.00000000 0.00000000
vn -0.00534278 0.00000032 0.99998573
vn 0.00000000 0.00000000 0.00000000
vn -0.57696995 0.76253447 -0.29265484
vn -0.57696995 0.76253447 -0.29265484
vn -0.57696995 0.76253447 -0.29265484
vn 0.00000000 0.00000000 0.00000000
vn -0.00534278 0.00000032 0.99998573
vn 0.56801370 -0.00000166 0.82301910
vn 0.56799768 -0.00000030 0.82303015
vn 0.56805695 -0.00002366 0.82298925
vn 0.56807378 -0.00000405 0.82297763
vn 0.56798452 0.00000970 0.82303924
vn 0.56805445 -0.00000972 0.82299097
vn 0.56807631 -0.00002011 0.82297589
vn 0.56804591 0.00000669 0.82299687
vn 0.56806209 -0.00001307 0.82298570
vn 0.56805529 -0.00001057 0.82299039
vn 0.56804784 -0.00001167 0.82299554
vn 0.56805579 -0.00001512 0.82299005
vn 0.56804237 0.00001989 0.82299931
vn 0.56806101 0.00002305 0.82298644
vn 0.56806170 0.00001580 0.82298597
vn 0.56805519 0.00000603 0.82299046
vn 0.56805724 0.00000843 0.82298905
vn 0.56805192 -0.00001868 0.82299272
vn 0.56805272 -0.00001853 0.82299217
vn 0.56805138 -0.00002689 0.82299309
vn 0.56805131 0.00000902 0.82299314
vn 0.56805868 0.00002272 0.82298805
vn 0.56807528 0.00000830 0.82297660
vn 0.56805206 -0.00001998 0.82299262
vn 0.56805535 -0.00011771 0.82299034
vn 0.56798244 -0.00001688 0.82304067
vn 0.56810302 0.00003485 0.82295744
vn 0.56810533 0.00000735 0.82295585
vn 0.56806380 -0.00000172 0.82298452
vn 0.56789849 -0.00000006 0.82309860
vn 0.56793066 0.00000114 0.82307640
vn 0.56806568 -0.00010519 0.82298322
vn 0.56805543 0.00000734 0.82299030
vn 0.56804485 0.00001678 0.82299760
vn 0.56804262 0.00000189 0.82299914
vn -0.74949189 0.66201002 -0.00215418
vn -0.74949189 0.66201002 -0.00215418
vn -0.74949189 0.66201002 -0.00215418
vn -0.99956218 0.02938130 -0.00349030
vn -0.99956218 0.02938130 -0.00349030
vn -0.99956218 0.02938130 -0.00349030
vn -0.92646002 -0.37638123 -0.00300051
vn -0.92646002 -0.37638123 -0.00300051
vn -0.92646002 -0.37638123 -0.00300051
vn -0.58549901 0.81067243 -0.00105355
vn -0.60442832 0.79665833 -0.00137921
vn -0.60442832 0.79665833 -0.00137921
vn -0.60442832 0.79665833 -0.00137921
vn -0.98112651 0.19333716 -0.00339196
vn -0.98112651 0.19333716 -0.00339196
vn -0.98112651 0.19333716 -0.00339196
vn -0.00340095 -0.00308974 0.99998944
vn -0.99245078 -0.12259747 -0.00336410
vn -0.99245078 -0.12259747 -0.00336410
vn -0.99245078 -0.12259747 -0.00336410
vn -0.94913627 -0.31485009 -0.00312562
vn -0.94913627 -0.31485009 -0.00312562
vn -0.94913627 -0.31485009 -0.00312562
vn -0.99544739 0.09524947 -0.00346820
vn -0.99544739 0.09524947 -0.00346820
vn -0.99544739 0.09524947 -0.00346820
vn -0.97419086 0.22570092 -0.00335549
vn -0.97419086 0.22570092 -0.00335549
vn -0.97419086 0.22570092 -0.00335549
vn -0.70418401 0.71001495 -0.00191200
vn -0.70418401 0.71001495 -0.00191200
vn -0.70418401 0.71001495 -0.00191200
vn -0.63044232 0.77623462 -0.00151780
vn -0.63044232 0.77623462 -0.00151780
vn -0.63044232 0.77623462 -0.00151780
vn -0.98574757 -0.16819169 -0.00364360
vn -0.98574757 -0.16819169 -0.00364360
vn -0.98574756 -0.16819176 -0.00364325
vn -0.98573991 -0.16824136 -0.00341645
vn -0.98573991 -0.16824136 -0.00341645
vn -0.99838577 -0.05669509 -0.00339458
vn -0.99838577 -0.05669509 -0.00339458
vn -0.99838577 -0.05669509 -0.00339458
vn -0.64124658 -0.76733355 -0.00142911
vn -0.64124658 -0.76733355 -0.00142911
vn -0.64124658 -0.76733355 -0.00142911
vn -0.75688419 -0.65354575 -0.00206659
vn -0.75688419 -0.65354575 -0.00206659
vn -0.75688419 -0.65354575 -0.00206659
vn -0.81138982 0.58450012 -0.00248430
vn -0.81138982 0.58450012 -0.00248430
vn -0.81138982 0.58450012 -0.00248430
vn -0.95713771 0.28961482 -0.00326336
vn -0.95713771 0.28961482 -0.00326336
vn -0.95713771 0.28961482 -0.00326336
vn -0.89647197 0.44309070 -0.00293954
vn -0.89647197 0.44309070 -0.00293954
vn -0.89647197 0.44309070 -0.00293954
vn -0.71282497 -0.70133960 -0.00182354
vn -0.71282497 -0.70133960 -0.00182354
vn -0.71282497 -0.70133960 -0.00182354
vn -0.83536564 -0.54968900 -0.00249903
vn -0.83536564 -0.54968900 -0.00249903
vn -0.83536564 -0.54968900 -0.00249903
vn -0.79777745 -0.60294767 -0.00229213
vn -0.79777745 -0.60294767 -0.00229213
vn -0.79777745 -0.60294767 -0.00229213
vn 0.96377900 0.00001609 0.26670217
vn 0.96377828 0.00000641 0.26670476
vn 0.96377560 -0.00000371 0.26671444
vn 0.96377815 -0.00000046 0.26670521
vn 0.96377635 -0.00000093 0.26671175
vn 0.96377746 -0.00000243 0.26670773
vn 0.96377846 0.00000648 0.26670412
vn 0.96378160 0.00000498 0.26669274
vn 0.96378025 0.00000700 0.26669765
vn 0.96378085 0.00000127 0.26669545
vn 0.96377916 0.00000135 0.26670158
vn 0.96377761 0.00001235 0.26670718
vn 0.96377994 -0.00000028 0.26669875
vn 0.96377706 0.00000257 0.26670916
vn 0.96377955 0.00000207 0.26670017
vn 0.96377806 0.00000761 0.26670557
vn 0.96377639 0.00000477 0.26671158
vn 0.96377811 0.00000746 0.26670538
vn 0.96377975 0.00000371 0.26669944
vn 0.96377793 0.00000620 0.26670603
vn 0.96377935 0.00000394 0.26670087
vn 0.96377804 -0.00000162 0.26670562
vn 0.96377843 0.00000745 0.26670420
vn 0.96377778 0.00000476 0.26670656
vn 0.96377877 -0.00001157 0.26670298
vn 0.96377819 -0.00001198 0.26670508
vn 0.96377855 -0.00001133 0.26670379
vn 0.96379148 0.00006199 0.26665706
vn 0.96378260 -0.00000065 0.26668913
vn 0.96378723 0.00001905 0.26667241
vn 0.96378615 -0.00009389 0.26667629
vn 0.96377945 -0.00001673 0.26670052
vn 0.96379257 -0.00020229 0.26665305
vn 0.96377914 -0.00000843 0.26670166
vn 0.96377951 0.00000697 0.26670030
vn 0.96377856 0.00000933 0.26670373
vn 0.96378017 -0.00000150 0.26669794
vn 0.96377421 0.00000059 0.26671947
vn 0.96378345 0.00000812 0.26668606
vn 0.96377823 0.00000786 0.26670494
vn 0.96377705 -0.00001152 0.26670919
vn 0.96377581 0.00000528 0.26671370
vn 0.96377800 0.00000262 0.26670579
vn 0.96377939 0.00000011 0.26670073
vn 0.96375628 -0.00000111 0.26678425
vn 0.96375056 -0.00000086 0.26680491
vn 0.96370970 0.00025085 0.26695234
vn 0.96372073 0.00021469 0.26691256
vn 0.96377859 -0.00000525 0.26670365
vn 0.96378083 -0.00000985 0.26669553
vn 0.96377762 -0.00000126 0.26670714
vn 0.96377802 -0.00000501 0.26670568
vn 0.96377784 -0.00000062 0.26670634
vn 0.96377928 -0.00001040 0.26670115
vn 0.96377706 -0.00000041 0.26670916
vn 0.96377772 -0.00000702 0.26670677
vn 0.96377610 0.00001019 0.26671262
vn 0.96377780 0.00000018 0.26670647
vn 0.96378043 0.00000407 0.26669697
vn 0.96378130 0.00000905 0.26669383
vn 0.96378171 0.00000506 0.26669236
vn 0.96377804 -0.00000305 0.26670563
vn 0.96377884 0.00000233 0.26670273
vn 0.96377970 0.00000470 0.26669961
vn 0.96377957 0.00000521 0.26670009
vn 0.96377897 0.00000421 0.26670226
vn 0.96377796 0.00001289 0.26670591
vn 0.96377684 0.00001474 0.26670994
vn 0.96377973 -0.00000570 0.26669952
vn 0.96377750 0.00000589 0.26670759
vn 0.96377758 -0.00000025 0.26670729
vn 0.96377816 0.00000845 0.26670520
vn 0.96378453 0.00001401 0.26668218
vn 0.96377871 0.00001341 0.26670321
vn 0.96379234 0.00001085 0.26665395
vn 0.96379292 0.00000496 0.26665183
vn 0.96379179 0.00000061 0.26665592
vn 0.96378771 0.00001076 0.26667067
vn 0.96377900 0.00000652 0.26670217
vn 0.96378020 -0.00000019 0.26669781
vn 0.96377991 -0.00001437 0.26669886
vn 0.96378095 -0.00000294 0.26669512
vn 0.96378112 0.00000022 0.26669450
vn 0.96377766 -0.00000025 0.26670698
vn 0.96377993 -0.00000413 0.26669879
vn 0.96377999 0.00000582 0.26669856
vn 0.96377359 0.00000572 0.26672170
vn 0.96377877 -0.00000547 0.26670300
vn 0.96377998 0.00000026 0.26669860
vn 0.96377743 -0.00000831 0.26670782
vn -0.88512939 -0.46533674 -0.00277262
vn -0.88512939 -0.46533674 -0.00277262
vn -0.88512939 -0.46533674 -0.00277262
vn -0.88134362 0.47246719 -0.00285837
vn -0.88134362 0.47246719 -0.00285837
vn -0.88134362 0.47246719 -0.00285837
vn -0.86944148 -0.49402863 -0.00268673
vn -0.86944148 -0.49402863 -0.00268673
vn -0.86944148 -0.49402863 -0.00268673
vn -0.77774462 -0.62857660 -0.00218143
vn -0.77774462 -0.62857660 -0.00218143
vn -0.77774462 -0.62857660 -0.00218143
vn -0.77102439 0.63680158 -0.00226911
vn -0.77102439 0.63680158 -0.00226911
vn -0.77102439 0.63680158 -0.00226911
vn -0.68033212 0.73290178 -0.00178470
vn -0.68033212 0.73290178 -0.00178470
vn -0.68033212 0.73290178 -0.00178470
vn -0.96620211 0.25776443 -0.00331249
vn -0.96620211 0.25776443 -0.00331249
vn -0.96620211 0.25776443 -0.00331249
vn -0.96773557 -0.25194729 -0.00322885
vn -0.96773557 -0.25194729 -0.00322885
vn -0.96773557 -0.25194729 -0.00322885
vn -0.99931744 -0.03677617 -0.00348954
vn -0.99931744 -0.03677617 -0.00348954
vn -0.99931744 -0.03677617 -0.00348954
vn -0.73521994 -0.67782582 -0.00194706
vn -0.73521994 -0.67782582 -0.00194706
vn -0.73521994 -0.67782582 -0.00194706
vn -0.72724788 0.68637189 -0.00203519
vn -0.72724788 0.68637189 -0.00203519
vn -0.72724788 0.68637189 -0.00203519
vn -0.99804843 0.06234755 -0.00348176
vn -0.99804843 0.06234755 -0.00348176
vn -0.99804843 0.06234755 -0.00348176
vn -0.85286363 -0.52212727 -0.00259517
vn -0.85286363 -0.52212727 -0.00259517
vn -0.85286363 -0.52212727 -0.00259517
vn -0.89985186 -0.43618629 -0.00285455
vn -0.89985186 -0.43618629 -0.00285455
vn -0.89985186 -0.43618629 -0.00285455
vn -0.99174446 0.12818362 -0.00344819
vn -0.99174446 0.12818362 -0.00344819
vn -0.99174446 0.12818362 -0.00344819
vn -0.83024602 0.55739112 -0.00258519
vn -0.83024602 0.55739112 -0.00258519
vn -0.83024602 0.55739112 -0.00258519
vn -0.99998709 -0.00369055 -0.00349302
vn -0.99998709 -0.00369055 -0.00349302
vn -0.99998709 -0.00369055 -0.00349302
vn -0.65569078 0.75502773 -0.00165279
vn -0.65569078 0.75502773 -0.00165279
vn -0.65569078 0.75502773 -0.00165279
vn -0.66579101 -0.74613664 -0.00156457
vn -0.66579101 -0.74613664 -0.00156457
vn -0.66579101 -0.74613664 -0.00156457
vn -0.97550569 -0.21994989 -0.00327055
vn -0.97550569 -0.21994989 -0.00327055
vn -0.97550569 -0.21994989 -0.00327055
vn -0.61602335 -0.78772684 -0.00129014
vn -0.61602335 -0.78772684 -0.00129014
vn -0.61602335 -0.78772684 -0.00129014
vn -0.91363980 -0.40651412 -0.00293045
vn -0.91363980 -0.40651412 -0.00293045
vn -0.91363980 -0.40651412 -0.00293045
vn -0.99596780 -0.08964773 -0.00338131
vn -0.99596780 -0.08964773 -0.00338131
vn -0.99596780 -0.08964773 -0.00338131
vn -0.94708039 0.32098040 -0.00321045
vn -0.94708039 0.32098040 -0.00321045
vn -0.94708039 0.32098040 -0.00321045
vn -0.93829995 -0.34580891 -0.00306577
vn -0.93829995 -0.34580891 -0.00306577
vn -0.93829995 -0.34580891 -0.00306577
vn -0.98379358 0.17927053 -0.00350411
vn -0.98379358 0.17927053 -0.00350411
vn -0.98379358 0.17927053 -0.00350411
vn -0.98697045 0.16086520 -0.00342245
vn -0.95894744 -0.28356601 -0.00318128
vn -0.95894744 -0.28356601 -0.00318128
vn -0.95894744 -0.28356601 -0.00318128
vn -0.98220625 -0.18777631 -0.00330862
vn -0.98220625 -0.18777631 -0.00330862
vn -0.98220625 -0.18777631 -0.00330862
vn -0.81701039 -0.57661796 -0.00239811
vn -0.81701039 -0.57661796 -0.00239811
vn -0.81701039 -0.57661796 -0.00239811
vn -0.59016439 -0.80728228 -0.00114783
vn -0.59016439 -0.80728228 -0.00114783
vn -0.59016439 -0.80728228 -0.00114783
vn -0.84820021 0.52966896 -0.00268162
vn -0.84820021 0.52966896 -0.00268162
vn -0.84820021 0.52966896 -0.00268162
vn -0.86526759 0.50130261 -0.00277312
vn -0.86526759 0.50130261 -0.00277312
vn -0.86526759 0.50130261 -0.00277312
vn -0.79160986 0.61102223 -0.00237903
vn -0.79160986 0.61102223 -0.00237903
vn -0.79160986 0.61102223 -0.00237903
vn -0.91063767 0.41319480 -0.00301494
vn -0.91063767 0.41319480 -0.00301494
vn -0.91063767 0.41319480 -0.00301494
vn -0.93591558 0.35221030 -0.00315060
vn -0.93591558 0.35221030 -0.00315060
vn -0.93591558 0.35221030 -0.00315060
vn -0.92379930 0.38286465 -0.00308561
vn -0.92379930 0.38286465 -0.00308561
vn -0.92379930 0.38286465 -0.00308561
vn -0.68963548 -0.72415470 -0.00169617
vn -0.68963548 -0.72415470 -0.00169617
vn -0.68963548 -0.72415470 -0.00169617
vt 0.00000000 0.00000000
vt 0.00000000 0.00000000
vt 0.00000000 0.00000000
vt 0.00000000 0.00000000
vt 0.00000000 0.00000000
vt 0.00000000 0.00000000
vt 0.00000000 0.00000000
vt 0.00000000 0.00000000
vt 0.00000000 0.00000000
vt 0.00000000 0.00000000
vt 0.00000000 0.00000000
vt 0.00000000 0.00000000
vt 0.00000000 0.00000000
vt 0.00000000 0.00000000
vt 0.00000000 0.00000000
vt 0.00000000 0.00000000
vt 0.00000000 0.00000000
vt 0.00000000 0.00000000
vt 0.00000000 0.00000000
vt 0.00000000 0.00000000
vt 0.00000000 0.00000000
vt 0.00000000 0.00000000
vt 0.00000000 0.00000000
vt 0.00000000 0.00000000
vt 0.00000000 0.00000000
vt 0.00000000 0.00000000
vt 0.00000000 0.00000000
vt 0.00000000 0.00000000
vt 0.00000000 0.00000000
vt 0.00000000 0.00000000
vt 0.00000000 0.00000000
vt 0.00000000 0.00000000
vt 0.00000000 0.00000000
vt 0.00000000 0.00000000
vt 0.00000000 0.00000000
vt 0.00000000 0.00000000
vt 0.00000000 0.00000000
vt 0.00000000 0.00000000
vt 0.00000000 0.00000000
vt 0.00000000 0.00000000
vt 0.00000000 0.00000000
vt 0.00000000 0.00000000
vt 0.00000000 0.00000000
vt 0.00000000 0.00000000
vt 0.00000000 0.00000000
vt 0.00000000 0.00000000
vt 0.00000000 0.00000000
vt 0.00000000 0.00000000
vt 0.00000000 0.00000000
vt 0.00000000 0.00000000
vt 0.00000000 0.00000000
vt 0.00000000 0.00000000
vt 0.00000000 0.00000000
vt 0.00000000 0.00000000
vt 0.00000000 0.00000000
vt 0.00000000 0.00000000
vt 0.00000000 0.00000000
vt 0.00000000 0.00000000
vt 0.00000000 0.00000000
vt 0.00000000 0.00000000
vt 0.00000000 0.00000000
vt 0.00000000 0.00000000
vt 0.00000000 0.00000000
vt 0.00000000 0.00000000
vt 0.00000000 0.00000000
vt 0.00000000 0.00000000
vt 0.00000000 0.00000000
vt 0.00000000 0.00000000
vt 0.00000000 0.00000000
vt 0.00000000 0.00000000
vt 0.00000000 0.00000000
vt 0.00000000 0.00000000
vt 0.00000000 0.00000000
vt 0.00000000 0.00000000
vt 0.00000000 0.00000000
vt 0.00000000 0.00000000
vt 0.00000000 0.00000000
vt 0.00000000 0.00000000
vt 0.00000000 0.00000000
vt 0.00000000 0.00000000
vt 0.00000000 0.00000000
vt 0.00000000 0.00000000
vt 0.00000000 0.00000000
vt 0.00000000 0.00000000
vt 0.00000000 0.00000000
vt 0.00000000 0.00000000
vt 0.00000000 0.00000000
vt 0.00000000 0.00000000
vt 0.00000000 0.00000000
vt 0.00000000 0.00000000
vt 0.00000000 0.00000000
vt 0.00000000 0.00000000
vt 0.00000000 0.00000000
vt 0.00000000 0.00000000
vt 0.00000000 0.00000000
vt 0.00000000 0.00000000
vt 0.00000000 0.00000000
vt 0.00000000 0.00000000
vt 0.00000000 0.00000000
vt 0.00000000 0.00000000
vt 0.00000000 0.00000000
vt 0.00000000 0.00000000
vt 0.00000000 0.00000000
vt 0.00000000 0.00000000
vt 0.00000000 0.00000000
vt 0.00000000 0.00000000
vt 0.00000000 0.00000000
vt 0.00000000 0.00000000
vt 0.00000000 0.00000000
vt 0.00000000 0.00000000
vt 0.00000000 0.00000000
vt 0.00000000 0.00000000
vt 0.00000000 0.00000000
vt 0.00000000 0.00000000
vt 0.00000000 0.00000000
vt 0.00000000 0.00000000
vt 0.00000000 0.00000000
vt 0.00000000 0.00000000
vt 0.00000000 0.00000000
vt 0.00000000 0.00000000
vt 0.00000000 0.00000000
vt 0.00000000 0.00000000
vt 0.00000000 0.00000000
vt 0.00000000 0.00000000
vt 0.00000000 0.00000000
vt 0.00000000 0.00000000
vt 0.00000000 0.00000000
vt 0.00000000 0.00000000
vt 0.00000000 0.00000000
vt 0.00000000 0.00000000
vt 0.00000000 0.00000000
vt 0.00000000 0.00000000
vt 0.00000000 0.00000000
vt 0.00000000 0.00000000
vt 0.00000000 0.00000000
vt 0.00000000 0.00000000
vt 0.00000000 0.00000000
vt 0.00000000 0.00000000
vt 0.00000000 0.00000000
vt 0.00000000 0.00000000
vt 0.00000000 0.00000000
vt 0.00000000 0.00000000
vt 0.00000000 0.00000000
vt 0.00000000 0.00000000
vt 0.00000000 0.00000000
vt 0.00000000 0.00000000
vt 0.00000000 0.00000000
vt 0.00000000 0.00000000
vt 0.00000000 0.00000000
vt 0.00000000 0.00000000
vt 0.00000000 0.00000000
vt 0.00000000 0.00000000
vt 0.00000000 0.00000000
vt 0.00000000 0.00000000
vt 0.00000000 0.00000000
vt 0.00000000 0.00000000
vt 0.00000000 0.00000000
vt 0.00000000 0.00000000
vt 0.00000000 0.00000000
vt 0.00000000 0.00000000
vt 0.00000000 0.00000000
vt 0.00000000 0.00000000
vt 0.00000000 0.00000000
vt 0.00000000 0.00000000
vt 0.00000000 0.00000000
vt 0.00000000 0.00000000
vt 0.00000000 0.00000000
vt 0.00000000 0.00000000
vt 0.00000000 0.00000000
vt 0.00000000 0.00000000
vt 0.00000000 0.00000000
vt 0.00000000 0.00000000
vt 0.00000000 0.00000000
vt 0.00000000 0.00000000
vt 0.00000000 0.00000000
vt 0.00000000 0.00000000
vt 0.00000000 0.00000000
vt 0.00000000 0.00000000
vt 0.00000000 0.00000000
vt 0.00000000 0.00000000
vt 0.00000000 0.00000000
vt 0.00000000 0.00000000
vt 0.00000000 0.00000000
vt 0.00000000 0.00000000
vt 0.00000000 0.00000000
vt 0.00000000 0.00000000
vt 0.00000000 0.00000000
vt 0.00000000 0.00000000
vt 0.00000000 0.00000000
vt 0.00000000 0.00000000
vt 0.00000000 0.00000000
vt 0.00000000 0.00000000
vt 0.00000000 0.00000000
vt 0.00000000 0.00000000
vt 0.00000000 0.00000000
vt 0.00000000 0.00000000
vt 0.00000000 0.00000000
vt 0.00000000 0.00000000
vt 0.00000000 0.00000000
vt 0.00000000 0.00000000
vt 0.00000000 0.00000000
vt 0.00000000 0.00000000
vt 0.00000000 0.00000000
vt 0.00000000 0.00000000
vt 0.00000000 0.00000000
vt 0.00000000 0.00000000
vt 0.00000000 0.00000000
vt 0.00000000 0.00000000
vt 0.00000000 0.00000000
vt 0.00000000 0.00000000
vt 0.00000000 0.00000000
vt 0.00000000 0.00000000
vt 0.00000000 0.00000000
vt 0.00000000 0.00000000
vt 0.00000000 0.00000000
vt 0.00000000 0.00000000
vt 0.00000000 0.00000000
vt 0.00000000 0.00000000
vt 0.00000000 0.00000000
vt 0.00000000 0.00000000
vt 0.00000000 0.00000000
vt 0.00000000 0.00000000
vt 0.00000000 0.00000000
vt 0.00000000 0.00000000
vt 0.00000000 0.00000000
vt 0.00000000 0.00000000
vt 0.00000000 0.00000000
vt 0.00000000 0.00000000
vt 0.00000000 0.00000000
vt 0.00000000 0.00000000
vt 0.00000000 0.00000000
vt 0.00000000 0.00000000
vt 0.00000000 0.00000000
vt 0.00000000 0.00000000
vt 0.00000000 0.00000000
vt 0.00000000 0.00000000
vt 0.00000000 0.00000000
vt 0.00000000 0.00000000
vt 0.00000000 0.00000000
vt 0.00000000 0.00000000
vt 0.00000000 0.00000000
vt 0.00000000 0.00000000
vt 0.00000000 0.00000000
vt 0.00000000 0.00000000
vt 0.00000000 0.00000000
vt 0.00000000 0.00000000
vt 0.00000000 0.00000000
vt 0.00000000 0.00000000
vt 0.00000000 0.00000000
vt 0.00000000 0.00000000
vt 0.00000000 0.00000000
vt 0.00000000 0.00000000
vt 0.00000000 0.00000000
vt 0.00000000 0.00000000
vt 0.00000000 0.00000000
vt 0.00000000 0.00000000
vt 0.00000000 0.00000000
vt 0.00000000 0.00000000
vt 0.00000000 0.00000000
vt 0.00000000 0.00000000
vt 0.00000000 0.00000000
vt 0.00000000 0.00000000
vt 0.00000000 0.00000000
vt 0.00000000 0.00000000
vt 0.00000000 0.00000000
vt 0.00000000 0.00000000
vt 0.00000000 0.00000000
vt 0.00000000 0.00000000
vt 0.00000000 0.00000000
vt 0.00000000 0.00000000
vt 0.00000000 0.00000000
vt 0.00000000 0.00000000
vt 0.00000000 0.00000000
vt 0.00000000 0.00000000
vt 0.00000000 0.00000000
vt 0.00000000 0.00000000
vt 0.00000000 0.00000000
vt 0.00000000 0.00000000
vt 0.00000000 0.00000000
vt 0.00000000 0.00000000
vt 0.00000000 0.00000000
vt 0.00000000 0.00000000
vt 0.00000000 0.00000000
vt 0.00000000 0.00000000
vt 0.00000000 0.00000000
vt 0.00000000 0.00000000
vt 0.00000000 0.00000000
vt 0.00000000 0.00000000
vt 0.00000000 0.00000000
vt 0.00000000 0.00000000
vt 0.00000000 0.00000000
vt 0.00000000 0.00000000
vt 0.00000000 0.00000000
vt 0.00000000 0.00000000
vt 0.00000000 0.00000000
vt 0.00000000 0.00000000
vt 0.00000000 0.00000000
vt 0.00000000 0.00000000
vt 0.00000000 0.00000000
vt 0.00000000 0.00000000
vt 0.00000000 0.00000000
vt 0.00000000 0.00000000
vt 0.00000000 0.00000000
vt 0.00000000 0.00000000
vt 0.00000000 0.00000000
vt 0.00000000 0.00000000
vt 0.00000000 0.00000000
vt 0.00000000 0.00000000
vt 0.00000000 0.00000000
vt 0.00000000 0.00000000
vt 0.00000000 0.00000000
vt 0.00000000 0.00000000
vt 0.00000000 0.00000000
vt 0.00000000 0.00000000
vt 0.00000000 0.00000000
vt 0.00000000 0.00000000
vt 0.00000000 0.00000000
vt 0.00000000 0.00000000
vt 0.00000000 0.00000000
vt 0.00000000 0.00000000
vt 0.00000000 0.00000000
vt 0.00000000 0.00000000
vt 0.00000000 0.00000000
vt 0.00000000 0.00000000
vt 0.00000000 0.00000000
vt 0.00000000 0.00000000
vt 0.00000000 0.00000000
vt 0.00000000 0.00000000
vt 0.00000000 0.00000000
vt 0.00000000 0.00000000
vt 0.00000000 0.00000000
vt 0.00000000 0.00000000
vt 0.00000000 0.00000000
vt 0.00000000 0.00000000
vt 0.00000000 0.00000000
vt 0.00000000 0.00000000
vt 0.00000000 0.00000000
vt 0.00000000 0.00000000
vt 0.00000000 0.00000000
vt 0.00000000 0.00000000
vt 0.00000000 0.00000000
vt 0.00000000 0.00000000
vt 0.00000000 0.00000000
vt 0.00000000 0.00000000
vt 0.00000000 0.00000000
vt 0.00000000 0.00000000
vt 0.00000000 0.00000000
vt 0.00000000 0.00000000
vt 0.00000000 0.00000000
vt 0.00000000 0.00000000
vt 0.00000000 0.00000000
vt 0.00000000 0.00000000
vt 0.00000000 0.00000000
vt 0.00000000 0.00000000
vt 0.00000000 0.00000000
vt 0.00000000 0.00000000
vt 0.00000000 0.00000000
vt 0.00000000 0.00000000
vt 0.00000000 0.00000000
vt 0.00000000 0.00000000
vt 0.00000000 0.00000000
vt 0.00000000 0.00000000
vt 0.00000000 0.00000000
vt 0.00000000 0.00000000
vt 0.00000000 0.00000000
vt 0.00000000 0.00000000
vt 0.00000000 0.00000000
vt 0.00000000 0.00000000
vt 0.00000000 0.00000000
vt 0.00000000 0.00000000
vt 0.00000000 0.00000000
vt 0.00000000 0.00000000
vt 0.00000000 0.00000000
vt 0.00000000 0.00000000
vt 0.00000000 0.00000000
vt 0.00000000 0.00000000
vt 0.00000000 0.00000000
vt 0.00000000 0.00000000
vt 0.00000000 0.00000000
vt 0.00000000 0.00000000
vt 0.00000000 0.00000000
vt 0.00000000 0.00000000
vt 0.00000000 0.00000000
vt 0.00000000 0.00000000
vt 0.00000000 0.00000000
vt 0.00000000 0.00000000
vt 0.00000000 0.00000000
vt 0.00000000 0.00000000
vt 0.00000000 0.00000000
vt 0.00000000 0.00000000
vt 0.00000000 0.00000000
vt 0.00000000 0.00000000
vt 0.00000000 0.00000000
vt 0.00000000 0.00000000
vt 0.00000000 0.00000000
vt 0.00000000 0.00000000
vt 0.00000000 0.00000000
vt 0.00000000 0.00000000
vt 0.00000000 0.00000000
vt 0.00000000 0.00000000
vt 0.00000000 0.00000000
vt 0.00000000 0.00000000
vt 0.00000000 0.00000000
vt 0.00000000 0.00000000
vt 0.00000000 0.00000000
vt 0.00000000 0.00000000
vt 0.00000000 0.00000000
vt 0.00000000 0.00000000
vt 0.00000000 0.00000000
vt 0.00000000 0.00000000
vt 0.00000000 0.00000000
vt 0.00000000 0.00000000
vt 0.00000000 0.00000000
vt 0.00000000 0.00000000
vt 0.00000000 0.00000000
vt 0.00000000 0.00000000
vt 0.00000000 0.00000000
vt 0.00000000 0.00000000
vt 0.00000000 0.00000000
vt 0.00000000 0.00000000
vt 0.00000000 0.00000000
vt 0.00000000 0.00000000
vt 0.00000000 0.00000000
vt 0.00000000 0.00000000
vt 0.00000000 0.00000000
vt 0.00000000 0.00000000
vt 0.00000000 0.00000000
vt 0.00000000 0.00000000
vt 0.00000000 0.00000000
vt 0.00000000 0.00000000
vt 0.00000000 0.00000000
vt 0.00000000 0.00000000
vt 0.00000000 0.00000000
vt 0.00000000 0.00000000
vt 0.00000000 0.00000000
vt 0.00000000 0.00000000
vt 0.00000000 0.00000000
vt 0.00000000 0.00000000
vt 0.00000000 0.00000000
vt 0.00000000 0.00000000
vt 0.00000000 0.00000000
vt 0.00000000 0.00000000
vt 0.00000000 0.00000000
vt 0.00000000 0.00000000
vt 0.00000000 0.00000000
vt 0.00000000 0.00000000
vt 0.00000000 0.00000000
vt 0.00000000 0.00000000
vt 0.00000000 0.00000000
vt 0.00000000 0.00000000
vt 0.00000000 0.00000000
vt 0.00000000 0.00000000
vt 0.00000000 0.00000000
vt 0.00000000 0.00000000
vt 0.00000000 0.00000000
vt 0.00000000 0.00000000
vt 0.00000000 0.00000000
vt 0.00000000 0.00000000
vt 0.00000000 0.00000000
vt 0.00000000 0.00000000
vt 0.00000000 0.00000000
vt 0.00000000 0.00000000
vt 0.00000000 0.00000000
vt 0.00000000 0.00000000
vt 0.00000000 0.00000000
vt 0.00000000 0.00000000
vt 0.00000000 0.00000000
vt 0.00000000 0.00000000
vt 0.00000000 0.00000000
vt 0.00000000 0.00000000
vt 0.00000000 0.00000000
vt 0.00000000 0.00000000
vt 0.00000000 0.00000000
vt 0.00000000 0.00000000
vt 0.00000000 0.00000000
vt 0.00000000 0.00000000
vt 0.00000000 0.00000000
vt 0.00000000 0.00000000
vt 0.00000000 0.00000000
vt 0.00000000 0.00000000
vt 0.00000000 0.00000000
vt 0.00000000 0.00000000
vt 0.00000000 0.00000000
vt 0.00000000 0.00000000
vt 0.00000000 0.00000000
vt 0.00000000 0.00000000
vt 0.00000000 0.00000000
vt 0.00000000 0.00000000
vt 0.00000000 0.00000000
vt 0.00000000 0.00000000
vt 0.00000000 0.00000000
vt 0.00000000 0.00000000
vt 0.00000000 0.00000000
vt 0.00000000 0.00000000
vt 0.00000000 0.00000000
vt 0.00000000 0.00000000
vt 0.00000000 0.00000000
vt 0.00000000 0.00000000
vt 0.00000000 0.00000000
vt 0.00000000 0.00000000
vt 0.00000000 0.00000000
vt 0.00000000 0.00000000
vt 0.00000000 0.00000000
vt 0.00000000 0.00000000
vt 0.00000000 0.00000000
vt 0.00000000 0.00000000
vt 0.00000000 0.00000000
vt 0.00000000 0.00000000
vt 0.00000000 0.00000000
vt 0.00000000 0.00000000
vt 0.00000000 0.00000000
vt 0.00000000 0.00000000
vt 0.00000000 0.00000000
vt 0.00000000 0.00000000
vt 0.00000000 0.00000000
vt 0.00000000 0.00000000
vt 0.00000000 0.00000000
vt 0.00000000 0.00000000
vt 0.00000000 0.00000000
vt 0.00000000 0.00000000
vt 0.00000000 0.00000000
vt 0.00000000 0.00000000
vt 0.00000000 0.00000000
vt 0.00000000 0.00000000
vt 0.00000000 0.00000000
vt 0.00000000 0.00000000
vt 0.00000000 0.00000000
vt 0.00000000 0.00000000
vt 0.00000000 0.00000000
vt 0.00000000 0.00000000
vt 0.00000000 0.00000000
vt 0.00000000 0.00000000
vt 0.00000000 0.00000000
vt 0.00000000 0.00000000
vt 0.00000000 0.00000000
vt 0.00000000 0.00000000
vt 0.00000000 0.00000000
vt 0.00000000 0.00000000
vt 0.00000000 0.00000000
vt 0.00000000 0.00000000
vt 0.00000000 0.00000000
vt 0.00000000 0.00000000
vt 0.00000000 0.00000000
vt 0.00000000 0.00000000
vt 0.00000000 0.00000000
vt 0.00000000 0.00000000
vt 0.00000000 0.00000000
vt 0.00000000 0.00000000
vt 0.00000000 0.00000000
vt 0.00000000 0.00000000
vt 0.00000000 0.00000000
vt 0.00000000 0.00000000
vt 0.00000000 0.00000000
vt 0.00000000 0.00000000
vt 0.00000000 0.00000000
vt 0.00000000 0.00000000
vt 0.00000000 0.00000000
vt 0.00000000 0.00000000
vt 0.00000000 0.00000000
vt 0.00000000 0.00000000
vt 0.00000000 0.00000000
vt 0.00000000 0.00000000
vt 0.00000000 0.00000000
vt 0.00000000 0.00000000
vt 0.00000000 0.00000000
vt 0.00000000 0.00000000
vt 0.00000000 0.00000000
vt 0.00000000 0.00000000
vt 0.00000000 0.00000000
vt 0.00000000 0.00000000
vt 0.00000000 0.00000000
vt 0.00000000 0.00000000
vt 0.00000000 0.00000000
vt 0.00000000 0.00000000
vt 0.00000000 0.00000000
vt 0.00000000 0.00000000
vt 0.00000000 0.00000000
vt 0.00000000 0.00000000
vt 0.00000000 0.00000000
vt 0.00000000 0.00000000
vt 0.00000000 0.00000000
vt 0.00000000 0.00000000
vt 0.00000000 0.00000000
vt 0.00000000 0.00000000
vt 0.00000000 0.00000000
vt 0.00000000 0.00000000
vt 0.00000000 0.00000000
vt 0.00000000 0.00000000
vt 0.00000000 0.00000000
vt 0.00000000 0.00000000
vt 0.00000000 0.00000000
vt 0.00000000 0.00000000
vt 0.00000000 0.00000000
vt 0.00000000 0.00000000
vt 0.00000000 0.00000000
vt 0.00000000 0.00000000
vt 0.00000000 0.00000000
vt 0.00000000 0.00000000
vt 0.00000000 0.00000000
vt 0.00000000 0.00000000
vt 0.00000000 0.00000000
vt 0.00000000 0.00000000
vt 0.00000000 0.00000000
vt 0.00000000 0.00000000
vt 0.00000000 0.00000000
vt 0.00000000 0.00000000
vt 0.00000000 0.00000000
vt 0.00000000 0.00000000
vt 0.00000000 0.00000000
vt 0.00000000 0.00000000
vt 0.00000000 0.00000000
vt 0.00000000 0.00000000
vt 0.00000000 0.00000000
vt 0.00000000 0.00000000
vt 0.00000000 0.00000000
vt 0.00000000 0.00000000
vt 0.00000000 0.00000000
vt 0.00000000 0.00000000
vt 0.00000000 0.00000000
vt 0.00000000 0.00000000
vt 0.00000000 0.00000000
vt 0.00000000 0.00000000
vt 0.00000000 0.00000000
vt 0.00000000 0.00000000
vt 0.00000000 0.00000000
vt 0.00000000 0.00000000
vt 0.00000000 0.00000000
vt 0.00000000 0.00000000
vt 0.00000000 0.00000000
vt 0.00000000 0.00000000
vt 0.00000000 0.00000000
vt 0.00000000 0.00000000
vt 0.00000000 0.00000000
vt 0.00000000 0.00000000
vt 0.00000000 0.00000000
vt 0.00000000 0.00000000
vt 0.00000000 0.00000000
vt 0.00000000 0.00000000
vt 0.00000000 0.00000000
vt 0.00000000 0.00000000
vt 0.00000000 0.00000000
vt 0.00000000 0.00000000
vt 0.00000000 0.00000000
vt 0.00000000 0.00000000
vt 0.00000000 0.00000000
vt 0.00000000 0.00000000
vt 0.00000000 0.00000000
vt 0.00000000 0.00000000
vt 0.00000000 0.00000000
vt 0.00000000 0.00000000
vt 0.00000000 0.00000000
vt 0.00000000 0.00000000
vt 0.00000000 0.00000000
vt 0.00000000 0.00000000
vt 0.00000000 0.00000000
vt 0.00000000 0.00000000
vt 0.00000000 0.00000000
vt 0.00000000 0.00000000
vt 0.00000000 0.00000000
vt 0.00000000 0.00000000
vt 0.00000000 0.00000000
vt 0.00000000 0.00000000
vt 0.00000000 0.00000000
vt 0.00000000 0.00000000
vt 0.00000000 0.00000000
vt 0.00000000 0.00000000
vt 0.00000000 0.00000000
vt 0.00000000 0.00000000
vt 0.00000000 0.00000000
vt 0.00000000 0.00000000
vt 0.00000000 0.00000000
vt 0.00000000 0.00000000
vt 0.00000000 0.00000000
vt 0.00000000 0.00000000
vt 0.00000000 0.00000000
vt 0.00000000 0.00000000
vt 0.00000000 0.00000000
vt 0.00000000 0.00000000
vt 0.00000000 0.00000000
vt 0.00000000 0.00000000
vt 0.00000000 0.00000000
vt 0.00000000 0.00000000
vt 0.00000000 0.00000000
vt 0.00000000 0.00000000
vt 0.00000000 0.00000000
vt 0.00000000 0.00000000
vt 0.00000000 0.00000000
vt 0.00000000 0.00000000
vt 0.00000000 0.00000000
vt 0.00000000 0.00000000
vt 0.00000000 0.00000000
vt 0.00000000 0.00000000
vt 0.00000000 0.00000000
vt 0.00000000 0.00000000
vt 0.00000000 0.00000000
vt 0.00000000 0.00000000
vt 0.00000000 0.00000000
vt 0.00000000 0.00000000
vt 0.00000000 0.00000000
vt 0.00000000 0.00000000
vt 0.00000000 0.00000000
vt 0.00000000 0.00000000
vt 0.00000000 0.00000000
vt 0.00000000 0.00000000
vt 0.00000000 0.00000000
vt 0.00000000 0.00000000
vt 0.00000000 0.00000000
vt 0.00000000 0.00000000
vt 0.00000000 0.00000000
vt 0.00000000 0.00000000
vt 0.00000000 0.00000000
vt 0.00000000 0.00000000
vt 0.00000000 0.00000000
vt 0.00000000 0.00000000
vt 0.00000000 0.00000000
vt 0.00000000 0.00000000
vt 0.00000000 0.00000000
vt 0.00000000 0.00000000
vt 0.00000000 0.00000000
vt 0.00000000 0.00000000
vt 0.00000000 0.00000000
vt 0.00000000 0.00000000
vt 0.00000000 0.00000000
vt 0.00000000 0.00000000
vt 0.00000000 0.00000000
vt 0.00000000 0.00000000
vt 0.00000000 0.00000000
vt 0.00000000 0.00000000
vt 0.00000000 0.00000000
vt 0.00000000 0.00000000
vt 0.00000000 0.00000000
vt 0.00000000 0.00000000
vt 0.00000000 0.00000000
vt 0.00000000 0.00000000
vt 0.00000000 0.00000000
vt 0.00000000 0.00000000
vt 0.00000000 0.00000000
vt 0.00000000 0.00000000
vt 0.00000000 0.00000000
vt 0.00000000 0.00000000
vt 0.00000000 0.00000000
vt 0.00000000 0.00000000
vt 0.00000000 0.00000000
vt 0.00000000 0.00000000
vt 0.00000000 0.00000000
vt 0.00000000 0.00000000
vt 0.00000000 0.00000000
vt 0.00000000 0.00000000
vt 0.00000000 0.00000000
vt 0.00000000 0.00000000
vt 0.00000000 0.00000000
vt 0.00000000 0.00000000
vt 0.00000000 0.00000000
vt 0.00000000 0.00000000
vt 0.00000000 0.00000000
vt 0.00000000 0.00000000
vt 0.00000000 0.00000000
vt 0.00000000 0.00000000
vt 0.00000000 0.00000000
vt 0.00000000 0.00000000
vt 0.00000000 0.00000000
vt 0.00000000 0.00000000
vt 0.00000000 0.00000000
vt 0.00000000 0.00000000
vt 0.00000000 0.00000000
vt 0.00000000 0.00000000
vt 0.00000000 0.00000000
vt 0.00000000 0.00000000
vt 0.00000000 0.00000000
vt 0.00000000 0.00000000
vt 0.00000000 0.00000000
vt 0.00000000 0.00000000
vt 0.00000000 0.00000000
vt 0.00000000 0.00000000
vt 0.00000000 0.00000000
vt 0.00000000 0.00000000
vt 0.00000000 0.00000000
vt 0.00000000 0.00000000
vt 0.00000000 0.00000000
vt 0.00000000 0.00000000
vt 0.00000000 0.00000000
vt 0.00000000 0.00000000
vt 0.00000000 0.00000000
vt 0.00000000 0.00000000
vt 0.00000000 0.00000000
vt 0.00000000 0.00000000
vt 0.00000000 0.00000000
vt 0.00000000 0.00000000
vt 0.00000000 0.00000000
vt 0.00000000 0.00000000
vt 0.00000000 0.00000000
vt 0.00000000 0.00000000
vt 0.00000000 0.00000000
vt 0.00000000 0.00000000
vt 0.00000000 0.00000000
vt 0.00000000 0.00000000
vt 0.00000000 0.00000000
vt 0.00000000 0.00000000
vt 0.00000000 0.00000000
vt 0.00000000 0.00000000
vt 0.00000000 0.00000000
vt 0.00000000 0.00000000
vt 0.00000000 0.00000000
vt 0.00000000 0.00000000
vt 0.00000000 0.00000000
vt 0.00000000 0.00000000
vt 0.00000000 0.00000000
vt 0.00000000 0.00000000
vt 0.00000000 0.00000000
vt 0.00000000 0.00000000
vt 0.00000000 0.00000000
vt 0.00000000 0.00000000
vt 0.00000000 0.00000000
vt 0.00000000 0.00000000
vt 0.00000000 0.00000000
vt 0.00000000 0.00000000
vt 0.00000000 0.00000000
vt 0.00000000 0.00000000
vt 0.00000000 0.00000000
vt 0.00000000 0.00000000
vt 0.00000000 0.00000000
vt 0.00000000 0.00000000
vt 0.00000000 0.00000000
vt 0.00000000 0.00000000
vt 0.00000000 0.00000000
vt 0.00000000 0.00000000
vt 0.00000000 0.00000000
vt 0.00000000 0.00000000
vt 0.00000000 0.00000000
vt 0.00000000 0.00000000
vt 0.00000000 0.00000000
vt 0.00000000 0.00000000
vt 0.00000000 0.00000000
vt 0.00000000 0.00000000
vt 0.00000000 0.00000000
vt 0.00000000 0.00000000
vt 0.00000000 0.00000000
vt 0.00000000 0.00000000
vt 0.00000000 0.00000000
vt 0.00000000 0.00000000
vt 0.00000000 0.00000000
vt 0.00000000 0.00000000
vt 0.00000000 0.00000000
vt 0.00000000 0.00000000
vt 0.00000000 0.00000000
vt 0.00000000 0.00000000
vt 0.00000000 0.00000000
vt 0.00000000 0.00000000
vt 0.00000000 0.00000000
vt 0.00000000 0.00000000
vt 0.00000000 0.00000000
vt 0.00000000 0.00000000
vt 0.00000000 0.00000000
vt 0.00000000 0.00000000
vt 0.00000000 0.00000000
vt 0.00000000 0.00000000
vt 0.00000000 0.00000000
vt 0.00000000 0.00000000
vt 0.00000000 0.00000000
vt 0.00000000 0.00000000
vt 0.00000000 0.00000000
vt 0.00000000 0.00000000
vt 0.00000000 0.00000000
vt 0.00000000 0.00000000
vt 0.00000000 0.00000000
vt 0.00000000 0.00000000
vt 0.00000000 0.00000000
vt 0.00000000 0.00000000
vt 0.00000000 0.00000000
vt 0.00000000 0.00000000
vt 0.00000000 0.00000000
vt 0.00000000 0.00000000
vt 0.00000000 0.00000000
vt 0.00000000 0.00000000
vt 0.00000000 0.00000000
vt 0.00000000 0.00000000
vt 0.00000000 0.00000000
vt 0.00000000 0.00000000
vt 0.00000000 0.00000000
vt 0.00000000 0.00000000
vt 0.00000000 0.00000000
vt 0.00000000 0.00000000
vt 0.00000000 0.00000000
vt 0.00000000 0.00000000
vt 0.00000000 0.00000000
vt 0.00000000 0.00000000
vt 0.00000000 0.00000000
vt 0.00000000 0.00000000
vt 0.00000000 0.00000000
vt 0.00000000 0.00000000
vt 0.00000000 0.00000000
vt 0.00000000 0.00000000
vt 0.00000000 0.00000000
vt 0.00000000 0.00000000
vt 0.00000000 0.00000000
vt 0.00000000 0.00000000
vt 0.00000000 0.00000000
vt 0.00000000 0.00000000
vt 0.00000000 0.00000000
vt 0.00000000 0.00000000
vt 0.00000000 0.00000000
vt 0.00000000 0.00000000
vt 0.00000000 0.00000000
vt 0.00000000 0.00000000
vt 0.00000000 0.00000000
vt 0.00000000 0.00000000
vt 0.00000000 0.00000000
vt 0.00000000 0.00000000
vt 0.00000000 0.00000000
vt 0.00000000 0.00000000
vt 0.00000000 0.00000000
vt 0.00000000 0.00000000
vt 0.00000000 0.00000000
vt 0.00000000 0.00000000
vt 0.00000000 0.00000000
vt 0.00000000 0.00000000
vt 0.00000000 0.00000000
vt 0.00000000 0.00000000
vt 0.00000000 0.00000000
vt 0.00000000 0.00000000
vt 0.00000000 0.00000000
vt 0.00000000 0.00000000
vt 0.00000000 0.00000000
vt 0.00000000 0.00000000
vt 0.00000000 0.00000000
vt 0.00000000 0.00000000
vt 0.00000000 0.00000000
vt 0.00000000 0.00000000
vt 0.00000000 0.00000000
vt 0.00000000 0.00000000
vt 0.00000000 0.00000000
vt 0.00000000 0.00000000
vt 0.00000000 0.00000000
vt 0.00000000 0.00000000
vt 0.00000000 0.00000000
vt 0.00000000 0.00000000
vt 0.00000000 0.00000000
vt 0.00000000 0.00000000
vt 0.00000000 0.00000000
vt 0.00000000 0.00000000
vt 0.00000000 0.00000000
vt 0.00000000 0.00000000
vt 0.00000000 0.00000000
vt 0.00000000 0.00000000
vt 0.00000000 0.00000000
vt 0.00000000 0.00000000
vt 0.00000000 0.00000000
vt 0.00000000 0.00000000
vt 0.00000000 0.00000000
vt 0.00000000 0.00000000
vt 0.00000000 0.00000000
vt 0.00000000 0.00000000
vt 0.00000000 0.00000000
vt 0.00000000 0.00000000
vt 0.00000000 0.00000000
vt 0.00000000 0.00000000
vt 0.00000000 0.00000000
vt 0.00000000 0.00000000
vt 0.00000000 0.00000000
vt 0.00000000 0.00000000
vt 0.00000000 0.00000000
vt 0.00000000 0.00000000
vt 0.00000000 0.00000000
vt 0.00000000 0.00000000
vt 0.00000000 0.00000000
vt 0.00000000 0.00000000
vt 0.00000000 0.00000000
vt 0.00000000 0.00000000
vt 0.00000000 0.00000000
vt 0.00000000 0.00000000
vt 0.00000000 0.00000000
vt 0.00000000 0.00000000
vt 0.00000000 0.00000000
vt 0.00000000 0.00000000
vt 0.00000000 0.00000000
vt 0.00000000 0.00000000
vt 0.00000000 0.00000000
vt 0.00000000 0.00000000
vt 0.00000000 0.00000000
vt 0.00000000 0.00000000
vt 0.00000000 0.00000000
vt 0.00000000 0.00000000
vt 0.00000000 0.00000000
vt 0.00000000 0.00000000
vt 0.00000000 0.00000000
vt 0.00000000 0.00000000
vt 0.00000000 0.00000000
vt 0.00000000 0.00000000
vt 0.00000000 0.00000000
vt 0.00000000 0.00000000
vt 0.00000000 0.00000000
vt 0.00000000 0.00000000
vt 0.00000000 0.00000000
vt 0.00000000 0.00000000
vt 0.00000000 0.00000000
vt 0.00000000 0.00000000
vt 0.00000000 0.00000000
vt 0.00000000 0.00000000
vt 0.00000000 0.00000000
vt 0.00000000 0.00000000
vt 0.00000000 0.00000000
vt 0.00000000 0.00000000
vt 0.00000000 0.00000000
vt 0.00000000 0.00000000
vt 0.00000000 0.00000000
vt 0.00000000 0.00000000
vt 0.00000000 0.00000000
vt 0.00000000 0.00000000
vt 0.00000000 0.00000000
vt 0.00000000 0.00000000
vt 0.00000000 0.00000000
vt 0.00000000 0.00000000
vt 0.00000000 0.00000000
vt 0.00000000 0.00000000
vt 0.00000000 0.00000000
vt 0.00000000 0.00000000
vt 0.00000000 0.00000000
vt 0.00000000 0.00000000
vt 0.00000000 0.00000000
vt 0.00000000 0.00000000
vt 0.00000000 0.00000000
vt 0.00000000 0.00000000
vt 0.00000000 0.00000000
vt 0.00000000 0.00000000
vt 0.00000000 0.00000000
vt 0.00000000 0.00000000
vt 0.00000000 0.00000000
vt 0.00000000 0.00000000
vt 0.00000000 0.00000000
vt 0.00000000 0.00000000
vt 0.00000000 0.00000000
vt 0.00000000 0.00000000
vt 0.00000000 0.00000000
vt 0.00000000 0.00000000
vt 0.00000000 0.00000000
vt 0.00000000 0.00000000
vt 0.00000000 0.00000000
vt 0.00000000 0.00000000
vt 0.00000000 0.00000000
vt 0.00000000 0.00000000
vt 0.00000000 0.00000000
vt 0.00000000 0.00000000
vt 0.00000000 0.00000000
vt 0.00000000 0.00000000
vt 0.00000000 0.00000000
vt 0.00000000 0.00000000
vt 0.00000000 0.00000000
vt 0.00000000 0.00000000
vt 0.00000000 0.00000000
vt 0.00000000 0.00000000
vt 0.00000000 0.00000000
vt 0.00000000 0.00000000
vt 0.00000000 0.00000000
vt 0.00000000 0.00000000
vt 0.00000000 0.00000000
vt 0.00000000 0.00000000
vt 0.00000000 0.00000000
vt 0.00000000 0.00000000
vt 0.00000000 0.00000000
vt 0.00000000 0.00000000
vt 0.00000000 0.00000000
vt 0.00000000 0.00000000
vt 0.00000000 0.00000000
vt 0.00000000 0.00000000
vt 0.00000000 0.00000000
vt 0.00000000 0.00000000
vt 0.00000000 0.00000000
vt 0.00000000 0.00000000
vt 0.00000000 0.00000000
vt 0.00000000 0.00000000
vt 0.00000000 0.00000000
vt 0.00000000 0.00000000
vt 0.00000000 0.00000000
vt 0.00000000 0.00000000
vt 0.00000000 0.00000000
vt 0.00000000 0.00000000
vt 0.00000000 0.00000000
vt 0.00000000 0.00000000
vt 0.00000000 0.00000000
vt 0.00000000 0.00000000
vt 0.00000000 0.00000000
vt 0.00000000 0.00000000
vt 0.00000000 0.00000000
vt 0.00000000 0.00000000
vt 0.00000000 0.00000000
vt 0.00000000 0.00000000
vt 0.00000000 0.00000000
vt 0.00000000 0.00000000
vt 0.00000000 0.00000000
vt 0.00000000 0.00000000
vt 0.00000000 0.00000000
vt 0.00000000 0.00000000
vt 0.00000000 0.00000000
vt 0.00000000 0.00000000
vt 0.00000000 0.00000000
vt 0.00000000 0.00000000
vt 0.00000000 0.00000000
vt 0.00000000 0.00000000
vt 0.00000000 0.00000000
vt 0.00000000 0.00000000
vt 0.00000000 0.00000000
vt 0.00000000 0.00000000
vt 0.00000000 0.00000000
vt 0.00000000 0.00000000
vt 0.00000000 0.00000000
vt 0.00000000 0.00000000
vt 0.00000000 0.00000000
vt 0.00000000 0.00000000
vt 0.00000000 0.00000000
vt 0.00000000 0.00000000
vt 0.00000000 0.00000000
vt 0.00000000 0.00000000
vt 0.00000000 0.00000000
vt 0.00000000 0.00000000
vt 0.00000000 0.00000000
vt 0.00000000 0.00000000
vt 0.00000000 0.00000000
vt 0.00000000 0.00000000
vt 0.00000000 0.00000000
vt 0.00000000 0.00000000
vt 0.00000000 0.00000000
vt 0.00000000 0.00000000
vt 0.00000000 0.00000000
vt 0.00000000 0.00000000
vt 0.00000000 0.00000000
vt 0.00000000 0.00000000
vt 0.00000000 0.00000000
vt 0.00000000 0.00000000
vt 0.00000000 0.00000000
vt 0.00000000 0.00000000
vt 0.00000000 0.00000000
vt 0.00000000 0.00000000
vt 0.00000000 0.00000000
vt 0.00000000 0.00000000
vt 0.00000000 0.00000000
vt 0.00000000 0.00000000
vt 0.00000000 0.00000000
vt 0.00000000 0.00000000
vt 0.00000000 0.00000000
vt 0.00000000 0.00000000
vt 0.00000000 0.00000000
vt 0.00000000 0.00000000
vt 0.00000000 0.00000000
vt 0.00000000 0.00000000
vt 0.00000000 0.00000000
vt 0.00000000 0.00000000
vt 0.00000000 0.00000000
vt 0.00000000 0.00000000
vt 0.00000000 0.00000000
vt 0.00000000 0.00000000
vt 0.00000000 0.00000000
vt 0.00000000 0.00000000
vt 0.00000000 0.00000000
vt 0.00000000 0.00000000
vt 0.00000000 0.00000000
vt 0.00000000 0.00000000
vt 0.00000000 0.00000000
vt 0.00000000 0.00000000
vt 0.00000000 0.00000000
vt 0.00000000 0.00000000
vt 0.00000000 0.00000000
vt 0.00000000 0.00000000
vt 0.00000000 0.00000000
vt 0.00000000 0.00000000
vt 0.00000000 0.00000000
vt 0.00000000 0.00000000
vt 0.00000000 0.00000000
vt 0.00000000 0.00000000
vt 0.00000000 0.00000000
vt 0.00000000 0.00000000
vt 0.00000000 0.00000000
vt 0.00000000 0.00000000
vt 0.00000000 0.00000000
vt 0.00000000 0.00000000
vt 0.00000000 0.00000000
vt 0.00000000 0.00000000
vt 0.00000000 0.00000000
vt 0.00000000 0.00000000
vt 0.00000000 0.00000000
vt 0.00000000 0.00000000
vt 0.00000000 0.00000000
vt 0.00000000 0.00000000
vt 0.00000000 0.00000000
vt 0.00000000 0.00000000
vt 0.00000000 0.00000000
vt 0.00000000 0.00000000
vt 0.00000000 0.00000000
vt 0.00000000 0.00000000
vt 0.00000000 0.00000000
vt 0.00000000 0.00000000
vt 0.00000000 0.00000000
vt 0.00000000 0.00000000
vt 0.00000000 0.00000000
vt 0.00000000 0.00000000
vt 0.00000000 0.00000000
vt 0.00000000 0.00000000
f 1/1/1 2/2/2 3/3/3
f 4/4/4 5/5/5 2/2/2
f 6/6/6 7/7/7 8/8/8
f 9/9/9 10/10/10 11/11/11
f 12/12/12 13/13/13 14/14/14
f 15/15/15 16/16/16 17/17/17
f 18/18/18 19/19/19 20/20/20
f 21/21/21 22/22/22 23/23/23
f 24/24/24 25/25/25 26/26/26
f 27/27/27 28/28/28 29/29/29
f 30/30/30 31/31/31 32/32/32
f 33/33/33 34/34/34 35/35/35
f 36/36/36 37/37/37 38/38/38
f 39/39/39 40/40/40 41/41/41
f 42/42/42 43/43/43 44/44/44
f 45/45/45 46/46/46 47/47/47
f 48/48/48 49/49/49 50/50/50
f 51/51/51 52/52/52 53/53/53
f 54/54/54 55/55/55 56/56/56
f 57/57/57 58/58/58 59/59/59
f 60/60/60 61/61/61 62/62/62
f 63/63/63 64/64/64 65/65/65
f 66/66/66 67/67/67 68/68/68
f 69/69/69 70/70/70 71/71/71
f 72/72/72 73/73/73 74/74/74
f 75/75/75 76/76/76 77/77/77
f 78/78/78 79/79/79 80/80/80
f 81/81/81 82/82/82 83/83/83
f 84/84/84 85/85/85 86/86/86
f 87/87/87 88/88/88 89/89/89
f 90/90/90 91/91/91 92/92/92
f 93/93/93 94/94/94 95/95/95
f 96/96/96 97/97/97 98/98/98
f 99/99/99 100/100/100 101/101/101
f 102/102/102 103/103/103 104/104/104
f 105/105/105 106/106/106 107/107/107
f 108/108/108 109/109/109 110/110/110
f 111/111/111 112/112/112 113/113/113
f 114/114/114 115/115/115 116/116/116
f 117/117/117 118/118/118 119/119/119
f 120/120/120 121/121/121 122/122/122
f 123/123/123 124/124/124 125/125/125
f 126/126/126 127/127/127 128/128/128
f 129/129/129 130/130/130 131/131/131
f 132/132/132 133/133/133 134/134/134
f 135/135/135 136/136/136 137/137/137
f 138/138/138 139/139/139 140/140/140
f 141/141/141 142/142/142 143/143/143
f 144/144/144 145/145/145 146/146/146
f 147/147/147 148/148/148 149/149/149
f 150/150/150 151/151/151 152/152/152
f 153/153/153 154/154/154 155/155/155
f 156/156/156 157/157/157 158/158/158
f 159/159/159 160/160/160 161/161/161
f 162/162/162 163/163/163 164/164/164
f 165/165/165 166/166/166 167/167/167
f 168/168/168 169/169/169 170/170/170
f 171/171/171 172/172/172 173/173/173
f 174/174/174 175/175/175 176/176/176
f 177/177/177 178/178/178 179/179/179
f 180/180/180 181/181/181 182/182/182
f 183/183/183 184/184/184 185/185/185
f 186/186/186 187/187/187 188/188/188
f 189/189/189 190/190/190 191/191/191
f 192/192/192 193/193/193 194/194/194
f 195/195/195 196/196/196 197/197/197
f 198/198/198 199/199/199 200/200/200
f 201/201/201 202/202/202 203/203/203
f 204/204/204 205/205/205 206/206/206
f 207/207/207 208/208/208 209/209/209
f 210/210/210 211/211/211 212/212/212
f 213/213/213 214/214/214 215/215/215
f 216/216/216 217/217/217 218/218/218
f 219/219/219 220/220/220 221/221/221
f 220/220/220 222/222/222 221/221/221
f 223/223/223 224/224/224 222/222/222
f 224/224/224 225/225/225 226/226/226
f 225/225/225 227/227/227 226/226/226
f 227/227/227 228/228/228 229/229/229
f 228/228/228 230/230/230 229/229/229
f 231/231/231 232/232/232 230/230/230
f 232/232/232 233/233/233 234/234/234
f 233/233/233 235/235/235 234/234/234
f 235/235/235 236/236/236 237/237/237
f 236/236/236 238/238/238 237/237/237
f 239/239/239 240/240/240 238/238/238
f 240/240/240 241/241/241 242/242/242
f 241/241/241 243/243/243 242/242/242
f 243/243/243 244/244/244 245/245/245
f 245/245/245 246/246/246 247/247/247
f 246/246/246 248/248/248 247/247/247
f 248/248/248 249/249/249 250/250/250
f 250/250/250 251/251/251 252/252/252
f 251/251/251 253/253/253 252/252/252
f 253/253/253 254/254/254 255/255/255
f 254/254/254 256/256/256 255/255/255
f 256/256/256 257/257/257 258/258/258
f 258/258/258 259/259/259 260/260/260
f 259/259/259 261/261/261 260/260/260
f 261/261/261 262/262/262 263/263/263
f 262/262/262 264/264/264 263/263/263
f 264/264/264 265/265/265 266/266/266
f 265/265/265 267/267/267 266/266/266
f 268/268/268 269/269/269 267/267/267
f 270/270/270 271/271/271 269/269/269
f 271/271/271 272/272/272 273/273/273
f 273/273/273 274/274/274 275/275/275
f 274/274/274 276/276/276 275/275/275
f 277/277/277 278/278/278 276/276/276
f 278/278/278 279/279/279 280/280/280
f 279/279/279 281/281/281 280/280/280
f 282/282/282 283/283/283 281/281/281
f 283/283/283 284/284/284 285/285/285
f 285/285/285 286/286/286 287/287/287
f 287/287/287 288/288/288 289/289/289
f 288/288/288 290/290/290 289/289/289
f 290/290/290 291/291/291 292/292/292
f 291/291/291 293/293/293 292/292/292
f 294/294/294 295/295/295 293/293/293
f 295/295/295 296/296/296 297/297/297
f 297/297/297 298/298/298 299/299/299
f 299/299/299 300/300/300 301/301/301
f 301/301/301 302/302/302 303/303/303
f 302/302/302 304/304/304 303/303/303
f 305/305/305 306/306/306 304/304/304
f 306/306/306 307/307/307 308/308/308
f 307/307/307 309/309/309 308/308/308
f 309/309/309 310/310/310 311/311/311
f 311/311/311 312/312/312 313/313/313
f 312/312/312 314/314/314 313/313/313
f 315/315/315 316/316/316 314/314/314
f 317/317/317 318/318/318 316/316/316
f 318/318/318 319/319/319 320/320/320
f 319/319/319 321/321/321 320/320/320
f 321/321/321 322/322/322 323/323/323
f 322/322/322 324/324/324 323/323/323
f 325/325/325 326/326/326 324/324/324
f 327/327/327 328/328/328 329/329/329
f 220/220/220 223/223/223 223/223/223
f 223/223/223 330/330/330 223/223/223
f 330/330/330 331/331/331 225/225/225
f 332/332/332 333/333/333 334/334/334
f 335/335/335 228/228/228 228/228/228
f 336/336/336 337/337/337 338/338/338
f 338/338/338 339/339/339 340/340/340
f 341/341/341 342/342/342 233/233/233
f 343/343/343 344/344/344 345/345/345
f 346/346/346 347/347/347 236/236/236
f 347/347/347 239/239/239 236/236/236
f 348/348/348 349/349/349 350/350/350
f 351/351/351 352/352/352 241/241/241
f 241/241/241 353/353/353 354/354/354
f 355/355/355 356/356/356 357/357/357
f 357/357/357 358/358/358 359/359/359
f 358/358/358 360/360/360 359/359/359
f 361/361/361 249/249/249 362/362/362
f 249/249/249 363/363/363 251/251/251
f 364/364/364 365/365/365 366/366/366
f 367/367/367 368/368/368 254/254/254
f 254/254/254 369/369/369 370/370/370
f 370/370/370 371/371/371 257/257/257
f 257/257/257 259/259/259 259/259/259
f 259/259/259 372/372/372 259/259/259
f 372/372/372 373/373/373 262/262/262
f 374/374/374 375/375/375 376/376/376
f 377/377/377 378/378/378 265/265/265
f 265/265/265 268/268/268 268/268/268
f 268/268/268 379/379/379 270/270/270
f 270/270/270 380/380/380 380/380/380
f 380/380/380 381/381/381 272/272/272
f 382/382/382 383/383/383 384/384/384
f 274/274/274 385/385/385 277/277/277
f 277/277/277 386/386/386 387/387/387
f 387/387/387 388/388/388 279/279/279
f 279/279/279 389/389/389 282/282/282
f 282/282/282 390/390/390 391/391/391
f 391/391/391 284/284/284 284/284/284
f 284/284/284 392/392/392 286/286/286
f 286/286/286 393/393/393 288/288/288
f 394/394/394 395/395/395 396/396/396
f 396/396/396 397/397/397 398/398/398
f 398/398/398 399/399/399 400/400/400
f 400/400/400 401/401/401 402/402/402
f 402/402/402 403/403/403 404/404/404
f 296/296/296 405/405/405 298/298/298
f 406/406/406 407/407/407 408/408/408
f 408/408/408 409/409/409 410/410/410
f 410/410/410 411/411/411 412/412/412
f 413/413/413 414/414/414 415/415/415
f 416/416/416 417/417/417 418/418/418
f 307/307/307 419/419/419 419/419/419
f 420/420/420 421/421/421 422/422/422
f 310/310/310 312/312/312 312/312/312
f 423/423/423 424/424/424 425/425/425
f 425/425/425 426/426/426 427/427/427
f 317/317/317 428/428/428 428/428/428
f 429/429/429 430/430/430 431/431/431
f 319/319/319 432/432/432 432/432/432
f 432/432/432 322/322/322 432/432/432
f 433/433/433 434/434/434 435/435/435
f 325/325/325 436/436/436 436/436/436
f 437/437/437 438/438/438 439/439/439
f 440/440/440 441/441/441 442/442/442
f 443/443/443 444/444/444 445/445/445
f 446/446/446 447/447/447 448/448/448
f 449/449/449 450/450/450 451/451/451
f 452/452/452 453/453/453 454/454/454
f 455/455/455 6/6/6 8/8/8
f 456/456/456 457/457/457 458/458/458
f 459/459/459 460/460/460 461/461/461
f 462/462/462 463/463/463 464/464/464
f 465/465/465 466/466/466 467/467/467
f 468/468/468 469/469/469 470/470/470
f 471/471/471 472/472/472 473/473/473
f 474/474/474 475/475/475 476/476/476
f 477/477/477 478/478/478 479/479/479
f 480/480/480 481/481/481 482/482/482
f 483/483/483 484/484/484 485/485/485
f 486/486/486 487/487/487 488/488/488
f 489/489/489 490/490/490 491/491/491
f 492/492/492 493/493/493 494/494/494
f 495/495/495 496/496/496 497/497/497
f 498/498/498 499/499/499 500/500/500
f 501/501/501 502/502/502 503/503/503
f 504/504/504 505/505/505 506/506/506
f 507/507/507 508/508/508 509/509/509
f 510/510/510 511/511/511 512/512/512
f 513/513/513 514/514/514 515/515/515
f 516/516/516 517/517/517 518/518/518
f 519/519/519 520/520/520 521/521/521
f 522/522/522 523/523/523 524/524/524
f 525/525/525 526/526/526 527/527/527
f 528/528/528 529/529/529 530/530/530
f 531/531/531 532/532/532 533/533/533
f 534/534/534 535/535/535 536/536/536
f 537/537/537 538/538/538 539/539/539
f 540/540/540 541/541/541 542/542/542
f 543/543/543 544/544/544 545/545/545
f 546/546/546 547/547/547 548/548/548
f 549/549/549 550/550/550 551/551/551
f 552/552/552 553/553/553 554/554/554
f 555/555/555 556/556/556 557/557/557
f 558/558/558 559/559/559 560/560/560
f 561/561/561 562/562/562 563/563/563
f 564/564/564 565/565/565 566/566/566
f 567/567/567 568/568/568 569/569/569
f 570/570/570 571/571/571 572/572/572
f 573/573/573 574/574/574 575/575/575
f 576/576/576 577/577/577 578/578/578
f 579/579/579 5/5/5 580/580/580
f 581/581/581 582/582/582 583/583/583
f 584/584/584 585/585/585 586/586/586
f 587/587/587 588/588/588 589/589/589
f 590/590/590 591/591/591 592/592/592
f 593/593/593 594/594/594 595/595/595
f 596/596/596 597/597/597 598/598/598
f 599/599/599 600/600/600 601/601/601
f 602/602/602 603/603/603 604/604/604
f 605/605/605 606/606/606 607/607/607
f 587/587/587 608/608/608 455/455/455
f 609/609/609 610/610/610 611/611/611
f 612/612/612 613/613/613 614/614/614
f 615/615/615 616/616/616 617/617/617
f 618/618/618 619/619/619 620/620/620
f 621/621/621 622/622/622 623/623/623
f 624/624/624 625/625/625 626/626/626
f 1/1/1 4/4/4 2/2/2
f 627/627/627 2/2/2 5/5/5
f 4/4/4 580/580/580 5/5/5
f 6/6/6 628/628/628 7/7/7
f 629/629/629 630/630/630 631/631/631
f 632/632/632 633/633/633 634/634/634
f 12/12/12 635/635/635 13/13/13
f 636/636/636 637/637/637 638/638/638
f 639/639/639 640/640/640 641/641/641
f 642/642/642 643/643/643 644/644/644
f 645/645/645 646/646/646 647/647/647
f 648/648/648 649/649/649 650/650/650
f 651/651/651 652/652/652 653/653/653
f 654/654/654 655/655/655 656/656/656
f 657/657/657 658/658/658 659/659/659
f 660/660/660 661/661/661 662/662/662
f 663/663/663 664/664/664 665/665/665
f 666/666/666 667/667/667 668/668/668
f 669/669/669 670/670/670 671/671/671
f 672/672/672 673/673/673 674/674/674
f 675/675/675 676/676/676 677/677/677
f 678/678/678 679/679/679 680/680/680
f 681/681/681 682/682/682 683/683/683
f 684/684/684 685/685/685 686/686/686
f 687/687/687 688/688/688 689/689/689
f 690/690/690 691/691/691 692/692/692
f 70/70/70 693/693/693 71/71/71
f 694/694/694 695/695/695 696/696/696
f 697/697/697 698/698/698 699/699/699
f 700/700/700 701/701/701 702/702/702
f 703/703/703 704/704/704 705/705/705
f 706/706/706 707/707/707 708/708/708
f 709/709/709 710/710/710 711/711/711
f 712/712/712 713/713/713 714/714/714
f 715/715/715 716/716/716 717/717/717
f 718/718/718 719/719/719 720/720/720
f 721/721/721 722/722/722 723/723/723
f 724/724/724 725/725/725 726/726/726
f 727/727/727 728/728/728 729/729/729
f 730/730/730 731/731/731 732/732/732
f 733/733/733 734/734/734 735/735/735
f 736/736/736 737/737/737 738/738/738
f 739/739/739 740/740/740 741/741/741
f 742/742/742 743/743/743 744/744/744
f 745/745/745 746/746/746 747/747/747
f 748/748/748 749/749/749 750/750/750
f 751/751/751 752/752/752 753/753/753
f 754/754/754 755/755/755 756/756/756
f 757/757/757 758/758/758 759/759/759
f 760/760/760 761/761/761 762/762/762
f 763/763/763 764/764/764 765/765/765
f 766/766/766 767/767/767 768/768/768
f 769/769/769 770/770/770 771/771/771
f 772/772/772 773/773/773 774/774/774
f 775/775/775 776/776/776 777/777/777
f 778/778/778 779/779/779 780/780/780
f 781/781/781 782/782/782 783/783/783
f 784/784/784 785/785/785 786/786/786
f 787/787/787 788/788/788 789/789/789
f 790/790/790 791/791/791 792/792/792
f 793/793/793 794/794/794 795/795/795
f 796/796/796 797/797/797 798/798/798
f 799/799/799 800/800/800 801/801/801
f 802/802/802 803/803/803 804/804/804
f 805/805/805 806/806/806 807/807/807
f 808/808/808 809/809/809 810/810/810
f 811/811/811 812/812/812 813/813/813
f 814/814/814 815/815/815 816/816/816
f 817/817/817 818/818/818 819/819/819
f 820/820/820 821/821/821 822/822/822
f 195/195/195 823/823/823 196/196/196
f 824/824/824 825/825/825 826/826/826
f 827/827/827 828/828/828 829/829/829
f 830/830/830 831/831/831 832/832/832
f 833/833/833 209/209/209 208/208/208
f 834/834/834 835/835/835 836/836/836
f 837/837/837 838/838/838 839/839/839
f 212/212/212 211/211/211 840/840/840
f 841/841/841 842/842/842 843/843/843
f 219/219/219 844/844/844 220/220/220
f 220/220/220 223/223/223 222/222/222
f 223/223/223 330/330/330 224/224/224
f 224/224/224 330/330/330 225/225/225
f 225/225/225 335/335/335 227/227/227
f 227/227/227 335/335/335 228/228/228
f 228/228/228 231/231/231 230/230/230
f 231/231/231 341/341/341 232/232/232
f 232/232/232 341/341/341 233/233/233
f 233/233/233 346/346/346 235/235/235
f 235/235/235 346/346/346 236/236/236
f 236/236/236 239/239/239 238/238/238
f 239/239/239 351/351/351 240/240/240
f 240/240/240 351/351/351 241/241/241
f 241/241/241 354/354/354 243/243/243
f 243/243/243 354/354/354 244/244/244
f 245/245/245 244/244/244 246/246/246
f 246/246/246 362/362/362 248/248/248
f 248/248/248 362/362/362 249/249/249
f 250/250/250 249/249/249 251/251/251
f 251/251/251 367/367/367 253/253/253
f 253/253/253 367/367/367 254/254/254
f 254/254/254 370/370/370 256/256/256
f 256/256/256 370/370/370 257/257/257
f 258/258/258 257/257/257 259/259/259
f 259/259/259 372/372/372 261/261/261
f 261/261/261 372/372/372 262/262/262
f 262/262/262 377/377/377 264/264/264
f 264/264/264 377/377/377 265/265/265
f 265/265/265 268/268/268 267/267/267
f 268/268/268 270/270/270 269/269/269
f 270/270/270 380/380/380 271/271/271
f 271/271/271 380/380/380 272/272/272
f 273/273/273 272/272/272 274/274/274
f 274/274/274 277/277/277 276/276/276
f 277/277/277 387/387/387 278/278/278
f 278/278/278 387/387/387 279/279/279
f 279/279/279 282/282/282 281/281/281
f 282/282/282 391/391/391 283/283/283
f 283/283/283 391/391/391 284/284/284
f 285/285/285 284/284/284 286/286/286
f 287/287/287 286/286/286 288/288/288
f 288/288/288 845/845/845 290/290/290
f 290/290/290 845/845/845 291/291/291
f 291/291/291 294/294/294 293/293/293
f 294/294/294 846/846/846 295/295/295
f 295/295/295 846/846/846 296/296/296
f 297/297/297 296/296/296 298/298/298
f 299/299/299 298/298/298 300/300/300
f 301/301/301 300/300/300 302/302/302
f 302/302/302 305/305/305 304/304/304
f 305/305/305 847/847/847 306/306/306
f 306/306/306 847/847/847 307/307/307
f 307/307/307 419/419/419 309/309/309
f 309/309/309 419/419/419 310/310/310
f 311/311/311 310/310/310 312/312/312
f 312/312/312 315/315/315 314/314/314
f 315/315/315 317/317/317 316/316/316
f 317/317/317 428/428/428 318/318/318
f 318/318/318 428/428/428 319/319/319
f 319/319/319 432/432/432 321/321/321
f 321/321/321 432/432/432 322/322/322
f 322/322/322 325/325/325 324/324/324
f 325/325/325 436/436/436 326/326/326
f 327/327/327 848/848/848 328/328/328
f 329/329/329 328/328/328 849/849/849
f 223/223/223 330/330/330 330/330/330
f 330/330/330 330/330/330 331/331/331
f 225/225/225 331/331/331 850/850/850
f 334/334/334 333/333/333 336/336/336
f 228/228/228 228/228/228 851/851/851
f 338/338/338 337/337/337 339/339/339
f 340/340/340 339/339/339 852/852/852
f 233/233/233 342/342/342 853/853/853
f 345/345/345 344/344/344 854/854/854
f 347/347/347 239/239/239 239/239/239
f 239/239/239 239/239/239 855/855/855
f 856/856/856 857/857/857 858/858/858
f 241/241/241 352/352/352 353/353/353
f 354/354/354 353/353/353 859/859/859
f 357/357/357 356/356/356 358/358/358
f 860/860/860 361/361/361 362/362/362
f 361/361/361 861/861/861 249/249/249
f 249/249/249 861/861/861 363/363/363
f 251/251/251 363/363/363 862/862/862
f 863/863/863 864/864/864 865/865/865
f 254/254/254 368/368/368 369/369/369
f 370/370/370 369/369/369 371/371/371
f 257/257/257 371/371/371 259/259/259
f 259/259/259 372/372/372 372/372/372
f 372/372/372 372/372/372 373/373/373
f 262/262/262 373/373/373 866/866/866
f 867/867/867 868/868/868 869/869/869
f 265/265/265 378/378/378 268/268/268
f 268/268/268 268/268/268 379/379/379
f 270/270/270 379/379/379 380/380/380
f 380/380/380 380/380/380 381/381/381
f 272/272/272 381/381/381 870/870/870
f 384/384/384 383/383/383 871/871/871
f 277/277/277 385/385/385 386/386/386
f 387/387/387 386/386/386 388/388/388
f 279/279/279 388/388/388 389/389/389
f 282/282/282 389/389/389 390/390/390
f 391/391/391 390/390/390 284/284/284
f 284/284/284 284/284/284 392/392/392
f 286/286/286 392/392/392 393/393/393
f 288/288/288 393/393/393 872/872/872
f 396/396/396 395/395/395 397/397/397
f 291/291/291 873/873/873 874/874/874
f 400/400/400 399/399/399 401/401/401
f 402/402/402 401/401/401 403/403/403
f 404/404/404 403/403/403 875/875/875
f 298/298/298 405/405/405 876/876/876
f 408/408/408 407/407/407 409/409/409
f 302/302/302 877/877/877 878/878/878
f 305/305/305 878/878/878 879/879/879
f 880/880/880 881/881/881 882/882/882
f 307/307/307 883/883/883 419/419/419
f 419/419/419 419/419/419 884/884/884
f 422/422/422 421/421/421 423/423/423
f 312/312/312 312/312/312 885/885/885
f 425/425/425 424/424/424 426/426/426
f 427/427/427 426/426/426 886/886/886
f 428/428/428 428/428/428 887/887/887
f 888/888/888 889/889/889 890/890/890
f 432/432/432 322/322/322 322/322/322
f 322/322/322 322/322/322 891/891/891
f 435/435/435 434/434/434 892/892/892
f 893/893/893 894/894/894 895/895/895
f 893/893/893 895/895/895 896/896/896
f 897/897/897 896/896/896 895/895/895
f 898/898/898 899/899/899 895/895/895
f 900/900/900 901/901/901 895/895/895
f 902/902/902 903/903/903 904/904/904
f 438/438/438 905/905/905 439/439/439
f 906/906/906 907/907/907 908/908/908
f 909/909/909 910/910/910 911/911/911
f 912/912/912 913/913/913 914/914/914
f 915/915/915 916/916/916 917/917/917
f 918/918/918 919/919/919 917/917/917
f 920/920/920 921/921/921 917/917/917
f 922/922/922 923/923/923 917/917/917
f 924/924/924 917/917/917 912/912/912
f 914/914/914 924/924/924 912/912/912
f 923/923/923 920/920/920 917/917/917
f 919/919/919 915/915/915 917/917/917
f 913/913/913 909/909/909 925/925/925
f 437/437/437 907/907/907 906/906/906
f 902/902/902 904/904/904 926/926/926
f 899/899/899 897/897/897 895/895/895
f 895/895/895 901/901/901 898/898/898
f 927/927/927 900/900/900 895/895/895
f 927/927/927 904/904/904 903/903/903
f 910/910/910 908/908/908 911/911/911
f 921/921/921 918/918/918 917/917/917
f 925/925/925 914/914/914 913/913/913
f 911/911/911 925/925/925 909/909/909
f 916/916/916 912/912/912 917/917/917
f 927/927/927 903/903/903 900/900/900
f 902/902/902 926/926/926 905/905/905
f 910/910/910 906/906/906 908/908/908
f 437/437/437 439/439/439 907/907/907
f 926/926/926 439/439/439 905/905/905
f 928/928/928 929/929/929 930/930/930
f 931/931/931 932/932/932 933/933/933
f 934/934/934 935/935/935 936/936/936
f 451/451/451 937/937/937 449/449/449
f 938/938/938 939/939/939 940/940/940
f 941/941/941 942/942/942 943/943/943
f 8/8/8 944/944/944 455/455/455
f 455/455/455 608/608/608 6/6/6
f 945/945/945 946/946/946 947/947/947
f 948/948/948 949/949/949 950/950/950
f 951/951/951 952/952/952 953/953/953
f 954/954/954 955/955/955 956/956/956
f 957/957/957 958/958/958 959/959/959
f 960/960/960 961/961/961 962/962/962
f 963/963/963 964/964/964 965/965/965
f 966/966/966 967/967/967 965/965/965
f 968/968/968 969/969/969 970/970/970
f 971/971/971 972/972/972 973/973/973
f 974/974/974 975/975/975 976/976/976
f 977/977/977 978/978/978 979/979/979
f 980/980/980 981/981/981 982/982/982
f 983/983/983 984/984/984 985/985/985
f 986/986/986 987/987/987 988/988/988
f 989/989/989 990/990/990 991/991/991
f 992/992/992 993/993/993 994/994/994
f 995/995/995 996/996/996 997/997/997
f 996/996/996 998/998/998 999/999/999
f 1000/1000/1000 1001/1001/1001 1002/1002/1002
f 1003/1003/1003 1004/1004/1004 1005/1005/1005
f 1006/1006/1006 504/504/504 506/506/506
f 1007/1007/1007 1008/1008/1008 1009/1009/1009
f 1010/1010/1010 1011/1011/1011 1012/1012/1012
f 1013/1013/1013 1014/1014/1014 1015/1015/1015
f 1016/1016/1016 1017/1017/1017 1018/1018/1018
f 1019/1019/1019 1020/1020/1020 1021/1021/1021
f 1022/1022/1022 1023/1023/1023 1024/1024/1024
f 1025/1025/1025 1024/1024/1024 1023/1023/1023
f 1026/1026/1026 1027/1027/1027 1025/1025/1025
f 1021/1021/1021 1026/1026/1026 1019/1019/1019
f 1025/1025/1025 1023/1023/1023 1026/1026/1026
f 1020/1020/1020 1016/1016/1016 1028/1028/1028
f 1013/1013/1013 1015/1015/1015 1029/1029/1029
f 1008/1008/1008 1030/1030/1030 1009/1009/1009
f 1004/1004/1004 1031/1031/1031 1005/1005/1005
f 996/996/996 999/999/999 1032/1032/1032
f 996/996/996 1032/1032/1032 1033/1033/1033
f 1006/1006/1006 1030/1030/1030 1008/1008/1008
f 1017/1017/1017 1013/1013/1013 1029/1029/1029
f 1026/1026/1026 1023/1023/1023 1019/1019/1019
f 1028/1028/1028 1021/1021/1021 1020/1020/1020
f 1034/1034/1034 1015/1015/1015 1014/1014/1014
f 996/996/996 1033/1033/1033 1035/1035/1035
f 996/996/996 1035/1035/1035 997/997/997
f 1018/1018/1018 1028/1028/1028 1016/1016/1016
f 1029/1029/1029 1018/1018/1018 1017/1017/1017
f 995/995/995 997/997/997 1036/1036/1036
f 997/997/997 1001/1001/1001 1036/1036/1036
f 1010/1010/1010 1034/1034/1034 1014/1014/1014
f 1010/1010/1010 1012/1012/1012 1034/1034/1034
f 1001/1001/1001 1000/1000/1000 1036/1036/1036
f 1002/1002/1002 1031/1031/1031 1000/1000/1000
f 1037/1037/1037 1011/1011/1011 1010/1010/1010
f 1037/1037/1037 1038/1038/1038 1011/1011/1011
f 1031/1031/1031 1004/1004/1004 1000/1000/1000
f 1005/1005/1005 505/505/505 1003/1003/1003
f 1037/1037/1037 1007/1007/1007 1038/1038/1038
f 1038/1038/1038 1007/1007/1007 1009/1009/1009
f 505/505/505 504/504/504 1003/1003/1003
f 1006/1006/1006 506/506/506 1030/1030/1030
f 1039/1039/1039 1040/1040/1040 1041/1041/1041
f 1041/1041/1041 1042/1042/1042 1043/1043/1043
f 1044/1044/1044 1045/1045/1045 1046/1046/1046
f 1047/1047/1047 1048/1048/1048 1049/1049/1049
f 1050/1050/1050 1051/1051/1051 1052/1052/1052
f 1053/1053/1053 1054/1054/1054 1055/1055/1055
f 507/507/507 1056/1056/1056 508/508/508
f 1057/1057/1057 1058/1058/1058 1059/1059/1059
f 1060/1060/1060 1061/1061/1061 1062/1062/1062
f 1063/1063/1063 1064/1064/1064 1065/1065/1065
f 1066/1066/1066 1067/1067/1067 1068/1068/1068
f 1069/1069/1069 1070/1070/1070 1067/1067/1067
f 1070/1070/1070 1071/1071/1071 1072/1072/1072
f 1064/1064/1064 1066/1066/1066 1073/1073/1073
f 1058/1058/1058 1074/1074/1074 1059/1059/1059
f 1054/1054/1054 507/507/507 509/509/509
f 1048/1048/1048 1050/1050/1050 1075/1075/1075
f 1042/1042/1042 1044/1044/1044 1043/1043/1043
f 1076/1076/1076 1039/1039/1039 1041/1041/1041
f 1077/1077/1077 1076/1076/1076 1041/1041/1041
f 1045/1045/1045 1047/1047/1047 1078/1078/1078
f 1056/1056/1056 1057/1057/1057 1079/1079/1079
f 1067/1067/1067 1070/1070/1070 1072/1072/1072
f 1067/1067/1067 1072/1072/1072 1068/1068/1068
f 1051/1051/1051 1053/1053/1053 1080/1080/1080
f 1081/1081/1081 1077/1077/1077 1041/1041/1041
f 1043/1043/1043 1081/1081/1081 1041/1041/1041
f 1066/1066/1066 1068/1068/1068 1073/1073/1073
f 1064/1064/1064 1073/1073/1073 1065/1065/1065
f 1046/1046/1046 1043/1043/1043 1044/1044/1044
f 1082/1082/1082 1046/1046/1046 1045/1045/1045
f 1063/1063/1063 1065/1065/1065 1083/1083/1083
f 1063/1063/1063 1083/1083/1083 1061/1061/1061
f 1078/1078/1078 1082/1082/1082 1045/1045/1045
f 1049/1049/1049 1078/1078/1078 1047/1047/1047
f 1083/1083/1083 1062/1062/1062 1061/1061/1061
f 1062/1062/1062 1074/1074/1074 1060/1060/1060
f 1075/1075/1075 1049/1049/1049 1048/1048/1048
f 1052/1052/1052 1075/1075/1075 1050/1050/1050
f 1060/1060/1060 1074/1074/1074 1058/1058/1058
f 1057/1057/1057 1059/1059/1059 1079/1079/1079
f 1080/1080/1080 1052/1052/1052 1051/1051/1051
f 1055/1055/1055 1080/1080/1080 1053/1053/1053
f 1056/1056/1056 1079/1079/1079 1084/1084/1084
f 1056/1056/1056 1084/1084/1084 508/508/508
f 509/509/509 1055/1055/1055 1054/1054/1054
f 1085/1085/1085 1086/1086/1086 1087/1087/1087
f 1088/1088/1088 1089/1089/1089 1090/1090/1090
f 1091/1091/1091 1092/1092/1092 1093/1093/1093
f 1094/1094/1094 1095/1095/1095 1096/1096/1096
f 1097/1097/1097 1098/1098/1098 1099/1099/1099
f 1100/1100/1100 1101/1101/1101 1102/1102/1102
f 1103/1103/1103 1104/1104/1104 1105/1105/1105
f 1106/1106/1106 1107/1107/1107 1108/1108/1108
f 1109/1109/1109 1110/1110/1110 1111/1111/1111
f 1112/1112/1112 1113/1113/1113 1114/1114/1114
f 1115/1115/1115 1116/1116/1116 1117/1117/1117
f 1118/1118/1118 1119/1119/1119 1120/1120/1120
f 1121/1121/1121 1122/1122/1122 1123/1123/1123
f 1124/1124/1124 1125/1125/1125 1126/1126/1126
f 1127/1127/1127 1128/1128/1128 1129/1129/1129
f 1130/1130/1130 1131/1131/1131 1132/1132/1132
f 1133/1133/1133 1134/1134/1134 1135/1135/1135
f 1136/1136/1136 1137/1137/1137 1138/1138/1138
f 1139/1139/1139 1140/1140/1140 1141/1141/1141
f 1142/1142/1142 1143/1143/1143 1144/1144/1144
f 1145/1145/1145 1146/1146/1146 1147/1147/1147
f 1148/1148/1148 1149/1149/1149 1150/1150/1150
f 1151/1151/1151 1152/1152/1152 1153/1153/1153
f 1154/1154/1154 1155/1155/1155 1156/1156/1156
f 1157/1157/1157 1158/1158/1158 1159/1159/1159
f 1160/1160/1160 1161/1161/1161 1162/1162/1162
f 1163/1163/1163 590/590/590 592/592/592
f 1164/1164/1164 1165/1165/1165 1166/1166/1166
f 1167/1167/1167 1168/1168/1168 1169/1169/1169
f 1170/1170/1170 1171/1171/1171 1172/1172/1172
f 1173/1173/1173 1174/1174/1174 1175/1175/1175
f 1176/1176/1176 1177/1177/1177 1178/1178/1178
f 587/587/587 589/589/589 608/608/608
f 1179/1179/1179 1180/1180/1180 1181/1181/1181
f 1182/1182/1182 1183/1183/1183 1184/1184/1184
f 1185/1185/1185 1186/1186/1186 1187/1187/1187
f 1188/1188/1188 1189/1189/1189 1190/1190/1190
f 1191/1191/1191 1192/1192/1192 1193/1193/1193
f 1194/1194/1194 1195/1195/1195 1196/1196/1196

o part_001
usemtl material_0
v 0.00145677 0.05570619 0.06214780
v -0.00486376 0.05570618 0.06612865
v 0.00159632 0.05570621 0.11983260
v -0.01254800 0.05570614 0.24458548
v -0.03486053 0.05570610 0.30487523
v -0.00889964 0.05570614 0.24518787
v -0.02182055 0.04436146 0.06999505
v -0.02171162 0.04436143 0.12526717
v -0.02302747 0.04436146 0.06886458
v -0.03486053 0.04436135 0.30487522
v -0.01254799 0.04436149 0.24458548
v -0.00889964 0.04436149 0.24518787
v 0.03401427 0.05570623 -0.00229165
v -0.03447955 0.04436150 -0.00265783
v -0.03447955 0.05570626 -0.00265782
v 0.03412928 0.05570617 0.21241753
v 0.03401427 0.04436151 -0.00229166
v 0.03401427 0.05570623 -0.00229165
v -0.03447955 0.05570626 -0.00265782
v -0.03436454 0.04436139 0.21205145
v -0.03436454 0.05570615 0.21205145
v 0.02219399 0.05570612 0.29806686
v 0.02322463 0.04436139 0.24853559
v 0.02322462 0.05570614 0.24853560
v 0.03412928 0.05570617 0.21241753
v 0.02322463 0.04436139 0.24853559
v 0.03412928 0.04436141 0.21241752
v -0.03436454 0.05570615 0.21205145
v -0.03486053 0.04436135 0.30487522
v -0.03486053 0.05570610 0.30487523
v 0.01452376 0.05570617 0.30625784
v 0.01263792 0.04436181 0.31034048
v 0.01452377 0.04436144 0.30625783
v 0.01219318 0.05570621 0.31381399
v 0.01229759 0.04436180 0.31700089
v 0.01219318 0.04436146 0.31381398
v 0.01177811 0.05570621 0.32014715
v 0.01229759 0.04436180 0.31700089
v 0.01229759 0.05570621 0.31700089
v 0.01065489 0.05570621 0.32313167
v 0.01177811 0.04436146 0.32014714
v 0.01177811 0.05570621 0.32014715
v 0.00897101 0.05570621 0.32583972
v 0.01065489 0.04436146 0.32313166
v 0.01065489 0.05570621 0.32313167
v 0.00897101 0.05570621 0.32583972
v 0.00679109 0.04436145 0.32816696
v 0.00897102 0.04436145 0.32583972
v 0.00419907 0.05570620 0.33002451
v 0.00679109 0.04436145 0.32816696
v 0.00679109 0.05570620 0.32816696
v 0.00129447 0.05570620 0.33134040
v 0.00419907 0.04436145 0.33002450
v 0.00419907 0.05570620 0.33002451
v -0.00181105 0.05570620 0.33206446
v 0.00129448 0.04436145 0.33134040
v 0.00129447 0.05570620 0.33134040
v -0.00499815 0.05570620 0.33216906
v -0.00181105 0.04436145 0.33206445
v -0.00181105 0.05570620 0.33206446
v -0.00814429 0.05570620 0.33164939
v -0.00499815 0.04436145 0.33216906
v -0.00499815 0.05570620 0.33216906
v -0.03486053 0.05570610 0.30487523
v -0.03087634 0.04436134 0.31683044
v -0.03087634 0.05570610 0.31683044
v -0.03087634 0.05570610 0.31683044
v -0.01836699 0.04436134 0.32957106
v -0.01836699 0.05570609 0.32957106
v -0.01836699 0.05570609 0.32957106
v -0.00814429 0.04436145 0.33164938
v -0.00814429 0.05570620 0.33164939
v 0.01219318 0.05570621 0.31381399
v 0.01263792 0.04436181 0.31034048
v 0.01263791 0.05570621 0.31034049
v 0.02219399 0.05570612 0.29806686
v 0.01784173 0.04436139 0.30173191
v 0.02219399 0.04436136 0.29806685
v 0.01784173 0.05570617 0.30173191
v 0.01452377 0.04436144 0.30625783
v 0.01784173 0.04436139 0.30173191
v -0.02184788 0.04436150 0.23880237
v -0.01914887 0.05570614 0.24133032
v -0.01914887 0.04436149 0.24133031
v -0.02327389 0.05570620 0.02389783
v -0.02214358 0.04436148 0.02269090
v -0.02327389 0.04436148 0.02389782
v 0.00925172 0.04436139 0.23470806
v 0.01055429 0.05570615 0.23124726
v 0.01055430 0.04436139 0.23124725
v 0.00958910 0.05570620 0.12731892
v 0.00743537 0.04436144 0.12431299
v 0.00958911 0.04436144 0.12731891
v -0.01254799 0.04436149 0.24458548
v -0.00889964 0.05570614 0.24518787
v -0.00889964 0.04436149 0.24518787
v 0.00798991 0.04436147 0.02884728
v 0.00804392 0.05570621 0.03049992
v 0.00804392 0.04436147 0.03049991
v 0.02397292 0.05570626 0.03312980
v 0.02455542 0.04436149 0.03158226
v 0.02397292 0.04436149 0.03312979
v 0.00910204 0.05570620 0.03361659
v 0.01006526 0.04436148 0.03496081
v 0.00910204 0.04436147 0.03361658
v 0.01127202 0.05570620 0.03609117
v 0.01267642 0.04436148 0.03696450
v 0.01127202 0.04436148 0.03609117
v 0.02371277 0.05570621 0.02518111
v 0.02274956 0.04436150 0.02383691
v 0.02371277 0.04436150 0.02518111
v 0.02062503 0.05570620 0.03670428
v 0.02196924 0.04436149 0.03574120
v 0.02062504 0.04436147 0.03670428
v 0.01074086 0.05570620 0.04524217
v 0.01047145 0.04436148 0.04687364
v 0.01074086 0.04436148 0.04524216
v -0.01918368 0.05570620 0.12256833
v -0.02171162 0.04436143 0.12526717
v -0.01918368 0.04436143 0.12256832
v -0.01929311 0.05570625 0.02104520
v -0.01768268 0.04436149 0.02066970
v -0.01929311 0.04436149 0.02104520
v 0.01585570 0.05570620 0.03781641
v 0.01750842 0.04436148 0.03776221
v 0.01585567 0.04436148 0.03781646
v 0.02477073 0.05570621 0.02829783
v 0.02439517 0.04436150 0.02668737
v 0.02477074 0.04436150 0.02829782
v 0.01047145 0.04436148 0.04687364
v 0.00988895 0.05570620 0.04842139
v 0.00988895 0.04436147 0.04842138
v -0.02182055 0.05570618 0.06999506
v -0.02302747 0.04436146 0.06886458
v -0.02182055 0.04436146 0.06999505
v -0.00889964 0.04436149 0.24518787
v -0.00520374 0.05570614 0.24506691
v -0.00520374 0.04436148 0.24506691
v -0.02400166 0.05570614 0.23579671
v -0.02184788 0.04436150 0.23880237
v -0.02400166 0.04436149 0.23579670
v -0.01285061 0.05570626 0.02146754
v 0.00971511 0.05570621 0.02426367
v 0.01084542 0.05570621 0.02305667
v 0.01911885 0.04436147 0.03738672
v 0.02062503 0.05570620 0.03670428
v 0.02062504 0.04436147 0.03670428
v -0.00160257 0.04436147 0.24422708
v 0.00176552 0.05570614 0.24270102
v 0.00176552 0.04436143 0.24270102
v 0.01079794 0.05570616 0.21229295
v 0.01181896 0.04436143 0.13290262
v 0.01079795 0.04436140 0.21229294
v -0.02499901 0.05570620 0.02848126
v -0.02472968 0.04436147 0.02684968
v -0.02499901 0.04436147 0.02848126
v -0.02399077 0.04436146 0.06752051
v -0.02499901 0.05570620 0.02848126
v -0.02499901 0.04436147 0.02848126
v 0.00841944 0.05570620 0.03211031
v 0.00910204 0.04436147 0.03361658
v 0.00841944 0.04436147 0.03211031
v -0.01768268 0.05570625 0.02066971
v -0.01602981 0.04436149 0.02061553
v -0.01768268 0.04436149 0.02066970
v -0.01600880 0.05570614 0.24328297
v -0.01254799 0.04436149 0.24458548
v -0.01600880 0.04436149 0.24328296
v -0.00186448 0.05570621 0.11852989
v -0.00551284 0.04436144 0.11792776
v -0.00186448 0.04436144 0.11852988
v 0.01530632 0.04436150 0.02103550
v 0.01369585 0.05570621 0.02141097
v 0.01369577 0.04436150 0.02141097
v 0.01084542 0.05570621 0.02305667
v 0.00971511 0.04436150 0.02426367
v 0.01084542 0.04436150 0.02305667
v -0.01439824 0.04436149 0.02088504
v -0.03447955 0.04436150 -0.00265783
v -0.01285061 0.04436149 0.02146753
v 0.01750842 0.04436148 0.03776221
v 0.01911884 0.05570620 0.03738673
v 0.01911885 0.04436147 0.03738672
v -0.01397389 0.05570623 0.07129076
v -0.01558424 0.04436146 0.07166609
v -0.01397389 0.04436146 0.07129075
v 0.00743537 0.04436144 0.12431299
v 0.00473655 0.05570621 0.12178528
v 0.00473656 0.04436144 0.12178527
v -0.02366419 0.05570620 0.12840725
v -0.02496661 0.04436144 0.13186810
v -0.02366419 0.04436144 0.12840724
v 0.00473655 0.05570621 0.12178528
v 0.00159633 0.04436144 0.11983260
v 0.00473656 0.04436144 0.12178527
v -0.01723703 0.05570623 0.07172009
v -0.01886856 0.04436146 0.07145083
v -0.01723703 0.04436146 0.07172008
v 0.00477117 0.04436140 0.24054720
v 0.00729906 0.05570615 0.23784831
v 0.00729906 0.04436139 0.23784831
v -0.02636747 0.05570614 0.22882723
v -0.02552788 0.04436148 0.23242852
v -0.02636746 0.04436146 0.22882723
v -0.02552789 0.05570614 0.23242852
v -0.02400166 0.04436149 0.23579670
v -0.02552788 0.04436148 0.23242852
v 0.00884173 0.05570621 0.02566792
v 0.00825916 0.04436148 0.02721554
v 0.00884174 0.04436148 0.02566791
v -0.02612571 0.05570615 0.21209538
v -0.02636746 0.04436146 0.22882723
v -0.02612571 0.04436139 0.21209537
v 0.01369577 0.04436150 0.02141097
v 0.01218954 0.05570621 0.02209347
v 0.01218955 0.04436150 0.02209346
v -0.01914887 0.04436149 0.24133031
v -0.01600880 0.05570614 0.24328297
v -0.01600880 0.04436149 0.24328296
v -0.00486376 0.05570618 0.06612865
v -0.01112333 0.04436146 0.06964487
v -0.00486376 0.04436146 0.06612865
v -0.01280987 0.04436144 0.11888833
v -0.01617799 0.05570620 0.12041436
v -0.01617799 0.04436144 0.12041435
v 0.01695911 0.05570621 0.02098140
v 0.01530632 0.04436150 0.02103550
v 0.01695911 0.04436150 0.02098139
v 0.00971511 0.04436150 0.02426367
v 0.00884173 0.05570621 0.02566792
v 0.00884174 0.04436148 0.02566791
v 0.02455541 0.05570626 0.03158227
v 0.02482467 0.04436150 0.02995053
v 0.02455542 0.04436149 0.03158226
v -0.02302747 0.05570623 0.06886458
v -0.02399077 0.04436146 0.06752051
v -0.02302747 0.04436146 0.06886458
v -0.01246754 0.05570623 0.07060811
v -0.01397389 0.04436146 0.07129075
v -0.01246754 0.04436146 0.07060810
v -0.02472968 0.05570620 0.02684968
v -0.02414719 0.04436147 0.02530206
v -0.02472968 0.04436147 0.02684968
v 0.01068669 0.04436149 0.04358940
v 0.01074086 0.05570620 0.04524217
v 0.01074086 0.04436148 0.04524216
v -0.02079934 0.05570620 0.02172767
v -0.01929311 0.04436149 0.02104520
v -0.02079934 0.04436147 0.02172766
v 0.01859064 0.05570621 0.02125081
v 0.01695911 0.04436150 0.02098139
v 0.01859064 0.04436150 0.02125081
v 0.00159632 0.05570621 0.11983260
v -0.00186448 0.04436144 0.11852988
v 0.00159633 0.04436144 0.11983260
v -0.00520374 0.04436148 0.24506691
v -0.00160257 0.05570614 0.24422709
v -0.00160257 0.04436147 0.24422708
v 0.00962885 0.05570620 0.04047261
v 0.01031113 0.04436148 0.04197909
v 0.00962885 0.04436148 0.04047260
v -0.02041631 0.04436146 0.07086817
v -0.02182055 0.05570618 0.06999506
v -0.02182055 0.04436146 0.06999505
v 0.02274955 0.05570621 0.02383691
v 0.02154256 0.04436150 0.02270651
v 0.02274956 0.04436150 0.02383691
v 0.00988895 0.04436147 0.04842138
v 0.00145677 0.05570619 0.06214780
v 0.00145677 0.04436147 0.06214779
v 0.02196924 0.05570621 0.03574120
v 0.02309979 0.04436149 0.03453412
v 0.02196924 0.04436149 0.03574120
v -0.00551284 0.05570621 0.11792777
v -0.00920865 0.04436144 0.11804872
v -0.00551284 0.04436144 0.11792776
v 0.00729906 0.04436139 0.23784831
v 0.00925179 0.05570615 0.23470812
v 0.00925172 0.04436139 0.23470806
v -0.01558424 0.05570623 0.07166609
v -0.01723703 0.04436146 0.07172008
v -0.01558424 0.04436146 0.07166609
v -0.01439824 0.05570626 0.02088504
v -0.01285061 0.04436149 0.02146753
v -0.01439824 0.04436149 0.02088504
v 0.00804392 0.05570621 0.03049992
v 0.00841944 0.04436147 0.03211031
v 0.00804392 0.04436147 0.03049991
v 0.01422402 0.05570620 0.03754707
v 0.01585567 0.04436148 0.03781646
v 0.01422402 0.04436148 0.03754706
v 0.02013831 0.04436150 0.02183330
v 0.01859064 0.05570621 0.02125081
v 0.01859064 0.04436150 0.02125081
v 0.02309979 0.05570621 0.03453413
v 0.02397292 0.04436149 0.03312979
v 0.02309979 0.04436149 0.03453412
v 0.00145677 0.04436147 0.06214779
v -0.00486376 0.05570618 0.06612865
v -0.00486376 0.04436146 0.06612865
v 0.01267642 0.05570620 0.03696451
v 0.01422402 0.04436148 0.03754706
v 0.01267642 0.04436148 0.03696450
v -0.01886856 0.05570623 0.07145084
v -0.02041631 0.04436146 0.07086817
v -0.01886856 0.04436146 0.07145083
v -0.01602981 0.04436149 0.02061553
v -0.01439824 0.05570626 0.02088504
v -0.01439824 0.04436149 0.02088504
v 0.00745859 0.05570620 0.03799808
v 0.00866563 0.04436148 0.03912864
v 0.00745859 0.04436148 0.03799807
v 0.00866563 0.05570620 0.03912864
v 0.00962885 0.04436148 0.04047260
v 0.00866563 0.04436148 0.03912864
v 0.01181896 0.05570620 0.13290262
v 0.00958911 0.04436144 0.12731891
v 0.01181896 0.04436143 0.13290262
v -0.01285061 0.05570626 0.02146754
v 0.00616509 0.05570620 0.03694520
v -0.01285061 0.04436149 0.02146753
v -0.02414719 0.05570620 0.02530206
v -0.02327389 0.04436148 0.02389782
v -0.02414719 0.04436147 0.02530206
v 0.02482467 0.05570621 0.02995053
v 0.02477074 0.04436150 0.02829782
v 0.02482467 0.04436150 0.02995053
v 0.00825916 0.05570621 0.02721555
v 0.00798991 0.04436147 0.02884728
v 0.00825916 0.04436148 0.02721554
v 0.02154255 0.05570621 0.02270652
v 0.02013831 0.04436150 0.02183330
v 0.02154256 0.04436150 0.02270651
v 0.01031113 0.05570620 0.04197909
v 0.01068669 0.04436149 0.04358940
v 0.01031113 0.04436148 0.04197909
v 0.00176552 0.04436143 0.24270102
v 0.00477117 0.05570614 0.24054720
v 0.00477117 0.04436140 0.24054720
v -0.02171162 0.04436143 0.12526717
v -0.02366419 0.05570620 0.12840725
v -0.02366419 0.04436144 0.12840724
v 0.01006526 0.04436148 0.03496081
v 0.01127202 0.05570620 0.03609117
v 0.01127202 0.04436148 0.03609117
v 0.01218954 0.05570621 0.02209347
v 0.01084542 0.04436150 0.02305667
v 0.01218955 0.04436150 0.02209346
v -0.02214358 0.04436148 0.02269090
v -0.02079934 0.05570620 0.02172767
v -0.02079934 0.04436147 0.02172766
v -0.01112333 0.04436146 0.06964487
v -0.01246754 0.05570623 0.07060811
v -0.01246754 0.04436146 0.07060810
v -0.00920865 0.05570621 0.11804873
v -0.01280987 0.04436144 0.11888833
v -0.00920865 0.04436144 0.11804872
v 0.02439517 0.05570621 0.02668730
v 0.02371277 0.04436150 0.02518111
v 0.02439517 0.04436150 0.02668737
v -0.01617799 0.04436144 0.12041435
v -0.01918368 0.05570620 0.12256833
v -0.01918368 0.04436143 0.12256832
v -0.00920863 -0.05570630 0.11804867
v -0.01280976 -0.05570631 0.11888806
v -0.01723700 -0.05570633 0.07172003
v -0.03486051 -0.05570641 0.30487517
v -0.01254797 -0.05570637 0.24458543
v -0.00889962 -0.05570637 0.24518782
v -0.01886854 -0.04436156 0.07145079
v -0.02041629 -0.04436156 0.07086813
v -0.01617797 -0.04436158 0.12041431
v -0.01254797 -0.04436177 0.24458543
v -0.03486051 -0.04436168 0.30487518
v -0.00889962 -0.04436175 0.24518782
v -0.03447949 -0.04436153 -0.00265787
v 0.03401438 -0.05570628 -0.00229187
v -0.03447949 -0.05570630 -0.00265788
v 0.03401437 -0.04436152 -0.00229170
v 0.03412930 -0.05570634 0.21241747
v 0.03401438 -0.05570628 -0.00229187
v -0.03436452 -0.04436164 0.21205140
v -0.03447949 -0.05570630 -0.00265788
v -0.03436452 -0.05570636 0.21205140
v 0.02322464 -0.04436165 0.24853555
v 0.02219401 -0.05570639 0.29806680
v 0.02322465 -0.05570637 0.24853554
v 0.03412930 -0.05570634 0.21241747
v 0.02322464 -0.04436165 0.24853555
v 0.02322465 -0.05570637 0.24853554
v -0.03486051 -0.04436168 0.30487518
v -0.03436452 -0.05570636 0.21205140
v -0.03486051 -0.05570641 0.30487517
v 0.01452379 -0.05570650 0.30625778
v 0.01263793 -0.04436212 0.31034043
v 0.01263794 -0.05570650 0.31034043
v 0.01219324 -0.05570651 0.31381361
v 0.01229761 -0.04436212 0.31700084
v 0.01229761 -0.05570651 0.31700083
v 0.01229761 -0.04436212 0.31700084
v 0.01177813 -0.05570651 0.32014709
v 0.01229761 -0.05570651 0.31700083
v 0.01177813 -0.05570651 0.32014709
v 0.01065491 -0.04436180 0.32313161
v 0.01065491 -0.05570651 0.32313161
v 0.01065491 -0.05570651 0.32313161
v 0.00897103 -0.04436180 0.32583967
v 0.00897104 -0.05570656 0.32583966
v 0.00897103 -0.04436180 0.32583967
v 0.00679111 -0.05570652 0.32816691
v 0.00897104 -0.05570656 0.32583966
v 0.00679111 -0.04436180 0.32816691
v 0.00419909 -0.05570652 0.33002445
v 0.00679111 -0.05570652 0.32816691
v 0.00419909 -0.04436180 0.33002445
v 0.00129450 -0.05570652 0.33134034
v 0.00419909 -0.05570652 0.33002445
v 0.00129450 -0.04436180 0.33134035
v -0.00181099 -0.05570652 0.33206424
v 0.00129450 -0.05570652 0.33134034
v -0.00181103 -0.04436180 0.33206440
v -0.00499809 -0.05570652 0.33216885
v -0.00181099 -0.05570652 0.33206424
v -0.00499809 -0.04436180 0.33216885
v -0.00814427 -0.05570652 0.33164933
v -0.00499809 -0.05570652 0.33216885
v -0.03087632 -0.05570641 0.31683038
v -0.03486051 -0.04436168 0.30487518
v -0.03486051 -0.05570641 0.30487517
v -0.01836697 -0.05570642 0.32957101
v -0.03087632 -0.04436168 0.31683039
v -0.03087632 -0.05570641 0.31683038
v -0.00814427 -0.04436180 0.33164934
v -0.01836697 -0.05570642 0.32957101
v -0.00814427 -0.05570652 0.33164933
v 0.01263793 -0.04436212 0.31034043
v 0.01219324 -0.05570651 0.31381361
v 0.01263794 -0.05570650 0.31034043
v 0.02219401 -0.05570639 0.29806680
v 0.01784175 -0.04436169 0.30173186
v 0.01784175 -0.05570644 0.30173186
v 0.01784175 -0.05570644 0.30173186
v 0.01452379 -0.04436174 0.30625779
v 0.01452379 -0.05570650 0.30625778
v -0.02184786 -0.04436177 0.23880233
v -0.01914877 -0.05570637 0.24133010
v -0.02184786 -0.05570637 0.23880232
v -0.02327383 -0.04436154 0.02389768
v -0.02214348 -0.05570626 0.02269077
v -0.02327383 -0.05570626 0.02389767
v 0.01055431 -0.04436162 0.23124721
v 0.00925174 -0.05570636 0.23470801
v 0.00925174 -0.04436162 0.23470801
v 0.00743539 -0.04436158 0.12431294
v 0.00958917 -0.05570631 0.12731854
v 0.00958917 -0.04436158 0.12731855
v -0.01254797 -0.04436177 0.24458543
v -0.00889962 -0.05570637 0.24518782
v -0.01254797 -0.05570637 0.24458543
v 0.00804398 -0.04436153 0.03049987
v 0.00798993 -0.05570625 0.02884706
v 0.00798993 -0.04436152 0.02884706
v 0.02455551 -0.04436154 0.03158222
v 0.02397295 -0.05570625 0.03312974
v 0.02397294 -0.04436154 0.03312975
v 0.01006513 -0.04436153 0.03496066
v 0.00910199 -0.05570626 0.03361653
v 0.00910198 -0.04436153 0.03361654
v 0.01127208 -0.04436153 0.03609107
v 0.01267644 -0.05570626 0.03696435
v 0.01127209 -0.05570626 0.03609106
v 0.02371279 -0.04436154 0.02518106
v 0.02274958 -0.05570625 0.02383686
v 0.02371279 -0.05570625 0.02518105
v 0.02196930 -0.04436154 0.03574099
v 0.02062513 -0.05570626 0.03670406
v 0.02062509 -0.04436153 0.03670423
v 0.01047147 -0.04436154 0.04687360
v 0.01074081 -0.05570631 0.04524211
v 0.01074081 -0.04436154 0.04524212
v -0.01918362 -0.04436159 0.12256812
v -0.02171159 -0.05570631 0.12526712
v -0.01918362 -0.05570631 0.12256811
v -0.01929309 -0.04436155 0.02104507
v -0.01768262 -0.05570631 0.02066957
v -0.01929309 -0.05570631 0.02104507
v 0.01750843 -0.04436153 0.03776216
v 0.01585573 -0.05570626 0.03781636
v 0.01585573 -0.04436153 0.03781636
v 0.02439519 -0.04436154 0.02668725
v 0.02477076 -0.05570625 0.02829777
v 0.02477075 -0.04436154 0.02829777
v 0.00988906 -0.04436154 0.04842118
v 0.01047147 -0.05570631 0.04687359
v 0.01047147 -0.04436154 0.04687360
v -0.02182053 -0.04436156 0.06999500
v -0.02302745 -0.05570633 0.06886453
v -0.02182053 -0.05570633 0.06999500
v -0.00889962 -0.04436175 0.24518782
v -0.00520372 -0.05570637 0.24506685
v -0.00889962 -0.05570637 0.24518782
v -0.02184786 -0.04436177 0.23880233
v -0.02400164 -0.05570637 0.23579665
v -0.02400164 -0.04436175 0.23579666
v 0.01084544 -0.05570625 0.02305661
v 0.00971513 -0.05570625 0.02426362
v -0.01285059 -0.05570631 0.02146739
v 0.02062509 -0.04436153 0.03670423
v 0.01911887 -0.05570626 0.03738667
v 0.01911887 -0.04436153 0.03738668
v -0.00160255 -0.04436171 0.24422704
v 0.00176554 -0.05570637 0.24270096
v -0.00160255 -0.05570637 0.24422703
v 0.01079797 -0.04436162 0.21229290
v 0.01079797 -0.05570635 0.21229289
v 0.01055432 -0.05570636 0.23124720
v -0.02499899 -0.04436154 0.02848104
v -0.02472973 -0.05570626 0.02684963
v -0.02499899 -0.05570626 0.02848104
v -0.02399067 -0.04436156 0.06752031
v -0.02499899 -0.05570626 0.02848104
v -0.02399067 -0.05570633 0.06752030
v 0.00841950 -0.04436153 0.03211026
v 0.00910199 -0.05570626 0.03361653
v 0.00841951 -0.05570626 0.03211025
v -0.01602975 -0.04436155 0.02061549
v -0.01768262 -0.05570631 0.02066957
v -0.01768262 -0.04436155 0.02066958
v -0.01254797 -0.04436177 0.24458543
v -0.01600878 -0.05570637 0.24328291
v -0.01600878 -0.04436176 0.24328291
v -0.00551282 -0.04436159 0.11792771
v -0.00186446 -0.05570635 0.11852983
v -0.00186446 -0.04436159 0.11852984
v 0.01369583 -0.04436154 0.02141092
v 0.01530634 -0.05570625 0.02103545
v 0.01530634 -0.04436154 0.02103545
v 0.00971513 -0.04436154 0.02426362
v 0.01084544 -0.05570625 0.02305661
v 0.01084544 -0.04436153 0.02305662
v 0.01422408 -0.04436153 0.03754691
v 0.00962879 -0.04436154 0.04047256
v 0.01031115 -0.04436154 0.04197883
v 0.01750843 -0.04436153 0.03776216
v 0.01911887 -0.05570626 0.03738667
v 0.01750844 -0.05570626 0.03776216
v -0.01558422 -0.04436156 0.07166604
v -0.01397378 -0.05570633 0.07129055
v -0.01397379 -0.04436156 0.07129056
v 0.00473657 -0.04436159 0.12178522
v 0.00743539 -0.05570630 0.12431293
v 0.00743539 -0.04436158 0.12431294
v -0.02366417 -0.04436159 0.12840720
v -0.02496658 -0.05570632 0.13186805
v -0.02366417 -0.05570631 0.12840719
v 0.00159635 -0.04436159 0.11983255
v 0.00473658 -0.05570635 0.12178522
v 0.00473657 -0.04436159 0.12178522
v -0.01886854 -0.04436156 0.07145079
v -0.01723700 -0.05570633 0.07172003
v -0.01723701 -0.04436156 0.07172004
v 0.00477119 -0.04436166 0.24054715
v 0.00729908 -0.05570636 0.23784825
v 0.00477119 -0.05570637 0.24054715
v -0.02552778 -0.04436174 0.23242831
v -0.02636744 -0.05570642 0.22882718
v -0.02636744 -0.04436170 0.22882718
v -0.02400164 -0.04436175 0.23579666
v -0.02552778 -0.05570642 0.23242831
v -0.02552778 -0.04436174 0.23242831
v 0.00884175 -0.04436152 0.02566786
v 0.00825923 -0.05570625 0.02721542
v 0.00884176 -0.05570625 0.02566786
v -0.02612569 -0.04436164 0.21209533
v -0.02612569 -0.05570641 0.21209532
v -0.02496658 -0.05570632 0.13186805
v 0.01218960 -0.04436154 0.02209342
v 0.01369583 -0.05570625 0.02141091
v 0.01369583 -0.04436154 0.02141092
v -0.01914885 -0.04436175 0.24133026
v -0.01600878 -0.05570637 0.24328291
v -0.01914877 -0.05570637 0.24133010
v -0.00486374 -0.04436154 0.06612860
v -0.01112331 -0.05570633 0.06964481
v -0.00486366 -0.05570628 0.06612828
v -0.01280985 -0.04436158 0.11888828
v -0.01617797 -0.05570631 0.12041430
v -0.01280976 -0.05570631 0.11888806
v 0.01530634 -0.04436154 0.02103545
v 0.01695913 -0.05570625 0.02098127
v 0.01695913 -0.04436154 0.02098128
v 0.00971513 -0.04436154 0.02426362
v 0.00884176 -0.05570625 0.02566786
v 0.00971513 -0.05570625 0.02426362
v 0.02482469 -0.04436154 0.02995048
v 0.02455551 -0.05570625 0.03158221
v 0.02455551 -0.04436154 0.03158222
v -0.02399067 -0.04436156 0.06752031
v -0.02302745 -0.05570633 0.06886453
v -0.02302745 -0.04436156 0.06886453
v -0.01246752 -0.04436156 0.07060806
v -0.01397378 -0.05570633 0.07129055
v -0.01246744 -0.05570633 0.07060789
v -0.02472966 -0.04436154 0.02684963
v -0.02414716 -0.05570626 0.02530201
v -0.02472973 -0.05570626 0.02684963
v 0.01068663 -0.04436155 0.04358936
v 0.01074081 -0.05570631 0.04524211
v 0.01068672 -0.05570626 0.04358919
v -0.01929309 -0.04436155 0.02104507
v -0.02079927 -0.05570626 0.02172761
v -0.02079928 -0.04436153 0.02172762
v 0.01859070 -0.04436154 0.02125076
v 0.01695913 -0.05570625 0.02098127
v 0.01859070 -0.05570625 0.02125061
v -0.00186446 -0.04436159 0.11852984
v 0.00159635 -0.05570635 0.11983255
v 0.00159635 -0.04436159 0.11983255
v -0.00520372 -0.04436173 0.24506686
v -0.00160255 -0.05570637 0.24422703
v -0.00520372 -0.05570637 0.24506685
v 0.01031115 -0.04436154 0.04197883
v 0.00962879 -0.05570626 0.04047255
v 0.00962879 -0.04436154 0.04047256
v -0.02182053 -0.04436156 0.06999500
v -0.02041629 -0.05570633 0.07086812
v -0.02041629 -0.04436156 0.07086813
v 0.02274958 -0.04436154 0.02383686
v 0.02154265 -0.05570625 0.02270646
v 0.02274958 -0.05570625 0.02383686
v 0.00145679 -0.04436155 0.06214775
v 0.00988906 -0.05570631 0.04842118
v 0.00988906 -0.04436154 0.04842118
v 0.02309981 -0.04436154 0.03453407
v 0.02196930 -0.05570631 0.03574099
v 0.02196930 -0.04436154 0.03574099
v -0.00551282 -0.04436159 0.11792771
v -0.00920863 -0.05570630 0.11804867
v -0.00551282 -0.05570635 0.11792771
v 0.00925174 -0.04436162 0.23470801
v 0.00729908 -0.05570636 0.23784825
v 0.00729908 -0.04436163 0.23784826
v -0.01723701 -0.04436156 0.07172004
v -0.01558421 -0.05570633 0.07166603
v -0.01558422 -0.04436156 0.07166604
v -0.01285059 -0.04436155 0.02146740
v -0.01439822 -0.05570631 0.02088481
v -0.01439822 -0.04436155 0.02088482
v 0.00841950 -0.04436153 0.03211026
v 0.00804398 -0.05570626 0.03049986
v 0.00804398 -0.04436153 0.03049987
v 0.01585573 -0.04436153 0.03781636
v 0.01422408 -0.05570626 0.03754690
v 0.01422408 -0.04436153 0.03754691
v 0.01859070 -0.04436154 0.02125076
v 0.02013833 -0.05570625 0.02183318
v 0.02013833 -0.04436154 0.02183319
v 0.02309981 -0.04436154 0.03453407
v 0.02397295 -0.05570625 0.03312974
v 0.02309981 -0.05570630 0.03453407
v 0.00145679 -0.04436155 0.06214775
v -0.00486366 -0.05570628 0.06612828
v 0.00145671 -0.05570627 0.06214774
v 0.01267644 -0.04436153 0.03696446
v 0.01422408 -0.05570626 0.03754690
v 0.01267644 -0.05570626 0.03696435
v -0.02041629 -0.04436156 0.07086813
v -0.01886854 -0.05570633 0.07145078
v -0.01886854 -0.04436156 0.07145079
v -0.01439822 -0.04436155 0.02088482
v -0.01602971 -0.05570631 0.02061540
v -0.01602975 -0.04436155 0.02061549
v 0.00745861 -0.04436154 0.03799803
v 0.00866549 -0.05570626 0.03912843
v 0.00745861 -0.05570626 0.03799802
v 0.00866557 -0.04436154 0.03912854
v 0.00962879 -0.05570626 0.04047255
v 0.00866549 -0.05570626 0.03912843
v 0.01181902 -0.04436159 0.13290241
v 0.00958917 -0.05570631 0.12731854
v 0.01181903 -0.05570636 0.13290240
v 0.00745861 -0.04436154 0.03799803
v 0.00616512 -0.05570626 0.03694514
v -0.01285059 -0.04436155 0.02146740
v -0.02327383 -0.04436154 0.02389768
v -0.02414716 -0.05570626 0.02530201
v -0.02414717 -0.04436154 0.02530201
v 0.02477075 -0.04436154 0.02829777
v 0.02482477 -0.05570625 0.02995040
v 0.02482469 -0.04436154 0.02995048
v 0.00825918 -0.04436152 0.02721549
v 0.00798993 -0.05570625 0.02884706
v 0.00825923 -0.05570625 0.02721542
v 0.02154261 -0.04436154 0.02270647
v 0.02013833 -0.05570625 0.02183318
v 0.02154265 -0.05570625 0.02270646
v 0.01031115 -0.04436154 0.04197883
v 0.01068672 -0.05570626 0.04358919
v 0.01031115 -0.05570626 0.04197882
v 0.00176554 -0.04436169 0.24270097
v 0.00477119 -0.05570637 0.24054715
v 0.00176554 -0.05570637 0.24270096
v -0.02366417 -0.04436159 0.12840720
v -0.02171159 -0.05570631 0.12526712
v -0.02171160 -0.04436158 0.12526713
v 0.01127208 -0.04436153 0.03609107
v 0.01006513 -0.05570626 0.03496065
v 0.01006513 -0.04436153 0.03496066
v 0.01218960 -0.04436154 0.02209342
v 0.01084544 -0.05570625 0.02305661
v 0.01218960 -0.05570625 0.02209341
v -0.02214352 -0.04436153 0.02269077
v -0.02079927 -0.05570626 0.02172761
v -0.02214348 -0.05570626 0.02269077
v -0.01112332 -0.04436155 0.06964482
v -0.01246744 -0.05570633 0.07060789
v -0.01112331 -0.05570633 0.06964481
v -0.00920863 -0.04436158 0.11804868
v -0.01280976 -0.05570631 0.11888806
v -0.00920863 -0.05570630 0.11804867
v 0.02371279 -0.04436154 0.02518106
v 0.02439519 -0.05570625 0.02668724
v 0.02439519 -0.04436154 0.02668725
v -0.01918362 -0.04436159 0.12256812
v -0.01617797 -0.05570631 0.12041430
v -0.01617797 -0.04436158 0.12041431
v 0.03412928 0.05570617 0.21241753
v 0.03401427 0.05570623 -0.00229165
v 0.02455541 0.05570626 0.03158227
v 0.02482467 0.05570621 0.02995053
v 0.01181896 0.05570620 0.13290262
v 0.01079794 0.05570616 0.21229295
v 0.02397292 0.05570626 0.03312980
v 0.00958910 0.05570620 0.12731892
v 0.02309979 0.05570621 0.03453413
v 0.00743536 0.05570621 0.12431299
v 0.00988895 0.05570620 0.04842139
v 0.02196924 0.05570621 0.03574120
v 0.00473655 0.05570621 0.12178528
v 0.02062503 0.05570620 0.03670428
v -0.00186448 0.05570621 0.11852989
v 0.01047145 0.05570620 0.04687365
v -0.00551284 0.05570621 0.11792777
v -0.01246754 0.05570623 0.07060811
v 0.01911884 0.05570620 0.03738673
v -0.00920865 0.05570621 0.11804873
v -0.01397389 0.05570623 0.07129076
v 0.01074086 0.05570620 0.04524217
v -0.01280987 0.05570620 0.11888833
v -0.01723703 0.05570623 0.07172009
v -0.01617799 0.05570620 0.12041436
v -0.01886856 0.05570623 0.07145084
v -0.01918368 0.05570620 0.12256833
v -0.02041631 0.05570623 0.07086818
v -0.03436454 0.05570615 0.21205145
v -0.02612571 0.05570615 0.21209538
v -0.02496661 0.05570620 0.13186810
v -0.02499901 0.05570620 0.02848126
v -0.03447955 0.05570626 -0.00265782
v -0.02399077 0.05570623 0.06752052
v -0.02302747 0.05570623 0.06886458
v -0.02171162 0.05570620 0.12526718
v -0.02366419 0.05570620 0.12840725
v -0.02182055 0.05570618 0.06999506
v 0.00804392 0.05570621 0.03049992
v 0.00798991 0.05570621 0.02884729
v 0.00616509 0.05570620 0.03694520
v 0.00841944 0.05570620 0.03211031
v 0.00910204 0.05570620 0.03361659
v 0.01006510 0.05570620 0.03496082
v 0.00745859 0.05570620 0.03799808
v 0.01127202 0.05570620 0.03609117
v 0.00866563 0.05570620 0.03912864
v 0.01267642 0.05570620 0.03696451
v 0.00962885 0.05570620 0.04047261
v 0.01422402 0.05570620 0.03754707
v 0.01031113 0.05570620 0.04197909
v 0.01585570 0.05570620 0.03781641
v 0.01068669 0.05570625 0.04358941
v 0.01750841 0.05570620 0.03776221
v -0.01558424 0.05570623 0.07166609
v -0.01112334 0.05570623 0.06964487
v 0.02322462 0.05570614 0.24853560
v 0.01055429 0.05570615 0.23124726
v 0.01784173 0.05570617 0.30173191
v 0.02219399 0.05570612 0.29806686
v -0.00520374 0.05570614 0.24506691
v 0.01452376 0.05570617 0.30625784
v 0.00925179 0.05570615 0.23470812
v 0.00729906 0.05570615 0.23784831
v 0.01263791 0.05570621 0.31034049
v 0.01177811 0.05570621 0.32014715
v 0.01229759 0.05570621 0.31700089
v 0.01219318 0.05570621 0.31381399
v -0.00160257 0.05570614 0.24422709
v 0.01065489 0.05570621 0.32313167
v 0.00679109 0.05570620 0.32816696
v -0.01836699 0.05570609 0.32957106
v 0.00477117 0.05570614 0.24054720
v 0.00897101 0.05570621 0.32583972
v 0.00419907 0.05570620 0.33002451
v 0.00129447 0.05570620 0.33134040
v -0.00181105 0.05570620 0.33206446
v -0.00814429 0.05570620 0.33164939
v -0.00499815 0.05570620 0.33216906
v -0.03087634 0.05570610 0.31683044
v -0.02552789 0.05570614 0.23242852
v -0.02636747 0.05570614 0.22882723
v -0.02400166 0.05570614 0.23579671
v 0.00176552 0.05570614 0.24270102
v -0.02184788 0.05570614 0.23880238
v -0.01914887 0.05570614 0.24133032
v -0.01600880 0.05570614 0.24328297
v 0.02482467 0.04436150 0.02995053
v 0.03401427 0.04436151 -0.00229166
v 0.02455542 0.04436149 0.03158226
v 0.03412928 0.04436141 0.21241752
v 0.01079795 0.04436140 0.21229294
v 0.01181896 0.04436143 0.13290262
v 0.02397292 0.04436149 0.03312979
v 0.02309979 0.04436149 0.03453412
v 0.00958911 0.04436144 0.12731891
v 0.02196924 0.04436149 0.03574120
v 0.00988895 0.04436147 0.04842138
v 0.00743537 0.04436144 0.12431299
v 0.00145677 0.04436147 0.06214779
v 0.02062504 0.04436147 0.03670428
v 0.00473656 0.04436144 0.12178527
v 0.01911885 0.04436147 0.03738672
v 0.01047145 0.04436148 0.04687364
v 0.00159633 0.04436144 0.11983260
v 0.01750842 0.04436148 0.03776221
v 0.01074086 0.04436148 0.04524216
v -0.00486376 0.04436146 0.06612865
v 0.01422402 0.04436148 0.03754706
v 0.01585567 0.04436148 0.03781646
v -0.00186448 0.04436144 0.11852988
v -0.01112333 0.04436146 0.06964487
v -0.00551284 0.04436144 0.11792776
v -0.01246754 0.04436146 0.07060810
v -0.01397389 0.04436146 0.07129075
v -0.00920865 0.04436144 0.11804872
v -0.01558424 0.04436146 0.07166609
v -0.01723703 0.04436146 0.07172008
v -0.01280987 0.04436144 0.11888833
v -0.02496661 0.04436144 0.13186810
v -0.02612571 0.04436139 0.21209537
v -0.03436454 0.04436139 0.21205145
v -0.01886856 0.04436146 0.07145083
v -0.01617799 0.04436144 0.12041435
v -0.02499901 0.04436147 0.02848126
v -0.02399077 0.04436146 0.06752051
v -0.02041631 0.04436146 0.07086817
v -0.01918368 0.04436143 0.12256832
v -0.02366419 0.04436144 0.12840724
v 0.02322463 0.04436139 0.24853559
v -0.00160257 0.04436147 0.24422708
v 0.00176552 0.04436143 0.24270102
v 0.00729906 0.04436139 0.23784831
v 0.00925172 0.04436139 0.23470806
v 0.01055430 0.04436139 0.23124725
v 0.01219318 0.04436146 0.31381398
v 0.01229759 0.04436180 0.31700089
v 0.01177811 0.04436146 0.32014714
v 0.00477117 0.04436140 0.24054720
v 0.00679109 0.04436145 0.32816696
v 0.02219399 0.04436136 0.29806685
v 0.01065489 0.04436146 0.32313166
v 0.00897102 0.04436145 0.32583972
v 0.00419907 0.04436145 0.33002450
v 0.00129448 0.04436145 0.33134040
v -0.00181105 0.04436145 0.33206445
v -0.00499815 0.04436145 0.33216906
v -0.00814429 0.04436145 0.33164938
v -0.01836699 0.04436134 0.32957106
v 0.01263792 0.04436181 0.31034048
v -0.02636746 0.04436146 0.22882723
v -0.02552788 0.04436148 0.23242852
v -0.03087634 0.04436134 0.31683044
v -0.00520374 0.04436148 0.24506691
v 0.01784173 0.04436139 0.30173191
v -0.02400166 0.04436149 0.23579670
v -0.02184788 0.04436150 0.23880237
v -0.01914887 0.04436149 0.24133031
v 0.01452377 0.04436144 0.30625783
v -0.01600880 0.04436149 0.24328296
v 0.03401427 0.04436151 -0.00229166
v 0.03412928 0.04436141 0.21241752
v -0.03447955 0.04436150 -0.00265783
v 0.02219399 0.04436136 0.29806685
v 0.02322462 0.05570614 0.24853560
v -0.03436454 0.04436139 0.21205145
v 0.01263791 0.05570621 0.31034049
v 0.01229759 0.05570621 0.31700089
v 0.01177811 0.04436146 0.32014714
v 0.01065489 0.04436146 0.32313166
v 0.00897102 0.04436145 0.32583972
v 0.00679109 0.05570620 0.32816696
v 0.00419907 0.04436145 0.33002450
v 0.00129448 0.04436145 0.33134040
v -0.00181105 0.04436145 0.33206445
v -0.00499815 0.04436145 0.33216906
v -0.00814429 0.04436145 0.33164938
v -0.03486053 0.04436135 0.30487522
v -0.03087634 0.04436134 0.31683044
v -0.01836699 0.04436134 0.32957106
v 0.01219318 0.04436146 0.31381398
v 0.01784173 0.05570617 0.30173191
v 0.01452376 0.05570617 0.30625784
v -0.02184788 0.05570614 0.23880238
v -0.02214358 0.05570620 0.02269090
v 0.00925179 0.05570615 0.23470812
v 0.00743536 0.05570621 0.12431299
v -0.01254800 0.05570614 0.24458548
v 0.00798991 0.05570621 0.02884729
v 0.02455541 0.05570626 0.03158227
v 0.01006510 0.05570620 0.03496082
v 0.01267642 0.05570620 0.03696451
v 0.02274955 0.05570621 0.02383691
v 0.02196924 0.05570621 0.03574120
v 0.01047145 0.05570620 0.04687365
v -0.02171162 0.05570620 0.12526718
v -0.01768268 0.05570625 0.02066971
v 0.01750841 0.05570620 0.03776221
v 0.02439517 0.05570621 0.02668730
v 0.01047145 0.05570620 0.04687365
v -0.02302747 0.05570623 0.06886458
v -0.00889964 0.05570614 0.24518787
v -0.02184788 0.05570614 0.23880238
v -0.02472968 0.05570620 0.02684968
v -0.02414719 0.05570620 0.02530206
v 0.02477073 0.05570621 0.02829783
v 0.02439517 0.05570621 0.02668730
v -0.02327389 0.05570620 0.02389783
v -0.02214358 0.05570620 0.02269090
v 0.02371277 0.05570621 0.02518111
v 0.02274955 0.05570621 0.02383691
v -0.02079934 0.05570620 0.02172767
v -0.01929311 0.05570625 0.02104520
v 0.02154255 0.05570621 0.02270652
v 0.02013831 0.05570621 0.02183331
v -0.01768268 0.05570625 0.02066971
v 0.01859064 0.05570621 0.02125081
v 0.01695911 0.05570621 0.02098140
v -0.01602981 0.05570626 0.02061554
v -0.01439824 0.05570626 0.02088504
v 0.01530632 0.05570621 0.02103551
v 0.01369585 0.05570621 0.02141097
v 0.00825916 0.05570621 0.02721555
v 0.01218954 0.05570621 0.02209347
v 0.00884173 0.05570621 0.02566792
v 0.01911884 0.05570620 0.03738673
v -0.00160257 0.05570614 0.24422709
v 0.01055430 0.04436139 0.23124725
v 0.01181896 0.05570620 0.13290262
v 0.01055429 0.05570615 0.23124726
v -0.02472968 0.05570620 0.02684968
v -0.02399077 0.05570623 0.06752052
v 0.00910204 0.05570620 0.03361659
v -0.01602981 0.05570626 0.02061554
v -0.01254800 0.05570614 0.24458548
v -0.00551284 0.05570621 0.11792777
v 0.01530632 0.05570621 0.02103551
v 0.00971511 0.05570621 0.02426367
v 0.01267642 0.04436148 0.03696450
v 0.00962885 0.04436148 0.04047260
v 0.01068669 0.04436149 0.04358940
v 0.01127202 0.04436148 0.03609117
v 0.00866563 0.04436148 0.03912864
v 0.01031113 0.04436148 0.04197909
v 0.01006526 0.04436148 0.03496081
v 0.00745859 0.04436148 0.03799807
v 0.00910204 0.04436147 0.03361658
v 0.00841944 0.04436147 0.03211031
v 0.00804392 0.04436147 0.03049991
v 0.00798991 0.04436147 0.02884728
v 0.00825916 0.04436148 0.02721554
v 0.00884174 0.04436148 0.02566791
v 0.00971511 0.04436150 0.02426367
v 0.01084542 0.04436150 0.02305667
v 0.01218955 0.04436150 0.02209346
v 0.01369577 0.04436150 0.02141097
v 0.01530632 0.04436150 0.02103550
v 0.01695911 0.04436150 0.02098139
v 0.02477074 0.04436150 0.02829782
v -0.02472968 0.04436147 0.02684968
v -0.02414719 0.04436147 0.02530206
v 0.02439517 0.04436150 0.02668737
v 0.02371277 0.04436150 0.02518111
v -0.02327389 0.04436148 0.02389782
v -0.02214358 0.04436148 0.02269090
v 0.02274956 0.04436150 0.02383691
v 0.02154256 0.04436150 0.02270651
v -0.02079934 0.04436147 0.02172766
v -0.01929311 0.04436149 0.02104520
v 0.02013831 0.04436150 0.02183330
v 0.01859064 0.04436150 0.02125081
v -0.01768268 0.04436149 0.02066970
v -0.01602981 0.04436149 0.02061553
v 0.01750841 0.05570620 0.03776221
v -0.01558424 0.05570623 0.07166609
v 0.00743536 0.05570621 0.12431299
v -0.02496661 0.05570620 0.13186810
v 0.00159632 0.05570621 0.11983260
v -0.01886856 0.05570623 0.07145084
v 0.00477117 0.05570614 0.24054720
v -0.02552789 0.05570614 0.23242852
v -0.02400166 0.05570614 0.23579671
v 0.00825916 0.05570621 0.02721555
v -0.02496661 0.04436144 0.13186810
v -0.02496661 0.05570620 0.13186810
v -0.02636747 0.05570614 0.22882723
v 0.01369585 0.05570621 0.02141097
v -0.01914887 0.05570614 0.24133032
v -0.01112334 0.05570623 0.06964487
v -0.01280987 0.05570620 0.11888833
v 0.01530632 0.05570621 0.02103551
v 0.00971511 0.05570621 0.02426367
v 0.02482467 0.05570621 0.02995053
v -0.02399077 0.05570623 0.06752052
v -0.01397389 0.05570623 0.07129076
v -0.02414719 0.05570620 0.02530206
v 0.01068669 0.05570625 0.04358941
v -0.01929311 0.05570625 0.02104520
v 0.01695911 0.05570621 0.02098140
v -0.00186448 0.05570621 0.11852989
v -0.00520374 0.05570614 0.24506691
v 0.01031113 0.05570620 0.04197909
v -0.02041631 0.05570623 0.07086818
v 0.02154255 0.05570621 0.02270652
v 0.00988895 0.05570620 0.04842139
v 0.02309979 0.05570621 0.03453413
v -0.00920865 0.05570621 0.11804873
v 0.00729906 0.05570615 0.23784831
v -0.01723703 0.05570623 0.07172009
v -0.01285061 0.05570626 0.02146754
v 0.00841944 0.05570620 0.03211031
v 0.01585570 0.05570620 0.03781641
v 0.02013831 0.05570621 0.02183331
v 0.02397292 0.05570626 0.03312980
v 0.00145677 0.05570619 0.06214780
v 0.01422402 0.05570620 0.03754707
v -0.02041631 0.05570623 0.07086818
v -0.01602981 0.05570626 0.02061554
v 0.00866563 0.05570620 0.03912864
v 0.00962885 0.05570620 0.04047261
v 0.00958910 0.05570620 0.12731892
v 0.00745859 0.04436148 0.03799807
v 0.00745859 0.05570620 0.03799808
v -0.02327389 0.05570620 0.02389783
v 0.02477073 0.05570621 0.02829783
v 0.00798991 0.05570621 0.02884729
v 0.02013831 0.05570621 0.02183331
v 0.01068669 0.05570625 0.04358941
v 0.00176552 0.05570614 0.24270102
v -0.02171162 0.05570620 0.12526718
v 0.01006510 0.05570620 0.03496082
v 0.01084542 0.05570621 0.02305667
v -0.02214358 0.05570620 0.02269090
v -0.01112334 0.05570623 0.06964487
v -0.01280987 0.05570620 0.11888833
v 0.02371277 0.05570621 0.02518111
v -0.01617799 0.05570620 0.12041436
v 0.02482477 -0.05570625 0.02995040
v 0.03401438 -0.05570628 -0.00229187
v 0.02455551 -0.05570625 0.03158221
v 0.03412930 -0.05570634 0.21241747
v 0.01079797 -0.05570635 0.21229289
v 0.01181903 -0.05570636 0.13290240
v 0.02397295 -0.05570625 0.03312974
v 0.02309981 -0.05570630 0.03453407
v 0.00958917 -0.05570631 0.12731854
v 0.02196930 -0.05570631 0.03574099
v 0.00988906 -0.05570631 0.04842118
v 0.00743539 -0.05570630 0.12431293
v 0.00145671 -0.05570627 0.06214774
v 0.02062513 -0.05570626 0.03670406
v 0.00473658 -0.05570635 0.12178522
v 0.01911887 -0.05570626 0.03738667
v 0.01047147 -0.05570631 0.04687359
v 0.00159635 -0.05570635 0.11983255
v 0.01750844 -0.05570626 0.03776216
v 0.01074081 -0.05570631 0.04524211
v -0.00486366 -0.05570628 0.06612828
v 0.01585573 -0.05570626 0.03781636
v 0.01068672 -0.05570626 0.04358919
v -0.00186446 -0.05570635 0.11852983
v 0.01422408 -0.05570626 0.03754690
v 0.01031115 -0.05570626 0.04197882
v -0.01112331 -0.05570633 0.06964481
v -0.00551282 -0.05570635 0.11792771
v -0.01246744 -0.05570633 0.07060789
v 0.00616512 -0.05570626 0.03694514
v 0.00798993 -0.05570625 0.02884706
v 0.00804398 -0.05570626 0.03049986
v 0.00745861 -0.05570626 0.03799802
v 0.01006513 -0.05570626 0.03496065
v 0.00841951 -0.05570626 0.03211025
v 0.00866549 -0.05570626 0.03912843
v 0.01127209 -0.05570626 0.03609106
v 0.00910199 -0.05570626 0.03361653
v 0.00962879 -0.05570626 0.04047255
v 0.01267644 -0.05570626 0.03696435
v -0.02496658 -0.05570632 0.13186805
v -0.02612569 -0.05570641 0.21209532
v -0.03436452 -0.05570636 0.21205140
v -0.03447949 -0.05570630 -0.00265788
v -0.02499899 -0.05570626 0.02848104
v -0.02399067 -0.05570633 0.06752030
v -0.02366417 -0.05570631 0.12840719
v -0.02171159 -0.05570631 0.12526712
v -0.02302745 -0.05570633 0.06886453
v -0.02182053 -0.05570633 0.06999500
v -0.01918362 -0.05570631 0.12256811
v -0.02041629 -0.05570633 0.07086812
v -0.01617797 -0.05570631 0.12041430
v -0.01397378 -0.05570633 0.07129055
v -0.01886854 -0.05570633 0.07145078
v -0.01558421 -0.05570633 0.07166603
v 0.02322465 -0.05570637 0.24853554
v -0.00160255 -0.05570637 0.24422703
v 0.00176554 -0.05570637 0.24270096
v 0.00729908 -0.05570636 0.23784825
v 0.00925174 -0.05570636 0.23470801
v 0.01055432 -0.05570636 0.23124720
v 0.01219324 -0.05570651 0.31381361
v 0.01229761 -0.05570651 0.31700083
v 0.01177813 -0.05570651 0.32014709
v 0.00477119 -0.05570637 0.24054715
v -0.00181099 -0.05570652 0.33206424
v 0.02219401 -0.05570639 0.29806680
v 0.01065491 -0.05570651 0.32313161
v 0.00679111 -0.05570652 0.32816691
v 0.00897104 -0.05570656 0.32583966
v 0.00419909 -0.05570652 0.33002445
v 0.00129450 -0.05570652 0.33134034
v -0.00499809 -0.05570652 0.33216885
v -0.00814427 -0.05570652 0.33164933
v -0.01836697 -0.05570642 0.32957101
v 0.01263794 -0.05570650 0.31034043
v -0.02636744 -0.05570642 0.22882718
v -0.02552778 -0.05570642 0.23242831
v -0.03087632 -0.05570641 0.31683038
v -0.00520372 -0.05570637 0.24506685
v 0.01784175 -0.05570644 0.30173186
v -0.02400164 -0.05570637 0.23579665
v -0.02184786 -0.05570637 0.23880232
v -0.01914877 -0.05570637 0.24133010
v 0.01452379 -0.05570650 0.30625778
v -0.01600878 -0.05570637 0.24328291
v 0.03412930 -0.04436162 0.21241748
v 0.03401437 -0.04436152 -0.00229170
v 0.02455551 -0.04436154 0.03158222
v 0.02482469 -0.04436154 0.02995048
v 0.01181902 -0.04436159 0.13290241
v 0.01079797 -0.04436162 0.21229290
v 0.02397294 -0.04436154 0.03312975
v 0.00958917 -0.04436158 0.12731855
v 0.02309981 -0.04436154 0.03453407
v 0.00743539 -0.04436158 0.12431294
v 0.00988906 -0.04436154 0.04842118
v 0.02196930 -0.04436154 0.03574099
v 0.00473657 -0.04436159 0.12178522
v 0.00145679 -0.04436155 0.06214775
v 0.00159635 -0.04436159 0.11983255
v 0.02062509 -0.04436153 0.03670423
v -0.00186446 -0.04436159 0.11852984
v -0.00486374 -0.04436154 0.06612860
v 0.01047147 -0.04436154 0.04687360
v -0.00551282 -0.04436159 0.11792771
v -0.01246752 -0.04436156 0.07060806
v 0.01585573 -0.04436153 0.03781636
v 0.01074081 -0.04436154 0.04524212
v 0.01911887 -0.04436153 0.03738668
v -0.00920863 -0.04436158 0.11804868
v -0.01397379 -0.04436156 0.07129056
v 0.01750843 -0.04436153 0.03776216
v -0.01280985 -0.04436158 0.11888828
v -0.01723701 -0.04436156 0.07172004
v -0.01918362 -0.04436159 0.12256812
v -0.02171160 -0.04436158 0.12526713
v -0.02182053 -0.04436156 0.06999500
v -0.01112332 -0.04436155 0.06964482
v -0.02366417 -0.04436159 0.12840720
v -0.02399067 -0.04436156 0.06752031
v -0.03436452 -0.04436164 0.21205140
v -0.02612569 -0.04436164 0.21209533
v -0.02496659 -0.04436159 0.13186805
v -0.03447949 -0.04436153 -0.00265787
v -0.02499899 -0.04436154 0.02848104
v -0.01558422 -0.04436156 0.07166604
v -0.02302745 -0.04436156 0.06886453
v 0.02322464 -0.04436165 0.24853555
v 0.01055431 -0.04436162 0.23124721
v 0.01784175 -0.04436169 0.30173186
v 0.02219401 -0.04436167 0.29806681
v -0.00520372 -0.04436173 0.24506686
v 0.01452379 -0.04436174 0.30625779
v 0.00925174 -0.04436162 0.23470801
v 0.00729908 -0.04436163 0.23784826
v 0.01263793 -0.04436212 0.31034043
v 0.01177813 -0.04436179 0.32014710
v 0.01229761 -0.04436212 0.31700084
v 0.01219324 -0.04436179 0.31381362
v -0.00160255 -0.04436171 0.24422704
v 0.01065491 -0.04436180 0.32313161
v 0.00679111 -0.04436180 0.32816691
v -0.01836697 -0.04436169 0.32957101
v 0.00477119 -0.04436166 0.24054715
v 0.00897103 -0.04436180 0.32583967
v 0.00419909 -0.04436180 0.33002445
v 0.00129450 -0.04436180 0.33134035
v -0.00181103 -0.04436180 0.33206440
v -0.00814427 -0.04436180 0.33164934
v -0.00499809 -0.04436180 0.33216885
v -0.03087632 -0.04436168 0.31683039
v -0.02552778 -0.04436174 0.23242831
v -0.02636744 -0.04436170 0.22882718
v -0.02400164 -0.04436175 0.23579666
v 0.00176554 -0.04436169 0.24270097
v -0.02184786 -0.04436177 0.23880233
v -0.01914885 -0.04436175 0.24133026
v -0.01600878 -0.04436176 0.24328291
v 0.03401437 -0.04436152 -0.00229170
v 0.03412930 -0.04436162 0.21241748
v -0.03447949 -0.04436153 -0.00265787
v 0.02219401 -0.04436167 0.29806681
v 0.03412930 -0.04436162 0.21241748
v -0.03436452 -0.04436164 0.21205140
v 0.01452379 -0.04436174 0.30625779
v 0.01219324 -0.04436179 0.31381362
v 0.01177813 -0.04436179 0.32014710
v 0.01177813 -0.04436179 0.32014710
v 0.01065491 -0.04436180 0.32313161
v 0.00679111 -0.04436180 0.32816691
v 0.00419909 -0.04436180 0.33002445
v 0.00129450 -0.04436180 0.33134035
v -0.00181103 -0.04436180 0.33206440
v -0.00499809 -0.04436180 0.33216885
v -0.00814427 -0.04436180 0.33164934
v -0.03087632 -0.04436168 0.31683039
v -0.01836697 -0.04436169 0.32957101
v -0.01836697 -0.04436169 0.32957101
v 0.01219324 -0.04436179 0.31381362
v 0.02219401 -0.04436167 0.29806681
v 0.01784175 -0.04436169 0.30173186
v -0.01914885 -0.04436175 0.24133026
v -0.02214352 -0.04436153 0.02269077
v 0.01055432 -0.05570636 0.23124720
v 0.00743539 -0.05570630 0.12431293
v -0.00889962 -0.04436175 0.24518782
v 0.00804398 -0.05570626 0.03049986
v 0.02455551 -0.05570625 0.03158221
v 0.01006513 -0.05570626 0.03496065
v 0.01267644 -0.04436153 0.03696446
v 0.02274958 -0.04436154 0.02383686
v 0.02196930 -0.05570631 0.03574099
v 0.01047147 -0.05570631 0.04687359
v -0.02171160 -0.04436158 0.12526713
v -0.01768262 -0.04436155 0.02066958
v 0.01750844 -0.05570626 0.03776216
v 0.02439519 -0.05570625 0.02668724
v 0.00988906 -0.05570631 0.04842118
v -0.02302745 -0.04436156 0.06886453
v -0.00520372 -0.04436173 0.24506686
v -0.02184786 -0.05570637 0.23880232
v 0.02477076 -0.05570625 0.02829777
v 0.02439519 -0.05570625 0.02668724
v -0.02472973 -0.05570626 0.02684963
v -0.02414716 -0.05570626 0.02530201
v 0.02371279 -0.05570625 0.02518105
v 0.02274958 -0.05570625 0.02383686
v -0.02327383 -0.05570626 0.02389767
v -0.02214348 -0.05570626 0.02269077
v 0.02154265 -0.05570625 0.02270646
v 0.02013833 -0.05570625 0.02183318
v -0.02079927 -0.05570626 0.02172761
v -0.01929309 -0.05570631 0.02104507
v 0.01859070 -0.05570625 0.02125061
v -0.01768262 -0.05570631 0.02066957
v -0.01602971 -0.05570631 0.02061540
v 0.01695913 -0.05570625 0.02098127
v 0.01530634 -0.05570625 0.02103545
v -0.01439822 -0.05570631 0.02088481
v 0.01369583 -0.05570625 0.02141091
v 0.00825923 -0.05570625 0.02721542
v 0.00884176 -0.05570625 0.02566786
v 0.01218960 -0.05570625 0.02209341
v 0.02062513 -0.05570626 0.03670406
v 0.00176554 -0.04436169 0.24270097
v 0.01055431 -0.04436162 0.23124721
v 0.01181902 -0.04436159 0.13290241
v 0.01181903 -0.05570636 0.13290240
v -0.02472966 -0.04436154 0.02684963
v -0.02499899 -0.04436154 0.02848104
v 0.00910198 -0.04436153 0.03361654
v -0.01602971 -0.05570631 0.02061540
v -0.01254797 -0.05570637 0.24458543
v -0.00551282 -0.05570635 0.11792771
v 0.01369583 -0.05570625 0.02141091
v 0.00971513 -0.05570625 0.02426362
v 0.02477075 -0.04436154 0.02829777
v -0.02472966 -0.04436154 0.02684963
v -0.02414717 -0.04436154 0.02530201
v 0.02439519 -0.04436154 0.02668725
v 0.02371279 -0.04436154 0.02518106
v -0.02327383 -0.04436154 0.02389768
v -0.02214352 -0.04436153 0.02269077
v 0.02274958 -0.04436154 0.02383686
v 0.02154261 -0.04436154 0.02270647
v -0.02079928 -0.04436153 0.02172762
v -0.01929309 -0.04436155 0.02104507
v 0.02013833 -0.04436154 0.02183319
v 0.01859070 -0.04436154 0.02125076
v -0.01285059 -0.04436155 0.02146740
v -0.01768262 -0.04436155 0.02066958
v 0.01695913 -0.04436154 0.02098128
v 0.01530634 -0.04436154 0.02103545
v -0.01602975 -0.04436155 0.02061549
v -0.01439822 -0.04436155 0.02088482
v 0.01369583 -0.04436154 0.02141092
v 0.01218960 -0.04436154 0.02209342
v 0.01084544 -0.04436153 0.02305662
v 0.00971513 -0.04436154 0.02426362
v 0.00884175 -0.04436152 0.02566786
v 0.00825918 -0.04436152 0.02721549
v 0.00798993 -0.04436152 0.02884706
v 0.00804398 -0.04436153 0.03049987
v 0.00745861 -0.04436154 0.03799803
v 0.00841950 -0.04436153 0.03211026
v 0.00910198 -0.04436153 0.03361654
v 0.01006513 -0.04436153 0.03496066
v 0.01127208 -0.04436153 0.03609107
v 0.00866557 -0.04436154 0.03912854
v 0.01267644 -0.04436153 0.03696446
v 0.01068663 -0.04436155 0.04358936
v 0.01911887 -0.04436153 0.03738668
v -0.01558421 -0.05570633 0.07166603
v 0.00473658 -0.05570635 0.12178522
v -0.02496659 -0.04436159 0.13186805
v 0.00159635 -0.05570635 0.11983255
v -0.01886854 -0.05570633 0.07145078
v 0.00729908 -0.04436163 0.23784826
v -0.02552778 -0.05570642 0.23242831
v -0.02400164 -0.05570637 0.23579665
v 0.00825918 -0.04436152 0.02721549
v -0.02496659 -0.04436159 0.13186805
v -0.02636744 -0.04436170 0.22882718
v -0.02636744 -0.05570642 0.22882718
v 0.01218960 -0.05570625 0.02209341
v -0.01600878 -0.04436176 0.24328291
v -0.01112332 -0.04436155 0.06964482
v -0.01617797 -0.04436158 0.12041431
v 0.01530634 -0.05570625 0.02103545
v 0.00884175 -0.04436152 0.02566786
v 0.02482477 -0.05570625 0.02995040
v -0.02399067 -0.05570633 0.06752030
v -0.01397379 -0.04436156 0.07129056
v -0.02414717 -0.04436154 0.02530201
v 0.01074081 -0.04436154 0.04524212
v -0.01929309 -0.05570631 0.02104507
v 0.01695913 -0.04436154 0.02098128
v -0.00186446 -0.05570635 0.11852983
v -0.00160255 -0.04436171 0.24422704
v 0.01031115 -0.05570626 0.04197882
v -0.02182053 -0.05570633 0.06999500
v 0.02154261 -0.04436154 0.02270647
v 0.00145671 -0.05570627 0.06214774
v 0.02309981 -0.05570630 0.03453407
v -0.00920863 -0.04436158 0.11804868
v 0.00925174 -0.05570636 0.23470801
v -0.01723700 -0.05570633 0.07172003
v -0.01285059 -0.05570631 0.02146739
v 0.00841951 -0.05570626 0.03211025
v 0.01585573 -0.05570626 0.03781636
v 0.01859070 -0.05570625 0.02125061
v 0.02397294 -0.04436154 0.03312975
v -0.00486374 -0.04436154 0.06612860
v 0.01422408 -0.04436153 0.03754691
v -0.02041629 -0.05570633 0.07086812
v -0.01439822 -0.05570631 0.02088481
v 0.00866557 -0.04436154 0.03912854
v 0.00962879 -0.04436154 0.04047256
v 0.00958917 -0.04436158 0.12731855
v -0.01285059 -0.05570631 0.02146739
v 0.00745861 -0.05570626 0.03799802
v -0.02327383 -0.05570626 0.02389767
v 0.02477076 -0.05570625 0.02829777
v 0.00798993 -0.04436152 0.02884706
v 0.02013833 -0.04436154 0.02183319
v 0.01068663 -0.04436155 0.04358936
v 0.00477119 -0.04436166 0.24054715
v -0.02366417 -0.05570631 0.12840719
v 0.01127209 -0.05570626 0.03609106
v 0.01084544 -0.04436153 0.02305662
v -0.02079928 -0.04436153 0.02172762
v -0.01246752 -0.04436156 0.07060806
v -0.01280985 -0.04436158 0.11888828
v 0.02371279 -0.05570625 0.02518105
v -0.01918362 -0.05570631 0.12256811
vn -0.00000113 1.00000000 -0.00000022
vn 0.00000197 1.00000000 -0.00000052
vn 0.00000023 1.00000000 -0.00000038
vn -0.00000021 1.00000000 0.00000052
vn -0.00000161 1.00000000 0.00000024
vn -0.00000049 1.00000000 0.00000007
vn 0.00000012 -1.00000000 -0.00000046
vn -0.00000194 -1.00000000 -0.00000036
vn 0.00000009 -1.00000000 -0.00000043
vn 0.00000504 -1.00000000 0.00000055
vn 0.00000124 -1.00000000 -0.00000195
vn -0.00000096 -1.00000000 -0.00000144
vn 0.00534598 0.00000052 -0.99998571
vn 0.00534598 0.00000052 -0.99998571
vn 0.00534598 0.00000052 -0.99998571
vn 0.99999986 0.00000021 -0.00053567
vn 0.99999986 0.00000021 -0.00053567
vn 0.99999986 0.00000021 -0.00053567
vn -0.99999986 -0.00000021 0.00053564
vn -0.99999986 -0.00000021 0.00053564
vn -0.99999986 -0.00000021 0.00053564
vn 0.99978359 0.00000020 0.02080323
vn 0.99978359 0.00000020 0.02080323
vn 0.99978359 0.00000020 0.02080323
vn 0.95731973 0.00000005 0.28903103
vn 0.95731973 0.00000005 0.28903103
vn 0.95731973 0.00000005 0.28903103
vn -0.99998572 -0.00000021 -0.00534326
vn -0.99998572 -0.00000021 -0.00534326
vn -0.99998572 -0.00000021 -0.00534326
vn 0.90782791 -0.00000003 0.41934291
vn 0.90782791 -0.00000003 0.41934291
vn 0.90782791 -0.00000003 0.41934291
vn 0.99946373 0.00000023 -0.03274525
vn 0.99946373 0.00000023 -0.03274525
vn 0.99946373 0.00000023 -0.03274525
vn 0.98664185 0.00000012 0.16290442
vn 0.98664185 0.00000012 0.16290442
vn 0.98664185 0.00000012 0.16290442
vn 0.93591342 0.00000001 0.35223015
vn 0.93591342 0.00000001 0.35223015
vn 0.93591342 0.00000001 0.35223015
vn 0.84921641 -0.00000010 0.52804497
vn 0.84921641 -0.00000010 0.52804497
vn 0.84921641 -0.00000010 0.52804497
vn 0.72982880 -0.00000020 0.68362996
vn 0.72982880 -0.00000020 0.68362996
vn 0.72982880 -0.00000020 0.68362996
vn 0.58250406 -0.00000030 0.81282779
vn 0.58250406 -0.00000030 0.81282779
vn 0.58250406 -0.00000030 0.81282779
vn 0.41266615 -0.00000039 0.91088235
vn 0.41266615 -0.00000039 0.91088235
vn 0.41266615 -0.00000039 0.91088235
vn 0.22706042 -0.00000046 0.97388067
vn 0.22706042 -0.00000046 0.97388067
vn 0.22706042 -0.00000046 0.97388067
vn 0.03280439 -0.00000051 0.99946179
vn 0.03280439 -0.00000051 0.99946179
vn 0.03280439 -0.00000051 0.99946179
vn -0.16297028 -0.00000055 0.98663098
vn -0.16297028 -0.00000055 0.98663098
vn -0.16297028 -0.00000055 0.98663098
vn -0.94870424 -0.00000036 0.31616493
vn -0.94870424 -0.00000036 0.31616493
vn -0.94870424 -0.00000036 0.31616493
vn -0.71355347 -0.00000051 0.70060078
vn -0.71355347 -0.00000051 0.70060078
vn -0.71355347 -0.00000051 0.70060078
vn -0.19922933 -0.00000055 0.97995289
vn -0.19922933 -0.00000055 0.97995289
vn -0.19922933 -0.00000055 0.97995289
vn 0.99190269 0.00000014 0.12700023
vn 0.99190269 0.00000014 0.12700023
vn 0.99190269 0.00000014 0.12700023
vn 0.64413463 -0.00000026 0.76491214
vn 0.64413463 -0.00000026 0.76491214
vn 0.64413463 -0.00000026 0.76491214
vn 0.80649418 -0.00000014 0.59124202
vn 0.80649418 -0.00000014 0.59124202
vn 0.80649418 -0.00000014 0.59124202
vn 0.68359796 0.00000052 -0.72985878
vn 0.68359796 0.00000052 -0.72985878
vn 0.68359796 0.00000052 -0.72985878
vn -0.72989269 0.00000020 -0.68356175
vn -0.72989269 0.00000020 -0.68356175
vn -0.72989269 0.00000020 -0.68356175
vn -0.93590582 0.00000165 -0.35225033
vn -0.93591119 0.00000662 -0.35223606
vn -0.93590402 -0.00000001 -0.35225511
vn -0.81288242 -0.00000047 0.58242783
vn -0.81288242 -0.00000047 0.58242783
vn -0.81288242 -0.00000047 0.58242783
vn 0.16290686 0.00000055 -0.98664145
vn 0.16290686 0.00000055 -0.98664145
vn 0.16290686 0.00000055 -0.98664145
vn 0.99946631 0.00000023 -0.03266627
vn 0.99946631 0.00000023 -0.03266627
vn 0.99946631 0.00000023 -0.03266627
vn -0.93589761 -0.00000001 -0.35227215
vn -0.93589761 -0.00000001 -0.35227215
vn -0.93589761 -0.00000001 -0.35227215
vn 0.81289860 0.00001062 -0.58240525
vn 0.81286216 0.00000150 -0.58245610
vn 0.81285805 0.00000047 -0.58246184
vn 0.52807958 0.00000055 -0.84919489
vn 0.52807958 0.00000055 -0.84919489
vn 0.52807958 0.00000055 -0.84919489
vn -0.81285383 -0.00000047 0.58246773
vn -0.81285383 -0.00000047 0.58246773
vn -0.81285383 -0.00000047 0.58246773
vn -0.58241286 0.00000030 -0.81289314
vn -0.58241286 0.00000030 -0.81289314
vn -0.58241286 0.00000030 -0.81289314
vn 0.98663760 0.00000012 0.16293017
vn 0.98663760 0.00000012 0.16293017
vn 0.98663760 0.00000012 0.16293017
vn 0.72983928 -0.00000020 0.68361877
vn 0.72983928 -0.00000020 0.68361877
vn 0.72983928 -0.00000020 0.68361877
vn -0.22707438 0.00000046 -0.97387742
vn -0.22707438 0.00000046 -0.97387742
vn -0.22707438 0.00000046 -0.97387742
vn -0.03278004 0.00000008 -0.99946259
vn -0.03280622 -0.00000373 -0.99946173
vn -0.03280917 -0.00000417 -0.99946163
vn -0.97387127 0.00000116 0.22710074
vn -0.97386920 -0.00000017 0.22710961
vn -0.97386897 -0.00000032 0.22711062
vn 0.93591305 0.00000001 0.35223111
vn 0.93591305 0.00000001 0.35223111
vn 0.93591305 0.00000001 0.35223111
vn -0.68361326 -0.00000052 0.72984444
vn -0.68361326 -0.00000052 0.72984444
vn -0.68361326 -0.00000052 0.72984444
vn -0.03271103 0.00000051 -0.99946485
vn -0.03271103 0.00000051 -0.99946485
vn -0.03271103 0.00000051 -0.99946485
vn 0.81285313 0.00000047 -0.58246870
vn 0.81285313 0.00000047 -0.58246870
vn 0.81285313 0.00000047 -0.58246870
vn 0.00000085 1.00000000 0.00000059
vn 0.00000179 1.00000000 0.00000217
vn 0.00000172 1.00000000 0.00000298
vn -0.41270770 0.00000039 -0.91086352
vn -0.41270770 0.00000039 -0.91086352
vn -0.41270770 0.00000039 -0.91086352
vn -0.41270897 0.00000039 -0.91086295
vn -0.41270897 0.00000039 -0.91086295
vn -0.41270897 0.00000039 -0.91086295
vn -0.99991735 -0.00000020 -0.01285663
vn -0.99991731 -0.00000020 -0.01285962
vn -0.99991735 -0.00000020 -0.01285663
vn -0.98664737 -0.00000012 -0.16287102
vn -0.98664737 -0.00000012 -0.16287102
vn -0.98664737 -0.00000012 -0.16287102
vn -0.99966667 -0.00000022 0.02581774
vn -0.99966667 -0.00000022 0.02581774
vn -0.99966667 -0.00000022 0.02581774
vn 0.91083791 0.00000041 -0.41276421
vn 0.91083791 0.00000041 -0.41276421
vn 0.91083791 0.00000041 -0.41276421
vn -0.03275535 0.00000051 -0.99946340
vn -0.03275535 0.00000051 -0.99946340
vn -0.03275535 0.00000051 -0.99946340
vn 0.35224146 0.00000056 -0.93590916
vn 0.35224146 0.00000056 -0.93590916
vn 0.35224146 0.00000056 -0.93590916
vn -0.16283606 -0.00000055 0.98665314
vn -0.16283606 -0.00000055 0.98665314
vn -0.16283606 -0.00000055 0.98665314
vn 0.22704178 -0.00000191 0.97388502
vn 0.22705052 -0.00000061 0.97388298
vn 0.22704080 -0.00000206 0.97388525
vn 0.72991504 -0.00000020 0.68353789
vn 0.72991504 -0.00000020 0.68353789
vn 0.72991504 -0.00000020 0.68353789
vn 0.00000011 -1.00000000 -0.00000022
vn 0.00000022 -1.00000000 -0.00000057
vn 0.00000005 -1.00000000 -0.00000052
vn -0.22706868 0.00000046 -0.97387875
vn -0.22706868 0.00000046 -0.97387875
vn -0.22706868 0.00000046 -0.97387875
vn 0.22699177 -0.00000046 0.97389668
vn 0.22699177 -0.00000046 0.97389668
vn 0.22699177 -0.00000046 0.97389668
vn -0.68359288 -0.00000052 0.72986353
vn -0.68359288 -0.00000052 0.72986353
vn -0.68359288 -0.00000052 0.72986353
vn 0.93591977 0.00000001 0.35221327
vn 0.93591977 0.00000001 0.35221327
vn 0.93591977 0.00000001 0.35221327
vn -0.52805856 -0.00000055 0.84920796
vn -0.52805856 -0.00000055 0.84920796
vn -0.52805856 -0.00000055 0.84920796
vn -0.16282566 -0.00000055 0.98665486
vn -0.16282566 -0.00000055 0.98665486
vn -0.16282566 -0.00000055 0.98665486
vn -0.72984992 0.00000020 -0.68360741
vn -0.72984992 0.00000020 -0.68360741
vn -0.72984992 0.00000020 -0.68360741
vn 0.97388433 0.00000032 -0.22704475
vn 0.97388433 0.00000032 -0.22704475
vn 0.97388433 0.00000032 -0.22704475
vn 0.91085167 0.00000041 -0.41273386
vn 0.91085167 0.00000041 -0.41273386
vn 0.91085167 0.00000041 -0.41273386
vn 0.93588920 0.00000001 0.35229450
vn 0.93588920 0.00000001 0.35229450
vn 0.93588920 0.00000001 0.35229450
vn 0.99989564 0.00000020 0.01444669
vn 0.99989563 0.00000020 0.01444712
vn 0.99989564 0.00000020 0.01444669
vn 0.41272292 -0.00000065 0.91085662
vn 0.41270823 -0.00000300 0.91086328
vn 0.41272458 -0.00000039 0.91085587
vn 0.52807358 0.00000055 -0.84919862
vn 0.52807358 0.00000055 -0.84919862
vn 0.52807358 0.00000055 -0.84919862
vn 0.48975407 -0.00000035 0.87186063
vn 0.48975407 -0.00000035 0.87186063
vn 0.48975407 -0.00000035 0.87186063
vn 0.41269604 -0.00000039 0.91086881
vn 0.41269604 -0.00000039 0.91086881
vn 0.41269604 -0.00000039 0.91086881
vn 0.03272115 -0.00000051 0.99946452
vn 0.03272115 -0.00000051 0.99946452
vn 0.03272115 -0.00000051 0.99946452
vn 0.84915894 -0.00000010 0.52813739
vn 0.84915894 -0.00000010 0.52813739
vn 0.84915894 -0.00000010 0.52813739
vn -0.98665725 -0.00000012 -0.16281112
vn -0.98665725 -0.00000012 -0.16281112
vn -0.98665725 -0.00000012 -0.16281112
vn -0.81280197 -0.00000047 0.58254009
vn -0.81280197 -0.00000047 0.58254009
vn -0.81280197 -0.00000047 0.58254009
vn 0.41277284 -0.00000039 0.91083400
vn 0.41277284 -0.00000039 0.91083400
vn 0.41277284 -0.00000039 0.91083400
vn -0.93590423 -0.00000001 -0.35225456
vn -0.93590423 -0.00000001 -0.35225456
vn -0.93590423 -0.00000001 -0.35225456
vn 0.99946332 0.00000023 -0.03275790
vn 0.99946332 0.00000023 -0.03275790
vn 0.99946332 0.00000023 -0.03275790
vn -0.41270822 0.00000039 -0.91086328
vn -0.41270822 0.00000039 -0.91086328
vn -0.41270822 0.00000039 -0.91086328
vn -0.16292573 -0.00000055 0.98663834
vn -0.16292573 -0.00000055 0.98663834
vn -0.16292573 -0.00000055 0.98663834
vn -0.35228849 -0.00000056 0.93589146
vn -0.35228849 -0.00000056 0.93589146
vn -0.35228849 -0.00000056 0.93589146
vn -0.22711382 0.00000046 -0.97386822
vn -0.22711382 0.00000046 -0.97386822
vn -0.22711382 0.00000046 -0.97386822
vn 0.91093154 0.00000041 -0.41255755
vn 0.91093154 0.00000041 -0.41255755
vn 0.91093154 0.00000041 -0.41255755
vn -0.52802914 -0.00000055 0.84922625
vn -0.52802914 -0.00000055 0.84922625
vn -0.52802914 -0.00000055 0.84922625
vn -0.68356525 -0.00000052 0.72988941
vn -0.68356525 -0.00000052 0.72988941
vn -0.68356525 -0.00000052 0.72988941
vn 0.85206913 -0.00000009 0.52342927
vn 0.85206913 -0.00000009 0.52342927
vn 0.85206913 -0.00000009 0.52342927
vn -0.72986363 0.00000020 -0.68359278
vn -0.72986363 0.00000020 -0.68359278
vn -0.72986363 0.00000020 -0.68359278
vn 0.03271190 -0.00000051 0.99946482
vn 0.03271190 -0.00000051 0.99946482
vn 0.03271190 -0.00000051 0.99946482
vn -0.84920865 0.00000700 -0.52805745
vn -0.84920027 0.00000183 -0.52807092
vn -0.84921146 0.00000873 -0.52805294
vn 0.03265205 -0.00000051 0.99946678
vn 0.03265205 -0.00000051 0.99946678
vn 0.03265205 -0.00000051 0.99946678
vn 0.35225236 0.00000056 -0.93590506
vn 0.35225236 0.00000056 -0.93590506
vn 0.35225236 0.00000056 -0.93590506
vn 0.97387287 0.00000032 -0.22709389
vn 0.97387287 0.00000032 -0.22709389
vn 0.97387287 0.00000032 -0.22709389
vn 0.16287285 -0.00000429 -0.98664707
vn 0.16290228 0.00000006 -0.98664221
vn 0.16290560 0.00000055 -0.98664166
vn -0.35224406 -0.00000056 0.93590818
vn -0.35224406 -0.00000056 0.93590818
vn -0.35224406 -0.00000056 0.93590818
vn -0.84923783 0.00000010 -0.52801052
vn -0.84923783 0.00000010 -0.52801052
vn -0.84923783 0.00000010 -0.52801052
vn 0.53293428 -0.00000033 0.84615664
vn 0.53293428 -0.00000033 0.84615664
vn 0.53293428 -0.00000033 0.84615664
vn 0.35229375 0.00000056 -0.93588948
vn 0.35229375 0.00000056 -0.93588948
vn 0.35229375 0.00000056 -0.93588948
vn -0.35231838 -0.00000056 0.93588020
vn -0.35231838 -0.00000056 0.93588020
vn -0.35231838 -0.00000056 0.93588020
vn 0.16297460 0.00000055 -0.98663026
vn 0.16297460 0.00000055 -0.98663026
vn 0.16297460 0.00000055 -0.98663026
vn 0.68360749 0.00000052 -0.72984985
vn 0.68360749 0.00000052 -0.72984985
vn 0.68360749 0.00000052 -0.72984985
vn 0.81280375 0.00000047 -0.58253761
vn 0.81280375 0.00000047 -0.58253761
vn 0.81280375 0.00000047 -0.58253761
vn -0.92868441 -0.00000039 0.37087095
vn -0.92868441 -0.00000039 0.37087095
vn -0.92868441 -0.00000039 0.37087095
vn 0.63126562 0.00000054 -0.77556671
vn 0.63127480 -0.00000085 -0.77555923
vn 0.63126596 -0.00000040 -0.77556643
vn -0.84917890 0.00000010 -0.52810528
vn -0.84917890 0.00000010 -0.52810528
vn -0.84917890 0.00000010 -0.52810528
vn -0.99946789 -0.00000023 0.03261790
vn -0.99946789 -0.00000023 0.03261790
vn -0.99946789 -0.00000023 0.03261790
vn 0.98665747 0.00000012 0.16280982
vn 0.98665747 0.00000012 0.16280982
vn 0.98665747 0.00000012 0.16280982
vn -0.52806696 -0.00000055 0.84920273
vn -0.52806696 -0.00000055 0.84920273
vn -0.52806696 -0.00000055 0.84920273
vn 0.97386501 0.00000032 -0.22712759
vn 0.97386501 0.00000032 -0.22712759
vn 0.97386501 0.00000032 -0.22712759
vn -0.58247748 0.00000030 -0.81284684
vn -0.58247748 0.00000030 -0.81284684
vn -0.58247748 0.00000030 -0.81284684
vn 0.84920821 -0.00000010 0.52805816
vn 0.84920821 -0.00000010 0.52805816
vn 0.84920821 -0.00000010 0.52805816
vn 0.68362002 0.00000139 -0.72983811
vn 0.68358169 0.00000904 -0.72987401
vn 0.68362435 0.00000052 -0.72983406
vn 0.58248456 -0.00000030 0.81284176
vn 0.58248456 -0.00000030 0.81284176
vn 0.58248456 -0.00000030 0.81284176
vn -0.58246381 0.00000030 -0.81285664
vn -0.58246381 0.00000030 -0.81285664
vn -0.58246381 0.00000030 -0.81285664
vn 0.58247601 -0.00000030 0.81284790
vn 0.58247601 -0.00000030 0.81284790
vn 0.58247601 -0.00000030 0.81284790
vn 0.22705504 -0.00000046 0.97388193
vn 0.22705504 -0.00000046 0.97388193
vn 0.22705504 -0.00000046 0.97388193
vn -0.91087417 -0.00000014 0.41268419
vn -0.91088093 0.00000225 0.41266927
vn -0.91088170 0.00000252 0.41266758
vn 0.58249910 -0.00000030 0.81283134
vn 0.58249910 -0.00000030 0.81283134
vn 0.58249910 -0.00000030 0.81283134
vn -0.00000624 -1.00000000 0.00000120
vn 0.00000056 -1.00000000 0.00000049
vn 0.00000013 -1.00000000 0.00000055
vn -0.00000121 -1.00000000 -0.00000079
vn 0.00000021 -1.00000000 -0.00000052
vn -0.00000005 -1.00000000 -0.00000093
vn -0.00000016 1.00000000 0.00000046
vn -0.00000023 1.00000000 0.00000049
vn -0.00000073 1.00000000 0.00000048
vn -0.00000062 1.00000000 -0.00000178
vn 0.00000449 1.00000000 0.00000140
vn -0.00000391 1.00000000 -0.00000114
vn 0.00534393 0.00000196 -0.99998572
vn 0.00534574 0.00001288 -0.99998571
vn 0.00534369 0.00000052 -0.99998572
vn 0.99999986 0.00000029 -0.00053527
vn 0.99999986 0.00000021 -0.00053527
vn 0.99999986 0.00000029 -0.00053527
vn -0.99999986 -0.00000021 0.00053548
vn -0.99999986 -0.00000021 0.00053548
vn -0.99999986 -0.00000021 0.00053548
vn 0.99978359 0.00000020 0.02080323
vn 0.99978359 0.00000020 0.02080323
vn 0.99978359 0.00000020 0.02080323
vn 0.95731973 0.00000005 0.28903103
vn 0.95731973 0.00000005 0.28903103
vn 0.95731973 0.00000005 0.28903103
vn -0.99998572 -0.00000021 -0.00534326
vn -0.99998572 -0.00000021 -0.00534326
vn -0.99998572 -0.00000021 -0.00534326
vn 0.90782791 -0.00000003 0.41934291
vn 0.90782791 -0.00000003 0.41934291
vn 0.90782791 -0.00000003 0.41934291
vn 0.99946428 0.00000023 -0.03272860
vn 0.99946428 0.00000023 -0.03272860
vn 0.99946428 0.00000023 -0.03272860
vn 0.98664185 0.00000012 0.16290442
vn 0.98664185 0.00000012 0.16290442
vn 0.98664185 0.00000012 0.16290442
vn 0.93591342 0.00000001 0.35223015
vn 0.93591342 0.00000001 0.35223015
vn 0.93591342 0.00000001 0.35223015
vn 0.84921641 -0.00000010 0.52804497
vn 0.84921641 -0.00000010 0.52804497
vn 0.84921641 -0.00000010 0.52804497
vn 0.72982880 -0.00000020 0.68362996
vn 0.72982880 -0.00000020 0.68362996
vn 0.72982880 -0.00000020 0.68362996
vn 0.58250406 -0.00000030 0.81282779
vn 0.58250406 -0.00000030 0.81282779
vn 0.58250406 -0.00000030 0.81282779
vn 0.41266615 -0.00000039 0.91088235
vn 0.41266615 -0.00000039 0.91088235
vn 0.41266615 -0.00000039 0.91088235
vn 0.22705267 -0.00001105 0.97388248
vn 0.22702373 -0.00000270 0.97388923
vn 0.22701598 -0.00000046 0.97389103
vn 0.03276364 -0.00000293 0.99946313
vn 0.03279577 -0.00001197 0.99946207
vn 0.03280438 -0.00001439 0.99946179
vn -0.16291974 -0.00000055 0.98663933
vn -0.16291974 -0.00000055 0.98663933
vn -0.16291974 -0.00000055 0.98663933
vn -0.94870424 -0.00000036 0.31616493
vn -0.94870424 -0.00000036 0.31616493
vn -0.94870424 -0.00000036 0.31616493
vn -0.71355347 -0.00000051 0.70060078
vn -0.71355347 -0.00000051 0.70060078
vn -0.71355347 -0.00000051 0.70060078
vn -0.19922933 -0.00000055 0.97995289
vn -0.19922933 -0.00000055 0.97995289
vn -0.19922933 -0.00000055 0.97995289
vn 0.99190276 0.00000014 0.12699967
vn 0.99190276 0.00000014 0.12699967
vn 0.99190276 0.00000014 0.12699967
vn 0.64413463 -0.00000026 0.76491214
vn 0.64413463 -0.00000026 0.76491214
vn 0.64413463 -0.00000026 0.76491214
vn 0.80649418 -0.00000014 0.59124202
vn 0.80649418 -0.00000014 0.59124202
vn 0.80649418 -0.00000014 0.59124202
vn 0.68359123 0.00001250 -0.72986508
vn 0.68357115 0.00000353 -0.72988389
vn 0.68356442 0.00000052 -0.72989019
vn -0.72988731 -0.00000228 -0.68356749
vn -0.72987686 -0.00000005 -0.68357865
vn -0.72987568 0.00000020 -0.68357991
vn -0.93590402 -0.00000001 -0.35225511
vn -0.93590402 -0.00000001 -0.35225511
vn -0.93590402 -0.00000001 -0.35225511
vn -0.81284777 -0.00000047 0.58247618
vn -0.81284777 -0.00000047 0.58247618
vn -0.81284777 -0.00000047 0.58247618
vn 0.16290686 0.00000055 -0.98664145
vn 0.16290686 0.00000055 -0.98664145
vn 0.16290686 0.00000055 -0.98664145
vn 0.99946562 0.00000023 -0.03268742
vn 0.99946562 0.00000023 -0.03268742
vn 0.99946562 0.00000023 -0.03268742
vn -0.93588221 -0.00000001 -0.35231306
vn -0.93588221 -0.00000001 -0.35231306
vn -0.93588221 -0.00000001 -0.35231306
vn 0.81285880 0.00000047 -0.58246079
vn 0.81285880 0.00000047 -0.58246079
vn 0.81285880 0.00000047 -0.58246079
vn 0.52810814 0.00000767 -0.84917712
vn 0.52807088 0.00000128 -0.84920030
vn 0.52806667 0.00000055 -0.84920291
vn -0.81285383 -0.00000047 0.58246773
vn -0.81285383 -0.00000047 0.58246773
vn -0.81285383 -0.00000047 0.58246773
vn -0.58247134 0.00000886 -0.81285124
vn -0.58242846 0.00000117 -0.81288197
vn -0.58247619 0.00000973 -0.81284777
vn 0.98664522 0.00000012 0.16288403
vn 0.98664522 0.00000012 0.16288403
vn 0.98664522 0.00000012 0.16288403
vn 0.72985354 -0.00000020 0.68360355
vn 0.72985354 -0.00000020 0.68360355
vn 0.72985354 -0.00000020 0.68360355
vn -0.22706945 0.00000046 -0.97387857
vn -0.22706945 0.00000046 -0.97387857
vn -0.22706945 0.00000046 -0.97387857
vn -0.03277709 0.00000051 -0.99946269
vn -0.03277709 0.00000051 -0.99946269
vn -0.03277709 0.00000051 -0.99946269
vn -0.97387151 -0.00000032 0.22709973
vn -0.97387151 -0.00000032 0.22709973
vn -0.97387151 -0.00000032 0.22709973
vn 0.93591829 0.00000001 0.35221720
vn 0.93591829 0.00000001 0.35221720
vn 0.93591829 0.00000001 0.35221720
vn -0.68361326 -0.00000052 0.72984444
vn -0.68361326 -0.00000052 0.72984444
vn -0.68361326 -0.00000052 0.72984444
vn -0.03271103 0.00000051 -0.99946485
vn -0.03271103 0.00000051 -0.99946485
vn -0.03271103 0.00000051 -0.99946485
vn 0.81285313 0.00000047 -0.58246870
vn 0.81285313 0.00000047 -0.58246870
vn 0.81285313 0.00000047 -0.58246870
vn 0.00000214 -1.00000000 0.00000194
vn 0.00000221 -1.00000000 0.00000113
vn 0.00000089 -1.00000000 0.00000017
vn -0.41270510 0.00000144 -0.91086470
vn -0.41276306 0.00001071 -0.91083844
vn -0.41269856 0.00000039 -0.91086766
vn -0.41270897 0.00000039 -0.91086295
vn -0.41270897 0.00000039 -0.91086295
vn -0.41270897 0.00000039 -0.91086295
vn -0.99991735 -0.00000020 -0.01285689
vn -0.99991735 -0.00000020 -0.01285689
vn -0.99991739 -0.00000020 -0.01285364
vn -0.98664544 0.00000597 -0.16288273
vn -0.98665155 0.00000050 -0.16284569
vn -0.98665224 -0.00000012 -0.16284151
vn -0.99966662 -0.00000022 0.02581970
vn -0.99966662 -0.00000022 0.02581970
vn -0.99966662 -0.00000022 0.02581970
vn 0.91086512 0.00000041 -0.41270418
vn 0.91086512 0.00000041 -0.41270418
vn 0.91086512 0.00000041 -0.41270418
vn -0.03271192 0.00000119 -0.99946482
vn -0.03275279 0.00000715 -0.99946348
vn -0.03270730 0.00000051 -0.99946497
vn 0.35224146 0.00000056 -0.93590916
vn 0.35224146 0.00000056 -0.93590916
vn 0.35224146 0.00000056 -0.93590916
vn -0.16283606 -0.00000055 0.98665314
vn -0.16283606 -0.00000055 0.98665314
vn -0.16283606 -0.00000055 0.98665314
vn 0.22704641 -0.00000046 0.97388394
vn 0.22704641 -0.00000046 0.97388394
vn 0.22704641 -0.00000046 0.97388394
vn 0.72991504 -0.00000020 0.68353789
vn 0.72991504 -0.00000020 0.68353789
vn 0.72991504 -0.00000020 0.68353789
vn -0.00000068 1.00000000 0.00000083
vn -0.00000103 1.00000000 0.00000106
vn 0.00000066 1.00000000 0.00000241
vn -0.22706868 0.00000046 -0.97387875
vn -0.22706868 0.00000046 -0.97387875
vn -0.22706868 0.00000046 -0.97387875
vn 0.22706583 -0.00000046 0.97387941
vn 0.22706583 -0.00000046 0.97387941
vn 0.22706583 -0.00000046 0.97387941
vn -0.68359288 -0.00000052 0.72986353
vn -0.68359288 -0.00000052 0.72986353
vn -0.68359288 -0.00000052 0.72986353
vn 0.93591977 0.00000001 0.35221327
vn 0.93591977 0.00000001 0.35221327
vn 0.93591977 0.00000001 0.35221327
vn -0.52805856 -0.00000055 0.84920796
vn -0.52805856 -0.00000055 0.84920796
vn -0.52805856 -0.00000055 0.84920796
vn -0.16282566 -0.00000055 0.98665486
vn -0.16282566 -0.00000055 0.98665486
vn -0.16282566 -0.00000055 0.98665486
vn -0.72984992 0.00000020 -0.68360741
vn -0.72984992 0.00000020 -0.68360741
vn -0.72984992 0.00000020 -0.68360741
vn 0.97387731 0.00000032 -0.22707486
vn 0.97387731 0.00000032 -0.22707486
vn 0.97387731 0.00000032 -0.22707486
vn 0.91086715 0.00000041 -0.41269969
vn 0.91086715 0.00000041 -0.41269969
vn 0.91086715 0.00000041 -0.41269969
vn 0.93588953 0.00000139 0.35229360
vn 0.93589252 0.00000015 0.35228567
vn 0.93589286 0.00000001 0.35228477
vn 0.99989564 0.00000020 0.01444669
vn 0.99989564 0.00000020 0.01444669
vn 0.99989565 0.00000020 0.01444626
vn 0.41272344 -0.00000039 0.91085639
vn 0.41272344 -0.00000039 0.91085639
vn 0.41272344 -0.00000039 0.91085639
vn 0.52808171 0.00000367 -0.84919356
vn 0.52810599 0.00001299 -0.84917846
vn 0.52811412 0.00001612 -0.84917340
vn 0.48976441 -0.00000786 0.87185482
vn 0.48977252 -0.00001374 0.87185026
vn 0.48978286 -0.00002125 0.87184445
vn 0.41270367 -0.00000312 0.91086535
vn 0.41272645 -0.00001127 0.91085503
vn 0.41273408 -0.00001400 0.91085157
vn 0.03276018 -0.00000051 0.99946324
vn 0.03276018 -0.00000051 0.99946324
vn 0.03276018 -0.00000051 0.99946324
vn 0.84915894 -0.00000010 0.52813739
vn 0.84915894 -0.00000010 0.52813739
vn 0.84915894 -0.00000010 0.52813739
vn -0.98666417 -0.00000064 -0.16276922
vn -0.98665906 -0.00000521 -0.16280015
vn -0.98666475 -0.00000012 -0.16276572
vn -0.81285684 -0.00000047 0.58246352
vn -0.81285684 -0.00000047 0.58246352
vn -0.81285684 -0.00000047 0.58246352
vn 0.41272303 -0.00000130 0.91085658
vn 0.41277329 -0.00000934 0.91083380
vn 0.41277896 -0.00001025 0.91083123
vn -0.93590281 0.00000057 -0.35225833
vn -0.93589025 0.00000577 -0.35229170
vn -0.93588883 0.00000636 -0.35229546
vn 0.99946338 0.00000095 -0.03275593
vn 0.99946482 0.00000737 -0.03271191
vn 0.99946498 0.00000810 -0.03270694
vn -0.41275776 0.00000039 -0.91084084
vn -0.41275776 0.00000039 -0.91084084
vn -0.41275776 0.00000039 -0.91084084
vn -0.16295201 -0.00000170 0.98663400
vn -0.16288271 -0.00001194 0.98664544
vn -0.16287488 -0.00001310 0.98664673
vn -0.35228849 -0.00000056 0.93589146
vn -0.35228849 -0.00000056 0.93589146
vn -0.35228849 -0.00000056 0.93589146
vn -0.22711382 0.00000046 -0.97386822
vn -0.22711382 0.00000046 -0.97386822
vn -0.22711382 0.00000046 -0.97386822
vn 0.91089091 0.00000041 -0.41264725
vn 0.91089091 0.00000041 -0.41264725
vn 0.91089091 0.00000041 -0.41264725
vn -0.52802914 -0.00000055 0.84922625
vn -0.52802914 -0.00000055 0.84922625
vn -0.52802914 -0.00000055 0.84922625
vn -0.68357754 -0.00000269 0.72987790
vn -0.68358727 -0.00000074 0.72986878
vn -0.68358837 -0.00000052 0.72986775
vn 0.85206806 -0.00000375 0.52343100
vn 0.85206855 -0.00000244 0.52343021
vn 0.85206941 -0.00000009 0.52342881
vn -0.72983098 0.00000020 -0.68362763
vn -0.72983098 0.00000020 -0.68362763
vn -0.72983098 0.00000020 -0.68362763
vn 0.03271190 -0.00000051 0.99946482
vn 0.03271190 -0.00000051 0.99946482
vn 0.03271190 -0.00000051 0.99946482
vn -0.84921146 0.00000010 -0.52805294
vn -0.84921146 0.00000010 -0.52805294
vn -0.84921146 0.00000010 -0.52805294
vn 0.03265205 -0.00000051 0.99946678
vn 0.03265205 -0.00000051 0.99946678
vn 0.03265205 -0.00000051 0.99946678
vn 0.35229722 0.00000056 -0.93588817
vn 0.35229722 0.00000056 -0.93588817
vn 0.35229722 0.00000056 -0.93588817
vn 0.97387287 0.00000032 -0.22709389
vn 0.97387287 0.00000032 -0.22709389
vn 0.97387287 0.00000032 -0.22709389
vn 0.16293501 0.00000055 -0.98663680
vn 0.16293501 0.00000055 -0.98663680
vn 0.16293501 0.00000055 -0.98663680
vn -0.35222511 -0.00000166 0.93591531
vn -0.35228753 -0.00001138 0.93589182
vn -0.35221806 -0.00000056 0.93591797
vn -0.84923783 0.00000010 -0.52801052
vn -0.84923783 0.00000010 -0.52801052
vn -0.84923783 0.00000010 -0.52801052
vn 0.53292661 -0.00001423 0.84616146
vn 0.53292126 -0.00001007 0.84616483
vn 0.53291360 -0.00000410 0.84616966
vn 0.35223514 0.00000136 -0.93591154
vn 0.35228034 0.00000840 -0.93589452
vn 0.35228545 0.00000919 -0.93589260
vn -0.35231838 -0.00000056 0.93588020
vn -0.35231838 -0.00000056 0.93588020
vn -0.35231838 -0.00000056 0.93588020
vn 0.16288041 0.00000774 -0.98664582
vn 0.16292418 0.00000128 -0.98663859
vn 0.16287546 0.00000848 -0.98664664
vn 0.68361407 0.00000212 -0.72984368
vn 0.68360688 0.00000069 -0.72985042
vn 0.68360607 0.00000052 -0.72985118
vn 0.81281525 0.00000042 -0.58252157
vn 0.81281348 -0.00000002 -0.58252404
vn 0.81281328 -0.00000007 -0.58252431
vn -0.92868803 -0.00000039 0.37086189
vn -0.92868803 -0.00000039 0.37086189
vn -0.92868803 -0.00000039 0.37086189
vn 0.63127038 0.00000326 -0.77556284
vn 0.63127595 0.00000176 -0.77555830
vn 0.63126812 0.00000137 -0.77556467
vn -0.84918523 0.00000010 -0.52809511
vn -0.84918523 0.00000010 -0.52809511
vn -0.84918523 0.00000010 -0.52809511
vn -0.99946775 -0.00000663 0.03262235
vn -0.99946646 -0.00000088 0.03266181
vn -0.99946789 -0.00000728 0.03261790
vn 0.98665448 0.00000038 0.16282792
vn 0.98665195 0.00000265 0.16284327
vn 0.98665166 0.00000290 0.16284501
vn -0.52808423 -0.00000072 0.84919199
vn -0.52807551 -0.00000222 0.84919742
vn -0.52807452 -0.00000239 0.84919803
vn 0.97388130 0.00000976 -0.22705772
vn 0.97386809 0.00000128 -0.22711439
vn 0.97386660 0.00000032 -0.22712079
vn -0.58247748 0.00000030 -0.81284684
vn -0.58247748 0.00000030 -0.81284684
vn -0.58247748 0.00000030 -0.81284684
vn 0.84920821 -0.00000010 0.52805816
vn 0.84920821 -0.00000010 0.52805816
vn 0.84920821 -0.00000010 0.52805816
vn 0.68358276 0.00000052 -0.72987301
vn 0.68358276 0.00000052 -0.72987301
vn 0.68358276 0.00000052 -0.72987301
vn 0.58247417 -0.00000030 0.81284921
vn 0.58247417 -0.00000030 0.81284921
vn 0.58247417 -0.00000030 0.81284921
vn -0.58243112 0.00000010 -0.81288006
vn -0.58244106 -0.00000168 -0.81287294
vn -0.58244219 -0.00000189 -0.81287213
vn 0.58247225 -0.00000693 0.81285059
vn 0.58243902 -0.00000097 0.81287440
vn 0.58243527 -0.00000030 0.81287709
vn 0.22704535 -0.00001339 0.97388419
vn 0.22701641 -0.00000370 0.97389093
vn 0.22700672 -0.00000046 0.97389319
vn -0.91087341 -0.00000041 0.41268588
vn -0.91087341 -0.00000041 0.41268588
vn -0.91087341 -0.00000041 0.41268588
vn 0.58247623 -0.00000030 0.81284773
vn 0.58247623 -0.00000030 0.81284773
vn 0.58247623 -0.00000030 0.81284773
vn -0.00000013 1.00000000 0.00000052
vn 0.00000038 1.00000000 0.00000044
vn -0.00000476 1.00000000 -0.00000203
vn -0.00023052 0.99999997 -0.00006512
vn -0.00000021 1.00000000 0.00000045
vn -0.00000021 1.00000000 0.00000052
vn -0.00000944 1.00000000 -0.00000060
vn 0.00000068 1.00000000 0.00000007
vn -0.00005760 1.00000000 -0.00000658
vn 0.00000058 1.00000000 -0.00000016
vn -0.00000085 1.00000000 -0.00000005
vn -0.00000085 1.00000000 -0.00000008
vn 0.00000053 1.00000000 -0.00000035
vn -0.00000021 1.00000000 0.00000052
vn 0.00000029 1.00000000 -0.00000011
vn -0.00000021 1.00000000 0.00000052
vn -0.00000021 1.00000000 0.00000052
vn -0.00000021 1.00000000 0.00000052
vn -0.00000021 1.00000000 0.00000052
vn -0.00000021 1.00000000 0.00000052
vn -0.00000021 1.00000000 0.00000052
vn 0.00000717 1.00000000 0.00000720
vn -0.00000021 1.00000000 0.00000052
vn -0.00000021 1.00000000 0.00000052
vn -0.00000021 1.00000000 0.00000052
vn -0.00000021 1.00000000 0.00000052
vn -0.00000116 1.00000000 -0.00000010
vn -0.00002337 1.00000000 0.00000107
vn -0.00000021 1.00000000 0.00000052
vn -0.00000021 1.00000000 0.00000052
vn -0.00000021 1.00000000 0.00000052
vn 0.00000914 1.00000000 -0.00000073
vn 0.00000043 1.00000000 0.00000080
vn 0.00000013 1.00000000 0.00000047
vn 0.00000982 1.00000000 0.00000029
vn -0.00000016 1.00000000 0.00000031
vn -0.00000021 1.00000000 0.00000052
vn 0.00001873 1.00000000 0.00000007
vn -0.00000021 1.00000000 0.00000052
vn 0.00000185 1.00000000 0.00000093
vn 0.00000057 1.00000000 0.00000070
vn -0.00000021 1.00000000 0.00000052
vn -0.00000021 1.00000000 0.00000052
vn -0.00000021 1.00000000 0.00000052
vn -0.00000021 1.00000000 0.00000052
vn -0.00000021 1.00000000 0.00000052
vn -0.00000021 1.00000000 0.00000052
vn -0.00000021 1.00000000 0.00000052
vn -0.00000021 1.00000000 0.00000052
vn -0.00000021 1.00000000 0.00000052
vn -0.00001195 1.00000000 -0.00001511
vn -0.00000158 1.00000000 -0.00000723
vn 0.00001569 1.00000000 0.00001214
vn 0.00000097 1.00000000 -0.00000015
vn -0.00000021 1.00000000 0.00000052
vn 0.00000428 1.00000000 -0.00000033
vn -0.00000021 1.00000000 0.00000052
vn -0.00000021 1.00000000 0.00000052
vn 0.00000239 1.00000000 -0.00000155
vn 0.00000664 1.00000000 -0.00000302
vn 0.00000001 1.00000000 -0.00000015
vn -0.00000118 1.00000000 -0.00000437
vn -0.00000021 1.00000000 0.00000052
vn -0.00000021 1.00000000 0.00000052
vn -0.00000199 1.00000000 -0.00000616
vn -0.00000021 1.00000000 0.00000052
vn -0.00000021 1.00000000 0.00000052
vn -0.00000323 1.00000000 -0.00000049
vn -0.00000021 1.00000000 0.00000052
vn -0.00000021 1.00000000 0.00000052
vn -0.00000021 1.00000000 0.00000052
vn -0.00000400 1.00000000 -0.00000056
vn -0.00000021 1.00000000 0.00000052
vn -0.00000021 1.00000000 0.00000052
vn -0.00000021 1.00000000 0.00000052
vn -0.00000021 1.00000000 0.00000052
vn -0.00000021 1.00000000 0.00000052
vn -0.00000614 1.00000000 -0.00000624
vn -0.00000021 1.00000000 0.00000052
vn -0.00000243 1.00000000 0.00000174
vn -0.00000021 1.00000000 0.00000052
vn -0.00000021 1.00000000 0.00000052
vn -0.00000021 1.00000000 0.00000052
vn -0.00000021 1.00000000 0.00000052
vn -0.00000021 1.00000000 0.00000052
vn -0.00000021 1.00000000 0.00000052
vn -0.00000021 1.00000000 0.00000052
vn -0.00004827 -1.00000000 -0.00001403
vn 0.00000012 -1.00000000 -0.00000038
vn -0.00000137 -1.00000000 -0.00000097
vn 0.00000026 -1.00000000 -0.00000043
vn 0.00000021 -1.00000000 -0.00000043
vn 0.00000019 -1.00000000 -0.00000055
vn 0.00000003 -1.00000000 -0.00000059
vn 0.00000011 -1.00000000 -0.00000056
vn -0.00000240 -1.00000000 -0.00000083
vn 0.00000294 -1.00000000 0.00000198
vn -0.00000015 -1.00000000 -0.00000088
vn 0.00000048 -1.00000000 -0.00000045
vn 0.00000040 -1.00000000 -0.00000044
vn 0.00003982 -1.00000000 0.00003708
vn 0.00000159 -1.00000000 -0.00000060
vn -0.00000465 -1.00000000 -0.00000351
vn -0.00000698 -1.00000000 -0.00000577
vn 0.00000024 -1.00000000 -0.00000046
vn -0.00000558 -1.00000000 -0.00000509
vn -0.00000258 -1.00000000 -0.00000125
vn 0.00000070 -1.00000000 -0.00000042
vn 0.00000024 -1.00000000 0.00000001
vn 0.00000019 -1.00000000 0.00000014
vn 0.00000013 -1.00000000 -0.00000036
vn 0.00000053 -1.00000000 -0.00000058
vn -0.00000037 -1.00000000 -0.00000031
vn 0.00000215 -1.00000000 -0.00000085
vn 0.00000022 -1.00000000 -0.00000037
vn -0.00000042 -1.00000000 -0.00000024
vn 0.00000024 -1.00000000 -0.00000031
vn 0.00000019 -1.00000000 -0.00000031
vn 0.00000106 -1.00000000 -0.00000042
vn 0.00000015 -1.00000000 -0.00000046
vn -0.00000041 -1.00000000 0.00000180
vn 0.00000105 -1.00000000 0.00000119
vn 0.00000021 -1.00000000 -0.00000038
vn 0.00000177 -1.00000000 -0.00000054
vn -0.00000127 -1.00000000 -0.00000039
vn -0.00000137 -1.00000000 -0.00000034
vn 0.00000023 -1.00000000 -0.00000049
vn -0.00000062 -1.00000000 -0.00000047
vn -0.00000295 -1.00000000 -0.00000034
vn -0.00000201 -1.00000000 0.00000042
vn -0.00000282 -1.00000000 0.00000172
vn -0.00000565 -1.00000000 0.00001338
vn -0.00000077 -1.00000000 0.00000140
vn 0.00000107 -1.00000000 -0.00000103
vn 0.00000058 -1.00000000 -0.00000079
vn 0.00000003 -1.00000000 -0.00006688
vn 0.00108733 -0.99999941 0.00007151
vn 0.00003844 -1.00000000 0.00000252
vn -0.00000353 -1.00000000 0.00000687
vn 0.00000024 -1.00000000 -0.00000057
vn -0.00000507 -1.00000000 0.00000040
vn -0.00000391 -1.00000000 -0.00000368
vn 0.00000021 -1.00000000 -0.00000052
vn 0.00000021 -1.00000000 -0.00000052
vn 0.00000021 -1.00000000 -0.00000052
vn 0.00000021 -1.00000000 -0.00000052
vn 0.00000021 -1.00000000 -0.00000052
vn 0.00000642 -1.00000000 0.00000657
vn 0.00000732 -1.00000000 -0.00000742
vn -0.00001154 -1.00000000 0.00002087
vn 0.00000120 -1.00000000 0.00000345
vn 0.00000970 -1.00000000 -0.00000027
vn 0.00000982 -1.00000000 -0.00000579
vn -0.00000290 -1.00000000 -0.00000058
vn -0.00000152 -1.00000000 0.00000247
vn 0.00000896 -1.00000000 -0.00000066
vn 0.00000400 -1.00000000 -0.00000151
vn -0.00000007 -1.00000000 -0.00000231
vn 0.00000072 -1.00000000 0.00003896
vn 0.00000081 -1.00000000 -0.00000203
vn 0.00534598 0.00000052 -0.99998571
vn 0.99999986 0.00000021 -0.00053567
vn -0.99999986 -0.00000021 0.00053564
vn 0.99978359 0.00000020 0.02080323
vn 0.95731973 0.00000005 0.28903103
vn -0.99998572 -0.00000021 -0.00534326
vn 0.90782791 -0.00000003 0.41934291
vn 0.99946373 0.00000023 -0.03274525
vn 0.98664185 0.00000012 0.16290442
vn 0.93591342 0.00000001 0.35223015
vn 0.84921641 -0.00000010 0.52804497
vn 0.72982880 -0.00000020 0.68362996
vn 0.58250406 -0.00000030 0.81282779
vn 0.41266615 -0.00000039 0.91088235
vn 0.22706042 -0.00000046 0.97388067
vn 0.03280439 -0.00000051 0.99946179
vn -0.16297028 -0.00000055 0.98663098
vn -0.94870424 -0.00000036 0.31616493
vn -0.71355347 -0.00000051 0.70060078
vn -0.19922933 -0.00000055 0.97995289
vn 0.99190269 0.00000014 0.12700023
vn 0.64413463 -0.00000026 0.76491214
vn 0.80649418 -0.00000014 0.59124202
vn 0.68359796 0.00000052 -0.72985878
vn -0.72989269 0.00000020 -0.68356175
vn -0.93591299 0.00000829 -0.35223128
vn -0.81288242 -0.00000047 0.58242783
vn 0.16290686 0.00000055 -0.98664145
vn 0.99946631 0.00000023 -0.03266627
vn -0.93589761 -0.00000001 -0.35227215
vn 0.81290271 0.00001165 -0.58239950
vn 0.52807958 0.00000055 -0.84919489
vn -0.81285383 -0.00000047 0.58246773
vn -0.58241286 0.00000030 -0.81289314
vn 0.98663760 0.00000012 0.16293017
vn 0.72983928 -0.00000020 0.68361877
vn -0.22707438 0.00000046 -0.97387742
vn -0.03277709 0.00000051 -0.99946269
vn -0.97387151 0.00000131 0.22709973
vn 0.93591305 0.00000001 0.35223111
vn -0.68361326 -0.00000052 0.72984444
vn -0.03271103 0.00000051 -0.99946485
vn 0.81285313 0.00000047 -0.58246870
vn 0.00000298 1.00000000 0.00000115
vn 0.00000201 1.00000000 0.00000148
vn -0.00000021 1.00000000 0.00000052
vn -0.00000021 1.00000000 0.00000052
vn 0.00000144 1.00000000 0.00000170
vn 0.00000103 1.00000000 0.00000188
vn -0.00000021 1.00000000 0.00000052
vn -0.00000021 1.00000000 0.00000052
vn -0.00001238 1.00000000 0.00000939
vn -0.00001114 1.00000000 0.00000753
vn -0.00000021 1.00000000 0.00000052
vn -0.00000021 1.00000000 0.00000052
vn -0.00000021 1.00000000 0.00000052
vn -0.00000021 1.00000000 0.00000052
vn -0.00000021 1.00000000 0.00000052
vn -0.00000021 1.00000000 0.00000052
vn -0.00000021 1.00000000 0.00000052
vn -0.00000021 1.00000000 0.00000052
vn 0.00000131 1.00000000 0.00000215
vn 0.00000199 1.00000000 0.00000111
vn 0.00000168 1.00000000 0.00000439
vn 0.00000187 1.00000000 0.00000160
vn -0.41270770 0.00000039 -0.91086352
vn -0.41270897 0.00000039 -0.91086295
vn -0.99991739 -0.00000020 -0.01285364
vn -0.99991731 -0.00000020 -0.01285962
vn -0.99991739 -0.00000020 -0.01285364
vn -0.98664737 -0.00000012 -0.16287102
vn -0.99966667 -0.00000022 0.02581774
vn 0.91083791 0.00000041 -0.41276421
vn -0.03275535 0.00000051 -0.99946340
vn 0.35224146 0.00000056 -0.93590916
vn -0.16283606 -0.00000055 0.98665314
vn 0.22705151 -0.00000046 0.97388275
vn 0.72991504 -0.00000020 0.68353789
vn 0.00000021 -1.00000000 -0.00000052
vn 0.00000021 -1.00000000 -0.00000052
vn -0.00000435 -1.00000000 -0.00000154
vn 0.00000021 -1.00000000 -0.00000052
vn 0.00000021 -1.00000000 -0.00000052
vn 0.00000384 -1.00000000 0.00000268
vn 0.00000276 -1.00000000 0.00000167
vn 0.00000004 -1.00000000 0.00000068
vn 0.00000247 -1.00000000 0.00000260
vn -0.00000484 -1.00000000 0.00000119
vn -0.00000147 -1.00000000 -0.00000036
vn -0.00000010 -1.00000000 -0.00000234
vn -0.00000067 -1.00000000 -0.00000076
vn 0.00000115 -1.00000000 -0.00001011
vn 0.00000110 -1.00000000 -0.00000596
vn 0.00000017 -1.00000000 0.00000319
vn 0.00000019 -1.00000000 0.00000045
vn 0.00000022 -1.00000000 -0.00000033
vn 0.00000026 -1.00000000 -0.00000027
vn 0.00000020 -1.00000000 -0.00000031
vn 0.00000020 -1.00000000 -0.00000020
vn -0.00000043 -1.00000000 -0.00000065
vn -0.00000023 -1.00000000 -0.00000071
vn 0.00000417 -1.00000000 0.00000096
vn 0.00000001 -1.00000000 -0.00000042
vn 0.00000093 -1.00000000 -0.00000120
vn -0.00000054 -1.00000000 -0.00000035
vn 0.00000006 -1.00000000 -0.00000040
vn 0.00000010 -1.00000000 -0.00000038
vn 0.00000251 -1.00000000 -0.00000242
vn 0.00000464 -1.00000000 -0.00000315
vn 0.00000013 -1.00000000 -0.00000036
vn 0.00000017 -1.00000000 -0.00000034
vn 0.00000023 -1.00000000 -0.00000032
vn 0.00000018 -1.00000000 -0.00000029
vn -0.22706868 0.00000046 -0.97387875
vn 0.22699177 -0.00000046 0.97389668
vn -0.68359288 -0.00000052 0.72986353
vn 0.93591977 0.00000001 0.35221327
vn -0.52805856 -0.00000055 0.84920796
vn -0.16282566 -0.00000055 0.98665486
vn -0.72984992 0.00000020 -0.68360741
vn 0.97388433 0.00000032 -0.22704475
vn 0.91085167 0.00000041 -0.41273386
vn 0.93588920 0.00000001 0.35229450
vn 0.99989565 0.00000020 0.01444626
vn 0.99989565 0.00000020 0.01444626
vn 0.99989563 0.00000020 0.01444712
vn 0.41270657 -0.00000327 0.91086403
vn 0.52807358 0.00000055 -0.84919862
vn 0.48975407 -0.00000035 0.87186063
vn 0.41269604 -0.00000039 0.91086881
vn 0.03272115 -0.00000051 0.99946452
vn 0.84915894 -0.00000010 0.52813739
vn -0.98665725 -0.00000012 -0.16281112
vn -0.81280197 -0.00000047 0.58254009
vn 0.41277284 -0.00000039 0.91083400
vn -0.93590423 -0.00000001 -0.35225456
vn 0.99946332 0.00000023 -0.03275790
vn -0.41270822 0.00000039 -0.91086328
vn -0.16292573 -0.00000055 0.98663834
vn -0.35228849 -0.00000056 0.93589146
vn -0.22711382 0.00000046 -0.97386822
vn 0.91093154 0.00000041 -0.41255755
vn -0.52802914 -0.00000055 0.84922625
vn -0.68356525 -0.00000052 0.72988941
vn 0.85206913 -0.00000009 0.52342927
vn -0.72986363 0.00000020 -0.68359278
vn 0.03271190 -0.00000051 0.99946482
vn -0.84919747 0.00000010 -0.52807543
vn 0.03265205 -0.00000051 0.99946678
vn 0.35225236 0.00000056 -0.93590506
vn 0.97387287 0.00000032 -0.22709389
vn 0.16286952 -0.00000478 -0.98664762
vn -0.35224406 -0.00000056 0.93590818
vn -0.84923783 0.00000010 -0.52801052
vn 0.53293428 -0.00000033 0.84615664
vn 0.35229375 0.00000056 -0.93588948
vn -0.35231838 -0.00000056 0.93588020
vn 0.16297460 0.00000055 -0.98663026
vn 0.68360749 0.00000052 -0.72984985
vn 0.81280375 0.00000047 -0.58253761
vn -0.92868441 -0.00000039 0.37087095
vn 0.63126850 -0.00000255 -0.77556436
vn 0.63128477 0.00000054 -0.77555112
vn -0.84917890 0.00000010 -0.52810528
vn -0.99946789 -0.00000023 0.03261790
vn 0.98665747 0.00000012 0.16280982
vn -0.52806696 -0.00000055 0.84920273
vn 0.97386501 0.00000032 -0.22712759
vn -0.58247748 0.00000030 -0.81284684
vn 0.84920821 -0.00000010 0.52805816
vn 0.68357736 0.00000991 -0.72987807
vn 0.58248456 -0.00000030 0.81284176
vn -0.58246381 0.00000030 -0.81285664
vn 0.58247601 -0.00000030 0.81284790
vn 0.22705504 -0.00000046 0.97388193
vn -0.91087341 -0.00000041 0.41268588
vn 0.58249910 -0.00000030 0.81283134
vn -0.00001190 -1.00000000 -0.00000243
vn -0.00000043 -1.00000000 0.00000086
vn -0.00000393 -1.00000000 -0.00000045
vn 0.00000034 -1.00000000 -0.00000024
vn 0.00000021 -1.00000000 -0.00000021
vn 0.00000006 -1.00000000 -0.00000085
vn 0.00000761 -1.00000000 -0.00000012
vn 0.00005664 -1.00000000 0.00000605
vn -0.00001332 -1.00000000 -0.00000191
vn -0.00000571 -1.00000000 -0.00000617
vn 0.00000011 -1.00000000 -0.00000029
vn 0.00000374 -1.00000000 -0.00000046
vn -0.00000324 -1.00000000 -0.00000046
vn -0.00010257 -0.99999999 -0.00009905
vn 0.00001479 -1.00000000 -0.00000216
vn -0.00000325 -1.00000000 -0.00000913
vn 0.00000776 -1.00000000 0.00000197
vn 0.00000065 -1.00000000 -0.00000142
vn -0.00000224 -1.00000000 -0.00000805
vn -0.00000036 -1.00000000 -0.00000660
vn 0.00000239 -1.00000000 -0.00000156
vn 0.00000021 -1.00000000 -0.00000052
vn -0.00001660 -1.00000000 -0.00002020
vn 0.00000071 -1.00000000 -0.00000115
vn 0.00000021 -1.00000000 -0.00000052
vn 0.00000021 -1.00000000 -0.00000052
vn 0.00000470 -1.00000000 -0.00000137
vn -0.00000550 -1.00000000 0.00000051
vn 0.00000021 -1.00000000 -0.00000052
vn 0.00000099 -1.00000000 -0.00000034
vn 0.00000227 -1.00000000 -0.00000011
vn 0.00000021 -1.00000000 -0.00000052
vn 0.00000021 -1.00000000 -0.00000052
vn 0.00000021 -1.00000000 -0.00000052
vn 0.00000021 -1.00000000 -0.00000052
vn 0.00000021 -1.00000000 -0.00000052
vn 0.00000021 -1.00000000 -0.00000052
vn 0.00000021 -1.00000000 -0.00000052
vn 0.00000021 -1.00000000 -0.00000052
vn 0.00000021 -1.00000000 -0.00000052
vn 0.00000180 -1.00000000 -0.00000025
vn -0.00000582 -1.00000000 -0.00000092
vn -0.00000553 -1.00000000 -0.00000084
vn 0.00000032 -1.00000000 0.00000015
vn 0.00000956 -1.00000000 -0.00000177
vn -0.00000337 -1.00000000 0.00000014
vn 0.00000221 -1.00000000 0.00000029
vn 0.00000141 -1.00000000 0.00000031
vn -0.00000096 -1.00000000 0.00000039
vn -0.00000054 -1.00000000 0.00000040
vn 0.00000107 -1.00000000 0.00000039
vn -0.00000030 -1.00000000 0.00000048
vn 0.00000080 -1.00000000 0.00000044
vn 0.00000000 -1.00000000 -0.00000001
vn -0.00000008 -1.00000000 0.00000053
vn 0.00000035 -1.00000000 0.00000053
vn 0.00000021 -1.00000000 -0.00000052
vn 0.00000021 -1.00000000 -0.00000052
vn 0.00000021 -1.00000000 -0.00000052
vn 0.00000021 -1.00000000 -0.00000052
vn 0.00000021 -1.00000000 -0.00000052
vn 0.00000021 -1.00000000 -0.00000052
vn -0.00000281 -1.00000000 -0.00000153
vn 0.00000021 -1.00000000 -0.00000052
vn 0.00000021 -1.00000000 -0.00000052
vn 0.00000021 -1.00000000 -0.00000052
vn 0.00000021 -1.00000000 -0.00000052
vn 0.00000644 -1.00000000 -0.00000374
vn -0.00000400 -1.00000000 -0.00000375
vn -0.00000400 -1.00000000 -0.00000375
vn -0.00012594 -0.99999999 -0.00009732
vn 0.00000021 -1.00000000 -0.00000052
vn 0.00000021 -1.00000000 -0.00000052
vn 0.00000021 -1.00000000 -0.00000052
vn -0.00000572 -1.00000000 -0.00000728
vn -0.00000358 -1.00000000 -0.00000160
vn -0.00000230 -1.00000000 -0.00000087
vn -0.00001113 -1.00000000 0.00000192
vn -0.00000077 -1.00000000 0.00000024
vn -0.00000201 -1.00000000 0.00000069
vn 0.00000041 -1.00000000 -0.00000113
vn 0.00000238 -1.00000000 -0.00000569
vn 0.00001876 -1.00000000 0.00000240
vn 0.00000021 -1.00000000 -0.00000052
vn 0.00000021 -1.00000000 -0.00000052
vn -0.00000165 -1.00000000 -0.00000955
vn 0.00000021 -1.00000000 -0.00000052
vn 0.00000015 1.00000000 0.00000046
vn -0.00000040 1.00000000 0.00000069
vn -0.00000203 1.00000000 0.00000001
vn -0.00004867 1.00000000 -0.00001298
vn -0.00000009 1.00000000 0.00000048
vn 0.00000000 1.00000000 0.00000023
vn -0.00000039 1.00000000 0.00000045
vn -0.00000012 1.00000000 0.00000049
vn -0.00000030 1.00000000 0.00000046
vn -0.00000064 1.00000000 0.00000058
vn 0.00000090 1.00000000 0.00000124
vn 0.00000108 1.00000000 0.00000165
vn -0.00000174 1.00000000 0.00000077
vn 0.00000067 1.00000000 0.00000059
vn -0.00000027 1.00000000 0.00000076
vn 0.00002022 1.00000000 0.00001968
vn -0.00000038 1.00000000 0.00000081
vn 0.00000038 1.00000000 0.00000079
vn 0.00000395 1.00000000 0.00000478
vn 0.00000035 1.00000000 0.00000052
vn -0.00000204 1.00000000 0.00000103
vn -0.00000021 1.00000000 0.00000052
vn -0.00000253 1.00000000 -0.00000042
vn 0.00000410 1.00000000 0.00000489
vn 0.00000045 1.00000000 0.00000045
vn -0.00000015 1.00000000 0.00000057
vn -0.00000318 1.00000000 -0.00000217
vn 0.00000057 1.00000000 0.00000042
vn -0.00000021 1.00000000 0.00000052
vn 0.00000062 1.00000000 0.00000047
vn -0.00000171 1.00000000 0.00000051
vn -0.00000012 1.00000000 0.00000046
vn -0.00000222 1.00000000 0.00000110
vn 0.00000250 1.00000000 0.00000051
vn -0.00000018 1.00000000 0.00000045
vn 0.00000079 1.00000000 0.00000189
vn -0.00000022 1.00000000 0.00000218
vn -0.00000045 1.00000000 0.00000050
vn -0.00000005 1.00000000 0.00000056
vn -0.00000075 1.00000000 0.00000053
vn -0.00000021 1.00000000 0.00000052
vn -0.00000009 1.00000000 0.00000043
vn -0.00000139 1.00000000 0.00000140
vn 0.00000059 1.00000000 0.00000070
vn -0.00000149 1.00000000 0.00000287
vn -0.00000406 1.00000000 0.00000089
vn -0.00000599 1.00000000 0.00000174
vn -0.00000001 1.00000000 0.00003995
vn 0.00000076 1.00000000 0.00000097
vn -0.00000175 1.00000000 0.00000468
vn -0.00001167 1.00000000 0.00002392
vn 0.00003352 1.00000000 0.00000220
vn 0.00107118 0.99999942 0.00006996
vn 0.00000001 1.00000000 -0.00006397
vn -0.00000478 1.00000000 0.00000197
vn 0.00000391 1.00000000 0.00000368
vn -0.00000024 1.00000000 0.00000057
vn 0.00000717 1.00000000 -0.00000605
vn -0.00000418 1.00000000 0.00000844
vn -0.00000021 1.00000000 0.00000052
vn -0.00000021 1.00000000 0.00000052
vn -0.00000021 1.00000000 0.00000052
vn -0.00000021 1.00000000 0.00000052
vn 0.00000657 1.00000000 0.00000825
vn -0.00000021 1.00000000 0.00000052
vn 0.00000936 1.00000000 -0.00000500
vn 0.00000791 1.00000000 0.00000137
vn -0.00002294 1.00000000 0.00001462
vn 0.00000953 1.00000000 0.00000047
vn -0.00000336 1.00000000 0.00000530
vn 0.00000491 1.00000000 -0.00000043
vn -0.00000226 1.00000000 -0.00000171
vn 0.00000308 1.00000000 -0.00000033
vn 0.00534598 0.00001433 -0.99998571
vn 0.99999986 0.00000021 -0.00053527
vn -0.99999986 -0.00000021 0.00053548
vn 0.99978359 0.00000020 0.02080323
vn 0.95731973 0.00000005 0.28903103
vn -0.99998572 -0.00000021 -0.00534326
vn 0.90782791 -0.00000003 0.41934291
vn 0.99946428 0.00000023 -0.03272860
vn 0.98664185 0.00000012 0.16290442
vn 0.93591342 0.00000001 0.35223015
vn 0.84921641 -0.00000010 0.52804497
vn 0.72982880 -0.00000020 0.68362996
vn 0.58250406 -0.00000030 0.81282779
vn 0.41266615 -0.00000039 0.91088235
vn 0.22706042 -0.00001329 0.97388067
vn 0.03275503 -0.00000051 0.99946341
vn -0.16291974 -0.00000055 0.98663933
vn -0.94870424 -0.00000036 0.31616493
vn -0.71355347 -0.00000051 0.70060078
vn -0.19922933 -0.00000055 0.97995289
vn 0.99190276 0.00000014 0.12699967
vn 0.64413463 -0.00000026 0.76491214
vn 0.80649418 -0.00000014 0.59124202
vn 0.68359796 0.00001550 -0.72985878
vn -0.72988849 -0.00000253 -0.68356623
vn -0.93590402 -0.00000001 -0.35225511
vn -0.81284777 -0.00000047 0.58247618
vn 0.16290686 0.00000055 -0.98664145
vn 0.99946562 0.00000023 -0.03268742
vn -0.93588221 -0.00000001 -0.35231306
vn 0.81285880 0.00000047 -0.58246079
vn 0.52811235 0.00000839 -0.84917451
vn -0.81285383 -0.00000047 0.58246773
vn -0.58242361 0.00000030 -0.81288544
vn 0.98664522 0.00000012 0.16288403
vn 0.72985354 -0.00000020 0.68360355
vn -0.22706945 0.00000046 -0.97387857
vn -0.03277709 0.00000051 -0.99946269
vn -0.97387151 -0.00000032 0.22709973
vn 0.93591829 0.00000001 0.35221720
vn -0.68361326 -0.00000052 0.72984444
vn -0.03271103 0.00000051 -0.99946485
vn 0.81285313 0.00000047 -0.58246870
vn -0.00000436 -1.00000000 -0.00000028
vn -0.00000264 -1.00000000 0.00000025
vn 0.00000340 -1.00000000 0.00000011
vn 0.00000243 -1.00000000 0.00000044
vn -0.00000182 -1.00000000 0.00000053
vn -0.00000131 -1.00000000 0.00000073
vn 0.00000186 -1.00000000 0.00000066
vn 0.00000145 -1.00000000 0.00000084
vn -0.00000092 -1.00000000 0.00000091
vn -0.00000057 -1.00000000 0.00000109
vn -0.00001196 -1.00000000 0.00000835
vn -0.00001072 -1.00000000 0.00000648
vn -0.00000024 -1.00000000 0.00000130
vn 0.00000021 -1.00000000 -0.00000052
vn 0.00000021 -1.00000000 -0.00000052
vn 0.00000015 -1.00000000 0.00000157
vn 0.00000068 -1.00000000 0.00000199
vn 0.00000021 -1.00000000 -0.00000052
vn 0.00000185 -1.00000000 0.00000304
vn 0.00000241 -1.00000000 0.00000007
vn 0.00000229 -1.00000000 0.00000056
vn 0.00000210 -1.00000000 0.00000335
vn -0.41276961 0.00001176 -0.91083547
vn -0.41270897 0.00000039 -0.91086295
vn -0.99991739 -0.00000020 -0.01285364
vn -0.99991731 -0.00000020 -0.01286014
vn -0.99991731 -0.00000020 -0.01286014
vn -0.98664474 0.00000659 -0.16288692
vn -0.99966662 -0.00000022 0.02581970
vn 0.91086512 0.00000041 -0.41270418
vn -0.03275741 0.00000782 -0.99946333
vn 0.35224146 0.00000056 -0.93590916
vn -0.16283606 -0.00000055 0.98665314
vn 0.22704641 -0.00000046 0.97388394
vn 0.72991504 -0.00000020 0.68353789
vn -0.00000112 1.00000000 0.00000057
vn -0.00000053 1.00000000 0.00000046
vn -0.00000043 1.00000000 0.00000042
vn -0.00000078 1.00000000 0.00000067
vn 0.00000038 1.00000000 0.00000110
vn -0.00000142 1.00000000 0.00000084
vn -0.00000329 1.00000000 0.00000163
vn 0.00000168 1.00000000 0.00000152
vn -0.00000032 1.00000000 0.00000066
vn 0.00000473 1.00000000 -0.00000286
vn 0.00000537 1.00000000 -0.00000263
vn -0.00000029 1.00000000 0.00000068
vn -0.00000025 1.00000000 0.00000070
vn -0.00000044 1.00000000 0.00000065
vn -0.00000017 1.00000000 0.00000092
vn -0.00000022 1.00000000 0.00000073
vn -0.00000016 1.00000000 0.00000077
vn -0.00000026 1.00000000 0.00000099
vn -0.00000041 1.00000000 0.00000112
vn -0.00000035 1.00000000 0.00000055
vn -0.00000037 1.00000000 -0.00000083
vn -0.00000043 1.00000000 -0.00000241
vn -0.00000016 1.00000000 -0.00000169
vn 0.00000017 1.00000000 -0.00000735
vn -0.00000131 1.00000000 0.00000023
vn -0.00000201 1.00000000 0.00000224
vn -0.00000186 1.00000000 0.00000193
vn -0.00000212 1.00000000 0.00000176
vn -0.00000315 1.00000000 0.00000089
vn -0.00000557 1.00000000 0.00000078
vn -0.00000212 1.00000000 0.00000216
vn -0.00000053 1.00000000 0.00000352
vn -0.00000127 1.00000000 0.00000208
vn -0.00000023 1.00000000 0.00000250
vn -0.00000939 1.00000000 -0.00000321
vn -0.22706868 0.00000046 -0.97387875
vn 0.22706583 -0.00000046 0.97387941
vn -0.68359288 -0.00000052 0.72986353
vn 0.93591977 0.00000001 0.35221327
vn -0.52805856 -0.00000055 0.84920796
vn -0.16282566 -0.00000055 0.98665486
vn -0.72984992 0.00000020 -0.68360741
vn 0.97387731 0.00000032 -0.22707486
vn 0.91086715 0.00000041 -0.41269969
vn 0.93588920 0.00000153 0.35229450
vn 0.99989565 0.00000020 0.01444626
vn 0.99989563 0.00000020 0.01444712
vn 0.99989563 0.00000020 0.01444712
vn 0.41272344 -0.00000039 0.91085639
vn 0.52807358 0.00000055 -0.84919862
vn 0.48975407 -0.00000035 0.87186063
vn 0.41269604 -0.00000039 0.91086881
vn 0.03276018 -0.00000051 0.99946324
vn 0.84915894 -0.00000010 0.52813739
vn -0.98665849 -0.00000573 -0.16280365
vn -0.81285684 -0.00000047 0.58246352
vn 0.41271735 -0.00000039 0.91085915
vn -0.93590423 -0.00000001 -0.35225456
vn 0.99946322 0.00000023 -0.03276090
vn -0.41275776 0.00000039 -0.91084084
vn -0.16295984 -0.00000055 0.98663270
vn -0.35228849 -0.00000056 0.93589146
vn -0.22711382 0.00000046 -0.97386822
vn 0.91089091 0.00000041 -0.41264725
vn -0.52802914 -0.00000055 0.84922625
vn -0.68357644 -0.00000291 0.72987893
vn 0.85206720 -0.00000610 0.52343241
vn -0.72983098 0.00000020 -0.68362763
vn 0.03271190 -0.00000051 0.99946482
vn -0.84921146 0.00000010 -0.52805294
vn 0.03265205 -0.00000051 0.99946678
vn 0.35229722 0.00000056 -0.93588817
vn 0.97387287 0.00000032 -0.22709389
vn 0.16293501 0.00000055 -0.98663680
vn -0.35229459 -0.00001248 0.93588916
vn -0.84923783 0.00000010 -0.52801052
vn 0.53293428 -0.00002020 0.84615664
vn 0.35223003 0.00000056 -0.93591346
vn -0.35231838 -0.00000056 0.93588020
vn 0.16292912 0.00000055 -0.98663778
vn 0.68361488 0.00000228 -0.72984292
vn 0.81281545 0.00000047 -0.58252129
vn -0.92868803 -0.00000039 0.37086189
vn 0.63126782 0.00000054 -0.77556491
vn 0.63128477 0.00000054 -0.77555112
vn -0.84918523 0.00000010 -0.52809511
vn -0.99946631 -0.00000023 0.03266627
vn 0.98665477 0.00000012 0.16282618
vn -0.52808522 -0.00000055 0.84919138
vn 0.97388280 0.00001072 -0.22705132
vn -0.58247748 0.00000030 -0.81284684
vn 0.84920821 -0.00000010 0.52805816
vn 0.68358276 0.00000052 -0.72987301
vn 0.58247417 -0.00000030 0.81284921
vn -0.58243000 0.00000030 -0.81288087
vn 0.58247601 -0.00000761 0.81284790
vn 0.22705504 -0.00001663 0.97388193
vn -0.91087341 -0.00000041 0.41268588
vn 0.58247623 -0.00000030 0.81284773
vt 0.00000000 0.00000000
vt 0.00000000 0.00000000
vt 0.00000000 0.00000000
vt 0.00000000 0.00000000
vt 0.00000000 0.00000000
vt 0.00000000 0.00000000
vt 0.00000000 0.00000000
vt 0.00000000 0.00000000
vt 0.00000000 0.00000000
vt 0.00000000 0.00000000
vt 0.00000000 0.00000000
vt 0.00000000 0.00000000
vt 0.00000000 0.00000000
vt 0.00000000 0.00000000
vt 0.00000000 0.00000000
vt 0.00000000 0.00000000
vt 0.00000000 0.00000000
vt 0.00000000 0.00000000
vt 0.00000000 0.00000000
vt 0.00000000 0.00000000
vt 0.00000000 0.00000000
vt 0.00000000 0.00000000
vt 0.00000000 0.00000000
vt 0.00000000 0.00000000
vt 0.00000000 0.00000000
vt 0.00000000 0.00000000
vt 0.00000000 0.00000000
vt 0.00000000 0.00000000
vt 0.00000000 0.00000000
vt 0.00000000 0.00000000
vt 0.00000000 0.00000000
vt 0.00000000 0.00000000
vt 0.00000000 0.00000000
vt 0.00000000 0.00000000
vt 0.00000000 0.00000000
vt 0.00000000 0.00000000
vt 0.00000000 0.00000000
vt 0.00000000 0.00000000
vt 0.00000000 0.00000000
vt 0.00000000 0.00000000
vt 0.00000000 0.00000000
vt 0.00000000 0.00000000
vt 0.00000000 0.00000000
vt 0.00000000 0.00000000
vt 0.00000000 0.00000000
vt 0.00000000 0.00000000
vt 0.00000000 0.00000000
vt 0.00000000 0.00000000
vt 0.00000000 0.00000000
vt 0.00000000 0.00000000
vt 0.00000000 0.00000000
vt 0.00000000 0.00000000
vt 0.00000000 0.00000000
vt 0.00000000 0.00000000
vt 0.00000000 0.00000000
vt 0.00000000 0.00000000
vt 0.00000000 0.00000000
vt 0.00000000 0.00000000
vt 0.00000000 0.00000000
vt 0.00000000 0.00000000
vt 0.00000000 0.00000000
vt 0.00000000 0.00000000
vt 0.00000000 0.00000000
vt 0.00000000 0.00000000
vt 0.00000000 0.00000000
vt 0.00000000 0.00000000
vt 0.00000000 0.00000000
vt 0.00000000 0.00000000
vt 0.00000000 0.00000000
vt 0.00000000 0.00000000
vt 0.00000000 0.00000000
vt 0.00000000 0.00000000
vt 0.00000000 0.00000000
vt 0.00000000 0.00000000
vt 0.00000000 0.00000000
vt 0.00000000 0.00000000
vt 0.00000000 0.00000000
vt 0.00000000 0.00000000
vt 0.00000000 0.00000000
vt 0.00000000 0.00000000
vt 0.00000000 0.00000000
vt 0.00000000 0.00000000
vt 0.00000000 0.00000000
vt 0.00000000 0.00000000
vt 0.00000000 0.00000000
vt 0.00000000 0.00000000
vt 0.00000000 0.00000000
vt 0.00000000 0.00000000
vt 0.00000000 0.00000000
vt 0.00000000 0.00000000
vt 0.00000000 0.00000000
vt 0.00000000 0.00000000
vt 0.00000000 0.00000000
vt 0.00000000 0.00000000
vt 0.00000000 0.00000000
vt 0.00000000 0.00000000
vt 0.00000000 0.00000000
vt 0.00000000 0.00000000
vt 0.00000000 0.00000000
vt 0.00000000 0.00000000
vt 0.00000000 0.00000000
vt 0.00000000 0.00000000
vt 0.00000000 0.00000000
vt 0.00000000 0.00000000
vt 0.00000000 0.00000000
vt 0.00000000 0.00000000
vt 0.00000000 0.00000000
vt 0.00000000 0.00000000
vt 0.00000000 0.00000000
vt 0.00000000 0.00000000
vt 0.00000000 0.00000000
vt 0.00000000 0.00000000
vt 0.00000000 0.00000000
vt 0.00000000 0.00000000
vt 0.00000000 0.00000000
vt 0.00000000 0.00000000
vt 0.00000000 0.00000000
vt 0.00000000 0.00000000
vt 0.00000000 0.00000000
vt 0.00000000 0.00000000
vt 0.00000000 0.00000000
vt 0.00000000 0.00000000
vt 0.00000000 0.00000000
vt 0.00000000 0.00000000
vt 0.00000000 0.00000000
vt 0.00000000 0.00000000
vt 0.00000000 0.00000000
vt 0.00000000 0.00000000
vt 0.00000000 0.00000000
vt 0.00000000 0.00000000
vt 0.00000000 0.00000000
vt 0.00000000 0.00000000
vt 0.00000000 0.00000000
vt 0.00000000 0.00000000
vt 0.00000000 0.00000000
vt 0.00000000 0.00000000
vt 0.00000000 0.00000000
vt 0.00000000 0.00000000
vt 0.00000000 0.00000000
vt 0.00000000 0.00000000
vt 0.00000000 0.00000000
vt 0.00000000 0.00000000
vt 0.00000000 0.00000000
vt 0.00000000 0.00000000
vt 0.00000000 0.00000000
vt 0.00000000 0.00000000
vt 0.00000000 0.00000000
vt 0.00000000 0.00000000
vt 0.00000000 0.00000000
vt 0.00000000 0.00000000
vt 0.00000000 0.00000000
vt 0.00000000 0.00000000
vt 0.00000000 0.00000000
vt 0.00000000 0.00000000
vt 0.00000000 0.00000000
vt 0.00000000 0.00000000
vt 0.00000000 0.00000000
vt 0.00000000 0.00000000
vt 0.00000000 0.00000000
vt 0.00000000 0.00000000
vt 0.00000000 0.00000000
vt 0.00000000 0.00000000
vt 0.00000000 0.00000000
vt 0.00000000 0.00000000
vt 0.00000000 0.00000000
vt 0.00000000 0.00000000
vt 0.00000000 0.00000000
vt 0.00000000 0.00000000
vt 0.00000000 0.00000000
vt 0.00000000 0.00000000
vt 0.00000000 0.00000000
vt 0.00000000 0.00000000
vt 0.00000000 0.00000000
vt 0.00000000 0.00000000
vt 0.00000000 0.00000000
vt 0.00000000 0.00000000
vt 0.00000000 0.00000000
vt 0.00000000 0.00000000
vt 0.00000000 0.00000000
vt 0.00000000 0.00000000
vt 0.00000000 0.00000000
vt 0.00000000 0.00000000
vt 0.00000000 0.00000000
vt 0.00000000 0.00000000
vt 0.00000000 0.00000000
vt 0.00000000 0.00000000
vt 0.00000000 0.00000000
vt 0.00000000 0.00000000
vt 0.00000000 0.00000000
vt 0.00000000 0.00000000
vt 0.00000000 0.00000000
vt 0.00000000 0.00000000
vt 0.00000000 0.00000000
vt 0.00000000 0.00000000
vt 0.00000000 0.00000000
vt 0.00000000 0.00000000
vt 0.00000000 0.00000000
vt 0.00000000 0.00000000
vt 0.00000000 0.00000000
vt 0.00000000 0.00000000
vt 0.00000000 0.00000000
vt 0.00000000 0.00000000
vt 0.00000000 0.00000000
vt 0.00000000 0.00000000
vt 0.00000000 0.00000000
vt 0.00000000 0.00000000
vt 0.00000000 0.00000000
vt 0.00000000 0.00000000
vt 0.00000000 0.00000000
vt 0.00000000 0.00000000
vt 0.00000000 0.00000000
vt 0.00000000 0.00000000
vt 0.00000000 0.00000000
vt 0.00000000 0.00000000
vt 0.00000000 0.00000000
vt 0.00000000 0.00000000
vt 0.00000000 0.00000000
vt 0.00000000 0.00000000
vt 0.00000000 0.00000000
vt 0.00000000 0.00000000
vt 0.00000000 0.00000000
vt 0.00000000 0.00000000
vt 0.00000000 0.00000000
vt 0.00000000 0.00000000
vt 0.00000000 0.00000000
vt 0.00000000 0.00000000
vt 0.00000000 0.00000000
vt 0.00000000 0.00000000
vt 0.00000000 0.00000000
vt 0.00000000 0.00000000
vt 0.00000000 0.00000000
vt 0.00000000 0.00000000
vt 0.00000000 0.00000000
vt 0.00000000 0.00000000
vt 0.00000000 0.00000000
vt 0.00000000 0.00000000
vt 0.00000000 0.00000000
vt 0.00000000 0.00000000
vt 0.00000000 0.00000000
vt 0.00000000 0.00000000
vt 0.00000000 0.00000000
vt 0.00000000 0.00000000
vt 0.00000000 0.00000000
vt 0.00000000 0.00000000
vt 0.00000000 0.00000000
vt 0.00000000 0.00000000
vt 0.00000000 0.00000000
vt 0.00000000 0.00000000
vt 0.00000000 0.00000000
vt 0.00000000 0.00000000
vt 0.00000000 0.00000000
vt 0.00000000 0.00000000
vt 0.00000000 0.00000000
vt 0.00000000 0.00000000
vt 0.00000000 0.00000000
vt 0.00000000 0.00000000
vt 0.00000000 0.00000000
vt 0.00000000 0.00000000
vt 0.00000000 0.00000000
vt 0.00000000 0.00000000
vt 0.00000000 0.00000000
vt 0.00000000 0.00000000
vt 0.00000000 0.00000000
vt 0.00000000 0.00000000
vt 0.00000000 0.00000000
vt 0.00000000 0.00000000
vt 0.00000000 0.00000000
vt 0.00000000 0.00000000
vt 0.00000000 0.00000000
vt 0.00000000 0.00000000
vt 0.00000000 0.00000000
vt 0.00000000 0.00000000
vt 0.00000000 0.00000000
vt 0.00000000 0.00000000
vt 0.00000000 0.00000000
vt 0.00000000 0.00000000
vt 0.00000000 0.00000000
vt 0.00000000 0.00000000
vt 0.00000000 0.00000000
vt 0.00000000 0.00000000
vt 0.00000000 0.00000000
vt 0.00000000 0.00000000
vt 0.00000000 0.00000000
vt 0.00000000 0.00000000
vt 0.00000000 0.00000000
vt 0.00000000 0.00000000
vt 0.00000000 0.00000000
vt 0.00000000 0.00000000
vt 0.00000000 0.00000000
vt 0.00000000 0.00000000
vt 0.00000000 0.00000000
vt 0.00000000 0.00000000
vt 0.00000000 0.00000000
vt 0.00000000 0.00000000
vt 0.00000000 0.00000000
vt 0.00000000 0.00000000
vt 0.00000000 0.00000000
vt 0.00000000 0.00000000
vt 0.00000000 0.00000000
vt 0.00000000 0.00000000
vt 0.00000000 0.00000000
vt 0.00000000 0.00000000
vt 0.00000000 0.00000000
vt 0.00000000 0.00000000
vt 0.00000000 0.00000000
vt 0.00000000 0.00000000
vt 0.00000000 0.00000000
vt 0.00000000 0.00000000
vt 0.00000000 0.00000000
vt 0.00000000 0.00000000
vt 0.00000000 0.00000000
vt 0.00000000 0.00000000
vt 0.00000000 0.00000000
vt 0.00000000 0.00000000
vt 0.00000000 0.00000000
vt 0.00000000 0.00000000
vt 0.00000000 0.00000000
vt 0.00000000 0.00000000
vt 0.00000000 0.00000000
vt 0.00000000 0.00000000
vt 0.00000000 0.00000000
vt 0.00000000 0.00000000
vt 0.00000000 0.00000000
vt 0.00000000 0.00000000
vt 0.00000000 0.00000000
vt 0.00000000 0.00000000
vt 0.00000000 0.00000000
vt 0.00000000 0.00000000
vt 0.00000000 0.00000000
vt 0.00000000 0.00000000
vt 0.00000000 0.00000000
vt 0.00000000 0.00000000
vt 0.00000000 0.00000000
vt 0.00000000 0.00000000
vt 0.00000000 0.00000000
vt 0.00000000 0.00000000
vt 0.00000000 0.00000000
vt 0.00000000 0.00000000
vt 0.00000000 0.00000000
vt 0.00000000 0.00000000
vt 0.00000000 0.00000000
vt 0.00000000 0.00000000
vt 0.00000000 0.00000000
vt 0.00000000 0.00000000
vt 0.00000000 0.00000000
vt 0.00000000 0.00000000
vt 0.00000000 0.00000000
vt 0.00000000 0.00000000
vt 0.00000000 0.00000000
vt 0.00000000 0.00000000
vt 0.00000000 0.00000000
vt 0.00000000 0.00000000
vt 0.00000000 0.00000000
vt 0.00000000 0.00000000
vt 0.00000000 0.00000000
vt 0.00000000 0.00000000
vt 0.00000000 0.00000000
vt 0.00000000 0.00000000
vt 0.00000000 0.00000000
vt 0.00000000 0.00000000
vt 0.00000000 0.00000000
vt 0.00000000 0.00000000
vt 0.00000000 0.00000000
vt 0.00000000 0.00000000
vt 0.00000000 0.00000000
vt 0.00000000 0.00000000
vt 0.00000000 0.00000000
vt 0.00000000 0.00000000
vt 0.00000000 0.00000000
vt 0.00000000 0.00000000
vt 0.00000000 0.00000000
vt 0.00000000 0.00000000
vt 0.00000000 0.00000000
vt 0.00000000 0.00000000
vt 0.00000000 0.00000000
vt 0.00000000 0.00000000
vt 0.00000000 0.00000000
vt 0.00000000 0.00000000
vt 0.00000000 0.00000000
vt 0.00000000 0.00000000
vt 0.00000000 0.00000000
vt 0.00000000 0.00000000
vt 0.00000000 0.00000000
vt 0.00000000 0.00000000
vt 0.00000000 0.00000000
vt 0.00000000 0.00000000
vt 0.00000000 0.00000000
vt 0.00000000 0.00000000
vt 0.00000000 0.00000000
vt 0.00000000 0.00000000
vt 0.00000000 0.00000000
vt 0.00000000 0.00000000
vt 0.00000000 0.00000000
vt 0.00000000 0.00000000
vt 0.00000000 0.00000000
vt 0.00000000 0.00000000
vt 0.00000000 0.00000000
vt 0.00000000 0.00000000
vt 0.00000000 0.00000000
vt 0.00000000 0.00000000
vt 0.00000000 0.00000000
vt 0.00000000 0.00000000
vt 0.00000000 0.00000000
vt 0.00000000 0.00000000
vt 0.00000000 0.00000000
vt 0.00000000 0.00000000
vt 0.00000000 0.00000000
vt 0.00000000 0.00000000
vt 0.00000000 0.00000000
vt 0.00000000 0.00000000
vt 0.00000000 0.00000000
vt 0.00000000 0.00000000
vt 0.00000000 0.00000000
vt 0.00000000 0.00000000
vt 0.00000000 0.00000000
vt 0.00000000 0.00000000
vt 0.00000000 0.00000000
vt 0.00000000 0.00000000
vt 0.00000000 0.00000000
vt 0.00000000 0.00000000
vt 0.00000000 0.00000000
vt 0.00000000 0.00000000
vt 0.00000000 0.00000000
vt 0.00000000 0.00000000
vt 0.00000000 0.00000000
vt 0.00000000 0.00000000
vt 0.00000000 0.00000000
vt 0.00000000 0.00000000
vt 0.00000000 0.00000000
vt 0.00000000 0.00000000
vt 0.00000000 0.00000000
vt 0.00000000 0.00000000
vt 0.00000000 0.00000000
vt 0.00000000 0.00000000
vt 0.00000000 0.00000000
vt 0.00000000 0.00000000
vt 0.00000000 0.00000000
vt 0.00000000 0.00000000
vt 0.00000000 0.00000000
vt 0.00000000 0.00000000
vt 0.00000000 0.00000000
vt 0.00000000 0.00000000
vt 0.00000000 0.00000000
vt 0.00000000 0.00000000
vt 0.00000000 0.00000000
vt 0.00000000 0.00000000
vt 0.00000000 0.00000000
vt 0.00000000 0.00000000
vt 0.00000000 0.00000000
vt 0.00000000 0.00000000
vt 0.00000000 0.00000000
vt 0.00000000 0.00000000
vt 0.00000000 0.00000000
vt 0.00000000 0.00000000
vt 0.00000000 0.00000000
vt 0.00000000 0.00000000
vt 0.00000000 0.00000000
vt 0.00000000 0.00000000
vt 0.00000000 0.00000000
vt 0.00000000 0.00000000
vt 0.00000000 0.00000000
vt 0.00000000 0.00000000
vt 0.00000000 0.00000000
vt 0.00000000 0.00000000
vt 0.00000000 0.00000000
vt 0.00000000 0.00000000
vt 0.00000000 0.00000000
vt 0.00000000 0.00000000
vt 0.00000000 0.00000000
vt 0.00000000 0.00000000
vt 0.00000000 0.00000000
vt 0.00000000 0.00000000
vt 0.00000000 0.00000000
vt 0.00000000 0.00000000
vt 0.00000000 0.00000000
vt 0.00000000 0.00000000
vt 0.00000000 0.00000000
vt 0.00000000 0.00000000
vt 0.00000000 0.00000000
vt 0.00000000 0.00000000
vt 0.00000000 0.00000000
vt 0.00000000 0.00000000
vt 0.00000000 0.00000000
vt 0.00000000 0.00000000
vt 0.00000000 0.00000000
vt 0.00000000 0.00000000
vt 0.00000000 0.00000000
vt 0.00000000 0.00000000
vt 0.00000000 0.00000000
vt 0.00000000 0.00000000
vt 0.00000000 0.00000000
vt 0.00000000 0.00000000
vt 0.00000000 0.00000000
vt 0.00000000 0.00000000
vt 0.00000000 0.00000000
vt 0.00000000 0.00000000
vt 0.00000000 0.00000000
vt 0.00000000 0.00000000
vt 0.00000000 0.00000000
vt 0.00000000 0.00000000
vt 0.00000000 0.00000000
vt 0.00000000 0.00000000
vt 0.00000000 0.00000000
vt 0.00000000 0.00000000
vt 0.00000000 0.00000000
vt 0.00000000 0.00000000
vt 0.00000000 0.00000000
vt 0.00000000 0.00000000
vt 0.00000000 0.00000000
vt 0.00000000 0.00000000
vt 0.00000000 0.00000000
vt 0.00000000 0.00000000
vt 0.00000000 0.00000000
vt 0.00000000 0.00000000
vt 0.00000000 0.00000000
vt 0.00000000 0.00000000
vt 0.00000000 0.00000000
vt 0.00000000 0.00000000
vt 0.00000000 0.00000000
vt 0.00000000 0.00000000
vt 0.00000000 0.00000000
vt 0.00000000 0.00000000
vt 0.00000000 0.00000000
vt 0.00000000 0.00000000
vt 0.00000000 0.00000000
vt 0.00000000 0.00000000
vt 0.00000000 0.00000000
vt 0.00000000 0.00000000
vt 0.00000000 0.00000000
vt 0.00000000 0.00000000
vt 0.00000000 0.00000000
vt 0.00000000 0.00000000
vt 0.00000000 0.00000000
vt 0.00000000 0.00000000
vt 0.00000000 0.00000000
vt 0.00000000 0.00000000
vt 0.00000000 0.00000000
vt 0.00000000 0.00000000
vt 0.00000000 0.00000000
vt 0.00000000 0.00000000
vt 0.00000000 0.00000000
vt 0.00000000 0.00000000
vt 0.00000000 0.00000000
vt 0.00000000 0.00000000
vt 0.00000000 0.00000000
vt 0.00000000 0.00000000
vt 0.00000000 0.00000000
vt 0.00000000 0.00000000
vt 0.00000000 0.00000000
vt 0.00000000 0.00000000
vt 0.00000000 0.00000000
vt 0.00000000 0.00000000
vt 0.00000000 0.00000000
vt 0.00000000 0.00000000
vt 0.00000000 0.00000000
vt 0.00000000 0.00000000
vt 0.00000000 0.00000000
vt 0.00000000 0.00000000
vt 0.00000000 0.00000000
vt 0.00000000 0.00000000
vt 0.00000000 0.00000000
vt 0.00000000 0.00000000
vt 0.00000000 0.00000000
vt 0.00000000 0.00000000
vt 0.00000000 0.00000000
vt 0.00000000 0.00000000
vt 0.00000000 0.00000000
vt 0.00000000 0.00000000
vt 0.00000000 0.00000000
vt 0.00000000 0.00000000
vt 0.00000000 0.00000000
vt 0.00000000 0.00000000
vt 0.00000000 0.00000000
vt 0.00000000 0.00000000
vt 0.00000000 0.00000000
vt 0.00000000 0.00000000
vt 0.00000000 0.00000000
vt 0.00000000 0.00000000
vt 0.00000000 0.00000000
vt 0.00000000 0.00000000
vt 0.00000000 0.00000000
vt 0.00000000 0.00000000
vt 0.00000000 0.00000000
vt 0.00000000 0.00000000
vt 0.00000000 0.00000000
vt 0.00000000 0.00000000
vt 0.00000000 0.00000000
vt 0.00000000 0.00000000
vt 0.00000000 0.00000000
vt 0.00000000 0.00000000
vt 0.00000000 0.00000000
vt 0.00000000 0.00000000
vt 0.00000000 0.00000000
vt 0.00000000 0.00000000
vt 0.00000000 0.00000000
vt 0.00000000 0.00000000
vt 0.00000000 0.00000000
vt 0.00000000 0.00000000
vt 0.00000000 0.00000000
vt 0.00000000 0.00000000
vt 0.00000000 0.00000000
vt 0.00000000 0.00000000
vt 0.00000000 0.00000000
vt 0.00000000 0.00000000
vt 0.00000000 0.00000000
vt 0.00000000 0.00000000
vt 0.00000000 0.00000000
vt 0.00000000 0.00000000
vt 0.00000000 0.00000000
vt 0.00000000 0.00000000
vt 0.00000000 0.00000000
vt 0.00000000 0.00000000
vt 0.00000000 0.00000000
vt 0.00000000 0.00000000
vt 0.00000000 0.00000000
vt 0.00000000 0.00000000
vt 0.00000000 0.00000000
vt 0.00000000 0.00000000
vt 0.00000000 0.00000000
vt 0.00000000 0.00000000
vt 0.00000000 0.00000000
vt 0.00000000 0.00000000
vt 0.00000000 0.00000000
vt 0.00000000 0.00000000
vt 0.00000000 0.00000000
vt 0.00000000 0.00000000
vt 0.00000000 0.00000000
vt 0.00000000 0.00000000
vt 0.00000000 0.00000000
vt 0.00000000 0.00000000
vt 0.00000000 0.00000000
vt 0.00000000 0.00000000
vt 0.00000000 0.00000000
vt 0.00000000 0.00000000
vt 0.00000000 0.00000000
vt 0.00000000 0.00000000
vt 0.00000000 0.00000000
vt 0.00000000 0.00000000
vt 0.00000000 0.00000000
vt 0.00000000 0.00000000
vt 0.00000000 0.00000000
vt 0.00000000 0.00000000
vt 0.00000000 0.00000000
vt 0.00000000 0.00000000
vt 0.00000000 0.00000000
vt 0.00000000 0.00000000
vt 0.00000000 0.00000000
vt 0.00000000 0.00000000
vt 0.00000000 0.00000000
vt 0.00000000 0.00000000
vt 0.00000000 0.00000000
vt 0.00000000 0.00000000
vt 0.00000000 0.00000000
vt 0.00000000 0.00000000
vt 0.00000000 0.00000000
vt 0.00000000 0.00000000
vt 0.00000000 0.00000000
vt 0.00000000 0.00000000
vt 0.00000000 0.00000000
vt 0.00000000 0.00000000
vt 0.00000000 0.00000000
vt 0.00000000 0.00000000
vt 0.00000000 0.00000000
vt 0.00000000 0.00000000
vt 0.00000000 0.00000000
vt 0.00000000 0.00000000
vt 0.00000000 0.00000000
vt 0.00000000 0.00000000
vt 0.00000000 0.00000000
vt 0.00000000 0.00000000
vt 0.00000000 0.00000000
vt 0.00000000 0.00000000
vt 0.00000000 0.00000000
vt 0.00000000 0.00000000
vt 0.00000000 0.00000000
vt 0.00000000 0.00000000
vt 0.00000000 0.00000000
vt 0.00000000 0.00000000
vt 0.00000000 0.00000000
vt 0.00000000 0.00000000
vt 0.00000000 0.00000000
vt 0.00000000 0.00000000
vt 0.00000000 0.00000000
vt 0.00000000 0.00000000
vt 0.00000000 0.00000000
vt 0.00000000 0.00000000
vt 0.00000000 0.00000000
vt 0.00000000 0.00000000
vt 0.00000000 0.00000000
vt 0.00000000 0.00000000
vt 0.00000000 0.00000000
vt 0.00000000 0.00000000
vt 0.00000000 0.00000000
vt 0.00000000 0.00000000
vt 0.00000000 0.00000000
vt 0.00000000 0.00000000
vt 0.00000000 0.00000000
vt 0.00000000 0.00000000
vt 0.00000000 0.00000000
vt 0.00000000 0.00000000
vt 0.00000000 0.00000000
vt 0.00000000 0.00000000
vt 0.00000000 0.00000000
vt 0.00000000 0.00000000
vt 0.00000000 0.00000000
vt 0.00000000 0.00000000
vt 0.00000000 0.00000000
vt 0.00000000 0.00000000
vt 0.00000000 0.00000000
vt 0.00000000 0.00000000
vt 0.00000000 0.00000000
vt 0.00000000 0.00000000
vt 0.00000000 0.00000000
vt 0.00000000 0.00000000
vt 0.00000000 0.00000000
vt 0.00000000 0.00000000
vt 0.00000000 0.00000000
vt 0.00000000 0.00000000
vt 0.00000000 0.00000000
vt 0.00000000 0.00000000
vt 0.00000000 0.00000000
vt 0.00000000 0.00000000
vt 0.00000000 0.00000000
vt 0.00000000 0.00000000
vt 0.00000000 0.00000000
vt 0.00000000 0.00000000
vt 0.00000000 0.00000000
vt 0.00000000 0.00000000
vt 0.00000000 0.00000000
vt 0.00000000 0.00000000
vt 0.00000000 0.00000000
vt 0.00000000 0.00000000
vt 0.00000000 0.00000000
vt 0.00000000 0.00000000
vt 0.00000000 0.00000000
vt 0.00000000 0.00000000
vt 0.00000000 0.00000000
vt 0.00000000 0.00000000
vt 0.00000000 0.00000000
vt 0.00000000 0.00000000
vt 0.00000000 0.00000000
vt 0.00000000 0.00000000
vt 0.00000000 0.00000000
vt 0.00000000 0.00000000
vt 0.00000000 0.00000000
vt 0.00000000 0.00000000
vt 0.00000000 0.00000000
vt 0.00000000 0.00000000
vt 0.00000000 0.00000000
vt 0.00000000 0.00000000
vt 0.00000000 0.00000000
vt 0.00000000 0.00000000
vt 0.00000000 0.00000000
vt 0.00000000 0.00000000
vt 0.00000000 0.00000000
vt 0.00000000 0.00000000
vt 0.00000000 0.00000000
vt 0.00000000 0.00000000
vt 0.00000000 0.00000000
vt 0.00000000 0.00000000
vt 0.00000000 0.00000000
vt 0.00000000 0.00000000
vt 0.00000000 0.00000000
vt 0.00000000 0.00000000
vt 0.00000000 0.00000000
vt 0.00000000 0.00000000
vt 0.00000000 0.00000000
vt 0.00000000 0.00000000
vt 0.00000000 0.00000000
vt 0.00000000 0.00000000
vt 0.00000000 0.00000000
vt 0.00000000 0.00000000
vt 0.00000000 0.00000000
vt 0.00000000 0.00000000
vt 0.00000000 0.00000000
vt 0.00000000 0.00000000
vt 0.00000000 0.00000000
vt 0.00000000 0.00000000
vt 0.00000000 0.00000000
vt 0.00000000 0.00000000
vt 0.00000000 0.00000000
vt 0.00000000 0.00000000
vt 0.00000000 0.00000000
vt 0.00000000 0.00000000
vt 0.00000000 0.00000000
vt 0.00000000 0.00000000
vt 0.00000000 0.00000000
vt 0.00000000 0.00000000
vt 0.00000000 0.00000000
vt 0.00000000 0.00000000
vt 0.00000000 0.00000000
vt 0.00000000 0.00000000
vt 0.00000000 0.00000000
vt 0.00000000 0.00000000
vt 0.00000000 0.00000000
vt 0.00000000 0.00000000
vt 0.00000000 0.00000000
vt 0.00000000 0.00000000
vt 0.00000000 0.00000000
vt 0.00000000 0.00000000
vt 0.00000000 0.00000000
vt 0.00000000 0.00000000
vt 0.00000000 0.00000000
vt 0.00000000 0.00000000
vt 0.00000000 0.00000000
vt 0.00000000 0.00000000
vt 0.00000000 0.00000000
vt 0.00000000 0.00000000
vt 0.00000000 0.00000000
vt 0.00000000 0.00000000
vt 0.00000000 0.00000000
vt 0.00000000 0.00000000
vt 0.00000000 0.00000000
vt 0.00000000 0.00000000
vt 0.00000000 0.00000000
vt 0.00000000 0.00000000
vt 0.00000000 0.00000000
vt 0.00000000 0.00000000
vt 0.00000000 0.00000000
vt 0.00000000 0.00000000
vt 0.00000000 0.00000000
vt 0.00000000 0.00000000
vt 0.00000000 0.00000000
vt 0.00000000 0.00000000
vt 0.00000000 0.00000000
vt 0.00000000 0.00000000
vt 0.00000000 0.00000000
vt 0.00000000 0.00000000
vt 0.00000000 0.00000000
vt 0.00000000 0.00000000
vt 0.00000000 0.00000000
vt 0.00000000 0.00000000
vt 0.00000000 0.00000000
vt 0.00000000 0.00000000
vt 0.00000000 0.00000000
vt 0.00000000 0.00000000
vt 0.00000000 0.00000000
vt 0.00000000 0.00000000
vt 0.00000000 0.00000000
vt 0.00000000 0.00000000
vt 0.00000000 0.00000000
vt 0.00000000 0.00000000
vt 0.00000000 0.00000000
vt 0.00000000 0.00000000
vt 0.00000000 0.00000000
vt 0.00000000 0.00000000
vt 0.00000000 0.00000000
vt 0.00000000 0.00000000
vt 0.00000000 0.00000000
vt 0.00000000 0.00000000
vt 0.00000000 0.00000000
vt 0.00000000 0.00000000
vt 0.00000000 0.00000000
vt 0.00000000 0.00000000
vt 0.00000000 0.00000000
vt 0.00000000 0.00000000
vt 0.00000000 0.00000000
vt 0.00000000 0.00000000
vt 0.00000000 0.00000000
vt 0.00000000 0.00000000
vt 0.00000000 0.00000000
vt 0.00000000 0.00000000
vt 0.00000000 0.00000000
vt 0.00000000 0.00000000
vt 0.00000000 0.00000000
vt 0.00000000 0.00000000
vt 0.00000000 0.00000000
vt 0.00000000 0.00000000
vt 0.00000000 0.00000000
vt 0.00000000 0.00000000
vt 0.00000000 0.00000000
vt 0.00000000 0.00000000
vt 0.00000000 0.00000000
vt 0.00000000 0.00000000
vt 0.00000000 0.00000000
vt 0.00000000 0.00000000
vt 0.00000000 0.00000000
vt 0.00000000 0.00000000
vt 0.00000000 0.00000000
vt 0.00000000 0.00000000
vt 0.00000000 0.00000000
vt 0.00000000 0.00000000
vt 0.00000000 0.00000000
vt 0.00000000 0.00000000
vt 0.00000000 0.00000000
vt 0.00000000 0.00000000
vt 0.00000000 0.00000000
vt 0.00000000 0.00000000
vt 0.00000000 0.00000000
vt 0.00000000 0.00000000
vt 0.00000000 0.00000000
vt 0.00000000 0.00000000
vt 0.00000000 0.00000000
vt 0.00000000 0.00000000
vt 0.00000000 0.00000000
vt 0.00000000 0.00000000
vt 0.00000000 0.00000000
vt 0.00000000 0.00000000
vt 0.00000000 0.00000000
vt 0.00000000 0.00000000
vt 0.00000000 0.00000000
vt 0.00000000 0.00000000
vt 0.00000000 0.00000000
vt 0.00000000 0.00000000
vt 0.00000000 0.00000000
vt 0.00000000 0.00000000
vt 0.00000000 0.00000000
vt 0.00000000 0.00000000
vt 0.00000000 0.00000000
vt 0.00000000 0.00000000
vt 0.00000000 0.00000000
vt 0.00000000 0.00000000
vt 0.00000000 0.00000000
vt 0.00000000 0.00000000
vt 0.00000000 0.00000000
vt 0.00000000 0.00000000
vt 0.00000000 0.00000000
vt 0.00000000 0.00000000
vt 0.00000000 0.00000000
vt 0.00000000 0.00000000
vt 0.00000000 0.00000000
vt 0.00000000 0.00000000
vt 0.00000000 0.00000000
vt 0.00000000 0.00000000
vt 0.00000000 0.00000000
vt 0.00000000 0.00000000
vt 0.00000000 0.00000000
vt 0.00000000 0.00000000
vt 0.00000000 0.00000000
vt 0.00000000 0.00000000
vt 0.00000000 0.00000000
vt 0.00000000 0.00000000
vt 0.00000000 0.00000000
vt 0.00000000 0.00000000
vt 0.00000000 0.00000000
vt 0.00000000 0.00000000
vt 0.00000000 0.00000000
vt 0.00000000 0.00000000
vt 0.00000000 0.00000000
vt 0.00000000 0.00000000
vt 0.00000000 0.00000000
vt 0.00000000 0.00000000
vt 0.00000000 0.00000000
vt 0.00000000 0.00000000
vt 0.00000000 0.00000000
vt 0.00000000 0.00000000
vt 0.00000000 0.00000000
vt 0.00000000 0.00000000
vt 0.00000000 0.00000000
vt 0.00000000 0.00000000
vt 0.00000000 0.00000000
vt 0.00000000 0.00000000
vt 0.00000000 0.00000000
vt 0.00000000 0.00000000
vt 0.00000000 0.00000000
vt 0.00000000 0.00000000
vt 0.00000000 0.00000000
vt 0.00000000 0.00000000
vt 0.00000000 0.00000000
vt 0.00000000 0.00000000
vt 0.00000000 0.00000000
vt 0.00000000 0.00000000
vt 0.00000000 0.00000000
vt 0.00000000 0.00000000
vt 0.00000000 0.00000000
vt 0.00000000 0.00000000
vt 0.00000000 0.00000000
vt 0.00000000 0.00000000
vt 0.00000000 0.00000000
vt 0.00000000 0.00000000
vt 0.00000000 0.00000000
vt 0.00000000 0.00000000
vt 0.00000000 0.00000000
vt 0.00000000 0.00000000
vt 0.00000000 0.00000000
vt 0.00000000 0.00000000
vt 0.00000000 0.00000000
vt 0.00000000 0.00000000
vt 0.00000000 0.00000000
vt 0.00000000 0.00000000
vt 0.00000000 0.00000000
vt 0.00000000 0.00000000
vt 0.00000000 0.00000000
vt 0.00000000 0.00000000
vt 0.00000000 0.00000000
vt 0.00000000 0.00000000
vt 0.00000000 0.00000000
vt 0.00000000 0.00000000
vt 0.00000000 0.00000000
vt 0.00000000 0.00000000
vt 0.00000000 0.00000000
vt 0.00000000 0.00000000
vt 0.00000000 0.00000000
vt 0.00000000 0.00000000
vt 0.00000000 0.00000000
vt 0.00000000 0.00000000
vt 0.00000000 0.00000000
vt 0.00000000 0.00000000
vt 0.00000000 0.00000000
vt 0.00000000 0.00000000
vt 0.00000000 0.00000000
vt 0.00000000 0.00000000
vt 0.00000000 0.00000000
vt 0.00000000 0.00000000
vt 0.00000000 0.00000000
vt 0.00000000 0.00000000
vt 0.00000000 0.00000000
vt 0.00000000 0.00000000
vt 0.00000000 0.00000000
vt 0.00000000 0.00000000
vt 0.00000000 0.00000000
vt 0.00000000 0.00000000
vt 0.00000000 0.00000000
vt 0.00000000 0.00000000
vt 0.00000000 0.00000000
vt 0.00000000 0.00000000
vt 0.00000000 0.00000000
vt 0.00000000 0.00000000
vt 0.00000000 0.00000000
vt 0.00000000 0.00000000
vt 0.00000000 0.00000000
vt 0.00000000 0.00000000
vt 0.00000000 0.00000000
vt 0.00000000 0.00000000
vt 0.00000000 0.00000000
vt 0.00000000 0.00000000
vt 0.00000000 0.00000000
vt 0.00000000 0.00000000
vt 0.00000000 0.00000000
vt 0.00000000 0.00000000
vt 0.00000000 0.00000000
vt 0.00000000 0.00000000
vt 0.00000000 0.00000000
vt 0.00000000 0.00000000
vt 0.00000000 0.00000000
vt 0.00000000 0.00000000
vt 0.00000000 0.00000000
vt 0.00000000 0.00000000
vt 0.00000000 0.00000000
vt 0.00000000 0.00000000
vt 0.00000000 0.00000000
vt 0.00000000 0.00000000
vt 0.00000000 0.00000000
vt 0.00000000 0.00000000
vt 0.00000000 0.00000000
vt 0.00000000 0.00000000
vt 0.00000000 0.00000000
vt 0.00000000 0.00000000
vt 0.00000000 0.00000000
vt 0.00000000 0.00000000
vt 0.00000000 0.00000000
vt 0.00000000 0.00000000
vt 0.00000000 0.00000000
vt 0.00000000 0.00000000
vt 0.00000000 0.00000000
vt 0.00000000 0.00000000
vt 0.00000000 0.00000000
vt 0.00000000 0.00000000
vt 0.00000000 0.00000000
vt 0.00000000 0.00000000
vt 0.00000000 0.00000000
vt 0.00000000 0.00000000
vt 0.00000000 0.00000000
vt 0.00000000 0.00000000
vt 0.00000000 0.00000000
vt 0.00000000 0.00000000
vt 0.00000000 0.00000000
vt 0.00000000 0.00000000
vt 0.00000000 0.00000000
vt 0.00000000 0.00000000
vt 0.00000000 0.00000000
vt 0.00000000 0.00000000
vt 0.00000000 0.00000000
vt 0.00000000 0.00000000
vt 0.00000000 0.00000000
vt 0.00000000 0.00000000
vt 0.00000000 0.00000000
vt 0.00000000 0.00000000
vt 0.00000000 0.00000000
vt 0.00000000 0.00000000
vt 0.00000000 0.00000000
vt 0.00000000 0.00000000
vt 0.00000000 0.00000000
vt 0.00000000 0.00000000
vt 0.00000000 0.00000000
vt 0.00000000 0.00000000
vt 0.00000000 0.00000000
vt 0.00000000 0.00000000
vt 0.00000000 0.00000000
vt 0.00000000 0.00000000
vt 0.00000000 0.00000000
vt 0.00000000 0.00000000
vt 0.00000000 0.00000000
vt 0.00000000 0.00000000
vt 0.00000000 0.00000000
vt 0.00000000 0.00000000
vt 0.00000000 0.00000000
vt 0.00000000 0.00000000
vt 0.00000000 0.00000000
vt 0.00000000 0.00000000
vt 0.00000000 0.00000000
vt 0.00000000 0.00000000
vt 0.00000000 0.00000000
vt 0.00000000 0.00000000
vt 0.00000000 0.00000000
vt 0.00000000 0.00000000
vt 0.00000000 0.00000000
vt 0.00000000 0.00000000
vt 0.00000000 0.00000000
vt 0.00000000 0.00000000
vt 0.00000000 0.00000000
vt 0.00000000 0.00000000
vt 0.00000000 0.00000000
vt 0.00000000 0.00000000
vt 0.00000000 0.00000000
vt 0.00000000 0.00000000
vt 0.00000000 0.00000000
vt 0.00000000 0.00000000
vt 0.00000000 0.00000000
vt 0.00000000 0.00000000
vt 0.00000000 0.00000000
vt 0.00000000 0.00000000
vt 0.00000000 0.00000000
vt 0.00000000 0.00000000
vt 0.00000000 0.00000000
vt 0.00000000 0.00000000
vt 0.00000000 0.00000000
vt 0.00000000 0.00000000
vt 0.00000000 0.00000000
vt 0.00000000 0.00000000
vt 0.00000000 0.00000000
vt 0.00000000 0.00000000
vt 0.00000000 0.00000000
vt 0.00000000 0.00000000
vt 0.00000000 0.00000000
vt 0.00000000 0.00000000
vt 0.00000000 0.00000000
vt 0.00000000 0.00000000
vt 0.00000000 0.00000000
vt 0.00000000 0.00000000
vt 0.00000000 0.00000000
vt 0.00000000 0.00000000
vt 0.00000000 0.00000000
vt 0.00000000 0.00000000
vt 0.00000000 0.00000000
vt 0.00000000 0.00000000
vt 0.00000000 0.00000000
vt 0.00000000 0.00000000
vt 0.00000000 0.00000000
vt 0.00000000 0.00000000
vt 0.00000000 0.00000000
vt 0.00000000 0.00000000
vt 0.00000000 0.00000000
vt 0.00000000 0.00000000
vt 0.00000000 0.00000000
vt 0.00000000 0.00000000
vt 0.00000000 0.00000000
vt 0.00000000 0.00000000
vt 0.00000000 0.00000000
vt 0.00000000 0.00000000
vt 0.00000000 0.00000000
vt 0.00000000 0.00000000
vt 0.00000000 0.00000000
vt 0.00000000 0.00000000
vt 0.00000000 0.00000000
vt 0.00000000 0.00000000
vt 0.00000000 0.00000000
vt 0.00000000 0.00000000
vt 0.00000000 0.00000000
vt 0.00000000 0.00000000
vt 0.00000000 0.00000000
vt 0.00000000 0.00000000
vt 0.00000000 0.00000000
vt 0.00000000 0.00000000
vt 0.00000000 0.00000000
vt 0.00000000 0.00000000
vt 0.00000000 0.00000000
vt 0.00000000 0.00000000
vt 0.00000000 0.00000000
vt 0.00000000 0.00000000
vt 0.00000000 0.00000000
vt 0.00000000 0.00000000
vt 0.00000000 0.00000000
vt 0.00000000 0.00000000
vt 0.00000000 0.00000000
vt 0.00000000 0.00000000
vt 0.00000000 0.00000000
vt 0.00000000 0.00000000
vt 0.00000000 0.00000000
vt 0.00000000 0.00000000
vt 0.00000000 0.00000000
vt 0.00000000 0.00000000
vt 0.00000000 0.00000000
vt 0.00000000 0.00000000
vt 0.00000000 0.00000000
vt 0.00000000 0.00000000
vt 0.00000000 0.00000000
vt 0.00000000 0.00000000
vt 0.00000000 0.00000000
vt 0.00000000 0.00000000
vt 0.00000000 0.00000000
vt 0.00000000 0.00000000
vt 0.00000000 0.00000000
vt 0.00000000 0.00000000
vt 0.00000000 0.00000000
vt 0.00000000 0.00000000
vt 0.00000000 0.00000000
vt 0.00000000 0.00000000
vt 0.00000000 0.00000000
vt 0.00000000 0.00000000
vt 0.00000000 0.00000000
vt 0.00000000 0.00000000
vt 0.00000000 0.00000000
vt 0.00000000 0.00000000
vt 0.00000000 0.00000000
vt 0.00000000 0.00000000
vt 0.00000000 0.00000000
vt 0.00000000 0.00000000
vt 0.00000000 0.00000000
vt 0.00000000 0.00000000
vt 0.00000000 0.00000000
vt 0.00000000 0.00000000
vt 0.00000000 0.00000000
vt 0.00000000 0.00000000
vt 0.00000000 0.00000000
vt 0.00000000 0.00000000
vt 0.00000000 0.00000000
vt 0.00000000 0.00000000
vt 0.00000000 0.00000000
vt 0.00000000 0.00000000
vt 0.00000000 0.00000000
vt 0.00000000 0.00000000
vt 0.00000000 0.00000000
vt 0.00000000 0.00000000
vt 0.00000000 0.00000000
vt 0.00000000 0.00000000
vt 0.00000000 0.00000000
vt 0.00000000 0.00000000
vt 0.00000000 0.00000000
vt 0.00000000 0.00000000
vt 0.00000000 0.00000000
vt 0.00000000 0.00000000
vt 0.00000000 0.00000000
vt 0.00000000 0.00000000
vt 0.00000000 0.00000000
vt 0.00000000 0.00000000
vt 0.00000000 0.00000000
vt 0.00000000 0.00000000
vt 0.00000000 0.00000000
vt 0.00000000 0.00000000
vt 0.00000000 0.00000000
vt 0.00000000 0.00000000
vt 0.00000000 0.00000000
vt 0.00000000 0.00000000
vt 0.00000000 0.00000000
vt 0.00000000 0.00000000
vt 0.00000000 0.00000000
vt 0.00000000 0.00000000
vt 0.00000000 0.00000000
vt 0.00000000 0.00000000
vt 0.00000000 0.00000000
vt 0.00000000 0.00000000
vt 0.00000000 0.00000000
vt 0.00000000 0.00000000
vt 0.00000000 0.00000000
vt 0.00000000 0.00000000
vt 0.00000000 0.00000000
vt 0.00000000 0.00000000
vt 0.00000000 0.00000000
vt 0.00000000 0.00000000
vt 0.00000000 0.00000000
vt 0.00000000 0.00000000
vt 0.00000000 0.00000000
vt 0.00000000 0.00000000
vt 0.00000000 0.00000000
vt 0.00000000 0.00000000
vt 0.00000000 0.00000000
vt 0.00000000 0.00000000
vt 0.00000000 0.00000000
vt 0.00000000 0.00000000
vt 0.00000000 0.00000000
vt 0.00000000 0.00000000
vt 0.00000000 0.00000000
vt 0.00000000 0.00000000
vt 0.00000000 0.00000000
vt 0.00000000 0.00000000
vt 0.00000000 0.00000000
vt 0.00000000 0.00000000
vt 0.00000000 0.00000000
vt 0.00000000 0.00000000
vt 0.00000000 0.00000000
vt 0.00000000 0.00000000
vt 0.00000000 0.00000000
vt 0.00000000 0.00000000
vt 0.00000000 0.00000000
vt 0.00000000 0.00000000
vt 0.00000000 0.00000000
vt 0.00000000 0.00000000
vt 0.00000000 0.00000000
vt 0.00000000 0.00000000
vt 0.00000000 0.00000000
vt 0.00000000 0.00000000
vt 0.00000000 0.00000000
vt 0.00000000 0.00000000
vt 0.00000000 0.00000000
vt 0.00000000 0.00000000
vt 0.00000000 0.00000000
vt 0.00000000 0.00000000
vt 0.00000000 0.00000000
vt 0.00000000 0.00000000
vt 0.00000000 0.00000000
vt 0.00000000 0.00000000
vt 0.00000000 0.00000000
vt 0.00000000 0.00000000
vt 0.00000000 0.00000000
vt 0.00000000 0.00000000
vt 0.00000000 0.00000000
vt 0.00000000 0.00000000
vt 0.00000000 0.00000000
vt 0.00000000 0.00000000
vt 0.00000000 0.00000000
vt 0.00000000 0.00000000
vt 0.00000000 0.00000000
vt 0.00000000 0.00000000
vt 0.00000000 0.00000000
vt 0.00000000 0.00000000
vt 0.00000000 0.00000000
vt 0.00000000 0.00000000
vt 0.00000000 0.00000000
vt 0.00000000 0.00000000
vt 0.00000000 0.00000000
vt 0.00000000 0.00000000
vt 0.00000000 0.00000000
vt 0.00000000 0.00000000
vt 0.00000000 0.00000000
vt 0.00000000 0.00000000
vt 0.00000000 0.00000000
vt 0.00000000 0.00000000
vt 0.00000000 0.00000000
vt 0.00000000 0.00000000
vt 0.00000000 0.00000000
vt 0.00000000 0.00000000
vt 0.00000000 0.00000000
vt 0.00000000 0.00000000
vt 0.00000000 0.00000000
vt 0.00000000 0.00000000
vt 0.00000000 0.00000000
vt 0.00000000 0.00000000
vt 0.00000000 0.00000000
vt 0.00000000 0.00000000
vt 0.00000000 0.00000000
vt 0.00000000 0.00000000
vt 0.00000000 0.00000000
vt 0.00000000 0.00000000
vt 0.00000000 0.00000000
vt 0.00000000 0.00000000
vt 0.00000000 0.00000000
vt 0.00000000 0.00000000
vt 0.00000000 0.00000000
vt 0.00000000 0.00000000
vt 0.00000000 0.00000000
vt 0.00000000 0.00000000
vt 0.00000000 0.00000000
vt 0.00000000 0.00000000
vt 0.00000000 0.00000000
vt 0.00000000 0.00000000
vt 0.00000000 0.00000000
vt 0.00000000 0.00000000
vt 0.00000000 0.00000000
vt 0.00000000 0.00000000
vt 0.00000000 0.00000000
vt 0.00000000 0.00000000
vt 0.00000000 0.00000000
vt 0.00000000 0.00000000
vt 0.00000000 0.00000000
vt 0.00000000 0.00000000
vt 0.00000000 0.00000000
vt 0.00000000 0.00000000
vt 0.00000000 0.00000000
vt 0.00000000 0.00000000
vt 0.00000000 0.00000000
vt 0.00000000 0.00000000
vt 0.00000000 0.00000000
vt 0.00000000 0.00000000
vt 0.00000000 0.00000000
vt 0.00000000 0.00000000
vt 0.00000000 0.00000000
vt 0.00000000 0.00000000
vt 0.00000000 0.00000000
vt 0.00000000 0.00000000
vt 0.00000000 0.00000000
vt 0.00000000 0.00000000
vt 0.00000000 0.00000000
vt 0.00000000 0.00000000
vt 0.00000000 0.00000000
vt 0.00000000 0.00000000
vt 0.00000000 0.00000000
vt 0.00000000 0.00000000
vt 0.00000000 0.00000000
vt 0.00000000 0.00000000
f 1197/1197/1197 1198/1198/1198 1199/1199/1199
f 1200/1200/1200 1201/1201/1201 1202/1202/1202
f 1203/1203/1203 1204/1204/1204 1205/1205/1205
f 1206/1206/1206 1207/1207/1207 1208/1208/1208
f 1209/1209/1209 1210/1210/1210 1211/1211/1211
f 1212/1212/1212 1213/1213/1213 1214/1214/1214
f 1215/1215/1215 1216/1216/1216 1217/1217/1217
f 1218/1218/1218 1219/1219/1219 1220/1220/1220
f 1221/1221/1221 1222/1222/1222 1223/1223/1223
f 1224/1224/1224 1225/1225/1225 1226/1226/1226
f 1227/1227/1227 1228/1228/1228 1229/1229/1229
f 1230/1230/1230 1231/1231/1231 1232/1232/1232
f 1233/1233/1233 1234/1234/1234 1235/1235/1235
f 1236/1236/1236 1237/1237/1237 1238/1238/1238
f 1239/1239/1239 1240/1240/1240 1241/1241/1241
f 1242/1242/1242 1243/1243/1243 1244/1244/1244
f 1245/1245/1245 1246/1246/1246 1247/1247/1247
f 1248/1248/1248 1249/1249/1249 1250/1250/1250
f 1251/1251/1251 1252/1252/1252 1253/1253/1253
f 1254/1254/1254 1255/1255/1255 1256/1256/1256
f 1257/1257/1257 1258/1258/1258 1259/1259/1259
f 1260/1260/1260 1261/1261/1261 1262/1262/1262
f 1263/1263/1263 1264/1264/1264 1265/1265/1265
f 1266/1266/1266 1267/1267/1267 1268/1268/1268
f 1269/1269/1269 1270/1270/1270 1271/1271/1271
f 1272/1272/1272 1273/1273/1273 1274/1274/1274
f 1275/1275/1275 1276/1276/1276 1277/1277/1277
f 1278/1278/1278 1279/1279/1279 1280/1280/1280
f 1281/1281/1281 1282/1282/1282 1283/1283/1283
f 1284/1284/1284 1285/1285/1285 1286/1286/1286
f 1287/1287/1287 1288/1288/1288 1289/1289/1289
f 1290/1290/1290 1291/1291/1291 1292/1292/1292
f 1293/1293/1293 1294/1294/1294 1295/1295/1295
f 1296/1296/1296 1297/1297/1297 1298/1298/1298
f 1299/1299/1299 1300/1300/1300 1301/1301/1301
f 1302/1302/1302 1303/1303/1303 1304/1304/1304
f 1305/1305/1305 1306/1306/1306 1307/1307/1307
f 1308/1308/1308 1309/1309/1309 1310/1310/1310
f 1311/1311/1311 1312/1312/1312 1313/1313/1313
f 1314/1314/1314 1315/1315/1315 1316/1316/1316
f 1317/1317/1317 1318/1318/1318 1319/1319/1319
f 1320/1320/1320 1321/1321/1321 1322/1322/1322
f 1323/1323/1323 1324/1324/1324 1325/1325/1325
f 1326/1326/1326 1327/1327/1327 1328/1328/1328
f 1329/1329/1329 1330/1330/1330 1331/1331/1331
f 1332/1332/1332 1333/1333/1333 1334/1334/1334
f 1335/1335/1335 1336/1336/1336 1337/1337/1337
f 1338/1338/1338 1339/1339/1339 1340/1340/1340
f 1341/1341/1341 1342/1342/1342 1343/1343/1343
f 1344/1344/1344 1345/1345/1345 1346/1346/1346
f 1347/1347/1347 1348/1348/1348 1349/1349/1349
f 1350/1350/1350 1351/1351/1351 1352/1352/1352
f 1353/1353/1353 1354/1354/1354 1355/1355/1355
f 1356/1356/1356 1357/1357/1357 1358/1358/1358
f 1359/1359/1359 1360/1360/1360 1361/1361/1361
f 1362/1362/1362 1363/1363/1363 1364/1364/1364
f 1365/1365/1365 1366/1366/1366 1367/1367/1367
f 1368/1368/1368 1369/1369/1369 1370/1370/1370
f 1371/1371/1371 1372/1372/1372 1373/1373/1373
f 1374/1374/1374 1375/1375/1375 1376/1376/1376
f 1377/1377/1377 1378/1378/1378 1379/1379/1379
f 1380/1380/1380 1381/1381/1381 1382/1382/1382
f 1383/1383/1383 1384/1384/1384 1385/1385/1385
f 1386/1386/1386 1387/1387/1387 1388/1388/1388
f 1389/1389/1389 1390/1390/1390 1391/1391/1391
f 1392/1392/1392 1393/1393/1393 1394/1394/1394
f 1395/1395/1395 1396/1396/1396 1397/1397/1397
f 1398/1398/1398 1399/1399/1399 1400/1400/1400
f 1401/1401/1401 1402/1402/1402 1403/1403/1403
f 1404/1404/1404 1405/1405/1405 1406/1406/1406
f 1407/1407/1407 1408/1408/1408 1409/1409/1409
f 1410/1410/1410 1411/1411/1411 1412/1412/1412
f 1413/1413/1413 1414/1414/1414 1415/1415/1415
f 1416/1416/1416 1417/1417/1417 1418/1418/1418
f 1419/1419/1419 1420/1420/1420 1421/1421/1421
f 1422/1422/1422 1423/1423/1423 1424/1424/1424
f 1425/1425/1425 1426/1426/1426 1427/1427/1427
f 1428/1428/1428 1429/1429/1429 1430/1430/1430
f 1431/1431/1431 1432/1432/1432 1433/1433/1433
f 1434/1434/1434 1435/1435/1435 1436/1436/1436
f 1437/1437/1437 1438/1438/1438 1439/1439/1439
f 1440/1440/1440 1441/1441/1441 1442/1442/1442
f 1443/1443/1443 1444/1444/1444 1445/1445/1445
f 1446/1446/1446 1447/1447/1447 1448/1448/1448
f 1449/1449/1449 1450/1450/1450 1451/1451/1451
f 1452/1452/1452 1453/1453/1453 1454/1454/1454
f 1455/1455/1455 1456/1456/1456 1457/1457/1457
f 1458/1458/1458 1459/1459/1459 1460/1460/1460
f 1461/1461/1461 1462/1462/1462 1463/1463/1463
f 1464/1464/1464 1465/1465/1465 1466/1466/1466
f 1467/1467/1467 1468/1468/1468 1469/1469/1469
f 1470/1470/1470 1471/1471/1471 1472/1472/1472
f 1473/1473/1473 1474/1474/1474 1475/1475/1475
f 1476/1476/1476 1477/1477/1477 1478/1478/1478
f 1479/1479/1479 1480/1480/1480 1481/1481/1481
f 1482/1482/1482 1483/1483/1483 1484/1484/1484
f 1485/1485/1485 1486/1486/1486 1487/1487/1487
f 1488/1488/1488 1489/1489/1489 1490/1490/1490
f 1491/1491/1491 1492/1492/1492 1493/1493/1493
f 1494/1494/1494 1495/1495/1495 1496/1496/1496
f 1497/1497/1497 1498/1498/1498 1499/1499/1499
f 1500/1500/1500 1501/1501/1501 1502/1502/1502
f 1503/1503/1503 1504/1504/1504 1505/1505/1505
f 1506/1506/1506 1507/1507/1507 1508/1508/1508
f 1509/1509/1509 1510/1510/1510 1511/1511/1511
f 1512/1512/1512 1513/1513/1513 1514/1514/1514
f 1515/1515/1515 1516/1516/1516 1517/1517/1517
f 1518/1518/1518 1519/1519/1519 1520/1520/1520
f 1521/1521/1521 1522/1522/1522 1523/1523/1523
f 1524/1524/1524 1525/1525/1525 1526/1526/1526
f 1527/1527/1527 1528/1528/1528 1529/1529/1529
f 1530/1530/1530 1531/1531/1531 1532/1532/1532
f 1533/1533/1533 1534/1534/1534 1535/1535/1535
f 1536/1536/1536 1537/1537/1537 1538/1538/1538
f 1539/1539/1539 1540/1540/1540 1541/1541/1541
f 1542/1542/1542 1543/1543/1543 1544/1544/1544
f 1545/1545/1545 1546/1546/1546 1547/1547/1547
f 1548/1548/1548 1549/1549/1549 1550/1550/1550
f 1551/1551/1551 1552/1552/1552 1553/1553/1553
f 1554/1554/1554 1555/1555/1555 1556/1556/1556
f 1557/1557/1557 1558/1558/1558 1559/1559/1559
f 1560/1560/1560 1561/1561/1561 1562/1562/1562
f 1563/1563/1563 1564/1564/1564 1565/1565/1565
f 1566/1566/1566 1567/1567/1567 1568/1568/1568
f 1569/1569/1569 1570/1570/1570 1571/1571/1571
f 1572/1572/1572 1573/1573/1573 1574/1574/1574
f 1575/1575/1575 1576/1576/1576 1577/1577/1577
f 1578/1578/1578 1579/1579/1579 1580/1580/1580
f 1581/1581/1581 1582/1582/1582 1583/1583/1583
f 1584/1584/1584 1585/1585/1585 1586/1586/1586
f 1587/1587/1587 1588/1588/1588 1589/1589/1589
f 1590/1590/1590 1591/1591/1591 1592/1592/1592
f 1593/1593/1593 1594/1594/1594 1595/1595/1595
f 1596/1596/1596 1597/1597/1597 1598/1598/1598
f 1599/1599/1599 1600/1600/1600 1601/1601/1601
f 1602/1602/1602 1603/1603/1603 1604/1604/1604
f 1605/1605/1605 1606/1606/1606 1607/1607/1607
f 1608/1608/1608 1609/1609/1609 1610/1610/1610
f 1611/1611/1611 1612/1612/1612 1613/1613/1613
f 1614/1614/1614 1615/1615/1615 1616/1616/1616
f 1617/1617/1617 1618/1618/1618 1619/1619/1619
f 1620/1620/1620 1621/1621/1621 1622/1622/1622
f 1623/1623/1623 1624/1624/1624 1625/1625/1625
f 1626/1626/1626 1627/1627/1627 1628/1628/1628
f 1629/1629/1629 1630/1630/1630 1631/1631/1631
f 1632/1632/1632 1633/1633/1633 1634/1634/1634
f 1635/1635/1635 1636/1636/1636 1637/1637/1637
f 1638/1638/1638 1639/1639/1639 1640/1640/1640
f 1641/1641/1641 1642/1642/1642 1643/1643/1643
f 1644/1644/1644 1645/1645/1645 1646/1646/1646
f 1647/1647/1647 1648/1648/1648 1649/1649/1649
f 1650/1650/1650 1651/1651/1651 1652/1652/1652
f 1653/1653/1653 1654/1654/1654 1655/1655/1655
f 1656/1656/1656 1657/1657/1657 1658/1658/1658
f 1659/1659/1659 1660/1660/1660 1661/1661/1661
f 1662/1662/1662 1663/1663/1663 1664/1664/1664
f 1665/1665/1665 1666/1666/1666 1667/1667/1667
f 1668/1668/1668 1669/1669/1669 1670/1670/1670
f 1671/1671/1671 1672/1672/1672 1673/1673/1673
f 1674/1674/1674 1675/1675/1675 1676/1676/1676
f 1677/1677/1677 1678/1678/1678 1679/1679/1679
f 1680/1680/1680 1681/1681/1681 1682/1682/1682
f 1683/1683/1683 1684/1684/1684 1685/1685/1685
f 1686/1686/1686 1687/1687/1687 1688/1688/1688
f 1689/1689/1689 1690/1690/1690 1691/1691/1691
f 1692/1692/1692 1693/1693/1693 1694/1694/1694
f 1695/1695/1695 1696/1696/1696 1697/1697/1697
f 1698/1698/1698 1699/1699/1699 1700/1700/1700
f 1701/1701/1701 1702/1702/1702 1703/1703/1703
f 1704/1704/1704 1705/1705/1705 1706/1706/1706
f 1707/1707/1707 1708/1708/1708 1709/1709/1709
f 1710/1710/1710 1711/1711/1711 1712/1712/1712
f 1713/1713/1713 1714/1714/1714 1715/1715/1715
f 1716/1716/1716 1717/1717/1717 1718/1718/1718
f 1719/1719/1719 1720/1720/1720 1721/1721/1721
f 1722/1722/1722 1723/1723/1723 1724/1724/1724
f 1725/1725/1725 1726/1726/1726 1727/1727/1727
f 1728/1728/1728 1729/1729/1729 1730/1730/1730
f 1731/1731/1731 1732/1732/1732 1733/1733/1733
f 1734/1734/1734 1735/1735/1735 1736/1736/1736
f 1737/1737/1737 1738/1738/1738 1739/1739/1739
f 1740/1740/1740 1741/1741/1741 1742/1742/1742
f 1743/1743/1743 1744/1744/1744 1745/1745/1745
f 1746/1746/1746 1747/1747/1747 1748/1748/1748
f 1749/1749/1749 1750/1750/1750 1751/1751/1751
f 1752/1752/1752 1753/1753/1753 1754/1754/1754
f 1755/1755/1755 1756/1756/1756 1757/1757/1757
f 1758/1758/1758 1759/1759/1759 1760/1760/1760
f 1761/1761/1761 1762/1762/1762 1763/1763/1763
f 1764/1764/1764 1765/1765/1765 1766/1766/1766
f 1767/1767/1767 1768/1768/1768 1769/1769/1769
f 1770/1770/1770 1771/1771/1771 1772/1772/1772
f 1773/1773/1773 1774/1774/1774 1775/1775/1775
f 1776/1776/1776 1777/1777/1777 1778/1778/1778
f 1779/1779/1779 1780/1780/1780 1781/1781/1781
f 1782/1782/1782 1783/1783/1783 1784/1784/1784
f 1785/1785/1785 1786/1786/1786 1787/1787/1787
f 1788/1788/1788 1789/1789/1789 1790/1790/1790
f 1791/1791/1791 1792/1792/1792 1793/1793/1793
f 1794/1794/1794 1795/1795/1795 1796/1796/1796
f 1797/1797/1797 1798/1798/1798 1799/1799/1799
f 1800/1800/1800 1801/1801/1801 1802/1802/1802
f 1803/1803/1803 1804/1804/1804 1805/1805/1805
f 1806/1806/1806 1807/1807/1807 1808/1808/1808
f 1809/1809/1809 1810/1810/1810 1811/1811/1811
f 1812/1812/1812 1813/1813/1813 1814/1814/1814
f 1815/1815/1815 1816/1816/1816 1817/1817/1817
f 1818/1818/1818 1819/1819/1819 1820/1820/1820
f 1821/1821/1821 1822/1822/1822 1823/1823/1823
f 1824/1824/1824 1825/1825/1825 1826/1826/1826
f 1827/1827/1827 1828/1828/1828 1829/1829/1829
f 1830/1830/1830 1831/1831/1831 1832/1832/1832
f 1833/1833/1833 1834/1834/1834 1835/1835/1835
f 1836/1836/1836 1837/1837/1837 1838/1838/1838
f 1839/1839/1839 1840/1840/1840 1841/1841/1841
f 1842/1842/1842 1843/1843/1843 1844/1844/1844
f 1845/1845/1845 1846/1846/1846 1847/1847/1847
f 1848/1848/1848 1849/1849/1849 1850/1850/1850
f 1851/1851/1851 1852/1852/1852 1853/1853/1853
f 1854/1854/1854 1855/1855/1855 1856/1856/1856
f 1857/1857/1857 1858/1858/1858 1859/1859/1859
f 1860/1860/1860 1861/1861/1861 1862/1862/1862
f 1863/1863/1863 1864/1864/1864 1865/1865/1865
f 1866/1866/1866 1867/1867/1867 1868/1868/1868
f 1869/1869/1869 1870/1870/1870 1871/1871/1871
f 1872/1872/1872 1873/1873/1873 1874/1874/1874
f 1875/1875/1875 1876/1876/1876 1877/1877/1877
f 1878/1878/1878 1879/1879/1879 1880/1880/1880
f 1881/1881/1881 1882/1882/1882 1883/1883/1883
f 1884/1884/1884 1885/1885/1885 1886/1886/1886
f 1887/1887/1887 1888/1888/1888 1889/1889/1889
f 1890/1890/1890 1891/1891/1891 1892/1892/1892
f 1893/1893/1893 1894/1894/1894 1895/1895/1895
f 1896/1896/1896 1897/1897/1897 1898/1898/1898
f 1899/1899/1899 1900/1900/1900 1901/1901/1901
f 1902/1902/1902 1903/1903/1903 1904/1904/1904
f 1905/1905/1905 1906/1906/1906 1907/1907/1907
f 1908/1908/1908 1909/1909/1909 1910/1910/1910
f 1911/1911/1911 1912/1912/1912 1913/1913/1913
f 1914/1914/1914 1915/1915/1915 1916/1916/1916
f 1917/1917/1917 1918/1918/1918 1919/1919/1919
f 1920/1920/1920 1921/1921/1921 1922/1922/1922
f 1923/1923/1923 1924/1924/1924 1925/1925/1925
f 1924/1924/1924 1926/1926/1926 1925/1925/1925
f 1927/1927/1927 1928/1928/1928 1923/1923/1923
f 1927/1927/1927 1923/1923/1923 1925/1925/1925
f 1927/1927/1927 1925/1925/1925 1929/1929/1929
f 1930/1930/1930 1927/1927/1927 1931/1931/1931
f 1927/1927/1927 1929/1929/1929 1931/1931/1931
f 1932/1932/1932 1930/1930/1930 1933/1933/1933
f 1930/1930/1930 1931/1931/1931 1934/1934/1934
f 1935/1935/1935 1932/1932/1932 1197/1197/1197
f 1930/1930/1930 1934/1934/1934 1933/1933/1933
f 1199/1199/1199 1935/1935/1935 1197/1197/1197
f 1934/1934/1934 1936/1936/1936 1933/1933/1933
f 1937/1937/1937 1199/1199/1199 1198/1198/1198
f 1936/1936/1936 1938/1938/1938 1933/1933/1933
f 1939/1939/1939 1937/1937/1937 1940/1940/1940
f 1941/1941/1941 1938/1938/1938 1936/1936/1936
f 1942/1942/1942 1939/1939/1939 1943/1943/1943
f 1944/1944/1944 1938/1938/1938 1941/1941/1941
f 1945/1945/1945 1942/1942/1942 1946/1946/1946
f 1947/1947/1947 1945/1945/1945 1948/1948/1948
f 1949/1949/1949 1947/1947/1947 1950/1950/1950
f 1951/1951/1951 1952/1952/1952 1953/1953/1953
f 1954/1954/1954 1955/1955/1955 1956/1956/1956
f 1956/1956/1956 1955/1955/1955 1953/1953/1953
f 1955/1955/1955 1951/1951/1951 1953/1953/1953
f 1957/1957/1957 1956/1956/1956 1958/1958/1958
f 1956/1956/1956 1953/1953/1953 1959/1959/1959
f 1960/1960/1960 1957/1957/1957 1958/1958/1958
f 1956/1956/1956 1959/1959/1959 1958/1958/1958
f 1950/1950/1950 1960/1960/1960 1949/1949/1949
f 1961/1961/1961 1962/1962/1962 1963/1963/1963
f 1961/1961/1961 1963/1963/1963 1964/1964/1964
f 1964/1964/1964 1963/1963/1963 1965/1965/1965
f 1963/1963/1963 1966/1966/1966 1965/1965/1965
f 1963/1963/1963 1967/1967/1967 1966/1966/1966
f 1967/1967/1967 1968/1968/1968 1966/1966/1966
f 1967/1967/1967 1969/1969/1969 1968/1968/1968
f 1969/1969/1969 1970/1970/1970 1968/1968/1968
f 1969/1969/1969 1971/1971/1971 1970/1970/1970
f 1971/1971/1971 1972/1972/1972 1970/1970/1970
f 1971/1971/1971 1973/1973/1973 1972/1972/1972
f 1973/1973/1973 1974/1974/1974 1972/1972/1972
f 1960/1960/1960 1958/1958/1958 1949/1949/1949
f 1948/1948/1948 1950/1950/1950 1947/1947/1947
f 1973/1973/1973 1975/1975/1975 1974/1974/1974
f 1975/1975/1975 1976/1976/1976 1974/1974/1974
f 1946/1946/1946 1948/1948/1948 1945/1945/1945
f 1977/1977/1977 1946/1946/1946 1942/1942/1942
f 1944/1944/1944 1976/1976/1976 1975/1975/1975
f 1944/1944/1944 1941/1941/1941 1976/1976/1976
f 1943/1943/1943 1977/1977/1977 1942/1942/1942
f 1198/1198/1198 1978/1978/1978 1937/1937/1937
f 1940/1940/1940 1943/1943/1943 1939/1939/1939
f 1932/1932/1932 1933/1933/1933 1197/1197/1197
f 1978/1978/1978 1940/1940/1940 1937/1937/1937
f 1979/1979/1979 1923/1923/1923 1980/1980/1980
f 1923/1923/1923 1928/1928/1928 1980/1980/1980
f 1981/1981/1981 1982/1982/1982 1983/1983/1983
f 1984/1984/1984 1981/1981/1981 1201/1201/1201
f 1979/1979/1979 1980/1980/1980 1985/1985/1985
f 1979/1979/1979 1985/1985/1985 1986/1986/1986
f 1987/1987/1987 1984/1984/1984 1201/1201/1201
f 1988/1988/1988 1989/1989/1989 1990/1990/1990
f 1982/1982/1982 1979/1979/1979 1991/1991/1991
f 1992/1992/1992 1988/1988/1988 1993/1993/1993
f 1990/1990/1990 1987/1987/1987 1994/1994/1994
f 1979/1979/1979 1986/1986/1986 1995/1995/1995
f 1996/1996/1996 1992/1992/1992 1993/1993/1993
f 1997/1997/1997 1993/1993/1993 1998/1998/1998
f 1999/1999/1999 1998/1998/1998 1993/1993/1993
f 2000/2000/2000 2001/2001/2001 1999/1999/1999
f 2002/2002/2002 1994/1994/1994 1987/1987/1987
f 1951/1951/1951 1201/1201/1201 2003/2003/2003
f 2004/2004/2004 1952/1952/1952 1951/1951/1951
f 2003/2003/2003 2004/2004/2004 1951/1951/1951
f 1201/1201/1201 2005/2005/2005 2003/2003/2003
f 2000/2000/2000 1999/1999/1999 1990/1990/1990
f 1993/1993/1993 1988/1988/1988 1990/1990/1990
f 1979/1979/1979 1995/1995/1995 2006/2006/2006
f 1979/1979/1979 2006/2006/2006 1991/1991/1991
f 1999/1999/1999 1993/1993/1993 1990/1990/1990
f 1201/1201/1201 2002/2002/2002 1987/1987/1987
f 2005/2005/2005 1201/1201/1201 2007/2007/2007
f 2000/2000/2000 1990/1990/1990 1994/1994/1994
f 1982/1982/1982 1991/1991/1991 1983/1983/1983
f 2007/2007/2007 1201/1201/1201 2008/2008/2008
f 2008/2008/2008 1201/1201/1201 2009/2009/2009
f 1981/1981/1981 1983/1983/1983 1202/1202/1202
f 1981/1981/1981 1202/1202/1202 1201/1201/1201
f 2009/2009/2009 1201/1201/1201 1200/1200/1200
f 2010/2010/2010 2011/2011/2011 2012/2012/2012
f 2013/2013/2013 2014/2014/2014 2015/2015/2015
f 2011/2011/2011 2013/2013/2013 2012/2012/2012
f 2012/2012/2012 2013/2013/2013 2015/2015/2015
f 2012/2012/2012 2015/2015/2015 2016/2016/2016
f 2016/2016/2016 2015/2015/2015 2017/2017/2017
f 2015/2015/2015 2018/2018/2018 2017/2017/2017
f 2017/2017/2017 2018/2018/2018 2019/2019/2019
f 2018/2018/2018 2020/2020/2020 2019/2019/2019
f 2018/2018/2018 2021/2021/2021 2020/2020/2020
f 2021/2021/2021 2022/2022/2022 2020/2020/2020
f 2023/2023/2023 2019/2019/2019 2020/2020/2020
f 2024/2024/2024 2022/2022/2022 2021/2021/2021
f 2025/2025/2025 2023/2023/2023 2026/2026/2026
f 2027/2027/2027 2022/2022/2022 2024/2024/2024
f 2028/2028/2028 2025/2025/2025 2029/2029/2029
f 2030/2030/2030 2022/2022/2022 2027/2027/2027
f 2029/2029/2029 2031/2031/2031 2032/2032/2032
f 2032/2032/2032 2028/2028/2028 2029/2029/2029
f 2030/2030/2030 2027/2027/2027 2033/2033/2033
f 2026/2026/2026 2029/2029/2029 2025/2025/2025
f 2020/2020/2020 2026/2026/2026 2023/2023/2023
f 2030/2030/2030 2033/2033/2033 2034/2034/2034
f 2033/2033/2033 2035/2035/2035 2036/2036/2036
f 2036/2036/2036 2035/2035/2035 2037/2037/2037
f 2035/2035/2035 2038/2038/2038 2037/2037/2037
f 2037/2037/2037 2038/2038/2038 2039/2039/2039
f 2038/2038/2038 2040/2040/2040 2039/2039/2039
f 2036/2036/2036 2034/2034/2034 2033/2033/2033
f 2038/2038/2038 2041/2041/2041 2040/2040/2040
f 2042/2042/2042 2043/2043/2043 2044/2044/2044
f 2041/2041/2041 2045/2045/2045 2040/2040/2040
f 2041/2041/2041 2046/2046/2046 2045/2045/2045
f 2042/2042/2042 2044/2044/2044 1375/1375/1375
f 1375/1375/1375 2047/2047/2047 2048/2048/2048
f 2042/2042/2042 1375/1375/1375 2048/2048/2048
f 2045/2045/2045 2046/2046/2046 2049/2049/2049
f 2049/2049/2049 2046/2046/2046 2050/2050/2050
f 2042/2042/2042 2048/2048/2048 2051/2051/2051
f 2048/2048/2048 1204/1204/1204 2051/2051/2051
f 1203/1203/1203 2049/2049/2049 2050/2050/2050
f 1204/1204/1204 1203/1203/1203 2050/2050/2050
f 1205/1205/1205 1204/1204/1204 2048/2048/2048
f 2052/2052/2052 2053/2053/2053 2054/2054/2054
f 2052/2052/2052 2055/2055/2055 2056/2056/2056
f 2014/2014/2014 2013/2013/2013 2057/2057/2057
f 2057/2057/2057 2013/2013/2013 2052/2052/2052
f 2052/2052/2052 2056/2056/2056 2057/2057/2057
f 2058/2058/2058 2059/2059/2059 2060/2060/2060
f 2061/2061/2061 2055/2055/2055 2052/2052/2052
f 2058/2058/2058 2060/2060/2060 2062/2062/2062
f 2061/2061/2061 2052/2052/2052 2054/2054/2054
f 2052/2052/2052 2063/2063/2063 2053/2053/2053
f 2060/2060/2060 2064/2064/2064 2062/2062/2062
f 2065/2065/2065 2062/2062/2062 2064/2064/2064
f 2066/2066/2066 2067/2067/2067 2062/2062/2062
f 2068/2068/2068 2069/2069/2069 2070/2070/2070
f 2070/2070/2070 2071/2071/2071 2058/2058/2058
f 2072/2072/2072 2058/2058/2058 2071/2071/2071
f 2044/2044/2044 2043/2043/2043 2073/2073/2073
f 2044/2044/2044 2073/2073/2073 2074/2074/2074
f 2075/2075/2075 2072/2072/2072 2071/2071/2071
f 2067/2067/2067 2068/2068/2068 2062/2062/2062
f 2058/2058/2058 2068/2068/2068 2070/2070/2070
f 2053/2053/2053 2063/2063/2063 2076/2076/2076
f 2076/2076/2076 2063/2063/2063 2077/2077/2077
f 2062/2062/2062 2068/2068/2068 2058/2058/2058
f 1206/1206/1206 2044/2044/2044 2074/2074/2074
f 1206/1206/1206 2074/2074/2074 2078/2078/2078
f 2076/2076/2076 2077/2077/2077 1208/1208/1208
f 1208/1208/1208 2077/2077/2077 1206/1206/1206
f 1206/1206/1206 2078/2078/2078 2079/2079/2079
f 1206/1206/1206 2079/2079/2079 2080/2080/2080
f 1206/1206/1206 2077/2077/2077 2081/2081/2081
f 2072/2072/2072 1206/1206/1206 2081/2081/2081
f 1206/1206/1206 2080/2080/2080 2082/2082/2082
f 1206/1206/1206 2082/2082/2082 1207/1207/1207
f 2072/2072/2072 2075/2075/2075 1206/1206/1206
f 1209/1209/1209 2083/2083/2083 1210/1210/1210
f 1212/1212/1212 2084/2084/2084 1213/1213/1213
f 1215/1215/1215 2085/2085/2085 1216/1216/1216
f 1218/1218/1218 2086/2086/2086 1219/1219/1219
f 1221/1221/1221 2087/2087/2087 1222/1222/1222
f 1224/1224/1224 2088/2088/2088 1225/1225/1225
f 1227/1227/1227 2089/2089/2089 1228/1228/1228
f 1230/1230/1230 2090/2090/2090 1231/1231/1231
f 1233/1233/1233 2091/2091/2091 1234/1234/1234
f 1236/1236/1236 2092/2092/2092 1237/1237/1237
f 1239/1239/1239 2093/2093/2093 1240/1240/1240
f 1242/1242/1242 2094/2094/2094 1243/1243/1243
f 1245/1245/1245 2095/2095/2095 1246/1246/1246
f 1248/1248/1248 2096/2096/2096 1249/1249/1249
f 1251/1251/1251 2097/2097/2097 1252/1252/1252
f 1254/1254/1254 2098/2098/2098 1255/1255/1255
f 1257/1257/1257 2099/2099/2099 1258/1258/1258
f 1260/1260/1260 2100/2100/2100 1261/1261/1261
f 1263/1263/1263 2101/2101/2101 1264/1264/1264
f 1266/1266/1266 2102/2102/2102 1267/1267/1267
f 1269/1269/1269 2103/2103/2103 1270/1270/1270
f 1272/1272/1272 2104/2104/2104 1273/1273/1273
f 1275/1275/1275 2105/2105/2105 1276/1276/1276
f 1278/1278/1278 2106/2106/2106 1279/1279/1279
f 1281/1281/1281 2107/2107/2107 1282/1282/1282
f 1284/1284/1284 2108/2108/2108 1285/1285/1285
f 1287/1287/1287 2109/2109/2109 1288/1288/1288
f 1290/1290/1290 2110/2110/2110 1291/1291/1291
f 1293/1293/1293 2111/2111/2111 1294/1294/1294
f 1296/1296/1296 2112/2112/2112 1297/1297/1297
f 1299/1299/1299 2113/2113/2113 1300/1300/1300
f 1302/1302/1302 2114/2114/2114 1303/1303/1303
f 1305/1305/1305 2115/2115/2115 1306/1306/1306
f 1308/1308/1308 2116/2116/2116 1309/1309/1309
f 1311/1311/1311 2117/2117/2117 1312/1312/1312
f 1314/1314/1314 2118/2118/2118 1315/1315/1315
f 1317/1317/1317 2119/2119/2119 1318/1318/1318
f 1320/1320/1320 2120/2120/2120 1321/1321/1321
f 1323/1323/1323 2121/2121/2121 1324/1324/1324
f 1326/1326/1326 2122/2122/2122 1327/1327/1327
f 1329/1329/1329 2123/2123/2123 1330/1330/1330
f 1332/1332/1332 2124/2124/2124 1333/1333/1333
f 1335/1335/1335 2125/2125/2125 1336/1336/1336
f 1955/1955/1955 1954/1954/1954 2126/2126/2126
f 1955/1955/1955 2126/2126/2126 2127/2127/2127
f 2128/2128/2128 1926/1926/1926 1924/1924/1924
f 2129/2129/2129 2128/2128/2128 1924/1924/1924
f 1955/1955/1955 2127/2127/2127 2130/2130/2130
f 1955/1955/1955 2130/2130/2130 2131/2131/2131
f 2132/2132/2132 2129/2129/2129 1924/1924/1924
f 2133/2133/2133 2132/2132/2132 1924/1924/1924
f 1955/1955/1955 2131/2131/2131 2134/2134/2134
f 1955/1955/1955 2134/2134/2134 2135/2135/2135
f 2136/2136/2136 2133/2133/2133 1924/1924/1924
f 2137/2137/2137 2136/2136/2136 1924/1924/1924
f 1924/1924/1924 1955/1955/1955 1338/1338/1338
f 1955/1955/1955 2135/2135/2135 2138/2138/2138
f 2139/2139/2139 2137/2137/2137 1924/1924/1924
f 2140/2140/2140 2139/2139/2139 1924/1924/1924
f 1955/1955/1955 2138/2138/2138 2141/2141/2141
f 1955/1955/1955 2141/2141/2141 2142/2142/2142
f 2143/2143/2143 2140/2140/2140 1924/1924/1924
f 2144/2144/2144 2143/2143/2143 1924/1924/1924
f 1955/1955/1955 2142/2142/2142 1338/1338/1338
f 1338/1338/1338 1963/1963/1963 1962/1962/1962
f 1338/1338/1338 1962/1962/1962 2145/2145/2145
f 2144/2144/2144 1924/1924/1924 1338/1338/1338
f 2146/2146/2146 2144/2144/2144 1338/1338/1338
f 1338/1338/1338 2145/2145/2145 2147/2147/2147
f 1338/1338/1338 2147/2147/2147 1339/1339/1339
f 1340/1340/1340 2146/2146/2146 1338/1338/1338
f 1341/1341/1341 2148/2148/2148 1342/1342/1342
f 1344/1344/1344 2149/2149/2149 1345/1345/1345
f 1349/1349/1349 2150/2150/2150 1347/1347/1347
f 1347/1347/1347 2151/2151/2151 1348/1348/1348
f 2150/2150/2150 2152/2152/2152 1347/1347/1347
f 1350/1350/1350 2153/2153/2153 1351/1351/1351
f 1353/1353/1353 2154/2154/2154 1354/1354/1354
f 1356/1356/1356 2155/2155/2155 1357/1357/1357
f 1359/1359/1359 2156/2156/2156 1360/1360/1360
f 1362/1362/1362 2157/2157/2157 1363/1363/1363
f 1365/1365/1365 2158/2158/2158 1366/1366/1366
f 1368/1368/1368 2159/2159/2159 1369/1369/1369
f 1371/1371/1371 2160/2160/2160 1372/1372/1372
f 2161/2161/2161 2031/2031/2031 2162/2162/2162
f 2031/2031/2031 2029/2029/2029 2163/2163/2163
f 2164/2164/2164 2161/2161/2161 2165/2165/2165
f 2031/2031/2031 2163/2163/2163 2166/2166/2166
f 2167/2167/2167 2164/2164/2164 2168/2168/2168
f 2031/2031/2031 2166/2166/2166 2162/2162/2162
f 2169/2169/2169 2167/2167/2167 2168/2168/2168
f 2161/2161/2161 2162/2162/2162 2165/2165/2165
f 2170/2170/2170 2169/2169/2169 2168/2168/2168
f 2164/2164/2164 2165/2165/2165 2168/2168/2168
f 2171/2171/2171 2170/2170/2170 2168/2168/2168
f 2171/2171/2171 2168/2168/2168 1376/1376/1376
f 2172/2172/2172 2171/2171/2171 1376/1376/1376
f 2172/2172/2172 1376/1376/1376 2173/2173/2173
f 2173/2173/2173 1376/1376/1376 2174/2174/2174
f 2174/2174/2174 1376/1376/1376 2175/2175/2175
f 2175/2175/2175 1376/1376/1376 2176/2176/2176
f 1376/1376/1376 2177/2177/2177 2176/2176/2176
f 1376/1376/1376 2178/2178/2178 2177/2177/2177
f 1376/1376/1376 2011/2011/2011 2178/2178/2178
f 1376/1376/1376 1375/1375/1375 2011/2011/2011
f 2179/2179/2179 2178/2178/2178 2011/2011/2011
f 2180/2180/2180 2179/2179/2179 2011/2011/2011
f 2011/2011/2011 2010/2010/2010 2181/2181/2181
f 2182/2182/2182 2047/2047/2047 1375/1375/1375
f 2183/2183/2183 2182/2182/2182 1375/1375/1375
f 2011/2011/2011 2181/2181/2181 2184/2184/2184
f 2011/2011/2011 2184/2184/2184 2185/2185/2185
f 2186/2186/2186 2183/2183/2183 1375/1375/1375
f 2187/2187/2187 2186/2186/2186 1375/1375/1375
f 2011/2011/2011 2185/2185/2185 2188/2188/2188
f 2011/2011/2011 2188/2188/2188 2189/2189/2189
f 2190/2190/2190 2187/2187/2187 1375/1375/1375
f 2191/2191/2191 2190/2190/2190 1375/1375/1375
f 2011/2011/2011 2189/2189/2189 2192/2192/2192
f 2011/2011/2011 2192/2192/2192 2193/2193/2193
f 2191/2191/2191 1375/1375/1375 2194/2194/2194
f 2194/2194/2194 1375/1375/1375 2195/2195/2195
f 2011/2011/2011 2193/2193/2193 2180/2180/2180
f 2195/2195/2195 1375/1375/1375 1374/1374/1374
f 1377/1377/1377 2196/2196/2196 1378/1378/1378
f 1380/1380/1380 2197/2197/2197 1381/1381/1381
f 1383/1383/1383 2198/2198/2198 1384/1384/1384
f 1386/1386/1386 2199/2199/2199 1387/1387/1387
f 1389/1389/1389 2200/2200/2200 1390/1390/1390
f 1392/1392/1392 2201/2201/2201 1393/1393/1393
f 1395/1395/1395 2202/2202/2202 1396/1396/1396
f 1398/1398/1398 2203/2203/2203 1399/1399/1399
f 1401/1401/1401 2204/2204/2204 1402/1402/1402
f 1404/1404/1404 2205/2205/2205 1405/1405/1405
f 1409/1409/1409 2206/2206/2206 2207/2207/2207
f 2207/2207/2207 1407/1407/1407 1409/1409/1409
f 2208/2208/2208 1408/1408/1408 1407/1407/1407
f 1410/1410/1410 2209/2209/2209 1411/1411/1411
f 1413/1413/1413 2210/2210/2210 1414/1414/1414
f 1416/1416/1416 2211/2211/2211 1417/1417/1417
f 1419/1419/1419 2212/2212/2212 1420/1420/1420
f 1422/1422/1422 2213/2213/2213 1423/1423/1423
f 1425/1425/1425 2214/2214/2214 1426/1426/1426
f 1428/1428/1428 2215/2215/2215 1429/1429/1429
f 1431/1431/1431 2216/2216/2216 1432/1432/1432
f 1434/1434/1434 2217/2217/2217 1435/1435/1435
f 1437/1437/1437 2218/2218/2218 1438/1438/1438
f 1440/1440/1440 2219/2219/2219 1441/1441/1441
f 1443/1443/1443 2220/2220/2220 1444/1444/1444
f 1446/1446/1446 2221/2221/2221 1447/1447/1447
f 1449/1449/1449 2222/2222/2222 1450/1450/1450
f 1452/1452/1452 2223/2223/2223 1453/1453/1453
f 1455/1455/1455 2224/2224/2224 1456/1456/1456
f 1458/1458/1458 2225/2225/2225 1459/1459/1459
f 1461/1461/1461 2226/2226/2226 1462/1462/1462
f 1464/1464/1464 2227/2227/2227 1465/1465/1465
f 1467/1467/1467 2228/2228/2228 1468/1468/1468
f 1470/1470/1470 2229/2229/2229 1471/1471/1471
f 1473/1473/1473 2230/2230/2230 1474/1474/1474
f 1476/1476/1476 2231/2231/2231 1477/1477/1477
f 1479/1479/1479 2232/2232/2232 1480/1480/1480
f 1482/1482/1482 2233/2233/2233 1483/1483/1483
f 1485/1485/1485 2234/2234/2234 1486/1486/1486
f 1488/1488/1488 2235/2235/2235 1489/1489/1489
f 1491/1491/1491 2236/2236/2236 1492/1492/1492
f 1494/1494/1494 2237/2237/2237 1495/1495/1495
f 1497/1497/1497 2238/2238/2238 1498/1498/1498
f 1500/1500/1500 2239/2239/2239 1501/1501/1501
f 1503/1503/1503 2240/2240/2240 1504/1504/1504
f 1506/1506/1506 2241/2241/2241 1507/1507/1507
f 1509/1509/1509 2242/2242/2242 1510/1510/1510
f 1512/1512/1512 2243/2243/2243 1513/1513/1513
f 2244/2244/2244 1517/1517/1517 1516/1516/1516
f 1516/1516/1516 2245/2245/2245 2244/2244/2244
f 1518/1518/1518 2246/2246/2246 1519/1519/1519
f 1521/1521/1521 2247/2247/2247 1522/1522/1522
f 1524/1524/1524 2248/2248/2248 1525/1525/1525
f 1527/1527/1527 2249/2249/2249 1528/1528/1528
f 1530/1530/1530 2250/2250/2250 1531/1531/1531
f 1533/1533/1533 2251/2251/2251 1534/1534/1534
f 1536/1536/1536 2252/2252/2252 1537/1537/1537
f 1539/1539/1539 2253/2253/2253 1540/1540/1540
f 1542/1542/1542 2254/2254/2254 1543/1543/1543
f 1545/1545/1545 2255/2255/2255 1546/1546/1546
f 1548/1548/1548 2256/2256/2256 1549/1549/1549
f 1551/1551/1551 2257/2257/2257 1552/1552/1552
f 1554/1554/1554 2258/2258/2258 1555/1555/1555
f 1557/1557/1557 2259/2259/2259 1558/1558/1558
f 2260/2260/2260 2261/2261/2261 2262/2262/2262
f 2263/2263/2263 2264/2264/2264 2265/2265/2265
f 2261/2261/2261 2263/2263/2263 2262/2262/2262
f 2262/2262/2262 2263/2263/2263 2265/2265/2265
f 2262/2262/2262 2265/2265/2265 2266/2266/2266
f 2266/2266/2266 2265/2265/2265 2267/2267/2267
f 2265/2265/2265 2268/2268/2268 2267/2267/2267
f 2267/2267/2267 2268/2268/2268 2269/2269/2269
f 2268/2268/2268 2270/2270/2270 2269/2269/2269
f 2268/2268/2268 2271/2271/2271 2270/2270/2270
f 2271/2271/2271 2272/2272/2272 2270/2270/2270
f 2273/2273/2273 2269/2269/2269 2270/2270/2270
f 2274/2274/2274 2272/2272/2272 2271/2271/2271
f 2275/2275/2275 2273/2273/2273 2276/2276/2276
f 2277/2277/2277 2272/2272/2272 2274/2274/2274
f 2278/2278/2278 2275/2275/2275 2279/2279/2279
f 2280/2280/2280 2272/2272/2272 2277/2277/2277
f 2281/2281/2281 2278/2278/2278 2282/2282/2282
f 2280/2280/2280 2277/2277/2277 2283/2283/2283
f 2284/2284/2284 2281/2281/2281 2285/2285/2285
f 2280/2280/2280 2283/2283/2283 2286/2286/2286
f 2283/2283/2283 2287/2287/2287 2288/2288/2288
f 2289/2289/2289 2290/2290/2290 2291/2291/2291
f 2292/2292/2292 2289/2289/2289 2293/2293/2293
f 2289/2289/2289 2291/2291/2291 2294/2294/2294
f 2295/2295/2295 2292/2292/2292 2296/2296/2296
f 2289/2289/2289 2294/2294/2294 2297/2297/2297
f 2298/2298/2298 2295/2295/2295 2299/2299/2299
f 2289/2289/2289 2297/2297/2297 2293/2293/2293
f 2285/2285/2285 2298/2298/2298 2284/2284/2284
f 2292/2292/2292 2293/2293/2293 2296/2296/2296
f 2282/2282/2282 2285/2285/2285 2281/2281/2281
f 2295/2295/2295 2296/2296/2296 2299/2299/2299
f 2279/2279/2279 2282/2282/2282 2278/2278/2278
f 2300/2300/2300 2301/2301/2301 2302/2302/2302
f 2302/2302/2302 2303/2303/2303 2300/2300/2300
f 2303/2303/2303 2304/2304/2304 2305/2305/2305
f 2300/2300/2300 2303/2303/2303 2305/2305/2305
f 2300/2300/2300 2305/2305/2305 2306/2306/2306
f 2306/2306/2306 2305/2305/2305 2307/2307/2307
f 2305/2305/2305 2308/2308/2308 2307/2307/2307
f 2307/2307/2307 2308/2308/2308 2309/2309/2309
f 2307/2307/2307 2309/2309/2309 2310/2310/2310
f 2298/2298/2298 2299/2299/2299 2284/2284/2284
f 2276/2276/2276 2279/2279/2279 2275/2275/2275
f 2310/2310/2310 2309/2309/2309 2311/2311/2311
f 2310/2310/2310 2311/2311/2311 2312/2312/2312
f 2270/2270/2270 2276/2276/2276 2273/2273/2273
f 2288/2288/2288 2287/2287/2287 2313/2313/2313
f 2311/2311/2311 2314/2314/2314 2312/2312/2312
f 2314/2314/2314 1561/1561/1561 2312/2312/2312
f 2313/2313/2313 2287/2287/2287 1560/1560/1560
f 2288/2288/2288 2286/2286/2286 2283/2283/2283
f 2315/2315/2315 2313/2313/2313 1560/1560/1560
f 1562/1562/1562 1561/1561/1561 2314/2314/2314
f 1562/1562/1562 2315/2315/2315 1560/1560/1560
f 2316/2316/2316 2317/2317/2317 2318/2318/2318
f 2316/2316/2316 2319/2319/2319 2320/2320/2320
f 2264/2264/2264 2263/2263/2263 2321/2321/2321
f 2321/2321/2321 2263/2263/2263 2316/2316/2316
f 2316/2316/2316 2320/2320/2320 2321/2321/2321
f 2322/2322/2322 2323/2323/2323 2324/2324/2324
f 2325/2325/2325 2319/2319/2319 2316/2316/2316
f 2322/2322/2322 2324/2324/2324 2326/2326/2326
f 2325/2325/2325 2316/2316/2316 2318/2318/2318
f 2316/2316/2316 2327/2327/2327 2317/2317/2317
f 2324/2324/2324 2328/2328/2328 2329/2329/2329
f 2330/2330/2330 2329/2329/2329 2328/2328/2328
f 2331/2331/2331 2332/2332/2332 2329/2329/2329
f 2326/2326/2326 2333/2333/2333 2334/2334/2334
f 2334/2334/2334 2335/2335/2335 2322/2322/2322
f 2336/2336/2336 2322/2322/2322 2335/2335/2335
f 2302/2302/2302 2301/2301/2301 2337/2337/2337
f 2302/2302/2302 2337/2337/2337 2338/2338/2338
f 2339/2339/2339 2336/2336/2336 2335/2335/2335
f 2332/2332/2332 2326/2326/2326 2329/2329/2329
f 2324/2324/2324 2329/2329/2329 2326/2326/2326
f 2317/2317/2317 2327/2327/2327 2340/2340/2340
f 2340/2340/2340 2327/2327/2327 2341/2341/2341
f 2322/2322/2322 2326/2326/2326 2334/2334/2334
f 1563/1563/1563 2302/2302/2302 2338/2338/2338
f 1563/1563/1563 2338/2338/2338 2342/2342/2342
f 2340/2340/2340 2341/2341/2341 1565/1565/1565
f 1565/1565/1565 2341/2341/2341 1563/1563/1563
f 1563/1563/1563 2342/2342/2342 2343/2343/2343
f 1563/1563/1563 2343/2343/2343 2344/2344/2344
f 1563/1563/1563 2341/2341/2341 2345/2345/2345
f 2336/2336/2336 1563/1563/1563 2345/2345/2345
f 1563/1563/1563 2344/2344/2344 2346/2346/2346
f 1563/1563/1563 2346/2346/2346 1564/1564/1564
f 2336/2336/2336 2339/2339/2339 1563/1563/1563
f 2347/2347/2347 2348/2348/2348 2349/2349/2349
f 2348/2348/2348 2350/2350/2350 2349/2349/2349
f 2351/2351/2351 2352/2352/2352 2347/2347/2347
f 2351/2351/2351 2347/2347/2347 2349/2349/2349
f 2351/2351/2351 2349/2349/2349 2353/2353/2353
f 2354/2354/2354 2351/2351/2351 2355/2355/2355
f 2351/2351/2351 2353/2353/2353 2355/2355/2355
f 2356/2356/2356 2354/2354/2354 2357/2357/2357
f 2354/2354/2354 2355/2355/2355 2358/2358/2358
f 2359/2359/2359 2356/2356/2356 2360/2360/2360
f 2354/2354/2354 2358/2358/2358 2357/2357/2357
f 2361/2361/2361 2359/2359/2359 2360/2360/2360
f 2358/2358/2358 2362/2362/2362 2357/2357/2357
f 2363/2363/2363 2361/2361/2361 2364/2364/2364
f 2362/2362/2362 2365/2365/2365 2357/2357/2357
f 2366/2366/2366 2363/2363/2363 2367/2367/2367
f 2368/2368/2368 1737/1737/1737 2369/2369/2369
f 2370/2370/2370 2365/2365/2365 2362/2362/2362
f 2371/2371/2371 2366/2366/2366 2372/2372/2372
f 2368/2368/2368 2369/2369/2369 2373/2373/2373
f 2369/2369/2369 2370/2370/2370 2373/2373/2373
f 2374/2374/2374 2371/2371/2371 2375/2375/2375
f 1568/1568/1568 2374/2374/2374 1566/1566/1566
f 2369/2369/2369 2365/2365/2365 2370/2370/2370
f 2376/2376/2376 1568/1568/1568 1567/1567/1567
f 2356/2356/2356 2357/2357/2357 2360/2360/2360
f 2377/2377/2377 2376/2376/2376 2378/2378/2378
f 2364/2364/2364 2379/2379/2379 2363/2363/2363
f 2361/2361/2361 2360/2360/2360 2364/2364/2364
f 2380/2380/2380 2377/2377/2377 2381/2381/2381
f 2363/2363/2363 2379/2379/2379 2367/2367/2367
f 2382/2382/2382 2383/2383/2383 2384/2384/2384
f 2384/2384/2384 2380/2380/2380 2381/2381/2381
f 2366/2366/2366 2367/2367/2367 2372/2372/2372
f 2385/2385/2385 2382/2382/2382 2384/2384/2384
f 2381/2381/2381 2386/2386/2386 2385/2385/2385
f 2381/2381/2381 2385/2385/2385 2384/2384/2384
f 2371/2371/2371 2372/2372/2372 2387/2387/2387
f 2371/2371/2371 2387/2387/2387 2375/2375/2375
f 2388/2388/2388 2381/2381/2381 2377/2377/2377
f 2378/2378/2378 2388/2388/2388 2377/2377/2377
f 2374/2374/2374 2375/2375/2375 1566/1566/1566
f 1567/1567/1567 2378/2378/2378 2376/2376/2376
f 2389/2389/2389 2347/2347/2347 2390/2390/2390
f 2347/2347/2347 2352/2352/2352 2390/2390/2390
f 2391/2391/2391 2392/2392/2392 2393/2393/2393
f 2394/2394/2394 2391/2391/2391 1570/1570/1570
f 2389/2389/2389 2390/2390/2390 2395/2395/2395
f 2389/2389/2389 2395/2395/2395 2396/2396/2396
f 2397/2397/2397 2394/2394/2394 1570/1570/1570
f 2398/2398/2398 2399/2399/2399 2400/2400/2400
f 2392/2392/2392 2389/2389/2389 2401/2401/2401
f 2402/2402/2402 2398/2398/2398 2403/2403/2403
f 2400/2400/2400 2397/2397/2397 2404/2404/2404
f 2389/2389/2389 2396/2396/2396 2405/2405/2405
f 2406/2406/2406 2402/2402/2402 2403/2403/2403
f 2407/2407/2407 2403/2403/2403 2408/2408/2408
f 2409/2409/2409 2408/2408/2408 2403/2403/2403
f 2410/2410/2410 2411/2411/2411 2409/2409/2409
f 2412/2412/2412 2404/2404/2404 2397/2397/2397
f 2382/2382/2382 1570/1570/1570 2413/2413/2413
f 2414/2414/2414 2383/2383/2383 2382/2382/2382
f 2413/2413/2413 2414/2414/2414 2382/2382/2382
f 1570/1570/1570 2415/2415/2415 2413/2413/2413
f 2410/2410/2410 2409/2409/2409 2400/2400/2400
f 2403/2403/2403 2398/2398/2398 2400/2400/2400
f 2389/2389/2389 2405/2405/2405 2416/2416/2416
f 2389/2389/2389 2416/2416/2416 2401/2401/2401
f 2409/2409/2409 2403/2403/2403 2400/2400/2400
f 1570/1570/1570 2412/2412/2412 2397/2397/2397
f 2415/2415/2415 1570/1570/1570 2417/2417/2417
f 2410/2410/2410 2400/2400/2400 2404/2404/2404
f 2392/2392/2392 2401/2401/2401 2393/2393/2393
f 2417/2417/2417 1570/1570/1570 2418/2418/2418
f 2418/2418/2418 1570/1570/1570 2419/2419/2419
f 2391/2391/2391 2393/2393/2393 1571/1571/1571
f 2391/2391/2391 1571/1571/1571 1570/1570/1570
f 2419/2419/2419 1570/1570/1570 1569/1569/1569
f 1572/1572/1572 2420/2420/2420 1573/1573/1573
f 1575/1575/1575 2421/2421/2421 1576/1576/1576
f 1578/1578/1578 2422/2422/2422 1579/1579/1579
f 1581/1581/1581 2423/2423/2423 1582/1582/1582
f 1584/1584/1584 2424/2424/2424 1585/1585/1585
f 1587/1587/1587 2425/2425/2425 1588/1588/1588
f 1590/1590/1590 2426/2426/2426 1591/1591/1591
f 1593/1593/1593 2427/2427/2427 1594/1594/1594
f 1596/1596/1596 2428/2428/2428 1597/1597/1597
f 1599/1599/1599 2429/2429/2429 1600/1600/1600
f 1602/1602/1602 2430/2430/2430 1603/1603/1603
f 1605/1605/1605 2431/2431/2431 1606/1606/1606
f 1608/1608/1608 2432/2432/2432 1609/1609/1609
f 1611/1611/1611 2433/2433/2433 1612/1612/1612
f 1614/1614/1614 2434/2434/2434 1615/1615/1615
f 1617/1617/1617 2435/2435/2435 1618/1618/1618
f 1620/1620/1620 2436/2436/2436 1621/1621/1621
f 1623/1623/1623 2437/2437/2437 1624/1624/1624
f 1626/1626/1626 2438/2438/2438 1627/1627/1627
f 1629/1629/1629 2439/2439/2439 1630/1630/1630
f 1632/1632/1632 2440/2440/2440 1633/1633/1633
f 1635/1635/1635 2441/2441/2441 1636/1636/1636
f 1638/1638/1638 2442/2442/2442 1639/1639/1639
f 1641/1641/1641 2443/2443/2443 1642/1642/1642
f 1644/1644/1644 2444/2444/2444 1645/1645/1645
f 1647/1647/1647 2445/2445/2445 1648/1648/1648
f 1650/1650/1650 2446/2446/2446 1651/1651/1651
f 1653/1653/1653 2447/2447/2447 1654/1654/1654
f 1656/1656/1656 2448/2448/2448 1657/1657/1657
f 1659/1659/1659 2449/2449/2449 1660/1660/1660
f 1662/1662/1662 2450/2450/2450 1663/1663/1663
f 1665/1665/1665 2451/2451/2451 1666/1666/1666
f 1668/1668/1668 2452/2452/2452 1669/1669/1669
f 1671/1671/1671 2453/2453/2453 1672/1672/1672
f 1674/1674/1674 2454/2454/2454 1675/1675/1675
f 1677/1677/1677 2455/2455/2455 1678/1678/1678
f 1680/1680/1680 2456/2456/2456 1681/1681/1681
f 1683/1683/1683 2457/2457/2457 1684/1684/1684
f 1686/1686/1686 2458/2458/2458 1687/1687/1687
f 1689/1689/1689 2459/2459/2459 1690/1690/1690
f 1692/1692/1692 2460/2460/2460 1693/1693/1693
f 1695/1695/1695 2461/2461/2461 1696/1696/1696
f 1698/1698/1698 2462/2462/2462 1699/1699/1699
f 2261/2261/2261 2260/2260/2260 2463/2463/2463
f 2261/2261/2261 2463/2463/2463 2464/2464/2464
f 2465/2465/2465 2304/2304/2304 2303/2303/2303
f 2466/2466/2466 2465/2465/2465 2303/2303/2303
f 2261/2261/2261 2464/2464/2464 2467/2467/2467
f 2261/2261/2261 2467/2467/2467 2468/2468/2468
f 2469/2469/2469 2466/2466/2466 2303/2303/2303
f 2470/2470/2470 2469/2469/2469 2303/2303/2303
f 2261/2261/2261 2468/2468/2468 2471/2471/2471
f 2261/2261/2261 2471/2471/2471 2472/2472/2472
f 2473/2473/2473 2470/2470/2470 2303/2303/2303
f 2474/2474/2474 2473/2473/2473 2303/2303/2303
f 2303/2303/2303 2261/2261/2261 1703/1703/1703
f 2261/2261/2261 2472/2472/2472 2475/2475/2475
f 2476/2476/2476 2474/2474/2474 2303/2303/2303
f 2477/2477/2477 2476/2476/2476 2303/2303/2303
f 2261/2261/2261 2475/2475/2475 2478/2478/2478
f 2261/2261/2261 2478/2478/2478 2479/2479/2479
f 2480/2480/2480 2477/2477/2477 2303/2303/2303
f 2290/2290/2290 2289/2289/2289 1703/1703/1703
f 1703/1703/1703 2480/2480/2480 2303/2303/2303
f 2261/2261/2261 2479/2479/2479 2481/2481/2481
f 2261/2261/2261 2481/2481/2481 1703/1703/1703
f 2290/2290/2290 1703/1703/1703 2482/2482/2482
f 2482/2482/2482 1703/1703/1703 2483/2483/2483
f 2481/2481/2481 2484/2484/2484 1703/1703/1703
f 2484/2484/2484 1701/1701/1701 1703/1703/1703
f 2483/2483/2483 1703/1703/1703 1702/1702/1702
f 1704/1704/1704 2485/2485/2485 1705/1705/1705
f 1707/1707/1707 2486/2486/2486 1708/1708/1708
f 1712/1712/1712 2487/2487/2487 1710/1710/1710
f 1710/1710/1710 2488/2488/2488 2489/2489/2489
f 2489/2489/2489 1711/1711/1711 1710/1710/1710
f 1713/1713/1713 2490/2490/2490 1714/1714/1714
f 1716/1716/1716 2491/2491/2491 1717/1717/1717
f 1719/1719/1719 2492/2492/2492 1720/1720/1720
f 1722/1722/1722 2493/2493/2493 1723/1723/1723
f 1725/1725/1725 2494/2494/2494 1726/1726/1726
f 1728/1728/1728 2495/2495/2495 1729/1729/1729
f 1731/1731/1731 2496/2496/2496 1732/1732/1732
f 1734/1734/1734 2497/2497/2497 1735/1735/1735
f 2498/2498/2498 2350/2350/2350 2348/2348/2348
f 2385/2385/2385 2386/2386/2386 2499/2499/2499
f 2385/2385/2385 2499/2499/2499 2500/2500/2500
f 2501/2501/2501 2498/2498/2498 2348/2348/2348
f 2502/2502/2502 2501/2501/2501 2348/2348/2348
f 2385/2385/2385 2500/2500/2500 2503/2503/2503
f 2385/2385/2385 2503/2503/2503 2504/2504/2504
f 2505/2505/2505 2502/2502/2502 2348/2348/2348
f 2506/2506/2506 2505/2505/2505 2348/2348/2348
f 2385/2385/2385 2504/2504/2504 2507/2507/2507
f 2385/2385/2385 2507/2507/2507 2508/2508/2508
f 2509/2509/2509 2506/2506/2506 2348/2348/2348
f 2510/2510/2510 2509/2509/2509 2348/2348/2348
f 2348/2348/2348 2385/2385/2385 2511/2511/2511
f 2385/2385/2385 2508/2508/2508 2512/2512/2512
f 2513/2513/2513 2510/2510/2510 2348/2348/2348
f 2514/2514/2514 2513/2513/2513 2348/2348/2348
f 2385/2385/2385 2512/2512/2512 2515/2515/2515
f 2385/2385/2385 2515/2515/2515 2516/2516/2516
f 2517/2517/2517 2514/2514/2514 2348/2348/2348
f 2518/2518/2518 2517/2517/2517 2511/2511/2511
f 2385/2385/2385 2516/2516/2516 2511/2511/2511
f 2517/2517/2517 2348/2348/2348 2511/2511/2511
f 2519/2519/2519 2518/2518/2518 2511/2511/2511
f 2520/2520/2520 2519/2519/2519 2511/2511/2511
f 2521/2521/2521 2520/2520/2520 2511/2511/2511
f 2522/2522/2522 2521/2521/2521 2511/2511/2511
f 2523/2523/2523 2522/2522/2522 2511/2511/2511
f 2523/2523/2523 2511/2511/2511 2524/2524/2524
f 2524/2524/2524 2511/2511/2511 2525/2525/2525
f 2524/2524/2524 2525/2525/2525 2526/2526/2526
f 2526/2526/2526 2525/2525/2525 2527/2527/2527
f 2525/2525/2525 2528/2528/2528 2527/2527/2527
f 2525/2525/2525 2529/2529/2529 2528/2528/2528
f 2530/2530/2530 2529/2529/2529 2525/2525/2525
f 2530/2530/2530 2531/2531/2531 2529/2529/2529
f 2532/2532/2532 2369/2369/2369 1737/1737/1737
f 1738/1738/1738 2531/2531/2531 2530/2530/2530
f 1738/1738/1738 1737/1737/1737 2531/2531/2531
f 2532/2532/2532 1737/1737/1737 1739/1739/1739
f 1740/1740/1740 2533/2533/2533 1741/1741/1741
f 1743/1743/1743 2534/2534/2534 1744/1744/1744
f 1746/1746/1746 2535/2535/2535 1747/1747/1747
f 1749/1749/1749 2536/2536/2536 1750/1750/1750
f 1752/1752/1752 2537/2537/2537 1753/1753/1753
f 1755/1755/1755 2538/2538/2538 1756/1756/1756
f 1758/1758/1758 2539/2539/2539 1759/1759/1759
f 1761/1761/1761 2540/2540/2540 1762/1762/1762
f 1764/1764/1764 2541/2541/2541 1765/1765/1765
f 1767/1767/1767 2542/2542/2542 1768/1768/1768
f 1772/1772/1772 2543/2543/2543 1770/1770/1770
f 1770/1770/1770 2544/2544/2544 1771/1771/1771
f 2545/2545/2545 1771/1771/1771 2544/2544/2544
f 1773/1773/1773 2546/2546/2546 1774/1774/1774
f 1776/1776/1776 2547/2547/2547 1777/1777/1777
f 1779/1779/1779 2548/2548/2548 1780/1780/1780
f 1782/1782/1782 2549/2549/2549 1783/1783/1783
f 1785/1785/1785 2550/2550/2550 1786/1786/1786
f 1788/1788/1788 2551/2551/2551 1789/1789/1789
f 1791/1791/1791 2552/2552/2552 1792/1792/1792
f 1794/1794/1794 2553/2553/2553 1795/1795/1795
f 1797/1797/1797 2554/2554/2554 1798/1798/1798
f 1800/1800/1800 2555/2555/2555 1801/1801/1801
f 1803/1803/1803 2556/2556/2556 1804/1804/1804
f 1806/1806/1806 2557/2557/2557 1807/1807/1807
f 1809/1809/1809 2558/2558/2558 1810/1810/1810
f 1812/1812/1812 2559/2559/2559 1813/1813/1813
f 1815/1815/1815 2560/2560/2560 1816/1816/1816
f 1818/1818/1818 2561/2561/2561 1819/1819/1819
f 1821/1821/1821 2562/2562/2562 1822/1822/1822
f 1824/1824/1824 2563/2563/2563 1825/1825/1825
f 1827/1827/1827 2564/2564/2564 1828/1828/1828
f 1830/1830/1830 2565/2565/2565 1831/1831/1831
f 1833/1833/1833 2566/2566/2566 1834/1834/1834
f 1836/1836/1836 2567/2567/2567 1837/1837/1837
f 1839/1839/1839 2568/2568/2568 1840/1840/1840
f 1842/1842/1842 2569/2569/2569 1843/1843/1843
f 1845/1845/1845 2570/2570/2570 1846/1846/1846
f 1848/1848/1848 2571/2571/2571 1849/1849/1849
f 1851/1851/1851 2572/2572/2572 1852/1852/1852
f 1854/1854/1854 2573/2573/2573 1855/1855/1855
f 1857/1857/1857 2574/2574/2574 1858/1858/1858
f 1860/1860/1860 2575/2575/2575 1861/1861/1861
f 1863/1863/1863 2576/2576/2576 1864/1864/1864
f 1866/1866/1866 2577/2577/2577 1867/1867/1867
f 1869/1869/1869 2578/2578/2578 1870/1870/1870
f 1872/1872/1872 2579/2579/2579 1873/1873/1873
f 1875/1875/1875 2580/2580/2580 1876/1876/1876
f 2581/2581/2581 1880/1880/1880 1879/1879/1879
f 1878/1878/1878 2582/2582/2582 1879/1879/1879
f 1881/1881/1881 2583/2583/2583 1882/1882/1882
f 1884/1884/1884 2584/2584/2584 1885/1885/1885
f 1887/1887/1887 2585/2585/2585 1888/1888/1888
f 1890/1890/1890 2586/2586/2586 1891/1891/1891
f 1893/1893/1893 2587/2587/2587 1894/1894/1894
f 1896/1896/1896 2588/2588/2588 1897/1897/1897
f 1899/1899/1899 2589/2589/2589 1900/1900/1900
f 1902/1902/1902 2590/2590/2590 1903/1903/1903
f 1905/1905/1905 2591/2591/2591 1906/1906/1906
f 1908/1908/1908 2592/2592/2592 1909/1909/1909
f 1911/1911/1911 2593/2593/2593 1912/1912/1912
f 1914/1914/1914 2594/2594/2594 1915/1915/1915
f 1917/1917/1917 2595/2595/2595 1918/1918/1918
f 1920/1920/1920 2596/2596/2596 1921/1921/1921

o part_002
usemtl material_1
v -0.01425560 -0.06479400 0.31084778
v -0.00095591 -0.06479399 0.30482164
v 0.00696294 -0.06479400 0.31223847
v -0.01094010 0.06505171 0.32506758
v -0.00243222 0.06505171 0.32734724
v -0.01425562 0.06505172 0.31084785
v -0.00243222 0.06505171 0.32734724
v -0.00468700 -0.06479401 0.32742112
v -0.00243220 -0.06479401 0.32734717
v -0.00968837 0.06505172 0.30597142
v -0.00763350 -0.06479400 0.30504021
v -0.00968843 -0.06479400 0.30597119
v -0.00468703 0.06505171 0.32742119
v -0.00691291 -0.06479401 0.32705354
v -0.00468700 -0.06479401 0.32742112
v -0.00763352 0.06505172 0.30504028
v -0.00543642 -0.06479400 0.30452789
v -0.00763350 -0.06479400 0.30504021
v -0.00691294 0.06505171 0.32705361
v -0.00902433 -0.06479401 0.32625897
v -0.00691291 -0.06479401 0.32705354
v -0.00543645 0.06505172 0.30452810
v -0.00318170 -0.06479399 0.30445416
v -0.00543642 -0.06479400 0.30452789
v -0.00902435 0.06505171 0.32625903
v -0.01094007 -0.06479401 0.32506751
v -0.00902433 -0.06479401 0.32625897
v 0.00603192 -0.06479400 0.31018358
v 0.00696287 0.06505167 0.31223854
v 0.00696294 -0.06479400 0.31223847
v -0.00318170 -0.06479399 0.30445416
v -0.00095593 0.06505172 0.30482171
v -0.00095591 -0.06479399 0.30482164
v -0.01094010 0.06505171 0.32506758
v -0.01258655 -0.06479401 0.32352538
v -0.01094007 -0.06479401 0.32506751
v 0.00696287 0.06505167 0.31223854
v 0.00747531 -0.06479400 0.31443553
v 0.00696294 -0.06479400 0.31223847
v -0.00095593 0.06505172 0.30482171
v 0.00115555 -0.06479399 0.30561622
v -0.00095591 -0.06479399 0.30482164
v -0.01258658 0.06505171 0.32352545
v -0.01390057 -0.06479401 0.32169164
v -0.01258655 -0.06479401 0.32352538
v 0.00747524 0.06505167 0.31443560
v 0.00754909 -0.06479400 0.31669021
v 0.00747531 -0.06479400 0.31443553
v 0.00115548 0.06505172 0.30561644
v 0.00307130 -0.06479399 0.30680751
v 0.00115555 -0.06479399 0.30561622
v -0.01390064 0.06505171 0.32169171
v -0.01483172 -0.06479401 0.31963671
v -0.01390057 -0.06479401 0.32169164
v 0.00754902 0.06505172 0.31669044
v 0.00718159 -0.06479400 0.31891604
v 0.00754909 -0.06479400 0.31669021
v 0.00307127 0.06505172 0.30680772
v 0.00471790 -0.06479400 0.30834980
v 0.00307130 -0.06479399 0.30680751
v -0.01483172 -0.06479401 0.31963671
v -0.01534410 0.06505171 0.31743978
v -0.01534404 -0.06479400 0.31743955
v 0.00718152 0.06505172 0.31891627
v 0.00638698 -0.06479400 0.32102750
v 0.00718159 -0.06479400 0.31891604
v 0.00471787 0.06505172 0.30834987
v 0.00603192 -0.06479400 0.31018358
v 0.00471790 -0.06479400 0.30834980
v -0.01534404 -0.06479400 0.31743955
v -0.01541790 0.06505172 0.31518498
v -0.01541783 -0.06479400 0.31518491
v 0.00638691 0.06505172 0.32102773
v 0.00519556 -0.06479400 0.32294324
v 0.00638698 -0.06479400 0.32102750
v -0.01541790 0.06505172 0.31518498
v -0.01505032 -0.06479400 0.31295904
v -0.01541783 -0.06479400 0.31518491
v 0.00519557 0.06505172 0.32294347
v 0.00365352 -0.06479400 0.32458989
v 0.00519556 -0.06479400 0.32294324
v -0.01505039 0.06505172 0.31295911
v -0.01425560 -0.06479400 0.31084778
v -0.01505032 -0.06479400 0.31295904
v 0.00365345 0.06505172 0.32458995
v 0.00181977 -0.06479400 0.32590387
v 0.00365352 -0.06479400 0.32458989
v -0.01425560 -0.06479400 0.31084778
v -0.01306428 0.06505172 0.30893189
v -0.01306442 -0.06479400 0.30893182
v 0.00181970 0.06505171 0.32590394
v -0.00023520 -0.06479401 0.32683497
v 0.00181977 -0.06479400 0.32590387
v -0.01306442 -0.06479400 0.30893182
v -0.01152220 0.06505172 0.30728536
v -0.01152217 -0.06479400 0.30728529
v -0.00023520 -0.06479401 0.32683497
v -0.00243222 0.06505171 0.32734724
v -0.00243220 -0.06479401 0.32734717
v -0.01152217 -0.06479400 0.30728529
v -0.00968837 0.06505172 0.30597142
v -0.00968843 -0.06479400 0.30597119
v 0.00603192 -0.06479400 0.31018358
v 0.00747531 -0.06479400 0.31443553
v 0.00754909 -0.06479400 0.31669021
v 0.00718159 -0.06479400 0.31891604
v 0.00638698 -0.06479400 0.32102750
v 0.00519556 -0.06479400 0.32294324
v 0.00365352 -0.06479400 0.32458989
v 0.00181977 -0.06479400 0.32590387
v -0.00023520 -0.06479401 0.32683497
v -0.00243220 -0.06479401 0.32734717
v -0.00468700 -0.06479401 0.32742112
v -0.00691291 -0.06479401 0.32705354
v -0.00902433 -0.06479401 0.32625897
v -0.01094007 -0.06479401 0.32506751
v -0.01258655 -0.06479401 0.32352538
v -0.01390057 -0.06479401 0.32169164
v -0.01483172 -0.06479401 0.31963671
v -0.01534404 -0.06479400 0.31743955
v -0.01541783 -0.06479400 0.31518491
v -0.01505032 -0.06479400 0.31295904
v -0.01306442 -0.06479400 0.30893182
v -0.01152217 -0.06479400 0.30728529
v -0.00968843 -0.06479400 0.30597119
v -0.00763350 -0.06479400 0.30504021
v -0.00543642 -0.06479400 0.30452789
v -0.00318170 -0.06479399 0.30445416
v 0.00115555 -0.06479399 0.30561622
v 0.00307130 -0.06479399 0.30680751
v 0.00471790 -0.06479400 0.30834980
v 0.00747524 0.06505167 0.31443560
v 0.00696287 0.06505167 0.31223854
v 0.00754902 0.06505172 0.31669044
v 0.00603186 0.06505172 0.31018365
v 0.00471787 0.06505172 0.30834987
v 0.00307127 0.06505172 0.30680772
v 0.00115548 0.06505172 0.30561644
v -0.00095593 0.06505172 0.30482171
v -0.00318176 0.06505172 0.30445423
v -0.00543645 0.06505172 0.30452810
v -0.00763352 0.06505172 0.30504028
v -0.00968837 0.06505172 0.30597142
v -0.01152220 0.06505172 0.30728536
v -0.01306428 0.06505172 0.30893189
v -0.01505039 0.06505172 0.31295911
v -0.01541790 0.06505172 0.31518498
v -0.01534410 0.06505171 0.31743978
v -0.01483174 0.06505171 0.31963678
v -0.01390064 0.06505171 0.32169171
v -0.01258658 0.06505171 0.32352545
v -0.00902435 0.06505171 0.32625903
v -0.00691294 0.06505171 0.32705361
v -0.00468703 0.06505171 0.32742119
v -0.00023522 0.06505171 0.32683504
v 0.00181970 0.06505171 0.32590394
v 0.00365345 0.06505172 0.32458995
v 0.00519557 0.06505172 0.32294347
v 0.00638691 0.06505172 0.32102773
v 0.00718152 0.06505172 0.31891627
v -0.00468703 0.06505171 0.32742119
v -0.00763352 0.06505172 0.30504028
v -0.00691294 0.06505171 0.32705361
v -0.00543645 0.06505172 0.30452810
v -0.00902435 0.06505171 0.32625903
v -0.00318176 0.06505172 0.30445423
v -0.01094010 0.06505171 0.32506758
v 0.00603186 0.06505172 0.31018365
v -0.00318176 0.06505172 0.30445423
v -0.01258658 0.06505171 0.32352545
v 0.00747524 0.06505167 0.31443560
v 0.00115548 0.06505172 0.30561644
v -0.01390064 0.06505171 0.32169171
v 0.00754902 0.06505172 0.31669044
v 0.00307127 0.06505172 0.30680772
v -0.01483174 0.06505171 0.31963678
v 0.00718152 0.06505172 0.31891627
v 0.00471787 0.06505172 0.30834987
v -0.01483174 0.06505171 0.31963678
v 0.00638691 0.06505172 0.32102773
v 0.00603186 0.06505172 0.31018365
v -0.01534410 0.06505171 0.31743978
v 0.00519557 0.06505172 0.32294347
v -0.01505039 0.06505172 0.31295911
v 0.00365345 0.06505172 0.32458995
v -0.01425562 0.06505172 0.31084785
v 0.00181970 0.06505171 0.32590394
v -0.01425562 0.06505172 0.31084785
v -0.00023522 0.06505171 0.32683504
v -0.01306428 0.06505172 0.30893189
v -0.00023522 0.06505171 0.32683504
v -0.01152220 0.06505172 0.30728536
vn 0.00000021 -1.00000000 -0.00000052
vn 0.00000021 -1.00000000 -0.00000052
vn 0.00000021 -1.00000000 -0.00000052
vn -0.00000021 1.00000000 0.00000052
vn 0.00000014 1.00000000 -0.00000091
vn 0.00000103 1.00000000 0.00000069
vn 0.03277858 -0.00000051 0.99946264
vn 0.03277858 -0.00000051 0.99946264
vn 0.03277858 -0.00000051 0.99946264
vn -0.41274324 0.00000040 -0.91084742
vn -0.41267233 0.00000176 -0.91087955
vn -0.41267153 0.00000177 -0.91087991
vn -0.16293089 -0.00000055 0.98663748
vn -0.16293089 -0.00000055 0.98663748
vn -0.16293089 -0.00000055 0.98663748
vn -0.22703328 0.00000149 -0.97388700
vn -0.22709044 0.00000047 -0.97387367
vn -0.22709109 0.00000046 -0.97387352
vn -0.35220824 -0.00000056 0.93592166
vn -0.35220824 -0.00000056 0.93592166
vn -0.35220824 -0.00000056 0.93592166
vn -0.03274469 0.00000051 -0.99946375
vn -0.03268376 0.00000157 -0.99946574
vn -0.03268307 0.00000158 -0.99946577
vn -0.52812279 -0.00000055 0.84916802
vn -0.52812279 -0.00000055 0.84916802
vn -0.52812279 -0.00000055 0.84916802
vn 0.91086941 0.00000070 -0.41269469
vn 0.91087032 0.00000066 -0.41269269
vn 0.91086940 0.00000070 -0.41269472
vn 0.16289623 0.00000055 -0.98664321
vn 0.16289356 0.00000060 -0.98664365
vn 0.16289626 0.00000055 -0.98664320
vn -0.68359858 -0.00000052 0.72985819
vn -0.68359858 -0.00000052 0.72985819
vn -0.68359858 -0.00000052 0.72985819
vn 0.97386912 0.00000063 -0.22710998
vn 0.97386912 0.00000063 -0.22710998
vn 0.97386912 0.00000063 -0.22710998
vn 0.35226913 0.00000180 -0.93589874
vn 0.35220300 0.00000058 -0.93592363
vn 0.35220225 0.00000056 -0.93592391
vn -0.81284231 -0.00000073 0.58248380
vn -0.81285095 -0.00000048 0.58247174
vn -0.81285105 -0.00000047 0.58247161
vn 0.99946498 0.00000059 -0.03270696
vn 0.99946490 0.00000055 -0.03270958
vn 0.99946490 0.00000055 -0.03270961
vn 0.52805782 0.00000147 -0.84920842
vn 0.52807173 0.00000175 -0.84919977
vn 0.52807188 0.00000176 -0.84919967
vn -0.91085935 -0.00000041 0.41271691
vn -0.91085248 -0.00000070 0.41273207
vn -0.91085240 -0.00000070 0.41273224
vn 0.98664216 0.00000025 0.16290258
vn 0.98664216 0.00000025 0.16290258
vn 0.98664216 0.00000025 0.16290258
vn 0.68357742 0.00000053 -0.72987801
vn 0.68360973 0.00000130 -0.72984775
vn 0.68361009 0.00000131 -0.72984741
vn -0.97387544 -0.00000087 0.22708287
vn -0.97386835 -0.00000033 0.22711327
vn -0.97387552 -0.00000088 0.22708253
vn 0.93591858 -0.00000015 0.35221642
vn 0.93591778 -0.00000011 0.35221855
vn 0.93591777 -0.00000011 0.35221857
vn 0.81286440 0.00000070 -0.58245298
vn 0.81285703 0.00000048 -0.58246326
vn 0.81285694 0.00000047 -0.58246338
vn -0.99946488 -0.00000054 0.03271027
vn -0.99946489 -0.00000055 0.03270980
vn -0.99946488 -0.00000054 0.03271028
vn 0.84919092 -0.00000101 0.52808596
vn 0.84917577 -0.00000051 0.52811032
vn 0.84917560 -0.00000050 0.52811060
vn -0.98664261 -0.00000043 -0.16289983
vn -0.98664261 -0.00000043 -0.16289983
vn -0.98664261 -0.00000043 -0.16289983
vn 0.72985953 0.00000002 0.68359715
vn 0.72990967 -0.00000126 0.68354361
vn 0.72991024 -0.00000127 0.68354301
vn -0.93588421 -0.00000002 -0.35230774
vn -0.93589009 -0.00000031 -0.35229213
vn -0.93589015 -0.00000031 -0.35229196
vn 0.58246019 -0.00000012 0.81285923
vn 0.58245974 -0.00000011 0.81285955
vn 0.58245974 -0.00000011 0.81285955
vn -0.84924977 0.00000115 -0.52799132
vn -0.84921826 0.00000011 -0.52804200
vn -0.84925012 0.00000116 -0.52799075
vn 0.41271573 -0.00000039 0.91085988
vn 0.41270922 -0.00000026 0.91086283
vn 0.41270915 -0.00000026 0.91086286
vn -0.72984089 0.00000021 -0.68361705
vn -0.72987601 0.00000111 -0.68357955
vn -0.72984049 0.00000020 -0.68361748
vn 0.22704888 -0.00000046 0.97388336
vn 0.22704888 -0.00000046 0.97388336
vn 0.22704888 -0.00000046 0.97388336
vn -0.58249450 0.00000166 -0.81283464
vn -0.58243176 0.00000032 -0.81287960
vn -0.58249521 0.00000167 -0.81283413
vn 0.00000021 -1.00000000 -0.00000052
vn 0.00000021 -1.00000000 -0.00000052
vn 0.00000021 -1.00000000 -0.00000052
vn 0.00000021 -1.00000000 -0.00000052
vn 0.00000021 -1.00000000 -0.00000052
vn 0.00000021 -1.00000000 -0.00000052
vn 0.00000021 -1.00000000 -0.00000052
vn 0.00000021 -1.00000000 -0.00000052
vn 0.00000021 -1.00000000 -0.00000052
vn 0.00000021 -1.00000000 -0.00000052
vn 0.00000021 -1.00000000 -0.00000052
vn 0.00000021 -1.00000000 -0.00000052
vn 0.00000021 -1.00000000 -0.00000052
vn 0.00000021 -1.00000000 -0.00000052
vn 0.00000021 -1.00000000 -0.00000052
vn 0.00000021 -1.00000000 -0.00000052
vn 0.00000021 -1.00000000 -0.00000052
vn 0.00000021 -1.00000000 -0.00000052
vn 0.00000021 -1.00000000 -0.00000052
vn 0.00000021 -1.00000000 -0.00000052
vn 0.00000021 -1.00000000 -0.00000052
vn 0.00000021 -1.00000000 -0.00000052
vn 0.00000021 -1.00000000 -0.00000052
vn 0.00000021 -1.00000000 -0.00000052
vn 0.00000021 -1.00000000 -0.00000052
vn 0.00000021 -1.00000000 -0.00000052
vn 0.00000021 -1.00000000 -0.00000052
vn 0.00000021 -1.00000000 -0.00000052
vn 0.00000021 -1.00000000 -0.00000052
vn 0.00010978 0.99999999 -0.00002513
vn -0.00000210 1.00000000 0.00000263
vn -0.00003292 1.00000000 -0.00000634
vn -0.00005539 1.00000000 0.00004891
vn -0.00000021 1.00000000 0.00000052
vn -0.00001170 1.00000000 0.00001760
vn -0.00000244 1.00000000 0.00000949
vn -0.00000021 1.00000000 0.00000052
vn -0.00000021 1.00000000 0.00000052
vn 0.00000103 1.00000000 0.00000369
vn -0.00000021 1.00000000 0.00000052
vn -0.00000021 1.00000000 0.00000052
vn -0.00000021 1.00000000 0.00000052
vn -0.00000021 1.00000000 0.00000052
vn -0.00000021 1.00000000 0.00000052
vn -0.00000021 1.00000000 0.00000052
vn -0.00000021 1.00000000 0.00000052
vn -0.00000021 1.00000000 0.00000052
vn -0.00000021 1.00000000 0.00000052
vn -0.00000021 1.00000000 0.00000052
vn -0.00000021 1.00000000 0.00000052
vn -0.00000021 1.00000000 0.00000052
vn -0.00000021 1.00000000 0.00000052
vn -0.00000021 1.00000000 0.00000052
vn -0.00000021 1.00000000 0.00000052
vn -0.00000021 1.00000000 0.00000052
vn -0.00000021 1.00000000 0.00000052
vn -0.00000021 1.00000000 0.00000052
vn -0.00000759 1.00000000 -0.00000544
vn 0.03277858 -0.00000051 0.99946264
vn -0.41274404 0.00000039 -0.91084705
vn -0.16293089 -0.00000055 0.98663748
vn -0.22703263 0.00000150 -0.97388715
vn -0.35220824 -0.00000056 0.93592166
vn -0.03274537 0.00000050 -0.99946373
vn -0.52812279 -0.00000055 0.84916802
vn 0.91087033 0.00000066 -0.41269266
vn 0.16289353 0.00000060 -0.98664365
vn -0.68359858 -0.00000052 0.72985819
vn 0.97386912 0.00000063 -0.22710998
vn 0.35226988 0.00000182 -0.93589846
vn -0.81284221 -0.00000074 0.58248394
vn 0.99946499 0.00000059 -0.03270693
vn 0.52805767 0.00000147 -0.84920851
vn -0.91085943 -0.00000041 0.41271674
vn 0.98664216 0.00000025 0.16290258
vn 0.68357706 0.00000052 -0.72987835
vn -0.97386827 -0.00000032 0.22711362
vn 0.93591859 -0.00000015 0.35221640
vn 0.81286448 0.00000070 -0.58245286
vn -0.99946489 -0.00000055 0.03270980
vn 0.84919109 -0.00000101 0.52808568
vn -0.98664261 -0.00000043 -0.16289983
vn 0.72985896 0.00000003 0.68359776
vn -0.93588414 -0.00000001 -0.35230792
vn 0.58246020 -0.00000012 0.81285922
vn -0.84921790 0.00000010 -0.52804257
vn 0.41271580 -0.00000039 0.91085985
vn -0.72987641 0.00000112 -0.68357913
vn 0.22704888 -0.00000046 0.97388336
vn -0.58243105 0.00000030 -0.81288011
vt 0.00000000 0.00000000
vt 0.00000000 0.00000000
vt 0.00000000 0.00000000
vt 0.00000000 0.00000000
vt 0.00000000 0.00000000
vt 0.00000000 0.00000000
vt 0.00000000 0.00000000
vt 0.00000000 0.00000000
vt 0.00000000 0.00000000
vt 0.00000000 0.00000000
vt 0.00000000 0.00000000
vt 0.00000000 0.00000000
vt 0.00000000 0.00000000
vt 0.00000000 0.00000000
vt 0.00000000 0.00000000
vt 0.00000000 0.00000000
vt 0.00000000 0.00000000
vt 0.00000000 0.00000000
vt 0.00000000 0.00000000
vt 0.00000000 0.00000000
vt 0.00000000 0.00000000
vt 0.00000000 0.00000000
vt 0.00000000 0.00000000
vt 0.00000000 0.00000000
vt 0.00000000 0.00000000
vt 0.00000000 0.00000000
vt 0.00000000 0.00000000
vt 0.00000000 0.00000000
vt 0.00000000 0.00000000
vt 0.00000000 0.00000000
vt 0.00000000 0.00000000
vt 0.00000000 0.00000000
vt 0.00000000 0.00000000
vt 0.00000000 0.00000000
vt 0.00000000 0.00000000
vt 0.00000000 0.00000000
vt 0.00000000 0.00000000
vt 0.00000000 0.00000000
vt 0.00000000 0.00000000
vt 0.00000000 0.00000000
vt 0.00000000 0.00000000
vt 0.00000000 0.00000000
vt 0.00000000 0.00000000
vt 0.00000000 0.00000000
vt 0.00000000 0.00000000
vt 0.00000000 0.00000000
vt 0.00000000 0.00000000
vt 0.00000000 0.00000000
vt 0.00000000 0.00000000
vt 0.00000000 0.00000000
vt 0.00000000 0.00000000
vt 0.00000000 0.00000000
vt 0.00000000 0.00000000
vt 0.00000000 0.00000000
vt 0.00000000 0.00000000
vt 0.00000000 0.00000000
vt 0.00000000 0.00000000
vt 0.00000000 0.00000000
vt 0.00000000 0.00000000
vt 0.00000000 0.00000000
vt 0.00000000 0.00000000
vt 0.00000000 0.00000000
vt 0.00000000 0.00000000
vt 0.00000000 0.00000000
vt 0.00000000 0.00000000
vt 0.00000000 0.00000000
vt 0.00000000 0.00000000
vt 0.00000000 0.00000000
vt 0.00000000 0.00000000
vt 0.00000000 0.00000000
vt 0.00000000 0.00000000
vt 0.00000000 0.00000000
vt 0.00000000 0.00000000
vt 0.00000000 0.00000000
vt 0.00000000 0.00000000
vt 0.00000000 0.00000000
vt 0.00000000 0.00000000
vt 0.00000000 0.00000000
vt 0.00000000 0.00000000
vt 0.00000000 0.00000000
vt 0.00000000 0.00000000
vt 0.00000000 0.00000000
vt 0.00000000 0.00000000
vt 0.00000000 0.00000000
vt 0.00000000 0.00000000
vt 0.00000000 0.00000000
vt 0.00000000 0.00000000
vt 0.00000000 0.00000000
vt 0.00000000 0.00000000
vt 0.00000000 0.00000000
vt 0.00000000 0.00000000
vt 0.00000000 0.00000000
vt 0.00000000 0.00000000
vt 0.00000000 0.00000000
vt 0.00000000 0.00000000
vt 0.00000000 0.00000000
vt 0.00000000 0.00000000
vt 0.00000000 0.00000000
vt 0.00000000 0.00000000
vt 0.00000000 0.00000000
vt 0.00000000 0.00000000
vt 0.00000000 0.00000000
vt 0.00000000 0.00000000
vt 0.00000000 0.00000000
vt 0.00000000 0.00000000
vt 0.00000000 0.00000000
vt 0.00000000 0.00000000
vt 0.00000000 0.00000000
vt 0.00000000 0.00000000
vt 0.00000000 0.00000000
vt 0.00000000 0.00000000
vt 0.00000000 0.00000000
vt 0.00000000 0.00000000
vt 0.00000000 0.00000000
vt 0.00000000 0.00000000
vt 0.00000000 0.00000000
vt 0.00000000 0.00000000
vt 0.00000000 0.00000000
vt 0.00000000 0.00000000
vt 0.00000000 0.00000000
vt 0.00000000 0.00000000
vt 0.00000000 0.00000000
vt 0.00000000 0.00000000
vt 0.00000000 0.00000000
vt 0.00000000 0.00000000
vt 0.00000000 0.00000000
vt 0.00000000 0.00000000
vt 0.00000000 0.00000000
vt 0.00000000 0.00000000
vt 0.00000000 0.00000000
vt 0.00000000 0.00000000
vt 0.00000000 0.00000000
vt 0.00000000 0.00000000
vt 0.00000000 0.00000000
vt 0.00000000 0.00000000
vt 0.00000000 0.00000000
vt 0.00000000 0.00000000
vt 0.00000000 0.00000000
vt 0.00000000 0.00000000
vt 0.00000000 0.00000000
vt 0.00000000 0.00000000
vt 0.00000000 0.00000000
vt 0.00000000 0.00000000
vt 0.00000000 0.00000000
vt 0.00000000 0.00000000
vt 0.00000000 0.00000000
vt 0.00000000 0.00000000
vt 0.00000000 0.00000000
vt 0.00000000 0.00000000
vt 0.00000000 0.00000000
vt 0.00000000 0.00000000
vt 0.00000000 0.00000000
vt 0.00000000 0.00000000
vt 0.00000000 0.00000000
vt 0.00000000 0.00000000
vt 0.00000000 0.00000000
vt 0.00000000 0.00000000
vt 0.00000000 0.00000000
vt 0.00000000 0.00000000
vt 0.00000000 0.00000000
vt 0.00000000 0.00000000
vt 0.00000000 0.00000000
vt 0.00000000 0.00000000
vt 0.00000000 0.00000000
vt 0.00000000 0.00000000
vt 0.00000000 0.00000000
vt 0.00000000 0.00000000
vt 0.00000000 0.00000000
vt 0.00000000 0.00000000
vt 0.00000000 0.00000000
vt 0.00000000 0.00000000
vt 0.00000000 0.00000000
vt 0.00000000 0.00000000
vt 0.00000000 0.00000000
vt 0.00000000 0.00000000
vt 0.00000000 0.00000000
vt 0.00000000 0.00000000
vt 0.00000000 0.00000000
vt 0.00000000 0.00000000
vt 0.00000000 0.00000000
vt 0.00000000 0.00000000
vt 0.00000000 0.00000000
vt 0.00000000 0.00000000
vt 0.00000000 0.00000000
vt 0.00000000 0.00000000
vt 0.00000000 0.00000000
vt 0.00000000 0.00000000
vt 0.00000000 0.00000000
vt 0.00000000 0.00000000
vt 0.00000000 0.00000000
vt 0.00000000 0.00000000
vt 0.00000000 0.00000000
f 2597/2597/2597 2598/2598/2598 2599/2599/2599
f 2600/2600/2600 2601/2601/2601 2602/2602/2602
f 2603/2603/2603 2604/2604/2604 2605/2605/2605
f 2606/2606/2606 2607/2607/2607 2608/2608/2608
f 2609/2609/2609 2610/2610/2610 2611/2611/2611
f 2612/2612/2612 2613/2613/2613 2614/2614/2614
f 2615/2615/2615 2616/2616/2616 2617/2617/2617
f 2618/2618/2618 2619/2619/2619 2620/2620/2620
f 2621/2621/2621 2622/2622/2622 2623/2623/2623
f 2624/2624/2624 2625/2625/2625 2626/2626/2626
f 2627/2627/2627 2628/2628/2628 2629/2629/2629
f 2630/2630/2630 2631/2631/2631 2632/2632/2632
f 2633/2633/2633 2634/2634/2634 2635/2635/2635
f 2636/2636/2636 2637/2637/2637 2638/2638/2638
f 2639/2639/2639 2640/2640/2640 2641/2641/2641
f 2642/2642/2642 2643/2643/2643 2644/2644/2644
f 2645/2645/2645 2646/2646/2646 2647/2647/2647
f 2648/2648/2648 2649/2649/2649 2650/2650/2650
f 2651/2651/2651 2652/2652/2652 2653/2653/2653
f 2654/2654/2654 2655/2655/2655 2656/2656/2656
f 2657/2657/2657 2658/2658/2658 2659/2659/2659
f 2660/2660/2660 2661/2661/2661 2662/2662/2662
f 2663/2663/2663 2664/2664/2664 2665/2665/2665
f 2666/2666/2666 2667/2667/2667 2668/2668/2668
f 2669/2669/2669 2670/2670/2670 2671/2671/2671
f 2672/2672/2672 2673/2673/2673 2674/2674/2674
f 2675/2675/2675 2676/2676/2676 2677/2677/2677
f 2678/2678/2678 2679/2679/2679 2680/2680/2680
f 2681/2681/2681 2682/2682/2682 2683/2683/2683
f 2684/2684/2684 2685/2685/2685 2686/2686/2686
f 2687/2687/2687 2688/2688/2688 2689/2689/2689
f 2690/2690/2690 2691/2691/2691 2692/2692/2692
f 2693/2693/2693 2694/2694/2694 2695/2695/2695
f 2696/2696/2696 2697/2697/2697 2698/2698/2698
f 2699/2699/2699 2599/2599/2599 2598/2598/2598
f 2700/2700/2700 2701/2701/2701 2599/2599/2599
f 2702/2702/2702 2703/2703/2703 2704/2704/2704
f 2704/2704/2704 2705/2705/2705 2706/2706/2706
f 2706/2706/2706 2707/2707/2707 2708/2708/2708
f 2708/2708/2708 2709/2709/2709 2710/2710/2710
f 2710/2710/2710 2711/2711/2711 2712/2712/2712
f 2712/2712/2712 2713/2713/2713 2714/2714/2714
f 2714/2714/2714 2715/2715/2715 2716/2716/2716
f 2716/2716/2716 2717/2717/2717 2597/2597/2597
f 2718/2718/2718 2597/2597/2597 2717/2717/2717
f 2719/2719/2719 2720/2720/2720 2597/2597/2597
f 2721/2721/2721 2722/2722/2722 2720/2720/2720
f 2723/2723/2723 2724/2724/2724 2722/2722/2722
f 2598/2598/2598 2725/2725/2725 2726/2726/2726
f 2726/2726/2726 2727/2727/2727 2598/2598/2598
f 2599/2599/2599 2701/2701/2701 2702/2702/2702
f 2702/2702/2702 2704/2704/2704 2599/2599/2599
f 2706/2706/2706 2708/2708/2708 2704/2704/2704
f 2710/2710/2710 2712/2712/2712 2708/2708/2708
f 2714/2714/2714 2716/2716/2716 2597/2597/2597
f 2597/2597/2597 2720/2720/2720 2722/2722/2722
f 2722/2722/2722 2724/2724/2724 2598/2598/2598
f 2598/2598/2598 2727/2727/2727 2699/2699/2699
f 2599/2599/2599 2704/2704/2704 2714/2714/2714
f 2708/2708/2708 2712/2712/2712 2714/2714/2714
f 2714/2714/2714 2597/2597/2597 2599/2599/2599
f 2722/2722/2722 2598/2598/2598 2597/2597/2597
f 2704/2704/2704 2708/2708/2708 2714/2714/2714
f 2728/2728/2728 2729/2729/2729 2730/2730/2730
f 2731/2731/2731 2732/2732/2732 2733/2733/2733
f 2733/2733/2733 2734/2734/2734 2729/2729/2729
f 2735/2735/2735 2736/2736/2736 2737/2737/2737
f 2737/2737/2737 2738/2738/2738 2739/2739/2739
f 2739/2739/2739 2740/2740/2740 2741/2741/2741
f 2741/2741/2741 2602/2602/2602 2739/2739/2739
f 2742/2742/2742 2743/2743/2743 2602/2602/2602
f 2744/2744/2744 2745/2745/2745 2743/2743/2743
f 2746/2746/2746 2747/2747/2747 2602/2602/2602
f 2600/2600/2600 2748/2748/2748 2749/2749/2749
f 2749/2749/2749 2750/2750/2750 2601/2601/2601
f 2601/2601/2601 2751/2751/2751 2752/2752/2752
f 2752/2752/2752 2753/2753/2753 2754/2754/2754
f 2754/2754/2754 2755/2755/2755 2756/2756/2756
f 2756/2756/2756 2730/2730/2730 2729/2729/2729
f 2729/2729/2729 2731/2731/2731 2733/2733/2733
f 2734/2734/2734 2735/2735/2735 2737/2737/2737
f 2737/2737/2737 2739/2739/2739 2602/2602/2602
f 2602/2602/2602 2743/2743/2743 2745/2745/2745
f 2745/2745/2745 2746/2746/2746 2602/2602/2602
f 2600/2600/2600 2749/2749/2749 2601/2601/2601
f 2601/2601/2601 2752/2752/2752 2756/2756/2756
f 2754/2754/2754 2756/2756/2756 2752/2752/2752
f 2729/2729/2729 2734/2734/2734 2737/2737/2737
f 2737/2737/2737 2602/2602/2602 2729/2729/2729
f 2747/2747/2747 2600/2600/2600 2602/2602/2602
f 2601/2601/2601 2756/2756/2756 2729/2729/2729
f 2729/2729/2729 2602/2602/2602 2601/2601/2601
f 2603/2603/2603 2757/2757/2757 2604/2604/2604
f 2606/2606/2606 2758/2758/2758 2607/2607/2607
f 2609/2609/2609 2759/2759/2759 2610/2610/2610
f 2612/2612/2612 2760/2760/2760 2613/2613/2613
f 2615/2615/2615 2761/2761/2761 2616/2616/2616
f 2618/2618/2618 2762/2762/2762 2619/2619/2619
f 2621/2621/2621 2763/2763/2763 2622/2622/2622
f 2624/2624/2624 2764/2764/2764 2625/2625/2625
f 2627/2627/2627 2765/2765/2765 2628/2628/2628
f 2630/2630/2630 2766/2766/2766 2631/2631/2631
f 2633/2633/2633 2767/2767/2767 2634/2634/2634
f 2636/2636/2636 2768/2768/2768 2637/2637/2637
f 2639/2639/2639 2769/2769/2769 2640/2640/2640
f 2642/2642/2642 2770/2770/2770 2643/2643/2643
f 2645/2645/2645 2771/2771/2771 2646/2646/2646
f 2648/2648/2648 2772/2772/2772 2649/2649/2649
f 2651/2651/2651 2773/2773/2773 2652/2652/2652
f 2654/2654/2654 2774/2774/2774 2655/2655/2655
f 2657/2657/2657 2775/2775/2775 2658/2658/2658
f 2660/2660/2660 2776/2776/2776 2661/2661/2661
f 2663/2663/2663 2777/2777/2777 2664/2664/2664
f 2666/2666/2666 2778/2778/2778 2667/2667/2667
f 2669/2669/2669 2779/2779/2779 2670/2670/2670
f 2672/2672/2672 2780/2780/2780 2673/2673/2673
f 2675/2675/2675 2781/2781/2781 2676/2676/2676
f 2678/2678/2678 2782/2782/2782 2679/2679/2679
f 2681/2681/2681 2783/2783/2783 2682/2682/2682
f 2684/2684/2684 2784/2784/2784 2685/2685/2685
f 2687/2687/2687 2785/2785/2785 2688/2688/2688
f 2690/2690/2690 2786/2786/2786 2691/2691/2691
f 2693/2693/2693 2787/2787/2787 2694/2694/2694
f 2696/2696/2696 2788/2788/2788 2697/2697/2697

o part_003
usemtl material_0
v -0.07572690 -0.00000001 -0.00040452
v -0.00000020 0.00000000 0.00000020
v -0.07536225 0.00742260 -0.00040257
v -0.07490727 0.01111156 -0.00040014
v -0.07427182 0.01477374 -0.00039674
v -0.07246613 0.02198259 -0.00038709
v -0.06996259 0.02897974 -0.00037371
v -0.06845635 0.03237777 -0.00036566
v -0.06678512 0.03569780 -0.00035673
v -0.06296464 0.04207207 -0.00033632
v -0.06082442 0.04511095 -0.00032488
v -0.05853769 0.04804117 -0.00031266
v -0.05610993 0.05085564 -0.00029969
v -0.05354704 0.05354761 -0.00028600
v -0.04804071 0.05853832 -0.00025657
v -0.04207166 0.06296531 -0.00022468
v -0.03569754 0.06678588 -0.00019062
v -0.03237753 0.06845706 -0.00017288
v -0.02897957 0.06996333 -0.00015472
v -0.02551179 0.07130103 -0.00013619
v -0.01840027 0.07345824 -0.00009820
v -0.01477381 0.07427262 -0.00007872
v -0.00742276 0.07536308 -0.00003954
v -0.00371601 0.07563649 -0.00001973
v 0.00371543 0.07563649 0.00002007
v 0.00742223 0.07536308 0.00003978
v 0.01111116 0.07490809 0.00005949
v 0.01839974 0.07345825 0.00009843
v 0.02198202 0.07246692 0.00011767
v 0.02897909 0.06996328 0.00015506
v 0.03237700 0.06845708 0.00017311
v 0.03893096 0.06495385 0.00020823
v 0.04511000 0.06082509 0.00024125
v 0.05085457 0.05611057 0.00027184
v 0.05610943 0.05085564 0.00029992
v 0.06082390 0.04511096 0.00032520
v 0.06296413 0.04207208 0.00033664
v 0.06678465 0.03569781 0.00035705
v 0.06845587 0.03237779 0.00036598
v 0.07129973 0.02551191 0.00038117
v 0.07246560 0.02198261 0.00038740
v 0.07427135 0.01477376 0.00039695
v 0.07490667 0.01111157 0.00040044
v 0.07536173 0.00742263 0.00040277
v 0.07572638 0.00000001 0.00040472
v 0.07536173 -0.00742261 0.00040277
v 0.07490668 -0.01111156 0.00040043
v 0.07427136 -0.01477375 0.00039694
v 0.07246561 -0.02198261 0.00038739
v 0.07129974 -0.02551190 0.00038116
v 0.06845589 -0.03237777 0.00036596
v 0.06678466 -0.03569779 0.00035703
v 0.06296415 -0.04207207 0.00033661
v 0.06082395 -0.04511095 0.00032508
v 0.05610945 -0.05085563 0.00029989
v 0.05085460 -0.05611055 0.00027181
v 0.04511003 -0.06082507 0.00024121
v 0.03893104 -0.06495382 0.00020810
v 0.03237703 -0.06845706 0.00017308
v 0.02551130 -0.07130102 0.00013649
v 0.01839977 -0.07345824 0.00009839
v 0.01477331 -0.07427262 0.00007901
v 0.00742226 -0.07536308 0.00003974
v 0.00371546 -0.07563648 0.00002003
v -0.00371598 -0.07563649 -0.00001978
v -0.00742273 -0.07536308 -0.00003958
v -0.01111166 -0.07490809 -0.00005919
v -0.01477378 -0.07427263 -0.00007886
v -0.02198252 -0.07246692 -0.00011738
v -0.02897954 -0.06996327 -0.00015476
v -0.03237750 -0.06845707 -0.00017292
v -0.03893147 -0.06495384 -0.00020794
v -0.04207163 -0.06296530 -0.00022471
v -0.04511050 -0.06082509 -0.00024095
v -0.04804068 -0.05853834 -0.00025661
v -0.05354701 -0.05354757 -0.00028603
v -0.05853767 -0.04804116 -0.00031269
v -0.06082440 -0.04511095 -0.00032491
v -0.06495314 -0.03893184 -0.00034697
v -0.06678511 -0.03569780 -0.00035675
v -0.06845633 -0.03237777 -0.00036568
v -0.06996257 -0.02897976 -0.00037373
v -0.07246612 -0.02198259 -0.00038710
v -0.07427181 -0.01477375 -0.00039675
v -0.07490727 -0.01111156 -0.00040015
v -0.07536225 -0.00742260 -0.00040258
v -0.00005233 -0.00000000 0.00974780
v -0.07568768 0.00371577 0.00934367
v -0.07577898 -0.00000001 0.00934318
v -0.00005233 -0.00000000 0.00974780
v -0.07541434 0.00742260 0.00934513
v -0.00005233 -0.00000001 0.00974780
v -0.07495942 0.01111155 0.00934756
v -0.07432383 0.01477373 0.00935086
v -0.00005233 -0.00000001 0.00974780
v -0.07350947 0.01840032 0.00935521
v -0.00005233 -0.00000001 0.00974780
v -0.07251821 0.02198257 0.00936041
v -0.07135229 0.02551188 0.00936674
v -0.00005233 -0.00000001 0.00974780
v -0.07001467 0.02897973 0.00937399
v -0.06850836 0.03237776 0.00938194
v -0.00005233 -0.00000001 0.00974780
v -0.06683727 0.03569779 0.00939087
v -0.06500523 0.03893182 0.00940066
v -0.00005233 -0.00000001 0.00974780
v -0.06301673 0.04207205 0.00941128
v -0.00005233 -0.00000001 0.00974780
v -0.06087658 0.04511094 0.00942282
v -0.05858977 0.04804115 0.00943494
v -0.00005233 -0.00000002 0.00974780
v -0.05616208 0.05085562 0.00944801
v -0.05359912 0.05354757 0.00946161
v -0.00005233 -0.00000002 0.00974780
v -0.05090723 0.05611054 0.00947609
v -0.00005233 -0.00000002 0.00974780
v -0.04809284 0.05853830 0.00949113
v -0.04516266 0.06082506 0.00950678
v -0.00005233 -0.00000002 0.00974780
v -0.04212379 0.06296529 0.00952302
v -0.00005233 -0.00000002 0.00974780
v -0.03898362 0.06495382 0.00953970
v -0.00005233 -0.00000002 0.00974780
v -0.03574966 0.06678587 0.00955698
v -0.00005233 -0.00000002 0.00974780
v -0.03242971 0.06845706 0.00957472
v -0.02903165 0.06996326 0.00959298
v -0.00005233 -0.00000002 0.00974780
v -0.02556388 0.07130096 0.00961141
v -0.00005233 -0.00000002 0.00974780
v -0.02203468 0.07246691 0.00963027
v -0.01845246 0.07345824 0.00964950
v -0.00005233 -0.00000002 0.00974780
v -0.01482584 0.07427262 0.00966888
v -0.00005233 -0.00000002 0.00974780
v -0.01116382 0.07490809 0.00968845
v -0.00747489 0.07536308 0.00970816
v -0.00005233 -0.00000002 0.00974780
v -0.00376814 0.07563648 0.00972797
v -0.00005233 -0.00000002 0.00974780
v -0.00005235 0.07572773 0.00974782
v 0.00366344 0.07563649 0.00976767
v -0.00005233 -0.00000002 0.00974780
v 0.00737020 0.07536308 0.00978748
v 0.01105903 0.07490809 0.00980719
v -0.00005233 -0.00000002 0.00974780
v 0.01472114 0.07427263 0.00982676
v -0.00005233 -0.00000002 0.00974780
v 0.01834776 0.07345825 0.00984613
v 0.02192989 0.07246692 0.00986527
v -0.00005233 -0.00000002 0.00974780
v 0.02545918 0.07130097 0.00988413
v 0.02892696 0.06996327 0.00990266
v -0.00005233 -0.00000002 0.00974780
v 0.03232492 0.06845707 0.00992081
v -0.00005233 -0.00000002 0.00974780
v 0.03564492 0.06678589 0.00993855
v -0.00005233 -0.00000002 0.00974780
v 0.03887893 0.06495383 0.00995583
v 0.04201909 0.06296530 0.00997261
v -0.00005233 -0.00000002 0.00974780
v 0.04505797 0.06082508 0.00998885
v 0.04798810 0.05853832 0.01000450
v -0.00005233 -0.00000002 0.00974780
v 0.05080254 0.05611056 0.01001954
v -0.00005233 -0.00000002 0.00974780
v 0.05349450 0.05354759 0.01003392
v 0.05605739 0.05085562 0.01004762
v -0.00005233 -0.00000001 0.00974780
v 0.05848512 0.04804117 0.01006059
v 0.06077182 0.04511095 0.01007280
v -0.00005233 -0.00000001 0.00974780
v 0.06291196 0.04207207 0.01008424
v -0.00005233 -0.00000001 0.00974780
v 0.06490062 0.03893184 0.01009486
v 0.06673263 0.03569780 0.01010465
v -0.00005233 -0.00000001 0.00974780
v 0.06840366 0.03237777 0.01011358
v -0.00005233 -0.00000001 0.00974780
v 0.06990997 0.02897975 0.01012163
v 0.07124759 0.02551191 0.01012877
v -0.00005233 -0.00000001 0.00974780
v 0.07241345 0.02198260 0.01013500
v -0.00005233 -0.00000001 0.00974780
v 0.07340484 0.01840033 0.01014030
v 0.07421920 0.01477375 0.01014465
v -0.00005233 -0.00000000 0.00974780
v 0.07485472 0.01111157 0.01014804
v 0.07530958 0.00742262 0.01015047
v -0.00005233 -0.00000000 0.00974780
v 0.07558305 0.00371578 0.01015193
v -0.00005233 -0.00000000 0.00974780
v 0.07567429 0.00000000 0.01015242
v 0.07558305 -0.00371577 0.01015193
v -0.00005233 -0.00000000 0.00974780
v 0.07530958 -0.00742261 0.01015047
v -0.00005233 0.00000000 0.00974780
v 0.07485473 -0.01111156 0.01014804
v 0.07421921 -0.01477375 0.01014464
v -0.00005233 0.00000000 0.00974780
v 0.07340484 -0.01840033 0.01014029
v 0.07241346 -0.02198260 0.01013499
v -0.00005233 0.00000001 0.00974780
v 0.07124760 -0.02551189 0.01012876
v 0.06990985 -0.02897973 0.01012161
v -0.00005233 0.00000001 0.00974780
v 0.06840367 -0.03237777 0.01011356
v -0.00005233 0.00000001 0.00974780
v 0.06673265 -0.03569779 0.01010463
v -0.00005233 0.00000001 0.00974780
v 0.06490064 -0.03893183 0.01009484
v 0.06291198 -0.04207206 0.01008421
v -0.00005233 0.00000001 0.00974780
v 0.06077183 -0.04511094 0.01007278
v -0.00005233 0.00000001 0.00974780
v 0.05848514 -0.04804116 0.01006056
v -0.00005233 0.00000001 0.00974780
v 0.05605745 -0.05085562 0.01004759
v 0.05349452 -0.05354760 0.01003389
v -0.00005233 0.00000001 0.00974780
v 0.05080257 -0.05611054 0.01001951
v -0.00005233 0.00000001 0.00974780
v 0.04798812 -0.05853830 0.01000447
v -0.00005233 0.00000001 0.00974780
v 0.04505799 -0.06082506 0.00998881
v 0.04201912 -0.06296529 0.00997257
v -0.00005233 0.00000002 0.00974780
v 0.03887896 -0.06495381 0.00995580
v 0.03564495 -0.06678587 0.00993852
v -0.00005233 0.00000002 0.00974780
v 0.03232494 -0.06845706 0.00992078
v -0.00005233 0.00000002 0.00974780
v 0.02892699 -0.06996326 0.00990262
v 0.02545921 -0.07130096 0.00988409
v -0.00005233 0.00000002 0.00974780
v 0.02192992 -0.07246691 0.00986523
v -0.00005233 0.00000002 0.00974780
v 0.01834779 -0.07345824 0.00984609
v -0.00005233 0.00000002 0.00974780
v 0.01472127 -0.07427262 0.00982671
v 0.01105906 -0.07490809 0.00980715
v -0.00005233 0.00000002 0.00974780
v 0.00737023 -0.07536308 0.00978744
v 0.00366348 -0.07563649 0.00976763
v -0.00005232 -0.07572773 0.00974778
v -0.00376811 -0.07563649 0.00972792
v -0.00005233 0.00000002 0.00974780
v -0.00747486 -0.07536308 0.00970812
v -0.01116375 -0.07490809 0.00968841
v -0.01482576 -0.07427263 0.00966884
v -0.00005233 0.00000002 0.00974780
v -0.01845237 -0.07345825 0.00964946
v -0.00005233 0.00000002 0.00974780
v -0.02203460 -0.07246692 0.00963023
v -0.00005233 0.00000002 0.00974780
v -0.02556385 -0.07130097 0.00961137
v -0.02903162 -0.06996327 0.00959294
v -0.00005233 0.00000002 0.00974780
v -0.03242968 -0.06845701 0.00957468
v -0.00005233 0.00000002 0.00974780
v -0.03574964 -0.06678589 0.00955695
v -0.03898359 -0.06495383 0.00953967
v -0.00005233 0.00000001 0.00974780
v -0.04212376 -0.06296529 0.00952299
v -0.00005233 0.00000001 0.00974780
v -0.04516264 -0.06082508 0.00950665
v -0.00005233 0.00000001 0.00974780
v -0.04809281 -0.05853832 0.00949100
v -0.05090720 -0.05611055 0.00947606
v -0.00005233 0.00000001 0.00974780
v -0.05359910 -0.05354757 0.00946158
v -0.00005233 0.00000001 0.00974780
v -0.05616206 -0.05085563 0.00944798
v -0.05858975 -0.04804115 0.00943491
v -0.00005233 0.00000001 0.00974780
v -0.06087656 -0.04511094 0.00942279
v -0.06301671 -0.04207208 0.00941126
v -0.00005233 0.00000001 0.00974780
v -0.06500522 -0.03893183 0.00940064
v -0.00005233 0.00000001 0.00974780
v -0.06683725 -0.03569779 0.00939085
v -0.06850835 -0.03237776 0.00938192
v -0.00005233 0.00000001 0.00974780
v -0.07001466 -0.02897975 0.00937397
v -0.07135228 -0.02551190 0.00936673
v -0.00005233 0.00000000 0.00974780
v -0.07251821 -0.02198259 0.00936040
v -0.00005233 0.00000000 0.00974780
v -0.07350946 -0.01840035 0.00935520
v -0.00005233 0.00000000 0.00974780
v -0.07432382 -0.01477375 0.00935085
v -0.00005233 0.00000000 0.00974780
v -0.07495941 -0.01111156 0.00934755
v -0.07541433 -0.00742260 0.00934513
v -0.07568767 -0.00371579 0.00934367
v -0.00000020 0.00000000 0.00000020
v -0.00005233 -0.00000000 0.00974780
v -0.00005233 -0.00000000 0.00974780
v -0.00005233 -0.00000000 0.00974780
v -0.00005233 -0.00000001 0.00974780
v -0.00005233 -0.00000001 0.00974780
v -0.00005233 -0.00000001 0.00974780
v -0.00005233 -0.00000001 0.00974780
v -0.00005233 -0.00000001 0.00974780
v -0.00005233 -0.00000001 0.00974780
v -0.00005233 -0.00000001 0.00974780
v -0.00005233 -0.00000001 0.00974780
v -0.00005233 -0.00000001 0.00974780
v -0.00005233 -0.00000001 0.00974780
v -0.00005233 -0.00000001 0.00974780
v -0.00005233 -0.00000002 0.00974780
v -0.00005233 -0.00000002 0.00974780
v -0.00005233 -0.00000002 0.00974780
v -0.00005233 -0.00000002 0.00974780
v -0.00005233 -0.00000002 0.00974780
v -0.00005233 -0.00000002 0.00974780
v -0.00005233 -0.00000002 0.00974780
v -0.00005233 -0.00000002 0.00974780
v -0.00005233 -0.00000002 0.00974780
v -0.00005233 -0.00000002 0.00974780
v -0.00005233 -0.00000002 0.00974780
v -0.00005233 -0.00000002 0.00974780
v -0.00005233 -0.00000002 0.00974780
v -0.00005233 -0.00000002 0.00974780
v -0.00005233 -0.00000002 0.00974780
v -0.00005233 -0.00000002 0.00974780
v -0.00005233 -0.00000002 0.00974780
v -0.00005233 -0.00000002 0.00974780
v -0.00000020 0.00000000 0.00000020
v -0.00005233 -0.00000002 0.00974780
v -0.00005233 -0.00000002 0.00974780
v -0.00005233 -0.00000002 0.00974780
v -0.00005233 -0.00000002 0.00974780
v -0.00005233 -0.00000002 0.00974780
v -0.00005233 -0.00000002 0.00974780
v -0.00005233 -0.00000002 0.00974780
v -0.00005233 -0.00000002 0.00974780
v -0.00005233 -0.00000002 0.00974780
v -0.00005233 -0.00000002 0.00974780
v -0.00005233 -0.00000002 0.00974780
v -0.00005233 -0.00000002 0.00974780
v -0.00005233 -0.00000002 0.00974780
v -0.00005233 -0.00000002 0.00974780
v -0.00005233 -0.00000002 0.00974780
v -0.00005233 -0.00000002 0.00974780
v -0.00005233 -0.00000002 0.00974780
v -0.00005233 -0.00000002 0.00974780
v -0.00005233 -0.00000001 0.00974780
v -0.00005233 -0.00000001 0.00974780
v -0.00005233 -0.00000001 0.00974780
v -0.00005233 -0.00000001 0.00974780
v -0.00005233 -0.00000001 0.00974780
v -0.00005233 -0.00000001 0.00974780
v -0.00005233 -0.00000001 0.00974780
v -0.00005233 -0.00000001 0.00974780
v -0.00005233 -0.00000001 0.00974780
v -0.00005233 -0.00000001 0.00974780
v -0.00005233 -0.00000001 0.00974780
v -0.00005233 -0.00000000 0.00974780
v -0.00005233 -0.00000000 0.00974780
v -0.00005233 -0.00000000 0.00974780
v -0.00005233 -0.00000000 0.00974780
v -0.00005233 -0.00000000 0.00974780
v -0.00005233 0.00000000 0.00974780
v -0.00005233 0.00000000 0.00974780
v -0.00005233 0.00000000 0.00974780
v -0.00005233 0.00000000 0.00974780
v -0.00005233 0.00000000 0.00974780
v -0.00005233 0.00000001 0.00974780
v -0.00005233 0.00000001 0.00974780
v -0.00005233 0.00000001 0.00974780
v -0.00005233 0.00000001 0.00974780
v -0.00005233 0.00000001 0.00974780
v -0.00005233 0.00000001 0.00974780
v -0.00005233 0.00000001 0.00974780
v -0.00005233 0.00000001 0.00974780
v -0.00005233 0.00000001 0.00974780
v -0.00005233 0.00000001 0.00974780
v -0.00005233 0.00000001 0.00974780
v -0.00005233 0.00000001 0.00974780
v -0.00005233 0.00000001 0.00974780
v -0.00005233 0.00000001 0.00974780
v -0.00005233 0.00000002 0.00974780
v -0.00005233 0.00000002 0.00974780
v -0.00005233 0.00000002 0.00974780
v -0.00005233 0.00000002 0.00974780
v -0.00005233 0.00000002 0.00974780
v -0.00005233 0.00000002 0.00974780
v -0.00005233 0.00000002 0.00974780
v -0.00005233 0.00000002 0.00974780
v -0.00005233 0.00000002 0.00974780
v -0.00005233 0.00000002 0.00974780
v -0.00005233 0.00000002 0.00974780
v -0.00005233 0.00000002 0.00974780
v -0.00005233 0.00000002 0.00974780
v -0.00005233 0.00000002 0.00974780
v -0.00005233 0.00000002 0.00974780
v -0.00005233 0.00000002 0.00974780
v -0.00005233 0.00000002 0.00974780
v -0.00005233 0.00000002 0.00974780
v -0.00005233 0.00000002 0.00974780
v -0.00005233 0.00000002 0.00974780
v -0.00005233 0.00000001 0.00974780
v -0.00005233 0.00000001 0.00974780
v -0.00005233 0.00000001 0.00974780
v -0.00005233 0.00000001 0.00974780
v -0.00005233 0.00000001 0.00974780
v -0.00005233 0.00000001 0.00974780
v -0.00005233 0.00000001 0.00974780
v -0.00005233 0.00000001 0.00974780
v -0.00005233 0.00000001 0.00974780
v -0.00005233 0.00000001 0.00974780
v -0.00005233 0.00000001 0.00974780
v -0.00005233 0.00000001 0.00974780
v -0.00005233 0.00000001 0.00974780
v -0.00005233 0.00000001 0.00974780
v -0.00005233 0.00000000 0.00974780
v -0.00005233 0.00000000 0.00974780
v -0.00005233 0.00000000 0.00974780
v -0.00005233 0.00000000 0.00974780
v -0.00005233 0.00000000 0.00974780
v -0.00005233 -0.00000000 0.00974780
v -0.00005233 -0.00000000 0.00974780
v -0.07572690 -0.00000001 -0.00040452
v -0.07568768 0.00371577 0.00934367
v -0.07563572 0.00371577 -0.00040403
v -0.07568768 0.00371577 0.00934367
v -0.07536225 0.00742260 -0.00040257
v -0.07563572 0.00371577 -0.00040403
v -0.07536225 0.00742260 -0.00040257
v -0.07495942 0.01111155 0.00934756
v -0.07490727 0.01111156 -0.00040014
v -0.07490727 0.01111156 -0.00040014
v -0.07432383 0.01477373 0.00935086
v -0.07427182 0.01477374 -0.00039674
v -0.07432383 0.01477373 0.00935086
v -0.07345752 0.01840032 -0.00039239
v -0.07427182 0.01477374 -0.00039674
v -0.07345752 0.01840032 -0.00039239
v -0.07251821 0.02198257 0.00936041
v -0.07246613 0.02198259 -0.00038709
v -0.07251821 0.02198257 0.00936041
v -0.07130033 0.02551189 -0.00038086
v -0.07246613 0.02198259 -0.00038709
v -0.07135229 0.02551188 0.00936674
v -0.06996259 0.02897974 -0.00037371
v -0.07130033 0.02551189 -0.00038086
v -0.06996259 0.02897974 -0.00037371
v -0.06850836 0.03237776 0.00938194
v -0.06845635 0.03237777 -0.00036566
v -0.06850836 0.03237776 0.00938194
v -0.06678512 0.03569780 -0.00035673
v -0.06845635 0.03237777 -0.00036566
v -0.06678512 0.03569780 -0.00035673
v -0.06500523 0.03893182 0.00940066
v -0.06495315 0.03893183 -0.00034694
v -0.06495315 0.03893183 -0.00034694
v -0.06301673 0.04207205 0.00941128
v -0.06296464 0.04207207 -0.00033632
v -0.06301673 0.04207205 0.00941128
v -0.06082442 0.04511095 -0.00032488
v -0.06296464 0.04207207 -0.00033632
v -0.06082442 0.04511095 -0.00032488
v -0.05858977 0.04804115 0.00943494
v -0.05853769 0.04804117 -0.00031266
v -0.05858977 0.04804115 0.00943494
v -0.05610993 0.05085564 -0.00029969
v -0.05853769 0.04804117 -0.00031266
v -0.05610993 0.05085564 -0.00029969
v -0.05359912 0.05354757 0.00946161
v -0.05354704 0.05354761 -0.00028600
v -0.05359912 0.05354757 0.00946161
v -0.05085514 0.05611055 -0.00027161
v -0.05354704 0.05354761 -0.00028600
v -0.05085514 0.05611055 -0.00027161
v -0.04809284 0.05853830 0.00949113
v -0.04804071 0.05853832 -0.00025657
v -0.04804071 0.05853832 -0.00025657
v -0.04516266 0.06082506 0.00950678
v -0.04511058 0.06082507 -0.00024092
v -0.04511058 0.06082507 -0.00024092
v -0.04212379 0.06296529 0.00952302
v -0.04207166 0.06296531 -0.00022468
v -0.04207166 0.06296531 -0.00022468
v -0.03898362 0.06495382 0.00953970
v -0.03893154 0.06495384 -0.00020790
v -0.03893154 0.06495384 -0.00020790
v -0.03574966 0.06678587 0.00955698
v -0.03569754 0.06678588 -0.00019062
v -0.03569754 0.06678588 -0.00019062
v -0.03242971 0.06845706 0.00957472
v -0.03237753 0.06845706 -0.00017288
v -0.03242971 0.06845706 0.00957472
v -0.02897957 0.06996333 -0.00015472
v -0.03237753 0.06845706 -0.00017288
v -0.02897957 0.06996333 -0.00015472
v -0.02556388 0.07130096 0.00961141
v -0.02551179 0.07130103 -0.00013619
v -0.02551179 0.07130103 -0.00013619
v -0.02203468 0.07246691 0.00963027
v -0.02198255 0.07246691 -0.00011734
v -0.02203468 0.07246691 0.00963027
v -0.01840027 0.07345824 -0.00009820
v -0.02198255 0.07246691 -0.00011734
v -0.01845246 0.07345824 0.00964950
v -0.01477381 0.07427262 -0.00007872
v -0.01840027 0.07345824 -0.00009820
v -0.01477381 0.07427262 -0.00007872
v -0.01116382 0.07490809 0.00968845
v -0.01111169 0.07490809 -0.00005915
v -0.01111169 0.07490809 -0.00005915
v -0.00747489 0.07536308 0.00970816
v -0.00742276 0.07536308 -0.00003954
v -0.00742276 0.07536308 -0.00003954
v -0.00376814 0.07563648 0.00972797
v -0.00371601 0.07563649 -0.00001973
v -0.00376814 0.07563648 0.00972797
v -0.00000022 0.07572773 0.00000022
v -0.00371601 0.07563649 -0.00001973
v -0.00005235 0.07572773 0.00974782
v 0.00371543 0.07563649 0.00002007
v -0.00000022 0.07572773 0.00000022
v 0.00371543 0.07563649 0.00002007
v 0.00737020 0.07536308 0.00978748
v 0.00742223 0.07536308 0.00003978
v 0.00737020 0.07536308 0.00978748
v 0.01111116 0.07490809 0.00005949
v 0.00742223 0.07536308 0.00003978
v 0.01111116 0.07490809 0.00005949
v 0.01472114 0.07427263 0.00982676
v 0.01477328 0.07427263 0.00007906
v 0.01472114 0.07427263 0.00982676
v 0.01839974 0.07345825 0.00009843
v 0.01477328 0.07427263 0.00007906
v 0.01834776 0.07345825 0.00984613
v 0.02198202 0.07246692 0.00011767
v 0.01839974 0.07345825 0.00009843
v 0.02198202 0.07246692 0.00011767
v 0.02545918 0.07130097 0.00988413
v 0.02551127 0.07130097 0.00013653
v 0.02551127 0.07130097 0.00013653
v 0.02892696 0.06996327 0.00990266
v 0.02897909 0.06996328 0.00015506
v 0.02897909 0.06996328 0.00015506
v 0.03232492 0.06845707 0.00992081
v 0.03237700 0.06845708 0.00017311
v 0.03232492 0.06845707 0.00992081
v 0.03569701 0.06678589 0.00019085
v 0.03237700 0.06845708 0.00017311
v 0.03564492 0.06678589 0.00993855
v 0.03893096 0.06495385 0.00020823
v 0.03569701 0.06678589 0.00019085
v 0.03887893 0.06495383 0.00995583
v 0.04207123 0.06296532 0.00022501
v 0.03893096 0.06495385 0.00020823
v 0.04201909 0.06296530 0.00997261
v 0.04511000 0.06082509 0.00024125
v 0.04207123 0.06296532 0.00022501
v 0.04511000 0.06082509 0.00024125
v 0.04798810 0.05853832 0.01000450
v 0.04804018 0.05853834 0.00025680
v 0.04798810 0.05853832 0.01000450
v 0.05085457 0.05611057 0.00027184
v 0.04804018 0.05853834 0.00025680
v 0.05080254 0.05611056 0.01001954
v 0.05354662 0.05354762 0.00028632
v 0.05085457 0.05611057 0.00027184
v 0.05354662 0.05354762 0.00028632
v 0.05605739 0.05085562 0.01004762
v 0.05610943 0.05085564 0.00029992
v 0.05605739 0.05085562 0.01004762
v 0.05853727 0.04804117 0.00031299
v 0.05610943 0.05085564 0.00029992
v 0.05853727 0.04804117 0.00031299
v 0.06077182 0.04511095 0.01007280
v 0.06082390 0.04511096 0.00032520
v 0.06082390 0.04511096 0.00032520
v 0.06291196 0.04207207 0.01008424
v 0.06296413 0.04207208 0.00033664
v 0.06296413 0.04207208 0.00033664
v 0.06490062 0.03893184 0.01009486
v 0.06495264 0.03893185 0.00034726
v 0.06490062 0.03893184 0.01009486
v 0.06678465 0.03569781 0.00035705
v 0.06495264 0.03893185 0.00034726
v 0.06678465 0.03569781 0.00035705
v 0.06840366 0.03237777 0.01011358
v 0.06845587 0.03237779 0.00036598
v 0.06845587 0.03237779 0.00036598
v 0.06990997 0.02897975 0.01012163
v 0.06996212 0.02897975 0.00037393
v 0.06990997 0.02897975 0.01012163
v 0.07129973 0.02551191 0.00038117
v 0.06996212 0.02897975 0.00037393
v 0.07129973 0.02551191 0.00038117
v 0.07241345 0.02198260 0.01013500
v 0.07246560 0.02198261 0.00038740
v 0.07246560 0.02198261 0.00038740
v 0.07340484 0.01840033 0.01014030
v 0.07345699 0.01840034 0.00039270
v 0.07345699 0.01840034 0.00039270
v 0.07421920 0.01477375 0.01014465
v 0.07427135 0.01477376 0.00039695
v 0.07421920 0.01477375 0.01014465
v 0.07490667 0.01111157 0.00040044
v 0.07427135 0.01477376 0.00039695
v 0.07490667 0.01111157 0.00040044
v 0.07530958 0.00742262 0.01015047
v 0.07536173 0.00742263 0.00040277
v 0.07530958 0.00742262 0.01015047
v 0.07563520 0.00371578 0.00040433
v 0.07536173 0.00742263 0.00040277
v 0.07563520 0.00371578 0.00040433
v 0.07567429 0.00000000 0.01015242
v 0.07572638 0.00000001 0.00040472
v 0.07567429 0.00000000 0.01015242
v 0.07563520 -0.00371577 0.00040433
v 0.07572638 0.00000001 0.00040472
v 0.07563520 -0.00371577 0.00040433
v 0.07530958 -0.00742261 0.01015047
v 0.07536173 -0.00742261 0.00040277
v 0.07530958 -0.00742261 0.01015047
v 0.07490668 -0.01111156 0.00040043
v 0.07536173 -0.00742261 0.00040277
v 0.07490668 -0.01111156 0.00040043
v 0.07421921 -0.01477375 0.01014464
v 0.07427136 -0.01477375 0.00039694
v 0.07421921 -0.01477375 0.01014464
v 0.07345700 -0.01840033 0.00039269
v 0.07427136 -0.01477375 0.00039694
v 0.07340484 -0.01840033 0.01014029
v 0.07246561 -0.02198261 0.00038739
v 0.07345700 -0.01840033 0.00039269
v 0.07241346 -0.02198260 0.01013499
v 0.07129974 -0.02551190 0.00038116
v 0.07246561 -0.02198261 0.00038739
v 0.07129974 -0.02551190 0.00038116
v 0.06990985 -0.02897973 0.01012161
v 0.06996213 -0.02897973 0.00037391
v 0.06990985 -0.02897973 0.01012161
v 0.06845589 -0.03237777 0.00036596
v 0.06996213 -0.02897973 0.00037391
v 0.06840367 -0.03237777 0.01011356
v 0.06678466 -0.03569779 0.00035703
v 0.06845589 -0.03237777 0.00036596
v 0.06678466 -0.03569779 0.00035703
v 0.06490064 -0.03893183 0.01009484
v 0.06495265 -0.03893183 0.00034724
v 0.06490064 -0.03893183 0.01009484
v 0.06296415 -0.04207207 0.00033661
v 0.06495265 -0.03893183 0.00034724
v 0.06296415 -0.04207207 0.00033661
v 0.06077183 -0.04511094 0.01007278
v 0.06082395 -0.04511095 0.00032508
v 0.06077183 -0.04511094 0.01007278
v 0.05853729 -0.04804116 0.00031296
v 0.06082395 -0.04511095 0.00032508
v 0.05853729 -0.04804116 0.00031296
v 0.05605745 -0.05085562 0.01004759
v 0.05610945 -0.05085563 0.00029989
v 0.05605745 -0.05085562 0.01004759
v 0.05354664 -0.05354761 0.00028629
v 0.05610945 -0.05085563 0.00029989
v 0.05354664 -0.05354761 0.00028629
v 0.05080257 -0.05611054 0.01001951
v 0.05085460 -0.05611055 0.00027181
v 0.05085460 -0.05611055 0.00027181
v 0.04798812 -0.05853830 0.01000447
v 0.04804020 -0.05853832 0.00025677
v 0.04798812 -0.05853830 0.01000447
v 0.04511003 -0.06082507 0.00024121
v 0.04804020 -0.05853832 0.00025677
v 0.04511003 -0.06082507 0.00024121
v 0.04201912 -0.06296529 0.00997257
v 0.04207126 -0.06296531 0.00022497
v 0.04207126 -0.06296531 0.00022497
v 0.03887896 -0.06495381 0.00995580
v 0.03893104 -0.06495382 0.00020810
v 0.03893104 -0.06495382 0.00020810
v 0.03564495 -0.06678587 0.00993852
v 0.03569703 -0.06678587 0.00019082
v 0.03569703 -0.06678587 0.00019082
v 0.03232494 -0.06845706 0.00992078
v 0.03237703 -0.06845706 0.00017308
v 0.03232494 -0.06845706 0.00992078
v 0.02897917 -0.06996332 0.00015502
v 0.03237703 -0.06845706 0.00017308
v 0.02892699 -0.06996326 0.00990262
v 0.02551130 -0.07130102 0.00013649
v 0.02897917 -0.06996332 0.00015502
v 0.02545921 -0.07130096 0.00988409
v 0.02198205 -0.07246691 0.00011763
v 0.02551130 -0.07130102 0.00013649
v 0.02198205 -0.07246691 0.00011763
v 0.01834779 -0.07345824 0.00984609
v 0.01839977 -0.07345824 0.00009839
v 0.01839977 -0.07345824 0.00009839
v 0.01472127 -0.07427262 0.00982671
v 0.01477331 -0.07427262 0.00007901
v 0.01477331 -0.07427262 0.00007901
v 0.01105906 -0.07490809 0.00980715
v 0.01111119 -0.07490808 0.00005945
v 0.01111119 -0.07490808 0.00005945
v 0.00737023 -0.07536308 0.00978744
v 0.00742226 -0.07536308 0.00003974
v 0.00737023 -0.07536308 0.00978744
v 0.00371546 -0.07563648 0.00002003
v 0.00742226 -0.07536308 0.00003974
v 0.00371546 -0.07563648 0.00002003
v -0.00005232 -0.07572773 0.00974778
v -0.00000018 -0.07572773 0.00000018
v -0.00000018 -0.07572773 0.00000018
v -0.00376811 -0.07563649 0.00972792
v -0.00371598 -0.07563649 -0.00001978
v -0.00376811 -0.07563649 0.00972792
v -0.00742273 -0.07536308 -0.00003958
v -0.00371598 -0.07563649 -0.00001978
v -0.00747486 -0.07536308 0.00970812
v -0.01111166 -0.07490809 -0.00005919
v -0.00742273 -0.07536308 -0.00003958
v -0.01111166 -0.07490809 -0.00005919
v -0.01482576 -0.07427263 0.00966884
v -0.01477378 -0.07427263 -0.00007886
v -0.01477378 -0.07427263 -0.00007886
v -0.01845237 -0.07345825 0.00964946
v -0.01840034 -0.07345825 -0.00009824
v -0.01840034 -0.07345825 -0.00009824
v -0.02203460 -0.07246692 0.00963023
v -0.02198252 -0.07246692 -0.00011738
v -0.02203460 -0.07246692 0.00963023
v -0.02551176 -0.07130097 -0.00013623
v -0.02198252 -0.07246692 -0.00011738
v -0.02556385 -0.07130097 0.00961137
v -0.02897954 -0.06996327 -0.00015476
v -0.02551176 -0.07130097 -0.00013623
v -0.02897954 -0.06996327 -0.00015476
v -0.03242968 -0.06845701 0.00957468
v -0.03237750 -0.06845707 -0.00017292
v -0.03242968 -0.06845701 0.00957468
v -0.03569751 -0.06678589 -0.00019066
v -0.03237750 -0.06845707 -0.00017292
v -0.03574964 -0.06678589 0.00955695
v -0.03893147 -0.06495384 -0.00020794
v -0.03569751 -0.06678589 -0.00019066
v -0.03898359 -0.06495383 0.00953967
v -0.04207163 -0.06296530 -0.00022471
v -0.03893147 -0.06495384 -0.00020794
v -0.04207163 -0.06296530 -0.00022471
v -0.04516264 -0.06082508 0.00950665
v -0.04511050 -0.06082509 -0.00024095
v -0.04516264 -0.06082508 0.00950665
v -0.04804068 -0.05853834 -0.00025661
v -0.04511050 -0.06082509 -0.00024095
v -0.04809281 -0.05853832 0.00949100
v -0.05085517 -0.05611057 -0.00027164
v -0.04804068 -0.05853834 -0.00025661
v -0.05085517 -0.05611057 -0.00027164
v -0.05359910 -0.05354757 0.00946158
v -0.05354701 -0.05354757 -0.00028603
v -0.05359910 -0.05354757 0.00946158
v -0.05610991 -0.05085564 -0.00029972
v -0.05354701 -0.05354757 -0.00028603
v -0.05610991 -0.05085564 -0.00029972
v -0.05858975 -0.04804115 0.00943491
v -0.05853767 -0.04804116 -0.00031269
v -0.05858975 -0.04804115 0.00943491
v -0.06082440 -0.04511095 -0.00032491
v -0.05853767 -0.04804116 -0.00031269
v -0.06082440 -0.04511095 -0.00032491
v -0.06301671 -0.04207208 0.00941126
v -0.06296463 -0.04207209 -0.00033634
v -0.06301671 -0.04207208 0.00941126
v -0.06495314 -0.03893184 -0.00034697
v -0.06296463 -0.04207209 -0.00033634
v -0.06500522 -0.03893183 0.00940064
v -0.06678511 -0.03569780 -0.00035675
v -0.06495314 -0.03893184 -0.00034697
v -0.06683725 -0.03569779 0.00939085
v -0.06845633 -0.03237777 -0.00036568
v -0.06678511 -0.03569780 -0.00035675
v -0.06850835 -0.03237776 0.00938192
v -0.06996257 -0.02897976 -0.00037373
v -0.06845633 -0.03237777 -0.00036568
v -0.06996257 -0.02897976 -0.00037373
v -0.07135228 -0.02551190 0.00936673
v -0.07130032 -0.02551191 -0.00038088
v -0.07130032 -0.02551191 -0.00038088
v -0.07251821 -0.02198259 0.00936040
v -0.07246612 -0.02198259 -0.00038710
v -0.07251821 -0.02198259 0.00936040
v -0.07345751 -0.01840035 -0.00039240
v -0.07246612 -0.02198259 -0.00038710
v -0.07345751 -0.01840035 -0.00039240
v -0.07432382 -0.01477375 0.00935085
v -0.07427181 -0.01477375 -0.00039675
v -0.07432382 -0.01477375 0.00935085
v -0.07490727 -0.01111156 -0.00040015
v -0.07427181 -0.01477375 -0.00039675
v -0.07495941 -0.01111156 0.00934755
v -0.07536225 -0.00742260 -0.00040258
v -0.07490727 -0.01111156 -0.00040015
v -0.07536225 -0.00742260 -0.00040258
v -0.07568767 -0.00371579 0.00934367
v -0.07563572 -0.00371579 -0.00040404
v -0.07563572 -0.00371579 -0.00040404
v -0.07577898 -0.00000001 0.00934318
v -0.07572690 -0.00000001 -0.00040452
v -0.07563572 0.00371577 -0.00040403
v -0.07345752 0.01840032 -0.00039239
v -0.07130033 0.02551189 -0.00038086
v -0.06495315 0.03893183 -0.00034694
v -0.05085514 0.05611055 -0.00027161
v -0.04511058 0.06082507 -0.00024092
v -0.03893154 0.06495384 -0.00020790
v -0.02198255 0.07246691 -0.00011734
v -0.01111169 0.07490809 -0.00005915
v -0.00000022 0.07572773 0.00000022
v 0.01477328 0.07427263 0.00007906
v 0.02551127 0.07130097 0.00013653
v 0.03569701 0.06678589 0.00019085
v 0.04207123 0.06296532 0.00022501
v 0.04804018 0.05853834 0.00025680
v 0.05354662 0.05354762 0.00028632
v 0.05853727 0.04804117 0.00031299
v 0.06495264 0.03893185 0.00034726
v 0.06996212 0.02897975 0.00037393
v 0.07345699 0.01840034 0.00039270
v 0.07563520 0.00371578 0.00040433
v 0.07563520 -0.00371577 0.00040433
v 0.07345700 -0.01840033 0.00039269
v 0.06996213 -0.02897973 0.00037391
v 0.06495265 -0.03893183 0.00034724
v 0.05853729 -0.04804116 0.00031296
v 0.05354664 -0.05354761 0.00028629
v 0.04804020 -0.05853832 0.00025677
v 0.04207126 -0.06296531 0.00022497
v 0.03569703 -0.06678587 0.00019082
v 0.02897917 -0.06996332 0.00015502
v 0.02198205 -0.07246691 0.00011763
v 0.01111119 -0.07490808 0.00005945
v -0.00000018 -0.07572773 0.00000018
v -0.01840034 -0.07345825 -0.00009824
v -0.02551176 -0.07130097 -0.00013623
v -0.03569751 -0.06678589 -0.00019066
v -0.05085517 -0.05611057 -0.00027164
v -0.05610991 -0.05085564 -0.00029972
v -0.06296463 -0.04207209 -0.00033634
v -0.07130032 -0.02551191 -0.00038088
v -0.07345751 -0.01840035 -0.00039240
v -0.07563572 -0.00371579 -0.00040404
v -0.00005233 -0.00000000 0.00974780
v -0.00005233 -0.00000000 0.00974780
v -0.07568768 0.00371577 0.00934367
v -0.00005233 -0.00000000 0.00974780
v -0.07541434 0.00742260 0.00934513
v -0.00005233 -0.00000001 0.00974780
v -0.00005233 -0.00000001 0.00974780
v -0.07432383 0.01477373 0.00935086
v -0.00005233 -0.00000001 0.00974780
v -0.07350947 0.01840032 0.00935521
v -0.00005233 -0.00000001 0.00974780
v -0.00005233 -0.00000001 0.00974780
v -0.00005233 -0.00000001 0.00974780
v -0.07135229 0.02551188 0.00936674
v -0.00005233 -0.00000001 0.00974780
v -0.00005233 -0.00000001 0.00974780
v -0.00005233 -0.00000001 0.00974780
v -0.06850836 0.03237776 0.00938194
v -0.00005233 -0.00000001 0.00974780
v -0.00005233 -0.00000001 0.00974780
v -0.06500523 0.03893182 0.00940066
v -0.00005233 -0.00000001 0.00974780
v -0.06301673 0.04207205 0.00941128
v -0.00005233 -0.00000001 0.00974780
v -0.00005233 -0.00000001 0.00974780
v -0.00005233 -0.00000002 0.00974780
v -0.05858977 0.04804115 0.00943494
v -0.00005233 -0.00000002 0.00974780
v -0.00005233 -0.00000002 0.00974780
v -0.00005233 -0.00000002 0.00974780
v -0.05359912 0.05354757 0.00946161
v -0.00005233 -0.00000002 0.00974780
v -0.00005233 -0.00000002 0.00974780
v -0.00005233 -0.00000002 0.00974780
v -0.04516266 0.06082506 0.00950678
v -0.00005233 -0.00000002 0.00974780
v -0.04212379 0.06296529 0.00952302
v -0.00005233 -0.00000002 0.00974780
v -0.00005233 -0.00000002 0.00974780
v -0.00005233 -0.00000002 0.00974780
v -0.02903165 0.06996326 0.00959298
v -0.00005233 -0.00000002 0.00974780
v -0.00005233 -0.00000002 0.00974780
v -0.00005233 -0.00000002 0.00974780
v -0.01845246 0.07345824 0.00964950
v -0.00005233 -0.00000002 0.00974780
v -0.01482584 0.07427262 0.00966888
v -0.00005233 -0.00000002 0.00974780
v -0.00005233 -0.00000002 0.00974780
v -0.00747489 0.07536308 0.00970816
v -0.00005233 -0.00000002 0.00974780
v -0.00376814 0.07563648 0.00972797
v 0.00366344 0.07563649 0.00976767
v -0.00005233 -0.00000002 0.00974780
v 0.01105903 0.07490809 0.00980719
v -0.00005233 -0.00000002 0.00974780
v 0.01472114 0.07427263 0.00982676
v -0.00005233 -0.00000002 0.00974780
v -0.00005233 -0.00000002 0.00974780
v 0.02192989 0.07246692 0.00986527
v -0.00005233 -0.00000002 0.00974780
v -0.00005233 -0.00000002 0.00974780
v 0.02892696 0.06996327 0.00990266
v -0.00005233 -0.00000002 0.00974780
v 0.03232492 0.06845707 0.00992081
v -0.00005233 -0.00000002 0.00974780
v 0.03564492 0.06678589 0.00993855
v -0.00005233 -0.00000002 0.00974780
v -0.00005233 -0.00000002 0.00974780
v 0.04201909 0.06296530 0.00997261
v -0.00005233 -0.00000002 0.00974780
v -0.00005233 -0.00000002 0.00974780
v 0.04798810 0.05853832 0.01000450
v -0.00005233 -0.00000002 0.00974780
v 0.05080254 0.05611056 0.01001954
v -0.00005233 -0.00000002 0.00974780
v -0.00005233 -0.00000002 0.00974780
v 0.05605739 0.05085562 0.01004762
v -0.00005233 -0.00000001 0.00974780
v -0.00005233 -0.00000001 0.00974780
v 0.06077182 0.04511095 0.01007280
v -0.00005233 -0.00000001 0.00974780
v 0.06291196 0.04207207 0.01008424
v -0.00005233 -0.00000001 0.00974780
v -0.00005233 -0.00000001 0.00974780
v 0.06673263 0.03569780 0.01010465
v -0.00005233 -0.00000001 0.00974780
v 0.06840366 0.03237777 0.01011358
v -0.00005233 -0.00000001 0.00974780
v -0.00005233 -0.00000001 0.00974780
v 0.07124759 0.02551191 0.01012877
v -0.00005233 -0.00000001 0.00974780
v 0.07241345 0.02198260 0.01013500
v -0.00005233 -0.00000001 0.00974780
v -0.00005233 -0.00000001 0.00974780
v 0.07421920 0.01477375 0.01014465
v -0.00005233 -0.00000000 0.00974780
v -0.00005233 -0.00000000 0.00974780
v 0.07530958 0.00742262 0.01015047
v -0.00005233 -0.00000000 0.00974780
v 0.07558305 0.00371578 0.01015193
v -0.00005233 -0.00000000 0.00974780
v -0.00005233 -0.00000000 0.00974780
v 0.07558305 -0.00371577 0.01015193
v -0.00005233 0.00000000 0.00974780
v 0.07530958 -0.00742261 0.01015047
v -0.00005233 0.00000000 0.00974780
v -0.00005233 0.00000000 0.00974780
v 0.07421921 -0.01477375 0.01014464
v -0.00005233 0.00000000 0.00974780
v -0.00005233 0.00000000 0.00974780
v 0.07241346 -0.02198260 0.01013499
v -0.00005233 0.00000001 0.00974780
v -0.00005233 0.00000001 0.00974780
v 0.06990985 -0.02897973 0.01012161
v -0.00005233 0.00000001 0.00974780
v 0.06840367 -0.03237777 0.01011356
v -0.00005233 0.00000001 0.00974780
v 0.06673265 -0.03569779 0.01010463
v -0.00005233 0.00000001 0.00974780
v -0.00005233 0.00000001 0.00974780
v 0.06291198 -0.04207206 0.01008421
v -0.00005233 0.00000001 0.00974780
v 0.06077183 -0.04511094 0.01007278
v -0.00005233 0.00000001 0.00974780
v 0.05848514 -0.04804116 0.01006056
v -0.00005233 0.00000001 0.00974780
v -0.00005233 0.00000001 0.00974780
v 0.05349452 -0.05354760 0.01003389
v -0.00005233 0.00000001 0.00974780
v 0.05080257 -0.05611054 0.01001951
v -0.00005233 0.00000001 0.00974780
v 0.04798812 -0.05853830 0.01000447
v -0.00005233 0.00000001 0.00974780
v -0.00005233 0.00000001 0.00974780
v 0.04201912 -0.06296529 0.00997257
v -0.00005233 0.00000002 0.00974780
v -0.00005233 0.00000002 0.00974780
v 0.03564495 -0.06678587 0.00993852
v -0.00005233 0.00000002 0.00974780
v 0.03232494 -0.06845706 0.00992078
v -0.00005233 0.00000002 0.00974780
v -0.00005233 0.00000002 0.00974780
v 0.02545921 -0.07130096 0.00988409
v -0.00005233 0.00000002 0.00974780
v 0.02192992 -0.07246691 0.00986523
v -0.00005233 0.00000002 0.00974780
v 0.01834779 -0.07345824 0.00984609
v -0.00005233 0.00000002 0.00974780
v -0.00005233 0.00000002 0.00974780
v 0.01105906 -0.07490809 0.00980715
v -0.00005233 0.00000002 0.00974780
v 0.00366348 -0.07563649 0.00976763
v -0.00376811 -0.07563649 0.00972792
v -0.01482576 -0.07427263 0.00966884
v -0.00005233 0.00000002 0.00974780
v -0.00005233 0.00000002 0.00974780
v -0.02903162 -0.06996327 0.00959294
v -0.00005233 0.00000002 0.00974780
v -0.00005233 0.00000002 0.00974780
v -0.00005233 0.00000001 0.00974780
v -0.03898359 -0.06495383 0.00953967
v -0.00005233 0.00000001 0.00974780
v -0.04212376 -0.06296529 0.00952299
v -0.00005233 0.00000001 0.00974780
v -0.00005233 0.00000001 0.00974780
v -0.00005233 0.00000001 0.00974780
v -0.05090720 -0.05611055 0.00947606
v -0.00005233 0.00000001 0.00974780
v -0.05359910 -0.05354757 0.00946158
v -0.00005233 0.00000001 0.00974780
v -0.00005233 0.00000001 0.00974780
v -0.00005233 0.00000001 0.00974780
v -0.05858975 -0.04804115 0.00943491
v -0.05858975 -0.04804115 0.00943491
v -0.00005233 0.00000001 0.00974780
v -0.00005233 0.00000001 0.00974780
v -0.00005233 0.00000001 0.00974780
v -0.00005233 0.00000001 0.00974780
v -0.06301671 -0.04207208 0.00941126
v -0.00005233 0.00000001 0.00974780
v -0.06500522 -0.03893183 0.00940064
v -0.00005233 0.00000001 0.00974780
v -0.00005233 0.00000001 0.00974780
v -0.06850835 -0.03237776 0.00938192
v -0.00005233 0.00000001 0.00974780
v -0.00005233 0.00000001 0.00974780
v -0.00005233 0.00000000 0.00974780
v -0.07135228 -0.02551190 0.00936673
v -0.00005233 0.00000000 0.00974780
v -0.07251821 -0.02198259 0.00936040
v -0.00005233 0.00000000 0.00974780
v -0.07350946 -0.01840035 0.00935520
v -0.00005233 0.00000000 0.00974780
v -0.07432382 -0.01477375 0.00935085
v -0.00005233 0.00000000 0.00974780
v -0.00005233 0.00000000 0.00974780
v -0.07541433 -0.00742260 0.00934513
v -0.00005233 -0.00000000 0.00974780
v -0.07568767 -0.00371579 0.00934367
v -0.00005233 -0.00000001 0.00974780
v -0.00005233 -0.00000002 0.00974780
v -0.00005233 -0.00000002 0.00974780
v -0.00005233 -0.00000002 0.00974780
v -0.00005233 -0.00000002 0.00974780
v -0.00005233 -0.00000002 0.00974780
v -0.00005233 0.00000002 0.00974780
v -0.00005233 0.00000002 0.00974780
v -0.00005233 0.00000002 0.00974780
v -0.00005233 0.00000001 0.00974780
v -0.07577898 -0.00000001 0.00934318
v -0.07541434 0.00742260 0.00934513
v -0.07541434 0.00742260 0.00934513
v -0.07495942 0.01111155 0.00934756
v -0.07350947 0.01840032 0.00935521
v -0.07350947 0.01840032 0.00935521
v -0.07135229 0.02551188 0.00936674
v -0.07001467 0.02897973 0.00937399
v -0.07001467 0.02897973 0.00937399
v -0.06683727 0.03569779 0.00939087
v -0.06683727 0.03569779 0.00939087
v -0.06500523 0.03893182 0.00940066
v -0.06087658 0.04511094 0.00942282
v -0.06087658 0.04511094 0.00942282
v -0.05616208 0.05085562 0.00944801
v -0.05616208 0.05085562 0.00944801
v -0.05090723 0.05611054 0.00947609
v -0.05090723 0.05611054 0.00947609
v -0.04809284 0.05853830 0.00949113
v -0.04516266 0.06082506 0.00950678
v -0.04207166 0.06296531 -0.00022468
v -0.04212379 0.06296529 0.00952302
v -0.03898362 0.06495382 0.00953970
v -0.03898362 0.06495382 0.00953970
v -0.03574966 0.06678587 0.00955698
v -0.02903165 0.06996326 0.00959298
v -0.02903165 0.06996326 0.00959298
v -0.02556388 0.07130096 0.00961141
v -0.01845246 0.07345824 0.00964950
v -0.01482584 0.07427262 0.00966888
v -0.01482584 0.07427262 0.00966888
v -0.01116382 0.07490809 0.00968845
v -0.00747489 0.07536308 0.00970816
v -0.00005235 0.07572773 0.00974782
v 0.00366344 0.07563649 0.00976767
v 0.00366344 0.07563649 0.00976767
v 0.01105903 0.07490809 0.00980719
v 0.01105903 0.07490809 0.00980719
v 0.01834776 0.07345825 0.00984613
v 0.02192989 0.07246692 0.00986527
v 0.02192989 0.07246692 0.00986527
v 0.02545918 0.07130097 0.00988413
v 0.02892696 0.06996327 0.00990266
v 0.03564492 0.06678589 0.00993855
v 0.03887893 0.06495383 0.00995583
v 0.03887893 0.06495383 0.00995583
v 0.04201909 0.06296530 0.00997261
v 0.04207123 0.06296532 0.00022501
v 0.04505797 0.06082508 0.00998885
v 0.04505797 0.06082508 0.00998885
v 0.05080254 0.05611056 0.01001954
v 0.05349450 0.05354759 0.01003392
v 0.05349450 0.05354759 0.01003392
v 0.05848512 0.04804117 0.01006059
v 0.05848512 0.04804117 0.01006059
v 0.06077182 0.04511095 0.01007280
v 0.06296413 0.04207208 0.00033664
v 0.06291196 0.04207207 0.01008424
v 0.06490062 0.03893184 0.01009486
v 0.06673263 0.03569780 0.01010465
v 0.06673263 0.03569780 0.01010465
v 0.06840366 0.03237777 0.01011358
v 0.07124759 0.02551191 0.01012877
v 0.07124759 0.02551191 0.01012877
v 0.07241345 0.02198260 0.01013500
v 0.07340484 0.01840033 0.01014030
v 0.07485472 0.01111157 0.01014804
v 0.07485472 0.01111157 0.01014804
v 0.07558305 0.00371578 0.01015193
v 0.07558305 0.00371578 0.01015193
v 0.07558305 -0.00371577 0.01015193
v 0.07558305 -0.00371577 0.01015193
v 0.07485473 -0.01111156 0.01014804
v 0.07485473 -0.01111156 0.01014804
v 0.07340484 -0.01840033 0.01014029
v 0.07241346 -0.02198260 0.01013499
v 0.07124760 -0.02551189 0.01012876
v 0.07124760 -0.02551189 0.01012876
v 0.06840367 -0.03237777 0.01011356
v 0.06673265 -0.03569779 0.01010463
v 0.06673265 -0.03569779 0.01010463
v 0.06490064 -0.03893183 0.01009484
v 0.06291198 -0.04207206 0.01008421
v 0.06296415 -0.04207207 0.00033661
v 0.06291198 -0.04207206 0.01008421
v 0.05848514 -0.04804116 0.01006056
v 0.05848514 -0.04804116 0.01006056
v 0.05349452 -0.05354760 0.01003389
v 0.05349452 -0.05354760 0.01003389
v 0.05080257 -0.05611054 0.01001951
v 0.04505799 -0.06082506 0.00998881
v 0.04505799 -0.06082506 0.00998881
v 0.04201912 -0.06296529 0.00997257
v 0.03887896 -0.06495381 0.00995580
v 0.03564495 -0.06678587 0.00993852
v 0.02892699 -0.06996326 0.00990262
v 0.02545921 -0.07130096 0.00988409
v 0.02192992 -0.07246691 0.00986523
v 0.02192992 -0.07246691 0.00986523
v 0.01834779 -0.07345824 0.00984609
v 0.01472127 -0.07427262 0.00982671
v 0.01105906 -0.07490809 0.00980715
v 0.00366348 -0.07563649 0.00976763
v 0.00366348 -0.07563649 0.00976763
v -0.00005232 -0.07572773 0.00974778
v -0.00747486 -0.07536308 0.00970812
v -0.01116375 -0.07490809 0.00968841
v -0.01116375 -0.07490809 0.00968841
v -0.01482576 -0.07427263 0.00966884
v -0.01845237 -0.07345825 0.00964946
v -0.02556385 -0.07130097 0.00961137
v -0.02903162 -0.06996327 0.00959294
v -0.02903162 -0.06996327 0.00959294
v -0.03574964 -0.06678589 0.00955695
v -0.03898359 -0.06495383 0.00953967
v -0.04212376 -0.06296529 0.00952299
v -0.04212376 -0.06296529 0.00952299
v -0.04809281 -0.05853832 0.00949100
v -0.05090720 -0.05611055 0.00947606
v -0.05090720 -0.05611055 0.00947606
v -0.05616206 -0.05085563 0.00944798
v -0.05616206 -0.05085563 0.00944798
v -0.06087656 -0.04511094 0.00942279
v -0.06087656 -0.04511094 0.00942279
v -0.06500522 -0.03893183 0.00940064
v -0.06683725 -0.03569779 0.00939085
v -0.06850835 -0.03237776 0.00938192
v -0.07001466 -0.02897975 0.00937397
v -0.07001466 -0.02897975 0.00937397
v -0.07135228 -0.02551190 0.00936673
v -0.07350946 -0.01840035 0.00935520
v -0.07350946 -0.01840035 0.00935520
v -0.07495941 -0.01111156 0.00934755
v -0.07541433 -0.00742260 0.00934513
v -0.07541433 -0.00742260 0.00934513
v -0.07568767 -0.00371579 0.00934367
vn 0.00534439 0.00000028 -0.99998572
vn 0.00534359 0.00000033 -0.99998572
vn 0.00534439 0.00000015 -0.99998572
vn 0.00534438 0.00000009 -0.99998572
vn 0.00534437 0.00000003 -0.99998572
vn 0.00534434 -0.00000010 -0.99998572
vn 0.00534429 -0.00000022 -0.99998572
vn 0.00534427 -0.00000028 -0.99998572
vn 0.00534424 -0.00000033 -0.99998572
vn 0.00534417 -0.00000045 -0.99998572
vn 0.00534413 -0.00000050 -0.99998572
vn 0.00534410 -0.00000055 -0.99998572
vn 0.00534405 -0.00000060 -0.99998572
vn 0.00534401 -0.00000064 -0.99998572
vn 0.00534391 -0.00000073 -0.99998572
vn 0.00534381 -0.00000081 -0.99998572
vn 0.00534370 -0.00000087 -0.99998572
vn 0.00534364 -0.00000090 -0.99998572
vn 0.00534358 -0.00000093 -0.99998572
vn 0.00534352 -0.00000095 -0.99998572
vn 0.00535636 0.00000226 -0.99998565
vn 0.00535619 0.00000289 -0.99998566
vn 0.00532991 -0.00000233 -0.99998580
vn 0.00535649 -0.00000037 -0.99998565
vn 0.00532974 0.00000094 -0.99998580
vn 0.00532965 0.00000029 -0.99998580
vn 0.00534289 -0.00000101 -0.99998573
vn 0.00535573 -0.00000424 -0.99998566
vn 0.00535587 -0.00000360 -0.99998566
vn 0.00533074 0.00000540 -0.99998579
vn 0.00533044 0.00000481 -0.99998579
vn 0.00535454 -0.00000659 -0.99998566
vn 0.00533235 0.00000824 -0.99998578
vn 0.00535210 -0.00000966 -0.99998568
vn 0.00534211 -0.00000060 -0.99998573
vn 0.00534308 0.00000028 -0.99998573
vn 0.00534308 0.00000028 -0.99998573
vn 0.00534308 0.00000028 -0.99998573
vn 0.00533737 0.00001236 -0.99998576
vn 0.00534758 -0.00001230 -0.99998570
vn 0.00534308 0.00000028 -0.99998573
vn 0.00534180 0.00000003 -0.99998573
vn 0.00534308 0.00000028 -0.99998573
vn 0.00534178 0.00000015 -0.99998573
vn 0.00534177 0.00000028 -0.99998573
vn 0.00534178 0.00000041 -0.99998573
vn 0.00534308 0.00000028 -0.99998573
vn 0.00534180 0.00000054 -0.99998573
vn 0.00534308 0.00000028 -0.99998573
vn 0.00534758 0.00001287 -0.99998570
vn 0.00533737 -0.00001180 -0.99998576
vn 0.00534308 0.00000028 -0.99998573
vn 0.00535051 0.00001139 -0.99998569
vn 0.00534203 0.00000106 -0.99998573
vn 0.00534211 0.00000116 -0.99998573
vn 0.00535210 0.00001023 -0.99998568
vn 0.00533235 -0.00000768 -0.99998578
vn 0.00535387 0.00000828 -0.99998567
vn 0.00533044 -0.00000424 -0.99998579
vn 0.00534308 0.00000028 -0.99998573
vn 0.00535573 0.00000480 -0.99998566
vn 0.00534283 0.00000157 -0.99998573
vn 0.00532965 0.00000028 -0.99998580
vn 0.00532974 -0.00000037 -0.99998580
vn 0.00535649 0.00000094 -0.99998565
vn 0.00532991 0.00000290 -0.99998580
vn 0.00534308 0.00000028 -0.99998573
vn 0.00535644 -0.00000104 -0.99998565
vn 0.00534346 0.00000154 -0.99998572
vn 0.00534358 0.00000149 -0.99998572
vn 0.00534364 0.00000147 -0.99998572
vn 0.00534376 0.00000141 -0.99998572
vn 0.00534381 0.00000137 -0.99998572
vn 0.00534386 0.00000134 -0.99998572
vn 0.00534391 0.00000130 -0.99998572
vn 0.00534401 0.00000121 -0.99998572
vn 0.00534410 0.00000112 -0.99998572
vn 0.00534413 0.00000106 -0.99998572
vn 0.00534421 0.00000096 -0.99998572
vn 0.00534424 0.00000090 -0.99998572
vn 0.00534427 0.00000084 -0.99998572
vn 0.00534429 0.00000079 -0.99998572
vn 0.00534434 0.00000066 -0.99998572
vn 0.00534437 0.00000054 -0.99998572
vn 0.00534438 0.00000048 -0.99998572
vn 0.00534439 0.00000041 -0.99998572
vn -0.00534308 -0.00000028 0.99998573
vn -0.00534308 -0.00000028 0.99998573
vn -0.00534308 -0.00000028 0.99998573
vn -0.00534308 -0.00000028 0.99998573
vn -0.00534308 -0.00000028 0.99998573
vn -0.00534115 0.00001273 0.99998574
vn -0.00534115 0.00001273 0.99998574
vn -0.00534178 0.00001287 0.99998573
vn -0.00534434 -0.00000000 0.99998572
vn -0.00534114 0.00001279 0.99998574
vn -0.00534555 0.00000047 0.99998571
vn -0.00534555 0.00000047 0.99998571
vn -0.00535316 -0.00002462 0.99998567
vn -0.00534308 -0.00000028 0.99998573
vn -0.00534308 -0.00000028 0.99998573
vn -0.00533862 0.00001216 0.99998575
vn -0.00534422 0.00000033 0.99998572
vn -0.00534422 0.00000033 0.99998572
vn -0.00534419 0.00000038 0.99998572
vn -0.00534417 0.00000041 0.99998572
vn -0.00535146 -0.00001050 0.99998568
vn -0.00534308 -0.00000028 0.99998573
vn -0.00534308 -0.00000028 0.99998573
vn -0.00534408 0.00000054 0.99998572
vn -0.00534308 -0.00000028 0.99998573
vn -0.00534308 -0.00000028 0.99998573
vn -0.00534399 0.00000063 0.99998572
vn 0.00534323 0.00000001 -0.99998572
vn -0.00535283 -0.00000912 0.99998567
vn 0.00534308 0.00000028 -0.99998573
vn -0.00534308 -0.00000028 0.99998573
vn -0.00534308 -0.00000028 0.99998573
vn -0.00534308 -0.00000028 0.99998573
vn -0.00533214 0.00000702 0.99998578
vn -0.00532121 0.00001433 0.99998584
vn -0.00533246 0.00000759 0.99998578
vn -0.00534372 0.00000084 0.99998572
vn -0.00534369 0.00000086 0.99998572
vn -0.00535552 -0.00000474 0.99998566
vn -0.00535552 -0.00000474 0.99998566
vn -0.00534308 -0.00000028 0.99998573
vn 0.00534655 0.00000172 -0.99998571
vn -0.00533113 0.00000536 0.99998579
vn -0.00535604 -0.00000287 0.99998566
vn -0.00535604 -0.00000287 0.99998566
vn -0.00535584 -0.00000348 0.99998566
vn -0.00534308 -0.00000028 0.99998573
vn -0.00534308 -0.00000028 0.99998573
vn -0.00534308 -0.00000028 0.99998573
vn -0.00534308 -0.00000028 0.99998573
vn -0.00534308 -0.00000028 0.99998573
vn -0.00534308 -0.00000028 0.99998573
vn -0.00534308 -0.00000028 0.99998573
vn -0.00534308 -0.00000028 0.99998573
vn -0.00534308 -0.00000028 0.99998573
vn -0.00534308 -0.00000028 0.99998573
vn -0.00534308 -0.00000028 0.99998573
vn -0.00534308 -0.00000028 0.99998573
vn -0.00534308 -0.00000028 0.99998573
vn -0.00534308 -0.00000028 0.99998573
vn -0.00534308 -0.00000028 0.99998573
vn -0.00534308 -0.00000028 0.99998573
vn -0.00534308 -0.00000028 0.99998573
vn -0.00534308 -0.00000028 0.99998573
vn -0.00534308 -0.00000028 0.99998573
vn -0.00534308 -0.00000028 0.99998573
vn -0.00534308 -0.00000028 0.99998573
vn -0.00534308 -0.00000028 0.99998573
vn -0.00534308 -0.00000028 0.99998573
vn -0.00534308 -0.00000028 0.99998573
vn -0.00534308 -0.00000028 0.99998573
vn -0.00534308 -0.00000028 0.99998573
vn -0.00534308 -0.00000028 0.99998573
vn -0.00534308 -0.00000028 0.99998573
vn -0.00534308 -0.00000028 0.99998573
vn -0.00534308 -0.00000028 0.99998573
vn -0.00534308 -0.00000028 0.99998573
vn -0.00534308 -0.00000028 0.99998573
vn -0.00534308 -0.00000028 0.99998573
vn -0.00534308 -0.00000028 0.99998573
vn -0.00534308 -0.00000028 0.99998573
vn -0.00534308 -0.00000028 0.99998573
vn -0.00534308 -0.00000028 0.99998573
vn -0.00534308 -0.00000028 0.99998573
vn -0.00534308 -0.00000028 0.99998573
vn -0.00534308 -0.00000028 0.99998573
vn -0.00534308 -0.00000028 0.99998573
vn -0.00534308 -0.00000028 0.99998573
vn -0.00534308 -0.00000028 0.99998573
vn -0.00534308 -0.00000028 0.99998573
vn -0.00534308 -0.00000028 0.99998573
vn -0.00534308 -0.00000028 0.99998573
vn -0.00534308 -0.00000028 0.99998573
vn -0.00534308 -0.00000028 0.99998573
vn -0.00534308 -0.00000028 0.99998573
vn -0.00534308 -0.00000028 0.99998573
vn -0.00534308 -0.00000028 0.99998573
vn -0.00534308 -0.00000028 0.99998573
vn -0.00534308 -0.00000028 0.99998573
vn -0.00534308 -0.00000028 0.99998573
vn -0.00534308 -0.00000028 0.99998573
vn -0.00534308 -0.00000028 0.99998573
vn -0.00534308 -0.00000028 0.99998573
vn -0.00534308 -0.00000028 0.99998573
vn -0.00534308 -0.00000028 0.99998573
vn -0.00534308 -0.00000028 0.99998573
vn -0.00534308 -0.00000028 0.99998573
vn -0.00534308 -0.00000028 0.99998573
vn -0.00534308 -0.00000028 0.99998573
vn -0.00534308 -0.00000028 0.99998573
vn -0.00534308 -0.00000028 0.99998573
vn -0.00534308 -0.00000028 0.99998573
vn -0.00534308 -0.00000028 0.99998573
vn -0.00534308 -0.00000028 0.99998573
vn -0.00534308 -0.00000028 0.99998573
vn -0.00534308 -0.00000028 0.99998573
vn -0.00534308 -0.00000028 0.99998573
vn -0.00534308 -0.00000028 0.99998573
vn -0.00534308 -0.00000028 0.99998573
vn -0.00534308 -0.00000028 0.99998573
vn -0.00534308 -0.00000028 0.99998573
vn -0.00534308 -0.00000028 0.99998573
vn -0.00534308 -0.00000028 0.99998573
vn -0.00534308 -0.00000028 0.99998573
vn -0.00534308 -0.00000028 0.99998573
vn -0.00534308 -0.00000028 0.99998573
vn -0.00534308 -0.00000028 0.99998573
vn -0.00534308 -0.00000028 0.99998573
vn -0.00534308 -0.00000028 0.99998573
vn -0.00534308 -0.00000028 0.99998573
vn -0.00534308 -0.00000028 0.99998573
vn -0.00534308 -0.00000028 0.99998573
vn -0.00534308 -0.00000028 0.99998573
vn -0.00534308 -0.00000028 0.99998573
vn -0.00534308 -0.00000028 0.99998573
vn -0.00534308 -0.00000028 0.99998573
vn -0.00534308 -0.00000028 0.99998573
vn -0.00534308 -0.00000028 0.99998573
vn -0.00534308 -0.00000028 0.99998573
vn -0.00534308 -0.00000028 0.99998573
vn -0.00534308 -0.00000028 0.99998573
vn -0.00534308 -0.00000028 0.99998573
vn -0.00534308 -0.00000028 0.99998573
vn -0.00534308 -0.00000028 0.99998573
vn -0.00534308 -0.00000028 0.99998573
vn -0.00534308 -0.00000028 0.99998573
vn -0.00534308 -0.00000028 0.99998573
vn -0.00534308 -0.00000028 0.99998573
vn -0.00534308 -0.00000028 0.99998573
vn -0.00534308 -0.00000028 0.99998573
vn -0.00534308 -0.00000028 0.99998573
vn -0.00534308 -0.00000028 0.99998573
vn -0.00534308 -0.00000028 0.99998573
vn -0.00534308 -0.00000028 0.99998573
vn -0.00534308 -0.00000028 0.99998573
vn -0.00534314 -0.00000028 0.99998573
vn -0.00534308 -0.00000028 0.99998573
vn -0.00534308 -0.00000028 0.99998573
vn -0.00534308 -0.00000028 0.99998573
vn -0.00534308 -0.00000028 0.99998573
vn 0.00534291 0.00000029 -0.99998573
vn -0.00534308 -0.00000028 0.99998573
vn -0.00534308 -0.00000028 0.99998573
vn -0.00534308 -0.00000028 0.99998573
vn -0.00534308 -0.00000028 0.99998573
vn -0.00535584 0.00000291 0.99998566
vn -0.00536860 0.00000611 0.99998559
vn -0.00535604 0.00000230 0.99998566
vn -0.00533113 -0.00000593 0.99998579
vn -0.00533113 -0.00000593 0.99998579
vn -0.00534308 -0.00000028 0.99998573
vn 0.00534345 0.00000154 -0.99998572
vn -0.00535552 0.00000417 0.99998566
vn 0.00534620 0.00000024 -0.99998571
vn -0.00534369 -0.00000142 0.99998572
vn -0.00533246 -0.00000815 0.99998578
vn -0.00532121 -0.00001490 0.99998584
vn -0.00534308 -0.00000028 0.99998573
vn -0.00536496 0.00001433 0.99998561
vn -0.00535442 0.00000652 0.99998566
vn -0.00533373 -0.00000963 0.99998578
vn -0.00533373 -0.00000963 0.99998578
vn -0.00534308 -0.00000028 0.99998573
vn -0.00536257 0.00001738 0.99998562
vn -0.00534399 -0.00000120 0.99998572
vn 0.00534499 0.00000028 -0.99998572
vn -0.00534308 -0.00000028 0.99998573
vn -0.00534408 -0.00000110 0.99998572
vn -0.00534308 -0.00000028 0.99998573
vn -0.00534308 -0.00000028 0.99998573
vn -0.00535146 0.00000994 0.99998568
vn -0.00534417 -0.00000097 0.99998572
vn -0.00534419 -0.00000095 0.99998572
vn -0.00534422 -0.00000089 0.99998572
vn -0.00534422 -0.00000089 0.99998572
vn -0.00533862 -0.00001273 0.99998575
vn 0.00534458 0.00000028 -0.99998572
vn -0.00534308 -0.00000028 0.99998573
vn -0.00535316 0.00002405 0.99998567
vn -0.00535317 0.00002408 0.99998567
vn -0.00534555 -0.00000103 0.99998571
vn -0.00533793 -0.00002615 0.99998575
vn -0.00534114 -0.00001336 0.99998574
vn -0.00534434 -0.00000057 0.99998572
vn -0.00534178 -0.00001344 0.99998573
vn 0.00534459 -0.00000048 -0.99998572
vn -0.00534115 -0.00001329 0.99998574
vn -0.00534308 -0.00000028 0.99998573
vn -0.00534308 -0.00000028 0.99998573
vn -0.99998570 -0.00000021 -0.00534818
vn -0.99998570 -0.00000021 -0.00534818
vn -0.99998570 -0.00000021 -0.00534818
vn -0.99998570 -0.00000021 -0.00534818
vn -0.99998570 -0.00000021 -0.00534818
vn -0.99998570 -0.00000021 -0.00534818
vn -0.99998570 -0.00000021 -0.00534818
vn -0.99998570 -0.00000021 -0.00534818
vn -0.99998570 -0.00000021 -0.00534818
vn -0.99998570 -0.00000021 -0.00534818
vn -0.99998570 -0.00000021 -0.00534818
vn -0.99998570 -0.00000021 -0.00534818
vn -0.99998570 -0.00000021 -0.00534818
vn -0.99998570 -0.00000021 -0.00534818
vn -0.99998570 -0.00000021 -0.00534818
vn -0.99998570 -0.00000021 -0.00534818
vn -0.99998570 -0.00000021 -0.00534818
vn -0.99998570 -0.00000021 -0.00534818
vn -0.99998570 -0.00000021 -0.00534818
vn -0.99998570 -0.00000021 -0.00534818
vn -0.99998570 -0.00000021 -0.00534818
vn -0.99998570 -0.00000021 -0.00534818
vn -0.99998570 -0.00000021 -0.00534818
vn -0.99998570 -0.00000021 -0.00534818
vn -0.99998570 -0.00000021 -0.00534818
vn -0.99998570 -0.00000021 -0.00534818
vn -0.99998570 -0.00000021 -0.00534818
vn -0.99998570 -0.00000021 -0.00534818
vn 0.00000000 0.00000000 0.00000000
vn -0.99998570 -0.00000021 -0.00534818
vn -0.99998570 -0.00000021 -0.00534818
vn -0.99998570 -0.00000021 -0.00534818
vn 0.00000000 0.00000000 0.00000000
vn 0.99998570 0.00000021 0.00534818
vn 0.99998570 0.00000021 0.00534818
vn 0.99998570 0.00000021 0.00534818
vn 0.99998570 0.00000021 0.00534818
vn 0.99998570 0.00000021 0.00534818
vn 0.99998570 0.00000021 0.00534818
vn 0.99998570 0.00000021 0.00534818
vn 0.99998570 0.00000021 0.00534818
vn 0.99998570 0.00000021 0.00534818
vn 0.99998570 0.00000021 0.00534818
vn 0.99998570 0.00000021 0.00534818
vn 0.99998570 0.00000021 0.00534818
vn 0.99998570 0.00000021 0.00534818
vn 0.99998570 0.00000021 0.00534818
vn 0.99998570 0.00000021 0.00534818
vn 0.99998570 0.00000021 0.00534818
vn 0.99998570 0.00000021 0.00534818
vn 0.99998570 0.00000021 0.00534818
vn 0.99998570 0.00000021 0.00534818
vn 0.99998570 0.00000021 0.00534818
vn 0.99998570 0.00000021 0.00534818
vn 0.99998570 0.00000021 0.00534818
vn 0.99998570 0.00000021 0.00534818
vn 0.99998570 0.00000021 0.00534818
vn 0.99998570 0.00000021 0.00534818
vn 0.99998570 0.00000021 0.00534818
vn 0.99998570 0.00000021 0.00534818
vn 0.99998570 0.00000021 0.00534818
vn 0.99998570 0.00000021 0.00534818
vn 0.99998570 0.00000021 0.00534818
vn 0.99998570 0.00000021 0.00534818
vn 0.99998570 0.00000021 0.00534818
vn 0.99998570 0.00000021 0.00534818
vn 0.99998570 0.00000021 0.00534818
vn 0.99998570 0.00000021 0.00534818
vn 0.99998570 0.00000021 0.00534818
vn 0.99998570 0.00000021 0.00534818
vn 0.99998570 0.00000021 0.00534818
vn 0.99998570 0.00000021 0.00534818
vn 0.99998570 0.00000021 0.00534818
vn 0.99998570 0.00000021 0.00534818
vn 0.99998570 0.00000021 0.00534818
vn 0.99998570 0.00000021 0.00534818
vn 0.99998570 0.00000021 0.00534818
vn 0.99998570 0.00000021 0.00534818
vn 0.99998570 0.00000021 0.00534818
vn 0.99998570 0.00000021 0.00534818
vn 0.99998570 0.00000021 0.00534818
vn 0.99998570 0.00000021 0.00534818
vn 0.99998570 0.00000021 0.00534818
vn 0.99998570 0.00000021 0.00534818
vn 0.99998570 0.00000021 0.00534818
vn 0.99998570 0.00000021 0.00534818
vn 0.99998570 0.00000021 0.00534818
vn 0.99998570 0.00000021 0.00534818
vn 0.99998570 0.00000021 0.00534818
vn 0.99998570 0.00000021 0.00534818
vn 0.99998570 0.00000021 0.00534818
vn 0.99998570 0.00000021 0.00534818
vn 0.99998570 0.00000021 0.00534818
vn 0.99998570 0.00000021 0.00534818
vn 0.99998570 0.00000021 0.00534818
vn 0.99998570 0.00000021 0.00534818
vn 0.99998570 0.00000021 0.00534818
vn -0.99998570 -0.00000021 -0.00534818
vn -0.99998570 -0.00000021 -0.00534818
vn -0.99998570 -0.00000021 -0.00534818
vn -0.99998570 -0.00000021 -0.00534818
vn -0.99998570 -0.00000021 -0.00534818
vn -0.99998570 -0.00000021 -0.00534818
vn -0.99998570 -0.00000021 -0.00534818
vn -0.99998570 -0.00000021 -0.00534818
vn -0.99998570 -0.00000021 -0.00534818
vn -0.99998570 -0.00000021 -0.00534818
vn -0.99998570 -0.00000021 -0.00534818
vn -0.99998570 -0.00000021 -0.00534818
vn -0.99998570 -0.00000021 -0.00534818
vn -0.99998570 -0.00000021 -0.00534818
vn -0.99998570 -0.00000021 -0.00534818
vn -0.99998570 -0.00000021 -0.00534818
vn -0.99998570 -0.00000021 -0.00534818
vn -0.99998570 -0.00000021 -0.00534818
vn -0.99998570 -0.00000021 -0.00534818
vn -0.99998570 -0.00000021 -0.00534818
vn -0.99998570 -0.00000021 -0.00534818
vn -0.99998570 -0.00000021 -0.00534818
vn -0.99998570 -0.00000021 -0.00534818
vn -0.99998570 -0.00000021 -0.00534818
vn -0.99998570 -0.00000021 -0.00534818
vn -0.99998570 -0.00000021 -0.00534818
vn -0.99998570 -0.00000021 -0.00534818
vn -0.99998570 -0.00000021 -0.00534818
vn -0.99998570 -0.00000021 -0.00534818
vn -0.99998570 -0.00000021 -0.00534818
vn -0.99998570 -0.00000021 -0.00534818
vn -0.99968468 0.02453826 -0.00533119
vn -0.99968418 0.02455705 -0.00533836
vn -0.99968489 0.02453012 -0.00532809
vn -0.99727739 0.07354893 -0.00532549
vn -0.99727605 0.07356766 -0.00531833
vn -0.99727547 0.07357576 -0.00531523
vn -0.99246579 0.12240704 -0.00530765
vn -0.99246688 0.12239834 -0.00530432
vn -0.99246532 0.12241080 -0.00530910
vn -0.98526158 0.17097352 -0.00526040
vn -0.98525838 0.17099175 -0.00526744
vn -0.98526297 0.17096563 -0.00525736
vn -0.97568947 0.21909588 -0.00520156
vn -0.97569132 0.21908755 -0.00520483
vn -0.97569212 0.21908395 -0.00520624
vn -0.96376065 0.26671881 -0.00514620
vn -0.96376539 0.26670181 -0.00513950
vn -0.96375860 0.26672616 -0.00514910
vn -0.94951548 0.31367931 -0.00506332
vn -0.94952096 0.31366262 -0.00507005
vn -0.94952333 0.31365541 -0.00507296
vn -0.93298210 0.35988829 -0.00498185
vn -0.93297582 0.35990466 -0.00497512
vn -0.93297311 0.35991173 -0.00497222
vn -0.91419340 0.40524884 -0.00487939
vn -0.91418973 0.40525707 -0.00488280
vn -0.91419498 0.40524528 -0.00487791
vn -0.89321313 0.44960816 -0.00477508
vn -0.89320562 0.44962316 -0.00476864
vn -0.89320236 0.44962965 -0.00476585
vn -0.87007987 0.49288883 -0.00464969
vn -0.87007591 0.49289580 -0.00465272
vn -0.87008159 0.49288581 -0.00464837
vn -0.84484126 0.53499802 -0.00451320
vn -0.84484100 0.53499843 -0.00451338
vn -0.84484137 0.53499785 -0.00451312
vn -0.81757676 0.57580302 -0.00437298
vn -0.81757085 0.57581144 -0.00436903
vn -0.81756830 0.57581508 -0.00436732
vn -0.78833302 0.61523435 -0.00421268
vn -0.78832685 0.61524223 -0.00421646
vn -0.78833569 0.61523094 -0.00421105
vn -0.75720344 0.65316657 -0.00404887
vn -0.75719839 0.65317243 -0.00404588
vn -0.75719621 0.65317497 -0.00404459
vn -0.72423938 0.68953778 -0.00386848
vn -0.72423274 0.68954474 -0.00387211
vn -0.72424225 0.68953478 -0.00386691
vn -0.68953503 0.72424297 -0.00368309
vn -0.68953269 0.72424520 -0.00368184
vn -0.68953168 0.72424617 -0.00368130
vn -0.65316265 0.75720959 -0.00349128
vn -0.65316546 0.75720717 -0.00348988
vn -0.65316143 0.75721064 -0.00349189
vn -0.61522544 0.78834438 -0.00328670
vn -0.61522217 0.78834692 -0.00328826
vn -0.61522685 0.78834328 -0.00328603
vn -0.57579341 0.81758943 -0.00307768
vn -0.57579700 0.81758691 -0.00307602
vn -0.57579185 0.81759052 -0.00307839
vn -0.53499895 0.84484789 -0.00285673
vn -0.53499895 0.84484789 -0.00285673
vn -0.53499895 0.84484789 -0.00285673
vn -0.49288711 0.87008928 -0.00263463
vn -0.49289184 0.87008661 -0.00263259
vn -0.49288506 0.87009044 -0.00263551
vn -0.44960877 0.89322235 -0.00240606
vn -0.44961202 0.89322072 -0.00240470
vn -0.44960737 0.89322305 -0.00240665
vn -0.40522355 0.91421507 -0.00216140
vn -0.40523631 0.91420940 -0.00216680
vn -0.40524183 0.91420695 -0.00216914
vn -0.35989296 0.93299163 -0.00191676
vn -0.35989296 0.93299163 -0.00191676
vn -0.35989296 0.93299163 -0.00191676
vn -0.31367294 0.94952961 -0.00167545
vn -0.31368297 0.94952630 -0.00167148
vn -0.31366860 0.94953104 -0.00167716
vn -0.26670440 0.96377732 -0.00142724
vn -0.26670222 0.96377793 -0.00142636
vn -0.26670127 0.96377819 -0.00142599
vn -0.21909597 0.97570261 -0.00117002
vn -0.21910079 0.97570153 -0.00117193
vn -0.21910288 0.97570106 -0.00117276
vn -0.17096525 0.98527664 -0.00091361
vn -0.17096763 0.98527622 -0.00091270
vn -0.17096422 0.98527681 -0.00091400
vn -0.12240849 0.99247959 -0.00065440
vn -0.12240861 0.99247957 -0.00065435
vn -0.12240844 0.99247959 -0.00065442
vn -0.07355733 0.99729091 -0.00039312
vn -0.07355730 0.99729091 -0.00039313
vn -0.07355734 0.99729091 -0.00039312
vn -0.02454815 0.99969864 -0.00013101
vn -0.02454815 0.99969864 -0.00013101
vn -0.02454815 0.99969864 -0.00013101
vn 0.02454796 0.99969864 0.00013128
vn 0.02454849 0.99969863 0.00013149
vn 0.02454872 0.99969863 0.00013158
vn 0.07355611 0.99729100 0.00039283
vn 0.07355661 0.99729097 0.00039264
vn 0.07355589 0.99729102 0.00039291
vn 0.12241071 0.99247931 0.00065463
vn 0.12240900 0.99247953 0.00065396
vn 0.12240826 0.99247962 0.00065367
vn 0.17096360 0.98527692 0.00091466
vn 0.17096377 0.98527689 0.00091460
vn 0.17096353 0.98527693 0.00091469
vn 0.21909584 0.97570264 0.00116953
vn 0.21910047 0.97570160 0.00117137
vn 0.21910248 0.97570115 0.00117216
vn 0.26670897 0.96377606 0.00142570
vn 0.26670363 0.96377754 0.00142355
vn 0.26670132 0.96377818 0.00142263
vn 0.31368178 0.94952669 0.00167667
vn 0.31367977 0.94952735 0.00167746
vn 0.31368265 0.94952640 0.00167632
vn 0.35988930 0.93299303 0.00192453
vn 0.35989156 0.93299216 0.00192362
vn 0.35988833 0.93299340 0.00192492
vn 0.40523170 0.91421145 0.00216592
vn 0.40522920 0.91421256 0.00216695
vn 0.40523278 0.91421098 0.00216548
vn 0.44960736 0.89322307 0.00240258
vn 0.44960736 0.89322307 0.00240258
vn 0.44960736 0.89322307 0.00240258
vn 0.49288922 0.87008809 0.00263306
vn 0.49289045 0.87008739 0.00263360
vn 0.49289098 0.87008709 0.00263384
vn 0.53498048 0.84485959 0.00285744
vn 0.53498048 0.84485959 0.00285744
vn 0.53498048 0.84485959 0.00285744
vn 0.57579915 0.81758539 0.00307659
vn 0.57580647 0.81758022 0.00308005
vn 0.57580964 0.81757799 0.00308155
vn 0.61522185 0.78834717 0.00328777
vn 0.61522511 0.78834463 0.00328622
vn 0.61522044 0.78834827 0.00328845
vn 0.65316152 0.75721057 0.00348841
vn 0.65316528 0.75720733 0.00349032
vn 0.65316690 0.75720592 0.00349115
vn 0.68952308 0.72425433 0.00368689
vn 0.68951612 0.72426097 0.00368318
vn 0.68951311 0.72426384 0.00368157
vn 0.72425118 0.68952538 0.00386964
vn 0.72424561 0.68953122 0.00387269
vn 0.72425359 0.68952286 0.00386833
vn 0.75719478 0.65317660 0.00404996
vn 0.75718784 0.65318466 0.00404586
vn 0.75718485 0.65318815 0.00404409
vn 0.78834694 0.61521650 0.00421411
vn 0.78834215 0.61522262 0.00421704
vn 0.78834902 0.61521385 0.00421284
vn 0.81756984 0.57581284 0.00437413
vn 0.81757534 0.57580506 0.00437053
vn 0.81756746 0.57581620 0.00437569
vn 0.84484069 0.53499895 0.00450869
vn 0.84484069 0.53499895 0.00450869
vn 0.84484069 0.53499895 0.00450869
vn 0.87007762 0.49289285 0.00464356
vn 0.87007741 0.49289324 0.00464339
vn 0.87007731 0.49289340 0.00464332
vn 0.89320674 0.44962081 0.00478097
vn 0.89321829 0.44959795 0.00477127
vn 0.89320174 0.44963069 0.00478516
vn 0.91419289 0.40524982 0.00489286
vn 0.91418941 0.40525763 0.00489610
vn 0.91419440 0.40524644 0.00489146
vn 0.93298460 0.35988169 0.00499132
vn 0.93298501 0.35988061 0.00499176
vn 0.93298519 0.35988014 0.00499195
vn 0.94951756 0.31367274 0.00507971
vn 0.94951765 0.31367248 0.00507960
vn 0.94951753 0.31367286 0.00507976
vn 0.96375867 0.26672578 0.00515637
vn 0.96375890 0.26672494 0.00515604
vn 0.96375857 0.26672614 0.00515651
vn 0.97568829 0.21910070 0.00521971
vn 0.97568805 0.21910174 0.00522011
vn 0.97568839 0.21910025 0.00521953
vn 0.98526217 0.17097028 0.00525580
vn 0.98526679 0.17094334 0.00526625
vn 0.98526879 0.17093168 0.00527077
vn 0.99246451 0.12241753 0.00530519
vn 0.99246805 0.12238930 0.00529437
vn 0.99246298 0.12242973 0.00530987
vn 0.99727535 0.07357583 0.00533561
vn 0.99727535 0.07357583 0.00533561
vn 0.99727535 0.07357583 0.00533561
vn 0.99968470 0.02453485 0.00534310
vn 0.99968443 0.02454470 0.00534686
vn 0.99968481 0.02453059 0.00534148
vn 0.99968444 -0.02454428 0.00534685
vn 0.99968471 -0.02453444 0.00534309
vn 0.99968482 -0.02453018 0.00534147
vn 0.99727538 -0.07357552 0.00533557
vn 0.99727538 -0.07357550 0.00533558
vn 0.99727537 -0.07357553 0.00533556
vn 0.99246811 -0.12238885 0.00529436
vn 0.99246458 -0.12241696 0.00530514
vn 0.99246306 -0.12242912 0.00530980
vn 0.98526688 -0.17094283 0.00526618
vn 0.98526228 -0.17096962 0.00525578
vn 0.98526886 -0.17093124 0.00527067
vn 0.97568814 -0.21910134 0.00521999
vn 0.97568838 -0.21910029 0.00521958
vn 0.97568848 -0.21909984 0.00521941
vn 0.96375901 -0.26672454 0.00515589
vn 0.96375878 -0.26672538 0.00515622
vn 0.96375868 -0.26672574 0.00515636
vn 0.94951750 -0.31367294 0.00507977
vn 0.94951761 -0.31367261 0.00507964
vn 0.94951766 -0.31367247 0.00507958
vn 0.93298200 -0.35988827 0.00500124
vn 0.93297557 -0.35990504 0.00499435
vn 0.93298479 -0.35988102 0.00500422
vn 0.91419976 -0.40523427 0.00489857
vn 0.91419609 -0.40524250 0.00490198
vn 0.91419450 -0.40524606 0.00490346
vn 0.89321848 -0.44959758 0.00477073
vn 0.89320693 -0.44962043 0.00478043
vn 0.89320193 -0.44963032 0.00478462
vn 0.87007772 -0.49289268 0.00464304
vn 0.87007772 -0.49289268 0.00464304
vn 0.87007772 -0.49289268 0.00464304
vn 0.84484091 -0.53499860 0.00450839
vn 0.84484091 -0.53499860 0.00450839
vn 0.84484091 -0.53499860 0.00450839
vn 0.81757353 -0.57580761 0.00437248
vn 0.81757660 -0.57580324 0.00437453
vn 0.81757221 -0.57580949 0.00437159
vn 0.78834132 -0.61522368 0.00421736
vn 0.78834359 -0.61522078 0.00421597
vn 0.78834458 -0.61521952 0.00421537
vn 0.75718920 -0.65318311 0.00404275
vn 0.75719941 -0.65317123 0.00404878
vn 0.75718478 -0.65318824 0.00404014
vn 0.72424252 -0.68953447 0.00387114
vn 0.72425102 -0.68952557 0.00386650
vn 0.72425469 -0.68952172 0.00386449
vn 0.68951380 -0.72426319 0.00368229
vn 0.68952075 -0.72425655 0.00368600
vn 0.68951079 -0.72426606 0.00368069
vn 0.65316515 -0.75720744 0.00349015
vn 0.65316037 -0.75721157 0.00348772
vn 0.65316722 -0.75720565 0.00349121
vn 0.61522648 -0.78834357 0.00328628
vn 0.61522321 -0.78834611 0.00328784
vn 0.61522180 -0.78834721 0.00328851
vn 0.57580819 -0.81757901 0.00307972
vn 0.57580146 -0.81758376 0.00307654
vn 0.57581110 -0.81757696 0.00308110
vn 0.53498542 -0.84485645 0.00286014
vn 0.53498949 -0.84485387 0.00286201
vn 0.53498366 -0.84485757 0.00285934
vn 0.49288711 -0.87008928 0.00263358
vn 0.49288846 -0.87008852 0.00263419
vn 0.49288652 -0.87008962 0.00263332
vn 0.44960773 -0.89322288 0.00240207
vn 0.44960773 -0.89322288 0.00240207
vn 0.44960773 -0.89322288 0.00240207
vn 0.40523394 -0.91421044 0.00217251
vn 0.40524659 -0.91420485 0.00216732
vn 0.40525206 -0.91420243 0.00216507
vn 0.35989088 -0.93299241 0.00192945
vn 0.35988621 -0.93299420 0.00193133
vn 0.35988419 -0.93299498 0.00193215
vn 0.31367667 -0.94952837 0.00167831
vn 0.31367059 -0.94953038 0.00168071
vn 0.31366795 -0.94953125 0.00168175
vn 0.26670403 -0.96377743 0.00142301
vn 0.26670937 -0.96377595 0.00142516
vn 0.26670172 -0.96377807 0.00142208
vn 0.21910219 -0.97570122 0.00116913
vn 0.21910057 -0.97570158 0.00116849
vn 0.21910290 -0.97570106 0.00116941
vn 0.17096299 -0.98527703 0.00091364
vn 0.17096079 -0.98527741 0.00091277
vn 0.17096394 -0.98527686 0.00091401
vn 0.12240941 -0.99247948 0.00065340
vn 0.12241112 -0.99247926 0.00065407
vn 0.12240867 -0.99247957 0.00065311
vn 0.07355703 -0.99729094 0.00039208
vn 0.07355653 -0.99729097 0.00039227
vn 0.07355631 -0.99729099 0.00039235
vn 0.02454891 -0.99969862 0.00013092
vn 0.02454838 -0.99969863 0.00013072
vn 0.02454914 -0.99969862 0.00013101
vn -0.02454773 -0.99969865 -0.00013157
vn -0.02454773 -0.99969865 -0.00013157
vn -0.02454773 -0.99969865 -0.00013157
vn -0.07355689 -0.99729095 -0.00039370
vn -0.07355691 -0.99729094 -0.00039369
vn -0.07355693 -0.99729094 -0.00039368
vn -0.12240933 -0.99247948 -0.00065448
vn -0.12240842 -0.99247960 -0.00065483
vn -0.12240802 -0.99247965 -0.00065498
vn -0.17096485 -0.98527671 -0.00091245
vn -0.17096722 -0.98527629 -0.00091339
vn -0.17096382 -0.98527688 -0.00091205
vn -0.21909591 -0.97570263 -0.00116952
vn -0.21909453 -0.97570294 -0.00116897
vn -0.21909651 -0.97570249 -0.00116976
vn -0.26670722 -0.96377654 -0.00142500
vn -0.26670527 -0.96377709 -0.00142421
vn -0.26670807 -0.96377631 -0.00142534
vn -0.31368327 -0.94952620 -0.00167633
vn -0.31368327 -0.94952620 -0.00167633
vn -0.31368327 -0.94952620 -0.00167633
vn -0.35989254 -0.93299178 -0.00192323
vn -0.35989254 -0.93299178 -0.00192323
vn -0.35989254 -0.93299178 -0.00192323
vn -0.40522879 -0.91421275 -0.00216371
vn -0.40523171 -0.91421145 -0.00216495
vn -0.40522753 -0.91421331 -0.00216318
vn -0.44960039 -0.89322657 -0.00240369
vn -0.44960503 -0.89322425 -0.00240174
vn -0.44960703 -0.89322324 -0.00240090
vn -0.49289418 -0.87008527 -0.00263520
vn -0.49289282 -0.87008604 -0.00263579
vn -0.49289224 -0.87008637 -0.00263604
vn -0.53499454 -0.84485068 -0.00286009
vn -0.53499450 -0.84485070 -0.00286010
vn -0.53499449 -0.84485071 -0.00286011
vn -0.57579373 -0.81758920 -0.00307834
vn -0.57579373 -0.81758920 -0.00307834
vn -0.57579373 -0.81758920 -0.00307834
vn -0.61522128 -0.78834761 -0.00328897
vn -0.61522085 -0.78834795 -0.00328918
vn -0.61522066 -0.78834810 -0.00328927
vn -0.65316427 -0.75720821 -0.00348674
vn -0.65315717 -0.75721432 -0.00349027
vn -0.65315410 -0.75721697 -0.00349179
vn -0.68954429 -0.72423415 -0.00368301
vn -0.68953956 -0.72423867 -0.00368049
vn -0.68954633 -0.72423220 -0.00368410
vn -0.72423024 -0.68954735 -0.00387282
vn -0.72423454 -0.68954286 -0.00387048
vn -0.72423639 -0.68954092 -0.00386947
vn -0.75719902 -0.65317170 -0.00404637
vn -0.75720369 -0.65316628 -0.00404913
vn -0.75719700 -0.65317405 -0.00404518
vn -0.78832781 -0.61524100 -0.00421626
vn -0.78833313 -0.61523420 -0.00421300
vn -0.78833543 -0.61523126 -0.00421159
vn -0.81756842 -0.57581489 -0.00436917
vn -0.81757373 -0.57580732 -0.00437273
vn -0.81756612 -0.57581817 -0.00436763
vn -0.84484215 -0.53499660 -0.00451356
vn -0.84484228 -0.53499640 -0.00451347
vn -0.84484234 -0.53499631 -0.00451343
vn -0.87007606 -0.49289553 -0.00465272
vn -0.87007992 -0.49288875 -0.00464977
vn -0.87008158 -0.49288582 -0.00464850
vn -0.89321332 -0.44960786 -0.00476865
vn -0.89320573 -0.44962286 -0.00477501
vn -0.89320245 -0.44962935 -0.00477776
vn -0.91418853 -0.40525978 -0.00488297
vn -0.91419234 -0.40525122 -0.00487941
vn -0.91419399 -0.40524752 -0.00487788
vn -0.93297589 -0.35990448 -0.00497533
vn -0.93298217 -0.35988812 -0.00498205
vn -0.93297317 -0.35991156 -0.00497242
vn -0.94952113 -0.31366211 -0.00507035
vn -0.94951559 -0.31367899 -0.00506354
vn -0.94952352 -0.31365481 -0.00507329
vn -0.96376487 -0.26670368 -0.00513968
vn -0.96376008 -0.26672085 -0.00514645
vn -0.96375801 -0.26672828 -0.00514937
vn -0.97569137 -0.21908732 -0.00520506
vn -0.97568948 -0.21909585 -0.00520172
vn -0.97569219 -0.21908364 -0.00520651
vn -0.98525841 -0.17099156 -0.00526766
vn -0.98526162 -0.17097330 -0.00526061
vn -0.98526300 -0.17096541 -0.00525756
vn -0.99246688 -0.12239837 -0.00530441
vn -0.99246577 -0.12240719 -0.00530779
vn -0.99246529 -0.12241101 -0.00530925
vn -0.99727598 -0.07356856 -0.00531838
vn -0.99727732 -0.07354986 -0.00532554
vn -0.99727540 -0.07357665 -0.00531529
vn -0.99968463 -0.02453869 -0.00533838
vn -0.99968420 -0.02455748 -0.00533121
vn -0.99968481 -0.02453056 -0.00534148
vn 0.00534439 0.00000022 -0.99998572
vn 0.00534435 -0.00000004 -0.99998572
vn 0.00534432 -0.00000016 -0.99998572
vn 0.00534421 -0.00000039 -0.99998572
vn 0.00534396 -0.00000069 -0.99998572
vn 0.00534386 -0.00000077 -0.99998572
vn 0.00534376 -0.00000084 -0.99998572
vn 0.00534346 -0.00000097 -0.99998572
vn 0.00532986 -0.00000168 -0.99998580
vn 0.00535644 0.00000028 -0.99998565
vn 0.00534283 -0.00000100 -0.99998573
vn 0.00534308 0.00000028 -0.99998573
vn 0.00535425 -0.00000717 -0.99998567
vn 0.00534308 0.00000028 -0.99998573
vn 0.00533192 0.00000775 -0.99998579
vn 0.00534308 0.00000028 -0.99998573
vn 0.00535156 -0.00001005 -0.99998568
vn 0.00534308 0.00000028 -0.99998573
vn 0.00534187 -0.00000022 -0.99998573
vn 0.00533983 0.00001325 -0.99998574
vn 0.00534308 0.00000028 -0.99998573
vn 0.00534308 0.00000028 -0.99998573
vn 0.00533983 -0.00001268 -0.99998574
vn 0.00534187 0.00000079 -0.99998573
vn 0.00534308 0.00000028 -0.99998573
vn 0.00534308 0.00000028 -0.99998573
vn 0.00534308 0.00000028 -0.99998573
vn 0.00533192 -0.00000718 -0.99998579
vn 0.00535419 0.00000771 -0.99998567
vn 0.00534246 0.00000144 -0.99998573
vn 0.00533074 -0.00000483 -0.99998579
vn 0.00535587 0.00000416 -0.99998566
vn 0.00534289 0.00000158 -0.99998573
vn 0.00535644 0.00000028 -0.99998565
vn 0.00534340 0.00000156 -0.99998572
vn 0.00534352 0.00000152 -0.99998572
vn 0.00534370 0.00000144 -0.99998572
vn 0.00534396 0.00000125 -0.99998572
vn 0.00534405 0.00000116 -0.99998572
vn 0.00534417 0.00000101 -0.99998572
vn 0.00534432 0.00000073 -0.99998572
vn 0.00534435 0.00000060 -0.99998572
vn 0.00534439 0.00000035 -0.99998572
vn 0.00534308 0.00000028 -0.99998573
vn 0.00534308 0.00000028 -0.99998573
vn 0.00534308 0.00000028 -0.99998573
vn 0.00534308 0.00000028 -0.99998573
vn 0.00000000 0.00000000 0.00000000
vn 0.00534440 0.00000028 -0.99998572
vn 0.00534440 0.00000028 -0.99998572
vn 0.00534440 0.00000028 -0.99998572
vn 0.00000000 0.00000000 0.00000000
vn 0.00534441 0.00000028 -0.99998572
vn 0.00534441 0.00000028 -0.99998572
vn 0.00534444 0.00000028 -0.99998572
vn 0.00534445 0.00000028 -0.99998572
vn 0.00534445 0.00000028 -0.99998572
vn 0.00000000 0.00000000 0.00000000
vn 0.00534451 0.00000028 -0.99998572
vn 0.00534451 0.00000028 -0.99998572
vn 0.00534451 0.00000028 -0.99998572
vn 0.00534451 0.00000028 -0.99998572
vn 0.00000000 0.00000000 0.00000000
vn 0.00000000 0.00000000 0.00000000
vn 0.00000000 0.00000000 0.00000000
vn 0.00000000 0.00000000 0.00000000
vn 0.00000000 0.00000000 0.00000000
vn 0.00000000 0.00000000 0.00000000
vn 0.00000000 0.00000000 0.00000000
vn 0.00000000 0.00000000 0.00000000
vn 0.00000000 0.00000000 0.00000000
vn 0.00000000 0.00000000 0.00000000
vn 0.00000000 0.00000000 0.00000000
vn 0.00000000 0.00000000 0.00000000
vn 0.00534491 0.00000028 -0.99998572
vn 0.00000000 0.00000000 0.00000000
vn 0.00000000 0.00000000 0.00000000
vn 0.00000000 0.00000000 0.00000000
vn 0.00000000 0.00000000 0.00000000
vn 0.00000000 0.00000000 0.00000000
vn 0.00000000 0.00000000 0.00000000
vn 0.00000000 0.00000000 0.00000000
vn 0.00000000 0.00000000 0.00000000
vn 0.00000000 0.00000000 0.00000000
vn 0.00534308 0.00000028 -0.99998573
vn 0.00000000 0.00000000 0.00000000
vn 0.00000000 0.00000000 0.00000000
vn 0.00000000 0.00000000 0.00000000
vn 0.00000000 0.00000000 0.00000000
vn 0.00000000 0.00000000 0.00000000
vn 0.00000000 0.00000000 0.00000000
vn 0.00000000 0.00000000 0.00000000
vn 0.00000000 0.00000000 0.00000000
vn 0.00000000 0.00000000 0.00000000
vn 0.00000000 0.00000000 0.00000000
vn 0.00000000 0.00000000 0.00000000
vn 0.00000000 0.00000000 0.00000000
vn 0.00000000 0.00000000 0.00000000
vn 0.00000000 0.00000000 0.00000000
vn 0.00000000 0.00000000 0.00000000
vn 0.00000000 0.00000000 0.00000000
vn 0.00000000 0.00000000 0.00000000
vn 0.00000000 0.00000000 0.00000000
vn 0.00000000 0.00000000 0.00000000
vn 0.00000000 0.00000000 0.00000000
vn 0.00000000 0.00000000 0.00000000
vn 0.00534309 0.00000028 -0.99998573
vn 0.00534309 0.00000028 -0.99998573
vn 0.00534309 0.00000028 -0.99998573
vn 0.00534308 0.00000028 -0.99998573
vn 0.00534308 0.00000028 -0.99998573
vn 0.00000000 0.00000000 0.00000000
vn 0.00000000 0.00000000 0.00000000
vn 0.00000000 0.00000000 0.00000000
vn 0.00000000 0.00000000 0.00000000
vn 0.00000000 0.00000000 0.00000000
vn 0.00000000 0.00000000 0.00000000
vn 0.00000000 0.00000000 0.00000000
vn 0.00000000 0.00000000 0.00000000
vn 0.00000000 0.00000000 0.00000000
vn 0.00000000 0.00000000 0.00000000
vn 0.00000000 0.00000000 0.00000000
vn 0.00000000 0.00000000 0.00000000
vn 0.00000000 0.00000000 0.00000000
vn 0.00000000 0.00000000 0.00000000
vn 0.00000000 0.00000000 0.00000000
vn 0.00534308 0.00000028 -0.99998573
vn 0.00534308 0.00000028 -0.99998573
vn 0.00534308 0.00000028 -0.99998573
vn 0.00534308 0.00000028 -0.99998573
vn 0.00534308 0.00000028 -0.99998573
vn 0.00534308 0.00000028 -0.99998573
vn 0.00534308 0.00000028 -0.99998573
vn 0.00534308 0.00000028 -0.99998573
vn 0.00534308 0.00000028 -0.99998573
vn 0.00534308 0.00000028 -0.99998573
vn 0.00534308 0.00000028 -0.99998573
vn 0.00534308 0.00000028 -0.99998573
vn 0.00534308 0.00000028 -0.99998573
vn 0.00534308 0.00000028 -0.99998573
vn 0.00534308 0.00000028 -0.99998573
vn 0.00534308 0.00000028 -0.99998573
vn 0.00534308 0.00000028 -0.99998573
vn 0.00534308 0.00000028 -0.99998573
vn 0.00534308 0.00000028 -0.99998573
vn 0.00534308 0.00000028 -0.99998573
vn 0.00534308 0.00000028 -0.99998573
vn 0.00534308 0.00000028 -0.99998573
vn 0.00534308 0.00000028 -0.99998573
vn 0.00534308 0.00000028 -0.99998573
vn 0.00534308 0.00000028 -0.99998573
vn 0.00534308 0.00000028 -0.99998573
vn 0.00534308 0.00000028 -0.99998573
vn 0.00534308 0.00000028 -0.99998573
vn 0.00534308 0.00000028 -0.99998573
vn 0.00534308 0.00000028 -0.99998573
vn 0.00534308 0.00000028 -0.99998573
vn 0.00534308 0.00000028 -0.99998573
vn 0.00000000 0.00000000 0.00000000
vn 0.00000000 0.00000000 0.00000000
vn 0.00000000 0.00000000 0.00000000
vn 0.00000000 0.00000000 0.00000000
vn 0.00000000 0.00000000 0.00000000
vn 0.00000000 0.00000000 0.00000000
vn 0.00000000 0.00000000 0.00000000
vn 0.00534308 0.00000028 -0.99998573
vn 0.00534308 0.00000028 -0.99998573
vn 0.00534308 0.00000028 -0.99998573
vn 0.00534308 0.00000028 -0.99998573
vn 0.00534308 0.00000028 -0.99998573
vn 0.00000000 0.00000000 0.00000000
vn 0.00000000 0.00000000 0.00000000
vn 0.00000000 0.00000000 0.00000000
vn 0.00000000 0.00000000 0.00000000
vn 0.00000000 0.00000000 0.00000000
vn 0.00000000 0.00000000 0.00000000
vn 0.00000000 0.00000000 0.00000000
vn 0.00000000 0.00000000 0.00000000
vn 0.00000000 0.00000000 0.00000000
vn 0.00000000 0.00000000 0.00000000
vn 0.00000000 0.00000000 0.00000000
vn 0.00000000 0.00000000 0.00000000
vn 0.00000000 0.00000000 0.00000000
vn 0.00000000 0.00000000 0.00000000
vn 0.00000000 0.00000000 0.00000000
vn 0.00000000 0.00000000 0.00000000
vn 0.00000000 0.00000000 0.00000000
vn 0.00000000 0.00000000 0.00000000
vn 0.00000000 0.00000000 0.00000000
vn 0.00534310 0.00000029 -0.99998573
vn 0.00534310 0.00000029 -0.99998573
vn 0.00534310 0.00000029 -0.99998573
vn 0.00000000 0.00000000 0.00000000
vn 0.00000000 0.00000000 0.00000000
vn 0.00000000 0.00000000 0.00000000
vn 0.00000000 0.00000000 0.00000000
vn 0.00000000 0.00000000 0.00000000
vn 0.00000000 0.00000000 0.00000000
vn 0.00000000 0.00000000 0.00000000
vn 0.00000000 0.00000000 0.00000000
vn 0.00000000 0.00000000 0.00000000
vn 0.00000000 0.00000000 0.00000000
vn 0.00000000 0.00000000 0.00000000
vn 0.00000000 0.00000000 0.00000000
vn 0.00000000 0.00000000 0.00000000
vn 0.00000000 0.00000000 0.00000000
vn 0.00000000 0.00000000 0.00000000
vn 0.00000000 0.00000000 0.00000000
vn 0.00000000 0.00000000 0.00000000
vn 0.00000000 0.00000000 0.00000000
vn 0.00000000 0.00000000 0.00000000
vn 0.00000000 0.00000000 0.00000000
vn 0.00000000 0.00000000 0.00000000
vn 0.00534491 0.00000028 -0.99998572
vn 0.00000000 0.00000000 0.00000000
vn 0.00000000 0.00000000 0.00000000
vn 0.00000000 0.00000000 0.00000000
vn 0.00534475 0.00000028 -0.99998572
vn 0.00534475 0.00000028 -0.99998572
vn 0.00534475 0.00000028 -0.99998572
vn 0.00000000 0.00000000 0.00000000
vn 0.00000000 0.00000000 0.00000000
vn 0.00000000 0.00000000 0.00000000
vn 0.00534459 0.00000028 -0.99998572
vn 0.00534459 0.00000028 -0.99998572
vn 0.00534456 0.00000028 -0.99998572
vn 0.00534451 0.00000028 -0.99998572
vn 0.00534451 0.00000028 -0.99998572
vn 0.00534451 0.00000028 -0.99998572
vn 0.00534445 0.00000028 -0.99998572
vn 0.00534498 0.00000028 -0.99998572
vn 0.00534445 0.00000028 -0.99998572
vn 0.00534521 0.00000028 -0.99998571
vn 0.00534578 0.00000028 -0.99998571
vn 0.00534441 0.00000028 -0.99998572
vn 0.00534441 0.00000028 -0.99998572
vn 0.00534440 0.00000028 -0.99998572
vn 0.00534440 0.00000028 -0.99998572
vn 0.00534440 0.00000028 -0.99998572
vn 0.00534308 0.00000028 -0.99998573
vn 0.00534308 0.00000028 -0.99998573
vn 0.00534308 0.00000028 -0.99998573
vn 0.00534308 0.00000028 -0.99998573
vn 0.00000000 0.00000000 0.00000000
vn 0.00000000 0.00000000 0.00000000
vn 0.00000000 0.00000000 0.00000000
vn 0.00000000 0.00000000 0.00000000
vn 0.00000000 0.00000000 0.00000000
vn 0.00000000 0.00000000 0.00000000
vn 0.00000000 0.00000000 0.00000000
vn 0.00000000 0.00000000 0.00000000
vn 0.00000000 0.00000000 0.00000000
vn 0.00000000 0.00000000 0.00000000
vn -0.99968396 0.02456518 -0.00534146
vn -0.99727797 0.07354083 -0.00532859
vn -0.99246735 0.12239458 -0.00530288
vn -0.98525699 0.17099964 -0.00527049
vn -0.97568867 0.21909949 -0.00520015
vn -0.96376744 0.26669445 -0.00513660
vn -0.94951312 0.31368653 -0.00506041
vn -0.93298482 0.35988121 -0.00498475
vn -0.91418814 0.40526063 -0.00488428
vn -0.89321638 0.44960167 -0.00477787
vn -0.87007419 0.49289881 -0.00465403
vn -0.84484089 0.53499860 -0.00451346
vn -0.81757931 0.57579939 -0.00437469
vn -0.78832418 0.61524564 -0.00421810
vn -0.75720562 0.65316403 -0.00405016
vn -0.72422987 0.68954775 -0.00387367
vn -0.68953604 0.72424200 -0.00368363
vn -0.65316668 0.75720612 -0.00348928
vn -0.61522076 0.78834802 -0.00328893
vn -0.57579855 0.81758582 -0.00307531
vn -0.53499132 0.84485271 -0.00286012
vn -0.53499132 0.84485271 -0.00286012
vn -0.53499132 0.84485271 -0.00286012
vn -0.49289388 0.87008545 -0.00263170
vn -0.44961342 0.89322001 -0.00240411
vn -0.40521803 0.91421753 -0.00215906
vn -0.35989296 0.93299163 -0.00191676
vn -0.31368730 0.94952487 -0.00166977
vn -0.26670534 0.96377706 -0.00142762
vn -0.21909388 0.97570308 -0.00116919
vn -0.17096866 0.98527605 -0.00091231
vn -0.12240867 0.99247957 -0.00065433
vn -0.07355729 0.99729092 -0.00039314
vn -0.02454815 0.99969864 -0.00013101
vn 0.02454774 0.99969865 0.00013119
vn 0.07355683 0.99729095 0.00039256
vn 0.12241145 0.99247922 0.00065492
vn 0.17096384 0.98527688 0.00091457
vn 0.21909384 0.97570309 0.00116873
vn 0.26671128 0.96377542 0.00142663
vn 0.31367891 0.94952763 0.00167780
vn 0.35989254 0.93299178 0.00192323
vn 0.40522813 0.91421303 0.00216739
vn 0.44960736 0.89322307 0.00240258
vn 0.49288869 0.87008839 0.00263282
vn 0.53499328 0.84485146 0.00286330
vn 0.53499328 0.84485146 0.00286330
vn 0.53499328 0.84485146 0.00286330
vn 0.57579598 0.81758763 0.00307509
vn 0.61522653 0.78834353 0.00328554
vn 0.65315990 0.75721198 0.00348758
vn 0.68952608 0.72425146 0.00368849
vn 0.72424320 0.68953374 0.00387400
vn 0.75719778 0.65317311 0.00405173
vn 0.78834008 0.61522526 0.00421831
vn 0.81757772 0.57580169 0.00436898
vn 0.84482251 0.53502756 0.00452151
vn 0.84482251 0.53502756 0.00452151
vn 0.84482251 0.53502756 0.00452151
vn 0.87007772 0.49289269 0.00464364
vn 0.89322329 0.44958806 0.00476708
vn 0.91418790 0.40526101 0.00489751
vn 0.93298442 0.35988216 0.00499113
vn 0.94951769 0.31367236 0.00507956
vn 0.96375900 0.26672458 0.00515590
vn 0.97568795 0.21910219 0.00522029
vn 0.98526017 0.17098194 0.00525127
vn 0.99246958 0.12237710 0.00528969
vn 0.99727535 0.07357583 0.00533561
vn 0.99968432 0.02454896 0.00534848
vn 0.99968433 -0.02454854 0.00534847
vn 0.99727538 -0.07357550 0.00533558
vn 0.99246963 -0.12237669 0.00528969
vn 0.98526030 -0.17098121 0.00525129
vn 0.97568804 -0.21910179 0.00522017
vn 0.96375911 -0.26672418 0.00515575
vn 0.94951745 -0.31367309 0.00507983
vn 0.93297279 -0.35991230 0.00499138
vn 0.91420134 -0.40523071 0.00489709
vn 0.89322348 -0.44958769 0.00476654
vn 0.87007772 -0.49289268 0.00464304
vn 0.84482273 -0.53502721 0.00452120
vn 0.84482273 -0.53502721 0.00452120
vn 0.84482273 -0.53502721 0.00452120
vn 0.81757792 -0.57580135 0.00437542
vn 0.78834034 -0.61522494 0.00421797
vn 0.75720383 -0.65316609 0.00405139
vn 0.72423884 -0.68953832 0.00387315
vn 0.68952376 -0.72425367 0.00368761
vn 0.65315831 -0.75721336 0.00348666
vn 0.61522789 -0.78834247 0.00328560
vn 0.57579855 -0.81758582 0.00307516
vn 0.53499125 -0.84485275 0.00286281
vn 0.49288905 -0.87008818 0.00263445
vn 0.44960773 -0.89322288 0.00240207
vn 0.40522847 -0.91421286 0.00217476
vn 0.35989290 -0.93299163 0.00192864
vn 0.31367930 -0.94952750 0.00167727
vn 0.26671168 -0.96377531 0.00142608
vn 0.21909987 -0.97570174 0.00116821
vn 0.17095983 -0.98527758 0.00091240
vn 0.12241186 -0.99247917 0.00065436
vn 0.07355725 -0.99729092 0.00039199
vn 0.02454815 -0.99969864 0.00013063
vn -0.02454773 -0.99969865 -0.00013157
vn -0.07355687 -0.99729095 -0.00039370
vn -0.12240972 -0.99247944 -0.00065434
vn -0.17096824 -0.98527612 -0.00091379
vn -0.21909393 -0.97570307 -0.00116873
vn -0.26670443 -0.96377732 -0.00142387
vn -0.31368327 -0.94952620 -0.00167633
vn -0.35989254 -0.93299178 -0.00192323
vn -0.40523297 -0.91421089 -0.00216548
vn -0.44959839 -0.89322758 -0.00240453
vn -0.49289477 -0.87008494 -0.00263495
vn -0.53499455 -0.84485067 -0.00286008
vn -0.57579373 -0.81758920 -0.00307834
vn -0.61522147 -0.78834746 -0.00328888
vn -0.65316735 -0.75720557 -0.00348521
vn -0.68953752 -0.72424062 -0.00367940
vn -0.72422839 -0.68954930 -0.00387384
vn -0.75720570 -0.65316393 -0.00405032
vn -0.78832550 -0.61524394 -0.00421767
vn -0.81757603 -0.57580405 -0.00437427
vn -0.84484210 -0.53499669 -0.00451359
vn -0.87007439 -0.49289846 -0.00465400
vn -0.89321660 -0.44960137 -0.00476590
vn -0.91418688 -0.40526349 -0.00488450
vn -0.93298488 -0.35988104 -0.00498496
vn -0.94951319 -0.31368630 -0.00506059
vn -0.96376695 -0.26669625 -0.00513675
vn -0.97568865 -0.21909953 -0.00520027
vn -0.98525703 -0.17099945 -0.00527071
vn -0.99246736 -0.12239456 -0.00530294
vn -0.99727790 -0.07354177 -0.00532863
vn -0.99968402 -0.02456561 -0.00532811
vt 0.00000000 0.00000000
vt 0.00000000 0.00000000
vt 0.00000000 0.00000000
vt 0.00000000 0.00000000
vt 0.00000000 0.00000000
vt 0.00000000 0.00000000
vt 0.00000000 0.00000000
vt 0.00000000 0.00000000
vt 0.00000000 0.00000000
vt 0.00000000 0.00000000
vt 0.00000000 0.00000000
vt 0.00000000 0.00000000
vt 0.00000000 0.00000000
vt 0.00000000 0.00000000
vt 0.00000000 0.00000000
vt 0.00000000 0.00000000
vt 0.00000000 0.00000000
vt 0.00000000 0.00000000
vt 0.00000000 0.00000000
vt 0.00000000 0.00000000
vt 0.00000000 0.00000000
vt 0.00000000 0.00000000
vt 0.00000000 0.00000000
vt 0.00000000 0.00000000
vt 0.00000000 0.00000000
vt 0.00000000 0.00000000
vt 0.00000000 0.00000000
vt 0.00000000 0.00000000
vt 0.00000000 0.00000000
vt 0.00000000 0.00000000
vt 0.00000000 0.00000000
vt 0.00000000 0.00000000
vt 0.00000000 0.00000000
vt 0.00000000 0.00000000
vt 0.00000000 0.00000000
vt 0.00000000 0.00000000
vt 0.00000000 0.00000000
vt 0.00000000 0.00000000
vt 0.00000000 0.00000000
vt 0.00000000 0.00000000
vt 0.00000000 0.00000000
vt 0.00000000 0.00000000
vt 0.00000000 0.00000000
vt 0.00000000 0.00000000
vt 0.00000000 0.00000000
vt 0.00000000 0.00000000
vt 0.00000000 0.00000000
vt 0.00000000 0.00000000
vt 0.00000000 0.00000000
vt 0.00000000 0.00000000
vt 0.00000000 0.00000000
vt 0.00000000 0.00000000
vt 0.00000000 0.00000000
vt 0.00000000 0.00000000
vt 0.00000000 0.00000000
vt 0.00000000 0.00000000
vt 0.00000000 0.00000000
vt 0.00000000 0.00000000
vt 0.00000000 0.00000000
vt 0.00000000 0.00000000
vt 0.00000000 0.00000000
vt 0.00000000 0.00000000
vt 0.00000000 0.00000000
vt 0.00000000 0.00000000
vt 0.00000000 0.00000000
vt 0.00000000 0.00000000
vt 0.00000000 0.00000000
vt 0.00000000 0.00000000
vt 0.00000000 0.00000000
vt 0.00000000 0.00000000
vt 0.00000000 0.00000000
vt 0.00000000 0.00000000
vt 0.00000000 0.00000000
vt 0.00000000 0.00000000
vt 0.00000000 0.00000000
vt 0.00000000 0.00000000
vt 0.00000000 0.00000000
vt 0.00000000 0.00000000
vt 0.00000000 0.00000000
vt 0.00000000 0.00000000
vt 0.00000000 0.00000000
vt 0.00000000 0.00000000
vt 0.00000000 0.00000000
vt 0.00000000 0.00000000
vt 0.00000000 0.00000000
vt 0.00000000 0.00000000
vt 0.00000000 0.00000000
vt 0.00000000 0.00000000
vt 0.00000000 0.00000000
vt 0.00000000 0.00000000
vt 0.00000000 0.00000000
vt 0.00000000 0.00000000
vt 0.00000000 0.00000000
vt 0.00000000 0.00000000
vt 0.00000000 0.00000000
vt 0.00000000 0.00000000
vt 0.00000000 0.00000000
vt 0.00000000 0.00000000
vt 0.00000000 0.00000000
vt 0.00000000 0.00000000
vt 0.00000000 0.00000000
vt 0.00000000 0.00000000
vt 0.00000000 0.00000000
vt 0.00000000 0.00000000
vt 0.00000000 0.00000000
vt 0.00000000 0.00000000
vt 0.00000000 0.00000000
vt 0.00000000 0.00000000
vt 0.00000000 0.00000000
vt 0.00000000 0.00000000
vt 0.00000000 0.00000000
vt 0.00000000 0.00000000
vt 0.00000000 0.00000000
vt 0.00000000 0.00000000
vt 0.00000000 0.00000000
vt 0.00000000 0.00000000
vt 0.00000000 0.00000000
vt 0.00000000 0.00000000
vt 0.00000000 0.00000000
vt 0.00000000 0.00000000
vt 0.00000000 0.00000000
vt 0.00000000 0.00000000
vt 0.00000000 0.00000000
vt 0.00000000 0.00000000
vt 0.00000000 0.00000000
vt 0.00000000 0.00000000
vt 0.00000000 0.00000000
vt 0.00000000 0.00000000
vt 0.00000000 0.00000000
vt 0.00000000 0.00000000
vt 0.00000000 0.00000000
vt 0.00000000 0.00000000
vt 0.00000000 0.00000000
vt 0.00000000 0.00000000
vt 0.00000000 0.00000000
vt 0.00000000 0.00000000
vt 0.00000000 0.00000000
vt 0.00000000 0.00000000
vt 0.00000000 0.00000000
vt 0.00000000 0.00000000
vt 0.00000000 0.00000000
vt 0.00000000 0.00000000
vt 0.00000000 0.00000000
vt 0.00000000 0.00000000
vt 0.00000000 0.00000000
vt 0.00000000 0.00000000
vt 0.00000000 0.00000000
vt 0.00000000 0.00000000
vt 0.00000000 0.00000000
vt 0.00000000 0.00000000
vt 0.00000000 0.00000000
vt 0.00000000 0.00000000
vt 0.00000000 0.00000000
vt 0.00000000 0.00000000
vt 0.00000000 0.00000000
vt 0.00000000 0.00000000
vt 0.00000000 0.00000000
vt 0.00000000 0.00000000
vt 0.00000000 0.00000000
vt 0.00000000 0.00000000
vt 0.00000000 0.00000000
vt 0.00000000 0.00000000
vt 0.00000000 0.00000000
vt 0.00000000 0.00000000
vt 0.00000000 0.00000000
vt 0.00000000 0.00000000
vt 0.00000000 0.00000000
vt 0.00000000 0.00000000
vt 0.00000000 0.00000000
vt 0.00000000 0.00000000
vt 0.00000000 0.00000000
vt 0.00000000 0.00000000
vt 0.00000000 0.00000000
vt 0.00000000 0.00000000
vt 0.00000000 0.00000000
vt 0.00000000 0.00000000
vt 0.00000000 0.00000000
vt 0.00000000 0.00000000
vt 0.00000000 0.00000000
vt 0.00000000 0.00000000
vt 0.00000000 0.00000000
vt 0.00000000 0.00000000
vt 0.00000000 0.00000000
vt 0.00000000 0.00000000
vt 0.00000000 0.00000000
vt 0.00000000 0.00000000
vt 0.00000000 0.00000000
vt 0.00000000 0.00000000
vt 0.00000000 0.00000000
vt 0.00000000 0.00000000
vt 0.00000000 0.00000000
vt 0.00000000 0.00000000
vt 0.00000000 0.00000000
vt 0.00000000 0.00000000
vt 0.00000000 0.00000000
vt 0.00000000 0.00000000
vt 0.00000000 0.00000000
vt 0.00000000 0.00000000
vt 0.00000000 0.00000000
vt 0.00000000 0.00000000
vt 0.00000000 0.00000000
vt 0.00000000 0.00000000
vt 0.00000000 0.00000000
vt 0.00000000 0.00000000
vt 0.00000000 0.00000000
vt 0.00000000 0.00000000
vt 0.00000000 0.00000000
vt 0.00000000 0.00000000
vt 0.00000000 0.00000000
vt 0.00000000 0.00000000
vt 0.00000000 0.00000000
vt 0.00000000 0.00000000
vt 0.00000000 0.00000000
vt 0.00000000 0.00000000
vt 0.00000000 0.00000000
vt 0.00000000 0.00000000
vt 0.00000000 0.00000000
vt 0.00000000 0.00000000
vt 0.00000000 0.00000000
vt 0.00000000 0.00000000
vt 0.00000000 0.00000000
vt 0.00000000 0.00000000
vt 0.00000000 0.00000000
vt 0.00000000 0.00000000
vt 0.00000000 0.00000000
vt 0.00000000 0.00000000
vt 0.00000000 0.00000000
vt 0.00000000 0.00000000
vt 0.00000000 0.00000000
vt 0.00000000 0.00000000
vt 0.00000000 0.00000000
vt 0.00000000 0.00000000
vt 0.00000000 0.00000000
vt 0.00000000 0.00000000
vt 0.00000000 0.00000000
vt 0.00000000 0.00000000
vt 0.00000000 0.00000000
vt 0.00000000 0.00000000
vt 0.00000000 0.00000000
vt 0.00000000 0.00000000
vt 0.00000000 0.00000000
vt 0.00000000 0.00000000
vt 0.00000000 0.00000000
vt 0.00000000 0.00000000
vt 0.00000000 0.00000000
vt 0.00000000 0.00000000
vt 0.00000000 0.00000000
vt 0.00000000 0.00000000
vt 0.00000000 0.00000000
vt 0.00000000 0.00000000
vt 0.00000000 0.00000000
vt 0.00000000 0.00000000
vt 0.00000000 0.00000000
vt 0.00000000 0.00000000
vt 0.00000000 0.00000000
vt 0.00000000 0.00000000
vt 0.00000000 0.00000000
vt 0.00000000 0.00000000
vt 0.00000000 0.00000000
vt 0.00000000 0.00000000
vt 0.00000000 0.00000000
vt 0.00000000 0.00000000
vt 0.00000000 0.00000000
vt 0.00000000 0.00000000
vt 0.00000000 0.00000000
vt 0.00000000 0.00000000
vt 0.00000000 0.00000000
vt 0.00000000 0.00000000
vt 0.00000000 0.00000000
vt 0.00000000 0.00000000
vt 0.00000000 0.00000000
vt 0.00000000 0.00000000
vt 0.00000000 0.00000000
vt 0.00000000 0.00000000
vt 0.00000000 0.00000000
vt 0.00000000 0.00000000
vt 0.00000000 0.00000000
vt 0.00000000 0.00000000
vt 0.00000000 0.00000000
vt 0.00000000 0.00000000
vt 0.00000000 0.00000000
vt 0.00000000 0.00000000
vt 0.00000000 0.00000000
vt 0.00000000 0.00000000
vt 0.00000000 0.00000000
vt 0.00000000 0.00000000
vt 0.00000000 0.00000000
vt 0.00000000 0.00000000
vt 0.00000000 0.00000000
vt 0.00000000 0.00000000
vt 0.00000000 0.00000000
vt 0.00000000 0.00000000
vt 0.00000000 0.00000000
vt 0.00000000 0.00000000
vt 0.00000000 0.00000000
vt 0.00000000 0.00000000
vt 0.00000000 0.00000000
vt 0.00000000 0.00000000
vt 0.00000000 0.00000000
vt 0.00000000 0.00000000
vt 0.00000000 0.00000000
vt 0.00000000 0.00000000
vt 0.00000000 0.00000000
vt 0.00000000 0.00000000
vt 0.00000000 0.00000000
vt 0.00000000 0.00000000
vt 0.00000000 0.00000000
vt 0.00000000 0.00000000
vt 0.00000000 0.00000000
vt 0.00000000 0.00000000
vt 0.00000000 0.00000000
vt 0.00000000 0.00000000
vt 0.00000000 0.00000000
vt 0.00000000 0.00000000
vt 0.00000000 0.00000000
vt 0.00000000 0.00000000
vt 0.00000000 0.00000000
vt 0.00000000 0.00000000
vt 0.00000000 0.00000000
vt 0.00000000 0.00000000
vt 0.00000000 0.00000000
vt 0.00000000 0.00000000
vt 0.00000000 0.00000000
vt 0.00000000 0.00000000
vt 0.00000000 0.00000000
vt 0.00000000 0.00000000
vt 0.00000000 0.00000000
vt 0.00000000 0.00000000
vt 0.00000000 0.00000000
vt 0.00000000 0.00000000
vt 0.00000000 0.00000000
vt 0.00000000 0.00000000
vt 0.00000000 0.00000000
vt 0.00000000 0.00000000
vt 0.00000000 0.00000000
vt 0.00000000 0.00000000
vt 0.00000000 0.00000000
vt 0.00000000 0.00000000
vt 0.00000000 0.00000000
vt 0.00000000 0.00000000
vt 0.00000000 0.00000000
vt 0.00000000 0.00000000
vt 0.00000000 0.00000000
vt 0.00000000 0.00000000
vt 0.00000000 0.00000000
vt 0.00000000 0.00000000
vt 0.00000000 0.00000000
vt 0.00000000 0.00000000
vt 0.00000000 0.00000000
vt 0.00000000 0.00000000
vt 0.00000000 0.00000000
vt 0.00000000 0.00000000
vt 0.00000000 0.00000000
vt 0.00000000 0.00000000
vt 0.00000000 0.00000000
vt 0.00000000 0.00000000
vt 0.00000000 0.00000000
vt 0.00000000 0.00000000
vt 0.00000000 0.00000000
vt 0.00000000 0.00000000
vt 0.00000000 0.00000000
vt 0.00000000 0.00000000
vt 0.00000000 0.00000000
vt 0.00000000 0.00000000
vt 0.00000000 0.00000000
vt 0.00000000 0.00000000
vt 0.00000000 0.00000000
vt 0.00000000 0.00000000
vt 0.00000000 0.00000000
vt 0.00000000 0.00000000
vt 0.00000000 0.00000000
vt 0.00000000 0.00000000
vt 0.00000000 0.00000000
vt 0.00000000 0.00000000
vt 0.00000000 0.00000000
vt 0.00000000 0.00000000
vt 0.00000000 0.00000000
vt 0.00000000 0.00000000
vt 0.00000000 0.00000000
vt 0.00000000 0.00000000
vt 0.00000000 0.00000000
vt 0.00000000 0.00000000
vt 0.00000000 0.00000000
vt 0.00000000 0.00000000
vt 0.00000000 0.00000000
vt 0.00000000 0.00000000
vt 0.00000000 0.00000000
vt 0.00000000 0.00000000
vt 0.00000000 0.00000000
vt 0.00000000 0.00000000
vt 0.00000000 0.00000000
vt 0.00000000 0.00000000
vt 0.00000000 0.00000000
vt 0.00000000 0.00000000
vt 0.00000000 0.00000000
vt 0.00000000 0.00000000
vt 0.00000000 0.00000000
vt 0.00000000 0.00000000
vt 0.00000000 0.00000000
vt 0.00000000 0.00000000
vt 0.00000000 0.00000000
vt 0.00000000 0.00000000
vt 0.00000000 0.00000000
vt 0.00000000 0.00000000
vt 0.00000000 0.00000000
vt 0.00000000 0.00000000
vt 0.00000000 0.00000000
vt 0.00000000 0.00000000
vt 0.00000000 0.00000000
vt 0.00000000 0.00000000
vt 0.00000000 0.00000000
vt 0.00000000 0.00000000
vt 0.00000000 0.00000000
vt 0.00000000 0.00000000
vt 0.00000000 0.00000000
vt 0.00000000 0.00000000
vt 0.00000000 0.00000000
vt 0.00000000 0.00000000
vt 0.00000000 0.00000000
vt 0.00000000 0.00000000
vt 0.00000000 0.00000000
vt 0.00000000 0.00000000
vt 0.00000000 0.00000000
vt 0.00000000 0.00000000
vt 0.00000000 0.00000000
vt 0.00000000 0.00000000
vt 0.00000000 0.00000000
vt 0.00000000 0.00000000
vt 0.00000000 0.00000000
vt 0.00000000 0.00000000
vt 0.00000000 0.00000000
vt 0.00000000 0.00000000
vt 0.00000000 0.00000000
vt 0.00000000 0.00000000
vt 0.00000000 0.00000000
vt 0.00000000 0.00000000
vt 0.00000000 0.00000000
vt 0.00000000 0.00000000
vt 0.00000000 0.00000000
vt 0.00000000 0.00000000
vt 0.00000000 0.00000000
vt 0.00000000 0.00000000
vt 0.00000000 0.00000000
vt 0.00000000 0.00000000
vt 0.00000000 0.00000000
vt 0.00000000 0.00000000
vt 0.00000000 0.00000000
vt 0.00000000 0.00000000
vt 0.00000000 0.00000000
vt 0.00000000 0.00000000
vt 0.00000000 0.00000000
vt 0.00000000 0.00000000
vt 0.00000000 0.00000000
vt 0.00000000 0.00000000
vt 0.00000000 0.00000000
vt 0.00000000 0.00000000
vt 0.00000000 0.00000000
vt 0.00000000 0.00000000
vt 0.00000000 0.00000000
vt 0.00000000 0.00000000
vt 0.00000000 0.00000000
vt 0.00000000 0.00000000
vt 0.00000000 0.00000000
vt 0.00000000 0.00000000
vt 0.00000000 0.00000000
vt 0.00000000 0.00000000
vt 0.00000000 0.00000000
vt 0.00000000 0.00000000
vt 0.00000000 0.00000000
vt 0.00000000 0.00000000
vt 0.00000000 0.00000000
vt 0.00000000 0.00000000
vt 0.00000000 0.00000000
vt 0.00000000 0.00000000
vt 0.00000000 0.00000000
vt 0.00000000 0.00000000
vt 0.00000000 0.00000000
vt 0.00000000 0.00000000
vt 0.00000000 0.00000000
vt 0.00000000 0.00000000
vt 0.00000000 0.00000000
vt 0.00000000 0.00000000
vt 0.00000000 0.00000000
vt 0.00000000 0.00000000
vt 0.00000000 0.00000000
vt 0.00000000 0.00000000
vt 0.00000000 0.00000000
vt 0.00000000 0.00000000
vt 0.00000000 0.00000000
vt 0.00000000 0.00000000
vt 0.00000000 0.00000000
vt 0.00000000 0.00000000
vt 0.00000000 0.00000000
vt 0.00000000 0.00000000
vt 0.00000000 0.00000000
vt 0.00000000 0.00000000
vt 0.00000000 0.00000000
vt 0.00000000 0.00000000
vt 0.00000000 0.00000000
vt 0.00000000 0.00000000
vt 0.00000000 0.00000000
vt 0.00000000 0.00000000
vt 0.00000000 0.00000000
vt 0.00000000 0.00000000
vt 0.00000000 0.00000000
vt 0.00000000 0.00000000
vt 0.00000000 0.00000000
vt 0.00000000 0.00000000
vt 0.00000000 0.00000000
vt 0.00000000 0.00000000
vt 0.00000000 0.00000000
vt 0.00000000 0.00000000
vt 0.00000000 0.00000000
vt 0.00000000 0.00000000
vt 0.00000000 0.00000000
vt 0.00000000 0.00000000
vt 0.00000000 0.00000000
vt 0.00000000 0.00000000
vt 0.00000000 0.00000000
vt 0.00000000 0.00000000
vt 0.00000000 0.00000000
vt 0.00000000 0.00000000
vt 0.00000000 0.00000000
vt 0.00000000 0.00000000
vt 0.00000000 0.00000000
vt 0.00000000 0.00000000
vt 0.00000000 0.00000000
vt 0.00000000 0.00000000
vt 0.00000000 0.00000000
vt 0.00000000 0.00000000
vt 0.00000000 0.00000000
vt 0.00000000 0.00000000
vt 0.00000000 0.00000000
vt 0.00000000 0.00000000
vt 0.00000000 0.00000000
vt 0.00000000 0.00000000
vt 0.00000000 0.00000000
vt 0.00000000 0.00000000
vt 0.00000000 0.00000000
vt 0.00000000 0.00000000
vt 0.00000000 0.00000000
vt 0.00000000 0.00000000
vt 0.00000000 0.00000000
vt 0.00000000 0.00000000
vt 0.00000000 0.00000000
vt 0.00000000 0.00000000
vt 0.00000000 0.00000000
vt 0.00000000 0.00000000
vt 0.00000000 0.00000000
vt 0.00000000 0.00000000
vt 0.00000000 0.00000000
vt 0.00000000 0.00000000
vt 0.00000000 0.00000000
vt 0.00000000 0.00000000
vt 0.00000000 0.00000000
vt 0.00000000 0.00000000
vt 0.00000000 0.00000000
vt 0.00000000 0.00000000
vt 0.00000000 0.00000000
vt 0.00000000 0.00000000
vt 0.00000000 0.00000000
vt 0.00000000 0.00000000
vt 0.00000000 0.00000000
vt 0.00000000 0.00000000
vt 0.00000000 0.00000000
vt 0.00000000 0.00000000
vt 0.00000000 0.00000000
vt 0.00000000 0.00000000
vt 0.00000000 0.00000000
vt 0.00000000 0.00000000
vt 0.00000000 0.00000000
vt 0.00000000 0.00000000
vt 0.00000000 0.00000000
vt 0.00000000 0.00000000
vt 0.00000000 0.00000000
vt 0.00000000 0.00000000
vt 0.00000000 0.00000000
vt 0.00000000 0.00000000
vt 0.00000000 0.00000000
vt 0.00000000 0.00000000
vt 0.00000000 0.00000000
vt 0.00000000 0.00000000
vt 0.00000000 0.00000000
vt 0.00000000 0.00000000
vt 0.00000000 0.00000000
vt 0.00000000 0.00000000
vt 0.00000000 0.00000000
vt 0.00000000 0.00000000
vt 0.00000000 0.00000000
vt 0.00000000 0.00000000
vt 0.00000000 0.00000000
vt 0.00000000 0.00000000
vt 0.00000000 0.00000000
vt 0.00000000 0.00000000
vt 0.00000000 0.00000000
vt 0.00000000 0.00000000
vt 0.00000000 0.00000000
vt 0.00000000 0.00000000
vt 0.00000000 0.00000000
vt 0.00000000 0.00000000
vt 0.00000000 0.00000000
vt 0.00000000 0.00000000
vt 0.00000000 0.00000000
vt 0.00000000 0.00000000
vt 0.00000000 0.00000000
vt 0.00000000 0.00000000
vt 0.00000000 0.00000000
vt 0.00000000 0.00000000
vt 0.00000000 0.00000000
vt 0.00000000 0.00000000
vt 0.00000000 0.00000000
vt 0.00000000 0.00000000
vt 0.00000000 0.00000000
vt 0.00000000 0.00000000
vt 0.00000000 0.00000000
vt 0.00000000 0.00000000
vt 0.00000000 0.00000000
vt 0.00000000 0.00000000
vt 0.00000000 0.00000000
vt 0.00000000 0.00000000
vt 0.00000000 0.00000000
vt 0.00000000 0.00000000
vt 0.00000000 0.00000000
vt 0.00000000 0.00000000
vt 0.00000000 0.00000000
vt 0.00000000 0.00000000
vt 0.00000000 0.00000000
vt 0.00000000 0.00000000
vt 0.00000000 0.00000000
vt 0.00000000 0.00000000
vt 0.00000000 0.00000000
vt 0.00000000 0.00000000
vt 0.00000000 0.00000000
vt 0.00000000 0.00000000
vt 0.00000000 0.00000000
vt 0.00000000 0.00000000
vt 0.00000000 0.00000000
vt 0.00000000 0.00000000
vt 0.00000000 0.00000000
vt 0.00000000 0.00000000
vt 0.00000000 0.00000000
vt 0.00000000 0.00000000
vt 0.00000000 0.00000000
vt 0.00000000 0.00000000
vt 0.00000000 0.00000000
vt 0.00000000 0.00000000
vt 0.00000000 0.00000000
vt 0.00000000 0.00000000
vt 0.00000000 0.00000000
vt 0.00000000 0.00000000
vt 0.00000000 0.00000000
vt 0.00000000 0.00000000
vt 0.00000000 0.00000000
vt 0.00000000 0.00000000
vt 0.00000000 0.00000000
vt 0.00000000 0.00000000
vt 0.00000000 0.00000000
vt 0.00000000 0.00000000
vt 0.00000000 0.00000000
vt 0.00000000 0.00000000
vt 0.00000000 0.00000000
vt 0.00000000 0.00000000
vt 0.00000000 0.00000000
vt 0.00000000 0.00000000
vt 0.00000000 0.00000000
vt 0.00000000 0.00000000
vt 0.00000000 0.00000000
vt 0.00000000 0.00000000
vt 0.00000000 0.00000000
vt 0.00000000 0.00000000
vt 0.00000000 0.00000000
vt 0.00000000 0.00000000
vt 0.00000000 0.00000000
vt 0.00000000 0.00000000
vt 0.00000000 0.00000000
vt 0.00000000 0.00000000
vt 0.00000000 0.00000000
vt 0.00000000 0.00000000
vt 0.00000000 0.00000000
vt 0.00000000 0.00000000
vt 0.00000000 0.00000000
vt 0.00000000 0.00000000
vt 0.00000000 0.00000000
vt 0.00000000 0.00000000
vt 0.00000000 0.00000000
vt 0.00000000 0.00000000
vt 0.00000000 0.00000000
vt 0.00000000 0.00000000
vt 0.00000000 0.00000000
vt 0.00000000 0.00000000
vt 0.00000000 0.00000000
vt 0.00000000 0.00000000
vt 0.00000000 0.00000000
vt 0.00000000 0.00000000
vt 0.00000000 0.00000000
vt 0.00000000 0.00000000
vt 0.00000000 0.00000000
vt 0.00000000 0.00000000
vt 0.00000000 0.00000000
vt 0.00000000 0.00000000
vt 0.00000000 0.00000000
vt 0.00000000 0.00000000
vt 0.00000000 0.00000000
vt 0.00000000 0.00000000
vt 0.00000000 0.00000000
vt 0.00000000 0.00000000
vt 0.00000000 0.00000000
vt 0.00000000 0.00000000
vt 0.00000000 0.00000000
vt 0.00000000 0.00000000
vt 0.00000000 0.00000000
vt 0.00000000 0.00000000
vt 0.00000000 0.00000000
vt 0.00000000 0.00000000
vt 0.00000000 0.00000000
vt 0.00000000 0.00000000
vt 0.00000000 0.00000000
vt 0.00000000 0.00000000
vt 0.00000000 0.00000000
vt 0.00000000 0.00000000
vt 0.00000000 0.00000000
vt 0.00000000 0.00000000
vt 0.00000000 0.00000000
vt 0.00000000 0.00000000
vt 0.00000000 0.00000000
vt 0.00000000 0.00000000
vt 0.00000000 0.00000000
vt 0.00000000 0.00000000
vt 0.00000000 0.00000000
vt 0.00000000 0.00000000
vt 0.00000000 0.00000000
vt 0.00000000 0.00000000
vt 0.00000000 0.00000000
vt 0.00000000 0.00000000
vt 0.00000000 0.00000000
vt 0.00000000 0.00000000
vt 0.00000000 0.00000000
vt 0.00000000 0.00000000
vt 0.00000000 0.00000000
vt 0.00000000 0.00000000
vt 0.00000000 0.00000000
vt 0.00000000 0.00000000
vt 0.00000000 0.00000000
vt 0.00000000 0.00000000
vt 0.00000000 0.00000000
vt 0.00000000 0.00000000
vt 0.00000000 0.00000000
vt 0.00000000 0.00000000
vt 0.00000000 0.00000000
vt 0.00000000 0.00000000
vt 0.00000000 0.00000000
vt 0.00000000 0.00000000
vt 0.00000000 0.00000000
vt 0.00000000 0.00000000
vt 0.00000000 0.00000000
vt 0.00000000 0.00000000
vt 0.00000000 0.00000000
vt 0.00000000 0.00000000
vt 0.00000000 0.00000000
vt 0.00000000 0.00000000
vt 0.00000000 0.00000000
vt 0.00000000 0.00000000
vt 0.00000000 0.00000000
vt 0.00000000 0.00000000
vt 0.00000000 0.00000000
vt 0.00000000 0.00000000
vt 0.00000000 0.00000000
vt 0.00000000 0.00000000
vt 0.00000000 0.00000000
vt 0.00000000 0.00000000
vt 0.00000000 0.00000000
vt 0.00000000 0.00000000
vt 0.00000000 0.00000000
vt 0.00000000 0.00000000
vt 0.00000000 0.00000000
vt 0.00000000 0.00000000
vt 0.00000000 0.00000000
vt 0.00000000 0.00000000
vt 0.00000000 0.00000000
vt 0.00000000 0.00000000
vt 0.00000000 0.00000000
vt 0.00000000 0.00000000
vt 0.00000000 0.00000000
vt 0.00000000 0.00000000
vt 0.00000000 0.00000000
vt 0.00000000 0.00000000
vt 0.00000000 0.00000000
vt 0.00000000 0.00000000
vt 0.00000000 0.00000000
vt 0.00000000 0.00000000
vt 0.00000000 0.00000000
vt 0.00000000 0.00000000
vt 0.00000000 0.00000000
vt 0.00000000 0.00000000
vt 0.00000000 0.00000000
vt 0.00000000 0.00000000
vt 0.00000000 0.00000000
vt 0.00000000 0.00000000
vt 0.00000000 0.00000000
vt 0.00000000 0.00000000
vt 0.00000000 0.00000000
vt 0.00000000 0.00000000
vt 0.00000000 0.00000000
vt 0.00000000 0.00000000
vt 0.00000000 0.00000000
vt 0.00000000 0.00000000
vt 0.00000000 0.00000000
vt 0.00000000 0.00000000
vt 0.00000000 0.00000000
vt 0.00000000 0.00000000
vt 0.00000000 0.00000000
vt 0.00000000 0.00000000
vt 0.00000000 0.00000000
vt 0.00000000 0.00000000
vt 0.00000000 0.00000000
vt 0.00000000 0.00000000
vt 0.00000000 0.00000000
vt 0.00000000 0.00000000
vt 0.00000000 0.00000000
vt 0.00000000 0.00000000
vt 0.00000000 0.00000000
vt 0.00000000 0.00000000
vt 0.00000000 0.00000000
vt 0.00000000 0.00000000
vt 0.00000000 0.00000000
vt 0.00000000 0.00000000
vt 0.00000000 0.00000000
vt 0.00000000 0.00000000
vt 0.00000000 0.00000000
vt 0.00000000 0.00000000
vt 0.00000000 0.00000000
vt 0.00000000 0.00000000
vt 0.00000000 0.00000000
vt 0.00000000 0.00000000
vt 0.00000000 0.00000000
vt 0.00000000 0.00000000
vt 0.00000000 0.00000000
vt 0.00000000 0.00000000
vt 0.00000000 0.00000000
vt 0.00000000 0.00000000
vt 0.00000000 0.00000000
vt 0.00000000 0.00000000
vt 0.00000000 0.00000000
vt 0.00000000 0.00000000
vt 0.00000000 0.00000000
vt 0.00000000 0.00000000
vt 0.00000000 0.00000000
vt 0.00000000 0.00000000
vt 0.00000000 0.00000000
vt 0.00000000 0.00000000
vt 0.00000000 0.00000000
vt 0.00000000 0.00000000
vt 0.00000000 0.00000000
vt 0.00000000 0.00000000
vt 0.00000000 0.00000000
vt 0.00000000 0.00000000
vt 0.00000000 0.00000000
vt 0.00000000 0.00000000
vt 0.00000000 0.00000000
vt 0.00000000 0.00000000
vt 0.00000000 0.00000000
vt 0.00000000 0.00000000
vt 0.00000000 0.00000000
vt 0.00000000 0.00000000
vt 0.00000000 0.00000000
vt 0.00000000 0.00000000
vt 0.00000000 0.00000000
vt 0.00000000 0.00000000
vt 0.00000000 0.00000000
vt 0.00000000 0.00000000
vt 0.00000000 0.00000000
vt 0.00000000 0.00000000
vt 0.00000000 0.00000000
vt 0.00000000 0.00000000
vt 0.00000000 0.00000000
vt 0.00000000 0.00000000
vt 0.00000000 0.00000000
vt 0.00000000 0.00000000
vt 0.00000000 0.00000000
vt 0.00000000 0.00000000
vt 0.00000000 0.00000000
vt 0.00000000 0.00000000
vt 0.00000000 0.00000000
vt 0.00000000 0.00000000
vt 0.00000000 0.00000000
vt 0.00000000 0.00000000
vt 0.00000000 0.00000000
vt 0.00000000 0.00000000
vt 0.00000000 0.00000000
vt 0.00000000 0.00000000
vt 0.00000000 0.00000000
vt 0.00000000 0.00000000
vt 0.00000000 0.00000000
vt 0.00000000 0.00000000
vt 0.00000000 0.00000000
vt 0.00000000 0.00000000
vt 0.00000000 0.00000000
vt 0.00000000 0.00000000
vt 0.00000000 0.00000000
vt 0.00000000 0.00000000
vt 0.00000000 0.00000000
vt 0.00000000 0.00000000
vt 0.00000000 0.00000000
vt 0.00000000 0.00000000
vt 0.00000000 0.00000000
vt 0.00000000 0.00000000
vt 0.00000000 0.00000000
vt 0.00000000 0.00000000
vt 0.00000000 0.00000000
vt 0.00000000 0.00000000
vt 0.00000000 0.00000000
vt 0.00000000 0.00000000
vt 0.00000000 0.00000000
vt 0.00000000 0.00000000
vt 0.00000000 0.00000000
vt 0.00000000 0.00000000
vt 0.00000000 0.00000000
vt 0.00000000 0.00000000
vt 0.00000000 0.00000000
vt 0.00000000 0.00000000
vt 0.00000000 0.00000000
vt 0.00000000 0.00000000
vt 0.00000000 0.00000000
vt 0.00000000 0.00000000
vt 0.00000000 0.00000000
vt 0.00000000 0.00000000
vt 0.00000000 0.00000000
vt 0.00000000 0.00000000
vt 0.00000000 0.00000000
vt 0.00000000 0.00000000
vt 0.00000000 0.00000000
vt 0.00000000 0.00000000
vt 0.00000000 0.00000000
vt 0.00000000 0.00000000
vt 0.00000000 0.00000000
vt 0.00000000 0.00000000
vt 0.00000000 0.00000000
vt 0.00000000 0.00000000
vt 0.00000000 0.00000000
vt 0.00000000 0.00000000
vt 0.00000000 0.00000000
vt 0.00000000 0.00000000
vt 0.00000000 0.00000000
vt 0.00000000 0.00000000
vt 0.00000000 0.00000000
vt 0.00000000 0.00000000
vt 0.00000000 0.00000000
vt 0.00000000 0.00000000
vt 0.00000000 0.00000000
vt 0.00000000 0.00000000
vt 0.00000000 0.00000000
vt 0.00000000 0.00000000
vt 0.00000000 0.00000000
vt 0.00000000 0.00000000
vt 0.00000000 0.00000000
vt 0.00000000 0.00000000
vt 0.00000000 0.00000000
vt 0.00000000 0.00000000
vt 0.00000000 0.00000000
vt 0.00000000 0.00000000
vt 0.00000000 0.00000000
vt 0.00000000 0.00000000
vt 0.00000000 0.00000000
vt 0.00000000 0.00000000
vt 0.00000000 0.00000000
vt 0.00000000 0.00000000
vt 0.00000000 0.00000000
vt 0.00000000 0.00000000
vt 0.00000000 0.00000000
vt 0.00000000 0.00000000
vt 0.00000000 0.00000000
vt 0.00000000 0.00000000
vt 0.00000000 0.00000000
vt 0.00000000 0.00000000
vt 0.00000000 0.00000000
vt 0.00000000 0.00000000
vt 0.00000000 0.00000000
vt 0.00000000 0.00000000
vt 0.00000000 0.00000000
vt 0.00000000 0.00000000
vt 0.00000000 0.00000000
vt 0.00000000 0.00000000
vt 0.00000000 0.00000000
vt 0.00000000 0.00000000
vt 0.00000000 0.00000000
vt 0.00000000 0.00000000
vt 0.00000000 0.00000000
vt 0.00000000 0.00000000
vt 0.00000000 0.00000000
vt 0.00000000 0.00000000
vt 0.00000000 0.00000000
vt 0.00000000 0.00000000
vt 0.00000000 0.00000000
vt 0.00000000 0.00000000
vt 0.00000000 0.00000000
vt 0.00000000 0.00000000
vt 0.00000000 0.00000000
vt 0.00000000 0.00000000
vt 0.00000000 0.00000000
vt 0.00000000 0.00000000
vt 0.00000000 0.00000000
vt 0.00000000 0.00000000
vt 0.00000000 0.00000000
vt 0.00000000 0.00000000
vt 0.00000000 0.00000000
vt 0.00000000 0.00000000
vt 0.00000000 0.00000000
vt 0.00000000 0.00000000
vt 0.00000000 0.00000000
vt 0.00000000 0.00000000
vt 0.00000000 0.00000000
vt 0.00000000 0.00000000
vt 0.00000000 0.00000000
vt 0.00000000 0.00000000
vt 0.00000000 0.00000000
vt 0.00000000 0.00000000
vt 0.00000000 0.00000000
vt 0.00000000 0.00000000
vt 0.00000000 0.00000000
vt 0.00000000 0.00000000
vt 0.00000000 0.00000000
vt 0.00000000 0.00000000
vt 0.00000000 0.00000000
vt 0.00000000 0.00000000
vt 0.00000000 0.00000000
vt 0.00000000 0.00000000
vt 0.00000000 0.00000000
vt 0.00000000 0.00000000
vt 0.00000000 0.00000000
vt 0.00000000 0.00000000
vt 0.00000000 0.00000000
vt 0.00000000 0.00000000
vt 0.00000000 0.00000000
vt 0.00000000 0.00000000
vt 0.00000000 0.00000000
vt 0.00000000 0.00000000
vt 0.00000000 0.00000000
vt 0.00000000 0.00000000
vt 0.00000000 0.00000000
vt 0.00000000 0.00000000
vt 0.00000000 0.00000000
vt 0.00000000 0.00000000
vt 0.00000000 0.00000000
vt 0.00000000 0.00000000
vt 0.00000000 0.00000000
vt 0.00000000 0.00000000
vt 0.00000000 0.00000000
vt 0.00000000 0.00000000
vt 0.00000000 0.00000000
vt 0.00000000 0.00000000
vt 0.00000000 0.00000000
vt 0.00000000 0.00000000
vt 0.00000000 0.00000000
vt 0.00000000 0.00000000
vt 0.00000000 0.00000000
vt 0.00000000 0.00000000
vt 0.00000000 0.00000000
vt 0.00000000 0.00000000
vt 0.00000000 0.00000000
vt 0.00000000 0.00000000
vt 0.00000000 0.00000000
vt 0.00000000 0.00000000
vt 0.00000000 0.00000000
vt 0.00000000 0.00000000
vt 0.00000000 0.00000000
vt 0.00000000 0.00000000
vt 0.00000000 0.00000000
vt 0.00000000 0.00000000
vt 0.00000000 0.00000000
vt 0.00000000 0.00000000
vt 0.00000000 0.00000000
vt 0.00000000 0.00000000
vt 0.00000000 0.00000000
vt 0.00000000 0.00000000
vt 0.00000000 0.00000000
vt 0.00000000 0.00000000
vt 0.00000000 0.00000000
vt 0.00000000 0.00000000
vt 0.00000000 0.00000000
vt 0.00000000 0.00000000
vt 0.00000000 0.00000000
vt 0.00000000 0.00000000
vt 0.00000000 0.00000000
vt 0.00000000 0.00000000
vt 0.00000000 0.00000000
vt 0.00000000 0.00000000
vt 0.00000000 0.00000000
vt 0.00000000 0.00000000
vt 0.00000000 0.00000000
vt 0.00000000 0.00000000
vt 0.00000000 0.00000000
vt 0.00000000 0.00000000
vt 0.00000000 0.00000000
vt 0.00000000 0.00000000
vt 0.00000000 0.00000000
vt 0.00000000 0.00000000
vt 0.00000000 0.00000000
vt 0.00000000 0.00000000
vt 0.00000000 0.00000000
vt 0.00000000 0.00000000
vt 0.00000000 0.00000000
vt 0.00000000 0.00000000
vt 0.00000000 0.00000000
vt 0.00000000 0.00000000
vt 0.00000000 0.00000000
vt 0.00000000 0.00000000
vt 0.00000000 0.00000000
vt 0.00000000 0.00000000
vt 0.00000000 0.00000000
vt 0.00000000 0.00000000
vt 0.00000000 0.00000000
vt 0.00000000 0.00000000
vt 0.00000000 0.00000000
vt 0.00000000 0.00000000
vt 0.00000000 0.00000000
vt 0.00000000 0.00000000
vt 0.00000000 0.00000000
vt 0.00000000 0.00000000
vt 0.00000000 0.00000000
vt 0.00000000 0.00000000
vt 0.00000000 0.00000000
vt 0.00000000 0.00000000
vt 0.00000000 0.00000000
vt 0.00000000 0.00000000
vt 0.00000000 0.00000000
vt 0.00000000 0.00000000
vt 0.00000000 0.00000000
vt 0.00000000 0.00000000
vt 0.00000000 0.00000000
vt 0.00000000 0.00000000
vt 0.00000000 0.00000000
vt 0.00000000 0.00000000
vt 0.00000000 0.00000000
vt 0.00000000 0.00000000
vt 0.00000000 0.00000000
vt 0.00000000 0.00000000
vt 0.00000000 0.00000000
vt 0.00000000 0.00000000
vt 0.00000000 0.00000000
vt 0.00000000 0.00000000
vt 0.00000000 0.00000000
vt 0.00000000 0.00000000
vt 0.00000000 0.00000000
vt 0.00000000 0.00000000
vt 0.00000000 0.00000000
vt 0.00000000 0.00000000
vt 0.00000000 0.00000000
vt 0.00000000 0.00000000
vt 0.00000000 0.00000000
vt 0.00000000 0.00000000
vt 0.00000000 0.00000000
vt 0.00000000 0.00000000
vt 0.00000000 0.00000000
vt 0.00000000 0.00000000
vt 0.00000000 0.00000000
vt 0.00000000 0.00000000
vt 0.00000000 0.00000000
vt 0.00000000 0.00000000
vt 0.00000000 0.00000000
vt 0.00000000 0.00000000
vt 0.00000000 0.00000000
vt 0.00000000 0.00000000
vt 0.00000000 0.00000000
vt 0.00000000 0.00000000
vt 0.00000000 0.00000000
vt 0.00000000 0.00000000
vt 0.00000000 0.00000000
vt 0.00000000 0.00000000
vt 0.00000000 0.00000000
vt 0.00000000 0.00000000
vt 0.00000000 0.00000000
vt 0.00000000 0.00000000
vt 0.00000000 0.00000000
vt 0.00000000 0.00000000
vt 0.00000000 0.00000000
vt 0.00000000 0.00000000
vt 0.00000000 0.00000000
vt 0.00000000 0.00000000
vt 0.00000000 0.00000000
vt 0.00000000 0.00000000
vt 0.00000000 0.00000000
vt 0.00000000 0.00000000
vt 0.00000000 0.00000000
vt 0.00000000 0.00000000
vt 0.00000000 0.00000000
vt 0.00000000 0.00000000
vt 0.00000000 0.00000000
vt 0.00000000 0.00000000
vt 0.00000000 0.00000000
vt 0.00000000 0.00000000
vt 0.00000000 0.00000000
vt 0.00000000 0.00000000
vt 0.00000000 0.00000000
vt 0.00000000 0.00000000
vt 0.00000000 0.00000000
vt 0.00000000 0.00000000
f 2789/2789/2789 2790/2790/2790 2790/2790/2790
f 2790/2790/2790 2791/2791/2791 2790/2790/2790
f 2791/2791/2791 2790/2790/2790 2790/2790/2790
f 2792/2792/2792 2790/2790/2790 2790/2790/2790
f 2793/2793/2793 2790/2790/2790 2790/2790/2790
f 2790/2790/2790 2794/2794/2794 2790/2790/2790
f 2794/2794/2794 2790/2790/2790 2790/2790/2790
f 2790/2790/2790 2795/2795/2795 2790/2790/2790
f 2790/2790/2790 2796/2796/2796 2790/2790/2790
f 2790/2790/2790 2797/2797/2797 2790/2790/2790
f 2797/2797/2797 2790/2790/2790 2790/2790/2790
f 2790/2790/2790 2798/2798/2798 2790/2790/2790
f 2790/2790/2790 2799/2799/2799 2790/2790/2790
f 2799/2799/2799 2790/2790/2790 2790/2790/2790
f 2800/2800/2800 2790/2790/2790 2790/2790/2790
f 2801/2801/2801 2790/2790/2790 2790/2790/2790
f 2802/2802/2802 2790/2790/2790 2790/2790/2790
f 2790/2790/2790 2803/2803/2803 2790/2790/2790
f 2803/2803/2803 2790/2790/2790 2790/2790/2790
f 2790/2790/2790 2804/2804/2804 2790/2790/2790
f 2804/2804/2804 2790/2790/2790 2790/2790/2790
f 2790/2790/2790 2805/2805/2805 2790/2790/2790
f 2790/2790/2790 2806/2806/2806 2790/2790/2790
f 2806/2806/2806 2790/2790/2790 2790/2790/2790
f 2807/2807/2807 2790/2790/2790 2790/2790/2790
f 2808/2808/2808 2790/2790/2790 2790/2790/2790
f 2790/2790/2790 2809/2809/2809 2790/2790/2790
f 2809/2809/2809 2790/2790/2790 2790/2790/2790
f 2810/2810/2810 2790/2790/2790 2790/2790/2790
f 2790/2790/2790 2811/2811/2811 2790/2790/2790
f 2790/2790/2790 2812/2812/2812 2790/2790/2790
f 2812/2812/2812 2790/2790/2790 2790/2790/2790
f 2790/2790/2790 2813/2813/2813 2790/2790/2790
f 2813/2813/2813 2790/2790/2790 2790/2790/2790
f 2814/2814/2814 2790/2790/2790 2790/2790/2790
f 2815/2815/2815 2790/2790/2790 2790/2790/2790
f 2790/2790/2790 2816/2816/2816 2790/2790/2790
f 2816/2816/2816 2790/2790/2790 2790/2790/2790
f 2817/2817/2817 2790/2790/2790 2790/2790/2790
f 2790/2790/2790 2818/2818/2818 2790/2790/2790
f 2790/2790/2790 2819/2819/2819 2790/2790/2790
f 2819/2819/2819 2790/2790/2790 2790/2790/2790
f 2790/2790/2790 2820/2820/2820 2790/2790/2790
f 2820/2820/2820 2790/2790/2790 2790/2790/2790
f 2790/2790/2790 2821/2821/2821 2790/2790/2790
f 2821/2821/2821 2790/2790/2790 2790/2790/2790
f 2790/2790/2790 2822/2822/2822 2790/2790/2790
f 2822/2822/2822 2790/2790/2790 2790/2790/2790
f 2790/2790/2790 2823/2823/2823 2790/2790/2790
f 2823/2823/2823 2790/2790/2790 2790/2790/2790
f 2790/2790/2790 2824/2824/2824 2790/2790/2790
f 2824/2824/2824 2790/2790/2790 2790/2790/2790
f 2825/2825/2825 2790/2790/2790 2790/2790/2790
f 2790/2790/2790 2826/2826/2826 2790/2790/2790
f 2826/2826/2826 2790/2790/2790 2790/2790/2790
f 2827/2827/2827 2790/2790/2790 2790/2790/2790
f 2790/2790/2790 2828/2828/2828 2790/2790/2790
f 2790/2790/2790 2829/2829/2829 2790/2790/2790
f 2829/2829/2829 2790/2790/2790 2790/2790/2790
f 2790/2790/2790 2830/2830/2830 2790/2790/2790
f 2790/2790/2790 2831/2831/2831 2790/2790/2790
f 2831/2831/2831 2790/2790/2790 2790/2790/2790
f 2832/2832/2832 2790/2790/2790 2790/2790/2790
f 2790/2790/2790 2833/2833/2833 2790/2790/2790
f 2833/2833/2833 2790/2790/2790 2790/2790/2790
f 2790/2790/2790 2834/2834/2834 2790/2790/2790
f 2790/2790/2790 2835/2835/2835 2790/2790/2790
f 2835/2835/2835 2790/2790/2790 2790/2790/2790
f 2836/2836/2836 2790/2790/2790 2790/2790/2790
f 2790/2790/2790 2837/2837/2837 2790/2790/2790
f 2837/2837/2837 2790/2790/2790 2790/2790/2790
f 2838/2838/2838 2790/2790/2790 2790/2790/2790
f 2790/2790/2790 2839/2839/2839 2790/2790/2790
f 2790/2790/2790 2840/2840/2840 2790/2790/2790
f 2840/2840/2840 2790/2790/2790 2790/2790/2790
f 2790/2790/2790 2841/2841/2841 2790/2790/2790
f 2790/2790/2790 2842/2842/2842 2790/2790/2790
f 2842/2842/2842 2790/2790/2790 2790/2790/2790
f 2790/2790/2790 2843/2843/2843 2790/2790/2790
f 2843/2843/2843 2790/2790/2790 2790/2790/2790
f 2790/2790/2790 2844/2844/2844 2790/2790/2790
f 2844/2844/2844 2790/2790/2790 2790/2790/2790
f 2790/2790/2790 2845/2845/2845 2790/2790/2790
f 2845/2845/2845 2790/2790/2790 2790/2790/2790
f 2790/2790/2790 2846/2846/2846 2790/2790/2790
f 2846/2846/2846 2790/2790/2790 2790/2790/2790
f 2790/2790/2790 2847/2847/2847 2790/2790/2790
f 2847/2847/2847 2790/2790/2790 2790/2790/2790
f 2790/2790/2790 2848/2848/2848 2790/2790/2790
f 2848/2848/2848 2790/2790/2790 2790/2790/2790
f 2790/2790/2790 2849/2849/2849 2790/2790/2790
f 2849/2849/2849 2790/2790/2790 2790/2790/2790
f 2850/2850/2850 2790/2790/2790 2790/2790/2790
f 2790/2790/2790 2851/2851/2851 2790/2790/2790
f 2790/2790/2790 2852/2852/2852 2790/2790/2790
f 2852/2852/2852 2790/2790/2790 2790/2790/2790
f 2790/2790/2790 2853/2853/2853 2790/2790/2790
f 2853/2853/2853 2790/2790/2790 2790/2790/2790
f 2854/2854/2854 2790/2790/2790 2790/2790/2790
f 2855/2855/2855 2790/2790/2790 2790/2790/2790
f 2856/2856/2856 2790/2790/2790 2790/2790/2790
f 2790/2790/2790 2857/2857/2857 2790/2790/2790
f 2857/2857/2857 2790/2790/2790 2790/2790/2790
f 2790/2790/2790 2858/2858/2858 2790/2790/2790
f 2790/2790/2790 2859/2859/2859 2790/2790/2790
f 2859/2859/2859 2790/2790/2790 2790/2790/2790
f 2790/2790/2790 2860/2860/2860 2790/2790/2790
f 2790/2790/2790 2861/2861/2861 2790/2790/2790
f 2861/2861/2861 2790/2790/2790 2790/2790/2790
f 2862/2862/2862 2790/2790/2790 2790/2790/2790
f 2863/2863/2863 2790/2790/2790 2790/2790/2790
f 2790/2790/2790 2864/2864/2864 2790/2790/2790
f 2864/2864/2864 2790/2790/2790 2790/2790/2790
f 2790/2790/2790 2865/2865/2865 2790/2790/2790
f 2865/2865/2865 2790/2790/2790 2790/2790/2790
f 2866/2866/2866 2790/2790/2790 2790/2790/2790
f 2790/2790/2790 2867/2867/2867 2790/2790/2790
f 2790/2790/2790 2868/2868/2868 2790/2790/2790
f 2868/2868/2868 2790/2790/2790 2790/2790/2790
f 2869/2869/2869 2790/2790/2790 2790/2790/2790
f 2870/2870/2870 2790/2790/2790 2790/2790/2790
f 2790/2790/2790 2871/2871/2871 2790/2790/2790
f 2871/2871/2871 2790/2790/2790 2790/2790/2790
f 2790/2790/2790 2872/2872/2872 2790/2790/2790
f 2790/2790/2790 2873/2873/2873 2790/2790/2790
f 2790/2790/2790 2874/2874/2874 2790/2790/2790
f 2874/2874/2874 2790/2790/2790 2790/2790/2790
f 2790/2790/2790 2789/2789/2789 2790/2790/2790
f 2875/2875/2875 2876/2876/2876 2877/2877/2877
f 2876/2876/2876 2878/2878/2878 2879/2879/2879
f 2879/2879/2879 2880/2880/2880 2881/2881/2881
f 2880/2880/2880 2882/2882/2882 2881/2881/2881
f 2882/2882/2882 2883/2883/2883 2884/2884/2884
f 2884/2884/2884 2885/2885/2885 2886/2886/2886
f 2885/2885/2885 2887/2887/2887 2886/2886/2886
f 2887/2887/2887 2888/2888/2888 2889/2889/2889
f 2888/2888/2888 2890/2890/2890 2889/2889/2889
f 2890/2890/2890 2891/2891/2891 2892/2892/2892
f 2891/2891/2891 2893/2893/2893 2892/2892/2892
f 2894/2894/2894 2895/2895/2895 2893/2893/2893
f 2895/2895/2895 2896/2896/2896 2897/2897/2897
f 2896/2896/2896 2898/2898/2898 2897/2897/2897
f 2898/2898/2898 2899/2899/2899 2900/2900/2900
f 2899/2899/2899 2901/2901/2901 2900/2900/2900
f 2901/2901/2901 2902/2902/2902 2903/2903/2903
f 2903/2903/2903 2904/2904/2904 2905/2905/2905
f 2904/2904/2904 2906/2906/2906 2905/2905/2905
f 2907/2907/2907 2908/2908/2908 2906/2906/2906
f 2908/2908/2908 2909/2909/2909 2910/2910/2910
f 2910/2910/2910 2911/2911/2911 2912/2912/2912
f 2912/2912/2912 2913/2913/2913 2914/2914/2914
f 2913/2913/2913 2915/2915/2915 2914/2914/2914
f 2915/2915/2915 2916/2916/2916 2917/2917/2917
f 2917/2917/2917 2918/2918/2918 2919/2919/2919
f 2918/2918/2918 2920/2920/2920 2919/2919/2919
f 2921/2921/2921 2922/2922/2922 2920/2920/2920
f 2922/2922/2922 2923/2923/2923 2924/2924/2924
f 2923/2923/2923 2925/2925/2925 2924/2924/2924
f 2926/2926/2926 2927/2927/2927 2925/2925/2925
f 2927/2927/2927 2928/2928/2928 2929/2929/2929
f 2928/2928/2928 2930/2930/2930 2929/2929/2929
f 2930/2930/2930 2931/2931/2931 2932/2932/2932
f 2931/2931/2931 2933/2933/2933 2932/2932/2932
f 2934/2934/2934 2935/2935/2935 2933/2933/2933
f 2935/2935/2935 2936/2936/2936 2937/2937/2937
f 2936/2936/2936 2938/2938/2938 2937/2937/2937
f 2938/2938/2938 2939/2939/2939 2940/2940/2940
f 2939/2939/2939 2941/2941/2941 2940/2940/2940
f 2941/2941/2941 2942/2942/2942 2943/2943/2943
f 2943/2943/2943 2944/2944/2944 2945/2945/2945
f 2945/2945/2945 2946/2946/2946 2947/2947/2947
f 2946/2946/2946 2948/2948/2948 2947/2947/2947
f 2948/2948/2948 2949/2949/2949 2950/2950/2950
f 2949/2949/2949 2951/2951/2951 2950/2950/2950
f 2952/2952/2952 2953/2953/2953 2951/2951/2951
f 2953/2953/2953 2954/2954/2954 2955/2955/2955
f 2954/2954/2954 2956/2956/2956 2955/2955/2955
f 2956/2956/2956 2957/2957/2957 2958/2958/2958
f 2957/2957/2957 2959/2959/2959 2958/2958/2958
f 2960/2960/2960 2961/2961/2961 2959/2959/2959
f 2961/2961/2961 2962/2962/2962 2963/2963/2963
f 2962/2962/2962 2964/2964/2964 2963/2963/2963
f 2965/2965/2965 2966/2966/2966 2964/2964/2964
f 2966/2966/2966 2967/2967/2967 2968/2968/2968
f 2967/2967/2967 2969/2969/2969 2968/2968/2968
f 2970/2970/2970 2971/2971/2971 2969/2969/2969
f 2971/2971/2971 2972/2972/2972 2973/2973/2973
f 2972/2972/2972 2974/2974/2974 2973/2973/2973
f 2974/2974/2974 2975/2975/2975 2976/2976/2976
f 2975/2975/2975 2977/2977/2977 2976/2976/2976
f 2977/2977/2977 2978/2978/2978 2979/2979/2979
f 2979/2979/2979 2980/2980/2980 2981/2981/2981
f 2980/2980/2980 2982/2982/2982 2981/2981/2981
f 2983/2983/2983 2984/2984/2984 2982/2982/2982
f 2984/2984/2984 2985/2985/2985 2986/2986/2986
f 2985/2985/2985 2987/2987/2987 2986/2986/2986
f 2987/2987/2987 2988/2988/2988 2989/2989/2989
f 2988/2988/2988 2990/2990/2990 2989/2989/2989
f 2990/2990/2990 2991/2991/2991 2992/2992/2992
f 2991/2991/2991 2993/2993/2993 2992/2992/2992
f 2993/2993/2993 2994/2994/2994 2995/2995/2995
f 2995/2995/2995 2996/2996/2996 2997/2997/2997
f 2997/2997/2997 2998/2998/2998 2999/2999/2999
f 2998/2998/2998 3000/3000/3000 2999/2999/2999
f 3000/3000/3000 3001/3001/3001 3002/3002/3002
f 3002/3002/3002 3003/3003/3003 3004/3004/3004
f 3004/3004/3004 3005/3005/3005 3006/3006/3006
f 3005/3005/3005 3007/3007/3007 3006/3006/3006
f 3008/3008/3008 3009/3009/3009 3007/3007/3007
f 3010/3010/3010 3011/3011/3011 3009/3009/3009
f 3011/3011/3011 3012/3012/3012 3013/3013/3013
f 3012/3012/3012 3014/3014/3014 3013/3013/3013
f 3014/3014/3014 3015/3015/3015 3016/3016/3016
f 3015/3015/3015 3017/3017/3017 3016/3016/3016
f 3018/3018/3018 3019/3019/3019 3017/3017/3017
f 3019/3019/3019 3020/3020/3020 3021/3021/3021
f 3020/3020/3020 3022/3022/3022 3021/3021/3021
f 3023/3023/3023 3024/3024/3024 3022/3022/3022
f 3024/3024/3024 3025/3025/3025 3026/3026/3026
f 3026/3026/3026 3027/3027/3027 3028/3028/3028
f 3027/3027/3027 3029/3029/3029 3028/3028/3028
f 3029/3029/3029 3030/3030/3030 3031/3031/3031
f 3030/3030/3030 3032/3032/3032 3031/3031/3031
f 3032/3032/3032 3030/3030/3030 3033/3033/3033
f 3030/3030/3030 3034/3034/3034 3033/3033/3033
f 3034/3034/3034 3035/3035/3035 3036/3036/3036
f 3036/3036/3036 3027/3027/3027 3037/3037/3037
f 3027/3027/3027 3038/3038/3038 3037/3037/3037
f 3038/3038/3038 3039/3039/3039 3040/3040/3040
f 3040/3040/3040 3041/3041/3041 3042/3042/3042
f 3042/3042/3042 3043/3043/3043 3044/3044/3044
f 3043/3043/3043 3045/3045/3045 3044/3044/3044
f 3045/3045/3045 3046/3046/3046 3047/3047/3047
f 3047/3047/3047 3048/3048/3048 3049/3049/3049
f 3048/3048/3048 3050/3050/3050 3049/3049/3049
f 3051/3051/3051 3052/3052/3052 3050/3050/3050
f 3052/3052/3052 3053/3053/3053 3054/3054/3054
f 3054/3054/3054 3055/3055/3055 3056/3056/3056
f 3055/3055/3055 3057/3057/3057 3056/3056/3056
f 3058/3058/3058 3059/3059/3059 3057/3057/3057
f 3059/3059/3059 3060/3060/3060 3061/3061/3061
f 3060/3060/3060 3062/3062/3062 3061/3061/3061
f 3062/3062/3062 3063/3063/3063 3064/3064/3064
f 3063/3063/3063 3065/3065/3065 3064/3064/3064
f 3066/3066/3066 3067/3067/3067 3065/3065/3065
f 3067/3067/3067 3068/3068/3068 3069/3069/3069
f 3068/3068/3068 3070/3070/3070 3069/3069/3069
f 3070/3070/3070 3071/3071/3071 3072/3072/3072
f 3071/3071/3071 3073/3073/3073 3072/3072/3072
f 3074/3074/3074 3075/3075/3075 3073/3073/3073
f 3076/3076/3076 3077/3077/3077 3075/3075/3075
f 3078/3078/3078 3079/3079/3079 3077/3077/3077
f 3079/3079/3079 3080/3080/3080 3081/3081/3081
f 3080/3080/3080 3082/3082/3082 3081/3081/3081
f 2983/2983/2983 3083/3083/3083 3082/3082/3082
f 3083/3083/3083 2875/2875/2875 2877/2877/2877
f 3084/3084/3084 3085/3085/3085 3086/3086/3086
f 3084/3084/3084 3087/3087/3087 3085/3085/3085
f 3084/3084/3084 3088/3088/3088 3087/3087/3087
f 3084/3084/3084 3089/3089/3089 3088/3088/3088
f 3084/3084/3084 3090/3090/3090 3089/3089/3089
f 3084/3084/3084 3091/3091/3091 3090/3090/3090
f 3084/3084/3084 3092/3092/3092 3091/3091/3091
f 3084/3084/3084 3093/3093/3093 3092/3092/3092
f 3084/3084/3084 3094/3094/3094 3093/3093/3093
f 3084/3084/3084 3095/3095/3095 3094/3094/3094
f 3084/3084/3084 3096/3096/3096 3095/3095/3095
f 3084/3084/3084 3097/3097/3097 3096/3096/3096
f 3084/3084/3084 3098/3098/3098 3097/3097/3097
f 3084/3084/3084 3099/3099/3099 3098/3098/3098
f 3084/3084/3084 3100/3100/3100 3099/3099/3099
f 3084/3084/3084 3101/3101/3101 3100/3100/3100
f 3084/3084/3084 3102/3102/3102 3101/3101/3101
f 3084/3084/3084 3103/3103/3103 3102/3102/3102
f 3084/3084/3084 3104/3104/3104 3103/3103/3103
f 3084/3084/3084 3105/3105/3105 3104/3104/3104
f 3084/3084/3084 3106/3106/3106 3105/3105/3105
f 3084/3084/3084 3107/3107/3107 3106/3106/3106
f 3084/3084/3084 3108/3108/3108 3107/3107/3107
f 3084/3084/3084 3109/3109/3109 3108/3108/3108
f 3084/3084/3084 3110/3110/3110 3109/3109/3109
f 3084/3084/3084 3111/3111/3111 3110/3110/3110
f 3084/3084/3084 3112/3112/3112 3111/3111/3111
f 3084/3084/3084 3113/3113/3113 3112/3112/3112
f 3084/3084/3084 3114/3114/3114 3113/3113/3113
f 3084/3084/3084 3115/3115/3115 3114/3114/3114
f 3084/3084/3084 3116/3116/3116 3115/3115/3115
f 3117/3117/3117 3118/3118/3118 3118/3118/3118
f 3117/3117/3117 3119/3119/3119 3118/3118/3118
f 3117/3117/3117 3120/3120/3120 3119/3119/3119
f 3117/3117/3117 3121/3121/3121 3120/3120/3120
f 3117/3117/3117 3122/3122/3122 3121/3121/3121
f 3117/3117/3117 3123/3123/3123 3122/3122/3122
f 3117/3117/3117 3124/3124/3124 3123/3123/3123
f 3117/3117/3117 3125/3125/3125 3124/3124/3124
f 3117/3117/3117 3126/3126/3126 3125/3125/3125
f 3117/3117/3117 3127/3127/3127 3126/3126/3126
f 3117/3117/3117 3128/3128/3128 3127/3127/3127
f 3117/3117/3117 3129/3129/3129 3128/3128/3128
f 3117/3117/3117 3130/3130/3130 3129/3129/3129
f 3117/3117/3117 3131/3131/3131 3130/3130/3130
f 3117/3117/3117 3132/3132/3132 3131/3131/3131
f 3117/3117/3117 3133/3133/3133 3132/3132/3132
f 3117/3117/3117 3134/3134/3134 3133/3133/3133
f 3117/3117/3117 3135/3135/3135 3134/3134/3134
f 3117/3117/3117 3136/3136/3136 3135/3135/3135
f 3117/3117/3117 3137/3137/3137 3136/3136/3136
f 3117/3117/3117 3138/3138/3138 3137/3137/3137
f 3117/3117/3117 3139/3139/3139 3138/3138/3138
f 3117/3117/3117 3140/3140/3140 3139/3139/3139
f 3117/3117/3117 3141/3141/3141 3140/3140/3140
f 3117/3117/3117 3142/3142/3142 3141/3141/3141
f 3117/3117/3117 3143/3143/3143 3142/3142/3142
f 3117/3117/3117 3144/3144/3144 3143/3143/3143
f 3117/3117/3117 3145/3145/3145 3144/3144/3144
f 3117/3117/3117 3146/3146/3146 3145/3145/3145
f 3117/3117/3117 3147/3147/3147 3146/3146/3146
f 3117/3117/3117 3148/3148/3148 3147/3147/3147
f 3117/3117/3117 3149/3149/3149 3148/3148/3148
f 3117/3117/3117 3150/3150/3150 3149/3149/3149
f 3117/3117/3117 3151/3151/3151 3150/3150/3150
f 3117/3117/3117 3152/3152/3152 3151/3151/3151
f 3117/3117/3117 3153/3153/3153 3152/3152/3152
f 3117/3117/3117 3154/3154/3154 3153/3153/3153
f 3117/3117/3117 3155/3155/3155 3154/3154/3154
f 3117/3117/3117 3156/3156/3156 3155/3155/3155
f 3117/3117/3117 3157/3157/3157 3156/3156/3156
f 3117/3117/3117 3158/3158/3158 3157/3157/3157
f 3117/3117/3117 3159/3159/3159 3158/3158/3158
f 3117/3117/3117 3160/3160/3160 3159/3159/3159
f 3117/3117/3117 3161/3161/3161 3160/3160/3160
f 3117/3117/3117 3162/3162/3162 3161/3161/3161
f 3117/3117/3117 3163/3163/3163 3162/3162/3162
f 3117/3117/3117 3164/3164/3164 3163/3163/3163
f 3117/3117/3117 3165/3165/3165 3164/3164/3164
f 3117/3117/3117 3166/3166/3166 3165/3165/3165
f 3117/3117/3117 3167/3167/3167 3166/3166/3166
f 3117/3117/3117 3168/3168/3168 3167/3167/3167
f 3117/3117/3117 3169/3169/3169 3168/3168/3168
f 3117/3117/3117 3170/3170/3170 3169/3169/3169
f 3117/3117/3117 3171/3171/3171 3170/3170/3170
f 3117/3117/3117 3172/3172/3172 3171/3171/3171
f 3117/3117/3117 3173/3173/3173 3172/3172/3172
f 3117/3117/3117 3174/3174/3174 3173/3173/3173
f 3117/3117/3117 3175/3175/3175 3174/3174/3174
f 3117/3117/3117 3176/3176/3176 3175/3175/3175
f 3117/3117/3117 3177/3177/3177 3176/3176/3176
f 3117/3117/3117 3178/3178/3178 3177/3177/3177
f 3117/3117/3117 3179/3179/3179 3178/3178/3178
f 3117/3117/3117 3180/3180/3180 3179/3179/3179
f 3117/3117/3117 3180/3180/3180 3180/3180/3180
f 3084/3084/3084 3181/3181/3181 3181/3181/3181
f 3084/3084/3084 3181/3181/3181 3181/3181/3181
f 3084/3084/3084 3182/3182/3182 3181/3181/3181
f 3084/3084/3084 3183/3183/3183 3182/3182/3182
f 3084/3084/3084 3184/3184/3184 3183/3183/3183
f 3084/3084/3084 3185/3185/3185 3184/3184/3184
f 3084/3084/3084 3186/3186/3186 3185/3185/3185
f 3084/3084/3084 3187/3187/3187 3186/3186/3186
f 3084/3084/3084 3188/3188/3188 3187/3187/3187
f 3084/3084/3084 3189/3189/3189 3188/3188/3188
f 3084/3084/3084 3190/3190/3190 3189/3189/3189
f 3084/3084/3084 3191/3191/3191 3190/3190/3190
f 3084/3084/3084 3192/3192/3192 3191/3191/3191
f 3084/3084/3084 3193/3193/3193 3192/3192/3192
f 3084/3084/3084 3194/3194/3194 3193/3193/3193
f 3084/3084/3084 3195/3195/3195 3194/3194/3194
f 3084/3084/3084 3196/3196/3196 3195/3195/3195
f 3084/3084/3084 3197/3197/3197 3196/3196/3196
f 3084/3084/3084 3198/3198/3198 3197/3197/3197
f 3084/3084/3084 3199/3199/3199 3198/3198/3198
f 3084/3084/3084 3200/3200/3200 3199/3199/3199
f 3084/3084/3084 3201/3201/3201 3200/3200/3200
f 3084/3084/3084 3202/3202/3202 3201/3201/3201
f 3084/3084/3084 3203/3203/3203 3202/3202/3202
f 3084/3084/3084 3204/3204/3204 3203/3203/3203
f 3084/3084/3084 3205/3205/3205 3204/3204/3204
f 3084/3084/3084 3206/3206/3206 3205/3205/3205
f 3084/3084/3084 3207/3207/3207 3206/3206/3206
f 3084/3084/3084 3208/3208/3208 3207/3207/3207
f 3084/3084/3084 3209/3209/3209 3208/3208/3208
f 3084/3084/3084 3210/3210/3210 3209/3209/3209
f 3084/3084/3084 3211/3211/3211 3210/3210/3210
f 3084/3084/3084 3086/3086/3086 3211/3211/3211
f 3212/3212/3212 3213/3213/3213 3214/3214/3214
f 3215/3215/3215 3216/3216/3216 3217/3217/3217
f 3218/3218/3218 3219/3219/3219 3220/3220/3220
f 3221/3221/3221 3222/3222/3222 3223/3223/3223
f 3224/3224/3224 3225/3225/3225 3226/3226/3226
f 3227/3227/3227 3228/3228/3228 3229/3229/3229
f 3230/3230/3230 3231/3231/3231 3232/3232/3232
f 3233/3233/3233 3234/3234/3234 3235/3235/3235
f 3236/3236/3236 3237/3237/3237 3238/3238/3238
f 3239/3239/3239 3240/3240/3240 3241/3241/3241
f 3242/3242/3242 3243/3243/3243 3244/3244/3244
f 3245/3245/3245 3246/3246/3246 3247/3247/3247
f 3248/3248/3248 3249/3249/3249 3250/3250/3250
f 3251/3251/3251 3252/3252/3252 3253/3253/3253
f 3254/3254/3254 3255/3255/3255 3256/3256/3256
f 3257/3257/3257 3258/3258/3258 3259/3259/3259
f 3260/3260/3260 3261/3261/3261 3262/3262/3262
f 3263/3263/3263 3264/3264/3264 3265/3265/3265
f 3266/3266/3266 3267/3267/3267 3268/3268/3268
f 3269/3269/3269 3270/3270/3270 3271/3271/3271
f 3272/3272/3272 3273/3273/3273 3274/3274/3274
f 3275/3275/3275 3276/3276/3276 3277/3277/3277
f 3278/3278/3278 3279/3279/3279 3280/3280/3280
f 3281/3281/3281 3282/3282/3282 3283/3283/3283
f 3284/3284/3284 3285/3285/3285 3286/3286/3286
f 3287/3287/3287 3288/3288/3288 3289/3289/3289
f 3290/3290/3290 3291/3291/3291 3292/3292/3292
f 3293/3293/3293 3294/3294/3294 3295/3295/3295
f 3296/3296/3296 3297/3297/3297 3298/3298/3298
f 3299/3299/3299 3300/3300/3300 3301/3301/3301
f 3302/3302/3302 3303/3303/3303 3304/3304/3304
f 3305/3305/3305 3306/3306/3306 3307/3307/3307
f 3308/3308/3308 3309/3309/3309 3310/3310/3310
f 3311/3311/3311 3312/3312/3312 3313/3313/3313
f 3314/3314/3314 3315/3315/3315 3316/3316/3316
f 3317/3317/3317 3318/3318/3318 3319/3319/3319
f 3320/3320/3320 3321/3321/3321 3322/3322/3322
f 3323/3323/3323 3324/3324/3324 3325/3325/3325
f 3326/3326/3326 3327/3327/3327 3328/3328/3328
f 3329/3329/3329 3330/3330/3330 3331/3331/3331
f 3332/3332/3332 3333/3333/3333 3334/3334/3334
f 3335/3335/3335 3336/3336/3336 3337/3337/3337
f 3338/3338/3338 3339/3339/3339 3340/3340/3340
f 3341/3341/3341 3342/3342/3342 3343/3343/3343
f 3344/3344/3344 3345/3345/3345 3346/3346/3346
f 3347/3347/3347 3348/3348/3348 3349/3349/3349
f 3350/3350/3350 3351/3351/3351 3352/3352/3352
f 3353/3353/3353 3354/3354/3354 3355/3355/3355
f 3356/3356/3356 3357/3357/3357 3358/3358/3358
f 3359/3359/3359 3360/3360/3360 3361/3361/3361
f 3362/3362/3362 3363/3363/3363 3364/3364/3364
f 3365/3365/3365 3366/3366/3366 3367/3367/3367
f 3368/3368/3368 3369/3369/3369 3370/3370/3370
f 3371/3371/3371 3372/3372/3372 3373/3373/3373
f 3374/3374/3374 3375/3375/3375 3376/3376/3376
f 3377/3377/3377 3378/3378/3378 3379/3379/3379
f 3380/3380/3380 3381/3381/3381 3382/3382/3382
f 3383/3383/3383 3384/3384/3384 3385/3385/3385
f 3386/3386/3386 3387/3387/3387 3388/3388/3388
f 3389/3389/3389 3390/3390/3390 3391/3391/3391
f 3392/3392/3392 3393/3393/3393 3394/3394/3394
f 3395/3395/3395 3396/3396/3396 3397/3397/3397
f 3398/3398/3398 3399/3399/3399 3400/3400/3400
f 3401/3401/3401 3402/3402/3402 3403/3403/3403
f 3404/3404/3404 3405/3405/3405 3406/3406/3406
f 3407/3407/3407 3408/3408/3408 3409/3409/3409
f 3410/3410/3410 3411/3411/3411 3412/3412/3412
f 3413/3413/3413 3414/3414/3414 3415/3415/3415
f 3416/3416/3416 3417/3417/3417 3418/3418/3418
f 3419/3419/3419 3420/3420/3420 3421/3421/3421
f 3422/3422/3422 3423/3423/3423 3424/3424/3424
f 3425/3425/3425 3426/3426/3426 3427/3427/3427
f 3428/3428/3428 3429/3429/3429 3430/3430/3430
f 3431/3431/3431 3432/3432/3432 3433/3433/3433
f 3434/3434/3434 3435/3435/3435 3436/3436/3436
f 3437/3437/3437 3438/3438/3438 3439/3439/3439
f 3440/3440/3440 3441/3441/3441 3442/3442/3442
f 3443/3443/3443 3444/3444/3444 3445/3445/3445
f 3446/3446/3446 3447/3447/3447 3448/3448/3448
f 3449/3449/3449 3450/3450/3450 3451/3451/3451
f 3452/3452/3452 3453/3453/3453 3454/3454/3454
f 3455/3455/3455 3456/3456/3456 3457/3457/3457
f 3458/3458/3458 3459/3459/3459 3460/3460/3460
f 3461/3461/3461 3462/3462/3462 3463/3463/3463
f 3464/3464/3464 3465/3465/3465 3466/3466/3466
f 3467/3467/3467 3468/3468/3468 3469/3469/3469
f 3470/3470/3470 3471/3471/3471 3472/3472/3472
f 3473/3473/3473 3474/3474/3474 3475/3475/3475
f 3476/3476/3476 3477/3477/3477 3478/3478/3478
f 3479/3479/3479 3480/3480/3480 3481/3481/3481
f 3482/3482/3482 3483/3483/3483 3484/3484/3484
f 3485/3485/3485 3486/3486/3486 3487/3487/3487
f 3488/3488/3488 3489/3489/3489 3490/3490/3490
f 3491/3491/3491 3492/3492/3492 3493/3493/3493
f 3494/3494/3494 3495/3495/3495 3496/3496/3496
f 3497/3497/3497 3498/3498/3498 3499/3499/3499
f 3500/3500/3500 3501/3501/3501 3502/3502/3502
f 3503/3503/3503 3504/3504/3504 3505/3505/3505
f 3506/3506/3506 3507/3507/3507 3508/3508/3508
f 3509/3509/3509 3510/3510/3510 3511/3511/3511
f 3512/3512/3512 3513/3513/3513 3514/3514/3514
f 3515/3515/3515 3516/3516/3516 3517/3517/3517
f 3518/3518/3518 3519/3519/3519 3520/3520/3520
f 3521/3521/3521 3522/3522/3522 3523/3523/3523
f 3524/3524/3524 3525/3525/3525 3526/3526/3526
f 3527/3527/3527 3528/3528/3528 3529/3529/3529
f 3530/3530/3530 3531/3531/3531 3532/3532/3532
f 3533/3533/3533 3534/3534/3534 3535/3535/3535
f 3536/3536/3536 3537/3537/3537 3538/3538/3538
f 3539/3539/3539 3540/3540/3540 3541/3541/3541
f 3542/3542/3542 3543/3543/3543 3544/3544/3544
f 3545/3545/3545 3546/3546/3546 3547/3547/3547
f 3548/3548/3548 3549/3549/3549 3550/3550/3550
f 3551/3551/3551 3552/3552/3552 3553/3553/3553
f 3554/3554/3554 3555/3555/3555 3556/3556/3556
f 3557/3557/3557 3558/3558/3558 3559/3559/3559
f 3560/3560/3560 3561/3561/3561 3562/3562/3562
f 3563/3563/3563 3564/3564/3564 3565/3565/3565
f 3566/3566/3566 3567/3567/3567 3568/3568/3568
f 3569/3569/3569 3570/3570/3570 3571/3571/3571
f 3572/3572/3572 3573/3573/3573 3574/3574/3574
f 3575/3575/3575 3576/3576/3576 3577/3577/3577
f 3578/3578/3578 3579/3579/3579 3580/3580/3580
f 3581/3581/3581 3582/3582/3582 3583/3583/3583
f 3584/3584/3584 3585/3585/3585 3586/3586/3586
f 3587/3587/3587 3588/3588/3588 3589/3589/3589
f 3590/3590/3590 3591/3591/3591 3592/3592/3592
f 3593/3593/3593 3594/3594/3594 3595/3595/3595
f 2789/2789/2789 3596/3596/3596 2790/2790/2790
f 2790/2790/2790 3596/3596/3596 2791/2791/2791
f 2791/2791/2791 2792/2792/2792 2790/2790/2790
f 2792/2792/2792 2793/2793/2793 2790/2790/2790
f 2793/2793/2793 3597/3597/3597 2790/2790/2790
f 2790/2790/2790 3597/3597/3597 2794/2794/2794
f 2794/2794/2794 3598/3598/3598 2790/2790/2790
f 2790/2790/2790 3598/3598/3598 2795/2795/2795
f 2790/2790/2790 2795/2795/2795 2796/2796/2796
f 2790/2790/2790 2796/2796/2796 2797/2797/2797
f 2797/2797/2797 3599/3599/3599 2790/2790/2790
f 2790/2790/2790 3599/3599/3599 2798/2798/2798
f 2790/2790/2790 2798/2798/2798 2799/2799/2799
f 2799/2799/2799 2800/2800/2800 2790/2790/2790
f 2800/2800/2800 2801/2801/2801 2790/2790/2790
f 2801/2801/2801 2802/2802/2802 2790/2790/2790
f 2802/2802/2802 3600/3600/3600 2790/2790/2790
f 2790/2790/2790 3600/3600/3600 2803/2803/2803
f 2803/2803/2803 3601/3601/3601 2790/2790/2790
f 2790/2790/2790 3601/3601/3601 2804/2804/2804
f 2804/2804/2804 3602/3602/3602 2790/2790/2790
f 2790/2790/2790 3602/3602/3602 2805/2805/2805
f 2790/2790/2790 2805/2805/2805 2806/2806/2806
f 2806/2806/2806 2807/2807/2807 2790/2790/2790
f 2807/2807/2807 2808/2808/2808 2790/2790/2790
f 2808/2808/2808 3603/3603/3603 2790/2790/2790
f 2790/2790/2790 3603/3603/3603 2809/2809/2809
f 2809/2809/2809 2810/2810/2810 2790/2790/2790
f 2810/2810/2810 3604/3604/3604 2790/2790/2790
f 2790/2790/2790 3604/3604/3604 2811/2811/2811
f 2790/2790/2790 2811/2811/2811 2812/2812/2812
f 2812/2812/2812 3605/3605/3605 2790/2790/2790
f 2790/2790/2790 3605/3605/3605 2813/2813/2813
f 2813/2813/2813 2814/2814/2814 2790/2790/2790
f 2814/2814/2814 2815/2815/2815 2790/2790/2790
f 2815/2815/2815 3606/3606/3606 2790/2790/2790
f 2790/2790/2790 3606/3606/3606 2816/2816/2816
f 2816/2816/2816 2817/2817/2817 2790/2790/2790
f 2817/2817/2817 3607/3607/3607 2790/2790/2790
f 2790/2790/2790 3607/3607/3607 2818/2818/2818
f 2790/2790/2790 2818/2818/2818 2819/2819/2819
f 2819/2819/2819 3608/3608/3608 2790/2790/2790
f 2790/2790/2790 3608/3608/3608 2820/2820/2820
f 2820/2820/2820 3609/3609/3609 2790/2790/2790
f 2790/2790/2790 3609/3609/3609 2821/2821/2821
f 2821/2821/2821 3610/3610/3610 2790/2790/2790
f 2790/2790/2790 3610/3610/3610 2822/2822/2822
f 2822/2822/2822 3611/3611/3611 2790/2790/2790
f 2790/2790/2790 3611/3611/3611 2823/2823/2823
f 2823/2823/2823 3612/3612/3612 2790/2790/2790
f 2790/2790/2790 3612/3612/3612 2824/2824/2824
f 2824/2824/2824 2825/2825/2825 2790/2790/2790
f 2825/2825/2825 3613/3613/3613 2790/2790/2790
f 2790/2790/2790 3613/3613/3613 2826/2826/2826
f 2826/2826/2826 2827/2827/2827 2790/2790/2790
f 2827/2827/2827 3614/3614/3614 2790/2790/2790
f 2790/2790/2790 3614/3614/3614 2828/2828/2828
f 2790/2790/2790 2828/2828/2828 2829/2829/2829
f 2829/2829/2829 3615/3615/3615 2790/2790/2790
f 2790/2790/2790 3615/3615/3615 2830/2830/2830
f 2790/2790/2790 2830/2830/2830 2831/2831/2831
f 2831/2831/2831 2832/2832/2832 2790/2790/2790
f 2832/2832/2832 3616/3616/3616 2790/2790/2790
f 2790/2790/2790 3616/3616/3616 2833/2833/2833
f 2833/2833/2833 3617/3617/3617 2790/2790/2790
f 2790/2790/2790 3617/3617/3617 2834/2834/2834
f 2790/2790/2790 2834/2834/2834 2835/2835/2835
f 2835/2835/2835 2836/2836/2836 2790/2790/2790
f 2836/2836/2836 3618/3618/3618 2790/2790/2790
f 2790/2790/2790 3618/3618/3618 2837/2837/2837
f 2837/2837/2837 2838/2838/2838 2790/2790/2790
f 2838/2838/2838 3619/3619/3619 2790/2790/2790
f 2790/2790/2790 3619/3619/3619 2839/2839/2839
f 2790/2790/2790 2839/2839/2839 2840/2840/2840
f 2840/2840/2840 3620/3620/3620 2790/2790/2790
f 2790/2790/2790 3620/3620/3620 2841/2841/2841
f 2790/2790/2790 2841/2841/2841 2842/2842/2842
f 2842/2842/2842 3621/3621/3621 2790/2790/2790
f 2790/2790/2790 3621/3621/3621 2843/2843/2843
f 2843/2843/2843 3622/3622/3622 2790/2790/2790
f 2790/2790/2790 3622/3622/3622 2844/2844/2844
f 2844/2844/2844 3623/3623/3623 2790/2790/2790
f 2790/2790/2790 3623/3623/3623 2845/2845/2845
f 2845/2845/2845 3624/3624/3624 2790/2790/2790
f 2790/2790/2790 3624/3624/3624 2846/2846/2846
f 2846/2846/2846 3625/3625/3625 2790/2790/2790
f 2790/2790/2790 3625/3625/3625 2847/2847/2847
f 2847/2847/2847 3626/3626/3626 2790/2790/2790
f 2790/2790/2790 3626/3626/3626 2848/2848/2848
f 2848/2848/2848 3627/3627/3627 2790/2790/2790
f 2790/2790/2790 3627/3627/3627 2849/2849/2849
f 2849/2849/2849 2850/2850/2850 2790/2790/2790
f 2850/2850/2850 3628/3628/3628 2790/2790/2790
f 2790/2790/2790 3628/3628/3628 2851/2851/2851
f 2790/2790/2790 2851/2851/2851 2852/2852/2852
f 2852/2852/2852 3629/3629/3629 2790/2790/2790
f 2790/2790/2790 3629/3629/3629 2853/2853/2853
f 2853/2853/2853 2854/2854/2854 2790/2790/2790
f 2854/2854/2854 2855/2855/2855 2790/2790/2790
f 2855/2855/2855 2856/2856/2856 2790/2790/2790
f 2856/2856/2856 3630/3630/3630 2790/2790/2790
f 2790/2790/2790 3630/3630/3630 2857/2857/2857
f 2857/2857/2857 3631/3631/3631 2790/2790/2790
f 2790/2790/2790 3631/3631/3631 2858/2858/2858
f 2790/2790/2790 2858/2858/2858 2859/2859/2859
f 2859/2859/2859 3632/3632/3632 2790/2790/2790
f 2790/2790/2790 3632/3632/3632 2860/2860/2860
f 2790/2790/2790 2860/2860/2860 2861/2861/2861
f 2861/2861/2861 2862/2862/2862 2790/2790/2790
f 2862/2862/2862 2863/2863/2863 2790/2790/2790
f 2863/2863/2863 3633/3633/3633 2790/2790/2790
f 2790/2790/2790 3633/3633/3633 2864/2864/2864
f 2864/2864/2864 3634/3634/3634 2790/2790/2790
f 2790/2790/2790 3634/3634/3634 2865/2865/2865
f 2865/2865/2865 2866/2866/2866 2790/2790/2790
f 2866/2866/2866 3635/3635/3635 2790/2790/2790
f 2790/2790/2790 3635/3635/3635 2867/2867/2867
f 2790/2790/2790 2867/2867/2867 2868/2868/2868
f 2868/2868/2868 2869/2869/2869 2790/2790/2790
f 2869/2869/2869 2870/2870/2870 2790/2790/2790
f 2870/2870/2870 3636/3636/3636 2790/2790/2790
f 2790/2790/2790 3636/3636/3636 2871/2871/2871
f 2871/2871/2871 3637/3637/3637 2790/2790/2790
f 2790/2790/2790 3637/3637/3637 2872/2872/2872
f 2790/2790/2790 2872/2872/2872 2873/2873/2873
f 2790/2790/2790 2873/2873/2873 2874/2874/2874
f 2874/2874/2874 3638/3638/3638 2790/2790/2790
f 2790/2790/2790 3638/3638/3638 2789/2789/2789
f 3639/3639/3639 3640/3640/3640 3641/3641/3641
f 3641/3641/3641 3640/3640/3640 3642/3642/3642
f 3643/3643/3643 3642/3642/3642 3644/3644/3644
f 3644/3644/3644 3645/3645/3645 3646/3646/3646
f 2882/2882/2882 3647/3647/3647 2883/2883/2883
f 3648/3648/3648 3649/3649/3649 3650/3650/3650
f 3650/3650/3650 3651/3651/3651 3652/3652/3652
f 2887/2887/2887 3653/3653/3653 2888/2888/2888
f 3654/3654/3654 3655/3655/3655 3656/3656/3656
f 3656/3656/3656 3655/3655/3655 3657/3657/3657
f 3657/3657/3657 3658/3658/3658 3659/3659/3659
f 3658/3658/3658 3660/3660/3660 3661/3661/3661
f 2895/2895/2895 3662/3662/3662 2896/2896/2896
f 3663/3663/3663 3664/3664/3664 3665/3665/3665
f 2898/2898/2898 3666/3666/3666 2899/2899/2899
f 3667/3667/3667 3668/3668/3668 3669/3669/3669
f 2901/2901/2901 3670/3670/3670 2902/2902/2902
f 2903/2903/2903 2902/2902/2902 2904/2904/2904
f 3671/3671/3671 3672/3672/3672 3673/3673/3673
f 3672/3672/3672 3674/3674/3674 3675/3675/3675
f 2908/2908/2908 3676/3676/3676 2909/2909/2909
f 2910/2910/2910 2909/2909/2909 2911/2911/2911
f 2912/2912/2912 2911/2911/2911 2913/2913/2913
f 3677/3677/3677 3678/3678/3678 3679/3679/3679
f 2915/2915/2915 3680/3680/3680 2916/2916/2916
f 2917/2917/2917 2916/2916/2916 2918/2918/2918
f 3681/3681/3681 3682/3682/3682 3683/3683/3683
f 3682/3682/3682 3684/3684/3684 3685/3685/3685
f 2922/2922/2922 2934/2934/2934 2923/2923/2923
f 3686/3686/3686 3687/3687/3687 3688/3688/3688
f 3687/3687/3687 3689/3689/3689 3690/3690/3690
f 3690/3690/3690 3689/3689/3689 3689/3689/3689
f 3689/3689/3689 3687/3687/3687 3691/3691/3691
f 3691/3691/3691 3687/3687/3687 3692/3692/3692
f 3692/3692/3692 3684/3684/3684 3693/3693/3693
f 3684/3684/3684 3694/3694/3694 3695/3695/3695
f 3695/3695/3695 3694/3694/3694 3696/3696/3696
f 3696/3696/3696 3697/3697/3697 3698/3698/3698
f 3698/3698/3698 3697/3697/3697 3699/3699/3699
f 3699/3699/3699 3700/3700/3700 3701/3701/3701
f 3701/3701/3701 3700/3700/3700 3702/3702/3702
f 3703/3703/3703 3702/3702/3702 3704/3704/3704
f 3705/3705/3705 3704/3704/3704 3706/3706/3706
f 3706/3706/3706 3707/3707/3707 3708/3708/3708
f 3708/3708/3708 3707/3707/3707 3709/3709/3709
f 3709/3709/3709 3710/3710/3710 3711/3711/3711
f 3710/3710/3710 3712/3712/3712 3713/3713/3713
f 3713/3713/3713 3712/3712/3712 3714/3714/3714
f 3714/3714/3714 3715/3715/3715 3716/3716/3716
f 3716/3716/3716 3715/3715/3715 3717/3717/3717
f 3717/3717/3717 3718/3718/3718 3719/3719/3719
f 3718/3718/3718 3720/3720/3720 3721/3721/3721
f 3721/3721/3721 3720/3720/3720 3722/3722/3722
f 3722/3722/3722 3723/3723/3723 3724/3724/3724
f 3723/3723/3723 3725/3725/3725 3726/3726/3726
f 3726/3726/3726 3725/3725/3725 3727/3727/3727
f 3727/3727/3727 3728/3728/3728 3729/3729/3729
f 3728/3728/3728 3730/3730/3730 3731/3731/3731
f 3731/3731/3731 3730/3730/3730 3732/3732/3732
f 3732/3732/3732 3733/3733/3733 3734/3734/3734
f 3734/3734/3734 3733/3733/3733 3735/3735/3735
f 3735/3735/3735 3736/3736/3736 3737/3737/3737
f 3737/3737/3737 3736/3736/3736 3738/3738/3738
f 3739/3739/3739 3738/3738/3738 3740/3740/3740
f 3740/3740/3740 3741/3741/3741 3742/3742/3742
f 3741/3741/3741 3743/3743/3743 3744/3744/3744
f 3744/3744/3744 3743/3743/3743 3745/3745/3745
f 3745/3745/3745 3746/3746/3746 3747/3747/3747
f 3747/3747/3747 3746/3746/3746 3748/3748/3748
f 3748/3748/3748 3749/3749/3749 3750/3750/3750
f 3750/3750/3750 3749/3749/3749 3751/3751/3751
f 3751/3751/3751 3752/3752/3752 3753/3753/3753
f 3753/3753/3753 3752/3752/3752 3754/3754/3754
f 3755/3755/3755 3754/3754/3754 3756/3756/3756
f 3757/3757/3757 3756/3756/3756 3758/3758/3758
f 3758/3758/3758 3759/3759/3759 3760/3760/3760
f 3760/3760/3760 3759/3759/3759 3761/3761/3761
f 3762/3762/3762 3761/3761/3761 3763/3763/3763
f 3764/3764/3764 3763/3763/3763 3765/3765/3765
f 3765/3765/3765 3766/3766/3766 3767/3767/3767
f 3766/3766/3766 3768/3768/3768 3769/3769/3769
f 3768/3768/3768 3770/3770/3770 3771/3771/3771
f 3771/3771/3771 3770/3770/3770 3772/3772/3772
f 3772/3772/3772 3773/3773/3773 3774/3774/3774
f 3774/3774/3774 3773/3773/3773 3775/3775/3775
f 3775/3775/3775 3776/3776/3776 3777/3777/3777
f 3776/3776/3776 3778/3778/3778 3779/3779/3779
f 3779/3779/3779 3778/3778/3778 3780/3780/3780
f 3780/3780/3780 3781/3781/3781 3782/3782/3782
f 3781/3781/3781 3783/3783/3783 3784/3784/3784
f 3784/3784/3784 3783/3783/3783 3785/3785/3785
f 3786/3786/3786 3785/3785/3785 3787/3787/3787
f 3787/3787/3787 3788/3788/3788 3789/3789/3789
f 3789/3789/3789 3788/3788/3788 3790/3790/3790
f 3790/3790/3790 3790/3790/3790 3791/3791/3791
f 3032/3032/3032 3030/3030/3030 3030/3030/3030
f 3790/3790/3790 3790/3790/3790 3792/3792/3792
f 3034/3034/3034 3030/3030/3030 3035/3035/3035
f 3036/3036/3036 3035/3035/3035 3027/3027/3027
f 3787/3787/3787 3785/3785/3785 3793/3793/3793
f 3038/3038/3038 3025/3025/3025 3039/3039/3039
f 3040/3040/3040 3039/3039/3039 3041/3041/3041
f 3042/3042/3042 3041/3041/3041 3043/3043/3043
f 3794/3794/3794 3795/3795/3795 3796/3796/3796
f 3045/3045/3045 3797/3797/3797 3046/3046/3046
f 3047/3047/3047 3046/3046/3046 3048/3048/3048
f 3798/3798/3798 3799/3799/3799 3800/3800/3800
f 3799/3799/3799 3801/3801/3801 3802/3802/3802
f 3052/3052/3052 3803/3803/3803 3053/3053/3053
f 3054/3054/3054 3053/3053/3053 3055/3055/3055
f 3804/3804/3804 3805/3805/3805 3806/3806/3806
f 3805/3805/3805 3807/3807/3807 3808/3808/3808
f 3059/3059/3059 3809/3809/3809 3060/3060/3060
f 3810/3810/3810 3811/3811/3811 3812/3812/3812
f 3813/3813/3813 3814/3814/3814 3815/3815/3815
f 3816/3816/3816 3817/3817/3817 3818/3818/3818
f 3817/3817/3817 3819/3819/3819 3820/3820/3820
f 3820/3820/3820 3819/3819/3819 3821/3821/3821
f 3821/3821/3821 3822/3822/3822 3823/3823/3823
f 3070/3070/3070 3824/3824/3824 3071/3071/3071
f 3825/3825/3825 3826/3826/3826 3827/3827/3827
f 3826/3826/3826 3828/3828/3828 3829/3829/3829
f 3828/3828/3828 3830/3830/3830 3831/3831/3831
f 3830/3830/3830 3832/3832/3832 3833/3833/3833
f 3079/3079/3079 3834/3834/3834 3080/3080/3080
f 3835/3835/3835 3741/3741/3741 3836/3836/3836
f 3741/3741/3741 3837/3837/3837 3838/3838/3838
f 3838/3838/3838 3837/3837/3837 3639/3639/3639
f 2790/2790/2790 2790/2790/2790 3640/3640/3640
f 2790/2790/2790 2790/2790/2790 3642/3642/3642
f 2790/2790/2790 2790/2790/2790 3644/3644/3644
f 2790/2790/2790 2790/2790/2790 3645/3645/3645
f 2790/2790/2790 2790/2790/2790 3649/3649/3649
f 2790/2790/2790 2790/2790/2790 3650/3650/3650
f 2790/2790/2790 2790/2790/2790 3651/3651/3651
f 2790/2790/2790 2790/2790/2790 3654/3654/3654
f 2790/2790/2790 2790/2790/2790 3655/3655/3655
f 2790/2790/2790 2790/2790/2790 3657/3657/3657
f 2790/2790/2790 2790/2790/2790 3658/3658/3658
f 2790/2790/2790 2790/2790/2790 3660/3660/3660
f 2790/2790/2790 2790/2790/2790 3839/3839/3839
f 2790/2790/2790 2790/2790/2790 3840/3840/3840
f 2790/2790/2790 2790/2790/2790 3667/3667/3667
f 2790/2790/2790 2790/2790/2790 3668/3668/3668
f 2790/2790/2790 2790/2790/2790 3841/3841/3841
f 2790/2790/2790 2790/2790/2790 3671/3671/3671
f 2790/2790/2790 2790/2790/2790 3672/3672/3672
f 2790/2790/2790 2790/2790/2790 3674/3674/3674
f 2790/2790/2790 2790/2790/2790 3842/3842/3842
f 2790/2790/2790 2790/2790/2790 3843/3843/3843
f 2790/2790/2790 2790/2790/2790 3677/3677/3677
f 2790/2790/2790 2790/2790/2790 3678/3678/3678
f 2790/2790/2790 2790/2790/2790 3844/3844/3844
f 2790/2790/2790 2790/2790/2790 3681/3681/3681
f 2790/2790/2790 2790/2790/2790 3682/3682/3682
f 2790/2790/2790 2790/2790/2790 3684/3684/3684
f 2790/2790/2790 2790/2790/2790 3686/3686/3686
f 2790/2790/2790 2790/2790/2790 3687/3687/3687
f 2790/2790/2790 2790/2790/2790 3689/3689/3689
f 2790/2790/2790 2790/2790/2790 3689/3689/3689
f 2790/2790/2790 2790/2790/2790 3687/3687/3687
f 2790/2790/2790 2790/2790/2790 3692/3692/3692
f 2790/2790/2790 2790/2790/2790 3684/3684/3684
f 2790/2790/2790 2790/2790/2790 3694/3694/3694
f 2790/2790/2790 2790/2790/2790 3696/3696/3696
f 2790/2790/2790 2790/2790/2790 3697/3697/3697
f 2790/2790/2790 2790/2790/2790 3699/3699/3699
f 2790/2790/2790 2790/2790/2790 3700/3700/3700
f 2790/2790/2790 2790/2790/2790 3702/3702/3702
f 2790/2790/2790 2790/2790/2790 3704/3704/3704
f 2790/2790/2790 2790/2790/2790 3706/3706/3706
f 2790/2790/2790 2790/2790/2790 3707/3707/3707
f 2790/2790/2790 2790/2790/2790 3709/3709/3709
f 2790/2790/2790 2790/2790/2790 3710/3710/3710
f 2790/2790/2790 2790/2790/2790 3712/3712/3712
f 2790/2790/2790 2790/2790/2790 3714/3714/3714
f 2790/2790/2790 2790/2790/2790 3715/3715/3715
f 2790/2790/2790 2790/2790/2790 3717/3717/3717
f 2790/2790/2790 2790/2790/2790 3718/3718/3718
f 2790/2790/2790 2790/2790/2790 3720/3720/3720
f 2790/2790/2790 2790/2790/2790 3722/3722/3722
f 2790/2790/2790 2790/2790/2790 3723/3723/3723
f 2790/2790/2790 2790/2790/2790 3725/3725/3725
f 2790/2790/2790 2790/2790/2790 3727/3727/3727
f 2790/2790/2790 2790/2790/2790 3728/3728/3728
f 2790/2790/2790 2790/2790/2790 3730/3730/3730
f 2790/2790/2790 2790/2790/2790 3732/3732/3732
f 2790/2790/2790 2790/2790/2790 3733/3733/3733
f 2790/2790/2790 2790/2790/2790 3735/3735/3735
f 2790/2790/2790 2790/2790/2790 3736/3736/3736
f 2790/2790/2790 2790/2790/2790 3738/3738/3738
f 2790/2790/2790 2790/2790/2790 3740/3740/3740
f 2790/2790/2790 2790/2790/2790 3741/3741/3741
f 2790/2790/2790 2790/2790/2790 3743/3743/3743
f 2790/2790/2790 2790/2790/2790 3745/3745/3745
f 2790/2790/2790 2790/2790/2790 3746/3746/3746
f 2790/2790/2790 2790/2790/2790 3748/3748/3748
f 2790/2790/2790 2790/2790/2790 3749/3749/3749
f 2790/2790/2790 2790/2790/2790 3751/3751/3751
f 2790/2790/2790 2790/2790/2790 3752/3752/3752
f 2790/2790/2790 2790/2790/2790 3754/3754/3754
f 2790/2790/2790 2790/2790/2790 3756/3756/3756
f 2790/2790/2790 2790/2790/2790 3758/3758/3758
f 2790/2790/2790 2790/2790/2790 3759/3759/3759
f 2790/2790/2790 2790/2790/2790 3761/3761/3761
f 2790/2790/2790 2790/2790/2790 3763/3763/3763
f 2790/2790/2790 2790/2790/2790 3765/3765/3765
f 2790/2790/2790 2790/2790/2790 3766/3766/3766
f 2790/2790/2790 2790/2790/2790 3768/3768/3768
f 2790/2790/2790 2790/2790/2790 3770/3770/3770
f 2790/2790/2790 2790/2790/2790 3772/3772/3772
f 2790/2790/2790 2790/2790/2790 3773/3773/3773
f 2790/2790/2790 2790/2790/2790 3775/3775/3775
f 2790/2790/2790 2790/2790/2790 3776/3776/3776
f 2790/2790/2790 2790/2790/2790 3778/3778/3778
f 2790/2790/2790 2790/2790/2790 3780/3780/3780
f 2790/2790/2790 2790/2790/2790 3781/3781/3781
f 2790/2790/2790 2790/2790/2790 3783/3783/3783
f 2790/2790/2790 2790/2790/2790 3785/3785/3785
f 2790/2790/2790 2790/2790/2790 3787/3787/3787
f 2790/2790/2790 2790/2790/2790 3788/3788/3788
f 2790/2790/2790 2790/2790/2790 3790/3790/3790
f 2790/2790/2790 2790/2790/2790 3790/3790/3790
f 2790/2790/2790 2790/2790/2790 3790/3790/3790
f 2790/2790/2790 2790/2790/2790 3790/3790/3790
f 2790/2790/2790 2790/2790/2790 3788/3788/3788
f 2790/2790/2790 2790/2790/2790 3787/3787/3787
f 2790/2790/2790 2790/2790/2790 3785/3785/3785
f 2790/2790/2790 2790/2790/2790 3845/3845/3845
f 2790/2790/2790 2790/2790/2790 3846/3846/3846
f 2790/2790/2790 2790/2790/2790 3794/3794/3794
f 2790/2790/2790 2790/2790/2790 3795/3795/3795
f 2790/2790/2790 2790/2790/2790 3847/3847/3847
f 2790/2790/2790 2790/2790/2790 3798/3798/3798
f 2790/2790/2790 2790/2790/2790 3799/3799/3799
f 2790/2790/2790 2790/2790/2790 3801/3801/3801
f 2790/2790/2790 2790/2790/2790 3848/3848/3848
f 2790/2790/2790 2790/2790/2790 3804/3804/3804
f 2790/2790/2790 2790/2790/2790 3805/3805/3805
f 2790/2790/2790 2790/2790/2790 3807/3807/3807
f 2790/2790/2790 2790/2790/2790 3810/3810/3810
f 2790/2790/2790 2790/2790/2790 3811/3811/3811
f 2790/2790/2790 2790/2790/2790 3816/3816/3816
f 2790/2790/2790 2790/2790/2790 3817/3817/3817
f 2790/2790/2790 2790/2790/2790 3819/3819/3819
f 2790/2790/2790 2790/2790/2790 3821/3821/3821
f 2790/2790/2790 2790/2790/2790 3822/3822/3822
f 2790/2790/2790 2790/2790/2790 3825/3825/3825
f 2790/2790/2790 2790/2790/2790 3826/3826/3826
f 2790/2790/2790 2790/2790/2790 3828/3828/3828
f 2790/2790/2790 2790/2790/2790 3830/3830/3830
f 2790/2790/2790 2790/2790/2790 3832/3832/3832
f 2790/2790/2790 2790/2790/2790 3835/3835/3835
f 2790/2790/2790 2790/2790/2790 3741/3741/3741
f 2790/2790/2790 2790/2790/2790 3837/3837/3837
f 2790/2790/2790 2790/2790/2790 3639/3639/3639
f 3212/3212/3212 3849/3849/3849 3213/3213/3213
f 3215/3215/3215 3850/3850/3850 3216/3216/3216
f 3218/3218/3218 3851/3851/3851 3219/3219/3219
f 3221/3221/3221 3852/3852/3852 3222/3222/3222
f 3224/3224/3224 3853/3853/3853 3225/3225/3225
f 3227/3227/3227 3854/3854/3854 3228/3228/3228
f 3230/3230/3230 3855/3855/3855 3231/3231/3231
f 3233/3233/3233 3856/3856/3856 3234/3234/3234
f 3236/3236/3236 3857/3857/3857 3237/3237/3237
f 3239/3239/3239 3858/3858/3858 3240/3240/3240
f 3242/3242/3242 3859/3859/3859 3243/3243/3243
f 3245/3245/3245 3860/3860/3860 3246/3246/3246
f 3248/3248/3248 3861/3861/3861 3249/3249/3249
f 3251/3251/3251 3862/3862/3862 3252/3252/3252
f 3254/3254/3254 3863/3863/3863 3255/3255/3255
f 3257/3257/3257 3864/3864/3864 3258/3258/3258
f 3260/3260/3260 3865/3865/3865 3261/3261/3261
f 3263/3263/3263 3866/3866/3866 3264/3264/3264
f 3266/3266/3266 3867/3867/3867 3267/3267/3267
f 3269/3269/3269 3868/3868/3868 3270/3270/3270
f 3869/3869/3869 3870/3870/3870 3871/3871/3871
f 3275/3275/3275 3872/3872/3872 3276/3276/3276
f 3278/3278/3278 3873/3873/3873 3279/3279/3279
f 3281/3281/3281 3874/3874/3874 3282/3282/3282
f 3284/3284/3284 3875/3875/3875 3285/3285/3285
f 3287/3287/3287 3876/3876/3876 3288/3288/3288
f 3290/3290/3290 3877/3877/3877 3291/3291/3291
f 3293/3293/3293 3878/3878/3878 3294/3294/3294
f 3296/3296/3296 3879/3879/3879 3297/3297/3297
f 3299/3299/3299 3880/3880/3880 3300/3300/3300
f 3302/3302/3302 3881/3881/3881 3303/3303/3303
f 3305/3305/3305 3882/3882/3882 3306/3306/3306
f 3308/3308/3308 3883/3883/3883 3309/3309/3309
f 3311/3311/3311 3884/3884/3884 3312/3312/3312
f 3314/3314/3314 3885/3885/3885 3315/3315/3315
f 3317/3317/3317 3886/3886/3886 3318/3318/3318
f 3320/3320/3320 3887/3887/3887 3321/3321/3321
f 3323/3323/3323 3888/3888/3888 3324/3324/3324
f 3326/3326/3326 3889/3889/3889 3327/3327/3327
f 3329/3329/3329 3890/3890/3890 3330/3330/3330
f 3332/3332/3332 3891/3891/3891 3333/3333/3333
f 3335/3335/3335 3892/3892/3892 3336/3336/3336
f 3338/3338/3338 3893/3893/3893 3339/3339/3339
f 3894/3894/3894 3895/3895/3895 3896/3896/3896
f 3344/3344/3344 3897/3897/3897 3345/3345/3345
f 3347/3347/3347 3898/3898/3898 3348/3348/3348
f 3350/3350/3350 3899/3899/3899 3351/3351/3351
f 3353/3353/3353 3900/3900/3900 3354/3354/3354
f 3356/3356/3356 3901/3901/3901 3357/3357/3357
f 3359/3359/3359 3902/3902/3902 3360/3360/3360
f 3362/3362/3362 3903/3903/3903 3363/3363/3363
f 3365/3365/3365 3904/3904/3904 3366/3366/3366
f 3905/3905/3905 3906/3906/3906 3907/3907/3907
f 3371/3371/3371 3908/3908/3908 3372/3372/3372
f 3374/3374/3374 3909/3909/3909 3375/3375/3375
f 3377/3377/3377 3910/3910/3910 3378/3378/3378
f 3380/3380/3380 3911/3911/3911 3381/3381/3381
f 3383/3383/3383 3912/3912/3912 3384/3384/3384
f 3386/3386/3386 3913/3913/3913 3387/3387/3387
f 3389/3389/3389 3914/3914/3914 3390/3390/3390
f 3392/3392/3392 3915/3915/3915 3393/3393/3393
f 3395/3395/3395 3916/3916/3916 3396/3396/3396
f 3398/3398/3398 3917/3917/3917 3399/3399/3399
f 3401/3401/3401 3918/3918/3918 3402/3402/3402
f 3404/3404/3404 3919/3919/3919 3405/3405/3405
f 3407/3407/3407 3920/3920/3920 3408/3408/3408
f 3410/3410/3410 3921/3921/3921 3411/3411/3411
f 3413/3413/3413 3922/3922/3922 3414/3414/3414
f 3416/3416/3416 3923/3923/3923 3417/3417/3417
f 3419/3419/3419 3924/3924/3924 3420/3420/3420
f 3422/3422/3422 3925/3925/3925 3423/3423/3423
f 3425/3425/3425 3926/3926/3926 3426/3426/3426
f 3428/3428/3428 3927/3927/3927 3429/3429/3429
f 3431/3431/3431 3928/3928/3928 3432/3432/3432
f 3434/3434/3434 3929/3929/3929 3435/3435/3435
f 3930/3930/3930 3931/3931/3931 3932/3932/3932
f 3440/3440/3440 3933/3933/3933 3441/3441/3441
f 3443/3443/3443 3934/3934/3934 3444/3444/3444
f 3446/3446/3446 3935/3935/3935 3447/3447/3447
f 3449/3449/3449 3936/3936/3936 3450/3450/3450
f 3452/3452/3452 3937/3937/3937 3453/3453/3453
f 3455/3455/3455 3938/3938/3938 3456/3456/3456
f 3458/3458/3458 3939/3939/3939 3459/3459/3459
f 3461/3461/3461 3940/3940/3940 3462/3462/3462
f 3464/3464/3464 3941/3941/3941 3465/3465/3465
f 3467/3467/3467 3942/3942/3942 3468/3468/3468
f 3470/3470/3470 3943/3943/3943 3471/3471/3471
f 3473/3473/3473 3944/3944/3944 3474/3474/3474
f 3476/3476/3476 3945/3945/3945 3477/3477/3477
f 3479/3479/3479 3946/3946/3946 3480/3480/3480
f 3482/3482/3482 3947/3947/3947 3483/3483/3483
f 3485/3485/3485 3948/3948/3948 3486/3486/3486
f 3488/3488/3488 3949/3949/3949 3489/3489/3489
f 3491/3491/3491 3950/3950/3950 3492/3492/3492
f 3494/3494/3494 3951/3951/3951 3495/3495/3495
f 3497/3497/3497 3952/3952/3952 3498/3498/3498
f 3500/3500/3500 3953/3953/3953 3501/3501/3501
f 3503/3503/3503 3954/3954/3954 3504/3504/3504
f 3506/3506/3506 3955/3955/3955 3507/3507/3507
f 3509/3509/3509 3956/3956/3956 3510/3510/3510
f 3512/3512/3512 3957/3957/3957 3513/3513/3513
f 3515/3515/3515 3958/3958/3958 3516/3516/3516
f 3518/3518/3518 3959/3959/3959 3519/3519/3519
f 3521/3521/3521 3960/3960/3960 3522/3522/3522
f 3524/3524/3524 3961/3961/3961 3525/3525/3525
f 3527/3527/3527 3962/3962/3962 3528/3528/3528
f 3530/3530/3530 3963/3963/3963 3531/3531/3531
f 3533/3533/3533 3964/3964/3964 3534/3534/3534
f 3536/3536/3536 3965/3965/3965 3537/3537/3537
f 3539/3539/3539 3966/3966/3966 3540/3540/3540
f 3542/3542/3542 3967/3967/3967 3543/3543/3543
f 3545/3545/3545 3968/3968/3968 3546/3546/3546
f 3548/3548/3548 3969/3969/3969 3549/3549/3549
f 3551/3551/3551 3970/3970/3970 3552/3552/3552
f 3554/3554/3554 3971/3971/3971 3555/3555/3555
f 3557/3557/3557 3972/3972/3972 3558/3558/3558
f 3560/3560/3560 3973/3973/3973 3561/3561/3561
f 3563/3563/3563 3974/3974/3974 3564/3564/3564
f 3566/3566/3566 3975/3975/3975 3567/3567/3567
f 3569/3569/3569 3976/3976/3976 3570/3570/3570
f 3572/3572/3572 3977/3977/3977 3573/3573/3573
f 3575/3575/3575 3978/3978/3978 3576/3576/3576
f 3578/3578/3578 3979/3979/3979 3579/3579/3579
f 3581/3581/3581 3980/3980/3980 3582/3582/3582
f 3584/3584/3584 3981/3981/3981 3585/3585/3585
f 3587/3587/3587 3982/3982/3982 3588/3588/3588
f 3590/3590/3590 3983/3983/3983 3591/3591/3591
f 3593/3593/3593 3984/3984/3984 3594/3594/3594

o part_004
usemtl material_1
v 0.00900053 -0.05809454 0.08173792
v 0.01370603 -0.05809454 0.08918346
v 0.00432307 -0.05809454 0.10248106
v 0.00489709 0.05835229 0.07991460
v -0.00886053 0.05835229 0.08860941
v -0.00016582 0.05835229 0.10236700
v -0.00886053 -0.05809454 0.08860940
v -0.00815105 0.05835229 0.08646792
v -0.00815098 -0.05809454 0.08646773
v 0.01370603 0.05835229 0.08918347
v 0.01387005 -0.05809454 0.09143349
v 0.01370603 -0.05809454 0.08918346
v -0.00815098 -0.05809454 0.08646773
v -0.00703733 0.05835229 0.08450602
v -0.00703726 -0.05809454 0.08450584
v 0.01386996 0.05835229 0.09143346
v 0.01359190 -0.05809454 0.09367222
v 0.01387005 -0.05809454 0.09143349
v -0.00703726 -0.05809454 0.08450584
v -0.00556220 0.05835229 0.08279894
v -0.00556220 -0.05809454 0.08279894
v 0.01359190 0.05835229 0.09367222
v 0.01288233 -0.05809454 0.09581367
v 0.01359190 -0.05809454 0.09367222
v -0.00556220 -0.05809454 0.08279894
v -0.00378255 0.05835229 0.08141271
v -0.00378248 -0.05809454 0.08141252
v 0.00432300 0.05835229 0.10248125
v 0.00207291 -0.05809454 0.10264514
v 0.00432307 -0.05809454 0.10248106
v 0.01288233 0.05835229 0.09581368
v 0.01176861 -0.05809454 0.09777557
v 0.01288233 -0.05809454 0.09581367
v -0.00378248 -0.05809454 0.08141252
v -0.00176650 0.05835229 0.08040003
v -0.00176650 -0.05809454 0.08040002
v 0.00207291 0.05835229 0.10264515
v -0.00016581 -0.05809454 0.10236699
v 0.00207291 -0.05809454 0.10264514
v 0.01176861 0.05835229 0.09777557
v 0.01029355 -0.05809454 0.09948247
v 0.01176861 -0.05809454 0.09777557
v -0.00176650 0.05835229 0.08040003
v 0.00040837 -0.05809454 0.07980038
v -0.00176650 -0.05809454 0.08040002
v -0.00016582 0.05835229 0.10236700
v -0.00230727 -0.05809454 0.10165742
v -0.00016581 -0.05809454 0.10236699
v 0.01029354 0.05835229 0.09948247
v 0.00851382 -0.05809454 0.10086889
v 0.01029355 -0.05809454 0.09948247
v 0.00040837 -0.05809454 0.07980038
v 0.00265827 0.05835229 0.07963642
v 0.00265836 -0.05809454 0.07963645
v -0.00230727 0.05835229 0.10165743
v -0.00426916 -0.05809454 0.10054370
v -0.00230727 -0.05809454 0.10165742
v 0.00851373 0.05835229 0.10086886
v 0.00649776 -0.05809454 0.10188135
v 0.00851382 -0.05809454 0.10086889
v 0.00265827 0.05835229 0.07963642
v 0.00489709 -0.05809454 0.07991460
v 0.00265836 -0.05809454 0.07963645
v -0.00426917 0.05835229 0.10054370
v -0.00597612 -0.05809454 0.09906852
v -0.00426916 -0.05809454 0.10054370
v 0.00649775 0.05835229 0.10188136
v 0.00432307 -0.05809454 0.10248106
v 0.00649776 -0.05809454 0.10188135
v 0.00489709 0.05835229 0.07991460
v 0.00703855 -0.05809454 0.08062417
v 0.00489709 -0.05809454 0.07991460
v -0.00597612 0.05835229 0.09906852
v -0.00736249 -0.05809454 0.09728892
v -0.00597612 -0.05809454 0.09906852
v 0.00703854 0.05835229 0.08062417
v 0.00900053 -0.05809454 0.08173792
v 0.00703855 -0.05809454 0.08062417
v -0.00736249 0.05835229 0.09728892
v -0.00837494 -0.05809454 0.09527285
v -0.00736249 -0.05809454 0.09728892
v 0.00900053 0.05835229 0.08173793
v 0.01070738 -0.05809454 0.08321286
v 0.00900053 -0.05809454 0.08173792
v -0.00837495 0.05835229 0.09527286
v -0.00897475 -0.05809454 0.09309813
v -0.00837494 -0.05809454 0.09527285
v 0.01070738 0.05835229 0.08321286
v 0.01209376 -0.05809454 0.08499267
v 0.01070738 -0.05809454 0.08321286
v -0.00897475 -0.05809454 0.09309813
v -0.00913868 0.05835229 0.09084814
v -0.00913868 -0.05809454 0.09084814
v 0.01209376 0.05835229 0.08499268
v 0.01310638 -0.05809454 0.08700859
v 0.01209376 -0.05809454 0.08499267
v -0.00913868 0.05835229 0.09084814
v -0.00886053 -0.05809454 0.08860940
v -0.00913868 -0.05809454 0.09084814
v 0.01310629 0.05835229 0.08700856
v 0.01370603 -0.05809454 0.08918346
v 0.01310638 -0.05809454 0.08700859
v 0.00207291 -0.05809454 0.10264514
v -0.00016581 -0.05809454 0.10236699
v -0.00230727 -0.05809454 0.10165742
v -0.00426916 -0.05809454 0.10054370
v -0.00597612 -0.05809454 0.09906852
v -0.00736249 -0.05809454 0.09728892
v -0.00837494 -0.05809454 0.09527285
v -0.00897475 -0.05809454 0.09309813
v -0.00913868 -0.05809454 0.09084814
v -0.00886053 -0.05809454 0.08860940
v -0.00815098 -0.05809454 0.08646773
v -0.00703726 -0.05809454 0.08450584
v -0.00556220 -0.05809454 0.08279894
v 0.00040837 -0.05809454 0.07980038
v -0.00378248 -0.05809454 0.08141252
v -0.00176650 -0.05809454 0.08040002
v 0.00265836 -0.05809454 0.07963645
v 0.00489709 -0.05809454 0.07991460
v 0.00703855 -0.05809454 0.08062417
v 0.01070738 -0.05809454 0.08321286
v 0.01209376 -0.05809454 0.08499267
v 0.01310638 -0.05809454 0.08700859
v 0.01387005 -0.05809454 0.09143349
v 0.01359190 -0.05809454 0.09367222
v 0.01288233 -0.05809454 0.09581367
v 0.01176861 -0.05809454 0.09777557
v 0.01029355 -0.05809454 0.09948247
v 0.00851382 -0.05809454 0.10086889
v 0.00649776 -0.05809454 0.10188135
v 0.00207291 0.05835229 0.10264515
v 0.00432300 0.05835229 0.10248125
v 0.00649775 0.05835229 0.10188136
v 0.00851373 0.05835229 0.10086886
v 0.01029354 0.05835229 0.09948247
v 0.01176861 0.05835229 0.09777557
v 0.01288233 0.05835229 0.09581368
v 0.01359190 0.05835229 0.09367222
v 0.01386996 0.05835229 0.09143346
v 0.01209376 0.05835229 0.08499268
v 0.01370603 0.05835229 0.08918347
v 0.01310629 0.05835229 0.08700856
v 0.01070738 0.05835229 0.08321286
v 0.00900053 0.05835229 0.08173793
v 0.00703854 0.05835229 0.08062417
v 0.00265827 0.05835229 0.07963642
v 0.00040837 0.05835229 0.07980038
v -0.00176650 0.05835229 0.08040003
v -0.00378255 0.05835229 0.08141271
v -0.00556220 0.05835229 0.08279894
v -0.00703733 0.05835229 0.08450602
v -0.00815105 0.05835229 0.08646792
v -0.00913868 0.05835229 0.09084814
v -0.00897475 0.05835229 0.09309813
v -0.00837495 0.05835229 0.09527286
v -0.00736249 0.05835229 0.09728892
v -0.00597612 0.05835229 0.09906852
v -0.00426917 0.05835229 0.10054370
v -0.00230727 0.05835229 0.10165743
v -0.00886053 0.05835229 0.08860941
v 0.01386996 0.05835229 0.09143346
v -0.00815105 0.05835229 0.08646792
v 0.01359190 0.05835229 0.09367222
v -0.00703733 0.05835229 0.08450602
v 0.01288233 0.05835229 0.09581368
v -0.00556220 0.05835229 0.08279894
v 0.00207291 0.05835229 0.10264515
v 0.01176861 0.05835229 0.09777557
v -0.00378255 0.05835229 0.08141271
v -0.00016582 0.05835229 0.10236700
v 0.01029354 0.05835229 0.09948247
v 0.00040837 0.05835229 0.07980038
v -0.00230727 0.05835229 0.10165743
v 0.00851373 0.05835229 0.10086886
v 0.00040837 0.05835229 0.07980038
v -0.00426917 0.05835229 0.10054370
v 0.00649775 0.05835229 0.10188136
v 0.00489709 0.05835229 0.07991460
v -0.00597612 0.05835229 0.09906852
v 0.00432300 0.05835229 0.10248125
v 0.00703854 0.05835229 0.08062417
v -0.00736249 0.05835229 0.09728892
v 0.00900053 0.05835229 0.08173793
v -0.00837495 0.05835229 0.09527286
v 0.01070738 0.05835229 0.08321286
v -0.00897475 0.05835229 0.09309813
v 0.01209376 0.05835229 0.08499268
v -0.00897475 0.05835229 0.09309813
v 0.01310629 0.05835229 0.08700856
v -0.00886053 0.05835229 0.08860941
v 0.01370603 0.05835229 0.08918347
vn 0.00000002 -1.00000000 -0.00000005
vn 0.00000002 -1.00000000 -0.00000005
vn 0.00000002 -1.00000000 -0.00000005
vn -0.00000002 1.00000000 0.00000005
vn -0.00000002 1.00000000 0.00000005
vn -0.00000002 1.00000000 0.00000005
vn -0.94925899 -0.00000006 -0.31449543
vn -0.94925999 -0.00000000 -0.31449240
vn -0.94925898 -0.00000007 -0.31449546
vn 0.99735625 0.00000076 -0.07266708
vn 0.99735351 0.00000003 -0.07270474
vn 0.99735347 0.00000002 -0.07270522
vn -0.86964564 0.00000027 -0.49367648
vn -0.86964566 0.00000027 -0.49367643
vn -0.86964564 0.00000027 -0.49367648
vn 0.99237489 0.00000002 0.12325613
vn 0.99236991 0.00000080 0.12329625
vn 0.99236985 0.00000081 0.12329675
vn -0.75662170 0.00000002 -0.65385289
vn -0.75664065 0.00000059 -0.65383097
vn -0.75662146 0.00000002 -0.65385317
vn 0.94924651 0.00000000 0.31453310
vn 0.94924651 0.00000000 0.31453310
vn 0.94924651 0.00000000 0.31453310
vn -0.61454495 0.00000090 -0.78888180
vn -0.61450994 0.00000004 -0.78890907
vn -0.61454539 0.00000091 -0.78888146
vn 0.07264876 -0.00000006 0.99735759
vn 0.07272439 -0.00000153 0.99735208
vn 0.07272534 -0.00000155 0.99735201
vn 0.86964564 -0.00000001 0.49367648
vn 0.86964564 -0.00000001 0.49367648
vn 0.86964564 -0.00000001 0.49367648
vn -0.44881116 0.00000005 -0.89362662
vn -0.44886264 0.00000116 -0.89360077
vn -0.44881051 0.00000003 -0.89362695
vn -0.12329638 -0.00000005 0.99236989
vn -0.12329638 -0.00000005 0.99236989
vn -0.12329638 -0.00000005 0.99236989
vn 0.75662084 -0.00000002 0.65385388
vn 0.75662084 -0.00000002 0.65385388
vn 0.75662084 -0.00000002 0.65385388
vn -0.26579860 0.00000004 -0.96402858
vn -0.26579860 0.00000004 -0.96402858
vn -0.26579860 0.00000004 -0.96402858
vn -0.31453310 -0.00000005 0.94924651
vn -0.31453310 -0.00000005 0.94924651
vn -0.31453310 -0.00000005 0.94924651
vn 0.61451756 0.00000067 0.78890314
vn 0.61454572 -0.00000002 0.78888121
vn 0.61454607 -0.00000003 0.78888093
vn -0.07266549 -0.00000031 -0.99735637
vn -0.07268335 0.00000004 -0.99735507
vn -0.07266527 -0.00000031 -0.99735639
vn -0.49367757 -0.00000005 0.86964501
vn -0.49367757 -0.00000005 0.86964501
vn -0.49367757 -0.00000005 0.86964501
vn 0.44881038 -0.00000003 0.89362701
vn 0.44878293 0.00000057 0.89364080
vn 0.44878258 0.00000058 0.89364098
vn 0.12330658 0.00000005 -0.99236863
vn 0.12329669 -0.00000015 -0.99236985
vn 0.12329657 -0.00000015 -0.99236987
vn -0.65387221 -0.00000005 0.75660500
vn -0.65387221 -0.00000005 0.75660500
vn -0.65387221 -0.00000005 0.75660500
vn 0.26591297 -0.00000137 0.96399704
vn 0.26584783 -0.00000006 0.96401501
vn 0.26584700 -0.00000004 0.96401523
vn 0.31453310 0.00000005 -0.94924651
vn 0.31453310 0.00000005 -0.94924651
vn 0.31453310 0.00000005 -0.94924651
vn -0.78887238 -0.00000004 0.61455705
vn -0.78887238 -0.00000004 0.61455705
vn -0.78887238 -0.00000004 0.61455705
vn 0.49367079 0.00000005 -0.86964887
vn 0.49367079 0.00000005 -0.86964887
vn 0.49367079 0.00000005 -0.86964887
vn -0.89364098 -0.00000004 0.44878258
vn -0.89364098 -0.00000004 0.44878258
vn -0.89364098 -0.00000004 0.44878258
vn 0.65383369 0.00000005 -0.75663829
vn 0.65383369 0.00000005 -0.75663829
vn 0.65383369 0.00000005 -0.75663829
vn -0.96400624 -0.00000003 0.26587961
vn -0.96400624 -0.00000003 0.26587961
vn -0.96400624 -0.00000003 0.26587961
vn 0.78890450 0.00000004 -0.61451582
vn 0.78890450 0.00000004 -0.61451582
vn 0.78890450 0.00000004 -0.61451582
vn -0.99735627 -0.00000002 0.07266690
vn -0.99735627 -0.00000002 0.07266690
vn -0.99735627 -0.00000002 0.07266690
vn 0.89361221 0.00000059 -0.44883986
vn 0.89359953 0.00000004 -0.44886511
vn 0.89359937 0.00000004 -0.44886543
vn -0.99236982 -0.00000001 -0.12329700
vn -0.99236982 -0.00000001 -0.12329700
vn -0.99236982 -0.00000001 -0.12329700
vn 0.96401963 0.00000004 -0.26583105
vn 0.96402858 0.00000069 -0.26579861
vn 0.96402869 0.00000070 -0.26579820
vn 0.00000002 -1.00000000 -0.00000005
vn 0.00000002 -1.00000000 -0.00000005
vn 0.00000002 -1.00000000 -0.00000005
vn 0.00000002 -1.00000000 -0.00000005
vn 0.00000002 -1.00000000 -0.00000005
vn 0.00000002 -1.00000000 -0.00000005
vn 0.00000002 -1.00000000 -0.00000005
vn 0.00000002 -1.00000000 -0.00000005
vn 0.00000002 -1.00000000 -0.00000005
vn 0.00000002 -1.00000000 -0.00000005
vn 0.00000002 -1.00000000 -0.00000005
vn 0.00000002 -1.00000000 -0.00000005
vn 0.00000002 -1.00000000 -0.00000005
vn 0.00000002 -1.00000000 -0.00000005
vn 0.00000002 -1.00000000 -0.00000005
vn 0.00000002 -1.00000000 -0.00000005
vn 0.00000002 -1.00000000 -0.00000005
vn 0.00000002 -1.00000000 -0.00000005
vn 0.00000002 -1.00000000 -0.00000005
vn 0.00000002 -1.00000000 -0.00000005
vn 0.00000002 -1.00000000 -0.00000005
vn 0.00000002 -1.00000000 -0.00000005
vn 0.00000002 -1.00000000 -0.00000005
vn 0.00000002 -1.00000000 -0.00000005
vn 0.00000002 -1.00000000 -0.00000005
vn 0.00000002 -1.00000000 -0.00000005
vn 0.00000002 -1.00000000 -0.00000005
vn 0.00000002 -1.00000000 -0.00000005
vn 0.00000002 -1.00000000 -0.00000005
vn -0.00000002 1.00000000 0.00000005
vn -0.00000002 1.00000000 0.00000005
vn -0.00000002 1.00000000 0.00000005
vn -0.00000002 1.00000000 0.00000005
vn -0.00000002 1.00000000 0.00000005
vn -0.00000002 1.00000000 0.00000005
vn -0.00000002 1.00000000 0.00000005
vn -0.00000002 1.00000000 0.00000005
vn -0.00000002 1.00000000 0.00000005
vn -0.00000002 1.00000000 0.00000005
vn -0.00000002 1.00000000 0.00000005
vn -0.00000002 1.00000000 0.00000005
vn -0.00000002 1.00000000 0.00000005
vn -0.00000002 1.00000000 0.00000005
vn -0.00000002 1.00000000 0.00000005
vn -0.00000002 1.00000000 0.00000005
vn -0.00000002 1.00000000 0.00000005
vn -0.00000002 1.00000000 0.00000005
vn -0.00000002 1.00000000 0.00000005
vn -0.00000002 1.00000000 0.00000005
vn -0.00000002 1.00000000 0.00000005
vn -0.00000002 1.00000000 0.00000005
vn -0.00000002 1.00000000 0.00000005
vn -0.00000002 1.00000000 0.00000005
vn -0.00000002 1.00000000 0.00000005
vn -0.00000002 1.00000000 0.00000005
vn -0.00000002 1.00000000 0.00000005
vn -0.00000002 1.00000000 0.00000005
vn -0.00000002 1.00000000 0.00000005
vn -0.94926000 -0.00000000 -0.31449236
vn 0.99735629 0.00000077 -0.07266660
vn -0.86964566 0.00000027 -0.49367643
vn 0.99237496 0.00000001 0.12325562
vn -0.75664089 0.00000059 -0.65383069
vn 0.94924651 0.00000000 0.31453310
vn -0.61450950 0.00000003 -0.78890942
vn 0.07264781 -0.00000005 0.99735766
vn 0.86964564 -0.00000001 0.49367648
vn -0.44886329 0.00000118 -0.89360044
vn -0.12329638 -0.00000005 0.99236989
vn 0.75662084 -0.00000002 0.65385388
vn -0.26579860 0.00000004 -0.96402858
vn -0.31453310 -0.00000005 0.94924651
vn 0.61451720 0.00000068 0.78890342
vn -0.07268358 0.00000005 -0.99735505
vn -0.49367757 -0.00000005 0.86964501
vn 0.44881073 -0.00000003 0.89362684
vn 0.12330670 0.00000005 -0.99236861
vn -0.65387221 -0.00000005 0.75660500
vn 0.26591379 -0.00000138 0.96399681
vn 0.31453310 0.00000005 -0.94924651
vn -0.78887238 -0.00000004 0.61455705
vn 0.49367079 0.00000005 -0.86964887
vn -0.89364098 -0.00000004 0.44878258
vn 0.65383369 0.00000005 -0.75663829
vn -0.96400624 -0.00000003 0.26587961
vn 0.78890450 0.00000004 -0.61451582
vn -0.99735627 -0.00000002 0.07266690
vn 0.89361237 0.00000060 -0.44883954
vn -0.99236982 -0.00000001 -0.12329700
vn 0.96401952 0.00000003 -0.26583146
vt 0.00000000 0.00000000
vt 0.00000000 0.00000000
vt 0.00000000 0.00000000
vt 0.00000000 0.00000000
vt 0.00000000 0.00000000
vt 0.00000000 0.00000000
vt 0.00000000 0.00000000
vt 0.00000000 0.00000000
vt 0.00000000 0.00000000
vt 0.00000000 0.00000000
vt 0.00000000 0.00000000
vt 0.00000000 0.00000000
vt 0.00000000 0.00000000
vt 0.00000000 0.00000000
vt 0.00000000 0.00000000
vt 0.00000000 0.00000000
vt 0.00000000 0.00000000
vt 0.00000000 0.00000000
vt 0.00000000 0.00000000
vt 0.00000000 0.00000000
vt 0.00000000 0.00000000
vt 0.00000000 0.00000000
vt 0.00000000 0.00000000
vt 0.00000000 0.00000000
vt 0.00000000 0.00000000
vt 0.00000000 0.00000000
vt 0.00000000 0.00000000
vt 0.00000000 0.00000000
vt 0.00000000 0.00000000
vt 0.00000000 0.00000000
vt 0.00000000 0.00000000
vt 0.00000000 0.00000000
vt 0.00000000 0.00000000
vt 0.00000000 0.00000000
vt 0.00000000 0.00000000
vt 0.00000000 0.00000000
vt 0.00000000 0.00000000
vt 0.00000000 0.00000000
vt 0.00000000 0.00000000
vt 0.00000000 0.00000000
vt 0.00000000 0.00000000
vt 0.00000000 0.00000000
vt 0.00000000 0.00000000
vt 0.00000000 0.00000000
vt 0.00000000 0.00000000
vt 0.00000000 0.00000000
vt 0.00000000 0.00000000
vt 0.00000000 0.00000000
vt 0.00000000 0.00000000
vt 0.00000000 0.00000000
vt 0.00000000 0.00000000
vt 0.00000000 0.00000000
vt 0.00000000 0.00000000
vt 0.00000000 0.00000000
vt 0.00000000 0.00000000
vt 0.00000000 0.00000000
vt 0.00000000 0.00000000
vt 0.00000000 0.00000000
vt 0.00000000 0.00000000
vt 0.00000000 0.00000000
vt 0.00000000 0.00000000
vt 0.00000000 0.00000000
vt 0.00000000 0.00000000
vt 0.00000000 0.00000000
vt 0.00000000 0.00000000
vt 0.00000000 0.00000000
vt 0.00000000 0.00000000
vt 0.00000000 0.00000000
vt 0.00000000 0.00000000
vt 0.00000000 0.00000000
vt 0.00000000 0.00000000
vt 0.00000000 0.00000000
vt 0.00000000 0.00000000
vt 0.00000000 0.00000000
vt 0.00000000 0.00000000
vt 0.00000000 0.00000000
vt 0.00000000 0.00000000
vt 0.00000000 0.00000000
vt 0.00000000 0.00000000
vt 0.00000000 0.00000000
vt 0.00000000 0.00000000
vt 0.00000000 0.00000000
vt 0.00000000 0.00000000
vt 0.00000000 0.00000000
vt 0.00000000 0.00000000
vt 0.00000000 0.00000000
vt 0.00000000 0.00000000
vt 0.00000000 0.00000000
vt 0.00000000 0.00000000
vt 0.00000000 0.00000000
vt 0.00000000 0.00000000
vt 0.00000000 0.00000000
vt 0.00000000 0.00000000
vt 0.00000000 0.00000000
vt 0.00000000 0.00000000
vt 0.00000000 0.00000000
vt 0.00000000 0.00000000
vt 0.00000000 0.00000000
vt 0.00000000 0.00000000
vt 0.00000000 0.00000000
vt 0.00000000 0.00000000
vt 0.00000000 0.00000000
vt 0.00000000 0.00000000
vt 0.00000000 0.00000000
vt 0.00000000 0.00000000
vt 0.00000000 0.00000000
vt 0.00000000 0.00000000
vt 0.00000000 0.00000000
vt 0.00000000 0.00000000
vt 0.00000000 0.00000000
vt 0.00000000 0.00000000
vt 0.00000000 0.00000000
vt 0.00000000 0.00000000
vt 0.00000000 0.00000000
vt 0.00000000 0.00000000
vt 0.00000000 0.00000000
vt 0.00000000 0.00000000
vt 0.00000000 0.00000000
vt 0.00000000 0.00000000
vt 0.00000000 0.00000000
vt 0.00000000 0.00000000
vt 0.00000000 0.00000000
vt 0.00000000 0.00000000
vt 0.00000000 0.00000000
vt 0.00000000 0.00000000
vt 0.00000000 0.00000000
vt 0.00000000 0.00000000
vt 0.00000000 0.00000000
vt 0.00000000 0.00000000
vt 0.00000000 0.00000000
vt 0.00000000 0.00000000
vt 0.00000000 0.00000000
vt 0.00000000 0.00000000
vt 0.00000000 0.00000000
vt 0.00000000 0.00000000
vt 0.00000000 0.00000000
vt 0.00000000 0.00000000
vt 0.00000000 0.00000000
vt 0.00000000 0.00000000
vt 0.00000000 0.00000000
vt 0.00000000 0.00000000
vt 0.00000000 0.00000000
vt 0.00000000 0.00000000
vt 0.00000000 0.00000000
vt 0.00000000 0.00000000
vt 0.00000000 0.00000000
vt 0.00000000 0.00000000
vt 0.00000000 0.00000000
vt 0.00000000 0.00000000
vt 0.00000000 0.00000000
vt 0.00000000 0.00000000
vt 0.00000000 0.00000000
vt 0.00000000 0.00000000
vt 0.00000000 0.00000000
vt 0.00000000 0.00000000
vt 0.00000000 0.00000000
vt 0.00000000 0.00000000
vt 0.00000000 0.00000000
vt 0.00000000 0.00000000
vt 0.00000000 0.00000000
vt 0.00000000 0.00000000
vt 0.00000000 0.00000000
vt 0.00000000 0.00000000
vt 0.00000000 0.00000000
vt 0.00000000 0.00000000
vt 0.00000000 0.00000000
vt 0.00000000 0.00000000
vt 0.00000000 0.00000000
vt 0.00000000 0.00000000
vt 0.00000000 0.00000000
vt 0.00000000 0.00000000
vt 0.00000000 0.00000000
vt 0.00000000 0.00000000
vt 0.00000000 0.00000000
vt 0.00000000 0.00000000
vt 0.00000000 0.00000000
vt 0.00000000 0.00000000
vt 0.00000000 0.00000000
vt 0.00000000 0.00000000
vt 0.00000000 0.00000000
vt 0.00000000 0.00000000
vt 0.00000000 0.00000000
vt 0.00000000 0.00000000
vt 0.00000000 0.00000000
vt 0.00000000 0.00000000
vt 0.00000000 0.00000000
vt 0.00000000 0.00000000
vt 0.00000000 0.00000000
vt 0.00000000 0.00000000
vt 0.00000000 0.00000000
vt 0.00000000 0.00000000
vt 0.00000000 0.00000000
f 3985/3985/3985 3986/3986/3986 3987/3987/3987
f 3988/3988/3988 3989/3989/3989 3990/3990/3990
f 3991/3991/3991 3992/3992/3992 3993/3993/3993
f 3994/3994/3994 3995/3995/3995 3996/3996/3996
f 3997/3997/3997 3998/3998/3998 3999/3999/3999
f 4000/4000/4000 4001/4001/4001 4002/4002/4002
f 4003/4003/4003 4004/4004/4004 4005/4005/4005
f 4006/4006/4006 4007/4007/4007 4008/4008/4008
f 4009/4009/4009 4010/4010/4010 4011/4011/4011
f 4012/4012/4012 4013/4013/4013 4014/4014/4014
f 4015/4015/4015 4016/4016/4016 4017/4017/4017
f 4018/4018/4018 4019/4019/4019 4020/4020/4020
f 4021/4021/4021 4022/4022/4022 4023/4023/4023
f 4024/4024/4024 4025/4025/4025 4026/4026/4026
f 4027/4027/4027 4028/4028/4028 4029/4029/4029
f 4030/4030/4030 4031/4031/4031 4032/4032/4032
f 4033/4033/4033 4034/4034/4034 4035/4035/4035
f 4036/4036/4036 4037/4037/4037 4038/4038/4038
f 4039/4039/4039 4040/4040/4040 4041/4041/4041
f 4042/4042/4042 4043/4043/4043 4044/4044/4044
f 4045/4045/4045 4046/4046/4046 4047/4047/4047
f 4048/4048/4048 4049/4049/4049 4050/4050/4050
f 4051/4051/4051 4052/4052/4052 4053/4053/4053
f 4054/4054/4054 4055/4055/4055 4056/4056/4056
f 4057/4057/4057 4058/4058/4058 4059/4059/4059
f 4060/4060/4060 4061/4061/4061 4062/4062/4062
f 4063/4063/4063 4064/4064/4064 4065/4065/4065
f 4066/4066/4066 4067/4067/4067 4068/4068/4068
f 4069/4069/4069 4070/4070/4070 4071/4071/4071
f 4072/4072/4072 4073/4073/4073 4074/4074/4074
f 4075/4075/4075 4076/4076/4076 4077/4077/4077
f 4078/4078/4078 4079/4079/4079 4080/4080/4080
f 4081/4081/4081 4082/4082/4082 4083/4083/4083
f 4084/4084/4084 4085/4085/4085 4086/4086/4086
f 3987/3987/3987 4087/4087/4087 4088/4088/4088
f 4088/4088/4088 4089/4089/4089 3987/3987/3987
f 4090/4090/4090 4091/4091/4091 3987/3987/3987
f 4092/4092/4092 4093/4093/4093 4091/4091/4091
f 4094/4094/4094 4095/4095/4095 4096/4096/4096
f 4096/4096/4096 4097/4097/4097 4098/4098/4098
f 4098/4098/4098 4099/4099/4099 4100/4100/4100
f 4101/4101/4101 4102/4102/4102 4100/4100/4100
f 4100/4100/4100 4103/4103/4103 4104/4104/4104
f 4104/4104/4104 4105/4105/4105 4100/4100/4100
f 3985/3985/3985 4106/4106/4106 4107/4107/4107
f 4107/4107/4107 4108/4108/4108 3986/3986/3986
f 3986/3986/3986 4109/4109/4109 4110/4110/4110
f 4110/4110/4110 4111/4111/4111 3986/3986/3986
f 4112/4112/4112 4113/4113/4113 3987/3987/3987
f 4114/4114/4114 4115/4115/4115 3987/3987/3987
f 3987/3987/3987 4089/4089/4089 4090/4090/4090
f 4091/4091/4091 4093/4093/4093 4094/4094/4094
f 4094/4094/4094 4096/4096/4096 4100/4100/4100
f 4099/4099/4099 4101/4101/4101 4100/4100/4100
f 4100/4100/4100 4105/4105/4105 3985/3985/3985
f 3985/3985/3985 4107/4107/4107 3986/3986/3986
f 3986/3986/3986 4111/4111/4111 4112/4112/4112
f 4113/4113/4113 4114/4114/4114 3987/3987/3987
f 3987/3987/3987 4091/4091/4091 4094/4094/4094
f 4096/4096/4096 4098/4098/4098 4100/4100/4100
f 4100/4100/4100 3985/3985/3985 3987/3987/3987
f 3986/3986/3986 4112/4112/4112 3987/3987/3987
f 3987/3987/3987 4094/4094/4094 4100/4100/4100
f 3990/3990/3990 4116/4116/4116 4117/4117/4117
f 4117/4117/4117 4118/4118/4118 3990/3990/3990
f 4119/4119/4119 4120/4120/4120 4121/4121/4121
f 4121/4121/4121 4122/4122/4122 4119/4119/4119
f 4123/4123/4123 4124/4124/4124 4125/4125/4125
f 4126/4126/4126 4127/4127/4127 4125/4125/4125
f 4125/4125/4125 4128/4128/4128 4129/4129/4129
f 4129/4129/4129 4130/4130/4130 4125/4125/4125
f 3988/3988/3988 4131/4131/4131 4132/4132/4132
f 4132/4132/4132 4133/4133/4133 4134/4134/4134
f 4134/4134/4134 4135/4135/4135 4136/4136/4136
f 4136/4136/4136 4137/4137/4137 3989/3989/3989
f 3989/3989/3989 4138/4138/4138 4139/4139/4139
f 4139/4139/4139 4140/4140/4140 3989/3989/3989
f 4141/4141/4141 4142/4142/4142 4140/4140/4140
f 4143/4143/4143 4144/4144/4144 3990/3990/3990
f 3990/3990/3990 4118/4118/4118 4119/4119/4119
f 4119/4119/4119 4122/4122/4122 4123/4123/4123
f 4124/4124/4124 4126/4126/4126 4125/4125/4125
f 4125/4125/4125 4130/4130/4130 3988/3988/3988
f 3988/3988/3988 4132/4132/4132 3989/3989/3989
f 4134/4134/4134 4136/4136/4136 3989/3989/3989
f 3989/3989/3989 4140/4140/4140 3990/3990/3990
f 4142/4142/4142 4143/4143/4143 3990/3990/3990
f 3990/3990/3990 4119/4119/4119 3988/3988/3988
f 4123/4123/4123 4125/4125/4125 3988/3988/3988
f 4132/4132/4132 4134/4134/4134 3989/3989/3989
f 4140/4140/4140 4142/4142/4142 3990/3990/3990
f 4119/4119/4119 4123/4123/4123 3988/3988/3988
f 3991/3991/3991 4145/4145/4145 3992/3992/3992
f 3994/3994/3994 4146/4146/4146 3995/3995/3995
f 3997/3997/3997 4147/4147/4147 3998/3998/3998
f 4000/4000/4000 4148/4148/4148 4001/4001/4001
f 4003/4003/4003 4149/4149/4149 4004/4004/4004
f 4006/4006/4006 4150/4150/4150 4007/4007/4007
f 4009/4009/4009 4151/4151/4151 4010/4010/4010
f 4012/4012/4012 4152/4152/4152 4013/4013/4013
f 4015/4015/4015 4153/4153/4153 4016/4016/4016
f 4018/4018/4018 4154/4154/4154 4019/4019/4019
f 4021/4021/4021 4155/4155/4155 4022/4022/4022
f 4024/4024/4024 4156/4156/4156 4025/4025/4025
f 4027/4027/4027 4157/4157/4157 4028/4028/4028
f 4030/4030/4030 4158/4158/4158 4031/4031/4031
f 4033/4033/4033 4159/4159/4159 4034/4034/4034
f 4036/4036/4036 4160/4160/4160 4037/4037/4037
f 4039/4039/4039 4161/4161/4161 4040/4040/4040
f 4042/4042/4042 4162/4162/4162 4043/4043/4043
f 4045/4045/4045 4163/4163/4163 4046/4046/4046
f 4048/4048/4048 4164/4164/4164 4049/4049/4049
f 4051/4051/4051 4165/4165/4165 4052/4052/4052
f 4054/4054/4054 4166/4166/4166 4055/4055/4055
f 4057/4057/4057 4167/4167/4167 4058/4058/4058
f 4060/4060/4060 4168/4168/4168 4061/4061/4061
f 4063/4063/4063 4169/4169/4169 4064/4064/4064
f 4066/4066/4066 4170/4170/4170 4067/4067/4067
f 4069/4069/4069 4171/4171/4171 4070/4070/4070
f 4072/4072/4072 4172/4172/4172 4073/4073/4073
f 4075/4075/4075 4173/4173/4173 4076/4076/4076
f 4078/4078/4078 4174/4174/4174 4079/4079/4079
f 4081/4081/4081 4175/4175/4175 4082/4082/4082
f 4084/4084/4084 4176/4176/4176 4085/4085/4085

o part_005
usemtl material_0
v -0.03178963 -0.05123905 0.30490625
v -0.03558701 -0.05390241 0.30487106
v -0.03378786 -0.05495965 0.30488067
v -0.03346692 -0.05024990 0.30489741
v -0.03735027 -0.05278629 0.30486176
v -0.03511063 -0.04920588 0.30488850
v -0.03907573 -0.05161250 0.30485234
v -0.03671896 -0.04810804 0.30487986
v -0.03997957 -0.04929896 0.30485221
v -0.03641286 0.04832274 0.30488173
v -0.03718022 0.05289725 0.30486273
v -0.03890936 0.05172903 0.30485350
v -0.03479750 0.04941034 0.30489019
v -0.03541331 0.05400769 0.30487198
v -0.03314709 0.05044392 0.30489918
v -0.03361070 0.05505914 0.30488161
v -0.03378786 -0.05495965 0.30488067
v -0.03264231 -0.05429209 0.00977923
v -0.03083084 -0.05530396 0.00978891
v -0.03558701 -0.05390241 0.30487106
v -0.03441911 -0.05322100 0.00976963
v -0.03264231 -0.05429209 0.00977923
v -0.03735027 -0.05278629 0.30486176
v -0.03615970 -0.05209172 0.00976043
v -0.03441911 -0.05322100 0.00976963
v -0.03907573 -0.05161250 0.30485234
v -0.04074702 -0.05038491 0.30338198
v -0.03615970 -0.05209172 0.00976043
v -0.03786193 -0.05090553 0.00975134
v -0.04236112 -0.04910587 0.30028939
v -0.03952407 -0.04966376 0.00974246
v -0.03952407 -0.04966376 0.00974246
v -0.04393307 -0.04777391 0.29727779
v -0.04114424 -0.04836769 0.00973380
v -0.04114424 -0.04836769 0.00973380
v -0.04546112 -0.04639042 0.29434993
v -0.04272076 -0.04701885 0.00972538
v -0.04272076 -0.04701885 0.00972538
v -0.04694365 -0.04495690 0.29150964
v -0.04425182 -0.04561864 0.00971720
v -0.04425182 -0.04561864 0.00971720
v -0.04837917 -0.04347479 0.28875926
v -0.04573571 -0.04416857 0.00970927
v -0.04837917 -0.04347479 0.28875926
v -0.04976312 -0.04194861 0.28610751
v -0.04573571 -0.04416857 0.00970927
v -0.04717088 -0.04267030 0.00970161
v -0.05110466 -0.04037072 0.28377519
v -0.04855591 -0.04112541 0.00969421
v -0.04855591 -0.04112541 0.00969421
v -0.05239171 -0.03875189 0.28153734
v -0.04988907 -0.03953554 0.00968709
v -0.04988907 -0.03953554 0.00968709
v -0.05362565 -0.03709099 0.27939210
v -0.05116891 -0.03790250 0.00968025
v -0.05116891 -0.03790250 0.00968025
v -0.05480508 -0.03538984 0.27734155
v -0.05239401 -0.03622807 0.00967370
v -0.05239401 -0.03622807 0.00967370
v -0.05592864 -0.03365023 0.27538785
v -0.05356318 -0.03451410 0.00966746
v -0.05356318 -0.03451410 0.00966746
v -0.05699518 -0.03187396 0.27353354
v -0.05467514 -0.03276241 0.00966152
v -0.05467514 -0.03276241 0.00966152
v -0.05800373 -0.03006293 0.27178021
v -0.05572858 -0.03097486 0.00965579
v -0.05572858 -0.03097486 0.00965579
v -0.05895268 -0.02821915 0.27013016
v -0.05672234 -0.02915358 0.00965058
v -0.05672234 -0.02915358 0.00965058
v -0.05984140 -0.02634445 0.26858495
v -0.05765534 -0.02730038 0.00964550
v -0.05765534 -0.02730038 0.00964550
v -0.06066871 -0.02444091 0.26714664
v -0.05852667 -0.02541743 0.00964094
v -0.05852667 -0.02541743 0.00964094
v -0.06143379 -0.02251054 0.26581647
v -0.05933516 -0.02350665 0.00963662
v -0.05933516 -0.02350665 0.00963662
v -0.06213558 -0.02055535 0.26459587
v -0.06008025 -0.02157024 0.00963264
v -0.06008025 -0.02157024 0.00963264
v -0.06277351 -0.01857755 0.26348695
v -0.06076083 -0.01961021 0.00962891
v -0.06076083 -0.01961021 0.00962891
v -0.06334674 -0.01657912 0.26249020
v -0.06137633 -0.01762881 0.00962572
v -0.06137633 -0.01762881 0.00962572
v -0.06385467 -0.01456225 0.26160724
v -0.06192592 -0.01562815 0.00962279
v -0.06192592 -0.01562815 0.00962279
v -0.06429653 -0.01252912 0.26083878
v -0.06240915 -0.01361037 0.00962021
v -0.06240915 -0.01361037 0.00962021
v -0.06467208 -0.01048196 0.26018588
v -0.06282542 -0.01157779 0.00961798
v -0.06282542 -0.01157779 0.00961798
v -0.06498046 -0.00842292 0.25964943
v -0.06317434 -0.00953251 0.00961612
v -0.06317434 -0.00953251 0.00961612
v -0.06522177 -0.00635418 0.25923000
v -0.06345552 -0.00747682 0.00961462
v -0.06345552 -0.00747682 0.00961462
v -0.06539547 -0.00427801 0.25892824
v -0.06366847 -0.00541299 0.00961348
v -0.06366847 -0.00541299 0.00961348
v -0.06550117 -0.00219668 0.25874436
v -0.06381318 -0.00334327 0.00961271
v -0.06381318 -0.00334327 0.00961271
v -0.06553890 -0.00011241 0.25867874
v -0.06388947 -0.00126988 0.00961230
v -0.06553890 -0.00011241 0.25867874
v -0.06389714 0.00080494 0.00961226
v -0.06388947 -0.00126988 0.00961230
v -0.06550853 0.00197251 0.25873163
v -0.06383626 0.00287884 0.00961259
v -0.06389714 0.00080494 0.00961226
v -0.06541001 0.00405585 0.25890307
v -0.06370687 0.00494963 0.00961328
v -0.06383626 0.00287884 0.00961259
v -0.06524330 0.00613530 0.25919273
v -0.06350915 0.00701499 0.00961434
v -0.06370687 0.00494963 0.00961328
v -0.06500871 0.00820871 0.25960068
v -0.06324333 0.00907268 0.00961576
v -0.06350915 0.00701499 0.00961434
v -0.06470633 0.01027365 0.26012642
v -0.06290958 0.01112050 0.00961755
v -0.06324333 0.00907268 0.00961576
v -0.06433645 0.01232796 0.26076934
v -0.06250823 0.01315610 0.00961969
v -0.06290958 0.01112050 0.00961755
v -0.06389944 0.01436939 0.26152923
v -0.06204002 0.01517738 0.00962220
v -0.06250823 0.01315610 0.00961969
v -0.06339573 0.01639575 0.26240495
v -0.06150526 0.01718208 0.00962505
v -0.06204002 0.01517738 0.00962220
v -0.06282588 0.01840467 0.26339602
v -0.06090444 0.01916803 0.00962827
v -0.06150526 0.01718208 0.00962505
v -0.06219020 0.02039408 0.26450096
v -0.06023837 0.02113298 0.00963173
v -0.06090444 0.01916803 0.00962827
v -0.06148953 0.02236166 0.26571923
v -0.05950775 0.02307490 0.00963573
v -0.06023837 0.02113298 0.00963173
v -0.06072463 0.02430539 0.26704932
v -0.05871339 0.02499158 0.00963998
v -0.05950775 0.02307490 0.00963573
v -0.05989620 0.02622296 0.26848955
v -0.05785598 0.02688094 0.00964456
v -0.05871339 0.02499158 0.00963998
v -0.05900511 0.02811238 0.27003900
v -0.05693669 0.02874098 0.00964947
v -0.05785598 0.02688094 0.00964456
v -0.05805234 0.02997154 0.27169545
v -0.05595641 0.03056964 0.00965471
v -0.05693669 0.02874098 0.00964947
v -0.05703879 0.03179827 0.27345784
v -0.05491636 0.03236489 0.00966027
v -0.05595641 0.03056964 0.00965471
v -0.05596556 0.03359064 0.27532398
v -0.05381737 0.03412474 0.00966614
v -0.05491636 0.03236489 0.00966027
v -0.05483377 0.03534652 0.27729159
v -0.05266094 0.03584734 0.00967232
v -0.05381737 0.03412474 0.00966614
v -0.05364471 0.03706412 0.27935898
v -0.05144821 0.03753079 0.00967880
v -0.05266094 0.03584734 0.00967232
v -0.05239953 0.03874139 0.28152399
v -0.05018055 0.03917334 0.00968558
v -0.05144821 0.03753079 0.00967880
v -0.05109965 0.04037654 0.28378406
v -0.04976326 0.04194701 0.28610751
v -0.04885928 0.04077296 0.00969264
v -0.04974647 0.04196767 0.28613975
v -0.04748578 0.04232810 0.00969998
v -0.04885928 0.04077296 0.00969264
v -0.04834200 0.04351407 0.28883044
v -0.04606173 0.04383697 0.00970759
v -0.04748578 0.04232810 0.00969998
v -0.04688731 0.04501294 0.29161785
v -0.04458857 0.04529798 0.00971546
v -0.04606173 0.04383697 0.00970759
v -0.04538365 0.04646253 0.29449872
v -0.04306785 0.04670948 0.00972358
v -0.04458857 0.04529798 0.00971546
v -0.04383278 0.04786127 0.29747020
v -0.04150148 0.04807000 0.00973195
v -0.04306785 0.04670948 0.00972358
v -0.04223639 0.04920756 0.30052863
v -0.03989082 0.04937801 0.00974056
v -0.04150148 0.04807000 0.00973195
v -0.04059623 0.05049982 0.30367105
v -0.03890936 0.05172903 0.30485350
v -0.03823797 0.05063210 0.00974939
v -0.03890936 0.05172903 0.30485350
v -0.03654446 0.05183078 0.00975844
v -0.03823797 0.05063210 0.00974939
v -0.03718022 0.05289725 0.30486273
v -0.03481245 0.05297294 0.00976770
v -0.03654446 0.05183078 0.00975844
v -0.03541331 0.05400769 0.30487198
v -0.03304347 0.05405719 0.00977715
v -0.03481245 0.05297294 0.00976770
v -0.03178963 -0.05123905 0.30490625
v -0.03052199 -0.05063959 0.00979056
v -0.03346692 -0.05024990 0.30489741
v -0.03346692 -0.05024990 0.30489741
v -0.03217930 -0.04964051 0.00978170
v -0.03511063 -0.04920588 0.30488850
v -0.03511063 -0.04920588 0.30488850
v -0.03380277 -0.04858723 0.00977303
v -0.03671896 -0.04810804 0.30487986
v -0.03671896 -0.04810804 0.30487986
v -0.03539055 -0.04748087 0.00976455
v -0.03829015 -0.04695762 0.30487152
v -0.03829015 -0.04695762 0.30487152
v -0.03694084 -0.04632263 0.00975626
v -0.03982240 -0.04575599 0.30486328
v -0.03694084 -0.04632263 0.00975626
v -0.04128979 -0.04450953 0.30234210
v -0.03982240 -0.04575599 0.30486328
v -0.03953118 0.04599049 0.30486494
v -0.03728295 0.04605609 0.00975449
v -0.03799126 0.04718241 0.30487312
v -0.03799126 0.04718241 0.30487312
v -0.03574123 0.04722575 0.00976273
v -0.03641286 0.04832274 0.30488173
v -0.03641286 0.04832274 0.30488173
v -0.03416172 0.04834385 0.00977117
v -0.03479750 0.04941034 0.30489019
v -0.03479750 0.04941034 0.30489019
v -0.03254614 0.04940917 0.00977980
v -0.03314709 0.05044392 0.30489918
v -0.03314709 0.05044392 0.30489918
v -0.03089630 0.05042049 0.00978862
v -0.03146358 0.05142243 0.30490805
v -0.03083084 -0.05530396 0.00978891
v -0.03052199 -0.05063959 0.00979056
v -0.02883250 -0.05158331 0.00979958
v -0.03264228 -0.05429204 0.00977923
v -0.03217930 -0.04964051 0.00978170
v -0.03441915 -0.05322098 0.00976963
v -0.03380277 -0.04858723 0.00977303
v -0.03615970 -0.05209172 0.00976043
v -0.03539055 -0.04748087 0.00976455
v -0.03786193 -0.05090553 0.00975134
v -0.03694084 -0.04632263 0.00975626
v -0.03952411 -0.04966374 0.00974246
v -0.03845203 -0.04511377 0.00974819
v -0.04114434 -0.04836769 0.00973370
v -0.03992252 -0.04385565 0.00974033
v -0.04425182 -0.04561864 0.00971720
v -0.04135049 -0.04254961 0.00973271
v -0.04273468 -0.04119710 0.00972531
v -0.04717096 -0.04267026 0.00970161
v -0.04407330 -0.03979964 0.00971816
v -0.04536504 -0.03835866 0.00971126
v -0.04855588 -0.04112535 0.00969421
v -0.04660846 -0.03687574 0.00970462
v -0.04988905 -0.03953551 0.00968709
v -0.04780229 -0.03535254 0.00969824
v -0.05239400 -0.03622805 0.00967370
v -0.04894501 -0.03379085 0.00969213
v -0.05003554 -0.03219216 0.00968631
v -0.05356325 -0.03451405 0.00966746
v -0.05107258 -0.03055829 0.00968077
v -0.05467513 -0.03276239 0.00966152
v -0.05205515 -0.02889104 0.00967552
v -0.05572862 -0.03097484 0.00965589
v -0.05298212 -0.02719225 0.00967057
v -0.05765534 -0.02730038 0.00964560
v -0.05385237 -0.02546373 0.00966592
v -0.05466502 -0.02370743 0.00966158
v -0.05933516 -0.02350665 0.00963662
v -0.05541909 -0.02192525 0.00965755
v -0.05611406 -0.02011908 0.00965384
v -0.06076082 -0.01961019 0.00962901
v -0.05674881 -0.01829093 0.00965045
v -0.05732291 -0.01644283 0.00964738
v -0.06137632 -0.01762878 0.00962572
v -0.05783560 -0.01457676 0.00964464
v -0.06240913 -0.01361035 0.00962021
v -0.05828631 -0.01269473 0.00964224
v -0.05867461 -0.01079886 0.00964016
v -0.06282542 -0.01157779 0.00961798
v -0.05900009 -0.00889115 0.00963842
v -0.06317437 -0.00953250 0.00961612
v -0.05926230 -0.00697383 0.00963702
v -0.06366847 -0.00541299 0.00961348
v -0.05946093 -0.00504882 0.00963596
v -0.05959598 -0.00311832 0.00963524
v -0.06388946 -0.00126987 0.00961230
v -0.05966698 -0.00118440 0.00963487
v -0.05967429 0.00075083 0.00963483
v -0.06383627 0.00287890 0.00961259
v -0.05961743 0.00268520 0.00963513
v -0.05949679 0.00461663 0.00963578
v -0.06350915 0.00701499 0.00961434
v -0.05931228 0.00654308 0.00963677
v -0.05906431 0.00846238 0.00963809
v -0.06290956 0.01112052 0.00961755
v -0.05875298 0.01037236 0.00963976
v -0.05837882 0.01227107 0.00964176
v -0.06203994 0.01517741 0.00962220
v -0.05794198 0.01415633 0.00964409
v -0.05744319 0.01602615 0.00964676
v -0.06150519 0.01718209 0.00962505
v -0.05688287 0.01787847 0.00964975
v -0.06023830 0.02113299 0.00963183
v -0.05626158 0.01971130 0.00965307
v -0.05558011 0.02152253 0.00965672
v -0.05871339 0.02499158 0.00963998
v -0.05483909 0.02331024 0.00966068
v -0.05785597 0.02688096 0.00964456
v -0.05403946 0.02507256 0.00966495
v -0.05693668 0.02874100 0.00964947
v -0.05318195 0.02680740 0.00966953
v -0.05226781 0.02851305 0.00967442
v -0.05595641 0.03056964 0.00965471
v -0.05129756 0.03018754 0.00967960
v -0.05381742 0.03412476 0.00966614
v -0.05027255 0.03182900 0.00968508
v -0.04919400 0.03343575 0.00969084
v -0.05144814 0.03753080 0.00967880
v -0.04806279 0.03500594 0.00969689
v -0.04688034 0.03653788 0.00970321
v -0.05018055 0.03917334 0.00968558
v -0.04564802 0.03802996 0.00970979
v -0.04748578 0.04232810 0.00969998
v -0.04436688 0.03948041 0.00971664
v -0.04303866 0.04088785 0.00972374
v -0.04458849 0.04529801 0.00971546
v -0.04166459 0.04225052 0.00973108
v -0.04306784 0.04670950 0.00972358
v -0.04024621 0.04356712 0.00973866
v -0.04150136 0.04806998 0.00973196
v -0.03878516 0.04483607 0.00974647
v -0.03728295 0.04605609 0.00975449
v -0.03989081 0.04937803 0.00974056
v -0.03574123 0.04722575 0.00976273
v -0.03654446 0.05183078 0.00975844
v -0.03416172 0.04834385 0.00977117
v -0.03254614 0.04940917 0.00977980
v -0.03481236 0.05297295 0.00976770
v -0.03089630 0.05042049 0.00978862
v -0.03264231 -0.05429209 0.00977923
v -0.03264228 -0.05429204 0.00977923
v -0.03441911 -0.05322100 0.00976963
v -0.03441915 -0.05322098 0.00976963
v -0.03786193 -0.05090553 0.00975134
v -0.03952407 -0.04966376 0.00974246
v -0.03952411 -0.04966374 0.00974246
v -0.03952411 -0.04966374 0.00974246
v -0.04114424 -0.04836769 0.00973380
v -0.04114434 -0.04836769 0.00973370
v -0.04272076 -0.04701885 0.00972538
v -0.04425182 -0.04561864 0.00971720
v -0.04573571 -0.04416857 0.00970927
v -0.04573586 -0.04416856 0.00970927
v -0.04717088 -0.04267030 0.00970161
v -0.04717096 -0.04267026 0.00970161
v -0.04855591 -0.04112541 0.00969421
v -0.04988907 -0.03953554 0.00968709
v -0.05116891 -0.03790250 0.00968025
v -0.05239401 -0.03622807 0.00967370
v -0.05239400 -0.03622805 0.00967370
v -0.05356318 -0.03451410 0.00966746
v -0.05356325 -0.03451405 0.00966746
v -0.05467514 -0.03276241 0.00966152
v -0.05467513 -0.03276239 0.00966152
v -0.05572858 -0.03097486 0.00965579
v -0.05572862 -0.03097484 0.00965589
v -0.05672234 -0.02915358 0.00965058
v -0.05672233 -0.02915356 0.00965058
v -0.05672233 -0.02915356 0.00965058
v -0.05765534 -0.02730038 0.00964550
v -0.05765534 -0.02730038 0.00964560
v -0.05765534 -0.02730038 0.00964550
v -0.05852667 -0.02541743 0.00964094
v -0.05765534 -0.02730038 0.00964560
v -0.05852667 -0.02541743 0.00964094
v -0.06008025 -0.02157024 0.00963264
v -0.06008023 -0.02157021 0.00963264
v -0.06008023 -0.02157021 0.00963264
v -0.06076083 -0.01961021 0.00962891
v -0.06076082 -0.01961019 0.00962901
v -0.06137633 -0.01762881 0.00962572
v -0.06137632 -0.01762878 0.00962572
v -0.06192592 -0.01562815 0.00962279
v -0.06192594 -0.01562810 0.00962279
v -0.06192594 -0.01562810 0.00962279
v -0.06240915 -0.01361037 0.00962021
v -0.06282542 -0.01157779 0.00961798
v -0.06317434 -0.00953251 0.00961612
v -0.06317437 -0.00953250 0.00961612
v -0.06345552 -0.00747682 0.00961462
v -0.06345551 -0.00747680 0.00961462
v -0.06366847 -0.00541299 0.00961348
v -0.06381318 -0.00334327 0.00961271
v -0.06381323 -0.00334324 0.00961271
v -0.06381323 -0.00334324 0.00961271
v -0.06388947 -0.00126988 0.00961230
v -0.06389714 0.00080494 0.00961226
v -0.06389714 0.00080494 0.00961226
v -0.06383626 0.00287884 0.00961259
v -0.06383627 0.00287890 0.00961259
v -0.06370687 0.00494963 0.00961328
v -0.06324333 0.00907268 0.00961576
v -0.06290958 0.01112050 0.00961755
v -0.06250823 0.01315610 0.00961969
v -0.06250822 0.01315612 0.00961969
v -0.06204002 0.01517738 0.00962220
v -0.06150526 0.01718208 0.00962505
v -0.06090444 0.01916803 0.00962827
v -0.06090444 0.01916803 0.00962827
v -0.06023837 0.02113298 0.00963173
v -0.06023830 0.02113299 0.00963183
v -0.05950775 0.02307490 0.00963573
v -0.05785598 0.02688094 0.00964456
v -0.05785597 0.02688096 0.00964456
v -0.05693669 0.02874098 0.00964947
v -0.05693668 0.02874100 0.00964947
v -0.05595641 0.03056964 0.00965471
v -0.05491636 0.03236489 0.00966027
v -0.05491635 0.03236491 0.00966027
v -0.05381737 0.03412474 0.00966614
v -0.05381742 0.03412476 0.00966614
v -0.05266094 0.03584734 0.00967232
v -0.05266090 0.03584740 0.00967232
v -0.05266090 0.03584740 0.00967232
v -0.05144821 0.03753079 0.00967880
v -0.04885928 0.04077296 0.00969264
v -0.04885915 0.04077297 0.00969264
v -0.04606173 0.04383697 0.00970759
v -0.04458857 0.04529798 0.00971546
v -0.04458849 0.04529801 0.00971546
v -0.04306785 0.04670948 0.00972358
v -0.04306784 0.04670950 0.00972358
v -0.04150148 0.04807000 0.00973195
v -0.04150136 0.04806998 0.00973196
v -0.03989082 0.04937801 0.00974056
v -0.03989081 0.04937803 0.00974056
v -0.03823797 0.05063210 0.00974939
v -0.03481245 0.05297294 0.00976770
v -0.03304347 0.05405719 0.00977715
v -0.04655476 0.03925097 0.29225478
v -0.04436688 0.03948041 0.00971664
v -0.04524142 0.04069152 0.29477114
v -0.06133243 0.00195224 0.26599256
v -0.05961743 0.00268520 0.00963513
v -0.06123687 0.00389631 0.26615869
v -0.05757253 -0.02090310 0.27252974
v -0.05466502 -0.02370743 0.00966158
v -0.05541909 -0.02192525 0.00965755
v -0.06022048 0.01161409 0.26792575
v -0.05837882 0.01227107 0.00964176
v -0.05980916 0.01351845 0.26864086
v -0.06107939 -0.00581891 0.26643236
v -0.05900009 -0.00889115 0.00963842
v -0.05926230 -0.00697383 0.00963702
v -0.05881598 -0.01723037 0.27036772
v -0.05611406 -0.02011908 0.00965384
v -0.05674881 -0.01829093 0.00965045
v -0.06136449 0.00000660 0.26593700
v -0.06133243 0.00195224 0.26599256
v -0.06550853 0.00197251 0.25873163
v -0.06107761 0.00583660 0.26643558
v -0.05931228 0.00654308 0.00963677
v -0.06085515 0.00777110 0.26682258
v -0.05980916 0.01351845 0.26864086
v -0.05794198 0.01415633 0.00964409
v -0.05933550 0.01540854 0.26946448
v -0.04388115 0.04208767 0.29737758
v -0.04166459 0.04225052 0.00973108
v -0.04247538 0.04343781 0.30007088
v -0.03997562 0.04651970 0.30486023
v -0.03997432 0.04562339 0.30486252
v -0.03953118 0.04599049 0.30486494
v -0.06085795 -0.00774993 0.26681747
v -0.05867461 -0.01079886 0.00964016
v -0.05900009 -0.00889115 0.00963842
v -0.06133284 -0.00193854 0.26599191
v -0.05946093 -0.00504882 0.00963596
v -0.05959598 -0.00311832 0.00963524
v -0.04796741 -0.03758815 0.28954831
v -0.04407330 -0.03979964 0.00971816
v -0.04536504 -0.03835866 0.00971126
v -0.05019953 0.03467939 0.28534911
v -0.04919400 0.03343575 0.00969084
v -0.04806279 0.03500594 0.00969689
v -0.05880013 0.01728232 0.27039536
v -0.05688287 0.01787847 0.00964975
v -0.05820353 0.01913772 0.27143266
v -0.05521762 0.02633496 0.27662423
v -0.05318195 0.02680740 0.00966953
v -0.05432525 0.02806825 0.27817572
v -0.04543139 -0.04048935 0.29440710
v -0.04135049 -0.04254961 0.00973271
v -0.04273468 -0.04119710 0.00972531
v -0.05245453 -0.03130872 0.28142824
v -0.04894501 -0.03379085 0.00969213
v -0.05003554 -0.03219216 0.00968631
v -0.04655476 0.03925097 0.29225478
v -0.04524142 0.04069152 0.29477114
v -0.04688731 0.04501294 0.29161785
v -0.04409443 -0.04187513 0.29696877
v -0.04546112 -0.04639042 0.29434993
v -0.04393307 -0.04777391 0.29727779
v -0.05526712 -0.02623493 0.27653803
v -0.05205515 -0.02889104 0.00967552
v -0.05298212 -0.02719225 0.00967057
v -0.04976322 -0.03526669 0.28610746
v -0.04660846 -0.03687574 0.00970462
v -0.05031135 -0.03452377 0.28515452
v -0.05432525 0.02806825 0.27817572
v -0.05226781 0.02851305 0.00967442
v -0.05337614 0.02977121 0.27982594
v -0.05438470 -0.02795733 0.27807233
v -0.05107258 -0.03055829 0.00968077
v -0.05205515 -0.02889104 0.00967552
v -0.04916367 -0.03607568 0.28725620
v -0.04536504 -0.03835866 0.00971126
v -0.04660846 -0.03687574 0.00970462
v -0.04781980 0.03776759 0.28983128
v -0.04564802 0.03802996 0.00970979
v -0.04655476 0.03925097 0.29225478
v -0.04247538 0.04343781 0.30007088
v -0.04024621 0.04356712 0.00973866
v -0.04102546 0.04474028 0.30284875
v -0.05933550 0.01540854 0.26946448
v -0.05744319 0.01602615 0.00964676
v -0.05880013 0.01728232 0.27039536
v -0.05981788 -0.01348133 0.26862578
v -0.05732291 -0.01644283 0.00964738
v -0.05783560 -0.01457676 0.00964464
v -0.06136449 0.00000660 0.26593700
v -0.05959598 -0.00311832 0.00963524
v -0.05966698 -0.00118440 0.00963487
v -0.04672287 -0.03905990 0.29193277
v -0.04273468 -0.04119710 0.00972531
v -0.04407330 -0.03979964 0.00971816
v -0.04524142 0.04069152 0.29477114
v -0.04303866 0.04088785 0.00972374
v -0.04388115 0.04208767 0.29737758
v -0.06123687 0.00389631 0.26615869
v -0.05949679 0.00461663 0.00963578
v -0.06107761 0.00583660 0.26643558
v -0.05344674 -0.02964914 0.27970298
v -0.05003554 -0.03219216 0.00968631
v -0.05107258 -0.03055829 0.00968077
v -0.05609322 -0.02448388 0.27510186
v -0.05298212 -0.02719225 0.00967057
v -0.05385237 -0.02546373 0.00966592
v -0.06085515 0.00777110 0.26682258
v -0.05906431 0.00846238 0.00963809
v -0.06056922 0.00969760 0.26731927
v -0.05131219 0.03307864 0.28341448
v -0.04919400 0.03343575 0.00969084
v -0.05019953 0.03467939 0.28534911
v -0.04102546 0.04474028 0.30284875
v -0.03878516 0.04483607 0.00974647
v -0.03953118 0.04599049 0.30486494
v -0.06136449 0.00000660 0.26593700
v -0.05967429 0.00075083 0.00963483
v -0.06133243 0.00195224 0.26599256
v -0.03997482 -0.04595306 0.30486160
v -0.03829015 -0.04695762 0.30487152
v -0.03982240 -0.04575599 0.30486328
v -0.04271351 -0.04321563 0.29961462
v -0.03845203 -0.04511377 0.00974819
v -0.03992252 -0.04385565 0.00974033
v -0.06022673 -0.01158319 0.26791483
v -0.05783560 -0.01457676 0.00964464
v -0.05828631 -0.01269473 0.00964224
v -0.05686199 -0.02270596 0.27376522
v -0.05385237 -0.02546373 0.00966592
v -0.05466502 -0.02370743 0.00966158
v -0.06123789 -0.00388111 0.26615712
v -0.05926230 -0.00697383 0.00963702
v -0.05946093 -0.00504882 0.00963596
v -0.05820353 0.01913772 0.27143266
v -0.05626158 0.01971130 0.00965307
v -0.05754623 0.02097271 0.27257547
v -0.05822405 -0.01907729 0.27139667
v -0.05541909 -0.02192525 0.00965755
v -0.05611406 -0.02011908 0.00965384
v -0.03998026 0.04971608 0.30485122
v -0.06056922 0.00969760 0.26731927
v -0.05875298 0.01037236 0.00963976
v -0.06022048 0.01161409 0.26792575
v -0.05934735 -0.01536440 0.26944364
v -0.05674881 -0.01829093 0.00965045
v -0.05732291 -0.01644283 0.00964738
v -0.06057354 -0.00967203 0.26731188
v -0.05828631 -0.01269473 0.00964224
v -0.05867461 -0.01079886 0.00964016
v -0.03997442 -0.04562854 0.30486247
v -0.05140894 -0.03293425 0.28324614
v -0.04780229 -0.03535254 0.00969824
v -0.04894501 -0.03379085 0.00969213
v -0.05237141 0.03144196 0.28157282
v -0.05027255 0.03182900 0.00968508
v -0.05131219 0.03307864 0.28341448
v -0.04903497 0.03624296 0.28750274
v -0.04688034 0.03653788 0.00970321
v -0.04781980 0.03776759 0.28983128
v -0.05337614 0.02977121 0.27982594
v -0.05129756 0.03018754 0.00967960
v -0.05237141 0.03144196 0.28157282
v -0.03799126 0.04718241 0.30487312
v -0.05605252 0.02457331 0.27517264
v -0.05403946 0.02507256 0.00966495
v -0.05521762 0.02633496 0.27662423
v -0.05754623 0.02097271 0.27257547
v -0.05558011 0.02152253 0.00965672
v -0.05682893 0.02278522 0.27382250
v -0.05682893 0.02278522 0.27382250
v -0.05483909 0.02331024 0.00966068
v -0.05605252 0.02457331 0.27517264
v -0.04409443 -0.04187513 0.29696877
v -0.03992252 -0.04385565 0.00974033
v -0.04135049 -0.04254961 0.00973271
v -0.03998215 -0.05095101 0.30484750
v -0.03146358 0.05142243 0.30490805
v -0.03378786 -0.05495965 0.30488067
v -0.03558701 -0.05390241 0.30487106
v -0.03264231 -0.05429209 0.00977923
v -0.03558701 -0.05390241 0.30487106
v -0.03735027 -0.05278629 0.30486176
v -0.03441911 -0.05322100 0.00976963
v -0.03735027 -0.05278629 0.30486176
v -0.03907573 -0.05161250 0.30485234
v -0.03615970 -0.05209172 0.00976043
v -0.03786193 -0.05090553 0.00975134
v -0.03615970 -0.05209172 0.00976043
v -0.04074702 -0.05038491 0.30338198
v -0.03998215 -0.05095101 0.30484750
v -0.03786193 -0.05090553 0.00975134
v -0.04074702 -0.05038491 0.30338198
v -0.04236112 -0.04910587 0.30028939
v -0.03952407 -0.04966376 0.00974246
v -0.04236112 -0.04910587 0.30028939
v -0.04393307 -0.04777391 0.29727779
v -0.04114424 -0.04836769 0.00973380
v -0.04393307 -0.04777391 0.29727779
v -0.04546112 -0.04639042 0.29434993
v -0.04272076 -0.04701885 0.00972538
v -0.04546112 -0.04639042 0.29434993
v -0.04694365 -0.04495690 0.29150964
v -0.04425182 -0.04561864 0.00971720
v -0.04694365 -0.04495690 0.29150964
v -0.04837917 -0.04347479 0.28875926
v -0.04717088 -0.04267030 0.00970161
v -0.04573571 -0.04416857 0.00970927
v -0.04976590 -0.04194578 0.28610275
v -0.04976312 -0.04194861 0.28610751
v -0.04976590 -0.04194578 0.28610275
v -0.04573571 -0.04416857 0.00970927
v -0.04717088 -0.04267030 0.00970161
v -0.04976590 -0.04194578 0.28610275
v -0.05110466 -0.04037072 0.28377519
v -0.04855591 -0.04112541 0.00969421
v -0.05110466 -0.04037072 0.28377519
v -0.05239171 -0.03875189 0.28153734
v -0.04988907 -0.03953554 0.00968709
v -0.05239171 -0.03875189 0.28153734
v -0.05362565 -0.03709099 0.27939210
v -0.05116891 -0.03790250 0.00968025
v -0.05362565 -0.03709099 0.27939210
v -0.05480508 -0.03538984 0.27734155
v -0.05239401 -0.03622807 0.00967370
v -0.05480508 -0.03538984 0.27734155
v -0.05592864 -0.03365023 0.27538785
v -0.05356318 -0.03451410 0.00966746
v -0.05592864 -0.03365023 0.27538785
v -0.05699518 -0.03187396 0.27353354
v -0.05467514 -0.03276241 0.00966152
v -0.05699518 -0.03187396 0.27353354
v -0.05800373 -0.03006293 0.27178021
v -0.05572858 -0.03097486 0.00965579
v -0.05800373 -0.03006293 0.27178021
v -0.05895268 -0.02821915 0.27013016
v -0.05672234 -0.02915358 0.00965058
v -0.05895268 -0.02821915 0.27013016
v -0.05984140 -0.02634445 0.26858495
v -0.05765534 -0.02730038 0.00964550
v -0.05984140 -0.02634445 0.26858495
v -0.06066871 -0.02444091 0.26714664
v -0.05852667 -0.02541743 0.00964094
v -0.06066871 -0.02444091 0.26714664
v -0.06143379 -0.02251054 0.26581647
v -0.05933516 -0.02350665 0.00963662
v -0.06143379 -0.02251054 0.26581647
v -0.06213558 -0.02055535 0.26459587
v -0.06008025 -0.02157024 0.00963264
v -0.06213558 -0.02055535 0.26459587
v -0.06277351 -0.01857755 0.26348695
v -0.06076083 -0.01961021 0.00962891
v -0.06277351 -0.01857755 0.26348695
v -0.06334674 -0.01657912 0.26249020
v -0.06137633 -0.01762881 0.00962572
v -0.06334674 -0.01657912 0.26249020
v -0.06385467 -0.01456225 0.26160724
v -0.06192592 -0.01562815 0.00962279
v -0.06385467 -0.01456225 0.26160724
v -0.06429653 -0.01252912 0.26083878
v -0.06240915 -0.01361037 0.00962021
v -0.06429653 -0.01252912 0.26083878
v -0.06467208 -0.01048196 0.26018588
v -0.06282542 -0.01157779 0.00961798
v -0.06467208 -0.01048196 0.26018588
v -0.06498046 -0.00842292 0.25964943
v -0.06317434 -0.00953251 0.00961612
v -0.06498046 -0.00842292 0.25964943
v -0.06522177 -0.00635418 0.25923000
v -0.06345552 -0.00747682 0.00961462
v -0.06522177 -0.00635418 0.25923000
v -0.06539547 -0.00427801 0.25892824
v -0.06366847 -0.00541299 0.00961348
v -0.06539547 -0.00427801 0.25892824
v -0.06550117 -0.00219668 0.25874436
v -0.06381318 -0.00334327 0.00961271
v -0.06550117 -0.00219668 0.25874436
v -0.06553890 -0.00011241 0.25867874
v -0.06553890 -0.00011241 0.25867874
v -0.06550853 0.00197251 0.25873163
v -0.06389714 0.00080494 0.00961226
v -0.06550853 0.00197251 0.25873163
v -0.06541001 0.00405585 0.25890307
v -0.06383626 0.00287884 0.00961259
v -0.06541001 0.00405585 0.25890307
v -0.06524330 0.00613530 0.25919273
v -0.06370687 0.00494963 0.00961328
v -0.06524330 0.00613530 0.25919273
v -0.06500871 0.00820871 0.25960068
v -0.06350915 0.00701499 0.00961434
v -0.06500871 0.00820871 0.25960068
v -0.06470633 0.01027365 0.26012642
v -0.06324333 0.00907268 0.00961576
v -0.06470633 0.01027365 0.26012642
v -0.06433645 0.01232796 0.26076934
v -0.06290958 0.01112050 0.00961755
v -0.06433645 0.01232796 0.26076934
v -0.06389944 0.01436939 0.26152923
v -0.06250823 0.01315610 0.00961969
v -0.06389944 0.01436939 0.26152923
v -0.06339573 0.01639575 0.26240495
v -0.06204002 0.01517738 0.00962220
v -0.06339573 0.01639575 0.26240495
v -0.06282588 0.01840467 0.26339602
v -0.06150526 0.01718208 0.00962505
v -0.06282588 0.01840467 0.26339602
v -0.06219020 0.02039408 0.26450096
v -0.06090444 0.01916803 0.00962827
v -0.06219020 0.02039408 0.26450096
v -0.06148953 0.02236166 0.26571923
v -0.06023837 0.02113298 0.00963173
v -0.06148953 0.02236166 0.26571923
v -0.06072463 0.02430539 0.26704932
v -0.05950775 0.02307490 0.00963573
v -0.06072463 0.02430539 0.26704932
v -0.05989620 0.02622296 0.26848955
v -0.05871339 0.02499158 0.00963998
v -0.05989620 0.02622296 0.26848955
v -0.05900511 0.02811238 0.27003900
v -0.05785598 0.02688094 0.00964456
v -0.05900511 0.02811238 0.27003900
v -0.05805234 0.02997154 0.27169545
v -0.05693669 0.02874098 0.00964947
v -0.05805234 0.02997154 0.27169545
v -0.05703879 0.03179827 0.27345784
v -0.05595641 0.03056964 0.00965471
v -0.05703879 0.03179827 0.27345784
v -0.05596556 0.03359064 0.27532398
v -0.05491636 0.03236489 0.00966027
v -0.05596556 0.03359064 0.27532398
v -0.05483377 0.03534652 0.27729159
v -0.05381737 0.03412474 0.00966614
v -0.05483377 0.03534652 0.27729159
v -0.05364471 0.03706412 0.27935898
v -0.05266094 0.03584734 0.00967232
v -0.05364471 0.03706412 0.27935898
v -0.05239953 0.03874139 0.28152399
v -0.05144821 0.03753079 0.00967880
v -0.05239953 0.03874139 0.28152399
v -0.05109965 0.04037654 0.28378406
v -0.05018055 0.03917334 0.00968558
v -0.04885928 0.04077296 0.00969264
v -0.05018055 0.03917334 0.00968558
v -0.05109965 0.04037654 0.28378406
v -0.04976326 0.04194701 0.28610751
v -0.04974647 0.04196767 0.28613975
v -0.04885928 0.04077296 0.00969264
v -0.04974647 0.04196767 0.28613975
v -0.04834200 0.04351407 0.28883044
v -0.04748578 0.04232810 0.00969998
v -0.04834200 0.04351407 0.28883044
v -0.04688731 0.04501294 0.29161785
v -0.04606173 0.04383697 0.00970759
v -0.04688731 0.04501294 0.29161785
v -0.04538365 0.04646253 0.29449872
v -0.04458857 0.04529798 0.00971546
v -0.04538365 0.04646253 0.29449872
v -0.04383278 0.04786127 0.29747020
v -0.04306785 0.04670948 0.00972358
v -0.04383278 0.04786127 0.29747020
v -0.04223639 0.04920756 0.30052863
v -0.04150148 0.04807000 0.00973195
v -0.04223639 0.04920756 0.30052863
v -0.04059623 0.05049982 0.30367105
v -0.03989082 0.04937801 0.00974056
v -0.03823797 0.05063210 0.00974939
v -0.03989082 0.04937801 0.00974056
v -0.04059623 0.05049982 0.30367105
v -0.03998210 0.05095150 0.30484764
v -0.03890936 0.05172903 0.30485350
v -0.03718022 0.05289725 0.30486273
v -0.03654446 0.05183078 0.00975844
v -0.03718022 0.05289725 0.30486273
v -0.03541331 0.05400769 0.30487198
v -0.03481245 0.05297294 0.00976770
v -0.03541331 0.05400769 0.30487198
v -0.03361070 0.05505914 0.30488161
v -0.03304347 0.05405719 0.00977715
v -0.03178963 -0.05123905 0.30490625
v -0.02883250 -0.05158331 0.00979958
v -0.03052199 -0.05063959 0.00979056
v -0.03346692 -0.05024990 0.30489741
v -0.03052199 -0.05063959 0.00979056
v -0.03217930 -0.04964051 0.00978170
v -0.03511063 -0.04920588 0.30488850
v -0.03217930 -0.04964051 0.00978170
v -0.03380277 -0.04858723 0.00977303
v -0.03671896 -0.04810804 0.30487986
v -0.03380277 -0.04858723 0.00977303
v -0.03539055 -0.04748087 0.00976455
v -0.03829015 -0.04695762 0.30487152
v -0.03539055 -0.04748087 0.00976455
v -0.03694084 -0.04632263 0.00975626
v -0.03997442 -0.04562854 0.30486247
v -0.03694084 -0.04632263 0.00975626
v -0.03845203 -0.04511377 0.00974819
v -0.04128979 -0.04450953 0.30234210
v -0.03953118 0.04599049 0.30486494
v -0.03878516 0.04483607 0.00974647
v -0.03728295 0.04605609 0.00975449
v -0.03799126 0.04718241 0.30487312
v -0.03728295 0.04605609 0.00975449
v -0.03574123 0.04722575 0.00976273
v -0.03641286 0.04832274 0.30488173
v -0.03574123 0.04722575 0.00976273
v -0.03416172 0.04834385 0.00977117
v -0.03254614 0.04940917 0.00977980
v -0.03314709 0.05044392 0.30489918
v -0.03254614 0.04940917 0.00977980
v -0.03089630 0.05042049 0.00978862
v -0.04573586 -0.04416856 0.00970927
v -0.05491635 0.03236491 0.00966027
v -0.03441911 -0.05322100 0.00976963
v -0.03615970 -0.05209172 0.00976043
v -0.03952407 -0.04966376 0.00974246
v -0.04114424 -0.04836769 0.00973380
v -0.04114434 -0.04836769 0.00973370
v -0.04114424 -0.04836769 0.00973380
v -0.04272076 -0.04701885 0.00972538
v -0.04573571 -0.04416857 0.00970927
v -0.04855591 -0.04112541 0.00969421
v -0.05356318 -0.03451410 0.00966746
v -0.05467514 -0.03276241 0.00966152
v -0.05572858 -0.03097486 0.00965579
v -0.05572862 -0.03097484 0.00965589
v -0.05572858 -0.03097486 0.00965579
v -0.05672234 -0.02915358 0.00965058
v -0.05765534 -0.02730038 0.00964550
v -0.06076083 -0.01961021 0.00962891
v -0.06076082 -0.01961019 0.00962901
v -0.06076083 -0.01961021 0.00962891
v -0.06137633 -0.01762881 0.00962572
v -0.06192592 -0.01562815 0.00962279
v -0.06240915 -0.01361037 0.00962021
v -0.06317434 -0.00953251 0.00961612
v -0.06345552 -0.00747682 0.00961462
v -0.06381318 -0.00334327 0.00961271
v -0.06388947 -0.00126988 0.00961230
v -0.06383626 0.00287884 0.00961259
v -0.06370687 0.00494963 0.00961328
v -0.06023837 0.02113298 0.00963173
v -0.06023830 0.02113299 0.00963183
v -0.06023837 0.02113298 0.00963173
v -0.05950775 0.02307490 0.00963573
v -0.05693669 0.02874098 0.00964947
v -0.05491636 0.03236489 0.00966027
v -0.05381737 0.03412474 0.00966614
v -0.05144821 0.03753079 0.00967880
v -0.04306785 0.04670948 0.00972358
v -0.04150148 0.04807000 0.00973195
v -0.03989082 0.04937801 0.00974056
v -0.03823797 0.05063210 0.00974939
v -0.04655476 0.03925097 0.29225478
v -0.04564802 0.03802996 0.00970979
v -0.04436688 0.03948041 0.00971664
v -0.06133243 0.00195224 0.26599256
v -0.05967429 0.00075083 0.00963483
v -0.05961743 0.00268520 0.00963513
v -0.05757253 -0.02090310 0.27252974
v -0.05686199 -0.02270596 0.27376522
v -0.05466502 -0.02370743 0.00966158
v -0.06022048 0.01161409 0.26792575
v -0.05875298 0.01037236 0.00963976
v -0.05837882 0.01227107 0.00964176
v -0.06107939 -0.00581891 0.26643236
v -0.06085795 -0.00774993 0.26681747
v -0.05900009 -0.00889115 0.00963842
v -0.05881598 -0.01723037 0.27036772
v -0.05822405 -0.01907729 0.27139667
v -0.05611406 -0.02011908 0.00965384
v -0.04976590 -0.04194578 0.28610275
v -0.04976312 -0.04194861 0.28610751
v -0.04976322 -0.03526669 0.28610746
v -0.04976590 -0.04194578 0.28610275
v -0.04976322 -0.03526669 0.28610746
v -0.05110466 -0.04037072 0.28377519
v -0.05239171 -0.03875189 0.28153734
v -0.05031135 -0.03452377 0.28515452
v -0.05480508 -0.03538984 0.27734155
v -0.05362565 -0.03709099 0.27939210
v -0.05245453 -0.03130872 0.28142824
v -0.05699518 -0.03187396 0.27353354
v -0.05592864 -0.03365023 0.27538785
v -0.05438470 -0.02795733 0.27807233
v -0.05895268 -0.02821915 0.27013016
v -0.05800373 -0.03006293 0.27178021
v -0.05609322 -0.02448388 0.27510186
v -0.06066871 -0.02444091 0.26714664
v -0.05984140 -0.02634445 0.26858495
v -0.05757253 -0.02090310 0.27252974
v -0.06213558 -0.02055535 0.26459587
v -0.06143379 -0.02251054 0.26581647
v -0.05881598 -0.01723037 0.27036772
v -0.06334674 -0.01657912 0.26249020
v -0.06277351 -0.01857755 0.26348695
v -0.05981788 -0.01348133 0.26862578
v -0.06429653 -0.01252912 0.26083878
v -0.06385467 -0.01456225 0.26160724
v -0.06022673 -0.01158319 0.26791483
v -0.06498046 -0.00842292 0.25964943
v -0.06467208 -0.01048196 0.26018588
v -0.06085795 -0.00774993 0.26681747
v -0.06539547 -0.00427801 0.25892824
v -0.06522177 -0.00635418 0.25923000
v -0.06123789 -0.00388111 0.26615712
v -0.06553890 -0.00011241 0.25867874
v -0.06550117 -0.00219668 0.25874436
v -0.06541001 0.00405585 0.25890307
v -0.06500871 0.00820871 0.25960068
v -0.06524330 0.00613530 0.25919273
v -0.06107761 0.00583660 0.26643558
v -0.06433645 0.01232796 0.26076934
v -0.06470633 0.01027365 0.26012642
v -0.06056922 0.00969760 0.26731927
v -0.06339573 0.01639575 0.26240495
v -0.06022048 0.01161409 0.26792575
v -0.05980916 0.01351845 0.26864086
v -0.06219020 0.02039408 0.26450096
v -0.05933550 0.01540854 0.26946448
v -0.05880013 0.01728232 0.27039536
v -0.06072463 0.02430539 0.26704932
v -0.05820353 0.01913772 0.27143266
v -0.05754623 0.02097271 0.27257547
v -0.05900511 0.02811238 0.27003900
v -0.05682893 0.02278522 0.27382250
v -0.05605252 0.02457331 0.27517264
v -0.05703879 0.03179827 0.27345784
v -0.05805234 0.02997154 0.27169545
v -0.05521762 0.02633496 0.27662423
v -0.05483377 0.03534652 0.27729159
v -0.05596556 0.03359064 0.27532398
v -0.05337614 0.02977121 0.27982594
v -0.05239953 0.03874139 0.28152399
v -0.05364471 0.03706412 0.27935898
v -0.05131219 0.03307864 0.28341448
v -0.04976326 0.04194701 0.28610751
v -0.05109965 0.04037654 0.28378406
v -0.04976323 0.03526781 0.28610751
v -0.05019953 0.03467939 0.28534911
v -0.05432525 0.02806825 0.27817572
v -0.05989620 0.02622296 0.26848955
v -0.06148953 0.02236166 0.26571923
v -0.06085515 0.00777110 0.26682258
v -0.06107939 -0.00581891 0.26643236
v -0.05934735 -0.01536440 0.26944364
v -0.05526712 -0.02623493 0.27653803
v -0.05140894 -0.03293425 0.28324614
v -0.05344674 -0.02964914 0.27970298
v -0.06133284 -0.00193854 0.26599191
v -0.06282588 0.01840467 0.26339602
v -0.05237141 0.03144196 0.28157282
v -0.06057354 -0.00967203 0.26731188
v -0.05686199 -0.02270596 0.27376522
v -0.05822405 -0.01907729 0.27139667
v -0.06389944 0.01436939 0.26152923
v -0.06123687 0.00389631 0.26615869
v -0.06107761 0.00583660 0.26643558
v -0.05949679 0.00461663 0.00963578
v -0.05931228 0.00654308 0.00963677
v -0.05980916 0.01351845 0.26864086
v -0.05837882 0.01227107 0.00964176
v -0.05794198 0.01415633 0.00964409
v -0.04388115 0.04208767 0.29737758
v -0.04303866 0.04088785 0.00972374
v -0.04166459 0.04225052 0.00973108
v -0.06085795 -0.00774993 0.26681747
v -0.06057354 -0.00967203 0.26731188
v -0.05867461 -0.01079886 0.00964016
v -0.06133284 -0.00193854 0.26599191
v -0.06123789 -0.00388111 0.26615712
v -0.05946093 -0.00504882 0.00963596
v -0.04796741 -0.03758815 0.28954831
v -0.04672287 -0.03905990 0.29193277
v -0.04407330 -0.03979964 0.00971816
v -0.04806279 0.03500594 0.00969689
v -0.04903497 0.03624296 0.28750274
v -0.04976323 0.03526781 0.28610751
v -0.05019953 0.03467939 0.28534911
v -0.05880013 0.01728232 0.27039536
v -0.05744319 0.01602615 0.00964676
v -0.05688287 0.01787847 0.00964975
v -0.05521762 0.02633496 0.27662423
v -0.05403946 0.02507256 0.00966495
v -0.05318195 0.02680740 0.00966953
v -0.04543139 -0.04048935 0.29440710
v -0.04409443 -0.04187513 0.29696877
v -0.04135049 -0.04254961 0.00973271
v -0.05245453 -0.03130872 0.28142824
v -0.05140894 -0.03293425 0.28324614
v -0.04894501 -0.03379085 0.00969213
v -0.04974647 0.04196767 0.28613975
v -0.04976326 0.04194701 0.28610751
v -0.04781980 0.03776759 0.28983128
v -0.04976323 0.03526781 0.28610751
v -0.04903497 0.03624296 0.28750274
v -0.04834200 0.04351407 0.28883044
v -0.04383278 0.04786127 0.29747020
v -0.04538365 0.04646253 0.29449872
v -0.04388115 0.04208767 0.29737758
v -0.04059623 0.05049982 0.30367105
v -0.03997562 0.04651970 0.30486023
v -0.03998026 0.04971608 0.30485122
v -0.03998210 0.05095150 0.30484764
v -0.03997432 0.04562339 0.30486252
v -0.04102546 0.04474028 0.30284875
v -0.04223639 0.04920756 0.30052863
v -0.04247538 0.04343781 0.30007088
v -0.04916367 -0.03607568 0.28725620
v -0.04976322 -0.03526669 0.28610746
v -0.04976312 -0.04194861 0.28610751
v -0.04837917 -0.04347479 0.28875926
v -0.04796741 -0.03758815 0.28954831
v -0.04694365 -0.04495690 0.29150964
v -0.04543139 -0.04048935 0.29440710
v -0.04236112 -0.04910587 0.30028939
v -0.04271351 -0.04321563 0.29961462
v -0.04074702 -0.05038491 0.30338198
v -0.03998215 -0.05095101 0.30484750
v -0.03997957 -0.04929896 0.30485221
v -0.03997482 -0.04595306 0.30486160
v -0.03997442 -0.04562854 0.30486247
v -0.04128979 -0.04450953 0.30234210
v -0.04672287 -0.03905990 0.29193277
v -0.05526712 -0.02623493 0.27653803
v -0.05438470 -0.02795733 0.27807233
v -0.05205515 -0.02889104 0.00967552
v -0.04780229 -0.03535254 0.00969824
v -0.05031135 -0.03452377 0.28515452
v -0.04660846 -0.03687574 0.00970462
v -0.04916367 -0.03607568 0.28725620
v -0.05432525 0.02806825 0.27817572
v -0.05318195 0.02680740 0.00966953
v -0.05226781 0.02851305 0.00967442
v -0.05438470 -0.02795733 0.27807233
v -0.05344674 -0.02964914 0.27970298
v -0.05107258 -0.03055829 0.00968077
v -0.04916367 -0.03607568 0.28725620
v -0.04796741 -0.03758815 0.28954831
v -0.04536504 -0.03835866 0.00971126
v -0.04781980 0.03776759 0.28983128
v -0.04688034 0.03653788 0.00970321
v -0.04564802 0.03802996 0.00970979
v -0.04247538 0.04343781 0.30007088
v -0.04166459 0.04225052 0.00973108
v -0.04024621 0.04356712 0.00973866
v -0.05933550 0.01540854 0.26946448
v -0.05794198 0.01415633 0.00964409
v -0.05744319 0.01602615 0.00964676
v -0.05981788 -0.01348133 0.26862578
v -0.05934735 -0.01536440 0.26944364
v -0.05732291 -0.01644283 0.00964738
v -0.06136449 0.00000660 0.26593700
v -0.06133284 -0.00193854 0.26599191
v -0.05959598 -0.00311832 0.00963524
v -0.04672287 -0.03905990 0.29193277
v -0.04543139 -0.04048935 0.29440710
v -0.04273468 -0.04119710 0.00972531
v -0.04524142 0.04069152 0.29477114
v -0.04436688 0.03948041 0.00971664
v -0.04303866 0.04088785 0.00972374
v -0.06123687 0.00389631 0.26615869
v -0.05961743 0.00268520 0.00963513
v -0.05949679 0.00461663 0.00963578
v -0.05344674 -0.02964914 0.27970298
v -0.05245453 -0.03130872 0.28142824
v -0.05003554 -0.03219216 0.00968631
v -0.05609322 -0.02448388 0.27510186
v -0.05526712 -0.02623493 0.27653803
v -0.05298212 -0.02719225 0.00967057
v -0.06085515 0.00777110 0.26682258
v -0.05931228 0.00654308 0.00963677
v -0.05906431 0.00846238 0.00963809
v -0.05131219 0.03307864 0.28341448
v -0.05027255 0.03182900 0.00968508
v -0.04919400 0.03343575 0.00969084
v -0.03997432 0.04562339 0.30486252
v -0.04102546 0.04474028 0.30284875
v -0.04024621 0.04356712 0.00973866
v -0.03878516 0.04483607 0.00974647
v -0.06136449 0.00000660 0.26593700
v -0.05966698 -0.00118440 0.00963487
v -0.05967429 0.00075083 0.00963483
v -0.04271351 -0.04321563 0.29961462
v -0.04128979 -0.04450953 0.30234210
v -0.03845203 -0.04511377 0.00974819
v -0.06022673 -0.01158319 0.26791483
v -0.05981788 -0.01348133 0.26862578
v -0.05783560 -0.01457676 0.00964464
v -0.05686199 -0.02270596 0.27376522
v -0.05609322 -0.02448388 0.27510186
v -0.05385237 -0.02546373 0.00966592
v -0.06123789 -0.00388111 0.26615712
v -0.06107939 -0.00581891 0.26643236
v -0.05926230 -0.00697383 0.00963702
v -0.05820353 0.01913772 0.27143266
v -0.05688287 0.01787847 0.00964975
v -0.05626158 0.01971130 0.00965307
v -0.05822405 -0.01907729 0.27139667
v -0.05757253 -0.02090310 0.27252974
v -0.05541909 -0.02192525 0.00965755
v -0.03998210 0.05095150 0.30484764
v -0.06056922 0.00969760 0.26731927
v -0.05906431 0.00846238 0.00963809
v -0.05875298 0.01037236 0.00963976
v -0.05934735 -0.01536440 0.26944364
v -0.05881598 -0.01723037 0.27036772
v -0.05674881 -0.01829093 0.00965045
v -0.06057354 -0.00967203 0.26731188
v -0.06022673 -0.01158319 0.26791483
v -0.05828631 -0.01269473 0.00964224
v -0.05140894 -0.03293425 0.28324614
v -0.05031135 -0.03452377 0.28515452
v -0.04780229 -0.03535254 0.00969824
v -0.05237141 0.03144196 0.28157282
v -0.05129756 0.03018754 0.00967960
v -0.05027255 0.03182900 0.00968508
v -0.04903497 0.03624296 0.28750274
v -0.04806279 0.03500594 0.00969689
v -0.04688034 0.03653788 0.00970321
v -0.05337614 0.02977121 0.27982594
v -0.05226781 0.02851305 0.00967442
v -0.05129756 0.03018754 0.00967960
v -0.05605252 0.02457331 0.27517264
v -0.05483909 0.02331024 0.00966068
v -0.05403946 0.02507256 0.00966495
v -0.05754623 0.02097271 0.27257547
v -0.05626158 0.01971130 0.00965307
v -0.05558011 0.02152253 0.00965672
v -0.05682893 0.02278522 0.27382250
v -0.05558011 0.02152253 0.00965672
v -0.05483909 0.02331024 0.00966068
v -0.04409443 -0.04187513 0.29696877
v -0.04271351 -0.04321563 0.29961462
v -0.03992252 -0.04385565 0.00974033
vn -0.00710508 -0.00308103 0.99997001
vn -0.00715753 -0.00304815 0.99996974
vn -0.00713118 -0.00304381 0.99996994
vn -0.00717334 -0.00302389 0.99996970
vn -0.00730313 -0.00292590 0.99996905
vn -0.00732012 -0.00290299 0.99996899
vn -0.00740590 -0.00285260 0.99996851
vn -0.00739403 -0.00288815 0.99996849
vn -0.00745667 -0.00284377 0.99996815
vn -0.00734991 0.00286954 0.99996887
vn -0.00720680 0.00296731 0.99996963
vn -0.00739866 0.00288589 0.99996847
vn -0.00723784 0.00296519 0.99996941
vn -0.00715975 0.00304365 0.99996974
vn -0.00720161 0.00303836 0.99996945
vn -0.00712422 0.00309105 0.99996984
vn -0.48764670 -0.87303250 -0.00386791
vn -0.48764670 -0.87303250 -0.00386791
vn -0.48764670 -0.87303250 -0.00386791
vn -0.51624983 -0.85642860 -0.00402069
vn -0.51624983 -0.85642860 -0.00402069
vn -0.51624983 -0.85642860 -0.00402069
vn -0.54425548 -0.83890916 -0.00417029
vn -0.54425548 -0.83890916 -0.00417029
vn -0.54425548 -0.83890916 -0.00417029
vn -0.58942786 -0.80780872 -0.00445656
vn -0.58940800 -0.80782303 -0.00449109
vn -0.58939574 -0.80783185 -0.00451239
vn -0.59848801 -0.80112020 -0.00430570
vn -0.59848801 -0.80112020 -0.00430570
vn -0.59848801 -0.80112020 -0.00430570
vn -0.62465598 -0.78088740 -0.00444589
vn -0.62465598 -0.78088740 -0.00444589
vn -0.62465598 -0.78088740 -0.00444589
vn -0.65008301 -0.75984939 -0.00458130
vn -0.65008301 -0.75984939 -0.00458130
vn -0.65008301 -0.75984939 -0.00458130
vn -0.67484865 -0.73794111 -0.00471356
vn -0.67484865 -0.73794111 -0.00471356
vn -0.67484865 -0.73794111 -0.00471356
vn -0.69889094 -0.71521186 -0.00484247
vn -0.69889094 -0.71521186 -0.00484247
vn -0.69889094 -0.71521186 -0.00484247
vn -0.73617804 -0.67676724 -0.00529127
vn -0.73617804 -0.67676724 -0.00529127
vn -0.73617804 -0.67676724 -0.00529127
vn -0.74455972 -0.66753648 -0.00508578
vn -0.74455972 -0.66753648 -0.00508578
vn -0.74455972 -0.66753648 -0.00508578
vn -0.76623608 -0.64253810 -0.00520173
vn -0.76623608 -0.64253810 -0.00520173
vn -0.76623608 -0.64253810 -0.00520173
vn -0.78705867 -0.61685527 -0.00531313
vn -0.78705867 -0.61685527 -0.00531313
vn -0.78705867 -0.61685527 -0.00531313
vn -0.80702984 -0.59048578 -0.00542032
vn -0.80702984 -0.59048578 -0.00542032
vn -0.80702984 -0.59048578 -0.00542032
vn -0.82608127 -0.56352395 -0.00552178
vn -0.82608127 -0.56352395 -0.00552178
vn -0.82608127 -0.56352395 -0.00552178
vn -0.84423906 -0.53593735 -0.00561828
vn -0.84423906 -0.53593735 -0.00561828
vn -0.84423906 -0.53593735 -0.00561828
vn -0.86150286 -0.50772060 -0.00571118
vn -0.86150286 -0.50772060 -0.00571118
vn -0.86150286 -0.50772060 -0.00571118
vn -0.87780736 -0.47897873 -0.00579793
vn -0.87780736 -0.47897873 -0.00579793
vn -0.87780736 -0.47897873 -0.00579793
vn -0.89316792 -0.44968487 -0.00588034
vn -0.89316792 -0.44968487 -0.00588034
vn -0.89316792 -0.44968487 -0.00588034
vn -0.90751973 -0.41996721 -0.00595654
vn -0.90751973 -0.41996721 -0.00595654
vn -0.90751973 -0.41996721 -0.00595654
vn -0.92093079 -0.38967953 -0.00602908
vn -0.92093079 -0.38967953 -0.00602908
vn -0.92093079 -0.38967953 -0.00602908
vn -0.93327326 -0.35911543 -0.00609392
vn -0.93327326 -0.35911543 -0.00609392
vn -0.93327326 -0.35911543 -0.00609392
vn -0.94464945 -0.32802368 -0.00615516
vn -0.94464945 -0.32802368 -0.00615516
vn -0.94464945 -0.32802368 -0.00615516
vn -0.95496407 -0.29665648 -0.00620995
vn -0.95496407 -0.29665648 -0.00620995
vn -0.95496407 -0.29665648 -0.00620995
vn -0.96425691 -0.26489513 -0.00626016
vn -0.96425691 -0.26489513 -0.00626016
vn -0.96425691 -0.26489513 -0.00626016
vn -0.97247980 -0.23290192 -0.00630376
vn -0.97247980 -0.23290192 -0.00630376
vn -0.97247980 -0.23290192 -0.00630376
vn -0.97964448 -0.20064013 -0.00634240
vn -0.97964448 -0.20064013 -0.00634240
vn -0.97964448 -0.20064013 -0.00634240
vn -0.98573753 -0.16816924 -0.00637420
vn -0.98573753 -0.16816924 -0.00637420
vn -0.98573753 -0.16816924 -0.00637420
vn -0.99075398 -0.13551968 -0.00640098
vn -0.99075398 -0.13551968 -0.00640098
vn -0.99075398 -0.13551968 -0.00640098
vn -0.99469809 -0.10263752 -0.00642302
vn -0.99469809 -0.10263752 -0.00642302
vn -0.99469809 -0.10263752 -0.00642302
vn -0.99754385 -0.06974832 -0.00643788
vn -0.99754385 -0.06974832 -0.00643788
vn -0.99754385 -0.06974832 -0.00643788
vn -0.99930280 -0.03677428 -0.00644690
vn -0.99930280 -0.03677428 -0.00644690
vn -0.99930280 -0.03677428 -0.00644690
vn -0.99997135 -0.00369714 -0.00660505
vn -0.99997135 -0.00369714 -0.00660505
vn -0.99997135 -0.00369714 -0.00660505
vn -0.99954751 0.02934565 -0.00660293
vn -0.99954751 0.02934565 -0.00660293
vn -0.99954751 0.02934565 -0.00660293
vn -0.99803184 0.06236150 -0.00659494
vn -0.99803184 0.06236150 -0.00659494
vn -0.99803184 0.06236150 -0.00659494
vn -0.99542716 0.09529667 -0.00658064
vn -0.99542716 0.09529667 -0.00658064
vn -0.99542716 0.09529667 -0.00658064
vn -0.99173673 0.12812188 -0.00656079
vn -0.99173673 0.12812188 -0.00656079
vn -0.99173673 0.12812188 -0.00656079
vn -0.98695555 0.16086031 -0.00653506
vn -0.98695555 0.16086031 -0.00653506
vn -0.98695555 0.16086031 -0.00653506
vn -0.98109030 0.19344124 -0.00650392
vn -0.98109030 0.19344124 -0.00650392
vn -0.98109030 0.19344124 -0.00650392
vn -0.97418325 0.22566606 -0.00646696
vn -0.97418325 0.22566606 -0.00646696
vn -0.97418325 0.22566606 -0.00646696
vn -0.96619095 0.25774750 -0.00642411
vn -0.96619095 0.25774750 -0.00642411
vn -0.96619095 0.25774750 -0.00642411
vn -0.95713376 0.28957610 -0.00637601
vn -0.95713376 0.28957610 -0.00637601
vn -0.95713376 0.28957610 -0.00637601
vn -0.94704594 0.32103586 -0.00632192
vn -0.94704594 0.32103586 -0.00632192
vn -0.94704594 0.32103586 -0.00632192
vn -0.93592623 0.35214042 -0.00626218
vn -0.93592623 0.35214042 -0.00626218
vn -0.93592623 0.35214042 -0.00626218
vn -0.92377989 0.38287375 -0.00619723
vn -0.92377989 0.38287375 -0.00619723
vn -0.92377989 0.38287375 -0.00619723
vn -0.91059732 0.41324930 -0.00612686
vn -0.91059732 0.41324930 -0.00612686
vn -0.91059732 0.41324930 -0.00612686
vn -0.89646271 0.44307787 -0.00605148
vn -0.89646271 0.44307787 -0.00605148
vn -0.89646271 0.44307787 -0.00605148
vn -0.88132851 0.47246629 -0.00597091
vn -0.88132851 0.47246629 -0.00597091
vn -0.88132851 0.47246629 -0.00597091
vn -0.86525940 0.50128987 -0.00588484
vn -0.86525940 0.50128987 -0.00588484
vn -0.86525940 0.50128987 -0.00588484
vn -0.84817235 0.52968869 -0.00579366
vn -0.84817235 0.52968869 -0.00579366
vn -0.84817235 0.52968869 -0.00579366
vn -0.83023563 0.55738347 -0.00569771
vn -0.83023563 0.55738347 -0.00569771
vn -0.83023563 0.55738347 -0.00569771
vn -0.81136616 0.58451145 -0.00559697
vn -0.81136616 0.58451145 -0.00559697
vn -0.81136616 0.58451145 -0.00559697
vn -0.79162999 0.61097611 -0.00549115
vn -0.79162999 0.61097611 -0.00549115
vn -0.79162999 0.61097611 -0.00549115
vn -0.75772405 0.65255398 -0.00524970
vn -0.75772405 0.65255398 -0.00524970
vn -0.75772405 0.65255398 -0.00524970
vn -0.74949997 0.66198343 -0.00526621
vn -0.74949997 0.66198343 -0.00526621
vn -0.74949997 0.66198343 -0.00526621
vn -0.72722751 0.68637720 -0.00514701
vn -0.72722751 0.68637720 -0.00514701
vn -0.72722751 0.68637720 -0.00514701
vn -0.70415208 0.71003141 -0.00502397
vn -0.70415208 0.71003141 -0.00502397
vn -0.70415208 0.71003141 -0.00502397
vn -0.68027351 0.73294200 -0.00489642
vn -0.68027351 0.73294200 -0.00489642
vn -0.68027351 0.73294200 -0.00489642
vn -0.65573327 0.75497760 -0.00476519
vn -0.65573327 0.75497760 -0.00476519
vn -0.65573327 0.75497760 -0.00476519
vn -0.63038330 0.77627022 -0.00462980
vn -0.63038330 0.77627022 -0.00462980
vn -0.63038330 0.77627022 -0.00462980
vn -0.58691057 0.80963993 -0.00437832
vn -0.58689914 0.80964808 -0.00440310
vn -0.58692603 0.80962890 -0.00434479
vn -0.57771083 0.81622993 -0.00434836
vn -0.57771083 0.81622993 -0.00434836
vn -0.57771083 0.81622993 -0.00434836
vn -0.55049803 0.83482588 -0.00420294
vn -0.55049803 0.83482588 -0.00420294
vn -0.55049803 0.83482588 -0.00420294
vn -0.52255752 0.85259440 -0.00405351
vn -0.52255752 0.85259440 -0.00405351
vn -0.52255752 0.85259440 -0.00405351
vn 0.50795549 0.86137434 0.00393156
vn 0.50795549 0.86137434 0.00393156
vn 0.50795549 0.86137434 0.00393156
vn 0.53613172 0.84412446 0.00408225
vn 0.53613172 0.84412446 0.00408225
vn 0.53613172 0.84412446 0.00408225
vn 0.56375822 0.82592904 0.00422980
vn 0.56375822 0.82592904 0.00422980
vn 0.56375822 0.82592904 0.00422980
vn 0.59074388 0.80684728 0.00437378
vn 0.59074388 0.80684728 0.00437378
vn 0.59074388 0.80684728 0.00437378
vn 0.61707597 0.78689063 0.00451449
vn 0.61707597 0.78689063 0.00451449
vn 0.61707597 0.78689063 0.00451449
vn 0.64258588 0.76619861 0.00480331
vn 0.64258271 0.76620126 0.00480647
vn 0.64249538 0.76627394 0.00489323
vn 0.61206528 -0.79079451 0.00448709
vn 0.61206528 -0.79079451 0.00448709
vn 0.61206528 -0.79079451 0.00448709
vn 0.58559500 -0.81059214 0.00434573
vn 0.58559500 -0.81059214 0.00434573
vn 0.58559500 -0.81059214 0.00434573
vn 0.55847479 -0.82951086 0.00420076
vn 0.55050576 -0.83482079 0.00420279
vn 0.55844153 -0.82953325 0.00420077
vn 0.53074759 -0.84752025 0.00405237
vn 0.53074759 -0.84752025 0.00405237
vn 0.53074759 -0.84752025 0.00405237
vn 0.50249307 -0.86457243 0.00390113
vn 0.50249307 -0.86457243 0.00390113
vn 0.50249307 -0.86457243 0.00390113
vn 0.00534299 0.00000061 -0.99998573
vn 0.00534299 0.00000061 -0.99998573
vn 0.00534299 0.00000061 -0.99998573
vn 0.00536334 -0.00000618 -0.99998562
vn 0.00535702 0.00000972 -0.99998565
vn 0.00535670 0.00001039 -0.99998565
vn 0.00534178 0.00001149 -0.99998573
vn 0.00532313 0.00001397 -0.99998583
vn 0.00534299 0.00000061 -0.99998573
vn 0.00534299 0.00000061 -0.99998573
vn 0.00534299 0.00000061 -0.99998573
vn 0.00536169 -0.00000379 -0.99998563
vn 0.00535810 0.00000779 -0.99998565
vn 0.00535787 0.00000850 -0.99998565
vn 0.00534322 0.00001155 -0.99998572
vn 0.00534299 0.00000061 -0.99998573
vn 0.00534299 0.00000061 -0.99998573
vn 0.00534299 0.00000061 -0.99998573
vn 0.00534299 0.00000061 -0.99998573
vn 0.00534299 0.00000061 -0.99998573
vn 0.00534299 0.00000061 -0.99998573
vn 0.00534299 0.00000061 -0.99998573
vn 0.00534299 0.00000061 -0.99998573
vn 0.00534299 0.00000061 -0.99998573
vn 0.00534299 0.00000061 -0.99998573
vn 0.00534299 0.00000061 -0.99998573
vn 0.00534299 0.00000061 -0.99998573
vn 0.00534299 0.00000061 -0.99998573
vn 0.00534299 0.00000061 -0.99998573
vn 0.00534299 0.00000061 -0.99998573
vn 0.00535960 -0.00000831 -0.99998564
vn 0.00534299 0.00000061 -0.99998573
vn 0.00534299 0.00000061 -0.99998573
vn 0.00534299 0.00000061 -0.99998573
vn 0.00534299 0.00000061 -0.99998573
vn 0.00534299 0.00000061 -0.99998573
vn 0.00534299 0.00000061 -0.99998573
vn 0.00534299 0.00000061 -0.99998573
vn 0.00534299 0.00000061 -0.99998573
vn 0.00534299 0.00000061 -0.99998573
vn 0.00534299 0.00000061 -0.99998573
vn 0.00534299 0.00000061 -0.99998573
vn 0.00534299 0.00000061 -0.99998573
vn 0.00534299 0.00000061 -0.99998573
vn 0.00534299 0.00000061 -0.99998573
vn 0.00534299 0.00000061 -0.99998573
vn 0.00534299 0.00000061 -0.99998573
vn 0.00534299 0.00000061 -0.99998573
vn 0.00534299 0.00000061 -0.99998573
vn 0.00534299 0.00000061 -0.99998573
vn 0.00534299 0.00000061 -0.99998573
vn 0.00534299 0.00000061 -0.99998573
vn 0.00534299 0.00000061 -0.99998573
vn 0.00534299 0.00000061 -0.99998573
vn 0.00534299 0.00000061 -0.99998573
vn 0.00534299 0.00000061 -0.99998573
vn 0.00534299 0.00000061 -0.99998573
vn 0.00534299 0.00000061 -0.99998573
vn 0.00534299 0.00000061 -0.99998573
vn 0.00534299 0.00000061 -0.99998573
vn 0.00534299 0.00000061 -0.99998573
vn 0.00534299 0.00000061 -0.99998573
vn 0.00534299 0.00000061 -0.99998573
vn 0.00534299 0.00000061 -0.99998573
vn 0.00534299 0.00000061 -0.99998573
vn 0.00534299 0.00000061 -0.99998573
vn 0.00534299 0.00000061 -0.99998573
vn 0.00534299 0.00000061 -0.99998573
vn 0.00534299 0.00000061 -0.99998573
vn 0.00534299 0.00000061 -0.99998573
vn 0.00534299 0.00000061 -0.99998573
vn 0.00534299 0.00000061 -0.99998573
vn 0.00534299 0.00000061 -0.99998573
vn 0.00534299 0.00000061 -0.99998573
vn 0.00534299 0.00000061 -0.99998573
vn 0.00534299 0.00000061 -0.99998573
vn 0.00534299 0.00000061 -0.99998573
vn 0.00534299 0.00000061 -0.99998573
vn 0.00534299 0.00000061 -0.99998573
vn 0.00534299 0.00000061 -0.99998573
vn 0.00534299 0.00000061 -0.99998573
vn 0.00534299 0.00000061 -0.99998573
vn 0.00534299 0.00000061 -0.99998573
vn 0.00534299 0.00000061 -0.99998573
vn 0.00534299 0.00000061 -0.99998573
vn 0.00534299 0.00000061 -0.99998573
vn 0.00534299 0.00000061 -0.99998573
vn 0.00534299 0.00000061 -0.99998573
vn 0.00534299 0.00000061 -0.99998573
vn 0.00534299 0.00000061 -0.99998573
vn 0.00534299 0.00000061 -0.99998573
vn 0.00534299 0.00000061 -0.99998573
vn 0.00534299 0.00000061 -0.99998573
vn 0.00534299 0.00000061 -0.99998573
vn 0.00534299 0.00000061 -0.99998573
vn 0.00534299 0.00000061 -0.99998573
vn 0.00534299 0.00000061 -0.99998573
vn 0.00534299 0.00000061 -0.99998573
vn 0.00534299 0.00000061 -0.99998573
vn 0.00534299 0.00000061 -0.99998573
vn 0.00534299 0.00000061 -0.99998573
vn 0.00534299 0.00000061 -0.99998573
vn 0.00534299 0.00000061 -0.99998573
vn 0.00534299 0.00000061 -0.99998573
vn 0.00534299 0.00000061 -0.99998573
vn 0.00534299 0.00000061 -0.99998573
vn 0.00534299 0.00000061 -0.99998573
vn 0.00534299 0.00000061 -0.99998573
vn 0.00534299 0.00000061 -0.99998573
vn 0.00536365 -0.00001048 -0.99998562
vn -0.00488576 0.00085065 0.99998770
vn -0.00490480 0.00081520 0.99998764
vn -0.00560574 -0.00048982 0.99998417
vn -0.00534299 -0.00000061 0.99998573
vn -0.00534299 -0.00000061 0.99998573
vn -0.00534299 -0.00000061 0.99998573
vn -0.51099033 -0.63489343 0.57948185
vn -0.51099033 -0.63489343 0.57948185
vn -0.51099033 -0.63489343 0.57948185
vn 0.00532506 0.00001647 -0.99998582
vn -0.00534299 -0.00000061 0.99998573
vn -0.00534299 -0.00000061 0.99998573
vn -0.00534299 -0.00000061 0.99998573
vn -0.00534299 -0.00000061 0.99998573
vn -0.00534299 -0.00000061 0.99998573
vn 0.00534299 0.00000061 -0.99998573
vn 0.00534299 0.00000061 -0.99998573
vn 0.00534299 0.00000061 -0.99998573
vn 0.00534299 0.00000061 -0.99998573
vn -0.00534299 -0.00000061 0.99998573
vn -0.00534299 -0.00000061 0.99998573
vn -0.00534299 -0.00000061 0.99998573
vn 0.00535926 -0.00000812 -0.99998564
vn 0.84085113 0.49623462 0.21614944
vn 0.84085113 0.49623462 0.21614944
vn 0.84085113 0.49623462 0.21614944
vn 0.00535888 -0.00000792 -0.99998564
vn 0.00536087 -0.00000899 -0.99998563
vn 0.89317049 0.44969290 0.00477254
vn 0.89317049 0.44969290 0.00477254
vn 0.89317049 0.44969290 0.00477254
vn 0.90752618 0.41996752 0.00484923
vn 0.90752618 0.41996752 0.00484923
vn 0.90752618 0.41996752 0.00484923
vn 0.00534299 0.00000061 -0.99998573
vn 0.00535823 -0.00000757 -0.99998564
vn 0.00536409 -0.00001072 -0.99998561
vn 0.93308337 0.32371155 -0.15673624
vn 0.93308337 0.32371155 -0.15673624
vn 0.93308337 0.32371155 -0.15673624
vn 0.00534299 0.00000061 -0.99998573
vn -0.00534299 -0.00000061 0.99998573
vn -0.00534299 -0.00000061 0.99998573
vn -0.00534299 -0.00000061 0.99998573
vn 0.00534299 0.00000061 -0.99998573
vn 0.00534299 0.00000061 -0.99998573
vn -0.00534299 -0.00000061 0.99998573
vn -0.00534299 -0.00000061 0.99998573
vn -0.00534299 -0.00000061 0.99998573
vn 0.00534299 0.00000061 -0.99998573
vn 0.00534299 0.00000061 -0.99998573
vn -0.00534299 -0.00000061 0.99998573
vn -0.00534299 -0.00000061 0.99998573
vn -0.00534299 -0.00000061 0.99998573
vn 0.00534299 0.00000061 -0.99998573
vn 0.00534299 0.00000061 -0.99998573
vn 0.00534299 0.00000061 -0.99998573
vn -0.00534299 -0.00000061 0.99998573
vn -0.00534299 -0.00000061 0.99998573
vn -0.00534299 -0.00000061 0.99998573
vn 0.00534299 0.00000061 -0.99998573
vn 0.00534299 0.00000061 -0.99998573
vn 0.00534299 0.00000061 -0.99998573
vn 0.00534299 0.00000061 -0.99998573
vn 0.00534299 0.00000061 -0.99998573
vn 0.00534299 0.00000061 -0.99998573
vn 0.00534299 0.00000061 -0.99998573
vn 0.00534299 0.00000061 -0.99998573
vn 0.78579265 -0.26537999 -0.55866213
vn 0.78579265 -0.26537999 -0.55866213
vn 0.78579265 -0.26537999 -0.55866213
vn 0.00534299 0.00000061 -0.99998573
vn 0.00534299 0.00000061 -0.99998573
vn 0.00534299 0.00000061 -0.99998573
vn 0.00534299 0.00000061 -0.99998573
vn 0.00534299 0.00000061 -0.99998573
vn -0.00534299 -0.00000061 0.99998573
vn -0.00534299 -0.00000061 0.99998573
vn -0.00534299 -0.00000061 0.99998573
vn -0.00534299 -0.00000061 0.99998573
vn -0.00534299 -0.00000061 0.99998573
vn -0.00534299 -0.00000061 0.99998573
vn -0.00534299 -0.00000061 0.99998573
vn 0.00534299 0.00000061 -0.99998573
vn 0.00534299 0.00000061 -0.99998573
vn 0.00534299 0.00000061 -0.99998573
vn 0.00534299 0.00000061 -0.99998573
vn 0.00534299 0.00000061 -0.99998573
vn 0.00534299 0.00000061 -0.99998573
vn -0.00534299 -0.00000061 0.99998573
vn -0.00534299 -0.00000061 0.99998573
vn -0.00534299 -0.00000061 0.99998573
vn 0.00534299 0.00000061 -0.99998573
vn -0.00534299 -0.00000061 0.99998573
vn -0.00534299 -0.00000061 0.99998573
vn -0.00534299 -0.00000061 0.99998573
vn 0.00534299 0.00000061 -0.99998573
vn 0.00534299 0.00000061 -0.99998573
vn 0.00534299 0.00000061 -0.99998573
vn 0.73449114 -0.67859884 0.00513658
vn 0.73449114 -0.67859884 0.00513658
vn 0.73449114 -0.67859884 0.00513658
vn 0.99874537 -0.04964806 0.00653951
vn 0.99874537 -0.04964806 0.00653951
vn 0.99874537 -0.04964806 0.00653951
vn 0.92093128 0.38967835 0.00602901
vn 0.92093128 0.38967835 0.00602901
vn 0.92093128 0.38967835 0.00602901
vn 0.97693863 -0.21342366 0.00642307
vn 0.97693863 -0.21342366 0.00642307
vn 0.97693863 -0.21342366 0.00642307
vn 0.99075704 0.13549730 0.00640123
vn 0.99075704 0.13549730 0.00640123
vn 0.99075704 0.13549730 0.00640123
vn 0.94465517 0.32800719 0.00615567
vn 0.94465517 0.32800719 0.00615567
vn 0.94465517 0.32800719 0.00615567
vn -0.86685401 0.00000726 0.49856206
vn -0.86684920 0.00001954 0.49857042
vn -0.86685489 -0.00002411 0.49856052
vn 0.99328330 -0.11552449 0.00651038
vn 0.99328330 -0.11552449 0.00651038
vn 0.99328330 -0.11552449 0.00651038
vn 0.96932633 -0.24569438 0.00638302
vn 0.96932633 -0.24569438 0.00638302
vn 0.96932633 -0.24569438 0.00638302
vn 0.68779782 -0.72588584 0.00488910
vn 0.68779782 -0.72588584 0.00488910
vn 0.68779782 -0.72588584 0.00488910
vn -0.00744585 0.00270403 0.99996862
vn -0.00756323 0.00254447 0.99996816
vn -0.00747632 0.00261745 0.99996863
vn 0.98573452 0.16818687 0.00637460
vn 0.98573452 0.16818687 0.00637460
vn 0.98573452 0.16818687 0.00637460
vn 0.99754107 0.06978810 0.00643736
vn 0.99754107 0.06978810 0.00643736
vn 0.99754107 0.06978810 0.00643736
vn 0.74459153 0.66750100 0.00508648
vn 0.74459153 0.66750100 0.00508648
vn 0.74459153 0.66750100 0.00508648
vn 0.81134764 -0.58453715 0.00559676
vn 0.81134764 -0.58453715 0.00559676
vn 0.81134764 -0.58453715 0.00559676
vn 0.95094625 -0.30929231 0.00628518
vn 0.95094625 -0.30929231 0.00628518
vn 0.95094625 -0.30929231 0.00628518
vn 0.88689569 -0.46193147 0.00594557
vn 0.88689569 -0.46193147 0.00594557
vn 0.88689569 -0.46193147 0.00594557
vn 0.69885074 0.71525114 0.00484180
vn 0.69885074 0.71525114 0.00484180
vn 0.69885074 0.71525114 0.00484180
vn 0.82608150 0.56352361 0.00552157
vn 0.82608150 0.56352361 0.00552157
vn 0.82608150 0.56352361 0.00552157
vn -0.88651215 0.00000319 0.46270531
vn -0.88651878 -0.00001162 0.46269262
vn -0.88651815 -0.00001398 0.46269383
vn -0.88652502 -0.00001329 0.46268065
vn -0.88651972 -0.00001393 0.46269081
vn -0.88651779 -0.00002005 0.46269450
vn 0.87779629 0.47899901 0.00579767
vn 0.87779629 0.47899901 0.00579767
vn 0.87779629 0.47899901 0.00579767
vn 0.79996392 0.60002163 0.00563752
vn 0.80034571 0.59951221 0.00564485
vn 0.80118901 0.59838459 0.00566104
vn 0.87105722 -0.49114658 0.00586103
vn 0.87105722 -0.49114658 0.00586103
vn 0.87105722 -0.49114658 0.00586103
vn 0.86149762 0.50772948 0.00571105
vn 0.86149762 0.50772948 0.00571105
vn 0.86149762 0.50772948 0.00571105
vn 0.76625130 0.64251994 0.00520222
vn 0.76625130 0.64251994 0.00520222
vn 0.76625130 0.64251994 0.00520222
vn 0.75661857 -0.65383541 0.00525365
vn 0.75661857 -0.65383541 0.00525365
vn 0.75661857 -0.65383541 0.00525365
vn 0.66319732 -0.74842947 0.00475871
vn 0.66319732 -0.74842947 0.00475871
vn 0.66319732 -0.74842947 0.00475871
vn 0.96066828 -0.27762618 0.00633681
vn 0.96066828 -0.27762618 0.00633681
vn 0.96066828 -0.27762618 0.00633681
vn 0.96424766 0.26492879 0.00625994
vn 0.96424766 0.26492879 0.00625994
vn 0.96424766 0.26492879 0.00625994
vn 0.99930585 0.03669108 0.00644797
vn 0.99930585 0.03669108 0.00644797
vn 0.99930585 0.03669108 0.00644797
vn 0.72212642 0.69174328 0.00496647
vn 0.72212642 0.69174328 0.00496647
vn 0.72212642 0.69174328 0.00496647
vn 0.71154302 -0.70262464 0.00501467
vn 0.71154302 -0.70262464 0.00501467
vn 0.71154302 -0.70262464 0.00501467
vn 0.99655035 -0.08273329 0.00652764
vn 0.99655035 -0.08273329 0.00652764
vn 0.99655035 -0.08273329 0.00652764
vn 0.84426925 0.53588978 0.00561890
vn 0.84426925 0.53588978 0.00561890
vn 0.84426925 0.53588978 0.00561890
vn 0.89316393 0.44969281 0.00588020
vn 0.89316393 0.44969281 0.00588020
vn 0.89316393 0.44969281 0.00588020
vn 0.98889951 -0.14844419 0.00648694
vn 0.98889951 -0.14844419 0.00648694
vn 0.98889951 -0.14844419 0.00648694
vn 0.81793705 -0.57528068 0.00557903
vn 0.81793705 -0.57528068 0.00557903
vn 0.81793705 -0.57528068 0.00557903
vn 0.63799835 -0.77002379 0.00463308
vn 0.63800492 -0.77001840 0.00462486
vn 0.63795489 -0.77005947 0.00468741
vn 0.99983974 -0.01666328 0.00654510
vn 0.99983974 -0.01666328 0.00654510
vn 0.99983974 -0.01666328 0.00654510
vn -0.00754286 -0.00273973 0.99996780
vn -0.00748921 -0.00283803 0.99996793
vn -0.00755090 -0.00270213 0.99996784
vn 0.65008759 0.75984547 0.00458155
vn 0.65008759 0.75984547 0.00458155
vn 0.65008759 0.75984547 0.00458155
vn 0.97248059 0.23289860 0.00630399
vn 0.97248059 0.23289860 0.00630399
vn 0.97248059 0.23289860 0.00630399
vn 0.90753548 0.41993316 0.00595708
vn 0.90753548 0.41993316 0.00595708
vn 0.90753548 0.41993316 0.00595708
vn 0.99469800 0.10263839 0.00642320
vn 0.99469800 0.10263839 0.00642320
vn 0.99469800 0.10263839 0.00642320
vn 0.94017093 -0.34064621 0.00622803
vn 0.94017093 -0.34064621 0.00622803
vn 0.94017093 -0.34064621 0.00622803
vn 0.93327469 0.35911170 0.00609408
vn 0.93327469 0.35911170 0.00609408
vn 0.93327469 0.35911170 0.00609408
vn -0.00746231 0.00282761 0.99996816
vn 0.98346197 -0.18099961 0.00645789
vn 0.98346197 -0.18099961 0.00645789
vn 0.98346197 -0.18099961 0.00645789
vn 0.95496269 0.29666091 0.00621000
vn 0.95496269 0.29666091 0.00621000
vn 0.95496269 0.29666091 0.00621000
vn 0.97964198 0.20065236 0.00634208
vn 0.97964198 0.20065236 0.00634208
vn 0.97964198 0.20065236 0.00634208
vn -0.00758537 -0.00267547 0.99996765
vn 0.80700369 0.59052153 0.00541963
vn 0.80700369 0.59052153 0.00541963
vn 0.80700369 0.59052153 0.00541963
vn 0.83658549 -0.54780697 0.00567829
vn 0.83658549 -0.54780697 0.00567829
vn 0.83658549 -0.54780697 0.00567829
vn 0.77797865 -0.62826779 0.00536706
vn 0.77797865 -0.62826779 0.00536706
vn 0.77797865 -0.62826779 0.00536706
vn 0.85428480 -0.51977319 0.00577207
vn 0.85428480 -0.51977319 0.00577207
vn 0.85428480 -0.51977319 0.00577207
vn -0.00744393 0.00278258 0.99996842
vn 0.90170576 -0.43230827 0.00602377
vn 0.90170576 -0.43230827 0.00602377
vn 0.90170576 -0.43230827 0.00602377
vn 0.92835624 -0.37164052 0.00616512
vn 0.92835624 -0.37164052 0.00616512
vn 0.92835624 -0.37164052 0.00616512
vn 0.91555414 -0.40214852 0.00609729
vn 0.91555414 -0.40214852 0.00609729
vn 0.91555414 -0.40214852 0.00609729
vn 0.67487934 0.73791304 0.00471431
vn 0.67487934 0.73791304 0.00471431
vn 0.67487934 0.73791304 0.00471431
vn -0.00741331 -0.00283762 0.99996849
vn -0.00706933 0.00309656 0.99997022
vn -0.50661277 -0.86216481 -0.00391695
vn -0.50661277 -0.86216481 -0.00391695
vn -0.50661277 -0.86216481 -0.00391695
vn -0.53482480 -0.84495319 -0.00406771
vn -0.53482480 -0.84495319 -0.00406771
vn -0.53482480 -0.84495319 -0.00406771
vn -0.56244552 -0.82682360 -0.00421523
vn -0.56244552 -0.82682360 -0.00421523
vn -0.56244552 -0.82682360 -0.00421523
vn -0.57170221 -0.82045064 -0.00416261
vn -0.57170221 -0.82045064 -0.00416261
vn -0.57170221 -0.82045064 -0.00416261
vn -0.58947836 -0.80777235 -0.00436880
vn -0.61556767 -0.78807031 -0.00465102
vn -0.61556767 -0.78807031 -0.00465102
vn -0.61556767 -0.78807031 -0.00465102
vn -0.64110430 -0.76743884 -0.00478650
vn -0.64110430 -0.76743884 -0.00478650
vn -0.64110430 -0.76743884 -0.00478650
vn -0.66596676 -0.74596520 -0.00491867
vn -0.66596676 -0.74596520 -0.00491867
vn -0.66596676 -0.74596520 -0.00491867
vn -0.69010501 -0.72369165 -0.00504646
vn -0.69010501 -0.72369165 -0.00504646
vn -0.69010501 -0.72369165 -0.00504646
vn -0.71348499 -0.70065144 -0.00517020
vn -0.71348499 -0.70065144 -0.00517020
vn -0.71348499 -0.70065144 -0.00517020
vn -0.72212673 -0.69174296 -0.00496653
vn -0.72212673 -0.69174296 -0.00496653
vn -0.72212673 -0.69174296 -0.00496653
vn -0.70871921 -0.70547527 -0.00466060
vn -0.70871921 -0.70547527 -0.00466060
vn -0.70871921 -0.70547527 -0.00466060
vn -0.75798300 -0.65225190 -0.00540669
vn -0.75798300 -0.65225190 -0.00540669
vn -0.75798300 -0.65225190 -0.00540669
vn -0.77901321 -0.62698323 -0.00551784
vn -0.77901321 -0.62698323 -0.00551784
vn -0.77901321 -0.62698323 -0.00551784
vn -0.79920985 -0.60102577 -0.00562496
vn -0.79920985 -0.60102577 -0.00562496
vn -0.79920985 -0.60102577 -0.00562496
vn -0.81854560 -0.57441299 -0.00572764
vn -0.81854560 -0.57441299 -0.00572764
vn -0.81854560 -0.57441299 -0.00572764
vn -0.83701758 -0.54714498 -0.00582616
vn -0.83701758 -0.54714498 -0.00582616
vn -0.83701758 -0.54714498 -0.00582616
vn -0.85457397 -0.51929596 -0.00591921
vn -0.85457397 -0.51929596 -0.00591921
vn -0.85457397 -0.51929596 -0.00591921
vn -0.87116075 -0.49096117 -0.00600642
vn -0.87116075 -0.49096117 -0.00600642
vn -0.87116075 -0.49096117 -0.00600642
vn -0.88690103 -0.46191932 -0.00609097
vn -0.88690103 -0.46191932 -0.00609097
vn -0.88690103 -0.46191932 -0.00609097
vn -0.90161279 -0.43250008 -0.00616849
vn -0.90161279 -0.43250008 -0.00616849
vn -0.90161279 -0.43250008 -0.00616849
vn -0.91537397 -0.40255626 -0.00624179
vn -0.91537397 -0.40255626 -0.00624179
vn -0.91537397 -0.40255626 -0.00624179
vn -0.92813106 -0.37220013 -0.00630913
vn -0.92813106 -0.37220013 -0.00630913
vn -0.92813106 -0.37220013 -0.00630913
vn -0.93991468 -0.34134995 -0.00637252
vn -0.93991468 -0.34134995 -0.00637252
vn -0.93991468 -0.34134995 -0.00637252
vn -0.95064070 -0.31022723 -0.00642853
vn -0.95064070 -0.31022723 -0.00642853
vn -0.95064070 -0.31022723 -0.00642853
vn -0.96035622 -0.27870043 -0.00648033
vn -0.96035622 -0.27870043 -0.00648033
vn -0.96035622 -0.27870043 -0.00648033
vn -0.96901963 -0.24689748 -0.00652603
vn -0.96901963 -0.24689748 -0.00652603
vn -0.96901963 -0.24689748 -0.00652603
vn -0.97664981 -0.21473711 -0.00656719
vn -0.97664981 -0.21473711 -0.00656719
vn -0.97664981 -0.21473711 -0.00656719
vn -0.98318927 -0.18246995 -0.00660128
vn -0.98318927 -0.18246995 -0.00660128
vn -0.98318927 -0.18246995 -0.00660128
vn -0.98869366 -0.14980278 -0.00663142
vn -0.98869366 -0.14980278 -0.00663142
vn -0.98869366 -0.14980278 -0.00663142
vn -0.99308735 -0.11718892 -0.00665353
vn -0.99308735 -0.11718892 -0.00665353
vn -0.99308735 -0.11718892 -0.00665353
vn -0.99641545 -0.08433116 -0.00667126
vn -0.99641545 -0.08433116 -0.00667126
vn -0.99641545 -0.08433116 -0.00667126
vn -0.99866036 -0.05131082 -0.00668413
vn -0.99866036 -0.05131082 -0.00668413
vn -0.99866036 -0.05131082 -0.00668413
vn -0.99981007 -0.01830501 -0.00669000
vn -0.99981007 -0.01830501 -0.00669000
vn -0.99981007 -0.01830501 -0.00669000
vn -0.99987015 0.01472936 -0.00653651
vn -0.99987015 0.01472936 -0.00653651
vn -0.99987015 0.01472936 -0.00653651
vn -0.99883704 0.04776929 -0.00653113
vn -0.99883704 0.04776929 -0.00653113
vn -0.99883704 0.04776929 -0.00653113
vn -0.99670767 0.08081652 -0.00651973
vn -0.99670767 0.08081652 -0.00651973
vn -0.99670767 0.08081652 -0.00651973
vn -0.99349559 0.11368480 -0.00650241
vn -0.99349559 0.11368480 -0.00650241
vn -0.99349559 0.11368480 -0.00650241
vn -0.98918901 0.14650301 -0.00647928
vn -0.98918901 0.14650301 -0.00647928
vn -0.98918901 0.14650301 -0.00647928
vn -0.98380067 0.17914977 -0.00645061
vn -0.98380067 0.17914977 -0.00645061
vn -0.98380067 0.17914977 -0.00645061
vn -0.97733316 0.21160983 -0.00641666
vn -0.97733316 0.21160983 -0.00641666
vn -0.97733316 0.21160983 -0.00641666
vn -0.96979842 0.24382444 -0.00637635
vn -0.96979842 0.24382444 -0.00637635
vn -0.96979842 0.24382444 -0.00637635
vn -0.96120050 0.27577803 -0.00633070
vn -0.96120050 0.27577803 -0.00633070
vn -0.96120050 0.27577803 -0.00633070
vn -0.95151865 0.30752697 -0.00627950
vn -0.95151865 0.30752697 -0.00627950
vn -0.95151865 0.30752697 -0.00627950
vn -0.94080852 0.33888140 -0.00622242
vn -0.94080852 0.33888140 -0.00622242
vn -0.94080852 0.33888140 -0.00622242
vn -0.92907935 0.36982917 -0.00615993
vn -0.92907935 0.36982917 -0.00615993
vn -0.92907935 0.36982917 -0.00615993
vn -0.91630334 0.40043860 -0.00609199
vn -0.91630334 0.40043860 -0.00609199
vn -0.91630334 0.40043860 -0.00609199
vn -0.90252827 0.43058854 -0.00601918
vn -0.90252827 0.43058854 -0.00601918
vn -0.90252827 0.43058854 -0.00601918
vn -0.88776912 0.46025068 -0.00594096
vn -0.88776912 0.46025068 -0.00594096
vn -0.88776912 0.46025068 -0.00594096
vn -0.87199837 0.48947374 -0.00585746
vn -0.87199837 0.48947374 -0.00585746
vn -0.87199837 0.48947374 -0.00585746
vn -0.85528291 0.51812921 -0.00576841
vn -0.85528291 0.51812921 -0.00576841
vn -0.85528291 0.51812921 -0.00576841
vn -0.83760111 0.54625285 -0.00567487
vn -0.83760111 0.54625285 -0.00567487
vn -0.83760111 0.54625285 -0.00567487
vn -0.81903684 0.57371383 -0.00557623
vn -0.81903684 0.57371383 -0.00557623
vn -0.81903684 0.57371383 -0.00557623
vn -0.79952027 0.60061418 -0.00547262
vn -0.79952027 0.60061418 -0.00547262
vn -0.79952027 0.60061418 -0.00547262
vn -0.77915276 0.62681113 -0.00536414
vn -0.77915276 0.62681113 -0.00536414
vn -0.77915276 0.62681113 -0.00536414
vn -0.77097680 0.63684050 -0.00538075
vn -0.77097680 0.63684050 -0.00538075
vn -0.77097680 0.63684050 -0.00538075
vn -0.77212975 0.63544344 -0.00522413
vn -0.77212975 0.63544344 -0.00522413
vn -0.77212975 0.63544344 -0.00522413
vn -0.73578837 0.67719208 -0.00513424
vn -0.73578837 0.67719208 -0.00513424
vn -0.73578837 0.67719208 -0.00513424
vn -0.71291809 0.70122940 -0.00501293
vn -0.71291809 0.70122940 -0.00501293
vn -0.71291809 0.70122940 -0.00501293
vn -0.68916844 0.72458469 -0.00488708
vn -0.68916844 0.72458469 -0.00488708
vn -0.68916844 0.72458469 -0.00488708
vn -0.66469716 0.74709775 -0.00475748
vn -0.66469716 0.74709775 -0.00475748
vn -0.66469716 0.74709775 -0.00475748
vn -0.63948616 0.76878870 -0.00462353
vn -0.63948616 0.76878870 -0.00462353
vn -0.63948616 0.76878870 -0.00462353
vn -0.61355233 0.78964132 -0.00448619
vn -0.61355233 0.78964132 -0.00448619
vn -0.61355233 0.78964132 -0.00448619
vn -0.60442551 0.79664900 -0.00449104
vn -0.60442551 0.79664900 -0.00449104
vn -0.60442551 0.79664900 -0.00449104
vn -0.58684361 0.80968767 -0.00452347
vn -0.55979887 0.82861787 -0.00420054
vn -0.55979887 0.82861787 -0.00420054
vn -0.55979887 0.82861787 -0.00420054
vn -0.53208767 0.84667957 -0.00405218
vn -0.53208767 0.84667957 -0.00405218
vn -0.53208767 0.84667957 -0.00405218
vn -0.50382638 0.86379613 -0.00390121
vn -0.50382638 0.86379613 -0.00390121
vn -0.50382638 0.86379613 -0.00390121
vn 0.48764245 0.87303487 0.00386799
vn 0.48764245 0.87303487 0.00386799
vn 0.48764245 0.87303487 0.00386799
vn 0.51625719 0.85642416 0.00402094
vn 0.51625719 0.85642416 0.00402094
vn 0.51625719 0.85642416 0.00402094
vn 0.54424867 0.83891358 0.00417056
vn 0.54424867 0.83891358 0.00417056
vn 0.54424867 0.83891358 0.00417056
vn 0.57167536 0.82046855 0.00431690
vn 0.57167536 0.82046855 0.00431690
vn 0.57167536 0.82046855 0.00431690
vn 0.59849896 0.80111117 0.00446015
vn 0.59849896 0.80111117 0.00446015
vn 0.59849896 0.80111117 0.00446015
vn 0.64242996 0.76632836 0.00495821
vn 0.62464344 0.78089744 0.00444553
vn 0.62464344 0.78089744 0.00444553
vn 0.62464344 0.78089744 0.00444553
vn 0.63040457 -0.77625295 0.00463004
vn 0.63040457 -0.77625295 0.00463004
vn 0.63040457 -0.77625295 0.00463004
vn 0.60439477 -0.79667232 0.00449111
vn 0.60439477 -0.79667232 0.00449111
vn 0.60439477 -0.79667232 0.00449111
vn 0.57774771 -0.81620382 0.00434873
vn 0.57774771 -0.81620382 0.00434873
vn 0.57774771 -0.81620382 0.00434873
vn 0.55047208 -0.83484300 0.00420279
vn 0.52259297 -0.85257267 0.00405348
vn 0.52259297 -0.85257267 0.00405348
vn 0.52259297 -0.85257267 0.00405348
vn 0.00534299 0.00000061 -0.99998573
vn 0.00534292 0.00000066 -0.99998573
vn 0.00538521 -0.00002206 -0.99998550
vn -0.00561741 -0.00051154 0.99998409
vn 0.00000000 0.00000000 0.00000000
vn -0.00534299 -0.00000061 0.99998573
vn -0.52509833 -0.61003250 0.59340719
vn -0.52509833 -0.61003250 0.59340719
vn -0.52509833 -0.61003250 0.59340719
vn 0.00000000 0.00000000 0.00000000
vn -0.00534299 -0.00000061 0.99998573
vn 0.00534299 0.00000061 -0.99998573
vn -0.00534299 -0.00000061 0.99998573
vn 0.00539231 -0.00002588 -0.99998546
vn 0.85462101 0.46696040 0.22709229
vn 0.85462101 0.46696040 0.22709229
vn 0.85462101 0.46696040 0.22709229
vn 0.00539448 -0.00002705 -0.99998545
vn 0.00540028 -0.00003016 -0.99998542
vn 0.94398685 0.29299231 -0.15180361
vn 0.94398685 0.29299231 -0.15180361
vn 0.94398685 0.29299231 -0.15180361
vn 0.00534299 0.00000061 -0.99998573
vn -0.00534299 -0.00000061 0.99998573
vn 0.00000000 0.00000000 0.00000000
vn -0.00534299 -0.00000061 0.99998573
vn 0.00000000 0.00000000 0.00000000
vn -0.00534299 -0.00000061 0.99998573
vn 0.00000000 0.00000000 0.00000000
vn -0.00534299 -0.00000061 0.99998573
vn 0.00000000 0.00000000 0.00000000
vn 0.78096757 -0.29268906 -0.55174520
vn 0.78096757 -0.29268906 -0.55174520
vn 0.78096757 -0.29268906 -0.55174520
vn 0.00534299 0.00000061 -0.99998573
vn -0.00534299 -0.00000061 0.99998573
vn -0.00534299 -0.00000061 0.99998573
vn -0.00534299 -0.00000061 0.99998573
vn 0.00534299 0.00000061 -0.99998573
vn -0.00534299 -0.00000061 0.99998573
vn 0.00534299 0.00000061 -0.99998573
vn -0.00534299 -0.00000061 0.99998573
vn 0.74947276 -0.66201424 0.00526606
vn 0.74947276 -0.66201424 0.00526606
vn 0.74947276 -0.66201424 0.00526606
vn 0.99954644 -0.02938223 0.00660281
vn 0.99954644 -0.02938223 0.00660281
vn 0.99954644 -0.02938223 0.00660281
vn 0.92884814 0.37040677 0.00632217
vn 0.92884814 0.37040677 0.00632217
vn 0.92884814 0.37040677 0.00632217
vn 0.98110912 -0.19334579 0.00650388
vn 0.98110912 -0.19334579 0.00650388
vn 0.98110912 -0.19334579 0.00650388
vn 0.99331553 0.11523822 0.00666432
vn 0.99331553 0.11523822 0.00666432
vn 0.99331553 0.11523822 0.00666432
vn 0.95121847 0.30845087 0.00644037
vn 0.95121847 0.30845087 0.00644037
vn 0.95121847 0.30845087 0.00644037
vn -0.86331220 -0.00000934 0.50467024
vn -0.86331220 -0.00000934 0.50467024
vn -0.86331220 -0.00000934 0.50467024
vn -0.86684197 -0.00000363 0.49858299
vn -0.86684490 -0.00001406 0.49857789
vn -0.86684802 0.00000277 0.49857247
vn -0.86684646 -0.00000531 0.49857519
vn -0.86684760 -0.00001735 0.49857320
vn -0.86685040 0.00001710 0.49856834
vn -0.86683976 -0.00000749 0.49858683
vn -0.86684817 0.00001248 0.49857222
vn -0.86684123 -0.00001169 0.49858428
vn -0.86685142 0.00000810 0.49856656
vn -0.86684636 -0.00000584 0.49857535
vn -0.86685420 0.00000877 0.49856172
vn -0.86684366 -0.00000074 0.49858005
vn -0.86684439 -0.00000344 0.49857879
vn -0.86683917 0.00000523 0.49858787
vn -0.86684707 -0.00000434 0.49857413
vn -0.86685683 0.00003303 0.49855716
vn -0.86685354 0.00002108 0.49856288
vn -0.86685051 0.00003506 0.49856814
vn -0.86684797 0.00001370 0.49857255
vn -0.86684902 -0.00001077 0.49857074
vn -0.86684170 -0.00001241 0.49858346
vn -0.86684039 -0.00000808 0.49858574
vn -0.86684989 0.00001275 0.49856923
vn -0.86684832 0.00001340 0.49857195
vn -0.86684850 0.00001335 0.49857163
vn -0.86685696 0.00001252 0.49855693
vn -0.86685513 0.00002302 0.49856010
vn -0.86685476 0.00000546 0.49856075
vn -0.86685501 -0.00001586 0.49856031
vn -0.86685273 -0.00004923 0.49856429
vn -0.86685326 -0.00003096 0.49856335
vn -0.86685953 -0.00000728 0.49855247
vn -0.86685734 0.00001221 0.49855628
vn -0.86684858 0.00000534 0.49857150
vn -0.86685419 -0.00001129 0.49856174
vn -0.86684923 0.00001543 0.49857037
vn -0.86685440 -0.00002277 0.49856138
vn -0.86684684 0.00001018 0.49857452
vn -0.86684846 0.00002545 0.49857171
vn -0.86684624 0.00003239 0.49857557
vn -0.86685439 -0.00001969 0.49856139
vn -0.86685074 -0.00000952 0.49856775
vn -0.86684962 -0.00000971 0.49856969
vn -0.86684510 0.00002418 0.49857755
vn -0.86685060 -0.00000792 0.49856798
vn -0.86685523 0.00000085 0.49855993
vn -0.86685170 -0.00000317 0.49856607
vn -0.86685185 -0.00000042 0.49856581
vn -0.86684500 0.00001135 0.49857773
vn -0.86685206 -0.00000614 0.49856545
vn -0.86685282 -0.00000878 0.49856412
vn -0.86685599 -0.00000832 0.49855861
vn -0.86685671 -0.00001928 0.49855737
vn -0.86685330 0.00000257 0.49856330
vn -0.86684986 0.00000432 0.49856927
vn -0.86684227 0.00000866 0.49858247
vn -0.86684517 -0.00000695 0.49857744
vn -0.86684555 -0.00000343 0.49857676
vn -0.86685263 -0.00000296 0.49856445
vn -0.86685141 -0.00000286 0.49856657
vn -0.86685342 -0.00000500 0.49856308
vn -0.86683931 -0.00000414 0.49858761
vn -0.86684233 0.00000053 0.49858236
vn -0.86681373 0.00002277 0.49863208
vn -0.86683484 0.00000930 0.49859538
vn -0.86684690 -0.00000927 0.49857443
vn -0.86684750 0.00000308 0.49857338
vn -0.86685798 -0.00001082 0.49855516
vn -0.86684830 0.00003021 0.49857198
vn -0.86685492 -0.00003327 0.49856048
vn -0.86684422 -0.00000871 0.49857909
vn -0.86684229 -0.00000453 0.49858243
vn -0.86684761 -0.00000330 0.49857318
vn -0.86684764 0.00000798 0.49857313
vn -0.86685553 -0.00000058 0.49855942
vn -0.86684719 -0.00000398 0.49857392
vn -0.86684987 0.00000052 0.49856926
vn -0.86684832 -0.00001474 0.49857195
vn -0.86685301 0.00000509 0.49856380
vn -0.86684067 0.00001498 0.49858526
vn -0.86685032 -0.00000067 0.49856847
vn -0.86684886 0.00000779 0.49857102
vn 0.99542271 -0.09534317 0.00658061
vn 0.99542271 -0.09534317 0.00658061
vn 0.99542271 -0.09534317 0.00658061
vn 0.97416668 -0.22573760 0.00646707
vn 0.97416668 -0.22573760 0.00646707
vn 0.97416668 -0.22573760 0.00646707
vn 0.70413320 -0.71005014 0.00502394
vn 0.70413320 -0.71005014 0.00502394
vn 0.70413320 -0.71005014 0.00502394
vn 0.98895904 0.14804023 0.00664082
vn 0.98895904 0.14804023 0.00664082
vn 0.98895904 0.14804023 0.00664082
vn 0.99875706 0.04939168 0.00669370
vn 0.99875706 0.04939168 0.00669370
vn 0.99875706 0.04939168 0.00669370
vn 0.75922703 0.65080328 0.00542210
vn 0.75922703 0.65080328 0.00542210
vn 0.75922703 0.65080328 0.00542210
vn 0.79835573 -0.60216118 0.00548186
vn 0.79743823 -0.60337573 0.00547737
vn 0.79802546 -0.60259882 0.00548025
vn 0.79986481 -0.60015510 0.00548925
vn 0.95714306 -0.28954535 0.00637589
vn 0.95714306 -0.28954535 0.00637589
vn 0.95714306 -0.28954535 0.00637589
vn 0.89644266 -0.44311843 0.00605166
vn 0.89644266 -0.44311843 0.00605166
vn 0.89644266 -0.44311843 0.00605166
vn 0.71485124 0.69925732 0.00518693
vn 0.71485124 0.69925732 0.00518693
vn 0.71485124 0.69925732 0.00518693
vn 0.83803808 0.54558049 0.00583989
vn 0.83803808 0.54558049 0.00583989
vn 0.83803808 0.54558049 0.00583989
vn -0.88668266 -0.00034762 0.46237835
vn -0.88669835 -0.00038463 0.46234824
vn -0.88651694 0.00000793 0.46269614
vn -0.88650326 -0.00000421 0.46272235
vn -0.88651643 -0.00001206 0.46269711
vn -0.88651475 0.00000999 0.46270033
vn -0.88651140 0.00000726 0.46270675
vn -0.88651727 -0.00000189 0.46269550
vn -0.88651970 -0.00000103 0.46269084
vn -0.88651238 0.00001814 0.46270488
vn -0.88650584 -0.00002278 0.46271741
vn -0.88651168 0.00001889 0.46270622
vn -0.88651068 0.00002254 0.46270812
vn -0.88648227 -0.00009768 0.46276255
vn -0.88651022 -0.00000415 0.46270901
vn -0.88651021 0.00001032 0.46270902
vn -0.88650814 0.00000806 0.46271300
vn -0.88652399 -0.00000899 0.46268263
vn -0.88652192 -0.00000998 0.46268659
vn -0.88652644 -0.00000802 0.46267794
vn -0.88652024 -0.00000928 0.46268982
vn -0.88652236 -0.00000925 0.46268576
vn -0.88651124 -0.00001225 0.46270706
vn -0.88651527 -0.00001305 0.46269934
vn -0.88650889 -0.00001772 0.46271156
vn -0.88651146 -0.00002032 0.46270664
vn -0.88650958 0.00005757 0.46271023
vn -0.88651247 0.00006712 0.46270469
vn -0.88651047 0.00001189 0.46270853
vn -0.88652969 -0.00006664 0.46267170
vn -0.88655592 -0.00015071 0.46262142
vn -0.88651114 -0.00001809 0.46270726
vn -0.88651339 -0.00001094 0.46270294
vn 0.88776429 0.46025787 0.00610418
vn 0.88776429 0.46025787 0.00610418
vn 0.88776429 0.46025787 0.00610418
vn 0.78704212 0.61687639 0.00531296
vn 0.78704212 0.61687639 0.00531296
vn 0.78704212 0.61687639 0.00531296
vn 0.79956623 0.60055154 0.00562990
vn 0.88137097 -0.47238708 0.00597114
vn 0.88137097 -0.47238708 0.00597114
vn 0.88137097 -0.47238708 0.00597114
vn 0.87209423 0.48930094 0.00602041
vn 0.87209423 0.48930094 0.00602041
vn 0.87209423 0.48930094 0.00602041
vn 0.78021532 0.62548656 0.00553345
vn 0.78021532 0.62548656 0.00553345
vn 0.78021532 0.62548656 0.00553345
vn 0.77100685 -0.63680411 0.00538116
vn 0.77100685 -0.63680411 0.00538116
vn 0.77100685 -0.63680411 0.00538116
vn 0.68029793 -0.73291933 0.00489691
vn 0.68029793 -0.73291933 0.00489691
vn 0.68029793 -0.73291933 0.00489691
vn 0.96619109 -0.25774698 0.00642429
vn 0.96619109 -0.25774698 0.00642429
vn 0.96619109 -0.25774698 0.00642429
vn 0.96947812 0.24509068 0.00653718
vn 0.96947812 0.24509068 0.00653718
vn 0.96947812 0.24509068 0.00653718
vn 0.99984217 0.01645520 0.00669839
vn 0.99984217 0.01645520 0.00669839
vn 0.99984217 0.01645520 0.00669839
vn 0.73741298 0.67542130 0.00530611
vn 0.73741298 0.67542130 0.00530611
vn 0.73741298 0.67542130 0.00530611
vn 0.72725576 -0.68634726 0.00514731
vn 0.72725576 -0.68634726 0.00514731
vn 0.72725576 -0.68634726 0.00514731
vn 0.99803291 -0.06234429 0.00659495
vn 0.99803291 -0.06234429 0.00659495
vn 0.99803291 -0.06234429 0.00659495
vn 0.85555416 0.51767931 0.00593297
vn 0.85555416 0.51767931 0.00593297
vn 0.85555416 0.51767931 0.00593297
vn 0.90242206 0.43080878 0.00618140
vn 0.90242206 0.43080878 0.00618140
vn 0.90242206 0.43080878 0.00618140
vn 0.99173559 -0.12813065 0.00656129
vn 0.99173559 -0.12813065 0.00656129
vn 0.99173559 -0.12813065 0.00656129
vn 0.83026265 -0.55734323 0.00569782
vn 0.83026265 -0.55734323 0.00569782
vn 0.83026265 -0.55734323 0.00569782
vn 0.63790677 -0.77009897 0.00474757
vn 0.65570950 -0.75499825 0.00476509
vn 0.65570950 -0.75499825 0.00476509
vn 0.65570950 -0.75499825 0.00476509
vn 0.99997105 0.00377766 0.00660532
vn 0.99997105 0.00377766 0.00660532
vn 0.99997105 0.00377766 0.00660532
vn 0.66736089 0.74471813 0.00493455
vn 0.66736089 0.74471813 0.00493455
vn 0.66736089 0.74471813 0.00493455
vn 0.97704919 0.21291222 0.00657794
vn 0.97704919 0.21291222 0.00657794
vn 0.97704919 0.21291222 0.00657794
vn 0.91612875 0.40083538 0.00625443
vn 0.91612875 0.40083538 0.00625443
vn 0.91612875 0.40083538 0.00625443
vn 0.99657194 0.08246053 0.00668091
vn 0.99657194 0.08246053 0.00668091
vn 0.99657194 0.08246053 0.00668091
vn 0.94704560 -0.32103685 0.00632199
vn 0.94704560 -0.32103685 0.00632199
vn 0.94704560 -0.32103685 0.00632199
vn 0.94055278 0.33958757 0.00638452
vn 0.94055278 0.33958757 0.00638452
vn 0.94055278 0.33958757 0.00638452
vn -0.00755364 0.00288985 0.99996730
vn 0.98695237 -0.16087983 0.00653518
vn 0.98695237 -0.16087983 0.00653518
vn 0.98695237 -0.16087983 0.00653518
vn 0.96089249 0.27684556 0.00649253
vn 0.96089249 0.27684556 0.00649253
vn 0.96089249 0.27684556 0.00649253
vn 0.98354042 0.18056721 0.00661230
vn 0.98354042 0.18056721 0.00661230
vn 0.98354042 0.18056721 0.00661230
vn 0.81963112 0.57286286 0.00574223
vn 0.81963112 0.57286286 0.00574223
vn 0.81963112 0.57286286 0.00574223
vn 0.84818319 -0.52967133 0.00579364
vn 0.84818319 -0.52967133 0.00579364
vn 0.84818319 -0.52967133 0.00579364
vn 0.79159358 -0.61102328 0.00549097
vn 0.79159358 -0.61102328 0.00549097
vn 0.79159358 -0.61102328 0.00549097
vn 0.86522340 -0.50135202 0.00588463
vn 0.86522340 -0.50135202 0.00588463
vn 0.86522340 -0.50135202 0.00588463
vn 0.91062122 -0.41319661 0.00612730
vn 0.91062122 -0.41319661 0.00612730
vn 0.91062122 -0.41319661 0.00612730
vn 0.93592268 -0.35214986 0.00626246
vn 0.93592268 -0.35214986 0.00626246
vn 0.93592268 -0.35214986 0.00626246
vn 0.92376019 -0.38292127 0.00619732
vn 0.92376019 -0.38292127 0.00619732
vn 0.92376019 -0.38292127 0.00619732
vn 0.69150784 0.72235121 0.00506314
vn 0.69150784 0.72235121 0.00506314
vn 0.69150784 0.72235121 0.00506314
vt 0.00000000 0.00000000
vt 0.00000000 0.00000000
vt 0.00000000 0.00000000
vt 0.00000000 0.00000000
vt 0.00000000 0.00000000
vt 0.00000000 0.00000000
vt 0.00000000 0.00000000
vt 0.00000000 0.00000000
vt 0.00000000 0.00000000
vt 0.00000000 0.00000000
vt 0.00000000 0.00000000
vt 0.00000000 0.00000000
vt 0.00000000 0.00000000
vt 0.00000000 0.00000000
vt 0.00000000 0.00000000
vt 0.00000000 0.00000000
vt 0.00000000 0.00000000
vt 0.00000000 0.00000000
vt 0.00000000 0.00000000
vt 0.00000000 0.00000000
vt 0.00000000 0.00000000
vt 0.00000000 0.00000000
vt 0.00000000 0.00000000
vt 0.00000000 0.00000000
vt 0.00000000 0.00000000
vt 0.00000000 0.00000000
vt 0.00000000 0.00000000
vt 0.00000000 0.00000000
vt 0.00000000 0.00000000
vt 0.00000000 0.00000000
vt 0.00000000 0.00000000
vt 0.00000000 0.00000000
vt 0.00000000 0.00000000
vt 0.00000000 0.00000000
vt 0.00000000 0.00000000
vt 0.00000000 0.00000000
vt 0.00000000 0.00000000
vt 0.00000000 0.00000000
vt 0.00000000 0.00000000
vt 0.00000000 0.00000000
vt 0.00000000 0.00000000
vt 0.00000000 0.00000000
vt 0.00000000 0.00000000
vt 0.00000000 0.00000000
vt 0.00000000 0.00000000
vt 0.00000000 0.00000000
vt 0.00000000 0.00000000
vt 0.00000000 0.00000000
vt 0.00000000 0.00000000
vt 0.00000000 0.00000000
vt 0.00000000 0.00000000
vt 0.00000000 0.00000000
vt 0.00000000 0.00000000
vt 0.00000000 0.00000000
vt 0.00000000 0.00000000
vt 0.00000000 0.00000000
vt 0.00000000 0.00000000
vt 0.00000000 0.00000000
vt 0.00000000 0.00000000
vt 0.00000000 0.00000000
vt 0.00000000 0.00000000
vt 0.00000000 0.00000000
vt 0.00000000 0.00000000
vt 0.00000000 0.00000000
vt 0.00000000 0.00000000
vt 0.00000000 0.00000000
vt 0.00000000 0.00000000
vt 0.00000000 0.00000000
vt 0.00000000 0.00000000
vt 0.00000000 0.00000000
vt 0.00000000 0.00000000
vt 0.00000000 0.00000000
vt 0.00000000 0.00000000
vt 0.00000000 0.00000000
vt 0.00000000 0.00000000
vt 0.00000000 0.00000000
vt 0.00000000 0.00000000
vt 0.00000000 0.00000000
vt 0.00000000 0.00000000
vt 0.00000000 0.00000000
vt 0.00000000 0.00000000
vt 0.00000000 0.00000000
vt 0.00000000 0.00000000
vt 0.00000000 0.00000000
vt 0.00000000 0.00000000
vt 0.00000000 0.00000000
vt 0.00000000 0.00000000
vt 0.00000000 0.00000000
vt 0.00000000 0.00000000
vt 0.00000000 0.00000000
vt 0.00000000 0.00000000
vt 0.00000000 0.00000000
vt 0.00000000 0.00000000
vt 0.00000000 0.00000000
vt 0.00000000 0.00000000
vt 0.00000000 0.00000000
vt 0.00000000 0.00000000
vt 0.00000000 0.00000000
vt 0.00000000 0.00000000
vt 0.00000000 0.00000000
vt 0.00000000 0.00000000
vt 0.00000000 0.00000000
vt 0.00000000 0.00000000
vt 0.00000000 0.00000000
vt 0.00000000 0.00000000
vt 0.00000000 0.00000000
vt 0.00000000 0.00000000
vt 0.00000000 0.00000000
vt 0.00000000 0.00000000
vt 0.00000000 0.00000000
vt 0.00000000 0.00000000
vt 0.00000000 0.00000000
vt 0.00000000 0.00000000
vt 0.00000000 0.00000000
vt 0.00000000 0.00000000
vt 0.00000000 0.00000000
vt 0.00000000 0.00000000
vt 0.00000000 0.00000000
vt 0.00000000 0.00000000
vt 0.00000000 0.00000000
vt 0.00000000 0.00000000
vt 0.00000000 0.00000000
vt 0.00000000 0.00000000
vt 0.00000000 0.00000000
vt 0.00000000 0.00000000
vt 0.00000000 0.00000000
vt 0.00000000 0.00000000
vt 0.00000000 0.00000000
vt 0.00000000 0.00000000
vt 0.00000000 0.00000000
vt 0.00000000 0.00000000
vt 0.00000000 0.00000000
vt 0.00000000 0.00000000
vt 0.00000000 0.00000000
vt 0.00000000 0.00000000
vt 0.00000000 0.00000000
vt 0.00000000 0.00000000
vt 0.00000000 0.00000000
vt 0.00000000 0.00000000
vt 0.00000000 0.00000000
vt 0.00000000 0.00000000
vt 0.00000000 0.00000000
vt 0.00000000 0.00000000
vt 0.00000000 0.00000000
vt 0.00000000 0.00000000
vt 0.00000000 0.00000000
vt 0.00000000 0.00000000
vt 0.00000000 0.00000000
vt 0.00000000 0.00000000
vt 0.00000000 0.00000000
vt 0.00000000 0.00000000
vt 0.00000000 0.00000000
vt 0.00000000 0.00000000
vt 0.00000000 0.00000000
vt 0.00000000 0.00000000
vt 0.00000000 0.00000000
vt 0.00000000 0.00000000
vt 0.00000000 0.00000000
vt 0.00000000 0.00000000
vt 0.00000000 0.00000000
vt 0.00000000 0.00000000
vt 0.00000000 0.00000000
vt 0.00000000 0.00000000
vt 0.00000000 0.00000000
vt 0.00000000 0.00000000
vt 0.00000000 0.00000000
vt 0.00000000 0.00000000
vt 0.00000000 0.00000000
vt 0.00000000 0.00000000
vt 0.00000000 0.00000000
vt 0.00000000 0.00000000
vt 0.00000000 0.00000000
vt 0.00000000 0.00000000
vt 0.00000000 0.00000000
vt 0.00000000 0.00000000
vt 0.00000000 0.00000000
vt 0.00000000 0.00000000
vt 0.00000000 0.00000000
vt 0.00000000 0.00000000
vt 0.00000000 0.00000000
vt 0.00000000 0.00000000
vt 0.00000000 0.00000000
vt 0.00000000 0.00000000
vt 0.00000000 0.00000000
vt 0.00000000 0.00000000
vt 0.00000000 0.00000000
vt 0.00000000 0.00000000
vt 0.00000000 0.00000000
vt 0.00000000 0.00000000
vt 0.00000000 0.00000000
vt 0.00000000 0.00000000
vt 0.00000000 0.00000000
vt 0.00000000 0.00000000
vt 0.00000000 0.00000000
vt 0.00000000 0.00000000
vt 0.00000000 0.00000000
vt 0.00000000 0.00000000
vt 0.00000000 0.00000000
vt 0.00000000 0.00000000
vt 0.00000000 0.00000000
vt 0.00000000 0.00000000
vt 0.00000000 0.00000000
vt 0.00000000 0.00000000
vt 0.00000000 0.00000000
vt 0.00000000 0.00000000
vt 0.00000000 0.00000000
vt 0.00000000 0.00000000
vt 0.00000000 0.00000000
vt 0.00000000 0.00000000
vt 0.00000000 0.00000000
vt 0.00000000 0.00000000
vt 0.00000000 0.00000000
vt 0.00000000 0.00000000
vt 0.00000000 0.00000000
vt 0.00000000 0.00000000
vt 0.00000000 0.00000000
vt 0.00000000 0.00000000
vt 0.00000000 0.00000000
vt 0.00000000 0.00000000
vt 0.00000000 0.00000000
vt 0.00000000 0.00000000
vt 0.00000000 0.00000000
vt 0.00000000 0.00000000
vt 0.00000000 0.00000000
vt 0.00000000 0.00000000
vt 0.00000000 0.00000000
vt 0.00000000 0.00000000
vt 0.00000000 0.00000000
vt 0.00000000 0.00000000
vt 0.00000000 0.00000000
vt 0.00000000 0.00000000
vt 0.00000000 0.00000000
vt 0.00000000 0.00000000
vt 0.00000000 0.00000000
vt 0.00000000 0.00000000
vt 0.00000000 0.00000000
vt 0.00000000 0.00000000
vt 0.00000000 0.00000000
vt 0.00000000 0.00000000
vt 0.00000000 0.00000000
vt 0.00000000 0.00000000
vt 0.00000000 0.00000000
vt 0.00000000 0.00000000
vt 0.00000000 0.00000000
vt 0.00000000 0.00000000
vt 0.00000000 0.00000000
vt 0.00000000 0.00000000
vt 0.00000000 0.00000000
vt 0.00000000 0.00000000
vt 0.00000000 0.00000000
vt 0.00000000 0.00000000
vt 0.00000000 0.00000000
vt 0.00000000 0.00000000
vt 0.00000000 0.00000000
vt 0.00000000 0.00000000
vt 0.00000000 0.00000000
vt 0.00000000 0.00000000
vt 0.00000000 0.00000000
vt 0.00000000 0.00000000
vt 0.00000000 0.00000000
vt 0.00000000 0.00000000
vt 0.00000000 0.00000000
vt 0.00000000 0.00000000
vt 0.00000000 0.00000000
vt 0.00000000 0.00000000
vt 0.00000000 0.00000000
vt 0.00000000 0.00000000
vt 0.00000000 0.00000000
vt 0.00000000 0.00000000
vt 0.00000000 0.00000000
vt 0.00000000 0.00000000
vt 0.00000000 0.00000000
vt 0.00000000 0.00000000
vt 0.00000000 0.00000000
vt 0.00000000 0.00000000
vt 0.00000000 0.00000000
vt 0.00000000 0.00000000
vt 0.00000000 0.00000000
vt 0.00000000 0.00000000
vt 0.00000000 0.00000000
vt 0.00000000 0.00000000
vt 0.00000000 0.00000000
vt 0.00000000 0.00000000
vt 0.00000000 0.00000000
vt 0.00000000 0.00000000
vt 0.00000000 0.00000000
vt 0.00000000 0.00000000
vt 0.00000000 0.00000000
vt 0.00000000 0.00000000
vt 0.00000000 0.00000000
vt 0.00000000 0.00000000
vt 0.00000000 0.00000000
vt 0.00000000 0.00000000
vt 0.00000000 0.00000000
vt 0.00000000 0.00000000
vt 0.00000000 0.00000000
vt 0.00000000 0.00000000
vt 0.00000000 0.00000000
vt 0.00000000 0.00000000
vt 0.00000000 0.00000000
vt 0.00000000 0.00000000
vt 0.00000000 0.00000000
vt 0.00000000 0.00000000
vt 0.00000000 0.00000000
vt 0.00000000 0.00000000
vt 0.00000000 0.00000000
vt 0.00000000 0.00000000
vt 0.00000000 0.00000000
vt 0.00000000 0.00000000
vt 0.00000000 0.00000000
vt 0.00000000 0.00000000
vt 0.00000000 0.00000000
vt 0.00000000 0.00000000
vt 0.00000000 0.00000000
vt 0.00000000 0.00000000
vt 0.00000000 0.00000000
vt 0.00000000 0.00000000
vt 0.00000000 0.00000000
vt 0.00000000 0.00000000
vt 0.00000000 0.00000000
vt 0.00000000 0.00000000
vt 0.00000000 0.00000000
vt 0.00000000 0.00000000
vt 0.00000000 0.00000000
vt 0.00000000 0.00000000
vt 0.00000000 0.00000000
vt 0.00000000 0.00000000
vt 0.00000000 0.00000000
vt 0.00000000 0.00000000
vt 0.00000000 0.00000000
vt 0.00000000 0.00000000
vt 0.00000000 0.00000000
vt 0.00000000 0.00000000
vt 0.00000000 0.00000000
vt 0.00000000 0.00000000
vt 0.00000000 0.00000000
vt 0.00000000 0.00000000
vt 0.00000000 0.00000000
vt 0.00000000 0.00000000
vt 0.00000000 0.00000000
vt 0.00000000 0.00000000
vt 0.00000000 0.00000000
vt 0.00000000 0.00000000
vt 0.00000000 0.00000000
vt 0.00000000 0.00000000
vt 0.00000000 0.00000000
vt 0.00000000 0.00000000
vt 0.00000000 0.00000000
vt 0.00000000 0.00000000
vt 0.00000000 0.00000000
vt 0.00000000 0.00000000
vt 0.00000000 0.00000000
vt 0.00000000 0.00000000
vt 0.00000000 0.00000000
vt 0.00000000 0.00000000
vt 0.00000000 0.00000000
vt 0.00000000 0.00000000
vt 0.00000000 0.00000000
vt 0.00000000 0.00000000
vt 0.00000000 0.00000000
vt 0.00000000 0.00000000
vt 0.00000000 0.00000000
vt 0.00000000 0.00000000
vt 0.00000000 0.00000000
vt 0.00000000 0.00000000
vt 0.00000000 0.00000000
vt 0.00000000 0.00000000
vt 0.00000000 0.00000000
vt 0.00000000 0.00000000
vt 0.00000000 0.00000000
vt 0.00000000 0.00000000
vt 0.00000000 0.00000000
vt 0.00000000 0.00000000
vt 0.00000000 0.00000000
vt 0.00000000 0.00000000
vt 0.00000000 0.00000000
vt 0.00000000 0.00000000
vt 0.00000000 0.00000000
vt 0.00000000 0.00000000
vt 0.00000000 0.00000000
vt 0.00000000 0.00000000
vt 0.00000000 0.00000000
vt 0.00000000 0.00000000
vt 0.00000000 0.00000000
vt 0.00000000 0.00000000
vt 0.00000000 0.00000000
vt 0.00000000 0.00000000
vt 0.00000000 0.00000000
vt 0.00000000 0.00000000
vt 0.00000000 0.00000000
vt 0.00000000 0.00000000
vt 0.00000000 0.00000000
vt 0.00000000 0.00000000
vt 0.00000000 0.00000000
vt 0.00000000 0.00000000
vt 0.00000000 0.00000000
vt 0.00000000 0.00000000
vt 0.00000000 0.00000000
vt 0.00000000 0.00000000
vt 0.00000000 0.00000000
vt 0.00000000 0.00000000
vt 0.00000000 0.00000000
vt 0.00000000 0.00000000
vt 0.00000000 0.00000000
vt 0.00000000 0.00000000
vt 0.00000000 0.00000000
vt 0.00000000 0.00000000
vt 0.00000000 0.00000000
vt 0.00000000 0.00000000
vt 0.00000000 0.00000000
vt 0.00000000 0.00000000
vt 0.00000000 0.00000000
vt 0.00000000 0.00000000
vt 0.00000000 0.00000000
vt 0.00000000 0.00000000
vt 0.00000000 0.00000000
vt 0.00000000 0.00000000
vt 0.00000000 0.00000000
vt 0.00000000 0.00000000
vt 0.00000000 0.00000000
vt 0.00000000 0.00000000
vt 0.00000000 0.00000000
vt 0.00000000 0.00000000
vt 0.00000000 0.00000000
vt 0.00000000 0.00000000
vt 0.00000000 0.00000000
vt 0.00000000 0.00000000
vt 0.00000000 0.00000000
vt 0.00000000 0.00000000
vt 0.00000000 0.00000000
vt 0.00000000 0.00000000
vt 0.00000000 0.00000000
vt 0.00000000 0.00000000
vt 0.00000000 0.00000000
vt 0.00000000 0.00000000
vt 0.00000000 0.00000000
vt 0.00000000 0.00000000
vt 0.00000000 0.00000000
vt 0.00000000 0.00000000
vt 0.00000000 0.00000000
vt 0.00000000 0.00000000
vt 0.00000000 0.00000000
vt 0.00000000 0.00000000
vt 0.00000000 0.00000000
vt 0.00000000 0.00000000
vt 0.00000000 0.00000000
vt 0.00000000 0.00000000
vt 0.00000000 0.00000000
vt 0.00000000 0.00000000
vt 0.00000000 0.00000000
vt 0.00000000 0.00000000
vt 0.00000000 0.00000000
vt 0.00000000 0.00000000
vt 0.00000000 0.00000000
vt 0.00000000 0.00000000
vt 0.00000000 0.00000000
vt 0.00000000 0.00000000
vt 0.00000000 0.00000000
vt 0.00000000 0.00000000
vt 0.00000000 0.00000000
vt 0.00000000 0.00000000
vt 0.00000000 0.00000000
vt 0.00000000 0.00000000
vt 0.00000000 0.00000000
vt 0.00000000 0.00000000
vt 0.00000000 0.00000000
vt 0.00000000 0.00000000
vt 0.00000000 0.00000000
vt 0.00000000 0.00000000
vt 0.00000000 0.00000000
vt 0.00000000 0.00000000
vt 0.00000000 0.00000000
vt 0.00000000 0.00000000
vt 0.00000000 0.00000000
vt 0.00000000 0.00000000
vt 0.00000000 0.00000000
vt 0.00000000 0.00000000
vt 0.00000000 0.00000000
vt 0.00000000 0.00000000
vt 0.00000000 0.00000000
vt 0.00000000 0.00000000
vt 0.00000000 0.00000000
vt 0.00000000 0.00000000
vt 0.00000000 0.00000000
vt 0.00000000 0.00000000
vt 0.00000000 0.00000000
vt 0.00000000 0.00000000
vt 0.00000000 0.00000000
vt 0.00000000 0.00000000
vt 0.00000000 0.00000000
vt 0.00000000 0.00000000
vt 0.00000000 0.00000000
vt 0.00000000 0.00000000
vt 0.00000000 0.00000000
vt 0.00000000 0.00000000
vt 0.00000000 0.00000000
vt 0.00000000 0.00000000
vt 0.00000000 0.00000000
vt 0.00000000 0.00000000
vt 0.00000000 0.00000000
vt 0.00000000 0.00000000
vt 0.00000000 0.00000000
vt 0.00000000 0.00000000
vt 0.00000000 0.00000000
vt 0.00000000 0.00000000
vt 0.00000000 0.00000000
vt 0.00000000 0.00000000
vt 0.00000000 0.00000000
vt 0.00000000 0.00000000
vt 0.00000000 0.00000000
vt 0.00000000 0.00000000
vt 0.00000000 0.00000000
vt 0.00000000 0.00000000
vt 0.00000000 0.00000000
vt 0.00000000 0.00000000
vt 0.00000000 0.00000000
vt 0.00000000 0.00000000
vt 0.00000000 0.00000000
vt 0.00000000 0.00000000
vt 0.00000000 0.00000000
vt 0.00000000 0.00000000
vt 0.00000000 0.00000000
vt 0.00000000 0.00000000
vt 0.00000000 0.00000000
vt 0.00000000 0.00000000
vt 0.00000000 0.00000000
vt 0.00000000 0.00000000
vt 0.00000000 0.00000000
vt 0.00000000 0.00000000
vt 0.00000000 0.00000000
vt 0.00000000 0.00000000
vt 0.00000000 0.00000000
vt 0.00000000 0.00000000
vt 0.00000000 0.00000000
vt 0.00000000 0.00000000
vt 0.00000000 0.00000000
vt 0.00000000 0.00000000
vt 0.00000000 0.00000000
vt 0.00000000 0.00000000
vt 0.00000000 0.00000000
vt 0.00000000 0.00000000
vt 0.00000000 0.00000000
vt 0.00000000 0.00000000
vt 0.00000000 0.00000000
vt 0.00000000 0.00000000
vt 0.00000000 0.00000000
vt 0.00000000 0.00000000
vt 0.00000000 0.00000000
vt 0.00000000 0.00000000
vt 0.00000000 0.00000000
vt 0.00000000 0.00000000
vt 0.00000000 0.00000000
vt 0.00000000 0.00000000
vt 0.00000000 0.00000000
vt 0.00000000 0.00000000
vt 0.00000000 0.00000000
vt 0.00000000 0.00000000
vt 0.00000000 0.00000000
vt 0.00000000 0.00000000
vt 0.00000000 0.00000000
vt 0.00000000 0.00000000
vt 0.00000000 0.00000000
vt 0.00000000 0.00000000
vt 0.00000000 0.00000000
vt 0.00000000 0.00000000
vt 0.00000000 0.00000000
vt 0.00000000 0.00000000
vt 0.00000000 0.00000000
vt 0.00000000 0.00000000
vt 0.00000000 0.00000000
vt 0.00000000 0.00000000
vt 0.00000000 0.00000000
vt 0.00000000 0.00000000
vt 0.00000000 0.00000000
vt 0.00000000 0.00000000
vt 0.00000000 0.00000000
vt 0.00000000 0.00000000
vt 0.00000000 0.00000000
vt 0.00000000 0.00000000
vt 0.00000000 0.00000000
vt 0.00000000 0.00000000
vt 0.00000000 0.00000000
vt 0.00000000 0.00000000
vt 0.00000000 0.00000000
vt 0.00000000 0.00000000
vt 0.00000000 0.00000000
vt 0.00000000 0.00000000
vt 0.00000000 0.00000000
vt 0.00000000 0.00000000
vt 0.00000000 0.00000000
vt 0.00000000 0.00000000
vt 0.00000000 0.00000000
vt 0.00000000 0.00000000
vt 0.00000000 0.00000000
vt 0.00000000 0.00000000
vt 0.00000000 0.00000000
vt 0.00000000 0.00000000
vt 0.00000000 0.00000000
vt 0.00000000 0.00000000
vt 0.00000000 0.00000000
vt 0.00000000 0.00000000
vt 0.00000000 0.00000000
vt 0.00000000 0.00000000
vt 0.00000000 0.00000000
vt 0.00000000 0.00000000
vt 0.00000000 0.00000000
vt 0.00000000 0.00000000
vt 0.00000000 0.00000000
vt 0.00000000 0.00000000
vt 0.00000000 0.00000000
vt 0.00000000 0.00000000
vt 0.00000000 0.00000000
vt 0.00000000 0.00000000
vt 0.00000000 0.00000000
vt 0.00000000 0.00000000
vt 0.00000000 0.00000000
vt 0.00000000 0.00000000
vt 0.00000000 0.00000000
vt 0.00000000 0.00000000
vt 0.00000000 0.00000000
vt 0.00000000 0.00000000
vt 0.00000000 0.00000000
vt 0.00000000 0.00000000
vt 0.00000000 0.00000000
vt 0.00000000 0.00000000
vt 0.00000000 0.00000000
vt 0.00000000 0.00000000
vt 0.00000000 0.00000000
vt 0.00000000 0.00000000
vt 0.00000000 0.00000000
vt 0.00000000 0.00000000
vt 0.00000000 0.00000000
vt 0.00000000 0.00000000
vt 0.00000000 0.00000000
vt 0.00000000 0.00000000
vt 0.00000000 0.00000000
vt 0.00000000 0.00000000
vt 0.00000000 0.00000000
vt 0.00000000 0.00000000
vt 0.00000000 0.00000000
vt 0.00000000 0.00000000
vt 0.00000000 0.00000000
vt 0.00000000 0.00000000
vt 0.00000000 0.00000000
vt 0.00000000 0.00000000
vt 0.00000000 0.00000000
vt 0.00000000 0.00000000
vt 0.00000000 0.00000000
vt 0.00000000 0.00000000
vt 0.00000000 0.00000000
vt 0.00000000 0.00000000
vt 0.00000000 0.00000000
vt 0.00000000 0.00000000
vt 0.00000000 0.00000000
vt 0.00000000 0.00000000
vt 0.00000000 0.00000000
vt 0.00000000 0.00000000
vt 0.00000000 0.00000000
vt 0.00000000 0.00000000
vt 0.00000000 0.00000000
vt 0.00000000 0.00000000
vt 0.00000000 0.00000000
vt 0.00000000 0.00000000
vt 0.00000000 0.00000000
vt 0.00000000 0.00000000
vt 0.00000000 0.00000000
vt 0.00000000 0.00000000
vt 0.00000000 0.00000000
vt 0.00000000 0.00000000
vt 0.00000000 0.00000000
vt 0.00000000 0.00000000
vt 0.00000000 0.00000000
vt 0.00000000 0.00000000
vt 0.00000000 0.00000000
vt 0.00000000 0.00000000
vt 0.00000000 0.00000000
vt 0.00000000 0.00000000
vt 0.00000000 0.00000000
vt 0.00000000 0.00000000
vt 0.00000000 0.00000000
vt 0.00000000 0.00000000
vt 0.00000000 0.00000000
vt 0.00000000 0.00000000
vt 0.00000000 0.00000000
vt 0.00000000 0.00000000
vt 0.00000000 0.00000000
vt 0.00000000 0.00000000
vt 0.00000000 0.00000000
vt 0.00000000 0.00000000
vt 0.00000000 0.00000000
vt 0.00000000 0.00000000
vt 0.00000000 0.00000000
vt 0.00000000 0.00000000
vt 0.00000000 0.00000000
vt 0.00000000 0.00000000
vt 0.00000000 0.00000000
vt 0.00000000 0.00000000
vt 0.00000000 0.00000000
vt 0.00000000 0.00000000
vt 0.00000000 0.00000000
vt 0.00000000 0.00000000
vt 0.00000000 0.00000000
vt 0.00000000 0.00000000
vt 0.00000000 0.00000000
vt 0.00000000 0.00000000
vt 0.00000000 0.00000000
vt 0.00000000 0.00000000
vt 0.00000000 0.00000000
vt 0.00000000 0.00000000
vt 0.00000000 0.00000000
vt 0.00000000 0.00000000
vt 0.00000000 0.00000000
vt 0.00000000 0.00000000
vt 0.00000000 0.00000000
vt 0.00000000 0.00000000
vt 0.00000000 0.00000000
vt 0.00000000 0.00000000
vt 0.00000000 0.00000000
vt 0.00000000 0.00000000
vt 0.00000000 0.00000000
vt 0.00000000 0.00000000
vt 0.00000000 0.00000000
vt 0.00000000 0.00000000
vt 0.00000000 0.00000000
vt 0.00000000 0.00000000
vt 0.00000000 0.00000000
vt 0.00000000 0.00000000
vt 0.00000000 0.00000000
vt 0.00000000 0.00000000
vt 0.00000000 0.00000000
vt 0.00000000 0.00000000
vt 0.00000000 0.00000000
vt 0.00000000 0.00000000
vt 0.00000000 0.00000000
vt 0.00000000 0.00000000
vt 0.00000000 0.00000000
vt 0.00000000 0.00000000
vt 0.00000000 0.00000000
vt 0.00000000 0.00000000
vt 0.00000000 0.00000000
vt 0.00000000 0.00000000
vt 0.00000000 0.00000000
vt 0.00000000 0.00000000
vt 0.00000000 0.00000000
vt 0.00000000 0.00000000
vt 0.00000000 0.00000000
vt 0.00000000 0.00000000
vt 0.00000000 0.00000000
vt 0.00000000 0.00000000
vt 0.00000000 0.00000000
vt 0.00000000 0.00000000
vt 0.00000000 0.00000000
vt 0.00000000 0.00000000
vt 0.00000000 0.00000000
vt 0.00000000 0.00000000
vt 0.00000000 0.00000000
vt 0.00000000 0.00000000
vt 0.00000000 0.00000000
vt 0.00000000 0.00000000
vt 0.00000000 0.00000000
vt 0.00000000 0.00000000
vt 0.00000000 0.00000000
vt 0.00000000 0.00000000
vt 0.00000000 0.00000000
vt 0.00000000 0.00000000
vt 0.00000000 0.00000000
vt 0.00000000 0.00000000
vt 0.00000000 0.00000000
vt 0.00000000 0.00000000
vt 0.00000000 0.00000000
vt 0.00000000 0.00000000
vt 0.00000000 0.00000000
vt 0.00000000 0.00000000
vt 0.00000000 0.00000000
vt 0.00000000 0.00000000
vt 0.00000000 0.00000000
vt 0.00000000 0.00000000
vt 0.00000000 0.00000000
vt 0.00000000 0.00000000
vt 0.00000000 0.00000000
vt 0.00000000 0.00000000
vt 0.00000000 0.00000000
vt 0.00000000 0.00000000
vt 0.00000000 0.00000000
vt 0.00000000 0.00000000
vt 0.00000000 0.00000000
vt 0.00000000 0.00000000
vt 0.00000000 0.00000000
vt 0.00000000 0.00000000
vt 0.00000000 0.00000000
vt 0.00000000 0.00000000
vt 0.00000000 0.00000000
vt 0.00000000 0.00000000
vt 0.00000000 0.00000000
vt 0.00000000 0.00000000
vt 0.00000000 0.00000000
vt 0.00000000 0.00000000
vt 0.00000000 0.00000000
vt 0.00000000 0.00000000
vt 0.00000000 0.00000000
vt 0.00000000 0.00000000
vt 0.00000000 0.00000000
vt 0.00000000 0.00000000
vt 0.00000000 0.00000000
vt 0.00000000 0.00000000
vt 0.00000000 0.00000000
vt 0.00000000 0.00000000
vt 0.00000000 0.00000000
vt 0.00000000 0.00000000
vt 0.00000000 0.00000000
vt 0.00000000 0.00000000
vt 0.00000000 0.00000000
vt 0.00000000 0.00000000
vt 0.00000000 0.00000000
vt 0.00000000 0.00000000
vt 0.00000000 0.00000000
vt 0.00000000 0.00000000
vt 0.00000000 0.00000000
vt 0.00000000 0.00000000
vt 0.00000000 0.00000000
vt 0.00000000 0.00000000
vt 0.00000000 0.00000000
vt 0.00000000 0.00000000
vt 0.00000000 0.00000000
vt 0.00000000 0.00000000
vt 0.00000000 0.00000000
vt 0.00000000 0.00000000
vt 0.00000000 0.00000000
vt 0.00000000 0.00000000
vt 0.00000000 0.00000000
vt 0.00000000 0.00000000
vt 0.00000000 0.00000000
vt 0.00000000 0.00000000
vt 0.00000000 0.00000000
vt 0.00000000 0.00000000
vt 0.00000000 0.00000000
vt 0.00000000 0.00000000
vt 0.00000000 0.00000000
vt 0.00000000 0.00000000
vt 0.00000000 0.00000000
vt 0.00000000 0.00000000
vt 0.00000000 0.00000000
vt 0.00000000 0.00000000
vt 0.00000000 0.00000000
vt 0.00000000 0.00000000
vt 0.00000000 0.00000000
vt 0.00000000 0.00000000
vt 0.00000000 0.00000000
vt 0.00000000 0.00000000
vt 0.00000000 0.00000000
vt 0.00000000 0.00000000
vt 0.00000000 0.00000000
vt 0.00000000 0.00000000
vt 0.00000000 0.00000000
vt 0.00000000 0.00000000
vt 0.00000000 0.00000000
vt 0.00000000 0.00000000
vt 0.00000000 0.00000000
vt 0.00000000 0.00000000
vt 0.00000000 0.00000000
vt 0.00000000 0.00000000
vt 0.00000000 0.00000000
vt 0.00000000 0.00000000
vt 0.00000000 0.00000000
vt 0.00000000 0.00000000
vt 0.00000000 0.00000000
vt 0.00000000 0.00000000
vt 0.00000000 0.00000000
vt 0.00000000 0.00000000
vt 0.00000000 0.00000000
vt 0.00000000 0.00000000
vt 0.00000000 0.00000000
vt 0.00000000 0.00000000
vt 0.00000000 0.00000000
vt 0.00000000 0.00000000
vt 0.00000000 0.00000000
vt 0.00000000 0.00000000
vt 0.00000000 0.00000000
vt 0.00000000 0.00000000
vt 0.00000000 0.00000000
vt 0.00000000 0.00000000
vt 0.00000000 0.00000000
vt 0.00000000 0.00000000
vt 0.00000000 0.00000000
vt 0.00000000 0.00000000
vt 0.00000000 0.00000000
vt 0.00000000 0.00000000
vt 0.00000000 0.00000000
vt 0.00000000 0.00000000
vt 0.00000000 0.00000000
vt 0.00000000 0.00000000
vt 0.00000000 0.00000000
vt 0.00000000 0.00000000
vt 0.00000000 0.00000000
vt 0.00000000 0.00000000
vt 0.00000000 0.00000000
vt 0.00000000 0.00000000
vt 0.00000000 0.00000000
vt 0.00000000 0.00000000
vt 0.00000000 0.00000000
vt 0.00000000 0.00000000
vt 0.00000000 0.00000000
vt 0.00000000 0.00000000
vt 0.00000000 0.00000000
vt 0.00000000 0.00000000
vt 0.00000000 0.00000000
vt 0.00000000 0.00000000
vt 0.00000000 0.00000000
vt 0.00000000 0.00000000
vt 0.00000000 0.00000000
vt 0.00000000 0.00000000
vt 0.00000000 0.00000000
vt 0.00000000 0.00000000
vt 0.00000000 0.00000000
vt 0.00000000 0.00000000
vt 0.00000000 0.00000000
vt 0.00000000 0.00000000
vt 0.00000000 0.00000000
vt 0.00000000 0.00000000
vt 0.00000000 0.00000000
vt 0.00000000 0.00000000
vt 0.00000000 0.00000000
vt 0.00000000 0.00000000
vt 0.00000000 0.00000000
vt 0.00000000 0.00000000
vt 0.00000000 0.00000000
vt 0.00000000 0.00000000
vt 0.00000000 0.00000000
vt 0.00000000 0.00000000
vt 0.00000000 0.00000000
vt 0.00000000 0.00000000
vt 0.00000000 0.00000000
vt 0.00000000 0.00000000
vt 0.00000000 0.00000000
vt 0.00000000 0.00000000
vt 0.00000000 0.00000000
vt 0.00000000 0.00000000
vt 0.00000000 0.00000000
vt 0.00000000 0.00000000
vt 0.00000000 0.00000000
vt 0.00000000 0.00000000
vt 0.00000000 0.00000000
vt 0.00000000 0.00000000
vt 0.00000000 0.00000000
vt 0.00000000 0.00000000
vt 0.00000000 0.00000000
vt 0.00000000 0.00000000
vt 0.00000000 0.00000000
vt 0.00000000 0.00000000
vt 0.00000000 0.00000000
vt 0.00000000 0.00000000
vt 0.00000000 0.00000000
vt 0.00000000 0.00000000
vt 0.00000000 0.00000000
vt 0.00000000 0.00000000
vt 0.00000000 0.00000000
vt 0.00000000 0.00000000
vt 0.00000000 0.00000000
vt 0.00000000 0.00000000
vt 0.00000000 0.00000000
vt 0.00000000 0.00000000
vt 0.00000000 0.00000000
vt 0.00000000 0.00000000
vt 0.00000000 0.00000000
vt 0.00000000 0.00000000
vt 0.00000000 0.00000000
vt 0.00000000 0.00000000
vt 0.00000000 0.00000000
vt 0.00000000 0.00000000
vt 0.00000000 0.00000000
vt 0.00000000 0.00000000
vt 0.00000000 0.00000000
vt 0.00000000 0.00000000
vt 0.00000000 0.00000000
vt 0.00000000 0.00000000
vt 0.00000000 0.00000000
vt 0.00000000 0.00000000
vt 0.00000000 0.00000000
vt 0.00000000 0.00000000
vt 0.00000000 0.00000000
vt 0.00000000 0.00000000
vt 0.00000000 0.00000000
vt 0.00000000 0.00000000
vt 0.00000000 0.00000000
vt 0.00000000 0.00000000
vt 0.00000000 0.00000000
vt 0.00000000 0.00000000
vt 0.00000000 0.00000000
vt 0.00000000 0.00000000
vt 0.00000000 0.00000000
vt 0.00000000 0.00000000
vt 0.00000000 0.00000000
vt 0.00000000 0.00000000
vt 0.00000000 0.00000000
vt 0.00000000 0.00000000
vt 0.00000000 0.00000000
vt 0.00000000 0.00000000
vt 0.00000000 0.00000000
vt 0.00000000 0.00000000
vt 0.00000000 0.00000000
vt 0.00000000 0.00000000
vt 0.00000000 0.00000000
vt 0.00000000 0.00000000
vt 0.00000000 0.00000000
vt 0.00000000 0.00000000
vt 0.00000000 0.00000000
vt 0.00000000 0.00000000
vt 0.00000000 0.00000000
vt 0.00000000 0.00000000
vt 0.00000000 0.00000000
vt 0.00000000 0.00000000
vt 0.00000000 0.00000000
vt 0.00000000 0.00000000
vt 0.00000000 0.00000000
vt 0.00000000 0.00000000
vt 0.00000000 0.00000000
vt 0.00000000 0.00000000
vt 0.00000000 0.00000000
vt 0.00000000 0.00000000
vt 0.00000000 0.00000000
vt 0.00000000 0.00000000
vt 0.00000000 0.00000000
vt 0.00000000 0.00000000
vt 0.00000000 0.00000000
vt 0.00000000 0.00000000
vt 0.00000000 0.00000000
vt 0.00000000 0.00000000
vt 0.00000000 0.00000000
vt 0.00000000 0.00000000
vt 0.00000000 0.00000000
vt 0.00000000 0.00000000
vt 0.00000000 0.00000000
vt 0.00000000 0.00000000
vt 0.00000000 0.00000000
vt 0.00000000 0.00000000
vt 0.00000000 0.00000000
vt 0.00000000 0.00000000
vt 0.00000000 0.00000000
vt 0.00000000 0.00000000
vt 0.00000000 0.00000000
vt 0.00000000 0.00000000
vt 0.00000000 0.00000000
vt 0.00000000 0.00000000
vt 0.00000000 0.00000000
vt 0.00000000 0.00000000
vt 0.00000000 0.00000000
vt 0.00000000 0.00000000
vt 0.00000000 0.00000000
vt 0.00000000 0.00000000
vt 0.00000000 0.00000000
vt 0.00000000 0.00000000
vt 0.00000000 0.00000000
vt 0.00000000 0.00000000
vt 0.00000000 0.00000000
vt 0.00000000 0.00000000
vt 0.00000000 0.00000000
vt 0.00000000 0.00000000
vt 0.00000000 0.00000000
vt 0.00000000 0.00000000
vt 0.00000000 0.00000000
vt 0.00000000 0.00000000
vt 0.00000000 0.00000000
vt 0.00000000 0.00000000
vt 0.00000000 0.00000000
vt 0.00000000 0.00000000
vt 0.00000000 0.00000000
vt 0.00000000 0.00000000
vt 0.00000000 0.00000000
vt 0.00000000 0.00000000
vt 0.00000000 0.00000000
vt 0.00000000 0.00000000
vt 0.00000000 0.00000000
vt 0.00000000 0.00000000
vt 0.00000000 0.00000000
vt 0.00000000 0.00000000
vt 0.00000000 0.00000000
vt 0.00000000 0.00000000
vt 0.00000000 0.00000000
vt 0.00000000 0.00000000
vt 0.00000000 0.00000000
vt 0.00000000 0.00000000
vt 0.00000000 0.00000000
vt 0.00000000 0.00000000
vt 0.00000000 0.00000000
vt 0.00000000 0.00000000
vt 0.00000000 0.00000000
vt 0.00000000 0.00000000
vt 0.00000000 0.00000000
vt 0.00000000 0.00000000
vt 0.00000000 0.00000000
vt 0.00000000 0.00000000
vt 0.00000000 0.00000000
vt 0.00000000 0.00000000
vt 0.00000000 0.00000000
vt 0.00000000 0.00000000
vt 0.00000000 0.00000000
vt 0.00000000 0.00000000
vt 0.00000000 0.00000000
vt 0.00000000 0.00000000
vt 0.00000000 0.00000000
vt 0.00000000 0.00000000
vt 0.00000000 0.00000000
vt 0.00000000 0.00000000
vt 0.00000000 0.00000000
vt 0.00000000 0.00000000
vt 0.00000000 0.00000000
vt 0.00000000 0.00000000
vt 0.00000000 0.00000000
vt 0.00000000 0.00000000
vt 0.00000000 0.00000000
vt 0.00000000 0.00000000
vt 0.00000000 0.00000000
vt 0.00000000 0.00000000
vt 0.00000000 0.00000000
vt 0.00000000 0.00000000
vt 0.00000000 0.00000000
vt 0.00000000 0.00000000
vt 0.00000000 0.00000000
vt 0.00000000 0.00000000
vt 0.00000000 0.00000000
vt 0.00000000 0.00000000
vt 0.00000000 0.00000000
vt 0.00000000 0.00000000
vt 0.00000000 0.00000000
vt 0.00000000 0.00000000
vt 0.00000000 0.00000000
vt 0.00000000 0.00000000
vt 0.00000000 0.00000000
vt 0.00000000 0.00000000
vt 0.00000000 0.00000000
vt 0.00000000 0.00000000
vt 0.00000000 0.00000000
vt 0.00000000 0.00000000
vt 0.00000000 0.00000000
vt 0.00000000 0.00000000
vt 0.00000000 0.00000000
vt 0.00000000 0.00000000
vt 0.00000000 0.00000000
vt 0.00000000 0.00000000
vt 0.00000000 0.00000000
vt 0.00000000 0.00000000
vt 0.00000000 0.00000000
vt 0.00000000 0.00000000
vt 0.00000000 0.00000000
vt 0.00000000 0.00000000
vt 0.00000000 0.00000000
vt 0.00000000 0.00000000
vt 0.00000000 0.00000000
vt 0.00000000 0.00000000
vt 0.00000000 0.00000000
vt 0.00000000 0.00000000
vt 0.00000000 0.00000000
vt 0.00000000 0.00000000
vt 0.00000000 0.00000000
vt 0.00000000 0.00000000
vt 0.00000000 0.00000000
vt 0.00000000 0.00000000
vt 0.00000000 0.00000000
vt 0.00000000 0.00000000
vt 0.00000000 0.00000000
vt 0.00000000 0.00000000
vt 0.00000000 0.00000000
vt 0.00000000 0.00000000
vt 0.00000000 0.00000000
vt 0.00000000 0.00000000
vt 0.00000000 0.00000000
vt 0.00000000 0.00000000
vt 0.00000000 0.00000000
vt 0.00000000 0.00000000
vt 0.00000000 0.00000000
vt 0.00000000 0.00000000
vt 0.00000000 0.00000000
vt 0.00000000 0.00000000
vt 0.00000000 0.00000000
vt 0.00000000 0.00000000
vt 0.00000000 0.00000000
vt 0.00000000 0.00000000
vt 0.00000000 0.00000000
vt 0.00000000 0.00000000
vt 0.00000000 0.00000000
vt 0.00000000 0.00000000
vt 0.00000000 0.00000000
vt 0.00000000 0.00000000
vt 0.00000000 0.00000000
vt 0.00000000 0.00000000
f 4177/4177/4177 4178/4178/4178 4179/4179/4179
f 4180/4180/4180 4181/4181/4181 4178/4178/4178
f 4182/4182/4182 4183/4183/4183 4181/4181/4181
f 4184/4184/4184 4185/4185/4185 4183/4183/4183
f 4186/4186/4186 4187/4187/4187 4188/4188/4188
f 4189/4189/4189 4190/4190/4190 4187/4187/4187
f 4191/4191/4191 4192/4192/4192 4190/4190/4190
f 4193/4193/4193 4194/4194/4194 4195/4195/4195
f 4196/4196/4196 4197/4197/4197 4198/4198/4198
f 4199/4199/4199 4200/4200/4200 4201/4201/4201
f 4202/4202/4202 4203/4203/4203 4204/4204/4204
f 4205/4205/4205 4206/4206/4206 4207/4207/4207
f 4208/4208/4208 4209/4209/4209 4210/4210/4210
f 4211/4211/4211 4212/4212/4212 4213/4213/4213
f 4214/4214/4214 4215/4215/4215 4216/4216/4216
f 4217/4217/4217 4218/4218/4218 4219/4219/4219
f 4220/4220/4220 4221/4221/4221 4222/4222/4222
f 4223/4223/4223 4224/4224/4224 4225/4225/4225
f 4226/4226/4226 4227/4227/4227 4228/4228/4228
f 4229/4229/4229 4230/4230/4230 4231/4231/4231
f 4232/4232/4232 4233/4233/4233 4234/4234/4234
f 4235/4235/4235 4236/4236/4236 4237/4237/4237
f 4238/4238/4238 4239/4239/4239 4240/4240/4240
f 4241/4241/4241 4242/4242/4242 4243/4243/4243
f 4244/4244/4244 4245/4245/4245 4246/4246/4246
f 4247/4247/4247 4248/4248/4248 4249/4249/4249
f 4250/4250/4250 4251/4251/4251 4252/4252/4252
f 4253/4253/4253 4254/4254/4254 4255/4255/4255
f 4256/4256/4256 4257/4257/4257 4258/4258/4258
f 4259/4259/4259 4260/4260/4260 4261/4261/4261
f 4262/4262/4262 4263/4263/4263 4264/4264/4264
f 4265/4265/4265 4266/4266/4266 4267/4267/4267
f 4268/4268/4268 4269/4269/4269 4270/4270/4270
f 4271/4271/4271 4272/4272/4272 4273/4273/4273
f 4274/4274/4274 4275/4275/4275 4276/4276/4276
f 4277/4277/4277 4278/4278/4278 4279/4279/4279
f 4280/4280/4280 4281/4281/4281 4282/4282/4282
f 4283/4283/4283 4284/4284/4284 4285/4285/4285
f 4286/4286/4286 4287/4287/4287 4288/4288/4288
f 4289/4289/4289 4290/4290/4290 4291/4291/4291
f 4292/4292/4292 4293/4293/4293 4294/4294/4294
f 4295/4295/4295 4296/4296/4296 4297/4297/4297
f 4298/4298/4298 4299/4299/4299 4300/4300/4300
f 4301/4301/4301 4302/4302/4302 4303/4303/4303
f 4304/4304/4304 4305/4305/4305 4306/4306/4306
f 4307/4307/4307 4308/4308/4308 4309/4309/4309
f 4310/4310/4310 4311/4311/4311 4312/4312/4312
f 4313/4313/4313 4314/4314/4314 4315/4315/4315
f 4316/4316/4316 4317/4317/4317 4318/4318/4318
f 4319/4319/4319 4320/4320/4320 4321/4321/4321
f 4322/4322/4322 4323/4323/4323 4324/4324/4324
f 4325/4325/4325 4326/4326/4326 4327/4327/4327
f 4328/4328/4328 4329/4329/4329 4330/4330/4330
f 4331/4331/4331 4332/4332/4332 4333/4333/4333
f 4334/4334/4334 4335/4335/4335 4336/4336/4336
f 4337/4337/4337 4338/4338/4338 4339/4339/4339
f 4340/4340/4340 4341/4341/4341 4342/4342/4342
f 4343/4343/4343 4344/4344/4344 4345/4345/4345
f 4346/4346/4346 4347/4347/4347 4348/4348/4348
f 4349/4349/4349 4350/4350/4350 4351/4351/4351
f 4352/4352/4352 4353/4353/4353 4354/4354/4354
f 4355/4355/4355 4356/4356/4356 4357/4357/4357
f 4358/4358/4358 4359/4359/4359 4360/4360/4360
f 4361/4361/4361 4362/4362/4362 4363/4363/4363
f 4364/4364/4364 4365/4365/4365 4366/4366/4366
f 4367/4367/4367 4368/4368/4368 4369/4369/4369
f 4370/4370/4370 4371/4371/4371 4372/4372/4372
f 4373/4373/4373 4374/4374/4374 4375/4375/4375
f 4376/4376/4376 4377/4377/4377 4378/4378/4378
f 4379/4379/4379 4380/4380/4380 4381/4381/4381
f 4382/4382/4382 4383/4383/4383 4384/4384/4384
f 4385/4385/4385 4386/4386/4386 4387/4387/4387
f 4388/4388/4388 4389/4389/4389 4390/4390/4390
f 4391/4391/4391 4392/4392/4392 4393/4393/4393
f 4394/4394/4394 4395/4395/4395 4396/4396/4396
f 4397/4397/4397 4398/4398/4398 4399/4399/4399
f 4400/4400/4400 4401/4401/4401 4402/4402/4402
f 4403/4403/4403 4404/4404/4404 4405/4405/4405
f 4406/4406/4406 4407/4407/4407 4408/4408/4408
f 4409/4409/4409 4410/4410/4410 4411/4411/4411
f 4412/4412/4412 4413/4413/4413 4414/4414/4414
f 4415/4415/4415 4416/4416/4416 4417/4417/4417
f 4418/4418/4418 4419/4419/4419 4420/4420/4420
f 4421/4421/4421 4422/4422/4422 4419/4419/4419
f 4423/4423/4423 4424/4424/4424 4422/4422/4422
f 4425/4425/4425 4426/4426/4426 4424/4424/4424
f 4427/4427/4427 4428/4428/4428 4426/4426/4426
f 4429/4429/4429 4430/4430/4430 4428/4428/4428
f 4431/4431/4431 4432/4432/4432 4430/4430/4430
f 4432/4432/4432 4433/4433/4433 4434/4434/4434
f 4433/4433/4433 4435/4435/4435 4434/4434/4434
f 4435/4435/4435 4436/4436/4436 4437/4437/4437
f 4436/4436/4436 4438/4438/4438 4437/4437/4437
f 4439/4439/4439 4440/4440/4440 4438/4438/4438
f 4441/4441/4441 4442/4442/4442 4440/4440/4440
f 4442/4442/4442 4443/4443/4443 4444/4444/4444
f 4443/4443/4443 4445/4445/4445 4444/4444/4444
f 4446/4446/4446 4447/4447/4447 4445/4445/4445
f 4448/4448/4448 4449/4449/4449 4447/4447/4447
f 4450/4450/4450 4451/4451/4451 4449/4449/4449
f 4451/4451/4451 4452/4452/4452 4453/4453/4453
f 4452/4452/4452 4454/4454/4454 4453/4453/4453
f 4454/4454/4454 4455/4455/4455 4456/4456/4456
f 4455/4455/4455 4457/4457/4457 4456/4456/4456
f 4457/4457/4457 4458/4458/4458 4459/4459/4459
f 4458/4458/4458 4460/4460/4460 4459/4459/4459
f 4461/4461/4461 4462/4462/4462 4460/4460/4460
f 4462/4462/4462 4463/4463/4463 4464/4464/4464
f 4463/4463/4463 4465/4465/4465 4464/4464/4464
f 4466/4466/4466 4467/4467/4467 4465/4465/4465
f 4468/4468/4468 4469/4469/4469 4467/4467/4467
f 4469/4469/4469 4470/4470/4470 4471/4471/4471
f 4470/4470/4470 4472/4472/4472 4471/4471/4471
f 4472/4472/4472 4473/4473/4473 4474/4474/4474
f 4473/4473/4473 4475/4475/4475 4474/4474/4474
f 4475/4475/4475 4476/4476/4476 4477/4477/4477
f 4476/4476/4476 4478/4478/4478 4477/4477/4477
f 4478/4478/4478 4479/4479/4479 4480/4480/4480
f 4479/4479/4479 4481/4481/4481 4480/4480/4480
f 4481/4481/4481 4482/4482/4482 4483/4483/4483
f 4482/4482/4482 4484/4484/4484 4483/4483/4483
f 4484/4484/4484 4485/4485/4485 4486/4486/4486
f 4485/4485/4485 4487/4487/4487 4486/4486/4486
f 4488/4488/4488 4489/4489/4489 4487/4487/4487
f 4489/4489/4489 4490/4490/4490 4491/4491/4491
f 4490/4490/4490 4492/4492/4492 4491/4491/4491
f 4492/4492/4492 4493/4493/4493 4494/4494/4494
f 4494/4494/4494 4495/4495/4495 4496/4496/4496
f 4496/4496/4496 4497/4497/4497 4498/4498/4498
f 4497/4497/4497 4499/4499/4499 4498/4498/4498
f 4500/4500/4500 4501/4501/4501 4499/4499/4499
f 4501/4501/4501 4502/4502/4502 4503/4503/4503
f 4502/4502/4502 4504/4504/4504 4503/4503/4503
f 4504/4504/4504 4505/4505/4505 4506/4506/4506
f 4505/4505/4505 4507/4507/4507 4506/4506/4506
f 4508/4508/4508 4509/4509/4509 4507/4507/4507
f 4509/4509/4509 4510/4510/4510 4511/4511/4511
f 4510/4510/4510 4512/4512/4512 4511/4511/4511
f 4512/4512/4512 4513/4513/4513 4514/4514/4514
f 4514/4514/4514 4515/4515/4515 4516/4516/4516
f 4516/4516/4516 4517/4517/4517 4518/4518/4518
f 4517/4517/4517 4519/4519/4519 4518/4518/4518
f 4520/4520/4520 4521/4521/4521 4519/4519/4519
f 4521/4521/4521 4522/4522/4522 4523/4523/4523
f 4522/4522/4522 4524/4524/4524 4523/4523/4523
f 4525/4525/4525 4526/4526/4526 4524/4524/4524
f 4418/4418/4418 4527/4527/4527 4421/4421/4421
f 4528/4528/4528 4529/4529/4529 4530/4530/4530
f 4423/4423/4423 4425/4425/4425 4425/4425/4425
f 4425/4425/4425 4427/4427/4427 4427/4427/4427
f 4531/4531/4531 4532/4532/4532 4533/4533/4533
f 4534/4534/4534 4535/4535/4535 4536/4536/4536
f 4431/4431/4431 4537/4537/4537 4537/4537/4537
f 4537/4537/4537 4433/4433/4433 4537/4537/4537
f 4538/4538/4538 4539/4539/4539 4540/4540/4540
f 4540/4540/4540 4541/4541/4541 4542/4542/4542
f 4436/4436/4436 4543/4543/4543 4439/4439/4439
f 4439/4439/4439 4544/4544/4544 4441/4441/4441
f 4441/4441/4441 4545/4545/4545 4545/4545/4545
f 4545/4545/4545 4546/4546/4546 4443/4443/4443
f 4547/4547/4547 4548/4548/4548 4549/4549/4549
f 4446/4446/4446 4550/4550/4550 4448/4448/4448
f 4551/4551/4551 4552/4552/4552 4553/4553/4553
f 4450/4450/4450 4554/4554/4554 4555/4555/4555
f 4556/4556/4556 4557/4557/4557 4558/4558/4558
f 4559/4559/4559 4560/4560/4560 4561/4561/4561
f 4562/4562/4562 4455/4455/4455 4562/4562/4562
f 4455/4455/4455 4563/4563/4563 4564/4564/4564
f 4565/4565/4565 4566/4566/4566 4567/4567/4567
f 4458/4458/4458 4568/4568/4568 4461/4461/4461
f 4569/4569/4569 4570/4570/4570 4571/4571/4571
f 4572/4572/4572 4573/4573/4573 4463/4463/4463
f 4463/4463/4463 4466/4466/4466 4466/4466/4466
f 4574/4574/4574 4575/4575/4575 4576/4576/4576
f 4468/4468/4468 4577/4577/4577 4578/4578/4578
f 4578/4578/4578 4470/4470/4470 4470/4470/4470
f 4579/4579/4579 4580/4580/4580 4581/4581/4581
f 4582/4582/4582 4583/4583/4583 4473/4473/4473
f 4473/4473/4473 4584/4584/4584 4584/4584/4584
f 4585/4585/4585 4586/4586/4586 4587/4587/4587
f 4476/4476/4476 4588/4588/4588 4588/4588/4588
f 4588/4588/4588 4479/4479/4479 4588/4588/4588
f 4479/4479/4479 4589/4589/4589 4589/4589/4589
f 4589/4589/4589 4590/4590/4590 4482/4482/4482
f 4482/4482/4482 4591/4591/4591 4592/4592/4592
f 4592/4592/4592 4593/4593/4593 4485/4485/4485
f 4485/4485/4485 4594/4594/4594 4488/4488/4488
f 4488/4488/4488 4595/4595/4595 4595/4595/4595
f 4596/4596/4596 4597/4597/4597 4598/4598/4598
f 4490/4490/4490 4599/4599/4599 4599/4599/4599
f 4599/4599/4599 4493/4493/4493 4599/4599/4599
f 4493/4493/4493 4600/4600/4600 4495/4495/4495
f 4601/4601/4601 4602/4602/4602 4603/4603/4603
f 4497/4497/4497 4500/4500/4500 4500/4500/4500
f 4604/4604/4604 4605/4605/4605 4606/4606/4606
f 4606/4606/4606 4607/4607/4607 4608/4608/4608
f 4608/4608/4608 4609/4609/4609 4610/4610/4610
f 4611/4611/4611 4612/4612/4612 4505/4505/4505
f 4505/4505/4505 4508/4508/4508 4508/4508/4508
f 4508/4508/4508 4613/4613/4613 4614/4614/4614
f 4614/4614/4614 4510/4510/4510 4510/4510/4510
f 4510/4510/4510 4615/4615/4615 4510/4510/4510
f 4615/4615/4615 4616/4616/4616 4513/4513/4513
f 4617/4617/4617 4618/4618/4618 4619/4619/4619
f 4515/4515/4515 4620/4620/4620 4517/4517/4517
f 4621/4621/4621 4622/4622/4622 4623/4623/4623
f 4520/4520/4520 4624/4624/4624 4624/4624/4624
f 4624/4624/4624 4522/4522/4522 4624/4624/4624
f 4522/4522/4522 4625/4625/4625 4525/4525/4525
f 4525/4525/4525 4626/4626/4626 4626/4626/4626
f 4627/4627/4627 4628/4628/4628 4629/4629/4629
f 4630/4630/4630 4631/4631/4631 4632/4632/4632
f 4633/4633/4633 4634/4634/4634 4635/4635/4635
f 4636/4636/4636 4637/4637/4637 4638/4638/4638
f 4639/4639/4639 4640/4640/4640 4641/4641/4641
f 4642/4642/4642 4643/4643/4643 4644/4644/4644
f 4645/4645/4645 4646/4646/4646 4647/4647/4647
f 4648/4648/4648 4649/4649/4649 4650/4650/4650
f 4651/4651/4651 4652/4652/4652 4653/4653/4653
f 4654/4654/4654 4655/4655/4655 4656/4656/4656
f 4657/4657/4657 4658/4658/4658 4659/4659/4659
f 4660/4660/4660 4661/4661/4661 4662/4662/4662
f 4663/4663/4663 4664/4664/4664 4665/4665/4665
f 4666/4666/4666 4667/4667/4667 4668/4668/4668
f 4669/4669/4669 4670/4670/4670 4671/4671/4671
f 4672/4672/4672 4673/4673/4673 4674/4674/4674
f 4675/4675/4675 4676/4676/4676 4677/4677/4677
f 4678/4678/4678 4679/4679/4679 4680/4680/4680
f 4681/4681/4681 4682/4682/4682 4683/4683/4683
f 4684/4684/4684 4685/4685/4685 4686/4686/4686
f 4687/4687/4687 4688/4688/4688 4689/4689/4689
f 4690/4690/4690 4691/4691/4691 4692/4692/4692
f 4693/4693/4693 4694/4694/4694 4695/4695/4695
f 4696/4696/4696 4697/4697/4697 4698/4698/4698
f 4699/4699/4699 4700/4700/4700 4701/4701/4701
f 4702/4702/4702 4703/4703/4703 4704/4704/4704
f 4705/4705/4705 4706/4706/4706 4707/4707/4707
f 4708/4708/4708 4709/4709/4709 4710/4710/4710
f 4711/4711/4711 4712/4712/4712 4713/4713/4713
f 4714/4714/4714 4715/4715/4715 4716/4716/4716
f 4717/4717/4717 4718/4718/4718 4719/4719/4719
f 4720/4720/4720 4721/4721/4721 4722/4722/4722
f 4723/4723/4723 4724/4724/4724 4725/4725/4725
f 4726/4726/4726 4727/4727/4727 4728/4728/4728
f 4729/4729/4729 4730/4730/4730 4731/4731/4731
f 4732/4732/4732 4733/4733/4733 4734/4734/4734
f 4735/4735/4735 4736/4736/4736 4737/4737/4737
f 4738/4738/4738 4739/4739/4739 4740/4740/4740
f 4741/4741/4741 4742/4742/4742 4743/4743/4743
f 4744/4744/4744 4745/4745/4745 4746/4746/4746
f 4747/4747/4747 4748/4748/4748 4749/4749/4749
f 4750/4750/4750 4751/4751/4751 4752/4752/4752
f 4753/4753/4753 4754/4754/4754 4755/4755/4755
f 4756/4756/4756 4757/4757/4757 4758/4758/4758
f 4759/4759/4759 4760/4760/4760 4761/4761/4761
f 4762/4762/4762 4763/4763/4763 4764/4764/4764
f 4765/4765/4765 4766/4766/4766 4767/4767/4767
f 4768/4768/4768 4186/4186/4186 4188/4188/4188
f 4769/4769/4769 4770/4770/4770 4771/4771/4771
f 4772/4772/4772 4773/4773/4773 4774/4774/4774
f 4775/4775/4775 4776/4776/4776 4777/4777/4777
f 4778/4778/4778 4747/4747/4747 4749/4749/4749
f 4779/4779/4779 4780/4780/4780 4781/4781/4781
f 4782/4782/4782 4783/4783/4783 4784/4784/4784
f 4785/4785/4785 4786/4786/4786 4787/4787/4787
f 4788/4788/4788 4789/4789/4789 4790/4790/4790
f 4657/4657/4657 4791/4791/4791 4768/4768/4768
f 4792/4792/4792 4793/4793/4793 4794/4794/4794
f 4795/4795/4795 4796/4796/4796 4797/4797/4797
f 4798/4798/4798 4799/4799/4799 4800/4800/4800
f 4801/4801/4801 4802/4802/4802 4803/4803/4803
f 4177/4177/4177 4180/4180/4180 4178/4178/4178
f 4180/4180/4180 4182/4182/4182 4181/4181/4181
f 4182/4182/4182 4184/4184/4184 4183/4183/4183
f 4804/4804/4804 4183/4183/4183 4185/4185/4185
f 4184/4184/4184 4748/4748/4748 4185/4185/4185
f 4186/4186/4186 4189/4189/4189 4187/4187/4187
f 4189/4189/4189 4191/4191/4191 4190/4190/4190
f 4191/4191/4191 4805/4805/4805 4192/4192/4192
f 4806/4806/4806 4807/4807/4807 4808/4808/4808
f 4809/4809/4809 4810/4810/4810 4811/4811/4811
f 4812/4812/4812 4813/4813/4813 4814/4814/4814
f 4815/4815/4815 4816/4816/4816 4817/4817/4817
f 4202/4202/4202 4818/4818/4818 4203/4203/4203
f 4819/4819/4819 4820/4820/4820 4821/4821/4821
f 4822/4822/4822 4823/4823/4823 4824/4824/4824
f 4825/4825/4825 4826/4826/4826 4827/4827/4827
f 4828/4828/4828 4829/4829/4829 4830/4830/4830
f 4831/4831/4831 4832/4832/4832 4833/4833/4833
f 4834/4834/4834 4835/4835/4835 4836/4836/4836
f 4837/4837/4837 4838/4838/4838 4839/4839/4839
f 4840/4840/4840 4841/4841/4841 4842/4842/4842
f 4843/4843/4843 4844/4844/4844 4845/4845/4845
f 4846/4846/4846 4847/4847/4847 4848/4848/4848
f 4849/4849/4849 4850/4850/4850 4851/4851/4851
f 4852/4852/4852 4853/4853/4853 4854/4854/4854
f 4855/4855/4855 4856/4856/4856 4857/4857/4857
f 4858/4858/4858 4859/4859/4859 4860/4860/4860
f 4861/4861/4861 4862/4862/4862 4863/4863/4863
f 4864/4864/4864 4865/4865/4865 4866/4866/4866
f 4867/4867/4867 4868/4868/4868 4869/4869/4869
f 4870/4870/4870 4871/4871/4871 4872/4872/4872
f 4873/4873/4873 4874/4874/4874 4875/4875/4875
f 4876/4876/4876 4877/4877/4877 4878/4878/4878
f 4879/4879/4879 4880/4880/4880 4881/4881/4881
f 4882/4882/4882 4883/4883/4883 4884/4884/4884
f 4885/4885/4885 4886/4886/4886 4887/4887/4887
f 4888/4888/4888 4889/4889/4889 4890/4890/4890
f 4891/4891/4891 4892/4892/4892 4893/4893/4893
f 4894/4894/4894 4895/4895/4895 4896/4896/4896
f 4897/4897/4897 4898/4898/4898 4899/4899/4899
f 4900/4900/4900 4901/4901/4901 4902/4902/4902
f 4903/4903/4903 4904/4904/4904 4905/4905/4905
f 4906/4906/4906 4907/4907/4907 4908/4908/4908
f 4909/4909/4909 4910/4910/4910 4911/4911/4911
f 4912/4912/4912 4913/4913/4913 4914/4914/4914
f 4915/4915/4915 4916/4916/4916 4917/4917/4917
f 4918/4918/4918 4919/4919/4919 4920/4920/4920
f 4921/4921/4921 4922/4922/4922 4923/4923/4923
f 4924/4924/4924 4925/4925/4925 4926/4926/4926
f 4927/4927/4927 4928/4928/4928 4929/4929/4929
f 4930/4930/4930 4931/4931/4931 4932/4932/4932
f 4933/4933/4933 4934/4934/4934 4935/4935/4935
f 4936/4936/4936 4937/4937/4937 4938/4938/4938
f 4939/4939/4939 4940/4940/4940 4941/4941/4941
f 4942/4942/4942 4943/4943/4943 4944/4944/4944
f 4945/4945/4945 4946/4946/4946 4947/4947/4947
f 4948/4948/4948 4949/4949/4949 4950/4950/4950
f 4951/4951/4951 4952/4952/4952 4953/4953/4953
f 4954/4954/4954 4955/4955/4955 4956/4956/4956
f 4957/4957/4957 4958/4958/4958 4959/4959/4959
f 4960/4960/4960 4961/4961/4961 4962/4962/4962
f 4963/4963/4963 4964/4964/4964 4965/4965/4965
f 4966/4966/4966 4967/4967/4967 4968/4968/4968
f 4969/4969/4969 4970/4970/4970 4971/4971/4971
f 4972/4972/4972 4973/4973/4973 4974/4974/4974
f 4975/4975/4975 4976/4976/4976 4977/4977/4977
f 4978/4978/4978 4979/4979/4979 4980/4980/4980
f 4981/4981/4981 4982/4982/4982 4983/4983/4983
f 4984/4984/4984 4985/4985/4985 4986/4986/4986
f 4987/4987/4987 4988/4988/4988 4989/4989/4989
f 4990/4990/4990 4991/4991/4991 4992/4992/4992
f 4993/4993/4993 4994/4994/4994 4995/4995/4995
f 4373/4373/4373 4996/4996/4996 4374/4374/4374
f 4997/4997/4997 4998/4998/4998 4999/4999/4999
f 5000/5000/5000 5001/5001/5001 5002/5002/5002
f 5003/5003/5003 5004/5004/5004 5005/5005/5005
f 5006/5006/5006 5007/5007/5007 5008/5008/5008
f 5009/5009/5009 5010/5010/5010 5011/5011/5011
f 5012/5012/5012 5013/5013/5013 5014/5014/5014
f 5015/5015/5015 5016/5016/5016 5017/5017/5017
f 5018/5018/5018 5019/5019/5019 5020/5020/5020
f 5021/5021/5021 4402/4402/4402 4401/4401/4401
f 5022/5022/5022 5023/5023/5023 5024/5024/5024
f 5025/5025/5025 5026/5026/5026 5027/5027/5027
f 5028/5028/5028 5029/5029/5029 5030/5030/5030
f 5031/5031/5031 5032/5032/5032 5033/5033/5033
f 4411/4411/4411 4410/4410/4410 5034/5034/5034
f 5035/5035/5035 5036/5036/5036 5037/5037/5037
f 4418/4418/4418 4421/4421/4421 4419/4419/4419
f 4421/4421/4421 4423/4423/4423 4422/4422/4422
f 4423/4423/4423 4425/4425/4425 4424/4424/4424
f 4425/4425/4425 4427/4427/4427 4426/4426/4426
f 4427/4427/4427 4429/4429/4429 4428/4428/4428
f 4429/4429/4429 4431/4431/4431 4430/4430/4430
f 4431/4431/4431 4537/4537/4537 4432/4432/4432
f 4432/4432/4432 4537/4537/4537 4433/4433/4433
f 4433/4433/4433 5038/5038/5038 4435/4435/4435
f 4435/4435/4435 5038/5038/5038 4436/4436/4436
f 4436/4436/4436 4439/4439/4439 4438/4438/4438
f 4439/4439/4439 4441/4441/4441 4440/4440/4440
f 4441/4441/4441 4545/4545/4545 4442/4442/4442
f 4442/4442/4442 4545/4545/4545 4443/4443/4443
f 4443/4443/4443 4446/4446/4446 4445/4445/4445
f 4446/4446/4446 4448/4448/4448 4447/4447/4447
f 4448/4448/4448 4450/4450/4450 4449/4449/4449
f 4450/4450/4450 4555/4555/4555 4451/4451/4451
f 4451/4451/4451 4555/4555/4555 4452/4452/4452
f 4452/4452/4452 4562/4562/4562 4454/4454/4454
f 4454/4454/4454 4562/4562/4562 4455/4455/4455
f 4455/4455/4455 4564/4564/4564 4457/4457/4457
f 4457/4457/4457 4564/4564/4564 4458/4458/4458
f 4458/4458/4458 4461/4461/4461 4460/4460/4460
f 4461/4461/4461 4572/4572/4572 4462/4462/4462
f 4462/4462/4462 4572/4572/4572 4463/4463/4463
f 4463/4463/4463 4466/4466/4466 4465/4465/4465
f 4466/4466/4466 4468/4468/4468 4467/4467/4467
f 4468/4468/4468 4578/4578/4578 4469/4469/4469
f 4469/4469/4469 4578/4578/4578 4470/4470/4470
f 4470/4470/4470 4582/4582/4582 4472/4472/4472
f 4472/4472/4472 4582/4582/4582 4473/4473/4473
f 4473/4473/4473 4584/4584/4584 4475/4475/4475
f 4475/4475/4475 4584/4584/4584 4476/4476/4476
f 4476/4476/4476 4588/4588/4588 4478/4478/4478
f 4478/4478/4478 4588/4588/4588 4479/4479/4479
f 4479/4479/4479 4589/4589/4589 4481/4481/4481
f 4481/4481/4481 4589/4589/4589 4482/4482/4482
f 4482/4482/4482 4592/4592/4592 4484/4484/4484
f 4484/4484/4484 4592/4592/4592 4485/4485/4485
f 4485/4485/4485 4488/4488/4488 4487/4487/4487
f 4488/4488/4488 4595/4595/4595 4489/4489/4489
f 4489/4489/4489 4595/4595/4595 4490/4490/4490
f 4490/4490/4490 4599/4599/4599 4492/4492/4492
f 4492/4492/4492 4599/4599/4599 4493/4493/4493
f 4494/4494/4494 4493/4493/4493 4495/4495/4495
f 4496/4496/4496 4495/4495/4495 4497/4497/4497
f 4497/4497/4497 4500/4500/4500 4499/4499/4499
f 4500/4500/4500 5039/5039/5039 4501/4501/4501
f 4501/4501/4501 5039/5039/5039 4502/4502/4502
f 4502/4502/4502 4611/4611/4611 4504/4504/4504
f 4504/4504/4504 4611/4611/4611 4505/4505/4505
f 4505/4505/4505 4508/4508/4508 4507/4507/4507
f 4508/4508/4508 4614/4614/4614 4509/4509/4509
f 4509/4509/4509 4614/4614/4614 4510/4510/4510
f 4510/4510/4510 4615/4615/4615 4512/4512/4512
f 4512/4512/4512 4615/4615/4615 4513/4513/4513
f 4514/4514/4514 4513/4513/4513 4515/4515/4515
f 4516/4516/4516 4515/4515/4515 4517/4517/4517
f 4517/4517/4517 4520/4520/4520 4519/4519/4519
f 4520/4520/4520 4624/4624/4624 4521/4521/4521
f 4521/4521/4521 4624/4624/4624 4522/4522/4522
f 4522/4522/4522 4525/4525/4525 4524/4524/4524
f 4525/4525/4525 4626/4626/4626 4526/4526/4526
f 4418/4418/4418 4418/4418/4418 4527/4527/4527
f 4421/4421/4421 4527/4527/4527 5040/5040/5040
f 4530/4530/4530 4529/4529/4529 5041/5041/5041
f 4425/4425/4425 4425/4425/4425 4427/4427/4427
f 4427/4427/4427 4427/4427/4427 5042/5042/5042
f 4533/4533/4533 4532/4532/4532 5043/5043/5043
f 5044/5044/5044 5045/5045/5045 5046/5046/5046
f 4537/4537/4537 4433/4433/4433 4433/4433/4433
f 4433/4433/4433 4433/4433/4433 5047/5047/5047
f 4540/4540/4540 4539/4539/4539 4541/4541/4541
f 4542/4542/4542 4541/4541/4541 5048/5048/5048
f 4439/4439/4439 4543/4543/4543 4544/4544/4544
f 4441/4441/4441 4544/4544/4544 4545/4545/4545
f 4545/4545/4545 4545/4545/4545 4546/4546/4546
f 4443/4443/4443 4546/4546/4546 5049/5049/5049
f 4549/4549/4549 4548/4548/4548 5050/5050/5050
f 4448/4448/4448 4550/4550/4550 5051/5051/5051
f 5052/5052/5052 5053/5053/5053 5054/5054/5054
f 4555/4555/4555 4554/4554/4554 5055/5055/5055
f 5055/5055/5055 4562/4562/4562 4562/4562/4562
f 4562/4562/4562 4455/4455/4455 4455/4455/4455
f 4455/4455/4455 4455/4455/4455 4563/4563/4563
f 4564/4564/4564 4563/4563/4563 5056/5056/5056
f 5057/5057/5057 5058/5058/5058 5059/5059/5059
f 4461/4461/4461 4568/4568/4568 5060/5060/5060
f 4571/4571/4571 4570/4570/4570 5061/5061/5061
f 4463/4463/4463 4573/4573/4573 4466/4466/4466
f 4466/4466/4466 4466/4466/4466 5062/5062/5062
f 4576/4576/4576 4575/4575/4575 5063/5063/5063
f 4578/4578/4578 4577/4577/4577 4470/4470/4470
f 4470/4470/4470 4470/4470/4470 5064/5064/5064
f 4581/4581/4581 4580/4580/4580 5065/5065/5065
f 4473/4473/4473 4583/4583/4583 4584/4584/4584
f 4584/4584/4584 4584/4584/4584 5066/5066/5066
f 4587/4587/4587 4586/4586/4586 5067/5067/5067
f 4588/4588/4588 4479/4479/4479 4479/4479/4479
f 4479/4479/4479 4479/4479/4479 4589/4589/4589
f 4589/4589/4589 4589/4589/4589 4590/4590/4590
f 4482/4482/4482 4590/4590/4590 4591/4591/4591
f 4592/4592/4592 4591/4591/4591 4593/4593/4593
f 4485/4485/4485 4593/4593/4593 4594/4594/4594
f 4488/4488/4488 4594/4594/4594 4595/4595/4595
f 4595/4595/4595 4595/4595/4595 5068/5068/5068
f 5069/5069/5069 5070/5070/5070 5071/5071/5071
f 4599/4599/4599 4493/4493/4493 4493/4493/4493
f 4493/4493/4493 4493/4493/4493 4600/4600/4600
f 4495/4495/4495 4600/4600/4600 5072/5072/5072
f 4497/4497/4497 5072/5072/5072 4500/4500/4500
f 4500/4500/4500 4500/4500/4500 5073/5073/5073
f 5039/5039/5039 5073/5073/5073 5074/5074/5074
f 4608/4608/4608 4607/4607/4607 4609/4609/4609
f 4610/4610/4610 4609/4609/4609 5075/5075/5075
f 4505/4505/4505 4612/4612/4612 4508/4508/4508
f 4508/4508/4508 4508/4508/4508 4613/4613/4613
f 4614/4614/4614 4613/4613/4613 4510/4510/4510
f 4510/4510/4510 4615/4615/4615 4615/4615/4615
f 4615/4615/4615 4615/4615/4615 4616/4616/4616
f 4513/4513/4513 4616/4616/4616 5076/5076/5076
f 4619/4619/4619 4618/4618/4618 5077/5077/5077
f 4517/4517/4517 4620/4620/4620 5078/5078/5078
f 4623/4623/4623 4622/4622/4622 5079/5079/5079
f 4624/4624/4624 4522/4522/4522 4522/4522/4522
f 4522/4522/4522 4522/4522/4522 4625/4625/4625
f 4525/4525/4525 4625/4625/4625 4626/4626/4626
f 5080/5080/5080 5081/5081/5081 5082/5082/5082
f 5083/5083/5083 5084/5084/5084 5085/5085/5085
f 5086/5086/5086 5087/5087/5087 5088/5088/5088
f 5089/5089/5089 5090/5090/5090 5091/5091/5091
f 5092/5092/5092 5093/5093/5093 5094/5094/5094
f 5095/5095/5095 5096/5096/5096 5097/5097/5097
f 5098/5098/5098 5099/5099/5099 5100/5100/5100
f 5101/5101/5101 5102/5102/5102 5103/5103/5103
f 5104/5104/5104 5102/5102/5102 5105/5105/5105
f 5106/5106/5106 5107/5107/5107 5108/5108/5108
f 5109/5109/5109 5110/5110/5110 5111/5111/5111
f 5112/5112/5112 5113/5113/5113 5114/5114/5114
f 5115/5115/5115 5116/5116/5116 5117/5117/5117
f 5118/5118/5118 5119/5119/5119 5120/5120/5120
f 5121/5121/5121 5122/5122/5122 5123/5123/5123
f 5124/5124/5124 5125/5125/5125 5126/5126/5126
f 5127/5127/5127 5128/5128/5128 5129/5129/5129
f 5130/5130/5130 5131/5131/5131 5132/5132/5132
f 5133/5133/5133 5134/5134/5134 4645/4645/4645
f 5135/5135/5135 4647/4647/4647 4646/4646/4646
f 5136/5136/5136 5137/5137/5137 5138/5138/5138
f 5139/5139/5139 5140/5140/5140 5141/5141/5141
f 5142/5142/5142 5143/5143/5143 5144/5144/5144
f 5145/5145/5145 5146/5146/5146 5147/5147/5147
f 5148/5148/5148 5149/5149/5149 5150/5150/5150
f 5151/5151/5151 5152/5152/5152 5153/5153/5153
f 5154/5154/5154 5155/5155/5155 5156/5156/5156
f 5157/5157/5157 5158/5158/5158 5159/5159/5159
f 5160/5160/5160 5161/5161/5161 5162/5162/5162
f 5163/5163/5163 5164/5164/5164 5165/5165/5165
f 5166/5166/5166 5165/5165/5165 5164/5164/5164
f 5162/5162/5162 5166/5166/5166 5160/5160/5160
f 5164/5164/5164 5160/5160/5160 5166/5166/5166
f 5158/5158/5158 5154/5154/5154 5167/5167/5167
f 5168/5168/5168 5152/5152/5152 5151/5151/5151
f 5145/5145/5145 5147/5147/5147 5169/5169/5169
f 5140/5140/5140 5170/5170/5170 5141/5141/5141
f 4647/4647/4647 5133/5133/5133 4645/4645/4645
f 5131/5131/5131 5127/5127/5127 5171/5171/5171
f 5125/5125/5125 5121/5121/5121 5123/5123/5123
f 5118/5118/5118 5120/5120/5120 5172/5172/5172
f 5113/5113/5113 5109/5109/5109 5173/5173/5173
f 5107/5107/5107 5174/5174/5174 5108/5108/5108
f 5102/5102/5102 5104/5104/5104 5103/5103/5103
f 5105/5105/5105 5174/5174/5174 5104/5104/5104
f 5110/5110/5110 5106/5106/5106 5175/5175/5175
f 5122/5122/5122 5118/5118/5118 5172/5172/5172
f 5134/5134/5134 5130/5130/5130 5176/5176/5176
f 5146/5146/5146 5145/5145/5145 5177/5177/5177
f 5155/5155/5155 5151/5151/5151 5153/5153/5153
f 5162/5162/5162 5161/5161/5161 5178/5178/5178
f 5178/5178/5178 5161/5161/5161 5157/5157/5157
f 5150/5150/5150 5152/5152/5152 5168/5168/5168
f 5128/5128/5128 5124/5124/5124 5179/5179/5179
f 5104/5104/5104 5174/5174/5174 5107/5107/5107
f 5106/5106/5106 5108/5108/5108 5175/5175/5175
f 5159/5159/5159 5178/5178/5178 5157/5157/5157
f 5167/5167/5167 5159/5159/5159 5158/5158/5158
f 5110/5110/5110 5175/5175/5175 5111/5111/5111
f 5109/5109/5109 5111/5111/5111 5173/5173/5173
f 5156/5156/5156 5167/5167/5167 5154/5154/5154
f 5153/5153/5153 5156/5156/5156 5155/5155/5155
f 5113/5113/5113 5173/5173/5173 5114/5114/5114
f 5112/5112/5112 5114/5114/5114 5180/5180/5180
f 5148/5148/5148 5150/5150/5150 5168/5168/5168
f 5169/5169/5169 5149/5149/5149 5148/5148/5148
f 5112/5112/5112 5180/5180/5180 5116/5116/5116
f 5180/5180/5180 5117/5117/5117 5116/5116/5116
f 5169/5169/5169 5147/5147/5147 5149/5149/5149
f 5144/5144/5144 5146/5146/5146 5177/5177/5177
f 5117/5117/5117 5181/5181/5181 5115/5115/5115
f 5181/5181/5181 5119/5119/5119 5115/5115/5115
f 5142/5142/5142 5144/5144/5144 5177/5177/5177
f 5182/5182/5182 5143/5143/5143 5142/5142/5142
f 5181/5181/5181 5120/5120/5120 5119/5119/5119
f 5122/5122/5122 5172/5172/5172 5123/5123/5123
f 5182/5182/5182 5139/5139/5139 5143/5143/5143
f 5143/5143/5143 5139/5139/5139 5141/5141/5141
f 5125/5125/5125 5123/5123/5123 5126/5126/5126
f 5124/5124/5124 5126/5126/5126 5179/5179/5179
f 5140/5140/5140 5136/5136/5136 5170/5170/5170
f 5170/5170/5170 5136/5136/5136 5138/5138/5138
f 5128/5128/5128 5179/5179/5179 5129/5129/5129
f 5127/5127/5127 5129/5129/5129 5171/5171/5171
f 5138/5138/5138 5137/5137/5137 5183/5183/5183
f 5183/5183/5183 5137/5137/5137 5135/5135/5135
f 5131/5131/5131 5171/5171/5171 5132/5132/5132
f 5130/5130/5130 5132/5132/5132 5176/5176/5176
f 4646/4646/4646 5183/5183/5183 5135/5135/5135
f 5134/5134/5134 5176/5176/5176 4645/4645/4645
f 5184/5184/5184 5185/5185/5185 5186/5186/5186
f 5187/5187/5187 5188/5188/5188 5189/5189/5189
f 5190/5190/5190 5191/5191/5191 5192/5192/5192
f 5193/5193/5193 5194/5194/5194 5195/5195/5195
f 5196/5196/5196 5197/5197/5197 5198/5198/5198
f 5199/5199/5199 5200/5200/5200 5201/5201/5201
f 5202/5202/5202 5203/5203/5203 5204/5204/5204
f 5204/5204/5204 5205/5205/5205 5202/5202/5202
f 5206/5206/5206 5207/5207/5207 5208/5208/5208
f 5209/5209/5209 5210/5210/5210 5211/5211/5211
f 5212/5212/5212 5213/5213/5213 5214/5214/5214
f 5215/5215/5215 5216/5216/5216 5217/5217/5217
f 5218/5218/5218 5219/5219/5219 5220/5220/5220
f 5219/5219/5219 5221/5221/5221 5222/5222/5222
f 4686/4686/4686 5223/5223/5223 4684/4684/4684
f 5224/5224/5224 5225/5225/5225 5226/5226/5226
f 5227/5227/5227 5228/5228/5228 5229/5229/5229
f 5229/5229/5229 5230/5230/5230 5227/5227/5227
f 5231/5231/5231 5228/5228/5228 5232/5232/5232
f 5232/5232/5232 5228/5228/5228 5233/5233/5233
f 5227/5227/5227 5233/5233/5233 5228/5228/5228
f 5225/5225/5225 4686/4686/4686 4685/4685/4685
f 5219/5219/5219 5222/5222/5222 5220/5220/5220
f 5218/5218/5218 5220/5220/5220 5223/5223/5223
f 5233/5233/5233 5234/5234/5234 5232/5232/5232
f 5234/5234/5234 5233/5233/5233 5224/5224/5224
f 5226/5226/5226 5234/5234/5234 5224/5224/5224
f 5223/5223/5223 5220/5220/5220 4684/4684/4684
f 4685/4685/4685 5226/5226/5226 5225/5225/5225
f 5235/5235/5235 5236/5236/5236 5237/5237/5237
f 5237/5237/5237 5238/5238/5238 5239/5239/5239
f 5240/5240/5240 4688/4688/4688 5241/5241/5241
f 4689/4689/4689 5242/5242/5242 5243/5243/5243
f 5244/5244/5244 5245/5245/5245 5246/5246/5246
f 5246/5246/5246 5247/5247/5247 5242/5242/5242
f 5247/5247/5247 5248/5248/5248 5249/5249/5249
f 5242/5242/5242 5244/5244/5244 5246/5246/5246
f 5238/5238/5238 5240/5240/5240 5250/5250/5250
f 5239/5239/5239 5235/5235/5235 5237/5237/5237
f 5250/5250/5250 5239/5239/5239 5238/5238/5238
f 5240/5240/5240 5241/5241/5241 5250/5250/5250
f 5247/5247/5247 5249/5249/5249 5242/5242/5242
f 5249/5249/5249 5243/5243/5243 5242/5242/5242
f 4688/4688/4688 4687/4687/4687 5241/5241/5241
f 5243/5243/5243 4687/4687/4687 4689/4689/4689
f 5251/5251/5251 5252/5252/5252 5253/5253/5253
f 5254/5254/5254 5255/5255/5255 5256/5256/5256
f 4693/4693/4693 5257/5257/5257 4694/4694/4694
f 5258/5258/5258 5259/5259/5259 5260/5260/5260
f 5261/5261/5261 5262/5262/5262 5263/5263/5263
f 5264/5264/5264 5265/5265/5265 5266/5266/5266
f 5267/5267/5267 5268/5268/5268 5269/5269/5269
f 5270/5270/5270 5271/5271/5271 5272/5272/5272
f 5273/5273/5273 5274/5274/5274 5275/5275/5275
f 5276/5276/5276 5277/5277/5277 5278/5278/5278
f 5279/5279/5279 5280/5280/5280 5281/5281/5281
f 5282/5282/5282 5283/5283/5283 5284/5284/5284
f 5285/5285/5285 5286/5286/5286 5287/5287/5287
f 5288/5288/5288 5289/5289/5289 5290/5290/5290
f 5291/5291/5291 5292/5292/5292 5293/5293/5293
f 5294/5294/5294 5295/5295/5295 5296/5296/5296
f 5297/5297/5297 5298/5298/5298 5299/5299/5299
f 5300/5300/5300 5301/5301/5301 5302/5302/5302
f 4743/4743/4743 5303/5303/5303 4741/4741/4741
f 5304/5304/5304 5305/5305/5305 5306/5306/5306
f 5307/5307/5307 5308/5308/5308 5309/5309/5309
f 4747/4747/4747 4185/4185/4185 4748/4748/4748
f 5310/5310/5310 5311/5311/5311 5312/5312/5312
f 5313/5313/5313 5314/5314/5314 5315/5315/5315
f 5316/5316/5316 5317/5317/5317 5318/5318/5318
f 5319/5319/5319 5320/5320/5320 5321/5321/5321
f 5322/5322/5322 5323/5323/5323 5324/5324/5324
f 5325/5325/5325 5326/5326/5326 5327/5327/5327
f 4188/4188/4188 5328/5328/5328 4768/4768/4768
f 4768/4768/4768 4791/4791/4791 4186/4186/4186
f 5329/5329/5329 5330/5330/5330 5331/5331/5331
f 5332/5332/5332 5333/5333/5333 5334/5334/5334
f 5335/5335/5335 5336/5336/5336 5337/5337/5337
f 5338/5338/5338 5339/5339/5339 5340/5340/5340
f 5341/5341/5341 5342/5342/5342 5343/5343/5343
f 5344/5344/5344 5345/5345/5345 5346/5346/5346
f 5347/5347/5347 5348/5348/5348 5349/5349/5349
f 4657/4657/4657 4659/4659/4659 4791/4791/4791
f 5350/5350/5350 5351/5351/5351 5352/5352/5352
f 5353/5353/5353 5354/5354/5354 5355/5355/5355
f 5356/5356/5356 5357/5357/5357 5358/5358/5358
f 5359/5359/5359 5360/5360/5360 5361/5361/5361

