# https://github.com/mikedh/trimesh
mtllib ShoulderLink.mtl

o part_000
usemtl material_0
v -0.03614150 0.00728423 -0.02128429
v -0.01091886 0.00426953 -0.02128429
v -0.03404281 0.01420273 -0.02128429
v 0.00722512 -0.03608243 -0.02128429
v 0.00027463 -0.01248271 -0.02128429
v 0.00003018 -0.03679106 -0.02128429
v 0.01810755 0.05904447 -0.02128429
v 0.00995275 0.03570358 -0.02128429
v 0.00560935 0.01045332 -0.02128429
v 0.04258066 -0.02040040 -0.02128429
v 0.00884175 -0.00893410 -0.02128429
v 0.04859061 -0.02598911 -0.02128429
v -0.03063469 -0.02040036 -0.02128429
v -0.01091886 -0.00500346 -0.02128429
v -0.03404280 -0.01402424 -0.02128429
v -0.01716951 0.06681087 -0.02128429
v -0.01158780 0.04721723 -0.02128429
v -0.00965392 0.04880434 -0.02128429
v 0.04258066 0.00008922 -0.02128429
v 0.01215759 0.00199669 -0.02128429
v 0.01239038 -0.00036697 -0.02128429
v -0.00716481 -0.03608244 -0.02128429
v -0.00436186 -0.01156045 -0.02128429
v -0.01408331 -0.03398372 -0.02128429
v -0.01063896 0.00479319 -0.02128429
v -0.03217558 0.02233460 -0.02128429
v 0.02769384 0.02980659 -0.02128429
v 0.00884177 0.00820016 -0.02128429
v 0.04859061 0.02616757 -0.02128429
v 0.02051975 -0.03057564 -0.02128429
v 0.00700577 -0.01044085 -0.02128429
v -0.01160831 -0.00273063 -0.02128429
v -0.03614150 -0.00710575 -0.02128429
v -0.01025101 0.06890956 -0.02128429
v -0.00505355 0.05070985 -0.02128427
v -0.00305601 0.06961821 -0.02128429
v 0.01215758 -0.00273064 -0.02128429
v 0.04258066 -0.00710578 -0.02128429
v -0.00645651 -0.01044084 -0.02128429
v -0.02045943 -0.03057563 -0.02128429
v -0.03372088 0.05322748 -0.02128429
v -0.00829249 0.00820016 -0.02128429
v -0.02913435 0.05881620 -0.02128429
v 0.04258066 0.02057884 -0.02128429
v 0.01034852 0.00636418 -0.02128429
v 0.00491112 -0.01156046 -0.02128429
v 0.01414362 -0.03398374 -0.02128429
v -0.01184112 -0.00036696 -0.02128429
v -0.03685015 0.00008924 -0.02128429
v -0.00197854 0.05089743 -0.02128429
v -0.00007416 0.05070987 -0.02128427
v 0.00413899 0.06890956 -0.02128429
v 0.01146812 -0.00500347 -0.02128429
v 0.04258066 -0.01402427 -0.02128429
v -0.00829249 -0.00893409 -0.02128429
v -0.02604814 -0.02598908 -0.02128429
v -0.01435422 0.03330954 -0.02128429
v -0.01508044 0.03570356 -0.02128429
v 0.04258066 0.01420272 -0.02128429
v 0.01146813 0.00426953 -0.02128429
v 0.00263828 -0.01224991 -0.02128429
v -0.01160832 0.00199670 -0.02128429
v 0.00452622 0.04880434 -0.02128429
v 0.00646010 0.04721725 -0.02128429
v 0.01117028 0.06557005 -0.02128429
v 0.01034851 -0.00709812 -0.02128429
v -0.00979924 -0.00709811 -0.02128429
v -0.02354562 0.06340275 -0.02128429
v -0.01435422 0.04307701 -0.02128429
v -0.01317490 0.04528334 -0.02128429
v 0.04258066 0.00728422 -0.02128429
v -0.00208903 -0.01224991 -0.02128429
v -0.03510081 0.04542047 -0.02128429
v -0.00979925 0.00636419 -0.02128429
v -0.03388184 0.03371509 -0.02128429
v -0.01007915 0.00584052 -0.02128429
v -0.01035905 0.00531686 -0.02128429
v 0.00630757 0.01008012 -0.02128429
v 0.00700579 0.00970691 -0.02128429
v 0.02720934 0.04070129 -0.02128429
v -0.01091886 0.00426953 -0.03674109
v -0.03614150 0.00728423 -0.03674155
v -0.03404281 0.01420273 -0.03674155
v 0.00027463 -0.01248271 -0.03674109
v 0.00722512 -0.03608243 -0.03674155
v 0.00003018 -0.03679106 -0.03674155
v 0.01810755 0.05904447 -0.03674155
v 0.01019796 0.03819329 -0.03674157
v 0.00995274 0.04068299 -0.03674157
v 0.00884175 -0.00893410 -0.03674109
v 0.04258066 -0.02040040 -0.03674109
v 0.04859061 -0.02598911 -0.03674109
v -0.01091886 -0.00500346 -0.03674109
v -0.03063469 -0.02040036 -0.03674109
v -0.03404280 -0.01402424 -0.03674155
v -0.00965392 0.04880434 -0.03674139
v -0.01158780 0.04721723 -0.03674139
v -0.01716951 0.06681087 -0.03674155
v 0.04258066 0.00008922 -0.03674155
v 0.01215759 0.00199669 -0.03674109
v 0.04258066 0.00728422 -0.03674155
v -0.00436186 -0.01156045 -0.03674155
v -0.00716481 -0.03608244 -0.03674155
v -0.01408331 -0.03398372 -0.03674155
v -0.01063896 0.00479319 -0.03674155
v -0.03217558 0.02233460 -0.03674155
v 0.00884177 0.00820016 -0.03674155
v 0.02769384 0.02980659 -0.03674155
v 0.04859061 0.02616757 -0.03674155
v 0.02051975 -0.03057564 -0.03674109
v -0.01160831 -0.00273063 -0.03674155
v -0.03614150 -0.00710575 -0.03674155
v -0.00505355 0.05070985 -0.03674139
v -0.00744758 0.04998365 -0.03674153
v -0.01025101 0.06890956 -0.03674155
v 0.01215758 -0.00273064 -0.03674155
v 0.04258066 -0.00710578 -0.03674155
v -0.00645651 -0.01044084 -0.03674155
v -0.02045943 -0.03057563 -0.03674155
v -0.00829249 0.00820016 -0.03674155
v -0.03372088 0.05322748 -0.03674155
v -0.02913435 0.05881620 -0.03674109
v 0.04258066 0.02057884 -0.03674155
v 0.00491112 -0.01156046 -0.03674155
v 0.01414362 -0.03398374 -0.03674155
v -0.01184112 -0.00036696 -0.03674109
v -0.03685015 0.00008924 -0.03674109
v 0.00231987 0.04998365 -0.03674151
v -0.00007416 0.05070987 -0.03674135
v 0.00413899 0.06890956 -0.03674155
v 0.01146812 -0.00500347 -0.03674155
v 0.04258066 -0.01402427 -0.03674155
v -0.00829249 -0.00893409 -0.03674155
v -0.02604814 -0.02598908 -0.03674155
v -0.01435422 0.03330954 -0.03674134
v 0.04258066 0.01420272 -0.03674155
v 0.01034852 0.00636418 -0.03674155
v 0.00263828 -0.01224991 -0.03674155
v -0.01160832 0.00199670 -0.03674155
v 0.00646010 0.04721725 -0.03674155
v 0.00452622 0.04880434 -0.03674155
v 0.01117028 0.06557005 -0.03674155
v 0.01034851 -0.00709812 -0.03674155
v -0.00979924 -0.00709811 -0.03674109
v -0.01435422 0.04307701 -0.03674135
v -0.01508044 0.04068297 -0.03674135
v -0.02354562 0.06340275 -0.03674155
v 0.01146813 0.00426953 -0.03674109
v -0.00208903 -0.01224991 -0.03674109
v -0.00979925 0.00636419 -0.03674109
v -0.03510081 0.04542047 -0.03674155
v -0.01007915 0.00584052 -0.03674109
v -0.03388184 0.03371509 -0.03674155
v -0.01035905 0.00531686 -0.03674155
v 0.00630757 0.01008012 -0.03674155
v 0.02720934 0.04070129 -0.03674155
v 0.00560935 0.01045332 -0.03674155
v -0.00716481 -0.03608244 -0.02128429
v 0.00003018 -0.03679106 -0.03674155
v 0.00003018 -0.03679106 -0.02128429
v -0.01408331 -0.03398372 -0.02128429
v -0.00716481 -0.03608244 -0.03674155
v -0.00716481 -0.03608244 -0.02128429
v -0.02045943 -0.03057563 -0.02128429
v -0.01408331 -0.03398372 -0.03674155
v -0.01408331 -0.03398372 -0.02128429
v -0.02604814 -0.02598908 -0.02128429
v -0.02045943 -0.03057563 -0.03674155
v -0.02045943 -0.03057563 -0.02128429
v -0.02604814 -0.02598908 -0.02128429
v -0.03063469 -0.02040036 -0.03674109
v -0.02604814 -0.02598908 -0.03674155
v -0.03404280 -0.01402424 -0.02128429
v -0.03063469 -0.02040036 -0.03674109
v -0.03063469 -0.02040036 -0.02128429
v -0.03614150 -0.00710575 -0.02128429
v -0.03404280 -0.01402424 -0.03674155
v -0.03404280 -0.01402424 -0.02128429
v -0.03614150 -0.00710575 -0.02128429
v -0.03685015 0.00008924 -0.03674109
v -0.03614150 -0.00710575 -0.03674155
v -0.03614150 0.00728423 -0.02128429
v -0.03685015 0.00008924 -0.03674109
v -0.03685015 0.00008924 -0.02128429
v -0.03404281 0.01420273 -0.02128429
v -0.03614150 0.00728423 -0.03674155
v -0.03614150 0.00728423 -0.02128429
v -0.03217558 0.02233460 -0.02128429
v -0.03404281 0.01420273 -0.03674155
v -0.03404281 0.01420273 -0.02128429
v -0.03372088 0.05322748 -0.02128429
v -0.02913435 0.05881620 -0.03674109
v -0.03372088 0.05322748 -0.03674155
v -0.02354562 0.06340275 -0.02128429
v -0.02913435 0.05881620 -0.03674109
v -0.02913435 0.05881620 -0.02128429
v -0.01716951 0.06681087 -0.02128429
v -0.02354562 0.06340275 -0.03674155
v -0.02354562 0.06340275 -0.02128429
v -0.01025101 0.06890956 -0.02128429
v -0.01716951 0.06681087 -0.03674155
v -0.01716951 0.06681087 -0.02128429
v -0.01025101 0.06890956 -0.02128429
v -0.00305601 0.06961821 -0.03674109
v -0.01025101 0.06890956 -0.03674155
v 0.00413899 0.06890956 -0.02128429
v -0.00305601 0.06961821 -0.03674109
v -0.00305601 0.06961821 -0.02128429
v 0.01117028 0.06557005 -0.02128429
v 0.00413899 0.06890956 -0.03674155
v 0.00413899 0.06890956 -0.02128429
v 0.01810755 0.05904447 -0.02128429
v 0.01117028 0.06557005 -0.03674155
v 0.01117028 0.06557005 -0.02128429
v 0.02769384 0.02980659 -0.02128429
v 0.04859061 0.02616757 -0.03674155
v 0.02769384 0.02980659 -0.03674155
v 0.04258066 0.02057884 -0.02128429
v 0.04859061 0.02616757 -0.03674155
v 0.04859061 0.02616757 -0.02128429
v 0.04258066 0.01420272 -0.02128429
v 0.04258066 0.02057884 -0.03674155
v 0.04258066 0.02057884 -0.02128429
v 0.04258066 0.00728422 -0.02128429
v 0.04258066 0.01420272 -0.03674155
v 0.04258066 0.00008922 -0.02128429
v 0.04258066 0.00728422 -0.03674155
v 0.04258066 -0.00710578 -0.02128429
v 0.04258066 0.00008922 -0.03674155
v 0.04258066 -0.01402427 -0.02128429
v 0.04258066 -0.00710578 -0.03674155
v 0.04258066 -0.02040040 -0.03674109
v 0.04258066 -0.01402427 -0.03674155
v 0.04859061 -0.02598911 -0.02128429
v 0.04258066 -0.02040040 -0.03674109
v 0.04258066 -0.02040040 -0.02128429
v 0.02051975 -0.03057564 -0.02128429
v 0.04859061 -0.02598911 -0.03674109
v 0.04859061 -0.02598911 -0.02128429
v 0.01414362 -0.03398374 -0.02128429
v 0.02051975 -0.03057564 -0.03674109
v 0.02051975 -0.03057564 -0.02128429
v 0.00722512 -0.03608243 -0.02128429
v 0.01414362 -0.03398374 -0.03674155
v 0.01414362 -0.03398374 -0.02128429
v 0.00003018 -0.03679106 -0.02128429
v 0.00722512 -0.03608243 -0.03674155
v 0.00722512 -0.03608243 -0.02128429
v 0.00027463 -0.01248271 -0.02128429
v -0.00208903 -0.01224991 -0.03674109
v -0.00208903 -0.01224991 -0.02128429
v -0.00436186 -0.01156045 -0.02128429
v -0.00208903 -0.01224991 -0.03674109
v -0.00436186 -0.01156045 -0.03674155
v -0.00436186 -0.01156045 -0.02128429
v -0.00645651 -0.01044084 -0.03674155
v -0.00645651 -0.01044084 -0.02128429
v -0.00645651 -0.01044084 -0.02128429
v -0.00829249 -0.00893409 -0.03674155
v -0.00829249 -0.00893409 -0.02128429
v -0.00829249 -0.00893409 -0.02128429
v -0.00979924 -0.00709811 -0.03674109
v -0.00979924 -0.00709811 -0.02128429
v -0.00979924 -0.00709811 -0.02128429
v -0.01091886 -0.00500346 -0.03674109
v -0.01091886 -0.00500346 -0.02128429
v -0.01160831 -0.00273063 -0.02128429
v -0.01091886 -0.00500346 -0.03674109
v -0.01160831 -0.00273063 -0.03674155
v -0.01160831 -0.00273063 -0.02128429
v -0.01184112 -0.00036696 -0.03674109
v -0.01184112 -0.00036696 -0.02128429
v -0.01160832 0.00199670 -0.02128429
v -0.01184112 -0.00036696 -0.03674109
v -0.01160832 0.00199670 -0.03674155
v -0.01160832 0.00199670 -0.02128429
v -0.01091886 0.00426953 -0.03674109
v -0.01091886 0.00426953 -0.02128429
v -0.01063896 0.00479319 -0.02128429
v -0.01091886 0.00426953 -0.03674109
v -0.01063896 0.00479319 -0.03674155
v -0.00829249 0.00820016 -0.02128429
v -0.00979925 0.00636419 -0.03674109
v -0.00829249 0.00820016 -0.03674155
v -0.00829249 0.00820016 -0.02128429
v -0.00645652 0.00970691 -0.03674109
v -0.00645652 0.00970691 -0.02128429
v -0.00645652 0.00970691 -0.02128429
v -0.00436186 0.01082653 -0.03674109
v -0.00436186 0.01082653 -0.02128429
v -0.00208903 0.01151599 -0.02128429
v -0.00436186 0.01082653 -0.03674109
v -0.00208903 0.01151599 -0.03674155
v -0.00208903 0.01151599 -0.02128429
v 0.00027464 0.01174879 -0.03674155
v 0.00027464 0.01174879 -0.02128429
v 0.00027464 0.01174879 -0.02128429
v 0.00263830 0.01151599 -0.03674155
v 0.00263830 0.01151599 -0.02128429
v 0.00263830 0.01151599 -0.02128429
v 0.00491113 0.01082653 -0.03674155
v 0.00491113 0.01082653 -0.02128429
v 0.00491113 0.01082653 -0.02128429
v 0.00560935 0.01045332 -0.03674155
v 0.00560935 0.01045332 -0.02128429
v 0.00700579 0.00970691 -0.02128429
v 0.00884177 0.00820016 -0.03674155
v 0.00884177 0.00820016 -0.02128429
v 0.00884177 0.00820016 -0.02128429
v 0.01034852 0.00636418 -0.03674155
v 0.01034852 0.00636418 -0.02128429
v 0.01034852 0.00636418 -0.02128429
v 0.01146813 0.00426953 -0.03674109
v 0.01146813 0.00426953 -0.02128429
v 0.01146813 0.00426953 -0.02128429
v 0.01215759 0.00199669 -0.03674109
v 0.01215759 0.00199669 -0.02128429
v 0.01215759 0.00199669 -0.02128429
v 0.01239038 -0.00036697 -0.03674109
v 0.01239038 -0.00036697 -0.02128429
v 0.01215758 -0.00273064 -0.02128429
v 0.01239038 -0.00036697 -0.03674109
v 0.01215758 -0.00273064 -0.03674155
v 0.01215758 -0.00273064 -0.02128429
v 0.01146812 -0.00500347 -0.03674155
v 0.01146812 -0.00500347 -0.02128429
v 0.01146812 -0.00500347 -0.02128429
v 0.01034851 -0.00709812 -0.03674155
v 0.01034851 -0.00709812 -0.02128429
v 0.01034851 -0.00709812 -0.02128429
v 0.00884175 -0.00893410 -0.03674109
v 0.00884175 -0.00893410 -0.02128429
v 0.00700577 -0.01044085 -0.02128429
v 0.00884175 -0.00893410 -0.03674109
v 0.00700577 -0.01044085 -0.03674155
v 0.00700577 -0.01044085 -0.02128429
v 0.00491112 -0.01156046 -0.03674155
v 0.00491112 -0.01156046 -0.02128429
v 0.00491112 -0.01156046 -0.02128429
v 0.00263828 -0.01224991 -0.03674155
v 0.00263828 -0.01224991 -0.02128429
v 0.00263828 -0.01224991 -0.02128429
v 0.00027463 -0.01248271 -0.03674109
v 0.00027463 -0.01248271 -0.02128429
v -0.03372088 0.05322748 -0.02128429
v -0.03510081 0.04542047 -0.03674155
v -0.03510081 0.04542047 -0.02128429
v -0.03510081 0.04542047 -0.02128429
v -0.03388184 0.03371509 -0.03674155
v -0.03388184 0.03371509 -0.02128429
v -0.03388184 0.03371509 -0.02128429
v -0.03217558 0.02233460 -0.03674155
v -0.03217558 0.02233460 -0.02128429
v -0.01007915 0.00584052 -0.02128429
v -0.00979925 0.00636419 -0.03674109
v -0.00979925 0.00636419 -0.02128429
v -0.01035905 0.00531686 -0.02128429
v -0.01007915 0.00584052 -0.03674109
v -0.01035905 0.00531686 -0.03674155
v 0.02769384 0.02980659 -0.02128429
v 0.02720934 0.04070129 -0.03674155
v 0.02720934 0.04070129 -0.02128429
v 0.02720934 0.04070129 -0.02128429
v 0.01810755 0.05904447 -0.03674155
v 0.01810755 0.05904447 -0.02128429
v 0.00630757 0.01008012 -0.02128429
v 0.00700579 0.00970691 -0.03674155
v 0.00700579 0.00970691 -0.02128429
v 0.00630757 0.01008012 -0.03674155
v 0.01019796 0.03819329 -0.03674157
v 0.00995275 0.03570358 -0.02128429
v 0.01019796 0.03819329 -0.02128429
v -0.00256383 0.02543147 -0.03674146
v 0.00027464 0.01174879 -0.03674155
v -0.00208903 0.01151599 -0.03674155
v 0.00922653 0.03330956 -0.03674157
v 0.00804722 0.03110321 -0.02128429
v 0.00922653 0.03330956 -0.02128429
v 0.00709712 0.02994552 -0.03674155
v 0.00646012 0.02916933 -0.03674153
v 0.00709712 0.02994552 -0.02128429
v -0.01532565 0.03819327 -0.03674134
v -0.01508044 0.04068297 -0.02128429
v -0.01532565 0.03819327 -0.02128429
v 0.00922652 0.04307701 -0.03674157
v 0.00995274 0.04068299 -0.02128429
v 0.00922652 0.04307701 -0.02128429
v 0.00995274 0.04068299 -0.03674157
v 0.01019796 0.03819329 -0.02128429
v 0.00995274 0.04068299 -0.02128429
v 0.00646010 0.04721725 -0.02128429
v 0.00804720 0.04528336 -0.03674153
v 0.00804720 0.04528336 -0.02128427
v -0.00505355 0.05070985 -0.02128427
v -0.00256386 0.05095507 -0.03674123
v -0.00256386 0.05095507 -0.02128429
v -0.00408932 0.02558171 -0.03674155
v -0.00505354 0.02567668 -0.03674132
v -0.00408932 0.02558171 -0.02128429
v -0.01435422 0.04307701 -0.03674135
v -0.01317490 0.04528334 -0.02128429
v -0.01435422 0.04307701 -0.02128429
v -0.00505354 0.02567668 -0.03674132
v -0.00436186 0.01082653 -0.03674109
v -0.00256383 0.02543147 -0.03674146
v -0.00256383 0.02543147 -0.02128427
v -0.00052442 0.02563234 -0.02128429
v -0.00744758 0.04998365 -0.02128427
v -0.00505355 0.05070985 -0.03674139
v -0.00505355 0.05070985 -0.02128427
v -0.00007413 0.02567668 -0.02128427
v 0.00027464 0.01174879 -0.02128429
v 0.00263830 0.01151599 -0.02128429
v 0.00452622 0.04880434 -0.03674155
v 0.00646010 0.04721725 -0.02128429
v 0.00452622 0.04880434 -0.02128429
v -0.00965392 0.02758222 -0.03674121
v -0.00799185 0.02669383 -0.03674121
v -0.00645652 0.00970691 -0.03674109
v -0.01317490 0.03110319 -0.02128429
v -0.00645652 0.00970691 -0.02128429
v -0.01158780 0.02916931 -0.02128429
v -0.00799185 0.02669383 -0.03674121
v -0.00965392 0.02758222 -0.03674121
v -0.00799185 0.02669383 -0.02128429
v 0.00362587 0.04928558 -0.03674155
v 0.00452622 0.04880434 -0.03674155
v 0.00362587 0.04928558 -0.02128429
v 0.00646012 0.02916933 -0.03674153
v 0.00452624 0.02758222 -0.02128429
v 0.00646012 0.02916933 -0.02128427
v -0.01158780 0.04721723 -0.03674139
v -0.00965392 0.04880434 -0.02128429
v -0.01158780 0.04721723 -0.02128429
v 0.00646012 0.02916933 -0.03674153
v 0.00491113 0.01082653 -0.03674155
v 0.00452624 0.02758224 -0.03674155
v -0.01508044 0.04068297 -0.03674135
v -0.01435422 0.04307701 -0.02128429
v -0.01508044 0.04068297 -0.02128429
v 0.00303758 0.02678652 -0.03674155
v 0.00231990 0.02640291 -0.02128429
v 0.00303758 0.02678652 -0.02128429
v -0.00965392 0.02758222 -0.03674121
v -0.01158780 0.02916931 -0.02128429
v -0.00965392 0.02758222 -0.02128424
v -0.01340019 0.03152469 -0.03674127
v -0.01435422 0.03330954 -0.02128429
v -0.01340019 0.03152469 -0.02128429
v 0.00870918 0.04404488 -0.03674155
v 0.00922652 0.04307701 -0.03674157
v 0.00870918 0.04404488 -0.02128429
v -0.00197854 0.05089743 -0.03674123
v -0.00007416 0.05070987 -0.02128427
v -0.00197854 0.05089743 -0.02128429
v 0.00303758 0.02678652 -0.02128429
v 0.00491113 0.01082653 -0.02128429
v -0.01523742 0.03729747 -0.03674132
v -0.01532565 0.03819327 -0.02128429
v -0.01523742 0.03729747 -0.02128429
v 0.00995275 0.03570358 -0.03674157
v 0.00922653 0.03330956 -0.02128429
v 0.00995275 0.03570358 -0.02128429
v 0.00231990 0.02640291 -0.03674157
v 0.00263830 0.01151599 -0.03674155
v -0.00007413 0.02567668 -0.03674148
v -0.00505354 0.02567668 -0.02128429
v -0.00744757 0.02640291 -0.03674119
v -0.00744757 0.02640291 -0.02128429
v -0.00755163 0.04992803 -0.03674155
v -0.00744758 0.04998365 -0.03674153
v -0.00755163 0.04992803 -0.02128429
v -0.00007416 0.05070987 -0.03674135
v 0.00231987 0.04998365 -0.02128427
v -0.00007416 0.05070987 -0.02128427
v -0.01435422 0.03330954 -0.03674134
v -0.01508044 0.03570356 -0.02128429
v -0.01435422 0.03330954 -0.02128429
v 0.00231990 0.02640291 -0.02128429
v -0.00007413 0.02567668 -0.03674148
v -0.00007413 0.02567668 -0.02128427
v -0.01244741 0.04616980 -0.03674139
v -0.01158780 0.04721723 -0.03674139
v -0.01244741 0.04616980 -0.02128429
v -0.00256383 0.02543147 -0.02128427
v -0.00208903 0.01151599 -0.02128429
v -0.00744757 0.02640291 -0.02128429
v -0.00436186 0.01082653 -0.02128429
v -0.00505354 0.02567668 -0.02128429
v -0.01158780 0.02916931 -0.03674125
v -0.01317490 0.03110319 -0.02128429
v -0.01158780 0.02916931 -0.02128429
v 0.00870918 0.04404488 -0.02128429
v 0.00922652 0.04307701 -0.02128429
v 0.00709712 0.02994552 -0.02128429
v 0.00804722 0.03110321 -0.02128429
v 0.00922653 0.03330956 -0.02128429
v 0.00995274 0.04068299 -0.02128429
v 0.01019796 0.03819329 -0.02128429
v -0.00755163 0.04992803 -0.02128429
v -0.01244741 0.04616980 -0.02128429
v -0.00256386 0.05095507 -0.02128429
v -0.00744758 0.04998365 -0.02128427
v 0.00362587 0.04928558 -0.02128429
v 0.00231987 0.04998365 -0.02128427
v -0.01523742 0.03729747 -0.02128429
v -0.01340019 0.03152469 -0.02128429
v 0.00804720 0.04528336 -0.02128427
v -0.01532565 0.03819327 -0.02128429
v -0.01508044 0.04068297 -0.02128429
v 0.00995275 0.03570358 -0.03674157
v 0.00709712 0.02994552 -0.03674155
v 0.00804722 0.03110321 -0.03674157
v 0.00870918 0.04404488 -0.03674155
v 0.00922652 0.04307701 -0.03674157
v 0.00922653 0.03330956 -0.03674157
v -0.00755163 0.04992803 -0.03674155
v -0.01244741 0.04616980 -0.03674139
v 0.01239038 -0.00036697 -0.03674109
v 0.00700579 0.00970691 -0.03674155
v 0.00700577 -0.01044085 -0.03674155
v -0.00305601 0.06961821 -0.03674109
v -0.00197854 0.05089743 -0.03674123
v -0.00256386 0.05095507 -0.03674123
v 0.00362587 0.04928558 -0.03674155
v -0.01523742 0.03729747 -0.03674132
v -0.01508044 0.03570356 -0.03674140
v -0.01340019 0.03152469 -0.03674127
v 0.00804720 0.04528336 -0.03674153
v -0.01317490 0.04528334 -0.03674137
v -0.01532565 0.03819327 -0.03674134
v -0.00716481 -0.03608244 -0.03674155
v -0.01408331 -0.03398372 -0.03674155
v -0.02045943 -0.03057563 -0.03674155
v -0.02604814 -0.02598908 -0.03674155
v -0.03063469 -0.02040036 -0.02128429
v -0.03404280 -0.01402424 -0.03674155
v -0.03614150 -0.00710575 -0.03674155
v -0.03685015 0.00008924 -0.02128429
v -0.03614150 0.00728423 -0.03674155
v -0.03404281 0.01420273 -0.03674155
v -0.03217558 0.02233460 -0.03674155
v -0.02913435 0.05881620 -0.02128429
v -0.02354562 0.06340275 -0.03674155
v -0.01716951 0.06681087 -0.03674155
v -0.01025101 0.06890956 -0.03674155
v -0.00305601 0.06961821 -0.02128429
v 0.00413899 0.06890956 -0.03674155
v 0.01117028 0.06557005 -0.03674155
v 0.01810755 0.05904447 -0.03674155
v 0.04859061 0.02616757 -0.02128429
v 0.04258066 0.02057884 -0.03674155
v 0.04258066 -0.02040040 -0.02128429
v 0.04859061 -0.02598911 -0.03674109
v 0.02051975 -0.03057564 -0.03674109
v 0.01414362 -0.03398374 -0.03674155
v 0.00722512 -0.03608243 -0.03674155
v 0.00003018 -0.03679106 -0.03674155
v 0.00027463 -0.01248271 -0.03674109
v -0.00208903 -0.01224991 -0.02128429
v -0.00436186 -0.01156045 -0.03674155
v -0.00645651 -0.01044084 -0.03674155
v -0.00829249 -0.00893409 -0.03674155
v -0.00979924 -0.00709811 -0.03674109
v -0.01091886 -0.00500346 -0.02128429
v -0.01160831 -0.00273063 -0.03674155
v -0.01184112 -0.00036696 -0.02128429
v -0.01160832 0.00199670 -0.03674155
v -0.01091886 0.00426953 -0.02128429
v -0.00979925 0.00636419 -0.02128429
v -0.00829249 0.00820016 -0.03674155
v -0.00645652 0.00970691 -0.03674109
v -0.00436186 0.01082653 -0.02128429
v -0.00208903 0.01151599 -0.03674155
v 0.00027464 0.01174879 -0.03674155
v 0.00263830 0.01151599 -0.03674155
v 0.00491113 0.01082653 -0.03674155
v 0.00700579 0.00970691 -0.03674155
v 0.00884177 0.00820016 -0.03674155
v 0.01034852 0.00636418 -0.03674155
v 0.01146813 0.00426953 -0.03674109
v 0.01215759 0.00199669 -0.03674109
v 0.01239038 -0.00036697 -0.02128429
v 0.01215758 -0.00273064 -0.03674155
v 0.01146812 -0.00500347 -0.03674155
v 0.01034851 -0.00709812 -0.03674155
v 0.00884175 -0.00893410 -0.02128429
v 0.00700577 -0.01044085 -0.03674155
v 0.00491112 -0.01156046 -0.03674155
v 0.00263828 -0.01224991 -0.03674155
v -0.03372088 0.05322748 -0.03674155
v -0.03510081 0.04542047 -0.03674155
v -0.03388184 0.03371509 -0.03674155
v 0.02769384 0.02980659 -0.03674155
v 0.02720934 0.04070129 -0.03674155
v 0.00995275 0.03570358 -0.03674157
v -0.00408932 0.02558171 -0.03674155
v -0.00052442 0.02563234 -0.03674145
v 0.00804722 0.03110321 -0.03674157
v 0.00804722 0.03110321 -0.02128429
v 0.00804722 0.03110321 -0.03674157
v 0.00646012 0.02916933 -0.02128427
v -0.01508044 0.04068297 -0.03674135
v 0.00995274 0.04068299 -0.03674157
v 0.01019796 0.03819329 -0.03674157
v 0.00646010 0.04721725 -0.03674155
v -0.00505355 0.05070985 -0.03674139
v -0.00256383 0.02543147 -0.02128427
v -0.00256383 0.02543147 -0.03674146
v -0.00505354 0.02567668 -0.02128429
v -0.01317490 0.04528334 -0.03674137
v -0.00744757 0.02640291 -0.03674119
v -0.00007413 0.02567668 -0.02128427
v -0.00052442 0.02563234 -0.03674145
v -0.00007413 0.02567668 -0.03674148
v -0.00744758 0.04998365 -0.03674153
v 0.00231990 0.02640291 -0.02128429
v -0.00052442 0.02563234 -0.02128429
v 0.00646010 0.04721725 -0.03674155
v -0.01317490 0.03110319 -0.03674127
v -0.01158780 0.02916931 -0.03674125
v -0.00799185 0.02669383 -0.02128429
v -0.00965392 0.02758222 -0.02128424
v -0.00744757 0.02640291 -0.02128429
v -0.00744757 0.02640291 -0.03674119
v -0.00965392 0.02758222 -0.02128424
v 0.00231987 0.04998365 -0.02128427
v 0.00231987 0.04998365 -0.03674151
v 0.00452622 0.04880434 -0.02128429
v 0.00452624 0.02758224 -0.03674155
v -0.00965392 0.04880434 -0.03674139
v 0.00303758 0.02678652 -0.03674155
v -0.01435422 0.04307701 -0.03674135
v 0.00452624 0.02758222 -0.02128429
v 0.00452624 0.02758224 -0.03674155
v 0.00231990 0.02640291 -0.03674157
v -0.01158780 0.02916931 -0.03674125
v -0.01317490 0.03110319 -0.02128429
v -0.01317490 0.03110319 -0.03674127
v -0.01435422 0.03330954 -0.03674134
v 0.00804720 0.04528336 -0.02128427
v 0.00804720 0.04528336 -0.03674153
v 0.00922652 0.04307701 -0.02128429
v -0.00256386 0.05095507 -0.02128429
v -0.00256386 0.05095507 -0.03674123
v -0.00007416 0.05070987 -0.03674135
v 0.00646012 0.02916933 -0.02128427
v 0.00452624 0.02758222 -0.02128429
v -0.01508044 0.03570356 -0.02128429
v -0.01532565 0.03819327 -0.03674134
v -0.01508044 0.03570356 -0.03674140
v 0.00922653 0.03330956 -0.03674157
v -0.00505354 0.02567668 -0.03674132
v -0.00965392 0.04880434 -0.02128429
v -0.00965392 0.04880434 -0.03674139
v -0.00744758 0.04998365 -0.02128427
v 0.00231987 0.04998365 -0.03674151
v -0.01508044 0.03570356 -0.03674140
v 0.00231990 0.02640291 -0.03674157
v -0.01317490 0.04528334 -0.02128429
v -0.01317490 0.04528334 -0.03674137
v -0.01158780 0.04721723 -0.02128429
v -0.00408932 0.02558171 -0.02128429
v -0.01317490 0.03110319 -0.03674127
vn 0.00000000 0.00000000 1.00000000
vn 0.00000000 0.00000000 1.00000000
vn 0.00000000 0.00000000 1.00000000
vn 0.00000000 0.00000000 1.00000000
vn 0.00000000 0.00000000 1.00000000
vn 0.00000000 0.00000000 1.00000000
vn 0.00000000 0.00000000 1.00000000
vn 0.00000000 0.00000000 1.00000000
vn 0.00000000 0.00000000 1.00000000
vn 0.00000000 0.00000000 1.00000000
vn 0.00000000 0.00000000 1.00000000
vn 0.00000000 0.00000000 1.00000000
vn 0.00000000 0.00000000 1.00000000
vn 0.00000000 0.00000000 1.00000000
vn 0.00000000 0.00000000 1.00000000
vn 0.00000000 0.00000000 1.00000000
vn 0.00000000 0.00000000 1.00000000
vn 0.00000000 0.00000000 1.00000000
vn 0.00000000 0.00000000 1.00000000
vn 0.00000000 0.00000000 1.00000000
vn 0.00000000 0.00000000 1.00000000
vn 0.00000000 0.00000000 1.00000000
vn 0.00000000 0.00000000 1.00000000
vn 0.00000000 0.00000000 1.00000000
vn 0.00000000 0.00000000 1.00000000
vn 0.00000000 0.00000000 1.00000000
vn 0.00000000 0.00000000 1.00000000
vn 0.00000000 0.00000000 1.00000000
vn 0.00000000 0.00000000 1.00000000
vn 0.00000000 0.00000000 1.00000000
vn 0.00000000 0.00000000 1.00000000
vn 0.00000000 0.00000000 1.00000000
vn 0.00000000 0.00000000 1.00000000
vn -0.00000035 0.00000042 1.00000000
vn 0.00000265 0.00000059 1.00000000
vn 0.00000026 0.00000043 1.00000000
vn 0.00000000 0.00000000 1.00000000
vn 0.00000000 0.00000000 1.00000000
vn 0.00000000 0.00000000 1.00000000
vn 0.00000000 0.00000000 1.00000000
vn 0.00000000 0.00000000 1.00000000
vn 0.00000000 0.00000000 1.00000000
vn 0.00000000 0.00000000 1.00000000
vn 0.00000000 0.00000000 1.00000000
vn 0.00000000 0.00000000 1.00000000
vn 0.00000000 0.00000000 1.00000000
vn 0.00000000 0.00000000 1.00000000
vn 0.00000000 0.00000000 1.00000000
vn 0.00000000 0.00000000 1.00000000
vn -0.00000368 0.00000125 1.00000000
vn -0.00000427 0.00000192 1.00000000
vn 0.00000002 0.00000014 1.00000000
vn 0.00000000 0.00000000 1.00000000
vn 0.00000000 0.00000000 1.00000000
vn 0.00000000 0.00000000 1.00000000
vn 0.00000000 0.00000000 1.00000000
vn 0.00000000 0.00000000 1.00000000
vn 0.00000000 0.00000000 1.00000000
vn 0.00000000 0.00000000 1.00000000
vn 0.00000000 0.00000000 1.00000000
vn 0.00000000 0.00000000 1.00000000
vn 0.00000000 0.00000000 1.00000000
vn 0.00000000 0.00000000 1.00000000
vn -0.00000538 0.00000138 1.00000000
vn 0.00000001 0.00000004 1.00000000
vn 0.00000000 0.00000000 1.00000000
vn 0.00000000 0.00000000 1.00000000
vn 0.00000000 0.00000000 1.00000000
vn 0.00000000 0.00000000 1.00000000
vn 0.00000000 0.00000000 1.00000000
vn 0.00000000 0.00000000 1.00000000
vn 0.00000000 0.00000000 1.00000000
vn 0.00000000 0.00000000 1.00000000
vn 0.00000000 0.00000000 1.00000000
vn 0.00000000 0.00000000 1.00000000
vn 0.00000000 0.00000000 1.00000000
vn 0.00000000 0.00000000 1.00000000
vn 0.00000000 0.00000000 1.00000000
vn 0.00000000 0.00000000 1.00000000
vn 0.00000000 0.00000000 1.00000000
vn -0.00012519 -0.00027886 -0.99999995
vn 0.00000295 -0.00002739 -1.00000000
vn 0.00000586 -0.00000769 -1.00000000
vn -0.00007810 -0.00000413 -1.00000000
vn -0.00000710 0.00000767 -1.00000000
vn 0.00000001 0.00001886 -1.00000000
vn 0.00000006 0.00000013 -1.00000000
vn 0.00000274 -0.00000022 -1.00000000
vn 0.00000160 0.00000021 -1.00000000
vn 0.00004740 -0.00003229 -1.00000000
vn -0.00000567 -0.00002454 -1.00000000
vn 0.00000000 0.00000000 -1.00000000
vn 0.00004696 -0.00009085 -0.99999999
vn 0.00000187 0.00000244 -1.00000000
vn 0.00002236 -0.00003062 -1.00000000
vn -0.00002295 -0.00001854 -1.00000000
vn 0.00000676 -0.00000631 -1.00000000
vn -0.00000044 -0.00000486 -1.00000000
vn -0.00000806 0.00000478 -1.00000000
vn -0.00001473 -0.00000283 -1.00000000
vn -0.00001488 -0.00000010 -1.00000000
vn 0.00008120 -0.00000928 -1.00000000
vn 0.00000728 0.00000861 -1.00000000
vn 0.00000000 0.00000000 -1.00000000
vn -0.00013487 -0.00033546 -0.99999993
vn 0.00000000 0.00000000 -1.00000000
vn 0.00000000 0.00000000 -1.00000000
vn 0.00000000 0.00000000 -1.00000000
vn 0.00000000 0.00000000 -1.00000000
vn 0.00002839 0.00001174 -1.00000000
vn 0.00002013 0.00002084 -1.00000000
vn -0.00000053 0.00003640 -1.00000000
vn 0.00006096 0.00000837 -1.00000000
vn 0.00011172 0.00001565 -0.99999999
vn 0.00003255 0.00000467 -1.00000000
vn -0.00000750 0.00008095 -1.00000000
vn 0.00000000 0.00000000 -1.00000000
vn 0.00000000 0.00000000 -1.00000000
vn 0.00000000 0.00000000 -1.00000000
vn -0.00003479 -0.00003867 -1.00000000
vn 0.00004432 0.00002243 -1.00000000
vn -0.00001270 -0.00000318 -1.00000000
vn 0.00000000 0.00000000 -1.00000000
vn 0.00000893 -0.00000474 -1.00000000
vn 0.00002943 0.00001212 -1.00000000
vn -0.00001589 -0.00001037 -1.00000000
vn -0.00000592 -0.00000424 -1.00000000
vn -0.00004224 0.00000227 -1.00000000
vn -0.00006622 0.00000460 -1.00000000
vn -0.00003653 0.00000213 -1.00000000
vn 0.00000000 0.00000000 -1.00000000
vn -0.00000877 -0.00004080 -1.00000000
vn -0.00006627 0.00006899 -1.00000000
vn -0.00002065 0.00003006 -1.00000000
vn -0.00000048 0.00000521 -1.00000000
vn -0.00000486 -0.00000435 -1.00000000
vn 0.00001861 -0.00007652 -1.00000000
vn -0.00009484 -0.00001825 -1.00000000
vn 0.00001757 0.00000734 -1.00000000
vn 0.00000538 -0.00000138 -1.00000000
vn 0.00000000 0.00000000 -1.00000000
vn -0.00000001 -0.00000004 -1.00000000
vn -0.00003795 -0.00011308 -0.99999999
vn -0.00005918 0.00006319 -1.00000000
vn 0.00000976 -0.00000519 -1.00000000
vn 0.00000551 -0.00000654 -1.00000000
vn -0.00002195 -0.00001549 -1.00000000
vn 0.00001791 -0.00010351 -0.99999999
vn 0.00009764 -0.00000156 -1.00000000
vn -0.00005599 -0.00003873 -1.00000000
vn 0.00001546 -0.00000176 -1.00000000
vn 0.00040191 0.00032764 -0.99999987
vn 0.00002110 0.00000445 -1.00000000
vn 0.00024187 0.00020035 -0.99999995
vn 0.00000000 0.00000000 -1.00000000
vn 0.00000000 0.00000000 -1.00000000
vn -0.00000001 -0.00000005 -1.00000000
vn -0.09801496 -0.99518494 0.00000000
vn -0.09801496 -0.99518494 0.00000000
vn -0.09801496 -0.99518494 0.00000000
vn -0.29028579 -0.95694000 0.00000000
vn -0.29028579 -0.95694000 0.00000000
vn -0.29028579 -0.95694000 0.00000000
vn -0.47139496 -0.88192221 0.00000000
vn -0.47139496 -0.88192221 0.00000000
vn -0.47139496 -0.88192221 0.00000000
vn -0.63439456 -0.77300940 0.00000000
vn -0.63439456 -0.77300940 0.00000000
vn -0.63439456 -0.77300940 0.00000000
vn -0.77301027 -0.63439350 0.00000000
vn -0.77301027 -0.63439350 0.00000000
vn -0.77301027 -0.63439350 0.00000000
vn -0.88192077 -0.47139767 0.00000000
vn -0.88192077 -0.47139767 0.00000000
vn -0.88192077 -0.47139767 0.00000000
vn -0.95694048 -0.29028420 0.00000000
vn -0.95694048 -0.29028420 0.00000000
vn -0.95694048 -0.29028420 0.00000000
vn -0.99518468 -0.09801757 0.00000000
vn -0.99518468 -0.09801757 0.00000000
vn -0.99518468 -0.09801757 0.00000000
vn -0.99518471 0.09801728 0.00000000
vn -0.99518471 0.09801728 0.00000000
vn -0.99518471 0.09801728 0.00000000
vn -0.95694059 0.29028383 0.00000000
vn -0.95694059 0.29028383 0.00000000
vn -0.95694059 0.29028383 0.00000000
vn -0.97463635 0.22379452 0.00000000
vn -0.97463635 0.22379452 0.00000000
vn -0.97463635 0.22379452 0.00000000
vn -0.77301188 0.63439155 0.00000000
vn -0.77301188 0.63439155 0.00000000
vn -0.77301188 0.63439155 0.00000000
vn -0.63439333 0.77301042 0.00000000
vn -0.63439333 0.77301042 0.00000000
vn -0.63439333 0.77301042 0.00000000
vn -0.47139724 0.88192100 0.00000000
vn -0.47139724 0.88192100 0.00000000
vn -0.47139724 0.88192100 0.00000000
vn -0.29028397 0.95694055 0.00000000
vn -0.29028397 0.95694055 0.00000000
vn -0.29028397 0.95694055 0.00000000
vn -0.09801749 0.99518469 0.00000000
vn -0.09801749 0.99518469 0.00000000
vn -0.09801749 0.99518469 0.00000000
vn 0.09801724 0.99518472 0.00000000
vn 0.09801724 0.99518472 0.00000000
vn 0.09801724 0.99518472 0.00000000
vn 0.42901994 0.90329502 0.00000000
vn 0.42901994 0.90329502 0.00000000
vn 0.42901994 0.90329502 0.00000000
vn 0.68516328 0.72838951 0.00000000
vn 0.68516328 0.72838951 0.00000000
vn 0.68516328 0.72838951 0.00000000
vn 0.17156099 0.98517350 0.00000000
vn 0.17156099 0.98517350 0.00000000
vn 0.17156099 0.98517350 0.00000000
vn 0.68097818 -0.73230370 0.00000000
vn 0.68097818 -0.73230370 0.00000000
vn 0.68097818 -0.73230370 0.00000000
vn 1.00000000 0.00000015 0.00000000
vn 1.00000000 0.00000015 0.00000000
vn 1.00000000 0.00000015 0.00000000
vn 1.00000000 0.00000015 0.00000000
vn 1.00000000 0.00000015 0.00000000
vn 1.00000000 0.00000015 0.00000000
vn 1.00000000 0.00000015 0.00000000
vn 1.00000000 0.00000015 0.00000000
vn 1.00000000 0.00000015 0.00000000
vn 1.00000000 0.00000015 0.00000000
vn 1.00000000 0.00000015 0.00000000
vn 1.00000000 0.00000015 0.00000000
vn 1.00000000 0.00000015 0.00000000
vn 0.68097671 0.73230507 0.00000000
vn 0.68097671 0.73230507 0.00000000
vn 0.68097671 0.73230507 0.00000000
vn 0.16125305 -0.98691309 0.00000000
vn 0.16125305 -0.98691309 0.00000000
vn 0.16125305 -0.98691309 0.00000000
vn 0.47139468 -0.88192236 0.00000000
vn 0.47139468 -0.88192236 0.00000000
vn 0.47139468 -0.88192236 0.00000000
vn 0.29028377 -0.95694061 0.00000000
vn 0.29028377 -0.95694061 0.00000000
vn 0.29028377 -0.95694061 0.00000000
vn 0.09801599 -0.99518484 0.00000000
vn 0.09801599 -0.99518484 0.00000000
vn 0.09801599 -0.99518484 0.00000000
vn 0.09801680 0.99518476 0.00000000
vn 0.09801680 0.99518476 0.00000000
vn 0.09801680 0.99518476 0.00000000
vn 0.29028573 0.95694002 0.00000000
vn 0.29028573 0.95694002 0.00000000
vn 0.29028573 0.95694002 0.00000000
vn 0.47139622 0.88192154 0.00000000
vn 0.47139622 0.88192154 0.00000000
vn 0.47139622 0.88192154 0.00000000
vn 0.63439391 0.77300994 0.00000000
vn 0.63439391 0.77300994 0.00000000
vn 0.63439391 0.77300994 0.00000000
vn 0.77300977 0.63439412 0.00000000
vn 0.77300977 0.63439412 0.00000000
vn 0.77300977 0.63439412 0.00000000
vn 0.88192103 0.47139718 0.00000000
vn 0.88192103 0.47139718 0.00000000
vn 0.88192103 0.47139718 0.00000000
vn 0.95694048 0.29028419 0.00000000
vn 0.95694048 0.29028419 0.00000000
vn 0.95694048 0.29028419 0.00000000
vn 0.99518462 0.09801821 0.00000000
vn 0.99518462 0.09801821 0.00000000
vn 0.99518462 0.09801821 0.00000000
vn 0.99518471 -0.09801726 0.00000000
vn 0.99518471 -0.09801726 0.00000000
vn 0.99518471 -0.09801726 0.00000000
vn 0.95694020 -0.29028512 0.00000000
vn 0.95694020 -0.29028512 0.00000000
vn 0.95694020 -0.29028512 0.00000000
vn 0.88192181 -0.47139571 0.00000000
vn 0.88192214 -0.47139511 0.00000000
vn 0.88192181 -0.47139571 0.00000000
vn 0.77300996 -0.63439388 0.00000000
vn 0.77300996 -0.63439388 0.00000000
vn 0.77300996 -0.63439388 0.00000000
vn 0.63439374 -0.77301008 0.00000000
vn 0.63439374 -0.77301008 0.00000000
vn 0.63439374 -0.77301008 0.00000000
vn 0.47139688 -0.88192119 0.00000000
vn 0.47139688 -0.88192119 0.00000000
vn 0.47139688 -0.88192119 0.00000000
vn 0.29028480 -0.95694030 0.00000000
vn 0.29028480 -0.95694030 0.00000000
vn 0.29028480 -0.95694030 0.00000000
vn 0.09801654 -0.99518479 0.00000000
vn 0.09801654 -0.99518479 0.00000000
vn 0.09801654 -0.99518479 0.00000000
vn -0.09801753 -0.99518469 0.00000000
vn -0.09801753 -0.99518469 0.00000000
vn -0.09801753 -0.99518469 0.00000000
vn -0.29028472 -0.95694032 0.00000000
vn -0.29028472 -0.95694032 0.00000000
vn -0.29028472 -0.95694032 0.00000000
vn -0.47139699 -0.88192113 0.00000000
vn -0.47139643 -0.88192143 0.00000000
vn -0.47139643 -0.88192143 0.00000000
vn -0.63439377 -0.77301005 0.00000000
vn -0.63439377 -0.77301005 0.00000000
vn -0.63439377 -0.77301005 0.00000000
vn -0.77301079 -0.63439288 0.00000000
vn -0.77301079 -0.63439288 0.00000000
vn -0.77301079 -0.63439288 0.00000000
vn -0.88192173 -0.47139586 0.00000000
vn -0.88192173 -0.47139586 0.00000000
vn -0.88192173 -0.47139586 0.00000000
vn -0.95694036 -0.29028461 0.00000000
vn -0.95694036 -0.29028461 0.00000000
vn -0.95694036 -0.29028461 0.00000000
vn -0.99518496 -0.09801475 0.00000000
vn -0.99518496 -0.09801475 0.00000000
vn -0.99518496 -0.09801475 0.00000000
vn -0.99518482 0.09801623 0.00000000
vn -0.99518482 0.09801623 0.00000000
vn -0.99518482 0.09801623 0.00000000
vn -0.95693970 0.29028676 0.00000000
vn -0.95693970 0.29028676 0.00000000
vn -0.95693970 0.29028676 0.00000000
vn -0.88192133 0.47139662 0.00000000
vn -0.88192133 0.47139662 0.00000000
vn -0.88192133 0.47139662 0.00000000
vn -0.77300961 0.63439431 0.00000000
vn -0.77300961 0.63439431 0.00000000
vn -0.77300961 0.63439431 0.00000000
vn -0.63439248 0.77301112 0.00000000
vn -0.63439248 0.77301112 0.00000000
vn -0.63439248 0.77301112 0.00000000
vn -0.47139556 0.88192189 0.00000000
vn -0.47139556 0.88192189 0.00000000
vn -0.47139556 0.88192189 0.00000000
vn -0.29028233 0.95694105 0.00000000
vn -0.29028233 0.95694105 0.00000000
vn -0.29028233 0.95694105 0.00000000
vn -0.09801763 0.99518468 0.00000000
vn -0.09801763 0.99518468 0.00000000
vn -0.09801763 0.99518468 0.00000000
vn -0.98473546 0.17405768 0.00000000
vn -0.98473546 0.17405768 0.00000000
vn -0.98473546 0.17405768 0.00000000
vn -0.99462140 -0.10357738 0.00000000
vn -0.99462140 -0.10357738 0.00000000
vn -0.99462140 -0.10357738 0.00000000
vn -0.98894664 -0.14827183 0.00000000
vn -0.98894664 -0.14827183 0.00000000
vn -0.98894664 -0.14827183 0.00000000
vn 0.88192191 -0.47139552 0.00000000
vn 0.88192154 -0.47139622 0.00000000
vn 0.88192154 -0.47139622 0.00000000
vn 0.88192189 -0.47139557 0.00000000
vn 0.88192191 -0.47139552 0.00000000
vn 0.88192189 -0.47139557 0.00000000
vn 0.99901262 0.04442741 0.00000000
vn 0.99901262 0.04442741 0.00000000
vn 0.99901262 0.04442741 0.00000000
vn 0.89578672 0.44448414 0.00000000
vn 0.89578672 0.44448414 0.00000000
vn 0.89578672 0.44448414 0.00000000
vn -0.47139695 -0.88192115 0.00000000
vn -0.47139803 -0.88192057 0.00000000
vn -0.47139803 -0.88192057 0.00000000
vn -0.47139695 -0.88192115 0.00000000
vn -0.99518487 0.09801564 0.00000000
vn -0.99518487 0.09801564 0.00000000
vn -0.99518487 0.09801564 0.00000000
vn 0.00003209 0.00000782 -1.00000000
vn -0.00000042 0.00000552 -1.00000000
vn -0.00009974 -0.00000984 -0.99999999
vn -0.88192132 0.47139663 0.00000000
vn -0.88192132 0.47139663 0.00000000
vn -0.88192132 0.47139663 0.00000000
vn -0.77301244 0.63439086 0.00000000
vn -0.77301503 0.63438771 0.00000000
vn -0.77301244 0.63439086 0.00000000
vn 0.99518475 -0.09801690 0.00000000
vn 0.99518475 -0.09801690 0.00000000
vn 0.99518475 -0.09801690 0.00000000
vn -0.95693939 -0.29028781 0.00000000
vn -0.95693939 -0.29028781 0.00000000
vn -0.95693939 -0.29028781 0.00000000
vn -0.99518462 -0.09801820 0.00000000
vn -0.99518462 -0.09801820 0.00000000
vn -0.99518462 -0.09801820 0.00000000
vn -0.77301028 -0.63439349 0.00000000
vn -0.77301028 -0.63439349 0.00000000
vn -0.77301028 -0.63439349 0.00000000
vn 0.09801881 -0.99518456 0.00000000
vn 0.09801881 -0.99518456 0.00000000
vn 0.09801881 -0.99518456 0.00000000
vn 0.09801763 0.99518468 0.00000000
vn 0.09802079 0.99518437 0.00000000
vn 0.09801763 0.99518468 0.00000000
vn 0.88191939 -0.47140025 0.00000000
vn 0.88191939 -0.47140025 0.00000000
vn 0.88191939 -0.47140025 0.00000000
vn -0.00013442 -0.00002459 -0.99999999
vn -0.00007739 -0.00001419 -1.00000000
vn -0.09802091 0.99518435 0.00000000
vn -0.09802091 0.99518435 0.00000000
vn -0.09801075 0.99518536 0.00000000
vn 0.29028005 -0.95694174 0.00000000
vn 0.29028005 -0.95694174 0.00000000
vn 0.29028005 -0.95694174 0.00000000
vn -0.00001329 -0.00000095 1.00000000
vn -0.00000001 -0.00000115 1.00000000
vn 0.00000031 -0.00000046 1.00000000
vn -0.63439282 -0.77301083 0.00000000
vn -0.63439282 -0.77301083 0.00000000
vn -0.63439282 -0.77301083 0.00000000
vn 0.00001304 -0.00000432 -1.00000000
vn 0.00000589 -0.00000543 -1.00000000
vn 0.00012037 0.00003029 -0.99999999
vn 0.00000000 0.00000000 1.00000000
vn 0.00000002 -0.00000014 1.00000000
vn -0.00000630 -0.00000166 1.00000000
vn 0.47139443 0.88192250 0.00000000
vn 0.47139327 0.88192312 0.00000000
vn 0.47139443 0.88192250 0.00000000
vn -0.47139362 -0.88192293 0.00000000
vn -0.47139457 -0.88192242 0.00000000
vn -0.47139362 -0.88192293 0.00000000
vn -0.63439347 0.77301030 0.00000076
vn -0.63439670 0.77300765 0.00000009
vn -0.63439711 0.77300731 0.00000000
vn 0.63439711 -0.77300731 0.00000000
vn 0.63439711 -0.77300731 0.00000000
vn 0.63439711 -0.77300731 0.00000000
vn -0.00002149 0.00000274 -1.00000000
vn 0.00000000 0.00000004 -1.00000000
vn 0.00000577 0.00000013 -1.00000000
vn 0.95694087 -0.29028291 0.00000000
vn 0.95694087 -0.29028291 0.00000000
vn 0.95694087 -0.29028291 0.00000000
vn -0.47140091 0.88191904 0.00000000
vn -0.47140285 0.88191799 0.00000000
vn -0.47139726 0.88192098 0.00000045
vn 0.63439345 0.77301032 0.00000000
vn 0.63439345 0.77301032 0.00000000
vn 0.63439345 0.77301032 0.00000000
vn 0.88192046 0.47139825 0.00000000
vn 0.88192122 0.47139682 0.00000000
vn 0.88192046 0.47139825 0.00000000
vn -0.88192125 -0.47139676 0.00000000
vn -0.88192170 -0.47139591 0.00000000
vn -0.88192125 -0.47139676 0.00000000
vn -0.09801059 -0.99518537 0.00000000
vn -0.09801156 -0.99518528 0.00000000
vn -0.09801059 -0.99518537 0.00000000
vn 0.00000000 0.00000000 1.00000000
vn -0.00000000 -0.00000004 1.00000000
vn 0.99518466 0.09801780 0.00000000
vn 0.99518451 0.09801936 0.00000000
vn 0.99518466 0.09801780 0.00000000
vn -0.95694061 0.29028379 0.00000000
vn -0.95694061 0.29028379 0.00000000
vn -0.95694061 0.29028379 0.00000000
vn 0.00000110 -0.00000112 -1.00000000
vn -0.00000123 0.00000178 -1.00000000
vn -0.00005147 0.00000063 -1.00000000
vn 0.29028615 0.95693989 0.00000000
vn 0.29028615 0.95693989 0.00000000
vn 0.29028615 0.95693989 0.00000000
vn 0.47137053 -0.88193527 0.00000000
vn 0.47134465 -0.88194910 0.00000000
vn 0.47137053 -0.88193527 0.00000000
vn -0.29028633 -0.95693983 0.00000000
vn -0.29028633 -0.95693983 0.00000000
vn -0.29028633 -0.95693983 0.00000000
vn 0.95693993 0.29028602 0.00000000
vn 0.95693993 0.29028602 0.00000000
vn 0.95693993 0.29028602 0.00000000
vn -0.29028635 0.95693983 0.00000000
vn -0.29028635 0.95693983 0.00000000
vn -0.29028635 0.95693983 0.00000000
vn 0.77301113 -0.63439246 0.00000000
vn 0.77300829 -0.63439592 0.00000000
vn 0.77301113 -0.63439246 0.00000000
vn -0.00000212 -0.00000067 1.00000000
vn -0.00000031 -0.00000060 1.00000000
vn 0.00000000 0.00000000 1.00000000
vn 0.00000000 0.00000000 1.00000000
vn 0.00000000 0.00000000 1.00000000
vn 0.77300973 0.63439416 0.00000000
vn 0.77300973 0.63439416 0.00000000
vn 0.77300973 0.63439416 0.00000000
vn 0.00000407 -0.00000047 1.00000000
vn 0.00000000 0.00000000 1.00000000
vn 0.00000565 -0.00000065 1.00000000
vn 0.00000000 0.00000000 1.00000000
vn 0.00000000 0.00000000 1.00000000
vn 0.00000000 0.00000000 1.00000000
vn 0.00000000 0.00000000 1.00000000
vn -0.00005896 -0.00000839 1.00000000
vn 0.00000000 0.00000000 1.00000000
vn 0.00000335 0.00000009 1.00000000
vn -0.00008711 -0.00001201 1.00000000
vn 0.00000452 -0.00000012 1.00000000
vn 0.00000766 0.00000016 1.00000000
vn 0.00000000 0.00000000 1.00000000
vn 0.00000000 0.00000000 1.00000000
vn 0.00001376 -0.00000128 1.00000000
vn 0.00000000 0.00000000 1.00000000
vn 0.00000000 0.00000000 1.00000000
vn 0.00000744 -0.00000189 -1.00000000
vn -0.00002153 0.00000186 -1.00000000
vn -0.00000173 -0.00000062 -1.00000000
vn -0.00001413 0.00000677 -1.00000000
vn -0.00000365 0.00000310 -1.00000000
vn 0.00000481 -0.00000150 -1.00000000
vn 0.00003005 -0.00000808 -1.00000000
vn -0.00000143 -0.00001073 -1.00000000
vn -0.00001667 0.00009804 -1.00000000
vn 0.00000000 0.00000000 -1.00000000
vn 0.00009093 0.00003825 -1.00000000
vn 0.00000159 0.00000643 -1.00000000
vn -0.00003581 0.00000571 -1.00000000
vn 0.00003182 0.00000812 -1.00000000
vn -0.00000903 0.00000024 -1.00000000
vn 0.00005799 0.00004782 -1.00000000
vn -0.00010879 -0.00005256 -0.99999999
vn 0.00014858 0.00004316 -0.99999999
vn -0.00001376 0.00000128 -1.00000000
vn -0.00000118 -0.00001052 -1.00000000
vn -0.00004010 -0.00002150 -1.00000000
vn -0.09801496 -0.99518494 0.00000000
vn -0.29028579 -0.95694000 0.00000000
vn -0.47139496 -0.88192221 0.00000000
vn -0.63439456 -0.77300940 0.00000000
vn -0.77301027 -0.63439350 0.00000000
vn -0.88192077 -0.47139767 0.00000000
vn -0.95694048 -0.29028420 0.00000000
vn -0.99518468 -0.09801757 0.00000000
vn -0.99518471 0.09801728 0.00000000
vn -0.95694059 0.29028383 0.00000000
vn -0.97463635 0.22379452 0.00000000
vn -0.77301188 0.63439155 0.00000000
vn -0.63439333 0.77301042 0.00000000
vn -0.47139724 0.88192100 0.00000000
vn -0.29028397 0.95694055 0.00000000
vn -0.09801749 0.99518469 0.00000000
vn 0.09801724 0.99518472 0.00000000
vn 0.42901994 0.90329502 0.00000000
vn 0.68516328 0.72838951 0.00000000
vn 0.17156099 0.98517350 0.00000000
vn 0.68097818 -0.73230370 0.00000000
vn 1.00000000 0.00000015 0.00000000
vn 0.68097671 0.73230507 0.00000000
vn 0.16125305 -0.98691309 0.00000000
vn 0.47139468 -0.88192236 0.00000000
vn 0.29028377 -0.95694061 0.00000000
vn 0.09801599 -0.99518484 0.00000000
vn 0.09801680 0.99518476 0.00000000
vn 0.29028573 0.95694002 0.00000000
vn 0.47139622 0.88192154 0.00000000
vn 0.63439391 0.77300994 0.00000000
vn 0.77300977 0.63439412 0.00000000
vn 0.88192103 0.47139718 0.00000000
vn 0.95694048 0.29028419 0.00000000
vn 0.99518462 0.09801821 0.00000000
vn 0.99518471 -0.09801726 0.00000000
vn 0.95694020 -0.29028512 0.00000000
vn 0.88192214 -0.47139511 0.00000000
vn 0.77300996 -0.63439388 0.00000000
vn 0.63439374 -0.77301008 0.00000000
vn 0.47139688 -0.88192119 0.00000000
vn 0.29028480 -0.95694030 0.00000000
vn 0.09801654 -0.99518479 0.00000000
vn -0.09801753 -0.99518469 0.00000000
vn -0.29028472 -0.95694032 0.00000000
vn -0.47139699 -0.88192113 0.00000000
vn -0.63439377 -0.77301005 0.00000000
vn -0.77301079 -0.63439288 0.00000000
vn -0.88192173 -0.47139586 0.00000000
vn -0.95694036 -0.29028461 0.00000000
vn -0.99518496 -0.09801475 0.00000000
vn -0.99518482 0.09801623 0.00000000
vn -0.95693970 0.29028676 0.00000000
vn -0.88192133 0.47139662 0.00000000
vn -0.77300961 0.63439431 0.00000000
vn -0.63439248 0.77301112 0.00000000
vn -0.47139556 0.88192189 0.00000000
vn -0.29028233 0.95694105 0.00000000
vn -0.09801763 0.99518468 0.00000000
vn -0.98473546 0.17405768 0.00000000
vn -0.99462140 -0.10357738 0.00000000
vn -0.98894664 -0.14827183 0.00000000
vn 0.99901262 0.04442741 0.00000000
vn 0.89578672 0.44448414 0.00000000
vn -0.99518487 0.09801564 0.00000000
vn -0.00011503 -0.00001636 -0.99999999
vn -0.00003516 0.00000532 -1.00000000
vn -0.88192132 0.47139663 0.00000000
vn -0.77300986 0.63439401 0.00000000
vn -0.77300986 0.63439401 0.00000000
vn -0.77301503 0.63438771 0.00000000
vn 0.99518475 -0.09801690 0.00000000
vn -0.95693939 -0.29028781 0.00000000
vn -0.99518462 -0.09801820 0.00000000
vn -0.77301028 -0.63439349 0.00000000
vn 0.09801881 -0.99518456 0.00000000
vn 0.09801447 0.99518499 0.00000000
vn 0.09801447 0.99518499 0.00000000
vn 0.09802079 0.99518437 0.00000000
vn 0.88191939 -0.47140025 0.00000000
vn 0.00000194 -0.00000616 -1.00000000
vn -0.09800059 0.99518636 0.00000000
vn -0.09801075 0.99518536 0.00000000
vn -0.09800059 0.99518636 0.00000000
vn 0.29028005 -0.95694174 0.00000000
vn 0.00000274 0.00000006 1.00000000
vn -0.00001520 -0.00000088 1.00000000
vn -0.63439282 -0.77301083 0.00000000
vn -0.00003336 -0.00001881 -1.00000000
vn 0.00000434 -0.00000714 -1.00000000
vn 0.00002206 0.00000199 1.00000000
vn -0.00001581 -0.00000568 1.00000000
vn 0.47139559 0.88192188 0.00000000
vn 0.47139559 0.88192188 0.00000000
vn 0.47139327 0.88192312 0.00000000
vn -0.47139267 -0.88192344 0.00000000
vn -0.47139267 -0.88192344 0.00000000
vn -0.47139457 -0.88192242 0.00000000
vn -0.63439306 0.77301064 0.00000085
vn 0.63439711 -0.77300731 0.00000000
vn 0.00000805 -0.00000021 -1.00000000
vn 0.95694087 -0.29028291 0.00000000
vn -0.47139113 0.88192426 0.00000097
vn -0.47139841 0.88192037 0.00000007
vn -0.47140285 0.88191799 0.00000000
vn 0.63439345 0.77301032 0.00000000
vn 0.88191969 0.47139968 0.00000000
vn 0.88191969 0.47139968 0.00000000
vn 0.88192122 0.47139682 0.00000000
vn -0.88192079 -0.47139762 0.00000000
vn -0.88192079 -0.47139762 0.00000000
vn -0.88192170 -0.47139591 0.00000000
vn -0.09800962 -0.99518547 0.00000000
vn -0.09800962 -0.99518547 0.00000000
vn -0.09801156 -0.99518528 0.00000000
vn 0.00002149 -0.00000274 1.00000000
vn -0.00000577 -0.00000013 1.00000000
vn 0.99518482 0.09801624 0.00000000
vn 0.99518451 0.09801936 0.00000000
vn 0.99518482 0.09801624 0.00000000
vn -0.95694061 0.29028379 0.00000000
vn 0.29028615 0.95693989 0.00000000
vn 0.47139642 -0.88192144 0.00000000
vn 0.47139642 -0.88192144 0.00000000
vn 0.47134465 -0.88194910 0.00000000
vn -0.29028633 -0.95693983 0.00000000
vn 0.95693993 0.29028602 0.00000000
vn -0.29028635 0.95693983 0.00000000
vn 0.77301397 -0.63438900 0.00000000
vn 0.77301397 -0.63438900 0.00000000
vn 0.77300829 -0.63439592 0.00000000
vn -0.00000478 -0.00000068 1.00000000
vn 0.77300973 0.63439416 0.00000000
vt 0.00000000 0.00000000
vt 0.00000000 0.00000000
vt 0.00000000 0.00000000
vt 0.00000000 0.00000000
vt 0.00000000 0.00000000
vt 0.00000000 0.00000000
vt 0.00000000 0.00000000
vt 0.00000000 0.00000000
vt 0.00000000 0.00000000
vt 0.00000000 0.00000000
vt 0.00000000 0.00000000
vt 0.00000000 0.00000000
vt 0.00000000 0.00000000
vt 0.00000000 0.00000000
vt 0.00000000 0.00000000
vt 0.00000000 0.00000000
vt 0.00000000 0.00000000
vt 0.00000000 0.00000000
vt 0.00000000 0.00000000
vt 0.00000000 0.00000000
vt 0.00000000 0.00000000
vt 0.00000000 0.00000000
vt 0.00000000 0.00000000
vt 0.00000000 0.00000000
vt 0.00000000 0.00000000
vt 0.00000000 0.00000000
vt 0.00000000 0.00000000
vt 0.00000000 0.00000000
vt 0.00000000 0.00000000
vt 0.00000000 0.00000000
vt 0.00000000 0.00000000
vt 0.00000000 0.00000000
vt 0.00000000 0.00000000
vt 0.00000000 0.00000000
vt 0.00000000 0.00000000
vt 0.00000000 0.00000000
vt 0.00000000 0.00000000
vt 0.00000000 0.00000000
vt 0.00000000 0.00000000
vt 0.00000000 0.00000000
vt 0.00000000 0.00000000
vt 0.00000000 0.00000000
vt 0.00000000 0.00000000
vt 0.00000000 0.00000000
vt 0.00000000 0.00000000
vt 0.00000000 0.00000000
vt 0.00000000 0.00000000
vt 0.00000000 0.00000000
vt 0.00000000 0.00000000
vt 0.00000000 0.00000000
vt 0.00000000 0.00000000
vt 0.00000000 0.00000000
vt 0.00000000 0.00000000
vt 0.00000000 0.00000000
vt 0.00000000 0.00000000
vt 0.00000000 0.00000000
vt 0.00000000 0.00000000
vt 0.00000000 0.00000000
vt 0.00000000 0.00000000
vt 0.00000000 0.00000000
vt 0.00000000 0.00000000
vt 0.00000000 0.00000000
vt 0.00000000 0.00000000
vt 0.00000000 0.00000000
vt 0.00000000 0.00000000
vt 0.00000000 0.00000000
vt 0.00000000 0.00000000
vt 0.00000000 0.00000000
vt 0.00000000 0.00000000
vt 0.00000000 0.00000000
vt 0.00000000 0.00000000
vt 0.00000000 0.00000000
vt 0.00000000 0.00000000
vt 0.00000000 0.00000000
vt 0.00000000 0.00000000
vt 0.00000000 0.00000000
vt 0.00000000 0.00000000
vt 0.00000000 0.00000000
vt 0.00000000 0.00000000
vt 0.00000000 0.00000000
vt 0.00000000 0.00000000
vt 0.00000000 0.00000000
vt 0.00000000 0.00000000
vt 0.00000000 0.00000000
vt 0.00000000 0.00000000
vt 0.00000000 0.00000000
vt 0.00000000 0.00000000
vt 0.00000000 0.00000000
vt 0.00000000 0.00000000
vt 0.00000000 0.00000000
vt 0.00000000 0.00000000
vt 0.00000000 0.00000000
vt 0.00000000 0.00000000
vt 0.00000000 0.00000000
vt 0.00000000 0.00000000
vt 0.00000000 0.00000000
vt 0.00000000 0.00000000
vt 0.00000000 0.00000000
vt 0.00000000 0.00000000
vt 0.00000000 0.00000000
vt 0.00000000 0.00000000
vt 0.00000000 0.00000000
vt 0.00000000 0.00000000
vt 0.00000000 0.00000000
vt 0.00000000 0.00000000
vt 0.00000000 0.00000000
vt 0.00000000 0.00000000
vt 0.00000000 0.00000000
vt 0.00000000 0.00000000
vt 0.00000000 0.00000000
vt 0.00000000 0.00000000
vt 0.00000000 0.00000000
vt 0.00000000 0.00000000
vt 0.00000000 0.00000000
vt 0.00000000 0.00000000
vt 0.00000000 0.00000000
vt 0.00000000 0.00000000
vt 0.00000000 0.00000000
vt 0.00000000 0.00000000
vt 0.00000000 0.00000000
vt 0.00000000 0.00000000
vt 0.00000000 0.00000000
vt 0.00000000 0.00000000
vt 0.00000000 0.00000000
vt 0.00000000 0.00000000
vt 0.00000000 0.00000000
vt 0.00000000 0.00000000
vt 0.00000000 0.00000000
vt 0.00000000 0.00000000
vt 0.00000000 0.00000000
vt 0.00000000 0.00000000
vt 0.00000000 0.00000000
vt 0.00000000 0.00000000
vt 0.00000000 0.00000000
vt 0.00000000 0.00000000
vt 0.00000000 0.00000000
vt 0.00000000 0.00000000
vt 0.00000000 0.00000000
vt 0.00000000 0.00000000
vt 0.00000000 0.00000000
vt 0.00000000 0.00000000
vt 0.00000000 0.00000000
vt 0.00000000 0.00000000
vt 0.00000000 0.00000000
vt 0.00000000 0.00000000
vt 0.00000000 0.00000000
vt 0.00000000 0.00000000
vt 0.00000000 0.00000000
vt 0.00000000 0.00000000
vt 0.00000000 0.00000000
vt 0.00000000 0.00000000
vt 0.00000000 0.00000000
vt 0.00000000 0.00000000
vt 0.00000000 0.00000000
vt 0.00000000 0.00000000
vt 0.00000000 0.00000000
vt 0.00000000 0.00000000
vt 0.00000000 0.00000000
vt 0.00000000 0.00000000
vt 0.00000000 0.00000000
vt 0.00000000 0.00000000
vt 0.00000000 0.00000000
vt 0.00000000 0.00000000
vt 0.00000000 0.00000000
vt 0.00000000 0.00000000
vt 0.00000000 0.00000000
vt 0.00000000 0.00000000
vt 0.00000000 0.00000000
vt 0.00000000 0.00000000
vt 0.00000000 0.00000000
vt 0.00000000 0.00000000
vt 0.00000000 0.00000000
vt 0.00000000 0.00000000
vt 0.00000000 0.00000000
vt 0.00000000 0.00000000
vt 0.00000000 0.00000000
vt 0.00000000 0.00000000
vt 0.00000000 0.00000000
vt 0.00000000 0.00000000
vt 0.00000000 0.00000000
vt 0.00000000 0.00000000
vt 0.00000000 0.00000000
vt 0.00000000 0.00000000
vt 0.00000000 0.00000000
vt 0.00000000 0.00000000
vt 0.00000000 0.00000000
vt 0.00000000 0.00000000
vt 0.00000000 0.00000000
vt 0.00000000 0.00000000
vt 0.00000000 0.00000000
vt 0.00000000 0.00000000
vt 0.00000000 0.00000000
vt 0.00000000 0.00000000
vt 0.00000000 0.00000000
vt 0.00000000 0.00000000
vt 0.00000000 0.00000000
vt 0.00000000 0.00000000
vt 0.00000000 0.00000000
vt 0.00000000 0.00000000
vt 0.00000000 0.00000000
vt 0.00000000 0.00000000
vt 0.00000000 0.00000000
vt 0.00000000 0.00000000
vt 0.00000000 0.00000000
vt 0.00000000 0.00000000
vt 0.00000000 0.00000000
vt 0.00000000 0.00000000
vt 0.00000000 0.00000000
vt 0.00000000 0.00000000
vt 0.00000000 0.00000000
vt 0.00000000 0.00000000
vt 0.00000000 0.00000000
vt 0.00000000 0.00000000
vt 0.00000000 0.00000000
vt 0.00000000 0.00000000
vt 0.00000000 0.00000000
vt 0.00000000 0.00000000
vt 0.00000000 0.00000000
vt 0.00000000 0.00000000
vt 0.00000000 0.00000000
vt 0.00000000 0.00000000
vt 0.00000000 0.00000000
vt 0.00000000 0.00000000
vt 0.00000000 0.00000000
vt 0.00000000 0.00000000
vt 0.00000000 0.00000000
vt 0.00000000 0.00000000
vt 0.00000000 0.00000000
vt 0.00000000 0.00000000
vt 0.00000000 0.00000000
vt 0.00000000 0.00000000
vt 0.00000000 0.00000000
vt 0.00000000 0.00000000
vt 0.00000000 0.00000000
vt 0.00000000 0.00000000
vt 0.00000000 0.00000000
vt 0.00000000 0.00000000
vt 0.00000000 0.00000000
vt 0.00000000 0.00000000
vt 0.00000000 0.00000000
vt 0.00000000 0.00000000
vt 0.00000000 0.00000000
vt 0.00000000 0.00000000
vt 0.00000000 0.00000000
vt 0.00000000 0.00000000
vt 0.00000000 0.00000000
vt 0.00000000 0.00000000
vt 0.00000000 0.00000000
vt 0.00000000 0.00000000
vt 0.00000000 0.00000000
vt 0.00000000 0.00000000
vt 0.00000000 0.00000000
vt 0.00000000 0.00000000
vt 0.00000000 0.00000000
vt 0.00000000 0.00000000
vt 0.00000000 0.00000000
vt 0.00000000 0.00000000
vt 0.00000000 0.00000000
vt 0.00000000 0.00000000
vt 0.00000000 0.00000000
vt 0.00000000 0.00000000
vt 0.00000000 0.00000000
vt 0.00000000 0.00000000
vt 0.00000000 0.00000000
vt 0.00000000 0.00000000
vt 0.00000000 0.00000000
vt 0.00000000 0.00000000
vt 0.00000000 0.00000000
vt 0.00000000 0.00000000
vt 0.00000000 0.00000000
vt 0.00000000 0.00000000
vt 0.00000000 0.00000000
vt 0.00000000 0.00000000
vt 0.00000000 0.00000000
vt 0.00000000 0.00000000
vt 0.00000000 0.00000000
vt 0.00000000 0.00000000
vt 0.00000000 0.00000000
vt 0.00000000 0.00000000
vt 0.00000000 0.00000000
vt 0.00000000 0.00000000
vt 0.00000000 0.00000000
vt 0.00000000 0.00000000
vt 0.00000000 0.00000000
vt 0.00000000 0.00000000
vt 0.00000000 0.00000000
vt 0.00000000 0.00000000
vt 0.00000000 0.00000000
vt 0.00000000 0.00000000
vt 0.00000000 0.00000000
vt 0.00000000 0.00000000
vt 0.00000000 0.00000000
vt 0.00000000 0.00000000
vt 0.00000000 0.00000000
vt 0.00000000 0.00000000
vt 0.00000000 0.00000000
vt 0.00000000 0.00000000
vt 0.00000000 0.00000000
vt 0.00000000 0.00000000
vt 0.00000000 0.00000000
vt 0.00000000 0.00000000
vt 0.00000000 0.00000000
vt 0.00000000 0.00000000
vt 0.00000000 0.00000000
vt 0.00000000 0.00000000
vt 0.00000000 0.00000000
vt 0.00000000 0.00000000
vt 0.00000000 0.00000000
vt 0.00000000 0.00000000
vt 0.00000000 0.00000000
vt 0.00000000 0.00000000
vt 0.00000000 0.00000000
vt 0.00000000 0.00000000
vt 0.00000000 0.00000000
vt 0.00000000 0.00000000
vt 0.00000000 0.00000000
vt 0.00000000 0.00000000
vt 0.00000000 0.00000000
vt 0.00000000 0.00000000
vt 0.00000000 0.00000000
vt 0.00000000 0.00000000
vt 0.00000000 0.00000000
vt 0.00000000 0.00000000
vt 0.00000000 0.00000000
vt 0.00000000 0.00000000
vt 0.00000000 0.00000000
vt 0.00000000 0.00000000
vt 0.00000000 0.00000000
vt 0.00000000 0.00000000
vt 0.00000000 0.00000000
vt 0.00000000 0.00000000
vt 0.00000000 0.00000000
vt 0.00000000 0.00000000
vt 0.00000000 0.00000000
vt 0.00000000 0.00000000
vt 0.00000000 0.00000000
vt 0.00000000 0.00000000
vt 0.00000000 0.00000000
vt 0.00000000 0.00000000
vt 0.00000000 0.00000000
vt 0.00000000 0.00000000
vt 0.00000000 0.00000000
vt 0.00000000 0.00000000
vt 0.00000000 0.00000000
vt 0.00000000 0.00000000
vt 0.00000000 0.00000000
vt 0.00000000 0.00000000
vt 0.00000000 0.00000000
vt 0.00000000 0.00000000
vt 0.00000000 0.00000000
vt 0.00000000 0.00000000
vt 0.00000000 0.00000000
vt 0.00000000 0.00000000
vt 0.00000000 0.00000000
vt 0.00000000 0.00000000
vt 0.00000000 0.00000000
vt 0.00000000 0.00000000
vt 0.00000000 0.00000000
vt 0.00000000 0.00000000
vt 0.00000000 0.00000000
vt 0.00000000 0.00000000
vt 0.00000000 0.00000000
vt 0.00000000 0.00000000
vt 0.00000000 0.00000000
vt 0.00000000 0.00000000
vt 0.00000000 0.00000000
vt 0.00000000 0.00000000
vt 0.00000000 0.00000000
vt 0.00000000 0.00000000
vt 0.00000000 0.00000000
vt 0.00000000 0.00000000
vt 0.00000000 0.00000000
vt 0.00000000 0.00000000
vt 0.00000000 0.00000000
vt 0.00000000 0.00000000
vt 0.00000000 0.00000000
vt 0.00000000 0.00000000
vt 0.00000000 0.00000000
vt 0.00000000 0.00000000
vt 0.00000000 0.00000000
vt 0.00000000 0.00000000
vt 0.00000000 0.00000000
vt 0.00000000 0.00000000
vt 0.00000000 0.00000000
vt 0.00000000 0.00000000
vt 0.00000000 0.00000000
vt 0.00000000 0.00000000
vt 0.00000000 0.00000000
vt 0.00000000 0.00000000
vt 0.00000000 0.00000000
vt 0.00000000 0.00000000
vt 0.00000000 0.00000000
vt 0.00000000 0.00000000
vt 0.00000000 0.00000000
vt 0.00000000 0.00000000
vt 0.00000000 0.00000000
vt 0.00000000 0.00000000
vt 0.00000000 0.00000000
vt 0.00000000 0.00000000
vt 0.00000000 0.00000000
vt 0.00000000 0.00000000
vt 0.00000000 0.00000000
vt 0.00000000 0.00000000
vt 0.00000000 0.00000000
vt 0.00000000 0.00000000
vt 0.00000000 0.00000000
vt 0.00000000 0.00000000
vt 0.00000000 0.00000000
vt 0.00000000 0.00000000
vt 0.00000000 0.00000000
vt 0.00000000 0.00000000
vt 0.00000000 0.00000000
vt 0.00000000 0.00000000
vt 0.00000000 0.00000000
vt 0.00000000 0.00000000
vt 0.00000000 0.00000000
vt 0.00000000 0.00000000
vt 0.00000000 0.00000000
vt 0.00000000 0.00000000
vt 0.00000000 0.00000000
vt 0.00000000 0.00000000
vt 0.00000000 0.00000000
vt 0.00000000 0.00000000
vt 0.00000000 0.00000000
vt 0.00000000 0.00000000
vt 0.00000000 0.00000000
vt 0.00000000 0.00000000
vt 0.00000000 0.00000000
vt 0.00000000 0.00000000
vt 0.00000000 0.00000000
vt 0.00000000 0.00000000
vt 0.00000000 0.00000000
vt 0.00000000 0.00000000
vt 0.00000000 0.00000000
vt 0.00000000 0.00000000
vt 0.00000000 0.00000000
vt 0.00000000 0.00000000
vt 0.00000000 0.00000000
vt 0.00000000 0.00000000
vt 0.00000000 0.00000000
vt 0.00000000 0.00000000
vt 0.00000000 0.00000000
vt 0.00000000 0.00000000
vt 0.00000000 0.00000000
vt 0.00000000 0.00000000
vt 0.00000000 0.00000000
vt 0.00000000 0.00000000
vt 0.00000000 0.00000000
vt 0.00000000 0.00000000
vt 0.00000000 0.00000000
vt 0.00000000 0.00000000
vt 0.00000000 0.00000000
vt 0.00000000 0.00000000
vt 0.00000000 0.00000000
vt 0.00000000 0.00000000
vt 0.00000000 0.00000000
vt 0.00000000 0.00000000
vt 0.00000000 0.00000000
vt 0.00000000 0.00000000
vt 0.00000000 0.00000000
vt 0.00000000 0.00000000
vt 0.00000000 0.00000000
vt 0.00000000 0.00000000
vt 0.00000000 0.00000000
vt 0.00000000 0.00000000
vt 0.00000000 0.00000000
vt 0.00000000 0.00000000
vt 0.00000000 0.00000000
vt 0.00000000 0.00000000
vt 0.00000000 0.00000000
vt 0.00000000 0.00000000
vt 0.00000000 0.00000000
vt 0.00000000 0.00000000
vt 0.00000000 0.00000000
vt 0.00000000 0.00000000
vt 0.00000000 0.00000000
vt 0.00000000 0.00000000
vt 0.00000000 0.00000000
vt 0.00000000 0.00000000
vt 0.00000000 0.00000000
vt 0.00000000 0.00000000
vt 0.00000000 0.00000000
vt 0.00000000 0.00000000
vt 0.00000000 0.00000000
vt 0.00000000 0.00000000
vt 0.00000000 0.00000000
vt 0.00000000 0.00000000
vt 0.00000000 0.00000000
vt 0.00000000 0.00000000
vt 0.00000000 0.00000000
vt 0.00000000 0.00000000
vt 0.00000000 0.00000000
vt 0.00000000 0.00000000
vt 0.00000000 0.00000000
vt 0.00000000 0.00000000
vt 0.00000000 0.00000000
vt 0.00000000 0.00000000
vt 0.00000000 0.00000000
vt 0.00000000 0.00000000
vt 0.00000000 0.00000000
vt 0.00000000 0.00000000
vt 0.00000000 0.00000000
vt 0.00000000 0.00000000
vt 0.00000000 0.00000000
vt 0.00000000 0.00000000
vt 0.00000000 0.00000000
vt 0.00000000 0.00000000
vt 0.00000000 0.00000000
vt 0.00000000 0.00000000
vt 0.00000000 0.00000000
vt 0.00000000 0.00000000
vt 0.00000000 0.00000000
vt 0.00000000 0.00000000
vt 0.00000000 0.00000000
vt 0.00000000 0.00000000
vt 0.00000000 0.00000000
vt 0.00000000 0.00000000
vt 0.00000000 0.00000000
vt 0.00000000 0.00000000
vt 0.00000000 0.00000000
vt 0.00000000 0.00000000
vt 0.00000000 0.00000000
vt 0.00000000 0.00000000
vt 0.00000000 0.00000000
vt 0.00000000 0.00000000
vt 0.00000000 0.00000000
vt 0.00000000 0.00000000
vt 0.00000000 0.00000000
vt 0.00000000 0.00000000
vt 0.00000000 0.00000000
vt 0.00000000 0.00000000
vt 0.00000000 0.00000000
vt 0.00000000 0.00000000
vt 0.00000000 0.00000000
vt 0.00000000 0.00000000
vt 0.00000000 0.00000000
vt 0.00000000 0.00000000
vt 0.00000000 0.00000000
vt 0.00000000 0.00000000
vt 0.00000000 0.00000000
vt 0.00000000 0.00000000
vt 0.00000000 0.00000000
vt 0.00000000 0.00000000
vt 0.00000000 0.00000000
vt 0.00000000 0.00000000
vt 0.00000000 0.00000000
vt 0.00000000 0.00000000
vt 0.00000000 0.00000000
vt 0.00000000 0.00000000
vt 0.00000000 0.00000000
vt 0.00000000 0.00000000
vt 0.00000000 0.00000000
vt 0.00000000 0.00000000
vt 0.00000000 0.00000000
vt 0.00000000 0.00000000
vt 0.00000000 0.00000000
vt 0.00000000 0.00000000
vt 0.00000000 0.00000000
vt 0.00000000 0.00000000
vt 0.00000000 0.00000000
vt 0.00000000 0.00000000
vt 0.00000000 0.00000000
vt 0.00000000 0.00000000
vt 0.00000000 0.00000000
vt 0.00000000 0.00000000
vt 0.00000000 0.00000000
vt 0.00000000 0.00000000
vt 0.00000000 0.00000000
vt 0.00000000 0.00000000
vt 0.00000000 0.00000000
vt 0.00000000 0.00000000
vt 0.00000000 0.00000000
vt 0.00000000 0.00000000
vt 0.00000000 0.00000000
vt 0.00000000 0.00000000
vt 0.00000000 0.00000000
vt 0.00000000 0.00000000
vt 0.00000000 0.00000000
vt 0.00000000 0.00000000
vt 0.00000000 0.00000000
vt 0.00000000 0.00000000
vt 0.00000000 0.00000000
vt 0.00000000 0.00000000
vt 0.00000000 0.00000000
vt 0.00000000 0.00000000
vt 0.00000000 0.00000000
vt 0.00000000 0.00000000
vt 0.00000000 0.00000000
vt 0.00000000 0.00000000
vt 0.00000000 0.00000000
vt 0.00000000 0.00000000
vt 0.00000000 0.00000000
vt 0.00000000 0.00000000
vt 0.00000000 0.00000000
vt 0.00000000 0.00000000
vt 0.00000000 0.00000000
vt 0.00000000 0.00000000
vt 0.00000000 0.00000000
vt 0.00000000 0.00000000
vt 0.00000000 0.00000000
vt 0.00000000 0.00000000
vt 0.00000000 0.00000000
vt 0.00000000 0.00000000
vt 0.00000000 0.00000000
vt 0.00000000 0.00000000
vt 0.00000000 0.00000000
vt 0.00000000 0.00000000
vt 0.00000000 0.00000000
vt 0.00000000 0.00000000
vt 0.00000000 0.00000000
vt 0.00000000 0.00000000
vt 0.00000000 0.00000000
vt 0.00000000 0.00000000
vt 0.00000000 0.00000000
vt 0.00000000 0.00000000
vt 0.00000000 0.00000000
vt 0.00000000 0.00000000
vt 0.00000000 0.00000000
vt 0.00000000 0.00000000
vt 0.00000000 0.00000000
vt 0.00000000 0.00000000
vt 0.00000000 0.00000000
vt 0.00000000 0.00000000
vt 0.00000000 0.00000000
vt 0.00000000 0.00000000
vt 0.00000000 0.00000000
vt 0.00000000 0.00000000
vt 0.00000000 0.00000000
vt 0.00000000 0.00000000
vt 0.00000000 0.00000000
vt 0.00000000 0.00000000
vt 0.00000000 0.00000000
vt 0.00000000 0.00000000
vt 0.00000000 0.00000000
vt 0.00000000 0.00000000
vt 0.00000000 0.00000000
vt 0.00000000 0.00000000
vt 0.00000000 0.00000000
vt 0.00000000 0.00000000
vt 0.00000000 0.00000000
vt 0.00000000 0.00000000
vt 0.00000000 0.00000000
vt 0.00000000 0.00000000
vt 0.00000000 0.00000000
vt 0.00000000 0.00000000
vt 0.00000000 0.00000000
vt 0.00000000 0.00000000
vt 0.00000000 0.00000000
vt 0.00000000 0.00000000
vt 0.00000000 0.00000000
vt 0.00000000 0.00000000
vt 0.00000000 0.00000000
vt 0.00000000 0.00000000
vt 0.00000000 0.00000000
vt 0.00000000 0.00000000
vt 0.00000000 0.00000000
vt 0.00000000 0.00000000
vt 0.00000000 0.00000000
vt 0.00000000 0.00000000
vt 0.00000000 0.00000000
vt 0.00000000 0.00000000
vt 0.00000000 0.00000000
vt 0.00000000 0.00000000
vt 0.00000000 0.00000000
f 1/1/1 2/2/2 3/3/3
f 4/4/4 5/5/5 6/6/6
f 7/7/7 8/8/8 9/9/9
f 10/10/10 11/11/11 12/12/12
f 13/13/13 14/14/14 15/15/15
f 16/16/16 17/17/17 18/18/18
f 19/19/19 20/20/20 21/21/21
f 22/22/22 23/23/23 24/24/24
f 3/3/3 25/25/25 26/26/26
f 27/27/27 28/28/28 29/29/29
f 30/30/30 11/11/11 31/31/31
f 15/15/15 32/32/32 33/33/33
f 34/34/34 35/35/35 36/36/36
f 19/19/19 37/37/37 38/38/38
f 24/24/24 39/39/39 40/40/40
f 41/41/41 42/42/42 43/43/43
f 44/44/44 28/28/28 45/45/45
f 30/30/30 46/46/46 47/47/47
f 33/33/33 48/48/48 49/49/49
f 50/50/50 51/51/51 52/52/52
f 38/38/38 53/53/53 54/54/54
f 40/40/40 55/55/55 56/56/56
f 43/43/43 57/57/57 58/58/58
f 59/59/59 45/45/45 60/60/60
f 47/47/47 61/61/61 4/4/4
f 49/49/49 62/62/62 1/1/1
f 63/63/63 64/64/64 65/65/65
f 54/54/54 66/66/66 10/10/10
f 56/56/56 67/67/67 13/13/13
f 68/68/68 69/69/69 70/70/70
f 71/71/71 60/60/60 20/20/20
f 6/6/6 72/72/72 22/22/22
f 73/73/73 74/74/74 41/41/41
f 75/75/75 76/76/76 73/73/73
f 26/26/26 77/77/77 75/75/75
f 27/27/27 78/78/78 79/79/79
f 80/80/80 9/9/9 78/78/78
f 81/81/81 82/82/82 83/83/83
f 84/84/84 85/85/85 86/86/86
f 87/87/87 88/88/88 89/89/89
f 90/90/90 91/91/91 92/92/92
f 93/93/93 94/94/94 95/95/95
f 96/96/96 97/97/97 98/98/98
f 99/99/99 100/100/100 101/101/101
f 102/102/102 103/103/103 104/104/104
f 105/105/105 83/83/83 106/106/106
f 107/107/107 108/108/108 109/109/109
f 110/110/110 90/90/90 92/92/92
f 111/111/111 95/95/95 112/112/112
f 113/113/113 114/114/114 115/115/115
f 116/116/116 99/99/99 117/117/117
f 118/118/118 104/104/104 119/119/119
f 120/120/120 121/121/121 122/122/122
f 123/123/123 107/107/107 109/109/109
f 124/124/124 110/110/110 125/125/125
f 126/126/126 112/112/112 127/127/127
f 128/128/128 129/129/129 130/130/130
f 131/131/131 117/117/117 132/132/132
f 133/133/133 119/119/119 134/134/134
f 135/135/135 120/120/120 122/122/122
f 136/136/136 137/137/137 123/123/123
f 138/138/138 125/125/125 85/85/85
f 139/139/139 127/127/127 82/82/82
f 140/140/140 141/141/141 142/142/142
f 143/143/143 132/132/132 91/91/91
f 144/144/144 134/134/134 94/94/94
f 145/145/145 146/146/146 147/147/147
f 101/101/101 148/148/148 136/136/136
f 149/149/149 86/86/86 103/103/103
f 150/150/150 151/151/151 121/121/121
f 152/152/152 153/153/153 151/151/151
f 154/154/154 106/106/106 153/153/153
f 108/108/108 155/155/155 156/156/156
f 156/156/156 157/157/157 87/87/87
f 158/158/158 159/159/159 160/160/160
f 161/161/161 162/162/162 163/163/163
f 164/164/164 165/165/165 166/166/166
f 167/167/167 168/168/168 169/169/169
f 170/170/170 171/171/171 172/172/172
f 173/173/173 174/174/174 175/175/175
f 176/176/176 177/177/177 178/178/178
f 179/179/179 180/180/180 181/181/181
f 182/182/182 183/183/183 184/184/184
f 185/185/185 186/186/186 187/187/187
f 188/188/188 189/189/189 190/190/190
f 191/191/191 192/192/192 193/193/193
f 194/194/194 195/195/195 196/196/196
f 197/197/197 198/198/198 199/199/199
f 200/200/200 201/201/201 202/202/202
f 203/203/203 204/204/204 205/205/205
f 206/206/206 207/207/207 208/208/208
f 209/209/209 210/210/210 211/211/211
f 212/212/212 213/213/213 214/214/214
f 215/215/215 216/216/216 217/217/217
f 218/218/218 219/219/219 220/220/220
f 221/221/221 222/222/222 223/223/223
f 224/224/224 225/225/225 221/221/221
f 226/226/226 227/227/227 224/224/224
f 228/228/228 229/229/229 226/226/226
f 230/230/230 231/231/231 228/228/228
f 230/230/230 232/232/232 233/233/233
f 234/234/234 235/235/235 236/236/236
f 237/237/237 238/238/238 239/239/239
f 240/240/240 241/241/241 242/242/242
f 243/243/243 244/244/244 245/245/245
f 246/246/246 247/247/247 248/248/248
f 249/249/249 250/250/250 251/251/251
f 252/252/252 253/253/253 254/254/254
f 255/255/255 256/256/256 257/257/257
f 258/258/258 259/259/259 260/260/260
f 261/261/261 262/262/262 263/263/263
f 264/264/264 265/265/265 266/266/266
f 267/267/267 268/268/268 269/269/269
f 270/270/270 271/271/271 272/272/272
f 273/273/273 274/274/274 275/275/275
f 276/276/276 277/277/277 278/278/278
f 279/279/279 280/280/280 281/281/281
f 282/282/282 283/283/283 284/284/284
f 285/285/285 286/286/286 287/287/287
f 288/288/288 289/289/289 290/290/290
f 291/291/291 292/292/292 293/293/293
f 294/294/294 295/295/295 296/296/296
f 297/297/297 298/298/298 299/299/299
f 300/300/300 301/301/301 302/302/302
f 303/303/303 304/304/304 305/305/305
f 306/306/306 307/307/307 308/308/308
f 309/309/309 310/310/310 311/311/311
f 312/312/312 313/313/313 314/314/314
f 315/315/315 316/316/316 317/317/317
f 318/318/318 319/319/319 320/320/320
f 321/321/321 322/322/322 323/323/323
f 324/324/324 325/325/325 326/326/326
f 327/327/327 328/328/328 329/329/329
f 330/330/330 331/331/331 332/332/332
f 333/333/333 334/334/334 335/335/335
f 336/336/336 337/337/337 338/338/338
f 339/339/339 340/340/340 341/341/341
f 342/342/342 343/343/343 344/344/344
f 345/345/345 346/346/346 347/347/347
f 348/348/348 349/349/349 350/350/350
f 351/351/351 352/352/352 353/353/353
f 354/354/354 355/355/355 356/356/356
f 357/357/357 358/358/358 354/354/354
f 279/279/279 359/359/359 357/357/357
f 360/360/360 361/361/361 362/362/362
f 363/363/363 364/364/364 365/365/365
f 366/366/366 367/367/367 368/368/368
f 305/305/305 369/369/369 366/366/366
f 370/370/370 371/371/371 372/372/372
f 373/373/373 374/374/374 375/375/375
f 376/376/376 377/377/377 378/378/378
f 379/379/379 380/380/380 381/381/381
f 382/382/382 383/383/383 384/384/384
f 385/385/385 386/386/386 387/387/387
f 388/388/388 389/389/389 390/390/390
f 391/391/391 392/392/392 393/393/393
f 394/394/394 395/395/395 396/396/396
f 397/397/397 398/398/398 399/399/399
f 400/400/400 401/401/401 402/402/402
f 403/403/403 375/375/375 404/404/404
f 405/405/405 406/406/406 407/407/407
f 408/408/408 409/409/409 410/410/410
f 411/411/411 412/412/412 413/413/413
f 414/414/414 415/415/415 416/416/416
f 417/417/417 418/418/418 419/419/419
f 420/420/420 421/421/421 422/422/422
f 423/423/423 424/424/424 425/425/425
f 426/426/426 427/427/427 428/428/428
f 429/429/429 430/430/430 431/431/431
f 432/432/432 433/433/433 434/434/434
f 435/435/435 436/436/436 437/437/437
f 438/438/438 439/439/439 440/440/440
f 441/441/441 442/442/442 443/443/443
f 444/444/444 445/445/445 446/446/446
f 447/447/447 448/448/448 449/449/449
f 450/450/450 451/451/451 452/452/452
f 453/453/453 454/454/454 455/455/455
f 456/456/456 413/413/413 457/457/457
f 458/458/458 459/459/459 460/460/460
f 461/461/461 462/462/462 463/463/463
f 464/464/464 465/465/465 466/466/466
f 467/467/467 468/468/468 469/469/469
f 470/470/470 471/471/471 472/472/472
f 473/473/473 474/474/474 475/475/475
f 476/476/476 477/477/477 478/478/478
f 479/479/479 480/480/480 481/481/481
f 482/482/482 483/483/483 484/484/484
f 485/485/485 486/486/486 412/412/412
f 487/487/487 488/488/488 489/489/489
f 490/490/490 491/491/491 492/492/492
f 1/1/1 62/62/62 2/2/2
f 4/4/4 61/61/61 5/5/5
f 7/7/7 65/65/65 493/493/493
f 7/7/7 493/493/493 494/494/494
f 457/457/457 9/9/9 495/495/495
f 496/496/496 495/495/495 9/9/9
f 497/497/497 496/496/496 9/9/9
f 7/7/7 494/494/494 498/498/498
f 7/7/7 498/498/498 499/499/499
f 497/497/497 9/9/9 8/8/8
f 7/7/7 499/499/499 8/8/8
f 10/10/10 66/66/66 11/11/11
f 13/13/13 67/67/67 14/14/14
f 500/500/500 34/34/34 16/16/16
f 16/16/16 501/501/501 17/17/17
f 18/18/18 500/500/500 16/16/16
f 19/19/19 71/71/71 20/20/20
f 22/22/22 72/72/72 23/23/23
f 3/3/3 2/2/2 25/25/25
f 27/27/27 79/79/79 28/28/28
f 30/30/30 12/12/12 11/11/11
f 15/15/15 14/14/14 32/32/32
f 50/50/50 36/36/36 502/502/502
f 34/34/34 500/500/500 503/503/503
f 34/34/34 503/503/503 35/35/35
f 502/502/502 36/36/36 35/35/35
f 19/19/19 21/21/21 37/37/37
f 24/24/24 23/23/23 39/39/39
f 41/41/41 74/74/74 42/42/42
f 44/44/44 29/29/29 28/28/28
f 30/30/30 31/31/31 46/46/46
f 33/33/33 32/32/32 48/48/48
f 504/504/504 52/52/52 505/505/505
f 36/36/36 50/50/50 52/52/52
f 505/505/505 52/52/52 51/51/51
f 38/38/38 37/37/37 53/53/53
f 40/40/40 39/39/39 55/55/55
f 506/506/506 68/68/68 43/43/43
f 43/43/43 42/42/42 57/57/57
f 421/421/421 507/507/507 42/42/42
f 58/58/58 506/506/506 43/43/43
f 42/42/42 507/507/507 57/57/57
f 59/59/59 44/44/44 45/45/45
f 47/47/47 46/46/46 61/61/61
f 49/49/49 48/48/48 62/62/62
f 493/493/493 65/65/65 508/508/508
f 52/52/52 504/504/504 65/65/65
f 504/504/504 63/63/63 65/65/65
f 508/508/508 65/65/65 64/64/64
f 54/54/54 53/53/53 66/66/66
f 56/56/56 55/55/55 67/67/67
f 501/501/501 16/16/16 68/68/68
f 68/68/68 506/506/506 509/509/509
f 68/68/68 509/509/509 510/510/510
f 70/70/70 501/501/501 68/68/68
f 68/68/68 510/510/510 69/69/69
f 71/71/71 59/59/59 60/60/60
f 6/6/6 5/5/5 72/72/72
f 73/73/73 76/76/76 74/74/74
f 75/75/75 77/77/77 76/76/76
f 26/26/26 25/25/25 77/77/77
f 27/27/27 80/80/80 78/78/78
f 80/80/80 7/7/7 9/9/9
f 81/81/81 139/139/139 82/82/82
f 84/84/84 138/138/138 85/85/85
f 87/87/87 157/157/157 511/511/511
f 436/436/436 512/512/512 157/157/157
f 512/512/512 513/513/513 157/157/157
f 514/514/514 142/142/142 87/87/87
f 515/515/515 514/514/514 87/87/87
f 157/157/157 513/513/513 516/516/516
f 157/157/157 516/516/516 511/511/511
f 89/89/89 515/515/515 87/87/87
f 87/87/87 511/511/511 88/88/88
f 90/90/90 143/143/143 91/91/91
f 93/93/93 144/144/144 94/94/94
f 98/98/98 115/115/115 517/517/517
f 98/98/98 517/517/517 96/96/96
f 97/97/97 518/518/518 98/98/98
f 99/99/99 519/519/519 100/100/100
f 102/102/102 149/149/149 103/103/103
f 105/105/105 81/81/81 83/83/83
f 107/107/107 520/520/520 108/108/108
f 110/110/110 521/521/521 90/90/90
f 111/111/111 93/93/93 95/95/95
f 115/115/115 522/522/522 113/113/113
f 522/522/522 523/523/523 524/524/524
f 114/114/114 517/517/517 115/115/115
f 522/522/522 524/524/524 113/113/113
f 116/116/116 519/519/519 99/99/99
f 118/118/118 102/102/102 104/104/104
f 120/120/120 150/150/150 121/121/121
f 123/123/123 137/137/137 107/107/107
f 124/124/124 521/521/521 110/110/110
f 126/126/126 111/111/111 112/112/112
f 522/522/522 130/130/130 523/523/523
f 130/130/130 525/525/525 128/128/128
f 129/129/129 523/523/523 130/130/130
f 131/131/131 116/116/116 117/117/117
f 133/133/133 118/118/118 119/119/119
f 122/122/122 147/147/147 526/526/526
f 122/122/122 526/526/526 527/527/527
f 419/419/419 120/120/120 528/528/528
f 135/135/135 528/528/528 120/120/120
f 122/122/122 527/527/527 135/135/135
f 136/136/136 148/148/148 137/137/137
f 138/138/138 124/124/124 125/125/125
f 139/139/139 126/126/126 127/127/127
f 130/130/130 142/142/142 525/525/525
f 142/142/142 514/514/514 529/529/529
f 141/141/141 525/525/525 142/142/142
f 142/142/142 529/529/529 140/140/140
f 143/143/143 131/131/131 132/132/132
f 144/144/144 133/133/133 134/134/134
f 147/147/147 98/98/98 518/518/518
f 147/147/147 518/518/518 530/530/530
f 531/531/531 526/526/526 147/147/147
f 146/146/146 531/531/531 147/147/147
f 147/147/147 530/530/530 145/145/145
f 101/101/101 100/100/100 148/148/148
f 149/149/149 84/84/84 86/86/86
f 150/150/150 152/152/152 151/151/151
f 152/152/152 154/154/154 153/153/153
f 154/154/154 105/105/105 106/106/106
f 108/108/108 520/520/520 155/155/155
f 156/156/156 155/155/155 157/157/157
f 158/158/158 532/532/532 159/159/159
f 161/161/161 533/533/533 162/162/162
f 164/164/164 534/534/534 165/165/165
f 167/167/167 535/535/535 168/168/168
f 170/170/170 536/536/536 171/171/171
f 173/173/173 537/537/537 174/174/174
f 176/176/176 538/538/538 177/177/177
f 179/179/179 539/539/539 180/180/180
f 182/182/182 540/540/540 183/183/183
f 185/185/185 541/541/541 186/186/186
f 188/188/188 542/542/542 189/189/189
f 191/191/191 543/543/543 192/192/192
f 194/194/194 544/544/544 195/195/195
f 197/197/197 545/545/545 198/198/198
f 200/200/200 546/546/546 201/201/201
f 203/203/203 547/547/547 204/204/204
f 206/206/206 548/548/548 207/207/207
f 209/209/209 549/549/549 210/210/210
f 212/212/212 550/550/550 213/213/213
f 215/215/215 551/551/551 216/216/216
f 218/218/218 552/552/552 219/219/219
f 221/221/221 225/225/225 222/222/222
f 224/224/224 227/227/227 225/225/225
f 226/226/226 229/229/229 227/227/227
f 228/228/228 231/231/231 229/229/229
f 230/230/230 233/233/233 231/231/231
f 230/230/230 553/553/553 232/232/232
f 234/234/234 554/554/554 235/235/235
f 237/237/237 555/555/555 238/238/238
f 240/240/240 556/556/556 241/241/241
f 243/243/243 557/557/557 244/244/244
f 246/246/246 558/558/558 247/247/247
f 249/249/249 559/559/559 250/250/250
f 252/252/252 560/560/560 253/253/253
f 255/255/255 561/561/561 256/256/256
f 258/258/258 562/562/562 259/259/259
f 261/261/261 563/563/563 262/262/262
f 264/264/264 564/564/564 265/265/265
f 267/267/267 565/565/565 268/268/268
f 270/270/270 566/566/566 271/271/271
f 273/273/273 567/567/567 274/274/274
f 276/276/276 568/568/568 277/277/277
f 279/279/279 569/569/569 280/280/280
f 282/282/282 570/570/570 283/283/283
f 285/285/285 571/571/571 286/286/286
f 288/288/288 572/572/572 289/289/289
f 291/291/291 573/573/573 292/292/292
f 294/294/294 574/574/574 295/295/295
f 297/297/297 575/575/575 298/298/298
f 300/300/300 576/576/576 301/301/301
f 303/303/303 577/577/577 304/304/304
f 306/306/306 578/578/578 307/307/307
f 309/309/309 579/579/579 310/310/310
f 312/312/312 580/580/580 313/313/313
f 315/315/315 581/581/581 316/316/316
f 318/318/318 582/582/582 319/319/319
f 321/321/321 583/583/583 322/322/322
f 324/324/324 584/584/584 325/325/325
f 327/327/327 585/585/585 328/328/328
f 330/330/330 586/586/586 331/331/331
f 333/333/333 587/587/587 334/334/334
f 336/336/336 588/588/588 337/337/337
f 339/339/339 589/589/589 340/340/340
f 342/342/342 590/590/590 343/343/343
f 345/345/345 591/591/591 346/346/346
f 348/348/348 592/592/592 349/349/349
f 351/351/351 593/593/593 352/352/352
f 354/354/354 358/358/358 355/355/355
f 357/357/357 359/359/359 358/358/358
f 279/279/279 281/281/281 359/359/359
f 360/360/360 594/594/594 361/361/361
f 363/363/363 595/595/595 364/364/364
f 366/366/366 369/369/369 367/367/367
f 305/305/305 304/304/304 369/369/369
f 370/370/370 596/596/596 371/371/371
f 375/375/375 597/597/597 373/373/373
f 373/373/373 598/598/598 374/374/374
f 376/376/376 599/599/599 377/377/377
f 381/381/381 600/600/600 601/601/601
f 601/601/601 379/379/379 381/381/381
f 380/380/380 602/602/602 381/381/381
f 382/382/382 603/603/603 383/383/383
f 385/385/385 604/604/604 386/386/386
f 388/388/388 605/605/605 389/389/389
f 391/391/391 606/606/606 392/392/392
f 394/394/394 607/607/607 395/395/395
f 399/399/399 608/608/608 609/609/609
f 609/609/609 397/397/397 399/399/399
f 398/398/398 610/610/610 399/399/399
f 400/400/400 611/611/611 401/401/401
f 404/404/404 418/418/418 612/612/612
f 403/403/403 597/597/597 375/375/375
f 404/404/404 612/612/612 403/403/403
f 407/407/407 613/613/613 614/614/614
f 614/614/614 405/405/405 407/407/407
f 613/613/613 615/615/615 614/614/614
f 408/408/408 616/616/616 409/409/409
f 413/413/413 456/456/456 617/617/617
f 411/411/411 618/618/618 412/412/412
f 413/413/413 617/617/617 411/411/411
f 414/414/414 619/619/619 415/415/415
f 419/419/419 528/528/528 620/620/620
f 419/419/419 620/620/620 621/621/621
f 418/418/418 404/404/404 419/419/419
f 419/419/419 621/621/621 417/417/417
f 488/488/488 622/622/622 421/421/421
f 622/622/622 623/623/623 421/421/421
f 507/507/507 421/421/421 420/420/420
f 623/623/623 422/422/422 421/421/421
f 425/425/425 624/624/624 625/625/625
f 625/625/625 423/423/423 425/425/425
f 424/424/424 626/626/626 425/425/425
f 428/428/428 627/627/627 628/628/628
f 628/628/628 426/426/426 428/428/428
f 427/427/427 629/629/629 428/428/428
f 429/429/429 630/630/630 430/430/430
f 432/432/432 631/631/631 433/433/433
f 465/465/465 632/632/632 436/436/436
f 435/435/435 512/512/512 436/436/436
f 632/632/632 437/437/437 436/436/436
f 438/438/438 633/633/633 439/439/439
f 443/443/443 634/634/634 635/635/635
f 441/441/441 636/636/636 442/442/442
f 443/443/443 635/635/635 441/441/441
f 444/444/444 637/637/637 445/445/445
f 449/449/449 638/638/638 639/639/639
f 447/447/447 640/640/640 448/448/448
f 449/449/449 639/639/639 447/447/447
f 452/452/452 641/641/641 642/642/642
f 642/642/642 450/450/450 452/452/452
f 451/451/451 643/643/643 452/452/452
f 455/455/455 644/644/644 645/645/645
f 453/453/453 646/646/646 454/454/454
f 455/455/455 645/645/645 453/453/453
f 457/457/457 495/495/495 647/647/647
f 648/648/648 456/456/456 457/457/457
f 457/457/457 647/647/647 648/648/648
f 460/460/460 649/649/649 458/458/458
f 458/458/458 650/650/650 459/459/459
f 649/649/649 651/651/651 458/458/458
f 461/461/461 652/652/652 462/462/462
f 374/374/374 598/598/598 466/466/466
f 464/464/464 632/632/632 465/465/465
f 374/374/374 466/466/466 465/465/465
f 467/467/467 653/653/653 468/468/468
f 472/472/472 654/654/654 655/655/655
f 655/655/655 470/470/470 472/472/472
f 471/471/471 656/656/656 472/472/472
f 473/473/473 657/657/657 474/474/474
f 476/476/476 658/658/658 477/477/477
f 479/479/479 659/659/659 480/480/480
f 484/484/484 660/660/660 661/661/661
f 661/661/661 482/482/482 484/484/484
f 483/483/483 662/662/662 484/484/484
f 412/412/412 618/618/618 485/485/485
f 485/485/485 663/663/663 486/486/486
f 486/486/486 663/663/663 489/489/489
f 487/487/487 622/622/622 488/488/488
f 486/486/486 489/489/489 488/488/488
f 490/490/490 664/664/664 491/491/491

o part_001
usemtl material_0
v -0.03614150 0.00728423 0.04582850
v -0.01091886 0.00426953 0.04582850
v -0.03404281 0.01420273 0.04582850
v 0.00722512 -0.03608243 0.04582850
v 0.00027463 -0.01248271 0.04582850
v 0.00003018 -0.03679106 0.04582850
v 0.01810755 0.05904447 0.04582850
v 0.00995275 0.03570358 0.04582852
v 0.00560935 0.01045332 0.04582850
v 0.04258066 -0.02040040 0.04582850
v 0.00884175 -0.00893410 0.04582850
v 0.04859061 -0.02598911 0.04582850
v -0.03063469 -0.02040036 0.04582850
v -0.01091886 -0.00500346 0.04582850
v -0.03404280 -0.01402424 0.04582850
v -0.01716951 0.06681087 0.04582850
v -0.01158780 0.04721724 0.04582852
v -0.00965392 0.04880434 0.04582852
v 0.04258066 0.00008922 0.04582850
v 0.01215759 0.00199669 0.04582850
v 0.01239038 -0.00036697 0.04582850
v -0.00716481 -0.03608242 0.04582850
v -0.00436186 -0.01156045 0.04582850
v -0.01408331 -0.03398372 0.04582850
v -0.01063896 0.00479319 0.04582850
v -0.03217558 0.02233460 0.04582850
v 0.02769384 0.02980659 0.04582850
v 0.00884177 0.00820016 0.04582850
v 0.04859061 0.02616757 0.04582850
v 0.02051975 -0.03057564 0.04582850
v 0.00700577 -0.01044085 0.04582850
v -0.01160831 -0.00273063 0.04582850
v -0.03614150 -0.00710575 0.04582850
v -0.01025101 0.06890956 0.04582850
v -0.00505355 0.05070985 0.04582852
v -0.00305601 0.06961821 0.04582850
v 0.01215758 -0.00273064 0.04582850
v 0.04258066 -0.00710578 0.04582850
v -0.00645651 -0.01044084 0.04582850
v -0.02045943 -0.03057561 0.04582850
v -0.03372088 0.05322748 0.04582850
v -0.00829249 0.00820016 0.04582850
v -0.02913435 0.05881620 0.04582850
v 0.04258066 0.02057884 0.04582850
v 0.01034852 0.00636418 0.04582850
v 0.00491112 -0.01156046 0.04582850
v 0.01414362 -0.03398374 0.04582850
v -0.01184112 -0.00036696 0.04582850
v -0.03685015 0.00008924 0.04582850
v -0.00197854 0.05089743 0.04582850
v -0.00007416 0.05070987 0.04582852
v 0.00413899 0.06890956 0.04582850
v 0.01146812 -0.00500347 0.04582850
v 0.04258066 -0.01402427 0.04582850
v -0.00829249 -0.00893409 0.04582850
v -0.02604814 -0.02598908 0.04582850
v -0.01435422 0.03330954 0.04582850
v -0.01508044 0.03570356 0.04582850
v 0.04258066 0.01420272 0.04582850
v 0.01146813 0.00426953 0.04582850
v 0.00263828 -0.01224991 0.04582850
v -0.01160832 0.00199670 0.04582850
v 0.00452622 0.04880434 0.04582852
v 0.00646010 0.04721725 0.04582852
v 0.01117028 0.06557005 0.04582850
v 0.01034851 -0.00709812 0.04582850
v -0.00979924 -0.00709811 0.04582850
v -0.02354562 0.06340275 0.04582850
v -0.01435422 0.04307699 0.04582852
v -0.01317490 0.04528336 0.04582852
v 0.04258066 0.00728422 0.04582850
v -0.00208903 -0.01224991 0.04582850
v -0.03510081 0.04542047 0.04582850
v -0.00979925 0.00636419 0.04582850
v -0.03388184 0.03371509 0.04582850
v -0.01007915 0.00584052 0.04582850
v -0.01035905 0.00531686 0.04582850
v 0.00630757 0.01008012 0.04582850
v 0.00700579 0.00970691 0.04582850
v 0.02720934 0.04070129 0.04582850
v -0.01091886 0.00426953 0.03037172
v -0.03614150 0.00728423 0.03037124
v -0.03404281 0.01420273 0.03037124
v 0.00027463 -0.01248271 0.03037172
v 0.00722512 -0.03608243 0.03037124
v 0.00003018 -0.03679106 0.03037124
v 0.01810755 0.05904447 0.03037124
v 0.01019796 0.03819329 0.03037124
v 0.00995274 0.04068299 0.03037124
v 0.00884175 -0.00893410 0.03037172
v 0.04258066 -0.02040040 0.03037172
v 0.04859061 -0.02598911 0.03037172
v -0.01091886 -0.00500346 0.03037172
v -0.03063469 -0.02040036 0.03037172
v -0.03404280 -0.01402424 0.03037124
v -0.00965392 0.04880434 0.03037141
v -0.01158780 0.04721723 0.03037142
v -0.01716951 0.06681087 0.03037124
v 0.04258066 0.00008922 0.03037124
v 0.01215759 0.00199669 0.03037172
v 0.04258066 0.00728422 0.03037124
v -0.00436186 -0.01156045 0.03037124
v -0.00716481 -0.03608242 0.03037124
v -0.01408331 -0.03398372 0.03037124
v -0.01063896 0.00479319 0.03037124
v -0.03217558 0.02233460 0.03037124
v 0.00884177 0.00820016 0.03037124
v 0.02769384 0.02980659 0.03037124
v 0.04859061 0.02616757 0.03037124
v 0.02051975 -0.03057564 0.03037172
v -0.01160831 -0.00273063 0.03037124
v -0.03614150 -0.00710575 0.03037124
v -0.00505355 0.05070987 0.03037142
v -0.00744758 0.04998365 0.03037126
v -0.01025101 0.06890956 0.03037124
v 0.01215758 -0.00273064 0.03037124
v 0.04258066 -0.00710578 0.03037124
v -0.00645651 -0.01044084 0.03037124
v -0.02045943 -0.03057561 0.03037124
v -0.00829249 0.00820016 0.03037124
v -0.03372088 0.05322748 0.03037124
v -0.02913435 0.05881620 0.03037172
v 0.04258066 0.02057884 0.03037124
v 0.00491112 -0.01156046 0.03037124
v 0.01414362 -0.03398374 0.03037124
v -0.01184112 -0.00036696 0.03037172
v -0.03685015 0.00008924 0.03037172
v 0.00231987 0.04998367 0.03037128
v -0.00007416 0.05070987 0.03037144
v 0.00413899 0.06890956 0.03037124
v 0.01146812 -0.00500347 0.03037124
v 0.04258066 -0.01402427 0.03037124
v -0.00829249 -0.00893409 0.03037124
v -0.02604814 -0.02598908 0.03037124
v -0.01435422 0.03330954 0.03037144
v 0.04258066 0.01420272 0.03037124
v 0.01034852 0.00636418 0.03037124
v 0.00263828 -0.01224991 0.03037124
v -0.01160832 0.00199670 0.03037124
v 0.00646010 0.04721725 0.03037124
v 0.00452622 0.04880434 0.03037124
v 0.01117028 0.06557005 0.03037124
v 0.01034851 -0.00709812 0.03037124
v -0.00979924 -0.00709811 0.03037172
v -0.01435422 0.04307701 0.03037144
v -0.01508044 0.04068299 0.03037146
v -0.02354562 0.06340275 0.03037124
v 0.01146813 0.00426953 0.03037172
v -0.00208903 -0.01224991 0.03037172
v -0.00979925 0.00636419 0.03037172
v -0.03510081 0.04542047 0.03037124
v -0.01007915 0.00584052 0.03037172
v -0.03388184 0.03371509 0.03037124
v -0.01035905 0.00531686 0.03037124
v 0.00630757 0.01008012 0.03037124
v 0.02720934 0.04070129 0.03037124
v 0.00560935 0.01045332 0.03037124
v -0.00716481 -0.03608242 0.04582850
v 0.00003018 -0.03679106 0.03037124
v 0.00003018 -0.03679106 0.04582850
v -0.01408331 -0.03398372 0.04582850
v -0.00716481 -0.03608242 0.03037124
v -0.00716481 -0.03608242 0.04582850
v -0.02045943 -0.03057561 0.04582850
v -0.01408331 -0.03398372 0.03037124
v -0.01408331 -0.03398372 0.04582850
v -0.02604814 -0.02598908 0.04582850
v -0.02045943 -0.03057561 0.03037124
v -0.02045943 -0.03057561 0.04582850
v -0.02604814 -0.02598908 0.04582850
v -0.03063469 -0.02040036 0.03037172
v -0.02604814 -0.02598908 0.03037124
v -0.03404280 -0.01402424 0.04582850
v -0.03063469 -0.02040036 0.03037172
v -0.03063469 -0.02040036 0.04582850
v -0.03614150 -0.00710575 0.04582850
v -0.03404280 -0.01402424 0.03037124
v -0.03404280 -0.01402424 0.04582850
v -0.03614150 -0.00710575 0.04582850
v -0.03685015 0.00008924 0.03037172
v -0.03614150 -0.00710575 0.03037124
v -0.03614150 0.00728423 0.04582850
v -0.03685015 0.00008924 0.03037172
v -0.03685015 0.00008924 0.04582850
v -0.03404281 0.01420273 0.04582850
v -0.03614150 0.00728423 0.03037124
v -0.03614150 0.00728423 0.04582850
v -0.03217558 0.02233460 0.04582850
v -0.03404281 0.01420273 0.03037124
v -0.03404281 0.01420273 0.04582850
v -0.03372088 0.05322748 0.04582850
v -0.02913435 0.05881620 0.03037172
v -0.03372088 0.05322748 0.03037124
v -0.02354562 0.06340275 0.04582850
v -0.02913435 0.05881620 0.03037172
v -0.02913435 0.05881620 0.04582850
v -0.01716951 0.06681087 0.04582850
v -0.02354562 0.06340275 0.03037124
v -0.02354562 0.06340275 0.04582850
v -0.01025101 0.06890956 0.04582850
v -0.01716951 0.06681087 0.03037124
v -0.01716951 0.06681087 0.04582850
v -0.01025101 0.06890956 0.04582850
v -0.00305601 0.06961821 0.03037172
v -0.01025101 0.06890956 0.03037124
v 0.00413899 0.06890956 0.04582850
v -0.00305601 0.06961821 0.03037172
v -0.00305601 0.06961821 0.04582850
v 0.01117028 0.06557005 0.04582850
v 0.00413899 0.06890956 0.03037124
v 0.00413899 0.06890956 0.04582850
v 0.01810755 0.05904447 0.04582850
v 0.01117028 0.06557005 0.03037124
v 0.01117028 0.06557005 0.04582850
v 0.04859061 0.02616757 0.04582850
v 0.02769384 0.02980659 0.03037124
v 0.02769384 0.02980659 0.04582850
v 0.04258066 0.02057884 0.04582850
v 0.04859061 0.02616757 0.03037124
v 0.04859061 0.02616757 0.04582850
v 0.04258066 0.01420272 0.04582850
v 0.04258066 0.02057884 0.03037124
v 0.04258066 0.02057884 0.04582850
v 0.04258066 0.00728422 0.04582850
v 0.04258066 0.01420272 0.03037124
v 0.04258066 0.00008922 0.04582850
v 0.04258066 0.00728422 0.03037124
v 0.04258066 -0.00710578 0.04582850
v 0.04258066 0.00008922 0.03037124
v 0.04258066 -0.01402427 0.04582850
v 0.04258066 -0.00710578 0.03037124
v 0.04258066 -0.02040040 0.03037172
v 0.04258066 -0.01402427 0.03037124
v 0.04859061 -0.02598911 0.04582850
v 0.04258066 -0.02040040 0.03037172
v 0.04258066 -0.02040040 0.04582850
v 0.02051975 -0.03057564 0.04582850
v 0.04859061 -0.02598911 0.03037172
v 0.04859061 -0.02598911 0.04582850
v 0.01414362 -0.03398374 0.04582850
v 0.02051975 -0.03057564 0.03037172
v 0.02051975 -0.03057564 0.04582850
v 0.00722512 -0.03608243 0.04582850
v 0.01414362 -0.03398374 0.03037124
v 0.01414362 -0.03398374 0.04582850
v 0.00003018 -0.03679106 0.04582850
v 0.00722512 -0.03608243 0.03037124
v 0.00722512 -0.03608243 0.04582850
v 0.00027463 -0.01248271 0.04582850
v -0.00208903 -0.01224991 0.03037172
v -0.00208903 -0.01224991 0.04582850
v -0.00436186 -0.01156045 0.04582850
v -0.00208903 -0.01224991 0.03037172
v -0.00436186 -0.01156045 0.03037124
v -0.00436186 -0.01156045 0.04582850
v -0.00645651 -0.01044084 0.03037124
v -0.00645651 -0.01044084 0.04582850
v -0.00645651 -0.01044084 0.04582850
v -0.00829249 -0.00893409 0.03037124
v -0.00829249 -0.00893409 0.04582850
v -0.00829249 -0.00893409 0.04582850
v -0.00979924 -0.00709811 0.03037172
v -0.00979924 -0.00709811 0.04582850
v -0.00979924 -0.00709811 0.04582850
v -0.01091886 -0.00500346 0.03037172
v -0.01091886 -0.00500346 0.04582850
v -0.01160831 -0.00273063 0.04582850
v -0.01091886 -0.00500346 0.03037172
v -0.01160831 -0.00273063 0.03037124
v -0.01160831 -0.00273063 0.04582850
v -0.01184112 -0.00036696 0.03037172
v -0.01184112 -0.00036696 0.04582850
v -0.01160832 0.00199670 0.04582850
v -0.01184112 -0.00036696 0.03037172
v -0.01160832 0.00199670 0.03037124
v -0.01160832 0.00199670 0.04582850
v -0.01091886 0.00426953 0.03037172
v -0.01091886 0.00426953 0.04582850
v -0.01063896 0.00479319 0.04582850
v -0.01091886 0.00426953 0.03037172
v -0.01063896 0.00479319 0.03037124
v -0.00829249 0.00820016 0.04582850
v -0.00979925 0.00636419 0.03037172
v -0.00829249 0.00820016 0.03037124
v -0.00829249 0.00820016 0.04582850
v -0.00645652 0.00970691 0.03037172
v -0.00645652 0.00970691 0.04582850
v -0.00645652 0.00970691 0.04582850
v -0.00436186 0.01082653 0.03037172
v -0.00436186 0.01082653 0.04582850
v -0.00208903 0.01151599 0.04582850
v -0.00436186 0.01082653 0.03037172
v -0.00208903 0.01151599 0.03037124
v -0.00208903 0.01151599 0.04582850
v 0.00027464 0.01174879 0.03037124
v 0.00027464 0.01174879 0.04582850
v 0.00027464 0.01174879 0.04582850
v 0.00263830 0.01151599 0.03037124
v 0.00263830 0.01151599 0.04582850
v 0.00263830 0.01151599 0.04582850
v 0.00491113 0.01082653 0.03037124
v 0.00491113 0.01082653 0.04582850
v 0.00491113 0.01082653 0.04582850
v 0.00560935 0.01045332 0.03037124
v 0.00560935 0.01045332 0.04582850
v 0.00700579 0.00970691 0.04582850
v 0.00884177 0.00820016 0.03037124
v 0.00884177 0.00820016 0.04582850
v 0.00884177 0.00820016 0.04582850
v 0.01034852 0.00636418 0.03037124
v 0.01034852 0.00636418 0.04582850
v 0.01034852 0.00636418 0.04582850
v 0.01146813 0.00426953 0.03037172
v 0.01146813 0.00426953 0.04582850
v 0.01146813 0.00426953 0.04582850
v 0.01215759 0.00199669 0.03037172
v 0.01215759 0.00199669 0.04582850
v 0.01215759 0.00199669 0.04582850
v 0.01239038 -0.00036697 0.03037172
v 0.01239038 -0.00036697 0.04582850
v 0.01215758 -0.00273064 0.04582850
v 0.01239038 -0.00036697 0.03037172
v 0.01215758 -0.00273064 0.03037124
v 0.01215758 -0.00273064 0.04582850
v 0.01146812 -0.00500347 0.03037124
v 0.01146812 -0.00500347 0.04582850
v 0.01146812 -0.00500347 0.04582850
v 0.01034851 -0.00709812 0.03037124
v 0.01034851 -0.00709812 0.04582850
v 0.01034851 -0.00709812 0.04582850
v 0.00884175 -0.00893410 0.03037172
v 0.00884175 -0.00893410 0.04582850
v 0.00700577 -0.01044085 0.04582850
v 0.00884175 -0.00893410 0.03037172
v 0.00700577 -0.01044085 0.03037124
v 0.00700577 -0.01044085 0.04582850
v 0.00491112 -0.01156046 0.03037124
v 0.00491112 -0.01156046 0.04582850
v 0.00491112 -0.01156046 0.04582850
v 0.00263828 -0.01224991 0.03037124
v 0.00263828 -0.01224991 0.04582850
v 0.00263828 -0.01224991 0.04582850
v 0.00027463 -0.01248271 0.03037172
v 0.00027463 -0.01248271 0.04582850
v -0.03372088 0.05322748 0.04582850
v -0.03510081 0.04542047 0.03037124
v -0.03510081 0.04542047 0.04582850
v -0.03510081 0.04542047 0.04582850
v -0.03388184 0.03371509 0.03037124
v -0.03388184 0.03371509 0.04582850
v -0.03388184 0.03371509 0.04582850
v -0.03217558 0.02233460 0.03037124
v -0.03217558 0.02233460 0.04582850
v -0.01007915 0.00584052 0.04582850
v -0.00979925 0.00636419 0.03037172
v -0.00979925 0.00636419 0.04582850
v -0.01035905 0.00531686 0.04582850
v -0.01007915 0.00584052 0.03037172
v -0.01035905 0.00531686 0.03037124
v 0.02769384 0.02980659 0.04582850
v 0.02720934 0.04070129 0.03037124
v 0.02720934 0.04070129 0.04582850
v 0.02720934 0.04070129 0.04582850
v 0.01810755 0.05904447 0.03037124
v 0.01810755 0.05904447 0.04582850
v 0.00630757 0.01008012 0.04582850
v 0.00700579 0.00970691 0.03037124
v 0.00700579 0.00970691 0.04582850
v 0.00630757 0.01008012 0.03037124
v 0.01019796 0.03819329 0.04582852
v 0.00995275 0.03570358 0.03037124
v 0.00995275 0.03570358 0.04582852
v -0.00256383 0.02543147 0.03037135
v 0.00027464 0.01174879 0.03037124
v -0.00208903 0.01151599 0.03037124
v 0.00922653 0.03330956 0.03037124
v 0.00804722 0.03110321 0.04582852
v 0.00922653 0.03330956 0.04582852
v 0.00646012 0.02916933 0.03037124
v 0.00646012 0.02916933 0.04582852
v 0.00709712 0.02994552 0.04582850
v -0.01532565 0.03819327 0.03037147
v -0.01508044 0.04068299 0.04582852
v -0.01532565 0.03819327 0.04582852
v 0.00922652 0.04307701 0.03037124
v 0.00995274 0.04068299 0.04582852
v 0.00922652 0.04307701 0.04582852
v 0.00995274 0.04068299 0.03037124
v 0.01019796 0.03819329 0.04582852
v 0.00995274 0.04068299 0.04582852
v 0.00646010 0.04721725 0.03037124
v 0.00804720 0.04528336 0.04582852
v 0.00646010 0.04721725 0.04582852
v -0.00505355 0.05070985 0.04582852
v -0.00256386 0.05095507 0.03037157
v -0.00256386 0.05095507 0.04582852
v -0.00408932 0.02558171 0.03037124
v -0.00505354 0.02567668 0.03037144
v -0.00408932 0.02558171 0.04582850
v -0.01435422 0.04307701 0.03037144
v -0.01317490 0.04528336 0.04582852
v -0.01435422 0.04307699 0.04582852
v -0.00505354 0.02567668 0.03037144
v -0.00436186 0.01082653 0.03037172
v -0.00052442 0.02563234 0.03037135
v -0.00256383 0.02543147 0.04582852
v -0.00052442 0.02563234 0.04582850
v -0.00744758 0.04998365 0.04582852
v -0.00505355 0.05070987 0.03037142
v -0.00505355 0.05070985 0.04582852
v -0.00007413 0.02567668 0.04582852
v 0.00027464 0.01174879 0.04582850
v 0.00263830 0.01151599 0.04582850
v 0.00452622 0.04880434 0.04582852
v 0.00646010 0.04721725 0.03037124
v 0.00646010 0.04721725 0.04582852
v -0.00965392 0.02758222 0.03037157
v -0.00799185 0.02669383 0.03037158
v -0.00645652 0.00970691 0.03037172
v -0.01317490 0.03110319 0.04582852
v -0.00645652 0.00970691 0.04582850
v -0.01158780 0.02916931 0.04582852
v -0.00799185 0.02669383 0.03037158
v -0.00965392 0.02758222 0.04582852
v -0.00799185 0.02669383 0.04582850
v 0.00362587 0.04928558 0.03037124
v 0.00452622 0.04880434 0.03037124
v 0.00362587 0.04928558 0.04582850
v 0.00646012 0.02916933 0.03037124
v 0.00452624 0.02758224 0.04582852
v 0.00646012 0.02916933 0.04582852
v -0.01158780 0.04721723 0.03037142
v -0.00965392 0.04880434 0.04582852
v -0.01158780 0.04721724 0.04582852
v 0.00646012 0.02916933 0.03037124
v 0.00491113 0.01082653 0.03037124
v 0.00452624 0.02758224 0.03037124
v -0.01508044 0.04068299 0.03037146
v -0.01435422 0.04307699 0.04582852
v -0.01508044 0.04068299 0.04582852
v 0.00231990 0.02640291 0.03037124
v 0.00231990 0.02640291 0.04582852
v 0.00303758 0.02678652 0.04582850
v -0.00965392 0.02758222 0.03037157
v -0.01158780 0.02916931 0.04582852
v -0.00965392 0.02758222 0.04582852
v -0.01340019 0.03152469 0.03037152
v -0.01435422 0.03330954 0.04582850
v -0.01340019 0.03152469 0.04582850
v 0.00922652 0.04307701 0.03037124
v 0.00922652 0.04307701 0.04582852
v 0.00870918 0.04404488 0.04582850
v -0.00197854 0.05089743 0.03037157
v -0.00007416 0.05070987 0.04582852
v -0.00197854 0.05089743 0.04582850
v 0.00303758 0.02678652 0.04582850
v 0.00491113 0.01082653 0.04582850
v -0.01523742 0.03729747 0.03037147
v -0.01532565 0.03819327 0.04582852
v -0.01523742 0.03729747 0.04582850
v 0.00995275 0.03570358 0.04582852
v 0.00922653 0.03330956 0.03037124
v 0.00922653 0.03330956 0.04582852
v 0.00231990 0.02640291 0.03037124
v 0.00263830 0.01151599 0.03037124
v -0.00007413 0.02567668 0.03037133
v -0.00505354 0.02567668 0.04582852
v -0.00744757 0.02640291 0.03037158
v -0.00744757 0.02640291 0.04582852
v -0.00755163 0.04992803 0.03037124
v -0.00744758 0.04998365 0.03037126
v -0.00755163 0.04992803 0.04582850
v -0.00007416 0.05070987 0.03037144
v 0.00231987 0.04998365 0.04582852
v -0.00007416 0.05070987 0.04582852
v -0.01435422 0.03330954 0.03037144
v -0.01508044 0.03570356 0.04582850
v -0.01435422 0.03330954 0.04582850
v 0.00231990 0.02640291 0.04582852
v -0.00007413 0.02567668 0.03037133
v -0.00007413 0.02567668 0.04582852
v -0.01244741 0.04616980 0.03037142
v -0.01158780 0.04721723 0.03037142
v -0.01244741 0.04616980 0.04582850
v -0.00256383 0.02543147 0.04582852
v -0.00208903 0.01151599 0.04582850
v -0.00744757 0.02640291 0.04582852
v -0.00436186 0.01082653 0.04582850
v -0.00505354 0.02567668 0.04582852
v -0.01158780 0.02916931 0.03037154
v -0.01317490 0.03110319 0.04582852
v -0.01158780 0.02916931 0.04582852
v 0.00870918 0.04404488 0.04582850
v 0.00922652 0.04307701 0.04582852
v 0.00709712 0.02994552 0.04582850
v 0.00804722 0.03110321 0.04582852
v 0.00922653 0.03330956 0.04582852
v 0.00995274 0.04068299 0.04582852
v 0.01019796 0.03819329 0.04582852
v -0.00755163 0.04992803 0.04582850
v -0.01244741 0.04616980 0.04582850
v -0.00256386 0.05095507 0.04582852
v -0.00744758 0.04998365 0.04582852
v 0.00362587 0.04928558 0.04582850
v 0.00231987 0.04998365 0.04582852
v -0.01523742 0.03729747 0.04582850
v -0.01340019 0.03152469 0.04582850
v 0.00804720 0.04528336 0.04582852
v -0.01532565 0.03819327 0.04582852
v -0.01508044 0.04068299 0.04582852
v 0.00995275 0.03570358 0.03037124
v 0.00709712 0.02994552 0.03037124
v 0.00804721 0.03110321 0.03037124
v 0.00870918 0.04404488 0.03037124
v 0.00922652 0.04307701 0.03037124
v 0.00922653 0.03330956 0.03037124
v -0.00755163 0.04992803 0.03037124
v -0.01244741 0.04616980 0.03037142
v 0.01239038 -0.00036697 0.03037172
v 0.00700579 0.00970691 0.03037124
v 0.00700577 -0.01044085 0.03037124
v -0.00305601 0.06961821 0.03037172
v -0.00197854 0.05089743 0.03037157
v -0.00256386 0.05095507 0.03037157
v 0.00362587 0.04928558 0.03037124
v -0.01523742 0.03729747 0.03037147
v -0.01508044 0.03570356 0.03037142
v -0.01340019 0.03152469 0.03037152
v 0.00804720 0.04528336 0.03037124
v -0.01317490 0.04528334 0.03037142
v -0.01532565 0.03819327 0.03037147
v -0.00716481 -0.03608242 0.03037124
v -0.01408331 -0.03398372 0.03037124
v -0.02045943 -0.03057561 0.03037124
v -0.02604814 -0.02598908 0.03037124
v -0.03063469 -0.02040036 0.04582850
v -0.03404280 -0.01402424 0.03037124
v -0.03614150 -0.00710575 0.03037124
v -0.03685015 0.00008924 0.04582850
v -0.03614150 0.00728423 0.03037124
v -0.03404281 0.01420273 0.03037124
v -0.03217558 0.02233460 0.03037124
v -0.02913435 0.05881620 0.04582850
v -0.02354562 0.06340275 0.03037124
v -0.01716951 0.06681087 0.03037124
v -0.01025101 0.06890956 0.03037124
v -0.00305601 0.06961821 0.04582850
v 0.00413899 0.06890956 0.03037124
v 0.01117028 0.06557005 0.03037124
v 0.01810755 0.05904447 0.03037124
v 0.04859061 0.02616757 0.03037124
v 0.04258066 0.02057884 0.03037124
v 0.04258066 -0.02040040 0.04582850
v 0.04859061 -0.02598911 0.03037172
v 0.02051975 -0.03057564 0.03037172
v 0.01414362 -0.03398374 0.03037124
v 0.00722512 -0.03608243 0.03037124
v 0.00003018 -0.03679106 0.03037124
v 0.00027463 -0.01248271 0.03037172
v -0.00208903 -0.01224991 0.04582850
v -0.00436186 -0.01156045 0.03037124
v -0.00645651 -0.01044084 0.03037124
v -0.00829249 -0.00893409 0.03037124
v -0.00979924 -0.00709811 0.03037172
v -0.01091886 -0.00500346 0.04582850
v -0.01160831 -0.00273063 0.03037124
v -0.01184112 -0.00036696 0.04582850
v -0.01160832 0.00199670 0.03037124
v -0.01091886 0.00426953 0.04582850
v -0.00979925 0.00636419 0.04582850
v -0.00829249 0.00820016 0.03037124
v -0.00645652 0.00970691 0.03037172
v -0.00436186 0.01082653 0.04582850
v -0.00208903 0.01151599 0.03037124
v 0.00027464 0.01174879 0.03037124
v 0.00263830 0.01151599 0.03037124
v 0.00491113 0.01082653 0.03037124
v 0.00700579 0.00970691 0.03037124
v 0.00884177 0.00820016 0.03037124
v 0.01034852 0.00636418 0.03037124
v 0.01146813 0.00426953 0.03037172
v 0.01215759 0.00199669 0.03037172
v 0.01239038 -0.00036697 0.04582850
v 0.01215758 -0.00273064 0.03037124
v 0.01146812 -0.00500347 0.03037124
v 0.01034851 -0.00709812 0.03037124
v 0.00884175 -0.00893410 0.04582850
v 0.00700577 -0.01044085 0.03037124
v 0.00491112 -0.01156046 0.03037124
v 0.00263828 -0.01224991 0.03037124
v -0.03372088 0.05322748 0.03037124
v -0.03510081 0.04542047 0.03037124
v -0.03388184 0.03371509 0.03037124
v 0.02769384 0.02980659 0.03037124
v 0.02720934 0.04070129 0.03037124
v 0.01019796 0.03819329 0.03037124
v -0.00408932 0.02558171 0.03037124
v -0.00052442 0.02563234 0.03037135
v 0.00804721 0.03110321 0.03037124
v 0.00804722 0.03110321 0.04582852
v 0.00804721 0.03110321 0.03037124
v 0.00709712 0.02994552 0.03037124
v -0.01508044 0.04068299 0.03037146
v 0.00995274 0.04068299 0.03037124
v 0.01019796 0.03819329 0.03037124
v 0.00804720 0.04528336 0.03037124
v -0.00505355 0.05070987 0.03037142
v -0.00256383 0.02543147 0.04582852
v -0.00256383 0.02543147 0.03037135
v -0.00505354 0.02567668 0.04582852
v -0.01317490 0.04528334 0.03037142
v -0.00744757 0.02640291 0.03037158
v -0.00007413 0.02567668 0.04582852
v -0.00256383 0.02543147 0.03037135
v -0.00007413 0.02567668 0.03037133
v -0.00744758 0.04998365 0.03037126
v 0.00231990 0.02640291 0.04582852
v -0.00052442 0.02563234 0.04582850
v 0.00452622 0.04880434 0.03037124
v -0.01317490 0.03110319 0.03037152
v -0.01158780 0.02916931 0.03037154
v -0.00799185 0.02669383 0.04582850
v -0.00965392 0.02758222 0.04582852
v -0.00744757 0.02640291 0.04582852
v -0.00744757 0.02640291 0.03037158
v -0.00965392 0.02758222 0.03037157
v 0.00231987 0.04998365 0.04582852
v 0.00231987 0.04998367 0.03037128
v 0.00452622 0.04880434 0.04582852
v 0.00452624 0.02758224 0.03037124
v -0.00965392 0.04880434 0.03037141
v 0.00303758 0.02678652 0.03037124
v -0.01435422 0.04307701 0.03037144
v 0.00452624 0.02758224 0.04582852
v 0.00452624 0.02758224 0.03037124
v 0.00303758 0.02678652 0.03037124
v -0.01158780 0.02916931 0.03037154
v -0.01317490 0.03110319 0.04582852
v -0.01317490 0.03110319 0.03037152
v -0.01435422 0.03330954 0.03037144
v 0.00804720 0.04528336 0.04582852
v 0.00804720 0.04528336 0.03037124
v 0.00870918 0.04404488 0.03037124
v -0.00256386 0.05095507 0.04582852
v -0.00256386 0.05095507 0.03037157
v -0.00007416 0.05070987 0.03037144
v 0.00646012 0.02916933 0.04582852
v 0.00452624 0.02758224 0.04582852
v -0.01508044 0.03570356 0.04582850
v -0.01532565 0.03819327 0.03037147
v -0.01508044 0.03570356 0.03037142
v 0.00995275 0.03570358 0.03037124
v -0.00505354 0.02567668 0.03037144
v -0.00965392 0.04880434 0.04582852
v -0.00965392 0.04880434 0.03037141
v -0.00744758 0.04998365 0.04582852
v 0.00231987 0.04998367 0.03037128
v -0.01508044 0.03570356 0.03037142
v 0.00231990 0.02640291 0.03037124
v -0.01317490 0.04528336 0.04582852
v -0.01317490 0.04528334 0.03037142
v -0.01158780 0.04721724 0.04582852
v -0.00408932 0.02558171 0.04582850
v -0.01317490 0.03110319 0.03037152
vn 0.00000000 0.00000000 1.00000000
vn 0.00000000 0.00000000 1.00000000
vn 0.00000000 0.00000000 1.00000000
vn 0.00000000 0.00000000 1.00000000
vn 0.00000000 0.00000000 1.00000000
vn 0.00000000 0.00000000 1.00000000
vn 0.00000006 0.00000013 1.00000000
vn 0.00000744 -0.00000189 1.00000000
vn -0.00000001 -0.00000005 1.00000000
vn 0.00000000 0.00000000 1.00000000
vn 0.00000000 0.00000000 1.00000000
vn 0.00000000 0.00000000 1.00000000
vn 0.00000000 0.00000000 1.00000000
vn 0.00000000 0.00000000 1.00000000
vn 0.00000000 0.00000000 1.00000000
vn -0.00000004 0.00000011 1.00000000
vn -0.00001028 -0.00000206 1.00000000
vn 0.00000242 0.00000195 1.00000000
vn 0.00000000 0.00000000 1.00000000
vn 0.00000000 0.00000000 1.00000000
vn 0.00000000 0.00000000 1.00000000
vn 0.00000000 0.00000000 1.00000000
vn 0.00000000 0.00000000 1.00000000
vn 0.00000000 0.00000000 1.00000000
vn 0.00000000 0.00000000 1.00000000
vn 0.00000000 0.00000000 1.00000000
vn 0.00000000 0.00000000 1.00000000
vn 0.00000000 0.00000000 1.00000000
vn 0.00000000 0.00000000 1.00000000
vn 0.00000000 0.00000000 1.00000000
vn 0.00000000 0.00000000 1.00000000
vn 0.00000000 0.00000000 1.00000000
vn 0.00000000 0.00000000 1.00000000
vn -0.00000035 0.00000042 1.00000000
vn -0.00000017 0.00000088 1.00000000
vn 0.00000026 0.00000048 1.00000000
vn 0.00000000 0.00000000 1.00000000
vn 0.00000000 0.00000000 1.00000000
vn 0.00000000 0.00000000 1.00000000
vn 0.00000000 0.00000000 1.00000000
vn 0.00000000 0.00000000 1.00000000
vn 0.00000000 0.00000000 1.00000000
vn 0.00000000 0.00000000 1.00000000
vn 0.00000000 0.00000000 1.00000000
vn 0.00000000 0.00000000 1.00000000
vn 0.00000000 0.00000000 1.00000000
vn 0.00000000 0.00000000 1.00000000
vn 0.00000000 0.00000000 1.00000000
vn 0.00000000 0.00000000 1.00000000
vn 0.00000946 0.00000201 1.00000000
vn -0.00000427 0.00000192 1.00000000
vn 0.00000002 0.00000014 1.00000000
vn 0.00000000 0.00000000 1.00000000
vn 0.00000000 0.00000000 1.00000000
vn 0.00000000 0.00000000 1.00000000
vn 0.00000000 0.00000000 1.00000000
vn 0.00000000 0.00000000 1.00000000
vn 0.00000000 0.00000000 1.00000000
vn 0.00000000 0.00000000 1.00000000
vn 0.00000000 0.00000000 1.00000000
vn 0.00000000 0.00000000 1.00000000
vn 0.00000000 0.00000000 1.00000000
vn -0.00000625 0.00000349 1.00000000
vn 0.00000078 0.00000073 1.00000000
vn 0.00000005 0.00000017 1.00000000
vn 0.00000000 0.00000000 1.00000000
vn 0.00000000 0.00000000 1.00000000
vn -0.00000005 0.00000011 1.00000000
vn -0.00000103 0.00000037 1.00000000
vn 0.00000419 0.00000334 1.00000000
vn 0.00000000 0.00000000 1.00000000
vn 0.00000000 0.00000000 1.00000000
vn 0.00000000 0.00000000 1.00000000
vn 0.00000000 0.00000000 1.00000000
vn 0.00000000 0.00000000 1.00000000
vn 0.00000000 0.00000000 1.00000000
vn 0.00000000 0.00000000 1.00000000
vn 0.00000000 0.00000000 1.00000000
vn 0.00000000 0.00000000 1.00000000
vn 0.00000000 0.00000000 1.00000000
vn -0.00012983 -0.00028919 -0.99999995
vn 0.00000306 -0.00002840 -1.00000000
vn 0.00000608 -0.00000797 -1.00000000
vn -0.00008099 -0.00000429 -1.00000000
vn -0.00000736 0.00000795 -1.00000000
vn 0.00000001 0.00001956 -1.00000000
vn 0.00000000 0.00000000 -1.00000000
vn 0.00000000 0.00000000 -1.00000000
vn 0.00000000 0.00000000 -1.00000000
vn 0.00004915 -0.00003348 -1.00000000
vn -0.00000588 -0.00002545 -1.00000000
vn 0.00000000 0.00000000 -1.00000000
vn 0.00004870 -0.00009421 -0.99999999
vn 0.00000194 0.00000253 -1.00000000
vn 0.00002318 -0.00003176 -1.00000000
vn -0.00002660 -0.00002006 -1.00000000
vn 0.00000500 -0.00000768 -1.00000000
vn -0.00000052 -0.00000530 -1.00000000
vn -0.00000836 0.00000496 -1.00000000
vn -0.00001527 -0.00000294 -1.00000000
vn -0.00001543 -0.00000011 -1.00000000
vn 0.00008421 -0.00000963 -1.00000000
vn 0.00000755 0.00000893 -1.00000000
vn 0.00000000 0.00000000 -1.00000000
vn -0.00013987 -0.00034788 -0.99999993
vn 0.00000000 0.00000000 -1.00000000
vn 0.00000000 0.00000000 -1.00000000
vn 0.00000000 0.00000000 -1.00000000
vn 0.00000000 0.00000000 -1.00000000
vn 0.00002944 0.00001217 -1.00000000
vn 0.00002087 0.00002161 -1.00000000
vn -0.00000055 0.00003775 -1.00000000
vn 0.00006164 0.00000912 -1.00000000
vn 0.00011462 0.00001608 -0.99999999
vn 0.00003398 0.00000460 -1.00000000
vn -0.00000778 0.00008395 -1.00000000
vn 0.00000000 0.00000000 -1.00000000
vn 0.00000000 0.00000000 -1.00000000
vn 0.00000000 0.00000000 -1.00000000
vn -0.00003609 -0.00004031 -1.00000000
vn 0.00004596 0.00002326 -1.00000000
vn -0.00001340 -0.00000319 -1.00000000
vn 0.00000000 0.00000000 -1.00000000
vn 0.00000926 -0.00000492 -1.00000000
vn 0.00003052 0.00001257 -1.00000000
vn -0.00001648 -0.00001075 -1.00000000
vn -0.00000614 -0.00000439 -1.00000000
vn -0.00004224 0.00000227 -1.00000000
vn -0.00006622 0.00000460 -1.00000000
vn -0.00003762 0.00000250 -1.00000000
vn 0.00000000 0.00000000 -1.00000000
vn -0.00000909 -0.00004231 -1.00000000
vn -0.00006872 0.00007154 -1.00000000
vn -0.00002141 0.00003117 -1.00000000
vn 0.00000173 0.00000689 -1.00000000
vn -0.00000504 -0.00000451 -1.00000000
vn 0.00001930 -0.00007936 -1.00000000
vn -0.00009835 -0.00001893 -0.99999999
vn 0.00001823 0.00000762 -1.00000000
vn 0.00000000 0.00000000 -1.00000000
vn 0.00000000 0.00000000 -1.00000000
vn 0.00000000 0.00000000 -1.00000000
vn -0.00003935 -0.00011727 -0.99999999
vn -0.00006137 0.00006553 -1.00000000
vn 0.00000295 -0.00000828 -1.00000000
vn 0.00000496 -0.00000750 -1.00000000
vn -0.00002247 -0.00001606 -1.00000000
vn 0.00001857 -0.00010734 -0.99999999
vn 0.00010126 -0.00000161 -0.99999999
vn -0.00005806 -0.00004017 -1.00000000
vn 0.00001603 -0.00000182 -1.00000000
vn 0.00041679 0.00033978 -0.99999986
vn 0.00002188 0.00000462 -1.00000000
vn 0.00025083 0.00020777 -0.99999995
vn 0.00000000 0.00000000 -1.00000000
vn 0.00000000 0.00000000 -1.00000000
vn 0.00000000 0.00000000 -1.00000000
vn -0.09801728 -0.99518471 0.00000000
vn -0.09801728 -0.99518471 0.00000000
vn -0.09801728 -0.99518471 0.00000000
vn -0.29028364 -0.95694065 0.00000000
vn -0.29028364 -0.95694065 0.00000000
vn -0.29028364 -0.95694065 0.00000000
vn -0.47139702 -0.88192111 0.00000000
vn -0.47139702 -0.88192111 0.00000000
vn -0.47139702 -0.88192111 0.00000000
vn -0.63439299 -0.77301070 0.00000000
vn -0.63439299 -0.77301070 0.00000000
vn -0.63439299 -0.77301070 0.00000000
vn -0.77301027 -0.63439350 0.00000000
vn -0.77301027 -0.63439350 0.00000000
vn -0.77301027 -0.63439350 0.00000000
vn -0.88192077 -0.47139767 0.00000000
vn -0.88192077 -0.47139767 0.00000000
vn -0.88192077 -0.47139767 0.00000000
vn -0.95694048 -0.29028420 0.00000000
vn -0.95694048 -0.29028420 0.00000000
vn -0.95694048 -0.29028420 0.00000000
vn -0.99518468 -0.09801757 0.00000000
vn -0.99518468 -0.09801757 0.00000000
vn -0.99518468 -0.09801757 0.00000000
vn -0.99518471 0.09801728 0.00000000
vn -0.99518471 0.09801728 0.00000000
vn -0.99518471 0.09801728 0.00000000
vn -0.95694059 0.29028383 0.00000000
vn -0.95694059 0.29028383 0.00000000
vn -0.95694059 0.29028383 0.00000000
vn -0.97463635 0.22379452 0.00000000
vn -0.97463635 0.22379452 0.00000000
vn -0.97463635 0.22379452 0.00000000
vn -0.77301188 0.63439155 0.00000000
vn -0.77301188 0.63439155 0.00000000
vn -0.77301188 0.63439155 0.00000000
vn -0.63439333 0.77301042 0.00000000
vn -0.63439333 0.77301042 0.00000000
vn -0.63439333 0.77301042 0.00000000
vn -0.47139724 0.88192100 0.00000000
vn -0.47139724 0.88192100 0.00000000
vn -0.47139724 0.88192100 0.00000000
vn -0.29028397 0.95694055 0.00000000
vn -0.29028397 0.95694055 0.00000000
vn -0.29028397 0.95694055 0.00000000
vn -0.09801749 0.99518469 0.00000000
vn -0.09801749 0.99518469 0.00000000
vn -0.09801749 0.99518469 0.00000000
vn 0.09801724 0.99518472 0.00000000
vn 0.09801724 0.99518472 0.00000000
vn 0.09801724 0.99518472 0.00000000
vn 0.42901994 0.90329502 0.00000000
vn 0.42901994 0.90329502 0.00000000
vn 0.42901994 0.90329502 0.00000000
vn 0.68516328 0.72838951 0.00000000
vn 0.68516328 0.72838951 0.00000000
vn 0.68516328 0.72838951 0.00000000
vn 0.17156099 0.98517350 0.00000000
vn 0.17156099 0.98517350 0.00000000
vn 0.17156099 0.98517350 0.00000000
vn 0.68097818 -0.73230370 0.00000000
vn 0.68097818 -0.73230370 0.00000000
vn 0.68097818 -0.73230370 0.00000000
vn 1.00000000 0.00000015 0.00000000
vn 1.00000000 0.00000015 0.00000000
vn 1.00000000 0.00000015 0.00000000
vn 1.00000000 0.00000015 0.00000000
vn 1.00000000 0.00000015 0.00000000
vn 1.00000000 0.00000015 0.00000000
vn 1.00000000 0.00000015 0.00000000
vn 1.00000000 0.00000015 0.00000000
vn 1.00000000 0.00000015 0.00000000
vn 1.00000000 0.00000015 0.00000000
vn 1.00000000 0.00000015 0.00000000
vn 1.00000000 0.00000015 0.00000000
vn 1.00000000 0.00000015 0.00000000
vn 0.68097671 0.73230507 0.00000000
vn 0.68097671 0.73230507 0.00000000
vn 0.68097671 0.73230507 0.00000000
vn 0.16125305 -0.98691309 0.00000000
vn 0.16125305 -0.98691309 0.00000000
vn 0.16125305 -0.98691309 0.00000000
vn 0.47139468 -0.88192236 0.00000000
vn 0.47139468 -0.88192236 0.00000000
vn 0.47139468 -0.88192236 0.00000000
vn 0.29028377 -0.95694061 0.00000000
vn 0.29028377 -0.95694061 0.00000000
vn 0.29028377 -0.95694061 0.00000000
vn 0.09801599 -0.99518484 0.00000000
vn 0.09801599 -0.99518484 0.00000000
vn 0.09801599 -0.99518484 0.00000000
vn 0.09801680 0.99518476 0.00000000
vn 0.09801680 0.99518476 0.00000000
vn 0.09801680 0.99518476 0.00000000
vn 0.29028573 0.95694002 0.00000000
vn 0.29028573 0.95694002 0.00000000
vn 0.29028573 0.95694002 0.00000000
vn 0.47139622 0.88192154 0.00000000
vn 0.47139622 0.88192154 0.00000000
vn 0.47139622 0.88192154 0.00000000
vn 0.63439391 0.77300994 0.00000000
vn 0.63439391 0.77300994 0.00000000
vn 0.63439391 0.77300994 0.00000000
vn 0.77300977 0.63439412 0.00000000
vn 0.77300977 0.63439412 0.00000000
vn 0.77300977 0.63439412 0.00000000
vn 0.88192103 0.47139718 0.00000000
vn 0.88192103 0.47139718 0.00000000
vn 0.88192103 0.47139718 0.00000000
vn 0.95694048 0.29028419 0.00000000
vn 0.95694048 0.29028419 0.00000000
vn 0.95694048 0.29028419 0.00000000
vn 0.99518462 0.09801821 0.00000000
vn 0.99518462 0.09801821 0.00000000
vn 0.99518462 0.09801821 0.00000000
vn 0.99518471 -0.09801726 0.00000000
vn 0.99518471 -0.09801726 0.00000000
vn 0.99518471 -0.09801726 0.00000000
vn 0.95694020 -0.29028512 0.00000000
vn 0.95694020 -0.29028512 0.00000000
vn 0.95694020 -0.29028512 0.00000000
vn 0.88192181 -0.47139571 0.00000000
vn 0.88192214 -0.47139511 0.00000000
vn 0.88192181 -0.47139571 0.00000000
vn 0.77300996 -0.63439388 0.00000000
vn 0.77300996 -0.63439388 0.00000000
vn 0.77300996 -0.63439388 0.00000000
vn 0.63439374 -0.77301008 0.00000000
vn 0.63439374 -0.77301008 0.00000000
vn 0.63439374 -0.77301008 0.00000000
vn 0.47139688 -0.88192119 0.00000000
vn 0.47139688 -0.88192119 0.00000000
vn 0.47139688 -0.88192119 0.00000000
vn 0.29028480 -0.95694030 0.00000000
vn 0.29028480 -0.95694030 0.00000000
vn 0.29028480 -0.95694030 0.00000000
vn 0.09801654 -0.99518479 0.00000000
vn 0.09801654 -0.99518479 0.00000000
vn 0.09801654 -0.99518479 0.00000000
vn -0.09801753 -0.99518469 0.00000000
vn -0.09801753 -0.99518469 0.00000000
vn -0.09801753 -0.99518469 0.00000000
vn -0.29028472 -0.95694032 0.00000000
vn -0.29028472 -0.95694032 0.00000000
vn -0.29028472 -0.95694032 0.00000000
vn -0.47139615 -0.88192158 0.00000000
vn -0.47139643 -0.88192143 0.00000000
vn -0.47139643 -0.88192143 0.00000000
vn -0.63439377 -0.77301005 0.00000000
vn -0.63439377 -0.77301005 0.00000000
vn -0.63439377 -0.77301005 0.00000000
vn -0.77301079 -0.63439288 0.00000000
vn -0.77301079 -0.63439288 0.00000000
vn -0.77301079 -0.63439288 0.00000000
vn -0.88192173 -0.47139586 0.00000000
vn -0.88192173 -0.47139586 0.00000000
vn -0.88192173 -0.47139586 0.00000000
vn -0.95694036 -0.29028461 0.00000000
vn -0.95694036 -0.29028461 0.00000000
vn -0.95694036 -0.29028461 0.00000000
vn -0.99518496 -0.09801475 0.00000000
vn -0.99518496 -0.09801475 0.00000000
vn -0.99518496 -0.09801475 0.00000000
vn -0.99518482 0.09801623 0.00000000
vn -0.99518482 0.09801623 0.00000000
vn -0.99518482 0.09801623 0.00000000
vn -0.95693970 0.29028676 0.00000000
vn -0.95693970 0.29028676 0.00000000
vn -0.95693970 0.29028676 0.00000000
vn -0.88192133 0.47139662 0.00000000
vn -0.88192133 0.47139662 0.00000000
vn -0.88192133 0.47139662 0.00000000
vn -0.77300961 0.63439431 0.00000000
vn -0.77300961 0.63439431 0.00000000
vn -0.77300961 0.63439431 0.00000000
vn -0.63439248 0.77301112 0.00000000
vn -0.63439248 0.77301112 0.00000000
vn -0.63439248 0.77301112 0.00000000
vn -0.47139556 0.88192189 0.00000000
vn -0.47139556 0.88192189 0.00000000
vn -0.47139556 0.88192189 0.00000000
vn -0.29028233 0.95694105 0.00000000
vn -0.29028233 0.95694105 0.00000000
vn -0.29028233 0.95694105 0.00000000
vn -0.09801763 0.99518468 0.00000000
vn -0.09801763 0.99518468 0.00000000
vn -0.09801763 0.99518468 0.00000000
vn -0.98473546 0.17405768 0.00000000
vn -0.98473546 0.17405768 0.00000000
vn -0.98473546 0.17405768 0.00000000
vn -0.99462140 -0.10357738 0.00000000
vn -0.99462140 -0.10357738 0.00000000
vn -0.99462140 -0.10357738 0.00000000
vn -0.98894664 -0.14827183 0.00000000
vn -0.98894664 -0.14827183 0.00000000
vn -0.98894664 -0.14827183 0.00000000
vn 0.88192191 -0.47139552 0.00000000
vn 0.88192154 -0.47139622 0.00000000
vn 0.88192154 -0.47139622 0.00000000
vn 0.88192189 -0.47139557 0.00000000
vn 0.88192191 -0.47139552 0.00000000
vn 0.88192189 -0.47139557 0.00000000
vn 0.99901262 0.04442741 0.00000000
vn 0.99901262 0.04442741 0.00000000
vn 0.99901262 0.04442741 0.00000000
vn 0.89578672 0.44448414 0.00000000
vn 0.89578672 0.44448414 0.00000000
vn 0.89578672 0.44448414 0.00000000
vn -0.47139737 -0.88192093 0.00000000
vn -0.47139803 -0.88192057 0.00000000
vn -0.47139803 -0.88192057 0.00000000
vn -0.47139737 -0.88192093 0.00000000
vn -0.99518487 0.09801564 0.00000000
vn -0.99518487 0.09801564 0.00000000
vn -0.99518487 0.09801564 0.00000000
vn 0.00003421 0.00000849 -1.00000000
vn -0.00000041 0.00000668 -1.00000000
vn -0.00010188 -0.00001099 -0.99999999
vn -0.88192109 0.47139707 0.00000008
vn -0.88192130 0.47139668 0.00000001
vn -0.88192132 0.47139663 0.00000000
vn -0.77301503 0.63438771 0.00000000
vn -0.77301503 0.63438771 0.00000000
vn -0.77301246 0.63439084 0.00000004
vn 0.99518482 -0.09801623 0.00000000
vn 0.99518482 -0.09801623 0.00000000
vn 0.99518482 -0.09801623 0.00000000
vn -0.95693939 -0.29028781 0.00000000
vn -0.95693939 -0.29028781 0.00000000
vn -0.95693939 -0.29028781 0.00000000
vn -0.99518462 -0.09801820 0.00000000
vn -0.99518462 -0.09801820 0.00000000
vn -0.99518462 -0.09801820 0.00000000
vn -0.77301028 -0.63439349 0.00000000
vn -0.77301028 -0.63439349 0.00000000
vn -0.77301028 -0.63439349 0.00000000
vn 0.09801813 -0.99518463 -0.00000011
vn 0.09801278 -0.99518516 -0.00000098
vn 0.09801881 -0.99518456 0.00000000
vn 0.09801763 0.99518468 0.00000000
vn 0.09802079 0.99518437 0.00000000
vn 0.09801763 0.99518468 0.00000000
vn 0.88191969 -0.47139967 0.00000041
vn 0.88192210 -0.47139518 -0.00000041
vn 0.88192240 -0.47139461 -0.00000052
vn -0.00012589 -0.00002503 -0.99999999
vn -0.00008031 -0.00001645 -1.00000000
vn -0.09801075 0.99518536 0.00000000
vn -0.09802091 0.99518435 0.00000000
vn -0.09801075 0.99518536 0.00000000
vn 0.29028068 -0.95694155 -0.00000094
vn 0.29028563 -0.95694005 -0.00000011
vn 0.29028005 -0.95694174 -0.00000105
vn -0.00001666 -0.00000160 1.00000000
vn -0.00000001 -0.00000115 1.00000000
vn 0.00000031 -0.00000054 1.00000000
vn -0.63439282 -0.77301083 0.00000000
vn -0.63439282 -0.77301083 0.00000000
vn -0.63439282 -0.77301083 0.00000000
vn 0.00000695 -0.00000731 -1.00000000
vn 0.00000303 -0.00000807 -1.00000000
vn 0.00012508 0.00003083 -0.99999999
vn -0.00016512 -0.00005264 0.99999998
vn 0.00000002 -0.00000009 1.00000000
vn -0.00000144 -0.00000125 1.00000000
vn 0.47139443 0.88192250 0.00000000
vn 0.47139327 0.88192312 0.00000000
vn 0.47139443 0.88192250 0.00000000
vn -0.47139919 -0.88191995 0.00000000
vn -0.47139457 -0.88192242 0.00000000
vn -0.47139396 -0.88192275 -0.00000057
vn -0.63439306 0.77301064 0.00000000
vn -0.63439306 0.77301064 0.00000000
vn -0.63439306 0.77301064 0.00000000
vn 0.63439670 -0.77300765 0.00000009
vn 0.63439347 -0.77301030 0.00000076
vn 0.63439305 -0.77301064 0.00000085
vn 0.00000000 0.00000000 -1.00000000
vn 0.00000000 0.00000000 -1.00000000
vn 0.00000000 0.00000000 -1.00000000
vn 0.95694024 -0.29028499 -0.00000029
vn 0.95693978 -0.29028649 -0.00000003
vn 0.95693973 -0.29028669 0.00000000
vn -0.47140285 0.88191799 0.00000000
vn -0.47140285 0.88191799 0.00000000
vn -0.47140091 0.88191904 0.00000000
vn 0.63439345 0.77301032 0.00000000
vn 0.63439345 0.77301032 0.00000000
vn 0.63439345 0.77301032 0.00000000
vn 0.88192046 0.47139825 0.00000000
vn 0.88192122 0.47139682 0.00000000
vn 0.88192046 0.47139825 0.00000000
vn -0.88192170 -0.47139591 0.00000000
vn -0.88192170 -0.47139591 0.00000000
vn -0.88192125 -0.47139676 0.00000000
vn -0.09801059 -0.99518537 0.00000000
vn -0.09801156 -0.99518528 0.00000000
vn -0.09801059 -0.99518537 0.00000000
vn 0.00000140 -0.00000099 1.00000000
vn -0.00000000 -0.00000010 1.00000000
vn 0.99518466 0.09801780 0.00000000
vn 0.99518451 0.09801936 0.00000000
vn 0.99518466 0.09801780 0.00000000
vn -0.95694061 0.29028379 0.00000000
vn -0.95694061 0.29028379 0.00000000
vn -0.95694061 0.29028379 0.00000000
vn -0.00001370 -0.00000029 -1.00000000
vn -0.00000154 0.00000231 -1.00000000
vn -0.00003481 0.00000223 -1.00000000
vn 0.29028615 0.95693989 0.00000000
vn 0.29028615 0.95693989 0.00000000
vn 0.29028615 0.95693989 0.00000000
vn 0.47137053 -0.88193527 0.00000000
vn 0.47134465 -0.88194910 0.00000000
vn 0.47137053 -0.88193527 0.00000000
vn -0.29027935 -0.95694195 -0.00000118
vn -0.29028554 -0.95694007 -0.00000013
vn -0.29028633 -0.95693983 0.00000000
vn 0.95693993 0.29028602 0.00000000
vn 0.95693993 0.29028602 0.00000000
vn 0.95693993 0.29028602 0.00000000
vn -0.29028635 0.95693983 0.00000000
vn -0.29028635 0.95693983 0.00000000
vn -0.29028635 0.95693983 0.00000000
vn 0.77301113 -0.63439246 0.00000000
vn 0.77300857 -0.63439558 0.00000004
vn 0.77301067 -0.63439302 0.00000066
vn -0.00000212 -0.00000067 1.00000000
vn 0.00000021 -0.00000111 1.00000000
vn -0.00002415 -0.00000588 1.00000000
vn -0.00000019 -0.00000057 1.00000000
vn 0.00000659 0.00000025 1.00000000
vn 0.77300973 0.63439416 0.00000000
vn 0.77300973 0.63439416 0.00000000
vn 0.77300973 0.63439416 0.00000000
vn -0.00000599 0.00000584 1.00000000
vn -0.00000365 0.00000310 1.00000000
vn -0.00001022 0.00000057 1.00000000
vn -0.00000173 -0.00000062 1.00000000
vn 0.00000481 -0.00000150 1.00000000
vn 0.00000160 0.00000021 1.00000000
vn 0.00000274 -0.00000022 1.00000000
vn -0.00005592 -0.00000665 1.00000000
vn 0.00000335 0.00000402 1.00000000
vn 0.00001478 0.00000130 1.00000000
vn -0.00008711 -0.00001201 1.00000000
vn -0.00000332 0.00000351 1.00000000
vn 0.00000766 0.00000016 1.00000000
vn -0.00000577 -0.00000183 1.00000000
vn -0.00001084 -0.00000345 1.00000000
vn 0.00001603 -0.00000163 1.00000000
vn -0.00007578 -0.00002404 1.00000000
vn -0.00000149 0.00000019 1.00000000
vn 0.00000000 0.00000000 -1.00000000
vn 0.00000000 0.00000000 -1.00000000
vn 0.00000000 0.00000000 -1.00000000
vn 0.00000000 0.00000000 -1.00000000
vn 0.00000000 0.00000000 -1.00000000
vn 0.00000000 0.00000000 -1.00000000
vn 0.00003005 -0.00000808 -1.00000000
vn 0.00000708 -0.00000629 -1.00000000
vn -0.00001729 0.00010167 -0.99999999
vn 0.00000000 0.00000000 -1.00000000
vn 0.00009429 0.00003967 -0.99999999
vn 0.00000129 0.00000673 -1.00000000
vn -0.00003605 0.00000622 -1.00000000
vn 0.00002847 0.00000894 -1.00000000
vn -0.00000903 0.00000024 -1.00000000
vn 0.00002928 0.00002813 -1.00000000
vn -0.00005165 -0.00001855 -1.00000000
vn 0.00017612 0.00004912 -0.99999998
vn 0.00000000 0.00000000 -1.00000000
vn 0.00000379 -0.00000767 -1.00000000
vn 0.00003568 0.00000254 -1.00000000
vn -0.09801728 -0.99518471 0.00000000
vn -0.29028364 -0.95694065 0.00000000
vn -0.47139702 -0.88192111 0.00000000
vn -0.63439299 -0.77301070 0.00000000
vn -0.77301027 -0.63439350 0.00000000
vn -0.88192077 -0.47139767 0.00000000
vn -0.95694048 -0.29028420 0.00000000
vn -0.99518468 -0.09801757 0.00000000
vn -0.99518471 0.09801728 0.00000000
vn -0.95694059 0.29028383 0.00000000
vn -0.97463635 0.22379452 0.00000000
vn -0.77301188 0.63439155 0.00000000
vn -0.63439333 0.77301042 0.00000000
vn -0.47139724 0.88192100 0.00000000
vn -0.29028397 0.95694055 0.00000000
vn -0.09801749 0.99518469 0.00000000
vn 0.09801724 0.99518472 0.00000000
vn 0.42901994 0.90329502 0.00000000
vn 0.68516328 0.72838951 0.00000000
vn 0.17156099 0.98517350 0.00000000
vn 0.68097818 -0.73230370 0.00000000
vn 1.00000000 0.00000015 0.00000000
vn 0.68097671 0.73230507 0.00000000
vn 0.16125305 -0.98691309 0.00000000
vn 0.47139468 -0.88192236 0.00000000
vn 0.29028377 -0.95694061 0.00000000
vn 0.09801599 -0.99518484 0.00000000
vn 0.09801680 0.99518476 0.00000000
vn 0.29028573 0.95694002 0.00000000
vn 0.47139622 0.88192154 0.00000000
vn 0.63439391 0.77300994 0.00000000
vn 0.77300977 0.63439412 0.00000000
vn 0.88192103 0.47139718 0.00000000
vn 0.95694048 0.29028419 0.00000000
vn 0.99518462 0.09801821 0.00000000
vn 0.99518471 -0.09801726 0.00000000
vn 0.95694020 -0.29028512 0.00000000
vn 0.88192214 -0.47139511 0.00000000
vn 0.77300996 -0.63439388 0.00000000
vn 0.63439374 -0.77301008 0.00000000
vn 0.47139688 -0.88192119 0.00000000
vn 0.29028480 -0.95694030 0.00000000
vn 0.09801654 -0.99518479 0.00000000
vn -0.09801753 -0.99518469 0.00000000
vn -0.29028472 -0.95694032 0.00000000
vn -0.47139615 -0.88192158 0.00000000
vn -0.63439377 -0.77301005 0.00000000
vn -0.77301079 -0.63439288 0.00000000
vn -0.88192173 -0.47139586 0.00000000
vn -0.95694036 -0.29028461 0.00000000
vn -0.99518496 -0.09801475 0.00000000
vn -0.99518482 0.09801623 0.00000000
vn -0.95693970 0.29028676 0.00000000
vn -0.88192133 0.47139662 0.00000000
vn -0.77300961 0.63439431 0.00000000
vn -0.63439248 0.77301112 0.00000000
vn -0.47139556 0.88192189 0.00000000
vn -0.29028233 0.95694105 0.00000000
vn -0.09801763 0.99518468 0.00000000
vn -0.98473546 0.17405768 0.00000000
vn -0.99462140 -0.10357738 0.00000000
vn -0.98894664 -0.14827183 0.00000000
vn 0.99901262 0.04442741 0.00000000
vn 0.89578672 0.44448414 0.00000000
vn -0.99518487 0.09801564 0.00000000
vn -0.00008966 -0.00001275 -1.00000000
vn -0.00001996 0.00000619 -1.00000000
vn -0.88192106 0.47139712 0.00000009
vn -0.77300986 0.63439401 0.00000008
vn -0.77301035 0.63439341 0.00000000
vn -0.77301270 0.63439054 0.00000000
vn 0.99518482 -0.09801623 0.00000000
vn -0.95693939 -0.29028781 0.00000000
vn -0.99518462 -0.09801820 0.00000000
vn -0.77301028 -0.63439349 0.00000000
vn 0.09801209 -0.99518522 -0.00000109
vn 0.09801447 0.99518499 0.00000000
vn 0.09801447 0.99518499 0.00000000
vn 0.09802079 0.99518437 0.00000000
vn 0.88191939 -0.47140025 0.00000052
vn -0.00002521 -0.00001372 -1.00000000
vn -0.09800059 0.99518636 0.00000000
vn -0.09802091 0.99518435 0.00000000
vn -0.09800059 0.99518636 0.00000000
vn 0.29028627 -0.95693985 0.00000000
vn 0.00001480 -0.00000082 1.00000000
vn -0.00001520 -0.00000088 1.00000000
vn -0.63439282 -0.77301083 0.00000000
vn -0.00003672 -0.00002066 -1.00000000
vn 0.00000080 -0.00000895 -1.00000000
vn -0.00000232 -0.00000155 1.00000000
vn 0.00000224 -0.00000055 1.00000000
vn 0.47139559 0.88192188 0.00000000
vn 0.47139559 0.88192188 0.00000000
vn 0.47139327 0.88192312 0.00000000
vn -0.47139267 -0.88192344 -0.00000121
vn -0.47140314 -0.88191784 -0.00000007
vn -0.47139457 -0.88192242 0.00000000
vn -0.63439306 0.77301064 0.00000000
vn 0.63439711 -0.77300731 0.00000000
vn 0.00000000 0.00000000 -1.00000000
vn 0.95694030 -0.29028480 -0.00000032
vn -0.47139896 0.88192008 0.00000000
vn -0.47139896 0.88192008 0.00000000
vn -0.47140091 0.88191904 0.00000000
vn 0.63439345 0.77301032 0.00000000
vn 0.88191969 0.47139968 0.00000000
vn 0.88191969 0.47139968 0.00000000
vn 0.88192122 0.47139682 0.00000000
vn -0.88192079 -0.47139762 0.00000000
vn -0.88192079 -0.47139762 0.00000000
vn -0.88192125 -0.47139676 0.00000000
vn -0.09800962 -0.99518547 0.00000000
vn -0.09800962 -0.99518547 0.00000000
vn -0.09801156 -0.99518528 0.00000000
vn 0.00002375 -0.00000293 1.00000000
vn -0.00000300 -0.00000108 1.00000000
vn 0.99518482 0.09801624 0.00000000
vn 0.99518451 0.09801936 0.00000000
vn 0.99518482 0.09801624 0.00000000
vn -0.95694061 0.29028379 0.00000000
vn 0.29028615 0.95693989 0.00000000
vn 0.47139642 -0.88192144 0.00000000
vn 0.47139642 -0.88192144 0.00000000
vn 0.47134465 -0.88194910 0.00000000
vn -0.29027856 -0.95694219 -0.00000131
vn 0.95693993 0.29028602 0.00000000
vn -0.29028635 0.95693983 0.00000000
vn 0.77300801 -0.63439626 0.00000070
vn 0.77301369 -0.63438934 0.00000003
vn 0.77301333 -0.63438978 0.00000070
vn 0.00000551 0.00000078 1.00000000
vn 0.77300973 0.63439416 0.00000000
vt 0.00000000 0.00000000
vt 0.00000000 0.00000000
vt 0.00000000 0.00000000
vt 0.00000000 0.00000000
vt 0.00000000 0.00000000
vt 0.00000000 0.00000000
vt 0.00000000 0.00000000
vt 0.00000000 0.00000000
vt 0.00000000 0.00000000
vt 0.00000000 0.00000000
vt 0.00000000 0.00000000
vt 0.00000000 0.00000000
vt 0.00000000 0.00000000
vt 0.00000000 0.00000000
vt 0.00000000 0.00000000
vt 0.00000000 0.00000000
vt 0.00000000 0.00000000
vt 0.00000000 0.00000000
vt 0.00000000 0.00000000
vt 0.00000000 0.00000000
vt 0.00000000 0.00000000
vt 0.00000000 0.00000000
vt 0.00000000 0.00000000
vt 0.00000000 0.00000000
vt 0.00000000 0.00000000
vt 0.00000000 0.00000000
vt 0.00000000 0.00000000
vt 0.00000000 0.00000000
vt 0.00000000 0.00000000
vt 0.00000000 0.00000000
vt 0.00000000 0.00000000
vt 0.00000000 0.00000000
vt 0.00000000 0.00000000
vt 0.00000000 0.00000000
vt 0.00000000 0.00000000
vt 0.00000000 0.00000000
vt 0.00000000 0.00000000
vt 0.00000000 0.00000000
vt 0.00000000 0.00000000
vt 0.00000000 0.00000000
vt 0.00000000 0.00000000
vt 0.00000000 0.00000000
vt 0.00000000 0.00000000
vt 0.00000000 0.00000000
vt 0.00000000 0.00000000
vt 0.00000000 0.00000000
vt 0.00000000 0.00000000
vt 0.00000000 0.00000000
vt 0.00000000 0.00000000
vt 0.00000000 0.00000000
vt 0.00000000 0.00000000
vt 0.00000000 0.00000000
vt 0.00000000 0.00000000
vt 0.00000000 0.00000000
vt 0.00000000 0.00000000
vt 0.00000000 0.00000000
vt 0.00000000 0.00000000
vt 0.00000000 0.00000000
vt 0.00000000 0.00000000
vt 0.00000000 0.00000000
vt 0.00000000 0.00000000
vt 0.00000000 0.00000000
vt 0.00000000 0.00000000
vt 0.00000000 0.00000000
vt 0.00000000 0.00000000
vt 0.00000000 0.00000000
vt 0.00000000 0.00000000
vt 0.00000000 0.00000000
vt 0.00000000 0.00000000
vt 0.00000000 0.00000000
vt 0.00000000 0.00000000
vt 0.00000000 0.00000000
vt 0.00000000 0.00000000
vt 0.00000000 0.00000000
vt 0.00000000 0.00000000
vt 0.00000000 0.00000000
vt 0.00000000 0.00000000
vt 0.00000000 0.00000000
vt 0.00000000 0.00000000
vt 0.00000000 0.00000000
vt 0.00000000 0.00000000
vt 0.00000000 0.00000000
vt 0.00000000 0.00000000
vt 0.00000000 0.00000000
vt 0.00000000 0.00000000
vt 0.00000000 0.00000000
vt 0.00000000 0.00000000
vt 0.00000000 0.00000000
vt 0.00000000 0.00000000
vt 0.00000000 0.00000000
vt 0.00000000 0.00000000
vt 0.00000000 0.00000000
vt 0.00000000 0.00000000
vt 0.00000000 0.00000000
vt 0.00000000 0.00000000
vt 0.00000000 0.00000000
vt 0.00000000 0.00000000
vt 0.00000000 0.00000000
vt 0.00000000 0.00000000
vt 0.00000000 0.00000000
vt 0.00000000 0.00000000
vt 0.00000000 0.00000000
vt 0.00000000 0.00000000
vt 0.00000000 0.00000000
vt 0.00000000 0.00000000
vt 0.00000000 0.00000000
vt 0.00000000 0.00000000
vt 0.00000000 0.00000000
vt 0.00000000 0.00000000
vt 0.00000000 0.00000000
vt 0.00000000 0.00000000
vt 0.00000000 0.00000000
vt 0.00000000 0.00000000
vt 0.00000000 0.00000000
vt 0.00000000 0.00000000
vt 0.00000000 0.00000000
vt 0.00000000 0.00000000
vt 0.00000000 0.00000000
vt 0.00000000 0.00000000
vt 0.00000000 0.00000000
vt 0.00000000 0.00000000
vt 0.00000000 0.00000000
vt 0.00000000 0.00000000
vt 0.00000000 0.00000000
vt 0.00000000 0.00000000
vt 0.00000000 0.00000000
vt 0.00000000 0.00000000
vt 0.00000000 0.00000000
vt 0.00000000 0.00000000
vt 0.00000000 0.00000000
vt 0.00000000 0.00000000
vt 0.00000000 0.00000000
vt 0.00000000 0.00000000
vt 0.00000000 0.00000000
vt 0.00000000 0.00000000
vt 0.00000000 0.00000000
vt 0.00000000 0.00000000
vt 0.00000000 0.00000000
vt 0.00000000 0.00000000
vt 0.00000000 0.00000000
vt 0.00000000 0.00000000
vt 0.00000000 0.00000000
vt 0.00000000 0.00000000
vt 0.00000000 0.00000000
vt 0.00000000 0.00000000
vt 0.00000000 0.00000000
vt 0.00000000 0.00000000
vt 0.00000000 0.00000000
vt 0.00000000 0.00000000
vt 0.00000000 0.00000000
vt 0.00000000 0.00000000
vt 0.00000000 0.00000000
vt 0.00000000 0.00000000
vt 0.00000000 0.00000000
vt 0.00000000 0.00000000
vt 0.00000000 0.00000000
vt 0.00000000 0.00000000
vt 0.00000000 0.00000000
vt 0.00000000 0.00000000
vt 0.00000000 0.00000000
vt 0.00000000 0.00000000
vt 0.00000000 0.00000000
vt 0.00000000 0.00000000
vt 0.00000000 0.00000000
vt 0.00000000 0.00000000
vt 0.00000000 0.00000000
vt 0.00000000 0.00000000
vt 0.00000000 0.00000000
vt 0.00000000 0.00000000
vt 0.00000000 0.00000000
vt 0.00000000 0.00000000
vt 0.00000000 0.00000000
vt 0.00000000 0.00000000
vt 0.00000000 0.00000000
vt 0.00000000 0.00000000
vt 0.00000000 0.00000000
vt 0.00000000 0.00000000
vt 0.00000000 0.00000000
vt 0.00000000 0.00000000
vt 0.00000000 0.00000000
vt 0.00000000 0.00000000
vt 0.00000000 0.00000000
vt 0.00000000 0.00000000
vt 0.00000000 0.00000000
vt 0.00000000 0.00000000
vt 0.00000000 0.00000000
vt 0.00000000 0.00000000
vt 0.00000000 0.00000000
vt 0.00000000 0.00000000
vt 0.00000000 0.00000000
vt 0.00000000 0.00000000
vt 0.00000000 0.00000000
vt 0.00000000 0.00000000
vt 0.00000000 0.00000000
vt 0.00000000 0.00000000
vt 0.00000000 0.00000000
vt 0.00000000 0.00000000
vt 0.00000000 0.00000000
vt 0.00000000 0.00000000
vt 0.00000000 0.00000000
vt 0.00000000 0.00000000
vt 0.00000000 0.00000000
vt 0.00000000 0.00000000
vt 0.00000000 0.00000000
vt 0.00000000 0.00000000
vt 0.00000000 0.00000000
vt 0.00000000 0.00000000
vt 0.00000000 0.00000000
vt 0.00000000 0.00000000
vt 0.00000000 0.00000000
vt 0.00000000 0.00000000
vt 0.00000000 0.00000000
vt 0.00000000 0.00000000
vt 0.00000000 0.00000000
vt 0.00000000 0.00000000
vt 0.00000000 0.00000000
vt 0.00000000 0.00000000
vt 0.00000000 0.00000000
vt 0.00000000 0.00000000
vt 0.00000000 0.00000000
vt 0.00000000 0.00000000
vt 0.00000000 0.00000000
vt 0.00000000 0.00000000
vt 0.00000000 0.00000000
vt 0.00000000 0.00000000
vt 0.00000000 0.00000000
vt 0.00000000 0.00000000
vt 0.00000000 0.00000000
vt 0.00000000 0.00000000
vt 0.00000000 0.00000000
vt 0.00000000 0.00000000
vt 0.00000000 0.00000000
vt 0.00000000 0.00000000
vt 0.00000000 0.00000000
vt 0.00000000 0.00000000
vt 0.00000000 0.00000000
vt 0.00000000 0.00000000
vt 0.00000000 0.00000000
vt 0.00000000 0.00000000
vt 0.00000000 0.00000000
vt 0.00000000 0.00000000
vt 0.00000000 0.00000000
vt 0.00000000 0.00000000
vt 0.00000000 0.00000000
vt 0.00000000 0.00000000
vt 0.00000000 0.00000000
vt 0.00000000 0.00000000
vt 0.00000000 0.00000000
vt 0.00000000 0.00000000
vt 0.00000000 0.00000000
vt 0.00000000 0.00000000
vt 0.00000000 0.00000000
vt 0.00000000 0.00000000
vt 0.00000000 0.00000000
vt 0.00000000 0.00000000
vt 0.00000000 0.00000000
vt 0.00000000 0.00000000
vt 0.00000000 0.00000000
vt 0.00000000 0.00000000
vt 0.00000000 0.00000000
vt 0.00000000 0.00000000
vt 0.00000000 0.00000000
vt 0.00000000 0.00000000
vt 0.00000000 0.00000000
vt 0.00000000 0.00000000
vt 0.00000000 0.00000000
vt 0.00000000 0.00000000
vt 0.00000000 0.00000000
vt 0.00000000 0.00000000
vt 0.00000000 0.00000000
vt 0.00000000 0.00000000
vt 0.00000000 0.00000000
vt 0.00000000 0.00000000
vt 0.00000000 0.00000000
vt 0.00000000 0.00000000
vt 0.00000000 0.00000000
vt 0.00000000 0.00000000
vt 0.00000000 0.00000000
vt 0.00000000 0.00000000
vt 0.00000000 0.00000000
vt 0.00000000 0.00000000
vt 0.00000000 0.00000000
vt 0.00000000 0.00000000
vt 0.00000000 0.00000000
vt 0.00000000 0.00000000
vt 0.00000000 0.00000000
vt 0.00000000 0.00000000
vt 0.00000000 0.00000000
vt 0.00000000 0.00000000
vt 0.00000000 0.00000000
vt 0.00000000 0.00000000
vt 0.00000000 0.00000000
vt 0.00000000 0.00000000
vt 0.00000000 0.00000000
vt 0.00000000 0.00000000
vt 0.00000000 0.00000000
vt 0.00000000 0.00000000
vt 0.00000000 0.00000000
vt 0.00000000 0.00000000
vt 0.00000000 0.00000000
vt 0.00000000 0.00000000
vt 0.00000000 0.00000000
vt 0.00000000 0.00000000
vt 0.00000000 0.00000000
vt 0.00000000 0.00000000
vt 0.00000000 0.00000000
vt 0.00000000 0.00000000
vt 0.00000000 0.00000000
vt 0.00000000 0.00000000
vt 0.00000000 0.00000000
vt 0.00000000 0.00000000
vt 0.00000000 0.00000000
vt 0.00000000 0.00000000
vt 0.00000000 0.00000000
vt 0.00000000 0.00000000
vt 0.00000000 0.00000000
vt 0.00000000 0.00000000
vt 0.00000000 0.00000000
vt 0.00000000 0.00000000
vt 0.00000000 0.00000000
vt 0.00000000 0.00000000
vt 0.00000000 0.00000000
vt 0.00000000 0.00000000
vt 0.00000000 0.00000000
vt 0.00000000 0.00000000
vt 0.00000000 0.00000000
vt 0.00000000 0.00000000
vt 0.00000000 0.00000000
vt 0.00000000 0.00000000
vt 0.00000000 0.00000000
vt 0.00000000 0.00000000
vt 0.00000000 0.00000000
vt 0.00000000 0.00000000
vt 0.00000000 0.00000000
vt 0.00000000 0.00000000
vt 0.00000000 0.00000000
vt 0.00000000 0.00000000
vt 0.00000000 0.00000000
vt 0.00000000 0.00000000
vt 0.00000000 0.00000000
vt 0.00000000 0.00000000
vt 0.00000000 0.00000000
vt 0.00000000 0.00000000
vt 0.00000000 0.00000000
vt 0.00000000 0.00000000
vt 0.00000000 0.00000000
vt 0.00000000 0.00000000
vt 0.00000000 0.00000000
vt 0.00000000 0.00000000
vt 0.00000000 0.00000000
vt 0.00000000 0.00000000
vt 0.00000000 0.00000000
vt 0.00000000 0.00000000
vt 0.00000000 0.00000000
vt 0.00000000 0.00000000
vt 0.00000000 0.00000000
vt 0.00000000 0.00000000
vt 0.00000000 0.00000000
vt 0.00000000 0.00000000
vt 0.00000000 0.00000000
vt 0.00000000 0.00000000
vt 0.00000000 0.00000000
vt 0.00000000 0.00000000
vt 0.00000000 0.00000000
vt 0.00000000 0.00000000
vt 0.00000000 0.00000000
vt 0.00000000 0.00000000
vt 0.00000000 0.00000000
vt 0.00000000 0.00000000
vt 0.00000000 0.00000000
vt 0.00000000 0.00000000
vt 0.00000000 0.00000000
vt 0.00000000 0.00000000
vt 0.00000000 0.00000000
vt 0.00000000 0.00000000
vt 0.00000000 0.00000000
vt 0.00000000 0.00000000
vt 0.00000000 0.00000000
vt 0.00000000 0.00000000
vt 0.00000000 0.00000000
vt 0.00000000 0.00000000
vt 0.00000000 0.00000000
vt 0.00000000 0.00000000
vt 0.00000000 0.00000000
vt 0.00000000 0.00000000
vt 0.00000000 0.00000000
vt 0.00000000 0.00000000
vt 0.00000000 0.00000000
vt 0.00000000 0.00000000
vt 0.00000000 0.00000000
vt 0.00000000 0.00000000
vt 0.00000000 0.00000000
vt 0.00000000 0.00000000
vt 0.00000000 0.00000000
vt 0.00000000 0.00000000
vt 0.00000000 0.00000000
vt 0.00000000 0.00000000
vt 0.00000000 0.00000000
vt 0.00000000 0.00000000
vt 0.00000000 0.00000000
vt 0.00000000 0.00000000
vt 0.00000000 0.00000000
vt 0.00000000 0.00000000
vt 0.00000000 0.00000000
vt 0.00000000 0.00000000
vt 0.00000000 0.00000000
vt 0.00000000 0.00000000
vt 0.00000000 0.00000000
vt 0.00000000 0.00000000
vt 0.00000000 0.00000000
vt 0.00000000 0.00000000
vt 0.00000000 0.00000000
vt 0.00000000 0.00000000
vt 0.00000000 0.00000000
vt 0.00000000 0.00000000
vt 0.00000000 0.00000000
vt 0.00000000 0.00000000
vt 0.00000000 0.00000000
vt 0.00000000 0.00000000
vt 0.00000000 0.00000000
vt 0.00000000 0.00000000
vt 0.00000000 0.00000000
vt 0.00000000 0.00000000
vt 0.00000000 0.00000000
vt 0.00000000 0.00000000
vt 0.00000000 0.00000000
vt 0.00000000 0.00000000
vt 0.00000000 0.00000000
vt 0.00000000 0.00000000
vt 0.00000000 0.00000000
vt 0.00000000 0.00000000
vt 0.00000000 0.00000000
vt 0.00000000 0.00000000
vt 0.00000000 0.00000000
vt 0.00000000 0.00000000
vt 0.00000000 0.00000000
vt 0.00000000 0.00000000
vt 0.00000000 0.00000000
vt 0.00000000 0.00000000
vt 0.00000000 0.00000000
vt 0.00000000 0.00000000
vt 0.00000000 0.00000000
vt 0.00000000 0.00000000
vt 0.00000000 0.00000000
vt 0.00000000 0.00000000
vt 0.00000000 0.00000000
vt 0.00000000 0.00000000
vt 0.00000000 0.00000000
vt 0.00000000 0.00000000
vt 0.00000000 0.00000000
vt 0.00000000 0.00000000
vt 0.00000000 0.00000000
vt 0.00000000 0.00000000
vt 0.00000000 0.00000000
vt 0.00000000 0.00000000
vt 0.00000000 0.00000000
vt 0.00000000 0.00000000
vt 0.00000000 0.00000000
vt 0.00000000 0.00000000
vt 0.00000000 0.00000000
vt 0.00000000 0.00000000
vt 0.00000000 0.00000000
vt 0.00000000 0.00000000
vt 0.00000000 0.00000000
vt 0.00000000 0.00000000
vt 0.00000000 0.00000000
vt 0.00000000 0.00000000
vt 0.00000000 0.00000000
vt 0.00000000 0.00000000
vt 0.00000000 0.00000000
vt 0.00000000 0.00000000
vt 0.00000000 0.00000000
vt 0.00000000 0.00000000
vt 0.00000000 0.00000000
vt 0.00000000 0.00000000
vt 0.00000000 0.00000000
vt 0.00000000 0.00000000
vt 0.00000000 0.00000000
vt 0.00000000 0.00000000
vt 0.00000000 0.00000000
vt 0.00000000 0.00000000
vt 0.00000000 0.00000000
vt 0.00000000 0.00000000
vt 0.00000000 0.00000000
vt 0.00000000 0.00000000
vt 0.00000000 0.00000000
vt 0.00000000 0.00000000
vt 0.00000000 0.00000000
vt 0.00000000 0.00000000
vt 0.00000000 0.00000000
vt 0.00000000 0.00000000
vt 0.00000000 0.00000000
vt 0.00000000 0.00000000
vt 0.00000000 0.00000000
vt 0.00000000 0.00000000
vt 0.00000000 0.00000000
vt 0.00000000 0.00000000
vt 0.00000000 0.00000000
vt 0.00000000 0.00000000
vt 0.00000000 0.00000000
vt 0.00000000 0.00000000
vt 0.00000000 0.00000000
vt 0.00000000 0.00000000
vt 0.00000000 0.00000000
vt 0.00000000 0.00000000
vt 0.00000000 0.00000000
vt 0.00000000 0.00000000
vt 0.00000000 0.00000000
vt 0.00000000 0.00000000
vt 0.00000000 0.00000000
vt 0.00000000 0.00000000
vt 0.00000000 0.00000000
vt 0.00000000 0.00000000
vt 0.00000000 0.00000000
vt 0.00000000 0.00000000
vt 0.00000000 0.00000000
vt 0.00000000 0.00000000
vt 0.00000000 0.00000000
vt 0.00000000 0.00000000
vt 0.00000000 0.00000000
vt 0.00000000 0.00000000
vt 0.00000000 0.00000000
vt 0.00000000 0.00000000
vt 0.00000000 0.00000000
vt 0.00000000 0.00000000
vt 0.00000000 0.00000000
vt 0.00000000 0.00000000
vt 0.00000000 0.00000000
vt 0.00000000 0.00000000
vt 0.00000000 0.00000000
vt 0.00000000 0.00000000
vt 0.00000000 0.00000000
vt 0.00000000 0.00000000
vt 0.00000000 0.00000000
vt 0.00000000 0.00000000
vt 0.00000000 0.00000000
vt 0.00000000 0.00000000
vt 0.00000000 0.00000000
vt 0.00000000 0.00000000
vt 0.00000000 0.00000000
vt 0.00000000 0.00000000
vt 0.00000000 0.00000000
vt 0.00000000 0.00000000
vt 0.00000000 0.00000000
vt 0.00000000 0.00000000
vt 0.00000000 0.00000000
vt 0.00000000 0.00000000
vt 0.00000000 0.00000000
vt 0.00000000 0.00000000
vt 0.00000000 0.00000000
vt 0.00000000 0.00000000
vt 0.00000000 0.00000000
vt 0.00000000 0.00000000
vt 0.00000000 0.00000000
vt 0.00000000 0.00000000
vt 0.00000000 0.00000000
vt 0.00000000 0.00000000
vt 0.00000000 0.00000000
vt 0.00000000 0.00000000
vt 0.00000000 0.00000000
vt 0.00000000 0.00000000
vt 0.00000000 0.00000000
vt 0.00000000 0.00000000
vt 0.00000000 0.00000000
vt 0.00000000 0.00000000
vt 0.00000000 0.00000000
vt 0.00000000 0.00000000
vt 0.00000000 0.00000000
vt 0.00000000 0.00000000
vt 0.00000000 0.00000000
vt 0.00000000 0.00000000
vt 0.00000000 0.00000000
vt 0.00000000 0.00000000
vt 0.00000000 0.00000000
vt 0.00000000 0.00000000
vt 0.00000000 0.00000000
vt 0.00000000 0.00000000
vt 0.00000000 0.00000000
vt 0.00000000 0.00000000
vt 0.00000000 0.00000000
vt 0.00000000 0.00000000
vt 0.00000000 0.00000000
vt 0.00000000 0.00000000
vt 0.00000000 0.00000000
vt 0.00000000 0.00000000
vt 0.00000000 0.00000000
vt 0.00000000 0.00000000
vt 0.00000000 0.00000000
vt 0.00000000 0.00000000
vt 0.00000000 0.00000000
vt 0.00000000 0.00000000
vt 0.00000000 0.00000000
vt 0.00000000 0.00000000
vt 0.00000000 0.00000000
vt 0.00000000 0.00000000
vt 0.00000000 0.00000000
vt 0.00000000 0.00000000
vt 0.00000000 0.00000000
vt 0.00000000 0.00000000
vt 0.00000000 0.00000000
vt 0.00000000 0.00000000
vt 0.00000000 0.00000000
vt 0.00000000 0.00000000
vt 0.00000000 0.00000000
vt 0.00000000 0.00000000
vt 0.00000000 0.00000000
vt 0.00000000 0.00000000
vt 0.00000000 0.00000000
vt 0.00000000 0.00000000
vt 0.00000000 0.00000000
vt 0.00000000 0.00000000
vt 0.00000000 0.00000000
vt 0.00000000 0.00000000
vt 0.00000000 0.00000000
vt 0.00000000 0.00000000
vt 0.00000000 0.00000000
vt 0.00000000 0.00000000
vt 0.00000000 0.00000000
vt 0.00000000 0.00000000
vt 0.00000000 0.00000000
vt 0.00000000 0.00000000
vt 0.00000000 0.00000000
vt 0.00000000 0.00000000
vt 0.00000000 0.00000000
vt 0.00000000 0.00000000
vt 0.00000000 0.00000000
vt 0.00000000 0.00000000
vt 0.00000000 0.00000000
vt 0.00000000 0.00000000
vt 0.00000000 0.00000000
vt 0.00000000 0.00000000
vt 0.00000000 0.00000000
vt 0.00000000 0.00000000
vt 0.00000000 0.00000000
vt 0.00000000 0.00000000
vt 0.00000000 0.00000000
vt 0.00000000 0.00000000
vt 0.00000000 0.00000000
vt 0.00000000 0.00000000
vt 0.00000000 0.00000000
vt 0.00000000 0.00000000
vt 0.00000000 0.00000000
vt 0.00000000 0.00000000
vt 0.00000000 0.00000000
vt 0.00000000 0.00000000
vt 0.00000000 0.00000000
vt 0.00000000 0.00000000
vt 0.00000000 0.00000000
vt 0.00000000 0.00000000
vt 0.00000000 0.00000000
vt 0.00000000 0.00000000
vt 0.00000000 0.00000000
vt 0.00000000 0.00000000
vt 0.00000000 0.00000000
vt 0.00000000 0.00000000
vt 0.00000000 0.00000000
vt 0.00000000 0.00000000
vt 0.00000000 0.00000000
vt 0.00000000 0.00000000
vt 0.00000000 0.00000000
vt 0.00000000 0.00000000
vt 0.00000000 0.00000000
vt 0.00000000 0.00000000
vt 0.00000000 0.00000000
f 665/665/665 666/666/666 667/667/667
f 668/668/668 669/669/669 670/670/670
f 671/671/671 672/672/672 673/673/673
f 674/674/674 675/675/675 676/676/676
f 677/677/677 678/678/678 679/679/679
f 680/680/680 681/681/681 682/682/682
f 683/683/683 684/684/684 685/685/685
f 686/686/686 687/687/687 688/688/688
f 667/667/667 689/689/689 690/690/690
f 691/691/691 692/692/692 693/693/693
f 694/694/694 675/675/675 695/695/695
f 679/679/679 696/696/696 697/697/697
f 698/698/698 699/699/699 700/700/700
f 683/683/683 701/701/701 702/702/702
f 688/688/688 703/703/703 704/704/704
f 705/705/705 706/706/706 707/707/707
f 708/708/708 692/692/692 709/709/709
f 694/694/694 710/710/710 711/711/711
f 697/697/697 712/712/712 713/713/713
f 714/714/714 715/715/715 716/716/716
f 702/702/702 717/717/717 718/718/718
f 704/704/704 719/719/719 720/720/720
f 707/707/707 721/721/721 722/722/722
f 723/723/723 709/709/709 724/724/724
f 711/711/711 725/725/725 668/668/668
f 713/713/713 726/726/726 665/665/665
f 727/727/727 728/728/728 729/729/729
f 718/718/718 730/730/730 674/674/674
f 720/720/720 731/731/731 677/677/677
f 732/732/732 733/733/733 734/734/734
f 735/735/735 724/724/724 684/684/684
f 670/670/670 736/736/736 686/686/686
f 737/737/737 738/738/738 705/705/705
f 739/739/739 740/740/740 737/737/737
f 690/690/690 741/741/741 739/739/739
f 691/691/691 742/742/742 743/743/743
f 744/744/744 673/673/673 742/742/742
f 745/745/745 746/746/746 747/747/747
f 748/748/748 749/749/749 750/750/750
f 751/751/751 752/752/752 753/753/753
f 754/754/754 755/755/755 756/756/756
f 757/757/757 758/758/758 759/759/759
f 760/760/760 761/761/761 762/762/762
f 763/763/763 764/764/764 765/765/765
f 766/766/766 767/767/767 768/768/768
f 769/769/769 747/747/747 770/770/770
f 771/771/771 772/772/772 773/773/773
f 774/774/774 754/754/754 756/756/756
f 775/775/775 759/759/759 776/776/776
f 777/777/777 778/778/778 779/779/779
f 780/780/780 763/763/763 781/781/781
f 782/782/782 768/768/768 783/783/783
f 784/784/784 785/785/785 786/786/786
f 787/787/787 771/771/771 773/773/773
f 788/788/788 774/774/774 789/789/789
f 790/790/790 776/776/776 791/791/791
f 792/792/792 793/793/793 794/794/794
f 795/795/795 781/781/781 796/796/796
f 797/797/797 783/783/783 798/798/798
f 799/799/799 784/784/784 786/786/786
f 800/800/800 801/801/801 787/787/787
f 802/802/802 789/789/789 749/749/749
f 803/803/803 791/791/791 746/746/746
f 804/804/804 805/805/805 806/806/806
f 807/807/807 796/796/796 755/755/755
f 808/808/808 798/798/798 758/758/758
f 809/809/809 810/810/810 811/811/811
f 765/765/765 812/812/812 800/800/800
f 813/813/813 750/750/750 767/767/767
f 814/814/814 815/815/815 785/785/785
f 816/816/816 817/817/817 815/815/815
f 818/818/818 770/770/770 817/817/817
f 772/772/772 819/819/819 820/820/820
f 820/820/820 821/821/821 751/751/751
f 822/822/822 823/823/823 824/824/824
f 825/825/825 826/826/826 827/827/827
f 828/828/828 829/829/829 830/830/830
f 831/831/831 832/832/832 833/833/833
f 834/834/834 835/835/835 836/836/836
f 837/837/837 838/838/838 839/839/839
f 840/840/840 841/841/841 842/842/842
f 843/843/843 844/844/844 845/845/845
f 846/846/846 847/847/847 848/848/848
f 849/849/849 850/850/850 851/851/851
f 852/852/852 853/853/853 854/854/854
f 855/855/855 856/856/856 857/857/857
f 858/858/858 859/859/859 860/860/860
f 861/861/861 862/862/862 863/863/863
f 864/864/864 865/865/865 866/866/866
f 867/867/867 868/868/868 869/869/869
f 870/870/870 871/871/871 872/872/872
f 873/873/873 874/874/874 875/875/875
f 876/876/876 877/877/877 878/878/878
f 879/879/879 880/880/880 881/881/881
f 882/882/882 883/883/883 884/884/884
f 885/885/885 886/886/886 887/887/887
f 888/888/888 889/889/889 885/885/885
f 890/890/890 891/891/891 888/888/888
f 892/892/892 893/893/893 890/890/890
f 894/894/894 895/895/895 892/892/892
f 894/894/894 896/896/896 897/897/897
f 898/898/898 899/899/899 900/900/900
f 901/901/901 902/902/902 903/903/903
f 904/904/904 905/905/905 906/906/906
f 907/907/907 908/908/908 909/909/909
f 910/910/910 911/911/911 912/912/912
f 913/913/913 914/914/914 915/915/915
f 916/916/916 917/917/917 918/918/918
f 919/919/919 920/920/920 921/921/921
f 922/922/922 923/923/923 924/924/924
f 925/925/925 926/926/926 927/927/927
f 928/928/928 929/929/929 930/930/930
f 931/931/931 932/932/932 933/933/933
f 934/934/934 935/935/935 936/936/936
f 937/937/937 938/938/938 939/939/939
f 940/940/940 941/941/941 942/942/942
f 943/943/943 944/944/944 945/945/945
f 946/946/946 947/947/947 948/948/948
f 949/949/949 950/950/950 951/951/951
f 952/952/952 953/953/953 954/954/954
f 955/955/955 956/956/956 957/957/957
f 958/958/958 959/959/959 960/960/960
f 961/961/961 962/962/962 963/963/963
f 964/964/964 965/965/965 966/966/966
f 967/967/967 968/968/968 969/969/969
f 970/970/970 971/971/971 972/972/972
f 973/973/973 974/974/974 975/975/975
f 976/976/976 977/977/977 978/978/978
f 979/979/979 980/980/980 981/981/981
f 982/982/982 983/983/983 984/984/984
f 985/985/985 986/986/986 987/987/987
f 988/988/988 989/989/989 990/990/990
f 991/991/991 992/992/992 993/993/993
f 994/994/994 995/995/995 996/996/996
f 997/997/997 998/998/998 999/999/999
f 1000/1000/1000 1001/1001/1001 1002/1002/1002
f 1003/1003/1003 1004/1004/1004 1005/1005/1005
f 1006/1006/1006 1007/1007/1007 1008/1008/1008
f 1009/1009/1009 1010/1010/1010 1011/1011/1011
f 1012/1012/1012 1013/1013/1013 1014/1014/1014
f 1015/1015/1015 1016/1016/1016 1017/1017/1017
f 1018/1018/1018 1019/1019/1019 1020/1020/1020
f 1021/1021/1021 1022/1022/1022 1018/1018/1018
f 943/943/943 1023/1023/1023 1021/1021/1021
f 1024/1024/1024 1025/1025/1025 1026/1026/1026
f 1027/1027/1027 1028/1028/1028 1029/1029/1029
f 1030/1030/1030 1031/1031/1031 1032/1032/1032
f 969/969/969 1033/1033/1033 1030/1030/1030
f 1034/1034/1034 1035/1035/1035 1036/1036/1036
f 1037/1037/1037 1038/1038/1038 1039/1039/1039
f 1040/1040/1040 1041/1041/1041 1042/1042/1042
f 1043/1043/1043 1044/1044/1044 1045/1045/1045
f 1046/1046/1046 1047/1047/1047 1048/1048/1048
f 1049/1049/1049 1050/1050/1050 1051/1051/1051
f 1052/1052/1052 1053/1053/1053 1054/1054/1054
f 1055/1055/1055 1056/1056/1056 1057/1057/1057
f 1058/1058/1058 1059/1059/1059 1060/1060/1060
f 1061/1061/1061 1062/1062/1062 1063/1063/1063
f 1064/1064/1064 1065/1065/1065 1066/1066/1066
f 1067/1067/1067 1039/1039/1039 1068/1068/1068
f 1069/1069/1069 1070/1070/1070 1071/1071/1071
f 1072/1072/1072 1073/1073/1073 1074/1074/1074
f 1075/1075/1075 1076/1076/1076 1077/1077/1077
f 1078/1078/1078 1079/1079/1079 1080/1080/1080
f 1081/1081/1081 1082/1082/1082 1083/1083/1083
f 1084/1084/1084 1085/1085/1085 1086/1086/1086
f 1087/1087/1087 1088/1088/1088 1089/1089/1089
f 1090/1090/1090 1091/1091/1091 1092/1092/1092
f 1093/1093/1093 1094/1094/1094 1095/1095/1095
f 1096/1096/1096 1097/1097/1097 1098/1098/1098
f 1099/1099/1099 1100/1100/1100 1101/1101/1101
f 1102/1102/1102 1103/1103/1103 1104/1104/1104
f 1105/1105/1105 1106/1106/1106 1107/1107/1107
f 1108/1108/1108 1109/1109/1109 1110/1110/1110
f 1111/1111/1111 1112/1112/1112 1113/1113/1113
f 1114/1114/1114 1115/1115/1115 1116/1116/1116
f 1117/1117/1117 1118/1118/1118 1119/1119/1119
f 1120/1120/1120 1077/1077/1077 1121/1121/1121
f 1122/1122/1122 1123/1123/1123 1124/1124/1124
f 1125/1125/1125 1126/1126/1126 1127/1127/1127
f 1128/1128/1128 1129/1129/1129 1130/1130/1130
f 1131/1131/1131 1132/1132/1132 1133/1133/1133
f 1134/1134/1134 1135/1135/1135 1136/1136/1136
f 1137/1137/1137 1138/1138/1138 1139/1139/1139
f 1140/1140/1140 1141/1141/1141 1142/1142/1142
f 1143/1143/1143 1144/1144/1144 1145/1145/1145
f 1146/1146/1146 1147/1147/1147 1148/1148/1148
f 1149/1149/1149 1150/1150/1150 1076/1076/1076
f 1151/1151/1151 1152/1152/1152 1153/1153/1153
f 1154/1154/1154 1155/1155/1155 1156/1156/1156
f 665/665/665 726/726/726 666/666/666
f 668/668/668 725/725/725 669/669/669
f 671/671/671 729/729/729 1157/1157/1157
f 671/671/671 1157/1157/1157 1158/1158/1158
f 1121/1121/1121 673/673/673 1159/1159/1159
f 1160/1160/1160 1159/1159/1159 673/673/673
f 1161/1161/1161 1160/1160/1160 673/673/673
f 671/671/671 1158/1158/1158 1162/1162/1162
f 671/671/671 1162/1162/1162 1163/1163/1163
f 1161/1161/1161 673/673/673 672/672/672
f 671/671/671 1163/1163/1163 672/672/672
f 674/674/674 730/730/730 675/675/675
f 677/677/677 731/731/731 678/678/678
f 1164/1164/1164 698/698/698 680/680/680
f 680/680/680 1165/1165/1165 681/681/681
f 682/682/682 1164/1164/1164 680/680/680
f 683/683/683 735/735/735 684/684/684
f 686/686/686 736/736/736 687/687/687
f 667/667/667 666/666/666 689/689/689
f 691/691/691 743/743/743 692/692/692
f 694/694/694 676/676/676 675/675/675
f 679/679/679 678/678/678 696/696/696
f 714/714/714 700/700/700 1166/1166/1166
f 698/698/698 1164/1164/1164 1167/1167/1167
f 698/698/698 1167/1167/1167 699/699/699
f 1166/1166/1166 700/700/700 699/699/699
f 683/683/683 685/685/685 701/701/701
f 688/688/688 687/687/687 703/703/703
f 705/705/705 738/738/738 706/706/706
f 708/708/708 693/693/693 692/692/692
f 694/694/694 695/695/695 710/710/710
f 697/697/697 696/696/696 712/712/712
f 1168/1168/1168 716/716/716 1169/1169/1169
f 700/700/700 714/714/714 716/716/716
f 1169/1169/1169 716/716/716 715/715/715
f 702/702/702 701/701/701 717/717/717
f 704/704/704 703/703/703 719/719/719
f 1170/1170/1170 732/732/732 707/707/707
f 707/707/707 706/706/706 721/721/721
f 1085/1085/1085 1171/1171/1171 706/706/706
f 722/722/722 1170/1170/1170 707/707/707
f 706/706/706 1171/1171/1171 721/721/721
f 723/723/723 708/708/708 709/709/709
f 711/711/711 710/710/710 725/725/725
f 713/713/713 712/712/712 726/726/726
f 1157/1157/1157 729/729/729 1172/1172/1172
f 716/716/716 1168/1168/1168 729/729/729
f 1168/1168/1168 727/727/727 729/729/729
f 1172/1172/1172 729/729/729 728/728/728
f 718/718/718 717/717/717 730/730/730
f 720/720/720 719/719/719 731/731/731
f 1165/1165/1165 680/680/680 732/732/732
f 732/732/732 1170/1170/1170 1173/1173/1173
f 732/732/732 1173/1173/1173 1174/1174/1174
f 734/734/734 1165/1165/1165 732/732/732
f 732/732/732 1174/1174/1174 733/733/733
f 735/735/735 723/723/723 724/724/724
f 670/670/670 669/669/669 736/736/736
f 737/737/737 740/740/740 738/738/738
f 739/739/739 741/741/741 740/740/740
f 690/690/690 689/689/689 741/741/741
f 691/691/691 744/744/744 742/742/742
f 744/744/744 671/671/671 673/673/673
f 745/745/745 803/803/803 746/746/746
f 748/748/748 802/802/802 749/749/749
f 751/751/751 821/821/821 1175/1175/1175
f 1100/1100/1100 1176/1176/1176 821/821/821
f 1176/1176/1176 1177/1177/1177 821/821/821
f 1178/1178/1178 806/806/806 751/751/751
f 1179/1179/1179 1178/1178/1178 751/751/751
f 821/821/821 1177/1177/1177 1180/1180/1180
f 821/821/821 1180/1180/1180 1175/1175/1175
f 753/753/753 1179/1179/1179 751/751/751
f 751/751/751 1175/1175/1175 752/752/752
f 754/754/754 807/807/807 755/755/755
f 757/757/757 808/808/808 758/758/758
f 762/762/762 779/779/779 1181/1181/1181
f 762/762/762 1181/1181/1181 760/760/760
f 761/761/761 1182/1182/1182 762/762/762
f 763/763/763 1183/1183/1183 764/764/764
f 766/766/766 813/813/813 767/767/767
f 769/769/769 745/745/745 747/747/747
f 771/771/771 1184/1184/1184 772/772/772
f 774/774/774 1185/1185/1185 754/754/754
f 775/775/775 757/757/757 759/759/759
f 779/779/779 1186/1186/1186 777/777/777
f 1186/1186/1186 1187/1187/1187 1188/1188/1188
f 778/778/778 1181/1181/1181 779/779/779
f 1186/1186/1186 1188/1188/1188 777/777/777
f 780/780/780 1183/1183/1183 763/763/763
f 782/782/782 766/766/766 768/768/768
f 784/784/784 814/814/814 785/785/785
f 787/787/787 801/801/801 771/771/771
f 788/788/788 1185/1185/1185 774/774/774
f 790/790/790 775/775/775 776/776/776
f 1186/1186/1186 794/794/794 1187/1187/1187
f 794/794/794 1189/1189/1189 792/792/792
f 793/793/793 1187/1187/1187 794/794/794
f 795/795/795 780/780/780 781/781/781
f 797/797/797 782/782/782 783/783/783
f 786/786/786 811/811/811 1190/1190/1190
f 786/786/786 1190/1190/1190 1191/1191/1191
f 1083/1083/1083 784/784/784 1192/1192/1192
f 799/799/799 1192/1192/1192 784/784/784
f 786/786/786 1191/1191/1191 799/799/799
f 800/800/800 812/812/812 801/801/801
f 802/802/802 788/788/788 789/789/789
f 803/803/803 790/790/790 791/791/791
f 794/794/794 806/806/806 1189/1189/1189
f 806/806/806 1178/1178/1178 1193/1193/1193
f 805/805/805 1189/1189/1189 806/806/806
f 806/806/806 1193/1193/1193 804/804/804
f 807/807/807 795/795/795 796/796/796
f 808/808/808 797/797/797 798/798/798
f 811/811/811 762/762/762 1182/1182/1182
f 811/811/811 1182/1182/1182 1194/1194/1194
f 1195/1195/1195 1190/1190/1190 811/811/811
f 810/810/810 1195/1195/1195 811/811/811
f 811/811/811 1194/1194/1194 809/809/809
f 765/765/765 764/764/764 812/812/812
f 813/813/813 748/748/748 750/750/750
f 814/814/814 816/816/816 815/815/815
f 816/816/816 818/818/818 817/817/817
f 818/818/818 769/769/769 770/770/770
f 772/772/772 1184/1184/1184 819/819/819
f 820/820/820 819/819/819 821/821/821
f 822/822/822 1196/1196/1196 823/823/823
f 825/825/825 1197/1197/1197 826/826/826
f 828/828/828 1198/1198/1198 829/829/829
f 831/831/831 1199/1199/1199 832/832/832
f 834/834/834 1200/1200/1200 835/835/835
f 837/837/837 1201/1201/1201 838/838/838
f 840/840/840 1202/1202/1202 841/841/841
f 843/843/843 1203/1203/1203 844/844/844
f 846/846/846 1204/1204/1204 847/847/847
f 849/849/849 1205/1205/1205 850/850/850
f 852/852/852 1206/1206/1206 853/853/853
f 855/855/855 1207/1207/1207 856/856/856
f 858/858/858 1208/1208/1208 859/859/859
f 861/861/861 1209/1209/1209 862/862/862
f 864/864/864 1210/1210/1210 865/865/865
f 867/867/867 1211/1211/1211 868/868/868
f 870/870/870 1212/1212/1212 871/871/871
f 873/873/873 1213/1213/1213 874/874/874
f 876/876/876 1214/1214/1214 877/877/877
f 879/879/879 1215/1215/1215 880/880/880
f 882/882/882 1216/1216/1216 883/883/883
f 885/885/885 889/889/889 886/886/886
f 888/888/888 891/891/891 889/889/889
f 890/890/890 893/893/893 891/891/891
f 892/892/892 895/895/895 893/893/893
f 894/894/894 897/897/897 895/895/895
f 894/894/894 1217/1217/1217 896/896/896
f 898/898/898 1218/1218/1218 899/899/899
f 901/901/901 1219/1219/1219 902/902/902
f 904/904/904 1220/1220/1220 905/905/905
f 907/907/907 1221/1221/1221 908/908/908
f 910/910/910 1222/1222/1222 911/911/911
f 913/913/913 1223/1223/1223 914/914/914
f 916/916/916 1224/1224/1224 917/917/917
f 919/919/919 1225/1225/1225 920/920/920
f 922/922/922 1226/1226/1226 923/923/923
f 925/925/925 1227/1227/1227 926/926/926
f 928/928/928 1228/1228/1228 929/929/929
f 931/931/931 1229/1229/1229 932/932/932
f 934/934/934 1230/1230/1230 935/935/935
f 937/937/937 1231/1231/1231 938/938/938
f 940/940/940 1232/1232/1232 941/941/941
f 943/943/943 1233/1233/1233 944/944/944
f 946/946/946 1234/1234/1234 947/947/947
f 949/949/949 1235/1235/1235 950/950/950
f 952/952/952 1236/1236/1236 953/953/953
f 955/955/955 1237/1237/1237 956/956/956
f 958/958/958 1238/1238/1238 959/959/959
f 961/961/961 1239/1239/1239 962/962/962
f 964/964/964 1240/1240/1240 965/965/965
f 967/967/967 1241/1241/1241 968/968/968
f 970/970/970 1242/1242/1242 971/971/971
f 973/973/973 1243/1243/1243 974/974/974
f 976/976/976 1244/1244/1244 977/977/977
f 979/979/979 1245/1245/1245 980/980/980
f 982/982/982 1246/1246/1246 983/983/983
f 985/985/985 1247/1247/1247 986/986/986
f 988/988/988 1248/1248/1248 989/989/989
f 991/991/991 1249/1249/1249 992/992/992
f 994/994/994 1250/1250/1250 995/995/995
f 997/997/997 1251/1251/1251 998/998/998
f 1000/1000/1000 1252/1252/1252 1001/1001/1001
f 1003/1003/1003 1253/1253/1253 1004/1004/1004
f 1006/1006/1006 1254/1254/1254 1007/1007/1007
f 1009/1009/1009 1255/1255/1255 1010/1010/1010
f 1012/1012/1012 1256/1256/1256 1013/1013/1013
f 1015/1015/1015 1257/1257/1257 1016/1016/1016
f 1018/1018/1018 1022/1022/1022 1019/1019/1019
f 1021/1021/1021 1023/1023/1023 1022/1022/1022
f 943/943/943 945/945/945 1023/1023/1023
f 1024/1024/1024 1258/1258/1258 1025/1025/1025
f 1027/1027/1027 1259/1259/1259 1028/1028/1028
f 1030/1030/1030 1033/1033/1033 1031/1031/1031
f 969/969/969 968/968/968 1033/1033/1033
f 1034/1034/1034 1260/1260/1260 1035/1035/1035
f 1039/1039/1039 1261/1261/1261 1037/1037/1037
f 1037/1037/1037 1262/1262/1262 1038/1038/1038
f 1040/1040/1040 1263/1263/1263 1041/1041/1041
f 1045/1045/1045 1264/1264/1264 1265/1265/1265
f 1266/1266/1266 1043/1043/1043 1045/1045/1045
f 1045/1045/1045 1265/1265/1265 1266/1266/1266
f 1046/1046/1046 1267/1267/1267 1047/1047/1047
f 1049/1049/1049 1268/1268/1268 1050/1050/1050
f 1052/1052/1052 1269/1269/1269 1053/1053/1053
f 1055/1055/1055 1270/1270/1270 1056/1056/1056
f 1058/1058/1058 1271/1271/1271 1059/1059/1059
f 1063/1063/1063 1272/1272/1272 1273/1273/1273
f 1273/1273/1273 1061/1061/1061 1063/1063/1063
f 1062/1062/1062 1274/1274/1274 1063/1063/1063
f 1064/1064/1064 1275/1275/1275 1065/1065/1065
f 1068/1068/1068 1082/1082/1082 1276/1276/1276
f 1067/1067/1067 1261/1261/1261 1039/1039/1039
f 1068/1068/1068 1276/1276/1276 1067/1067/1067
f 1071/1071/1071 1277/1277/1277 1069/1069/1069
f 1069/1069/1069 1278/1278/1278 1070/1070/1070
f 1277/1277/1277 1279/1279/1279 1069/1069/1069
f 1072/1072/1072 1280/1280/1280 1073/1073/1073
f 1077/1077/1077 1120/1120/1120 1281/1281/1281
f 1075/1075/1075 1282/1282/1282 1076/1076/1076
f 1077/1077/1077 1281/1281/1281 1075/1075/1075
f 1078/1078/1078 1283/1283/1283 1079/1079/1079
f 1083/1083/1083 1192/1192/1192 1284/1284/1284
f 1083/1083/1083 1284/1284/1284 1285/1285/1285
f 1082/1082/1082 1068/1068/1068 1083/1083/1083
f 1083/1083/1083 1285/1285/1285 1081/1081/1081
f 1152/1152/1152 1286/1286/1286 1085/1085/1085
f 1286/1286/1286 1287/1287/1287 1085/1085/1085
f 1171/1171/1171 1085/1085/1085 1084/1084/1084
f 1287/1287/1287 1086/1086/1086 1085/1085/1085
f 1089/1089/1089 1288/1288/1288 1289/1289/1289
f 1087/1087/1087 1290/1290/1290 1088/1088/1088
f 1089/1089/1089 1289/1289/1289 1087/1087/1087
f 1092/1092/1092 1291/1291/1291 1292/1292/1292
f 1292/1292/1292 1090/1090/1090 1092/1092/1092
f 1091/1091/1091 1293/1293/1293 1092/1092/1092
f 1093/1093/1093 1294/1294/1294 1094/1094/1094
f 1096/1096/1096 1295/1295/1295 1097/1097/1097
f 1129/1129/1129 1296/1296/1296 1100/1100/1100
f 1099/1099/1099 1176/1176/1176 1100/1100/1100
f 1296/1296/1296 1101/1101/1101 1100/1100/1100
f 1102/1102/1102 1297/1297/1297 1103/1103/1103
f 1107/1107/1107 1298/1298/1298 1299/1299/1299
f 1300/1300/1300 1105/1105/1105 1107/1107/1107
f 1107/1107/1107 1299/1299/1299 1300/1300/1300
f 1108/1108/1108 1301/1301/1301 1109/1109/1109
f 1113/1113/1113 1302/1302/1302 1303/1303/1303
f 1111/1111/1111 1304/1304/1304 1112/1112/1112
f 1113/1113/1113 1303/1303/1303 1111/1111/1111
f 1116/1116/1116 1305/1305/1305 1306/1306/1306
f 1307/1307/1307 1114/1114/1114 1116/1116/1116
f 1116/1116/1116 1306/1306/1306 1307/1307/1307
f 1119/1119/1119 1308/1308/1308 1309/1309/1309
f 1117/1117/1117 1310/1310/1310 1118/1118/1118
f 1119/1119/1119 1309/1309/1309 1117/1117/1117
f 1121/1121/1121 1159/1159/1159 1311/1311/1311
f 1312/1312/1312 1120/1120/1120 1121/1121/1121
f 1121/1121/1121 1311/1311/1311 1312/1312/1312
f 1124/1124/1124 1313/1313/1313 1122/1122/1122
f 1122/1122/1122 1314/1314/1314 1123/1123/1123
f 1313/1313/1313 1315/1315/1315 1122/1122/1122
f 1125/1125/1125 1316/1316/1316 1126/1126/1126
f 1038/1038/1038 1262/1262/1262 1130/1130/1130
f 1128/1128/1128 1296/1296/1296 1129/1129/1129
f 1038/1038/1038 1130/1130/1130 1129/1129/1129
f 1131/1131/1131 1317/1317/1317 1132/1132/1132
f 1136/1136/1136 1318/1318/1318 1319/1319/1319
f 1319/1319/1319 1134/1134/1134 1136/1136/1136
f 1135/1135/1135 1320/1320/1320 1136/1136/1136
f 1137/1137/1137 1321/1321/1321 1138/1138/1138
f 1140/1140/1140 1322/1322/1322 1141/1141/1141
f 1143/1143/1143 1323/1323/1323 1144/1144/1144
f 1148/1148/1148 1324/1324/1324 1325/1325/1325
f 1325/1325/1325 1146/1146/1146 1148/1148/1148
f 1147/1147/1147 1326/1326/1326 1148/1148/1148
f 1076/1076/1076 1282/1282/1282 1149/1149/1149
f 1149/1149/1149 1327/1327/1327 1150/1150/1150
f 1150/1150/1150 1327/1327/1327 1153/1153/1153
f 1151/1151/1151 1286/1286/1286 1152/1152/1152
f 1150/1150/1150 1153/1153/1153 1152/1152/1152
f 1154/1154/1154 1328/1328/1328 1155/1155/1155

o part_002
usemtl material_0
v 0.01116333 0.02575347 0.10492367
v 0.01116333 0.05884897 0.06854608
v 0.01116333 0.02575347 0.06854608
v 0.03344081 0.05884898 0.06854608
v 0.03344081 0.02575347 0.10492367
v 0.03344081 0.02575347 0.06854608
v 0.01116333 0.02575347 0.06854608
v 0.03344081 0.02575347 0.10492367
v 0.01116333 0.02575347 0.10492367
v 0.01116333 0.05884897 0.10492367
v 0.03344081 0.05884898 0.06854608
v 0.01116333 0.05884897 0.06854608
v 0.01116333 0.05884897 0.06854608
v 0.03344081 0.02575347 0.06854608
v 0.01116333 0.02575347 0.06854608
v 0.01116333 0.02575347 0.10492367
v 0.03344081 0.05884898 0.10492367
v 0.01116333 0.05884897 0.10492367
v 0.01116334 -0.05884897 0.06854608
v 0.01116334 -0.02575347 0.10492367
v 0.01116334 -0.02575347 0.06854608
v 0.03344082 -0.02575347 0.10492367
v 0.03344083 -0.05884897 0.06854608
v 0.03344082 -0.02575347 0.06854608
v 0.03344082 -0.02575347 0.10492367
v 0.01116334 -0.02575347 0.06854608
v 0.01116334 -0.02575347 0.10492367
v 0.03344083 -0.05884897 0.06854608
v 0.01116334 -0.05884897 0.10492367
v 0.01116334 -0.05884897 0.06854608
v 0.03344082 -0.02575347 0.06854608
v 0.01116334 -0.05884897 0.06854608
v 0.01116334 -0.02575347 0.06854608
v 0.03344083 -0.05884897 0.10492367
v 0.01116334 -0.02575347 0.10492367
v 0.01116334 -0.05884897 0.10492367
v 0.01116333 0.05884897 0.10492367
v 0.03344081 0.05884898 0.10492367
v 0.03344081 0.02575347 0.06854608
v 0.03344081 0.05884898 0.10492367
v 0.03344081 0.05884898 0.06854608
v 0.03344081 0.02575347 0.10492367
v 0.01116334 -0.05884897 0.10492367
v 0.03344083 -0.05884897 0.10492367
v 0.03344082 -0.02575347 0.06854608
v 0.03344083 -0.05884897 0.10492367
v 0.03344083 -0.05884897 0.06854608
v 0.03344082 -0.02575347 0.10492367
vn -1.00000000 -0.00000015 0.00000000
vn -1.00000000 -0.00000015 0.00000000
vn -1.00000000 -0.00000015 0.00000000
vn 1.00000000 0.00000015 0.00000000
vn 1.00000000 0.00000015 0.00000000
vn 1.00000000 0.00000015 0.00000000
vn 0.00000015 -1.00000000 0.00000000
vn 0.00000015 -1.00000000 0.00000000
vn 0.00000015 -1.00000000 0.00000000
vn -0.00000015 1.00000000 0.00000000
vn -0.00000015 1.00000000 0.00000000
vn -0.00000015 1.00000000 0.00000000
vn 0.00000000 0.00000000 -1.00000000
vn 0.00000000 0.00000000 -1.00000000
vn 0.00000000 0.00000000 -1.00000000
vn 0.00000000 0.00000000 1.00000000
vn 0.00000000 0.00000000 1.00000000
vn 0.00000000 0.00000000 1.00000000
vn -1.00000000 -0.00000015 0.00000000
vn -1.00000000 -0.00000015 0.00000000
vn -1.00000000 -0.00000015 0.00000000
vn 1.00000000 0.00000015 0.00000000
vn 1.00000000 0.00000015 0.00000000
vn 1.00000000 0.00000015 0.00000000
vn -0.00000015 1.00000000 0.00000000
vn -0.00000015 1.00000000 0.00000000
vn -0.00000015 1.00000000 0.00000000
vn 0.00000015 -1.00000000 0.00000000
vn 0.00000015 -1.00000000 0.00000000
vn 0.00000015 -1.00000000 0.00000000
vn 0.00000000 0.00000000 -1.00000000
vn 0.00000000 0.00000000 -1.00000000
vn 0.00000000 0.00000000 -1.00000000
vn 0.00000000 0.00000000 1.00000000
vn 0.00000000 0.00000000 1.00000000
vn 0.00000000 0.00000000 1.00000000
vn -1.00000000 -0.00000015 0.00000000
vn 1.00000000 0.00000015 0.00000000
vn 0.00000015 -1.00000000 0.00000000
vn -0.00000015 1.00000000 0.00000000
vn 0.00000000 0.00000000 -1.00000000
vn 0.00000000 0.00000000 1.00000000
vn -1.00000000 -0.00000015 0.00000000
vn 1.00000000 0.00000015 0.00000000
vn -0.00000015 1.00000000 0.00000000
vn 0.00000015 -1.00000000 0.00000000
vn 0.00000000 0.00000000 -1.00000000
vn 0.00000000 0.00000000 1.00000000
vt 0.00000000 0.00000000
vt 0.00000000 0.00000000
vt 0.00000000 0.00000000
vt 0.00000000 0.00000000
vt 0.00000000 0.00000000
vt 0.00000000 0.00000000
vt 0.00000000 0.00000000
vt 0.00000000 0.00000000
vt 0.00000000 0.00000000
vt 0.00000000 0.00000000
vt 0.00000000 0.00000000
vt 0.00000000 0.00000000
vt 0.00000000 0.00000000
vt 0.00000000 0.00000000
vt 0.00000000 0.00000000
vt 0.00000000 0.00000000
vt 0.00000000 0.00000000
vt 0.00000000 0.00000000
vt 0.00000000 0.00000000
vt 0.00000000 0.00000000
vt 0.00000000 0.00000000
vt 0.00000000 0.00000000
vt 0.00000000 0.00000000
vt 0.00000000 0.00000000
vt 0.00000000 0.00000000
vt 0.00000000 0.00000000
vt 0.00000000 0.00000000
vt 0.00000000 0.00000000
vt 0.00000000 0.00000000
vt 0.00000000 0.00000000
vt 0.00000000 0.00000000
vt 0.00000000 0.00000000
vt 0.00000000 0.00000000
vt 0.00000000 0.00000000
vt 0.00000000 0.00000000
vt 0.00000000 0.00000000
vt 0.00000000 0.00000000
vt 0.00000000 0.00000000
vt 0.00000000 0.00000000
vt 0.00000000 0.00000000
vt 0.00000000 0.00000000
vt 0.00000000 0.00000000
vt 0.00000000 0.00000000
vt 0.00000000 0.00000000
vt 0.00000000 0.00000000
vt 0.00000000 0.00000000
vt 0.00000000 0.00000000
vt 0.00000000 0.00000000
f 1329/1329/1329 1330/1330/1330 1331/1331/1331
f 1332/1332/1332 1333/1333/1333 1334/1334/1334
f 1335/1335/1335 1336/1336/1336 1337/1337/1337
f 1338/1338/1338 1339/1339/1339 1340/1340/1340
f 1341/1341/1341 1342/1342/1342 1343/1343/1343
f 1344/1344/1344 1345/1345/1345 1346/1346/1346
f 1347/1347/1347 1348/1348/1348 1349/1349/1349
f 1350/1350/1350 1351/1351/1351 1352/1352/1352
f 1353/1353/1353 1354/1354/1354 1355/1355/1355
f 1356/1356/1356 1357/1357/1357 1358/1358/1358
f 1359/1359/1359 1360/1360/1360 1361/1361/1361
f 1362/1362/1362 1363/1363/1363 1364/1364/1364
f 1329/1329/1329 1365/1365/1365 1330/1330/1330
f 1332/1332/1332 1366/1366/1366 1333/1333/1333
f 1335/1335/1335 1367/1367/1367 1336/1336/1336
f 1338/1338/1338 1368/1368/1368 1339/1339/1339
f 1341/1341/1341 1369/1369/1369 1342/1342/1342
f 1344/1344/1344 1370/1370/1370 1345/1345/1345
f 1347/1347/1347 1371/1371/1371 1348/1348/1348
f 1350/1350/1350 1372/1372/1372 1351/1351/1351
f 1353/1353/1353 1373/1373/1373 1354/1354/1354
f 1356/1356/1356 1374/1374/1374 1357/1357/1357
f 1359/1359/1359 1375/1375/1375 1360/1360/1360
f 1362/1362/1362 1376/1376/1376 1363/1363/1363

o part_003
usemtl material_0
v 0.03784366 0.04130034 0.10147218
v 0.04028454 0.04129987 0.10234547
v 0.04294012 0.04130034 0.10147218
v 0.06628298 0.04130035 -0.01149259
v 0.10282615 0.04130035 -0.00120321
v 0.10593844 0.04130035 -0.01017944
v 0.06112932 0.04130035 0.03090059
v 0.08440642 0.04130035 0.04606885
v 0.09563122 0.04130035 0.03090060
v 0.08930537 0.04130034 -0.04989707
v 0.09215485 0.04130034 -0.04961647
v 0.10614619 0.04130035 -0.05509379
v 0.07095438 0.04130035 -0.03369174
v 0.07469942 0.04130034 -0.03529114
v 0.07498007 0.04130034 -0.03814061
v 0.06848868 0.04130035 -0.01996516
v 0.11034990 0.04130035 -0.01996516
v 0.08930537 0.04130035 -0.02068518
v 0.07861791 0.04130017 0.00628886
v 0.08021348 0.04130015 0.00823303
v 0.04900429 0.04130034 0.06854608
v 0.05546123 0.04130035 0.09139801
v 0.07138111 0.04130035 0.06854607
v 0.04410422 0.04130034 0.09139801
v 0.04943831 0.04130034 0.09763976
v 0.04109276 0.04130034 0.09763976
v 0.04294012 0.04130034 0.10147218
v 0.06638683 0.04130035 -0.05468767
v 0.09463745 0.04130035 -0.06114490
v 0.06063246 0.04130035 -0.06114490
v 0.07581124 0.04130035 -0.04088060
v 0.07716096 0.04130035 -0.04340576
v 0.06943407 0.04130035 -0.04741830
v 0.03550935 0.04130034 -0.03710412
v 0.03550935 0.04130034 -0.04741830
v 0.03550935 0.04130034 -0.05907554
v 0.03550935 0.04130034 -0.06114490
v 0.04337198 0.04130034 -0.01996517
v 0.03800298 0.04130034 0.09763976
v 0.03784366 0.04130034 0.10147218
v 0.03920753 0.04130034 0.09139801
v 0.03557824 0.04130034 0.06854608
v 0.06047392 0.04130036 0.02443287
v 0.05887836 0.04130036 0.02248871
v 0.05696267 0.04130036 0.01285791
v 0.05769277 0.04130036 0.01045113
v 0.04186720 0.04130034 -0.00523151
v 0.04435826 0.04130034 -0.03369175
v 0.07060033 0.04130035 -0.04062270
v 0.04042823 0.04130034 0.03090060
v 0.05551694 0.04130035 0.04606883
v 0.04248964 0.04130034 -0.01228050
v 0.06472679 0.04130035 -0.00372090
v 0.03670334 0.04130034 0.10147218
v 0.03827455 0.04130034 0.10273678
v 0.03557824 0.04130034 0.04606884
v 0.03344081 0.04130034 0.10147218
v 0.03526412 0.04129987 0.10313948
v 0.02662747 0.04130034 -0.01280575
v 0.02662747 0.04130034 0.03090060
v 0.02662747 0.04130034 -0.03369174
v 0.02662747 0.04130034 -0.03707704
v 0.02662747 0.04130034 0.02120735
v 0.02662747 0.04130034 -0.00623858
v 0.04121958 0.04130034 0.02120735
v 0.03344081 0.04130034 0.09139801
v 0.03344081 0.04130034 0.06854608
v 0.03344081 0.04130034 0.09763976
v 0.02662747 0.04130034 -0.01996517
v 0.03784366 0.02575347 0.10147218
v 0.04028454 0.02575347 0.10234547
v 0.03827455 0.02575347 0.10273678
v 0.06628298 0.02575348 -0.01149259
v 0.10282615 0.02575348 -0.00120321
v 0.06472679 0.02575348 -0.00372090
v 0.06112932 0.02575347 0.03090059
v 0.08440643 0.02575348 0.04606885
v 0.05551695 0.02575347 0.04606883
v 0.10614619 0.02575348 -0.05509379
v 0.08930537 0.02575348 -0.04989707
v 0.06638683 0.02575348 -0.05468767
v 0.07498007 0.02575347 -0.03814061
v 0.07469942 0.02575347 -0.03529114
v 0.07095438 0.02575348 -0.03369174
v 0.08930537 0.02575347 -0.02068518
v 0.11034991 0.02575348 -0.01996516
v 0.06848868 0.02575348 -0.01996516
v 0.07861792 0.02575348 0.00628886
v 0.07667374 0.02575348 0.00469330
v 0.04900429 0.02575347 0.06854608
v 0.05546123 0.02575347 0.09139801
v 0.04410422 0.02575347 0.09139801
v 0.04943832 0.02575347 0.09763976
v 0.04109276 0.02575347 0.09763976
v 0.04294012 0.02575347 0.10147218
v 0.10593844 0.02575348 -0.01017944
v 0.09463745 0.02575348 -0.06114490
v 0.06063247 0.02575347 -0.06114490
v 0.07716096 0.02575348 -0.04340576
v 0.07581124 0.02575348 -0.04088060
v 0.06943407 0.02575348 -0.04741830
v 0.03550935 0.02575347 -0.03710412
v 0.03550935 0.02575347 -0.04741830
v 0.03550935 0.02575347 -0.05907554
v 0.03550935 0.02575347 -0.06114490
v 0.04337198 0.02575347 -0.01996517
v 0.04248964 0.02575347 -0.01228050
v 0.03800298 0.02575347 0.09763976
v 0.03670334 0.02575347 0.10147218
v 0.03920753 0.02575347 0.09139801
v 0.03557824 0.02575347 0.06854608
v 0.06047392 0.02575347 0.02443287
v 0.05887836 0.02575347 0.02248871
v 0.05769277 0.02575347 0.01045113
v 0.05696267 0.02575347 0.01285791
v 0.04186720 0.02575347 -0.00523151
v 0.04435826 0.02575347 -0.03369175
v 0.07060033 0.02575348 -0.04062270
v 0.04042823 0.02575347 0.03090060
v 0.03557824 0.02575347 0.04606884
v 0.03526412 0.02575347 0.10313948
v 0.07138111 0.02575348 0.06854607
v 0.03344081 0.02575347 0.10147218
v 0.03344081 0.02575347 0.10315433
v 0.02662747 0.02575347 -0.01280575
v 0.02662747 0.02575347 -0.00623858
v 0.02662747 0.02575347 0.03090060
v 0.02662747 0.02575347 0.04606884
v 0.02662747 0.02575347 -0.03369174
v 0.02662747 0.02575347 -0.03707704
v 0.02662747 0.02575347 -0.01996517
v 0.02662747 0.02575347 0.02120735
v 0.03344081 0.02575347 0.09139801
v 0.03344081 0.02575347 0.06854608
v 0.03344081 0.02575347 0.09763976
v 0.04028454 0.04129987 0.10234547
v 0.04294012 0.02575347 0.10147218
v 0.04294012 0.04130034 0.10147218
v 0.04028454 0.04129987 0.10234547
v 0.03827455 0.02575347 0.10273678
v 0.04028454 0.02575347 0.10234547
v 0.10282615 0.04130035 -0.00120321
v 0.10593844 0.02575348 -0.01017944
v 0.10593844 0.04130035 -0.01017944
v 0.08440642 0.04130035 0.04606885
v 0.09563123 0.02575348 0.03090060
v 0.09563122 0.04130035 0.03090060
v 0.02662747 0.04130034 -0.00623858
v 0.02662747 0.02575347 0.02120735
v 0.02662747 0.04130034 0.02120735
v 0.02662747 0.04130034 -0.01996517
v 0.02662747 0.02575347 -0.01280575
v 0.02662747 0.04130034 -0.01280575
v 0.02662747 0.04130034 -0.03369174
v 0.02662747 0.02575347 -0.01996517
v 0.11224062 0.04130035 -0.04741830
v 0.10614619 0.02575348 -0.05509379
v 0.10614619 0.04130035 -0.05509379
v 0.11528135 0.04130035 -0.03369173
v 0.11457314 0.02575348 -0.04069038
v 0.11457314 0.04130035 -0.04069038
v 0.11034990 0.04130035 -0.01996516
v 0.11528135 0.02575348 -0.03369173
v 0.11528135 0.04130035 -0.03369173
v 0.09958807 0.04129988 0.02120733
v 0.10282615 0.02575348 -0.00120321
v 0.10282615 0.04130035 -0.00120321
v 0.09958807 0.04129988 0.02120733
v 0.09563123 0.02575348 0.03090060
v 0.09958807 0.02575348 0.02120733
v 0.02662747 0.04130034 0.03090060
v 0.02662747 0.02575347 0.04606884
v 0.02662747 0.04130034 0.04606884
v 0.02662747 0.02575347 0.03090060
v 0.05546123 0.04130035 0.09139801
v 0.07138111 0.02575348 0.06854607
v 0.07138111 0.04130035 0.06854607
v 0.04943831 0.04130034 0.09763976
v 0.05546123 0.02575347 0.09139801
v 0.05546123 0.04130035 0.09139801
v 0.04294012 0.04130034 0.10147218
v 0.04943832 0.02575347 0.09763976
v 0.04943831 0.04130034 0.09763976
v 0.03344081 0.04130034 0.10147218
v 0.03344081 0.02575347 0.10315433
v 0.03344081 0.04130034 0.10315433
v 0.03344081 0.04130034 0.09763976
v 0.03344081 0.02575347 0.10147218
v 0.03344081 0.04130034 0.09139801
v 0.03344081 0.02575347 0.09763976
v 0.10593844 0.04130035 -0.01017944
v 0.11034991 0.02575348 -0.01996516
v 0.11034990 0.04130035 -0.01996516
v 0.02662747 0.02575347 -0.00623858
v 0.10614619 0.04130035 -0.05509379
v 0.09463745 0.02575348 -0.06114490
v 0.09463745 0.04130035 -0.06114490
v 0.02662747 0.04130034 -0.03707704
v 0.02662747 0.02575347 -0.03369174
v 0.11457314 0.04130035 -0.04069038
v 0.11224062 0.02575348 -0.04741830
v 0.11224062 0.04130035 -0.04741830
v 0.09463745 0.04130035 -0.06114490
v 0.06063247 0.02575347 -0.06114490
v 0.06063246 0.04130035 -0.06114490
v 0.03526412 0.04129987 0.10313948
v 0.03827455 0.02575347 0.10273678
v 0.03827455 0.04130034 0.10273678
v 0.03344081 0.04130034 0.06854608
v 0.03344081 0.02575347 0.09139801
v 0.08440642 0.04130035 0.04606885
v 0.07138111 0.02575348 0.06854607
v 0.08440643 0.02575348 0.04606885
v 0.03550935 0.02575347 -0.06114490
v 0.03550935 0.04130034 -0.06114490
v 0.03526412 0.04129987 0.10313948
v 0.03344081 0.02575347 0.10315433
v 0.03526412 0.02575347 0.10313948
v 0.02662747 0.04130034 0.04606884
v 0.03557824 0.02575347 0.04606884
v 0.03557824 0.04130034 0.04606884
v 0.03550935 0.04130034 -0.03710412
v 0.02662747 0.02575347 -0.03707704
v 0.02662747 0.04130034 -0.03707704
v 0.03344081 0.04130034 0.06854608
v 0.03557824 0.02575347 0.06854608
v 0.03344081 0.02575347 0.06854608
v 0.03557824 0.04130034 0.04606884
v 0.03557824 0.02575347 0.06854608
v 0.03557824 0.04130034 0.06854608
v 0.03550935 0.04130034 -0.05907554
v 0.03550935 0.02575347 -0.04741830
v 0.03550935 0.04130034 -0.04741830
v 0.03550935 0.04130034 -0.06114490
v 0.03550935 0.02575347 -0.05907554
v 0.03550935 0.02575347 -0.03710412
v 0.03550935 0.04130034 -0.03710412
v 0.03784367 -0.04130034 0.10147218
v 0.04028455 -0.04129987 0.10234547
v 0.03827456 -0.04130034 0.10273678
v 0.06628299 -0.04130033 -0.01149259
v 0.10282616 -0.04130033 -0.00120321
v 0.06472680 -0.04130033 -0.00372090
v 0.06112933 -0.04130033 0.03090059
v 0.08440644 -0.04130033 0.04606885
v 0.05551696 -0.04130034 0.04606883
v 0.10614620 -0.04130033 -0.05509379
v 0.08930538 -0.04130033 -0.04989707
v 0.06638684 -0.04130033 -0.05468767
v 0.07498008 -0.04130033 -0.03814061
v 0.07469943 -0.04130033 -0.03529114
v 0.07095439 -0.04130033 -0.03369174
v 0.08930538 -0.04130033 -0.02068516
v 0.11034992 -0.04130033 -0.01996516
v 0.06848869 -0.04130033 -0.01996516
v 0.07861793 -0.04130015 0.00628888
v 0.07667375 -0.04130017 0.00469332
v 0.04900430 -0.04130034 0.06854608
v 0.05546124 -0.04130034 0.09139801
v 0.04410423 -0.04130034 0.09139801
v 0.04943833 -0.04130034 0.09763976
v 0.04109277 -0.04130034 0.09763976
v 0.04294013 -0.04130034 0.10147218
v 0.10593845 -0.04130033 -0.01017944
v 0.09463746 -0.04130033 -0.06114490
v 0.06063248 -0.04130033 -0.06114490
v 0.07716097 -0.04130033 -0.04340576
v 0.07581125 -0.04130033 -0.04088059
v 0.06943408 -0.04130033 -0.04741830
v 0.03550936 -0.04130034 -0.03710412
v 0.03550936 -0.04130034 -0.04741830
v 0.03550936 -0.04130034 -0.05907554
v 0.03550936 -0.04130034 -0.06114490
v 0.04337199 -0.04130034 -0.01996517
v 0.04248965 -0.04130034 -0.01228050
v 0.03800299 -0.04130034 0.09763976
v 0.03670335 -0.04130034 0.10147218
v 0.03920754 -0.04130034 0.09139801
v 0.03557825 -0.04130034 0.06854608
v 0.06047393 -0.04130033 0.02443290
v 0.05887837 -0.04130033 0.02248871
v 0.05769278 -0.04130033 0.01045114
v 0.05696268 -0.04130033 0.01285791
v 0.04186721 -0.04130034 -0.00523151
v 0.04435827 -0.04130034 -0.03369175
v 0.07060034 -0.04130033 -0.04062270
v 0.04042824 -0.04130034 0.03090060
v 0.03557825 -0.04130034 0.04606884
v 0.03526413 -0.04129987 0.10313948
v 0.07138112 -0.04130033 0.06854607
v 0.03344082 -0.04130034 0.10147218
v 0.03344082 -0.04130034 0.10315433
v 0.02662748 -0.04130034 -0.01280575
v 0.02662748 -0.04130034 -0.00623858
v 0.02662748 -0.04130034 0.03090060
v 0.02662748 -0.04130034 0.04606884
v 0.02662748 -0.04130034 -0.03369174
v 0.02662748 -0.04130034 -0.03707704
v 0.02662748 -0.04130034 -0.01996517
v 0.02662748 -0.04130034 0.02120735
v 0.03344082 -0.04130034 0.09139801
v 0.03344082 -0.04130034 0.06854608
v 0.03344082 -0.04130034 0.09763976
v 0.03784367 -0.02575347 0.10147218
v 0.04028455 -0.02575347 0.10234547
v 0.04294013 -0.02575347 0.10147218
v 0.06628299 -0.02575346 -0.01149259
v 0.10282616 -0.02575346 -0.00120321
v 0.10593845 -0.02575346 -0.01017944
v 0.06112933 -0.02575346 0.03090059
v 0.08440643 -0.02575346 0.04606885
v 0.09563123 -0.02575346 0.03090060
v 0.08930538 -0.02575346 -0.04989707
v 0.09215486 -0.02575346 -0.04961647
v 0.10614620 -0.02575346 -0.05509379
v 0.07095439 -0.02575346 -0.03369174
v 0.07469943 -0.02575346 -0.03529114
v 0.07498008 -0.02575346 -0.03814061
v 0.06848869 -0.02575346 -0.01996516
v 0.11034991 -0.02575346 -0.01996516
v 0.08930538 -0.02575346 -0.02068516
v 0.07861792 -0.02575345 0.00628887
v 0.08021349 -0.02575345 0.00823304
v 0.04900430 -0.02575346 0.06854608
v 0.05546124 -0.02575346 0.09139801
v 0.07138112 -0.02575346 0.06854607
v 0.04410423 -0.02575347 0.09139801
v 0.04943832 -0.02575346 0.09763976
v 0.04109277 -0.02575347 0.09763976
v 0.06638684 -0.02575346 -0.05468767
v 0.09463746 -0.02575346 -0.06114490
v 0.06063247 -0.02575346 -0.06114490
v 0.07581125 -0.02575346 -0.04088059
v 0.07716097 -0.02575346 -0.04340576
v 0.06943408 -0.02575346 -0.04741830
v 0.03550936 -0.02575347 -0.03710412
v 0.03550936 -0.02575347 -0.04741830
v 0.03550936 -0.02575347 -0.05907554
v 0.03550936 -0.02575347 -0.06114490
v 0.04337199 -0.02575347 -0.01996517
v 0.03800299 -0.02575347 0.09763976
v 0.03920754 -0.02575347 0.09139801
v 0.03557825 -0.02575347 0.06854608
v 0.06047393 -0.02575346 0.02443289
v 0.05887837 -0.02575346 0.02248871
v 0.05696268 -0.02575346 0.01285791
v 0.05769278 -0.02575346 0.01045114
v 0.04186721 -0.02575347 -0.00523151
v 0.04435827 -0.02575346 -0.03369175
v 0.07060034 -0.02575346 -0.04062270
v 0.04042824 -0.02575347 0.03090060
v 0.05551695 -0.02575346 0.04606883
v 0.04248965 -0.02575347 -0.01228050
v 0.06472680 -0.02575346 -0.00372090
v 0.03670335 -0.02575347 0.10147218
v 0.03827456 -0.02575347 0.10273678
v 0.03557825 -0.02575347 0.04606884
v 0.03344082 -0.02575347 0.10147218
v 0.03526413 -0.02575347 0.10313948
v 0.02662748 -0.02575347 -0.01280575
v 0.02662748 -0.02575347 0.03090060
v 0.02662748 -0.02575347 -0.03369174
v 0.02662748 -0.02575347 -0.03707704
v 0.02662748 -0.02575347 0.02120735
v 0.02662748 -0.02575347 -0.00623858
v 0.04121959 -0.02575347 0.02120735
v 0.03344082 -0.02575347 0.09139801
v 0.03344082 -0.02575347 0.06854608
v 0.03344082 -0.02575347 0.09763976
v 0.02662748 -0.02575347 -0.01996517
v 0.04294013 -0.02575347 0.10147218
v 0.04028455 -0.04129987 0.10234547
v 0.04294013 -0.04130034 0.10147218
v 0.04028455 -0.04129987 0.10234547
v 0.03827456 -0.02575347 0.10273678
v 0.03827456 -0.04130034 0.10273678
v 0.10593845 -0.02575346 -0.01017944
v 0.10282616 -0.04130033 -0.00120321
v 0.10593845 -0.04130033 -0.01017944
v 0.09563123 -0.02575346 0.03090060
v 0.08440644 -0.04130033 0.04606885
v 0.09563124 -0.04130033 0.03090060
v 0.02662748 -0.02575347 0.02120735
v 0.02662748 -0.04130034 -0.00623858
v 0.02662748 -0.04130034 0.02120735
v 0.02662748 -0.02575347 -0.01280575
v 0.02662748 -0.04130034 -0.01996517
v 0.02662748 -0.04130034 -0.01280575
v 0.02662748 -0.02575347 -0.01996517
v 0.02662748 -0.04130034 -0.03369174
v 0.10614620 -0.02575346 -0.05509379
v 0.11224063 -0.04130033 -0.04741830
v 0.10614620 -0.04130033 -0.05509379
v 0.11457315 -0.02575345 -0.04069038
v 0.11528136 -0.04130033 -0.03369173
v 0.11457315 -0.04130033 -0.04069038
v 0.11528136 -0.02575345 -0.03369173
v 0.11034992 -0.04130033 -0.01996516
v 0.11528136 -0.04130033 -0.03369173
v 0.10282616 -0.02575346 -0.00120321
v 0.09958808 -0.04129986 0.02120733
v 0.10282616 -0.04130033 -0.00120321
v 0.09958808 -0.04129986 0.02120733
v 0.09563123 -0.02575346 0.03090060
v 0.09563124 -0.04130033 0.03090060
v 0.02662748 -0.02575347 0.04606884
v 0.02662748 -0.04130034 0.03090060
v 0.02662748 -0.04130034 0.04606884
v 0.02662748 -0.02575347 0.03090060
v 0.07138112 -0.02575346 0.06854607
v 0.05546124 -0.04130034 0.09139801
v 0.07138112 -0.04130033 0.06854607
v 0.05546124 -0.02575346 0.09139801
v 0.04943833 -0.04130034 0.09763976
v 0.05546124 -0.04130034 0.09139801
v 0.04943832 -0.02575346 0.09763976
v 0.04294013 -0.04130034 0.10147218
v 0.04943833 -0.04130034 0.09763976
v 0.03344082 -0.02575347 0.10315433
v 0.03344082 -0.04130034 0.10147218
v 0.03344082 -0.04130034 0.10315433
v 0.03344082 -0.02575347 0.10147218
v 0.03344082 -0.04130034 0.09763976
v 0.03344082 -0.02575347 0.09763976
v 0.03344082 -0.04130034 0.09139801
v 0.11034991 -0.02575346 -0.01996516
v 0.10593845 -0.04130033 -0.01017944
v 0.11034992 -0.04130033 -0.01996516
v 0.02662748 -0.02575347 -0.00623858
v 0.09463746 -0.02575346 -0.06114490
v 0.10614620 -0.04130033 -0.05509379
v 0.09463746 -0.04130033 -0.06114490
v 0.02662748 -0.02575347 -0.03369174
v 0.02662748 -0.04130034 -0.03707704
v 0.11224063 -0.02575345 -0.04741830
v 0.11457315 -0.04130033 -0.04069038
v 0.11224063 -0.04130033 -0.04741830
v 0.06063247 -0.02575346 -0.06114490
v 0.09463746 -0.04130033 -0.06114490
v 0.06063248 -0.04130033 -0.06114490
v 0.03827456 -0.02575347 0.10273678
v 0.03526413 -0.04129987 0.10313948
v 0.03827456 -0.04130034 0.10273678
v 0.03344082 -0.02575347 0.09139801
v 0.03344082 -0.04130034 0.06854608
v 0.08440644 -0.04130033 0.04606885
v 0.07138112 -0.02575346 0.06854607
v 0.07138112 -0.04130033 0.06854607
v 0.03550936 -0.02575347 -0.06114490
v 0.03550936 -0.04130034 -0.06114490
v 0.03526413 -0.04129987 0.10313948
v 0.03344082 -0.02575347 0.10315433
v 0.03344082 -0.04130034 0.10315433
v 0.03557825 -0.02575347 0.04606884
v 0.02662748 -0.04130034 0.04606884
v 0.03557825 -0.04130034 0.04606884
v 0.02662748 -0.02575347 -0.03707704
v 0.03550936 -0.04130034 -0.03710412
v 0.02662748 -0.04130034 -0.03707704
v 0.03344082 -0.04130034 0.06854608
v 0.03557825 -0.02575347 0.06854608
v 0.03557825 -0.04130034 0.06854608
v 0.03557825 -0.02575347 0.06854608
v 0.03557825 -0.04130034 0.04606884
v 0.03557825 -0.04130034 0.06854608
v 0.03550936 -0.02575347 -0.04741830
v 0.03550936 -0.04130034 -0.05907554
v 0.03550936 -0.04130034 -0.04741830
v 0.03550936 -0.02575347 -0.05907554
v 0.03550936 -0.04130034 -0.06114490
v 0.03550936 -0.02575347 -0.03710412
v 0.03550936 -0.04130034 -0.03710412
v 0.05696268 -0.04130033 0.01285791
v 0.05671618 -0.02575346 0.01536088
v 0.05671618 -0.04130033 0.01536088
v 0.05696267 0.02575347 0.01285791
v 0.05671617 0.04130033 0.01536087
v 0.05671617 0.02575348 0.01536087
v 0.05887837 -0.02575346 0.00823305
v 0.05769278 -0.04130033 0.01045114
v 0.05887837 -0.04130033 0.00823305
v 0.05887836 0.04130036 0.00823303
v 0.05769277 0.02575347 0.01045113
v 0.05887836 0.02575347 0.00823303
v 0.06047393 -0.02575346 0.00628887
v 0.05887837 -0.04130033 0.00823305
v 0.06047393 -0.04130033 0.00628887
v 0.06047392 0.04130036 0.00628886
v 0.05887836 0.02575347 0.00823303
v 0.06047392 0.02575347 0.00628886
v 0.08212917 -0.02575345 0.01786385
v 0.08237568 -0.04130009 0.01536088
v 0.08212917 -0.04130009 0.01786385
v 0.08212916 0.04130010 0.01786383
v 0.08237567 0.02575348 0.01536088
v 0.08212916 0.02575348 0.01786384
v 0.05696268 -0.02575346 0.01786384
v 0.05769278 -0.04130033 0.02027061
v 0.05696268 -0.04130033 0.01786384
v 0.05696267 0.04130033 0.01786383
v 0.05769277 0.02575348 0.02027060
v 0.05696267 0.02575348 0.01786383
v 0.05671618 -0.02575346 0.01536088
v 0.05696268 -0.04130033 0.01786384
v 0.05671618 -0.04130033 0.01536088
v 0.05671617 0.04130033 0.01536087
v 0.05696267 0.02575348 0.01786383
v 0.05671617 0.02575348 0.01536087
v 0.05887837 -0.02575346 0.02248871
v 0.06047393 -0.04130033 0.02443290
v 0.05887837 -0.04130033 0.02248871
v 0.05887836 0.04130036 0.02248871
v 0.06047392 0.02575347 0.02443287
v 0.05887836 0.02575347 0.02248871
v 0.06954593 -0.02575346 0.02819064
v 0.07204889 -0.04130033 0.02794413
v 0.06954593 -0.04130033 0.02819064
v 0.06954592 0.04130036 0.02819063
v 0.07204888 0.02575347 0.02794412
v 0.06954592 0.02575347 0.02819063
v 0.07204889 -0.04130024 0.00277764
v 0.06954593 -0.02575345 0.00253112
v 0.06954593 -0.04130027 0.00253112
v 0.07204888 0.04130026 0.00277762
v 0.06954592 0.02575348 0.00253111
v 0.07204888 0.02575348 0.00277762
v 0.08089837 -0.02575346 0.02120733
v 0.08139907 -0.04130010 0.02027064
v 0.08089837 -0.04130010 0.02120733
v 0.08139906 0.04130011 0.02027061
v 0.08139906 0.02575348 0.02027061
v 0.08089836 0.02575348 0.02120733
v 0.06954593 -0.04130027 0.00253112
v 0.06704296 -0.02575345 0.00277764
v 0.06704296 -0.04130030 0.00277764
v 0.06954592 0.04130029 0.00253111
v 0.06704295 0.02575348 0.00277762
v 0.06954592 0.02575348 0.00253111
v 0.07204889 -0.02575346 0.02794412
v 0.07445564 -0.04130033 0.02721404
v 0.07204889 -0.04130033 0.02794413
v 0.07204888 0.04130036 0.02794412
v 0.07445563 0.02575347 0.02721404
v 0.07204888 0.02575347 0.02794412
v 0.06216601 -0.02575346 0.02582157
v 0.06241810 -0.04130033 0.02602844
v 0.06216601 -0.04130033 0.02582157
v 0.06216600 0.04130035 0.02582154
v 0.06241809 0.02575347 0.02602844
v 0.06216600 0.02575348 0.02582154
v 0.07204888 0.02575347 0.02794412
v 0.09563123 0.02575348 0.03090060
v 0.07667375 -0.04130017 0.00469332
v 0.07445569 -0.02575345 0.00350773
v 0.07445564 -0.04130019 0.00350773
v 0.07667374 0.04130020 0.00469330
v 0.07445563 0.02575348 0.00350772
v 0.07667374 0.02575348 0.00469330
v 0.06241810 -0.02575346 0.02602844
v 0.06463617 -0.04130033 0.02721404
v 0.06241810 -0.04130033 0.02602844
v 0.06241809 0.04130036 0.02602844
v 0.06463616 0.02575347 0.02721402
v 0.06241809 0.02575347 0.02602844
v 0.06241810 -0.02575345 0.00469332
v 0.06047393 -0.04130033 0.00628887
v 0.06241810 -0.04130033 0.00469332
v 0.06241809 0.04130036 0.00469331
v 0.06047392 0.02575347 0.00628886
v 0.06241809 0.02575348 0.00469331
v 0.07667375 -0.02575346 0.02602844
v 0.07861793 -0.04130028 0.02443291
v 0.07667375 -0.04130033 0.02602845
v 0.07667374 0.02575347 0.02602844
v 0.07861791 0.04130029 0.02443289
v 0.07861792 0.02575348 0.02443290
v 0.08139907 -0.02575345 0.02027064
v 0.08212917 -0.04130009 0.01786385
v 0.08139907 -0.04130010 0.02027064
v 0.08139906 0.02575348 0.02027061
v 0.08212916 0.04130010 0.01786383
v 0.08212916 0.02575348 0.01786384
v 0.06424373 -0.02575346 0.00371750
v 0.06241810 -0.04130033 0.00469332
v 0.06424373 -0.04130033 0.00371751
v 0.06424372 0.04130035 0.00371749
v 0.06241809 0.04130036 0.00469331
v 0.06424372 0.02575348 0.00371750
v 0.07861793 -0.04130015 0.00628888
v 0.07667375 -0.02575345 0.00469331
v 0.07667375 -0.04130017 0.00469332
v 0.07861791 0.04130017 0.00628886
v 0.07667374 0.02575348 0.00469330
v 0.07861792 0.02575348 0.00628886
v 0.08139907 -0.04130011 0.01045115
v 0.08021349 -0.02575345 0.00823304
v 0.08021349 -0.04130012 0.00823304
v 0.08139906 0.04130012 0.01045113
v 0.08021348 0.02575348 0.00823303
v 0.08139906 0.02575348 0.01045114
v 0.05819349 -0.02575346 0.02120733
v 0.05887837 -0.02575346 0.02248871
v 0.05819349 -0.04130033 0.02120733
v 0.05819348 0.04130035 0.02120733
v 0.05887836 0.04130036 0.02248871
v 0.05819348 0.02575347 0.02120733
v 0.06704296 -0.02575346 0.02794412
v 0.06954593 -0.04130033 0.02819064
v 0.06704296 -0.04130033 0.02794412
v 0.06704295 0.04130036 0.02794412
v 0.06954592 0.02575347 0.02819063
v 0.06704295 0.02575347 0.02794412
v 0.08237567 -0.02575345 0.01536088
v 0.08212917 -0.04130009 0.01285793
v 0.08237568 -0.04130009 0.01536088
v 0.08237566 0.04130010 0.01536088
v 0.08212916 0.02575348 0.01285791
v 0.08237567 0.02575348 0.01536088
v 0.05769278 -0.02575346 0.01045114
v 0.05696268 -0.04130033 0.01285791
v 0.05769278 -0.04130033 0.01045114
v 0.05769277 0.04130036 0.01045113
v 0.05696267 0.02575347 0.01285791
v 0.05769277 0.02575347 0.01045113
v 0.07204888 0.04130036 0.02794412
v 0.07445563 0.04130036 0.02721402
v 0.07204889 -0.02575346 0.02794412
v 0.07445564 -0.02575346 0.02721404
v 0.07445564 -0.04130019 0.00350773
v 0.07204889 -0.02575345 0.00277764
v 0.07204889 -0.04130024 0.00277764
v 0.07445568 0.04130023 0.00350771
v 0.07204888 0.02575348 0.00277762
v 0.07445563 0.02575348 0.00350772
v 0.07445564 -0.02575346 0.02721404
v 0.07667375 -0.04130033 0.02602845
v 0.07445564 -0.04130033 0.02721404
v 0.07445563 0.04130036 0.02721402
v 0.07667374 0.02575347 0.02602844
v 0.07445563 0.02575347 0.02721404
v 0.06463616 -0.02575346 0.02721404
v 0.06704296 -0.04130033 0.02794412
v 0.06463617 -0.04130033 0.02721404
v 0.06463615 0.04130036 0.02721402
v 0.06704295 0.02575347 0.02794412
v 0.06463616 0.02575347 0.02721402
v 0.08212917 -0.04130009 0.01285793
v 0.08139907 -0.02575345 0.01045115
v 0.08139907 -0.04130011 0.01045115
v 0.08212916 0.04130012 0.01285791
v 0.08139906 0.02575348 0.01045114
v 0.08212916 0.02575348 0.01285791
v 0.06704296 -0.04130030 0.00277764
v 0.06463616 -0.02575345 0.00350772
v 0.06463617 -0.04130033 0.00350772
v 0.06704295 0.04130033 0.00277762
v 0.06463616 0.02575348 0.00350771
v 0.06704295 0.02575348 0.00277762
v 0.07861792 -0.02575346 0.02443291
v 0.08021344 -0.04130016 0.02248873
v 0.07861793 -0.04130028 0.02443291
v 0.07861792 0.02575348 0.02443290
v 0.08021343 0.04130019 0.02248871
v 0.08021343 0.02575348 0.02248871
v 0.07204889 -0.04130033 0.02794413
v 0.09563124 -0.04130033 0.03090060
v 0.08021349 -0.04130012 0.00823304
v 0.07861792 -0.02575345 0.00628887
v 0.07861793 -0.04130015 0.00628888
v 0.08021348 0.04130015 0.00823303
v 0.07861792 0.02575348 0.00628886
v 0.08021348 0.02575348 0.00823303
v 0.07498008 -0.02575346 -0.03814061
v 0.07469943 -0.04130033 -0.03529114
v 0.07498008 -0.04130033 -0.03814061
v 0.07498007 0.04130034 -0.03814061
v 0.07469942 0.02575347 -0.03529114
v 0.07498007 0.02575347 -0.03814061
v 0.07897741 -0.02575346 -0.04561907
v 0.07716097 -0.04130033 -0.04340576
v 0.07897742 -0.04130033 -0.04561907
v 0.07897740 0.04130035 -0.04561907
v 0.07716096 0.02575348 -0.04340576
v 0.07897741 0.02575348 -0.04561907
v 0.07716097 -0.02575346 -0.04340576
v 0.07581125 -0.04130033 -0.04088059
v 0.07716097 -0.04130033 -0.04340576
v 0.07716096 0.04130035 -0.04340576
v 0.07581124 0.02575348 -0.04088060
v 0.07716096 0.02575348 -0.04340576
v 0.10375381 -0.02575346 -0.03369173
v 0.10391133 -0.02575346 -0.03529112
v 0.10375381 -0.04130033 -0.03369173
v 0.10375380 0.04130035 -0.03369173
v 0.10391132 0.04130035 -0.03529113
v 0.10375380 0.02575348 -0.03369173
v 0.07498008 -0.02575346 -0.03244164
v 0.07581125 -0.04130033 -0.02970167
v 0.07498008 -0.04130033 -0.03244164
v 0.07498007 0.04130034 -0.03244165
v 0.07581124 0.02575347 -0.02970167
v 0.07498007 0.02575347 -0.03244166
v 0.09963334 0.02575347 -0.04561907
v 0.11224062 0.02575348 -0.04741830
v 0.10144978 0.02575347 -0.04340576
v 0.07485695 -0.02575346 -0.03369174
v 0.07498008 -0.02575346 -0.03244164
v 0.07485695 -0.04130033 -0.03369174
v 0.07485694 0.04130035 -0.03369174
v 0.07498007 0.04130034 -0.03244165
v 0.07485694 0.02575348 -0.03369174
v 0.07716097 -0.02575346 -0.02717650
v 0.07897742 -0.04130033 -0.02496315
v 0.07716097 -0.04130033 -0.02717649
v 0.07716096 0.02575347 -0.02717650
v 0.07897740 0.04130034 -0.02496316
v 0.07897741 0.02575347 -0.02496316
v 0.08930538 -0.02575346 -0.02068516
v 0.09215481 -0.04130033 -0.02096581
v 0.08930538 -0.04130033 -0.02068516
v 0.08930537 0.04130035 -0.02068518
v 0.09215480 0.02575347 -0.02096583
v 0.08930537 0.02575347 -0.02068518
v 0.09215486 -0.02575346 -0.04961647
v 0.08930538 -0.04130033 -0.04989707
v 0.09215486 -0.04130033 -0.04961647
v 0.09215485 0.04130034 -0.04961647
v 0.08930537 0.02575348 -0.04989707
v 0.09215485 0.02575348 -0.04961647
v 0.10144978 -0.02575346 -0.02717648
v 0.10279950 -0.04130033 -0.02970166
v 0.10144979 -0.04130033 -0.02717648
v 0.10144977 0.04130035 -0.02717649
v 0.10279949 0.02575347 -0.02970166
v 0.10144978 0.02575347 -0.02717649
v 0.08930538 -0.02575346 -0.04989707
v 0.08645591 -0.04130033 -0.04961647
v 0.08930538 -0.04130033 -0.04989707
v 0.08930537 0.04130034 -0.04989707
v 0.08645590 0.02575348 -0.04961647
v 0.08930537 0.02575348 -0.04989707
v 0.09215481 -0.02575346 -0.02096581
v 0.09489480 -0.04130033 -0.02179698
v 0.09215481 -0.04130033 -0.02096581
v 0.09215485 0.04130035 -0.02096582
v 0.09489479 0.02575347 -0.02179699
v 0.09215480 0.02575347 -0.02096583
v 0.07897741 -0.02575346 -0.02496315
v 0.08119076 -0.04130033 -0.02314671
v 0.07897742 -0.04130033 -0.02496315
v 0.07897740 0.04130034 -0.02496316
v 0.08119075 0.02575347 -0.02314673
v 0.07897741 0.02575347 -0.02496316
v 0.10391133 -0.02575346 -0.03529112
v 0.11528136 -0.02575345 -0.03369173
v 0.11457315 -0.02575345 -0.04069038
v 0.09742000 -0.02575346 -0.04743551
v 0.09489484 -0.04130033 -0.04878530
v 0.09742000 -0.04130033 -0.04743551
v 0.09741999 0.04130034 -0.04743551
v 0.09489483 0.02575348 -0.04878530
v 0.09741999 0.02575348 -0.04743551
v 0.08119076 -0.02575346 -0.02314673
v 0.08371591 -0.04130033 -0.02179698
v 0.08119076 -0.04130033 -0.02314671
v 0.08119075 0.04130035 -0.02314673
v 0.08371590 0.02575347 -0.02179700
v 0.08119075 0.02575347 -0.02314673
v 0.08116974 -0.02575346 -0.04741830
v 0.07897741 -0.02575346 -0.04561907
v 0.08116974 -0.04130033 -0.04741830
v 0.08116973 0.04130035 -0.04741830
v 0.07897740 0.04130035 -0.04561907
v 0.08116973 0.02575348 -0.04741830
v 0.09742000 -0.02575346 -0.02314671
v 0.09963329 -0.04130033 -0.02496315
v 0.09742000 -0.04130033 -0.02314671
v 0.09741999 0.02575347 -0.02314672
v 0.09963334 0.04130034 -0.02496316
v 0.09963334 0.02575347 -0.02496316
v 0.10363068 -0.04130033 -0.03814060
v 0.11457315 -0.04130033 -0.04069038
v 0.10391133 -0.04130033 -0.03529111
v 0.10279955 -0.02575346 -0.04088059
v 0.10286271 -0.02575346 -0.04067236
v 0.11224063 -0.02575345 -0.04741830
v 0.10279950 -0.02575346 -0.02970166
v 0.10363068 -0.04130033 -0.03244163
v 0.10279950 -0.04130033 -0.02970166
v 0.10279949 0.04130035 -0.02970166
v 0.10363067 0.02575347 -0.03244163
v 0.10279949 0.02575347 -0.02970166
v 0.09963335 -0.04130033 -0.04561907
v 0.11224063 -0.04130033 -0.04741830
v 0.10144979 -0.04130033 -0.04340576
v 0.10391132 0.04130035 -0.03529113
v 0.11528135 0.04130035 -0.03369173
v 0.11457314 0.04130035 -0.04069038
v 0.08371591 -0.02575346 -0.04878530
v 0.08119076 -0.04130033 -0.04743551
v 0.08371591 -0.04130033 -0.04878530
v 0.08371590 0.04130034 -0.04878530
v 0.08119075 0.02575348 -0.04743551
v 0.08371590 0.02575348 -0.04878530
v 0.09744101 -0.02575346 -0.04741830
v 0.09742000 -0.04130033 -0.04743551
v 0.09744101 -0.04130033 -0.04741830
v 0.09744100 0.04130035 -0.04741830
v 0.09741999 0.04130034 -0.04743551
v 0.09744100 0.02575348 -0.04741830
v 0.10279955 -0.02575346 -0.04088059
v 0.10144979 -0.04130033 -0.04340576
v 0.10279950 -0.04130033 -0.04088059
v 0.10279949 0.02575348 -0.04088059
v 0.10144977 0.04130035 -0.04340577
v 0.10144978 0.02575347 -0.04340576
v 0.08645590 -0.02575346 -0.02096582
v 0.08930538 -0.04130033 -0.02068516
v 0.08645591 -0.04130033 -0.02096581
v 0.08645589 0.04130035 -0.02096583
v 0.08930537 0.02575347 -0.02068518
v 0.08645590 0.02575347 -0.02096583
v 0.07581125 -0.02575346 -0.02970167
v 0.07716097 -0.04130033 -0.02717649
v 0.07581125 -0.04130033 -0.02970167
v 0.07581124 0.04130035 -0.02970167
v 0.07716096 0.02575347 -0.02717650
v 0.07581124 0.02575347 -0.02970167
v 0.10391133 -0.02575346 -0.03529112
v 0.10363068 -0.04130033 -0.03814060
v 0.10391133 -0.04130033 -0.03529111
v 0.10391132 0.04130035 -0.03529113
v 0.10363067 0.02575347 -0.03814060
v 0.10391132 0.02575347 -0.03529113
v 0.10363067 0.02575347 -0.03814060
v 0.11457314 0.02575348 -0.04069038
v 0.10391132 0.02575347 -0.03529113
v 0.07573539 -0.02575346 -0.04063060
v 0.07498008 -0.02575346 -0.03814061
v 0.07573539 -0.04130033 -0.04063060
v 0.07573538 0.04130035 -0.04063060
v 0.07498007 0.04130034 -0.03814061
v 0.07573538 0.02575348 -0.04063060
v 0.09489484 -0.02575346 -0.04878530
v 0.09215486 -0.04130033 -0.04961647
v 0.09489484 -0.04130033 -0.04878530
v 0.09489483 0.04130034 -0.04878530
v 0.09215485 0.02575348 -0.04961647
v 0.09489483 0.02575348 -0.04878530
v 0.09489479 -0.02575346 -0.02179698
v 0.09742000 -0.04130033 -0.02314671
v 0.09489480 -0.04130033 -0.02179698
v 0.09489478 0.04130035 -0.02179700
v 0.09741999 0.02575347 -0.02314672
v 0.09489479 0.02575347 -0.02179699
v 0.08645590 -0.02575346 -0.04961647
v 0.08371591 -0.04130033 -0.04878530
v 0.08645591 -0.04130033 -0.04961647
v 0.08645589 0.04130034 -0.04961647
v 0.08371590 0.02575348 -0.04878530
v 0.08645590 0.02575348 -0.04961647
v 0.08371591 -0.02575346 -0.02179699
v 0.08645591 -0.04130033 -0.02096581
v 0.08371591 -0.04130033 -0.02179698
v 0.08371590 0.04130035 -0.02179700
v 0.08645590 0.02575347 -0.02096583
v 0.08371590 0.02575347 -0.02179700
v 0.10286271 -0.02575346 -0.04067236
v 0.10279955 -0.02575346 -0.04088059
v 0.10286271 -0.04130033 -0.04067236
v 0.10286270 0.04130035 -0.04067236
v 0.10279949 0.04130035 -0.04088059
v 0.10286270 0.02575348 -0.04067236
v 0.10279949 0.04130035 -0.04088059
v 0.10286270 0.04130035 -0.04067236
v 0.11224062 0.04130035 -0.04741830
v 0.09963335 -0.02575346 -0.02496315
v 0.10144979 -0.04130033 -0.02717648
v 0.09963329 -0.04130033 -0.02496315
v 0.09963334 0.04130034 -0.02496316
v 0.10144978 0.02575347 -0.02717649
v 0.09963334 0.02575347 -0.02496316
v 0.10144978 -0.02575346 -0.04340576
v 0.09963335 -0.04130033 -0.04561907
v 0.10144979 -0.04130033 -0.04340576
v 0.10144977 0.04130035 -0.04340577
v 0.09963334 0.02575347 -0.04561907
v 0.10144978 0.02575347 -0.04340576
v 0.04028454 0.04129987 0.10234547
v 0.08116973 0.04130035 -0.04741830
v 0.08119075 0.04130034 -0.04743551
v 0.09744100 0.04130035 -0.04741830
v 0.09741999 0.04130034 -0.04743551
v 0.08371590 0.04130034 -0.04878530
v 0.08645589 0.04130034 -0.04961647
v 0.09489483 0.04130034 -0.04878530
v 0.07573538 0.04130035 -0.04063060
v 0.07485694 0.04130035 -0.03369174
v 0.07498007 0.04130034 -0.03244165
v 0.10363067 0.04130035 -0.03244163
v 0.10375380 0.04130035 -0.03369173
v 0.07581124 0.04130035 -0.02970167
v 0.10279949 0.04130035 -0.02970166
v 0.10144977 0.04130035 -0.02717649
v 0.07716096 0.04130035 -0.02717650
v 0.07897740 0.04130034 -0.02496316
v 0.09963334 0.04130034 -0.02496316
v 0.09741999 0.04130035 -0.02314673
v 0.08119075 0.04130035 -0.02314673
v 0.08371590 0.04130035 -0.02179700
v 0.09489478 0.04130035 -0.02179700
v 0.09215485 0.04130035 -0.02096582
v 0.08645589 0.04130035 -0.02096583
v 0.06424372 0.04130035 0.00371749
v 0.06463615 0.04130035 0.00350771
v 0.06704295 0.04130033 0.00277762
v 0.08089836 0.04130012 0.02120733
v 0.09958807 0.04129988 0.02120733
v 0.08139906 0.04130011 0.02027061
v 0.08212916 0.04130010 0.01786383
v 0.07445568 0.04130023 0.00350771
v 0.06954592 0.04130029 0.00253111
v 0.08237566 0.04130010 0.01536088
v 0.08212916 0.04130012 0.01285791
v 0.07204888 0.04130026 0.00277762
v 0.08139906 0.04130012 0.01045113
v 0.07667374 0.04130020 0.00469330
v 0.07897740 0.04130035 -0.04561907
v 0.05819348 0.04130035 0.02120733
v 0.06216600 0.04130035 0.02582154
v 0.06047392 0.04130036 0.00628886
v 0.05769277 0.04130033 0.02027060
v 0.05696267 0.04130033 0.01786383
v 0.06241809 0.04130036 0.00469331
v 0.05671617 0.04130033 0.01536087
v 0.05887836 0.04130036 0.00823303
v 0.03344081 0.04130034 0.10315433
v 0.02662747 0.04130034 0.04606884
v 0.08116973 0.02575348 -0.04741830
v 0.09744100 0.02575348 -0.04741830
v 0.09741999 0.02575348 -0.04743551
v 0.08119075 0.02575348 -0.04743551
v 0.08371590 0.02575348 -0.04878530
v 0.09489483 0.02575348 -0.04878530
v 0.09215485 0.02575348 -0.04961647
v 0.08645590 0.02575348 -0.04961647
v 0.07573538 0.02575348 -0.04063060
v 0.07485694 0.02575348 -0.03369174
v 0.07581124 0.02575347 -0.02970167
v 0.07498007 0.02575347 -0.03244166
v 0.10375380 0.02575348 -0.03369173
v 0.11528135 0.02575348 -0.03369173
v 0.10363067 0.02575347 -0.03244163
v 0.07716096 0.02575347 -0.02717650
v 0.10279949 0.02575347 -0.02970166
v 0.10144978 0.02575347 -0.02717649
v 0.07897741 0.02575347 -0.02496316
v 0.08119075 0.02575347 -0.02314673
v 0.09963334 0.02575347 -0.02496316
v 0.09741999 0.02575347 -0.02314672
v 0.08371590 0.02575347 -0.02179700
v 0.08645590 0.02575347 -0.02096583
v 0.09489479 0.02575347 -0.02179699
v 0.09215480 0.02575347 -0.02096583
v 0.09958807 0.02575348 0.02120733
v 0.08212916 0.02575348 0.01285791
v 0.08089836 0.02575348 0.02120733
v 0.08139906 0.02575348 0.02027061
v 0.06463616 0.02575348 0.00350771
v 0.06424372 0.02575348 0.00371750
v 0.06704295 0.02575348 0.00277762
v 0.08212916 0.02575348 0.01786384
v 0.08237567 0.02575348 0.01536088
v 0.06954592 0.02575348 0.00253111
v 0.07204888 0.02575348 0.00277762
v 0.08139906 0.02575348 0.01045114
v 0.07445563 0.02575348 0.00350772
v 0.08021348 0.02575348 0.00823303
v 0.07897741 0.02575348 -0.04561907
v 0.04121958 0.02575347 0.02120735
v 0.05819348 0.02575347 0.02120733
v 0.06216600 0.02575348 0.02582154
v 0.06241809 0.02575348 0.00469331
v 0.06047392 0.02575347 0.00628886
v 0.05769277 0.02575348 0.02027060
v 0.05696267 0.02575348 0.01786383
v 0.05887836 0.02575347 0.00823303
v 0.05671617 0.02575348 0.01536087
v 0.04028454 0.02575347 0.10234547
v 0.03827455 0.04130034 0.10273678
v 0.10282615 0.02575348 -0.00120321
v 0.08440643 0.02575348 0.04606885
v 0.11224062 0.02575348 -0.04741830
v 0.11528135 0.02575348 -0.03369173
v 0.11034991 0.02575348 -0.01996516
v 0.09958807 0.02575348 0.02120733
v 0.09563122 0.04130035 0.03090060
v 0.05546123 0.02575347 0.09139801
v 0.04943832 0.02575347 0.09763976
v 0.04294012 0.02575347 0.10147218
v 0.10593844 0.02575348 -0.01017944
v 0.10614619 0.02575348 -0.05509379
v 0.02662747 0.02575347 -0.03707704
v 0.11457314 0.02575348 -0.04069038
v 0.09463745 0.02575348 -0.06114490
v 0.03526412 0.02575347 0.10313948
v 0.03344081 0.02575347 0.06854608
v 0.07138111 0.04130035 0.06854607
v 0.03344081 0.04130034 0.10315433
v 0.02662747 0.02575347 0.04606884
v 0.03550935 0.02575347 -0.03710412
v 0.03557824 0.04130034 0.06854608
v 0.03557824 0.02575347 0.04606884
v 0.03550935 0.02575347 -0.06114490
v 0.03784367 -0.04130034 0.10147218
v 0.04294013 -0.04130034 0.10147218
v 0.04028455 -0.04129987 0.10234547
v 0.08116974 -0.04130033 -0.04741830
v 0.09744101 -0.04130033 -0.04741830
v 0.09742000 -0.04130033 -0.04743551
v 0.08119076 -0.04130033 -0.04743551
v 0.08371591 -0.04130033 -0.04878530
v 0.09489484 -0.04130033 -0.04878530
v 0.09215486 -0.04130033 -0.04961647
v 0.08645591 -0.04130033 -0.04961647
v 0.07573539 -0.04130033 -0.04063060
v 0.07485695 -0.04130033 -0.03369174
v 0.07581125 -0.04130033 -0.02970167
v 0.07498008 -0.04130033 -0.03244164
v 0.10375381 -0.04130033 -0.03369173
v 0.11528136 -0.04130033 -0.03369173
v 0.10363068 -0.04130033 -0.03244163
v 0.07716097 -0.04130033 -0.02717649
v 0.10279950 -0.04130033 -0.02970166
v 0.10144979 -0.04130033 -0.02717648
v 0.07897742 -0.04130033 -0.02496315
v 0.08119076 -0.04130033 -0.02314671
v 0.09963329 -0.04130033 -0.02496315
v 0.09742000 -0.04130033 -0.02314671
v 0.08371591 -0.04130033 -0.02179698
v 0.08645591 -0.04130033 -0.02096581
v 0.09489480 -0.04130033 -0.02179698
v 0.09215481 -0.04130033 -0.02096581
v 0.09958808 -0.04129986 0.02120733
v 0.08212917 -0.04130009 0.01285793
v 0.08089837 -0.04130010 0.02120733
v 0.08139907 -0.04130010 0.02027064
v 0.06463617 -0.04130033 0.00350772
v 0.06424373 -0.04130033 0.00371751
v 0.06704296 -0.04130030 0.00277764
v 0.08212917 -0.04130009 0.01786385
v 0.08237568 -0.04130009 0.01536088
v 0.06954593 -0.04130027 0.00253112
v 0.07204889 -0.04130024 0.00277764
v 0.08139907 -0.04130011 0.01045115
v 0.07445564 -0.04130019 0.00350773
v 0.08021349 -0.04130012 0.00823304
v 0.07897742 -0.04130033 -0.04561907
v 0.04121959 -0.04130034 0.02120735
v 0.05819349 -0.04130033 0.02120733
v 0.06216601 -0.04130033 0.02582157
v 0.06241810 -0.04130033 0.00469332
v 0.06047393 -0.04130033 0.00628887
v 0.05769278 -0.04130033 0.02027061
v 0.05696268 -0.04130033 0.01786384
v 0.05887837 -0.04130033 0.00823305
v 0.05671618 -0.04130033 0.01536088
v 0.08116974 -0.02575346 -0.04741830
v 0.08119076 -0.02575346 -0.04743551
v 0.09744101 -0.02575346 -0.04741830
v 0.09742000 -0.02575346 -0.04743551
v 0.08371591 -0.02575346 -0.04878530
v 0.08645590 -0.02575346 -0.04961647
v 0.09489484 -0.02575346 -0.04878530
v 0.07573539 -0.02575346 -0.04063060
v 0.07485695 -0.02575346 -0.03369174
v 0.07498008 -0.02575346 -0.03244164
v 0.10363068 -0.02575346 -0.03244163
v 0.10375381 -0.02575346 -0.03369173
v 0.07581125 -0.02575346 -0.02970167
v 0.10279950 -0.02575346 -0.02970166
v 0.10144978 -0.02575346 -0.02717648
v 0.07716097 -0.02575346 -0.02717650
v 0.07897741 -0.02575346 -0.02496315
v 0.09963335 -0.02575346 -0.02496315
v 0.09742000 -0.02575346 -0.02314671
v 0.08119076 -0.02575346 -0.02314673
v 0.08371591 -0.02575346 -0.02179699
v 0.09489479 -0.02575346 -0.02179698
v 0.09215481 -0.02575346 -0.02096581
v 0.08645590 -0.02575346 -0.02096582
v 0.06424373 -0.02575346 0.00371750
v 0.06463616 -0.02575345 0.00350772
v 0.06704296 -0.02575345 0.00277764
v 0.08089837 -0.02575346 0.02120733
v 0.09958808 -0.02575346 0.02120733
v 0.08139907 -0.02575345 0.02027064
v 0.08212917 -0.02575345 0.01786385
v 0.07445569 -0.02575345 0.00350773
v 0.06954593 -0.02575345 0.00253112
v 0.08237567 -0.02575345 0.01536088
v 0.08212917 -0.02575345 0.01285792
v 0.07204889 -0.02575345 0.00277764
v 0.08139907 -0.02575345 0.01045115
v 0.07667375 -0.02575345 0.00469331
v 0.07897741 -0.02575346 -0.04561907
v 0.05819349 -0.02575346 0.02120733
v 0.06216601 -0.02575346 0.02582157
v 0.06047393 -0.02575346 0.00628887
v 0.05769278 -0.02575346 0.02027061
v 0.05696268 -0.02575346 0.01786384
v 0.06241810 -0.02575345 0.00469332
v 0.05671618 -0.02575346 0.01536088
v 0.05887837 -0.02575346 0.00823305
v 0.03344082 -0.02575347 0.10315433
v 0.02662748 -0.02575347 0.04606884
v 0.04028455 -0.02575347 0.10234547
v 0.04028455 -0.02575347 0.10234547
v 0.10282616 -0.02575346 -0.00120321
v 0.08440643 -0.02575346 0.04606885
v 0.11224063 -0.02575345 -0.04741830
v 0.11528136 -0.02575345 -0.03369173
v 0.11034991 -0.02575346 -0.01996516
v 0.09958808 -0.02575346 0.02120733
v 0.09958808 -0.02575346 0.02120733
v 0.05546124 -0.02575346 0.09139801
v 0.04943832 -0.02575346 0.09763976
v 0.04294013 -0.02575347 0.10147218
v 0.10593845 -0.02575346 -0.01017944
v 0.10614620 -0.02575346 -0.05509379
v 0.02662748 -0.02575347 -0.03707704
v 0.11457315 -0.02575345 -0.04069038
v 0.09463746 -0.02575346 -0.06114490
v 0.03526413 -0.02575347 0.10313948
v 0.03344082 -0.02575347 0.06854608
v 0.08440643 -0.02575346 0.04606885
v 0.03526413 -0.02575347 0.10313948
v 0.02662748 -0.02575347 0.04606884
v 0.03550936 -0.02575347 -0.03710412
v 0.03344082 -0.02575347 0.06854608
v 0.03557825 -0.02575347 0.04606884
v 0.03550936 -0.02575347 -0.06114490
v 0.05696268 -0.02575346 0.01285791
v 0.05696267 0.04130036 0.01285791
v 0.05769278 -0.02575346 0.01045114
v 0.05769277 0.04130036 0.01045113
v 0.05887837 -0.02575346 0.00823305
v 0.05887836 0.04130036 0.00823303
v 0.08237567 -0.02575345 0.01536088
v 0.08237566 0.04130010 0.01536088
v 0.05769278 -0.02575346 0.02027061
v 0.05769277 0.04130033 0.02027060
v 0.05696268 -0.02575346 0.01786384
v 0.05696267 0.04130033 0.01786383
v 0.06047393 -0.02575346 0.02443289
v 0.06047392 0.04130036 0.02443287
v 0.07204889 -0.02575346 0.02794412
v 0.07204888 0.04130036 0.02794412
v 0.07204889 -0.02575345 0.00277764
v 0.06954592 0.04130029 0.00253111
v 0.08021344 -0.04130016 0.02248873
v 0.08021344 -0.02575346 0.02248873
v 0.08139907 -0.02575345 0.02027064
v 0.08021343 0.02575348 0.02248871
v 0.08089836 0.04130012 0.02120733
v 0.08021343 0.04130019 0.02248871
v 0.06954593 -0.02575345 0.00253112
v 0.06704295 0.04130033 0.00277762
v 0.07445564 -0.02575346 0.02721404
v 0.07445563 0.04130036 0.02721402
v 0.06047393 -0.04130033 0.02443290
v 0.06241810 -0.02575346 0.02602844
v 0.06047393 -0.02575346 0.02443289
v 0.06047392 0.02575347 0.02443287
v 0.06241809 0.04130036 0.02602844
v 0.06047392 0.04130036 0.02443287
v 0.06241809 0.02575347 0.02602844
v 0.06463616 0.02575347 0.02721402
v 0.08021343 0.02575348 0.02248871
v 0.07861792 0.02575348 0.02443290
v 0.06704295 0.02575347 0.02794412
v 0.06954592 0.02575347 0.02819063
v 0.07667374 0.02575347 0.02602844
v 0.07445563 0.02575347 0.02721404
v 0.07667375 -0.02575345 0.00469331
v 0.07445568 0.04130023 0.00350771
v 0.06463616 -0.02575346 0.02721404
v 0.06463615 0.04130036 0.02721402
v 0.06047393 -0.02575346 0.00628887
v 0.06047392 0.04130036 0.00628886
v 0.07861792 -0.02575346 0.02443291
v 0.07667374 0.04130036 0.02602844
v 0.08212917 -0.02575345 0.01786385
v 0.08139906 0.04130011 0.02027061
v 0.06463617 -0.04130033 0.00350772
v 0.06241810 -0.02575345 0.00469332
v 0.06463616 -0.02575345 0.00350772
v 0.06463616 0.02575348 0.00350771
v 0.06463615 0.04130035 0.00350771
v 0.06241809 0.02575348 0.00469331
v 0.07861792 -0.02575345 0.00628887
v 0.07667374 0.04130020 0.00469330
v 0.08139907 -0.02575345 0.01045115
v 0.08021348 0.04130015 0.00823303
v 0.05769278 -0.04130033 0.02027061
v 0.05769278 -0.02575346 0.02027061
v 0.05887837 -0.04130033 0.02248871
v 0.05769277 0.02575348 0.02027060
v 0.05769277 0.04130033 0.02027060
v 0.05887836 0.02575347 0.02248871
v 0.06954593 -0.02575346 0.02819064
v 0.06954592 0.04130036 0.02819063
v 0.08212917 -0.02575345 0.01285792
v 0.08212916 0.04130012 0.01285791
v 0.05696268 -0.02575346 0.01285791
v 0.05696267 0.04130036 0.01285791
v 0.08021343 0.04130019 0.02248871
v 0.06241809 0.04130036 0.02602844
v 0.06463615 0.04130036 0.02721402
v 0.07861791 0.04130029 0.02443289
v 0.07667374 0.04130036 0.02602844
v 0.06704295 0.04130036 0.02794412
v 0.06954592 0.04130036 0.02819063
v 0.08021344 -0.02575346 0.02248873
v 0.06241810 -0.02575346 0.02602844
v 0.06463616 -0.02575346 0.02721404
v 0.07861792 -0.02575346 0.02443291
v 0.07667375 -0.02575346 0.02602844
v 0.06704296 -0.02575346 0.02794412
v 0.06954593 -0.02575346 0.02819064
v 0.07445569 -0.02575345 0.00350773
v 0.07204888 0.04130026 0.00277762
v 0.07667375 -0.02575346 0.02602844
v 0.07667374 0.04130036 0.02602844
v 0.06704296 -0.02575346 0.02794412
v 0.06704295 0.04130036 0.02794412
v 0.08212917 -0.02575345 0.01285792
v 0.08139906 0.04130012 0.01045113
v 0.06704296 -0.02575345 0.00277764
v 0.06463615 0.04130035 0.00350771
v 0.08021344 -0.02575346 0.02248873
v 0.07861791 0.04130029 0.02443289
v 0.06241810 -0.04130033 0.02602844
v 0.06463617 -0.04130033 0.02721404
v 0.08021344 -0.04130016 0.02248873
v 0.07861793 -0.04130028 0.02443291
v 0.06704296 -0.04130033 0.02794412
v 0.06954593 -0.04130033 0.02819064
v 0.07667375 -0.04130033 0.02602845
v 0.07445564 -0.04130033 0.02721404
v 0.08021349 -0.02575345 0.00823304
v 0.07861791 0.04130017 0.00628886
v 0.07469943 -0.02575346 -0.03529114
v 0.07469942 0.04130034 -0.03529114
v 0.07716097 -0.02575346 -0.04340576
v 0.07716096 0.04130035 -0.04340576
v 0.07581125 -0.02575346 -0.04088059
v 0.07581124 0.04130035 -0.04088060
v 0.10363068 -0.04130033 -0.03244163
v 0.10363068 -0.02575346 -0.03244163
v 0.10391133 -0.04130033 -0.03529111
v 0.10363067 0.02575347 -0.03244163
v 0.10363067 0.04130035 -0.03244163
v 0.10391132 0.02575347 -0.03529113
v 0.07581125 -0.02575346 -0.02970167
v 0.07581124 0.04130035 -0.02970167
v 0.10286270 0.02575348 -0.04067236
v 0.10279949 0.02575348 -0.04088059
v 0.07469943 -0.04130033 -0.03529114
v 0.07469943 -0.02575346 -0.03529114
v 0.07498008 -0.04130033 -0.03244164
v 0.07469942 0.02575347 -0.03529114
v 0.07469942 0.04130034 -0.03529114
v 0.07498007 0.02575347 -0.03244166
v 0.07897741 -0.02575346 -0.02496315
v 0.07716096 0.04130035 -0.02717650
v 0.09215481 -0.02575346 -0.02096581
v 0.09215485 0.04130035 -0.02096582
v 0.08930538 -0.02575346 -0.04989707
v 0.08930537 0.04130034 -0.04989707
v 0.10279950 -0.02575346 -0.02970166
v 0.10279949 0.04130035 -0.02970166
v 0.08645590 -0.02575346 -0.04961647
v 0.08645589 0.04130034 -0.04961647
v 0.09489479 -0.02575346 -0.02179698
v 0.09489478 0.04130035 -0.02179700
v 0.08119076 -0.02575346 -0.02314673
v 0.08119075 0.04130035 -0.02314673
v 0.10363068 -0.02575346 -0.03814060
v 0.09489484 -0.02575346 -0.04878530
v 0.09489483 0.04130034 -0.04878530
v 0.08371591 -0.02575346 -0.02179699
v 0.08371590 0.04130035 -0.02179700
v 0.08119076 -0.04130033 -0.04743551
v 0.08119076 -0.02575346 -0.04743551
v 0.07897742 -0.04130033 -0.04561907
v 0.08119075 0.02575348 -0.04743551
v 0.08119075 0.04130034 -0.04743551
v 0.07897741 0.02575348 -0.04561907
v 0.09963335 -0.02575346 -0.02496315
v 0.09741999 0.04130035 -0.02314673
v 0.10286271 -0.04130033 -0.04067236
v 0.09963335 -0.02575346 -0.04561907
v 0.10144978 -0.02575346 -0.04340576
v 0.10363068 -0.02575346 -0.03244163
v 0.10363067 0.04130035 -0.03244163
v 0.10279950 -0.04130033 -0.04088059
v 0.10363067 0.04130035 -0.03814061
v 0.08119076 -0.02575346 -0.04743551
v 0.08119075 0.04130034 -0.04743551
v 0.09963335 -0.04130033 -0.04561907
v 0.09963335 -0.02575346 -0.04561907
v 0.09742000 -0.02575346 -0.04743551
v 0.09963334 0.02575347 -0.04561907
v 0.09963334 0.04130035 -0.04561916
v 0.09741999 0.02575348 -0.04743551
v 0.10144978 -0.02575346 -0.04340576
v 0.10279949 0.04130035 -0.04088059
v 0.08930538 -0.02575346 -0.02068516
v 0.08930537 0.04130035 -0.02068518
v 0.07716097 -0.02575346 -0.02717650
v 0.07716096 0.04130035 -0.02717650
v 0.10363068 -0.02575346 -0.03814060
v 0.10363067 0.04130035 -0.03814061
v 0.07581125 -0.04130033 -0.04088059
v 0.07581125 -0.02575346 -0.04088059
v 0.07498008 -0.04130033 -0.03814061
v 0.07581124 0.02575348 -0.04088060
v 0.07581124 0.04130035 -0.04088060
v 0.07498007 0.02575347 -0.03814061
v 0.09215486 -0.02575346 -0.04961647
v 0.09215485 0.04130034 -0.04961647
v 0.09742000 -0.02575346 -0.02314671
v 0.09741999 0.04130035 -0.02314673
v 0.08371591 -0.02575346 -0.04878530
v 0.08371590 0.04130034 -0.04878530
v 0.08645590 -0.02575346 -0.02096582
v 0.08645589 0.04130035 -0.02096583
v 0.10363068 -0.04130033 -0.03814060
v 0.10363068 -0.02575346 -0.03814060
v 0.10279950 -0.04130033 -0.04088059
v 0.10363067 0.02575347 -0.03814060
v 0.10363067 0.04130035 -0.03814061
v 0.10279949 0.02575348 -0.04088059
v 0.09963334 0.04130035 -0.04561916
v 0.10144977 0.04130035 -0.04340577
v 0.10144978 -0.02575346 -0.02717648
v 0.10144977 0.04130035 -0.02717649
v 0.09963335 -0.02575346 -0.04561907
v 0.09963334 0.04130035 -0.04561916
vn -0.00000015 0.99999985 0.00054070
vn -0.00000015 0.99999985 0.00054070
vn -0.00000015 0.99999985 0.00054070
vn -0.00000015 1.00000000 -0.00000000
vn 0.00000017 1.00000000 0.00000848
vn -0.00000015 1.00000000 -0.00000000
vn -0.00000050 1.00000000 0.00000117
vn -0.00000015 1.00000000 -0.00000000
vn 0.00000739 1.00000000 -0.00002509
vn -0.00000014 1.00000000 0.00000138
vn -0.00000028 1.00000000 0.00000101
vn -0.00000034 1.00000000 0.00000009
vn 0.00000039 1.00000000 -0.00000023
vn 0.00000113 1.00000000 -0.00000162
vn 0.00000095 1.00000000 0.00000120
vn -0.00000011 1.00000000 -0.00000002
vn -0.00000048 1.00000000 -0.00000037
vn -0.00000015 1.00000000 0.00000000
vn -0.00000197 1.00000000 0.00001776
vn -0.00000327 1.00000000 0.00001365
vn -0.00000015 1.00000000 -0.00000000
vn -0.00000015 1.00000000 0.00000000
vn -0.00000015 1.00000000 0.00000000
vn -0.00000015 1.00000000 -0.00000000
vn -0.00000015 1.00000000 0.00000000
vn -0.00000015 1.00000000 0.00000000
vn -0.00000015 1.00000000 0.00000000
vn -0.00000011 1.00000000 0.00000001
vn -0.00000015 1.00000000 -0.00000000
vn -0.00000015 1.00000000 -0.00000000
vn -0.00000015 1.00000000 -0.00000000
vn -0.00000015 1.00000000 -0.00000000
vn -0.00000015 1.00000000 0.00000000
vn -0.00000015 1.00000000 0.00000000
vn -0.00000015 1.00000000 0.00000000
vn -0.00000015 1.00000000 -0.00000000
vn -0.00000015 1.00000000 0.00000000
vn -0.00000015 1.00000000 0.00000000
vn -0.00000015 1.00000000 0.00000000
vn 0.00003319 1.00000000 -0.00001136
vn -0.00000015 1.00000000 -0.00000000
vn -0.00000015 1.00000000 -0.00000000
vn -0.00000083 1.00000000 0.00000235
vn -0.00000275 1.00000000 -0.00000296
vn 0.00000090 1.00000000 0.00000357
vn -0.00000083 1.00000000 -0.00000026
vn -0.00000028 1.00000000 -0.00000013
vn -0.00000015 1.00000000 0.00000000
vn 0.00000013 1.00000000 0.00000023
vn -0.00000021 1.00000000 0.00000002
vn -0.00000015 1.00000000 -0.00000000
vn -0.00000015 1.00000000 0.00000000
vn 0.00000179 1.00000000 0.00000120
vn -0.00003451 1.00000000 0.00008140
vn 0.00008648 1.00000000 0.00000238
vn -0.00000015 1.00000000 0.00000000
vn 0.00006827 1.00000000 0.00006677
vn 0.00003178 0.99999998 0.00018497
vn -0.00000015 1.00000000 0.00000000
vn -0.00000015 1.00000000 0.00000000
vn -0.00000015 1.00000000 0.00000000
vn -0.00000015 1.00000000 0.00000000
vn -0.00000015 1.00000000 0.00000000
vn -0.00000015 1.00000000 0.00000000
vn -0.00000015 1.00000000 0.00000009
vn -0.00000015 1.00000000 0.00000000
vn -0.00000015 1.00000000 0.00000000
vn -0.00000015 1.00000000 -0.00000000
vn -0.00000015 1.00000000 0.00000000
vn 0.00000015 -1.00000000 -0.00000000
vn 0.00000015 -1.00000000 0.00000000
vn 0.00000015 -1.00000000 -0.00000000
vn 0.00000015 -1.00000000 -0.00000000
vn 0.00000015 -1.00000000 0.00000000
vn 0.00000015 -1.00000000 -0.00000000
vn -0.00000016 -1.00000000 0.00000033
vn 0.00000015 -1.00000000 0.00000000
vn 0.00000015 -1.00000000 -0.00000000
vn 0.00000015 -1.00000000 0.00000000
vn 0.00000015 -1.00000000 0.00000000
vn 0.00000015 -1.00000000 0.00000000
vn -0.00000095 -1.00000000 -0.00000120
vn -0.00000113 -1.00000000 0.00000162
vn -0.00000056 -1.00000000 0.00000001
vn 0.00000015 -1.00000000 0.00000964
vn 0.00000051 -1.00000000 0.00000035
vn -0.00000002 -1.00000000 0.00000012
vn 0.00000015 -1.00000000 0.00000000
vn 0.00000015 -1.00000000 -0.00000000
vn 0.00000015 -1.00000000 -0.00000000
vn 0.00000015 -1.00000000 -0.00000000
vn 0.00000015 -1.00000000 -0.00000000
vn 0.00000015 -1.00000000 -0.00000000
vn 0.00000015 -1.00000000 -0.00000000
vn 0.00000015 -1.00000000 0.00000000
vn 0.00000015 -1.00000000 0.00000000
vn 0.00000015 -1.00000000 -0.00000000
vn 0.00000015 -1.00000000 -0.00000000
vn 0.00000015 -1.00000000 -0.00000000
vn 0.00000015 -1.00000000 0.00000000
vn 0.00000015 -1.00000000 0.00000000
vn 0.00000015 -1.00000000 -0.00000000
vn 0.00000015 -1.00000000 0.00000000
vn 0.00000015 -1.00000000 -0.00000000
vn 0.00000015 -1.00000000 0.00000000
vn 0.00000015 -1.00000000 0.00000000
vn 0.00000015 -1.00000000 -0.00000000
vn 0.00000015 -1.00000000 0.00000000
vn 0.00000015 -1.00000000 -0.00000000
vn 0.00000015 -1.00000000 -0.00000000
vn 0.00000015 -1.00000000 0.00000000
vn 0.00000015 -1.00000000 -0.00000000
vn 0.00000015 -1.00000000 -0.00000000
vn 0.00000015 -1.00000000 -0.00000000
vn 0.00000064 -1.00000000 0.00000092
vn 0.00000015 -1.00000000 -0.00000000
vn 0.00000015 -1.00000000 -0.00000000
vn -0.00000013 -1.00000000 -0.00000023
vn 0.00000015 -1.00000000 0.00000000
vn 0.00000015 -1.00000000 -0.00000000
vn 0.00000015 -1.00000000 -0.00000000
vn 0.00000015 -1.00000000 -0.00000000
vn 0.00000015 -1.00000000 -0.00000000
vn 0.00000015 -1.00000000 0.00000000
vn 0.00000015 -1.00000000 -0.00000000
vn 0.00000015 -1.00000000 0.00000000
vn 0.00000015 -1.00000000 -0.00000000
vn 0.00000015 -1.00000000 0.00000000
vn 0.00000015 -1.00000000 0.00000000
vn 0.00000015 -1.00000000 0.00000000
vn 0.00000015 -1.00000000 0.00000000
vn 0.00000015 -1.00000000 0.00000000
vn 0.00000015 -1.00000000 -0.00000000
vn 0.00000015 -1.00000000 0.00000000
vn 0.00000015 -1.00000000 0.00000000
vn 0.31239458 0.00000005 0.94995243
vn 0.31239458 0.00000005 0.94995243
vn 0.31239458 0.00000005 0.94995243
vn 0.19109278 0.00000003 0.98157198
vn 0.19109278 0.00000003 0.98157198
vn 0.19109278 0.00000003 0.98157198
vn 0.94481876 0.00000014 0.32759350
vn 0.94481876 0.00000014 0.32759350
vn 0.94481876 0.00000014 0.32759350
vn 0.80383445 0.00000012 0.59485307
vn 0.80383445 0.00000012 0.59485307
vn 0.80383445 0.00000012 0.59485307
vn -1.00000000 -0.00000015 0.00000000
vn -1.00000000 -0.00000015 0.00000000
vn -1.00000000 -0.00000015 0.00000000
vn -1.00000000 -0.00000015 0.00000000
vn -1.00000000 -0.00000015 0.00000000
vn -1.00000000 -0.00000015 0.00000000
vn -1.00000000 -0.00000015 0.00000000
vn -1.00000000 -0.00000015 0.00000000
vn 0.78315104 0.00000012 -0.62183153
vn 0.78315104 0.00000012 -0.62183153
vn 0.78315104 0.00000012 -0.62183153
vn 0.99491904 0.00000015 -0.10067825
vn 0.99491904 0.00000015 -0.10067825
vn 0.99491904 0.00000015 -0.10067825
vn 0.94110839 0.00000014 0.33810501
vn 0.94110839 0.00000014 0.33810501
vn 0.94110839 0.00000014 0.33810501
vn 0.98972212 0.00000015 0.14300391
vn 0.98972212 0.00000015 0.14300391
vn 0.98972212 0.00000015 0.14300391
vn 0.92583395 0.00000014 0.37793053
vn 0.92583395 0.00000014 0.37793053
vn 0.92583395 0.00000014 0.37793053
vn -1.00000000 -0.00000015 0.00000000
vn -1.00000000 -0.00000015 0.00000000
vn -1.00000000 -0.00000015 0.00000000
vn -1.00000000 -0.00000015 0.00000000
vn 0.82051973 0.00000012 0.57161821
vn 0.82051973 0.00000012 0.57161821
vn 0.82051973 0.00000012 0.57161821
vn 0.71960928 0.00000011 0.69437921
vn 0.71960928 0.00000011 0.69437921
vn 0.71960928 0.00000011 0.69437921
vn 0.50799997 0.00000008 0.86135709
vn 0.50799997 0.00000008 0.86135709
vn 0.50799997 0.00000008 0.86135709
vn -1.00000000 -0.00000015 0.00000000
vn -1.00000000 -0.00000015 0.00000000
vn -1.00000000 -0.00000015 0.00000000
vn -1.00000000 -0.00000015 0.00000000
vn -1.00000000 -0.00000015 0.00000000
vn -1.00000000 -0.00000015 0.00000000
vn -1.00000000 -0.00000015 0.00000000
vn 0.91164611 0.00000014 0.41097612
vn 0.91164611 0.00000014 0.41097612
vn 0.91164611 0.00000014 0.41097612
vn -1.00000000 -0.00000015 0.00000000
vn 0.46537824 0.00000007 -0.88511191
vn 0.46537824 0.00000007 -0.88511191
vn 0.46537824 0.00000007 -0.88511191
vn -1.00000000 -0.00000015 0.00000000
vn -1.00000000 -0.00000015 0.00000000
vn 0.94482876 0.00000014 -0.32756467
vn 0.94482876 0.00000014 -0.32756467
vn 0.94482876 0.00000014 -0.32756467
vn 0.00000000 0.00000000 -1.00000000
vn 0.00000000 0.00000000 -1.00000000
vn 0.00000000 0.00000000 -1.00000000
vn 0.13258588 0.00000002 0.99117152
vn 0.13258588 0.00000002 0.99117152
vn 0.13258588 0.00000002 0.99117152
vn -1.00000000 -0.00000015 0.00000000
vn -1.00000000 -0.00000015 0.00000000
vn 0.86522290 0.00000013 0.50138742
vn 0.86522290 0.00000013 0.50138742
vn 0.86522290 0.00000013 0.50138742
vn 0.00000000 0.00000000 -1.00000000
vn 0.00000000 0.00000000 -1.00000000
vn 0.00814415 0.00000000 0.99996684
vn 0.00814415 0.00000000 0.99996684
vn 0.00814415 0.00000000 0.99996684
vn 0.00000000 0.00000000 1.00000000
vn 0.00000000 0.00000000 1.00000000
vn 0.00000000 0.00000000 1.00000000
vn -0.00304867 -0.00000000 -0.99999535
vn -0.00304867 -0.00000000 -0.99999535
vn -0.00304867 -0.00000000 -0.99999535
vn 0.00000000 0.00000000 -1.00000000
vn 0.00000000 0.00000000 -1.00000000
vn 0.00000000 0.00000000 -1.00000000
vn -1.00000000 -0.00000015 0.00000000
vn -1.00000000 -0.00000015 0.00000000
vn -1.00000000 -0.00000015 0.00000000
vn -1.00000000 -0.00000015 0.00000000
vn -1.00000000 -0.00000015 0.00000000
vn -1.00000000 -0.00000015 0.00000000
vn -1.00000000 -0.00000015 0.00000000
vn -1.00000000 -0.00000015 0.00000000
vn -1.00000000 -0.00000015 0.00000000
vn -1.00000000 -0.00000015 0.00000000
vn 0.00003349 -1.00000000 -0.00001136
vn 0.00022046 -0.99999997 -0.00007506
vn 0.00008678 -1.00000000 0.00000238
vn 0.00000015 -1.00000000 0.00000000
vn 0.00000030 -1.00000000 0.00000857
vn 0.00000206 -1.00000000 0.00000186
vn 0.00000015 -1.00000000 0.00000000
vn 0.00000015 -1.00000000 0.00000000
vn 0.00000015 -1.00000000 0.00000000
vn 0.00000015 -1.00000000 -0.00000000
vn 0.00000015 -1.00000000 0.00000000
vn 0.00000015 -1.00000000 0.00000000
vn 0.00000015 -1.00000000 0.00000000
vn 0.00000015 -1.00000000 0.00000000
vn 0.00000015 -1.00000000 -0.00000000
vn 0.00000015 -1.00000000 -0.00000000
vn 0.00000015 -1.00000000 0.00000000
vn 0.00000015 -1.00000000 0.00000000
vn -0.00000240 -1.00000000 0.00001638
vn -0.00000153 -1.00000000 0.00002008
vn 0.00000015 -1.00000000 0.00000000
vn 0.00000015 -1.00000000 -0.00000000
vn 0.00000015 -1.00000000 0.00000000
vn 0.00000015 -1.00000000 -0.00000000
vn 0.00000015 -1.00000000 -0.00000000
vn 0.00000015 -1.00000000 -0.00000000
vn 0.00000015 -1.00000000 0.00000000
vn 0.00000015 -1.00000000 0.00000000
vn 0.00000015 -1.00000000 0.00000000
vn 0.00000015 -1.00000000 0.00000000
vn 0.00000015 -1.00000000 0.00000000
vn 0.00000015 -1.00000000 -0.00000000
vn 0.00000015 -1.00000000 -0.00000000
vn 0.00000015 -1.00000000 -0.00000000
vn 0.00000015 -1.00000000 0.00000000
vn 0.00000015 -1.00000000 0.00000000
vn 0.00000015 -1.00000000 -0.00000000
vn 0.00000015 -1.00000000 -0.00000000
vn 0.00000015 -1.00000000 -0.00000000
vn -0.00003421 -1.00000000 0.00008140
vn 0.00000015 -1.00000000 0.00000000
vn 0.00000015 -1.00000000 0.00000000
vn 0.00000015 -1.00000000 -0.00000000
vn 0.00000015 -1.00000000 -0.00000000
vn 0.00000015 -1.00000000 0.00000000
vn 0.00000015 -1.00000000 0.00000000
vn 0.00000015 -1.00000000 -0.00000000
vn 0.00000015 -1.00000000 -0.00000000
vn 0.00000015 -1.00000000 -0.00000000
vn 0.00000015 -1.00000000 -0.00000000
vn 0.00000015 -1.00000000 -0.00000000
vn 0.00003208 -0.99999998 0.00018497
vn 0.00000015 -1.00000000 -0.00000000
vn 0.00006858 -1.00000000 0.00006677
vn 0.00025912 -0.99999997 0.00000000
vn 0.00000015 -1.00000000 -0.00000000
vn 0.00000015 -1.00000000 0.00000000
vn 0.00000015 -1.00000000 -0.00000000
vn 0.00000015 -1.00000000 0.00000000
vn 0.00000015 -1.00000000 -0.00000000
vn 0.00000015 -1.00000000 0.00000000
vn 0.00000015 -1.00000000 -0.00000000
vn 0.00000015 -1.00000000 -0.00000000
vn 0.00000015 -1.00000000 -0.00000000
vn 0.00000015 -1.00000000 0.00000000
vn 0.00000015 -1.00000000 0.00000000
vn -0.00000015 1.00000000 0.00000000
vn -0.00000015 1.00000000 -0.00000000
vn -0.00000015 1.00000000 -0.00000000
vn -0.00000015 1.00000000 0.00000000
vn -0.00000001 1.00000000 -0.00000009
vn -0.00000015 1.00000000 -0.00000000
vn -0.00000015 1.00000000 0.00000000
vn -0.00000015 1.00000000 -0.00000000
vn -0.00000015 1.00000000 -0.00000000
vn -0.00000015 1.00000000 -0.00000000
vn -0.00000015 1.00000000 -0.00000000
vn -0.00000015 1.00000000 -0.00000000
vn -0.00000015 1.00000000 -0.00000000
vn -0.00000015 1.00000000 -0.00000000
vn -0.00000015 1.00000000 0.00000000
vn -0.00000015 1.00000000 0.00000000
vn -0.00000015 1.00000000 0.00000000
vn -0.00000015 1.00000000 -0.00000000
vn 0.00000008 1.00000000 -0.00000024
vn 0.00000010 1.00000000 -0.00000017
vn -0.00000015 1.00000000 0.00000000
vn -0.00000015 1.00000000 0.00000000
vn -0.00000015 1.00000000 0.00000000
vn -0.00000015 1.00000000 0.00000000
vn -0.00000015 1.00000000 0.00000000
vn -0.00000015 1.00000000 0.00000000
vn -0.00000015 1.00000000 -0.00000000
vn -0.00000015 1.00000000 0.00000000
vn -0.00000015 1.00000000 0.00000000
vn -0.00000015 1.00000000 -0.00000000
vn -0.00000015 1.00000000 0.00000000
vn -0.00000015 1.00000000 -0.00000000
vn -0.00000015 1.00000000 0.00000000
vn -0.00000015 1.00000000 -0.00000000
vn -0.00000015 1.00000000 0.00000000
vn -0.00000015 1.00000000 0.00000000
vn -0.00000015 1.00000000 -0.00000000
vn -0.00000015 1.00000000 -0.00000000
vn -0.00000015 1.00000000 0.00000000
vn -0.00000015 1.00000000 -0.00000000
vn -0.00000015 1.00000000 0.00000000
vn -0.00000015 1.00000000 0.00000000
vn -0.00000011 1.00000000 0.00000087
vn -0.00000049 1.00000000 -0.00000013
vn -0.00000022 1.00000000 -0.00000007
vn -0.00000015 1.00000000 0.00000000
vn -0.00000015 1.00000000 -0.00000000
vn -0.00000015 1.00000000 -0.00000000
vn -0.00000015 1.00000000 0.00000000
vn -0.00000015 1.00000000 0.00000000
vn -0.00000019 1.00000000 -0.00000044
vn -0.00000015 1.00000000 0.00000000
vn -0.00000015 1.00000000 0.00000000
vn -0.00000015 1.00000000 0.00000000
vn -0.00000015 1.00000000 0.00000000
vn -0.00000015 1.00000000 0.00000000
vn -0.00000015 1.00000000 0.00000000
vn -0.00000015 1.00000000 0.00000000
vn -0.00000015 1.00000000 -0.00000000
vn -0.00000015 1.00000000 0.00000000
vn -0.00000015 1.00000000 -0.00000000
vn -0.00000015 1.00000000 0.00000000
vn -0.00000021 1.00000000 0.00000006
vn -0.00000015 1.00000000 0.00000000
vn -0.00000015 1.00000000 0.00000000
vn -0.00000015 1.00000000 -0.00000000
vn -0.00000015 1.00000000 -0.00000000
vn 0.31239458 0.00000005 0.94995243
vn 0.31239458 0.00000005 0.94995243
vn 0.31239458 0.00000005 0.94995243
vn 0.19109278 0.00000003 0.98157198
vn 0.19109278 0.00000003 0.98157198
vn 0.19109278 0.00000003 0.98157198
vn 0.94481876 0.00000014 0.32759350
vn 0.94481876 0.00000014 0.32759350
vn 0.94481876 0.00000014 0.32759350
vn 0.80383445 0.00000012 0.59485307
vn 0.80383445 0.00000012 0.59485307
vn 0.80383445 0.00000012 0.59485307
vn -1.00000000 -0.00000015 0.00000000
vn -1.00000000 -0.00000015 0.00000000
vn -1.00000000 -0.00000015 0.00000000
vn -1.00000000 -0.00000015 0.00000000
vn -1.00000000 -0.00000015 0.00000000
vn -1.00000000 -0.00000015 0.00000000
vn -1.00000000 -0.00000015 0.00000000
vn -1.00000000 -0.00000015 0.00000000
vn 0.78315104 0.00000012 -0.62183153
vn 0.78315104 0.00000012 -0.62183153
vn 0.78315104 0.00000012 -0.62183153
vn 0.99491904 0.00000015 -0.10067825
vn 0.99491904 0.00000015 -0.10067825
vn 0.99491904 0.00000015 -0.10067825
vn 0.94110839 0.00000014 0.33810501
vn 0.94110839 0.00000014 0.33810501
vn 0.94110839 0.00000014 0.33810501
vn 0.98972212 0.00000015 0.14300391
vn 0.98972212 0.00000015 0.14300391
vn 0.98972212 0.00000015 0.14300391
vn 0.92583395 0.00000014 0.37793053
vn 0.92583395 0.00000014 0.37793053
vn 0.92583395 0.00000014 0.37793053
vn -1.00000000 -0.00000015 0.00000000
vn -1.00000000 -0.00000015 0.00000000
vn -1.00000000 -0.00000015 0.00000000
vn -1.00000000 -0.00000015 0.00000000
vn 0.82051973 0.00000012 0.57161821
vn 0.82051973 0.00000012 0.57161821
vn 0.82051973 0.00000012 0.57161821
vn 0.71960928 0.00000011 0.69437921
vn 0.71960928 0.00000011 0.69437921
vn 0.71960928 0.00000011 0.69437921
vn 0.50799997 0.00000008 0.86135709
vn 0.50799997 0.00000008 0.86135709
vn 0.50799997 0.00000008 0.86135709
vn -1.00000000 -0.00000015 0.00000000
vn -1.00000000 -0.00000015 0.00000000
vn -1.00000000 -0.00000015 0.00000000
vn -1.00000000 -0.00000015 0.00000000
vn -1.00000000 -0.00000015 0.00000000
vn -1.00000000 -0.00000015 0.00000000
vn -1.00000000 -0.00000015 0.00000000
vn 0.91164611 0.00000014 0.41097612
vn 0.91164611 0.00000014 0.41097612
vn 0.91164611 0.00000014 0.41097612
vn -1.00000000 -0.00000015 0.00000000
vn 0.46537824 0.00000007 -0.88511191
vn 0.46537824 0.00000007 -0.88511191
vn 0.46537824 0.00000007 -0.88511191
vn -1.00000000 -0.00000015 0.00000000
vn -1.00000000 -0.00000015 0.00000000
vn 0.94482876 0.00000014 -0.32756467
vn 0.94482876 0.00000014 -0.32756467
vn 0.94482876 0.00000014 -0.32756467
vn 0.00000000 0.00000000 -1.00000000
vn 0.00000000 0.00000000 -1.00000000
vn 0.00000000 0.00000000 -1.00000000
vn 0.13258588 0.00000002 0.99117152
vn 0.13258588 0.00000002 0.99117152
vn 0.13258588 0.00000002 0.99117152
vn -1.00000000 -0.00000015 0.00000000
vn -1.00000000 -0.00000015 0.00000000
vn 0.86522290 0.00000013 0.50138742
vn 0.86522290 0.00000013 0.50138742
vn 0.86522290 0.00000013 0.50138742
vn 0.00000000 0.00000000 -1.00000000
vn 0.00000000 0.00000000 -1.00000000
vn 0.00814415 0.00000000 0.99996684
vn 0.00814415 0.00000000 0.99996684
vn 0.00814415 0.00000000 0.99996684
vn 0.00000000 0.00000000 1.00000000
vn 0.00000000 0.00000000 1.00000000
vn 0.00000000 0.00000000 1.00000000
vn -0.00304867 -0.00000000 -0.99999535
vn -0.00304867 -0.00000000 -0.99999535
vn -0.00304867 -0.00000000 -0.99999535
vn 0.00000000 0.00000000 -1.00000000
vn 0.00000000 0.00000000 -1.00000000
vn 0.00000000 0.00000000 -1.00000000
vn -1.00000000 -0.00000015 0.00000000
vn -1.00000000 -0.00000015 0.00000000
vn -1.00000000 -0.00000015 0.00000000
vn -1.00000000 -0.00000015 0.00000000
vn -1.00000000 -0.00000015 0.00000000
vn -1.00000000 -0.00000015 0.00000000
vn -1.00000000 -0.00000015 0.00000000
vn -1.00000000 -0.00000015 0.00000000
vn -1.00000000 -0.00000015 0.00000000
vn -1.00000000 -0.00000015 0.00000000
vn 0.99518542 0.00000015 0.09801007
vn 0.99518542 0.00000015 0.09801007
vn 0.99518542 0.00000015 0.09801007
vn 0.99518536 0.00000016 0.09801071
vn 0.99518538 0.00000019 0.09801048
vn 0.99518536 0.00000015 0.09801074
vn 0.88192243 0.00000013 0.47139455
vn 0.88192243 0.00000013 0.47139455
vn 0.88192243 0.00000013 0.47139455
vn 0.88192330 0.00000013 0.47139292
vn 0.88192330 0.00000013 0.47139292
vn 0.88192330 0.00000013 0.47139292
vn 0.77300752 0.00000012 0.63439686
vn 0.77300752 0.00000012 0.63439686
vn 0.77300752 0.00000012 0.63439686
vn 0.77300712 0.00000012 0.63439734
vn 0.77300712 0.00000012 0.63439734
vn 0.77300712 0.00000012 0.63439734
vn -0.99518542 -0.00000015 -0.09801007
vn -0.99518542 -0.00000015 -0.09801007
vn -0.99518542 -0.00000015 -0.09801007
vn -0.99518536 -0.00000016 -0.09801071
vn -0.99518538 -0.00000019 -0.09801048
vn -0.99518539 -0.00000020 -0.09801045
vn 0.95693903 0.00000014 -0.29028899
vn 0.95693903 0.00000014 -0.29028899
vn 0.95693903 0.00000014 -0.29028899
vn 0.95693903 0.00000014 -0.29028899
vn 0.95693903 0.00000014 -0.29028899
vn 0.95693903 0.00000014 -0.29028899
vn 0.99518536 0.00000015 -0.09801074
vn 0.99518536 0.00000015 -0.09801074
vn 0.99518536 0.00000015 -0.09801074
vn 0.99518539 0.00000015 -0.09801036
vn 0.99518539 0.00000015 -0.09801036
vn 0.99518539 0.00000015 -0.09801036
vn 0.77300746 -0.00000020 -0.63439693
vn 0.77300855 0.00000008 -0.63439560
vn 0.77300869 0.00000012 -0.63439543
vn 0.77300477 0.00000012 -0.63440021
vn 0.77300477 0.00000012 -0.63440021
vn 0.77300477 0.00000012 -0.63440021
vn -0.09801584 -0.00000044 -0.99518485
vn -0.09801353 -0.00000006 -0.99518508
vn -0.09801324 -0.00000001 -0.99518511
vn -0.09801275 -0.00000001 -0.99518516
vn -0.09801275 -0.00000001 -0.99518516
vn -0.09801275 -0.00000001 -0.99518516
vn -0.09801904 -0.00000001 0.99518454
vn -0.09801904 -0.00000001 0.99518454
vn -0.09801904 -0.00000001 0.99518454
vn -0.09801614 -0.00000001 0.99518483
vn -0.09801614 -0.00000001 0.99518483
vn -0.09801614 -0.00000001 0.99518483
vn -0.88191348 -0.00000013 -0.47141130
vn -0.88190784 -0.00000013 -0.47142186
vn -0.88191348 -0.00000013 -0.47141130
vn -0.88191323 -0.00000013 -0.47141177
vn -0.88191323 -0.00000013 -0.47141177
vn -0.88191495 -0.00000013 -0.47140854
vn 0.09801904 0.00000001 0.99518454
vn 0.09801904 0.00000001 0.99518454
vn 0.09801904 0.00000001 0.99518454
vn 0.09801614 0.00000001 0.99518483
vn 0.09801614 0.00000001 0.99518483
vn 0.09801614 0.00000001 0.99518483
vn -0.29028674 -0.00000056 -0.95693971
vn -0.29028638 -0.00000050 -0.95693982
vn -0.29028634 -0.00000050 -0.95693983
vn -0.29029200 -0.00000093 -0.95693811
vn -0.29028738 -0.00000014 -0.95693952
vn -0.29028679 -0.00000004 -0.95693970
vn 0.63438540 -0.00000010 -0.77301692
vn 0.63437174 0.00000010 -0.77302813
vn 0.63438433 0.00000010 -0.77301780
vn 0.63440682 0.00000010 -0.77299935
vn 0.63441672 0.00000010 -0.77299122
vn 0.63440682 0.00000010 -0.77299935
vn 0.00000020 -1.00000000 0.00000234
vn 0.00000021 -1.00000000 0.00000001
vn -0.47139193 0.00000135 0.88192383
vn -0.47139474 0.00000083 0.88192233
vn -0.47139157 0.00000141 0.88192403
vn -0.47139859 0.00000163 0.88192027
vn -0.47139035 0.00000012 0.88192468
vn -0.47138929 -0.00000007 0.88192524
vn 0.47140193 0.00000007 -0.88191849
vn 0.47140193 0.00000007 -0.88191849
vn 0.47140193 0.00000007 -0.88191849
vn 0.47139700 0.00000007 -0.88192113
vn 0.47139700 0.00000007 -0.88192113
vn 0.47139700 0.00000007 -0.88192113
vn 0.63439540 0.00000010 0.77300871
vn 0.63439540 0.00000010 0.77300871
vn 0.63439540 0.00000010 0.77300871
vn 0.63439540 0.00000010 0.77300871
vn 0.63439540 0.00000010 0.77300871
vn 0.63439540 0.00000010 0.77300871
vn -0.63438975 -0.00000013 -0.77301335
vn -0.63439114 -0.00000042 -0.77301221
vn -0.63439132 -0.00000046 -0.77301206
vn -0.63439386 -0.00000048 -0.77300998
vn -0.63439549 -0.00000014 -0.77300865
vn -0.63439365 -0.00000052 -0.77301015
vn -0.95693932 -0.00000014 -0.29028804
vn -0.95693932 -0.00000014 -0.29028804
vn -0.95693932 -0.00000014 -0.29028804
vn -0.95693905 -0.00000027 -0.29028890
vn -0.95693925 -0.00000016 -0.29028826
vn -0.95693903 -0.00000028 -0.29028899
vn 0.47141841 0.00000010 0.88190968
vn 0.47139423 0.00000058 0.88192261
vn 0.47142514 0.00000063 0.88190608
vn 0.47141702 0.00000049 0.88191042
vn 0.47139460 0.00000045 0.88192240
vn 0.47142207 0.00000009 0.88190772
vn -0.63439786 0.00000061 0.77300670
vn -0.63439878 0.00000042 0.77300594
vn -0.63439774 0.00000064 0.77300680
vn -0.63439774 -0.00000010 0.77300680
vn -0.63439774 -0.00000010 0.77300680
vn -0.63439774 -0.00000010 0.77300680
vn -0.88192395 -0.00000013 0.47139171
vn -0.88192395 -0.00000013 0.47139171
vn -0.88192395 -0.00000013 0.47139171
vn -0.88192337 -0.00000011 0.47139280
vn -0.88192389 0.00000007 0.47139183
vn -0.88192395 0.00000009 0.47139171
vn 0.88192195 0.00000013 -0.47139546
vn 0.88193066 0.00000013 -0.47137915
vn 0.88192195 0.00000013 -0.47139546
vn 0.88192272 0.00000013 -0.47139402
vn 0.88193066 0.00000013 -0.47137915
vn 0.88192272 0.00000013 -0.47139402
vn 0.09801614 0.00000001 -0.99518483
vn 0.09801614 0.00000001 -0.99518483
vn 0.09801614 0.00000001 -0.99518483
vn 0.09801275 0.00000001 -0.99518516
vn 0.09801275 0.00000001 -0.99518516
vn 0.09801275 0.00000001 -0.99518516
vn -0.99518539 -0.00000009 0.09801040
vn -0.99518536 -0.00000014 0.09801070
vn -0.99518536 -0.00000015 0.09801074
vn -0.99518542 -0.00000011 0.09801010
vn -0.99518540 -0.00000015 0.09801033
vn -0.99518539 -0.00000015 0.09801036
vn 0.95693907 0.00000014 0.29028885
vn 0.95693907 0.00000014 0.29028885
vn 0.95693907 0.00000014 0.29028885
vn 0.95693909 0.00000027 0.29028877
vn 0.95693929 0.00000016 0.29028812
vn 0.95693932 0.00000014 0.29028804
vn -0.00000006 1.00000000 0.00000469
vn 0.00000031 1.00000000 0.00000136
vn -0.00000015 1.00000000 -0.00000000
vn -0.00000015 1.00000000 0.00000000
vn -0.29028892 0.00000005 0.95693905
vn -0.29028462 0.00000078 0.95694035
vn -0.29028947 -0.00000004 0.95693888
vn -0.29028221 0.00000010 0.95694108
vn -0.29028864 0.00000118 0.95693913
vn -0.29028947 0.00000132 0.95693888
vn -0.47139389 -0.00000050 -0.88192279
vn -0.47139419 -0.00000055 -0.88192263
vn -0.47139423 -0.00000056 -0.88192261
vn -0.47138942 -0.00000016 -0.88192518
vn -0.47139334 -0.00000088 -0.88192308
vn -0.47139385 -0.00000098 -0.88192281
vn 0.29028139 0.00000004 -0.95694133
vn 0.29028139 0.00000004 -0.95694133
vn 0.29028139 0.00000004 -0.95694133
vn 0.29028720 0.00000004 -0.95693957
vn 0.29028720 0.00000004 -0.95693957
vn 0.29028720 0.00000004 -0.95693957
vn -0.95693928 -0.00000013 0.29028815
vn -0.95693902 0.00000002 0.29028901
vn -0.95693932 -0.00000014 0.29028804
vn -0.95693907 -0.00000001 0.29028885
vn -0.95693907 -0.00000001 0.29028885
vn -0.95693907 -0.00000001 0.29028885
vn 0.29027781 0.00000004 0.95694242
vn 0.29027781 0.00000004 0.95694242
vn 0.29027781 0.00000004 0.95694242
vn 0.29028139 0.00000004 0.95694133
vn 0.29028139 0.00000004 0.95694133
vn 0.29028139 0.00000004 0.95694133
vn -0.77301842 -0.00000012 -0.63438357
vn -0.77301842 -0.00000012 -0.63438357
vn -0.77301842 -0.00000012 -0.63438357
vn -0.77301809 -0.00000015 -0.63438398
vn -0.77301699 -0.00000043 -0.63438532
vn -0.77301823 -0.00000012 -0.63438381
vn 0.00000015 -1.00000000 -0.00000000
vn 0.00000755 -1.00000000 -0.00002513
vn -0.77300493 0.00000024 0.63440002
vn -0.77300618 -0.00000008 0.63439849
vn -0.77300477 0.00000028 0.63440021
vn -0.77300712 -0.00000012 0.63439734
vn -0.77300712 -0.00000012 0.63439734
vn -0.77300712 -0.00000012 0.63439734
vn 0.99518470 0.00000015 0.09801741
vn 0.99518470 0.00000015 0.09801741
vn 0.99518470 0.00000015 0.09801741
vn 0.99518472 0.00000015 0.09801725
vn 0.99518472 0.00000015 0.09801725
vn 0.99518472 0.00000015 0.09801725
vn 0.77300437 0.00000029 0.63440069
vn 0.77300490 0.00000014 0.63440005
vn 0.77300498 0.00000012 0.63439995
vn 0.77300429 0.00000012 0.63440079
vn 0.77300429 0.00000012 0.63440079
vn 0.77300429 0.00000012 0.63440079
vn 0.88192391 0.00000015 0.47139178
vn 0.88192362 0.00000026 0.47139233
vn 0.88192358 0.00000028 0.47139241
vn 0.88192282 0.00000013 0.47139383
vn 0.88192282 0.00000013 0.47139383
vn 0.88192282 0.00000013 0.47139383
vn -0.99518468 -0.00000015 -0.09801759
vn -0.99518509 -0.00000015 -0.09801343
vn -0.99518467 -0.00000016 -0.09801773
vn -0.99518471 -0.00000015 -0.09801730
vn -0.99518515 -0.00000015 -0.09801281
vn -0.99518471 -0.00000015 -0.09801730
vn 0.95693976 0.00000014 -0.29028656
vn 0.95693976 0.00000014 -0.29028656
vn 0.95693976 0.00000014 -0.29028656
vn 0.95694009 0.00000017 -0.29028550
vn 0.95694031 0.00000031 -0.29028477
vn 0.95694034 0.00000033 -0.29028465
vn 0.00000031 -1.00000000 -0.00000297
vn 0.00000032 -1.00000000 -0.00000005
vn 0.00000108 -1.00000000 0.00000067
vn 0.99518471 0.00000015 -0.09801730
vn 0.99518427 0.00000015 -0.09802178
vn 0.99518471 0.00000015 -0.09801730
vn 0.99518467 0.00000015 -0.09801768
vn 0.99518419 0.00000015 -0.09802258
vn 0.99518464 0.00000018 -0.09801804
vn 0.77301095 0.00000005 -0.63439267
vn 0.77300936 -0.00000041 -0.63439461
vn 0.77300912 -0.00000048 -0.63439490
vn 0.77300912 0.00000012 -0.63439490
vn 0.77300912 0.00000012 -0.63439490
vn 0.77300912 0.00000012 -0.63439490
vn -0.09801849 -0.00000001 -0.99518459
vn -0.09801849 -0.00000001 -0.99518459
vn -0.09801849 -0.00000001 -0.99518459
vn -0.09801402 0.00000081 -0.99518503
vn -0.09801790 0.00000009 -0.99518465
vn -0.09801849 -0.00000001 -0.99518459
vn -0.09799985 -0.00000001 0.99518643
vn -0.09799985 -0.00000001 0.99518643
vn -0.09799985 -0.00000001 0.99518643
vn -0.09799985 -0.00000001 0.99518643
vn -0.09799985 -0.00000001 0.99518643
vn -0.09799985 -0.00000001 0.99518643
vn -0.88192434 -0.00000013 -0.47139098
vn -0.88192434 -0.00000013 -0.47139098
vn -0.88192434 -0.00000013 -0.47139098
vn -0.88192358 -0.00000013 -0.47139241
vn -0.88192358 -0.00000013 -0.47139241
vn -0.88192358 -0.00000013 -0.47139241
vn 0.09799985 0.00000001 0.99518643
vn 0.09799985 0.00000001 0.99518643
vn 0.09799985 0.00000001 0.99518643
vn 0.09799985 0.00000001 0.99518643
vn 0.09799985 0.00000001 0.99518643
vn 0.09799985 0.00000001 0.99518643
vn -0.29028411 -0.00000004 -0.95694051
vn -0.29028411 -0.00000004 -0.95694051
vn -0.29028411 -0.00000004 -0.95694051
vn -0.29029071 -0.00000040 -0.95693851
vn -0.29028225 0.00000123 -0.95694107
vn -0.29028097 0.00000147 -0.95694146
vn 0.63438851 -0.00000077 -0.77301437
vn 0.63439166 -0.00000002 -0.77301179
vn 0.63439213 0.00000010 -0.77301140
vn 0.63439020 -0.00000012 -0.77301298
vn 0.63439099 0.00000007 -0.77301234
vn 0.63439111 0.00000010 -0.77301224
vn -0.00000015 1.00000000 -0.00000000
vn -0.00000015 1.00000000 -0.00000000
vn -0.00000015 1.00000000 -0.00000000
vn -0.47141425 -0.00000007 0.88191190
vn -0.47141425 -0.00000007 0.88191190
vn -0.47141425 -0.00000007 0.88191190
vn -0.47141425 -0.00000007 0.88191190
vn -0.47141425 -0.00000007 0.88191190
vn -0.47141425 -0.00000007 0.88191190
vn 0.47140238 -0.00000055 -0.88191825
vn 0.47140033 -0.00000098 -0.88191934
vn 0.47140003 -0.00000104 -0.88191951
vn 0.47140120 0.00000004 -0.88191888
vn 0.47140018 -0.00000018 -0.88191942
vn 0.47140003 -0.00000021 -0.88191951
vn 0.63395502 0.00000010 0.77336992
vn 0.63440059 0.00000010 0.77300446
vn 0.63395502 0.00000010 0.77336992
vn 0.63395506 0.00000010 0.77336989
vn 0.63440059 0.00000010 0.77300446
vn 0.63395502 0.00000010 0.77336992
vn -0.63439335 0.00000211 -0.77301040
vn -0.63440139 0.00000019 -0.77300380
vn -0.63440260 -0.00000010 -0.77300281
vn -0.63439201 -0.00000037 -0.77301149
vn -0.63439123 -0.00000056 -0.77301214
vn -0.63439213 -0.00000034 -0.77301140
vn 0.00000015 -1.00000000 -0.00000000
vn 0.00000015 -1.00000000 0.00000000
vn 0.00000015 -1.00000000 -0.00000000
vn -0.00000015 1.00000000 0.00000000
vn -0.00000015 1.00000000 0.00000000
vn -0.00000015 1.00000000 0.00000000
vn -0.95693843 -0.00000014 -0.29029094
vn -0.95693843 -0.00000014 -0.29029094
vn -0.95693843 -0.00000014 -0.29029094
vn -0.95693843 -0.00000014 -0.29029094
vn -0.95693843 -0.00000014 -0.29029094
vn -0.95693843 -0.00000014 -0.29029094
vn 0.00000015 -1.00000000 0.00000000
vn 0.00000015 -1.00000000 0.00000000
vn 0.00000015 -1.00000000 -0.00000000
vn -0.00000006 1.00000000 -0.00000119
vn -0.00000075 1.00000000 -0.00000007
vn -0.00000037 1.00000000 0.00000024
vn 0.47141603 0.00000007 0.88191095
vn 0.47141603 0.00000007 0.88191095
vn 0.47141603 0.00000007 0.88191095
vn 0.47141603 0.00000007 0.88191095
vn 0.47141603 0.00000007 0.88191095
vn 0.47141603 0.00000007 0.88191095
vn -0.63406420 -0.00000010 0.77328041
vn -0.63372980 -0.00000010 0.77355449
vn -0.63406420 -0.00000010 0.77328041
vn -0.63405491 -0.00000010 0.77328802
vn -0.63372980 -0.00000010 0.77355449
vn -0.63406313 0.00000185 0.77328129
vn -0.88191730 0.00000019 0.47140415
vn -0.88192275 0.00000232 0.47139395
vn -0.88192358 0.00000264 0.47139241
vn -0.88192400 0.00000015 0.47139161
vn -0.88192430 0.00000003 0.47139107
vn -0.88192396 0.00000016 0.47139170
vn 0.09801983 -0.00000006 -0.99518446
vn 0.09801722 -0.00000054 -0.99518472
vn 0.09801683 -0.00000061 -0.99518476
vn 0.09801683 0.00000001 -0.99518476
vn 0.09801683 0.00000001 -0.99518476
vn 0.09801683 0.00000001 -0.99518476
vn 0.88192295 -0.00000026 -0.47139359
vn 0.88192383 0.00000008 -0.47139194
vn 0.88192396 0.00000013 -0.47139170
vn 0.88192282 0.00000013 -0.47139383
vn 0.88192282 0.00000013 -0.47139383
vn 0.88192282 0.00000013 -0.47139383
vn -0.99518473 -0.00000015 0.09801706
vn -0.99518475 -0.00000012 0.09801693
vn -0.99518475 -0.00000012 0.09801691
vn -0.99518473 -0.00000010 0.09801712
vn -0.99518470 -0.00000014 0.09801738
vn -0.99518470 -0.00000015 0.09801741
vn 0.00000048 -1.00000000 -0.00000146
vn 0.00000048 -1.00000000 -0.00000026
vn 0.00000051 -1.00000000 0.00000208
vn 0.95692738 0.00000014 0.29032738
vn 0.95694253 0.00000014 0.29027745
vn 0.95692738 0.00000014 0.29032738
vn 0.95692968 0.00000014 0.29031981
vn 0.95694237 0.00000014 0.29027797
vn 0.95692968 0.00000014 0.29031981
vn -0.29028725 -0.00000004 0.95693956
vn -0.29028725 -0.00000004 0.95693956
vn -0.29028725 -0.00000004 0.95693956
vn -0.29028725 -0.00000004 0.95693956
vn -0.29028725 -0.00000004 0.95693956
vn -0.29028725 -0.00000004 0.95693956
vn -0.47139115 -0.00000007 -0.88192425
vn -0.47139115 -0.00000007 -0.88192425
vn -0.47139115 -0.00000007 -0.88192425
vn -0.47139115 -0.00000063 -0.88192425
vn -0.47139115 -0.00000063 -0.88192425
vn -0.47139115 -0.00000063 -0.88192425
vn 0.29028606 0.00000004 0.95693992
vn 0.29028606 0.00000004 0.95693992
vn 0.29028606 0.00000004 0.95693992
vn 0.29028606 0.00000004 0.95693992
vn 0.29028606 0.00000004 0.95693992
vn 0.29028606 0.00000004 0.95693992
vn 0.29028292 -0.00000056 -0.95694087
vn 0.29028292 -0.00000056 -0.95694087
vn 0.29028292 -0.00000056 -0.95694087
vn 0.29028292 0.00000004 -0.95694087
vn 0.29028292 0.00000004 -0.95694087
vn 0.29028292 0.00000004 -0.95694087
vn -0.95694499 -0.00000014 0.29026932
vn -0.95694607 -0.00000012 0.29026577
vn -0.95691407 0.00000135 0.29037126
vn -0.95691458 -0.00000014 0.29036956
vn -0.95688609 -0.00000014 0.29046344
vn -0.95691378 -0.00000002 0.29037221
vn -0.00000015 1.00000000 0.00000000
vn -0.00000015 1.00000000 0.00000000
vn -0.00000015 1.00000000 -0.00000000
vn -0.77300862 0.00000024 -0.63439551
vn -0.77300059 0.00000257 -0.63440531
vn -0.77299937 0.00000292 -0.63440679
vn -0.77300923 -0.00000014 -0.63439478
vn -0.77300976 -0.00000029 -0.63439413
vn -0.77300984 -0.00000032 -0.63439403
vn -0.77300708 -0.00000012 0.63439740
vn -0.77300708 -0.00000012 0.63439740
vn -0.77300708 -0.00000012 0.63439740
vn -0.77301615 0.00000312 0.63438635
vn -0.77300767 0.00000066 0.63439668
vn -0.77300639 0.00000028 0.63439824
vn 0.00022015 0.99999997 -0.00007506
vn 0.00008360 0.99999998 -0.00017031
vn 0.00004508 0.99999999 -0.00009131
vn -0.00010052 0.99999999 -0.00011384
vn -0.00007707 0.99999999 -0.00008669
vn 0.00000006 1.00000000 0.00000062
vn -0.00000003 1.00000000 0.00000098
vn -0.00000041 1.00000000 0.00000071
vn -0.00000015 1.00000000 0.00000120
vn -0.00000015 1.00000000 0.00000097
vn 0.00000176 1.00000000 -0.00000026
vn -0.00000055 1.00000000 0.00000228
vn -0.00000015 1.00000000 0.00000097
vn 0.00000037 1.00000000 -0.00000063
vn -0.00000081 1.00000000 -0.00000025
vn -0.00000146 1.00000000 0.00000059
vn 0.00000062 1.00000000 0.00000093
vn 0.00000004 1.00000000 -0.00000109
vn -0.00000006 1.00000000 -0.00000315
vn 0.00000028 1.00000000 -0.00000174
vn -0.00000037 1.00000000 -0.00000087
vn -0.00000015 1.00000000 -0.00000000
vn -0.00000015 1.00000000 -0.00000000
vn -0.00000015 1.00000000 0.00000000
vn -0.00000015 1.00000000 0.00000000
vn 0.00000552 1.00000000 0.00000037
vn 0.00000218 1.00000000 0.00000003
vn 0.00001284 1.00000000 -0.00000236
vn 0.00001500 1.00000000 -0.00003241
vn 0.00000849 1.00000000 -0.00000804
vn 0.00001264 1.00000000 -0.00000030
vn 0.00001254 1.00000000 0.00000102
vn 0.00000014 1.00000000 0.00001747
vn 0.00001367 1.00000000 -0.00000062
vn 0.00001178 1.00000000 0.00000335
vn 0.00000156 1.00000000 0.00001024
vn 0.00001186 1.00000000 0.00000066
vn -0.00000570 1.00000000 0.00000911
vn -0.00000084 1.00000000 0.00002197
vn -0.00000015 1.00000000 -0.00000000
vn -0.00000257 1.00000000 -0.00000985
vn -0.00001257 1.00000000 -0.00000254
vn -0.00000061 1.00000000 -0.00000112
vn 0.00000020 1.00000000 -0.00000957
vn 0.00000075 1.00000000 -0.00000018
vn 0.00000048 1.00000000 -0.00000158
vn 0.00000362 1.00000000 0.00000747
vn -0.00000072 1.00000000 -0.00000038
vn 0.00025882 0.99999997 0.00000000
vn -0.00000015 1.00000000 0.00000000
vn 0.00000015 -1.00000000 0.00000000
vn 0.00000015 -1.00000000 -0.00000090
vn 0.00000015 -1.00000000 0.00000000
vn 0.00000015 -1.00000000 0.00000000
vn 0.00000015 -1.00000000 0.00000000
vn 0.00000015 -1.00000000 0.00000000
vn 0.00000015 -1.00000000 0.00000000
vn 0.00000015 -1.00000000 -0.00000000
vn 0.00000015 -1.00000000 -0.00000120
vn 0.00000015 -1.00000000 -0.00000097
vn -0.00000105 -1.00000000 0.00000010
vn -0.00000116 -1.00000000 -0.00000167
vn 0.00000015 -1.00000000 -0.00000097
vn 0.00000075 -1.00000000 0.00000007
vn 0.00000055 -1.00000000 -0.00000228
vn -0.00000040 -1.00000000 0.00000036
vn 0.00000081 -1.00000000 0.00000025
vn 0.00000069 -1.00000000 0.00000036
vn -0.00000032 -1.00000000 0.00000049
vn -0.00000026 -1.00000000 0.00000068
vn 0.00000061 -1.00000000 0.00000048
vn 0.00000056 -1.00000000 0.00000068
vn -0.00000020 -1.00000000 0.00000107
vn -0.00000012 -1.00000000 0.00000250
vn 0.00000050 -1.00000000 0.00000106
vn 0.00000042 -1.00000000 0.00000248
vn 0.00000015 -1.00000000 0.00000000
vn 0.00000015 -1.00000000 -0.00000000
vn 0.00000015 -1.00000000 -0.00000000
vn 0.00000015 -1.00000000 0.00000000
vn 0.00000015 -1.00000000 -0.00000000
vn 0.00000015 -1.00000000 0.00000000
vn 0.00000015 -1.00000000 0.00000000
vn 0.00000015 -1.00000000 0.00000000
vn 0.00000015 -1.00000000 -0.00000000
vn 0.00000015 -1.00000000 0.00000000
vn 0.00000015 -1.00000000 -0.00000000
vn 0.00000015 -1.00000000 -0.00000000
vn 0.00000015 -1.00000000 -0.00000000
vn 0.00000015 -1.00000000 0.00000000
vn 0.00000015 -1.00000000 -0.00000000
vn 0.00000021 -1.00000000 -0.00000001
vn 0.00000015 -1.00000000 -0.00000271
vn -0.00000851 -1.00000000 -0.00000177
vn 0.00000015 -1.00000000 -0.00000000
vn 0.00000015 -1.00000000 -0.00000000
vn 0.00000033 -1.00000000 -0.00000478
vn 0.00000060 -1.00000000 -0.00000009
vn 0.00000015 -1.00000000 -0.00000000
vn 0.00000133 -1.00000000 0.00000187
vn 0.31239458 0.00000005 0.94995243
vn 0.19109278 0.00000003 0.98157198
vn 0.94481876 0.00000014 0.32759350
vn 0.80383445 0.00000012 0.59485307
vn 0.78315104 0.00000012 -0.62183153
vn 0.99491904 0.00000015 -0.10067825
vn 0.94110839 0.00000014 0.33810501
vn 0.98972212 0.00000015 0.14300391
vn 0.92583395 0.00000014 0.37793053
vn 0.82051973 0.00000012 0.57161821
vn 0.71960928 0.00000011 0.69437921
vn 0.50799997 0.00000008 0.86135709
vn 0.91164611 0.00000014 0.41097612
vn 0.46537824 0.00000007 -0.88511191
vn -1.00000000 -0.00000015 0.00000000
vn 0.94482876 0.00000014 -0.32756467
vn 0.00000000 0.00000000 -1.00000000
vn 0.13258588 0.00000002 0.99117152
vn -1.00000000 -0.00000015 0.00000000
vn 0.86522290 0.00000013 0.50138742
vn 0.00814415 0.00000000 0.99996684
vn 0.00000000 0.00000000 1.00000000
vn -0.00304867 -0.00000000 -0.99999535
vn 0.00000000 0.00000000 -1.00000000
vn -1.00000000 -0.00000015 0.00000000
vn -1.00000000 -0.00000015 0.00000000
vn 0.00000015 -0.99999985 0.00054070
vn 0.00000015 -0.99999985 0.00054070
vn 0.00000015 -0.99999985 0.00054070
vn 0.00000015 -1.00000000 -0.00000000
vn 0.00000015 -1.00000000 0.00000000
vn 0.00000015 -1.00000000 0.00000000
vn 0.00000015 -1.00000000 -0.00000000
vn 0.00000015 -1.00000000 -0.00000000
vn 0.00000015 -1.00000000 -0.00000000
vn 0.00000015 -1.00000000 0.00000000
vn 0.00000015 -1.00000000 0.00000000
vn 0.00000015 -1.00000000 0.00000000
vn 0.00000015 -1.00000000 -0.00000000
vn 0.00000015 -1.00000000 0.00000000
vn 0.00000015 -1.00000000 -0.00000000
vn 0.00000015 -1.00000000 0.00000000
vn 0.00000015 -1.00000000 -0.00000000
vn 0.00000015 -1.00000000 0.00000000
vn 0.00000015 -1.00000000 -0.00000000
vn 0.00000015 -1.00000000 0.00000000
vn 0.00000015 -1.00000000 -0.00000000
vn 0.00000015 -1.00000000 0.00000000
vn 0.00000015 -1.00000000 0.00000000
vn 0.00000015 -1.00000000 -0.00000000
vn 0.00000015 -1.00000000 0.00000000
vn 0.00000015 -1.00000000 0.00000000
vn 0.00000015 -1.00000000 -0.00000000
vn 0.00000015 -1.00000000 -0.00000000
vn 0.00000015 -1.00000000 -0.00000000
vn 0.00000876 -1.00000000 -0.00000817
vn 0.00000305 -1.00000000 0.00000934
vn 0.00001266 -1.00000000 -0.00002569
vn 0.00001310 -1.00000000 0.00000450
vn 0.00001587 -1.00000000 0.00000122
vn 0.00000644 -1.00000000 0.00000041
vn 0.00001171 -1.00000000 0.00000042
vn 0.00001325 -1.00000000 0.00000110
vn 0.00001376 -1.00000000 -0.00000031
vn 0.00001231 -1.00000000 0.00000066
vn 0.00002162 -1.00000000 -0.00001000
vn -0.00000562 -1.00000000 0.00000870
vn 0.00000134 -1.00000000 0.00001780
vn -0.00000377 -1.00000000 0.00001289
vn 0.00000015 -1.00000000 0.00000000
vn 0.00000015 -1.00000000 -0.00000000
vn 0.00000015 -1.00000000 0.00000000
vn 0.00000015 -1.00000000 -0.00000000
vn 0.00000015 -1.00000000 -0.00000000
vn 0.00000015 -1.00000000 -0.00000000
vn 0.00000015 -1.00000000 0.00000000
vn 0.00000015 -1.00000000 -0.00000000
vn 0.00000015 -1.00000000 -0.00000000
vn 0.00000015 -1.00000000 0.00000000
vn -0.00000015 1.00000000 -0.00000000
vn -0.00000015 1.00000000 -0.00000000
vn -0.00000015 1.00000000 -0.00000000
vn -0.00000015 1.00000000 -0.00000000
vn -0.00000015 1.00000000 -0.00000000
vn -0.00000015 1.00000000 0.00000000
vn -0.00000015 1.00000000 -0.00000000
vn -0.00000015 1.00000000 -0.00000000
vn -0.00000015 1.00000000 -0.00000000
vn -0.00000015 1.00000000 0.00000000
vn -0.00000015 1.00000000 -0.00000000
vn -0.00000015 1.00000000 -0.00000000
vn -0.00000015 1.00000000 0.00000000
vn -0.00000015 1.00000000 0.00000000
vn -0.00000015 1.00000000 -0.00000000
vn -0.00000015 1.00000000 -0.00000000
vn -0.00000015 1.00000000 0.00000000
vn -0.00000015 1.00000000 0.00000000
vn -0.00000015 1.00000000 0.00000000
vn -0.00000015 1.00000000 -0.00000000
vn -0.00000015 1.00000000 0.00000000
vn -0.00000015 1.00000000 -0.00000000
vn -0.00000015 1.00000000 0.00000000
vn -0.00000015 1.00000000 -0.00000000
vn -0.00000361 1.00000000 -0.00000022
vn -0.00001237 1.00000000 -0.00000117
vn -0.00000035 1.00000000 -0.00000106
vn -0.00000015 1.00000000 0.00000271
vn 0.00000008 1.00000000 0.00000017
vn 0.00000001 1.00000000 0.00000479
vn 0.00000026 1.00000000 0.00000008
vn -0.00000001 1.00000000 -0.00000104
vn -0.00000010 1.00000000 -0.00000122
vn 0.00000028 1.00000000 -0.00000001
vn 0.00000022 1.00000000 -0.00000003
vn 0.00000030 1.00000000 -0.00000164
vn 0.00000013 1.00000000 -0.00000011
vn 0.00000005 1.00000000 -0.00000034
vn -0.00000015 1.00000000 0.00000000
vn -0.00000015 1.00000000 -0.00000000
vn -0.00000015 1.00000000 0.00000000
vn -0.00000038 1.00000000 -0.00000056
vn -0.00000015 1.00000000 -0.00000000
vn -0.00000015 1.00000000 -0.00000000
vn 0.00000016 1.00000000 -0.00000079
vn 0.00000055 1.00000000 0.00000186
vn -0.00000044 1.00000000 -0.00000019
vn -0.00000015 1.00000000 0.00000000
vn -0.00000015 1.00000000 0.00000000
vn 0.31239458 0.00000005 0.94995243
vn 0.19109278 0.00000003 0.98157198
vn 0.94481876 0.00000014 0.32759350
vn 0.80383445 0.00000012 0.59485307
vn 0.78315104 0.00000012 -0.62183153
vn 0.99491904 0.00000015 -0.10067825
vn 0.94110839 0.00000014 0.33810501
vn 0.98972212 0.00000015 0.14300391
vn 0.92583395 0.00000014 0.37793053
vn 0.82051973 0.00000012 0.57161821
vn 0.71960928 0.00000011 0.69437921
vn 0.50799997 0.00000008 0.86135709
vn 0.91164611 0.00000014 0.41097612
vn 0.46537824 0.00000007 -0.88511191
vn -1.00000000 -0.00000015 0.00000000
vn 0.94482876 0.00000014 -0.32756467
vn 0.00000000 0.00000000 -1.00000000
vn 0.13258588 0.00000002 0.99117152
vn -1.00000000 -0.00000015 0.00000000
vn 0.86522290 0.00000013 0.50138742
vn 0.00814415 0.00000000 0.99996684
vn 0.00000000 0.00000000 1.00000000
vn -0.00304867 -0.00000000 -0.99999535
vn 0.00000000 0.00000000 -1.00000000
vn -1.00000000 -0.00000015 0.00000000
vn -1.00000000 -0.00000015 0.00000000
vn 0.99518542 0.00000015 0.09801007
vn 0.99518539 0.00000020 0.09801045
vn 0.88192243 0.00000013 0.47139455
vn 0.88192330 0.00000013 0.47139292
vn 0.77300752 0.00000012 0.63439686
vn 0.77300712 0.00000012 0.63439734
vn -0.99518542 -0.00000015 -0.09801007
vn -0.99518536 -0.00000015 -0.09801074
vn 0.95693903 0.00000014 -0.29028899
vn 0.95693903 0.00000014 -0.29028899
vn 0.99518536 0.00000015 -0.09801074
vn 0.99518539 0.00000015 -0.09801036
vn 0.77300732 -0.00000023 -0.63439710
vn 0.77300477 0.00000012 -0.63440021
vn -0.09801614 -0.00000049 -0.99518483
vn -0.09801275 -0.00000001 -0.99518516
vn -0.09801904 -0.00000001 0.99518454
vn -0.09801614 -0.00000001 0.99518483
vn -0.88191912 -0.00000013 -0.47140075
vn -0.88191912 -0.00000013 -0.47140075
vn -0.88190784 -0.00000013 -0.47142186
vn -0.88191668 -0.00000013 -0.47140532
vn -0.88191495 -0.00000013 -0.47140854
vn -0.88191668 -0.00000013 -0.47140532
vn 0.09801904 0.00000001 0.99518454
vn 0.09801614 0.00000001 0.99518483
vn -0.29028679 -0.00000057 -0.95693970
vn -0.29029259 -0.00000103 -0.95693793
vn 0.63439713 0.00000006 -0.77300730
vn 0.63437174 0.00000010 -0.77302813
vn 0.63439926 -0.00000033 -0.77300555
vn 0.63439692 0.00000010 -0.77300747
vn 0.63441672 0.00000010 -0.77299122
vn 0.63439692 0.00000010 -0.77300747
vn -0.00001515 -1.00000000 -0.00000253
vn -0.00000041 -1.00000000 0.00000146
vn 0.00000015 -1.00000000 -0.00000000
vn 0.00000090 -1.00000000 -0.00000198
vn -0.00000011 -1.00000000 0.00000196
vn 0.00000046 -1.00000000 0.00000370
vn 0.00000068 -1.00000000 -0.00000054
vn 0.00000038 -1.00000000 0.00000068
vn -0.47139510 0.00000076 0.88192214
vn -0.47139965 0.00000183 0.88191971
vn 0.47140193 0.00000007 -0.88191849
vn 0.47139700 0.00000007 -0.88192113
vn 0.63439540 0.00000010 0.77300871
vn 0.63439540 0.00000010 0.77300871
vn -0.63438957 -0.00000010 -0.77301350
vn -0.63439570 -0.00000010 -0.77300847
vn -0.95693932 -0.00000014 -0.29028804
vn -0.95693928 -0.00000014 -0.29028817
vn 0.47145605 0.00000062 0.88188956
vn 0.47139760 0.00000007 0.88192080
vn 0.47143921 0.00000007 0.88189856
vn 0.47145208 0.00000007 0.88189168
vn 0.47143944 0.00000048 0.88189844
vn 0.47139207 0.00000007 0.88192376
vn -0.63439890 0.00000039 0.77300584
vn -0.63439774 -0.00000010 0.77300680
vn -0.88192395 -0.00000013 0.47139171
vn -0.88192330 -0.00000013 0.47139292
vn 0.88191323 0.00000013 -0.47141177
vn 0.88191323 0.00000013 -0.47141177
vn 0.88193066 0.00000013 -0.47137915
vn 0.88191477 0.00000013 -0.47140888
vn 0.88191477 0.00000013 -0.47140888
vn 0.88193066 0.00000013 -0.47137915
vn 0.09801614 0.00000001 -0.99518483
vn 0.09801275 0.00000001 -0.99518516
vn -0.99518539 -0.00000009 0.09801036
vn -0.99518542 -0.00000010 0.09801007
vn 0.95693907 0.00000014 0.29028885
vn 0.95693907 0.00000028 0.29028885
vn 0.00001401 1.00000000 -0.00004438
vn -0.00003075 1.00000000 -0.00000507
vn -0.00000128 1.00000000 0.00000293
vn 0.00001026 1.00000000 -0.00003708
vn 0.00000307 1.00000000 -0.00000949
vn -0.00000068 1.00000000 0.00000393
vn 0.00000048 1.00000000 0.00000739
vn -0.00000015 1.00000000 0.00000000
vn -0.00000015 1.00000000 -0.00000000
vn -0.00000015 1.00000000 -0.00000000
vn -0.00000015 1.00000000 0.00000000
vn -0.00000015 1.00000000 -0.00000000
vn -0.00000015 1.00000000 0.00000000
vn -0.00000015 1.00000000 0.00000000
vn -0.29028407 0.00000087 0.95694052
vn -0.29028139 -0.00000004 0.95694133
vn -0.47139385 -0.00000049 -0.88192281
vn -0.47138891 -0.00000007 -0.88192545
vn 0.29028139 0.00000004 -0.95694133
vn 0.29028720 0.00000004 -0.95693957
vn -0.95693899 0.00000004 0.29028912
vn -0.95693907 -0.00000001 0.29028885
vn 0.29027781 0.00000004 0.95694242
vn 0.29028139 0.00000004 0.95694133
vn -0.77301842 -0.00000012 -0.63438357
vn -0.77301685 -0.00000047 -0.63438549
vn 0.00000015 -1.00000000 0.00000000
vn 0.00000015 -1.00000000 0.00000000
vn 0.00001357 -1.00000000 -0.00004478
vn 0.00000984 -1.00000000 -0.00003405
vn 0.00000015 -1.00000000 -0.00000000
vn 0.00000015 -1.00000000 -0.00000000
vn 0.00000206 -1.00000000 -0.00000743
vn 0.00000015 -1.00000000 0.00000000
vn -0.77300634 -0.00000012 0.63439830
vn -0.77300712 -0.00000012 0.63439734
vn 0.99518470 0.00000015 0.09801741
vn 0.99518472 0.00000015 0.09801725
vn 0.77300429 0.00000032 0.63440079
vn 0.77300429 0.00000012 0.63440079
vn 0.88192396 0.00000013 0.47139170
vn 0.88192282 0.00000013 0.47139383
vn -0.99518427 -0.00000015 -0.09802178
vn -0.99518427 -0.00000015 -0.09802178
vn -0.99518506 -0.00000018 -0.09801371
vn -0.99518427 -0.00000015 -0.09802178
vn -0.99518427 -0.00000015 -0.09802178
vn -0.99518515 -0.00000015 -0.09801281
vn 0.95693976 0.00000014 -0.29028656
vn 0.95694005 0.00000014 -0.29028561
vn 0.00000015 -1.00000000 -0.00000118
vn 0.00000080 -1.00000000 0.00000093
vn 0.99518515 0.00000015 -0.09801281
vn 0.99518515 0.00000015 -0.09801281
vn 0.99518427 0.00000015 -0.09802178
vn 0.99518515 0.00000015 -0.09801281
vn 0.99518515 0.00000015 -0.09801281
vn 0.99518412 0.00000021 -0.09802330
vn 0.77301119 0.00000012 -0.63439238
vn 0.77300912 0.00000012 -0.63439490
vn -0.09801849 -0.00000001 -0.99518459
vn -0.09801343 0.00000092 -0.99518509
vn -0.09799985 -0.00000001 0.99518643
vn -0.09799985 -0.00000001 0.99518643
vn -0.88192434 -0.00000013 -0.47139098
vn -0.88192358 -0.00000013 -0.47139241
vn 0.09799985 0.00000001 0.99518643
vn 0.09799985 0.00000001 0.99518643
vn -0.29028411 -0.00000004 -0.95694051
vn -0.29029199 -0.00000065 -0.95693812
vn 0.63438804 -0.00000088 -0.77301476
vn 0.63439008 -0.00000015 -0.77301308
vn -0.00000015 1.00000000 -0.00000000
vn -0.47141425 -0.00000007 0.88191190
vn -0.47141425 -0.00000007 0.88191190
vn 0.47140269 -0.00000049 -0.88191808
vn 0.47140136 0.00000007 -0.88191879
vn 0.63350925 0.00000010 0.77373512
vn 0.63350925 0.00000010 0.77373512
vn 0.63440059 0.00000010 0.77300446
vn 0.63350925 0.00000010 0.77373512
vn 0.63350925 0.00000010 0.77373512
vn 0.63440059 0.00000010 0.77300446
vn -0.63439213 0.00000240 -0.77301140
vn -0.63439111 -0.00000058 -0.77301224
vn 0.00000015 -1.00000000 -0.00000000
vn -0.00000015 1.00000000 -0.00000000
vn -0.00000015 1.00000000 0.00000000
vn -0.95693843 -0.00000014 -0.29029094
vn -0.95693843 -0.00000014 -0.29029094
vn 0.00000015 -1.00000000 -0.00000000
vn 0.00000015 1.00000000 0.00000129
vn 0.47141603 0.00000007 0.88191095
vn 0.47141603 0.00000007 0.88191095
vn -0.63439847 -0.00000010 0.77300619
vn -0.63439847 -0.00000010 0.77300619
vn -0.63372980 -0.00000010 0.77355449
vn -0.63439847 0.00000430 0.77300619
vn -0.63438200 0.00000041 0.77301972
vn -0.63372980 -0.00000010 0.77355449
vn -0.88191648 -0.00000013 0.47140569
vn -0.88192434 0.00000002 0.47139098
vn 0.09802022 0.00000001 -0.99518442
vn 0.09801683 0.00000001 -0.99518476
vn 0.88192282 -0.00000031 -0.47139383
vn 0.88192282 0.00000013 -0.47139383
vn -0.99518473 -0.00000015 0.09801708
vn -0.99518473 -0.00000009 0.09801708
vn 0.95691223 0.00000014 0.29037731
vn 0.95691223 0.00000014 0.29037731
vn 0.95694253 0.00000014 0.29027745
vn 0.95691698 0.00000014 0.29036165
vn 0.95691698 0.00000014 0.29036165
vn 0.95694237 0.00000014 0.29027797
vn -0.29028725 -0.00000004 0.95693956
vn -0.29028725 -0.00000004 0.95693956
vn -0.47139115 -0.00000007 -0.88192425
vn -0.47139115 -0.00000063 -0.88192425
vn 0.29028606 0.00000004 0.95693992
vn 0.29028606 0.00000004 0.95693992
vn 0.29028292 -0.00000056 -0.95694087
vn 0.29028292 0.00000004 -0.95694087
vn -0.95694336 -0.00000014 0.29027470
vn -0.95694336 -0.00000014 0.29027470
vn -0.95688420 0.00000286 0.29046965
vn -0.95694336 0.00000004 0.29027470
vn -0.95694308 -0.00000012 0.29027562
vn -0.95688420 -0.00000005 0.29046965
vn -0.00000015 1.00000000 -0.00000000
vn -0.00000015 1.00000000 0.00000000
vn -0.77300984 -0.00000012 -0.63439403
vn -0.77300915 -0.00000012 -0.63439487
vn -0.77300708 -0.00000012 0.63439740
vn -0.77301743 0.00000349 0.63438479
vt 0.00000000 0.00000000
vt 0.00000000 0.00000000
vt 0.00000000 0.00000000
vt 0.00000000 0.00000000
vt 0.00000000 0.00000000
vt 0.00000000 0.00000000
vt 0.00000000 0.00000000
vt 0.00000000 0.00000000
vt 0.00000000 0.00000000
vt 0.00000000 0.00000000
vt 0.00000000 0.00000000
vt 0.00000000 0.00000000
vt 0.00000000 0.00000000
vt 0.00000000 0.00000000
vt 0.00000000 0.00000000
vt 0.00000000 0.00000000
vt 0.00000000 0.00000000
vt 0.00000000 0.00000000
vt 0.00000000 0.00000000
vt 0.00000000 0.00000000
vt 0.00000000 0.00000000
vt 0.00000000 0.00000000
vt 0.00000000 0.00000000
vt 0.00000000 0.00000000
vt 0.00000000 0.00000000
vt 0.00000000 0.00000000
vt 0.00000000 0.00000000
vt 0.00000000 0.00000000
vt 0.00000000 0.00000000
vt 0.00000000 0.00000000
vt 0.00000000 0.00000000
vt 0.00000000 0.00000000
vt 0.00000000 0.00000000
vt 0.00000000 0.00000000
vt 0.00000000 0.00000000
vt 0.00000000 0.00000000
vt 0.00000000 0.00000000
vt 0.00000000 0.00000000
vt 0.00000000 0.00000000
vt 0.00000000 0.00000000
vt 0.00000000 0.00000000
vt 0.00000000 0.00000000
vt 0.00000000 0.00000000
vt 0.00000000 0.00000000
vt 0.00000000 0.00000000
vt 0.00000000 0.00000000
vt 0.00000000 0.00000000
vt 0.00000000 0.00000000
vt 0.00000000 0.00000000
vt 0.00000000 0.00000000
vt 0.00000000 0.00000000
vt 0.00000000 0.00000000
vt 0.00000000 0.00000000
vt 0.00000000 0.00000000
vt 0.00000000 0.00000000
vt 0.00000000 0.00000000
vt 0.00000000 0.00000000
vt 0.00000000 0.00000000
vt 0.00000000 0.00000000
vt 0.00000000 0.00000000
vt 0.00000000 0.00000000
vt 0.00000000 0.00000000
vt 0.00000000 0.00000000
vt 0.00000000 0.00000000
vt 0.00000000 0.00000000
vt 0.00000000 0.00000000
vt 0.00000000 0.00000000
vt 0.00000000 0.00000000
vt 0.00000000 0.00000000
vt 0.00000000 0.00000000
vt 0.00000000 0.00000000
vt 0.00000000 0.00000000
vt 0.00000000 0.00000000
vt 0.00000000 0.00000000
vt 0.00000000 0.00000000
vt 0.00000000 0.00000000
vt 0.00000000 0.00000000
vt 0.00000000 0.00000000
vt 0.00000000 0.00000000
vt 0.00000000 0.00000000
vt 0.00000000 0.00000000
vt 0.00000000 0.00000000
vt 0.00000000 0.00000000
vt 0.00000000 0.00000000
vt 0.00000000 0.00000000
vt 0.00000000 0.00000000
vt 0.00000000 0.00000000
vt 0.00000000 0.00000000
vt 0.00000000 0.00000000
vt 0.00000000 0.00000000
vt 0.00000000 0.00000000
vt 0.00000000 0.00000000
vt 0.00000000 0.00000000
vt 0.00000000 0.00000000
vt 0.00000000 0.00000000
vt 0.00000000 0.00000000
vt 0.00000000 0.00000000
vt 0.00000000 0.00000000
vt 0.00000000 0.00000000
vt 0.00000000 0.00000000
vt 0.00000000 0.00000000
vt 0.00000000 0.00000000
vt 0.00000000 0.00000000
vt 0.00000000 0.00000000
vt 0.00000000 0.00000000
vt 0.00000000 0.00000000
vt 0.00000000 0.00000000
vt 0.00000000 0.00000000
vt 0.00000000 0.00000000
vt 0.00000000 0.00000000
vt 0.00000000 0.00000000
vt 0.00000000 0.00000000
vt 0.00000000 0.00000000
vt 0.00000000 0.00000000
vt 0.00000000 0.00000000
vt 0.00000000 0.00000000
vt 0.00000000 0.00000000
vt 0.00000000 0.00000000
vt 0.00000000 0.00000000
vt 0.00000000 0.00000000
vt 0.00000000 0.00000000
vt 0.00000000 0.00000000
vt 0.00000000 0.00000000
vt 0.00000000 0.00000000
vt 0.00000000 0.00000000
vt 0.00000000 0.00000000
vt 0.00000000 0.00000000
vt 0.00000000 0.00000000
vt 0.00000000 0.00000000
vt 0.00000000 0.00000000
vt 0.00000000 0.00000000
vt 0.00000000 0.00000000
vt 0.00000000 0.00000000
vt 0.00000000 0.00000000
vt 0.00000000 0.00000000
vt 0.00000000 0.00000000
vt 0.00000000 0.00000000
vt 0.00000000 0.00000000
vt 0.00000000 0.00000000
vt 0.00000000 0.00000000
vt 0.00000000 0.00000000
vt 0.00000000 0.00000000
vt 0.00000000 0.00000000
vt 0.00000000 0.00000000
vt 0.00000000 0.00000000
vt 0.00000000 0.00000000
vt 0.00000000 0.00000000
vt 0.00000000 0.00000000
vt 0.00000000 0.00000000
vt 0.00000000 0.00000000
vt 0.00000000 0.00000000
vt 0.00000000 0.00000000
vt 0.00000000 0.00000000
vt 0.00000000 0.00000000
vt 0.00000000 0.00000000
vt 0.00000000 0.00000000
vt 0.00000000 0.00000000
vt 0.00000000 0.00000000
vt 0.00000000 0.00000000
vt 0.00000000 0.00000000
vt 0.00000000 0.00000000
vt 0.00000000 0.00000000
vt 0.00000000 0.00000000
vt 0.00000000 0.00000000
vt 0.00000000 0.00000000
vt 0.00000000 0.00000000
vt 0.00000000 0.00000000
vt 0.00000000 0.00000000
vt 0.00000000 0.00000000
vt 0.00000000 0.00000000
vt 0.00000000 0.00000000
vt 0.00000000 0.00000000
vt 0.00000000 0.00000000
vt 0.00000000 0.00000000
vt 0.00000000 0.00000000
vt 0.00000000 0.00000000
vt 0.00000000 0.00000000
vt 0.00000000 0.00000000
vt 0.00000000 0.00000000
vt 0.00000000 0.00000000
vt 0.00000000 0.00000000
vt 0.00000000 0.00000000
vt 0.00000000 0.00000000
vt 0.00000000 0.00000000
vt 0.00000000 0.00000000
vt 0.00000000 0.00000000
vt 0.00000000 0.00000000
vt 0.00000000 0.00000000
vt 0.00000000 0.00000000
vt 0.00000000 0.00000000
vt 0.00000000 0.00000000
vt 0.00000000 0.00000000
vt 0.00000000 0.00000000
vt 0.00000000 0.00000000
vt 0.00000000 0.00000000
vt 0.00000000 0.00000000
vt 0.00000000 0.00000000
vt 0.00000000 0.00000000
vt 0.00000000 0.00000000
vt 0.00000000 0.00000000
vt 0.00000000 0.00000000
vt 0.00000000 0.00000000
vt 0.00000000 0.00000000
vt 0.00000000 0.00000000
vt 0.00000000 0.00000000
vt 0.00000000 0.00000000
vt 0.00000000 0.00000000
vt 0.00000000 0.00000000
vt 0.00000000 0.00000000
vt 0.00000000 0.00000000
vt 0.00000000 0.00000000
vt 0.00000000 0.00000000
vt 0.00000000 0.00000000
vt 0.00000000 0.00000000
vt 0.00000000 0.00000000
vt 0.00000000 0.00000000
vt 0.00000000 0.00000000
vt 0.00000000 0.00000000
vt 0.00000000 0.00000000
vt 0.00000000 0.00000000
vt 0.00000000 0.00000000
vt 0.00000000 0.00000000
vt 0.00000000 0.00000000
vt 0.00000000 0.00000000
vt 0.00000000 0.00000000
vt 0.00000000 0.00000000
vt 0.00000000 0.00000000
vt 0.00000000 0.00000000
vt 0.00000000 0.00000000
vt 0.00000000 0.00000000
vt 0.00000000 0.00000000
vt 0.00000000 0.00000000
vt 0.00000000 0.00000000
vt 0.00000000 0.00000000
vt 0.00000000 0.00000000
vt 0.00000000 0.00000000
vt 0.00000000 0.00000000
vt 0.00000000 0.00000000
vt 0.00000000 0.00000000
vt 0.00000000 0.00000000
vt 0.00000000 0.00000000
vt 0.00000000 0.00000000
vt 0.00000000 0.00000000
vt 0.00000000 0.00000000
vt 0.00000000 0.00000000
vt 0.00000000 0.00000000
vt 0.00000000 0.00000000
vt 0.00000000 0.00000000
vt 0.00000000 0.00000000
vt 0.00000000 0.00000000
vt 0.00000000 0.00000000
vt 0.00000000 0.00000000
vt 0.00000000 0.00000000
vt 0.00000000 0.00000000
vt 0.00000000 0.00000000
vt 0.00000000 0.00000000
vt 0.00000000 0.00000000
vt 0.00000000 0.00000000
vt 0.00000000 0.00000000
vt 0.00000000 0.00000000
vt 0.00000000 0.00000000
vt 0.00000000 0.00000000
vt 0.00000000 0.00000000
vt 0.00000000 0.00000000
vt 0.00000000 0.00000000
vt 0.00000000 0.00000000
vt 0.00000000 0.00000000
vt 0.00000000 0.00000000
vt 0.00000000 0.00000000
vt 0.00000000 0.00000000
vt 0.00000000 0.00000000
vt 0.00000000 0.00000000
vt 0.00000000 0.00000000
vt 0.00000000 0.00000000
vt 0.00000000 0.00000000
vt 0.00000000 0.00000000
vt 0.00000000 0.00000000
vt 0.00000000 0.00000000
vt 0.00000000 0.00000000
vt 0.00000000 0.00000000
vt 0.00000000 0.00000000
vt 0.00000000 0.00000000
vt 0.00000000 0.00000000
vt 0.00000000 0.00000000
vt 0.00000000 0.00000000
vt 0.00000000 0.00000000
vt 0.00000000 0.00000000
vt 0.00000000 0.00000000
vt 0.00000000 0.00000000
vt 0.00000000 0.00000000
vt 0.00000000 0.00000000
vt 0.00000000 0.00000000
vt 0.00000000 0.00000000
vt 0.00000000 0.00000000
vt 0.00000000 0.00000000
vt 0.00000000 0.00000000
vt 0.00000000 0.00000000
vt 0.00000000 0.00000000
vt 0.00000000 0.00000000
vt 0.00000000 0.00000000
vt 0.00000000 0.00000000
vt 0.00000000 0.00000000
vt 0.00000000 0.00000000
vt 0.00000000 0.00000000
vt 0.00000000 0.00000000
vt 0.00000000 0.00000000
vt 0.00000000 0.00000000
vt 0.00000000 0.00000000
vt 0.00000000 0.00000000
vt 0.00000000 0.00000000
vt 0.00000000 0.00000000
vt 0.00000000 0.00000000
vt 0.00000000 0.00000000
vt 0.00000000 0.00000000
vt 0.00000000 0.00000000
vt 0.00000000 0.00000000
vt 0.00000000 0.00000000
vt 0.00000000 0.00000000
vt 0.00000000 0.00000000
vt 0.00000000 0.00000000
vt 0.00000000 0.00000000
vt 0.00000000 0.00000000
vt 0.00000000 0.00000000
vt 0.00000000 0.00000000
vt 0.00000000 0.00000000
vt 0.00000000 0.00000000
vt 0.00000000 0.00000000
vt 0.00000000 0.00000000
vt 0.00000000 0.00000000
vt 0.00000000 0.00000000
vt 0.00000000 0.00000000
vt 0.00000000 0.00000000
vt 0.00000000 0.00000000
vt 0.00000000 0.00000000
vt 0.00000000 0.00000000
vt 0.00000000 0.00000000
vt 0.00000000 0.00000000
vt 0.00000000 0.00000000
vt 0.00000000 0.00000000
vt 0.00000000 0.00000000
vt 0.00000000 0.00000000
vt 0.00000000 0.00000000
vt 0.00000000 0.00000000
vt 0.00000000 0.00000000
vt 0.00000000 0.00000000
vt 0.00000000 0.00000000
vt 0.00000000 0.00000000
vt 0.00000000 0.00000000
vt 0.00000000 0.00000000
vt 0.00000000 0.00000000
vt 0.00000000 0.00000000
vt 0.00000000 0.00000000
vt 0.00000000 0.00000000
vt 0.00000000 0.00000000
vt 0.00000000 0.00000000
vt 0.00000000 0.00000000
vt 0.00000000 0.00000000
vt 0.00000000 0.00000000
vt 0.00000000 0.00000000
vt 0.00000000 0.00000000
vt 0.00000000 0.00000000
vt 0.00000000 0.00000000
vt 0.00000000 0.00000000
vt 0.00000000 0.00000000
vt 0.00000000 0.00000000
vt 0.00000000 0.00000000
vt 0.00000000 0.00000000
vt 0.00000000 0.00000000
vt 0.00000000 0.00000000
vt 0.00000000 0.00000000
vt 0.00000000 0.00000000
vt 0.00000000 0.00000000
vt 0.00000000 0.00000000
vt 0.00000000 0.00000000
vt 0.00000000 0.00000000
vt 0.00000000 0.00000000
vt 0.00000000 0.00000000
vt 0.00000000 0.00000000
vt 0.00000000 0.00000000
vt 0.00000000 0.00000000
vt 0.00000000 0.00000000
vt 0.00000000 0.00000000
vt 0.00000000 0.00000000
vt 0.00000000 0.00000000
vt 0.00000000 0.00000000
vt 0.00000000 0.00000000
vt 0.00000000 0.00000000
vt 0.00000000 0.00000000
vt 0.00000000 0.00000000
vt 0.00000000 0.00000000
vt 0.00000000 0.00000000
vt 0.00000000 0.00000000
vt 0.00000000 0.00000000
vt 0.00000000 0.00000000
vt 0.00000000 0.00000000
vt 0.00000000 0.00000000
vt 0.00000000 0.00000000
vt 0.00000000 0.00000000
vt 0.00000000 0.00000000
vt 0.00000000 0.00000000
vt 0.00000000 0.00000000
vt 0.00000000 0.00000000
vt 0.00000000 0.00000000
vt 0.00000000 0.00000000
vt 0.00000000 0.00000000
vt 0.00000000 0.00000000
vt 0.00000000 0.00000000
vt 0.00000000 0.00000000
vt 0.00000000 0.00000000
vt 0.00000000 0.00000000
vt 0.00000000 0.00000000
vt 0.00000000 0.00000000
vt 0.00000000 0.00000000
vt 0.00000000 0.00000000
vt 0.00000000 0.00000000
vt 0.00000000 0.00000000
vt 0.00000000 0.00000000
vt 0.00000000 0.00000000
vt 0.00000000 0.00000000
vt 0.00000000 0.00000000
vt 0.00000000 0.00000000
vt 0.00000000 0.00000000
vt 0.00000000 0.00000000
vt 0.00000000 0.00000000
vt 0.00000000 0.00000000
vt 0.00000000 0.00000000
vt 0.00000000 0.00000000
vt 0.00000000 0.00000000
vt 0.00000000 0.00000000
vt 0.00000000 0.00000000
vt 0.00000000 0.00000000
vt 0.00000000 0.00000000
vt 0.00000000 0.00000000
vt 0.00000000 0.00000000
vt 0.00000000 0.00000000
vt 0.00000000 0.00000000
vt 0.00000000 0.00000000
vt 0.00000000 0.00000000
vt 0.00000000 0.00000000
vt 0.00000000 0.00000000
vt 0.00000000 0.00000000
vt 0.00000000 0.00000000
vt 0.00000000 0.00000000
vt 0.00000000 0.00000000
vt 0.00000000 0.00000000
vt 0.00000000 0.00000000
vt 0.00000000 0.00000000
vt 0.00000000 0.00000000
vt 0.00000000 0.00000000
vt 0.00000000 0.00000000
vt 0.00000000 0.00000000
vt 0.00000000 0.00000000
vt 0.00000000 0.00000000
vt 0.00000000 0.00000000
vt 0.00000000 0.00000000
vt 0.00000000 0.00000000
vt 0.00000000 0.00000000
vt 0.00000000 0.00000000
vt 0.00000000 0.00000000
vt 0.00000000 0.00000000
vt 0.00000000 0.00000000
vt 0.00000000 0.00000000
vt 0.00000000 0.00000000
vt 0.00000000 0.00000000
vt 0.00000000 0.00000000
vt 0.00000000 0.00000000
vt 0.00000000 0.00000000
vt 0.00000000 0.00000000
vt 0.00000000 0.00000000
vt 0.00000000 0.00000000
vt 0.00000000 0.00000000
vt 0.00000000 0.00000000
vt 0.00000000 0.00000000
vt 0.00000000 0.00000000
vt 0.00000000 0.00000000
vt 0.00000000 0.00000000
vt 0.00000000 0.00000000
vt 0.00000000 0.00000000
vt 0.00000000 0.00000000
vt 0.00000000 0.00000000
vt 0.00000000 0.00000000
vt 0.00000000 0.00000000
vt 0.00000000 0.00000000
vt 0.00000000 0.00000000
vt 0.00000000 0.00000000
vt 0.00000000 0.00000000
vt 0.00000000 0.00000000
vt 0.00000000 0.00000000
vt 0.00000000 0.00000000
vt 0.00000000 0.00000000
vt 0.00000000 0.00000000
vt 0.00000000 0.00000000
vt 0.00000000 0.00000000
vt 0.00000000 0.00000000
vt 0.00000000 0.00000000
vt 0.00000000 0.00000000
vt 0.00000000 0.00000000
vt 0.00000000 0.00000000
vt 0.00000000 0.00000000
vt 0.00000000 0.00000000
vt 0.00000000 0.00000000
vt 0.00000000 0.00000000
vt 0.00000000 0.00000000
vt 0.00000000 0.00000000
vt 0.00000000 0.00000000
vt 0.00000000 0.00000000
vt 0.00000000 0.00000000
vt 0.00000000 0.00000000
vt 0.00000000 0.00000000
vt 0.00000000 0.00000000
vt 0.00000000 0.00000000
vt 0.00000000 0.00000000
vt 0.00000000 0.00000000
vt 0.00000000 0.00000000
vt 0.00000000 0.00000000
vt 0.00000000 0.00000000
vt 0.00000000 0.00000000
vt 0.00000000 0.00000000
vt 0.00000000 0.00000000
vt 0.00000000 0.00000000
vt 0.00000000 0.00000000
vt 0.00000000 0.00000000
vt 0.00000000 0.00000000
vt 0.00000000 0.00000000
vt 0.00000000 0.00000000
vt 0.00000000 0.00000000
vt 0.00000000 0.00000000
vt 0.00000000 0.00000000
vt 0.00000000 0.00000000
vt 0.00000000 0.00000000
vt 0.00000000 0.00000000
vt 0.00000000 0.00000000
vt 0.00000000 0.00000000
vt 0.00000000 0.00000000
vt 0.00000000 0.00000000
vt 0.00000000 0.00000000
vt 0.00000000 0.00000000
vt 0.00000000 0.00000000
vt 0.00000000 0.00000000
vt 0.00000000 0.00000000
vt 0.00000000 0.00000000
vt 0.00000000 0.00000000
vt 0.00000000 0.00000000
vt 0.00000000 0.00000000
vt 0.00000000 0.00000000
vt 0.00000000 0.00000000
vt 0.00000000 0.00000000
vt 0.00000000 0.00000000
vt 0.00000000 0.00000000
vt 0.00000000 0.00000000
vt 0.00000000 0.00000000
vt 0.00000000 0.00000000
vt 0.00000000 0.00000000
vt 0.00000000 0.00000000
vt 0.00000000 0.00000000
vt 0.00000000 0.00000000
vt 0.00000000 0.00000000
vt 0.00000000 0.00000000
vt 0.00000000 0.00000000
vt 0.00000000 0.00000000
vt 0.00000000 0.00000000
vt 0.00000000 0.00000000
vt 0.00000000 0.00000000
vt 0.00000000 0.00000000
vt 0.00000000 0.00000000
vt 0.00000000 0.00000000
vt 0.00000000 0.00000000
vt 0.00000000 0.00000000
vt 0.00000000 0.00000000
vt 0.00000000 0.00000000
vt 0.00000000 0.00000000
vt 0.00000000 0.00000000
vt 0.00000000 0.00000000
vt 0.00000000 0.00000000
vt 0.00000000 0.00000000
vt 0.00000000 0.00000000
vt 0.00000000 0.00000000
vt 0.00000000 0.00000000
vt 0.00000000 0.00000000
vt 0.00000000 0.00000000
vt 0.00000000 0.00000000
vt 0.00000000 0.00000000
vt 0.00000000 0.00000000
vt 0.00000000 0.00000000
vt 0.00000000 0.00000000
vt 0.00000000 0.00000000
vt 0.00000000 0.00000000
vt 0.00000000 0.00000000
vt 0.00000000 0.00000000
vt 0.00000000 0.00000000
vt 0.00000000 0.00000000
vt 0.00000000 0.00000000
vt 0.00000000 0.00000000
vt 0.00000000 0.00000000
vt 0.00000000 0.00000000
vt 0.00000000 0.00000000
vt 0.00000000 0.00000000
vt 0.00000000 0.00000000
vt 0.00000000 0.00000000
vt 0.00000000 0.00000000
vt 0.00000000 0.00000000
vt 0.00000000 0.00000000
vt 0.00000000 0.00000000
vt 0.00000000 0.00000000
vt 0.00000000 0.00000000
vt 0.00000000 0.00000000
vt 0.00000000 0.00000000
vt 0.00000000 0.00000000
vt 0.00000000 0.00000000
vt 0.00000000 0.00000000
vt 0.00000000 0.00000000
vt 0.00000000 0.00000000
vt 0.00000000 0.00000000
vt 0.00000000 0.00000000
vt 0.00000000 0.00000000
vt 0.00000000 0.00000000
vt 0.00000000 0.00000000
vt 0.00000000 0.00000000
vt 0.00000000 0.00000000
vt 0.00000000 0.00000000
vt 0.00000000 0.00000000
vt 0.00000000 0.00000000
vt 0.00000000 0.00000000
vt 0.00000000 0.00000000
vt 0.00000000 0.00000000
vt 0.00000000 0.00000000
vt 0.00000000 0.00000000
vt 0.00000000 0.00000000
vt 0.00000000 0.00000000
vt 0.00000000 0.00000000
vt 0.00000000 0.00000000
vt 0.00000000 0.00000000
vt 0.00000000 0.00000000
vt 0.00000000 0.00000000
vt 0.00000000 0.00000000
vt 0.00000000 0.00000000
vt 0.00000000 0.00000000
vt 0.00000000 0.00000000
vt 0.00000000 0.00000000
vt 0.00000000 0.00000000
vt 0.00000000 0.00000000
vt 0.00000000 0.00000000
vt 0.00000000 0.00000000
vt 0.00000000 0.00000000
vt 0.00000000 0.00000000
vt 0.00000000 0.00000000
vt 0.00000000 0.00000000
vt 0.00000000 0.00000000
vt 0.00000000 0.00000000
vt 0.00000000 0.00000000
vt 0.00000000 0.00000000
vt 0.00000000 0.00000000
vt 0.00000000 0.00000000
vt 0.00000000 0.00000000
vt 0.00000000 0.00000000
vt 0.00000000 0.00000000
vt 0.00000000 0.00000000
vt 0.00000000 0.00000000
vt 0.00000000 0.00000000
vt 0.00000000 0.00000000
vt 0.00000000 0.00000000
vt 0.00000000 0.00000000
vt 0.00000000 0.00000000
vt 0.00000000 0.00000000
vt 0.00000000 0.00000000
vt 0.00000000 0.00000000
vt 0.00000000 0.00000000
vt 0.00000000 0.00000000
vt 0.00000000 0.00000000
vt 0.00000000 0.00000000
vt 0.00000000 0.00000000
vt 0.00000000 0.00000000
vt 0.00000000 0.00000000
vt 0.00000000 0.00000000
vt 0.00000000 0.00000000
vt 0.00000000 0.00000000
vt 0.00000000 0.00000000
vt 0.00000000 0.00000000
vt 0.00000000 0.00000000
vt 0.00000000 0.00000000
vt 0.00000000 0.00000000
vt 0.00000000 0.00000000
vt 0.00000000 0.00000000
vt 0.00000000 0.00000000
vt 0.00000000 0.00000000
vt 0.00000000 0.00000000
vt 0.00000000 0.00000000
vt 0.00000000 0.00000000
vt 0.00000000 0.00000000
vt 0.00000000 0.00000000
vt 0.00000000 0.00000000
vt 0.00000000 0.00000000
vt 0.00000000 0.00000000
vt 0.00000000 0.00000000
vt 0.00000000 0.00000000
vt 0.00000000 0.00000000
vt 0.00000000 0.00000000
vt 0.00000000 0.00000000
vt 0.00000000 0.00000000
vt 0.00000000 0.00000000
vt 0.00000000 0.00000000
vt 0.00000000 0.00000000
vt 0.00000000 0.00000000
vt 0.00000000 0.00000000
vt 0.00000000 0.00000000
vt 0.00000000 0.00000000
vt 0.00000000 0.00000000
vt 0.00000000 0.00000000
vt 0.00000000 0.00000000
vt 0.00000000 0.00000000
vt 0.00000000 0.00000000
vt 0.00000000 0.00000000
vt 0.00000000 0.00000000
vt 0.00000000 0.00000000
vt 0.00000000 0.00000000
vt 0.00000000 0.00000000
vt 0.00000000 0.00000000
vt 0.00000000 0.00000000
vt 0.00000000 0.00000000
vt 0.00000000 0.00000000
vt 0.00000000 0.00000000
vt 0.00000000 0.00000000
vt 0.00000000 0.00000000
vt 0.00000000 0.00000000
vt 0.00000000 0.00000000
vt 0.00000000 0.00000000
vt 0.00000000 0.00000000
vt 0.00000000 0.00000000
vt 0.00000000 0.00000000
vt 0.00000000 0.00000000
vt 0.00000000 0.00000000
vt 0.00000000 0.00000000
vt 0.00000000 0.00000000
vt 0.00000000 0.00000000
vt 0.00000000 0.00000000
vt 0.00000000 0.00000000
vt 0.00000000 0.00000000
vt 0.00000000 0.00000000
vt 0.00000000 0.00000000
vt 0.00000000 0.00000000
vt 0.00000000 0.00000000
vt 0.00000000 0.00000000
vt 0.00000000 0.00000000
vt 0.00000000 0.00000000
vt 0.00000000 0.00000000
vt 0.00000000 0.00000000
vt 0.00000000 0.00000000
vt 0.00000000 0.00000000
vt 0.00000000 0.00000000
vt 0.00000000 0.00000000
vt 0.00000000 0.00000000
vt 0.00000000 0.00000000
vt 0.00000000 0.00000000
vt 0.00000000 0.00000000
vt 0.00000000 0.00000000
vt 0.00000000 0.00000000
vt 0.00000000 0.00000000
vt 0.00000000 0.00000000
vt 0.00000000 0.00000000
vt 0.00000000 0.00000000
vt 0.00000000 0.00000000
vt 0.00000000 0.00000000
vt 0.00000000 0.00000000
vt 0.00000000 0.00000000
vt 0.00000000 0.00000000
vt 0.00000000 0.00000000
vt 0.00000000 0.00000000
vt 0.00000000 0.00000000
vt 0.00000000 0.00000000
vt 0.00000000 0.00000000
vt 0.00000000 0.00000000
vt 0.00000000 0.00000000
vt 0.00000000 0.00000000
vt 0.00000000 0.00000000
vt 0.00000000 0.00000000
vt 0.00000000 0.00000000
vt 0.00000000 0.00000000
vt 0.00000000 0.00000000
vt 0.00000000 0.00000000
vt 0.00000000 0.00000000
vt 0.00000000 0.00000000
vt 0.00000000 0.00000000
vt 0.00000000 0.00000000
vt 0.00000000 0.00000000
vt 0.00000000 0.00000000
vt 0.00000000 0.00000000
vt 0.00000000 0.00000000
vt 0.00000000 0.00000000
vt 0.00000000 0.00000000
vt 0.00000000 0.00000000
vt 0.00000000 0.00000000
vt 0.00000000 0.00000000
vt 0.00000000 0.00000000
vt 0.00000000 0.00000000
vt 0.00000000 0.00000000
vt 0.00000000 0.00000000
vt 0.00000000 0.00000000
vt 0.00000000 0.00000000
vt 0.00000000 0.00000000
vt 0.00000000 0.00000000
vt 0.00000000 0.00000000
vt 0.00000000 0.00000000
vt 0.00000000 0.00000000
vt 0.00000000 0.00000000
vt 0.00000000 0.00000000
vt 0.00000000 0.00000000
vt 0.00000000 0.00000000
vt 0.00000000 0.00000000
vt 0.00000000 0.00000000
vt 0.00000000 0.00000000
vt 0.00000000 0.00000000
vt 0.00000000 0.00000000
vt 0.00000000 0.00000000
vt 0.00000000 0.00000000
vt 0.00000000 0.00000000
vt 0.00000000 0.00000000
vt 0.00000000 0.00000000
vt 0.00000000 0.00000000
vt 0.00000000 0.00000000
vt 0.00000000 0.00000000
vt 0.00000000 0.00000000
vt 0.00000000 0.00000000
vt 0.00000000 0.00000000
vt 0.00000000 0.00000000
vt 0.00000000 0.00000000
vt 0.00000000 0.00000000
vt 0.00000000 0.00000000
vt 0.00000000 0.00000000
vt 0.00000000 0.00000000
vt 0.00000000 0.00000000
vt 0.00000000 0.00000000
vt 0.00000000 0.00000000
vt 0.00000000 0.00000000
vt 0.00000000 0.00000000
vt 0.00000000 0.00000000
vt 0.00000000 0.00000000
vt 0.00000000 0.00000000
vt 0.00000000 0.00000000
vt 0.00000000 0.00000000
vt 0.00000000 0.00000000
vt 0.00000000 0.00000000
vt 0.00000000 0.00000000
vt 0.00000000 0.00000000
vt 0.00000000 0.00000000
vt 0.00000000 0.00000000
vt 0.00000000 0.00000000
vt 0.00000000 0.00000000
vt 0.00000000 0.00000000
vt 0.00000000 0.00000000
vt 0.00000000 0.00000000
vt 0.00000000 0.00000000
vt 0.00000000 0.00000000
vt 0.00000000 0.00000000
vt 0.00000000 0.00000000
vt 0.00000000 0.00000000
vt 0.00000000 0.00000000
vt 0.00000000 0.00000000
vt 0.00000000 0.00000000
vt 0.00000000 0.00000000
vt 0.00000000 0.00000000
vt 0.00000000 0.00000000
vt 0.00000000 0.00000000
vt 0.00000000 0.00000000
vt 0.00000000 0.00000000
vt 0.00000000 0.00000000
vt 0.00000000 0.00000000
vt 0.00000000 0.00000000
vt 0.00000000 0.00000000
vt 0.00000000 0.00000000
vt 0.00000000 0.00000000
vt 0.00000000 0.00000000
vt 0.00000000 0.00000000
vt 0.00000000 0.00000000
vt 0.00000000 0.00000000
vt 0.00000000 0.00000000
vt 0.00000000 0.00000000
vt 0.00000000 0.00000000
vt 0.00000000 0.00000000
vt 0.00000000 0.00000000
vt 0.00000000 0.00000000
vt 0.00000000 0.00000000
vt 0.00000000 0.00000000
vt 0.00000000 0.00000000
vt 0.00000000 0.00000000
vt 0.00000000 0.00000000
vt 0.00000000 0.00000000
vt 0.00000000 0.00000000
vt 0.00000000 0.00000000
vt 0.00000000 0.00000000
vt 0.00000000 0.00000000
vt 0.00000000 0.00000000
vt 0.00000000 0.00000000
vt 0.00000000 0.00000000
vt 0.00000000 0.00000000
vt 0.00000000 0.00000000
vt 0.00000000 0.00000000
vt 0.00000000 0.00000000
vt 0.00000000 0.00000000
vt 0.00000000 0.00000000
vt 0.00000000 0.00000000
vt 0.00000000 0.00000000
vt 0.00000000 0.00000000
vt 0.00000000 0.00000000
vt 0.00000000 0.00000000
vt 0.00000000 0.00000000
vt 0.00000000 0.00000000
vt 0.00000000 0.00000000
vt 0.00000000 0.00000000
vt 0.00000000 0.00000000
vt 0.00000000 0.00000000
vt 0.00000000 0.00000000
vt 0.00000000 0.00000000
vt 0.00000000 0.00000000
vt 0.00000000 0.00000000
vt 0.00000000 0.00000000
vt 0.00000000 0.00000000
vt 0.00000000 0.00000000
vt 0.00000000 0.00000000
vt 0.00000000 0.00000000
vt 0.00000000 0.00000000
vt 0.00000000 0.00000000
vt 0.00000000 0.00000000
vt 0.00000000 0.00000000
vt 0.00000000 0.00000000
vt 0.00000000 0.00000000
vt 0.00000000 0.00000000
vt 0.00000000 0.00000000
vt 0.00000000 0.00000000
vt 0.00000000 0.00000000
vt 0.00000000 0.00000000
vt 0.00000000 0.00000000
vt 0.00000000 0.00000000
vt 0.00000000 0.00000000
vt 0.00000000 0.00000000
vt 0.00000000 0.00000000
vt 0.00000000 0.00000000
vt 0.00000000 0.00000000
vt 0.00000000 0.00000000
vt 0.00000000 0.00000000
vt 0.00000000 0.00000000
vt 0.00000000 0.00000000
vt 0.00000000 0.00000000
vt 0.00000000 0.00000000
vt 0.00000000 0.00000000
vt 0.00000000 0.00000000
vt 0.00000000 0.00000000
vt 0.00000000 0.00000000
vt 0.00000000 0.00000000
vt 0.00000000 0.00000000
vt 0.00000000 0.00000000
vt 0.00000000 0.00000000
vt 0.00000000 0.00000000
vt 0.00000000 0.00000000
vt 0.00000000 0.00000000
vt 0.00000000 0.00000000
vt 0.00000000 0.00000000
vt 0.00000000 0.00000000
vt 0.00000000 0.00000000
vt 0.00000000 0.00000000
vt 0.00000000 0.00000000
vt 0.00000000 0.00000000
vt 0.00000000 0.00000000
vt 0.00000000 0.00000000
vt 0.00000000 0.00000000
vt 0.00000000 0.00000000
vt 0.00000000 0.00000000
vt 0.00000000 0.00000000
vt 0.00000000 0.00000000
vt 0.00000000 0.00000000
vt 0.00000000 0.00000000
vt 0.00000000 0.00000000
vt 0.00000000 0.00000000
vt 0.00000000 0.00000000
vt 0.00000000 0.00000000
vt 0.00000000 0.00000000
vt 0.00000000 0.00000000
vt 0.00000000 0.00000000
vt 0.00000000 0.00000000
vt 0.00000000 0.00000000
vt 0.00000000 0.00000000
vt 0.00000000 0.00000000
vt 0.00000000 0.00000000
vt 0.00000000 0.00000000
vt 0.00000000 0.00000000
vt 0.00000000 0.00000000
vt 0.00000000 0.00000000
vt 0.00000000 0.00000000
vt 0.00000000 0.00000000
vt 0.00000000 0.00000000
vt 0.00000000 0.00000000
vt 0.00000000 0.00000000
vt 0.00000000 0.00000000
vt 0.00000000 0.00000000
vt 0.00000000 0.00000000
vt 0.00000000 0.00000000
vt 0.00000000 0.00000000
vt 0.00000000 0.00000000
vt 0.00000000 0.00000000
vt 0.00000000 0.00000000
vt 0.00000000 0.00000000
vt 0.00000000 0.00000000
vt 0.00000000 0.00000000
vt 0.00000000 0.00000000
vt 0.00000000 0.00000000
vt 0.00000000 0.00000000
vt 0.00000000 0.00000000
vt 0.00000000 0.00000000
vt 0.00000000 0.00000000
vt 0.00000000 0.00000000
vt 0.00000000 0.00000000
vt 0.00000000 0.00000000
vt 0.00000000 0.00000000
vt 0.00000000 0.00000000
vt 0.00000000 0.00000000
vt 0.00000000 0.00000000
vt 0.00000000 0.00000000
vt 0.00000000 0.00000000
vt 0.00000000 0.00000000
vt 0.00000000 0.00000000
vt 0.00000000 0.00000000
vt 0.00000000 0.00000000
vt 0.00000000 0.00000000
vt 0.00000000 0.00000000
vt 0.00000000 0.00000000
vt 0.00000000 0.00000000
vt 0.00000000 0.00000000
vt 0.00000000 0.00000000
vt 0.00000000 0.00000000
vt 0.00000000 0.00000000
vt 0.00000000 0.00000000
vt 0.00000000 0.00000000
vt 0.00000000 0.00000000
vt 0.00000000 0.00000000
vt 0.00000000 0.00000000
vt 0.00000000 0.00000000
vt 0.00000000 0.00000000
vt 0.00000000 0.00000000
vt 0.00000000 0.00000000
vt 0.00000000 0.00000000
vt 0.00000000 0.00000000
vt 0.00000000 0.00000000
vt 0.00000000 0.00000000
vt 0.00000000 0.00000000
vt 0.00000000 0.00000000
vt 0.00000000 0.00000000
vt 0.00000000 0.00000000
vt 0.00000000 0.00000000
vt 0.00000000 0.00000000
vt 0.00000000 0.00000000
vt 0.00000000 0.00000000
vt 0.00000000 0.00000000
vt 0.00000000 0.00000000
vt 0.00000000 0.00000000
vt 0.00000000 0.00000000
vt 0.00000000 0.00000000
vt 0.00000000 0.00000000
vt 0.00000000 0.00000000
vt 0.00000000 0.00000000
vt 0.00000000 0.00000000
vt 0.00000000 0.00000000
vt 0.00000000 0.00000000
vt 0.00000000 0.00000000
vt 0.00000000 0.00000000
vt 0.00000000 0.00000000
vt 0.00000000 0.00000000
vt 0.00000000 0.00000000
vt 0.00000000 0.00000000
vt 0.00000000 0.00000000
vt 0.00000000 0.00000000
vt 0.00000000 0.00000000
vt 0.00000000 0.00000000
vt 0.00000000 0.00000000
vt 0.00000000 0.00000000
vt 0.00000000 0.00000000
vt 0.00000000 0.00000000
vt 0.00000000 0.00000000
vt 0.00000000 0.00000000
vt 0.00000000 0.00000000
vt 0.00000000 0.00000000
vt 0.00000000 0.00000000
vt 0.00000000 0.00000000
vt 0.00000000 0.00000000
vt 0.00000000 0.00000000
vt 0.00000000 0.00000000
vt 0.00000000 0.00000000
vt 0.00000000 0.00000000
vt 0.00000000 0.00000000
vt 0.00000000 0.00000000
vt 0.00000000 0.00000000
vt 0.00000000 0.00000000
vt 0.00000000 0.00000000
vt 0.00000000 0.00000000
vt 0.00000000 0.00000000
vt 0.00000000 0.00000000
vt 0.00000000 0.00000000
vt 0.00000000 0.00000000
vt 0.00000000 0.00000000
vt 0.00000000 0.00000000
vt 0.00000000 0.00000000
vt 0.00000000 0.00000000
vt 0.00000000 0.00000000
vt 0.00000000 0.00000000
vt 0.00000000 0.00000000
vt 0.00000000 0.00000000
vt 0.00000000 0.00000000
vt 0.00000000 0.00000000
vt 0.00000000 0.00000000
vt 0.00000000 0.00000000
vt 0.00000000 0.00000000
vt 0.00000000 0.00000000
vt 0.00000000 0.00000000
vt 0.00000000 0.00000000
vt 0.00000000 0.00000000
vt 0.00000000 0.00000000
vt 0.00000000 0.00000000
vt 0.00000000 0.00000000
vt 0.00000000 0.00000000
vt 0.00000000 0.00000000
vt 0.00000000 0.00000000
vt 0.00000000 0.00000000
vt 0.00000000 0.00000000
vt 0.00000000 0.00000000
vt 0.00000000 0.00000000
vt 0.00000000 0.00000000
vt 0.00000000 0.00000000
vt 0.00000000 0.00000000
vt 0.00000000 0.00000000
vt 0.00000000 0.00000000
vt 0.00000000 0.00000000
vt 0.00000000 0.00000000
vt 0.00000000 0.00000000
vt 0.00000000 0.00000000
vt 0.00000000 0.00000000
vt 0.00000000 0.00000000
vt 0.00000000 0.00000000
vt 0.00000000 0.00000000
vt 0.00000000 0.00000000
vt 0.00000000 0.00000000
vt 0.00000000 0.00000000
vt 0.00000000 0.00000000
vt 0.00000000 0.00000000
vt 0.00000000 0.00000000
vt 0.00000000 0.00000000
vt 0.00000000 0.00000000
vt 0.00000000 0.00000000
vt 0.00000000 0.00000000
vt 0.00000000 0.00000000
vt 0.00000000 0.00000000
vt 0.00000000 0.00000000
vt 0.00000000 0.00000000
vt 0.00000000 0.00000000
vt 0.00000000 0.00000000
vt 0.00000000 0.00000000
vt 0.00000000 0.00000000
vt 0.00000000 0.00000000
vt 0.00000000 0.00000000
vt 0.00000000 0.00000000
vt 0.00000000 0.00000000
vt 0.00000000 0.00000000
vt 0.00000000 0.00000000
vt 0.00000000 0.00000000
vt 0.00000000 0.00000000
vt 0.00000000 0.00000000
vt 0.00000000 0.00000000
vt 0.00000000 0.00000000
vt 0.00000000 0.00000000
vt 0.00000000 0.00000000
vt 0.00000000 0.00000000
vt 0.00000000 0.00000000
vt 0.00000000 0.00000000
vt 0.00000000 0.00000000
vt 0.00000000 0.00000000
vt 0.00000000 0.00000000
vt 0.00000000 0.00000000
vt 0.00000000 0.00000000
vt 0.00000000 0.00000000
vt 0.00000000 0.00000000
vt 0.00000000 0.00000000
vt 0.00000000 0.00000000
vt 0.00000000 0.00000000
vt 0.00000000 0.00000000
vt 0.00000000 0.00000000
vt 0.00000000 0.00000000
vt 0.00000000 0.00000000
vt 0.00000000 0.00000000
vt 0.00000000 0.00000000
vt 0.00000000 0.00000000
vt 0.00000000 0.00000000
vt 0.00000000 0.00000000
vt 0.00000000 0.00000000
vt 0.00000000 0.00000000
vt 0.00000000 0.00000000
vt 0.00000000 0.00000000
vt 0.00000000 0.00000000
vt 0.00000000 0.00000000
vt 0.00000000 0.00000000
vt 0.00000000 0.00000000
vt 0.00000000 0.00000000
vt 0.00000000 0.00000000
vt 0.00000000 0.00000000
vt 0.00000000 0.00000000
vt 0.00000000 0.00000000
vt 0.00000000 0.00000000
vt 0.00000000 0.00000000
vt 0.00000000 0.00000000
vt 0.00000000 0.00000000
vt 0.00000000 0.00000000
vt 0.00000000 0.00000000
vt 0.00000000 0.00000000
vt 0.00000000 0.00000000
vt 0.00000000 0.00000000
vt 0.00000000 0.00000000
vt 0.00000000 0.00000000
vt 0.00000000 0.00000000
vt 0.00000000 0.00000000
vt 0.00000000 0.00000000
vt 0.00000000 0.00000000
vt 0.00000000 0.00000000
vt 0.00000000 0.00000000
vt 0.00000000 0.00000000
vt 0.00000000 0.00000000
vt 0.00000000 0.00000000
vt 0.00000000 0.00000000
vt 0.00000000 0.00000000
vt 0.00000000 0.00000000
vt 0.00000000 0.00000000
vt 0.00000000 0.00000000
vt 0.00000000 0.00000000
vt 0.00000000 0.00000000
vt 0.00000000 0.00000000
vt 0.00000000 0.00000000
vt 0.00000000 0.00000000
vt 0.00000000 0.00000000
vt 0.00000000 0.00000000
vt 0.00000000 0.00000000
vt 0.00000000 0.00000000
vt 0.00000000 0.00000000
vt 0.00000000 0.00000000
vt 0.00000000 0.00000000
vt 0.00000000 0.00000000
vt 0.00000000 0.00000000
vt 0.00000000 0.00000000
vt 0.00000000 0.00000000
vt 0.00000000 0.00000000
vt 0.00000000 0.00000000
vt 0.00000000 0.00000000
vt 0.00000000 0.00000000
vt 0.00000000 0.00000000
vt 0.00000000 0.00000000
vt 0.00000000 0.00000000
vt 0.00000000 0.00000000
vt 0.00000000 0.00000000
vt 0.00000000 0.00000000
vt 0.00000000 0.00000000
vt 0.00000000 0.00000000
vt 0.00000000 0.00000000
vt 0.00000000 0.00000000
vt 0.00000000 0.00000000
vt 0.00000000 0.00000000
vt 0.00000000 0.00000000
vt 0.00000000 0.00000000
vt 0.00000000 0.00000000
vt 0.00000000 0.00000000
vt 0.00000000 0.00000000
vt 0.00000000 0.00000000
vt 0.00000000 0.00000000
vt 0.00000000 0.00000000
vt 0.00000000 0.00000000
vt 0.00000000 0.00000000
vt 0.00000000 0.00000000
vt 0.00000000 0.00000000
vt 0.00000000 0.00000000
vt 0.00000000 0.00000000
vt 0.00000000 0.00000000
vt 0.00000000 0.00000000
vt 0.00000000 0.00000000
vt 0.00000000 0.00000000
vt 0.00000000 0.00000000
vt 0.00000000 0.00000000
vt 0.00000000 0.00000000
vt 0.00000000 0.00000000
vt 0.00000000 0.00000000
vt 0.00000000 0.00000000
vt 0.00000000 0.00000000
vt 0.00000000 0.00000000
vt 0.00000000 0.00000000
vt 0.00000000 0.00000000
vt 0.00000000 0.00000000
vt 0.00000000 0.00000000
vt 0.00000000 0.00000000
vt 0.00000000 0.00000000
vt 0.00000000 0.00000000
vt 0.00000000 0.00000000
vt 0.00000000 0.00000000
vt 0.00000000 0.00000000
vt 0.00000000 0.00000000
vt 0.00000000 0.00000000
vt 0.00000000 0.00000000
vt 0.00000000 0.00000000
vt 0.00000000 0.00000000
vt 0.00000000 0.00000000
vt 0.00000000 0.00000000
vt 0.00000000 0.00000000
vt 0.00000000 0.00000000
vt 0.00000000 0.00000000
vt 0.00000000 0.00000000
vt 0.00000000 0.00000000
vt 0.00000000 0.00000000
vt 0.00000000 0.00000000
vt 0.00000000 0.00000000
vt 0.00000000 0.00000000
vt 0.00000000 0.00000000
vt 0.00000000 0.00000000
vt 0.00000000 0.00000000
vt 0.00000000 0.00000000
vt 0.00000000 0.00000000
vt 0.00000000 0.00000000
vt 0.00000000 0.00000000
vt 0.00000000 0.00000000
vt 0.00000000 0.00000000
vt 0.00000000 0.00000000
vt 0.00000000 0.00000000
vt 0.00000000 0.00000000
vt 0.00000000 0.00000000
vt 0.00000000 0.00000000
vt 0.00000000 0.00000000
vt 0.00000000 0.00000000
vt 0.00000000 0.00000000
vt 0.00000000 0.00000000
vt 0.00000000 0.00000000
vt 0.00000000 0.00000000
vt 0.00000000 0.00000000
vt 0.00000000 0.00000000
vt 0.00000000 0.00000000
vt 0.00000000 0.00000000
vt 0.00000000 0.00000000
vt 0.00000000 0.00000000
vt 0.00000000 0.00000000
vt 0.00000000 0.00000000
vt 0.00000000 0.00000000
vt 0.00000000 0.00000000
vt 0.00000000 0.00000000
vt 0.00000000 0.00000000
vt 0.00000000 0.00000000
vt 0.00000000 0.00000000
vt 0.00000000 0.00000000
vt 0.00000000 0.00000000
vt 0.00000000 0.00000000
vt 0.00000000 0.00000000
vt 0.00000000 0.00000000
f 1377/1377/1377 1378/1378/1378 1379/1379/1379
f 1380/1380/1380 1381/1381/1381 1382/1382/1382
f 1383/1383/1383 1384/1384/1384 1385/1385/1385
f 1386/1386/1386 1387/1387/1387 1388/1388/1388
f 1389/1389/1389 1390/1390/1390 1391/1391/1391
f 1392/1392/1392 1393/1393/1393 1394/1394/1394
f 1395/1395/1395 1396/1396/1396 1381/1381/1381
f 1397/1397/1397 1398/1398/1398 1399/1399/1399
f 1400/1400/1400 1401/1401/1401 1398/1398/1398
f 1402/1402/1402 1403/1403/1403 1401/1401/1401
f 1392/1392/1392 1382/1382/1382 1393/1393/1393
f 1404/1404/1404 1405/1405/1405 1406/1406/1406
f 1407/1407/1407 1408/1408/1408 1409/1409/1409
f 1410/1410/1410 1409/1409/1409 1411/1411/1411
f 1412/1412/1412 1406/1406/1406 1413/1413/1413
f 1414/1414/1414 1380/1380/1380 1392/1392/1392
f 1415/1415/1415 1416/1416/1416 1402/1402/1402
f 1417/1417/1417 1402/1402/1402 1400/1400/1400
f 1418/1418/1418 1400/1400/1400 1397/1397/1397
f 1383/1383/1383 1419/1419/1419 1420/1420/1420
f 1421/1421/1421 1422/1422/1422 1423/1423/1423
f 1424/1424/1424 1392/1392/1392 1389/1389/1389
f 1424/1424/1424 1425/1425/1425 1410/1410/1410
f 1411/1411/1411 1404/1404/1404 1412/1412/1412
f 1426/1426/1426 1427/1427/1427 1383/1383/1383
f 1428/1428/1428 1429/1429/1429 1380/1380/1380
f 1430/1430/1430 1431/1431/1431 1416/1416/1416
f 1432/1432/1432 1397/1397/1397 1427/1427/1427
f 1427/1427/1427 1399/1399/1399 1384/1384/1384
f 1433/1433/1433 1434/1434/1434 1430/1430/1430
f 1435/1435/1435 1423/1423/1423 1428/1428/1428
f 1436/1436/1436 1432/1432/1432 1426/1426/1426
f 1437/1437/1437 1410/1410/1410 1438/1438/1438
f 1437/1437/1437 1414/1414/1414 1424/1424/1424
f 1439/1439/1439 1423/1423/1423 1440/1440/1440
f 1439/1439/1439 1426/1426/1426 1441/1441/1441
f 1442/1442/1442 1418/1418/1418 1443/1443/1443
f 1442/1442/1442 1415/1415/1415 1417/1417/1417
f 1444/1444/1444 1430/1430/1430 1415/1415/1415
f 1445/1445/1445 1428/1428/1428 1414/1414/1414
f 1446/1446/1446 1447/1447/1447 1448/1448/1448
f 1449/1449/1449 1450/1450/1450 1451/1451/1451
f 1452/1452/1452 1453/1453/1453 1454/1454/1454
f 1455/1455/1455 1456/1456/1456 1457/1457/1457
f 1458/1458/1458 1459/1459/1459 1460/1460/1460
f 1461/1461/1461 1462/1462/1462 1463/1463/1463
f 1450/1450/1450 1464/1464/1464 1465/1465/1465
f 1466/1466/1466 1467/1467/1467 1468/1468/1468
f 1468/1468/1468 1469/1469/1469 1470/1470/1470
f 1470/1470/1470 1471/1471/1471 1446/1446/1446
f 1463/1463/1463 1472/1472/1472 1449/1449/1449
f 1473/1473/1473 1457/1457/1457 1474/1474/1474
f 1475/1475/1475 1476/1476/1476 1477/1477/1477
f 1477/1477/1477 1478/1478/1478 1479/1479/1479
f 1474/1474/1474 1480/1480/1480 1481/1481/1481
f 1482/1482/1482 1449/1449/1449 1483/1483/1483
f 1484/1484/1484 1446/1446/1446 1485/1485/1485
f 1486/1486/1486 1470/1470/1470 1484/1484/1484
f 1487/1487/1487 1468/1468/1468 1486/1486/1486
f 1488/1488/1488 1452/1452/1452 1489/1489/1489
f 1490/1490/1490 1491/1491/1491 1492/1492/1492
f 1493/1493/1493 1463/1463/1463 1482/1482/1482
f 1494/1494/1494 1493/1493/1493 1478/1478/1478
f 1457/1457/1457 1479/1479/1479 1480/1480/1480
f 1495/1495/1495 1454/1454/1454 1496/1496/1496
f 1483/1483/1483 1451/1451/1451 1492/1492/1492
f 1485/1485/1485 1448/1448/1448 1497/1497/1497
f 1496/1496/1496 1466/1466/1466 1487/1487/1487
f 1454/1454/1454 1498/1498/1498 1466/1466/1466
f 1499/1499/1499 1497/1497/1497 1500/1500/1500
f 1501/1501/1501 1492/1492/1492 1502/1502/1502
f 1503/1503/1503 1496/1496/1496 1504/1504/1504
f 1478/1478/1478 1505/1505/1505 1506/1506/1506
f 1505/1505/1505 1482/1482/1482 1507/1507/1507
f 1492/1492/1492 1508/1508/1508 1502/1502/1502
f 1508/1508/1508 1495/1495/1495 1503/1503/1503
f 1487/1487/1487 1509/1509/1509 1510/1510/1510
f 1509/1509/1509 1484/1484/1484 1511/1511/1511
f 1511/1511/1511 1485/1485/1485 1499/1499/1499
f 1507/1507/1507 1483/1483/1483 1501/1501/1501
f 1512/1512/1512 1513/1513/1513 1514/1514/1514
f 1515/1515/1515 1516/1516/1516 1517/1517/1517
f 1518/1518/1518 1519/1519/1519 1520/1520/1520
f 1521/1521/1521 1522/1522/1522 1523/1523/1523
f 1524/1524/1524 1525/1525/1525 1526/1526/1526
f 1527/1527/1527 1528/1528/1528 1529/1529/1529
f 1530/1530/1530 1531/1531/1531 1527/1527/1527
f 1532/1532/1532 1533/1533/1533 1534/1534/1534
f 1535/1535/1535 1536/1536/1536 1537/1537/1537
f 1538/1538/1538 1539/1539/1539 1540/1540/1540
f 1541/1541/1541 1542/1542/1542 1543/1543/1543
f 1544/1544/1544 1545/1545/1545 1546/1546/1546
f 1547/1547/1547 1548/1548/1548 1549/1549/1549
f 1526/1526/1526 1550/1550/1550 1547/1547/1547
f 1551/1551/1551 1552/1552/1552 1553/1553/1553
f 1554/1554/1554 1555/1555/1555 1556/1556/1556
f 1557/1557/1557 1558/1558/1558 1559/1559/1559
f 1560/1560/1560 1561/1561/1561 1562/1562/1562
f 1563/1563/1563 1564/1564/1564 1560/1560/1560
f 1565/1565/1565 1566/1566/1566 1563/1563/1563
f 1567/1567/1567 1568/1568/1568 1569/1569/1569
f 1529/1529/1529 1570/1570/1570 1524/1524/1524
f 1571/1571/1571 1572/1572/1572 1573/1573/1573
f 1574/1574/1574 1575/1575/1575 1530/1530/1530
f 1576/1576/1576 1577/1577/1577 1578/1578/1578
f 1579/1579/1579 1580/1580/1580 1581/1581/1581
f 1582/1582/1582 1583/1583/1583 1584/1584/1584
f 1585/1585/1585 1586/1586/1586 1565/1565/1565
f 1587/1587/1587 1588/1588/1588 1589/1589/1589
f 1581/1581/1581 1590/1590/1590 1591/1591/1591
f 1592/1592/1592 1593/1593/1593 1594/1594/1594
f 1595/1595/1595 1596/1596/1596 1597/1597/1597
f 1598/1598/1598 1599/1599/1599 1600/1600/1600
f 1601/1601/1601 1602/1602/1602 1603/1603/1603
f 1604/1604/1604 1605/1605/1605 1606/1606/1606
f 1607/1607/1607 1608/1608/1608 1609/1609/1609
f 1610/1610/1610 1611/1611/1611 1607/1607/1607
f 1609/1609/1609 1612/1612/1612 1613/1613/1613
f 1614/1614/1614 1615/1615/1615 1616/1616/1616
f 1617/1617/1617 1618/1618/1618 1619/1619/1619
f 1620/1620/1620 1621/1621/1621 1622/1622/1622
f 1623/1623/1623 1624/1624/1624 1625/1625/1625
f 1626/1626/1626 1627/1627/1627 1628/1628/1628
f 1629/1629/1629 1630/1630/1630 1631/1631/1631
f 1618/1618/1618 1632/1632/1632 1633/1633/1633
f 1634/1634/1634 1635/1635/1635 1636/1636/1636
f 1636/1636/1636 1637/1637/1637 1638/1638/1638
f 1638/1638/1638 1639/1639/1639 1614/1614/1614
f 1631/1631/1631 1640/1640/1640 1617/1617/1617
f 1641/1641/1641 1625/1625/1625 1642/1642/1642
f 1643/1643/1643 1644/1644/1644 1645/1645/1645
f 1645/1645/1645 1646/1646/1646 1647/1647/1647
f 1642/1642/1642 1648/1648/1648 1649/1649/1649
f 1650/1650/1650 1617/1617/1617 1651/1651/1651
f 1652/1652/1652 1614/1614/1614 1653/1653/1653
f 1654/1654/1654 1638/1638/1638 1652/1652/1652
f 1655/1655/1655 1636/1636/1636 1654/1654/1654
f 1656/1656/1656 1620/1620/1620 1657/1657/1657
f 1658/1658/1658 1659/1659/1659 1660/1660/1660
f 1661/1661/1661 1631/1631/1631 1650/1650/1650
f 1662/1662/1662 1661/1661/1661 1646/1646/1646
f 1625/1625/1625 1647/1647/1647 1648/1648/1648
f 1663/1663/1663 1622/1622/1622 1664/1664/1664
f 1651/1651/1651 1619/1619/1619 1660/1660/1660
f 1653/1653/1653 1616/1616/1616 1665/1665/1665
f 1664/1664/1664 1634/1634/1634 1655/1655/1655
f 1622/1622/1622 1666/1666/1666 1634/1634/1634
f 1667/1667/1667 1665/1665/1665 1668/1668/1668
f 1669/1669/1669 1660/1660/1660 1670/1670/1670
f 1671/1671/1671 1664/1664/1664 1672/1672/1672
f 1646/1646/1646 1673/1673/1673 1674/1674/1674
f 1673/1673/1673 1650/1650/1650 1675/1675/1675
f 1660/1660/1660 1676/1676/1676 1670/1670/1670
f 1676/1676/1676 1663/1663/1663 1671/1671/1671
f 1655/1655/1655 1677/1677/1677 1678/1678/1678
f 1677/1677/1677 1652/1652/1652 1679/1679/1679
f 1679/1679/1679 1653/1653/1653 1667/1667/1667
f 1675/1675/1675 1651/1651/1651 1669/1669/1669
f 1680/1680/1680 1681/1681/1681 1682/1682/1682
f 1683/1683/1683 1684/1684/1684 1685/1685/1685
f 1686/1686/1686 1687/1687/1687 1688/1688/1688
f 1689/1689/1689 1690/1690/1690 1691/1691/1691
f 1692/1692/1692 1693/1693/1693 1694/1694/1694
f 1695/1695/1695 1696/1696/1696 1697/1697/1697
f 1698/1698/1698 1699/1699/1699 1684/1684/1684
f 1700/1700/1700 1701/1701/1701 1702/1702/1702
f 1703/1703/1703 1704/1704/1704 1701/1701/1701
f 1705/1705/1705 1682/1682/1682 1704/1704/1704
f 1695/1695/1695 1685/1685/1685 1696/1696/1696
f 1706/1706/1706 1707/1707/1707 1708/1708/1708
f 1709/1709/1709 1710/1710/1710 1711/1711/1711
f 1712/1712/1712 1711/1711/1711 1713/1713/1713
f 1714/1714/1714 1708/1708/1708 1715/1715/1715
f 1716/1716/1716 1683/1683/1683 1695/1695/1695
f 1717/1717/1717 1680/1680/1680 1705/1705/1705
f 1718/1718/1718 1705/1705/1705 1703/1703/1703
f 1719/1719/1719 1703/1703/1703 1700/1700/1700
f 1686/1686/1686 1720/1720/1720 1721/1721/1721
f 1722/1722/1722 1723/1723/1723 1724/1724/1724
f 1725/1725/1725 1695/1695/1695 1692/1692/1692
f 1725/1725/1725 1726/1726/1726 1712/1712/1712
f 1713/1713/1713 1706/1706/1706 1714/1714/1714
f 1727/1727/1727 1728/1728/1728 1686/1686/1686
f 1729/1729/1729 1730/1730/1730 1683/1683/1683
f 1731/1731/1731 1732/1732/1732 1680/1680/1680
f 1733/1733/1733 1700/1700/1700 1728/1728/1728
f 1728/1728/1728 1702/1702/1702 1687/1687/1687
f 1734/1734/1734 1735/1735/1735 1731/1731/1731
f 1736/1736/1736 1724/1724/1724 1729/1729/1729
f 1737/1737/1737 1733/1733/1733 1727/1727/1727
f 1738/1738/1738 1712/1712/1712 1739/1739/1739
f 1738/1738/1738 1716/1716/1716 1725/1725/1725
f 1740/1740/1740 1724/1724/1724 1741/1741/1741
f 1740/1740/1740 1727/1727/1727 1742/1742/1742
f 1743/1743/1743 1719/1719/1719 1744/1744/1744
f 1743/1743/1743 1717/1717/1717 1718/1718/1718
f 1745/1745/1745 1731/1731/1731 1717/1717/1717
f 1746/1746/1746 1729/1729/1729 1716/1716/1716
f 1747/1747/1747 1748/1748/1748 1749/1749/1749
f 1750/1750/1750 1751/1751/1751 1752/1752/1752
f 1753/1753/1753 1754/1754/1754 1755/1755/1755
f 1756/1756/1756 1757/1757/1757 1758/1758/1758
f 1759/1759/1759 1760/1760/1760 1761/1761/1761
f 1762/1762/1762 1763/1763/1763 1764/1764/1764
f 1765/1765/1765 1766/1766/1766 1763/1763/1763
f 1767/1767/1767 1768/1768/1768 1769/1769/1769
f 1770/1770/1770 1771/1771/1771 1772/1772/1772
f 1773/1773/1773 1774/1774/1774 1775/1775/1775
f 1776/1776/1776 1777/1777/1777 1778/1778/1778
f 1779/1779/1779 1780/1780/1780 1781/1781/1781
f 1782/1782/1782 1783/1783/1783 1784/1784/1784
f 1785/1785/1785 1761/1761/1761 1783/1783/1783
f 1786/1786/1786 1787/1787/1787 1788/1788/1788
f 1789/1789/1789 1790/1790/1790 1791/1791/1791
f 1792/1792/1792 1793/1793/1793 1794/1794/1794
f 1795/1795/1795 1796/1796/1796 1797/1797/1797
f 1798/1798/1798 1799/1799/1799 1796/1796/1796
f 1800/1800/1800 1801/1801/1801 1799/1799/1799
f 1802/1802/1802 1803/1803/1803 1804/1804/1804
f 1805/1805/1805 1764/1764/1764 1760/1760/1760
f 1806/1806/1806 1807/1807/1807 1808/1808/1808
f 1809/1809/1809 1810/1810/1810 1766/1766/1766
f 1811/1811/1811 1812/1812/1812 1813/1813/1813
f 1814/1814/1814 1815/1815/1815 1816/1816/1816
f 1817/1817/1817 1818/1818/1818 1819/1819/1819
f 1820/1820/1820 1821/1821/1821 1801/1801/1801
f 1822/1822/1822 1823/1823/1823 1824/1824/1824
f 1825/1825/1825 1816/1816/1816 1826/1826/1826
f 1827/1827/1827 1828/1828/1828 1829/1829/1829
f 1830/1830/1830 1831/1831/1831 1832/1832/1832
f 1833/1833/1833 1834/1834/1834 1835/1835/1835
f 1836/1836/1836 1837/1837/1837 1838/1838/1838
f 1839/1839/1839 1840/1840/1840 1841/1841/1841
f 1842/1842/1842 1843/1843/1843 1844/1844/1844
f 1845/1845/1845 1846/1846/1846 1843/1843/1843
f 1847/1847/1847 1844/1844/1844 1848/1848/1848
f 1849/1849/1849 1850/1850/1850 1851/1851/1851
f 1852/1852/1852 1853/1853/1853 1854/1854/1854
f 1855/1855/1855 1856/1856/1856 1857/1857/1857
f 1858/1858/1858 1859/1859/1859 1860/1860/1860
f 1861/1861/1861 1862/1862/1862 1863/1863/1863
f 1864/1864/1864 1865/1865/1865 1866/1866/1866
f 1867/1867/1867 1868/1868/1868 1869/1869/1869
f 1870/1870/1870 1871/1871/1871 1872/1872/1872
f 1873/1873/1873 1874/1874/1874 1875/1875/1875
f 1876/1876/1876 1877/1877/1877 1878/1878/1878
f 1879/1879/1879 1880/1880/1880 1881/1881/1881
f 1882/1882/1882 1883/1883/1883 1884/1884/1884
f 1885/1885/1885 1886/1886/1886 1887/1887/1887
f 1888/1888/1888 1889/1889/1889 1890/1890/1890
f 1891/1891/1891 1892/1892/1892 1893/1893/1893
f 1894/1894/1894 1895/1895/1895 1896/1896/1896
f 1897/1897/1897 1898/1898/1898 1899/1899/1899
f 1900/1900/1900 1901/1901/1901 1902/1902/1902
f 1903/1903/1903 1904/1904/1904 1905/1905/1905
f 1906/1906/1906 1907/1907/1907 1908/1908/1908
f 1909/1909/1909 1910/1910/1910 1911/1911/1911
f 1912/1912/1912 1913/1913/1913 1914/1914/1914
f 1915/1915/1915 1916/1916/1916 1917/1917/1917
f 1918/1918/1918 1919/1919/1919 1920/1920/1920
f 1921/1921/1921 1922/1922/1922 1923/1923/1923
f 1924/1924/1924 1925/1925/1925 1926/1926/1926
f 1927/1927/1927 1928/1928/1928 1452/1452/1452
f 1929/1929/1929 1930/1930/1930 1931/1931/1931
f 1932/1932/1932 1933/1933/1933 1934/1934/1934
f 1935/1935/1935 1936/1936/1936 1937/1937/1937
f 1938/1938/1938 1939/1939/1939 1940/1940/1940
f 1941/1941/1941 1942/1942/1942 1943/1943/1943
f 1944/1944/1944 1945/1945/1945 1946/1946/1946
f 1947/1947/1947 1948/1948/1948 1949/1949/1949
f 1950/1950/1950 1951/1951/1951 1952/1952/1952
f 1953/1953/1953 1954/1954/1954 1955/1955/1955
f 1956/1956/1956 1957/1957/1957 1958/1958/1958
f 1959/1959/1959 1960/1960/1960 1961/1961/1961
f 1962/1962/1962 1963/1963/1963 1964/1964/1964
f 1965/1965/1965 1966/1966/1966 1967/1967/1967
f 1968/1968/1968 1969/1969/1969 1970/1970/1970
f 1971/1971/1971 1972/1972/1972 1973/1973/1973
f 1974/1974/1974 1975/1975/1975 1976/1976/1976
f 1977/1977/1977 1978/1978/1978 1979/1979/1979
f 1980/1980/1980 1981/1981/1981 1982/1982/1982
f 1983/1983/1983 1984/1984/1984 1985/1985/1985
f 1986/1986/1986 1987/1987/1987 1988/1988/1988
f 1989/1989/1989 1990/1990/1990 1991/1991/1991
f 1992/1992/1992 1993/1993/1993 1994/1994/1994
f 1995/1995/1995 1996/1996/1996 1997/1997/1997
f 1998/1998/1998 1999/1999/1999 2000/2000/2000
f 2001/2001/2001 1385/1385/1385 2002/2002/2002
f 2003/2003/2003 1688/1688/1688 2004/2004/2004
f 2005/2005/2005 2006/2006/2006 2007/2007/2007
f 2008/2008/2008 2009/2009/2009 2010/2010/2010
f 2011/2011/2011 2012/2012/2012 2013/2013/2013
f 2014/2014/2014 2015/2015/2015 2016/2016/2016
f 2017/2017/2017 2018/2018/2018 2019/2019/2019
f 2020/2020/2020 2021/2021/2021 2022/2022/2022
f 2023/2023/2023 2024/2024/2024 2025/2025/2025
f 2026/2026/2026 2027/2027/2027 2028/2028/2028
f 2029/2029/2029 2030/2030/2030 2031/2031/2031
f 2032/2032/2032 2033/2033/2033 2034/2034/2034
f 2035/2035/2035 2036/2036/2036 2037/2037/2037
f 2038/2038/2038 2039/2039/2039 2040/2040/2040
f 2041/2041/2041 2042/2042/2042 1620/1620/1620
f 2043/2043/2043 2044/2044/2044 2045/2045/2045
f 2046/2046/2046 2047/2047/2047 2048/2048/2048
f 2049/2049/2049 2050/2050/2050 2051/2051/2051
f 2052/2052/2052 2053/2053/2053 2054/2054/2054
f 2055/2055/2055 2056/2056/2056 2057/2057/2057
f 2058/2058/2058 2059/2059/2059 2060/2060/2060
f 2061/2061/2061 2062/2062/2062 2063/2063/2063
f 2064/2064/2064 2065/2065/2065 2066/2066/2066
f 2067/2067/2067 2068/2068/2068 2069/2069/2069
f 2070/2070/2070 2071/2071/2071 2072/2072/2072
f 2073/2073/2073 2074/2074/2074 2075/2075/2075
f 2076/2076/2076 2077/2077/2077 2078/2078/2078
f 2079/2079/2079 2080/2080/2080 2081/2081/2081
f 2082/2082/2082 2083/2083/2083 2084/2084/2084
f 2085/2085/2085 2086/2086/2086 2087/2087/2087
f 2088/2088/2088 2089/2089/2089 2090/2090/2090
f 2091/2091/2091 2092/2092/2092 2093/2093/2093
f 2094/2094/2094 2095/2095/2095 2096/2096/2096
f 2097/2097/2097 2098/2098/2098 2099/2099/2099
f 2100/2100/2100 2101/2101/2101 2102/2102/2102
f 2103/2103/2103 2104/2104/2104 2105/2105/2105
f 2106/2106/2106 2107/2107/2107 2108/2108/2108
f 2109/2109/2109 2110/2110/2110 2111/2111/2111
f 2112/2112/2112 2113/2113/2113 2114/2114/2114
f 2115/2115/2115 2116/2116/2116 2117/2117/2117
f 2118/2118/2118 2119/2119/2119 2120/2120/2120
f 2121/2121/2121 2122/2122/2122 2123/2123/2123
f 2124/2124/2124 2125/2125/2125 2126/2126/2126
f 2127/2127/2127 2128/2128/2128 2129/2129/2129
f 2130/2130/2130 2131/2131/2131 2132/2132/2132
f 2133/2133/2133 2134/2134/2134 2135/2135/2135
f 2136/2136/2136 2137/2137/2137 2138/2138/2138
f 2139/2139/2139 2140/2140/2140 2141/2141/2141
f 2142/2142/2142 2143/2143/2143 2144/2144/2144
f 2145/2145/2145 2146/2146/2146 2147/2147/2147
f 2148/2148/2148 2149/2149/2149 2150/2150/2150
f 2151/2151/2151 2152/2152/2152 2153/2153/2153
f 2154/2154/2154 2155/2155/2155 2156/2156/2156
f 2157/2157/2157 2158/2158/2158 2159/2159/2159
f 2160/2160/2160 2161/2161/2161 2162/2162/2162
f 2163/2163/2163 2164/2164/2164 2165/2165/2165
f 2166/2166/2166 2167/2167/2167 2168/2168/2168
f 2169/2169/2169 2170/2170/2170 2171/2171/2171
f 2172/2172/2172 2173/2173/2173 2174/2174/2174
f 2175/2175/2175 2176/2176/2176 2177/2177/2177
f 2178/2178/2178 2179/2179/2179 2180/2180/2180
f 2181/2181/2181 2182/2182/2182 2183/2183/2183
f 2184/2184/2184 2185/2185/2185 2186/2186/2186
f 2187/2187/2187 2188/2188/2188 2189/2189/2189
f 2190/2190/2190 2191/2191/2191 2192/2192/2192
f 2193/2193/2193 2194/2194/2194 2195/2195/2195
f 2196/2196/2196 2197/2197/2197 2198/2198/2198
f 2199/2199/2199 2200/2200/2200 2201/2201/2201
f 2202/2202/2202 2203/2203/2203 2204/2204/2204
f 2205/2205/2205 2206/2206/2206 2207/2207/2207
f 2208/2208/2208 2209/2209/2209 2210/2210/2210
f 2211/2211/2211 2212/2212/2212 2213/2213/2213
f 2214/2214/2214 2215/2215/2215 2216/2216/2216
f 2217/2217/2217 2218/2218/2218 2219/2219/2219
f 2220/2220/2220 2221/2221/2221 2222/2222/2222
f 2223/2223/2223 2224/2224/2224 2225/2225/2225
f 2226/2226/2226 2227/2227/2227 2228/2228/2228
f 2229/2229/2229 2230/2230/2230 2231/2231/2231
f 2232/2232/2232 2233/2233/2233 2234/2234/2234
f 2235/2235/2235 2236/2236/2236 2237/2237/2237
f 2238/2238/2238 2239/2239/2239 2240/2240/2240
f 2241/2241/2241 2242/2242/2242 2243/2243/2243
f 2244/2244/2244 2245/2245/2245 2246/2246/2246
f 2247/2247/2247 2248/2248/2248 2249/2249/2249
f 2250/2250/2250 2251/2251/2251 2252/2252/2252
f 2253/2253/2253 2254/2254/2254 2255/2255/2255
f 2256/2256/2256 2257/2257/2257 2258/2258/2258
f 2259/2259/2259 2260/2260/2260 2261/2261/2261
f 2262/2262/2262 2263/2263/2263 2264/2264/2264
f 1416/1416/1416 1431/1431/1431 2265/2265/2265
f 1380/1380/1380 1429/1429/1429 1381/1381/1381
f 1383/1383/1383 1427/1427/1427 1384/1384/1384
f 1388/1388/1388 1404/1404/1404 1386/1386/1386
f 1409/1409/1409 2266/2266/2266 1404/1404/1404
f 2266/2266/2266 2267/2267/2267 1404/1404/1404
f 2268/2268/2268 2252/2252/2252 1388/1388/1388
f 2269/2269/2269 2268/2268/2268 1388/1388/1388
f 2267/2267/2267 2270/2270/2270 1404/1404/1404
f 1404/1404/1404 2270/2270/2270 2271/2271/2271
f 2272/2272/2272 2269/2269/2269 1388/1388/1388
f 1387/1387/1387 2272/2272/2272 1388/1388/1388
f 1404/1404/1404 2271/2271/2271 1386/1386/1386
f 2273/2273/2273 1425/1425/1425 1391/1391/1391
f 1389/1389/1389 2274/2274/2274 1390/1390/1390
f 1391/1391/1391 1425/1425/1425 1389/1389/1389
f 2274/2274/2274 1389/1389/1389 2275/2275/2275
f 1393/1393/1393 2173/2173/2173 2276/2276/2276
f 2173/2173/2173 2277/2277/2277 2276/2276/2276
f 2275/2275/2275 1389/1389/1389 2278/2278/2278
f 2278/2278/2278 1389/1389/1389 1392/1392/1392
f 1393/1393/1393 2276/2276/2276 2279/2279/2279
f 1393/1393/1393 2279/2279/2279 2280/2280/2280
f 2281/2281/2281 2278/2278/2278 1392/1392/1392
f 2282/2282/2282 2281/2281/2281 1392/1392/1392
f 1393/1393/1393 2280/2280/2280 2283/2283/2283
f 1393/1393/1393 2283/2283/2283 2284/2284/2284
f 2285/2285/2285 2282/2282/2282 1392/1392/1392
f 2286/2286/2286 2285/2285/2285 1392/1392/1392
f 1393/1393/1393 2284/2284/2284 2287/2287/2287
f 1393/1393/1393 2287/2287/2287 2288/2288/2288
f 2289/2289/2289 2286/2286/2286 1392/1392/1392
f 1393/1393/1393 2288/2288/2288 1394/1394/1394
f 1394/1394/1394 2289/2289/2289 1392/1392/1392
f 1429/1429/1429 2290/2290/2290 2291/2291/2291
f 1429/1429/1429 2291/2291/2291 2292/2292/2292
f 2293/2293/2293 2294/2294/2294 2295/2295/2295
f 2295/2295/2295 2294/2294/2294 2296/2296/2296
f 1381/1381/1381 1429/1429/1429 2297/2297/2297
f 1429/1429/1429 2292/2292/2292 2298/2298/2298
f 2296/2296/2296 2294/2294/2294 2299/2299/2299
f 2299/2299/2299 2294/2294/2294 2300/2300/2300
f 1429/1429/1429 2298/2298/2298 2301/2301/2301
f 1429/1429/1429 2301/2301/2301 2297/2297/2297
f 2300/2300/2300 2294/2294/2294 1381/1381/1381
f 2302/2302/2302 2300/2300/2300 1381/1381/1381
f 1381/1381/1381 2297/2297/2297 2303/2303/2303
f 1381/1381/1381 2303/2303/2303 1395/1395/1395
f 1396/1396/1396 2302/2302/2302 1381/1381/1381
f 1397/1397/1397 1400/1400/1400 1398/1398/1398
f 1400/1400/1400 1402/1402/1402 1401/1401/1401
f 1402/1402/1402 1416/1416/1416 1403/1403/1403
f 1392/1392/1392 1380/1380/1380 1382/1382/1382
f 1404/1404/1404 1388/1388/1388 1405/1405/1405
f 2266/2266/2266 1409/1409/1409 2304/2304/2304
f 1425/1425/1425 2273/2273/2273 1407/1407/1407
f 1425/1425/1425 1407/1407/1407 1409/1409/1409
f 2304/2304/2304 1409/1409/1409 1408/1408/1408
f 1410/1410/1410 1425/1425/1425 1409/1409/1409
f 1412/1412/1412 1404/1404/1404 1406/1406/1406
f 1414/1414/1414 1428/1428/1428 1380/1380/1380
f 1415/1415/1415 1430/1430/1430 1416/1416/1416
f 1417/1417/1417 1415/1415/1415 1402/1402/1402
f 1418/1418/1418 1417/1417/1417 1400/1400/1400
f 2305/2305/2305 1441/1441/1441 1426/1426/1426
f 1426/1426/1426 1383/1383/1383 1420/1420/1420
f 1383/1383/1383 2306/2306/2306 1419/1419/1419
f 1420/1420/1420 2305/2305/2305 1426/1426/1426
f 1429/1429/1429 1423/1423/1423 2307/2307/2307
f 1441/1441/1441 2305/2305/2305 2308/2308/2308
f 1441/1441/1441 2308/2308/2308 2309/2309/2309
f 2310/2310/2310 2290/2290/2290 1429/1429/1429
f 2307/2307/2307 2310/2310/2310 1429/1429/1429
f 1441/1441/1441 2309/2309/2309 2311/2311/2311
f 1441/1441/1441 2311/2311/2311 1421/1421/1421
f 2307/2307/2307 1423/1423/1423 2312/2312/2312
f 2312/2312/2312 1423/1423/1423 1422/1422/1422
f 1441/1441/1441 1421/1421/1421 1423/1423/1423
f 1424/1424/1424 1414/1414/1414 1392/1392/1392
f 1424/1424/1424 1389/1389/1389 1425/1425/1425
f 1411/1411/1411 1409/1409/1409 1404/1404/1404
f 1426/1426/1426 1432/1432/1432 1427/1427/1427
f 1428/1428/1428 1423/1423/1423 1429/1429/1429
f 1430/1430/1430 1434/1434/1434 1431/1431/1431
f 1432/1432/1432 1418/1418/1418 1397/1397/1397
f 1427/1427/1427 1397/1397/1397 1399/1399/1399
f 1433/1433/1433 2313/2313/2313 1434/1434/1434
f 1435/1435/1435 1440/1440/1440 1423/1423/1423
f 1436/1436/1436 2314/2314/2314 1432/1432/1432
f 1437/1437/1437 1424/1424/1424 1410/1410/1410
f 1437/1437/1437 1445/1445/1445 1414/1414/1414
f 1439/1439/1439 1441/1441/1441 1423/1423/1423
f 1439/1439/1439 1436/1436/1436 1426/1426/1426
f 1442/1442/1442 1417/1417/1417 1418/1418/1418
f 1442/1442/1442 1444/1444/1444 1415/1415/1415
f 1444/1444/1444 1433/1433/1433 1430/1430/1430
f 1445/1445/1445 1435/1435/1435 1428/1428/1428
f 1446/1446/1446 1471/1471/1471 1447/1447/1447
f 1449/1449/1449 1472/1472/1472 1450/1450/1450
f 1452/1452/1452 1928/1928/1928 1453/1453/1453
f 1477/1477/1477 1457/1457/1457 2315/2315/2315
f 1455/1455/1455 2080/2080/2080 2316/2316/2316
f 1455/1455/1455 2316/2316/2316 2317/2317/2317
f 2318/2318/2318 2315/2315/2315 1457/1457/1457
f 2319/2319/2319 2318/2318/2318 1457/1457/1457
f 1455/1455/1455 2317/2317/2317 2320/2320/2320
f 1455/1455/1455 2320/2320/2320 2321/2321/2321
f 2322/2322/2322 2319/2319/2319 1457/1457/1457
f 1455/1455/1455 2321/2321/2321 1456/1456/1456
f 2322/2322/2322 1457/1457/1457 1456/1456/1456
f 1460/1460/1460 1494/1494/1494 1458/1458/1458
f 1494/1494/1494 2323/2323/2323 1458/1458/1458
f 1459/1459/1459 2324/2324/2324 1460/1460/1460
f 1463/1463/1463 1460/1460/1460 2325/2325/2325
f 1460/1460/1460 2324/2324/2324 2326/2326/2326
f 2327/2327/2327 2328/2328/2328 2329/2329/2329
f 2329/2329/2329 2328/2328/2328 1462/1462/1462
f 1460/1460/1460 2326/2326/2326 2325/2325/2325
f 1463/1463/1463 2325/2325/2325 2330/2330/2330
f 2331/2331/2331 2329/2329/2329 1462/1462/1462
f 2332/2332/2332 2331/2331/2331 1462/1462/1462
f 1463/1463/1463 2330/2330/2330 2333/2333/2333
f 1463/1463/1463 2333/2333/2333 2334/2334/2334
f 2335/2335/2335 2332/2332/2332 1462/1462/1462
f 2336/2336/2336 2335/2335/2335 1462/1462/1462
f 1463/1463/1463 2334/2334/2334 2337/2337/2337
f 1463/1463/1463 2337/2337/2337 2338/2338/2338
f 2339/2339/2339 2336/2336/2336 1462/1462/1462
f 2340/2340/2340 2339/2339/2339 1462/1462/1462
f 1463/1463/1463 2338/2338/2338 1461/1461/1461
f 1461/1461/1461 2340/2340/2340 1462/1462/1462
f 1450/1450/1450 2341/2341/2341 2342/2342/2342
f 2341/2341/2341 2343/2343/2343 2344/2344/2344
f 2345/2345/2345 2346/2346/2346 1451/1451/1451
f 2347/2347/2347 2345/2345/2345 1451/1451/1451
f 2341/2341/2341 2344/2344/2344 2348/2348/2348
f 2341/2341/2341 2348/2348/2348 2349/2349/2349
f 2347/2347/2347 1451/1451/1451 2350/2350/2350
f 2350/2350/2350 1451/1451/1451 2351/2351/2351
f 2341/2341/2341 2349/2349/2349 2342/2342/2342
f 1450/1450/1450 2342/2342/2342 2352/2352/2352
f 2351/2351/2351 1451/1451/1451 2353/2353/2353
f 2353/2353/2353 1451/1451/1451 1450/1450/1450
f 1450/1450/1450 2352/2352/2352 2354/2354/2354
f 1450/1450/1450 2354/2354/2354 1464/1464/1464
f 1465/1465/1465 2353/2353/2353 1450/1450/1450
f 1466/1466/1466 1498/1498/1498 1467/1467/1467
f 1468/1468/1468 1467/1467/1467 1469/1469/1469
f 1470/1470/1470 1469/1469/1469 1471/1471/1471
f 1463/1463/1463 1462/1462/1462 1472/1472/1472
f 1473/1473/1473 1455/1455/1455 1457/1457/1457
f 1494/1494/1494 1477/1477/1477 1476/1476/1476
f 1477/1477/1477 2315/2315/2315 2355/2355/2355
f 1476/1476/1476 2323/2323/2323 1494/1494/1494
f 1477/1477/1477 2355/2355/2355 1475/1475/1475
f 1477/1477/1477 1494/1494/1494 1478/1478/1478
f 1474/1474/1474 1457/1457/1457 1480/1480/1480
f 1482/1482/1482 1463/1463/1463 1449/1449/1449
f 1484/1484/1484 1470/1470/1470 1446/1446/1446
f 1486/1486/1486 1468/1468/1468 1470/1470/1470
f 1487/1487/1487 1466/1466/1466 1468/1468/1468
f 1495/1495/1495 2356/2356/2356 2357/2357/2357
f 1495/1495/1495 2357/2357/2357 1489/1489/1489
f 2358/2358/2358 1452/1452/1452 1488/1488/1488
f 1495/1495/1495 1489/1489/1489 1452/1452/1452
f 2356/2356/2356 1492/1492/1492 1491/1491/1491
f 1451/1451/1451 2346/2346/2346 2359/2359/2359
f 1451/1451/1451 2359/2359/2359 2360/2360/2360
f 2361/2361/2361 2357/2357/2357 2356/2356/2356
f 2362/2362/2362 2361/2361/2361 2356/2356/2356
f 1492/1492/1492 1451/1451/1451 2360/2360/2360
f 1492/1492/1492 2360/2360/2360 2363/2363/2363
f 2364/2364/2364 2362/2362/2362 2356/2356/2356
f 1491/1491/1491 2364/2364/2364 2356/2356/2356
f 1492/1492/1492 2363/2363/2363 1490/1490/1490
f 1493/1493/1493 1460/1460/1460 1463/1463/1463
f 1494/1494/1494 1460/1460/1460 1493/1493/1493
f 1457/1457/1457 1477/1477/1477 1479/1479/1479
f 1495/1495/1495 1452/1452/1452 1454/1454/1454
f 1483/1483/1483 1449/1449/1449 1451/1451/1451
f 1485/1485/1485 1446/1446/1446 1448/1448/1448
f 1496/1496/1496 1454/1454/1454 1466/1466/1466
f 1454/1454/1454 1453/1453/1453 1498/1498/1498
f 1499/1499/1499 1485/1485/1485 1497/1497/1497
f 1501/1501/1501 1483/1483/1483 1492/1492/1492
f 1503/1503/1503 1495/1495/1495 1496/1496/1496
f 1478/1478/1478 1493/1493/1493 1505/1505/1505
f 1505/1505/1505 1493/1493/1493 1482/1482/1482
f 1492/1492/1492 2356/2356/2356 1508/1508/1508
f 1508/1508/1508 2356/2356/2356 1495/1495/1495
f 1487/1487/1487 1486/1486/1486 1509/1509/1509
f 1509/1509/1509 1486/1486/1486 1484/1484/1484
f 1511/1511/1511 1484/1484/1484 1485/1485/1485
f 1507/1507/1507 1482/1482/1482 1483/1483/1483
f 1512/1512/1512 2365/2365/2365 1513/1513/1513
f 1515/1515/1515 2366/2366/2366 1516/1516/1516
f 1518/1518/1518 2367/2367/2367 1519/1519/1519
f 1521/1521/1521 2368/2368/2368 1522/1522/1522
f 1524/1524/1524 1570/1570/1570 1525/1525/1525
f 1527/1527/1527 1531/1531/1531 1528/1528/1528
f 1530/1530/1530 1575/1575/1575 1531/1531/1531
f 1532/1532/1532 2369/2369/2369 1533/1533/1533
f 1535/1535/1535 2370/2370/2370 1536/1536/1536
f 1538/1538/1538 2371/2371/2371 1539/1539/1539
f 1541/1541/1541 2372/2372/2372 1542/1542/1542
f 1544/1544/1544 2373/2373/2373 1545/1545/1545
f 1547/1547/1547 1550/1550/1550 1548/1548/1548
f 1526/1526/1526 1525/1525/1525 1550/1550/1550
f 1551/1551/1551 2374/2374/2374 1552/1552/1552
f 1554/1554/1554 2375/2375/2375 1555/1555/1555
f 1557/1557/1557 2376/2376/2376 1558/1558/1558
f 1560/1560/1560 1564/1564/1564 1561/1561/1561
f 1563/1563/1563 1566/1566/1566 1564/1564/1564
f 1565/1565/1565 1586/1586/1586 1566/1566/1566
f 1567/1567/1567 2377/2377/2377 1568/1568/1568
f 1529/1529/1529 1528/1528/1528 1570/1570/1570
f 1571/1571/1571 2378/2378/2378 1572/1572/1572
f 1574/1574/1574 2379/2379/2379 1575/1575/1575
f 1576/1576/1576 2380/2380/2380 1577/1577/1577
f 1579/1579/1579 2381/2381/2381 1580/1580/1580
f 1582/1582/1582 2382/2382/2382 1583/1583/1583
f 1585/1585/1585 2383/2383/2383 1586/1586/1586
f 1587/1587/1587 2384/2384/2384 1588/1588/1588
f 1581/1581/1581 1580/1580/1580 1590/1590/1590
f 1592/1592/1592 2385/2385/2385 1593/1593/1593
f 1595/1595/1595 2386/2386/2386 1596/1596/1596
f 1598/1598/1598 2387/2387/2387 1599/1599/1599
f 1601/1601/1601 2388/2388/2388 1602/1602/1602
f 1604/1604/1604 2389/2389/2389 1605/1605/1605
f 1607/1607/1607 1611/1611/1611 1608/1608/1608
f 1610/1610/1610 2390/2390/2390 1611/1611/1611
f 1609/1609/1609 1608/1608/1608 1612/1612/1612
f 2391/2391/2391 2392/2392/2392 2393/2393/2393
f 1617/1617/1617 1640/1640/1640 1618/1618/1618
f 1620/1620/1620 2042/2042/2042 1621/1621/1621
f 1645/1645/1645 1625/1625/1625 2394/2394/2394
f 1623/1623/1623 2170/2170/2170 2395/2395/2395
f 1623/1623/1623 2395/2395/2395 2396/2396/2396
f 2397/2397/2397 2394/2394/2394 1625/1625/1625
f 2398/2398/2398 2397/2397/2397 1625/1625/1625
f 1623/1623/1623 2396/2396/2396 2399/2399/2399
f 1623/1623/1623 2399/2399/2399 2400/2400/2400
f 2401/2401/2401 2398/2398/2398 1625/1625/1625
f 1623/1623/1623 2400/2400/2400 1624/1624/1624
f 2401/2401/2401 1625/1625/1625 1624/1624/1624
f 1628/1628/1628 1662/1662/1662 1626/1626/1626
f 1662/1662/1662 2402/2402/2402 1626/1626/1626
f 1627/1627/1627 2403/2403/2403 1628/1628/1628
f 1631/1631/1631 1628/1628/1628 2404/2404/2404
f 1628/1628/1628 2403/2403/2403 2405/2405/2405
f 2406/2406/2406 2407/2407/2407 2408/2408/2408
f 2408/2408/2408 2407/2407/2407 1630/1630/1630
f 1628/1628/1628 2405/2405/2405 2404/2404/2404
f 1631/1631/1631 2404/2404/2404 2409/2409/2409
f 2410/2410/2410 2408/2408/2408 1630/1630/1630
f 2411/2411/2411 2410/2410/2410 1630/1630/1630
f 1631/1631/1631 2409/2409/2409 2412/2412/2412
f 1631/1631/1631 2412/2412/2412 2413/2413/2413
f 2414/2414/2414 2411/2411/2411 1630/1630/1630
f 2415/2415/2415 2414/2414/2414 1630/1630/1630
f 1631/1631/1631 2413/2413/2413 2416/2416/2416
f 1631/1631/1631 2416/2416/2416 2417/2417/2417
f 2418/2418/2418 2415/2415/2415 1630/1630/1630
f 2419/2419/2419 2418/2418/2418 1630/1630/1630
f 1631/1631/1631 2417/2417/2417 1629/1629/1629
f 1629/1629/1629 2419/2419/2419 1630/1630/1630
f 1618/1618/1618 2420/2420/2420 2421/2421/2421
f 2420/2420/2420 2422/2422/2422 2423/2423/2423
f 2424/2424/2424 2425/2425/2425 1619/1619/1619
f 2426/2426/2426 2424/2424/2424 1619/1619/1619
f 2420/2420/2420 2423/2423/2423 2427/2427/2427
f 2420/2420/2420 2427/2427/2427 2428/2428/2428
f 2426/2426/2426 1619/1619/1619 2429/2429/2429
f 2429/2429/2429 1619/1619/1619 2430/2430/2430
f 2420/2420/2420 2428/2428/2428 2421/2421/2421
f 1618/1618/1618 2421/2421/2421 2431/2431/2431
f 2430/2430/2430 1619/1619/1619 2432/2432/2432
f 2432/2432/2432 1619/1619/1619 1618/1618/1618
f 1618/1618/1618 2431/2431/2431 2433/2433/2433
f 1618/1618/1618 2433/2433/2433 1632/1632/1632
f 1633/1633/1633 2432/2432/2432 1618/1618/1618
f 1634/1634/1634 1666/1666/1666 1635/1635/1635
f 1636/1636/1636 1635/1635/1635 1637/1637/1637
f 1638/1638/1638 1637/1637/1637 1639/1639/1639
f 1631/1631/1631 1630/1630/1630 1640/1640/1640
f 1641/1641/1641 1623/1623/1623 1625/1625/1625
f 1662/1662/1662 1645/1645/1645 1644/1644/1644
f 1645/1645/1645 2394/2394/2394 2434/2434/2434
f 1644/1644/1644 2402/2402/2402 1662/1662/1662
f 1645/1645/1645 2434/2434/2434 1643/1643/1643
f 1645/1645/1645 1662/1662/1662 1646/1646/1646
f 1642/1642/1642 1625/1625/1625 1648/1648/1648
f 1650/1650/1650 1631/1631/1631 1617/1617/1617
f 1652/1652/1652 1638/1638/1638 1614/1614/1614
f 1654/1654/1654 1636/1636/1636 1638/1638/1638
f 1655/1655/1655 1634/1634/1634 1636/1636/1636
f 1663/1663/1663 2435/2435/2435 2436/2436/2436
f 1663/1663/1663 2436/2436/2436 1657/1657/1657
f 2437/2437/2437 1620/1620/1620 1656/1656/1656
f 1663/1663/1663 1657/1657/1657 1620/1620/1620
f 2435/2435/2435 1660/1660/1660 1659/1659/1659
f 1619/1619/1619 2425/2425/2425 2438/2438/2438
f 1619/1619/1619 2438/2438/2438 2439/2439/2439
f 2440/2440/2440 2436/2436/2436 2435/2435/2435
f 2441/2441/2441 2440/2440/2440 2435/2435/2435
f 1660/1660/1660 1619/1619/1619 2439/2439/2439
f 1660/1660/1660 2439/2439/2439 2442/2442/2442
f 2443/2443/2443 2441/2441/2441 2435/2435/2435
f 1659/1659/1659 2443/2443/2443 2435/2435/2435
f 1660/1660/1660 2442/2442/2442 1658/1658/1658
f 1661/1661/1661 1628/1628/1628 1631/1631/1631
f 1662/1662/1662 1628/1628/1628 1661/1661/1661
f 1625/1625/1625 1645/1645/1645 1647/1647/1647
f 1663/1663/1663 1620/1620/1620 1622/1622/1622
f 1651/1651/1651 1617/1617/1617 1619/1619/1619
f 1653/1653/1653 1614/1614/1614 1616/1616/1616
f 1664/1664/1664 1622/1622/1622 1634/1634/1634
f 1622/1622/1622 1621/1621/1621 1666/1666/1666
f 1667/1667/1667 1653/1653/1653 1665/1665/1665
f 1669/1669/1669 1651/1651/1651 1660/1660/1660
f 1671/1671/1671 1663/1663/1663 1664/1664/1664
f 1646/1646/1646 1661/1661/1661 1673/1673/1673
f 1673/1673/1673 1661/1661/1661 1650/1650/1650
f 1660/1660/1660 2435/2435/2435 1676/1676/1676
f 1676/1676/1676 2435/2435/2435 1663/1663/1663
f 1655/1655/1655 1654/1654/1654 1677/1677/1677
f 1677/1677/1677 1654/1654/1654 1652/1652/1652
f 1679/1679/1679 1652/1652/1652 1653/1653/1653
f 1675/1675/1675 1650/1650/1650 1651/1651/1651
f 1680/1680/1680 1732/1732/1732 1681/1681/1681
f 1683/1683/1683 1730/1730/1730 1684/1684/1684
f 1686/1686/1686 1728/1728/1728 1687/1687/1687
f 1691/1691/1691 1706/1706/1706 1689/1689/1689
f 1711/1711/1711 2444/2444/2444 1706/1706/1706
f 2444/2444/2444 2445/2445/2445 1706/1706/1706
f 2446/2446/2446 2162/2162/2162 1691/1691/1691
f 2447/2447/2447 2446/2446/2446 1691/1691/1691
f 2445/2445/2445 2448/2448/2448 1706/1706/1706
f 1706/1706/1706 2448/2448/2448 2449/2449/2449
f 2450/2450/2450 2447/2447/2447 1691/1691/1691
f 1690/1690/1690 2450/2450/2450 1691/1691/1691
f 1706/1706/1706 2449/2449/2449 1689/1689/1689
f 2451/2451/2451 1726/1726/1726 1694/1694/1694
f 1692/1692/1692 2452/2452/2452 1693/1693/1693
f 1694/1694/1694 1726/1726/1726 1692/1692/1692
f 2452/2452/2452 1692/1692/1692 2453/2453/2453
f 1696/1696/1696 2131/2131/2131 2454/2454/2454
f 2131/2131/2131 2455/2455/2455 2454/2454/2454
f 2453/2453/2453 1692/1692/1692 2456/2456/2456
f 2456/2456/2456 1692/1692/1692 1695/1695/1695
f 1696/1696/1696 2454/2454/2454 2457/2457/2457
f 1696/1696/1696 2457/2457/2457 2458/2458/2458
f 2459/2459/2459 2456/2456/2456 1695/1695/1695
f 2460/2460/2460 2459/2459/2459 1695/1695/1695
f 1696/1696/1696 2458/2458/2458 2461/2461/2461
f 1696/1696/1696 2461/2461/2461 2462/2462/2462
f 2463/2463/2463 2460/2460/2460 1695/1695/1695
f 2464/2464/2464 2463/2463/2463 1695/1695/1695
f 1696/1696/1696 2462/2462/2462 2465/2465/2465
f 1696/1696/1696 2465/2465/2465 2466/2466/2466
f 2467/2467/2467 2464/2464/2464 1695/1695/1695
f 1696/1696/1696 2466/2466/2466 1697/1697/1697
f 1697/1697/1697 2467/2467/2467 1695/1695/1695
f 1730/1730/1730 2468/2468/2468 2469/2469/2469
f 1730/1730/1730 2469/2469/2469 2470/2470/2470
f 2471/2471/2471 2472/2472/2472 2473/2473/2473
f 2473/2473/2473 2472/2472/2472 2474/2474/2474
f 1684/1684/1684 1730/1730/1730 2475/2475/2475
f 1730/1730/1730 2470/2470/2470 2476/2476/2476
f 2474/2474/2474 2472/2472/2472 2477/2477/2477
f 2477/2477/2477 2472/2472/2472 2478/2478/2478
f 1730/1730/1730 2476/2476/2476 2479/2479/2479
f 1730/1730/1730 2479/2479/2479 2475/2475/2475
f 2478/2478/2478 2472/2472/2472 1684/1684/1684
f 2480/2480/2480 2478/2478/2478 1684/1684/1684
f 1684/1684/1684 2475/2475/2475 2481/2481/2481
f 1684/1684/1684 2481/2481/2481 1698/1698/1698
f 1699/1699/1699 2480/2480/2480 1684/1684/1684
f 1700/1700/1700 1703/1703/1703 1701/1701/1701
f 1703/1703/1703 1705/1705/1705 1704/1704/1704
f 1705/1705/1705 1680/1680/1680 1682/1682/1682
f 1695/1695/1695 1683/1683/1683 1685/1685/1685
f 1706/1706/1706 1691/1691/1691 1707/1707/1707
f 2444/2444/2444 1711/1711/1711 2482/2482/2482
f 1726/1726/1726 2451/2451/2451 1709/1709/1709
f 1726/1726/1726 1709/1709/1709 1711/1711/1711
f 2482/2482/2482 1711/1711/1711 1710/1710/1710
f 1712/1712/1712 1726/1726/1726 1711/1711/1711
f 1714/1714/1714 1706/1706/1706 1708/1708/1708
f 1716/1716/1716 1729/1729/1729 1683/1683/1683
f 1717/1717/1717 1731/1731/1731 1680/1680/1680
f 1718/1718/1718 1717/1717/1717 1705/1705/1705
f 1719/1719/1719 1718/1718/1718 1703/1703/1703
f 2483/2483/2483 1742/1742/1742 1727/1727/1727
f 1727/1727/1727 1686/1686/1686 1721/1721/1721
f 1686/1686/1686 2484/2484/2484 1720/1720/1720
f 1721/1721/1721 2483/2483/2483 1727/1727/1727
f 1730/1730/1730 1724/1724/1724 2485/2485/2485
f 1742/1742/1742 2483/2483/2483 2486/2486/2486
f 1742/1742/1742 2486/2486/2486 2487/2487/2487
f 2488/2488/2488 2468/2468/2468 1730/1730/1730
f 2485/2485/2485 2488/2488/2488 1730/1730/1730
f 1742/1742/1742 2487/2487/2487 2489/2489/2489
f 1742/1742/1742 2489/2489/2489 1722/1722/1722
f 2485/2485/2485 1724/1724/1724 2490/2490/2490
f 2490/2490/2490 1724/1724/1724 1723/1723/1723
f 1742/1742/1742 1722/1722/1722 1724/1724/1724
f 1725/1725/1725 1716/1716/1716 1695/1695/1695
f 1725/1725/1725 1692/1692/1692 1726/1726/1726
f 1713/1713/1713 1711/1711/1711 1706/1706/1706
f 1727/1727/1727 1733/1733/1733 1728/1728/1728
f 1729/1729/1729 1724/1724/1724 1730/1730/1730
f 1731/1731/1731 1735/1735/1735 1732/1732/1732
f 1733/1733/1733 1719/1719/1719 1700/1700/1700
f 1728/1728/1728 1700/1700/1700 1702/1702/1702
f 1734/1734/1734 2491/2491/2491 1735/1735/1735
f 1736/1736/1736 1741/1741/1741 1724/1724/1724
f 1737/1737/1737 2492/2492/2492 1733/1733/1733
f 1738/1738/1738 1725/1725/1725 1712/1712/1712
f 1738/1738/1738 1746/1746/1746 1716/1716/1716
f 1740/1740/1740 1742/1742/1742 1724/1724/1724
f 1740/1740/1740 1737/1737/1737 1727/1727/1727
f 1743/1743/1743 1718/1718/1718 1719/1719/1719
f 1743/1743/1743 1745/1745/1745 1717/1717/1717
f 1745/1745/1745 1734/1734/1734 1731/1731/1731
f 1746/1746/1746 1736/1736/1736 1729/1729/1729
f 1747/1747/1747 2493/2493/2493 1748/1748/1748
f 1750/1750/1750 2494/2494/2494 1751/1751/1751
f 1753/1753/1753 2495/2495/2495 1754/1754/1754
f 1756/1756/1756 2496/2496/2496 1757/1757/1757
f 1759/1759/1759 1805/1805/1805 1760/1760/1760
f 1762/1762/1762 1765/1765/1765 1763/1763/1763
f 1765/1765/1765 1809/1809/1809 1766/1766/1766
f 1767/1767/1767 2497/2497/2497 1768/1768/1768
f 1770/1770/1770 2498/2498/2498 1771/1771/1771
f 1773/1773/1773 2499/2499/2499 1774/1774/1774
f 1776/1776/1776 2500/2500/2500 1777/1777/1777
f 1779/1779/1779 2501/2501/2501 1780/1780/1780
f 1782/1782/1782 1785/1785/1785 1783/1783/1783
f 1785/1785/1785 1759/1759/1759 1761/1761/1761
f 1786/1786/1786 2502/2502/2502 1787/1787/1787
f 1789/1789/1789 2503/2503/2503 1790/1790/1790
f 1792/1792/1792 2504/2504/2504 1793/1793/1793
f 1795/1795/1795 1798/1798/1798 1796/1796/1796
f 1798/1798/1798 1800/1800/1800 1799/1799/1799
f 1800/1800/1800 1820/1820/1820 1801/1801/1801
f 1802/1802/1802 2505/2505/2505 1803/1803/1803
f 1805/1805/1805 1762/1762/1762 1764/1764/1764
f 1806/1806/1806 2506/2506/2506 1807/1807/1807
f 1809/1809/1809 2507/2507/2507 1810/1810/1810
f 1811/1811/1811 2508/2508/2508 1812/1812/1812
f 1814/1814/1814 2509/2509/2509 1815/1815/1815
f 1817/1817/1817 2510/2510/2510 1818/1818/1818
f 1820/1820/1820 2511/2511/2511 1821/1821/1821
f 1822/1822/1822 2512/2512/2512 1823/1823/1823
f 1825/1825/1825 1814/1814/1814 1816/1816/1816
f 1827/1827/1827 2513/2513/2513 1828/1828/1828
f 1830/1830/1830 2514/2514/2514 1831/1831/1831
f 1833/1833/1833 2515/2515/2515 1834/1834/1834
f 1836/1836/1836 2516/2516/2516 1837/1837/1837
f 1839/1839/1839 2517/2517/2517 1840/1840/1840
f 1842/1842/1842 1845/1845/1845 1843/1843/1843
f 1845/1845/1845 2518/2518/2518 1846/1846/1846
f 1847/1847/1847 1842/1842/1842 1844/1844/1844
f 1849/1849/1849 2519/2519/2519 1850/1850/1850
f 1852/1852/1852 2520/2520/2520 1853/1853/1853
f 1855/1855/1855 2521/2521/2521 1856/1856/1856
f 1858/1858/1858 2522/2522/2522 1859/1859/1859
f 1861/1861/1861 2523/2523/2523 1862/1862/1862
f 1864/1864/1864 2524/2524/2524 1865/1865/1865
f 1867/1867/1867 2525/2525/2525 1868/1868/1868
f 1870/1870/1870 2526/2526/2526 1871/1871/1871
f 1873/1873/1873 2527/2527/2527 1874/1874/1874
f 1876/1876/1876 2528/2528/2528 1877/1877/1877
f 1879/1879/1879 2529/2529/2529 1880/1880/1880
f 1882/1882/1882 2530/2530/2530 1883/1883/1883
f 1885/1885/1885 2531/2531/2531 1886/1886/1886
f 1888/1888/1888 2532/2532/2532 1889/1889/1889
f 1891/1891/1891 2533/2533/2533 1892/1892/1892
f 1894/1894/1894 2534/2534/2534 1895/1895/1895
f 1897/1897/1897 2535/2535/2535 1898/1898/1898
f 1900/1900/1900 2536/2536/2536 1901/1901/1901
f 1905/1905/1905 2537/2537/2537 2538/2538/2538
f 1903/1903/1903 2539/2539/2539 1904/1904/1904
f 1905/1905/1905 2538/2538/2538 1903/1903/1903
f 1908/1908/1908 2540/2540/2540 2541/2541/2541
f 2541/2541/2541 1906/1906/1906 1908/1908/1908
f 2540/2540/2540 2542/2542/2542 2541/2541/2541
f 1909/1909/1909 2543/2543/2543 1910/1910/1910
f 1912/1912/1912 2544/2544/2544 1913/1913/1913
f 1915/1915/1915 2545/2545/2545 1916/1916/1916
f 1918/1918/1918 2546/2546/2546 1919/1919/1919
f 1923/1923/1923 2547/2547/2547 1921/1921/1921
f 1921/1921/1921 2548/2548/2548 1922/1922/1922
f 2547/2547/2547 2549/2549/2549 1921/1921/1921
f 1926/1926/1926 2550/2550/2550 1924/1924/1924
f 1924/1924/1924 2551/2551/2551 1925/1925/1925
f 2550/2550/2550 2552/2552/2552 1924/1924/1924
f 1452/1452/1452 2358/2358/2358 2553/2553/2553
f 1452/1452/1452 2553/2553/2553 2554/2554/2554
f 2341/2341/2341 1928/1928/1928 2343/2343/2343
f 2555/2555/2555 2343/2343/2343 1928/1928/1928
f 2556/2556/2556 2555/2555/2555 1928/1928/1928
f 1452/1452/1452 2554/2554/2554 2557/2557/2557
f 1452/1452/1452 2557/2557/2557 2558/2558/2558
f 2559/2559/2559 2556/2556/2556 1928/1928/1928
f 2560/2560/2560 2559/2559/2559 1928/1928/1928
f 1452/1452/1452 2558/2558/2558 1927/1927/1927
f 1927/1927/1927 2560/2560/2560 1928/1928/1928
f 1929/1929/1929 2561/2561/2561 1930/1930/1930
f 1932/1932/1932 2562/2562/2562 1933/1933/1933
f 1935/1935/1935 2563/2563/2563 1936/1936/1936
f 1938/1938/1938 2564/2564/2564 1939/1939/1939
f 1941/1941/1941 2565/2565/2565 1942/1942/1942
f 1944/1944/1944 2566/2566/2566 1945/1945/1945
f 1947/1947/1947 2567/2567/2567 1948/1948/1948
f 1950/1950/1950 2568/2568/2568 1951/1951/1951
f 1953/1953/1953 2569/2569/2569 1954/1954/1954
f 1956/1956/1956 2570/2570/2570 1957/1957/1957
f 1961/1961/1961 2571/2571/2571 1959/1959/1959
f 1959/1959/1959 2572/2572/2572 1960/1960/1960
f 2571/2571/2571 2573/2573/2573 1959/1959/1959
f 1964/1964/1964 2574/2574/2574 2575/2575/2575
f 2575/2575/2575 1962/1962/1962 1964/1964/1964
f 1963/1963/1963 2576/2576/2576 1964/1964/1964
f 1965/1965/1965 2577/2577/2577 1966/1966/1966
f 1968/1968/1968 2578/2578/2578 1969/1969/1969
f 1971/1971/1971 2579/2579/2579 1972/1972/1972
f 1974/1974/1974 2580/2580/2580 1975/1975/1975
f 1979/1979/1979 2581/2581/2581 2582/2582/2582
f 2582/2582/2582 1977/1977/1977 1979/1979/1979
f 1978/1978/1978 2583/2583/2583 1979/1979/1979
f 1982/1982/1982 2584/2584/2584 2585/2585/2585
f 2585/2585/2585 1980/1980/1980 1982/1982/1982
f 1981/1981/1981 2586/2586/2586 1982/1982/1982
f 1983/1983/1983 2587/2587/2587 1984/1984/1984
f 1986/1986/1986 2588/2588/2588 1987/1987/1987
f 1989/1989/1989 2589/2589/2589 1990/1990/1990
f 1992/1992/1992 2590/2590/2590 1993/1993/1993
f 1995/1995/1995 2591/2591/2591 1996/1996/1996
f 1998/1998/1998 2592/2592/2592 1999/1999/1999
f 2294/2294/2294 2293/2293/2293 1385/1385/1385
f 2293/2293/2293 2593/2593/2593 1385/1385/1385
f 1383/1383/1383 1385/1385/1385 2001/2001/2001
f 2594/2594/2594 2306/2306/2306 1383/1383/1383
f 2595/2595/2595 2594/2594/2594 1383/1383/1383
f 2593/2593/2593 2596/2596/2596 1385/1385/1385
f 2596/2596/2596 2597/2597/2597 1385/1385/1385
f 2598/2598/2598 2595/2595/2595 1383/1383/1383
f 2599/2599/2599 2598/2598/2598 1383/1383/1383
f 2597/2597/2597 2002/2002/2002 1385/1385/1385
f 2001/2001/2001 2599/2599/2599 1383/1383/1383
f 2472/2472/2472 2471/2471/2471 1688/1688/1688
f 2471/2471/2471 2600/2600/2600 1688/1688/1688
f 1686/1686/1686 1688/1688/1688 2003/2003/2003
f 2601/2601/2601 2484/2484/2484 1686/1686/1686
f 2602/2602/2602 2601/2601/2601 1686/1686/1686
f 2600/2600/2600 2603/2603/2603 1688/1688/1688
f 2603/2603/2603 2604/2604/2604 1688/1688/1688
f 2605/2605/2605 2602/2602/2602 1686/1686/1686
f 2606/2606/2606 2605/2605/2605 1686/1686/1686
f 2604/2604/2604 2004/2004/2004 1688/1688/1688
f 2003/2003/2003 2606/2606/2606 1686/1686/1686
f 2005/2005/2005 2607/2607/2607 2006/2006/2006
f 2008/2008/2008 2608/2608/2608 2009/2009/2009
f 2011/2011/2011 2609/2609/2609 2012/2012/2012
f 2014/2014/2014 2610/2610/2610 2015/2015/2015
f 2017/2017/2017 2611/2611/2611 2018/2018/2018
f 2020/2020/2020 2612/2612/2612 2021/2021/2021
f 2023/2023/2023 2613/2613/2613 2024/2024/2024
f 2026/2026/2026 2614/2614/2614 2027/2027/2027
f 2029/2029/2029 2615/2615/2615 2030/2030/2030
f 2032/2032/2032 2616/2616/2616 2033/2033/2033
f 2035/2035/2035 2617/2617/2617 2036/2036/2036
f 2038/2038/2038 2618/2618/2618 2039/2039/2039
f 1620/1620/1620 2437/2437/2437 2619/2619/2619
f 1620/1620/1620 2619/2619/2619 2620/2620/2620
f 2420/2420/2420 2042/2042/2042 2422/2422/2422
f 2621/2621/2621 2422/2422/2422 2042/2042/2042
f 2622/2622/2622 2621/2621/2621 2042/2042/2042
f 1620/1620/1620 2620/2620/2620 2623/2623/2623
f 1620/1620/1620 2623/2623/2623 2624/2624/2624
f 2625/2625/2625 2622/2622/2622 2042/2042/2042
f 2626/2626/2626 2625/2625/2625 2042/2042/2042
f 1620/1620/1620 2624/2624/2624 2041/2041/2041
f 2041/2041/2041 2626/2626/2626 2042/2042/2042
f 2043/2043/2043 2627/2627/2627 2044/2044/2044
f 2046/2046/2046 2628/2628/2628 2047/2047/2047
f 2049/2049/2049 2629/2629/2629 2050/2050/2050
f 2052/2052/2052 2630/2630/2630 2053/2053/2053
f 2055/2055/2055 2631/2631/2631 2056/2056/2056
f 2058/2058/2058 2632/2632/2632 2059/2059/2059
f 2061/2061/2061 2633/2633/2633 2062/2062/2062
f 2064/2064/2064 2634/2634/2634 2065/2065/2065
f 2069/2069/2069 2635/2635/2635 2636/2636/2636
f 2636/2636/2636 2067/2067/2067 2069/2069/2069
f 2068/2068/2068 2637/2637/2637 2069/2069/2069
f 2072/2072/2072 2638/2638/2638 2639/2639/2639
f 2639/2639/2639 2070/2070/2070 2072/2072/2072
f 2071/2071/2071 2640/2640/2640 2072/2072/2072
f 2073/2073/2073 2641/2641/2641 2074/2074/2074
f 2076/2076/2076 2642/2642/2642 2077/2077/2077
f 2212/2212/2212 2643/2643/2643 2080/2080/2080
f 2643/2643/2643 2644/2644/2644 2080/2080/2080
f 2316/2316/2316 2080/2080/2080 2079/2079/2079
f 2644/2644/2644 2081/2081/2081 2080/2080/2080
f 2084/2084/2084 2645/2645/2645 2646/2646/2646
f 2646/2646/2646 2082/2082/2082 2084/2084/2084
f 2083/2083/2083 2647/2647/2647 2084/2084/2084
f 2087/2087/2087 2648/2648/2648 2649/2649/2649
f 2649/2649/2649 2085/2085/2085 2087/2087/2087
f 2086/2086/2086 2650/2650/2650 2087/2087/2087
f 2088/2088/2088 2651/2651/2651 2089/2089/2089
f 2091/2091/2091 2652/2652/2652 2092/2092/2092
f 2094/2094/2094 2653/2653/2653 2095/2095/2095
f 2097/2097/2097 2654/2654/2654 2098/2098/2098
f 2100/2100/2100 2655/2655/2655 2101/2101/2101
f 2103/2103/2103 2656/2656/2656 2104/2104/2104
f 2106/2106/2106 2657/2657/2657 2107/2107/2107
f 2109/2109/2109 2658/2658/2658 2110/2110/2110
f 2112/2112/2112 2659/2659/2659 2113/2113/2113
f 2115/2115/2115 2660/2660/2660 2116/2116/2116
f 2118/2118/2118 2661/2661/2661 2119/2119/2119
f 2121/2121/2121 2662/2662/2662 2122/2122/2122
f 2124/2124/2124 2663/2663/2663 2125/2125/2125
f 2127/2127/2127 2664/2664/2664 2128/2128/2128
f 2132/2132/2132 2161/2161/2161 2665/2665/2665
f 2130/2130/2130 2455/2455/2455 2131/2131/2131
f 2132/2132/2132 2665/2665/2665 2130/2130/2130
f 2133/2133/2133 2666/2666/2666 2134/2134/2134
f 2136/2136/2136 2667/2667/2667 2137/2137/2137
f 2139/2139/2139 2668/2668/2668 2140/2140/2140
f 2142/2142/2142 2669/2669/2669 2143/2143/2143
f 2147/2147/2147 2670/2670/2670 2671/2671/2671
f 2671/2671/2671 2145/2145/2145 2147/2147/2147
f 2146/2146/2146 2672/2672/2672 2147/2147/2147
f 2150/2150/2150 2673/2673/2673 2674/2674/2674
f 2674/2674/2674 2148/2148/2148 2150/2150/2150
f 2149/2149/2149 2675/2675/2675 2150/2150/2150
f 2151/2151/2151 2676/2676/2676 2152/2152/2152
f 2154/2154/2154 2677/2677/2677 2155/2155/2155
f 2407/2407/2407 2406/2406/2406 2159/2159/2159
f 2157/2157/2157 2678/2678/2678 2158/2158/2158
f 2407/2407/2407 2159/2159/2159 2158/2158/2158
f 2162/2162/2162 2446/2446/2446 2679/2679/2679
f 2162/2162/2162 2679/2679/2679 2680/2680/2680
f 2161/2161/2161 2132/2132/2132 2162/2162/2162
f 2162/2162/2162 2680/2680/2680 2160/2160/2160
f 2163/2163/2163 2681/2681/2681 2164/2164/2164
f 2166/2166/2166 2682/2682/2682 2167/2167/2167
f 2158/2158/2158 2678/2678/2678 2170/2170/2170
f 2678/2678/2678 2683/2683/2683 2170/2170/2170
f 2395/2395/2395 2170/2170/2170 2169/2169/2169
f 2683/2683/2683 2171/2171/2171 2170/2170/2170
f 2174/2174/2174 2251/2251/2251 2684/2684/2684
f 2172/2172/2172 2277/2277/2277 2173/2173/2173
f 2174/2174/2174 2684/2684/2684 2172/2172/2172
f 2175/2175/2175 2685/2685/2685 2176/2176/2176
f 2178/2178/2178 2686/2686/2686 2179/2179/2179
f 2183/2183/2183 2687/2687/2687 2688/2688/2688
f 2181/2181/2181 2689/2689/2689 2182/2182/2182
f 2183/2183/2183 2688/2688/2688 2181/2181/2181
f 2186/2186/2186 2690/2690/2690 2691/2691/2691
f 2691/2691/2691 2184/2184/2184 2186/2186/2186
f 2185/2185/2185 2692/2692/2692 2186/2186/2186
f 2187/2187/2187 2693/2693/2693 2188/2188/2188
f 2190/2190/2190 2694/2694/2694 2191/2191/2191
f 2193/2193/2193 2695/2695/2695 2194/2194/2194
f 2196/2196/2196 2696/2696/2696 2197/2197/2197
f 2199/2199/2199 2697/2697/2697 2200/2200/2200
f 2202/2202/2202 2698/2698/2698 2203/2203/2203
f 2205/2205/2205 2699/2699/2699 2206/2206/2206
f 2208/2208/2208 2700/2700/2700 2209/2209/2209
f 2328/2328/2328 2327/2327/2327 2213/2213/2213
f 2211/2211/2211 2643/2643/2643 2212/2212/2212
f 2328/2328/2328 2213/2213/2213 2212/2212/2212
f 2216/2216/2216 2701/2701/2701 2702/2702/2702
f 2702/2702/2702 2214/2214/2214 2216/2216/2216
f 2215/2215/2215 2703/2703/2703 2216/2216/2216
f 2219/2219/2219 2704/2704/2704 2705/2705/2705
f 2705/2705/2705 2217/2217/2217 2219/2219/2219
f 2218/2218/2218 2706/2706/2706 2219/2219/2219
f 2220/2220/2220 2707/2707/2707 2221/2221/2221
f 2223/2223/2223 2708/2708/2708 2224/2224/2224
f 2226/2226/2226 2709/2709/2709 2227/2227/2227
f 2229/2229/2229 2710/2710/2710 2230/2230/2230
f 2232/2232/2232 2711/2711/2711 2233/2233/2233
f 2235/2235/2235 2712/2712/2712 2236/2236/2236
f 2238/2238/2238 2713/2713/2713 2239/2239/2239
f 2241/2241/2241 2714/2714/2714 2242/2242/2242
f 2246/2246/2246 2715/2715/2715 2716/2716/2716
f 2716/2716/2716 2244/2244/2244 2246/2246/2246
f 2245/2245/2245 2717/2717/2717 2246/2246/2246
f 2249/2249/2249 2718/2718/2718 2719/2719/2719
f 2719/2719/2719 2247/2247/2247 2249/2249/2249
f 2248/2248/2248 2720/2720/2720 2249/2249/2249
f 2252/2252/2252 2268/2268/2268 2721/2721/2721
f 2252/2252/2252 2721/2721/2721 2722/2722/2722
f 2251/2251/2251 2174/2174/2174 2252/2252/2252
f 2252/2252/2252 2722/2722/2722 2250/2250/2250
f 2253/2253/2253 2723/2723/2723 2254/2254/2254
f 2256/2256/2256 2724/2724/2724 2257/2257/2257
f 2259/2259/2259 2725/2725/2725 2260/2260/2260
f 2262/2262/2262 2726/2726/2726 2263/2263/2263

o part_004
usemtl material_1
v 0.08930540 0.05199579 -0.02068515
v 0.08645593 -0.05168839 -0.02096580
v 0.08930542 -0.05168838 -0.02068514
v 0.08645592 0.05199579 -0.02096580
v 0.08371596 -0.05168839 -0.02179695
v 0.08645593 -0.05168839 -0.02096580
v 0.08371594 0.05199579 -0.02179695
v 0.08119078 -0.05168839 -0.02314669
v 0.08371596 -0.05168839 -0.02179695
v 0.08119077 0.05199579 -0.02314669
v 0.07897744 -0.05168839 -0.02496313
v 0.08119078 -0.05168839 -0.02314669
v 0.07897743 0.05199579 -0.02496313
v 0.07716100 -0.05168839 -0.02717646
v 0.07897744 -0.05168839 -0.02496313
v 0.07716100 -0.05168839 -0.02717646
v 0.07581125 0.05199579 -0.02970164
v 0.07581126 -0.05168839 -0.02970164
v 0.07581126 -0.05168839 -0.02970164
v 0.07498010 0.05199579 -0.03244162
v 0.07498011 -0.05168839 -0.03244162
v 0.07498010 0.05199579 -0.03244162
v 0.07469946 -0.05168839 -0.03529110
v 0.07498011 -0.05168839 -0.03244162
v 0.07469946 -0.05168839 -0.03529110
v 0.07498010 0.05199579 -0.03814058
v 0.07498011 -0.05168839 -0.03814058
v 0.07498011 -0.05168839 -0.03814058
v 0.07581125 0.05199579 -0.04088056
v 0.07581126 -0.05168839 -0.04088056
v 0.07581126 -0.05168839 -0.04088056
v 0.07716098 0.05199579 -0.04340574
v 0.07716100 -0.05168839 -0.04340573
v 0.07716100 -0.05168839 -0.04340573
v 0.07897743 0.05199579 -0.04561907
v 0.07897744 -0.05168839 -0.04561907
v 0.07897743 0.05199579 -0.04561907
v 0.08119078 -0.05168839 -0.04743551
v 0.07897744 -0.05168839 -0.04561907
v 0.08119077 0.05199579 -0.04743552
v 0.08371596 -0.05168839 -0.04878524
v 0.08119078 -0.05168839 -0.04743551
v 0.08371594 0.05199579 -0.04878526
v 0.08645594 -0.05168839 -0.04961640
v 0.08371596 -0.05168839 -0.04878524
v 0.08645592 0.05199579 -0.04961641
v 0.08930542 -0.05168839 -0.04989706
v 0.08645594 -0.05168839 -0.04961640
v 0.08930540 0.05199579 -0.04989706
v 0.09215490 -0.05168839 -0.04961640
v 0.08930542 -0.05168839 -0.04989706
v 0.09215489 0.05199579 -0.04961641
v 0.09489488 -0.05168839 -0.04878524
v 0.09215490 -0.05168839 -0.04961640
v 0.09489487 0.05199579 -0.04878524
v 0.09742006 -0.05168838 -0.04743550
v 0.09489488 -0.05168839 -0.04878524
v 0.09742004 0.05199579 -0.04743551
v 0.09963339 -0.05168838 -0.04561907
v 0.09742006 -0.05168838 -0.04743550
v 0.09963337 0.05199579 -0.04561907
v 0.10144983 -0.05168838 -0.04340573
v 0.09963339 -0.05168838 -0.04561907
v 0.10144982 0.05199579 -0.04340573
v 0.10279957 -0.05168838 -0.04088055
v 0.10144983 -0.05168838 -0.04340573
v 0.10279955 0.05199579 -0.04088055
v 0.10363072 -0.05168838 -0.03814057
v 0.10279957 -0.05168838 -0.04088055
v 0.10363070 0.05199579 -0.03814057
v 0.10391137 -0.05168838 -0.03529109
v 0.10363072 -0.05168838 -0.03814057
v 0.10391136 0.05199579 -0.03529109
v 0.10363072 -0.05168838 -0.03244161
v 0.10391137 -0.05168838 -0.03529109
v 0.10363070 0.05199579 -0.03244161
v 0.10279955 -0.05168838 -0.02970163
v 0.10363072 -0.05168838 -0.03244161
v 0.10279954 0.05199579 -0.02970163
v 0.10144981 -0.05168838 -0.02717645
v 0.10279955 -0.05168838 -0.02970163
v 0.10144981 -0.05168838 -0.02717645
v 0.09963335 0.05199579 -0.02496312
v 0.09963337 -0.05168838 -0.02496312
v 0.09963335 0.05199579 -0.02496312
v 0.09742004 -0.05168838 -0.02314668
v 0.09963337 -0.05168838 -0.02496312
v 0.09742002 0.05199579 -0.02314668
v 0.09489485 -0.05168838 -0.02179695
v 0.09742004 -0.05168838 -0.02314668
v 0.09489487 0.05199579 -0.04878524
v 0.07581125 0.05199579 -0.04088056
v 0.10363070 0.05199579 -0.03814057
v 0.09489483 0.05199579 -0.02179695
v 0.09215487 -0.05168838 -0.02096580
v 0.09489485 -0.05168838 -0.02179695
v 0.09215486 0.05199579 -0.02096579
v 0.08930542 -0.05168838 -0.02068514
v 0.09215487 -0.05168838 -0.02096580
v 0.08645594 -0.05168839 -0.04961640
v 0.10363072 -0.05168838 -0.03814057
v 0.08119078 -0.05168839 -0.02314669
v 0.08645592 0.05199579 -0.02096580
v 0.08371594 0.05199579 -0.02179695
v 0.08119077 0.05199579 -0.02314669
v 0.07897743 0.05199579 -0.02496313
v 0.07716098 0.05199579 -0.02717647
v 0.07716098 0.05199579 -0.02717647
v 0.07581125 0.05199579 -0.02970164
v 0.07469944 0.05199579 -0.03529110
v 0.07469944 0.05199579 -0.03529110
v 0.07498010 0.05199579 -0.03814058
v 0.07581125 0.05199579 -0.04088056
v 0.07716098 0.05199579 -0.04340574
v 0.08119077 0.05199579 -0.04743552
v 0.08371594 0.05199579 -0.04878526
v 0.08645592 0.05199579 -0.04961641
v 0.08930540 0.05199579 -0.04989706
v 0.09215489 0.05199579 -0.04961641
v 0.09489487 0.05199579 -0.04878524
v 0.09742004 0.05199579 -0.04743551
v 0.09963337 0.05199579 -0.04561907
v 0.10144982 0.05199579 -0.04340573
v 0.10279955 0.05199579 -0.04088055
v 0.10363070 0.05199579 -0.03814057
v 0.10391136 0.05199579 -0.03529109
v 0.10363070 0.05199579 -0.03244161
v 0.10279954 0.05199579 -0.02970163
v 0.10144979 0.05199579 -0.02717645
v 0.10144979 0.05199579 -0.02717645
v 0.09742002 0.05199579 -0.02314668
v 0.09489483 0.05199579 -0.02179695
v 0.08371594 0.05199579 -0.02179695
v 0.08645592 0.05199579 -0.02096580
v 0.08930540 0.05199579 -0.02068515
v 0.09215486 0.05199579 -0.02096579
v 0.09489483 0.05199579 -0.02179695
v 0.09742002 0.05199579 -0.02314668
v 0.09963335 0.05199579 -0.02496312
v 0.10144979 0.05199579 -0.02717645
v 0.10279954 0.05199579 -0.02970163
v 0.10363070 0.05199579 -0.03244161
v 0.10391136 0.05199579 -0.03529109
v 0.10279955 0.05199579 -0.04088055
v 0.10144982 0.05199579 -0.04340573
v 0.09963337 0.05199579 -0.04561907
v 0.09742004 0.05199579 -0.04743551
v 0.09215489 0.05199579 -0.04961641
v 0.08930540 0.05199579 -0.04989706
v 0.08645592 0.05199579 -0.04961641
v 0.08371594 0.05199579 -0.04878526
v 0.08119077 0.05199579 -0.04743552
v 0.07897743 0.05199579 -0.04561907
v 0.07716098 0.05199579 -0.04340574
v 0.07498010 0.05199579 -0.03814058
v 0.07469944 0.05199579 -0.03529110
v 0.07498010 0.05199579 -0.03244162
v 0.07581125 0.05199579 -0.02970164
v 0.07716098 0.05199579 -0.02717647
v 0.07897743 0.05199579 -0.02496313
v 0.08119077 0.05199579 -0.02314669
v 0.09215486 0.05199579 -0.02096579
v 0.08930540 0.05199579 -0.02068515
v 0.09215487 -0.05168838 -0.02096580
v 0.08930542 -0.05168838 -0.02068514
v 0.08645593 -0.05168839 -0.02096580
v 0.08371596 -0.05168839 -0.02179695
v 0.07897744 -0.05168839 -0.02496313
v 0.07716100 -0.05168839 -0.02717646
v 0.07581126 -0.05168839 -0.02970164
v 0.07498011 -0.05168839 -0.03244162
v 0.07469946 -0.05168839 -0.03529110
v 0.07498011 -0.05168839 -0.03814058
v 0.07581126 -0.05168839 -0.04088056
v 0.07716100 -0.05168839 -0.04340573
v 0.07897744 -0.05168839 -0.04561907
v 0.08119078 -0.05168839 -0.04743551
v 0.08371596 -0.05168839 -0.04878524
v 0.08930542 -0.05168839 -0.04989706
v 0.09215490 -0.05168839 -0.04961640
v 0.09489488 -0.05168839 -0.04878524
v 0.09742006 -0.05168838 -0.04743550
v 0.09963339 -0.05168838 -0.04561907
v 0.10144983 -0.05168838 -0.04340573
v 0.10279957 -0.05168838 -0.04088055
v 0.10391137 -0.05168838 -0.03529109
v 0.10363072 -0.05168838 -0.03244161
v 0.10279955 -0.05168838 -0.02970163
v 0.10144981 -0.05168838 -0.02717645
v 0.09963337 -0.05168838 -0.02496312
v 0.09742004 -0.05168838 -0.02314668
v 0.09489485 -0.05168838 -0.02179695
vn -0.09801856 0.00000003 0.99518459
vn -0.09801856 0.00000003 0.99518459
vn -0.09801856 0.00000003 0.99518459
vn -0.29028134 -0.00000000 0.95694135
vn -0.29028134 -0.00000000 0.95694135
vn -0.29028134 -0.00000000 0.95694135
vn -0.47139852 -0.00000003 0.88192031
vn -0.47139852 -0.00000003 0.88192031
vn -0.47139852 -0.00000003 0.88192031
vn -0.63439252 -0.00000009 0.77301108
vn -0.63439322 -0.00000006 0.77301051
vn -0.63439323 -0.00000006 0.77301050
vn -0.77300980 -0.00000009 0.63439408
vn -0.77300933 -0.00000011 0.63439466
vn -0.77300932 -0.00000011 0.63439467
vn -0.88192147 -0.00000014 0.47139635
vn -0.88192108 -0.00000011 0.47139708
vn -0.88192148 -0.00000014 0.47139633
vn -0.95694138 -0.00000013 0.29028124
vn -0.95694153 -0.00000015 0.29028075
vn -0.95694138 -0.00000013 0.29028125
vn -0.99518457 -0.00000015 0.09801877
vn -0.99518457 -0.00000015 0.09801869
vn -0.99518457 -0.00000015 0.09801869
vn -0.99518457 -0.00000015 -0.09801869
vn -0.99518457 -0.00000015 -0.09801869
vn -0.99518457 -0.00000015 -0.09801869
vn -0.95694146 -0.00000015 -0.29028097
vn -0.95694144 -0.00000015 -0.29028102
vn -0.95694146 -0.00000015 -0.29028097
vn -0.88192126 -0.00000014 -0.47139675
vn -0.88192130 -0.00000014 -0.47139667
vn -0.88192126 -0.00000014 -0.47139675
vn -0.77300965 -0.00000014 -0.63439427
vn -0.77300980 -0.00000013 -0.63439408
vn -0.77300964 -0.00000014 -0.63439427
vn -0.63439371 -0.00000014 -0.77301010
vn -0.63439324 -0.00000012 -0.77301049
vn -0.63439323 -0.00000012 -0.77301050
vn -0.47139752 -0.00000022 -0.88192085
vn -0.47139448 -0.00000012 -0.88192247
vn -0.47139442 -0.00000012 -0.88192250
vn -0.29028056 -0.00000009 -0.95694158
vn -0.29028450 -0.00000020 -0.95694039
vn -0.29028457 -0.00000020 -0.95694037
vn -0.09801886 -0.00000006 -0.99518456
vn -0.09801886 -0.00000006 -0.99518456
vn -0.09801886 -0.00000006 -0.99518456
vn 0.09801856 -0.00000003 -0.99518459
vn 0.09801856 -0.00000003 -0.99518459
vn 0.09801856 -0.00000003 -0.99518459
vn 0.29028452 0.00000000 -0.95694038
vn 0.29028452 0.00000000 -0.95694038
vn 0.29028452 0.00000000 -0.95694038
vn 0.47139579 -0.00000001 -0.88192177
vn 0.47139701 0.00000003 -0.88192112
vn 0.47139703 0.00000003 -0.88192111
vn 0.63439446 0.00000007 -0.77300949
vn 0.63439329 0.00000003 -0.77301045
vn 0.63439327 0.00000003 -0.77301046
vn 0.77301038 0.00000009 -0.63439337
vn 0.77301054 0.00000010 -0.63439318
vn 0.77301054 0.00000010 -0.63439318
vn 0.88192143 0.00000012 -0.47139642
vn 0.88192126 0.00000011 -0.47139675
vn 0.88192126 0.00000011 -0.47139675
vn 0.95694150 0.00000013 -0.29028085
vn 0.95694156 0.00000014 -0.29028064
vn 0.95694156 0.00000014 -0.29028063
vn 0.99518458 0.00000015 -0.09801863
vn 0.99518457 0.00000015 -0.09801871
vn 0.99518457 0.00000015 -0.09801871
vn 0.99518457 0.00000015 0.09801871
vn 0.99518458 0.00000015 0.09801863
vn 0.99518458 0.00000015 0.09801863
vn 0.95694032 0.00000015 0.29028472
vn 0.95694026 0.00000016 0.29028494
vn 0.95694026 0.00000016 0.29028494
vn 0.88191973 0.00000014 0.47139961
vn 0.88191973 0.00000014 0.47139961
vn 0.88191973 0.00000014 0.47139961
vn 0.77300999 0.00000014 0.63439385
vn 0.77300968 0.00000013 0.63439423
vn 0.77301000 0.00000014 0.63439384
vn 0.63439423 0.00000010 0.77300968
vn 0.63439353 0.00000013 0.77301026
vn 0.63439351 0.00000013 0.77301027
vn 0.47139300 0.00000011 0.88192326
vn 0.47139391 0.00000008 0.88192277
vn 0.47139393 0.00000008 0.88192276
vn -0.00000015 1.00000000 -0.00000004
vn -0.00000015 1.00000000 -0.00000004
vn -0.00000015 1.00000000 -0.00000004
vn 0.29028538 -0.00000003 0.95694012
vn 0.29028144 0.00000008 0.95694132
vn 0.29028136 0.00000009 0.95694134
vn 0.09801518 0.00000006 0.99518492
vn 0.09801944 -0.00000006 0.99518450
vn 0.09801952 -0.00000006 0.99518449
vn 0.00000015 -1.00000000 0.00000004
vn 0.00000015 -1.00000000 0.00000004
vn 0.00000015 -1.00000000 0.00000004
vn -0.09801856 0.00000003 0.99518459
vn -0.29028134 -0.00000000 0.95694135
vn -0.47139852 -0.00000003 0.88192031
vn -0.63439251 -0.00000009 0.77301109
vn -0.77300981 -0.00000009 0.63439407
vn -0.88192108 -0.00000011 0.47139709
vn -0.95694153 -0.00000015 0.29028074
vn -0.99518457 -0.00000015 0.09801877
vn -0.99518457 -0.00000015 -0.09801869
vn -0.95694144 -0.00000015 -0.29028103
vn -0.88192130 -0.00000014 -0.47139667
vn -0.77300981 -0.00000013 -0.63439407
vn -0.63439372 -0.00000014 -0.77301010
vn -0.47139757 -0.00000022 -0.88192082
vn -0.29028049 -0.00000009 -0.95694161
vn -0.09801886 -0.00000006 -0.99518456
vn 0.09801856 -0.00000003 -0.99518459
vn 0.29028452 0.00000000 -0.95694038
vn 0.47139577 -0.00000001 -0.88192178
vn 0.63439448 0.00000007 -0.77300947
vn 0.77301038 0.00000009 -0.63439338
vn 0.88192144 0.00000012 -0.47139642
vn 0.95694149 0.00000013 -0.29028086
vn 0.99518458 0.00000015 -0.09801863
vn 0.99518457 0.00000015 0.09801871
vn 0.95694032 0.00000015 0.29028472
vn 0.88191973 0.00000014 0.47139961
vn 0.77300967 0.00000013 0.63439424
vn 0.63439424 0.00000010 0.77300967
vn 0.47139299 0.00000011 0.88192327
vn -0.00000015 1.00000000 -0.00000004
vn -0.00000015 1.00000000 -0.00000004
vn -0.00000015 1.00000000 -0.00000004
vn -0.00000015 1.00000000 -0.00000004
vn -0.00000015 1.00000000 -0.00000004
vn -0.00000015 1.00000000 -0.00000004
vn -0.00000015 1.00000000 -0.00000004
vn -0.00000015 1.00000000 -0.00000004
vn -0.00000015 1.00000000 -0.00000004
vn -0.00000015 1.00000000 -0.00000004
vn -0.00000015 1.00000000 -0.00000004
vn -0.00000015 1.00000000 -0.00000004
vn -0.00000015 1.00000000 -0.00000004
vn -0.00000015 1.00000000 -0.00000004
vn -0.00000015 1.00000000 -0.00000004
vn -0.00000015 1.00000000 -0.00000004
vn -0.00000015 1.00000000 -0.00000004
vn -0.00000015 1.00000000 -0.00000004
vn -0.00000015 1.00000000 -0.00000004
vn -0.00000015 1.00000000 -0.00000004
vn -0.00000015 1.00000000 -0.00000004
vn -0.00000015 1.00000000 -0.00000004
vn -0.00000015 1.00000000 -0.00000004
vn -0.00000015 1.00000000 -0.00000004
vn -0.00000015 1.00000000 -0.00000004
vn -0.00000015 1.00000000 -0.00000004
vn -0.00000015 1.00000000 -0.00000004
vn -0.00000015 1.00000000 -0.00000004
vn -0.00000015 1.00000000 -0.00000004
vn 0.29028545 -0.00000003 0.95694010
vn 0.09801510 0.00000006 0.99518493
vn 0.00000015 -1.00000000 0.00000004
vn 0.00000015 -1.00000000 0.00000004
vn 0.00000015 -1.00000000 0.00000004
vn 0.00000015 -1.00000000 0.00000004
vn 0.00000015 -1.00000000 0.00000004
vn 0.00000015 -1.00000000 0.00000004
vn 0.00000015 -1.00000000 0.00000004
vn 0.00000015 -1.00000000 0.00000004
vn 0.00000015 -1.00000000 0.00000004
vn 0.00000015 -1.00000000 0.00000004
vn 0.00000015 -1.00000000 0.00000004
vn 0.00000015 -1.00000000 0.00000004
vn 0.00000015 -1.00000000 0.00000004
vn 0.00000015 -1.00000000 0.00000004
vn 0.00000015 -1.00000000 0.00000004
vn 0.00000015 -1.00000000 0.00000004
vn 0.00000015 -1.00000000 0.00000004
vn 0.00000015 -1.00000000 0.00000004
vn 0.00000015 -1.00000000 0.00000004
vn 0.00000015 -1.00000000 0.00000004
vn 0.00000015 -1.00000000 0.00000004
vn 0.00000015 -1.00000000 0.00000004
vn 0.00000015 -1.00000000 0.00000004
vn 0.00000015 -1.00000000 0.00000004
vn 0.00000015 -1.00000000 0.00000004
vn 0.00000015 -1.00000000 0.00000004
vn 0.00000015 -1.00000000 0.00000004
vn 0.00000015 -1.00000000 0.00000004
vn 0.00000015 -1.00000000 0.00000004
vt 0.00000000 0.00000000
vt 0.00000000 0.00000000
vt 0.00000000 0.00000000
vt 0.00000000 0.00000000
vt 0.00000000 0.00000000
vt 0.00000000 0.00000000
vt 0.00000000 0.00000000
vt 0.00000000 0.00000000
vt 0.00000000 0.00000000
vt 0.00000000 0.00000000
vt 0.00000000 0.00000000
vt 0.00000000 0.00000000
vt 0.00000000 0.00000000
vt 0.00000000 0.00000000
vt 0.00000000 0.00000000
vt 0.00000000 0.00000000
vt 0.00000000 0.00000000
vt 0.00000000 0.00000000
vt 0.00000000 0.00000000
vt 0.00000000 0.00000000
vt 0.00000000 0.00000000
vt 0.00000000 0.00000000
vt 0.00000000 0.00000000
vt 0.00000000 0.00000000
vt 0.00000000 0.00000000
vt 0.00000000 0.00000000
vt 0.00000000 0.00000000
vt 0.00000000 0.00000000
vt 0.00000000 0.00000000
vt 0.00000000 0.00000000
vt 0.00000000 0.00000000
vt 0.00000000 0.00000000
vt 0.00000000 0.00000000
vt 0.00000000 0.00000000
vt 0.00000000 0.00000000
vt 0.00000000 0.00000000
vt 0.00000000 0.00000000
vt 0.00000000 0.00000000
vt 0.00000000 0.00000000
vt 0.00000000 0.00000000
vt 0.00000000 0.00000000
vt 0.00000000 0.00000000
vt 0.00000000 0.00000000
vt 0.00000000 0.00000000
vt 0.00000000 0.00000000
vt 0.00000000 0.00000000
vt 0.00000000 0.00000000
vt 0.00000000 0.00000000
vt 0.00000000 0.00000000
vt 0.00000000 0.00000000
vt 0.00000000 0.00000000
vt 0.00000000 0.00000000
vt 0.00000000 0.00000000
vt 0.00000000 0.00000000
vt 0.00000000 0.00000000
vt 0.00000000 0.00000000
vt 0.00000000 0.00000000
vt 0.00000000 0.00000000
vt 0.00000000 0.00000000
vt 0.00000000 0.00000000
vt 0.00000000 0.00000000
vt 0.00000000 0.00000000
vt 0.00000000 0.00000000
vt 0.00000000 0.00000000
vt 0.00000000 0.00000000
vt 0.00000000 0.00000000
vt 0.00000000 0.00000000
vt 0.00000000 0.00000000
vt 0.00000000 0.00000000
vt 0.00000000 0.00000000
vt 0.00000000 0.00000000
vt 0.00000000 0.00000000
vt 0.00000000 0.00000000
vt 0.00000000 0.00000000
vt 0.00000000 0.00000000
vt 0.00000000 0.00000000
vt 0.00000000 0.00000000
vt 0.00000000 0.00000000
vt 0.00000000 0.00000000
vt 0.00000000 0.00000000
vt 0.00000000 0.00000000
vt 0.00000000 0.00000000
vt 0.00000000 0.00000000
vt 0.00000000 0.00000000
vt 0.00000000 0.00000000
vt 0.00000000 0.00000000
vt 0.00000000 0.00000000
vt 0.00000000 0.00000000
vt 0.00000000 0.00000000
vt 0.00000000 0.00000000
vt 0.00000000 0.00000000
vt 0.00000000 0.00000000
vt 0.00000000 0.00000000
vt 0.00000000 0.00000000
vt 0.00000000 0.00000000
vt 0.00000000 0.00000000
vt 0.00000000 0.00000000
vt 0.00000000 0.00000000
vt 0.00000000 0.00000000
vt 0.00000000 0.00000000
vt 0.00000000 0.00000000
vt 0.00000000 0.00000000
vt 0.00000000 0.00000000
vt 0.00000000 0.00000000
vt 0.00000000 0.00000000
vt 0.00000000 0.00000000
vt 0.00000000 0.00000000
vt 0.00000000 0.00000000
vt 0.00000000 0.00000000
vt 0.00000000 0.00000000
vt 0.00000000 0.00000000
vt 0.00000000 0.00000000
vt 0.00000000 0.00000000
vt 0.00000000 0.00000000
vt 0.00000000 0.00000000
vt 0.00000000 0.00000000
vt 0.00000000 0.00000000
vt 0.00000000 0.00000000
vt 0.00000000 0.00000000
vt 0.00000000 0.00000000
vt 0.00000000 0.00000000
vt 0.00000000 0.00000000
vt 0.00000000 0.00000000
vt 0.00000000 0.00000000
vt 0.00000000 0.00000000
vt 0.00000000 0.00000000
vt 0.00000000 0.00000000
vt 0.00000000 0.00000000
vt 0.00000000 0.00000000
vt 0.00000000 0.00000000
vt 0.00000000 0.00000000
vt 0.00000000 0.00000000
vt 0.00000000 0.00000000
vt 0.00000000 0.00000000
vt 0.00000000 0.00000000
vt 0.00000000 0.00000000
vt 0.00000000 0.00000000
vt 0.00000000 0.00000000
vt 0.00000000 0.00000000
vt 0.00000000 0.00000000
vt 0.00000000 0.00000000
vt 0.00000000 0.00000000
vt 0.00000000 0.00000000
vt 0.00000000 0.00000000
vt 0.00000000 0.00000000
vt 0.00000000 0.00000000
vt 0.00000000 0.00000000
vt 0.00000000 0.00000000
vt 0.00000000 0.00000000
vt 0.00000000 0.00000000
vt 0.00000000 0.00000000
vt 0.00000000 0.00000000
vt 0.00000000 0.00000000
vt 0.00000000 0.00000000
vt 0.00000000 0.00000000
vt 0.00000000 0.00000000
vt 0.00000000 0.00000000
vt 0.00000000 0.00000000
vt 0.00000000 0.00000000
vt 0.00000000 0.00000000
vt 0.00000000 0.00000000
vt 0.00000000 0.00000000
vt 0.00000000 0.00000000
vt 0.00000000 0.00000000
vt 0.00000000 0.00000000
vt 0.00000000 0.00000000
vt 0.00000000 0.00000000
vt 0.00000000 0.00000000
vt 0.00000000 0.00000000
vt 0.00000000 0.00000000
vt 0.00000000 0.00000000
vt 0.00000000 0.00000000
vt 0.00000000 0.00000000
vt 0.00000000 0.00000000
vt 0.00000000 0.00000000
vt 0.00000000 0.00000000
vt 0.00000000 0.00000000
vt 0.00000000 0.00000000
vt 0.00000000 0.00000000
vt 0.00000000 0.00000000
vt 0.00000000 0.00000000
vt 0.00000000 0.00000000
vt 0.00000000 0.00000000
vt 0.00000000 0.00000000
vt 0.00000000 0.00000000
vt 0.00000000 0.00000000
vt 0.00000000 0.00000000
vt 0.00000000 0.00000000
vt 0.00000000 0.00000000
vt 0.00000000 0.00000000
vt 0.00000000 0.00000000
vt 0.00000000 0.00000000
f 2727/2727/2727 2728/2728/2728 2729/2729/2729
f 2730/2730/2730 2731/2731/2731 2732/2732/2732
f 2733/2733/2733 2734/2734/2734 2735/2735/2735
f 2736/2736/2736 2737/2737/2737 2738/2738/2738
f 2739/2739/2739 2740/2740/2740 2741/2741/2741
f 2742/2742/2742 2743/2743/2743 2744/2744/2744
f 2745/2745/2745 2746/2746/2746 2747/2747/2747
f 2748/2748/2748 2749/2749/2749 2750/2750/2750
f 2751/2751/2751 2752/2752/2752 2753/2753/2753
f 2754/2754/2754 2755/2755/2755 2756/2756/2756
f 2757/2757/2757 2758/2758/2758 2759/2759/2759
f 2760/2760/2760 2761/2761/2761 2762/2762/2762
f 2763/2763/2763 2764/2764/2764 2765/2765/2765
f 2766/2766/2766 2767/2767/2767 2768/2768/2768
f 2769/2769/2769 2770/2770/2770 2771/2771/2771
f 2772/2772/2772 2773/2773/2773 2774/2774/2774
f 2775/2775/2775 2776/2776/2776 2777/2777/2777
f 2778/2778/2778 2779/2779/2779 2780/2780/2780
f 2781/2781/2781 2782/2782/2782 2783/2783/2783
f 2784/2784/2784 2785/2785/2785 2786/2786/2786
f 2787/2787/2787 2788/2788/2788 2789/2789/2789
f 2790/2790/2790 2791/2791/2791 2792/2792/2792
f 2793/2793/2793 2794/2794/2794 2795/2795/2795
f 2796/2796/2796 2797/2797/2797 2798/2798/2798
f 2799/2799/2799 2800/2800/2800 2801/2801/2801
f 2802/2802/2802 2803/2803/2803 2804/2804/2804
f 2805/2805/2805 2806/2806/2806 2807/2807/2807
f 2808/2808/2808 2809/2809/2809 2810/2810/2810
f 2811/2811/2811 2812/2812/2812 2813/2813/2813
f 2814/2814/2814 2815/2815/2815 2816/2816/2816
f 2817/2817/2817 2818/2818/2818 2819/2819/2819
f 2820/2820/2820 2821/2821/2821 2822/2822/2822
f 2823/2823/2823 2824/2824/2824 2825/2825/2825
f 2826/2826/2826 2827/2827/2827 2828/2828/2828
f 2727/2727/2727 2829/2829/2829 2728/2728/2728
f 2730/2730/2730 2830/2830/2830 2731/2731/2731
f 2733/2733/2733 2831/2831/2831 2734/2734/2734
f 2736/2736/2736 2832/2832/2832 2737/2737/2737
f 2739/2739/2739 2833/2833/2833 2740/2740/2740
f 2742/2742/2742 2834/2834/2834 2743/2743/2743
f 2745/2745/2745 2835/2835/2835 2746/2746/2746
f 2748/2748/2748 2836/2836/2836 2749/2749/2749
f 2751/2751/2751 2837/2837/2837 2752/2752/2752
f 2754/2754/2754 2838/2838/2838 2755/2755/2755
f 2757/2757/2757 2839/2839/2839 2758/2758/2758
f 2760/2760/2760 2840/2840/2840 2761/2761/2761
f 2763/2763/2763 2841/2841/2841 2764/2764/2764
f 2766/2766/2766 2842/2842/2842 2767/2767/2767
f 2769/2769/2769 2843/2843/2843 2770/2770/2770
f 2772/2772/2772 2844/2844/2844 2773/2773/2773
f 2775/2775/2775 2845/2845/2845 2776/2776/2776
f 2778/2778/2778 2846/2846/2846 2779/2779/2779
f 2781/2781/2781 2847/2847/2847 2782/2782/2782
f 2784/2784/2784 2848/2848/2848 2785/2785/2785
f 2787/2787/2787 2849/2849/2849 2788/2788/2788
f 2790/2790/2790 2850/2850/2850 2791/2791/2791
f 2793/2793/2793 2851/2851/2851 2794/2794/2794
f 2796/2796/2796 2852/2852/2852 2797/2797/2797
f 2799/2799/2799 2853/2853/2853 2800/2800/2800
f 2802/2802/2802 2854/2854/2854 2803/2803/2803
f 2805/2805/2805 2855/2855/2855 2806/2806/2806
f 2808/2808/2808 2856/2856/2856 2809/2809/2809
f 2811/2811/2811 2857/2857/2857 2812/2812/2812
f 2814/2814/2814 2858/2858/2858 2815/2815/2815
f 2859/2859/2859 2860/2860/2860 2861/2861/2861
f 2861/2861/2861 2862/2862/2862 2863/2863/2863
f 2863/2863/2863 2864/2864/2864 2865/2865/2865
f 2865/2865/2865 2866/2866/2866 2863/2863/2863
f 2867/2867/2867 2868/2868/2868 2819/2819/2819
f 2869/2869/2869 2819/2819/2819 2868/2868/2868
f 2870/2870/2870 2871/2871/2871 2819/2819/2819
f 2872/2872/2872 2873/2873/2873 2817/2817/2817
f 2817/2817/2817 2874/2874/2874 2875/2875/2875
f 2875/2875/2875 2876/2876/2876 2817/2817/2817
f 2877/2877/2877 2878/2878/2878 2818/2818/2818
f 2879/2879/2879 2880/2880/2880 2818/2818/2818
f 2818/2818/2818 2881/2881/2881 2882/2882/2882
f 2882/2882/2882 2883/2883/2883 2884/2884/2884
f 2884/2884/2884 2885/2885/2885 2886/2886/2886
f 2886/2886/2886 2887/2887/2887 2884/2884/2884
f 2859/2859/2859 2861/2861/2861 2863/2863/2863
f 2863/2863/2863 2866/2866/2866 2819/2819/2819
f 2867/2867/2867 2819/2819/2819 2866/2866/2866
f 2871/2871/2871 2872/2872/2872 2819/2819/2819
f 2817/2817/2817 2876/2876/2876 2877/2877/2877
f 2878/2878/2878 2879/2879/2879 2818/2818/2818
f 2818/2818/2818 2882/2882/2882 2884/2884/2884
f 2884/2884/2884 2887/2887/2887 2818/2818/2818
f 2859/2859/2859 2863/2863/2863 2819/2819/2819
f 2819/2819/2819 2872/2872/2872 2817/2817/2817
f 2817/2817/2817 2877/2877/2877 2818/2818/2818
f 2818/2818/2818 2887/2887/2887 2859/2859/2859
f 2859/2859/2859 2819/2819/2819 2818/2818/2818
f 2820/2820/2820 2888/2888/2888 2821/2821/2821
f 2823/2823/2823 2889/2889/2889 2824/2824/2824
f 2890/2890/2890 2891/2891/2891 2828/2828/2828
f 2892/2892/2892 2893/2893/2893 2828/2828/2828
f 2828/2828/2828 2894/2894/2894 2895/2895/2895
f 2895/2895/2895 2896/2896/2896 2828/2828/2828
f 2897/2897/2897 2898/2898/2898 2899/2899/2899
f 2899/2899/2899 2900/2900/2900 2897/2897/2897
f 2901/2901/2901 2902/2902/2902 2903/2903/2903
f 2903/2903/2903 2904/2904/2904 2826/2826/2826
f 2826/2826/2826 2905/2905/2905 2906/2906/2906
f 2906/2906/2906 2907/2907/2907 2908/2908/2908
f 2908/2908/2908 2909/2909/2909 2827/2827/2827
f 2910/2910/2910 2911/2911/2911 2827/2827/2827
f 2827/2827/2827 2912/2912/2912 2913/2913/2913
f 2913/2913/2913 2914/2914/2914 2915/2915/2915
f 2915/2915/2915 2916/2916/2916 2917/2917/2917
f 2917/2917/2917 2918/2918/2918 2915/2915/2915
f 2891/2891/2891 2892/2892/2892 2828/2828/2828
f 2828/2828/2828 2896/2896/2896 2897/2897/2897
f 2897/2897/2897 2900/2900/2900 2901/2901/2901
f 2901/2901/2901 2903/2903/2903 2897/2897/2897
f 2826/2826/2826 2906/2906/2906 2908/2908/2908
f 2909/2909/2909 2910/2910/2910 2827/2827/2827
f 2827/2827/2827 2913/2913/2913 2915/2915/2915
f 2915/2915/2915 2918/2918/2918 2890/2890/2890
f 2890/2890/2890 2828/2828/2828 2827/2827/2827
f 2897/2897/2897 2903/2903/2903 2826/2826/2826
f 2826/2826/2826 2908/2908/2908 2827/2827/2827
f 2827/2827/2827 2915/2915/2915 2890/2890/2890
f 2828/2828/2828 2897/2897/2897 2826/2826/2826

o part_005
usemtl material_1
v 0.06954595 0.06545687 0.02819066
v 0.06704301 -0.06514946 0.02794413
v 0.06954597 -0.06514946 0.02819066
v 0.06704301 -0.06514946 0.02794413
v 0.06463621 0.06545687 0.02721405
v 0.06463623 -0.06514946 0.02721406
v 0.06463621 0.06545687 0.02721405
v 0.06241814 -0.06514946 0.02602846
v 0.06463623 -0.06514946 0.02721406
v 0.06241812 0.06545687 0.02602846
v 0.06047396 -0.06514946 0.02443291
v 0.06241814 -0.06514946 0.02602846
v 0.06047396 -0.06514946 0.02443291
v 0.05887839 0.06545687 0.02248873
v 0.05887841 -0.06514946 0.02248873
v 0.05887841 -0.06514946 0.02248873
v 0.05769280 0.06545687 0.02027063
v 0.05769282 -0.06514946 0.02027063
v 0.05769280 0.06545687 0.02027063
v 0.05696273 -0.06514946 0.01786386
v 0.05769282 -0.06514946 0.02027063
v 0.05696271 0.06545687 0.01786385
v 0.05671621 -0.06514946 0.01536090
v 0.05696273 -0.06514946 0.01786386
v 0.05671619 0.06545687 0.01536090
v 0.05696273 -0.06514946 0.01285793
v 0.05671621 -0.06514946 0.01536090
v 0.05696273 -0.06514946 0.01285793
v 0.05769280 0.06545687 0.01045116
v 0.05769282 -0.06514946 0.01045115
v 0.05769282 -0.06514946 0.01045115
v 0.05887839 0.06545687 0.00823305
v 0.05887841 -0.06514946 0.00823306
v 0.05887839 0.06545687 0.00823305
v 0.06047396 -0.06514946 0.00628888
v 0.05887841 -0.06514946 0.00823306
v 0.06047394 0.06545687 0.00628888
v 0.06241814 -0.06514946 0.00469334
v 0.06047396 -0.06514946 0.00628888
v 0.06241812 0.06545687 0.00469333
v 0.06463623 -0.06514946 0.00350773
v 0.06241814 -0.06514946 0.00469334
v 0.06463621 0.06545687 0.00350774
v 0.06704301 -0.06514946 0.00277765
v 0.06463623 -0.06514946 0.00350773
v 0.06704299 0.06545687 0.00277765
v 0.06954598 -0.06514946 0.00253113
v 0.06704301 -0.06514946 0.00277765
v 0.06954596 0.06545687 0.00253112
v 0.07204894 -0.06514946 0.00277765
v 0.06954598 -0.06514946 0.00253113
v 0.07204892 0.06545687 0.00277765
v 0.07445571 -0.06514946 0.00350774
v 0.07204894 -0.06514946 0.00277765
v 0.07445571 -0.06514946 0.00350774
v 0.07667379 0.06545687 0.00469332
v 0.07667381 -0.06514946 0.00469334
v 0.07667381 -0.06514946 0.00469334
v 0.07861797 0.06545687 0.00628888
v 0.07861799 -0.06514946 0.00628889
v 0.07861799 -0.06514946 0.00628889
v 0.08021352 0.06545687 0.00823305
v 0.08021354 -0.06514945 0.00823307
v 0.08021354 -0.06514945 0.00823307
v 0.08139911 0.06545687 0.01045116
v 0.08139913 -0.06514945 0.01045117
v 0.08139913 -0.06514945 0.01045117
v 0.08212919 0.06545687 0.01285794
v 0.08212921 -0.06514945 0.01285795
v 0.08212921 -0.06514945 0.01285795
v 0.08237572 0.06545687 0.01536090
v 0.08237574 -0.06514945 0.01536091
v 0.08237574 -0.06514945 0.01536091
v 0.08212919 0.06545687 0.01786386
v 0.08212921 -0.06514945 0.01786388
v 0.08212921 -0.06514945 0.01786388
v 0.08139910 0.06545687 0.02027064
v 0.08139912 -0.06514945 0.02027066
v 0.08139912 -0.06514945 0.02027066
v 0.08021350 0.06545687 0.02248874
v 0.08021352 -0.06514945 0.02248875
v 0.08021352 -0.06514945 0.02248875
v 0.07861795 0.06545687 0.02443291
v 0.07861797 -0.06514945 0.02443293
v 0.07861797 -0.06514945 0.02443293
v 0.07667377 0.06545687 0.02602845
v 0.07667379 -0.06514945 0.02602846
v 0.07667377 0.06545687 0.02602845
v 0.07445569 -0.06514945 0.02721406
v 0.07667379 -0.06514945 0.02602846
v 0.07445569 0.06545687 0.00350774
v 0.05769280 0.06545687 0.01045116
v 0.07667377 0.06545687 0.02602845
v 0.07445567 0.06545687 0.02721405
v 0.07204891 -0.06514946 0.02794414
v 0.07445569 -0.06514945 0.02721406
v 0.07204889 0.06545687 0.02794413
v 0.06954597 -0.06514946 0.02819066
v 0.07204891 -0.06514946 0.02794414
v 0.07861799 -0.06514946 0.00628889
v 0.07667379 -0.06514945 0.02602846
v 0.05769282 -0.06514946 0.02027063
v 0.06704299 0.06545687 0.02794414
v 0.06704299 0.06545687 0.02794414
v 0.06241812 0.06545687 0.02602846
v 0.06047394 0.06545687 0.02443290
v 0.06047394 0.06545687 0.02443290
v 0.05887839 0.06545687 0.02248873
v 0.05696271 0.06545687 0.01786385
v 0.05671619 0.06545687 0.01536090
v 0.05696271 0.06545687 0.01285793
v 0.05696271 0.06545687 0.01285793
v 0.05769280 0.06545687 0.01045116
v 0.06047394 0.06545687 0.00628888
v 0.06241812 0.06545687 0.00469333
v 0.06463621 0.06545687 0.00350774
v 0.06704299 0.06545687 0.00277765
v 0.06954596 0.06545687 0.00253112
v 0.07204892 0.06545687 0.00277765
v 0.07445569 0.06545687 0.00350774
v 0.07445569 0.06545687 0.00350774
v 0.07667379 0.06545687 0.00469332
v 0.07861797 0.06545687 0.00628888
v 0.08021352 0.06545687 0.00823305
v 0.08139911 0.06545687 0.01045116
v 0.08212919 0.06545687 0.01285794
v 0.08237572 0.06545687 0.01536090
v 0.08212919 0.06545687 0.01786386
v 0.08139910 0.06545687 0.02027064
v 0.08021350 0.06545687 0.02248874
v 0.07861795 0.06545687 0.02443291
v 0.07445567 0.06545687 0.02721405
v 0.06463621 0.06545687 0.02721405
v 0.06704299 0.06545687 0.02794414
v 0.06954595 0.06545687 0.02819066
v 0.07204889 0.06545687 0.02794413
v 0.07445567 0.06545687 0.02721405
v 0.07861795 0.06545687 0.02443291
v 0.08021350 0.06545687 0.02248874
v 0.08139910 0.06545687 0.02027064
v 0.08212919 0.06545687 0.01786386
v 0.08139911 0.06545687 0.01045116
v 0.08237572 0.06545687 0.01536090
v 0.08212919 0.06545687 0.01285794
v 0.08021352 0.06545687 0.00823305
v 0.07861797 0.06545687 0.00628888
v 0.07667379 0.06545687 0.00469332
v 0.07204892 0.06545687 0.00277765
v 0.06954596 0.06545687 0.00253112
v 0.06704299 0.06545687 0.00277765
v 0.06463621 0.06545687 0.00350774
v 0.06241812 0.06545687 0.00469333
v 0.06047394 0.06545687 0.00628888
v 0.05887839 0.06545687 0.00823305
v 0.05696271 0.06545687 0.01285793
v 0.05671619 0.06545687 0.01536090
v 0.05696271 0.06545687 0.01786385
v 0.05769280 0.06545687 0.02027063
v 0.05887839 0.06545687 0.02248873
v 0.06047394 0.06545687 0.02443290
v 0.06241812 0.06545687 0.02602846
v 0.07204889 0.06545687 0.02794413
v 0.06954595 0.06545687 0.02819066
v 0.07204891 -0.06514946 0.02794414
v 0.06954597 -0.06514946 0.02819066
v 0.07445569 -0.06514945 0.02721406
v 0.06704301 -0.06514946 0.02794413
v 0.06463623 -0.06514946 0.02721406
v 0.06241814 -0.06514946 0.02602846
v 0.06047396 -0.06514946 0.02443291
v 0.05887841 -0.06514946 0.02248873
v 0.05696273 -0.06514946 0.01786386
v 0.05671621 -0.06514946 0.01536090
v 0.05696273 -0.06514946 0.01285793
v 0.05769282 -0.06514946 0.01045115
v 0.05887841 -0.06514946 0.00823306
v 0.06047396 -0.06514946 0.00628888
v 0.06241814 -0.06514946 0.00469334
v 0.06463623 -0.06514946 0.00350773
v 0.06704301 -0.06514946 0.00277765
v 0.06954598 -0.06514946 0.00253113
v 0.07204894 -0.06514946 0.00277765
v 0.07445571 -0.06514946 0.00350774
v 0.07667381 -0.06514946 0.00469334
v 0.08021354 -0.06514945 0.00823307
v 0.08139913 -0.06514945 0.01045117
v 0.08212921 -0.06514945 0.01285795
v 0.08237574 -0.06514945 0.01536091
v 0.08212921 -0.06514945 0.01786388
v 0.08139912 -0.06514945 0.02027066
v 0.08021352 -0.06514945 0.02248875
v 0.07861797 -0.06514945 0.02443293
vn -0.09801816 -0.00000006 0.99518463
vn -0.09801856 -0.00000005 0.99518459
vn -0.09801856 -0.00000005 0.99518459
vn -0.29028093 -0.00000000 0.95694147
vn -0.29028492 -0.00000008 0.95694026
vn -0.29028088 -0.00000000 0.95694149
vn -0.47139587 -0.00000007 0.88192173
vn -0.47139741 -0.00000003 0.88192091
vn -0.47139743 -0.00000003 0.88192090
vn -0.63439527 -0.00000006 0.77300883
vn -0.63439409 -0.00000009 0.77300979
vn -0.63439407 -0.00000009 0.77300981
vn -0.77301028 -0.00000013 0.63439349
vn -0.77300909 -0.00000009 0.63439495
vn -0.77301030 -0.00000013 0.63439348
vn -0.88192285 -0.00000011 0.47139377
vn -0.88192351 -0.00000014 0.47139254
vn -0.88192284 -0.00000011 0.47139379
vn -0.95694011 -0.00000013 0.29028542
vn -0.95694011 -0.00000013 0.29028542
vn -0.95694011 -0.00000013 0.29028542
vn -0.99518456 -0.00000015 0.09801888
vn -0.99518456 -0.00000015 0.09801888
vn -0.99518456 -0.00000015 0.09801888
vn -0.99518459 -0.00000015 -0.09801854
vn -0.99518459 -0.00000015 -0.09801854
vn -0.99518459 -0.00000015 -0.09801854
vn -0.95694036 -0.00000014 -0.29028458
vn -0.95694011 -0.00000016 -0.29028541
vn -0.95694037 -0.00000014 -0.29028457
vn -0.88192285 -0.00000015 -0.47139377
vn -0.88192351 -0.00000013 -0.47139254
vn -0.88192284 -0.00000015 -0.47139379
vn -0.77300948 -0.00000014 -0.63439447
vn -0.77300948 -0.00000014 -0.63439447
vn -0.77300948 -0.00000014 -0.63439447
vn -0.63439262 -0.00000013 -0.77301100
vn -0.63439262 -0.00000013 -0.77301100
vn -0.63439262 -0.00000013 -0.77301100
vn -0.47139680 -0.00000003 -0.88192123
vn -0.47140018 -0.00000011 -0.88191942
vn -0.47140022 -0.00000011 -0.88191940
vn -0.29028500 -0.00000008 -0.95694024
vn -0.29028102 -0.00000000 -0.95694145
vn -0.29028097 -0.00000000 -0.95694146
vn -0.09801837 -0.00000006 -0.99518461
vn -0.09801837 -0.00000006 -0.99518461
vn -0.09801837 -0.00000006 -0.99518461
vn 0.09801888 -0.00000003 -0.99518456
vn 0.09801888 -0.00000003 -0.99518456
vn 0.09801888 -0.00000003 -0.99518456
vn 0.29028542 0.00000000 -0.95694011
vn 0.29028542 0.00000000 -0.95694011
vn 0.29028542 0.00000000 -0.95694011
vn 0.47139595 -0.00000004 -0.88192168
vn 0.47139257 0.00000003 -0.88192349
vn 0.47139599 -0.00000004 -0.88192166
vn 0.63439618 -0.00000000 -0.77300808
vn 0.63439618 -0.00000000 -0.77300808
vn 0.63439618 -0.00000000 -0.77300808
vn 0.77300808 0.00000005 -0.63439617
vn 0.77300848 0.00000003 -0.63439569
vn 0.77300808 0.00000005 -0.63439618
vn 0.88192250 0.00000008 -0.47139442
vn 0.88192250 0.00000008 -0.47139442
vn 0.88192250 0.00000008 -0.47139442
vn 0.95694163 0.00000011 -0.29028041
vn 0.95694163 0.00000011 -0.29028041
vn 0.95694163 0.00000011 -0.29028041
vn 0.99518455 0.00000015 -0.09801888
vn 0.99518459 0.00000014 -0.09801856
vn 0.99518455 0.00000015 -0.09801889
vn 0.99518459 0.00000016 0.09801854
vn 0.99518456 0.00000015 0.09801886
vn 0.99518459 0.00000016 0.09801853
vn 0.95694036 0.00000018 0.29028460
vn 0.95694036 0.00000018 0.29028460
vn 0.95694036 0.00000018 0.29028460
vn 0.88191955 0.00000018 0.47139995
vn 0.88191964 0.00000019 0.47139978
vn 0.88191955 0.00000018 0.47139995
vn 0.77301023 0.00000020 0.63439355
vn 0.77300968 0.00000018 0.63439423
vn 0.77301024 0.00000020 0.63439354
vn 0.63438990 0.00000016 0.77301323
vn 0.63439132 0.00000020 0.77301206
vn 0.63438988 0.00000016 0.77301324
vn 0.47139598 0.00000011 0.88192167
vn 0.47139444 0.00000014 0.88192249
vn 0.47139442 0.00000014 0.88192250
vn -0.00000015 1.00000000 -0.00000004
vn -0.00000015 1.00000000 -0.00000004
vn -0.00000015 1.00000000 -0.00000004
vn 0.29028141 0.00000017 0.95694133
vn 0.29028540 0.00000009 0.95694012
vn 0.29028545 0.00000009 0.95694010
vn 0.09802343 -0.00000002 0.99518411
vn 0.09801521 0.00000014 0.99518492
vn 0.09801510 0.00000014 0.99518493
vn 0.00000015 -1.00000000 0.00000004
vn 0.00000015 -1.00000000 0.00000004
vn 0.00000015 -1.00000000 0.00000004
vn -0.09801816 -0.00000006 0.99518463
vn -0.29028497 -0.00000008 0.95694025
vn -0.47139585 -0.00000007 0.88192174
vn -0.63439528 -0.00000006 0.77300881
vn -0.77300907 -0.00000009 0.63439497
vn -0.88192351 -0.00000014 0.47139253
vn -0.95694011 -0.00000013 0.29028542
vn -0.99518456 -0.00000015 0.09801888
vn -0.99518459 -0.00000015 -0.09801854
vn -0.95694011 -0.00000016 -0.29028542
vn -0.88192351 -0.00000013 -0.47139253
vn -0.77300948 -0.00000014 -0.63439447
vn -0.63439262 -0.00000013 -0.77301100
vn -0.47139675 -0.00000003 -0.88192126
vn -0.29028505 -0.00000009 -0.95694022
vn -0.09801837 -0.00000006 -0.99518461
vn 0.09801888 -0.00000003 -0.99518456
vn 0.29028542 0.00000000 -0.95694011
vn 0.47139253 0.00000003 -0.88192351
vn 0.63439618 -0.00000000 -0.77300808
vn 0.77300849 0.00000003 -0.63439568
vn 0.88192250 0.00000008 -0.47139442
vn 0.95694163 0.00000011 -0.29028041
vn 0.99518459 0.00000014 -0.09801855
vn 0.99518456 0.00000015 0.09801887
vn 0.95694036 0.00000018 0.29028460
vn 0.88191964 0.00000019 0.47139978
vn 0.77300967 0.00000018 0.63439424
vn 0.63439134 0.00000020 0.77301205
vn 0.47139599 0.00000011 0.88192166
vn -0.00000015 1.00000000 -0.00000004
vn -0.00000015 1.00000000 -0.00000004
vn -0.00000015 1.00000000 -0.00000004
vn -0.00000015 1.00000000 -0.00000004
vn -0.00000015 1.00000000 -0.00000004
vn -0.00000015 1.00000000 -0.00000004
vn -0.00000015 1.00000000 -0.00000004
vn -0.00000015 1.00000000 -0.00000004
vn -0.00000015 1.00000000 -0.00000004
vn -0.00000015 1.00000000 -0.00000004
vn -0.00000015 1.00000000 -0.00000004
vn -0.00000015 1.00000000 -0.00000004
vn -0.00000015 1.00000000 -0.00000004
vn -0.00000015 1.00000000 -0.00000004
vn -0.00000015 1.00000000 -0.00000004
vn -0.00000015 1.00000000 -0.00000004
vn -0.00000015 1.00000000 -0.00000004
vn -0.00000015 1.00000000 -0.00000004
vn -0.00000015 1.00000000 -0.00000004
vn -0.00000015 1.00000000 -0.00000004
vn -0.00000015 1.00000000 -0.00000004
vn -0.00000015 1.00000000 -0.00000004
vn -0.00000015 1.00000000 -0.00000004
vn -0.00000015 1.00000000 -0.00000004
vn -0.00000015 1.00000000 -0.00000004
vn -0.00000015 1.00000000 -0.00000004
vn -0.00000015 1.00000000 -0.00000004
vn -0.00000015 1.00000000 -0.00000004
vn -0.00000015 1.00000000 -0.00000004
vn 0.29028136 0.00000017 0.95694134
vn 0.09802354 -0.00000002 0.99518410
vn 0.00000015 -1.00000000 0.00000004
vn 0.00000015 -1.00000000 0.00000004
vn 0.00000015 -1.00000000 0.00000004
vn 0.00000015 -1.00000000 0.00000004
vn 0.00000015 -1.00000000 0.00000004
vn 0.00000015 -1.00000000 0.00000004
vn 0.00000015 -1.00000000 0.00000004
vn 0.00000015 -1.00000000 0.00000004
vn 0.00000015 -1.00000000 0.00000004
vn 0.00000015 -1.00000000 0.00000004
vn 0.00000015 -1.00000000 0.00000004
vn 0.00000015 -1.00000000 0.00000004
vn 0.00000015 -1.00000000 0.00000004
vn 0.00000015 -1.00000000 0.00000004
vn 0.00000015 -1.00000000 0.00000004
vn 0.00000015 -1.00000000 0.00000004
vn 0.00000015 -1.00000000 0.00000004
vn 0.00000015 -1.00000000 0.00000004
vn 0.00000015 -1.00000000 0.00000004
vn 0.00000015 -1.00000000 0.00000004
vn 0.00000015 -1.00000000 0.00000004
vn 0.00000015 -1.00000000 0.00000004
vn 0.00000015 -1.00000000 0.00000004
vn 0.00000015 -1.00000000 0.00000004
vn 0.00000015 -1.00000000 0.00000004
vn 0.00000015 -1.00000000 0.00000004
vn 0.00000015 -1.00000000 0.00000004
vn 0.00000015 -1.00000000 0.00000004
vn 0.00000015 -1.00000000 0.00000004
vt 0.00000000 0.00000000
vt 0.00000000 0.00000000
vt 0.00000000 0.00000000
vt 0.00000000 0.00000000
vt 0.00000000 0.00000000
vt 0.00000000 0.00000000
vt 0.00000000 0.00000000
vt 0.00000000 0.00000000
vt 0.00000000 0.00000000
vt 0.00000000 0.00000000
vt 0.00000000 0.00000000
vt 0.00000000 0.00000000
vt 0.00000000 0.00000000
vt 0.00000000 0.00000000
vt 0.00000000 0.00000000
vt 0.00000000 0.00000000
vt 0.00000000 0.00000000
vt 0.00000000 0.00000000
vt 0.00000000 0.00000000
vt 0.00000000 0.00000000
vt 0.00000000 0.00000000
vt 0.00000000 0.00000000
vt 0.00000000 0.00000000
vt 0.00000000 0.00000000
vt 0.00000000 0.00000000
vt 0.00000000 0.00000000
vt 0.00000000 0.00000000
vt 0.00000000 0.00000000
vt 0.00000000 0.00000000
vt 0.00000000 0.00000000
vt 0.00000000 0.00000000
vt 0.00000000 0.00000000
vt 0.00000000 0.00000000
vt 0.00000000 0.00000000
vt 0.00000000 0.00000000
vt 0.00000000 0.00000000
vt 0.00000000 0.00000000
vt 0.00000000 0.00000000
vt 0.00000000 0.00000000
vt 0.00000000 0.00000000
vt 0.00000000 0.00000000
vt 0.00000000 0.00000000
vt 0.00000000 0.00000000
vt 0.00000000 0.00000000
vt 0.00000000 0.00000000
vt 0.00000000 0.00000000
vt 0.00000000 0.00000000
vt 0.00000000 0.00000000
vt 0.00000000 0.00000000
vt 0.00000000 0.00000000
vt 0.00000000 0.00000000
vt 0.00000000 0.00000000
vt 0.00000000 0.00000000
vt 0.00000000 0.00000000
vt 0.00000000 0.00000000
vt 0.00000000 0.00000000
vt 0.00000000 0.00000000
vt 0.00000000 0.00000000
vt 0.00000000 0.00000000
vt 0.00000000 0.00000000
vt 0.00000000 0.00000000
vt 0.00000000 0.00000000
vt 0.00000000 0.00000000
vt 0.00000000 0.00000000
vt 0.00000000 0.00000000
vt 0.00000000 0.00000000
vt 0.00000000 0.00000000
vt 0.00000000 0.00000000
vt 0.00000000 0.00000000
vt 0.00000000 0.00000000
vt 0.00000000 0.00000000
vt 0.00000000 0.00000000
vt 0.00000000 0.00000000
vt 0.00000000 0.00000000
vt 0.00000000 0.00000000
vt 0.00000000 0.00000000
vt 0.00000000 0.00000000
vt 0.00000000 0.00000000
vt 0.00000000 0.00000000
vt 0.00000000 0.00000000
vt 0.00000000 0.00000000
vt 0.00000000 0.00000000
vt 0.00000000 0.00000000
vt 0.00000000 0.00000000
vt 0.00000000 0.00000000
vt 0.00000000 0.00000000
vt 0.00000000 0.00000000
vt 0.00000000 0.00000000
vt 0.00000000 0.00000000
vt 0.00000000 0.00000000
vt 0.00000000 0.00000000
vt 0.00000000 0.00000000
vt 0.00000000 0.00000000
vt 0.00000000 0.00000000
vt 0.00000000 0.00000000
vt 0.00000000 0.00000000
vt 0.00000000 0.00000000
vt 0.00000000 0.00000000
vt 0.00000000 0.00000000
vt 0.00000000 0.00000000
vt 0.00000000 0.00000000
vt 0.00000000 0.00000000
vt 0.00000000 0.00000000
vt 0.00000000 0.00000000
vt 0.00000000 0.00000000
vt 0.00000000 0.00000000
vt 0.00000000 0.00000000
vt 0.00000000 0.00000000
vt 0.00000000 0.00000000
vt 0.00000000 0.00000000
vt 0.00000000 0.00000000
vt 0.00000000 0.00000000
vt 0.00000000 0.00000000
vt 0.00000000 0.00000000
vt 0.00000000 0.00000000
vt 0.00000000 0.00000000
vt 0.00000000 0.00000000
vt 0.00000000 0.00000000
vt 0.00000000 0.00000000
vt 0.00000000 0.00000000
vt 0.00000000 0.00000000
vt 0.00000000 0.00000000
vt 0.00000000 0.00000000
vt 0.00000000 0.00000000
vt 0.00000000 0.00000000
vt 0.00000000 0.00000000
vt 0.00000000 0.00000000
vt 0.00000000 0.00000000
vt 0.00000000 0.00000000
vt 0.00000000 0.00000000
vt 0.00000000 0.00000000
vt 0.00000000 0.00000000
vt 0.00000000 0.00000000
vt 0.00000000 0.00000000
vt 0.00000000 0.00000000
vt 0.00000000 0.00000000
vt 0.00000000 0.00000000
vt 0.00000000 0.00000000
vt 0.00000000 0.00000000
vt 0.00000000 0.00000000
vt 0.00000000 0.00000000
vt 0.00000000 0.00000000
vt 0.00000000 0.00000000
vt 0.00000000 0.00000000
vt 0.00000000 0.00000000
vt 0.00000000 0.00000000
vt 0.00000000 0.00000000
vt 0.00000000 0.00000000
vt 0.00000000 0.00000000
vt 0.00000000 0.00000000
vt 0.00000000 0.00000000
vt 0.00000000 0.00000000
vt 0.00000000 0.00000000
vt 0.00000000 0.00000000
vt 0.00000000 0.00000000
vt 0.00000000 0.00000000
vt 0.00000000 0.00000000
vt 0.00000000 0.00000000
vt 0.00000000 0.00000000
vt 0.00000000 0.00000000
vt 0.00000000 0.00000000
vt 0.00000000 0.00000000
vt 0.00000000 0.00000000
vt 0.00000000 0.00000000
vt 0.00000000 0.00000000
vt 0.00000000 0.00000000
vt 0.00000000 0.00000000
vt 0.00000000 0.00000000
vt 0.00000000 0.00000000
vt 0.00000000 0.00000000
vt 0.00000000 0.00000000
vt 0.00000000 0.00000000
vt 0.00000000 0.00000000
vt 0.00000000 0.00000000
vt 0.00000000 0.00000000
vt 0.00000000 0.00000000
vt 0.00000000 0.00000000
vt 0.00000000 0.00000000
vt 0.00000000 0.00000000
vt 0.00000000 0.00000000
vt 0.00000000 0.00000000
vt 0.00000000 0.00000000
vt 0.00000000 0.00000000
vt 0.00000000 0.00000000
vt 0.00000000 0.00000000
vt 0.00000000 0.00000000
vt 0.00000000 0.00000000
vt 0.00000000 0.00000000
vt 0.00000000 0.00000000
vt 0.00000000 0.00000000
vt 0.00000000 0.00000000
vt 0.00000000 0.00000000
f 2919/2919/2919 2920/2920/2920 2921/2921/2921
f 2922/2922/2922 2923/2923/2923 2924/2924/2924
f 2925/2925/2925 2926/2926/2926 2927/2927/2927
f 2928/2928/2928 2929/2929/2929 2930/2930/2930
f 2931/2931/2931 2932/2932/2932 2933/2933/2933
f 2934/2934/2934 2935/2935/2935 2936/2936/2936
f 2937/2937/2937 2938/2938/2938 2939/2939/2939
f 2940/2940/2940 2941/2941/2941 2942/2942/2942
f 2943/2943/2943 2944/2944/2944 2945/2945/2945
f 2946/2946/2946 2947/2947/2947 2948/2948/2948
f 2949/2949/2949 2950/2950/2950 2951/2951/2951
f 2952/2952/2952 2953/2953/2953 2954/2954/2954
f 2955/2955/2955 2956/2956/2956 2957/2957/2957
f 2958/2958/2958 2959/2959/2959 2960/2960/2960
f 2961/2961/2961 2962/2962/2962 2963/2963/2963
f 2964/2964/2964 2965/2965/2965 2966/2966/2966
f 2967/2967/2967 2968/2968/2968 2969/2969/2969
f 2970/2970/2970 2971/2971/2971 2972/2972/2972
f 2973/2973/2973 2974/2974/2974 2975/2975/2975
f 2976/2976/2976 2977/2977/2977 2978/2978/2978
f 2979/2979/2979 2980/2980/2980 2981/2981/2981
f 2982/2982/2982 2983/2983/2983 2984/2984/2984
f 2985/2985/2985 2986/2986/2986 2987/2987/2987
f 2988/2988/2988 2989/2989/2989 2990/2990/2990
f 2991/2991/2991 2992/2992/2992 2993/2993/2993
f 2994/2994/2994 2995/2995/2995 2996/2996/2996
f 2997/2997/2997 2998/2998/2998 2999/2999/2999
f 3000/3000/3000 3001/3001/3001 3002/3002/3002
f 3003/3003/3003 3004/3004/3004 3005/3005/3005
f 3006/3006/3006 3007/3007/3007 3008/3008/3008
f 3009/3009/3009 3010/3010/3010 3011/3011/3011
f 3012/3012/3012 3013/3013/3013 3014/3014/3014
f 3015/3015/3015 3016/3016/3016 3017/3017/3017
f 3018/3018/3018 3019/3019/3019 3020/3020/3020
f 2919/2919/2919 3021/3021/3021 2920/2920/2920
f 2922/2922/2922 3022/3022/3022 2923/2923/2923
f 2925/2925/2925 3023/3023/3023 2926/2926/2926
f 2928/2928/2928 3024/3024/3024 2929/2929/2929
f 2931/2931/2931 3025/3025/3025 2932/2932/2932
f 2934/2934/2934 3026/3026/3026 2935/2935/2935
f 2937/2937/2937 3027/3027/3027 2938/2938/2938
f 2940/2940/2940 3028/3028/3028 2941/2941/2941
f 2943/2943/2943 3029/3029/3029 2944/2944/2944
f 2946/2946/2946 3030/3030/3030 2947/2947/2947
f 2949/2949/2949 3031/3031/3031 2950/2950/2950
f 2952/2952/2952 3032/3032/3032 2953/2953/2953
f 2955/2955/2955 3033/3033/3033 2956/2956/2956
f 2958/2958/2958 3034/3034/3034 2959/2959/2959
f 2961/2961/2961 3035/3035/3035 2962/2962/2962
f 2964/2964/2964 3036/3036/3036 2965/2965/2965
f 2967/2967/2967 3037/3037/3037 2968/2968/2968
f 2970/2970/2970 3038/3038/3038 2971/2971/2971
f 2973/2973/2973 3039/3039/3039 2974/2974/2974
f 2976/2976/2976 3040/3040/3040 2977/2977/2977
f 2979/2979/2979 3041/3041/3041 2980/2980/2980
f 2982/2982/2982 3042/3042/3042 2983/2983/2983
f 2985/2985/2985 3043/3043/3043 2986/2986/2986
f 2988/2988/2988 3044/3044/3044 2989/2989/2989
f 2991/2991/2991 3045/3045/3045 2992/2992/2992
f 2994/2994/2994 3046/3046/3046 2995/2995/2995
f 2997/2997/2997 3047/3047/3047 2998/2998/2998
f 3000/3000/3000 3048/3048/3048 3001/3001/3001
f 3003/3003/3003 3049/3049/3049 3004/3004/3004
f 3006/3006/3006 3050/3050/3050 3007/3007/3007
f 3051/3051/3051 3052/3052/3052 3053/3053/3053
f 3053/3053/3053 3054/3054/3054 3051/3051/3051
f 3055/3055/3055 3011/3011/3011 3054/3054/3054
f 3056/3056/3056 3057/3057/3057 3058/3058/3058
f 3058/3058/3058 3059/3059/3059 3060/3060/3060
f 3061/3061/3061 3062/3062/3062 3060/3060/3060
f 3060/3060/3060 3063/3063/3063 3064/3064/3064
f 3064/3064/3064 3065/3065/3065 3009/3009/3009
f 3009/3009/3009 3066/3066/3066 3067/3067/3067
f 3067/3067/3067 3068/3068/3068 3069/3069/3069
f 3069/3069/3069 3070/3070/3070 3010/3010/3010
f 3071/3071/3071 3072/3072/3072 3010/3010/3010
f 3010/3010/3010 3073/3073/3073 3074/3074/3074
f 3074/3074/3074 3075/3075/3075 3076/3076/3076
f 3076/3076/3076 3077/3077/3077 3078/3078/3078
f 3078/3078/3078 3079/3079/3079 3051/3051/3051
f 3051/3051/3051 3054/3054/3054 3011/3011/3011
f 3011/3011/3011 3056/3056/3056 3058/3058/3058
f 3059/3059/3059 3061/3061/3061 3060/3060/3060
f 3060/3060/3060 3064/3064/3064 3058/3058/3058
f 3009/3009/3009 3067/3067/3067 3010/3010/3010
f 3070/3070/3070 3071/3071/3071 3010/3010/3010
f 3010/3010/3010 3074/3074/3074 3076/3076/3076
f 3076/3076/3076 3078/3078/3078 3051/3051/3051
f 3051/3051/3051 3011/3011/3011 3076/3076/3076
f 3058/3058/3058 3064/3064/3064 3009/3009/3009
f 3067/3067/3067 3069/3069/3069 3010/3010/3010
f 3010/3010/3010 3076/3076/3076 3011/3011/3011
f 3011/3011/3011 3058/3058/3058 3009/3009/3009
f 3012/3012/3012 3080/3080/3080 3013/3013/3013
f 3015/3015/3015 3081/3081/3081 3016/3016/3016
f 3082/3082/3082 3083/3083/3083 3084/3084/3084
f 3085/3085/3085 3086/3086/3086 3087/3087/3087
f 3087/3087/3087 3088/3088/3088 3089/3089/3089
f 3089/3089/3089 3020/3020/3020 3087/3087/3087
f 3090/3090/3090 3091/3091/3091 3092/3092/3092
f 3092/3092/3092 3093/3093/3093 3090/3090/3090
f 3094/3094/3094 3095/3095/3095 3096/3096/3096
f 3096/3096/3096 3097/3097/3097 3098/3098/3098
f 3098/3098/3098 3099/3099/3099 3100/3100/3100
f 3100/3100/3100 3101/3101/3101 3098/3098/3098
f 3102/3102/3102 3018/3018/3018 3101/3101/3101
f 3103/3103/3103 3104/3104/3104 3018/3018/3018
f 3105/3105/3105 3106/3106/3106 3107/3107/3107
f 3107/3107/3107 3108/3108/3108 3109/3109/3109
f 3109/3109/3109 3110/3110/3110 3019/3019/3019
f 3019/3019/3019 3084/3084/3084 3083/3083/3083
f 3083/3083/3083 3085/3085/3085 3087/3087/3087
f 3087/3087/3087 3020/3020/3020 3083/3083/3083
f 3090/3090/3090 3093/3093/3093 3096/3096/3096
f 3094/3094/3094 3096/3096/3096 3093/3093/3093
f 3098/3098/3098 3101/3101/3101 3018/3018/3018
f 3018/3018/3018 3104/3104/3104 3105/3105/3105
f 3105/3105/3105 3107/3107/3107 3109/3109/3109
f 3109/3109/3109 3019/3019/3019 3105/3105/3105
f 3083/3083/3083 3020/3020/3020 3019/3019/3019
f 3090/3090/3090 3096/3096/3096 3098/3098/3098
f 3098/3098/3098 3018/3018/3018 3020/3020/3020
f 3105/3105/3105 3019/3019/3019 3018/3018/3018
f 3020/3020/3020 3090/3090/3090 3098/3098/3098

o part_006
usemtl material_1
v -0.06844737 -0.00081279 0.17623704
v -0.06898915 0.00824751 0.17229132
v -0.06965432 -0.00081638 0.17258529
v -0.06467878 0.00799053 0.17819658
v -0.06532455 -0.00082937 0.17848198
v -0.06087650 0.00741213 0.17819658
v -0.06147869 -0.00085978 0.17846260
v -0.05782302 0.00679535 0.17594096
v -0.05837878 -0.00089241 0.17618636
v -0.05668469 0.00637578 0.17229132
v -0.05720886 -0.00091481 0.17252265
v -0.05789630 0.00631368 0.16864164
v -0.05841582 -0.00091840 0.16887090
v -0.06153862 -0.00090182 0.16662597
v -0.06538448 -0.00087140 0.16664534
v -0.06099505 0.00663276 0.16638601
v -0.06848440 -0.00083876 0.16892162
v -0.06479734 0.00721116 0.16638601
v -0.06785082 0.00782793 0.16864164
v -0.06777754 0.00830961 0.17594096
v -0.06711676 0.01622109 0.17145857
v -0.06287320 0.01568766 0.17739368
v -0.05922466 0.01447304 0.17746230
v -0.05633570 0.01317544 0.17528005
v -0.05530982 0.01229049 0.17168056
v -0.05653886 0.01215623 0.16803869
v -0.05955338 0.01282393 0.16574545
v -0.06320192 0.01403855 0.16567685
v -0.06609088 0.01533615 0.16785909
v -0.06588772 0.01635536 0.17510045
v -0.06401993 0.02316454 0.17006808
v -0.05990038 0.02235444 0.17605894
v -0.05654557 0.02048445 0.17625968
v -0.05397232 0.01848245 0.17421951
v -0.05316354 0.01711312 0.17071769
v -0.05442815 0.01689952 0.16709180
v -0.05728310 0.01792322 0.16472681
v -0.06063791 0.01979321 0.16452607
v -0.06321115 0.02179522 0.16656626
v -0.05847290 0.02934847 0.17175115
v -0.06275533 0.02337814 0.17369395
v -0.05583163 0.02802414 0.17421321
v -0.05287396 0.02559540 0.17459435
v -0.05072963 0.02298992 0.17274899
v -0.05021769 0.02120294 0.16938205
v -0.05417498 0.02224136 0.16331747
v -0.05713265 0.02467011 0.16293632
v -0.05927698 0.02727558 0.16478165
v -0.05978891 0.02906254 0.16814862
v -0.05322835 0.03432037 0.16934631
v -0.05080495 0.03278578 0.17190831
v -0.04825704 0.02996155 0.17247752
v -0.04655788 0.02692651 0.17083648
v -0.05153371 0.02091701 0.16577949
v -0.04635645 0.02483986 0.16761198
v -0.05015312 0.02603327 0.16147368
v -0.05270101 0.02885749 0.16090446
v -0.05440019 0.03189256 0.16254556
v -0.05460161 0.03397920 0.16577001
v -0.04718970 0.03848140 0.16654651
v -0.04494615 0.03682011 0.16919198
v -0.04274224 0.03375360 0.16992073
v -0.04141979 0.03045312 0.16845444
v -0.04772970 0.02449868 0.16403573
v -0.04148395 0.02817939 0.16535315
v -0.04515377 0.02946219 0.15915601
v -0.04735767 0.03252871 0.15842725
v -0.04868011 0.03582918 0.15989355
v -0.04861596 0.03810289 0.16299487
v -0.04044316 0.04208213 0.16338277
v -0.03832538 0.04035216 0.16608726
v -0.03636872 0.03715062 0.16693197
v -0.03532054 0.03370044 0.16559432
v -0.04291021 0.02780090 0.16180147
v -0.03558116 0.03131941 0.16258521
v -0.03916884 0.03264704 0.15634951
v -0.04112550 0.03584859 0.15550481
v -0.04217371 0.03929877 0.15684244
v -0.04191308 0.04167979 0.15985156
v -0.03301536 0.04536688 0.15985872
v -0.03097178 0.04360341 0.16259841
v -0.02916873 0.04033248 0.16351604
v -0.02829495 0.03680350 0.16226118
v -0.03705109 0.03091708 0.15905400
v -0.02868418 0.03436442 0.15931305
v -0.03223134 0.03571034 0.15305815
v -0.03403438 0.03898125 0.15214053
v -0.03490817 0.04251025 0.15339539
v -0.03451894 0.04494933 0.15634351
v -0.02491108 0.04855382 0.15596762
v -0.02289887 0.04677778 0.15872235
v -0.02117137 0.04347662 0.15967625
v -0.02038846 0.03991124 0.15846499
v -0.03018776 0.03394687 0.15579785
v -0.02084917 0.03744353 0.15555124
v -0.02438977 0.03879210 0.14929318
v -0.02611725 0.04209326 0.14833927
v -0.02690018 0.04565863 0.14955052
v -0.02643946 0.04812634 0.15246431
v -0.01613305 0.05183992 0.15170126
v -0.01411860 0.05006472 0.15445492
v -0.01240509 0.04675825 0.15541560
v -0.01164700 0.04318345 0.15421644
v -0.02237754 0.03701605 0.15204792
v -0.01213389 0.04070578 0.15131541
v -0.01569424 0.04204685 0.14506696
v -0.01740777 0.04535332 0.14410623
v -0.01816586 0.04892812 0.14530544
v -0.01767894 0.05140579 0.14820648
v -0.00668801 0.05540931 0.14705308
v -0.00464562 0.05364480 0.14979298
v -0.00289861 0.05035113 0.15073723
v -0.00211425 0.04678637 0.14952514
v -0.01367981 0.04027165 0.14782060
v -0.00259220 0.04431213 0.14661965
v -0.00619225 0.04563801 0.14039077
v -0.00793926 0.04893168 0.13944652
v -0.00872359 0.05249644 0.14065861
v -0.00824566 0.05497068 0.14356409
v 0.00185650 0.05900192 0.13853060
v 0.00351621 0.05948096 0.14196684
v 0.00566137 0.05775716 0.14465357
v 0.00825801 0.05092459 0.14435195
v 0.00771770 0.04842563 0.14147872
v 0.00605799 0.04794659 0.13804254
v -0.00414986 0.04387350 0.14313066
v 0.00391286 0.04967041 0.13535575
v 0.00210163 0.05293865 0.13444473
v 0.00131619 0.05650296 0.13565740
v 0.00411880 0.05992746 0.13721739
v 0.00605896 0.06051979 0.14048490
v 0.00747257 0.05448889 0.14556462
v 0.00842379 0.05888474 0.14303953
v 0.01099725 0.05204280 0.14275185
v 0.01022286 0.04944931 0.14001944
v 0.00828272 0.04885693 0.13675194
v 0.00591786 0.05049200 0.13419731
v 0.00403160 0.05372991 0.13333142
v 0.00334443 0.05733395 0.13448499
v 0.00850701 0.06149714 0.13862740
v 0.01031005 0.05564683 0.14390542
v 0.01113334 0.05996668 0.14098365
v 0.01309552 0.05675912 0.14179198
v 0.01364401 0.05309964 0.14074360
v 0.01256933 0.05038598 0.13823898
v 0.00765563 0.05118516 0.13287851
v 0.00569347 0.05439273 0.13207021
v 0.00514496 0.05805223 0.13311859
v 0.00621963 0.06076587 0.13562321
v 0.01075143 0.06237646 0.13645931
v 0.01361543 0.06093935 0.13858633
v 0.01565167 0.05776087 0.13932315
v 0.01608238 0.05405511 0.13838843
v 0.01028199 0.04965474 0.13523479
v 0.01474304 0.05123754 0.13613913
v 0.01214523 0.05038438 0.13343442
v 0.00724501 0.05499997 0.13057054
v 0.00681430 0.05870573 0.13150531
v 0.00815364 0.06152330 0.13375461
v 0.01278076 0.06316200 0.13399446
v 0.01585218 0.06180536 0.13587010
v 0.01795738 0.05865366 0.13652336
v 0.01829228 0.05491071 0.13570474
v 0.01672894 0.05200622 0.13372693
v 0.00928125 0.05182149 0.13130742
v 0.01386453 0.05104958 0.13134534
v 0.00868793 0.05555793 0.12881647
v 0.00835301 0.05930087 0.12963509
v 0.00991635 0.06220536 0.13161291
v 0.01458660 0.06385895 0.13124565
v 0.01783201 0.06256967 0.13285718
v 0.01999863 0.05944174 0.13341722
v 0.02025888 0.05566990 0.13271192
v 0.01851336 0.05269489 0.13101062
v 0.01079311 0.05240622 0.12946971
v 0.01542879 0.05165306 0.12896318
v 0.01001678 0.05607030 0.12679158
v 0.00975654 0.05984212 0.12749691
v 0.01150205 0.06281712 0.12919821
v 0.01616277 0.06447320 0.12822364
v 0.01954859 0.06323879 0.12956694
v 0.02176756 0.06013130 0.13002698
v 0.02197211 0.05633771 0.12942805
v 0.02008412 0.05330701 0.12799892
v 0.01218338 0.05294237 0.12735165
v 0.01682475 0.05219688 0.12628546
v 0.01343895 0.05343129 0.12494216
v 0.01101541 0.06033236 0.12508105
v 0.01290339 0.06336304 0.12651017
v 0.01750434 0.06501079 0.12493690
v 0.02099895 0.06382010 0.12601485
v 0.02326062 0.06072977 0.12637073
v 0.02342549 0.05692021 0.12586862
v 0.02143058 0.05384658 0.12470032
v 0.01803788 0.05268285 0.12331208
v 0.01121998 0.05653877 0.12448211
v 0.01454327 0.05387355 0.12223413
v 0.01211676 0.06077344 0.12238034
v 0.01411167 0.06384707 0.12354864
v 0.01860673 0.06547777 0.12139182
v 0.02218181 0.06432123 0.12221234
v 0.02447660 0.06124499 0.12246220
v 0.02461459 0.05742404 0.12204602
v 0.02254310 0.05431788 0.12112273
v 0.01905332 0.05311292 0.12004501
v 0.01228160 0.05696389 0.12187826
v 0.01547826 0.05426947 0.11922449
v 0.01304545 0.06116665 0.11939081
v 0.01511695 0.06427282 0.12031410
v 0.01946495 0.06587988 0.11759313
v 0.02309600 0.06474963 0.11816742
v 0.02541492 0.06168469 0.11831126
v 0.02553595 0.05785577 0.11796973
v 0.02341287 0.05472537 0.11727326
v 0.01985659 0.05348923 0.11648787
v 0.01318345 0.05734571 0.11897461
v 0.01622553 0.05461948 0.11591360
v 0.01378558 0.06151334 0.11611129
v 0.01590867 0.06464371 0.11680776
v 0.02007343 0.06622253 0.11354444
v 0.02373987 0.06511219 0.11388551
v 0.02607469 0.06205621 0.11392460
v 0.02618604 0.05822186 0.11364680
v 0.02403144 0.05507371 0.11315819
v 0.02043381 0.05381427 0.11264543
v 0.01390662 0.05768442 0.11576976
v 0.01676737 0.05492460 0.11230436
v 0.01432119 0.06181494 0.11254309
v 0.01647582 0.06496309 0.11303167
v 0.02042588 0.06651087 0.10924869
v 0.02411061 0.06541541 0.10937028
v 0.02645396 0.06236638 0.10930683
v 0.02656085 0.05852838 0.10908260
v 0.02439047 0.05536741 0.10878323
v 0.02077183 0.05409085 0.10852309
v 0.01443257 0.05798058 0.11226527
v 0.01708710 0.05518630 0.10840150
v 0.01463687 0.06207333 0.10868918
v 0.01680724 0.06523429 0.10898855
v 0.02051528 0.06674978 0.10470661
v 0.02420428 0.06566533 0.10462112
v 0.02654967 0.06262159 0.10445784
v 0.02665564 0.05878117 0.10427918
v 0.02448170 0.05561099 0.10415338
v 0.02085822 0.05432194 0.10412846
v 0.01474375 0.05823532 0.10846495
v 0.01716922 0.05540642 0.10421395
v 0.01471787 0.06229055 0.10455589
v 0.01689180 0.06546075 0.10468169
v -0.06844737 0.00081277 0.17623704
v -0.06898914 -0.00824753 0.17229132
v -0.06777754 -0.00830963 0.17594096
v -0.06467878 -0.00799055 0.17819658
v -0.06532455 0.00082935 0.17848198
v -0.06087650 -0.00741215 0.17819658
v -0.06147869 0.00085976 0.17846260
v -0.05782302 -0.00679537 0.17594096
v -0.05837878 0.00089240 0.17618636
v -0.05668469 -0.00637580 0.17229132
v -0.05720886 0.00091479 0.17252265
v -0.05789630 -0.00631369 0.16864164
v -0.05841582 0.00091838 0.16887090
v -0.06153862 0.00090180 0.16662597
v -0.06099505 -0.00663278 0.16638601
v -0.06538448 0.00087138 0.16664534
v -0.06479734 -0.00721118 0.16638601
v -0.06848440 0.00083874 0.16892162
v -0.06785081 -0.00782795 0.16864164
v -0.06965432 0.00081636 0.17258529
v -0.06711676 -0.01622111 0.17145857
v -0.06588772 -0.01635537 0.17510045
v -0.06287320 -0.01568768 0.17739368
v -0.05922465 -0.01447305 0.17746230
v -0.05633569 -0.01317545 0.17528005
v -0.05530981 -0.01229051 0.17168056
v -0.05653885 -0.01215625 0.16803869
v -0.05955337 -0.01282395 0.16574545
v -0.06320192 -0.01403857 0.16567685
v -0.06609087 -0.01533617 0.16785909
v -0.06401992 -0.02316456 0.17006808
v -0.06275532 -0.02337816 0.17369395
v -0.05990037 -0.02235446 0.17605894
v -0.05654556 -0.02048447 0.17625968
v -0.05397232 -0.01848246 0.17421951
v -0.05316354 -0.01711314 0.17071769
v -0.05442814 -0.01689954 0.16709180
v -0.05728310 -0.01792324 0.16472681
v -0.06063790 -0.01979323 0.16452607
v -0.06321114 -0.02179524 0.16656626
v -0.05847290 -0.02934849 0.17175115
v -0.05583162 -0.02802416 0.17421321
v -0.05287395 -0.02559541 0.17459435
v -0.05072963 -0.02298994 0.17274899
v -0.05021769 -0.02120295 0.16938205
v -0.05153370 -0.02091703 0.16577949
v -0.05417498 -0.02224137 0.16331747
v -0.05713264 -0.02467013 0.16293632
v -0.05927697 -0.02727560 0.16478165
v -0.05978890 -0.02906256 0.16814862
v -0.05322834 -0.03432039 0.16934631
v -0.05080494 -0.03278579 0.17190831
v -0.04825703 -0.02996157 0.17247752
v -0.04655787 -0.02692652 0.17083648
v -0.04635645 -0.02483987 0.16761198
v -0.04772970 -0.02449869 0.16403573
v -0.05015311 -0.02603328 0.16147368
v -0.05270100 -0.02885751 0.16090446
v -0.05440018 -0.03189258 0.16254556
v -0.05460160 -0.03397921 0.16577001
v -0.04718969 -0.03848141 0.16654651
v -0.04494613 -0.03682012 0.16919198
v -0.04274223 -0.03375361 0.16992073
v -0.04141978 -0.03045313 0.16845444
v -0.04148394 -0.02817940 0.16535315
v -0.04291020 -0.02780092 0.16180147
v -0.04515376 -0.02946220 0.15915601
v -0.04735766 -0.03252872 0.15842725
v -0.04868010 -0.03582920 0.15989355
v -0.04861594 -0.03810290 0.16299487
v -0.04044315 -0.04208214 0.16338277
v -0.03832537 -0.04035217 0.16608726
v -0.03636871 -0.03715063 0.16693197
v -0.03532053 -0.03370045 0.16559432
v -0.03558115 -0.03131942 0.16258521
v -0.03705108 -0.03091709 0.15905400
v -0.03916883 -0.03264706 0.15634951
v -0.04112549 -0.03584860 0.15550481
v -0.04217370 -0.03929879 0.15684244
v -0.04191307 -0.04167980 0.15985156
v -0.03301535 -0.04536689 0.15985872
v -0.03097177 -0.04360342 0.16259841
v -0.02916872 -0.04033249 0.16351604
v -0.02829494 -0.03680351 0.16226118
v -0.02868417 -0.03436442 0.15931305
v -0.03018775 -0.03394688 0.15579785
v -0.03223133 -0.03571035 0.15305815
v -0.03403437 -0.03898126 0.15214053
v -0.03490816 -0.04251026 0.15339539
v -0.03451893 -0.04494934 0.15634351
v -0.02491107 -0.04855383 0.15596762
v -0.02289886 -0.04677779 0.15872235
v -0.02117136 -0.04347662 0.15967625
v -0.02038845 -0.03991125 0.15846499
v -0.02084916 -0.03744354 0.15555124
v -0.02237753 -0.03701606 0.15204792
v -0.02438976 -0.03879210 0.14929318
v -0.02611724 -0.04209326 0.14833927
v -0.02690017 -0.04565864 0.14955052
v -0.02643944 -0.04812635 0.15246431
v -0.01613304 -0.05183993 0.15170126
v -0.01411859 -0.05006472 0.15445492
v -0.01240508 -0.04675825 0.15541560
v -0.01164699 -0.04318345 0.15421644
v -0.01213388 -0.04070579 0.15131541
v -0.01367980 -0.04027165 0.14782060
v -0.01569423 -0.04204686 0.14506696
v -0.01740776 -0.04535333 0.14410623
v -0.01816585 -0.04892812 0.14530544
v -0.01767893 -0.05140579 0.14820648
v -0.00668799 -0.05540931 0.14705308
v -0.00464561 -0.05364480 0.14979298
v -0.00289859 -0.05035113 0.15073723
v -0.00211424 -0.04678637 0.14952514
v -0.00259219 -0.04431213 0.14661965
v -0.00414985 -0.04387350 0.14313066
v -0.00619224 -0.04563801 0.14039077
v -0.00793925 -0.04893168 0.13944652
v -0.00872357 -0.05249644 0.14065861
v -0.00824565 -0.05497068 0.14356409
v 0.00185652 -0.05900191 0.13853060
v 0.00351623 -0.05948096 0.14196684
v 0.00566138 -0.05775716 0.14465357
v 0.00747259 -0.05448889 0.14556462
v 0.00825803 -0.05092458 0.14435195
v 0.00771772 -0.04842563 0.14147872
v 0.00605801 -0.04794659 0.13804254
v 0.00391288 -0.04967041 0.13535575
v 0.00210165 -0.05293865 0.13444473
v 0.00131621 -0.05650296 0.13565740
v 0.00411882 -0.05992746 0.13721739
v 0.00605897 -0.06051979 0.14048490
v 0.00842381 -0.05888474 0.14303953
v 0.01031007 -0.05564683 0.14390542
v 0.01099727 -0.05204279 0.14275185
v 0.01022287 -0.04944930 0.14001944
v 0.00828274 -0.04885692 0.13675194
v 0.00591788 -0.05049200 0.13419731
v 0.00403162 -0.05372991 0.13333142
v 0.00334445 -0.05733394 0.13448499
v 0.00850703 -0.06149713 0.13862740
v 0.01113336 -0.05996668 0.14098365
v 0.01309553 -0.05675912 0.14179198
v 0.01364402 -0.05309964 0.14074360
v 0.01256935 -0.05038598 0.13823898
v 0.01028200 -0.04965474 0.13523479
v 0.00765564 -0.05118516 0.13287851
v 0.00569349 -0.05439273 0.13207021
v 0.00514498 -0.05805223 0.13311859
v 0.00621965 -0.06076587 0.13562321
v 0.01075144 -0.06237645 0.13645931
v 0.01361545 -0.06093935 0.13858633
v 0.01565169 -0.05776087 0.13932315
v 0.01608240 -0.05405511 0.13838843
v 0.01474305 -0.05123754 0.13613913
v 0.01214524 -0.05038438 0.13343442
v 0.00928127 -0.05182148 0.13130742
v 0.00724503 -0.05499997 0.13057054
v 0.00681432 -0.05870572 0.13150531
v 0.00815366 -0.06152330 0.13375461
v 0.01278078 -0.06316200 0.13399446
v 0.01585220 -0.06180536 0.13587010
v 0.01795740 -0.05865365 0.13652336
v 0.01829230 -0.05491071 0.13570474
v 0.01672895 -0.05200622 0.13372693
v 0.01386455 -0.05104958 0.13134534
v 0.01079312 -0.05240622 0.12946971
v 0.00868795 -0.05555793 0.12881647
v 0.00835303 -0.05930087 0.12963509
v 0.00991637 -0.06220536 0.13161291
v 0.01458661 -0.06385895 0.13124565
v 0.01783203 -0.06256967 0.13285718
v 0.01999864 -0.05944174 0.13341722
v 0.02025889 -0.05566989 0.13271192
v 0.01851338 -0.05269488 0.13101062
v 0.01542880 -0.05165306 0.12896318
v 0.01218339 -0.05294236 0.12735165
v 0.01001680 -0.05607030 0.12679158
v 0.00975656 -0.05984212 0.12749691
v 0.01150206 -0.06281712 0.12919821
v 0.01616279 -0.06447320 0.12822364
v 0.01954861 -0.06323878 0.12956694
v 0.02176758 -0.06013129 0.13002698
v 0.02197212 -0.05633770 0.12942805
v 0.02008414 -0.05330700 0.12799892
v 0.01682476 -0.05219687 0.12628546
v 0.01343897 -0.05343129 0.12494216
v 0.01122000 -0.05653877 0.12448211
v 0.01101543 -0.06033236 0.12508105
v 0.01290341 -0.06336304 0.12651017
v 0.01750436 -0.06501079 0.12493690
v 0.02099897 -0.06382009 0.12601485
v 0.02326064 -0.06072977 0.12637073
v 0.02342551 -0.05692020 0.12586862
v 0.02143059 -0.05384658 0.12470032
v 0.01803789 -0.05268285 0.12331208
v 0.01454328 -0.05387355 0.12223413
v 0.01228162 -0.05696389 0.12187826
v 0.01211677 -0.06077343 0.12238034
v 0.01411169 -0.06384706 0.12354864
v 0.01860675 -0.06547776 0.12139182
v 0.02218183 -0.06432123 0.12221234
v 0.02447662 -0.06124499 0.12246220
v 0.02461461 -0.05742403 0.12204602
v 0.02254312 -0.05431787 0.12112273
v 0.01905333 -0.05311292 0.12004501
v 0.01547828 -0.05426946 0.11922449
v 0.01318347 -0.05734570 0.11897461
v 0.01304547 -0.06116665 0.11939081
v 0.01511697 -0.06427282 0.12031410
v 0.01946497 -0.06587988 0.11759313
v 0.02309602 -0.06474962 0.11816742
v 0.02541494 -0.06168468 0.11831126
v 0.02553597 -0.05785576 0.11796973
v 0.02341289 -0.05472536 0.11727326
v 0.01985661 -0.05348922 0.11648787
v 0.01622555 -0.05461947 0.11591360
v 0.01390663 -0.05768441 0.11576976
v 0.01378560 -0.06151334 0.11611129
v 0.01590869 -0.06464371 0.11680776
v 0.02007345 -0.06622252 0.11354444
v 0.02373989 -0.06511219 0.11388551
v 0.02607471 -0.06205621 0.11392460
v 0.02618606 -0.05822185 0.11364680
v 0.02403145 -0.05507370 0.11315819
v 0.02043382 -0.05381426 0.11264543
v 0.01676738 -0.05492460 0.11230436
v 0.01443259 -0.05798058 0.11226527
v 0.01432121 -0.06181494 0.11254309
v 0.01647584 -0.06496309 0.11303167
v 0.02042590 -0.06651086 0.10924869
v 0.02411063 -0.06541541 0.10937028
v 0.02645398 -0.06236637 0.10930683
v 0.02656086 -0.05852838 0.10908260
v 0.02439048 -0.05536740 0.10878323
v 0.02077185 -0.05409084 0.10852309
v 0.01708712 -0.05518630 0.10840150
v 0.01474377 -0.05823531 0.10846495
v 0.01463688 -0.06207333 0.10868918
v 0.01680726 -0.06523428 0.10898855
v 0.02051530 -0.06674977 0.10470661
v 0.02420430 -0.06566532 0.10462112
v 0.02654969 -0.06262158 0.10445784
v 0.02665566 -0.05878116 0.10427918
v 0.02448172 -0.05561098 0.10415338
v 0.02085823 -0.05432193 0.10412846
v 0.01716924 -0.05540641 0.10421395
v 0.01482383 -0.05845015 0.10437720
v 0.01471789 -0.06229055 0.10455589
v 0.01689182 -0.06546075 0.10468169
v 0.01482381 0.05845015 0.10437720
vn -0.80528479 0.07810967 0.58772042
vn -0.98842480 0.15156750 0.00661149
vn -0.99724664 0.07343337 0.01032837
vn -0.30756206 0.11106299 0.94502412
vn -0.31335012 0.05355064 0.94812659
vn 0.29938372 0.01894796 0.95394463
vn 0.30074388 0.00881346 0.95366422
vn 0.79727576 -0.08055971 0.59821526
vn 0.80417614 -0.03909179 0.59310418
vn 0.98882519 -0.14892213 0.00685163
vn 0.99742854 -0.07166427 0.00073218
vn 0.79193059 -0.15906055 -0.58953005
vn 0.80181036 -0.07638650 -0.59267634
vn 0.29361924 -0.05147763 -0.95453538
vn -0.32691367 -0.00649132 -0.94503191
vn 0.28405538 -0.10694829 -0.95282454
vn -0.81802563 0.04123372 -0.57370189
vn -0.33063717 -0.01332644 -0.94366385
vn -0.81380459 0.08527248 -0.57484841
vn -0.79587069 0.16133493 0.58357594
vn -0.94820633 0.31749595 -0.01005326
vn -0.27979033 0.23421532 0.93105347
vn 0.30182091 0.04178884 0.95244834
vn 0.77428435 -0.16812100 0.61009760
vn 0.94910504 -0.31387221 0.02615069
vn 0.74894846 -0.33615945 -0.57102804
vn 0.25297228 -0.22573400 -0.94077053
vn -0.33731471 -0.02798560 -0.94097587
vn -0.79272776 0.17891393 -0.58272849
vn -0.75324312 0.33835134 0.56404181
vn -0.87182862 0.48783582 -0.04394399
vn -0.22308836 0.36186424 0.90514411
vn 0.31193252 0.06649896 0.94777423
vn 0.73352020 -0.25758087 0.62896758
vn 0.87268527 -0.48443974 0.06114380
vn 0.66644780 -0.52027732 -0.53400266
vn 0.19668228 -0.34975094 -0.91596417
vn -0.34571305 -0.04446336 -0.93728624
vn -0.75052974 0.27427342 -0.60123140
vn -0.56010311 0.67719530 0.47716982
vn -0.67142541 0.52080849 0.52720625
vn -0.14383591 0.47112661 0.87025913
vn 0.32901193 0.08711004 0.94029941
vn 0.68031023 -0.33446702 0.65215780
vn 0.76911507 -0.63002190 0.10739842
vn 0.12184014 -0.45775988 -0.88068773
vn -0.35530266 -0.06142640 -0.93273084
vn -0.69283349 0.35379204 -0.62834142
vn -0.76873053 0.63301062 -0.09138342
vn -0.44402648 0.78890285 0.42482088
vn -0.06009353 0.54852466 0.83397210
vn 0.34838363 0.10043648 0.93195567
vn 0.62629443 -0.38997145 0.67503893
vn 0.55457618 -0.67794720 -0.48252757
vn 0.66253505 -0.73290094 0.15460763
vn 0.04437690 -0.53643059 -0.84277691
vn -0.36569702 -0.07690376 -0.92755135
vn -0.63372255 0.40786821 -0.65729693
vn -0.66217895 0.73582558 -0.14170307
vn -0.34535693 0.85807707 0.38004253
vn 0.01176216 0.59584758 0.80301140
vn 0.36571708 0.10747512 0.92449993
vn 0.58146604 -0.42489321 0.69380329
vn 0.43920874 -0.78961199 -0.42849573
vn 0.57332203 -0.79599102 0.19416526
vn -0.02171524 -0.58650227 -0.80965643
vn -0.37592900 -0.08932588 -0.92233306
vn -0.58512525 0.43896222 -0.68186554
vn -0.57260851 0.79870159 -0.18491963
vn -0.27336035 0.89709113 0.34713345
vn 0.06493363 0.62220158 0.78015948
vn 0.37938934 0.11071463 0.91858913
vn 0.54983871 -0.44495877 0.70688690
vn 0.34214775 -0.85831726 -0.38239560
vn 0.50916618 -0.83135824 0.22269548
vn -0.07064664 -0.61596497 -0.78459939
vn -0.38499037 -0.09850042 -0.91764921
vn -0.55137885 0.45465874 -0.69947609
vn -0.50827372 0.83350721 -0.21661848
vn -0.22750676 0.91756747 0.32605309
vn 0.09978157 0.63590741 0.76528779
vn 0.38954290 0.11206677 0.91416485
vn 0.53106326 -0.45563158 0.71440302
vn 0.27165956 -0.89710313 -0.34843515
vn 0.46918040 -0.84974341 0.24042854
vn -0.10263504 -0.63247350 -0.76775212
vn -0.39233520 -0.10506575 -0.91380210
vn -0.53162049 0.46141667 -0.71026355
vn -0.46840403 0.85119981 -0.23676266
vn -0.20354707 0.92698435 0.31506921
vn 0.11933317 0.64220315 0.75718868
vn 0.39687414 0.11254374 0.91094721
vn 0.52311564 -0.46049645 0.71714228
vn 0.22685788 -0.91757359 -0.32648768
vn 0.44940805 -0.85793076 0.24897230
vn -0.12025122 -0.64105994 -0.75801174
vn -0.39790560 -0.10975338 -0.91083771
vn -0.52327344 0.46308358 -0.71535900
vn -0.44890818 0.85873949 -0.24707880
vn -0.19687043 0.92938728 0.31221997
vn 0.12683516 0.64388741 0.75453419
vn 0.40203919 0.11263078 0.90866869
vn 0.52376992 -0.46153582 0.71599564
vn 0.20357577 -0.92707144 -0.31479429
vn 0.44561982 -0.85958402 0.25007658
vn -0.12636216 -0.64454383 -0.75405296
vn -0.40186102 -0.11313440 -0.90868494
vn -0.52376815 0.46160375 -0.71595315
vn -0.44543294 0.85984606 -0.24950799
vn -0.20355327 0.92672835 0.31581740
vn 0.12508134 0.64229788 0.75617993
vn 0.40564674 0.11255302 0.90707362
vn 0.53115271 -0.45969170 0.71173052
vn 0.19734605 -0.92956872 -0.31137843
vn 0.45419471 -0.85646813 0.24529472
vn -0.12343511 -0.64429850 -0.75474712
vn -0.40433321 -0.11554153 -0.90728430
vn -0.53091736 0.45784702 -0.71309387
vn -0.45429056 0.85628798 -0.24574577
vn -0.46923521 0.85198440 -0.23225181
vn -0.20093694 0.92581594 0.32013934
vn 0.14346673 0.64733907 0.74857827
vn 0.55818163 -0.44526830 0.70012099
vn 0.47264642 -0.84749475 0.24157402
vn 0.20748401 -0.92754583 -0.31082007
vn 0.20432772 -0.92699416 -0.31453459
vn -0.13721843 -0.65180768 -0.74586718
vn -0.42978852 -0.12448240 -0.89430753
vn -0.55704533 0.45091205 -0.69740864
vn -0.48603995 0.84691925 -0.21562226
vn -0.17217105 0.93563947 0.30811673
vn 0.43267962 0.12459060 0.89289727
vn 0.20543901 0.67083382 0.71258459
vn 0.61548864 -0.41845919 0.66788145
vn 0.49471838 -0.83683555 0.23443545
vn 0.18533185 -0.93853274 -0.29121884
vn -0.19681381 -0.67812494 -0.70810373
vn -0.50370543 -0.15221051 -0.85036039
vn -0.61416277 0.43240395 -0.66017492
vn -0.13548295 0.95025477 0.28046433
vn 0.50495225 0.15545192 0.84903353
vn 0.28303955 0.70165624 0.65388618
vn 0.59431724 0.19100960 0.78121851
vn 0.68337776 -0.39136700 0.61630083
vn 0.51535634 -0.82860761 0.21867162
vn -0.27571171 -0.70960293 -0.64841864
vn -0.59521455 -0.18923859 -0.78096632
vn -0.68230712 0.40465508 -0.60886063
vn -0.50488350 0.83932124 -0.20157507
vn -0.10423416 0.96262116 0.24999151
vn 0.35210870 0.72875140 0.58731666
vn 0.67508047 0.22244904 0.70340797
vn 0.74547235 -0.36732543 0.55618612
vn 0.14984862 -0.95265271 -0.26457175
vn 0.53527743 -0.82090978 0.19896033
vn 0.11982295 -0.96434523 -0.23596768
vn -0.67591093 -0.22121618 -0.70299916
vn -0.74380420 0.38015000 -0.54976476
vn -0.52347867 0.83190467 -0.18413229
vn -0.07896446 0.97257952 0.21875485
vn 0.41051836 0.75148903 0.51646773
vn 0.74447617 0.24910925 0.61943508
vn 0.79961298 -0.34674210 0.49029481
vn 0.55359219 -0.81397528 0.17601116
vn -0.34428781 -0.73655955 -0.58219063
vn 0.09526314 -0.97372422 -0.20684797
vn -0.74516215 -0.24837344 -0.61890549
vn -0.79752644 0.35885800 -0.48494588
vn -0.54103082 0.82493075 -0.16363042
vn -0.05945311 0.98032663 0.18821535
vn 0.45796637 0.77000420 0.44425256
vn 0.80180483 0.27103362 0.53258782
vn 0.84497754 -0.32965666 0.42111690
vn 0.56968346 -0.80795237 0.15057796
vn -0.40236663 -0.75900439 -0.51187247
vn 0.07594770 -0.98100451 -0.17849958
vn -0.80228486 -0.27075538 -0.53200614
vn -0.84265221 0.34090369 -0.41679963
vn -0.55688232 0.81860252 -0.14061292
vn -0.04508450 0.98616519 0.15951682
vn 0.49501531 0.78468626 0.37313176
vn 0.84736373 0.28859499 0.44574393
vn 0.88152777 -0.31585993 0.35091494
vn 0.58320591 -0.80288703 0.12346374
vn -0.44964352 -0.77713003 -0.44032898
vn 0.06134654 -0.98649191 -0.15188913
vn -0.48668641 -0.79138436 -0.36992855
vn -0.87911489 0.32615072 -0.34753807
vn -0.57059520 0.81303636 -0.11572808
vn -0.03503514 0.99044261 0.13340156
vn 0.52275855 0.79606521 0.30496504
vn 0.88212131 0.30235668 0.36116816
vn 0.90979971 -0.30497879 0.28151807
vn 0.59406810 -0.79873625 0.09541223
vn 0.05074798 -0.99051841 -0.12766328
vn -0.84761785 -0.28872730 -0.44517472
vn -0.51455150 -0.80233193 -0.30249005
vn -0.90741554 0.31429033 -0.27895991
vn -0.58194982 0.80827083 -0.08962516
vn -0.02842596 0.99349665 0.11025594
vn 0.54256300 0.80472013 0.24093755
vn 0.90744241 0.31292945 0.28039870
vn 0.93066936 -0.29656274 0.21425470
vn 0.60234609 -0.79541485 0.06704029
vn 0.04337647 -0.99340342 -0.10615146
vn -0.88217126 -0.30281884 -0.36065858
vn -0.53458340 -0.81057679 -0.23913566
vn -0.92839695 0.30492041 -0.21237383
vn -0.59091664 0.80427788 -0.06288575
vn -0.02444485 0.99562729 0.09015961
vn 0.55582719 0.81120466 0.18166763
vn 0.92479641 0.32092412 0.20435092
vn 0.94515024 -0.29017037 0.14997395
vn 0.60822570 -0.79281512 0.03880305
vn 0.03851837 -0.99542538 -0.08743371
vn -0.90731475 -0.31368071 -0.27997205
vn -0.54815139 -0.81667681 -0.18046894
vn -0.94303949 0.29763301 -0.14863079
vn -0.59758693 0.80099603 -0.03598913
vn -0.02238828 0.99707891 0.07302336
vn 0.56385477 0.81599410 0.12736332
vn 0.93559909 0.32687914 0.13343305
vn 0.95425584 -0.28539871 0.08912553
vn 0.61195113 -0.79081864 0.01103158
vn 0.03554288 -0.99681190 -0.07143346
vn -0.92452775 -0.32191366 -0.20400987
vn -0.55652572 -0.82111410 -0.12669158
vn -0.95233096 0.29203487 -0.08821214
vn -0.60213123 0.79834306 -0.00929242
vn -0.02168266 0.99804425 0.05863055
vn 0.56777558 0.81948581 0.07793521
vn 0.94111073 0.33124965 0.06770719
vn 0.95891486 -0.28189580 0.03189124
vn 0.61377070 -0.78932121 -0.01604846
vn 0.03392353 -0.99774230 -0.05796118
vn -0.93521935 -0.32806799 -0.13317717
vn -0.56080806 -0.82428979 -0.07772173
vn -0.95718056 0.28779309 -0.03131301
vn -0.60475961 0.79622779 0.01694463
vn -0.02172712 0.99840607 0.05208880
vn 0.56863435 0.82078974 0.05439824
vn 0.94225702 0.33293756 0.03611506
vn 0.95987612 -0.28039321 0.00418218
vn 0.61408909 -0.78868929 -0.02939027
vn 0.03327291 -0.99810190 -0.05182200
vn -0.94064521 -0.33260114 -0.06755047
vn -0.56197671 -0.82536233 -0.05439850
vn -0.95828679 0.28578368 -0.00375753
vn -0.60567251 0.79515119 0.02992319
vn -0.80528477 -0.07810991 0.58772042
vn -0.98842475 -0.15156780 0.00661149
vn -0.79587064 -0.16133517 0.58357594
vn -0.30756203 -0.11106308 0.94502412
vn -0.31335011 -0.05355073 0.94812659
vn 0.29938372 -0.01894787 0.95394463
vn 0.30074392 -0.00881337 0.95366421
vn 0.79727573 0.08055995 0.59821526
vn 0.80417613 0.03909203 0.59310418
vn 0.98882515 0.14892242 0.00685163
vn 0.99742852 0.07166456 0.00073218
vn 0.79193054 0.15906079 -0.58953005
vn 0.80181034 0.07638672 -0.59267634
vn 0.29361926 0.05147772 -0.95453537
vn 0.28405534 0.10694837 -0.95282454
vn -0.32691371 0.00649122 -0.94503190
vn -0.33063717 0.01332634 -0.94366385
vn -0.81802561 -0.04123396 -0.57370189
vn -0.81380456 -0.08527273 -0.57484841
vn -0.99724662 -0.07343366 0.01032831
vn -0.94820624 -0.31749624 -0.01005326
vn -0.75324302 -0.33835157 0.56404181
vn -0.27979026 -0.23421540 0.93105347
vn 0.30182092 -0.04178875 0.95244834
vn 0.77428430 0.16812123 0.61009760
vn 0.94910494 0.31387250 0.02615069
vn 0.74894836 0.33615967 -0.57102804
vn 0.25297222 0.22573407 -0.94077053
vn -0.33731472 0.02798549 -0.94097587
vn -0.79272771 -0.17891417 -0.58272849
vn -0.87182847 -0.48783609 -0.04394399
vn -0.67142525 -0.52080869 0.52720625
vn -0.22308825 -0.36186431 0.90514411
vn 0.31193254 -0.06649886 0.94777423
vn 0.73352012 0.25758109 0.62896758
vn 0.87268512 0.48444000 0.06114380
vn 0.66644764 0.52027752 -0.53400266
vn 0.19668217 0.34975100 -0.91596417
vn -0.34571306 0.04446325 -0.93728624
vn -0.75052966 -0.27427365 -0.60123140
vn -0.56010291 -0.67719546 0.47716982
vn -0.14383576 -0.47112666 0.87025913
vn 0.32901196 -0.08710994 0.94029941
vn 0.68031013 0.33446722 0.65215780
vn 0.76911488 0.63002213 0.10739842
vn 0.55457597 0.67794737 -0.48252757
vn 0.12184000 0.45775991 -0.88068773
vn -0.35530268 0.06142630 -0.93273084
vn -0.69283338 -0.35379225 -0.62834142
vn -0.76873034 -0.63301085 -0.09138342
vn -0.44402624 -0.78890298 0.42482088
vn -0.06009337 -0.54852468 0.83397210
vn 0.34838366 -0.10043637 0.93195567
vn 0.62629431 0.38997164 0.67503893
vn 0.66253483 0.73290114 0.15460763
vn 0.43920850 0.78961212 -0.42849573
vn 0.04437674 0.53643060 -0.84277691
vn -0.36569705 0.07690365 -0.92755135
vn -0.63372243 -0.40786840 -0.65729693
vn -0.66217873 -0.73582578 -0.14170307
vn -0.34535667 -0.85807718 0.38004253
vn 0.01176234 -0.59584758 0.80301140
vn 0.36571712 -0.10747501 0.92449993
vn 0.58146591 0.42489338 0.69380329
vn 0.57332179 0.79599119 0.19416526
vn 0.34214749 0.85831736 -0.38239560
vn -0.02171542 0.58650226 -0.80965643
vn -0.37592903 0.08932576 -0.92233306
vn -0.58512512 -0.43896239 -0.68186554
vn -0.57260827 -0.79870176 -0.18491963
vn -0.27336008 -0.89709121 0.34713345
vn 0.06493382 -0.62220156 0.78015948
vn 0.37938938 -0.11071452 0.91858913
vn 0.54983858 0.44495893 0.70688690
vn 0.50916593 0.83135839 0.22269548
vn 0.27165929 0.89710321 -0.34843515
vn -0.07064682 0.61596495 -0.78459939
vn -0.38499040 0.09850030 -0.91764921
vn -0.55137871 -0.45465891 -0.69947609
vn -0.50827347 -0.83350736 -0.21661848
vn -0.22750649 -0.91756753 0.32605309
vn 0.09978176 -0.63590738 0.76528779
vn 0.38954294 -0.11206666 0.91416485
vn 0.53106312 0.45563174 0.71440302
vn 0.46918014 0.84974356 0.24042854
vn 0.22685760 0.91757366 -0.32648768
vn -0.10263523 0.63247347 -0.76775212
vn -0.39233523 0.10506564 -0.91380210
vn -0.53162035 -0.46141684 -0.71026355
vn -0.46840377 -0.85119995 -0.23676266
vn -0.20354679 -0.92698441 0.31506921
vn 0.11933337 -0.64220312 0.75718868
vn 0.39687417 -0.11254362 0.91094721
vn 0.52311550 0.46049661 0.71714228
vn 0.44940779 0.85793090 0.24897230
vn 0.20357549 0.92707150 -0.31479429
vn -0.12025141 0.64105991 -0.75801174
vn -0.39790564 0.10975326 -0.91083771
vn -0.52327330 -0.46308374 -0.71535900
vn -0.44890792 -0.85873963 -0.24707880
vn -0.19687015 -0.92938734 0.31221997
vn 0.12683535 -0.64388738 0.75453419
vn 0.40203922 -0.11263066 0.90866869
vn 0.52376978 0.46153598 0.71599564
vn 0.44561956 0.85958415 0.25007658
vn 0.19734577 0.92956878 -0.31137843
vn -0.12636235 0.64454379 -0.75405296
vn -0.40186105 0.11313428 -0.90868494
vn -0.52376801 -0.46160391 -0.71595315
vn -0.44543268 -0.85984620 -0.24950799
vn -0.20355299 -0.92672841 0.31581740
vn 0.12508154 -0.64229784 0.75617993
vn 0.40564677 -0.11255289 0.90707362
vn 0.53115257 0.45969186 0.71173052
vn 0.45419445 0.85646827 0.24529472
vn 0.20432744 0.92699422 -0.31453459
vn -0.12343531 0.64429846 -0.75474712
vn -0.40433325 0.11554141 -0.90728430
vn -0.53091722 -0.45784718 -0.71309387
vn -0.45429030 -0.85628812 -0.24574577
vn -0.46923495 -0.85198454 -0.23225181
vn -0.20093666 -0.92581600 0.32013934
vn 0.14346693 -0.64733903 0.74857827
vn 0.43267966 -0.12459046 0.89289727
vn 0.55818150 0.44526847 0.70012099
vn 0.47264617 0.84749489 0.24157402
vn 0.20748373 0.92754589 -0.31082007
vn -0.13721863 0.65180764 -0.74586718
vn -0.42978856 0.12448227 -0.89430753
vn -0.55704520 -0.45091222 -0.69740864
vn -0.48603969 -0.84691939 -0.21562226
vn -0.17217077 -0.93563952 0.30811673
vn 0.20543921 -0.67083376 0.71258459
vn 0.50495229 -0.15545177 0.84903353
vn 0.61548852 0.41845938 0.66788145
vn 0.49471813 0.83683570 0.23443545
vn 0.18533157 0.93853279 -0.29121884
vn -0.19681401 0.67812488 -0.70810373
vn -0.50370548 0.15221036 -0.85036039
vn -0.61416264 -0.43240413 -0.66017492
vn -0.13548267 -0.95025481 0.28046433
vn 0.28303976 -0.70165616 0.65388618
vn 0.59431730 -0.19100942 0.78121851
vn 0.68337764 0.39136721 0.61630083
vn 0.51535609 0.82860776 0.21867162
vn 0.14984833 0.95265275 -0.26457175
vn -0.27571192 0.70960285 -0.64841864
vn -0.59521460 0.18923841 -0.78096632
vn -0.68230700 -0.40465529 -0.60886063
vn -0.50488325 -0.83932139 -0.20157507
vn -0.10423386 -0.96262119 0.24999151
vn 0.35210892 -0.72875130 0.58731666
vn 0.67508054 -0.22244883 0.70340797
vn 0.74547224 0.36732565 0.55618612
vn 0.53527718 0.82090994 0.19896033
vn 0.11982266 0.96434526 -0.23596768
vn -0.34428803 0.73655945 -0.58219063
vn -0.67591100 0.22121598 -0.70299916
vn -0.74380408 -0.38015023 -0.54976476
vn -0.52347841 -0.83190483 -0.18413229
vn -0.07896416 -0.97257955 0.21875485
vn 0.41051858 -0.75148891 0.51646773
vn 0.74447625 -0.24910902 0.61943508
vn 0.79961287 0.34674234 0.49029481
vn 0.55359194 0.81397545 0.17601116
vn 0.09526285 0.97372425 -0.20684797
vn -0.40236686 0.75900427 -0.51187247
vn -0.74516222 0.24837322 -0.61890549
vn -0.79752633 -0.35885824 -0.48494588
vn -0.54103057 -0.82493091 -0.16363042
vn -0.05945281 -0.98032665 0.18821535
vn 0.45796660 -0.77000406 0.44425256
vn 0.80180491 -0.27103338 0.53258782
vn 0.84497744 0.32965692 0.42111690
vn 0.56968322 0.80795254 0.15057796
vn 0.07594740 0.98100453 -0.17849958
vn -0.44964376 0.77712990 -0.44032898
vn -0.80228494 0.27075514 -0.53200614
vn -0.84265210 -0.34090395 -0.41679963
vn -0.55688207 -0.81860269 -0.14061292
vn -0.04508420 -0.98616520 0.15951682
vn 0.49501555 -0.78468611 0.37313176
vn 0.84736381 -0.28859474 0.44574393
vn 0.88152768 0.31586020 0.35091494
vn 0.58320566 0.80288720 0.12346374
vn 0.06134625 0.98649193 -0.15188913
vn -0.48668665 0.79138422 -0.36992855
vn -0.84761794 0.28872705 -0.44517472
vn -0.87911479 -0.32615099 -0.34753807
vn -0.57059495 -0.81303654 -0.11572808
vn -0.03503484 -0.99044262 0.13340156
vn 0.52275879 -0.79606505 0.30496504
vn 0.88212140 -0.30235641 0.36116816
vn 0.90979962 0.30497906 0.28151807
vn 0.59406786 0.79873643 0.09541223
vn 0.05074768 0.99051843 -0.12766328
vn -0.51455174 0.80233177 -0.30249005
vn -0.88217135 0.30281857 -0.36065858
vn -0.90741544 -0.31429060 -0.27895991
vn -0.58194958 -0.80827100 -0.08962516
vn -0.02842566 -0.99349666 0.11025594
vn 0.54256324 -0.80471996 0.24093755
vn 0.90744251 -0.31292918 0.28039870
vn 0.93066927 0.29656302 0.21425470
vn 0.60234585 0.79541503 0.06704029
vn 0.04337617 0.99340343 -0.10615146
vn -0.53458364 0.81057663 -0.23913566
vn -0.90731485 0.31368044 -0.27997205
vn -0.92839686 -0.30492069 -0.21237383
vn -0.59091640 -0.80427806 -0.06288575
vn -0.02444455 -0.99562729 0.09015961
vn 0.55582744 -0.81120449 0.18166763
vn 0.92479651 -0.32092384 0.20435092
vn 0.94515015 0.29017066 0.14997395
vn 0.60822546 0.79281531 0.03880305
vn 0.03851807 0.99542539 -0.08743371
vn -0.54815163 0.81667665 -0.18046894
vn -0.92452785 0.32191338 -0.20400987
vn -0.94303940 -0.29763329 -0.14863079
vn -0.59758669 -0.80099621 -0.03598913
vn -0.02238798 -0.99707892 0.07302336
vn 0.56385502 -0.81599393 0.12736332
vn 0.93559919 -0.32687886 0.13343305
vn 0.95425576 0.28539900 0.08912553
vn 0.61195089 0.79081882 0.01103158
vn 0.03554258 0.99681191 -0.07143346
vn -0.55652597 0.82111393 -0.12669158
vn -0.93521945 0.32806771 -0.13317717
vn -0.95233087 -0.29203516 -0.08821214
vn -0.60213099 -0.79834324 -0.00929242
vn -0.02168236 -0.99804425 0.05863055
vn 0.56777582 -0.81948564 0.07793521
vn 0.94111083 -0.33124937 0.06770719
vn 0.95891477 0.28189609 0.03189124
vn 0.61377046 0.78932140 -0.01604846
vn 0.03392323 0.99774231 -0.05796118
vn -0.56080831 0.82428962 -0.07772173
vn -0.94064531 0.33260085 -0.06755047
vn -0.95718048 -0.28779338 -0.03131301
vn -0.60475937 -0.79622797 0.01694463
vn -0.02172682 -0.99840608 0.05208880
vn 0.56863460 -0.82078957 0.05439824
vn 0.94225712 -0.33293727 0.03611506
vn 0.95987603 0.28039350 0.00418218
vn 0.61408885 0.78868948 -0.02939027
vn 0.03327261 0.99810191 -0.05182200
vn -0.56197696 0.82536216 -0.05439850
vn -0.94175461 0.33436660 -0.03601723
vn -0.95828670 -0.28578397 -0.00375753
vn -0.60567227 -0.79515138 0.02992319
vn -0.94175450 -0.33436688 -0.03601723
vt 0.00000000 0.00000000
vt 0.00000000 0.00000000
vt 0.00000000 0.00000000
vt 0.00000000 0.00000000
vt 0.00000000 0.00000000
vt 0.00000000 0.00000000
vt 0.00000000 0.00000000
vt 0.00000000 0.00000000
vt 0.00000000 0.00000000
vt 0.00000000 0.00000000
vt 0.00000000 0.00000000
vt 0.00000000 0.00000000
vt 0.00000000 0.00000000
vt 0.00000000 0.00000000
vt 0.00000000 0.00000000
vt 0.00000000 0.00000000
vt 0.00000000 0.00000000
vt 0.00000000 0.00000000
vt 0.00000000 0.00000000
vt 0.00000000 0.00000000
vt 0.00000000 0.00000000
vt 0.00000000 0.00000000
vt 0.00000000 0.00000000
vt 0.00000000 0.00000000
vt 0.00000000 0.00000000
vt 0.00000000 0.00000000
vt 0.00000000 0.00000000
vt 0.00000000 0.00000000
vt 0.00000000 0.00000000
vt 0.00000000 0.00000000
vt 0.00000000 0.00000000
vt 0.00000000 0.00000000
vt 0.00000000 0.00000000
vt 0.00000000 0.00000000
vt 0.00000000 0.00000000
vt 0.00000000 0.00000000
vt 0.00000000 0.00000000
vt 0.00000000 0.00000000
vt 0.00000000 0.00000000
vt 0.00000000 0.00000000
vt 0.00000000 0.00000000
vt 0.00000000 0.00000000
vt 0.00000000 0.00000000
vt 0.00000000 0.00000000
vt 0.00000000 0.00000000
vt 0.00000000 0.00000000
vt 0.00000000 0.00000000
vt 0.00000000 0.00000000
vt 0.00000000 0.00000000
vt 0.00000000 0.00000000
vt 0.00000000 0.00000000
vt 0.00000000 0.00000000
vt 0.00000000 0.00000000
vt 0.00000000 0.00000000
vt 0.00000000 0.00000000
vt 0.00000000 0.00000000
vt 0.00000000 0.00000000
vt 0.00000000 0.00000000
vt 0.00000000 0.00000000
vt 0.00000000 0.00000000
vt 0.00000000 0.00000000
vt 0.00000000 0.00000000
vt 0.00000000 0.00000000
vt 0.00000000 0.00000000
vt 0.00000000 0.00000000
vt 0.00000000 0.00000000
vt 0.00000000 0.00000000
vt 0.00000000 0.00000000
vt 0.00000000 0.00000000
vt 0.00000000 0.00000000
vt 0.00000000 0.00000000
vt 0.00000000 0.00000000
vt 0.00000000 0.00000000
vt 0.00000000 0.00000000
vt 0.00000000 0.00000000
vt 0.00000000 0.00000000
vt 0.00000000 0.00000000
vt 0.00000000 0.00000000
vt 0.00000000 0.00000000
vt 0.00000000 0.00000000
vt 0.00000000 0.00000000
vt 0.00000000 0.00000000
vt 0.00000000 0.00000000
vt 0.00000000 0.00000000
vt 0.00000000 0.00000000
vt 0.00000000 0.00000000
vt 0.00000000 0.00000000
vt 0.00000000 0.00000000
vt 0.00000000 0.00000000
vt 0.00000000 0.00000000
vt 0.00000000 0.00000000
vt 0.00000000 0.00000000
vt 0.00000000 0.00000000
vt 0.00000000 0.00000000
vt 0.00000000 0.00000000
vt 0.00000000 0.00000000
vt 0.00000000 0.00000000
vt 0.00000000 0.00000000
vt 0.00000000 0.00000000
vt 0.00000000 0.00000000
vt 0.00000000 0.00000000
vt 0.00000000 0.00000000
vt 0.00000000 0.00000000
vt 0.00000000 0.00000000
vt 0.00000000 0.00000000
vt 0.00000000 0.00000000
vt 0.00000000 0.00000000
vt 0.00000000 0.00000000
vt 0.00000000 0.00000000
vt 0.00000000 0.00000000
vt 0.00000000 0.00000000
vt 0.00000000 0.00000000
vt 0.00000000 0.00000000
vt 0.00000000 0.00000000
vt 0.00000000 0.00000000
vt 0.00000000 0.00000000
vt 0.00000000 0.00000000
vt 0.00000000 0.00000000
vt 0.00000000 0.00000000
vt 0.00000000 0.00000000
vt 0.00000000 0.00000000
vt 0.00000000 0.00000000
vt 0.00000000 0.00000000
vt 0.00000000 0.00000000
vt 0.00000000 0.00000000
vt 0.00000000 0.00000000
vt 0.00000000 0.00000000
vt 0.00000000 0.00000000
vt 0.00000000 0.00000000
vt 0.00000000 0.00000000
vt 0.00000000 0.00000000
vt 0.00000000 0.00000000
vt 0.00000000 0.00000000
vt 0.00000000 0.00000000
vt 0.00000000 0.00000000
vt 0.00000000 0.00000000
vt 0.00000000 0.00000000
vt 0.00000000 0.00000000
vt 0.00000000 0.00000000
vt 0.00000000 0.00000000
vt 0.00000000 0.00000000
vt 0.00000000 0.00000000
vt 0.00000000 0.00000000
vt 0.00000000 0.00000000
vt 0.00000000 0.00000000
vt 0.00000000 0.00000000
vt 0.00000000 0.00000000
vt 0.00000000 0.00000000
vt 0.00000000 0.00000000
vt 0.00000000 0.00000000
vt 0.00000000 0.00000000
vt 0.00000000 0.00000000
vt 0.00000000 0.00000000
vt 0.00000000 0.00000000
vt 0.00000000 0.00000000
vt 0.00000000 0.00000000
vt 0.00000000 0.00000000
vt 0.00000000 0.00000000
vt 0.00000000 0.00000000
vt 0.00000000 0.00000000
vt 0.00000000 0.00000000
vt 0.00000000 0.00000000
vt 0.00000000 0.00000000
vt 0.00000000 0.00000000
vt 0.00000000 0.00000000
vt 0.00000000 0.00000000
vt 0.00000000 0.00000000
vt 0.00000000 0.00000000
vt 0.00000000 0.00000000
vt 0.00000000 0.00000000
vt 0.00000000 0.00000000
vt 0.00000000 0.00000000
vt 0.00000000 0.00000000
vt 0.00000000 0.00000000
vt 0.00000000 0.00000000
vt 0.00000000 0.00000000
vt 0.00000000 0.00000000
vt 0.00000000 0.00000000
vt 0.00000000 0.00000000
vt 0.00000000 0.00000000
vt 0.00000000 0.00000000
vt 0.00000000 0.00000000
vt 0.00000000 0.00000000
vt 0.00000000 0.00000000
vt 0.00000000 0.00000000
vt 0.00000000 0.00000000
vt 0.00000000 0.00000000
vt 0.00000000 0.00000000
vt 0.00000000 0.00000000
vt 0.00000000 0.00000000
vt 0.00000000 0.00000000
vt 0.00000000 0.00000000
vt 0.00000000 0.00000000
vt 0.00000000 0.00000000
vt 0.00000000 0.00000000
vt 0.00000000 0.00000000
vt 0.00000000 0.00000000
vt 0.00000000 0.00000000
vt 0.00000000 0.00000000
vt 0.00000000 0.00000000
vt 0.00000000 0.00000000
vt 0.00000000 0.00000000
vt 0.00000000 0.00000000
vt 0.00000000 0.00000000
vt 0.00000000 0.00000000
vt 0.00000000 0.00000000
vt 0.00000000 0.00000000
vt 0.00000000 0.00000000
vt 0.00000000 0.00000000
vt 0.00000000 0.00000000
vt 0.00000000 0.00000000
vt 0.00000000 0.00000000
vt 0.00000000 0.00000000
vt 0.00000000 0.00000000
vt 0.00000000 0.00000000
vt 0.00000000 0.00000000
vt 0.00000000 0.00000000
vt 0.00000000 0.00000000
vt 0.00000000 0.00000000
vt 0.00000000 0.00000000
vt 0.00000000 0.00000000
vt 0.00000000 0.00000000
vt 0.00000000 0.00000000
vt 0.00000000 0.00000000
vt 0.00000000 0.00000000
vt 0.00000000 0.00000000
vt 0.00000000 0.00000000
vt 0.00000000 0.00000000
vt 0.00000000 0.00000000
vt 0.00000000 0.00000000
vt 0.00000000 0.00000000
vt 0.00000000 0.00000000
vt 0.00000000 0.00000000
vt 0.00000000 0.00000000
vt 0.00000000 0.00000000
vt 0.00000000 0.00000000
vt 0.00000000 0.00000000
vt 0.00000000 0.00000000
vt 0.00000000 0.00000000
vt 0.00000000 0.00000000
vt 0.00000000 0.00000000
vt 0.00000000 0.00000000
vt 0.00000000 0.00000000
vt 0.00000000 0.00000000
vt 0.00000000 0.00000000
vt 0.00000000 0.00000000
vt 0.00000000 0.00000000
vt 0.00000000 0.00000000
vt 0.00000000 0.00000000
vt 0.00000000 0.00000000
vt 0.00000000 0.00000000
vt 0.00000000 0.00000000
vt 0.00000000 0.00000000
vt 0.00000000 0.00000000
vt 0.00000000 0.00000000
vt 0.00000000 0.00000000
vt 0.00000000 0.00000000
vt 0.00000000 0.00000000
vt 0.00000000 0.00000000
vt 0.00000000 0.00000000
vt 0.00000000 0.00000000
vt 0.00000000 0.00000000
vt 0.00000000 0.00000000
vt 0.00000000 0.00000000
vt 0.00000000 0.00000000
vt 0.00000000 0.00000000
vt 0.00000000 0.00000000
vt 0.00000000 0.00000000
vt 0.00000000 0.00000000
vt 0.00000000 0.00000000
vt 0.00000000 0.00000000
vt 0.00000000 0.00000000
vt 0.00000000 0.00000000
vt 0.00000000 0.00000000
vt 0.00000000 0.00000000
vt 0.00000000 0.00000000
vt 0.00000000 0.00000000
vt 0.00000000 0.00000000
vt 0.00000000 0.00000000
vt 0.00000000 0.00000000
vt 0.00000000 0.00000000
vt 0.00000000 0.00000000
vt 0.00000000 0.00000000
vt 0.00000000 0.00000000
vt 0.00000000 0.00000000
vt 0.00000000 0.00000000
vt 0.00000000 0.00000000
vt 0.00000000 0.00000000
vt 0.00000000 0.00000000
vt 0.00000000 0.00000000
vt 0.00000000 0.00000000
vt 0.00000000 0.00000000
vt 0.00000000 0.00000000
vt 0.00000000 0.00000000
vt 0.00000000 0.00000000
vt 0.00000000 0.00000000
vt 0.00000000 0.00000000
vt 0.00000000 0.00000000
vt 0.00000000 0.00000000
vt 0.00000000 0.00000000
vt 0.00000000 0.00000000
vt 0.00000000 0.00000000
vt 0.00000000 0.00000000
vt 0.00000000 0.00000000
vt 0.00000000 0.00000000
vt 0.00000000 0.00000000
vt 0.00000000 0.00000000
vt 0.00000000 0.00000000
vt 0.00000000 0.00000000
vt 0.00000000 0.00000000
vt 0.00000000 0.00000000
vt 0.00000000 0.00000000
vt 0.00000000 0.00000000
vt 0.00000000 0.00000000
vt 0.00000000 0.00000000
vt 0.00000000 0.00000000
vt 0.00000000 0.00000000
vt 0.00000000 0.00000000
vt 0.00000000 0.00000000
vt 0.00000000 0.00000000
vt 0.00000000 0.00000000
vt 0.00000000 0.00000000
vt 0.00000000 0.00000000
vt 0.00000000 0.00000000
vt 0.00000000 0.00000000
vt 0.00000000 0.00000000
vt 0.00000000 0.00000000
vt 0.00000000 0.00000000
vt 0.00000000 0.00000000
vt 0.00000000 0.00000000
vt 0.00000000 0.00000000
vt 0.00000000 0.00000000
vt 0.00000000 0.00000000
vt 0.00000000 0.00000000
vt 0.00000000 0.00000000
vt 0.00000000 0.00000000
vt 0.00000000 0.00000000
vt 0.00000000 0.00000000
vt 0.00000000 0.00000000
vt 0.00000000 0.00000000
vt 0.00000000 0.00000000
vt 0.00000000 0.00000000
vt 0.00000000 0.00000000
vt 0.00000000 0.00000000
vt 0.00000000 0.00000000
vt 0.00000000 0.00000000
vt 0.00000000 0.00000000
vt 0.00000000 0.00000000
vt 0.00000000 0.00000000
vt 0.00000000 0.00000000
vt 0.00000000 0.00000000
vt 0.00000000 0.00000000
vt 0.00000000 0.00000000
vt 0.00000000 0.00000000
vt 0.00000000 0.00000000
vt 0.00000000 0.00000000
vt 0.00000000 0.00000000
vt 0.00000000 0.00000000
vt 0.00000000 0.00000000
vt 0.00000000 0.00000000
vt 0.00000000 0.00000000
vt 0.00000000 0.00000000
vt 0.00000000 0.00000000
vt 0.00000000 0.00000000
vt 0.00000000 0.00000000
vt 0.00000000 0.00000000
vt 0.00000000 0.00000000
vt 0.00000000 0.00000000
vt 0.00000000 0.00000000
vt 0.00000000 0.00000000
vt 0.00000000 0.00000000
vt 0.00000000 0.00000000
vt 0.00000000 0.00000000
vt 0.00000000 0.00000000
vt 0.00000000 0.00000000
vt 0.00000000 0.00000000
vt 0.00000000 0.00000000
vt 0.00000000 0.00000000
vt 0.00000000 0.00000000
vt 0.00000000 0.00000000
vt 0.00000000 0.00000000
vt 0.00000000 0.00000000
vt 0.00000000 0.00000000
vt 0.00000000 0.00000000
vt 0.00000000 0.00000000
vt 0.00000000 0.00000000
vt 0.00000000 0.00000000
vt 0.00000000 0.00000000
vt 0.00000000 0.00000000
vt 0.00000000 0.00000000
vt 0.00000000 0.00000000
vt 0.00000000 0.00000000
vt 0.00000000 0.00000000
vt 0.00000000 0.00000000
vt 0.00000000 0.00000000
vt 0.00000000 0.00000000
vt 0.00000000 0.00000000
vt 0.00000000 0.00000000
vt 0.00000000 0.00000000
vt 0.00000000 0.00000000
vt 0.00000000 0.00000000
vt 0.00000000 0.00000000
vt 0.00000000 0.00000000
vt 0.00000000 0.00000000
vt 0.00000000 0.00000000
vt 0.00000000 0.00000000
vt 0.00000000 0.00000000
vt 0.00000000 0.00000000
vt 0.00000000 0.00000000
vt 0.00000000 0.00000000
vt 0.00000000 0.00000000
vt 0.00000000 0.00000000
vt 0.00000000 0.00000000
vt 0.00000000 0.00000000
vt 0.00000000 0.00000000
vt 0.00000000 0.00000000
vt 0.00000000 0.00000000
vt 0.00000000 0.00000000
vt 0.00000000 0.00000000
vt 0.00000000 0.00000000
vt 0.00000000 0.00000000
vt 0.00000000 0.00000000
vt 0.00000000 0.00000000
vt 0.00000000 0.00000000
vt 0.00000000 0.00000000
vt 0.00000000 0.00000000
vt 0.00000000 0.00000000
vt 0.00000000 0.00000000
vt 0.00000000 0.00000000
vt 0.00000000 0.00000000
vt 0.00000000 0.00000000
vt 0.00000000 0.00000000
vt 0.00000000 0.00000000
vt 0.00000000 0.00000000
vt 0.00000000 0.00000000
vt 0.00000000 0.00000000
vt 0.00000000 0.00000000
vt 0.00000000 0.00000000
vt 0.00000000 0.00000000
vt 0.00000000 0.00000000
vt 0.00000000 0.00000000
vt 0.00000000 0.00000000
vt 0.00000000 0.00000000
vt 0.00000000 0.00000000
vt 0.00000000 0.00000000
vt 0.00000000 0.00000000
vt 0.00000000 0.00000000
vt 0.00000000 0.00000000
vt 0.00000000 0.00000000
vt 0.00000000 0.00000000
vt 0.00000000 0.00000000
vt 0.00000000 0.00000000
vt 0.00000000 0.00000000
vt 0.00000000 0.00000000
vt 0.00000000 0.00000000
vt 0.00000000 0.00000000
vt 0.00000000 0.00000000
vt 0.00000000 0.00000000
vt 0.00000000 0.00000000
vt 0.00000000 0.00000000
vt 0.00000000 0.00000000
vt 0.00000000 0.00000000
vt 0.00000000 0.00000000
vt 0.00000000 0.00000000
vt 0.00000000 0.00000000
vt 0.00000000 0.00000000
vt 0.00000000 0.00000000
vt 0.00000000 0.00000000
vt 0.00000000 0.00000000
vt 0.00000000 0.00000000
vt 0.00000000 0.00000000
vt 0.00000000 0.00000000
vt 0.00000000 0.00000000
vt 0.00000000 0.00000000
vt 0.00000000 0.00000000
vt 0.00000000 0.00000000
vt 0.00000000 0.00000000
vt 0.00000000 0.00000000
vt 0.00000000 0.00000000
vt 0.00000000 0.00000000
vt 0.00000000 0.00000000
vt 0.00000000 0.00000000
vt 0.00000000 0.00000000
vt 0.00000000 0.00000000
vt 0.00000000 0.00000000
vt 0.00000000 0.00000000
vt 0.00000000 0.00000000
vt 0.00000000 0.00000000
vt 0.00000000 0.00000000
vt 0.00000000 0.00000000
vt 0.00000000 0.00000000
vt 0.00000000 0.00000000
vt 0.00000000 0.00000000
vt 0.00000000 0.00000000
vt 0.00000000 0.00000000
vt 0.00000000 0.00000000
vt 0.00000000 0.00000000
vt 0.00000000 0.00000000
vt 0.00000000 0.00000000
vt 0.00000000 0.00000000
f 3111/3111/3111 3112/3112/3112 3113/3113/3113
f 3114/3114/3114 3111/3111/3111 3115/3115/3115
f 3116/3116/3116 3115/3115/3115 3117/3117/3117
f 3118/3118/3118 3117/3117/3117 3119/3119/3119
f 3120/3120/3120 3119/3119/3119 3121/3121/3121
f 3122/3122/3122 3121/3121/3121 3123/3123/3123
f 3124/3124/3124 3122/3122/3122 3123/3123/3123
f 3125/3125/3125 3126/3126/3126 3124/3124/3124
f 3127/3127/3127 3128/3128/3128 3125/3125/3125
f 3113/3113/3113 3129/3129/3129 3127/3127/3127
f 3130/3130/3130 3131/3131/3131 3112/3112/3112
f 3132/3132/3132 3130/3130/3130 3114/3114/3114
f 3133/3133/3133 3114/3114/3114 3116/3116/3116
f 3134/3134/3134 3116/3116/3116 3118/3118/3118
f 3135/3135/3135 3118/3118/3118 3120/3120/3120
f 3136/3136/3136 3120/3120/3120 3122/3122/3122
f 3126/3126/3126 3136/3136/3136 3122/3122/3122
f 3128/3128/3128 3137/3137/3137 3126/3126/3126
f 3129/3129/3129 3138/3138/3138 3128/3128/3128
f 3112/3112/3112 3139/3139/3139 3129/3129/3129
f 3140/3140/3140 3141/3141/3141 3131/3131/3131
f 3142/3142/3142 3140/3140/3140 3132/3132/3132
f 3143/3143/3143 3132/3132/3132 3133/3133/3133
f 3144/3144/3144 3133/3133/3133 3134/3134/3134
f 3145/3145/3145 3134/3134/3134 3135/3135/3135
f 3146/3146/3146 3135/3135/3135 3136/3136/3136
f 3137/3137/3137 3146/3146/3146 3136/3136/3136
f 3138/3138/3138 3147/3147/3147 3137/3137/3137
f 3139/3139/3139 3148/3148/3148 3138/3138/3138
f 3131/3131/3131 3149/3149/3149 3139/3139/3139
f 3150/3150/3150 3141/3141/3141 3151/3151/3151
f 3142/3142/3142 3150/3150/3150 3151/3151/3151
f 3143/3143/3143 3152/3152/3152 3142/3142/3142
f 3144/3144/3144 3153/3153/3153 3143/3143/3143
f 3145/3145/3145 3154/3154/3154 3144/3144/3144
f 3146/3146/3146 3155/3155/3155 3145/3145/3145
f 3156/3156/3156 3146/3146/3146 3147/3147/3147
f 3157/3157/3157 3147/3147/3147 3148/3148/3148
f 3158/3158/3158 3148/3148/3148 3149/3149/3149
f 3159/3159/3159 3149/3149/3149 3141/3141/3141
f 3160/3160/3160 3159/3159/3159 3150/3150/3150
f 3152/3152/3152 3160/3160/3160 3150/3150/3150
f 3153/3153/3153 3161/3161/3161 3152/3152/3152
f 3154/3154/3154 3162/3162/3162 3153/3153/3153
f 3155/3155/3155 3163/3163/3163 3154/3154/3154
f 3164/3164/3164 3165/3165/3165 3155/3155/3155
f 3166/3166/3166 3164/3164/3164 3156/3156/3156
f 3167/3167/3167 3156/3156/3156 3157/3157/3157
f 3168/3168/3168 3157/3157/3157 3158/3158/3158
f 3169/3169/3169 3158/3158/3158 3159/3159/3159
f 3170/3170/3170 3169/3169/3169 3160/3160/3160
f 3161/3161/3161 3170/3170/3170 3160/3160/3160
f 3162/3162/3162 3171/3171/3171 3161/3161/3161
f 3163/3163/3163 3172/3172/3172 3162/3162/3162
f 3165/3165/3165 3173/3173/3173 3163/3163/3163
f 3174/3174/3174 3175/3175/3175 3165/3165/3165
f 3176/3176/3176 3174/3174/3174 3166/3166/3166
f 3177/3177/3177 3166/3166/3166 3167/3167/3167
f 3178/3178/3178 3167/3167/3167 3168/3168/3168
f 3179/3179/3179 3168/3168/3168 3169/3169/3169
f 3180/3180/3180 3179/3179/3179 3170/3170/3170
f 3171/3171/3171 3180/3180/3180 3170/3170/3170
f 3172/3172/3172 3181/3181/3181 3171/3171/3171
f 3173/3173/3173 3182/3182/3182 3172/3172/3172
f 3175/3175/3175 3183/3183/3183 3173/3173/3173
f 3184/3184/3184 3185/3185/3185 3175/3175/3175
f 3186/3186/3186 3184/3184/3184 3176/3176/3176
f 3187/3187/3187 3176/3176/3176 3177/3177/3177
f 3188/3188/3188 3177/3177/3177 3178/3178/3178
f 3189/3189/3189 3178/3178/3178 3179/3179/3179
f 3190/3190/3190 3189/3189/3189 3180/3180/3180
f 3181/3181/3181 3190/3190/3190 3180/3180/3180
f 3182/3182/3182 3191/3191/3191 3181/3181/3181
f 3183/3183/3183 3192/3192/3192 3182/3182/3182
f 3185/3185/3185 3193/3193/3193 3183/3183/3183
f 3194/3194/3194 3195/3195/3195 3185/3185/3185
f 3196/3196/3196 3194/3194/3194 3186/3186/3186
f 3197/3197/3197 3186/3186/3186 3187/3187/3187
f 3198/3198/3198 3187/3187/3187 3188/3188/3188
f 3199/3199/3199 3188/3188/3188 3189/3189/3189
f 3200/3200/3200 3199/3199/3199 3190/3190/3190
f 3191/3191/3191 3200/3200/3200 3190/3190/3190
f 3192/3192/3192 3201/3201/3201 3191/3191/3191
f 3193/3193/3193 3202/3202/3202 3192/3192/3192
f 3195/3195/3195 3203/3203/3203 3193/3193/3193
f 3204/3204/3204 3205/3205/3205 3195/3195/3195
f 3206/3206/3206 3204/3204/3204 3196/3196/3196
f 3207/3207/3207 3196/3196/3196 3197/3197/3197
f 3208/3208/3208 3197/3197/3197 3198/3198/3198
f 3209/3209/3209 3198/3198/3198 3199/3199/3199
f 3210/3210/3210 3209/3209/3209 3200/3200/3200
f 3201/3201/3201 3210/3210/3210 3200/3200/3200
f 3202/3202/3202 3211/3211/3211 3201/3201/3201
f 3203/3203/3203 3212/3212/3212 3202/3202/3202
f 3205/3205/3205 3213/3213/3213 3203/3203/3203
f 3214/3214/3214 3215/3215/3215 3205/3205/3205
f 3216/3216/3216 3214/3214/3214 3206/3206/3206
f 3217/3217/3217 3206/3206/3206 3207/3207/3207
f 3218/3218/3218 3207/3207/3207 3208/3208/3208
f 3219/3219/3219 3208/3208/3208 3209/3209/3209
f 3220/3220/3220 3219/3219/3219 3210/3210/3210
f 3211/3211/3211 3220/3220/3220 3210/3210/3210
f 3212/3212/3212 3221/3221/3221 3211/3211/3211
f 3213/3213/3213 3222/3222/3222 3212/3212/3212
f 3215/3215/3215 3223/3223/3223 3213/3213/3213
f 3224/3224/3224 3225/3225/3225 3215/3215/3215
f 3226/3226/3226 3224/3224/3224 3216/3216/3216
f 3227/3227/3227 3216/3216/3216 3217/3217/3217
f 3228/3228/3228 3217/3217/3217 3218/3218/3218
f 3229/3229/3229 3218/3218/3218 3219/3219/3219
f 3220/3220/3220 3230/3230/3230 3229/3229/3229
f 3221/3221/3221 3231/3231/3231 3220/3220/3220
f 3222/3222/3222 3232/3232/3232 3221/3221/3221
f 3233/3233/3233 3222/3222/3222 3223/3223/3223
f 3234/3234/3234 3223/3223/3223 3225/3225/3225
f 3235/3235/3235 3225/3225/3225 3236/3236/3236
f 3237/3237/3237 3236/3236/3236 3226/3226/3226
f 3238/3238/3238 3226/3226/3226 3227/3227/3227
f 3228/3228/3228 3238/3238/3238 3227/3227/3227
f 3229/3229/3229 3239/3239/3239 3228/3228/3228
f 3231/3231/3231 3240/3240/3240 3230/3230/3230
f 3232/3232/3232 3241/3241/3241 3231/3231/3231
f 3242/3242/3242 3243/3243/3243 3232/3232/3232
f 3244/3244/3244 3242/3242/3242 3233/3233/3233
f 3245/3245/3245 3233/3233/3233 3234/3234/3234
f 3246/3246/3246 3234/3234/3234 3235/3235/3235
f 3247/3247/3247 3235/3235/3235 3237/3237/3237
f 3248/3248/3248 3237/3237/3237 3238/3238/3238
f 3239/3239/3239 3248/3248/3248 3238/3238/3238
f 3230/3230/3230 3249/3249/3249 3239/3239/3239
f 3250/3250/3250 3240/3240/3240 3241/3241/3241
f 3243/3243/3243 3250/3250/3250 3241/3241/3241
f 3251/3251/3251 3252/3252/3252 3243/3243/3243
f 3244/3244/3244 3253/3253/3253 3251/3251/3251
f 3245/3245/3245 3254/3254/3254 3244/3244/3244
f 3246/3246/3246 3255/3255/3255 3245/3245/3245
f 3256/3256/3256 3246/3246/3246 3247/3247/3247
f 3257/3257/3257 3247/3247/3247 3248/3248/3248
f 3258/3258/3258 3248/3248/3248 3249/3249/3249
f 3259/3259/3259 3249/3249/3249 3240/3240/3240
f 3260/3260/3260 3259/3259/3259 3250/3250/3250
f 3261/3261/3261 3250/3250/3250 3252/3252/3252
f 3253/3253/3253 3261/3261/3261 3252/3252/3252
f 3254/3254/3254 3262/3262/3262 3253/3253/3253
f 3255/3255/3255 3263/3263/3263 3254/3254/3254
f 3264/3264/3264 3265/3265/3265 3255/3255/3255
f 3256/3256/3256 3266/3266/3266 3264/3264/3264
f 3267/3267/3267 3256/3256/3256 3257/3257/3257
f 3268/3268/3268 3257/3257/3257 3258/3258/3258
f 3269/3269/3269 3258/3258/3258 3259/3259/3259
f 3270/3270/3270 3269/3269/3269 3260/3260/3260
f 3271/3271/3271 3260/3260/3260 3261/3261/3261
f 3262/3262/3262 3271/3271/3271 3261/3261/3261
f 3263/3263/3263 3272/3272/3272 3262/3262/3262
f 3265/3265/3265 3273/3273/3273 3263/3263/3263
f 3266/3266/3266 3274/3274/3274 3265/3265/3265
f 3275/3275/3275 3276/3276/3276 3266/3266/3266
f 3277/3277/3277 3275/3275/3275 3267/3267/3267
f 3278/3278/3278 3267/3267/3267 3268/3268/3268
f 3279/3279/3279 3268/3268/3268 3269/3269/3269
f 3280/3280/3280 3279/3279/3279 3270/3270/3270
f 3281/3281/3281 3270/3270/3270 3271/3271/3271
f 3272/3272/3272 3281/3281/3281 3271/3271/3271
f 3273/3273/3273 3282/3282/3282 3272/3272/3272
f 3274/3274/3274 3283/3283/3283 3273/3273/3273
f 3276/3276/3276 3284/3284/3284 3274/3274/3274
f 3285/3285/3285 3286/3286/3286 3276/3276/3276
f 3287/3287/3287 3285/3285/3285 3277/3277/3277
f 3288/3288/3288 3277/3277/3277 3278/3278/3278
f 3289/3289/3289 3278/3278/3278 3279/3279/3279
f 3290/3290/3290 3289/3289/3289 3280/3280/3280
f 3291/3291/3291 3280/3280/3280 3281/3281/3281
f 3292/3292/3292 3281/3281/3281 3282/3282/3282
f 3283/3283/3283 3292/3292/3292 3282/3282/3282
f 3284/3284/3284 3293/3293/3293 3283/3283/3283
f 3286/3286/3286 3294/3294/3294 3284/3284/3284
f 3295/3295/3295 3296/3296/3296 3286/3286/3286
f 3287/3287/3287 3297/3297/3297 3295/3295/3295
f 3298/3298/3298 3287/3287/3287 3288/3288/3288
f 3299/3299/3299 3288/3288/3288 3289/3289/3289
f 3300/3300/3300 3299/3299/3299 3290/3290/3290
f 3301/3301/3301 3290/3290/3290 3291/3291/3291
f 3302/3302/3302 3291/3291/3291 3292/3292/3292
f 3293/3293/3293 3302/3302/3302 3292/3292/3292
f 3294/3294/3294 3303/3303/3303 3293/3293/3293
f 3296/3296/3296 3304/3304/3304 3294/3294/3294
f 3297/3297/3297 3305/3305/3305 3296/3296/3296
f 3306/3306/3306 3307/3307/3307 3297/3297/3297
f 3308/3308/3308 3306/3306/3306 3298/3298/3298
f 3309/3309/3309 3298/3298/3298 3299/3299/3299
f 3310/3310/3310 3309/3309/3309 3300/3300/3300
f 3311/3311/3311 3300/3300/3300 3301/3301/3301
f 3312/3312/3312 3301/3301/3301 3302/3302/3302
f 3303/3303/3303 3312/3312/3312 3302/3302/3302
f 3304/3304/3304 3313/3313/3313 3303/3303/3303
f 3305/3305/3305 3314/3314/3314 3304/3304/3304
f 3307/3307/3307 3315/3315/3315 3305/3305/3305
f 3316/3316/3316 3317/3317/3317 3307/3307/3307
f 3318/3318/3318 3316/3316/3316 3308/3308/3308
f 3319/3319/3319 3308/3308/3308 3309/3309/3309
f 3320/3320/3320 3319/3319/3319 3310/3310/3310
f 3321/3321/3321 3310/3310/3310 3311/3311/3311
f 3322/3322/3322 3311/3311/3311 3312/3312/3312
f 3313/3313/3313 3322/3322/3322 3312/3312/3312
f 3314/3314/3314 3323/3323/3323 3313/3313/3313
f 3315/3315/3315 3324/3324/3324 3314/3314/3314
f 3317/3317/3317 3325/3325/3325 3315/3315/3315
f 3326/3326/3326 3327/3327/3327 3317/3317/3317
f 3328/3328/3328 3326/3326/3326 3318/3318/3318
f 3329/3329/3329 3318/3318/3318 3319/3319/3319
f 3330/3330/3330 3329/3329/3329 3320/3320/3320
f 3331/3331/3331 3320/3320/3320 3321/3321/3321
f 3332/3332/3332 3321/3321/3321 3322/3322/3322
f 3323/3323/3323 3332/3332/3332 3322/3322/3322
f 3324/3324/3324 3333/3333/3333 3323/3323/3323
f 3325/3325/3325 3334/3334/3334 3324/3324/3324
f 3327/3327/3327 3335/3335/3335 3325/3325/3325
f 3336/3336/3336 3337/3337/3337 3327/3327/3327
f 3338/3338/3338 3336/3336/3336 3328/3328/3328
f 3339/3339/3339 3328/3328/3328 3329/3329/3329
f 3340/3340/3340 3339/3339/3339 3330/3330/3330
f 3341/3341/3341 3330/3330/3330 3331/3331/3331
f 3342/3342/3342 3331/3331/3331 3332/3332/3332
f 3333/3333/3333 3342/3342/3342 3332/3332/3332
f 3334/3334/3334 3343/3343/3343 3333/3333/3333
f 3335/3335/3335 3344/3344/3344 3334/3334/3334
f 3337/3337/3337 3345/3345/3345 3335/3335/3335
f 3346/3346/3346 3347/3347/3347 3337/3337/3337
f 3348/3348/3348 3346/3346/3346 3338/3338/3338
f 3349/3349/3349 3338/3338/3338 3339/3339/3339
f 3350/3350/3350 3349/3349/3349 3340/3340/3340
f 3351/3351/3351 3340/3340/3340 3341/3341/3341
f 3352/3352/3352 3341/3341/3341 3342/3342/3342
f 3343/3343/3343 3352/3352/3352 3342/3342/3342
f 3344/3344/3344 3353/3353/3353 3343/3343/3343
f 3345/3345/3345 3354/3354/3354 3344/3344/3344
f 3347/3347/3347 3355/3355/3355 3345/3345/3345
f 3356/3356/3356 3357/3357/3357 3347/3347/3347
f 3358/3358/3358 3356/3356/3356 3348/3348/3348
f 3359/3359/3359 3348/3348/3348 3349/3349/3349
f 3360/3360/3360 3361/3361/3361 3362/3362/3362
f 3360/3360/3360 3363/3363/3363 3364/3364/3364
f 3364/3364/3364 3365/3365/3365 3366/3366/3366
f 3366/3366/3366 3367/3367/3367 3368/3368/3368
f 3368/3368/3368 3369/3369/3369 3370/3370/3370
f 3370/3370/3370 3371/3371/3371 3372/3372/3372
f 3373/3373/3373 3371/3371/3371 3374/3374/3374
f 3375/3375/3375 3374/3374/3374 3376/3376/3376
f 3377/3377/3377 3376/3376/3376 3378/3378/3378
f 3379/3379/3379 3378/3378/3378 3361/3361/3361
f 3362/3362/3362 3380/3380/3380 3381/3381/3381
f 3362/3362/3362 3382/3382/3382 3363/3363/3363
f 3363/3363/3363 3383/3383/3383 3365/3365/3365
f 3365/3365/3365 3384/3384/3384 3367/3367/3367
f 3367/3367/3367 3385/3385/3385 3369/3369/3369
f 3369/3369/3369 3386/3386/3386 3371/3371/3371
f 3374/3374/3374 3386/3386/3386 3387/3387/3387
f 3376/3376/3376 3387/3387/3387 3388/3388/3388
f 3378/3378/3378 3388/3388/3388 3389/3389/3389
f 3361/3361/3361 3389/3389/3389 3380/3380/3380
f 3381/3381/3381 3390/3390/3390 3391/3391/3391
f 3381/3381/3381 3392/3392/3392 3382/3382/3382
f 3382/3382/3382 3393/3393/3393 3383/3383/3383
f 3383/3383/3383 3394/3394/3394 3384/3384/3384
f 3384/3384/3384 3395/3395/3395 3385/3385/3385
f 3385/3385/3385 3396/3396/3396 3386/3386/3386
f 3387/3387/3387 3396/3396/3396 3397/3397/3397
f 3388/3388/3388 3397/3397/3397 3398/3398/3398
f 3389/3389/3389 3398/3398/3398 3399/3399/3399
f 3380/3380/3380 3399/3399/3399 3390/3390/3390
f 3390/3390/3390 3400/3400/3400 3391/3391/3391
f 3392/3392/3392 3400/3400/3400 3401/3401/3401
f 3393/3393/3393 3401/3401/3401 3402/3402/3402
f 3394/3394/3394 3402/3402/3402 3403/3403/3403
f 3395/3395/3395 3403/3403/3403 3404/3404/3404
f 3396/3396/3396 3404/3404/3404 3405/3405/3405
f 3396/3396/3396 3406/3406/3406 3397/3397/3397
f 3397/3397/3397 3407/3407/3407 3398/3398/3398
f 3398/3398/3398 3408/3408/3408 3399/3399/3399
f 3399/3399/3399 3409/3409/3409 3390/3390/3390
f 3409/3409/3409 3410/3410/3410 3400/3400/3400
f 3401/3401/3401 3410/3410/3410 3411/3411/3411
f 3402/3402/3402 3411/3411/3411 3412/3412/3412
f 3403/3403/3403 3412/3412/3412 3413/3413/3413
f 3404/3404/3404 3413/3413/3413 3414/3414/3414
f 3405/3405/3405 3414/3414/3414 3415/3415/3415
f 3405/3405/3405 3416/3416/3416 3406/3406/3406
f 3406/3406/3406 3417/3417/3417 3407/3407/3407
f 3407/3407/3407 3418/3418/3418 3408/3408/3408
f 3408/3408/3408 3419/3419/3419 3409/3409/3409
f 3419/3419/3419 3420/3420/3420 3410/3410/3410
f 3411/3411/3411 3420/3420/3420 3421/3421/3421
f 3412/3412/3412 3421/3421/3421 3422/3422/3422
f 3413/3413/3413 3422/3422/3422 3423/3423/3423
f 3414/3414/3414 3423/3423/3423 3424/3424/3424
f 3415/3415/3415 3424/3424/3424 3425/3425/3425
f 3415/3415/3415 3426/3426/3426 3416/3416/3416
f 3416/3416/3416 3427/3427/3427 3417/3417/3417
f 3417/3417/3417 3428/3428/3428 3418/3418/3418
f 3418/3418/3418 3429/3429/3429 3419/3419/3419
f 3429/3429/3429 3430/3430/3430 3420/3420/3420
f 3421/3421/3421 3430/3430/3430 3431/3431/3431
f 3422/3422/3422 3431/3431/3431 3432/3432/3432
f 3423/3423/3423 3432/3432/3432 3433/3433/3433
f 3424/3424/3424 3433/3433/3433 3434/3434/3434
f 3425/3425/3425 3434/3434/3434 3435/3435/3435
f 3425/3425/3425 3436/3436/3436 3426/3426/3426
f 3426/3426/3426 3437/3437/3437 3427/3427/3427
f 3427/3427/3427 3438/3438/3438 3428/3428/3428
f 3428/3428/3428 3439/3439/3439 3429/3429/3429
f 3439/3439/3439 3440/3440/3440 3430/3430/3430
f 3431/3431/3431 3440/3440/3440 3441/3441/3441
f 3432/3432/3432 3441/3441/3441 3442/3442/3442
f 3433/3433/3433 3442/3442/3442 3443/3443/3443
f 3434/3434/3434 3443/3443/3443 3444/3444/3444
f 3435/3435/3435 3444/3444/3444 3445/3445/3445
f 3435/3435/3435 3446/3446/3446 3436/3436/3436
f 3436/3436/3436 3447/3447/3447 3437/3437/3437
f 3437/3437/3437 3448/3448/3448 3438/3438/3438
f 3438/3438/3438 3449/3449/3449 3439/3439/3439
f 3449/3449/3449 3450/3450/3450 3440/3440/3440
f 3441/3441/3441 3450/3450/3450 3451/3451/3451
f 3442/3442/3442 3451/3451/3451 3452/3452/3452
f 3443/3443/3443 3452/3452/3452 3453/3453/3453
f 3444/3444/3444 3453/3453/3453 3454/3454/3454
f 3445/3445/3445 3454/3454/3454 3455/3455/3455
f 3445/3445/3445 3456/3456/3456 3446/3446/3446
f 3446/3446/3446 3457/3457/3457 3447/3447/3447
f 3447/3447/3447 3458/3458/3458 3448/3448/3448
f 3448/3448/3448 3459/3459/3459 3449/3449/3449
f 3459/3459/3459 3460/3460/3460 3450/3450/3450
f 3451/3451/3451 3460/3460/3460 3461/3461/3461
f 3452/3452/3452 3461/3461/3461 3462/3462/3462
f 3453/3453/3453 3462/3462/3462 3463/3463/3463
f 3454/3454/3454 3463/3463/3463 3464/3464/3464
f 3455/3455/3455 3464/3464/3464 3465/3465/3465
f 3455/3455/3455 3466/3466/3466 3456/3456/3456
f 3456/3456/3456 3467/3467/3467 3457/3457/3457
f 3457/3457/3457 3468/3468/3468 3458/3458/3458
f 3458/3458/3458 3469/3469/3469 3459/3459/3459
f 3469/3469/3469 3470/3470/3470 3460/3460/3460
f 3461/3461/3461 3470/3470/3470 3471/3471/3471
f 3462/3462/3462 3471/3471/3471 3472/3472/3472
f 3463/3463/3463 3472/3472/3472 3473/3473/3473
f 3464/3464/3464 3473/3473/3473 3474/3474/3474
f 3465/3465/3465 3474/3474/3474 3475/3475/3475
f 3465/3465/3465 3476/3476/3476 3466/3466/3466
f 3466/3466/3466 3477/3477/3477 3467/3467/3467
f 3467/3467/3467 3478/3478/3478 3468/3468/3468
f 3468/3468/3468 3479/3479/3479 3469/3469/3469
f 3470/3470/3470 3480/3480/3480 3481/3481/3481
f 3471/3471/3471 3481/3481/3481 3482/3482/3482
f 3472/3472/3472 3482/3482/3482 3483/3483/3483
f 3472/3472/3472 3484/3484/3484 3473/3473/3473
f 3473/3473/3473 3485/3485/3485 3474/3474/3474
f 3474/3474/3474 3486/3486/3486 3475/3475/3475
f 3475/3475/3475 3487/3487/3487 3476/3476/3476
f 3476/3476/3476 3488/3488/3488 3477/3477/3477
f 3478/3478/3478 3488/3488/3488 3489/3489/3489
f 3479/3479/3479 3489/3489/3489 3480/3480/3480
f 3481/3481/3481 3490/3490/3490 3491/3491/3491
f 3482/3482/3482 3491/3491/3491 3492/3492/3492
f 3483/3483/3483 3492/3492/3492 3493/3493/3493
f 3483/3483/3483 3494/3494/3494 3484/3484/3484
f 3484/3484/3484 3495/3495/3495 3485/3485/3485
f 3485/3485/3485 3496/3496/3496 3486/3486/3486
f 3486/3486/3486 3497/3497/3497 3487/3487/3487
f 3487/3487/3487 3498/3498/3498 3488/3488/3488
f 3489/3489/3489 3498/3498/3498 3499/3499/3499
f 3480/3480/3480 3499/3499/3499 3490/3490/3490
f 3490/3490/3490 3500/3500/3500 3491/3491/3491
f 3492/3492/3492 3500/3500/3500 3501/3501/3501
f 3493/3493/3493 3501/3501/3501 3502/3502/3502
f 3494/3494/3494 3502/3502/3502 3503/3503/3503
f 3495/3495/3495 3503/3503/3503 3504/3504/3504
f 3496/3496/3496 3504/3504/3504 3505/3505/3505
f 3496/3496/3496 3506/3506/3506 3497/3497/3497
f 3497/3497/3497 3507/3507/3507 3498/3498/3498
f 3498/3498/3498 3508/3508/3508 3499/3499/3499
f 3499/3499/3499 3509/3509/3509 3490/3490/3490
f 3509/3509/3509 3510/3510/3510 3500/3500/3500
f 3500/3500/3500 3511/3511/3511 3501/3501/3501
f 3502/3502/3502 3511/3511/3511 3512/3512/3512
f 3503/3503/3503 3512/3512/3512 3513/3513/3513
f 3504/3504/3504 3513/3513/3513 3514/3514/3514
f 3505/3505/3505 3514/3514/3514 3515/3515/3515
f 3506/3506/3506 3515/3515/3515 3516/3516/3516
f 3506/3506/3506 3517/3517/3517 3507/3507/3507
f 3507/3507/3507 3518/3518/3518 3508/3508/3508
f 3508/3508/3508 3519/3519/3519 3509/3509/3509
f 3519/3519/3519 3520/3520/3520 3510/3510/3510
f 3510/3510/3510 3521/3521/3521 3511/3511/3511
f 3512/3512/3512 3521/3521/3521 3522/3522/3522
f 3513/3513/3513 3522/3522/3522 3523/3523/3523
f 3514/3514/3514 3523/3523/3523 3524/3524/3524
f 3515/3515/3515 3524/3524/3524 3525/3525/3525
f 3516/3516/3516 3525/3525/3525 3526/3526/3526
f 3516/3516/3516 3527/3527/3527 3517/3517/3517
f 3517/3517/3517 3528/3528/3528 3518/3518/3518
f 3518/3518/3518 3529/3529/3529 3519/3519/3519
f 3529/3529/3529 3530/3530/3530 3520/3520/3520
f 3520/3520/3520 3531/3531/3531 3521/3521/3521
f 3522/3522/3522 3531/3531/3531 3532/3532/3532
f 3523/3523/3523 3532/3532/3532 3533/3533/3533
f 3524/3524/3524 3533/3533/3533 3534/3534/3534
f 3525/3525/3525 3534/3534/3534 3535/3535/3535
f 3526/3526/3526 3535/3535/3535 3536/3536/3536
f 3526/3526/3526 3537/3537/3537 3527/3527/3527
f 3527/3527/3527 3538/3538/3538 3528/3528/3528
f 3528/3528/3528 3539/3539/3539 3529/3529/3529
f 3539/3539/3539 3540/3540/3540 3530/3530/3530
f 3530/3530/3530 3541/3541/3541 3531/3531/3531
f 3531/3531/3531 3542/3542/3542 3532/3532/3532
f 3533/3533/3533 3542/3542/3542 3543/3543/3543
f 3534/3534/3534 3543/3543/3543 3544/3544/3544
f 3535/3535/3535 3544/3544/3544 3545/3545/3545
f 3536/3536/3536 3545/3545/3545 3546/3546/3546
f 3537/3537/3537 3546/3546/3546 3547/3547/3547
f 3537/3537/3537 3548/3548/3548 3538/3538/3538
f 3538/3538/3538 3549/3549/3549 3539/3539/3539
f 3549/3549/3549 3550/3550/3550 3540/3540/3540
f 3540/3540/3540 3551/3551/3551 3541/3541/3541
f 3541/3541/3541 3552/3552/3552 3542/3542/3542
f 3543/3543/3543 3552/3552/3552 3553/3553/3553
f 3544/3544/3544 3553/3553/3553 3554/3554/3554
f 3545/3545/3545 3554/3554/3554 3555/3555/3555
f 3546/3546/3546 3555/3555/3555 3556/3556/3556
f 3547/3547/3547 3556/3556/3556 3557/3557/3557
f 3547/3547/3547 3558/3558/3558 3548/3548/3548
f 3548/3548/3548 3559/3559/3559 3549/3549/3549
f 3559/3559/3559 3560/3560/3560 3550/3550/3550
f 3550/3550/3550 3561/3561/3561 3551/3551/3551
f 3551/3551/3551 3562/3562/3562 3552/3552/3552
f 3553/3553/3553 3562/3562/3562 3563/3563/3563
f 3554/3554/3554 3563/3563/3563 3564/3564/3564
f 3555/3555/3555 3564/3564/3564 3565/3565/3565
f 3556/3556/3556 3565/3565/3565 3566/3566/3566
f 3557/3557/3557 3566/3566/3566 3567/3567/3567
f 3557/3557/3557 3568/3568/3568 3558/3558/3558
f 3558/3558/3558 3569/3569/3569 3559/3559/3559
f 3569/3569/3569 3570/3570/3570 3560/3560/3560
f 3560/3560/3560 3571/3571/3571 3561/3561/3561
f 3561/3561/3561 3572/3572/3572 3562/3562/3562
f 3563/3563/3563 3572/3572/3572 3573/3573/3573
f 3564/3564/3564 3573/3573/3573 3574/3574/3574
f 3565/3565/3565 3574/3574/3574 3575/3575/3575
f 3566/3566/3566 3575/3575/3575 3576/3576/3576
f 3567/3567/3567 3576/3576/3576 3577/3577/3577
f 3567/3567/3567 3578/3578/3578 3568/3568/3568
f 3568/3568/3568 3579/3579/3579 3569/3569/3569
f 3579/3579/3579 3580/3580/3580 3570/3570/3570
f 3570/3570/3570 3581/3581/3581 3571/3571/3571
f 3571/3571/3571 3582/3582/3582 3572/3572/3572
f 3573/3573/3573 3582/3582/3582 3583/3583/3583
f 3574/3574/3574 3583/3583/3583 3584/3584/3584
f 3575/3575/3575 3584/3584/3584 3585/3585/3585
f 3576/3576/3576 3585/3585/3585 3586/3586/3586
f 3577/3577/3577 3586/3586/3586 3587/3587/3587
f 3577/3577/3577 3588/3588/3588 3578/3578/3578
f 3578/3578/3578 3589/3589/3589 3579/3579/3579
f 3589/3589/3589 3590/3590/3590 3580/3580/3580
f 3580/3580/3580 3591/3591/3591 3581/3581/3581
f 3581/3581/3581 3592/3592/3592 3582/3582/3582
f 3583/3583/3583 3592/3592/3592 3593/3593/3593
f 3584/3584/3584 3593/3593/3593 3594/3594/3594
f 3585/3585/3585 3594/3594/3594 3595/3595/3595
f 3586/3586/3586 3595/3595/3595 3596/3596/3596
f 3587/3587/3587 3596/3596/3596 3597/3597/3597
f 3587/3587/3587 3598/3598/3598 3588/3588/3588
f 3588/3588/3588 3599/3599/3599 3589/3589/3589
f 3599/3599/3599 3600/3600/3600 3590/3590/3590
f 3590/3590/3590 3601/3601/3601 3591/3591/3591
f 3591/3591/3591 3602/3602/3602 3592/3592/3592
f 3593/3593/3593 3602/3602/3602 3603/3603/3603
f 3594/3594/3594 3603/3603/3603 3604/3604/3604
f 3595/3595/3595 3604/3604/3604 3605/3605/3605
f 3596/3596/3596 3605/3605/3605 3606/3606/3606
f 3597/3597/3597 3606/3606/3606 3607/3607/3607
f 3597/3597/3597 3608/3608/3608 3598/3598/3598
f 3598/3598/3598 3609/3609/3609 3599/3599/3599
f 3111/3111/3111 3130/3130/3130 3112/3112/3112
f 3114/3114/3114 3130/3130/3130 3111/3111/3111
f 3116/3116/3116 3114/3114/3114 3115/3115/3115
f 3118/3118/3118 3116/3116/3116 3117/3117/3117
f 3120/3120/3120 3118/3118/3118 3119/3119/3119
f 3122/3122/3122 3120/3120/3120 3121/3121/3121
f 3124/3124/3124 3126/3126/3126 3122/3122/3122
f 3125/3125/3125 3128/3128/3128 3126/3126/3126
f 3127/3127/3127 3129/3129/3129 3128/3128/3128
f 3113/3113/3113 3112/3112/3112 3129/3129/3129
f 3130/3130/3130 3140/3140/3140 3131/3131/3131
f 3132/3132/3132 3140/3140/3140 3130/3130/3130
f 3133/3133/3133 3132/3132/3132 3114/3114/3114
f 3134/3134/3134 3133/3133/3133 3116/3116/3116
f 3135/3135/3135 3134/3134/3134 3118/3118/3118
f 3136/3136/3136 3135/3135/3135 3120/3120/3120
f 3126/3126/3126 3137/3137/3137 3136/3136/3136
f 3128/3128/3128 3138/3138/3138 3137/3137/3137
f 3129/3129/3129 3139/3139/3139 3138/3138/3138
f 3112/3112/3112 3131/3131/3131 3139/3139/3139
f 3140/3140/3140 3151/3151/3151 3141/3141/3141
f 3142/3142/3142 3151/3151/3151 3140/3140/3140
f 3143/3143/3143 3142/3142/3142 3132/3132/3132
f 3144/3144/3144 3143/3143/3143 3133/3133/3133
f 3145/3145/3145 3144/3144/3144 3134/3134/3134
f 3146/3146/3146 3145/3145/3145 3135/3135/3135
f 3137/3137/3137 3147/3147/3147 3146/3146/3146
f 3138/3138/3138 3148/3148/3148 3147/3147/3147
f 3139/3139/3139 3149/3149/3149 3148/3148/3148
f 3131/3131/3131 3141/3141/3141 3149/3149/3149
f 3150/3150/3150 3159/3159/3159 3141/3141/3141
f 3142/3142/3142 3152/3152/3152 3150/3150/3150
f 3143/3143/3143 3153/3153/3153 3152/3152/3152
f 3144/3144/3144 3154/3154/3154 3153/3153/3153
f 3145/3145/3145 3155/3155/3155 3154/3154/3154
f 3146/3146/3146 3164/3164/3164 3155/3155/3155
f 3156/3156/3156 3164/3164/3164 3146/3146/3146
f 3157/3157/3157 3156/3156/3156 3147/3147/3147
f 3158/3158/3158 3157/3157/3157 3148/3148/3148
f 3159/3159/3159 3158/3158/3158 3149/3149/3149
f 3160/3160/3160 3169/3169/3169 3159/3159/3159
f 3152/3152/3152 3161/3161/3161 3160/3160/3160
f 3153/3153/3153 3162/3162/3162 3161/3161/3161
f 3154/3154/3154 3163/3163/3163 3162/3162/3162
f 3155/3155/3155 3165/3165/3165 3163/3163/3163
f 3164/3164/3164 3174/3174/3174 3165/3165/3165
f 3166/3166/3166 3174/3174/3174 3164/3164/3164
f 3167/3167/3167 3166/3166/3166 3156/3156/3156
f 3168/3168/3168 3167/3167/3167 3157/3157/3157
f 3169/3169/3169 3168/3168/3168 3158/3158/3158
f 3170/3170/3170 3179/3179/3179 3169/3169/3169
f 3161/3161/3161 3171/3171/3171 3170/3170/3170
f 3162/3162/3162 3172/3172/3172 3171/3171/3171
f 3163/3163/3163 3173/3173/3173 3172/3172/3172
f 3165/3165/3165 3175/3175/3175 3173/3173/3173
f 3174/3174/3174 3184/3184/3184 3175/3175/3175
f 3176/3176/3176 3184/3184/3184 3174/3174/3174
f 3177/3177/3177 3176/3176/3176 3166/3166/3166
f 3178/3178/3178 3177/3177/3177 3167/3167/3167
f 3179/3179/3179 3178/3178/3178 3168/3168/3168
f 3180/3180/3180 3189/3189/3189 3179/3179/3179
f 3171/3171/3171 3181/3181/3181 3180/3180/3180
f 3172/3172/3172 3182/3182/3182 3181/3181/3181
f 3173/3173/3173 3183/3183/3183 3182/3182/3182
f 3175/3175/3175 3185/3185/3185 3183/3183/3183
f 3184/3184/3184 3194/3194/3194 3185/3185/3185
f 3186/3186/3186 3194/3194/3194 3184/3184/3184
f 3187/3187/3187 3186/3186/3186 3176/3176/3176
f 3188/3188/3188 3187/3187/3187 3177/3177/3177
f 3189/3189/3189 3188/3188/3188 3178/3178/3178
f 3190/3190/3190 3199/3199/3199 3189/3189/3189
f 3181/3181/3181 3191/3191/3191 3190/3190/3190
f 3182/3182/3182 3192/3192/3192 3191/3191/3191
f 3183/3183/3183 3193/3193/3193 3192/3192/3192
f 3185/3185/3185 3195/3195/3195 3193/3193/3193
f 3194/3194/3194 3204/3204/3204 3195/3195/3195
f 3196/3196/3196 3204/3204/3204 3194/3194/3194
f 3197/3197/3197 3196/3196/3196 3186/3186/3186
f 3198/3198/3198 3197/3197/3197 3187/3187/3187
f 3199/3199/3199 3198/3198/3198 3188/3188/3188
f 3200/3200/3200 3209/3209/3209 3199/3199/3199
f 3191/3191/3191 3201/3201/3201 3200/3200/3200
f 3192/3192/3192 3202/3202/3202 3201/3201/3201
f 3193/3193/3193 3203/3203/3203 3202/3202/3202
f 3195/3195/3195 3205/3205/3205 3203/3203/3203
f 3204/3204/3204 3214/3214/3214 3205/3205/3205
f 3206/3206/3206 3214/3214/3214 3204/3204/3204
f 3207/3207/3207 3206/3206/3206 3196/3196/3196
f 3208/3208/3208 3207/3207/3207 3197/3197/3197
f 3209/3209/3209 3208/3208/3208 3198/3198/3198
f 3210/3210/3210 3219/3219/3219 3209/3209/3209
f 3201/3201/3201 3211/3211/3211 3210/3210/3210
f 3202/3202/3202 3212/3212/3212 3211/3211/3211
f 3203/3203/3203 3213/3213/3213 3212/3212/3212
f 3205/3205/3205 3215/3215/3215 3213/3213/3213
f 3214/3214/3214 3224/3224/3224 3215/3215/3215
f 3216/3216/3216 3224/3224/3224 3214/3214/3214
f 3217/3217/3217 3216/3216/3216 3206/3206/3206
f 3218/3218/3218 3217/3217/3217 3207/3207/3207
f 3219/3219/3219 3218/3218/3218 3208/3208/3208
f 3220/3220/3220 3229/3229/3229 3219/3219/3219
f 3211/3211/3211 3221/3221/3221 3220/3220/3220
f 3212/3212/3212 3222/3222/3222 3221/3221/3221
f 3213/3213/3213 3223/3223/3223 3222/3222/3222
f 3215/3215/3215 3225/3225/3225 3223/3223/3223
f 3224/3224/3224 3236/3236/3236 3225/3225/3225
f 3226/3226/3226 3236/3236/3236 3224/3224/3224
f 3227/3227/3227 3226/3226/3226 3216/3216/3216
f 3228/3228/3228 3227/3227/3227 3217/3217/3217
f 3229/3229/3229 3228/3228/3228 3218/3218/3218
f 3220/3220/3220 3231/3231/3231 3230/3230/3230
f 3221/3221/3221 3232/3232/3232 3231/3231/3231
f 3222/3222/3222 3242/3242/3242 3232/3232/3232
f 3233/3233/3233 3242/3242/3242 3222/3222/3222
f 3234/3234/3234 3233/3233/3233 3223/3223/3223
f 3235/3235/3235 3234/3234/3234 3225/3225/3225
f 3237/3237/3237 3235/3235/3235 3236/3236/3236
f 3238/3238/3238 3237/3237/3237 3226/3226/3226
f 3228/3228/3228 3239/3239/3239 3238/3238/3238
f 3229/3229/3229 3230/3230/3230 3239/3239/3239
f 3231/3231/3231 3241/3241/3241 3240/3240/3240
f 3232/3232/3232 3243/3243/3243 3241/3241/3241
f 3242/3242/3242 3251/3251/3251 3243/3243/3243
f 3244/3244/3244 3251/3251/3251 3242/3242/3242
f 3245/3245/3245 3244/3244/3244 3233/3233/3233
f 3246/3246/3246 3245/3245/3245 3234/3234/3234
f 3247/3247/3247 3246/3246/3246 3235/3235/3235
f 3248/3248/3248 3247/3247/3247 3237/3237/3237
f 3239/3239/3239 3249/3249/3249 3248/3248/3248
f 3230/3230/3230 3240/3240/3240 3249/3249/3249
f 3250/3250/3250 3259/3259/3259 3240/3240/3240
f 3243/3243/3243 3252/3252/3252 3250/3250/3250
f 3251/3251/3251 3253/3253/3253 3252/3252/3252
f 3244/3244/3244 3254/3254/3254 3253/3253/3253
f 3245/3245/3245 3255/3255/3255 3254/3254/3254
f 3246/3246/3246 3264/3264/3264 3255/3255/3255
f 3256/3256/3256 3264/3264/3264 3246/3246/3246
f 3257/3257/3257 3256/3256/3256 3247/3247/3247
f 3258/3258/3258 3257/3257/3257 3248/3248/3248
f 3259/3259/3259 3258/3258/3258 3249/3249/3249
f 3260/3260/3260 3269/3269/3269 3259/3259/3259
f 3261/3261/3261 3260/3260/3260 3250/3250/3250
f 3253/3253/3253 3262/3262/3262 3261/3261/3261
f 3254/3254/3254 3263/3263/3263 3262/3262/3262
f 3255/3255/3255 3265/3265/3265 3263/3263/3263
f 3264/3264/3264 3266/3266/3266 3265/3265/3265
f 3256/3256/3256 3275/3275/3275 3266/3266/3266
f 3267/3267/3267 3275/3275/3275 3256/3256/3256
f 3268/3268/3268 3267/3267/3267 3257/3257/3257
f 3269/3269/3269 3268/3268/3268 3258/3258/3258
f 3270/3270/3270 3279/3279/3279 3269/3269/3269
f 3271/3271/3271 3270/3270/3270 3260/3260/3260
f 3262/3262/3262 3272/3272/3272 3271/3271/3271
f 3263/3263/3263 3273/3273/3273 3272/3272/3272
f 3265/3265/3265 3274/3274/3274 3273/3273/3273
f 3266/3266/3266 3276/3276/3276 3274/3274/3274
f 3275/3275/3275 3285/3285/3285 3276/3276/3276
f 3277/3277/3277 3285/3285/3285 3275/3275/3275
f 3278/3278/3278 3277/3277/3277 3267/3267/3267
f 3279/3279/3279 3278/3278/3278 3268/3268/3268
f 3280/3280/3280 3289/3289/3289 3279/3279/3279
f 3281/3281/3281 3280/3280/3280 3270/3270/3270
f 3272/3272/3272 3282/3282/3282 3281/3281/3281
f 3273/3273/3273 3283/3283/3283 3282/3282/3282
f 3274/3274/3274 3284/3284/3284 3283/3283/3283
f 3276/3276/3276 3286/3286/3286 3284/3284/3284
f 3285/3285/3285 3295/3295/3295 3286/3286/3286
f 3287/3287/3287 3295/3295/3295 3285/3285/3285
f 3288/3288/3288 3287/3287/3287 3277/3277/3277
f 3289/3289/3289 3288/3288/3288 3278/3278/3278
f 3290/3290/3290 3299/3299/3299 3289/3289/3289
f 3291/3291/3291 3290/3290/3290 3280/3280/3280
f 3292/3292/3292 3291/3291/3291 3281/3281/3281
f 3283/3283/3283 3293/3293/3293 3292/3292/3292
f 3284/3284/3284 3294/3294/3294 3293/3293/3293
f 3286/3286/3286 3296/3296/3296 3294/3294/3294
f 3295/3295/3295 3297/3297/3297 3296/3296/3296
f 3287/3287/3287 3306/3306/3306 3297/3297/3297
f 3298/3298/3298 3306/3306/3306 3287/3287/3287
f 3299/3299/3299 3298/3298/3298 3288/3288/3288
f 3300/3300/3300 3309/3309/3309 3299/3299/3299
f 3301/3301/3301 3300/3300/3300 3290/3290/3290
f 3302/3302/3302 3301/3301/3301 3291/3291/3291
f 3293/3293/3293 3303/3303/3303 3302/3302/3302
f 3294/3294/3294 3304/3304/3304 3303/3303/3303
f 3296/3296/3296 3305/3305/3305 3304/3304/3304
f 3297/3297/3297 3307/3307/3307 3305/3305/3305
f 3306/3306/3306 3316/3316/3316 3307/3307/3307
f 3308/3308/3308 3316/3316/3316 3306/3306/3306
f 3309/3309/3309 3308/3308/3308 3298/3298/3298
f 3310/3310/3310 3319/3319/3319 3309/3309/3309
f 3311/3311/3311 3310/3310/3310 3300/3300/3300
f 3312/3312/3312 3311/3311/3311 3301/3301/3301
f 3303/3303/3303 3313/3313/3313 3312/3312/3312
f 3304/3304/3304 3314/3314/3314 3313/3313/3313
f 3305/3305/3305 3315/3315/3315 3314/3314/3314
f 3307/3307/3307 3317/3317/3317 3315/3315/3315
f 3316/3316/3316 3326/3326/3326 3317/3317/3317
f 3318/3318/3318 3326/3326/3326 3316/3316/3316
f 3319/3319/3319 3318/3318/3318 3308/3308/3308
f 3320/3320/3320 3329/3329/3329 3319/3319/3319
f 3321/3321/3321 3320/3320/3320 3310/3310/3310
f 3322/3322/3322 3321/3321/3321 3311/3311/3311
f 3313/3313/3313 3323/3323/3323 3322/3322/3322
f 3314/3314/3314 3324/3324/3324 3323/3323/3323
f 3315/3315/3315 3325/3325/3325 3324/3324/3324
f 3317/3317/3317 3327/3327/3327 3325/3325/3325
f 3326/3326/3326 3336/3336/3336 3327/3327/3327
f 3328/3328/3328 3336/3336/3336 3326/3326/3326
f 3329/3329/3329 3328/3328/3328 3318/3318/3318
f 3330/3330/3330 3339/3339/3339 3329/3329/3329
f 3331/3331/3331 3330/3330/3330 3320/3320/3320
f 3332/3332/3332 3331/3331/3331 3321/3321/3321
f 3323/3323/3323 3333/3333/3333 3332/3332/3332
f 3324/3324/3324 3334/3334/3334 3333/3333/3333
f 3325/3325/3325 3335/3335/3335 3334/3334/3334
f 3327/3327/3327 3337/3337/3337 3335/3335/3335
f 3336/3336/3336 3346/3346/3346 3337/3337/3337
f 3338/3338/3338 3346/3346/3346 3336/3336/3336
f 3339/3339/3339 3338/3338/3338 3328/3328/3328
f 3340/3340/3340 3349/3349/3349 3339/3339/3339
f 3341/3341/3341 3340/3340/3340 3330/3330/3330
f 3342/3342/3342 3341/3341/3341 3331/3331/3331
f 3333/3333/3333 3343/3343/3343 3342/3342/3342
f 3334/3334/3334 3344/3344/3344 3343/3343/3343
f 3335/3335/3335 3345/3345/3345 3344/3344/3344
f 3337/3337/3337 3347/3347/3347 3345/3345/3345
f 3346/3346/3346 3356/3356/3356 3347/3347/3347
f 3348/3348/3348 3356/3356/3356 3346/3346/3346
f 3349/3349/3349 3348/3348/3348 3338/3338/3338
f 3350/3350/3350 3359/3359/3359 3349/3349/3349
f 3351/3351/3351 3350/3350/3350 3340/3340/3340
f 3352/3352/3352 3351/3351/3351 3341/3341/3341
f 3343/3343/3343 3353/3353/3353 3352/3352/3352
f 3344/3344/3344 3354/3354/3354 3353/3353/3353
f 3345/3345/3345 3355/3355/3355 3354/3354/3354
f 3347/3347/3347 3357/3357/3357 3355/3355/3355
f 3356/3356/3356 3610/3610/3610 3357/3357/3357
f 3358/3358/3358 3610/3610/3610 3356/3356/3356
f 3359/3359/3359 3358/3358/3358 3348/3348/3348
f 3360/3360/3360 3379/3379/3379 3361/3361/3361
f 3360/3360/3360 3362/3362/3362 3363/3363/3363
f 3364/3364/3364 3363/3363/3363 3365/3365/3365
f 3366/3366/3366 3365/3365/3365 3367/3367/3367
f 3368/3368/3368 3367/3367/3367 3369/3369/3369
f 3370/3370/3370 3369/3369/3369 3371/3371/3371
f 3373/3373/3373 3372/3372/3372 3371/3371/3371
f 3375/3375/3375 3373/3373/3373 3374/3374/3374
f 3377/3377/3377 3375/3375/3375 3376/3376/3376
f 3379/3379/3379 3377/3377/3377 3378/3378/3378
f 3362/3362/3362 3361/3361/3361 3380/3380/3380
f 3362/3362/3362 3381/3381/3381 3382/3382/3382
f 3363/3363/3363 3382/3382/3382 3383/3383/3383
f 3365/3365/3365 3383/3383/3383 3384/3384/3384
f 3367/3367/3367 3384/3384/3384 3385/3385/3385
f 3369/3369/3369 3385/3385/3385 3386/3386/3386
f 3374/3374/3374 3371/3371/3371 3386/3386/3386
f 3376/3376/3376 3374/3374/3374 3387/3387/3387
f 3378/3378/3378 3376/3376/3376 3388/3388/3388
f 3361/3361/3361 3378/3378/3378 3389/3389/3389
f 3381/3381/3381 3380/3380/3380 3390/3390/3390
f 3381/3381/3381 3391/3391/3391 3392/3392/3392
f 3382/3382/3382 3392/3392/3392 3393/3393/3393
f 3383/3383/3383 3393/3393/3393 3394/3394/3394
f 3384/3384/3384 3394/3394/3394 3395/3395/3395
f 3385/3385/3385 3395/3395/3395 3396/3396/3396
f 3387/3387/3387 3386/3386/3386 3396/3396/3396
f 3388/3388/3388 3387/3387/3387 3397/3397/3397
f 3389/3389/3389 3388/3388/3388 3398/3398/3398
f 3380/3380/3380 3389/3389/3389 3399/3399/3399
f 3390/3390/3390 3409/3409/3409 3400/3400/3400
f 3392/3392/3392 3391/3391/3391 3400/3400/3400
f 3393/3393/3393 3392/3392/3392 3401/3401/3401
f 3394/3394/3394 3393/3393/3393 3402/3402/3402
f 3395/3395/3395 3394/3394/3394 3403/3403/3403
f 3396/3396/3396 3395/3395/3395 3404/3404/3404
f 3396/3396/3396 3405/3405/3405 3406/3406/3406
f 3397/3397/3397 3406/3406/3406 3407/3407/3407
f 3398/3398/3398 3407/3407/3407 3408/3408/3408
f 3399/3399/3399 3408/3408/3408 3409/3409/3409
f 3409/3409/3409 3419/3419/3419 3410/3410/3410
f 3401/3401/3401 3400/3400/3400 3410/3410/3410
f 3402/3402/3402 3401/3401/3401 3411/3411/3411
f 3403/3403/3403 3402/3402/3402 3412/3412/3412
f 3404/3404/3404 3403/3403/3403 3413/3413/3413
f 3405/3405/3405 3404/3404/3404 3414/3414/3414
f 3405/3405/3405 3415/3415/3415 3416/3416/3416
f 3406/3406/3406 3416/3416/3416 3417/3417/3417
f 3407/3407/3407 3417/3417/3417 3418/3418/3418
f 3408/3408/3408 3418/3418/3418 3419/3419/3419
f 3419/3419/3419 3429/3429/3429 3420/3420/3420
f 3411/3411/3411 3410/3410/3410 3420/3420/3420
f 3412/3412/3412 3411/3411/3411 3421/3421/3421
f 3413/3413/3413 3412/3412/3412 3422/3422/3422
f 3414/3414/3414 3413/3413/3413 3423/3423/3423
f 3415/3415/3415 3414/3414/3414 3424/3424/3424
f 3415/3415/3415 3425/3425/3425 3426/3426/3426
f 3416/3416/3416 3426/3426/3426 3427/3427/3427
f 3417/3417/3417 3427/3427/3427 3428/3428/3428
f 3418/3418/3418 3428/3428/3428 3429/3429/3429
f 3429/3429/3429 3439/3439/3439 3430/3430/3430
f 3421/3421/3421 3420/3420/3420 3430/3430/3430
f 3422/3422/3422 3421/3421/3421 3431/3431/3431
f 3423/3423/3423 3422/3422/3422 3432/3432/3432
f 3424/3424/3424 3423/3423/3423 3433/3433/3433
f 3425/3425/3425 3424/3424/3424 3434/3434/3434
f 3425/3425/3425 3435/3435/3435 3436/3436/3436
f 3426/3426/3426 3436/3436/3436 3437/3437/3437
f 3427/3427/3427 3437/3437/3437 3438/3438/3438
f 3428/3428/3428 3438/3438/3438 3439/3439/3439
f 3439/3439/3439 3449/3449/3449 3440/3440/3440
f 3431/3431/3431 3430/3430/3430 3440/3440/3440
f 3432/3432/3432 3431/3431/3431 3441/3441/3441
f 3433/3433/3433 3432/3432/3432 3442/3442/3442
f 3434/3434/3434 3433/3433/3433 3443/3443/3443
f 3435/3435/3435 3434/3434/3434 3444/3444/3444
f 3435/3435/3435 3445/3445/3445 3446/3446/3446
f 3436/3436/3436 3446/3446/3446 3447/3447/3447
f 3437/3437/3437 3447/3447/3447 3448/3448/3448
f 3438/3438/3438 3448/3448/3448 3449/3449/3449
f 3449/3449/3449 3459/3459/3459 3450/3450/3450
f 3441/3441/3441 3440/3440/3440 3450/3450/3450
f 3442/3442/3442 3441/3441/3441 3451/3451/3451
f 3443/3443/3443 3442/3442/3442 3452/3452/3452
f 3444/3444/3444 3443/3443/3443 3453/3453/3453
f 3445/3445/3445 3444/3444/3444 3454/3454/3454
f 3445/3445/3445 3455/3455/3455 3456/3456/3456
f 3446/3446/3446 3456/3456/3456 3457/3457/3457
f 3447/3447/3447 3457/3457/3457 3458/3458/3458
f 3448/3448/3448 3458/3458/3458 3459/3459/3459
f 3459/3459/3459 3469/3469/3469 3460/3460/3460
f 3451/3451/3451 3450/3450/3450 3460/3460/3460
f 3452/3452/3452 3451/3451/3451 3461/3461/3461
f 3453/3453/3453 3452/3452/3452 3462/3462/3462
f 3454/3454/3454 3453/3453/3453 3463/3463/3463
f 3455/3455/3455 3454/3454/3454 3464/3464/3464
f 3455/3455/3455 3465/3465/3465 3466/3466/3466
f 3456/3456/3456 3466/3466/3466 3467/3467/3467
f 3457/3457/3457 3467/3467/3467 3468/3468/3468
f 3458/3458/3458 3468/3468/3468 3469/3469/3469
f 3469/3469/3469 3479/3479/3479 3470/3470/3470
f 3461/3461/3461 3460/3460/3460 3470/3470/3470
f 3462/3462/3462 3461/3461/3461 3471/3471/3471
f 3463/3463/3463 3462/3462/3462 3472/3472/3472
f 3464/3464/3464 3463/3463/3463 3473/3473/3473
f 3465/3465/3465 3464/3464/3464 3474/3474/3474
f 3465/3465/3465 3475/3475/3475 3476/3476/3476
f 3466/3466/3466 3476/3476/3476 3477/3477/3477
f 3467/3467/3467 3477/3477/3477 3478/3478/3478
f 3468/3468/3468 3478/3478/3478 3479/3479/3479
f 3470/3470/3470 3479/3479/3479 3480/3480/3480
f 3471/3471/3471 3470/3470/3470 3481/3481/3481
f 3472/3472/3472 3471/3471/3471 3482/3482/3482
f 3472/3472/3472 3483/3483/3483 3484/3484/3484
f 3473/3473/3473 3484/3484/3484 3485/3485/3485
f 3474/3474/3474 3485/3485/3485 3486/3486/3486
f 3475/3475/3475 3486/3486/3486 3487/3487/3487
f 3476/3476/3476 3487/3487/3487 3488/3488/3488
f 3478/3478/3478 3477/3477/3477 3488/3488/3488
f 3479/3479/3479 3478/3478/3478 3489/3489/3489
f 3481/3481/3481 3480/3480/3480 3490/3490/3490
f 3482/3482/3482 3481/3481/3481 3491/3491/3491
f 3483/3483/3483 3482/3482/3482 3492/3492/3492
f 3483/3483/3483 3493/3493/3493 3494/3494/3494
f 3484/3484/3484 3494/3494/3494 3495/3495/3495
f 3485/3485/3485 3495/3495/3495 3496/3496/3496
f 3486/3486/3486 3496/3496/3496 3497/3497/3497
f 3487/3487/3487 3497/3497/3497 3498/3498/3498
f 3489/3489/3489 3488/3488/3488 3498/3498/3498
f 3480/3480/3480 3489/3489/3489 3499/3499/3499
f 3490/3490/3490 3509/3509/3509 3500/3500/3500
f 3492/3492/3492 3491/3491/3491 3500/3500/3500
f 3493/3493/3493 3492/3492/3492 3501/3501/3501
f 3494/3494/3494 3493/3493/3493 3502/3502/3502
f 3495/3495/3495 3494/3494/3494 3503/3503/3503
f 3496/3496/3496 3495/3495/3495 3504/3504/3504
f 3496/3496/3496 3505/3505/3505 3506/3506/3506
f 3497/3497/3497 3506/3506/3506 3507/3507/3507
f 3498/3498/3498 3507/3507/3507 3508/3508/3508
f 3499/3499/3499 3508/3508/3508 3509/3509/3509
f 3509/3509/3509 3519/3519/3519 3510/3510/3510
f 3500/3500/3500 3510/3510/3510 3511/3511/3511
f 3502/3502/3502 3501/3501/3501 3511/3511/3511
f 3503/3503/3503 3502/3502/3502 3512/3512/3512
f 3504/3504/3504 3503/3503/3503 3513/3513/3513
f 3505/3505/3505 3504/3504/3504 3514/3514/3514
f 3506/3506/3506 3505/3505/3505 3515/3515/3515
f 3506/3506/3506 3516/3516/3516 3517/3517/3517
f 3507/3507/3507 3517/3517/3517 3518/3518/3518
f 3508/3508/3508 3518/3518/3518 3519/3519/3519
f 3519/3519/3519 3529/3529/3529 3520/3520/3520
f 3510/3510/3510 3520/3520/3520 3521/3521/3521
f 3512/3512/3512 3511/3511/3511 3521/3521/3521
f 3513/3513/3513 3512/3512/3512 3522/3522/3522
f 3514/3514/3514 3513/3513/3513 3523/3523/3523
f 3515/3515/3515 3514/3514/3514 3524/3524/3524
f 3516/3516/3516 3515/3515/3515 3525/3525/3525
f 3516/3516/3516 3526/3526/3526 3527/3527/3527
f 3517/3517/3517 3527/3527/3527 3528/3528/3528
f 3518/3518/3518 3528/3528/3528 3529/3529/3529
f 3529/3529/3529 3539/3539/3539 3530/3530/3530
f 3520/3520/3520 3530/3530/3530 3531/3531/3531
f 3522/3522/3522 3521/3521/3521 3531/3531/3531
f 3523/3523/3523 3522/3522/3522 3532/3532/3532
f 3524/3524/3524 3523/3523/3523 3533/3533/3533
f 3525/3525/3525 3524/3524/3524 3534/3534/3534
f 3526/3526/3526 3525/3525/3525 3535/3535/3535
f 3526/3526/3526 3536/3536/3536 3537/3537/3537
f 3527/3527/3527 3537/3537/3537 3538/3538/3538
f 3528/3528/3528 3538/3538/3538 3539/3539/3539
f 3539/3539/3539 3549/3549/3549 3540/3540/3540
f 3530/3530/3530 3540/3540/3540 3541/3541/3541
f 3531/3531/3531 3541/3541/3541 3542/3542/3542
f 3533/3533/3533 3532/3532/3532 3542/3542/3542
f 3534/3534/3534 3533/3533/3533 3543/3543/3543
f 3535/3535/3535 3534/3534/3534 3544/3544/3544
f 3536/3536/3536 3535/3535/3535 3545/3545/3545
f 3537/3537/3537 3536/3536/3536 3546/3546/3546
f 3537/3537/3537 3547/3547/3547 3548/3548/3548
f 3538/3538/3538 3548/3548/3548 3549/3549/3549
f 3549/3549/3549 3559/3559/3559 3550/3550/3550
f 3540/3540/3540 3550/3550/3550 3551/3551/3551
f 3541/3541/3541 3551/3551/3551 3552/3552/3552
f 3543/3543/3543 3542/3542/3542 3552/3552/3552
f 3544/3544/3544 3543/3543/3543 3553/3553/3553
f 3545/3545/3545 3544/3544/3544 3554/3554/3554
f 3546/3546/3546 3545/3545/3545 3555/3555/3555
f 3547/3547/3547 3546/3546/3546 3556/3556/3556
f 3547/3547/3547 3557/3557/3557 3558/3558/3558
f 3548/3548/3548 3558/3558/3558 3559/3559/3559
f 3559/3559/3559 3569/3569/3569 3560/3560/3560
f 3550/3550/3550 3560/3560/3560 3561/3561/3561
f 3551/3551/3551 3561/3561/3561 3562/3562/3562
f 3553/3553/3553 3552/3552/3552 3562/3562/3562
f 3554/3554/3554 3553/3553/3553 3563/3563/3563
f 3555/3555/3555 3554/3554/3554 3564/3564/3564
f 3556/3556/3556 3555/3555/3555 3565/3565/3565
f 3557/3557/3557 3556/3556/3556 3566/3566/3566
f 3557/3557/3557 3567/3567/3567 3568/3568/3568
f 3558/3558/3558 3568/3568/3568 3569/3569/3569
f 3569/3569/3569 3579/3579/3579 3570/3570/3570
f 3560/3560/3560 3570/3570/3570 3571/3571/3571
f 3561/3561/3561 3571/3571/3571 3572/3572/3572
f 3563/3563/3563 3562/3562/3562 3572/3572/3572
f 3564/3564/3564 3563/3563/3563 3573/3573/3573
f 3565/3565/3565 3564/3564/3564 3574/3574/3574
f 3566/3566/3566 3565/3565/3565 3575/3575/3575
f 3567/3567/3567 3566/3566/3566 3576/3576/3576
f 3567/3567/3567 3577/3577/3577 3578/3578/3578
f 3568/3568/3568 3578/3578/3578 3579/3579/3579
f 3579/3579/3579 3589/3589/3589 3580/3580/3580
f 3570/3570/3570 3580/3580/3580 3581/3581/3581
f 3571/3571/3571 3581/3581/3581 3582/3582/3582
f 3573/3573/3573 3572/3572/3572 3582/3582/3582
f 3574/3574/3574 3573/3573/3573 3583/3583/3583
f 3575/3575/3575 3574/3574/3574 3584/3584/3584
f 3576/3576/3576 3575/3575/3575 3585/3585/3585
f 3577/3577/3577 3576/3576/3576 3586/3586/3586
f 3577/3577/3577 3587/3587/3587 3588/3588/3588
f 3578/3578/3578 3588/3588/3588 3589/3589/3589
f 3589/3589/3589 3599/3599/3599 3590/3590/3590
f 3580/3580/3580 3590/3590/3590 3591/3591/3591
f 3581/3581/3581 3591/3591/3591 3592/3592/3592
f 3583/3583/3583 3582/3582/3582 3592/3592/3592
f 3584/3584/3584 3583/3583/3583 3593/3593/3593
f 3585/3585/3585 3584/3584/3584 3594/3594/3594
f 3586/3586/3586 3585/3585/3585 3595/3595/3595
f 3587/3587/3587 3586/3586/3586 3596/3596/3596
f 3587/3587/3587 3597/3597/3597 3598/3598/3598
f 3588/3588/3588 3598/3598/3598 3599/3599/3599
f 3599/3599/3599 3609/3609/3609 3600/3600/3600
f 3590/3590/3590 3600/3600/3600 3601/3601/3601
f 3591/3591/3591 3601/3601/3601 3602/3602/3602
f 3593/3593/3593 3592/3592/3592 3602/3602/3602
f 3594/3594/3594 3593/3593/3593 3603/3603/3603
f 3595/3595/3595 3594/3594/3594 3604/3604/3604
f 3596/3596/3596 3595/3595/3595 3605/3605/3605
f 3597/3597/3597 3596/3596/3596 3606/3606/3606
f 3597/3597/3597 3607/3607/3607 3608/3608/3608
f 3598/3598/3598 3608/3608/3608 3609/3609/3609

o part_007
usemtl material_1
v -0.00007416 0.05070987 0.04660353
v -0.00256386 0.05095507 -0.03778637
v -0.00256386 0.05095507 0.04660353
v 0.00231987 0.04998365 0.04660353
v -0.00007416 0.05070987 -0.03778637
v -0.00007416 0.05070987 0.04660353
v 0.00452622 0.04880433 0.04660353
v 0.00231987 0.04998365 -0.03778637
v 0.00231987 0.04998365 0.04660353
v 0.00646010 0.04721724 0.04660353
v 0.00452622 0.04880433 -0.03778637
v 0.00452622 0.04880433 0.04660353
v 0.00804720 0.04528337 0.04660353
v 0.00646010 0.04721724 -0.03778637
v 0.00646010 0.04721724 0.04660353
v 0.00922652 0.04307702 0.04660353
v 0.00804720 0.04528337 -0.03778637
v 0.00804720 0.04528337 0.04660353
v 0.00995274 0.04068299 0.04660353
v 0.00922652 0.04307702 -0.03778637
v 0.00922652 0.04307702 0.04660353
v 0.01019796 0.03819329 0.04660353
v 0.00995274 0.04068299 -0.03778637
v 0.00995274 0.04068299 0.04660353
v 0.00995275 0.03570359 0.04660353
v 0.01019796 0.03819329 -0.03778637
v 0.01019796 0.03819329 0.04660353
v 0.00922653 0.03330956 0.04660353
v 0.00995275 0.03570359 -0.03778637
v 0.00995275 0.03570359 0.04660353
v 0.00804722 0.03110321 0.04660353
v 0.00922653 0.03330956 -0.03778637
v 0.00922653 0.03330956 0.04660353
v 0.00646013 0.02916933 0.04660353
v 0.00804722 0.03110321 -0.03778637
v 0.00804722 0.03110321 0.04660353
v 0.00452624 0.02758223 0.04660353
v 0.00646013 0.02916933 -0.03778637
v 0.00646013 0.02916933 0.04660353
v 0.00231990 0.02640291 0.04660353
v 0.00452624 0.02758223 -0.03778637
v 0.00452624 0.02758223 0.04660353
v -0.00007413 0.02567669 0.04660353
v 0.00231990 0.02640291 -0.03778637
v 0.00231990 0.02640291 0.04660353
v -0.00256384 0.02543147 0.04660353
v -0.00007413 0.02567669 -0.03778637
v -0.00007413 0.02567669 0.04660353
v -0.00505354 0.02567668 0.04660353
v -0.00256384 0.02543147 -0.03778637
v -0.00256384 0.02543147 0.04660353
v -0.00744757 0.02640289 0.04660353
v -0.00505354 0.02567668 -0.03778637
v -0.00505354 0.02567668 0.04660353
v -0.00965392 0.02758221 0.04660353
v -0.00744757 0.02640289 -0.03778637
v -0.00744757 0.02640289 0.04660353
v -0.01158780 0.02916931 0.04660353
v -0.00965392 0.02758221 -0.03778637
v -0.00965392 0.02758221 0.04660353
v -0.01317489 0.03110318 0.04660353
v -0.01158780 0.02916931 -0.03778637
v -0.01158780 0.02916931 0.04660353
v -0.01435421 0.03330954 0.04660353
v -0.01317489 0.03110318 -0.03778637
v -0.01317489 0.03110318 0.04660353
v -0.01508043 0.03570356 0.04660353
v -0.01435421 0.03330954 -0.03778637
v -0.01435421 0.03330954 0.04660353
v -0.01532565 0.03819327 0.04660353
v -0.01508043 0.03570356 -0.03778637
v -0.01508043 0.03570356 0.04660353
v -0.01508044 0.04068297 0.04660353
v -0.01532565 0.03819327 -0.03778637
v -0.01532565 0.03819327 0.04660353
v -0.01435422 0.04307700 0.04660353
v -0.01508044 0.04068297 -0.03778637
v -0.01508044 0.04068297 0.04660353
v -0.01317490 0.04528335 0.04660353
v -0.01435422 0.04307700 -0.03778637
v -0.01435422 0.04307700 0.04660353
v -0.01158780 0.04721723 0.04660353
v -0.01317490 0.04528335 -0.03778637
v -0.01317490 0.04528335 0.04660353
v -0.00965392 0.04880433 0.04660353
v -0.01158780 0.04721723 -0.03778637
v -0.01158780 0.04721723 0.04660353
v -0.00744757 0.04998364 0.04660353
v -0.00965392 0.04880433 -0.03778637
v -0.00965392 0.04880433 0.04660353
v -0.01158780 0.02916931 -0.03778637
v -0.01532565 0.03819327 -0.03778637
v -0.00256386 0.05095507 -0.03778637
v -0.00505355 0.05070986 0.04660353
v -0.00744757 0.04998364 -0.03778637
v -0.00744757 0.04998364 0.04660353
v -0.00256386 0.05095507 0.04660353
v -0.00505355 0.05070986 -0.03778637
v -0.00505355 0.05070986 0.04660353
v -0.00505354 0.02567668 0.04660353
v 0.00804720 0.04528337 0.04660353
v -0.00007416 0.05070987 0.04660353
v -0.00007416 0.05070987 -0.03778637
v 0.00231987 0.04998365 -0.03778637
v 0.00452622 0.04880433 -0.03778637
v 0.00646010 0.04721724 -0.03778637
v 0.00804720 0.04528337 -0.03778637
v 0.00922652 0.04307702 -0.03778637
v 0.00995274 0.04068299 -0.03778637
v 0.01019796 0.03819329 -0.03778637
v 0.00995275 0.03570359 -0.03778637
v 0.00922653 0.03330956 -0.03778637
v 0.00804722 0.03110321 -0.03778637
v 0.00646013 0.02916933 -0.03778637
v 0.00452624 0.02758223 -0.03778637
v 0.00231990 0.02640291 -0.03778637
v -0.00007413 0.02567669 -0.03778637
v -0.00256384 0.02543147 -0.03778637
v -0.00505354 0.02567668 -0.03778637
v -0.00744757 0.02640289 -0.03778637
v -0.00965392 0.02758221 -0.03778637
v -0.01158780 0.02916931 -0.03778637
v -0.01317489 0.03110318 -0.03778637
v -0.01435421 0.03330954 -0.03778637
v -0.01508043 0.03570356 -0.03778637
v -0.01532565 0.03819327 -0.03778637
v -0.01508044 0.04068297 -0.03778637
v -0.01435422 0.04307700 -0.03778637
v -0.01317490 0.04528335 -0.03778637
v -0.01158780 0.04721723 -0.03778637
v -0.00965392 0.04880433 -0.03778637
v -0.00744757 0.04998364 -0.03778637
v -0.00007416 0.05070987 -0.03778637
v 0.00231987 0.04998365 -0.03778637
v 0.00452622 0.04880433 -0.03778637
v 0.00646010 0.04721724 -0.03778637
v 0.00804720 0.04528337 -0.03778637
v 0.00922652 0.04307702 -0.03778637
v 0.00995274 0.04068299 -0.03778637
v 0.01019796 0.03819329 -0.03778637
v 0.00995275 0.03570359 -0.03778637
v 0.00922653 0.03330956 -0.03778637
v 0.00804722 0.03110321 -0.03778637
v 0.00646013 0.02916933 -0.03778637
v 0.00452624 0.02758223 -0.03778637
v 0.00231990 0.02640291 -0.03778637
v -0.00007413 0.02567669 -0.03778637
v -0.00256384 0.02543147 -0.03778637
v -0.00505354 0.02567668 -0.03778637
v -0.00744757 0.02640289 -0.03778637
v -0.00965392 0.02758221 -0.03778637
v -0.01317489 0.03110318 -0.03778637
v -0.01435421 0.03330954 -0.03778637
v -0.01508043 0.03570356 -0.03778637
v -0.01508044 0.04068297 -0.03778637
v -0.01435422 0.04307700 -0.03778637
v -0.01317490 0.04528335 -0.03778637
v -0.01158780 0.04721723 -0.03778637
v -0.00965392 0.04880433 -0.03778637
v -0.00744757 0.04998364 -0.03778637
v -0.00505355 0.05070986 -0.03778637
v -0.00505355 0.05070986 -0.03778637
v -0.00256386 0.05095507 -0.03778637
v -0.00256386 0.05095507 0.04660353
v -0.00965392 0.04880433 0.04660353
v -0.00505355 0.05070986 0.04660353
v -0.00744757 0.04998364 0.04660353
v -0.01158780 0.04721723 0.04660353
v -0.01317490 0.04528335 0.04660353
v -0.01435422 0.04307700 0.04660353
v -0.01508044 0.04068297 0.04660353
v -0.01532565 0.03819327 0.04660353
v -0.01508043 0.03570356 0.04660353
v -0.01435421 0.03330954 0.04660353
v -0.01317489 0.03110318 0.04660353
v -0.01158780 0.02916931 0.04660353
v -0.00965392 0.02758221 0.04660353
v -0.00744757 0.02640289 0.04660353
v -0.00256384 0.02543147 0.04660353
v -0.00007413 0.02567669 0.04660353
v 0.00231990 0.02640291 0.04660353
v 0.00452624 0.02758223 0.04660353
v 0.00646013 0.02916933 0.04660353
v 0.00804722 0.03110321 0.04660353
v 0.00922653 0.03330956 0.04660353
v 0.00995275 0.03570359 0.04660353
v 0.01019796 0.03819329 0.04660353
v 0.00995274 0.04068299 0.04660353
v 0.00922652 0.04307702 0.04660353
v 0.00646010 0.04721724 0.04660353
v 0.00452622 0.04880433 0.04660353
v 0.00231987 0.04998365 0.04660353
vn 0.09801392 0.99518504 0.00000000
vn 0.09801392 0.99518504 0.00000000
vn 0.09801392 0.99518504 0.00000000
vn 0.29028348 0.95694070 0.00000000
vn 0.29028348 0.95694070 0.00000000
vn 0.29028348 0.95694070 0.00000000
vn 0.47139670 0.88192128 0.00000000
vn 0.47139670 0.88192128 0.00000000
vn 0.47139670 0.88192128 0.00000000
vn 0.63439196 0.77301154 0.00000000
vn 0.63439196 0.77301154 0.00000000
vn 0.63439196 0.77301154 0.00000000
vn 0.77300903 0.63439502 0.00000000
vn 0.77300903 0.63439502 0.00000000
vn 0.77300903 0.63439502 0.00000000
vn 0.88192136 0.47139656 0.00000000
vn 0.88192136 0.47139656 0.00000000
vn 0.88192136 0.47139656 0.00000000
vn 0.95693986 0.29028624 0.00000000
vn 0.95693986 0.29028624 0.00000000
vn 0.95693986 0.29028624 0.00000000
vn 0.99518457 0.09801875 0.00000000
vn 0.99518457 0.09801875 0.00000000
vn 0.99518457 0.09801875 0.00000000
vn 0.99518505 -0.09801390 0.00000000
vn 0.99518505 -0.09801390 0.00000000
vn 0.99518505 -0.09801390 0.00000000
vn 0.95694033 -0.29028471 0.00000000
vn 0.95694033 -0.29028471 0.00000000
vn 0.95694033 -0.29028471 0.00000000
vn 0.88192162 -0.47139607 0.00000000
vn 0.88192162 -0.47139607 0.00000000
vn 0.88192162 -0.47139607 0.00000000
vn 0.77301191 -0.63439151 0.00000000
vn 0.77301191 -0.63439151 0.00000000
vn 0.77301191 -0.63439151 0.00000000
vn 0.63439452 -0.77300944 0.00000000
vn 0.63439452 -0.77300944 0.00000000
vn 0.63439452 -0.77300944 0.00000000
vn 0.47139707 -0.88192109 0.00000000
vn 0.47139707 -0.88192109 0.00000000
vn 0.47139707 -0.88192109 0.00000000
vn 0.29028599 -0.95693994 0.00000000
vn 0.29028599 -0.95693994 0.00000000
vn 0.29028599 -0.95693994 0.00000000
vn 0.09801858 -0.99518459 0.00000000
vn 0.09801858 -0.99518459 0.00000000
vn 0.09801858 -0.99518459 0.00000000
vn -0.09801726 -0.99518471 0.00000000
vn -0.09801726 -0.99518471 0.00000000
vn -0.09801726 -0.99518471 0.00000000
vn -0.29028164 -0.95694126 0.00000000
vn -0.29028164 -0.95694126 0.00000000
vn -0.29028164 -0.95694126 0.00000000
vn -0.47139696 -0.88192114 0.00000000
vn -0.47139696 -0.88192114 0.00000000
vn -0.47139696 -0.88192114 0.00000000
vn -0.63439294 -0.77301073 0.00000000
vn -0.63439294 -0.77301073 0.00000000
vn -0.63439294 -0.77301073 0.00000000
vn -0.77300966 -0.63439425 0.00000000
vn -0.77300966 -0.63439425 0.00000000
vn -0.77300966 -0.63439425 0.00000000
vn -0.88192140 -0.47139649 0.00000000
vn -0.88192140 -0.47139649 0.00000000
vn -0.88192140 -0.47139649 0.00000000
vn -0.95694020 -0.29028511 0.00000000
vn -0.95694020 -0.29028511 0.00000000
vn -0.95694020 -0.29028511 0.00000000
vn -0.99518457 -0.09801875 0.00000000
vn -0.99518457 -0.09801875 0.00000000
vn -0.99518457 -0.09801875 0.00000000
vn -0.99518473 0.09801709 0.00000000
vn -0.99518473 0.09801709 0.00000000
vn -0.99518473 0.09801709 0.00000000
vn -0.95694031 0.29028475 0.00000000
vn -0.95694031 0.29028475 0.00000000
vn -0.95694031 0.29028475 0.00000000
vn -0.88192159 0.47139613 0.00000000
vn -0.88192159 0.47139613 0.00000000
vn -0.88192159 0.47139613 0.00000000
vn -0.77301002 0.63439382 0.00000000
vn -0.77301002 0.63439382 0.00000000
vn -0.77301002 0.63439382 0.00000000
vn -0.63439452 0.77300944 0.00000000
vn -0.63439452 0.77300944 0.00000000
vn -0.63439452 0.77300944 0.00000000
vn -0.47139522 0.88192208 0.00000000
vn -0.47139522 0.88192208 0.00000000
vn -0.47139522 0.88192208 0.00000000
vn 0.00000000 0.00000000 -1.00000000
vn 0.00000000 0.00000000 -1.00000000
vn 0.00000000 0.00000000 -1.00000000
vn -0.29028505 0.95694022 0.00000000
vn -0.29028505 0.95694022 0.00000000
vn -0.29028505 0.95694022 0.00000000
vn -0.09801620 0.99518482 0.00000000
vn -0.09801620 0.99518482 0.00000000
vn -0.09801620 0.99518482 0.00000000
vn 0.00000000 0.00000000 1.00000000
vn 0.00000000 0.00000000 1.00000000
vn 0.00000000 0.00000000 1.00000000
vn 0.09801392 0.99518504 0.00000000
vn 0.29028348 0.95694070 0.00000000
vn 0.47139670 0.88192128 0.00000000
vn 0.63439196 0.77301154 0.00000000
vn 0.77300903 0.63439502 0.00000000
vn 0.88192136 0.47139656 0.00000000
vn 0.95693986 0.29028624 0.00000000
vn 0.99518457 0.09801875 0.00000000
vn 0.99518505 -0.09801390 0.00000000
vn 0.95694033 -0.29028471 0.00000000
vn 0.88192162 -0.47139607 0.00000000
vn 0.77301191 -0.63439151 0.00000000
vn 0.63439452 -0.77300944 0.00000000
vn 0.47139707 -0.88192109 0.00000000
vn 0.29028599 -0.95693994 0.00000000
vn 0.09801858 -0.99518459 0.00000000
vn -0.09801726 -0.99518471 0.00000000
vn -0.29028164 -0.95694126 0.00000000
vn -0.47139696 -0.88192114 0.00000000
vn -0.63439294 -0.77301073 0.00000000
vn -0.77300966 -0.63439425 0.00000000
vn -0.88192140 -0.47139649 0.00000000
vn -0.95694020 -0.29028511 0.00000000
vn -0.99518457 -0.09801875 0.00000000
vn -0.99518473 0.09801709 0.00000000
vn -0.95694031 0.29028475 0.00000000
vn -0.88192159 0.47139613 0.00000000
vn -0.77301002 0.63439382 0.00000000
vn -0.63439452 0.77300944 0.00000000
vn -0.47139522 0.88192208 0.00000000
vn 0.00000000 0.00000000 -1.00000000
vn 0.00000000 0.00000000 -1.00000000
vn 0.00000000 0.00000000 -1.00000000
vn 0.00000000 0.00000000 -1.00000000
vn 0.00000000 0.00000000 -1.00000000
vn 0.00000000 0.00000000 -1.00000000
vn 0.00000000 0.00000000 -1.00000000
vn 0.00000000 0.00000000 -1.00000000
vn 0.00000000 0.00000000 -1.00000000
vn 0.00000000 0.00000000 -1.00000000
vn 0.00000000 0.00000000 -1.00000000
vn 0.00000000 0.00000000 -1.00000000
vn 0.00000000 0.00000000 -1.00000000
vn 0.00000000 0.00000000 -1.00000000
vn 0.00000000 0.00000000 -1.00000000
vn 0.00000000 0.00000000 -1.00000000
vn 0.00000000 0.00000000 -1.00000000
vn 0.00000000 0.00000000 -1.00000000
vn 0.00000000 0.00000000 -1.00000000
vn 0.00000000 0.00000000 -1.00000000
vn 0.00000000 0.00000000 -1.00000000
vn 0.00000000 0.00000000 -1.00000000
vn 0.00000000 0.00000000 -1.00000000
vn 0.00000000 0.00000000 -1.00000000
vn 0.00000000 0.00000000 -1.00000000
vn 0.00000000 0.00000000 -1.00000000
vn 0.00000000 0.00000000 -1.00000000
vn 0.00000000 0.00000000 -1.00000000
vn 0.00000000 0.00000000 -1.00000000
vn -0.29028505 0.95694022 0.00000000
vn -0.09801620 0.99518482 0.00000000
vn 0.00000000 0.00000000 1.00000000
vn 0.00000000 0.00000000 1.00000000
vn 0.00000000 0.00000000 1.00000000
vn 0.00000000 0.00000000 1.00000000
vn 0.00000000 0.00000000 1.00000000
vn 0.00000000 0.00000000 1.00000000
vn 0.00000000 0.00000000 1.00000000
vn 0.00000000 0.00000000 1.00000000
vn 0.00000000 0.00000000 1.00000000
vn 0.00000000 0.00000000 1.00000000
vn 0.00000000 0.00000000 1.00000000
vn 0.00000000 0.00000000 1.00000000
vn 0.00000000 0.00000000 1.00000000
vn 0.00000000 0.00000000 1.00000000
vn 0.00000000 0.00000000 1.00000000
vn 0.00000000 0.00000000 1.00000000
vn 0.00000000 0.00000000 1.00000000
vn 0.00000000 0.00000000 1.00000000
vn 0.00000000 0.00000000 1.00000000
vn 0.00000000 0.00000000 1.00000000
vn 0.00000000 0.00000000 1.00000000
vn 0.00000000 0.00000000 1.00000000
vn 0.00000000 0.00000000 1.00000000
vn 0.00000000 0.00000000 1.00000000
vn 0.00000000 0.00000000 1.00000000
vn 0.00000000 0.00000000 1.00000000
vn 0.00000000 0.00000000 1.00000000
vn 0.00000000 0.00000000 1.00000000
vn 0.00000000 0.00000000 1.00000000
vt 0.00000000 0.00000000
vt 0.00000000 0.00000000
vt 0.00000000 0.00000000
vt 0.00000000 0.00000000
vt 0.00000000 0.00000000
vt 0.00000000 0.00000000
vt 0.00000000 0.00000000
vt 0.00000000 0.00000000
vt 0.00000000 0.00000000
vt 0.00000000 0.00000000
vt 0.00000000 0.00000000
vt 0.00000000 0.00000000
vt 0.00000000 0.00000000
vt 0.00000000 0.00000000
vt 0.00000000 0.00000000
vt 0.00000000 0.00000000
vt 0.00000000 0.00000000
vt 0.00000000 0.00000000
vt 0.00000000 0.00000000
vt 0.00000000 0.00000000
vt 0.00000000 0.00000000
vt 0.00000000 0.00000000
vt 0.00000000 0.00000000
vt 0.00000000 0.00000000
vt 0.00000000 0.00000000
vt 0.00000000 0.00000000
vt 0.00000000 0.00000000
vt 0.00000000 0.00000000
vt 0.00000000 0.00000000
vt 0.00000000 0.00000000
vt 0.00000000 0.00000000
vt 0.00000000 0.00000000
vt 0.00000000 0.00000000
vt 0.00000000 0.00000000
vt 0.00000000 0.00000000
vt 0.00000000 0.00000000
vt 0.00000000 0.00000000
vt 0.00000000 0.00000000
vt 0.00000000 0.00000000
vt 0.00000000 0.00000000
vt 0.00000000 0.00000000
vt 0.00000000 0.00000000
vt 0.00000000 0.00000000
vt 0.00000000 0.00000000
vt 0.00000000 0.00000000
vt 0.00000000 0.00000000
vt 0.00000000 0.00000000
vt 0.00000000 0.00000000
vt 0.00000000 0.00000000
vt 0.00000000 0.00000000
vt 0.00000000 0.00000000
vt 0.00000000 0.00000000
vt 0.00000000 0.00000000
vt 0.00000000 0.00000000
vt 0.00000000 0.00000000
vt 0.00000000 0.00000000
vt 0.00000000 0.00000000
vt 0.00000000 0.00000000
vt 0.00000000 0.00000000
vt 0.00000000 0.00000000
vt 0.00000000 0.00000000
vt 0.00000000 0.00000000
vt 0.00000000 0.00000000
vt 0.00000000 0.00000000
vt 0.00000000 0.00000000
vt 0.00000000 0.00000000
vt 0.00000000 0.00000000
vt 0.00000000 0.00000000
vt 0.00000000 0.00000000
vt 0.00000000 0.00000000
vt 0.00000000 0.00000000
vt 0.00000000 0.00000000
vt 0.00000000 0.00000000
vt 0.00000000 0.00000000
vt 0.00000000 0.00000000
vt 0.00000000 0.00000000
vt 0.00000000 0.00000000
vt 0.00000000 0.00000000
vt 0.00000000 0.00000000
vt 0.00000000 0.00000000
vt 0.00000000 0.00000000
vt 0.00000000 0.00000000
vt 0.00000000 0.00000000
vt 0.00000000 0.00000000
vt 0.00000000 0.00000000
vt 0.00000000 0.00000000
vt 0.00000000 0.00000000
vt 0.00000000 0.00000000
vt 0.00000000 0.00000000
vt 0.00000000 0.00000000
vt 0.00000000 0.00000000
vt 0.00000000 0.00000000
vt 0.00000000 0.00000000
vt 0.00000000 0.00000000
vt 0.00000000 0.00000000
vt 0.00000000 0.00000000
vt 0.00000000 0.00000000
vt 0.00000000 0.00000000
vt 0.00000000 0.00000000
vt 0.00000000 0.00000000
vt 0.00000000 0.00000000
vt 0.00000000 0.00000000
vt 0.00000000 0.00000000
vt 0.00000000 0.00000000
vt 0.00000000 0.00000000
vt 0.00000000 0.00000000
vt 0.00000000 0.00000000
vt 0.00000000 0.00000000
vt 0.00000000 0.00000000
vt 0.00000000 0.00000000
vt 0.00000000 0.00000000
vt 0.00000000 0.00000000
vt 0.00000000 0.00000000
vt 0.00000000 0.00000000
vt 0.00000000 0.00000000
vt 0.00000000 0.00000000
vt 0.00000000 0.00000000
vt 0.00000000 0.00000000
vt 0.00000000 0.00000000
vt 0.00000000 0.00000000
vt 0.00000000 0.00000000
vt 0.00000000 0.00000000
vt 0.00000000 0.00000000
vt 0.00000000 0.00000000
vt 0.00000000 0.00000000
vt 0.00000000 0.00000000
vt 0.00000000 0.00000000
vt 0.00000000 0.00000000
vt 0.00000000 0.00000000
vt 0.00000000 0.00000000
vt 0.00000000 0.00000000
vt 0.00000000 0.00000000
vt 0.00000000 0.00000000
vt 0.00000000 0.00000000
vt 0.00000000 0.00000000
vt 0.00000000 0.00000000
vt 0.00000000 0.00000000
vt 0.00000000 0.00000000
vt 0.00000000 0.00000000
vt 0.00000000 0.00000000
vt 0.00000000 0.00000000
vt 0.00000000 0.00000000
vt 0.00000000 0.00000000
vt 0.00000000 0.00000000
vt 0.00000000 0.00000000
vt 0.00000000 0.00000000
vt 0.00000000 0.00000000
vt 0.00000000 0.00000000
vt 0.00000000 0.00000000
vt 0.00000000 0.00000000
vt 0.00000000 0.00000000
vt 0.00000000 0.00000000
vt 0.00000000 0.00000000
vt 0.00000000 0.00000000
vt 0.00000000 0.00000000
vt 0.00000000 0.00000000
vt 0.00000000 0.00000000
vt 0.00000000 0.00000000
vt 0.00000000 0.00000000
vt 0.00000000 0.00000000
vt 0.00000000 0.00000000
vt 0.00000000 0.00000000
vt 0.00000000 0.00000000
vt 0.00000000 0.00000000
vt 0.00000000 0.00000000
vt 0.00000000 0.00000000
vt 0.00000000 0.00000000
vt 0.00000000 0.00000000
vt 0.00000000 0.00000000
vt 0.00000000 0.00000000
vt 0.00000000 0.00000000
vt 0.00000000 0.00000000
vt 0.00000000 0.00000000
vt 0.00000000 0.00000000
vt 0.00000000 0.00000000
vt 0.00000000 0.00000000
vt 0.00000000 0.00000000
vt 0.00000000 0.00000000
vt 0.00000000 0.00000000
vt 0.00000000 0.00000000
vt 0.00000000 0.00000000
vt 0.00000000 0.00000000
vt 0.00000000 0.00000000
vt 0.00000000 0.00000000
vt 0.00000000 0.00000000
vt 0.00000000 0.00000000
vt 0.00000000 0.00000000
vt 0.00000000 0.00000000
vt 0.00000000 0.00000000
vt 0.00000000 0.00000000
vt 0.00000000 0.00000000
vt 0.00000000 0.00000000
f 3611/3611/3611 3612/3612/3612 3613/3613/3613
f 3614/3614/3614 3615/3615/3615 3616/3616/3616
f 3617/3617/3617 3618/3618/3618 3619/3619/3619
f 3620/3620/3620 3621/3621/3621 3622/3622/3622
f 3623/3623/3623 3624/3624/3624 3625/3625/3625
f 3626/3626/3626 3627/3627/3627 3628/3628/3628
f 3629/3629/3629 3630/3630/3630 3631/3631/3631
f 3632/3632/3632 3633/3633/3633 3634/3634/3634
f 3635/3635/3635 3636/3636/3636 3637/3637/3637
f 3638/3638/3638 3639/3639/3639 3640/3640/3640
f 3641/3641/3641 3642/3642/3642 3643/3643/3643
f 3644/3644/3644 3645/3645/3645 3646/3646/3646
f 3647/3647/3647 3648/3648/3648 3649/3649/3649
f 3650/3650/3650 3651/3651/3651 3652/3652/3652
f 3653/3653/3653 3654/3654/3654 3655/3655/3655
f 3656/3656/3656 3657/3657/3657 3658/3658/3658
f 3659/3659/3659 3660/3660/3660 3661/3661/3661
f 3662/3662/3662 3663/3663/3663 3664/3664/3664
f 3665/3665/3665 3666/3666/3666 3667/3667/3667
f 3668/3668/3668 3669/3669/3669 3670/3670/3670
f 3671/3671/3671 3672/3672/3672 3673/3673/3673
f 3674/3674/3674 3675/3675/3675 3676/3676/3676
f 3677/3677/3677 3678/3678/3678 3679/3679/3679
f 3680/3680/3680 3681/3681/3681 3682/3682/3682
f 3683/3683/3683 3684/3684/3684 3685/3685/3685
f 3686/3686/3686 3687/3687/3687 3688/3688/3688
f 3689/3689/3689 3690/3690/3690 3691/3691/3691
f 3692/3692/3692 3693/3693/3693 3694/3694/3694
f 3695/3695/3695 3696/3696/3696 3697/3697/3697
f 3698/3698/3698 3699/3699/3699 3700/3700/3700
f 3701/3701/3701 3702/3702/3702 3703/3703/3703
f 3704/3704/3704 3705/3705/3705 3706/3706/3706
f 3707/3707/3707 3708/3708/3708 3709/3709/3709
f 3710/3710/3710 3711/3711/3711 3712/3712/3712
f 3611/3611/3611 3713/3713/3713 3612/3612/3612
f 3614/3614/3614 3714/3714/3714 3615/3615/3615
f 3617/3617/3617 3715/3715/3715 3618/3618/3618
f 3620/3620/3620 3716/3716/3716 3621/3621/3621
f 3623/3623/3623 3717/3717/3717 3624/3624/3624
f 3626/3626/3626 3718/3718/3718 3627/3627/3627
f 3629/3629/3629 3719/3719/3719 3630/3630/3630
f 3632/3632/3632 3720/3720/3720 3633/3633/3633
f 3635/3635/3635 3721/3721/3721 3636/3636/3636
f 3638/3638/3638 3722/3722/3722 3639/3639/3639
f 3641/3641/3641 3723/3723/3723 3642/3642/3642
f 3644/3644/3644 3724/3724/3724 3645/3645/3645
f 3647/3647/3647 3725/3725/3725 3648/3648/3648
f 3650/3650/3650 3726/3726/3726 3651/3651/3651
f 3653/3653/3653 3727/3727/3727 3654/3654/3654
f 3656/3656/3656 3728/3728/3728 3657/3657/3657
f 3659/3659/3659 3729/3729/3729 3660/3660/3660
f 3662/3662/3662 3730/3730/3730 3663/3663/3663
f 3665/3665/3665 3731/3731/3731 3666/3666/3666
f 3668/3668/3668 3732/3732/3732 3669/3669/3669
f 3671/3671/3671 3733/3733/3733 3672/3672/3672
f 3674/3674/3674 3734/3734/3734 3675/3675/3675
f 3677/3677/3677 3735/3735/3735 3678/3678/3678
f 3680/3680/3680 3736/3736/3736 3681/3681/3681
f 3683/3683/3683 3737/3737/3737 3684/3684/3684
f 3686/3686/3686 3738/3738/3738 3687/3687/3687
f 3689/3689/3689 3739/3739/3739 3690/3690/3690
f 3692/3692/3692 3740/3740/3740 3693/3693/3693
f 3695/3695/3695 3741/3741/3741 3696/3696/3696
f 3698/3698/3698 3742/3742/3742 3699/3699/3699
f 3703/3703/3703 3743/3743/3743 3744/3744/3744
f 3744/3744/3744 3745/3745/3745 3703/3703/3703
f 3746/3746/3746 3747/3747/3747 3748/3748/3748
f 3748/3748/3748 3749/3749/3749 3750/3750/3750
f 3750/3750/3750 3751/3751/3751 3752/3752/3752
f 3752/3752/3752 3753/3753/3753 3750/3750/3750
f 3754/3754/3754 3755/3755/3755 3756/3756/3756
f 3756/3756/3756 3757/3757/3757 3758/3758/3758
f 3758/3758/3758 3759/3759/3759 3701/3701/3701
f 3760/3760/3760 3761/3761/3761 3701/3701/3701
f 3701/3701/3701 3762/3762/3762 3763/3763/3763
f 3763/3763/3763 3764/3764/3764 3702/3702/3702
f 3702/3702/3702 3765/3765/3765 3766/3766/3766
f 3766/3766/3766 3767/3767/3767 3702/3702/3702
f 3768/3768/3768 3769/3769/3769 3770/3770/3770
f 3770/3770/3770 3771/3771/3771 3703/3703/3703
f 3703/3703/3703 3745/3745/3745 3746/3746/3746
f 3746/3746/3746 3748/3748/3748 3703/3703/3703
f 3750/3750/3750 3753/3753/3753 3754/3754/3754
f 3754/3754/3754 3756/3756/3756 3758/3758/3758
f 3759/3759/3759 3760/3760/3760 3701/3701/3701
f 3701/3701/3701 3763/3763/3763 3702/3702/3702
f 3702/3702/3702 3767/3767/3767 3768/3768/3768
f 3768/3768/3768 3770/3770/3770 3703/3703/3703
f 3703/3703/3703 3748/3748/3748 3750/3750/3750
f 3750/3750/3750 3754/3754/3754 3703/3703/3703
f 3758/3758/3758 3701/3701/3701 3703/3703/3703
f 3702/3702/3702 3768/3768/3768 3703/3703/3703
f 3703/3703/3703 3754/3754/3754 3758/3758/3758
f 3704/3704/3704 3772/3772/3772 3705/3705/3705
f 3707/3707/3707 3773/3773/3773 3708/3708/3708
f 3712/3712/3712 3774/3774/3774 3775/3775/3775
f 3776/3776/3776 3777/3777/3777 3775/3775/3775
f 3775/3775/3775 3778/3778/3778 3779/3779/3779
f 3779/3779/3779 3780/3780/3780 3781/3781/3781
f 3781/3781/3781 3782/3782/3782 3783/3783/3783
f 3783/3783/3783 3784/3784/3784 3785/3785/3785
f 3785/3785/3785 3786/3786/3786 3710/3710/3710
f 3787/3787/3787 3788/3788/3788 3710/3710/3710
f 3710/3710/3710 3789/3789/3789 3790/3790/3790
f 3790/3790/3790 3791/3791/3791 3710/3710/3710
f 3792/3792/3792 3793/3793/3793 3794/3794/3794
f 3794/3794/3794 3795/3795/3795 3796/3796/3796
f 3796/3796/3796 3797/3797/3797 3711/3711/3711
f 3798/3798/3798 3799/3799/3799 3711/3711/3711
f 3711/3711/3711 3800/3800/3800 3801/3801/3801
f 3801/3801/3801 3802/3802/3802 3712/3712/3712
f 3774/3774/3774 3776/3776/3776 3775/3775/3775
f 3775/3775/3775 3779/3779/3779 3712/3712/3712
f 3781/3781/3781 3783/3783/3783 3710/3710/3710
f 3786/3786/3786 3787/3787/3787 3710/3710/3710
f 3710/3710/3710 3791/3791/3791 3792/3792/3792
f 3792/3792/3792 3794/3794/3794 3710/3710/3710
f 3797/3797/3797 3798/3798/3798 3711/3711/3711
f 3711/3711/3711 3801/3801/3801 3712/3712/3712
f 3712/3712/3712 3779/3779/3779 3781/3781/3781
f 3783/3783/3783 3785/3785/3785 3710/3710/3710
f 3710/3710/3710 3794/3794/3794 3796/3796/3796
f 3796/3796/3796 3711/3711/3711 3710/3710/3710
f 3712/3712/3712 3781/3781/3781 3710/3710/3710

